timestamp,type,mode,package,charge,screen_on,batt_temp,cpu_temp,thermal_cap_pct,thermal_free_pct,clg_active,psi_cpu_some,psi_io_some,psi_mem_some,gpu_busy_pct,batt_voltage_v,batt_current_ma,batt_power_w,wakeups,migrations,freq_trans,fps
17:29:10.286,snap,default,,discharging,1,36.3,89.2,100,95,1,63.2,4.63,20.06,56,3.883,3.016,11.711128,0,0,0,-
17:29:11.299,snap,default,,discharging,1,36.3,91.9,100,95,1,67.51,4.33,20.78,9,3.912,2.676,10.468513,0,0,0,-
17:29:12.300,snap,default,,discharging,1,36.3,91.9,85,95,1,67.51,4.33,20.78,32,3.901,2.662,10.384461,40676,12335,0,-
17:29:13.300,snap,default,,discharging,1,36.3,89.2,85,95,1,67.23,4.27,18.1,44,3.975,1.72,6.837,40676,12335,0,-
17:29:14.300,snap,default,com.oplus.wirelesssettings,discharging,1,36.3,89.2,85,95,1,67.23,4.27,18.1,41,3.925,2.096,8.2268,38627,19981,0,-
17:29:15.302,snap,default,com.oplus.wirelesssettings,discharging,1,36.3,89.2,85,95,1,61.57,3.86,15,24,3.998,1.656,6.620688,38627,19981,0,-
17:29:16.303,snap,default,com.oplus.wirelesssettings,discharging,1,36.3,89.2,85,95,1,61.57,3.86,15,24,4.021,0.836,3.361556,17786,9688,0,-
17:29:17.302,snap,default,com.oplus.wirelesssettings,discharging,1,36.3,89.2,85,95,1,53.68,3.16,12.28,4,3.967,1.45,5.75215,17786,9688,0,-
17:29:18.303,snap,default,com.oplus.wirelesssettings,discharging,1,36.3,89.2,85,95,1,53.68,3.16,12.28,4,3.974,2.226,8.846125,31111,9678,0,-
17:29:19.303,snap,default,com.oplus.wirelesssettings,discharging,1,36.4,89.2,85,95,1,57.18,4.04,13.14,13,4.025,1.006,4.0491505,31111,9678,0,-
17:29:20.304,snap,default,com.oplus.wirelesssettings,discharging,1,36.4,89.2,85,95,1,57.18,4.04,13.14,0,4.024,0.894,3.5974562,13030,3824,0,-
17:29:21.304,snap,default,com.oplus.wirelesssettings,discharging,1,36.4,89.2,85,95,1,53.52,3.48,12.57,0,4.039,0.656,2.649584,13030,3824,0,-
17:29:22.304,snap,default,com.oplus.wirelesssettings,discharging,1,36.4,89.2,85,95,1,53.52,3.48,12.57,0,4.011,0.912,3.6580322,21129,9046,0,-
17:29:23.305,snap,default,com.oplus.wirelesssettings,discharging,1,36.4,89.2,85,95,1,48.17,2.85,10.29,0,4.009,1.334,5.348006,21129,9046,0,-
17:29:24.305,snap,default,com.oplus.wirelesssettings,discharging,1,36.4,89.2,85,95,1,43.07,2.33,8.42,0,4.025,0.958,3.85595,23849,9956,0,-
17:29:25.307,snap,default,com.oplus.wirelesssettings,discharging,1,36.5,89.2,85,95,1,43.07,2.33,8.42,0,4.024,0.888,3.5733123,23849,9956,0,-
17:29:26.307,snap,default,com.oplus.wirelesssettings,discharging,1,36.5,89.2,85,95,1,38.16,2.09,6.9,0,4.058,0.48,1.94784,9924,3622,0,-
17:29:27.307,snap,default,com.oplus.wirelesssettings,discharging,1,36.5,89.2,85,95,1,38.16,2.09,6.9,0,4.043,0.588,2.377284,9924,3622,0,-
17:29:28.308,snap,default,com.oplus.wirelesssettings,discharging,1,36.5,89.2,85,95,1,33.79,1.71,5.65,0,4.048,0.65,2.6311998,9491,4128,0,-
17:29:29.308,snap,default,com.oplus.wirelesssettings,discharging,1,36.5,89.2,85,95,1,33.79,1.71,5.65,0,4.047,0.588,2.379636,9491,4128,0,-
17:29:30.309,snap,default,com.oplus.wirelesssettings,discharging,1,36.5,89.2,85,95,1,29.11,1.4,4.62,0,4.065,0.6,2.4390001,9491,4128,0,-
17:29:31.310,snap,default,com.oplus.wirelesssettings,discharging,1,36.5,89.2,85,95,1,29.11,1.4,4.62,0,4.068,0.468,1.9038239,7309,2674,0,-
17:29:32.311,snap,default,com.oplus.wirelesssettings,discharging,1,36.5,89.2,85,95,1,25.65,1.15,3.78,0,4.065,0.464,1.88616,7309,2674,0,-
17:29:33.312,snap,default,com.oplus.wirelesssettings,discharging,1,36.5,89.2,85,95,1,25.65,1.15,3.78,0,4.067,0.45,1.8301499,8632,3394,0,-
17:29:34.313,snap,default,com.oplus.wirelesssettings,discharging,1,36.5,89.2,85,95,1,22.99,0.94,3.1,0,4.072,0.388,1.579936,8632,3394,0,-
17:29:35.316,snap,default,com.oplus.wirelesssettings,discharging,1,36.6,89.2,85,95,1,22.99,0.94,3.1,1,4.076,0.398,1.622248,5996,2299,0,-
17:29:36.317,snap,default,com.oplus.wirelesssettings,discharging,1,36.6,89.2,85,95,1,20.46,0.77,2.54,1,4.078,0.404,1.6475121,5996,2299,0,-
17:29:37.317,snap,default,com.oplus.wirelesssettings,discharging,1,36.6,89.2,85,95,1,20.46,0.77,2.54,0,4.05,0.754,3.0537002,7377,2986,0,-
17:29:38.317,snap,default,com.oplus.wirelesssettings,discharging,1,36.6,89.2,85,95,1,19.29,0.63,2.07,0,4.05,0.754,3.0537002,7377,2986,0,-
17:29:39.317,snap,default,com.oplus.wirelesssettings,discharging,1,36.6,89.2,85,95,1,19.29,0.63,2.07,0,4.058,0.632,2.5646563,8784,3327,0,-
17:29:40.317,snap,default,com.oplus.wirelesssettings,discharging,1,36.6,89.2,85,95,1,19.29,0.63,2.07,0,4.06,0.538,2.18428,8784,3327,0,-
17:29:41.318,snap,default,com.oplus.wirelesssettings,discharging,1,36.6,89.2,85,95,1,17.97,0.51,1.7,0,4.065,0.552,2.24388,7549,2985,0,-
17:29:42.318,snap,default,com.oplus.wirelesssettings,discharging,1,36.6,89.2,85,95,1,17.97,0.51,1.7,0,4.06,0.5,2.03,7549,2985,0,-
17:29:43.318,snap,default,com.oplus.wirelesssettings,discharging,1,36.6,89.2,85,95,1,16.34,0.42,1.39,0,4.072,0.446,1.816112,7877,2757,0,-
17:29:44.318,snap,default,com.oplus.wirelesssettings,discharging,1,36.6,89.2,85,95,1,16.34,0.42,1.39,0,4.07,0.436,1.77452,7877,2757,0,-
17:29:45.319,snap,default,com.oplus.wirelesssettings,discharging,1,36.7,89.2,85,95,1,14.83,0.34,1.14,0,4.057,0.506,2.052842,6544,2451,0,-
17:29:46.319,snap,default,com.oplus.wirelesssettings,discharging,1,36.7,89.2,85,95,1,14.83,0.34,1.14,0,4.065,0.454,1.84551,6544,2451,0,-
17:29:47.319,snap,default,com.oplus.wirelesssettings,discharging,1,36.7,89.2,85,95,1,13.77,0.28,0.93,0,4.058,0.482,1.955956,7526,3075,0,-
17:29:48.319,snap,default,com.oplus.wirelesssettings,discharging,1,36.7,89.2,85,95,1,13.77,0.28,0.93,0,4.046,0.712,2.880752,7526,3075,0,-
17:29:49.320,snap,default,com.oplus.wirelesssettings,discharging,1,36.7,89.2,85,95,1,13.63,0.23,0.76,0,4.055,0.554,2.24647,9046,3360,0,-
17:29:50.320,snap,default,com.oplus.wirelesssettings,discharging,1,36.7,89.2,85,95,1,13.63,0.23,0.76,0,4.06,0.498,2.02188,9046,3360,0,-
17:29:51.321,snap,default,com.oplus.wirelesssettings,discharging,1,36.7,89.2,85,95,1,13.33,0.37,0.62,0,4.065,0.47,1.91055,6839,2749,0,-
17:29:52.321,snap,default,com.oplus.wirelesssettings,discharging,1,36.7,89.2,85,95,1,13.33,0.37,0.62,0,4.068,0.388,1.578384,6839,2749,0,-
17:29:53.321,snap,default,com.oplus.wirelesssettings,discharging,1,36.7,89.2,85,95,1,12.55,0.3,0.51,0,4.067,0.47,1.91149,7866,2839,0,-
17:29:54.321,snap,default,com.oplus.wirelesssettings,discharging,1,36.7,89.2,85,95,1,12.27,0.24,0.41,0,4.069,0.446,1.8147739,7866,2839,0,-
17:29:55.322,snap,default,com.oplus.wirelesssettings,discharging,1,36.7,89.2,85,95,1,12.27,0.24,0.41,0,4.053,0.588,2.383164,7866,2839,0,-
17:29:56.322,snap,default,com.oplus.wirelesssettings,discharging,1,36.7,89.2,85,95,1,17.47,0.56,1.06,0,3.984,1.508,6.007872,17531,5256,0,-
17:29:57.323,snap,default,com.oplus.wirelesssettings,discharging,1,36.7,87.6,85,95,1,17.47,0.56,1.06,3,3.91,2.642,10.33022,17531,5256,0,-
17:29:58.323,snap,default,com.oplus.wirelesssettings,discharging,1,36.7,84.6,85,95,1,21.19,1.18,1.96,0,3.925,2.552,10.0166,45312,15041,0,-
17:29:59.323,snap,default,com.oplus.wirelesssettings,discharging,1,36.7,84.6,85,95,1,21.19,1.18,1.96,0,3.927,2.542,9.982434,45312,15041,0,-
17:30:00.323,snap,default,com.oplus.wirelesssettings,discharging,1,36.7,84.6,100,95,1,27.49,1.15,2.33,0,4.007,1.26,5.04882,40535,12109,0,-
17:30:01.324,snap,default,com.oplus.wirelesssettings,discharging,1,36.7,84.6,100,95,1,27.49,1.15,2.33,4,3.983,1.374,5.472642,40535,12109,0,-
17:30:02.324,snap,default,com.oplus.wirelesssettings,discharging,1,36.7,84.6,100,95,1,30.12,1.12,2.27,4,4.023,0.964,3.8781717,34142,11429,0,-
17:30:03.324,snap,default,com.oplus.wirelesssettings,discharging,1,36.7,84.6,100,95,1,30.12,1.12,2.27,0,4.022,0.924,3.716328,34142,11429,0,-
17:30:04.325,snap,default,com.oplus.wirelesssettings,discharging,1,36.7,84.6,100,95,1,29.19,0.92,2.22,0,4.038,0.81,3.27078,28290,8686,0,-
17:30:05.325,snap,default,com.oplus.wirelesssettings,discharging,1,36.8,84.6,100,95,1,29.19,0.92,2.22,0,4.042,0.926,3.7428918,28290,8686,0,-
17:30:06.325,snap,default,com.oplus.wirelesssettings,discharging,1,36.8,84.6,100,95,1,26.08,0.75,2.18,0,4.047,0.688,2.784336,24179,8439,0,-
17:30:07.330,snap,default,com.oplus.wirelesssettings,discharging,1,36.8,84.6,100,95,1,26.08,0.75,2.18,3,3.978,1.436,5.712408,24179,8439,0,-
17:30:08.332,snap,default,com.oplus.wirelesssettings,discharging,1,36.8,82.8,100,95,1,29.32,0.79,3.23,24,3.93,2.378,9.34554,43670,19622,0,-
17:30:09.332,snap,default,com.oplus.wirelesssettings,discharging,1,36.8,82.8,100,95,1,29.32,0.79,3.23,24,3.93,2.378,9.34554,43670,19622,0,-
17:30:10.536,snap,default,com.android.launcher,discharging,1,36.8,82.8,100,95,1,29.32,0.79,3.23,24,4.03,1.324,5.33572,37762,16930,0,-
17:30:11.681,snap,default,com.android.launcher,discharging,1,36.8,80.1,100,95,1,27.09,0.65,3.19,24,3.944,2.074,8.179855,37762,16930,0,-
17:30:12.681,snap,default,com.microsoft.emmx.beta,discharging,1,36.8,80.1,100,95,1,34.32,1.07,6.96,24,3.924,2.57,10.08468,44740,15396,0,-
17:30:13.682,snap,default,com.microsoft.emmx.beta,discharging,1,36.8,80.1,100,95,1,34.32,1.07,6.96,0,3.924,2.57,10.08468,44740,15396,0,-
17:30:14.682,snap,default,com.microsoft.emmx.beta,discharging,1,36.8,80.1,100,95,1,34.32,1.07,6.96,0,4.016,1.164,4.674624,36217,13098,0,-
17:30:15.685,snap,default,com.microsoft.emmx.beta,discharging,1,36.9,80.1,100,95,1,35.71,1.06,8.05,0,3.996,1.162,4.643352,36217,13098,0,-
17:30:16.685,snap,default,com.microsoft.emmx.beta,discharging,1,36.9,80.1,100,95,1,35.71,1.06,8.05,0,3.996,1.362,5.442552,42144,17651,0,-
17:30:17.685,snap,default,com.microsoft.emmx.beta,discharging,1,36.9,80.1,100,95,1,33.04,1.05,7.32,0,3.995,1.36,5.4332,42144,17651,0,-
17:30:18.685,snap,default,com.microsoft.emmx.beta,discharging,1,36.9,80.1,100,95,1,33.04,1.05,7.32,0,4.001,1.126,4.505126,32892,13116,0,-
17:30:19.685,snap,default,com.microsoft.emmx.beta,discharging,1,36.9,80.1,100,95,1,30.5,0.86,6.17,0,4.01,1.072,4.2987204,32892,13116,0,-
17:30:20.685,snap,default,com.microsoft.emmx.beta,discharging,1,36.9,80.1,100,95,1,28.23,0.7,5.6,0,3.998,1.224,4.893552,35843,12067,0,-
17:30:21.685,snap,default,com.microsoft.emmx.beta,discharging,1,36.9,80.1,100,95,1,28.23,0.7,5.6,0,4.035,0.728,2.9374797,35843,12067,0,-
17:30:22.686,snap,default,com.microsoft.emmx.beta,discharging,1,36.9,80.1,100,95,1,24.75,0.75,4.58,0,4.028,0.714,2.8759918,24110,7664,0,-
17:30:23.686,snap,default,com.microsoft.emmx.beta,discharging,1,36.9,80.1,100,95,1,24.75,0.75,4.58,0,4.002,1.034,4.138068,24110,7664,0,-
17:30:24.686,snap,default,com.microsoft.emmx.beta,discharging,1,36.9,80.1,100,95,1,23.16,0.8,4.29,0,4.032,0.692,2.790144,15261,5975,0,-
17:30:25.687,snap,default,com.microsoft.emmx.beta,discharging,1,37,80.1,100,95,1,23.16,0.8,4.29,0,4.023,0.872,3.5080557,15261,5975,0,-
17:30:26.687,snap,default,com.microsoft.emmx.beta,discharging,1,37,80.1,100,95,1,22.23,0.65,4.06,0,4.028,0.93,3.7460399,31614,15298,0,-
17:30:27.689,snap,default,com.microsoft.emmx.beta,discharging,1,37,80.1,100,95,1,22.23,0.65,4.06,0,4.014,1.03,4.13442,31614,15298,0,-
17:30:28.688,snap,default,com.microsoft.emmx.beta,discharging,1,37,80.1,100,95,1,21.46,0.53,3.5,0,4.03,0.916,3.6914802,15288,5898,0,-
17:30:29.688,snap,default,com.microsoft.emmx.beta,discharging,1,37,80.1,100,95,1,21.46,0.53,3.5,10,4.046,0.748,3.0264082,15288,5898,0,-
17:30:30.688,snap,default,com.microsoft.emmx.beta,discharging,1,37,80.1,100,95,1,20.29,0.44,2.87,0,4.036,0.73,2.94628,15288,5898,0,-
17:30:31.688,snap,default,com.microsoft.emmx.beta,discharging,1,37,80.1,100,95,1,20.29,0.44,2.87,0,4.047,0.71,2.87337,14319,5425,0,-
17:30:32.689,snap,default,com.microsoft.emmx.beta,discharging,1,37,80.1,100,95,1,18.06,0.36,2.35,0,4.038,0.696,2.810448,14319,5425,0,-
17:30:33.690,snap,default,com.microsoft.emmx.beta,discharging,1,37,80.1,100,95,1,18.06,0.36,2.35,0,4.059,0.572,2.321748,10854,3959,0,-
17:30:34.690,snap,default,com.microsoft.emmx.beta,discharging,1,37,80.1,100,95,1,16.96,0.29,1.92,0,4.061,0.448,1.819328,10854,3959,0,-
17:30:35.690,snap,default,com.microsoft.emmx.beta,discharging,1,37.1,80.1,100,95,1,16.96,0.29,1.92,0,4.048,0.508,2.056384,11178,4728,0,-
17:30:36.690,snap,default,com.microsoft.emmx.beta,discharging,1,37.1,80.1,100,95,1,15.7,0.24,1.57,0,4.066,0.38,1.54508,11178,4728,0,-
17:30:37.692,snap,default,com.microsoft.emmx.beta,discharging,1,37.1,80.1,100,95,1,15.7,0.24,1.57,0,4.067,0.434,1.765078,6001,1908,0,-
17:30:38.692,snap,default,com.microsoft.emmx.beta,discharging,1,37.1,80.1,100,95,1,14.3,0.19,1.29,0,4.07,0.376,1.53032,6001,1908,0,-
17:30:39.692,snap,default,com.microsoft.emmx.beta,discharging,1,37.1,80.1,100,95,1,14.3,0.19,1.29,0,4.063,0.504,2.0477521,7086,2430,0,-
17:30:40.692,snap,default,com.microsoft.emmx.beta,discharging,1,37.1,80.1,100,95,1,13.52,0.34,1.05,0,4.043,0.588,2.377284,7086,2430,0,-
17:30:41.693,snap,default,com.microsoft.emmx.beta,discharging,1,37.1,80.1,100,95,1,13.52,0.34,1.05,0,4.061,0.602,2.444722,7483,2418,0,-
17:30:42.693,snap,default,com.microsoft.emmx.beta,discharging,1,37.1,80.1,100,95,1,13.25,0.28,0.86,0,4.067,0.49,1.99283,7483,2418,0,-
17:30:43.693,snap,default,com.microsoft.emmx.beta,discharging,1,37.1,80.1,100,95,1,13.25,0.28,0.86,0,4.067,0.49,1.99283,6345,2135,0,-
17:30:44.693,snap,default,com.microsoft.emmx.beta,discharging,1,37.1,80.1,100,95,1,13.25,0.28,0.86,0,4.069,0.4,1.6276,6345,2135,0,-
17:30:45.694,snap,default,com.microsoft.emmx.beta,discharging,1,37.1,80.1,100,95,1,11.93,0.22,0.7,0,4.064,0.448,1.8206722,5692,1970,0,-
17:30:46.694,snap,default,com.microsoft.emmx.beta,discharging,1,37.1,80.1,100,95,1,11.93,0.22,0.7,0,4.064,0.44,1.7881601,5692,1970,0,-
17:30:47.694,snap,default,com.microsoft.emmx.beta,discharging,1,37.1,80.1,100,95,1,11.94,0.36,0.57,0,4.056,0.556,2.255136,7433,2331,0,-
17:30:48.695,snap,default,com.microsoft.emmx.beta,discharging,1,37.1,80.1,100,95,1,11.94,0.36,0.57,0,4.07,0.378,1.53846,7433,2331,0,-
17:30:49.695,snap,default,com.microsoft.emmx.beta,discharging,1,37.1,80.1,100,95,1,11.59,0.3,0.47,0,4.066,0.416,1.6914561,7404,2778,0,-
17:30:50.696,snap,default,com.microsoft.emmx.beta,discharging,1,37.1,80.1,100,95,1,11.59,0.3,0.47,0,4.063,0.486,1.9746181,7404,2778,0,-
17:30:51.696,snap,default,com.microsoft.emmx.beta,discharging,1,37.1,80.1,100,95,1,11.85,0.24,0.38,0,4.05,0.606,2.4543002,10157,3210,0,-
17:30:52.697,snap,default,com.microsoft.emmx.beta,discharging,1,37.1,80.1,100,95,1,11.69,0.38,0.31,0,4.066,0.47,1.91102,10157,3210,0,-
17:30:53.698,snap,default,com.microsoft.emmx.beta,discharging,1,37.1,80.1,100,95,1,11.69,0.38,0.31,0,4.065,0.43,1.7479501,6815,2105,0,-
17:30:54.698,snap,default,com.microsoft.emmx.beta,discharging,1,37.1,80.1,100,95,1,10.66,0.31,0.25,0,4.072,0.47,1.91384,6815,2105,0,-
17:30:55.699,snap,default,com.microsoft.emmx.beta,discharging,1,37.2,80.1,100,95,1,10.66,0.31,0.25,0,4.05,0.59,2.3895,12657,5039,0,-
17:30:56.699,snap,default,com.microsoft.emmx.beta,discharging,1,37.2,80.1,100,95,1,10.54,0.25,0.21,1,4.055,0.712,2.8871598,12657,5039,0,-
17:30:57.700,snap,default,com.microsoft.emmx.beta,discharging,1,37.2,80.1,100,95,1,10.54,0.25,0.21,1,4.047,0.704,2.849088,12657,5039,0,-
17:30:58.700,snap,default,com.microsoft.emmx.beta,discharging,1,37.2,80.1,100,95,1,10.26,0.2,0.17,1,4.05,0.638,2.5839002,12859,5955,0,-
17:30:59.700,snap,default,com.microsoft.emmx.beta,discharging,1,37.2,80.1,100,95,1,10.26,0.2,0.17,0,4.051,0.624,2.5278242,12859,5955,0,-
17:31:00.701,snap,default,com.microsoft.emmx.beta,discharging,1,37.2,80.1,100,95,1,9.67,0.17,0.14,1,4.048,0.762,3.084576,11788,4746,0,-
17:31:01.701,snap,default,com.microsoft.emmx.beta,discharging,1,37.2,80.1,100,95,1,9.67,0.17,0.14,1,4.036,0.872,3.5193918,11788,4746,0,-
17:31:02.701,snap,default,com.microsoft.emmx.beta,discharging,1,37.2,80.1,100,95,1,11.18,0.32,0.11,1,4.021,1.12,4.50352,23259,9731,0,-
17:31:03.702,snap,default,com.microsoft.emmx.beta,discharging,1,37.2,80.1,100,95,1,11.18,0.32,0.11,1,4.044,0.746,3.016824,23259,9731,0,-
17:31:04.702,snap,default,com.microsoft.emmx.beta,discharging,1,37.2,80.1,100,95,1,11.51,0.26,0.09,1,4.052,0.574,2.325848,14441,7229,0,-
17:31:05.702,snap,default,com.microsoft.emmx.beta,discharging,1,37.2,80.1,100,95,1,11.51,0.26,0.09,1,4.06,0.702,2.85012,14441,7229,0,-
17:31:06.703,snap,default,com.microsoft.emmx.beta,discharging,1,37.3,80.1,100,95,1,11.96,0.21,0.07,0,4.064,0.478,1.942592,15047,7330,0,-
17:31:07.703,snap,default,com.microsoft.emmx.beta,discharging,1,37.3,80.1,100,95,1,11.96,0.21,0.07,0,4.068,0.51,2.0746799,15047,7330,0,-
17:31:08.703,snap,default,com.microsoft.emmx.beta,discharging,1,37.3,80.1,100,95,1,11.96,0.17,0.06,0,4.06,0.508,2.06248,8157,3291,0,-
17:31:09.704,snap,default,com.microsoft.emmx.beta,discharging,1,37.3,80.1,100,95,1,11.96,0.17,0.06,0,4.066,0.448,1.821568,8157,3291,0,-
17:31:10.705,snap,default,com.microsoft.emmx.beta,discharging,1,37.3,80.1,100,95,1,11.61,0.14,0.05,0,4.042,0.562,2.2716038,7591,2675,0,-
17:31:11.705,snap,default,com.microsoft.emmx.beta,discharging,1,37.3,80.1,100,95,1,11.61,0.14,0.05,0,4.052,0.69,2.79588,7591,2675,0,-
17:31:12.706,snap,default,com.microsoft.emmx.beta,discharging,1,37.3,80.1,100,95,1,12.22,0.48,0.04,0,4.01,1.174,4.7077403,18993,6953,0,-
17:31:13.706,snap,default,com.microsoft.emmx.beta,discharging,1,37.3,80.1,100,95,1,12.22,0.48,0.04,0,4.062,0.46,1.8685199,18993,6953,0,-
17:31:14.706,snap,default,com.microsoft.emmx.beta,discharging,1,37.3,80.1,100,95,1,12,0.39,0.03,0,4.062,0.46,1.8685199,8845,3698,0,-
17:31:15.706,snap,default,com.microsoft.emmx.beta,discharging,1,37.3,80.1,100,95,1,12,0.39,0.03,0,4.063,0.426,1.7308381,8845,3698,0,-
17:31:16.707,snap,default,com.microsoft.emmx.beta,discharging,1,37.3,80.1,100,95,1,12,0.39,0.03,0,4.065,0.42,1.7073,9178,3307,0,-
17:31:17.707,snap,default,com.microsoft.emmx.beta,discharging,1,37.4,80.1,100,95,1,12.36,0.32,0.02,0,4.069,0.486,1.9775339,9178,3307,0,-
17:31:18.707,snap,default,com.microsoft.emmx.beta,discharging,1,37.4,80.1,100,95,1,12.36,0.32,0.02,0,4.064,0.438,1.780032,6265,2482,0,-
17:31:19.707,snap,default,com.microsoft.emmx.beta,discharging,1,37.4,80.1,100,95,1,11.93,0.26,0.02,0,4.062,0.432,1.754784,6265,2482,0,-
17:31:20.708,snap,default,com.microsoft.emmx.beta,discharging,1,37.4,80.1,100,95,1,11.93,0.26,0.02,0,4.067,0.34,1.38278,5475,1897,0,-
17:31:21.708,snap,default,com.microsoft.emmx.beta,discharging,1,37.4,80.1,100,95,1,11.04,0.21,0.01,0,4.066,0.41,1.66706,5475,1897,0,-
17:31:22.709,snap,default,com.microsoft.emmx.beta,discharging,1,37.4,80.1,100,95,1,11.04,0.21,0.01,0,4.063,0.512,2.0802562,8457,3578,0,-
17:31:23.709,snap,default,com.microsoft.emmx.beta,discharging,1,37.4,80.1,100,95,1,10.85,0.17,0.01,0,4.064,0.426,1.731264,8457,3578,0,-
17:31:24.710,snap,default,com.microsoft.emmx.beta,discharging,1,37.4,80.1,100,95,1,10.51,0.14,0.01,0,4.066,0.41,1.66706,8457,3578,0,-
17:31:25.711,snap,default,com.microsoft.emmx.beta,discharging,1,37.4,80.1,100,95,1,10.51,0.14,0.01,0,4.065,0.4,1.626,5114,1783,0,-
17:31:26.711,snap,default,com.microsoft.emmx.beta,discharging,1,37.4,80.1,100,95,1,10.06,0.11,0,0,4.072,0.376,1.5310719,5114,1783,0,-
17:31:27.713,snap,default,com.microsoft.emmx.beta,discharging,1,37.4,80.1,100,95,1,10.06,0.11,0,0,4.068,0.426,1.732968,4456,1452,0,-
17:31:28.713,snap,default,com.microsoft.emmx.beta,discharging,1,37.4,80.1,100,95,1,9.68,0.09,0,0,4.066,0.406,1.6507959,4456,1452,0,-
17:31:29.714,snap,default,com.microsoft.emmx.beta,discharging,1,37.4,80.1,100,95,1,9.68,0.09,0,0,4.04,0.688,2.77952,12273,5432,0,-
17:31:30.715,snap,default,com.microsoft.emmx.beta,discharging,1,37.4,80.1,100,95,1,14.63,0.26,0,0,4.053,0.668,2.707404,12273,5432,0,-
17:31:31.716,snap,default,com.microsoft.emmx.beta,discharging,1,37.4,80.1,100,95,1,14.63,0.26,0,0,4.051,0.678,2.746578,14541,6059,0,-
17:31:32.716,snap,default,com.microsoft.emmx.beta,discharging,1,37.4,80.1,100,95,1,13.79,0.21,0,0,4.062,0.468,1.9010159,14541,6059,0,-
17:31:33.717,snap,default,com.microsoft.emmx.beta,discharging,1,37.4,80.1,100,95,1,13.79,0.21,0,0,4.065,0.522,2.1219301,10624,5113,0,-
17:31:34.717,snap,default,com.microsoft.emmx.beta,discharging,1,37.4,80.1,100,95,1,13.65,0.17,0,0,4.058,0.474,1.9234921,10624,5113,0,-
17:31:35.719,snap,default,com.microsoft.emmx.beta,discharging,1,37.4,80.1,100,95,1,13.65,0.17,0,0,4.064,0.484,1.966976,7876,3289,0,-
17:31:36.719,snap,default,com.microsoft.emmx.beta,discharging,1,37.4,80.1,100,95,1,12.8,0.14,0,0,4.062,0.452,1.8360239,7876,3289,0,-
17:31:37.723,snap,default,com.microsoft.emmx.beta,discharging,1,37.4,80.1,100,95,1,12.8,0.14,0,0,4.066,0.618,2.5127878,6385,2022,0,-
17:31:38.722,snap,default,com.microsoft.emmx.beta,discharging,1,37.5,80.1,100,95,1,13.93,0.29,0.72,26,4.015,1.356,5.4443398,6385,2022,0,-
17:31:39.722,snap,default,com.microsoft.emmx.beta,discharging,1,37.5,80.1,100,95,1,13.93,0.29,0.72,0,4.042,0.886,3.5812118,24048,12977,0,-
17:31:40.722,snap,default,com.microsoft.emmx.beta,discharging,1,37.5,80.1,100,95,1,13.58,0.24,1.13,36,4.009,1.018,4.081162,24048,12977,0,-
17:31:41.723,snap,default,com.microsoft.emmx.beta,discharging,1,37.5,80.1,100,95,1,13.58,0.24,1.13,50,4.026,1.2,4.8312,21632,11384,0,-
17:31:42.723,snap,default,com.microsoft.emmx.beta,discharging,1,37.5,80.1,100,95,1,14.56,0.19,0.93,39,4.029,0.906,3.6502738,21632,11384,0,-
17:31:43.724,snap,default,com.microsoft.emmx.beta,discharging,1,37.5,80.1,100,95,1,14.56,0.19,0.93,23,4.04,0.776,3.13504,14225,7519,0,-
17:31:44.740,snap,default,com.microsoft.emmx.beta,discharging,1,37.5,80.1,100,95,1,14.56,0.19,0.93,23,4.04,0.776,3.13504,14225,7519,0,-
17:31:45.741,snap,default,com.microsoft.emmx.beta,discharging,1,37.5,80.1,100,95,1,15.36,0.16,0.76,0,3.978,1.378,5.481684,46384,23283,0,-
17:31:46.740,snap,default,com.microsoft.emmx.beta,discharging,1,37.5,80.1,100,95,1,15.36,0.16,0.76,33,3.945,2.308,9.105061,46384,23283,0,-
17:31:47.741,snap,default,com.microsoft.emmx.beta,discharging,1,37.5,80.1,100,95,1,21.45,0.49,3.16,0,4.043,0.748,3.0241642,15139,6884,0,-
17:31:48.741,snap,default,com.microsoft.emmx.beta,discharging,1,37.5,80.1,100,95,1,21.45,0.49,3.16,0,4.042,0.73,2.95066,15139,6884,0,-
17:31:49.750,snap,default,com.microsoft.emmx.beta,discharging,1,37.6,80.1,100,95,1,18.65,0.4,3.31,0,4.038,0.746,3.012348,15139,6884,0,-
17:31:51.221,snap,default,com.microsoft.emmx.beta,discharging,1,37.6,78.9,100,95,1,20.35,0.51,2.71,19,3.999,1.008,4.030992,16547,6059,0,-
17:31:52.340,snap,default,com.microsoft.emmx.beta,discharging,1,37.6,81.3,100,95,1,20.35,0.51,2.71,19,3.919,2.388,9.358572,47986,17823,0,-
17:31:53.340,snap,default,com.tencent.mm,discharging,1,37.6,84.3,100,95,1,30.25,1.5,6.38,18,3.919,2.638,10.338322,47986,17823,0,-
17:31:54.360,snap,default,com.tencent.mm,discharging,1,37.6,87.2,100,95,1,30.25,1.5,6.38,24,3.895,2.992,11.65384,42370,9946,0,-
17:31:55.492,snap,default,com.tencent.mm,discharging,1,37.6,90.2,100,95,1,38.53,1.77,9.03,54,3.872,3.382,13.095104,42370,9946,0,-
17:31:56.505,snap,default,com.tencent.mm,discharging,1,37.6,91.1,100,95,1,38.53,1.77,9.03,78,3.876,3.35,12.984599,40326,11350,0,-
17:31:57.507,snap,default,com.tencent.mm,discharging,1,37.6,91.5,85,95,1,46.23,1.63,12.1,78,3.927,2.55,10.01385,40326,11350,0,-
17:31:58.507,snap,default,com.tencent.mm,discharging,1,37.6,91.5,85,95,1,46.23,1.63,12.1,31,3.909,2.588,10.116492,32870,8701,0,-
17:31:59.507,snap,default,com.tencent.mm,discharging,1,37.7,91.5,85,95,1,49.26,2.06,13.17,31,3.976,1.89,7.51464,32870,8701,0,-
17:32:00.508,snap,default,com.tencent.mm,discharging,1,37.7,91.5,85,95,1,49.26,2.06,13.17,21,4.017,1.074,4.314258,21449,8604,0,-
17:32:01.508,snap,default,com.tencent.mm,discharging,1,37.7,91.5,85,95,1,43.6,1.87,11.69,0,3.977,1.266,5.034882,21449,8604,0,-
17:32:02.508,snap,default,com.tencent.mm,discharging,1,37.7,91.5,85,95,1,43.6,1.87,11.69,23,4.031,0.734,2.9587543,23619,11664,0,-
17:32:03.508,snap,default,com.tencent.mm,discharging,1,37.7,90.7,85,95,1,39.87,1.71,10.3,44,3.929,2.398,9.4217415,23619,11664,0,-
17:32:04.510,snap,default,com.tencent.mm,discharging,1,37.7,90.7,85,95,1,39.87,1.71,10.3,79,3.886,3.016,11.720176,33318,17348,0,-
17:32:05.514,snap,default,com.tencent.mm,discharging,1,37.7,89.9,85,95,1,38.98,1.58,10.78,78,3.884,3.248,12.6152315,33318,17348,0,-
17:32:06.516,snap,default,com.tencent.mm,discharging,1,37.7,89.2,85,95,1,38.98,1.58,10.78,48,3.897,2.438,9.500886,32589,18503,0,-
17:32:07.517,snap,default,com.tencent.mm,discharging,1,37.7,88.4,85,95,1,39.17,1.29,10.82,74,3.906,2.75,10.7415,32589,18503,0,-
17:32:08.519,snap,default,com.tencent.mm,discharging,1,37.7,88.4,85,95,1,39.17,1.29,10.82,74,3.896,2.788,10.862048,28798,17122,0,-
17:32:09.519,snap,default,com.tencent.mm,discharging,1,37.7,88.4,85,95,1,38.05,1.06,8.86,81,3.896,2.828,11.017888,28798,17122,0,-
17:32:10.520,snap,default,com.tencent.mm,discharging,1,37.8,88.4,85,95,1,38.05,1.06,8.86,81,3.895,2.652,10.329539,28798,17122,0,-
17:32:11.521,snap,default,com.tencent.mm,discharging,1,37.8,88.4,85,95,1,37.5,1.05,7.8,79,3.887,2.95,11.46665,30179,15464,0,-
17:32:12.522,snap,default,com.tencent.mm,discharging,1,37.8,88.4,85,95,1,37.5,1.05,7.8,79,4.018,0.852,3.423336,30179,15464,0,-
17:32:13.522,snap,default,com.tencent.mm,discharging,1,37.8,88.4,85,95,1,37.4,0.85,7.29,50,4.035,0.576,2.3241599,14638,6328,0,-
17:32:14.522,snap,default,com.tencent.mm,discharging,1,37.8,88.4,85,95,1,33.16,0.7,5.97,0,4.002,0.982,3.9299638,14638,6328,0,-
17:32:15.523,snap,default,com.tencent.mm,discharging,1,37.8,88.4,85,95,1,33.16,0.7,5.97,19,3.998,0.962,3.846076,16906,8686,0,-
17:32:16.524,snap,default,com.tencent.mm,discharging,1,37.8,88.4,85,95,1,30.23,0.75,4.89,0,4.036,0.678,2.7364078,16906,8686,0,-
17:32:17.524,snap,default,com.tencent.mm,discharging,1,37.8,88.4,85,95,1,30.23,0.75,4.89,25,4.021,0.824,3.313304,15006,8420,0,-
17:32:18.525,snap,default,com.tencent.mm,discharging,1,37.8,88.4,85,95,1,27.11,0.62,4,25,4.037,0.588,2.3737562,15006,8420,0,-
17:32:19.526,snap,default,com.tencent.mm,discharging,1,37.8,88.4,85,95,1,27.11,0.62,4,25,4.049,0.46,1.8625399,13949,6388,0,-
17:32:20.531,snap,default,com.tencent.mm,discharging,1,37.8,88.4,85,95,1,23.47,0.5,3.27,0,4.046,0.498,2.014908,13949,6388,0,-
17:32:21.531,snap,default,com.tencent.mm,discharging,1,37.8,88.4,85,95,1,23.47,0.5,3.27,0,4.046,0.798,3.228708,10230,4597,0,-
17:32:22.532,snap,default,com.tencent.mm,discharging,1,37.8,88.4,85,95,1,21.75,0.41,2.68,19,4.05,0.51,2.0655,10230,4597,0,-
17:32:23.533,snap,default,com.tencent.mm,discharging,1,37.8,86.8,85,95,1,21.75,0.41,2.68,19,3.919,2.106,8.253413,15686,7742,0,-
17:32:24.533,snap,default,com.tencent.mm,discharging,1,37.8,83.8,85,95,1,23.79,0.33,3.1,71,3.891,3.146,12.241086,15686,7742,0,-
17:32:25.533,snap,default,com.tencent.mm,discharging,1,37.8,80.8,100,95,1,23.79,0.33,3.1,77,3.891,3.146,12.241086,28829,16538,0,-
17:32:26.533,snap,default,com.tencent.mm,discharging,1,37.9,83.8,100,95,1,23.79,0.33,3.1,77,3.881,2.774,10.765894,28829,16538,0,-
17:32:27.535,snap,default,com.tencent.mm,discharging,1,37.9,84,100,95,1,24.73,0.27,2.72,82,3.894,2.91,11.33154,26321,15081,0,-
17:32:28.534,snap,default,com.tencent.mm,discharging,1,37.9,87,100,95,1,24.73,0.27,2.72,82,3.922,2.718,10.659996,26321,15081,0,-
17:32:29.539,snap,default,com.tencent.mm,discharging,1,37.9,89.2,100,95,1,25.5,0.22,2.22,83,3.891,2.876,11.1905155,31071,17536,0,-
17:32:30.537,snap,default,com.tencent.mm,discharging,1,37.9,89.2,100,95,1,25.5,0.22,2.22,75,3.898,2.824,11.007952,31071,17536,0,-
17:32:31.537,snap,default,com.tencent.mm,discharging,1,37.9,89.2,100,95,1,28.13,0.18,1.82,75,4.011,1.16,4.65276,14957,7100,0,-
17:32:32.538,snap,default,com.tencent.mm,discharging,1,37.9,89.2,100,95,1,28.13,0.18,1.82,0,4.034,0.57,2.2993798,14957,7100,0,-
17:32:33.538,snap,default,com.tencent.mm,discharging,1,37.9,89.2,100,95,1,24.84,0.15,1.49,0,4.041,0.522,2.109402,9310,3661,0,-
17:32:34.538,snap,default,com.tencent.mm,discharging,1,37.9,89.2,100,95,1,24.84,0.15,1.49,24,4.013,0.742,2.9776459,9310,3661,0,-
17:32:35.541,snap,default,com.tencent.mm,discharging,1,37.9,89.2,100,95,1,22.52,0.12,1.4,0,4.009,0.964,3.8646758,18632,9457,0,-
17:32:36.541,snap,default,com.tencent.mm,discharging,1,37.9,89.2,100,95,1,22.52,0.12,1.4,38,3.99,1.06,4.2293997,18632,9457,0,-
17:32:37.547,snap,default,com.tencent.mm,discharging,1,38,89.2,100,95,1,21.7,0.28,1.14,32,4.024,0.986,3.9676642,18632,9457,0,-
17:32:38.546,snap,default,com.tencent.mm,discharging,1,38,89.2,100,95,1,21.7,0.28,1.14,32,4.014,0.958,3.845412,18266,9847,0,-
17:32:39.546,snap,default,com.tencent.mm,discharging,1,38,89.2,100,95,1,20.84,0.23,0.94,31,4.04,0.608,2.4563198,18266,9847,0,-
17:32:40.546,snap,default,com.tencent.mm,discharging,1,38,89.2,100,95,1,20.84,0.23,0.94,31,4.015,0.782,3.13973,11448,5250,0,-
17:32:41.547,snap,default,com.tencent.mm,discharging,1,38,89.2,100,95,1,19.6,0.18,0.77,31,4.037,0.714,2.8824182,11448,5250,0,-
17:32:42.547,snap,default,com.tencent.mm,discharging,1,38.1,89.2,100,95,1,19.6,0.18,0.77,0,4.041,0.532,2.149812,13540,6427,0,-
17:32:43.548,snap,default,com.tencent.mm,discharging,1,38.1,89.2,100,95,1,17.5,0.15,0.63,7,4.029,0.748,3.013692,13540,6427,0,-
17:32:44.549,snap,default,com.tencent.mm,discharging,1,38.1,89.2,100,95,1,17.5,0.15,0.63,0,4.047,0.512,2.0720642,9884,3853,0,-
17:32:45.549,snap,default,com.tencent.mm,discharging,1,38.1,89.2,100,95,1,16.5,0.12,0.51,0,4.039,0.494,1.995266,9884,3853,0,-
17:32:46.549,snap,default,com.tencent.mm,discharging,1,38.1,89.2,100,95,1,15.32,0.1,0.42,0,4.041,0.59,2.3841898,7951,2936,0,-
17:32:47.550,snap,default,com.tencent.mm,discharging,1,38.1,89.2,100,95,1,15.32,0.1,0.42,0,4.034,0.658,2.654372,7951,2936,0,-
17:32:48.551,snap,default,com.tencent.mm,discharging,1,38.1,89.2,100,95,1,14.54,0.26,0.34,0,4.032,0.636,2.564352,11833,4589,0,-
17:32:49.551,snap,default,com.tencent.mm,discharging,1,38.1,89.2,100,95,1,14.54,0.26,0.34,0,4.041,0.638,2.578158,11833,4589,0,-
17:32:50.551,snap,default,com.tencent.mm,discharging,1,38.1,89.2,100,95,1,14.08,0.21,0.28,0,4.03,0.678,2.73234,12662,5742,0,-
17:32:51.552,snap,default,com.tencent.mm,discharging,1,38.1,89.2,100,95,1,14.08,0.21,0.28,0,4.044,0.608,2.458752,12662,5742,0,-
17:32:52.552,snap,default,com.tencent.mm,discharging,1,38.1,89.2,100,95,1,13.52,0.17,0.23,0,4.046,0.56,2.26576,12816,5731,0,-
17:32:53.552,snap,default,com.tencent.mm,discharging,1,38.1,89.2,100,95,1,13.52,0.17,0.23,0,4.057,0.432,1.7526242,12816,5731,0,-
17:32:54.553,snap,default,com.tencent.mm,discharging,1,38.1,89.2,100,95,1,12.88,0.14,0.18,0,4.055,0.424,1.7193199,9293,3874,0,-
17:32:55.553,snap,default,com.tencent.mm,discharging,1,38.1,89.2,100,95,1,12.88,0.14,0.18,0,4.057,0.404,1.6390281,9293,3874,0,-
17:32:56.554,snap,default,com.tencent.mm,discharging,1,38.1,89.2,100,95,1,12.18,0.11,0.15,0,4.057,0.404,1.6390281,7224,2769,0,-
17:32:57.554,snap,default,com.tencent.mm,discharging,1,38.1,89.2,100,95,1,12.18,0.11,0.15,0,4.056,0.486,1.9712161,7224,2769,0,-
17:32:58.555,snap,default,com.tencent.mm,discharging,1,38.1,89.2,100,95,1,12.18,0.11,0.15,0,4.053,0.46,1.86438,8675,3080,0,-
17:32:59.555,snap,default,com.tencent.mm,discharging,1,38.1,89.2,100,95,1,11.78,0.09,0.12,0,4.057,0.41,1.66337,8675,3080,0,-
17:33:00.556,snap,default,com.tencent.mm,discharging,1,38.1,89.2,100,95,1,11.78,0.09,0.12,17,4.036,0.63,2.5426798,12039,6449,0,-
17:33:01.556,snap,default,com.tencent.mm,discharging,1,38.1,89.2,100,95,1,12,0.07,0.1,17,4.044,0.646,2.6124241,12039,6449,0,-
17:33:02.557,snap,default,com.tencent.mm,discharging,1,38.1,89.2,100,95,1,12,0.07,0.1,0,4.049,0.53,2.1459699,14262,6714,0,-
17:33:03.557,snap,default,com.tencent.mm,discharging,1,38.2,89.2,100,95,1,12.54,0.24,0.08,11,4.042,0.796,3.2174318,14262,6714,0,-
17:33:04.558,snap,default,com.tencent.mm,discharging,1,38.2,89.2,100,95,1,12.54,0.24,0.08,11,4.042,0.76,3.07192,14262,6714,0,-
17:33:05.558,snap,default,com.tencent.mm,discharging,1,38.2,89.2,100,95,1,13.35,0.2,0.06,0,4.037,0.786,3.173082,19150,10284,0,-
17:33:06.564,snap,default,com.tencent.mm,discharging,1,38.2,89.2,100,95,1,13.35,0.2,0.06,0,4.044,0.58,2.34552,19150,10284,0,-
17:33:07.559,snap,default,com.tencent.mm,discharging,1,38.2,89.2,100,95,1,13.83,0.16,0.05,46,3.956,1.454,5.752024,16873,8163,0,-
17:33:08.559,snap,default,com.tencent.mm,discharging,1,38.2,89.2,100,95,1,13.83,0.16,0.05,78,3.912,3.084,12.064609,16873,8163,0,-
17:33:09.560,snap,default,com.tencent.mm,discharging,1,38.2,89.2,100,95,1,20.74,0.13,1.67,76,3.873,3.192,12.362616,32444,18407,0,-
17:33:10.560,snap,default,com.tencent.mm,discharging,1,38.2,89.2,100,95,1,20.74,0.13,1.67,68,4.013,1.454,5.834902,32444,18407,0,-
17:33:11.560,snap,default,com.tencent.mm,discharging,1,38.2,89.2,100,95,1,22.24,0.1,1.37,68,4.04,0.564,2.27856,17608,9169,0,-
17:33:12.564,snap,default,com.tencent.mm,discharging,1,38.2,89.2,100,95,1,22.24,0.1,1.37,21,3.995,1.166,4.6581697,17608,9169,0,-
17:33:13.561,snap,default,com.tencent.mm,discharging,1,38.2,86.2,100,95,1,21.11,0.08,1.12,69,3.916,1.984,7.769344,25892,14651,0,-
17:33:14.560,snap,default,com.tencent.mm,discharging,1,38.2,83.2,100,95,1,21.11,0.08,1.12,79,3.917,2.956,11.578652,25892,14651,0,-
17:33:15.561,snap,default,com.tencent.mm,discharging,1,38.2,82.8,100,95,1,22.72,0.07,0.91,75,3.913,2.658,10.400754,26267,16051,0,-
17:33:16.562,snap,default,com.tencent.mm,discharging,1,38.2,82.8,100,95,1,22.72,0.07,0.91,75,3.892,2.784,10.835327,26267,16051,0,-
17:33:17.563,snap,default,com.tencent.mm,discharging,1,38.2,82.8,100,95,1,24.58,0.05,0.75,75,4.029,1.036,4.1740437,22969,12084,0,-
17:33:18.562,snap,default,com.tencent.mm,discharging,1,38.2,82.8,100,95,1,22.84,0.04,0.61,43,4.013,0.914,3.667882,22969,12084,0,-
17:33:19.563,snap,default,com.tencent.mm,discharging,1,38.2,82.8,100,95,1,22.84,0.04,0.61,0,4.022,0.776,3.121072,17391,9203,0,-
17:33:20.563,snap,default,com.tencent.mm,discharging,1,38.3,82.8,100,95,1,20.88,0.03,0.5,0,4.033,0.634,2.556922,17391,9203,0,-
17:33:21.564,snap,default,com.tencent.mm,discharging,1,38.3,82.8,100,95,1,20.88,0.03,0.5,0,4.047,0.464,1.8778079,7157,2939,0,-
17:33:22.564,snap,default,com.tencent.mm,discharging,1,38.3,82.8,100,95,1,18.91,0.03,0.41,0,4.043,0.528,2.134704,7157,2939,0,-
17:33:23.565,snap,default,com.tencent.mm,discharging,1,38.3,82.8,100,95,1,18.91,0.03,0.41,0,4.047,0.5,2.0235,8538,3309,0,-
17:33:24.566,snap,default,com.tencent.mm,discharging,1,38.3,82.8,100,95,1,17.83,0.02,0.33,0,4.033,0.6,2.4198,8538,3309,0,-
17:33:25.567,snap,default,com.tencent.mm,discharging,1,38.3,82.8,100,95,1,17.83,0.02,0.33,0,4.047,0.476,1.926372,8410,3503,0,-
17:33:26.567,snap,default,com.tencent.mm,discharging,1,38.3,82.8,100,95,1,16.6,0.02,0.27,0,4.036,0.604,2.4377437,8410,3503,0,-
17:33:27.568,snap,default,com.tencent.mm,discharging,1,38.3,82.8,100,95,1,16.6,0.02,0.27,0,4.036,0.604,2.4377437,9691,4685,0,-
17:33:28.568,snap,default,com.tencent.mm,discharging,1,38.3,82.8,100,95,1,16.6,0.02,0.27,0,4.042,0.55,2.2231,9691,4685,0,-
17:33:29.568,snap,default,com.tencent.mm,discharging,1,38.3,82.8,100,95,1,16.49,0.01,0.22,0,4.037,0.662,2.6724942,9691,4685,0,-
17:33:30.569,snap,default,com.tencent.mm,discharging,1,38.4,82.8,100,95,1,16.49,0.01,0.22,0,4.024,0.744,2.9938562,18195,8456,0,-
17:33:31.569,snap,default,com.tencent.mm,discharging,1,38.4,82.8,100,95,1,17.12,0.01,0.18,0,4.047,0.59,2.38773,18195,8456,0,-
17:33:32.569,snap,default,com.tencent.mm,discharging,1,38.4,82.8,100,95,1,17.12,0.01,0.18,0,4.049,0.428,1.7329719,8074,3613,0,-
17:33:33.570,snap,default,com.tencent.mm,discharging,1,38.4,82.8,100,95,1,15.47,0.01,0.15,0,4.047,0.608,2.4605758,8074,3613,0,-
17:33:34.570,snap,default,com.tencent.mm,discharging,1,38.4,82.8,100,95,1,15.47,0.01,0.15,0,4.053,0.47,1.90491,7843,2864,0,-
17:33:35.572,snap,default,com.tencent.mm,discharging,1,38.4,82.8,100,95,1,14.66,0,0.12,0,4.053,0.438,1.775214,7843,2864,0,-
17:33:36.587,snap,default,com.tencent.mm,discharging,1,38.4,79.8,100,95,1,14.66,0,0.12,20,4.041,0.978,3.952098,14874,7331,0,-
17:33:37.589,snap,default,com.tencent.mm,discharging,1,38.4,77.3,100,95,1,17.8,0,0.1,68,3.902,2.712,10.582224,14874,7331,0,-
17:33:38.609,snap,default,com.tencent.mm,discharging,1,38.4,77.3,100,95,1,17.8,0,0.1,75,3.904,2.84,11.087359,29053,17407,0,-
17:33:39.609,snap,default,com.tencent.mm,discharging,1,38.4,77.3,100,95,1,20.91,0,0.08,80,3.884,3.008,11.683072,29053,17407,0,-
17:33:40.610,snap,default,com.tencent.mm,discharging,1,38.4,77.3,100,95,1,20.91,0,0.08,77,4.024,1.326,5.335824,26872,14006,0,-
17:33:41.609,snap,default,com.tencent.mm,discharging,1,38.4,77.3,100,95,1,22.02,0,0.06,77,4.012,0.83,3.32996,26872,14006,0,-
17:33:42.610,snap,default,com.tencent.mm,discharging,1,38.4,77.3,100,95,1,22.02,0,0.06,16,4.026,0.788,3.172488,16369,8052,0,-
17:33:43.610,snap,default,com.tencent.mm,discharging,1,38.4,77.3,100,95,1,20.93,0,0.05,16,4.029,0.842,3.392418,16369,8052,0,-
17:33:44.610,snap,default,com.tencent.mm,discharging,1,38.4,77.3,100,95,1,20.93,0,0.05,25,3.984,1.214,4.836576,17066,8521,0,-
17:33:45.610,snap,default,com.tencent.mm,discharging,1,38.5,77.3,100,95,1,20.03,0,0.04,0,4.005,0.688,2.7554402,17066,8521,0,-
17:33:46.611,snap,default,com.tencent.mm,discharging,1,38.5,77.3,100,95,1,20.03,0,0.04,30,3.995,1.124,4.49038,13601,6841,0,-
17:33:47.611,snap,default,com.tencent.mm,discharging,1,38.5,77.3,100,95,1,19.12,0,0.03,28,4.018,0.702,2.8206363,13601,6841,0,-
17:33:48.612,snap,default,com.tencent.mm,discharging,1,38.5,77.3,100,95,1,19.12,0,0.03,28,4.011,0.988,3.962868,15617,8021,0,-
17:33:49.612,snap,default,com.tencent.mm,discharging,1,38.5,77.3,100,95,1,18.37,0,0.02,32,4.032,0.728,2.935296,15617,8021,0,-
17:33:50.612,snap,default,com.tencent.mm,discharging,1,38.5,77.3,100,95,1,18.12,0,0.02,0,4.017,0.852,3.4224842,14494,6671,0,-
17:33:51.612,snap,default,com.tencent.mm,discharging,1,38.5,77.3,100,95,1,18.12,0,0.02,20,3.993,1.292,5.158956,14494,6671,0,-
17:33:52.613,snap,default,com.tencent.mm,discharging,1,38.5,77.3,100,95,1,18.1,0,0.2,0,4.004,0.996,3.9879842,21077,10653,0,-
17:33:53.613,snap,default,com.tencent.mm,discharging,1,38.5,77.3,100,95,1,18.1,0,0.2,0,3.999,0.876,3.503124,21077,10653,0,-
17:33:54.613,snap,default,com.tencent.mm,discharging,1,38.5,77.3,100,95,1,17.54,0,1.07,0,4.034,0.768,3.0981119,15569,6626,0,-
17:33:55.615,snap,default,com.tencent.mm,discharging,1,38.5,77.3,100,95,1,17.54,0,1.07,17,4.034,0.754,3.041636,15569,6626,0,-
17:33:56.614,snap,default,com.tencent.mm,discharging,1,38.5,77.3,100,95,1,17.8,0,0.87,36,4.025,1.068,4.2987,15569,6626,0,-
17:33:57.615,snap,default,com.tencent.mm,discharging,1,38.5,77.3,100,95,1,17.8,0,0.87,36,4.029,0.676,2.723604,17835,9670,0,-
17:33:58.615,snap,default,com.tencent.mm,discharging,1,38.5,77.3,100,95,1,16.93,0,0.71,0,4.029,0.676,2.723604,17835,9670,0,-
17:33:59.617,snap,default,com.tencent.mm,discharging,1,38.5,77.3,100,95,1,16.93,0,0.71,0,4.042,0.598,2.417116,12341,5270,0,-
17:34:00.616,snap,default,com.tencent.mm,discharging,1,38.5,77.3,100,95,1,16.93,0,0.71,0,4.045,0.492,1.9901401,12341,5270,0,-
17:34:01.616,snap,default,com.tencent.mm,discharging,1,38.6,74.6,100,95,1,19.48,0.36,0.76,9,3.964,1.68,6.6595197,28514,11500,0,-
17:34:02.616,snap,default,com.tencent.mm,discharging,1,38.6,74.6,100,95,1,19.48,0.36,0.76,32,3.956,1.898,7.508488,28514,11500,0,-
17:34:03.617,snap,default,com.android.launcher,discharging,1,38.6,74.6,100,95,1,22.83,0.47,0.99,29,3.99,1.37,5.4663,29847,14978,0,-
17:34:04.619,snap,default,com.android.launcher,discharging,1,38.6,74.6,100,95,1,22.83,0.47,0.99,29,4.04,0.574,2.31896,29847,14978,0,-
17:34:05.619,snap,default,com.android.launcher,discharging,1,38.6,74.6,100,95,1,20.87,0.39,0.81,0,4.039,0.564,2.277996,8049,3169,0,-
17:34:06.619,snap,default,com.android.launcher,discharging,1,38.6,74.6,100,95,1,20.87,0.39,0.81,0,4.01,0.712,2.8551202,8049,3169,0,-
17:34:07.619,snap,default,com.android.launcher,discharging,1,38.6,74.6,100,95,1,19.44,0.31,0.66,28,4.023,0.88,3.5402398,16999,10177,0,-
17:34:08.627,snap,default,com.android.launcher,discharging,1,38.6,74.6,100,95,1,19.44,0.31,0.66,21,4.022,0.782,3.1452038,16999,10177,0,-
17:34:09.628,snap,default,com.android.launcher,discharging,1,38.6,74.6,100,95,1,18.64,0.26,0.54,15,3.949,1.608,6.349992,26348,13346,0,-
17:34:10.628,snap,default,com.coloros.note,discharging,1,38.6,74.6,100,95,1,18.64,0.26,0.54,15,4.033,0.856,3.452248,26348,13346,0,-
17:34:11.629,snap,default,com.coloros.note,discharging,1,38.7,74.6,100,95,1,20.15,0.39,0.62,16,4.031,0.668,2.692708,14019,6345,0,-
17:34:12.629,snap,default,com.coloros.note,discharging,1,38.7,74.6,100,95,1,20.15,0.39,0.62,0,4.033,0.618,2.492394,14019,6345,0,-
17:34:13.631,snap,default,com.coloros.note,discharging,1,38.7,74.6,100,95,1,18.67,0.32,0.51,0,4.043,0.484,1.9568121,7861,3066,0,-
17:34:14.631,snap,default,com.coloros.note,discharging,1,38.7,74.6,100,95,1,18.67,0.32,0.51,0,4.053,0.394,1.596882,7861,3066,0,-
17:34:15.632,snap,default,com.coloros.note,discharging,1,38.7,74.6,100,95,1,17.1,0.26,0.41,0,4.051,0.43,1.7419301,6887,2459,0,-
17:34:16.632,snap,default,com.coloros.note,discharging,1,38.7,74.6,100,95,1,17.1,0.26,0.41,0,4.024,0.656,2.6397443,6887,2459,0,-
17:34:17.632,snap,default,com.coloros.note,discharging,1,38.7,71.6,100,95,1,16.18,0.39,0.34,6,3.973,1.36,5.4032803,25721,13396,0,-
17:34:18.634,snap,default,com.coloros.note,discharging,1,38.7,71.6,100,95,1,16.18,0.39,0.34,6,4.017,1.244,4.997148,25721,13396,0,-
17:34:19.634,snap,default,com.coloros.note,discharging,1,38.7,68.6,100,95,1,18.14,0.5,2.45,0,4.034,0.58,2.3397198,17480,8340,0,-
17:34:20.635,snap,default,com.coloros.note,discharging,1,38.7,68.6,100,95,1,17.75,0.41,2.73,20,4.002,1.214,4.858428,17480,8340,0,-
17:34:21.636,snap,default,com.coloros.note,discharging,1,38.8,68.6,100,95,1,17.75,0.41,2.73,0,4.038,0.738,2.980044,12391,6506,0,-
17:34:22.636,snap,default,com.coloros.note,discharging,1,38.8,68.6,100,95,1,16.7,0.33,2.23,21,4.041,0.53,2.1417298,12391,6506,0,-
17:34:23.637,snap,default,com.coloros.note,discharging,1,38.8,68.6,100,95,1,16.7,0.33,2.23,21,4.031,0.572,2.3057323,12391,6506,0,-
17:34:24.638,snap,default,com.coloros.note,discharging,1,38.8,68.6,100,95,1,16.21,0.27,1.83,21,4.027,0.698,2.810846,9624,4371,0,-
17:34:25.638,snap,default,com.coloros.note,discharging,1,38.8,68.6,100,95,1,16.21,0.27,1.83,21,4.039,0.588,2.374932,9624,4371,0,-
17:34:26.638,snap,default,com.coloros.note,discharging,1,38.8,65.6,100,95,1,15.63,0.22,1.5,21,4.011,0.966,3.8746262,13096,6202,0,-
17:34:27.638,snap,default,com.coloros.note,discharging,1,38.8,62.6,100,95,1,15.63,0.22,1.5,7,3.991,1.436,5.731076,13096,6202,0,-
17:34:28.639,snap,default,com.tencent.mobileqq,discharging,1,38.8,59.6,100,95,1,16.6,0.36,2.67,7,3.991,1.436,5.731076,26349,11978,0,-
17:34:29.639,snap,default,com.tencent.mobileqq,discharging,1,38.8,58.4,100,95,1,16.6,0.36,2.67,7,4.027,0.854,3.4390578,26349,11978,0,-
17:34:30.639,snap,default,com.tencent.mobileqq,discharging,1,38.8,55.4,100,95,1,16.6,0.36,2.67,0,4,1.01,4.04,18087,9392,0,-
17:34:31.639,snap,default,com.tencent.mobileqq,discharging,1,38.8,55.2,100,95,1,17.22,0.3,2.37,17,3.998,0.898,3.590204,18087,9392,0,-
17:34:32.640,snap,default,com.tencent.mobileqq,discharging,1,38.8,53.2,100,95,1,17.22,0.3,2.37,0,4.039,0.634,2.560726,17213,8553,0,-
17:34:33.640,snap,default,com.tencent.mobileqq,discharging,1,38.8,52.4,100,95,1,17.18,0.24,1.94,19,4.02,0.87,3.4974,17213,8553,0,-
17:34:34.641,snap,default,com.tencent.mobileqq,discharging,1,38.8,51.7,100,95,1,17.18,0.24,1.94,0,4.041,0.522,2.109402,15333,7624,0,-
17:34:35.642,snap,default,com.tencent.mobileqq,discharging,1,38.8,50.1,100,95,1,16.24,0.2,1.59,0,4.045,0.454,1.8364301,15333,7624,0,-
17:34:36.642,snap,default,com.tencent.mobileqq,discharging,1,38.8,50.1,100,95,1,16.24,0.2,1.59,0,4.047,0.446,1.804962,9369,3808,0,-
17:34:37.642,snap,default,com.tencent.mobileqq,discharging,1,38.8,50.1,100,95,1,15.47,0.16,1.3,0,4.037,0.614,2.4787183,9369,3808,0,-
17:34:38.643,snap,default,com.tencent.mobileqq,discharging,1,38.8,49.7,100,95,1,15.47,0.16,1.3,0,4.053,0.436,1.767108,9497,3988,0,-
17:34:39.645,snap,default,com.tencent.mobileqq,discharging,1,38.8,48.9,100,95,1,14.84,0.13,1.06,0,4.047,0.502,2.0315938,9497,3988,0,-
17:34:40.645,snap,default,com.tencent.mobileqq,discharging,1,38.8,48.1,100,95,1,14.84,0.13,1.06,0,4.049,0.378,1.5305219,7726,2753,0,-
17:34:41.645,snap,default,com.tencent.mobileqq,discharging,1,38.8,48.1,100,95,1,13.78,0.1,0.87,0,4.046,0.424,1.7155039,7726,2753,0,-
17:34:42.646,snap,default,com.tencent.mobileqq,discharging,1,38.8,48.5,100,95,1,13.78,0.1,0.87,0,4.043,0.49,1.9810702,6911,2416,0,-
17:34:43.647,snap,default,com.tencent.mobileqq,discharging,1,38.8,48.5,100,95,1,13.64,0.08,0.71,0,4.037,0.652,2.6321242,6911,2416,0,-
17:34:44.649,snap,default,com.tencent.mobileqq,discharging,1,38.8,48.5,100,95,1,13.64,0.08,0.71,0,4.044,0.52,2.10288,8436,3054,0,-
17:34:45.649,snap,default,com.tencent.mobileqq,discharging,1,38.8,48.1,100,95,1,13.16,0.25,0.58,0,4.043,0.554,2.2398221,8436,3054,0,-
17:34:46.651,snap,default,com.tencent.mobileqq,discharging,1,38.8,48.1,100,95,1,13.16,0.25,0.58,0,4.033,0.518,2.089094,7731,2705,0,-
17:34:47.652,snap,default,com.tencent.mobileqq,discharging,1,38.8,48.1,100,95,1,12.77,0.2,0.47,0,4.046,0.474,1.917804,7731,2705,0,-
17:34:48.652,snap,default,com.tencent.mobileqq,discharging,1,38.8,48.1,100,95,1,12.77,0.2,0.47,0,4.02,0.67,2.6934001,13493,5256,0,-
17:34:49.653,snap,default,com.tencent.mobileqq,discharging,1,38.8,49.7,100,95,1,12.99,0.53,0.93,0,4.024,0.876,3.5250242,13493,5256,0,-
17:34:50.653,snap,default,com.tencent.mobileqq,discharging,1,38.8,51.7,100,95,1,12.99,0.53,0.93,0,4.032,0.542,2.185344,13493,5256,0,-
17:34:51.653,snap,default,com.tencent.mobileqq,discharging,1,38.8,51.7,100,95,1,12.99,0.43,1.67,11,4.019,0.758,3.0464022,16517,7428,0,-
17:34:52.654,snap,default,com.tencent.mobileqq,discharging,1,38.8,51.7,100,95,1,13.35,0.35,1.36,13,4.037,0.692,2.793604,16517,7428,0,-
17:34:53.654,snap,default,com.tencent.mobileqq,discharging,1,38.8,49.7,100,95,1,13.35,0.35,1.36,0,4.045,0.426,1.72317,16220,9952,0,-
17:34:54.655,snap,default,com.tencent.mobileqq,discharging,1,38.8,49.7,100,95,1,12.56,0.29,1.12,0,4.044,0.468,1.8925921,16220,9952,0,-
17:34:55.656,snap,default,com.tencent.mobileqq,discharging,1,38.8,48.9,100,95,1,12.56,0.29,1.12,0,4.047,0.544,2.2015681,8529,3385,0,-
17:34:56.656,snap,default,com.tencent.mobileqq,discharging,1,38.8,48.9,100,95,1,12.46,0.23,0.91,0,4.045,0.51,2.06295,8529,3385,0,-
17:34:57.657,snap,default,com.tencent.mobileqq,discharging,1,38.8,47.7,100,95,1,12.46,0.23,0.91,0,4.05,0.344,1.3932002,8466,3131,0,-
17:34:58.658,snap,default,com.tencent.mobileqq,discharging,1,38.8,47.7,100,95,1,11.65,0.19,0.75,0,4.05,0.344,1.3932002,8466,3131,0,-
17:34:59.658,snap,default,com.tencent.mobileqq,discharging,1,38.9,47.7,100,95,1,11.65,0.19,0.75,0,4.045,0.45,1.82025,6219,2234,0,-
17:35:00.659,snap,default,com.tencent.mobileqq,discharging,1,38.9,47.7,100,95,1,11.65,0.19,0.75,0,4.046,0.446,1.8045161,6219,2234,0,-
17:35:01.659,snap,default,com.tencent.mobileqq,discharging,1,38.9,48.9,100,95,1,16.06,0.34,1.88,0,4.041,0.644,2.6024039,11927,3249,0,-
17:35:02.659,snap,default,com.tencent.mobileqq,discharging,1,38.9,48.9,100,95,1,16.06,0.34,1.88,0,4.046,0.552,2.233392,11927,3249,0,-
17:35:03.660,snap,default,com.tencent.mobileqq,discharging,1,38.9,48.9,100,95,1,18.22,0.27,2.26,0,4.037,0.628,2.5352361,6722,2056,0,-
17:35:04.661,snap,default,com.tencent.mobileqq,discharging,1,38.9,48.9,100,95,1,18.22,0.27,2.26,0,4.041,0.524,2.1174839,6722,2056,0,-
17:35:05.661,snap,default,com.tencent.mobileqq,discharging,1,38.9,48.1,100,95,1,16.19,0.22,1.85,0,4.05,0.452,1.8306,7673,2957,0,-
17:35:06.661,snap,default,com.tencent.mobileqq,discharging,1,38.9,48.1,100,95,1,16.19,0.22,1.85,0,4.051,0.502,2.033602,7673,2957,0,-
17:35:07.664,snap,default,com.tencent.mobileqq,discharging,1,38.9,48.1,100,95,1,15.61,0.18,1.51,0,4.047,0.598,2.420106,20938,9474,0,-
17:35:08.662,snap,default,com.tencent.mobileqq,discharging,1,38.9,48.1,100,95,1,15.61,0.18,1.51,15,3.957,1.762,6.972234,20938,9474,0,-
17:35:09.662,snap,default,com.tencent.mobileqq,discharging,1,38.9,48.1,100,95,1,22.93,0.51,1.96,23,3.987,1.932,7.702884,33593,15295,0,-
17:35:10.662,snap,default,com.microsoft.emmx.beta,discharging,1,38.8,48.1,100,95,1,22.93,0.51,1.96,41,3.956,1.766,6.986296,33593,15295,0,-
17:35:11.662,snap,default,com.microsoft.emmx.beta,discharging,1,38.8,48.1,100,95,1,25.66,0.96,2.33,23,3.964,2.094,8.300616,35986,12717,0,-
17:35:12.662,snap,default,com.microsoft.emmx.beta,discharging,1,38.8,49.7,100,95,1,25.66,0.96,2.33,23,3.982,1.546,6.1561723,35986,12717,0,-
17:35:13.662,snap,default,com.microsoft.emmx.beta,discharging,1,38.8,52.7,100,95,1,25.54,0.97,2.27,9,3.999,1.042,4.1669583,17985,7837,0,-
17:35:14.663,snap,default,com.microsoft.emmx.beta,discharging,1,38.8,55.7,100,95,1,25.54,0.97,2.27,5,4.009,1.112,4.458008,17985,7837,0,-
17:35:15.663,snap,default,com.microsoft.emmx.beta,discharging,1,38.8,55.2,100,95,1,23.45,0.79,2.4,5,4.021,1.016,4.085336,16730,5797,0,-
17:35:16.664,snap,default,com.microsoft.emmx.beta,discharging,1,38.8,55.2,100,95,1,23.45,0.79,2.4,2,4.014,1.006,4.038084,16730,5797,0,-
17:35:17.664,snap,default,com.microsoft.emmx.beta,discharging,1,38.8,58,100,95,1,23.73,1.19,2.51,0,3.972,1.572,6.2439837,16730,5797,0,-
17:35:18.664,snap,default,com.microsoft.emmx.beta,discharging,1,38.8,58,100,95,1,23.73,1.19,2.51,0,4.007,1.178,4.720246,32701,7436,0,-
17:35:19.665,snap,default,com.microsoft.emmx.beta,discharging,1,38.8,57.2,100,95,1,31.02,2.06,4.59,0,3.998,1.148,4.589704,32701,7436,0,-
17:35:20.665,snap,default,com.microsoft.emmx.beta,discharging,1,38.8,56.8,100,95,1,31.02,2.06,4.59,0,4.018,0.896,3.6001282,20582,4996,0,-
17:35:21.665,snap,default,com.microsoft.emmx.beta,discharging,1,38.8,56.8,100,95,1,37.9,2.59,4.48,8,3.967,1.312,5.2047043,20582,4996,0,-
17:35:22.665,snap,default,com.microsoft.emmx.beta,discharging,1,38.8,58,100,95,1,37.9,2.59,4.48,8,3.968,1.404,5.571072,26549,6636,0,-
17:35:23.665,snap,default,com.microsoft.emmx.beta,discharging,1,38.8,61,100,95,1,42.45,2.67,4.58,3,3.994,1.386,5.535684,26549,6636,0,-
17:35:24.666,snap,default,com.microsoft.emmx.beta,discharging,1,38.8,63.1,100,95,1,42.45,2.67,4.58,5,3.978,1.342,5.3384757,33983,8725,0,-
17:35:25.668,snap,default,com.microsoft.emmx.beta,discharging,1,38.8,63.1,100,95,1,44.54,2.54,4.65,19,3.978,1.328,5.2827835,33983,8725,0,-
17:35:26.668,snap,default,com.microsoft.emmx.beta,discharging,1,38.7,60.7,100,95,1,46.98,2.26,4.9,15,3.989,1.502,5.991478,29069,10975,0,-
17:35:27.668,snap,default,com.microsoft.emmx.beta,discharging,1,38.7,60.7,100,95,1,46.98,2.26,4.9,15,4.009,0.904,3.6241357,29069,10975,0,-
17:35:28.670,snap,default,com.microsoft.emmx.beta,discharging,1,38.7,57.7,100,95,1,42.81,2.03,4.37,0,4.038,0.584,2.358192,17177,7374,0,-
17:35:29.670,snap,default,com.microsoft.emmx.beta,discharging,1,38.7,54.7,100,95,1,42.81,2.03,4.37,0,4.035,0.55,2.21925,17177,7374,0,-
17:35:30.670,snap,default,com.microsoft.emmx.beta,discharging,1,38.7,53.2,100,95,1,37.05,1.66,3.58,0,4.035,0.55,2.21925,9182,3779,0,-
17:35:31.670,snap,default,com.microsoft.emmx.beta,discharging,1,38.7,53.2,100,95,1,37.05,1.66,3.58,0,4.037,0.596,2.406052,9182,3779,0,-
17:35:32.672,snap,default,com.microsoft.emmx.beta,discharging,1,38.7,54,100,95,1,37.05,1.66,3.58,0,4.039,0.524,2.116436,12140,5155,0,-
17:35:33.672,snap,default,com.microsoft.emmx.beta,discharging,1,38.7,54,100,95,1,33.42,1.36,2.93,9,3.989,0.994,3.9650662,12140,5155,0,-
17:35:34.672,snap,default,com.microsoft.emmx.beta,discharging,1,38.7,54.8,100,95,1,33.42,1.36,2.93,0,4.02,0.782,3.14364,16040,6655,0,-
17:35:35.672,snap,default,com.microsoft.emmx.beta,discharging,1,38.7,55.6,100,95,1,29.9,1.11,2.4,8,4.016,0.82,3.29312,16040,6655,0,-
17:35:36.672,snap,default,com.microsoft.emmx.beta,discharging,1,38.7,55.6,100,95,1,29.9,1.11,2.4,0,3.994,0.93,3.71442,20263,12049,0,-
17:35:37.673,snap,default,com.microsoft.emmx.beta,discharging,1,38.7,54,100,95,1,27.56,0.91,1.96,19,4.028,0.768,3.093504,20263,12049,0,-
17:35:38.673,snap,default,com.microsoft.emmx.beta,discharging,1,38.7,51.7,100,95,1,27.56,0.91,1.96,6,4.036,0.612,2.4700317,11994,5461,0,-
17:35:39.674,snap,default,com.microsoft.emmx.beta,discharging,1,38.7,51.3,100,95,1,24.92,0.74,1.6,6,4.046,0.488,1.974448,11994,5461,0,-
17:35:40.674,snap,default,com.microsoft.emmx.beta,discharging,1,38.7,51.3,100,95,1,24.92,0.74,1.6,6,4.043,0.54,2.1832201,13902,7220,0,-
17:35:41.675,snap,default,com.microsoft.emmx.beta,discharging,1,38.7,52.4,100,95,1,23.12,0.61,1.31,8,4.018,0.878,3.5278041,13902,7220,0,-
17:35:42.674,snap,default,com.microsoft.emmx.beta,discharging,1,38.7,52.4,100,95,1,23.12,0.61,1.31,11,4.025,0.744,2.9946,13902,7220,0,-
17:35:43.675,snap,default,com.microsoft.emmx.beta,discharging,1,38.7,51.7,100,95,1,21.83,0.5,1.07,11,4.045,0.544,2.2004802,16424,8443,0,-
17:35:44.676,snap,default,com.microsoft.emmx.beta,discharging,1,38.7,50.9,100,95,1,21.83,0.5,1.07,7,4.029,0.604,2.4335158,16424,8443,0,-
17:35:45.676,snap,default,com.microsoft.emmx.beta,discharging,1,38.7,51.7,100,95,1,20.05,0.41,0.88,0,4.046,0.408,1.6507679,9153,4387,0,-
17:35:46.678,snap,default,com.microsoft.emmx.beta,discharging,1,38.7,49.7,100,95,1,20.05,0.41,0.88,0,4.024,0.564,2.269536,9153,4387,0,-
17:35:47.677,snap,default,com.microsoft.emmx.beta,discharging,1,38.7,49.7,100,95,1,18.41,0.33,0.72,0,4.045,0.366,1.4804701,10024,4703,0,-
17:35:48.678,snap,default,com.microsoft.emmx.beta,discharging,1,38.7,48.9,100,95,1,18.41,0.33,0.72,0,4.034,0.552,2.226768,10024,4703,0,-
17:35:49.680,snap,default,com.microsoft.emmx.beta,discharging,1,38.7,48.9,100,95,1,17.07,0.27,0.59,0,4.044,0.438,1.7712721,8419,3999,0,-
17:35:50.679,snap,default,com.microsoft.emmx.beta,discharging,1,38.7,48.9,100,95,1,17.07,0.27,0.59,5,4.029,0.508,2.046732,8419,3999,0,-
17:35:51.679,snap,default,com.microsoft.emmx.beta,discharging,1,38.7,49.3,100,95,1,15.78,0.22,0.48,0,4.031,0.606,2.4427862,10456,4616,0,-
17:35:52.679,snap,default,com.microsoft.emmx.beta,discharging,1,38.7,50.9,100,95,1,15.78,0.22,0.48,19,4.041,0.71,2.8691099,10456,4616,0,-
17:35:53.679,snap,default,com.microsoft.emmx.beta,discharging,1,38.7,50.9,100,95,1,15.64,0.18,0.39,12,4.024,0.784,3.1548162,14597,8867,0,-
17:35:54.680,snap,default,com.microsoft.emmx.beta,discharging,1,38.7,50.5,100,95,1,15.64,0.18,0.39,15,4.029,0.752,3.0298078,14597,8867,0,-
17:35:55.680,snap,default,com.microsoft.emmx.beta,discharging,1,38.7,50.5,100,95,1,15.89,0.15,0.32,15,4.035,0.67,2.70345,16708,10274,0,-
17:35:56.681,snap,default,com.microsoft.emmx.beta,discharging,1,38.7,49.3,100,95,1,15.72,0.12,0.26,15,4.036,0.44,1.7758399,16708,10274,0,-
17:35:57.681,snap,default,com.microsoft.emmx.beta,discharging,1,38.7,49.3,100,95,1,15.72,0.12,0.26,0,4.04,0.462,1.86648,11833,6086,0,-
17:35:58.682,snap,default,com.microsoft.emmx.beta,discharging,1,38.7,50.1,100,95,1,15.23,0.1,0.21,8,4.038,0.418,1.6878841,11833,6086,0,-
17:35:59.683,snap,default,com.microsoft.emmx.beta,discharging,1,38.7,50.1,100,95,1,15.23,0.1,0.21,8,4.032,0.596,2.403072,11557,6286,0,-
17:36:00.683,snap,default,com.microsoft.emmx.beta,discharging,1,38.7,50.1,100,95,1,14.28,0.08,0.17,8,4.032,0.596,2.403072,11557,6286,0,-
17:36:01.685,snap,default,com.microsoft.emmx.beta,discharging,1,38.7,48.5,100,95,1,14.28,0.08,0.17,8,4.057,0.274,1.111618,7357,3011,0,-
17:36:02.685,snap,default,com.microsoft.emmx.beta,discharging,1,38.7,48.1,100,95,1,14.28,0.08,0.17,0,4.054,0.308,1.248632,7357,3011,0,-
17:36:03.685,snap,default,com.microsoft.emmx.beta,discharging,1,38.7,47.3,100,95,1,13.32,0.06,0.14,0,4.051,0.356,1.4421561,9055,4556,0,-
17:36:04.685,snap,default,com.microsoft.emmx.beta,discharging,1,38.8,48.1,100,95,1,13.32,0.06,0.14,0,4.05,0.398,1.6119001,9055,4556,0,-
17:36:05.687,snap,default,com.microsoft.emmx.beta,discharging,1,38.8,48.5,100,95,1,12.9,0.05,0.11,0,4.044,0.464,1.876416,9247,4553,0,-
17:36:06.687,snap,default,com.microsoft.emmx.beta,discharging,1,38.8,48.5,100,95,1,12.9,0.05,0.11,0,4.049,0.512,2.073088,9247,4553,0,-
17:36:07.687,snap,default,com.microsoft.emmx.beta,discharging,1,38.8,48.5,100,95,1,12.56,0.04,0.09,0,4.051,0.376,1.523176,14651,7427,0,-
17:36:08.687,snap,default,com.microsoft.emmx.beta,discharging,1,38.8,50.9,100,95,1,12.56,0.04,0.09,8,4.039,0.776,3.1342642,14651,7427,0,-
17:36:09.689,snap,default,com.microsoft.emmx.beta,discharging,1,38.8,50.9,100,95,1,14.27,0.03,0.07,8,4.044,0.688,2.782272,14651,7427,0,-
17:36:10.688,snap,default,com.microsoft.emmx.beta,discharging,1,38.8,49.7,100,95,1,14.27,0.03,0.07,0,4.043,0.474,1.9163821,15266,7521,0,-
17:36:11.689,snap,default,com.microsoft.emmx.beta,discharging,1,38.8,49.7,100,95,1,14.04,0.02,0.24,0,4.029,0.622,2.5060377,15266,7521,0,-
17:36:12.689,snap,default,com.microsoft.emmx.beta,discharging,1,38.8,49.3,100,95,1,14.04,0.02,0.24,0,4.04,0.656,2.65024,13432,6375,0,-
17:36:13.691,snap,default,com.microsoft.emmx.beta,discharging,1,38.8,49.3,100,95,1,13.48,0.02,0.2,5,4.025,0.648,2.6082,13432,6375,0,-
17:36:14.692,snap,default,com.microsoft.emmx.beta,discharging,1,38.8,49.3,100,95,1,13.48,0.02,0.2,45,3.936,2.066,8.131776,24950,12361,0,-
17:36:15.691,snap,default,com.microsoft.emmx.beta,discharging,1,38.8,49.3,100,95,1,17.02,0.56,1.07,45,3.999,1.29,5.15871,24950,12361,0,-
17:36:16.692,snap,default,com.microsoft.emmx.beta,discharging,1,38.8,49.3,100,95,1,17.02,0.56,1.07,25,3.921,2.228,8.735988,36195,18673,0,-
17:36:17.693,snap,default,com.microsoft.emmx.beta,discharging,1,38.8,49.3,100,95,1,23.54,0.82,2.14,45,3.928,2.292,9.002976,36195,18673,0,-
17:36:18.692,snap,default,com.tencent.mobileqq,discharging,1,38.8,49.3,100,95,1,23.54,0.82,2.14,57,3.955,1.856,7.34048,33026,13470,0,-
17:36:19.692,snap,default,com.tencent.mobileqq,discharging,1,38.8,49.3,100,95,1,28.51,0.85,2.48,57,3.948,1.67,6.5931597,33026,13470,0,-
17:36:20.692,snap,default,com.tencent.mobileqq,discharging,1,38.8,49.3,100,95,1,28.51,0.85,2.48,39,3.94,1.742,6.86348,32145,14014,0,-
17:36:21.693,snap,default,com.tencent.mobileqq,discharging,1,38.9,49.3,100,95,1,29.69,0.88,3.11,23,3.94,1.792,7.06048,32145,14014,0,-
17:36:22.693,snap,default,com.tencent.mobileqq,discharging,1,38.9,49.3,100,95,1,29.69,0.88,3.11,3,3.976,1.306,5.192656,48525,11945,0,-
17:36:23.694,snap,default,com.tencent.mobileqq,discharging,1,38.9,52.3,100,95,1,29.92,0.9,2.73,2,4.003,0.996,3.9869878,48525,11945,0,-
17:36:24.694,snap,default,com.tencent.mobileqq,discharging,1,38.9,55.3,100,95,1,29.92,0.9,2.73,2,3.972,1.352,5.370144,34621,10547,0,-
17:36:25.694,snap,default,com.tencent.mobileqq,discharging,1,38.9,58.3,100,95,1,29.75,0.73,2.96,8,3.981,1.274,5.071794,34621,10547,0,-
17:36:26.694,snap,default,com.tencent.mobileqq,discharging,1,38.9,61.3,100,95,1,29.75,0.73,2.96,8,3.993,1.184,4.727712,17025,7363,0,-
17:36:27.694,snap,default,com.tencent.mobileqq,discharging,1,38.9,61.1,100,95,1,27.44,0.6,2.97,8,4.002,1.096,4.386192,17025,7363,0,-
17:36:28.694,snap,default,com.tencent.mobileqq,discharging,1,38.9,59.6,100,95,1,24.28,0.49,2.79,9,3.976,1.172,4.659872,13487,5423,0,-
17:36:29.695,snap,default,com.tencent.mobileqq,discharging,1,38.9,59.6,100,95,1,24.28,0.49,2.79,17,3.98,1.302,5.18196,13487,5423,0,-
17:36:30.695,snap,default,com.tencent.mobileqq,discharging,1,38.9,59.9,100,95,1,22.06,0.4,2.83,17,3.98,1.302,5.18196,19933,9574,0,-
17:36:31.695,snap,default,com.tencent.mobileqq,discharging,1,38.9,61.1,100,95,1,22.06,0.4,2.83,17,3.96,1.522,6.02712,19933,9574,0,-
17:36:32.695,snap,default,com.tencent.mobileqq,discharging,1,38.9,61.9,100,95,1,22.06,0.4,2.83,17,3.934,2.08,8.18272,30434,14237,0,-
17:36:33.695,snap,default,com.tencent.mobileqq,discharging,1,38.9,61.9,100,95,1,23.13,0.51,2.5,17,3.982,1.43,5.69426,30434,14237,0,-
17:36:34.696,snap,default,com.tencent.mobileqq,discharging,1,38.9,61.9,100,95,1,23.13,0.51,2.5,9,3.987,1.282,5.111334,30434,14237,0,-
17:36:35.696,snap,default,com.tencent.mobileqq,discharging,1,38.9,63.1,100,95,1,24.92,0.6,2.04,14,3.928,2,7.856,32541,16324,0,-
17:36:36.721,snap,default,com.tencent.mobileqq,discharging,1,38.9,64.7,100,95,1,24.92,0.6,2.04,50,3.971,1.776,7.052496,32541,16324,0,-
17:36:37.716,snap,default,com.tencent.mobileqq,discharging,1,38.9,64.7,100,95,1,24.21,0.49,1.67,16,3.994,1.192,4.760848,28085,14382,0,-
17:36:38.715,snap,default,com.tencent.mobileqq,discharging,1,38.9,64.7,100,95,1,24.21,0.49,1.67,16,3.938,2.038,8.025644,28085,14382,0,-
17:36:39.715,snap,default,com.greenpoint.android.mc10086.activity,discharging,1,38.9,64.7,100,95,1,29.6,1.49,2.27,20,3.923,2.54,9.96442,32859,13299,0,-
17:36:40.750,snap,default,com.greenpoint.android.mc10086.activity,discharging,1,38.9,64.7,100,95,1,29.6,1.49,2.27,8,3.906,2.388,9.327528,32859,13299,0,-
17:36:41.754,snap,default,com.greenpoint.android.mc10086.activity,discharging,1,38.9,64.7,100,95,1,34.2,1.94,4.22,8,3.907,2.606,10.181642,31357,8294,0,-
17:36:42.753,snap,default,com.greenpoint.android.mc10086.activity,discharging,1,39,64.7,100,95,1,34.2,1.94,4.22,13,3.905,2.522,9.848411,31357,8294,0,-
17:36:43.753,snap,default,com.greenpoint.android.mc10086.activity,discharging,1,39,64.7,100,95,1,43.22,2.31,8.16,20,3.908,2.596,10.145167,28576,5175,0,-
17:36:44.757,snap,default,com.greenpoint.android.mc10086.activity,discharging,1,39,64.7,100,95,1,43.22,2.31,8.16,25,3.964,1.84,7.2937603,28576,5175,0,-
17:36:45.754,snap,default,com.greenpoint.android.mc10086.activity,discharging,1,39,64.7,100,95,1,46.44,2.44,8.13,12,3.939,1.712,6.743568,30167,12233,0,-
17:36:46.755,snap,default,com.greenpoint.android.mc10086.activity,discharging,1,39,64.7,100,95,1,46.44,2.44,8.13,16,3.906,2.576,10.061855,30167,12233,0,-
17:36:47.755,snap,default,com.greenpoint.android.mc10086.activity,discharging,1,39,64.7,100,95,1,50.89,2.36,8.65,16,3.948,2.13,8.409241,34409,15696,0,-
17:36:48.755,snap,default,com.greenpoint.android.mc10086.activity,discharging,1,39,67.7,100,95,1,50.89,2.36,8.65,22,3.985,1.2,4.782,34409,15696,0,-
17:36:49.756,snap,default,com.greenpoint.android.mc10086.activity,discharging,1,39,70.2,100,95,1,51.82,1.93,7.99,22,3.988,1.23,4.90524,12713,4564,0,-
17:36:50.756,snap,default,com.greenpoint.android.mc10086.activity,discharging,1,39,67.8,100,95,1,51.82,1.93,7.99,13,3.999,0.936,3.743064,12713,4564,0,-
17:36:51.756,snap,default,com.greenpoint.android.mc10086.activity,discharging,1,39,64.8,100,95,1,50.58,1.58,6.9,13,3.991,1.332,5.316012,14886,6671,0,-
17:36:52.756,snap,default,com.greenpoint.android.mc10086.activity,discharging,1,39,63.1,100,95,1,50.58,1.58,6.9,0,4.003,0.956,3.8268676,14886,6671,0,-
17:36:53.756,snap,default,com.greenpoint.android.mc10086.activity,discharging,1,39.1,63.1,100,95,1,43.41,1.29,6.37,18,3.995,1.174,4.6901298,10200,3568,0,-
17:36:54.756,snap,default,com.greenpoint.android.mc10086.activity,discharging,1,39.1,63.5,100,95,1,43.41,1.29,6.37,20,3.958,1.58,6.25364,10200,3568,0,-
17:36:55.757,snap,default,com.greenpoint.android.mc10086.activity,discharging,1,39.1,63.5,100,95,1,37.72,1.06,6.49,20,3.975,1.302,5.17545,17144,8075,0,-
17:36:56.757,snap,default,com.greenpoint.android.mc10086.activity,discharging,1,39.1,63.9,100,95,1,37.72,1.06,6.49,10,3.978,1.184,4.709952,17144,8075,0,-
17:36:57.757,snap,default,com.greenpoint.android.mc10086.activity,discharging,1,39.1,65.9,100,95,1,32.33,0.86,6.04,21,3.977,1.418,5.6393857,18176,7959,0,-
17:36:58.757,snap,default,com.greenpoint.android.mc10086.activity,discharging,1,39.1,65.9,100,95,1,32.33,0.86,6.04,20,3.965,1.566,6.20919,18176,7959,0,-
17:36:59.759,snap,default,com.greenpoint.android.mc10086.activity,discharging,1,39.1,65.9,100,95,1,30.1,0.71,6.21,20,3.973,1.436,5.705228,22062,11931,0,-
17:37:00.758,snap,default,com.greenpoint.android.mc10086.activity,discharging,1,39.1,65.1,100,95,1,30.1,0.71,6.21,16,4,1.03,4.12,22062,11931,0,-
17:37:01.758,snap,default,com.greenpoint.android.mc10086.activity,discharging,1,39.1,65.1,100,95,1,26.46,0.58,5.63,18,3.983,1.338,5.329254,16479,7292,0,-
17:37:02.758,snap,default,com.greenpoint.android.mc10086.activity,discharging,1,39.1,65.1,100,95,1,24.56,0.47,4.79,22,3.926,1.828,7.1767282,16479,7292,0,-
17:37:03.759,snap,default,com.greenpoint.android.mc10086.activity,discharging,1,39.1,65.1,100,95,1,24.56,0.47,4.79,25,3.926,1.828,7.1767282,16479,7292,0,-
17:37:04.759,snap,default,com.greenpoint.android.mc10086.activity,discharging,1,39.2,64.3,100,95,1,24.56,0.47,4.79,25,3.963,1.618,6.412134,23260,12570,0,-
17:37:05.760,snap,default,com.greenpoint.android.mc10086.activity,discharging,1,39.2,61.5,100,95,1,21.74,0.39,4.1,25,4.003,0.922,3.6907659,23260,12570,0,-
17:37:06.759,snap,default,com.greenpoint.android.mc10086.activity,discharging,1,39.2,61.5,100,95,1,21.74,0.39,4.1,0,3.965,1.354,5.36861,13492,5573,0,-
17:37:07.759,snap,default,com.greenpoint.android.mc10086.activity,discharging,1,39.2,62.7,100,95,1,19.79,0.31,3.54,15,4.001,0.962,3.848962,13492,5573,0,-
17:37:08.760,snap,default,com.greenpoint.android.mc10086.activity,discharging,1,39.2,62.7,100,95,1,19.79,0.31,3.54,15,3.999,1.188,4.750812,13066,5309,0,-
17:37:09.760,snap,default,com.greenpoint.android.mc10086.activity,discharging,1,39.2,59.7,100,95,1,17.66,0.26,2.9,15,3.983,1.088,4.333504,13066,5309,0,-
17:37:10.760,snap,default,com.greenpoint.android.mc10086.activity,discharging,1,39.2,59.2,100,95,1,17.66,0.26,2.9,15,3.997,0.99,3.95703,11094,3197,0,-
17:37:11.760,snap,default,com.greenpoint.android.mc10086.activity,discharging,1,39.2,59.2,100,95,1,15.72,0.21,2.55,0,3.991,1.186,4.733326,11094,3197,0,-
17:37:12.760,snap,default,com.greenpoint.android.mc10086.activity,discharging,1,39.2,59.2,100,95,1,15.72,0.21,2.55,0,3.992,1.016,4.0558724,11820,4170,0,-
17:37:13.760,snap,default,com.greenpoint.android.mc10086.activity,discharging,1,39.2,58.4,100,95,1,13.6,0.17,2.27,17,3.995,0.926,3.69937,11820,4170,0,-
17:37:14.761,snap,default,com.greenpoint.android.mc10086.activity,discharging,1,39.2,58.4,100,95,1,13.6,0.17,2.27,17,3.995,1.004,4.0109797,9815,3028,0,-
17:37:15.761,snap,default,com.greenpoint.android.mc10086.activity,discharging,1,39.2,58,100,95,1,11.86,0.14,2.04,17,3.997,0.976,3.901072,9815,3028,0,-
17:37:16.761,snap,default,com.greenpoint.android.mc10086.activity,discharging,1,39.2,58,100,95,1,11.86,0.14,2.04,17,3.992,1.042,4.159664,9824,2693,0,-
17:37:17.761,snap,default,com.greenpoint.android.mc10086.activity,discharging,1,39.2,58,100,95,1,10.62,0.11,2.03,17,3.994,0.916,3.658504,9824,2693,0,-
17:37:18.761,snap,default,com.greenpoint.android.mc10086.activity,discharging,1,39.2,58,100,95,1,10.62,0.11,2.03,9,4.001,1.104,4.417104,9112,2859,0,-
17:37:19.762,snap,default,com.greenpoint.android.mc10086.activity,discharging,1,39.2,57.6,100,95,1,9.42,0.09,1.66,9,3.995,0.968,3.8671598,9112,2859,0,-
17:37:20.762,snap,default,com.greenpoint.android.mc10086.activity,discharging,1,39.2,57.6,100,95,1,9.42,0.09,1.66,0,4.001,0.966,3.864966,13456,4200,0,-
17:37:21.763,snap,default,com.greenpoint.android.mc10086.activity,discharging,1,39.2,57.6,100,95,1,9.52,0.25,1.72,11,3.998,1.092,4.365816,13456,4200,0,-
17:37:22.763,snap,default,com.greenpoint.android.mc10086.activity,discharging,1,39.2,57.6,100,95,1,9.52,0.25,1.72,13,3.998,1.078,4.3098435,15583,6189,0,-
17:37:23.764,snap,default,com.greenpoint.android.mc10086.activity,discharging,1,39.2,57.6,100,95,1,9.43,0.21,1.59,0,4.006,0.912,3.653472,15583,6189,0,-
17:37:24.764,snap,default,com.greenpoint.android.mc10086.activity,discharging,1,39.3,57.6,100,95,1,9.43,0.21,1.59,0,4.005,0.96,3.8448,12750,4584,0,-
17:37:25.764,snap,default,com.greenpoint.android.mc10086.activity,discharging,1,39.3,58.4,100,95,1,8.98,0.17,1.66,17,4.002,0.97,3.88194,12750,4584,0,-
17:37:26.764,snap,default,com.greenpoint.android.mc10086.activity,discharging,1,39.3,58.4,100,95,1,8.98,0.17,1.66,17,4.018,0.914,3.672452,12041,3759,0,-
17:37:27.764,snap,default,com.greenpoint.android.mc10086.activity,discharging,1,39.3,56,100,95,1,8.26,0.14,1.54,17,4.011,0.792,3.176712,12041,3759,0,-
17:37:28.765,snap,default,com.greenpoint.android.mc10086.activity,discharging,1,39.3,55.6,100,95,1,8.26,0.14,1.54,13,4.023,0.576,2.3172479,12041,3759,0,-
17:37:29.765,snap,default,com.greenpoint.android.mc10086.activity,discharging,1,39.3,55.6,100,95,1,8.21,0.11,1.26,0,4.01,0.602,2.41402,9742,3626,0,-
17:37:30.765,snap,default,com.greenpoint.android.mc10086.activity,discharging,1,39.3,55.2,100,95,1,8.21,0.11,1.26,0,4.014,0.86,3.45204,9742,3626,0,-
17:37:31.765,snap,default,com.greenpoint.android.mc10086.activity,discharging,1,39.3,55.6,100,95,1,9.99,1.36,1.21,0,4.01,0.854,3.42454,16244,4567,0,-
17:37:32.766,snap,default,com.greenpoint.android.mc10086.activity,discharging,1,39.3,56.8,100,95,1,9.99,1.36,1.21,10,4.011,0.918,3.6820982,16244,4567,0,-
17:37:33.766,snap,default,com.greenpoint.android.mc10086.activity,discharging,1,39.3,56.8,100,95,1,10.35,2.02,0.99,10,4.014,0.808,3.2433121,15483,4460,0,-
17:37:34.766,snap,default,com.greenpoint.android.mc10086.activity,discharging,1,39.4,55.2,100,95,1,10.35,2.02,0.81,0,4.023,0.644,2.5908117,15483,4460,0,-
17:37:35.767,snap,default,com.greenpoint.android.mc10086.activity,discharging,1,39.4,55.2,100,95,1,10.47,2.38,0.81,0,4.023,0.644,2.5908117,10903,3396,0,-
17:37:36.767,snap,default,com.greenpoint.android.mc10086.activity,discharging,1,39.4,56.4,100,95,1,10.47,2.38,0.81,0,4.006,0.85,3.4051,10903,3396,0,-
17:37:37.767,snap,default,com.greenpoint.android.mc10086.activity,discharging,1,39.4,56.4,100,95,1,10.93,2.13,0.66,9,4.005,1.046,4.18923,13902,5335,0,-
17:37:38.767,snap,default,com.greenpoint.android.mc10086.activity,discharging,1,39.4,56.4,100,95,1,10.93,2.13,0.66,9,4.012,0.846,3.3941522,13902,5335,0,-
17:37:39.768,snap,default,com.greenpoint.android.mc10086.activity,discharging,1,39.4,58,100,95,1,11.12,1.92,0.54,9,4.015,0.894,3.5894098,17234,8202,0,-
17:37:40.768,snap,default,com.greenpoint.android.mc10086.activity,discharging,1,39.4,58,100,95,1,11.12,1.92,0.54,14,4.001,1.078,4.313078,17234,8202,0,-
17:37:41.768,snap,default,com.greenpoint.android.mc10086.activity,discharging,1,39.4,57.2,100,95,1,11.46,1.75,0.44,0,3.998,0.888,3.550224,17715,8917,0,-
17:37:42.768,snap,default,com.greenpoint.android.mc10086.activity,discharging,1,39.4,57.2,100,95,1,11.46,1.75,0.44,0,4.005,0.856,3.42828,17715,8917,0,-
17:37:43.768,snap,default,com.greenpoint.android.mc10086.activity,discharging,1,39.4,57.2,100,95,1,11.74,1.62,0.36,9,4.008,0.882,3.535056,13520,6041,0,-
17:37:44.768,snap,default,com.greenpoint.android.mc10086.activity,discharging,1,39.4,55.6,100,95,1,11.74,1.62,0.36,0,4.011,0.682,2.735502,13520,6041,0,-
17:37:45.769,snap,default,com.greenpoint.android.mc10086.activity,discharging,1,39.4,55.6,100,95,1,10.52,1.32,0.29,0,4.019,0.684,2.748996,9311,3199,0,-
17:37:46.769,snap,default,com.greenpoint.android.mc10086.activity,discharging,1,39.4,54.4,100,95,1,10.52,1.32,0.29,15,4.009,0.754,3.022786,9311,3199,0,-
17:37:47.769,snap,default,com.greenpoint.android.mc10086.activity,discharging,1,39.4,55.6,100,95,1,9.7,1.08,0.24,15,4.012,0.812,3.257744,12661,4049,0,-
17:37:48.769,snap,default,com.greenpoint.android.mc10086.activity,discharging,1,39.4,55.6,100,95,1,9.7,1.08,0.24,15,3.986,1.026,4.0896363,12661,4049,0,-
17:37:49.769,snap,default,com.greenpoint.android.mc10086.activity,discharging,1,39.4,58.6,100,95,1,14.28,1.43,0.92,15,4.004,0.992,3.9719682,11768,3853,0,-
17:37:50.770,snap,default,com.greenpoint.android.mc10086.activity,discharging,1,39.4,55.6,100,95,1,14.28,1.43,0.92,10,4.011,0.984,3.9468243,11768,3853,0,-
17:37:51.770,snap,default,com.greenpoint.android.mc10086.activity,discharging,1,39.4,54,100,95,1,14.59,1.17,0.75,0,4.021,0.584,2.348264,9708,3616,0,-
17:37:52.770,snap,default,com.greenpoint.android.mc10086.activity,discharging,1,39.4,52.8,100,95,1,14.59,1.17,0.75,0,4.027,0.53,2.1343098,9708,3616,0,-
17:37:53.771,snap,default,com.greenpoint.android.mc10086.activity,discharging,1,39.4,52.8,100,95,1,13.76,0.95,0.62,9,4.013,0.69,2.76897,9309,4019,0,-
17:37:54.772,snap,default,com.greenpoint.android.mc10086.activity,discharging,1,39.5,52.4,100,95,1,13.76,0.95,0.62,9,4.026,0.596,2.399496,9309,4019,0,-
17:37:55.772,snap,default,com.greenpoint.android.mc10086.activity,discharging,1,39.5,51.7,100,95,1,13.26,0.78,0.5,0,4.031,0.458,1.8461981,9309,4019,0,-
17:37:56.773,snap,default,com.greenpoint.android.mc10086.activity,discharging,1,39.5,51.7,100,95,1,13.26,0.78,0.5,0,4.031,0.428,1.7252681,9749,4114,0,-
17:37:57.773,snap,default,com.greenpoint.android.mc10086.activity,discharging,1,39.5,52.1,100,95,1,12.85,0.64,0.41,11,4.032,0.526,2.1208322,9749,4114,0,-
17:37:58.773,snap,default,com.greenpoint.android.mc10086.activity,discharging,1,39.5,52.1,100,95,1,12.85,0.64,0.41,0,4.032,0.484,1.951488,9610,4261,0,-
17:37:59.773,snap,default,com.greenpoint.android.mc10086.activity,discharging,1,39.5,52.1,100,95,1,12.87,0.52,0.33,0,4.029,0.484,1.9500359,9610,4261,0,-
17:38:00.774,snap,default,com.greenpoint.android.mc10086.activity,discharging,1,39.5,51.3,100,95,1,12.87,0.52,0.33,0,4.014,0.72,2.89008,11508,6038,0,-
17:38:01.774,snap,default,com.greenpoint.android.mc10086.activity,discharging,1,39.5,51.3,100,95,1,13.62,0.43,0.27,0,4.02,0.508,2.04216,11508,6038,0,-
17:38:02.775,snap,default,com.greenpoint.android.mc10086.activity,discharging,1,39.5,50.5,100,95,1,13.62,0.43,0.27,11,4.039,0.468,1.890252,12523,5856,0,-
17:38:03.775,snap,default,com.greenpoint.android.mc10086.activity,discharging,1,39.5,50.5,100,95,1,13.51,0.35,0.22,11,4.012,0.638,2.5596561,12523,5856,0,-
17:38:04.776,snap,default,com.greenpoint.android.mc10086.activity,discharging,1,39.5,51.3,100,95,1,13.51,0.35,0.22,11,4.03,0.486,1.9585801,11333,5819,0,-
17:38:05.777,snap,default,com.greenpoint.android.mc10086.activity,discharging,1,39.5,51.3,100,95,1,13.23,0.28,0.18,11,4.03,0.486,1.9585801,11333,5819,0,-
17:38:06.778,snap,default,com.greenpoint.android.mc10086.activity,discharging,1,39.5,51.3,100,95,1,13.23,0.28,0.18,11,4.028,0.49,1.97372,8700,3913,0,-
17:38:07.779,snap,default,com.greenpoint.android.mc10086.activity,discharging,1,39.5,51.3,100,95,1,12.28,0.23,0.15,0,4.018,0.704,2.8286722,8700,3913,0,-
17:38:08.780,snap,default,com.greenpoint.android.mc10086.activity,discharging,1,39.5,51.3,100,95,1,12.28,0.23,0.15,11,4.032,0.592,2.386944,9226,3690,0,-
17:38:09.780,snap,default,com.greenpoint.android.mc10086.activity,discharging,1,39.5,50.9,100,95,1,12.59,0.19,0.12,11,4.041,0.446,1.802286,9226,3690,0,-
17:38:10.780,snap,default,com.greenpoint.android.mc10086.activity,discharging,1,39.5,50.5,100,95,1,12.59,0.19,0.12,0,4.033,0.498,2.008434,9269,3651,0,-
17:38:11.781,snap,default,com.greenpoint.android.mc10086.activity,discharging,1,39.5,50.5,100,95,1,11.94,0.15,0.1,11,4.038,0.518,2.091684,9269,3651,0,-
17:38:12.781,snap,default,com.greenpoint.android.mc10086.activity,discharging,1,39.5,50.1,100,95,1,11.94,0.15,0.1,11,4.042,0.488,1.9724959,8870,3601,0,-
17:38:13.781,snap,default,com.greenpoint.android.mc10086.activity,discharging,1,39.5,50.1,100,95,1,12.13,0.12,0.08,0,4.03,0.5,2.015,8870,3601,0,-
17:38:14.781,snap,default,com.greenpoint.android.mc10086.activity,discharging,1,39.6,49.7,100,95,1,12.13,0.12,0.08,0,4.039,0.518,2.092202,8729,3454,0,-
17:38:15.782,snap,default,com.greenpoint.android.mc10086.activity,discharging,1,39.6,49.7,100,95,1,11.38,0.1,0.06,12,4.039,0.468,1.890252,8729,3454,0,-
17:38:16.782,snap,default,com.greenpoint.android.mc10086.activity,discharging,1,39.6,49.7,100,95,1,11.38,0.1,0.06,12,4.038,0.46,1.85748,7866,2875,0,-
17:38:17.783,snap,default,com.greenpoint.android.mc10086.activity,discharging,1,39.6,50.9,100,95,1,11.49,0.08,0.05,12,4.021,0.522,2.098962,7866,2875,0,-
17:38:18.783,snap,default,com.greenpoint.android.mc10086.activity,discharging,1,39.6,50.9,100,95,1,11.49,0.08,0.05,11,4.024,0.646,2.5995042,10232,4497,0,-
17:38:19.783,snap,default,com.greenpoint.android.mc10086.activity,discharging,1,39.6,50.9,100,95,1,11.22,0.07,0.04,11,4.031,0.606,2.4427862,10232,4497,0,-
17:38:20.783,snap,default,com.greenpoint.android.mc10086.activity,discharging,1,39.6,50.9,100,95,1,11.22,0.07,0.04,18,3.994,1.318,5.264092,27503,13477,0,-
17:38:21.803,snap,default,com.greenpoint.android.mc10086.activity,discharging,1,39.6,50.9,100,95,1,14.8,0.41,0.39,30,3.952,2.064,8.156927,27503,13477,0,-
17:38:22.814,snap,default,com.tencent.mobileqq,discharging,1,39.6,50.9,100,95,1,14.8,0.41,0.39,56,3.951,1.808,7.143408,27503,13477,0,-
17:38:23.814,snap,default,com.tencent.mobileqq,discharging,1,39.6,50.9,100,95,1,18.1,0.52,0.5,65,3.945,1.846,7.2824697,31930,16190,0,-
17:38:24.818,snap,default,com.tencent.mobileqq,discharging,1,39.6,50.9,100,95,1,18.1,0.52,0.5,51,3.957,1.624,6.426168,31930,16190,0,-
17:38:25.817,snap,default,com.tencent.mobileqq,discharging,1,39.6,50.9,100,95,1,24.78,0.97,1.14,14,3.907,2.398,9.368986,34880,13369,0,-
17:38:26.827,snap,default,com.tencent.mobileqq,discharging,1,39.6,50.9,100,95,1,24.78,0.97,1.14,16,3.887,2.938,11.420006,34880,13369,0,-
17:38:27.821,snap,default,com.tencent.mobileqq,discharging,1,39.6,50.9,100,95,1,34.79,2.06,1.14,16,3.887,2.938,11.420006,45733,13578,0,-
17:38:28.840,snap,default,com.tencent.mobileqq,discharging,1,39.6,50.9,100,95,1,34.79,2.06,1.84,43,3.884,3.08,11.96272,45733,13578,0,-
17:38:29.841,snap,default,com.tencent.mobileqq,discharging,1,39.7,50.9,100,95,1,43.52,2.59,3.86,26,3.885,2.892,11.23542,42741,13071,0,-
17:38:30.841,snap,default,com.tencent.mobileqq,discharging,1,39.7,50.9,100,95,1,43.52,2.59,3.86,28,3.891,2.716,10.567956,42741,13071,0,-
17:38:31.841,snap,default,com.tencent.mobileqq,discharging,1,39.7,50.9,100,95,1,48.5,3.03,3.52,31,3.906,2.486,9.710316,44029,13978,0,-
17:38:32.841,snap,default,com.tencent.mobileqq,discharging,1,39.7,50.9,100,95,1,48.5,3.03,3.52,29,3.954,1.544,6.104976,44029,13978,0,-
17:38:33.841,snap,default,com.tencent.mobileqq,discharging,1,39.7,50.9,100,95,1,50.04,3.02,3.61,31,3.891,2.588,10.069908,32440,12314,0,-
17:38:34.842,snap,default,com.tencent.mobileqq,discharging,1,39.7,50.9,100,95,1,50.04,3.02,3.61,62,3.894,2.802,10.910988,32440,12314,0,-
17:38:35.846,snap,default,com.tencent.mobileqq,discharging,1,39.7,50.9,100,95,1,51.84,2.84,2.95,60,3.913,2.528,9.892065,35369,17098,0,-
17:38:36.847,snap,default,com.tencent.mobileqq,discharging,1,39.7,50.9,100,95,1,51.84,2.84,2.95,63,3.894,2.572,10.015368,35369,17098,0,-
17:38:37.847,snap,default,com.tencent.mobileqq,discharging,1,39.7,50.9,100,95,1,50.42,2.5,2.78,61,3.941,1.776,6.999216,30166,17388,0,-
17:38:38.847,snap,default,com.tencent.mobileqq,discharging,1,39.7,50.9,100,95,1,50.42,2.5,2.78,60,3.955,1.602,6.33591,30166,17388,0,-
17:38:39.847,snap,default,com.tencent.mobileqq,discharging,1,39.7,50.9,100,95,1,45.27,2.05,2.27,56,3.937,1.568,6.173216,27213,16912,0,-
17:38:40.847,snap,default,com.tencent.mobileqq,discharging,1,39.7,50.9,100,95,1,45.27,2.05,2.27,61,3.988,1.208,4.8175035,27213,16912,0,-
17:38:41.848,snap,default,com.tencent.mobileqq,discharging,1,39.7,50.9,100,95,1,39.97,1.68,1.86,30,3.997,0.862,3.4454138,20506,12439,0,-
17:38:42.850,snap,default,com.tencent.mobileqq,discharging,1,39.7,50.9,100,95,1,39.97,1.68,1.86,32,3.981,1.172,4.665732,20506,12439,0,-
17:38:43.850,snap,default,com.tencent.mobileqq,discharging,1,39.7,50.9,100,95,1,38.52,1.55,1.7,67,3.898,2.574,10.033451,32765,18780,0,-
17:38:44.852,snap,default,com.tencent.mobileqq,discharging,1,39.7,50.9,100,95,1,38.52,1.55,1.7,77,3.857,3.372,13.005804,32765,18780,0,-
17:38:45.854,snap,default,com.tencent.mobileqq,discharging,1,39.8,50.9,100,95,1,44.59,1.45,2.12,76,3.869,3.15,12.18735,35374,17604,0,-
17:38:46.852,snap,default,com.tencent.mobileqq,discharging,1,39.8,50.9,100,95,1,44.59,1.45,2.12,75,3.866,3.066,11.853156,35374,17604,0,-
17:38:47.854,snap,default,com.tencent.mobileqq,discharging,1,39.8,50.9,100,95,1,47.56,1.19,1.73,53,3.95,1.914,7.5603004,27282,15148,0,-
17:38:48.860,snap,default,com.tencent.mobileqq,discharging,1,39.8,50.9,100,95,1,47.56,1.19,1.73,72,3.89,2.29,8.9081,27282,15148,0,-
17:38:49.865,snap,default,com.tencent.mobileqq,discharging,1,39.8,50.9,100,95,1,46.37,0.97,1.42,77,3.864,3.21,12.40344,27282,15148,0,-
17:38:50.865,snap,default,com.tencent.mobileqq,discharging,1,39.8,50.9,100,95,1,46.37,0.97,1.42,73,3.871,3.064,11.8607435,33641,18751,0,-
17:38:51.872,snap,default,com.tencent.mobileqq,discharging,1,39.8,50.9,100,95,1,50.29,0.79,1.16,75,3.875,2.878,11.15225,33641,18751,0,-
17:38:52.872,snap,default,com.tencent.mobileqq,discharging,1,39.8,50.9,100,95,1,50.29,0.79,1.16,50,3.875,2.878,11.15225,33719,17705,0,-
17:38:53.872,snap,default,com.tencent.mobileqq,discharging,1,39.8,50.9,100,95,1,50.29,0.79,1.16,50,3.891,2.37,9.221669,33719,17705,0,-
17:38:54.872,snap,default,com.tencent.mobileqq,discharging,1,39.8,50.9,100,95,1,51.86,0.83,0.95,57,3.941,1.956,7.7085958,33433,18804,0,-
17:38:55.872,snap,default,com.tencent.mobileqq,discharging,1,39.9,50.9,100,95,1,45.37,0.68,0.78,60,3.956,1.458,5.767848,33433,18804,0,-
17:38:56.873,snap,default,com.tencent.mobileqq,discharging,1,39.9,50.9,100,95,1,45.37,0.68,0.78,59,3.939,1.398,5.506722,24508,14646,0,-
17:38:57.873,snap,default,com.tencent.mobileqq,discharging,1,39.9,50.9,100,95,1,39.86,0.56,0.63,58,3.959,1.468,5.8118124,24508,14646,0,-
17:38:58.873,snap,default,com.tencent.mobileqq,discharging,1,39.9,50.9,100,95,1,39.86,0.56,0.63,57,3.981,1.148,4.570188,20609,12707,0,-
17:38:59.873,snap,default,com.tencent.mobileqq,discharging,1,39.9,50.9,100,95,1,35.18,0.45,0.52,32,3.985,1.078,4.29583,20609,12707,0,-
17:39:00.873,snap,default,com.tencent.mobileqq,discharging,1,39.9,50.9,100,95,1,35.18,0.45,0.52,32,3.986,1.036,4.129496,15383,7732,0,-
17:39:01.873,snap,default,com.tencent.mobileqq,discharging,1,39.9,50.9,100,95,1,30.62,0.37,0.42,32,3.984,1.07,4.2628803,15383,7732,0,-
17:39:02.874,snap,default,com.tencent.mobileqq,discharging,1,39.9,50.9,100,95,1,30.62,0.37,0.42,32,3.975,1.256,4.9926,19246,9227,0,-
17:39:03.874,snap,default,com.tencent.mobileqq,discharging,1,39.9,53.6,100,95,1,32.86,0.3,0.35,31,3.983,1.176,4.684008,19246,9227,0,-
17:39:04.874,snap,default,com.tencent.mobileqq,discharging,1,39.9,56.6,100,95,1,32.86,0.3,0.35,31,3.986,1.06,4.2251596,18062,8691,0,-
17:39:05.878,snap,default,com.tencent.mobileqq,discharging,1,39.9,59.6,100,95,1,29.26,0.25,0.28,32,3.986,1.236,4.926696,18062,8691,0,-
17:39:06.879,snap,default,com.tencent.mobileqq,discharging,1,39.9,62.6,100,95,1,29.26,0.25,0.28,32,3.942,1.57,6.18894,26494,13166,0,-
17:39:07.878,snap,default,com.tencent.mobileqq,discharging,1,39.9,65.6,100,95,1,27.58,0.38,0.23,41,3.953,1.496,5.913688,26494,13166,0,-
17:39:08.879,snap,default,com.tencent.mobileqq,discharging,1,39.9,64.7,100,95,1,27.58,0.38,0.23,43,3.99,1.044,4.1655602,23516,14446,0,-
17:39:09.879,snap,default,com.tencent.mobileqq,discharging,1,39.9,63.9,100,95,1,25.66,0.31,0.19,41,3.983,1.1,4.3813,23516,14446,0,-
17:39:10.879,snap,default,com.tencent.mobileqq,discharging,1,39.9,63.9,100,95,1,25.66,0.31,0.19,41,3.982,1.17,4.65894,21606,10676,0,-
17:39:11.879,snap,default,com.tencent.mobileqq,discharging,1,39.9,66.9,100,95,1,25.72,0.62,0.33,41,3.909,2.128,8.318352,21606,10676,0,-
17:39:12.879,snap,default,com.tencent.mobileqq,discharging,1,39.9,69.9,100,95,1,25.72,0.62,0.33,41,3.914,2.198,8.602972,38296,17625,0,-
17:39:13.880,snap,default,com.tencent.mobileqq,discharging,1,39.9,72.9,100,95,1,25.77,1.05,0.27,41,3.97,1.404,5.57388,38296,17625,0,-
17:39:14.880,snap,default,com.tencent.mobileqq,discharging,1,39.9,69.9,100,95,1,25.77,1.05,0.27,34,3.948,1.396,5.511408,19626,10873,0,-
17:39:15.880,snap,default,com.tencent.mobileqq,discharging,1,39.9,66.9,100,95,1,24.18,0.86,0.22,32,3.995,0.938,3.74731,19626,10873,0,-
17:39:16.880,snap,default,com.tencent.mobileqq,discharging,1,39.9,65.1,100,95,1,24.18,0.86,0.22,32,3.979,1.092,4.345068,19626,10873,0,-
17:39:17.881,snap,default,com.tencent.mobileqq,discharging,1,39.9,62.7,100,95,1,22.34,0.7,0.18,31,3.977,1.068,4.247436,15467,9022,0,-
17:39:18.881,snap,default,com.tencent.mobileqq,discharging,1,39.9,61.9,100,95,1,22.34,0.7,0.18,32,4,0.846,3.384,15467,9022,0,-
17:39:19.881,snap,default,com.tencent.mobileqq,discharging,1,39.9,61.9,100,95,1,20.64,0.57,0.15,32,3.984,1.01,4.02384,15421,9253,0,-
17:39:20.882,snap,default,com.tencent.mobileqq,discharging,1,39.9,60.7,100,95,1,20.64,0.57,0.15,32,3.991,0.994,3.967054,15421,9253,0,-
17:39:21.882,snap,default,com.tencent.mobileqq,discharging,1,39.9,59.9,100,95,1,19.62,0.47,0.12,32,3.981,1.032,4.108392,16014,9225,0,-
17:39:22.882,snap,default,com.tencent.mobileqq,discharging,1,39.9,60.7,100,95,1,19.62,0.47,0.12,35,3.998,0.862,3.446276,16014,9225,0,-
17:39:23.882,snap,default,com.tencent.mobileqq,discharging,1,39.9,60.7,100,95,1,18.6,0.38,0.1,33,3.996,0.852,3.404592,15536,9246,0,-
17:39:24.882,snap,default,com.tencent.mobileqq,discharging,1,39.9,60.7,100,95,1,18.6,0.38,0.1,32,3.996,0.852,3.404592,15536,9246,0,-
17:39:25.883,snap,default,com.tencent.mobileqq,discharging,1,39.9,59.6,100,95,1,18.6,0.38,0.1,32,4.008,0.764,3.0621119,14714,8695,0,-
17:39:26.883,snap,default,com.tencent.mobileqq,discharging,1,39.9,59.6,100,95,1,17.77,0.31,0.08,32,4.002,0.742,2.9694839,14714,8695,0,-
17:39:27.883,snap,default,com.tencent.mobileqq,discharging,1,39.8,62.6,100,95,1,17.77,0.31,0.08,38,3.972,1.166,4.631352,25725,14785,0,-
17:39:28.883,snap,default,com.tencent.mobileqq,discharging,1,39.8,65.6,100,95,1,17.81,0.44,0.06,38,3.955,1.502,5.9404097,25725,14785,0,-
17:39:29.883,snap,default,com.tencent.mobileqq,discharging,1,39.8,63.1,100,95,1,20.02,0.54,0.05,41,3.959,1.354,5.360486,28511,16427,0,-
17:39:30.883,snap,default,com.tencent.mobileqq,discharging,1,39.8,61.1,100,95,1,20.02,0.54,0.05,9,4.009,0.786,3.151074,28511,16427,0,-
17:39:31.884,snap,default,com.tencent.mobileqq,discharging,1,39.8,59.9,100,95,1,18.38,0.44,0.04,8,4.005,0.636,2.54718,12392,6992,0,-
17:39:32.884,snap,default,com.tencent.mobileqq,discharging,1,39.8,58,100,95,1,18.38,0.44,0.04,6,4.018,0.602,2.418836,12392,6992,0,-
17:39:33.884,snap,default,com.tencent.mobileqq,discharging,1,39.8,56,100,95,1,17.22,0.36,0.03,6,4.018,0.544,2.1857922,10349,5882,0,-
17:39:34.885,snap,default,com.tencent.mobileqq,discharging,1,39.8,56,100,95,1,17.22,0.36,0.03,6,4.019,0.574,2.306906,10349,5882,0,-
17:39:35.885,snap,default,com.tencent.mobileqq,discharging,1,39.8,54.8,100,95,1,16.1,0.29,0.02,6,4.019,0.506,2.033614,9908,5449,0,-
17:39:36.885,snap,default,com.tencent.mobileqq,discharging,1,39.8,54.4,100,95,1,16.1,0.29,0.02,6,4.025,0.506,2.03665,9908,5449,0,-
17:39:37.886,snap,default,com.tencent.mobileqq,discharging,1,39.8,54,100,95,1,14.99,0.24,0.02,1,4.024,0.486,1.955664,9850,4489,0,-
17:39:38.886,snap,default,com.tencent.mobileqq,discharging,1,39.9,53.6,100,95,1,14.99,0.24,0.02,2,4.031,0.422,1.701082,9850,4489,0,-
17:39:39.887,snap,default,com.tencent.mobileqq,discharging,1,39.9,53.2,100,95,1,14.27,0.19,0.01,0,4.026,0.42,1.69092,7635,3505,0,-
17:39:40.887,snap,default,com.tencent.mobileqq,discharging,1,39.9,52.8,100,95,1,14.27,0.19,0.01,1,4.024,0.478,1.923472,7635,3505,0,-
17:39:41.887,snap,default,com.tencent.mobileqq,discharging,1,39.9,52.4,100,95,1,13.49,0.16,0.01,2,4.022,0.524,2.107528,7635,3505,0,-
17:39:42.887,snap,default,com.tencent.mobileqq,discharging,1,39.9,52.4,100,95,1,13.49,0.16,0.01,4,4.024,0.524,2.108576,8225,3886,0,-
17:39:43.888,snap,default,com.tencent.mobileqq,discharging,1,39.9,52.1,100,95,1,12.68,0.13,0.01,0,4.023,0.484,1.9471319,8225,3886,0,-
17:39:44.888,snap,default,com.tencent.mobileqq,discharging,1,39.9,52.1,100,95,1,12.68,0.13,0.01,2,4.017,0.496,1.9924321,7882,3134,0,-
17:39:45.888,snap,default,com.tencent.mobileqq,discharging,1,39.9,52.1,100,95,1,12.01,0.1,0.01,2,4.02,0.502,2.01804,7882,3134,0,-
17:39:46.888,snap,default,com.tencent.mobileqq,discharging,1,39.9,52.4,100,95,1,12.01,0.1,0.01,2,4.019,0.498,2.001462,8382,3670,0,-
17:39:47.889,snap,default,com.tencent.mobileqq,discharging,1,39.9,52.4,100,95,1,11.83,0.08,0,2,4.003,0.77,3.0823097,8382,3670,0,-
17:39:48.889,snap,default,com.tencent.mobileqq,discharging,1,39.9,52.1,100,95,1,11.83,0.08,0,1,4.018,0.63,2.5313401,9920,4681,0,-
17:39:49.889,snap,default,com.tencent.mobileqq,discharging,1,39.8,52.1,100,95,1,11.49,0.07,0,0,4.012,0.602,2.415224,9920,4681,0,-
17:39:50.890,snap,default,com.tencent.mobileqq,discharging,1,39.8,52.1,100,95,1,11.49,0.07,0,3,4.017,0.698,2.8038661,8169,3757,0,-
17:39:51.890,snap,default,com.tencent.mobileqq,discharging,1,39.8,52.1,100,95,1,11.04,0.05,0,3,4.011,0.7,2.8077002,8169,3757,0,-
17:39:52.890,snap,default,com.tencent.mobileqq,discharging,1,39.8,52.1,100,95,1,11.04,0.05,0,2,4.015,0.636,2.5535398,7567,3404,0,-
17:39:53.890,snap,default,com.tencent.mobileqq,discharging,1,39.8,52.1,100,95,1,10.49,0.04,0,2,4.014,0.656,2.633184,7567,3404,0,-
17:39:54.890,snap,default,com.tencent.mobileqq,discharging,1,39.8,51.7,100,95,1,10.49,0.04,0,2,4.023,0.534,2.1482818,7341,3182,0,-
17:39:55.891,snap,default,com.tencent.mobileqq,discharging,1,39.8,51.7,100,95,1,10.04,0.03,0.18,0,4.023,0.534,2.1482818,7341,3182,0,-
17:39:56.891,snap,default,com.tencent.mobileqq,discharging,1,39.8,51.3,100,95,1,10.04,0.03,0.18,0,4.013,0.646,2.5923982,7474,3099,0,-
17:39:57.891,snap,default,com.tencent.mobileqq,discharging,1,39.8,51.7,100,95,1,10.04,0.03,0.18,2,4.016,0.614,2.465824,7474,3099,0,-
17:39:58.892,snap,default,com.tencent.mobileqq,discharging,1,39.8,51.7,100,95,1,9.67,0.03,0.15,3,4.013,0.56,2.2472801,8647,4195,0,-
17:39:59.893,snap,default,com.tencent.mobileqq,discharging,1,39.8,52.4,100,95,1,9.67,0.03,0.15,4,4.02,0.526,2.11452,8647,4195,0,-
17:40:00.893,snap,default,com.tencent.mobileqq,discharging,1,39.8,52.4,100,95,1,9.73,0.02,0.12,3,3.993,0.78,3.1145399,10640,5097,0,-
17:40:01.893,snap,default,com.tencent.mobileqq,discharging,1,39.8,53.2,100,95,1,9.59,0.02,0.1,2,4.022,0.572,2.300584,10640,5097,0,-
17:40:02.894,snap,default,com.tencent.mobileqq,discharging,1,39.8,53.2,100,95,1,9.59,0.02,0.1,3,4.012,0.688,2.760256,12430,5794,0,-
17:40:03.894,snap,default,com.tencent.mobileqq,discharging,1,39.8,53.2,100,95,1,13.83,0.01,0.08,3,4.021,0.576,2.3160958,12430,5794,0,-
17:40:04.895,snap,default,com.tencent.mobileqq,discharging,1,39.8,53.2,100,95,1,13.83,0.01,0.08,0,4.015,0.678,2.7221699,12121,5542,0,-
17:40:05.895,snap,default,com.tencent.mobileqq,discharging,1,39.8,53.2,100,95,1,12.96,0.01,0.06,4,4.022,0.622,2.5016837,12121,5542,0,-
17:40:06.895,snap,default,com.tencent.mobileqq,discharging,1,39.8,52.8,100,95,1,12.96,0.01,0.06,3,4.018,0.592,2.3786561,9803,5332,0,-
17:40:07.895,snap,default,com.tencent.mobileqq,discharging,1,39.8,51.7,100,95,1,12.6,0.01,0.05,2,4.028,0.378,1.522584,9803,5332,0,-
17:40:08.896,snap,default,com.tencent.mobileqq,discharging,1,39.8,51.7,100,95,1,12.6,0.01,0.05,0,4.022,0.438,1.7616359,9803,5332,0,-
17:40:09.896,snap,default,com.tencent.mobileqq,discharging,1,39.8,51.7,100,95,1,12.31,0,0.04,0,4.02,0.54,2.1708,9094,4723,0,-
17:40:10.897,snap,default,com.tencent.mobileqq,discharging,1,39.8,51.7,100,95,1,12.31,0,0.04,2,4.021,0.54,2.17134,9094,4723,0,-
17:40:11.897,snap,default,com.tencent.mobileqq,discharging,1,39.8,52.1,100,95,1,12.07,0,0.03,2,4.025,0.448,1.8032001,11672,6693,0,-
17:40:12.898,snap,default,com.tencent.mobileqq,discharging,1,39.8,51.7,100,95,1,12.07,0,0.03,2,4.032,0.436,1.757952,11672,6693,0,-
17:40:13.897,snap,default,com.tencent.mobileqq,discharging,1,39.8,52.1,100,95,1,12.06,0,0.02,1,4.028,0.43,1.7320399,11651,6123,0,-
17:40:14.898,snap,default,com.tencent.mobileqq,discharging,1,39.8,51.7,100,95,1,12.06,0,0.02,4,4.023,0.708,2.8482838,11651,6123,0,-
17:40:15.899,snap,default,com.tencent.mobileqq,discharging,1,39.8,51.7,100,95,1,11.86,0,0.02,2,4.02,0.506,2.0341198,12152,6047,0,-
17:40:16.899,snap,default,com.tencent.mobileqq,discharging,1,39.8,51.3,100,95,1,11.86,0,0.02,3,4.027,0.424,1.707448,12152,6047,0,-
17:40:17.899,snap,default,com.tencent.mobileqq,discharging,1,39.8,51.3,100,95,1,11.34,0,0.01,0,4.018,0.504,2.025072,9141,4356,0,-
17:40:18.900,snap,default,com.tencent.mobileqq,discharging,1,39.8,51.7,100,95,1,11.34,0,0.01,2,4.016,0.682,2.7389119,9141,4356,0,-
17:40:19.900,snap,default,com.tencent.mobileqq,discharging,1,39.8,52.1,100,95,1,12.37,0,0.01,0,4.001,0.764,3.056764,15101,8519,0,-
17:40:20.900,snap,default,com.tencent.mobileqq,discharging,1,39.8,53.6,100,95,1,12.37,0,0.01,2,4.01,0.896,3.5929604,15101,8519,0,-
17:40:21.900,snap,default,com.tencent.mobileqq,discharging,1,39.8,53.6,100,95,1,13.39,0.36,0.01,2,4.003,0.82,3.2824597,21193,11817,0,-
17:40:22.901,snap,default,com.tencent.mobileqq,discharging,1,39.8,52.8,100,95,1,13.39,0.36,0.01,2,4.023,0.584,2.3494318,21193,11817,0,-
17:40:23.902,snap,default,com.tencent.mobileqq,discharging,1,39.8,52.8,100,95,1,13.14,0.29,0.01,1,4.01,0.594,2.3819401,11079,5419,0,-
17:40:24.902,snap,default,com.tencent.mobileqq,discharging,1,39.8,52.4,100,95,1,13.14,0.29,0.01,2,4.018,0.42,1.68756,11079,5419,0,-
17:40:25.902,snap,default,com.tencent.mobileqq,discharging,1,39.8,51.3,100,95,1,13.11,0.24,0,1,4.018,0.42,1.68756,12021,7155,0,-
17:40:26.902,snap,default,com.tencent.mobileqq,discharging,1,39.8,51.3,100,95,1,13.11,0.24,0,1,4.012,0.508,2.0380962,12021,7155,0,-
17:40:27.903,snap,default,com.tencent.mobileqq,discharging,1,39.8,51.3,100,95,1,13.11,0.24,0,1,4.022,0.488,1.9627359,11264,6472,0,-
17:40:28.903,snap,default,com.tencent.mobileqq,discharging,1,39.8,50.9,100,95,1,12.91,0.19,0,2,4.013,0.556,2.2312279,11264,6472,0,-
17:40:29.904,snap,default,com.tencent.mobileqq,discharging,1,39.8,50.9,100,95,1,12.91,0.19,0,3,4.014,0.614,2.464596,12395,6209,0,-
17:40:30.904,snap,default,com.tencent.mobileqq,discharging,1,39.8,51.7,100,95,1,12.92,0.16,0,2,4.015,0.52,2.0877998,12395,6209,0,-
17:40:31.904,snap,default,com.tencent.mobileqq,discharging,1,39.8,51.7,100,95,1,12.92,0.16,0,3,4.009,0.586,2.349274,10850,4839,0,-
17:40:32.904,snap,default,com.tencent.mobileqq,discharging,1,39.8,54.7,100,95,1,12.76,0.13,0,3,4.023,0.538,2.1643739,10850,4839,0,-
17:40:33.905,snap,default,com.tencent.mobileqq,discharging,1,39.8,53.2,100,95,1,15.33,0.1,0,4,3.994,0.84,3.35496,18511,6597,0,-
17:40:34.905,snap,default,com.tencent.mobileqq,discharging,1,39.8,53.2,100,95,1,15.33,0.1,0,0,4.025,0.732,2.9463,18511,6597,0,-
17:40:35.906,snap,default,com.tencent.mobileqq,discharging,1,39.8,51.3,100,95,1,14.37,0.08,0,2,4.027,0.404,1.6269081,18511,6597,0,-
17:40:36.906,snap,default,com.tencent.mobileqq,discharging,1,39.8,51.3,100,95,1,14.37,0.08,0,0,4.025,0.494,1.98835,9873,4563,0,-
17:40:37.906,snap,default,com.tencent.mobileqq,discharging,1,39.8,51.3,100,95,1,18.47,0.07,0,0,3.993,0.896,3.577728,9873,4563,0,-
17:40:38.906,snap,default,com.tencent.mobileqq,discharging,1,39.8,51.3,100,95,1,18.47,0.07,0,3,3.899,2.504,9.763096,38515,11577,0,-
17:40:39.906,snap,default,com.tencent.mobileqq,discharging,1,39.8,51.3,100,95,1,23.27,0.96,0,4,3.941,2.18,8.59138,38515,11577,0,-
17:40:40.907,snap,default,com.tencent.mobileqq,discharging,1,39.8,54.3,100,95,1,23.27,0.96,0,1,3.987,1.504,5.9964476,29483,11794,0,-
17:40:41.908,snap,default,com.tencent.mobileqq,discharging,1,39.8,57.2,100,95,1,20.5,0.79,0,1,4.023,0.458,1.842534,29483,11794,0,-
17:40:42.907,snap,default,com.tencent.mobileqq,discharging,1,39.8,57.2,100,95,1,20.5,0.79,0,2,4.012,0.642,2.575704,10962,5373,0,-
17:40:43.908,snap,default,com.tencent.mobileqq,discharging,1,39.8,54.2,100,95,1,18.96,0.64,0,5,4.019,0.562,2.258678,10962,5373,0,-
17:40:44.908,snap,default,com.tencent.mobileqq,discharging,1,39.8,53.2,100,95,1,18.96,0.64,0,2,4.005,0.622,2.49111,10159,4971,0,-
17:40:45.908,snap,default,com.tencent.mobileqq,discharging,1,39.8,52.4,100,95,1,17.7,0.52,0,2,3.993,0.672,2.683296,10159,4971,0,-
17:40:46.909,snap,default,com.tencent.mobileqq,discharging,1,39.8,52.1,100,95,1,17.7,0.52,0,0,4.004,0.72,2.8828802,12313,5856,0,-
17:40:47.909,snap,default,com.tencent.mobileqq,discharging,1,39.8,52.1,100,95,1,16.67,0.43,0,2,4.007,0.656,2.628592,12313,5856,0,-
17:40:48.909,snap,default,com.tencent.mobileqq,discharging,1,39.8,52.1,100,95,1,16.67,0.43,0,3,4.005,0.666,2.66733,8076,3561,0,-
17:40:49.909,snap,default,com.tencent.mobileqq,discharging,1,39.8,51.7,100,95,1,15.28,0.35,0,2,4.004,0.658,2.634632,8076,3561,0,-
17:40:50.910,snap,default,com.tencent.mobileqq,discharging,1,39.8,51.7,100,95,1,15.28,0.35,0,2,4.008,0.734,2.9418721,10145,4822,0,-
17:40:51.910,snap,default,com.tencent.mobileqq,discharging,1,39.8,51.3,100,95,1,14.32,0.29,0,3,4.004,0.704,2.8188162,10145,4822,0,-
17:40:52.910,snap,default,com.tencent.mobileqq,discharging,1,39.7,50.9,100,95,1,14.32,0.29,0,2,4.016,0.612,2.4577918,8356,3514,0,-
17:40:53.911,snap,default,com.tencent.mobileqq,discharging,1,39.7,51.3,100,95,1,13.17,0.23,0,2,4.006,0.718,2.876308,8356,3514,0,-
17:40:54.911,snap,default,com.tencent.mobileqq,discharging,1,39.7,51.3,100,95,1,13.17,0.23,0,3,4.01,0.658,2.63858,9842,4184,0,-
17:40:55.911,snap,default,com.tencent.mobileqq,discharging,1,39.7,51.3,100,95,1,12.6,0.19,0,2,4.014,0.616,2.472624,9842,4184,0,-
17:40:56.912,snap,default,com.tencent.mobileqq,discharging,1,39.7,51.3,100,95,1,12.6,0.19,0,4,4.014,0.616,2.472624,11854,5468,0,-
17:40:57.912,snap,default,com.tencent.mobileqq,discharging,1,39.7,51.3,100,95,1,12.6,0.19,0,4,4.014,0.746,2.994444,11854,5468,0,-
17:40:58.912,snap,default,com.tencent.mobileqq,discharging,1,39.7,51.3,100,95,1,12.67,0.15,0,1,4.006,0.754,3.020524,9973,4829,0,-
17:40:59.912,snap,default,com.tencent.mobileqq,discharging,1,39.7,51.3,100,95,1,12.67,0.15,0,3,4.014,0.618,2.4806519,9973,4829,0,-
17:41:00.912,snap,default,com.tencent.mobileqq,discharging,1,39.7,51.3,100,95,1,12.18,0.12,0,3,4.009,0.718,2.8784618,9973,4829,0,-
17:41:01.912,snap,default,com.tencent.mobileqq,discharging,1,39.7,51.3,100,95,1,12.18,0.12,0,1,4.012,0.678,2.720136,12378,5901,0,-
17:41:02.913,snap,default,com.tencent.mobileqq,discharging,1,39.7,51.3,100,95,1,12.33,0.1,0,0,4.009,0.684,2.742156,12378,5901,0,-
17:41:03.924,snap,default,com.tencent.mobileqq,discharging,1,39.7,52.1,100,95,1,12.33,0.1,0,2,4.018,0.566,2.274188,9926,5104,0,-
17:41:04.925,snap,default,com.tencent.mobileqq,discharging,1,39.7,51.3,100,95,1,11.91,0.08,0,3,4.014,0.662,2.657268,9926,5104,0,-
17:41:05.925,snap,default,com.tencent.mobileqq,discharging,1,39.7,51.3,100,95,1,11.56,0.07,0,3,4.003,0.596,2.385788,9543,4924,0,-
17:41:06.925,snap,default,com.tencent.mobileqq,discharging,1,39.7,50.5,100,95,1,11.56,0.07,0,0,4.01,0.69,2.7669,9543,4924,0,-
17:41:07.925,snap,default,com.tencent.mobileqq,discharging,1,39.7,50.5,100,95,1,11.1,0.05,0,2,4.018,0.512,2.0572162,8747,4312,0,-
17:41:08.926,snap,default,com.tencent.mobileqq,discharging,1,39.7,50.5,100,95,1,11.1,0.05,0,0,4.018,0.606,2.4349082,8747,4312,0,-
17:41:09.926,snap,default,com.tencent.mobileqq,discharging,1,39.7,50.5,100,95,1,10.9,0.04,0,4,4.014,0.696,2.7937438,8821,4081,0,-
17:41:10.926,snap,default,com.tencent.mobileqq,discharging,1,39.7,50.5,100,95,1,10.9,0.04,0,4,4.01,0.658,2.63858,8821,4081,0,-
17:41:11.926,snap,default,com.tencent.mobileqq,discharging,1,39.7,50.5,100,95,1,10.55,0.03,0,2,4.017,0.644,2.5869482,8857,4176,0,-
17:41:12.927,snap,default,com.tencent.mobileqq,discharging,1,39.7,51.3,100,95,1,10.55,0.03,0,1,4.017,0.604,2.426268,8857,4176,0,-
17:41:13.927,snap,default,com.tencent.mobileqq,discharging,1,39.7,52.1,100,95,1,10.99,0.03,0,3,4.008,0.706,2.8296478,14301,7085,0,-
17:41:14.927,snap,default,com.tencent.mobileqq,discharging,1,39.6,52.1,100,95,1,10.99,0.03,0,2,4.022,0.454,1.8259879,14301,7085,0,-
17:41:15.927,snap,default,com.tencent.mobileqq,discharging,1,39.6,52.1,100,95,1,11.54,0.02,0,0,4.016,0.56,2.2489598,13433,7236,0,-
17:41:16.927,snap,default,com.tencent.mobileqq,discharging,1,39.6,52.1,100,95,1,11.54,0.02,0,0,4.012,0.674,2.7040882,13433,7236,0,-
17:41:17.927,snap,default,com.tencent.mobileqq,discharging,1,39.6,51.7,100,95,1,11.8,0.02,0,2,4.01,0.634,2.54234,12713,6690,0,-
17:41:18.928,snap,default,com.tencent.mobileqq,discharging,1,39.6,51.3,100,95,1,11.8,0.02,0,2,4.004,0.624,2.498496,12713,6690,0,-
17:41:19.928,snap,default,com.tencent.mobileqq,discharging,1,39.6,51.3,100,95,1,11.84,0.01,0,1,4.018,0.594,2.386692,12627,6642,0,-
17:41:20.928,snap,default,com.tencent.mobileqq,discharging,1,39.6,51.3,100,95,1,11.84,0.01,0,2,4.012,0.608,2.439296,12627,6642,0,-
17:41:21.928,snap,default,com.tencent.mobileqq,discharging,1,39.6,51.3,100,95,1,12.23,0.01,0,3,3.991,0.846,3.376386,19165,8990,0,-
17:41:22.929,snap,default,com.tencent.mobileqq,discharging,1,39.6,54.3,100,95,1,12.23,0.01,0,3,3.961,1.504,5.9573436,19165,8990,0,-
17:41:23.929,snap,default,com.tencent.mobileqq,discharging,1,39.6,57.2,100,95,1,21.24,2.18,0.72,3,4.002,0.958,3.833916,32582,8604,0,-
17:41:24.930,snap,default,com.tencent.mobileqq,discharging,1,39.6,54.2,100,95,1,21.24,2.18,0.72,0,4.014,0.612,2.456568,32582,8604,0,-
17:41:25.930,snap,default,com.tencent.mobileqq,discharging,1,39.6,52.4,100,95,1,29.89,1.78,1.68,0,4.017,0.576,2.313792,7520,1904,0,-
17:41:26.930,snap,default,com.tencent.mobileqq,discharging,1,39.6,51.3,100,95,1,29.89,1.78,1.68,0,4.023,0.424,1.7057519,7520,1904,0,-
17:41:27.931,snap,default,com.tencent.mobileqq,discharging,1,39.6,50.9,100,95,1,26.65,1.82,1.37,13,4.023,0.424,1.7057519,7520,1904,0,-
17:41:28.931,snap,default,com.tencent.mobileqq,discharging,1,39.6,50.5,100,95,1,26.65,1.82,1.37,13,4.016,0.508,2.040128,8705,3595,0,-
17:41:29.933,snap,default,com.tencent.mobileqq,discharging,1,39.6,49.7,100,95,1,26.65,1.82,1.37,13,4.029,0.356,1.4343239,8705,3595,0,-
17:41:30.933,snap,default,com.tencent.mobileqq,discharging,1,39.6,49.7,100,95,1,24.9,1.49,1.12,0,4.041,0.23,0.92943,5052,1848,0,-
17:41:31.933,snap,default,com.tencent.mobileqq,discharging,1,39.6,51.3,100,95,1,24.9,1.49,1.12,0,4.028,0.316,1.272848,5052,1848,0,-
17:41:32.934,snap,default,com.tencent.mobileqq,discharging,1,39.6,51.3,100,95,1,21.48,1.22,0.92,0,4.019,0.482,1.937158,10315,3749,0,-
17:41:33.936,snap,default,com.tencent.mobileqq,discharging,1,39.6,48.9,100,95,1,21.48,1.22,0.92,0,4.025,0.476,1.9159001,10315,3749,0,-
17:41:34.936,snap,default,com.tencent.mobileqq,discharging,1,39.6,48.9,100,95,1,20.3,1.18,0.75,0,4.023,0.464,1.8666718,4780,1543,0,-
17:41:35.937,snap,default,com.tencent.mobileqq,discharging,1,39.6,48.5,100,95,1,20.3,1.18,0.75,0,4.02,0.486,1.95372,4780,1543,0,-
17:41:36.937,snap,default,com.tencent.mobileqq,discharging,1,39.6,48.9,100,95,1,18.44,1.51,0.61,0,4.025,0.498,2.00445,4740,1539,0,-
17:41:37.938,snap,default,com.tencent.mobileqq,discharging,1,39.6,48.5,100,95,1,17.45,1.41,0.5,0,4.018,0.462,1.8563161,4740,1539,0,-
17:41:38.940,snap,default,com.tencent.mobileqq,discharging,1,39.6,48.5,100,95,1,17.45,1.41,0.5,0,4.023,0.5,2.0115,7557,2992,0,-
17:41:39.941,snap,default,com.tencent.mobileqq,discharging,1,39.6,48.1,100,95,1,15.74,1.52,0.41,0,4.029,0.412,1.6599479,7557,2992,0,-
17:41:40.942,snap,default,com.tencent.mobileqq,discharging,1,39.6,48.1,100,95,1,15.74,1.52,0.41,0,4.025,0.37,1.4892501,3511,1014,0,-
17:41:42.403,snap,default,com.tencent.mobileqq,discharging,1,39.6,48.1,100,95,1,14.33,2.15,0.33,0,4.027,0.352,1.417504,3511,1014,0,-
17:41:43.404,snap,default,com.tencent.mobileqq,discharging,1,39.6,47.7,100,95,1,14.33,2.15,0.33,0,4.019,0.396,1.591524,7251,2550,0,-
17:41:44.404,snap,default,com.tencent.mobileqq,discharging,1,39.6,48.1,100,95,1,13.73,2.3,0.27,0,4.03,0.368,1.4830401,7251,2550,0,-
17:41:45.405,snap,default,com.tencent.mobileqq,discharging,1,39.6,48.1,100,95,1,13.73,2.3,0.27,0,4.016,0.518,2.080288,10334,4345,0,-
17:41:46.406,snap,default,com.tencent.mobileqq,discharging,1,39.6,48.1,100,95,1,20.3,2.25,0.95,17,3.922,1.898,7.443956,10334,4345,0,-
17:41:47.406,snap,default,com.tencent.mobileqq,discharging,1,39.5,48.1,100,95,1,20.3,2.25,0.95,27,3.915,2.336,9.14544,52659,23702,0,-
17:41:48.407,snap,default,com.tencent.mobileqq,discharging,1,39.5,48.1,100,95,1,28.58,2.02,2.4,15,3.936,2.376,9.351936,52659,23702,0,-
17:41:49.407,snap,default,com.android.launcher,discharging,1,39.5,48.1,100,95,1,28.58,2.02,2.4,32,3.97,1.796,7.1301203,37879,19117,0,-
17:41:50.407,snap,default,com.android.launcher,discharging,1,39.5,48.1,100,95,1,30.46,1.65,1.97,19,3.991,0.976,3.895216,37879,19117,0,-
17:41:51.407,snap,default,com.android.launcher,discharging,1,39.5,48.1,100,95,1,30.46,1.65,1.97,19,3.907,2.23,8.71261,37661,16855,0,-
17:41:52.407,snap,default,com.android.mms,discharging,1,39.5,48.1,100,95,1,34.55,2.08,1.79,14,3.906,2.468,9.640008,37661,16855,0,-
17:41:53.412,snap,default,com.android.mms,discharging,1,39.5,48.1,100,95,1,34.55,2.08,1.79,38,3.912,2.344,9.169728,42675,19580,0,-
17:41:54.409,snap,default,com.android.mms,discharging,1,39.5,48.1,100,95,1,36.62,2.06,1.47,77,3.939,2,7.878,42675,19580,0,-
17:41:55.410,snap,default,com.android.launcher,discharging,1,39.5,48.1,100,95,1,36.62,2.06,1.47,41,3.933,1.812,7.1265965,42675,19580,0,-
17:41:56.410,snap,default,com.android.launcher,discharging,1,39.5,48.1,100,95,1,37.41,1.87,1.2,41,3.923,1.976,7.751848,40785,24460,0,-
17:41:57.424,snap,default,com.android.launcher,discharging,1,39.5,48.1,100,95,1,37.41,1.87,1.2,41,3.99,1.214,4.84386,40785,24460,0,-
17:41:58.424,snap,default,com.coloros.gallery3d,discharging,1,39.5,48.1,100,95,1,38.06,1.89,1.16,26,3.918,1.734,6.793812,27214,9726,0,-
17:41:59.425,snap,default,com.coloros.gallery3d,discharging,1,39.5,48.1,100,95,1,38.06,1.89,1.16,38,3.865,3.092,11.95058,27214,9726,0,-
17:42:00.424,snap,default,com.coloros.gallery3d,discharging,1,39.5,48.1,100,95,1,46.56,2.09,1.68,45,3.852,3.338,12.857976,53200,11764,0,-
17:42:01.424,snap,default,com.coloros.gallery3d,discharging,1,39.5,48.1,100,95,1,46.56,2.09,1.68,0,3.852,3.338,12.857976,53200,11764,0,-
17:42:02.424,snap,default,com.coloros.gallery3d,discharging,1,39.5,48.1,100,95,1,46.56,2.09,1.68,0,3.885,2.748,10.67598,28442,6438,0,-
17:42:03.424,snap,default,com.coloros.gallery3d,discharging,1,39.5,48.1,100,95,1,47.37,1.89,2.64,0,3.89,2.594,10.090661,28442,6438,0,-
17:42:04.424,snap,default,com.coloros.gallery3d,discharging,1,39.5,48.1,100,95,1,47.37,1.89,2.64,0,3.897,2.504,9.758088,13547,3979,0,-
17:42:05.425,snap,default,com.coloros.gallery3d,discharging,1,39.5,48.1,100,95,1,42.23,1.73,3.79,0,3.887,2.646,10.285002,13547,3979,0,-
17:42:06.425,snap,default,com.coloros.gallery3d,discharging,1,39.5,48.1,100,95,1,42.23,1.73,3.79,0,3.897,2.398,9.345006,14867,4809,0,-
17:42:07.425,snap,default,com.coloros.gallery3d,discharging,1,39.5,48.1,100,95,1,35.84,1.6,3.65,18,3.881,2.91,11.293711,14867,4809,0,-
17:42:08.425,snap,default,com.coloros.gallery3d,discharging,1,39.5,48.1,100,95,1,35.84,1.6,3.65,55,3.838,3.2,12.2816,35197,13733,0,-
17:42:09.425,snap,default,com.coloros.gallery3d,discharging,1,39.5,48.1,100,95,1,35.15,1.85,4.43,9,3.871,2.902,11.233642,35197,13733,0,-
17:42:10.428,snap,default,com.coloros.gallery3d,discharging,1,39.5,48.1,100,95,1,30.59,1.69,5.99,2,3.889,2.54,9.878059,13760,4636,0,-
17:42:11.425,snap,default,com.coloros.gallery3d,discharging,1,39.5,48.1,100,95,1,30.59,1.69,5.99,3,3.867,2.664,10.301688,13760,4636,0,-
17:42:12.426,snap,default,com.coloros.gallery3d,discharging,1,39.5,48.1,100,95,1,26.86,1.39,6.35,2,3.891,2.492,9.696372,16293,5580,0,-
17:42:13.426,snap,default,com.coloros.gallery3d,discharging,1,39.5,48.1,100,95,1,26.86,1.39,6.35,2,3.865,2.742,10.597831,16293,5580,0,-
17:42:14.426,snap,default,com.coloros.gallery3d,discharging,1,39.5,48.1,100,95,1,30.69,1.86,8.64,34,3.847,3.272,12.587384,38129,11681,0,-
17:42:15.426,snap,default,com.coloros.colordirectservice,discharging,1,39.5,48.1,100,95,1,30.69,1.86,8.64,28,3.855,3.1,11.9505,38129,11681,0,-
17:42:16.427,snap,default,com.coloros.colordirectservice,discharging,1,39.5,48.1,100,95,1,30.02,1.88,8.34,38,3.864,2.768,10.695552,23684,9320,0,-
17:42:17.427,snap,default,com.coloros.colordirectservice,discharging,1,39.5,48.1,100,95,1,30.02,1.88,8.34,35,3.852,2.934,11.301768,23684,9320,0,-
17:42:18.431,snap,default,com.coloros.colordirectservice,discharging,1,39.5,48.1,100,95,1,30.01,1.9,9.37,37,3.833,3.232,12.388256,28369,11627,0,-
17:42:19.431,snap,default,com.coloros.colordirectservice,discharging,1,39.6,48.1,100,95,1,30.01,1.9,9.37,40,3.857,3.32,12.80524,28369,11627,0,-
17:42:20.436,snap,default,com.coloros.colordirectservice,discharging,1,39.6,48.1,100,95,1,26.93,1.56,9.48,37,3.867,2.988,11.554596,21043,9731,0,-
17:42:21.436,snap,default,com.coloros.colordirectservice,discharging,1,39.6,48.1,100,95,1,26.93,1.56,9.48,32,3.845,3.202,12.311689,21043,9731,0,-
17:42:22.436,snap,default,com.coloros.colordirectservice,discharging,1,39.6,48.1,100,95,1,30.57,1.82,11.57,10,3.854,3.042,11.723868,21043,9731,0,-
17:42:23.436,snap,default,com.coloros.colordirectservice,discharging,1,39.6,48.1,100,95,1,30.57,1.82,11.57,1,3.873,2.602,10.077546,28988,8788,0,-
17:42:24.436,snap,default,com.coloros.colordirectservice,discharging,1,39.6,48.1,100,95,1,28.47,1.85,11.46,2,3.854,2.986,11.508044,28988,8788,0,-
17:42:25.437,snap,default,com.coloros.colordirectservice,discharging,1,39.6,48.1,100,95,1,28.47,1.85,11.46,1,3.871,2.736,10.591057,30226,8393,0,-
17:42:26.437,snap,default,com.coloros.colordirectservice,discharging,1,39.6,48.1,100,95,1,27.12,2.6,11.2,1,3.935,1.894,7.45289,30226,8393,0,-
17:42:27.437,snap,default,com.coloros.colordirectservice,discharging,1,39.6,48.1,100,95,1,27.12,2.6,11.2,1,3.951,1.282,5.0651817,18635,5908,0,-
17:42:28.437,snap,default,com.coloros.colordirectservice,discharging,1,39.6,48.1,100,95,1,24.01,2.13,9.53,1,3.959,1.258,4.980422,18635,5908,0,-
17:42:29.438,snap,default,com.coloros.colordirectservice,discharging,1,39.7,48.1,100,95,1,24.01,2.13,9.53,1,3.942,1.156,4.556952,10643,3853,0,-
17:42:30.439,snap,default,com.coloros.colordirectservice,discharging,1,39.7,48.1,100,95,1,22.74,1.92,7.98,1,3.962,1.182,4.683084,10643,3853,0,-
17:42:31.438,snap,default,com.coloros.colordirectservice,discharging,1,39.7,48.1,100,95,1,22.74,1.92,7.98,1,3.962,1.182,4.683084,10189,4294,0,-
17:42:32.439,snap,default,com.coloros.colordirectservice,discharging,1,39.7,48.1,100,95,1,22.74,1.92,7.98,1,3.967,1.046,4.1494823,10189,4294,0,-
17:42:33.440,snap,default,com.coloros.colordirectservice,discharging,1,39.7,48.1,100,95,1,21.16,1.57,6.72,1,3.966,1.242,4.925772,12211,4704,0,-
17:42:34.441,snap,default,com.coloros.colordirectservice,discharging,1,39.7,48.1,100,95,1,21.16,1.57,6.72,1,3.96,1.142,4.52232,12211,4704,0,-
17:42:35.441,snap,default,com.coloros.colordirectservice,discharging,1,39.7,48.1,100,95,1,19.32,1.29,5.86,1,3.962,1.122,4.445364,10567,4378,0,-
17:42:36.441,snap,default,com.coloros.colordirectservice,discharging,1,39.7,48.1,100,95,1,19.32,1.29,5.86,1,3.969,0.976,3.8737442,10567,4378,0,-
17:42:37.441,snap,default,com.coloros.colordirectservice,discharging,1,39.7,48.1,100,95,1,17.63,1.05,5.16,1,3.964,1.148,4.550672,10676,4824,0,-
17:42:38.442,snap,default,com.coloros.colordirectservice,discharging,1,39.7,48.1,100,95,1,17.63,1.05,5.16,26,3.937,1.55,6.1023498,10676,4824,0,-
17:42:39.442,snap,default,com.coloros.colordirectservice,discharging,1,39.7,51.1,100,95,1,16.97,1.04,4.59,8,3.964,1.172,4.645808,11430,4826,0,-
17:42:40.443,snap,default,com.coloros.colordirectservice,discharging,1,39.7,54.1,100,95,1,16.97,1.04,4.59,1,3.962,1.04,4.1204796,11430,4826,0,-
17:42:41.443,snap,default,com.coloros.colordirectservice,discharging,1,39.7,57.1,100,95,1,15.89,0.85,4.12,1,3.965,1.096,4.3456397,8911,3878,0,-
17:42:42.443,snap,default,com.coloros.colordirectservice,discharging,1,39.7,58.8,100,95,1,14.82,0.7,3.55,1,3.97,1.022,4.0573397,8911,3878,0,-
17:42:43.443,snap,default,com.coloros.colordirectservice,discharging,1,39.7,57.6,100,95,1,14.82,0.7,3.55,1,3.959,1.052,4.1648684,10732,4250,0,-
17:42:44.443,snap,default,com.coloros.colordirectservice,discharging,1,39.7,58,100,95,1,14.31,0.57,3.81,1,3.967,1.034,4.101878,10732,4250,0,-
17:42:45.443,snap,default,com.coloros.colordirectservice,discharging,1,39.8,58,100,95,1,14.31,0.57,3.81,1,3.966,1.024,4.0611844,9700,4317,0,-
17:42:46.443,snap,default,com.coloros.colordirectservice,discharging,1,39.8,59.6,100,95,1,13.53,0.65,3.48,1,3.966,1.276,5.060616,9700,4317,0,-
17:42:47.444,snap,default,com.coloros.colordirectservice,discharging,1,39.8,59.9,100,95,1,13.53,0.65,3.48,3,3.951,1.434,5.665734,17371,9319,0,-
17:42:48.444,snap,default,com.coloros.colordirectservice,discharging,1,39.8,60.3,100,95,1,14.34,0.53,3.03,10,3.966,1.384,5.488944,17371,9319,0,-
17:42:49.445,snap,default,com.coloros.colordirectservice,discharging,1,39.8,59.9,100,95,1,14.34,0.53,3.03,26,3.968,1.104,4.380672,17371,9319,0,-
17:42:50.445,snap,default,com.coloros.colordirectservice,discharging,1,39.8,57.6,100,95,1,13.91,0.43,2.66,1,3.977,0.988,3.929276,10346,4590,0,-
17:42:51.445,snap,default,com.coloros.colordirectservice,discharging,1,39.8,56.8,100,95,1,13.91,0.43,2.66,1,3.974,1.022,4.0614276,10346,4590,0,-
17:42:52.445,snap,default,com.coloros.colordirectservice,discharging,1,39.8,56,100,95,1,13.2,0.35,2.18,1,3.978,1,3.978,7581,3495,0,-
17:42:53.446,snap,default,com.coloros.colordirectservice,discharging,1,39.8,56,100,95,1,13.2,0.35,2.18,1,3.974,1.016,4.0375843,7581,3495,0,-
17:42:54.446,snap,default,com.coloros.colordirectservice,discharging,1,39.8,56,100,95,1,12.26,0.29,2.15,1,3.974,1.042,4.1409082,9327,3865,0,-
17:42:55.447,snap,default,com.coloros.colordirectservice,discharging,1,39.8,55.6,100,95,1,12.26,0.29,2.15,1,3.968,1.172,4.650496,9327,3865,0,-
17:42:56.447,snap,default,com.coloros.colordirectservice,discharging,1,39.8,57.6,100,95,1,11.85,0.23,1.94,1,3.976,0.92,3.6579201,8545,3246,0,-
17:42:57.447,snap,default,com.coloros.colordirectservice,discharging,1,39.8,55.2,100,95,1,11.85,0.23,1.94,1,3.978,1.05,4.1769,8545,3246,0,-
17:42:58.447,snap,default,com.coloros.colordirectservice,discharging,1,39.8,56,100,95,1,11.87,0.19,1.77,1,3.962,1.126,4.461212,9952,4032,0,-
17:42:59.447,snap,default,com.coloros.colordirectservice,discharging,1,39.8,55.2,100,95,1,11.87,0.19,1.77,1,3.977,1.002,3.9849539,9952,4032,0,-
17:43:00.448,snap,default,com.coloros.colordirectservice,discharging,1,39.8,55.2,100,95,1,11.9,0.16,1.63,1,3.962,1.106,4.381972,9010,3969,0,-
17:43:01.448,snap,default,com.coloros.colordirectservice,discharging,1,39.8,55.2,100,95,1,11.9,0.16,1.63,1,3.962,1.106,4.381972,9010,3969,0,-
17:43:02.449,snap,default,com.coloros.colordirectservice,discharging,1,39.8,55.2,100,95,1,11.9,0.16,1.63,1,3.966,1.088,4.315008,11460,4571,0,-
17:43:03.450,snap,default,com.coloros.colordirectservice,discharging,1,39.8,55.2,100,95,1,12.1,0.13,1.51,1,3.976,1.032,4.103232,11460,4571,0,-
17:43:04.450,snap,default,com.coloros.colordirectservice,discharging,1,39.8,56.8,100,95,1,12.1,0.13,1.51,1,3.975,1.022,4.06245,10355,4153,0,-
17:43:05.450,snap,default,com.coloros.colordirectservice,discharging,1,39.8,56.8,100,95,1,11.72,0.1,1.24,1,3.962,1.294,5.126828,10355,4153,0,-
17:43:06.452,snap,default,com.coloros.colordirectservice,discharging,1,39.9,55.2,100,95,1,11.72,0.1,1.24,1,3.979,0.934,3.716386,8438,3684,0,-
17:43:07.452,snap,default,com.coloros.colordirectservice,discharging,1,39.9,54.8,100,95,1,11.95,0.08,1.01,1,3.971,1.046,4.153666,8438,3684,0,-
17:43:08.452,snap,default,com.coloros.colordirectservice,discharging,1,39.9,54.8,100,95,1,11.95,0.08,1.01,1,3.979,1.046,4.162034,10271,4069,0,-
17:43:09.453,snap,default,com.coloros.colordirectservice,discharging,1,39.9,54.8,100,95,1,11.96,0.07,1.01,1,3.978,0.916,3.643848,10271,4069,0,-
17:43:10.454,snap,default,com.coloros.colordirectservice,discharging,1,39.9,54.4,100,95,1,11.96,0.07,1.01,1,3.973,1.038,4.123974,9450,4002,0,-
17:43:11.455,snap,default,com.coloros.colordirectservice,discharging,1,39.9,54.8,100,95,1,11.78,0.05,0.82,1,3.98,0.946,3.76508,9450,4002,0,-
17:43:12.455,snap,default,com.coloros.colordirectservice,discharging,1,39.9,54.4,100,95,1,11.78,0.05,0.82,1,3.969,0.97,3.8499303,9906,3791,0,-
17:43:13.455,snap,default,com.coloros.colordirectservice,discharging,1,39.9,54.8,100,95,1,12,0.04,0.67,1,3.97,1.026,4.0732203,9906,3791,0,-
17:43:14.456,snap,default,com.coloros.colordirectservice,discharging,1,39.9,54.8,100,95,1,11.82,0.03,0.73,1,3.971,1.01,4.01071,9906,3791,0,-
17:43:15.457,snap,default,com.coloros.colordirectservice,discharging,1,39.9,54.8,100,95,1,11.82,0.03,0.73,1,3.964,1.154,4.574456,10590,4651,0,-
17:43:16.457,snap,default,com.coloros.colordirectservice,discharging,1,39.9,54.4,100,95,1,11.49,0.03,0.78,1,3.977,1.002,3.9849539,10590,4651,0,-
17:43:17.458,snap,default,com.coloros.colordirectservice,discharging,1,39.9,54.4,100,95,1,11.49,0.03,0.78,1,3.979,0.952,3.7880082,8831,3556,0,-
17:43:18.458,snap,default,com.coloros.colordirectservice,discharging,1,39.9,54.4,100,95,1,11.22,0.02,0.82,1,3.977,1.092,4.342884,8831,3556,0,-
17:43:19.458,snap,default,com.coloros.colordirectservice,discharging,1,39.9,55.2,100,95,1,11.22,0.02,0.82,1,3.978,0.958,3.810924,9121,3562,0,-
17:43:20.458,snap,default,com.coloros.colordirectservice,discharging,1,39.9,54,100,95,1,11,0.02,0.67,1,3.975,1.028,4.0863,9121,3562,0,-
17:43:21.459,snap,default,com.coloros.colordirectservice,discharging,1,39.9,55.2,100,95,1,11,0.02,0.67,1,3.968,1.016,4.031488,8689,3690,0,-
17:43:22.459,snap,default,com.coloros.colordirectservice,discharging,1,39.9,55.2,100,95,1,11,0.01,0.55,1,3.961,1.204,4.769044,8689,3690,0,-
17:43:23.460,snap,default,com.coloros.colordirectservice,discharging,1,39.9,55.2,100,95,1,11,0.01,0.55,1,3.977,0.966,3.841782,9534,3850,0,-
17:43:24.460,snap,default,com.coloros.colordirectservice,discharging,1,39.9,54,100,95,1,11,0.01,0.45,1,3.982,0.884,3.5200882,9534,3850,0,-
17:43:25.461,snap,default,com.coloros.colordirectservice,discharging,1,39.9,54,100,95,1,11,0.01,0.45,1,3.979,0.96,3.81984,7608,2871,0,-
17:43:26.461,snap,default,com.coloros.colordirectservice,discharging,1,39.9,54,100,95,1,10.81,0.01,0.55,1,3.981,0.996,3.965076,7608,2871,0,-
17:43:27.462,snap,default,com.coloros.colordirectservice,discharging,1,39.9,54,100,95,1,10.81,0.01,0.55,1,3.98,0.954,3.79692,8985,3399,0,-
17:43:28.462,snap,default,com.coloros.colordirectservice,discharging,1,39.9,54.4,100,95,1,11.39,0,0.45,1,3.974,0.974,3.8706758,8985,3399,0,-
17:43:29.463,snap,default,com.coloros.colordirectservice,discharging,1,39.9,52.8,100,95,1,11.39,0,0.45,1,3.97,1.048,4.16056,9347,3712,0,-
17:43:30.463,snap,default,com.coloros.colordirectservice,discharging,1,39.9,54,100,95,1,11.5,0,0.55,1,3.979,1.008,4.0108323,9347,3712,0,-
17:43:31.465,snap,default,com.coloros.colordirectservice,discharging,1,39.9,52.8,100,95,1,11.5,0,0.55,1,3.979,1.008,4.0108323,8469,3437,0,-
17:43:32.465,snap,default,com.coloros.colordirectservice,discharging,1,39.9,54,100,95,1,11.5,0,0.55,1,3.98,0.94,3.7412,8469,3437,0,-
17:43:33.465,snap,default,com.coloros.colordirectservice,discharging,1,39.9,54.4,100,95,1,11.41,0,0.63,1,3.963,1.038,4.113594,12916,4453,0,-
17:43:34.465,snap,default,com.coloros.colordirectservice,discharging,1,39.9,55.2,100,95,1,11.41,0,0.63,1,3.958,1.25,4.9474998,12916,4453,0,-
17:43:35.466,snap,default,com.coloros.colordirectservice,discharging,1,39.9,55.2,100,95,1,12.42,0.18,0.51,31,3.96,1.416,5.60736,11935,6108,0,-
17:43:36.467,snap,default,com.coloros.colordirectservice,discharging,1,39.9,55.2,100,95,1,12.42,0.18,0.51,1,3.98,0.92,3.6616,11935,6108,0,-
17:43:37.468,snap,default,com.coloros.colordirectservice,discharging,1,39.9,54.4,100,95,1,12.53,0.15,0.6,1,3.977,1.064,4.231528,8510,3747,0,-
17:43:38.468,snap,default,com.coloros.colordirectservice,discharging,1,39.9,54.4,100,95,1,12.53,0.15,0.6,1,3.974,0.948,3.767352,8510,3747,0,-
17:43:39.468,snap,default,com.coloros.colordirectservice,discharging,1,39.9,56.8,100,95,1,12.43,0.12,0.49,5,3.93,1.686,6.62598,20960,9633,0,-
17:43:40.468,snap,default,com.coloros.colordirectservice,discharging,1,39.9,59.2,100,95,1,12.43,0.12,0.49,16,3.96,1.308,5.17968,20960,9633,0,-
17:43:41.469,snap,default,com.coloros.colordirectservice,discharging,1,39.9,56.8,100,95,1,14.16,0.46,1.31,1,3.945,1.576,6.21732,20960,9633,0,-
17:43:42.469,snap,default,com.coloros.colordirectservice,discharging,1,39.9,56,100,95,1,14.16,0.46,1.31,1,3.962,1.13,4.47706,16086,7046,0,-
17:43:43.470,snap,default,com.coloros.colordirectservice,discharging,1,40,56,100,95,1,13.23,0.37,1.07,1,3.966,1.102,4.370532,16086,7046,0,-
17:43:44.470,snap,default,com.coloros.colordirectservice,discharging,1,40,54.4,100,95,1,12.28,0.31,0.87,1,3.974,1.006,3.9978442,10449,3576,0,-
17:43:45.471,snap,default,com.coloros.colordirectservice,discharging,1,40,54,100,95,1,12.28,0.31,0.87,1,3.975,0.952,3.7842,10449,3576,0,-
17:43:46.471,snap,default,com.coloros.colordirectservice,discharging,1,40,54.4,100,95,1,11.86,0.25,0.71,1,3.975,0.99,3.93525,7868,3130,0,-
17:43:47.472,snap,default,com.coloros.colordirectservice,discharging,1,40,54,100,95,1,11.86,0.25,0.71,1,3.975,1.062,4.22145,7868,3130,0,-
17:43:48.472,snap,default,com.coloros.colordirectservice,discharging,1,40,55.2,100,95,1,11.71,0.2,0.77,1,3.964,1.03,4.08292,8810,3368,0,-
17:43:49.473,snap,default,com.coloros.colordirectservice,discharging,1,40,55.2,100,95,1,11.71,0.2,0.77,1,3.96,1.2,4.7520003,8810,3368,0,-
17:43:50.474,snap,default,com.coloros.colordirectservice,discharging,1,40,56,100,95,1,11.03,0.16,0.63,1,3.964,1.134,4.495176,9572,3688,0,-
17:43:51.474,snap,default,com.coloros.colordirectservice,discharging,1,40,55.2,100,95,1,11.03,0.16,0.63,1,3.968,1.074,4.261632,9572,3688,0,-
17:43:52.474,snap,default,com.coloros.colordirectservice,discharging,1,40,54.4,100,95,1,11.21,0.13,0.69,1,3.965,0.986,3.9094899,10004,3943,0,-
17:43:53.474,snap,default,com.coloros.colordirectservice,discharging,1,40,54,100,95,1,11.21,0.13,0.69,1,3.976,0.982,3.904432,10004,3943,0,-
17:43:54.475,snap,default,com.coloros.colordirectservice,discharging,1,40,54.4,100,95,1,11.35,0.11,0.57,1,3.978,0.974,3.8745718,9686,3968,0,-
17:43:55.475,snap,default,com.coloros.colordirectservice,discharging,1,40,54.4,100,95,1,11.35,0.11,0.57,1,3.967,1.106,4.3875017,9686,3968,0,-
17:43:56.475,snap,default,com.coloros.colordirectservice,discharging,1,40,54.8,100,95,1,13.28,0.09,1.01,1,3.961,1.154,4.570994,11594,3581,0,-
17:43:57.476,snap,default,com.coloros.colordirectservice,discharging,1,40,54.8,100,95,1,13.28,0.09,1.01,1,3.975,1.034,4.11015,11594,3581,0,-
17:43:58.476,snap,default,com.coloros.colordirectservice,discharging,1,40,54.4,100,95,1,11.78,0.07,0.82,1,3.971,1.056,4.193376,8630,2858,0,-
17:43:59.476,snap,default,com.coloros.colordirectservice,discharging,1,40,54,100,95,1,11.78,0.07,0.82,1,3.972,1.068,4.242096,8630,2858,0,-
17:44:00.481,snap,default,com.coloros.colordirectservice,discharging,1,40,54.4,100,95,1,11.09,0.06,0.67,11,3.927,1.442,5.662734,15668,6774,0,-
17:44:01.484,snap,default,com.coloros.colordirectservice,discharging,1,40,54.4,100,95,1,11.09,0.06,0.67,11,3.927,1.442,5.662734,15668,6774,0,-
17:44:02.482,snap,default,com.coloros.colordirectservice,discharging,1,40,54.4,100,95,1,11.09,0.06,0.67,34,3.856,2.878,11.097568,43834,17316,0,-
17:44:03.482,snap,default,com.coloros.colordirectservice,discharging,1,40,57.4,100,95,1,19.41,0.77,1.64,15,3.908,2.394,9.355752,43834,17316,0,-
17:44:04.482,snap,default,com.android.launcher,discharging,1,40.1,60.4,100,95,1,19.41,0.77,1.64,15,3.961,1.344,5.323584,12132,5141,0,-
17:44:05.483,snap,default,com.android.launcher,discharging,1,40.1,61.9,100,95,1,20.06,0.81,1.34,0,3.963,1.134,4.494042,12132,5141,0,-
17:44:06.483,snap,default,com.android.launcher,discharging,1,40.1,59.6,100,95,1,20.06,0.81,1.34,0,3.984,0.962,3.832608,13082,4147,0,-
17:44:07.484,snap,default,com.android.launcher,discharging,1,40.1,58.4,100,95,1,22.04,0.85,1.46,0,3.958,1.282,5.074156,13082,4147,0,-
17:44:08.484,snap,default,com.android.launcher,discharging,1,40.1,58.4,100,95,1,22.04,0.85,1.46,0,3.959,1.188,4.703292,13082,4147,0,-
17:44:09.484,snap,default,com.android.launcher,discharging,1,40.1,57.6,100,95,1,23.12,2.32,1.92,0,3.949,1.27,5.0152297,12042,2591,0,-
17:44:10.485,snap,default,com.android.launcher,discharging,1,40.1,57.6,100,95,1,23.12,2.32,1.92,0,3.954,1.26,4.98204,12042,2591,0,-
17:44:11.485,snap,default,com.android.launcher,discharging,1,40.1,57.6,100,95,1,22.91,2.81,1.57,0,3.95,1.278,5.0481,13489,3348,0,-
17:44:12.485,snap,default,com.android.launcher,discharging,1,40.1,57.6,100,95,1,22.91,2.81,1.57,0,3.955,1.276,5.04658,13489,3348,0,-
17:44:13.486,snap,default,com.android.launcher,discharging,1,40.1,58,100,95,1,22.57,2.66,1.28,0,3.947,1.36,5.36792,12375,5199,0,-
17:44:14.486,snap,default,com.android.launcher,discharging,1,40.1,58.4,100,95,1,22.57,2.66,1.28,0,3.949,1.29,5.0942097,12375,5199,0,-
17:44:15.487,snap,default,com.android.launcher,discharging,1,40.1,58.4,100,95,1,20.83,2.18,1.05,5,3.945,1.298,5.1206098,9692,2641,0,-
17:44:16.488,snap,default,com.android.launcher,discharging,1,40.1,56.4,100,95,1,18.51,1.96,0.86,0,3.966,1.056,4.188096,9692,2641,0,-
17:44:17.489,snap,default,com.android.launcher,discharging,1,40.1,56.4,100,95,1,18.51,1.96,0.86,0,3.968,0.966,3.833088,8452,2824,0,-
17:44:18.489,snap,default,com.android.launcher,discharging,1,40.1,55.2,100,95,1,17.15,1.61,0.7,0,3.972,0.898,3.566856,8452,2824,0,-
17:44:19.490,snap,default,com.android.launcher,discharging,1,40.1,54.8,100,95,1,17.15,1.61,0.7,0,3.957,1.078,4.265646,7407,2475,0,-
17:44:20.489,snap,default,com.android.launcher,discharging,1,40.2,54.8,100,95,1,16.21,1.31,0.57,0,3.974,0.926,3.679924,7407,2475,0,-
17:44:21.490,snap,default,com.android.launcher,discharging,1,40.2,54.4,100,95,1,16.21,1.31,0.57,0,3.971,0.956,3.7962759,6563,2347,0,-
17:44:22.490,snap,default,com.android.launcher,discharging,1,40.2,54.8,100,95,1,16.17,1.07,0.47,0,3.964,1.06,4.20184,6563,2347,0,-
17:44:23.490,snap,default,com.android.launcher,discharging,1,40.2,55.2,100,95,1,16.17,1.07,0.47,0,3.965,1.172,4.6469803,7447,2180,0,-
17:44:24.490,snap,default,com.android.launcher,discharging,1,40.2,55.2,100,95,1,13.79,0.88,0.38,0,3.968,1.048,4.158464,7447,2180,0,-
17:44:25.491,snap,default,com.android.launcher,discharging,1,40.2,55.2,100,95,1,13.79,0.88,0.38,0,3.964,1.134,4.495176,7742,1998,0,-
17:44:26.491,snap,default,com.android.launcher,discharging,1,40.2,55.2,100,95,1,12.37,0.72,0.31,0,3.968,1.054,4.182272,7742,1998,0,-
17:44:27.492,snap,default,com.android.launcher,discharging,1,40.2,54.8,100,95,1,12.37,0.72,0.31,0,3.974,0.998,3.966052,7643,1906,0,-
17:44:28.492,snap,default,com.android.launcher,discharging,1,40.2,54.4,100,95,1,11.22,0.59,0.25,0,3.965,1.01,4.0046496,7643,1906,0,-
17:44:29.492,snap,default,com.android.launcher,discharging,1,40.2,54,100,95,1,11.22,0.59,0.25,0,3.976,0.916,3.6420162,7088,2406,0,-
17:44:30.492,snap,default,com.android.launcher,discharging,1,40.2,53.6,100,95,1,10.82,0.48,0.21,0,3.978,0.904,3.5961118,7088,2406,0,-
17:44:31.492,snap,default,com.android.launcher,discharging,1,40.2,53.6,100,95,1,10.82,0.48,0.21,0,3.978,0.904,3.5961118,9566,3154,0,-
17:44:32.493,snap,default,com.android.launcher,discharging,1,40.2,53.6,100,95,1,10.82,0.48,0.21,0,3.969,1.01,4.00869,9566,3154,0,-
17:44:33.493,snap,default,com.android.launcher,discharging,1,40.2,53.6,100,95,1,10.85,0.39,0.17,0,3.974,1.006,3.9978442,9566,3154,0,-
17:44:34.493,snap,default,com.android.launcher,discharging,1,40.2,53.6,100,95,1,10.85,0.39,0.17,0,3.965,1.01,4.0046496,7640,2665,0,-
17:44:35.494,snap,default,com.android.launcher,discharging,1,40.2,53.2,100,95,1,10.69,0.32,0.14,0,3.976,0.888,3.530688,7640,2665,0,-
17:44:36.494,snap,default,com.android.launcher,discharging,1,40.2,52.8,100,95,1,10.69,0.32,0.14,0,3.966,0.99,3.92634,7014,2468,0,-
17:44:37.494,snap,default,com.android.launcher,discharging,1,40.2,52.8,100,95,1,11.29,0.26,0.11,0,3.976,0.904,3.594304,7014,2468,0,-
17:44:38.494,snap,default,com.android.launcher,discharging,1,40.2,52.8,100,95,1,11.29,0.26,0.11,0,3.975,0.922,3.66495,8587,2847,0,-
17:44:39.494,snap,default,com.android.launcher,discharging,1,40.2,54,100,95,1,11.42,0.21,0.09,0,3.969,1.114,4.421466,8587,2847,0,-
17:44:40.495,snap,default,com.android.launcher,discharging,1,40.2,54,100,95,1,11.42,0.21,0.09,0,3.965,1.062,4.21083,9895,3434,0,-
17:44:41.495,snap,default,com.android.launcher,discharging,1,40.2,54,100,95,1,11.52,0.17,0.07,0,3.973,0.906,3.599538,9895,3434,0,-
17:44:42.495,snap,default,com.android.launcher,discharging,1,40.2,54,100,95,1,11.52,0.17,0.07,0,3.971,0.99,3.93129,8804,3335,0,-
17:44:43.496,snap,default,com.android.launcher,discharging,1,40.2,52.8,100,95,1,11.43,0.14,0.06,0,3.969,0.994,3.9451861,8804,3335,0,-
17:44:44.496,snap,default,com.android.launcher,discharging,1,40.2,53.6,100,95,1,11.43,0.14,0.06,0,3.976,0.92,3.6579201,6107,1764,0,-
17:44:45.496,snap,default,com.android.launcher,discharging,1,40.2,53.6,100,95,1,10.26,0.11,0.05,0,3.967,0.996,3.951132,6107,1764,0,-
17:44:46.497,snap,default,com.android.launcher,discharging,1,40.2,53.6,100,95,1,10.26,0.11,0.05,0,3.965,1.132,4.48838,9095,2935,0,-
17:44:47.497,snap,default,com.android.launcher,discharging,1,40.2,53.6,100,95,1,10.03,0.09,0.04,0,3.974,0.926,3.679924,9095,2935,0,-
17:44:48.497,snap,default,com.android.launcher,discharging,1,40.2,53.6,100,95,1,12.38,0.07,0.03,0,3.97,0.968,3.8429601,7255,2692,0,-
17:44:49.499,snap,default,com.android.launcher,discharging,1,40.2,52.8,100,95,1,12.38,0.07,0.03,0,3.972,1.02,4.05144,7255,2692,0,-
17:44:50.499,snap,default,com.android.launcher,discharging,1,40.2,53.2,100,95,1,14.48,0.24,0.02,0,3.97,1.028,4.08116,8561,2193,0,-
17:44:51.500,snap,default,com.android.launcher,discharging,1,40.3,52.4,100,95,1,14.48,0.24,0.02,0,3.974,0.938,3.727612,8561,2193,0,-
17:44:52.500,snap,default,com.android.launcher,discharging,1,40.3,53.2,100,95,1,13.31,0.2,0.02,0,3.974,0.944,3.751456,6443,2360,0,-
17:44:53.501,snap,default,com.android.launcher,discharging,1,40.3,56,100,95,1,13.31,0.2,0.02,0,3.958,1.312,5.192896,6443,2360,0,-
17:44:54.501,snap,default,com.android.launcher,discharging,1,40.3,56,100,95,1,13.98,0.16,0.56,0,3.959,1.196,4.734964,16422,7355,0,-
17:44:55.502,snap,default,com.android.launcher,discharging,1,40.3,56,100,95,1,13.98,0.16,0.56,0,3.956,1.268,5.016208,16422,7355,0,-
17:44:56.501,snap,default,com.android.launcher,discharging,1,40.3,56,100,95,1,13.98,0.13,0.45,0,3.957,1.204,4.764228,13031,5618,0,-
17:44:57.502,snap,default,com.android.launcher,discharging,1,40.3,55.2,100,95,1,13.98,0.13,0.45,0,3.963,1.116,4.4227085,13031,5618,0,-
17:44:58.502,snap,default,com.android.launcher,discharging,1,40.3,56,100,95,1,13.98,0.1,0.37,0,3.963,1.172,4.644636,11588,5116,0,-
17:44:59.503,snap,default,com.android.launcher,discharging,1,40.3,54.8,100,95,1,13.98,0.1,0.37,0,3.962,1.142,4.524604,11588,5116,0,-
17:45:00.504,snap,default,com.android.launcher,discharging,1,40.3,55.2,100,95,1,13.44,0.08,0.48,0,3.955,1.228,4.85674,11588,5116,0,-
17:45:01.504,snap,default,com.android.launcher,discharging,1,40.3,55.2,100,95,1,13.44,0.08,0.48,0,3.955,1.228,4.85674,11785,5056,0,-
17:45:02.505,snap,default,com.android.launcher,discharging,1,40.4,58.2,100,95,1,13.44,0.08,0.48,0,3.964,1.122,4.447608,11785,5056,0,-
17:45:03.507,snap,default,com.android.launcher,discharging,1,40.4,59.9,100,95,1,17.53,0.61,0.58,7,3.919,1.86,7.28934,32856,10881,0,-
17:45:04.507,snap,default,com.android.launcher,discharging,1,40.4,59.9,100,95,1,17.53,0.61,0.58,7,3.94,1.592,6.27248,32856,10881,0,-
17:45:05.507,snap,default,com.android.launcher,discharging,1,40.4,57.2,100,95,1,26.31,1.04,3.37,0,3.96,0.946,3.74616,15248,3807,0,-
17:45:06.508,snap,default,com.android.launcher,discharging,1,40.4,57.2,100,95,1,26.31,1.04,3.37,0,3.962,1.042,4.128404,15248,3807,0,-
17:45:07.508,snap,default,com.android.launcher,discharging,1,40.4,56.8,100,95,1,33.68,1.22,3.48,0,3.963,1.098,4.351374,13184,3908,0,-
17:45:08.508,snap,default,com.android.launcher,discharging,1,40.4,56.8,100,95,1,33.68,1.22,3.48,9,3.971,1.13,4.48723,13184,3908,0,-
17:45:09.509,snap,default,com.android.launcher,discharging,1,40.4,55.2,100,95,1,38.45,1.18,3.21,9,3.971,1.054,4.185434,11602,4203,0,-
17:45:10.509,snap,default,com.android.launcher,discharging,1,40.4,54,100,95,1,38.45,1.18,3.21,0,3.981,0.744,2.961864,11602,4203,0,-
17:45:11.510,snap,default,com.android.launcher,discharging,1,40.4,54,100,95,1,34.56,0.96,2.63,0,3.976,0.906,3.602256,6239,2311,0,-
17:45:12.511,snap,default,com.android.launcher,discharging,1,40.4,54.4,100,95,1,34.56,0.96,2.63,0,3.978,0.91,3.61998,6239,2311,0,-
17:45:13.512,snap,default,com.android.launcher,discharging,1,40.4,54.4,100,95,1,30.83,0.97,2.15,0,3.972,0.884,3.5112479,10876,3793,0,-
17:45:14.513,snap,default,com.android.launcher,discharging,1,40.4,53.6,100,95,1,30.83,0.97,2.15,0,3.981,0.774,3.0812938,10876,3793,0,-
17:45:15.513,snap,default,com.android.launcher,discharging,1,40.4,52.8,100,95,1,27.42,0.79,1.76,0,3.976,0.768,3.0535681,6089,2022,0,-
17:45:16.513,snap,default,com.android.launcher,discharging,1,40.4,52.8,100,95,1,27.42,0.79,1.76,0,3.981,0.802,3.192762,6089,2022,0,-
17:45:17.513,snap,default,com.android.launcher,discharging,1,40.4,52.8,100,95,1,26.26,0.65,1.44,0,3.989,0.75,2.99175,5522,1941,0,-
17:45:18.514,snap,default,com.android.launcher,discharging,1,40.4,52.8,100,95,1,26.26,0.65,1.44,0,3.975,0.932,3.7046998,5522,1941,0,-
17:45:19.515,snap,default,com.android.launcher,discharging,1,40.4,53.2,100,95,1,27.48,0.71,1.18,0,3.967,0.838,3.324346,8867,2586,0,-
17:45:20.515,snap,default,com.android.launcher,discharging,1,40.4,53.2,100,95,1,27.39,0.94,1.15,0,3.979,0.962,3.8277981,8867,2586,0,-
17:45:21.516,snap,default,com.android.launcher,discharging,1,40.4,53.2,100,95,1,27.39,0.94,1.15,0,3.974,0.804,3.195096,5891,2000,0,-
17:45:22.517,snap,default,com.android.launcher,discharging,1,40.4,52.8,100,95,1,25.87,0.77,0.94,0,3.981,0.78,3.1051798,5891,2000,0,-
17:45:23.517,snap,default,com.android.launcher,discharging,1,40.5,52.8,100,95,1,25.87,0.77,0.94,0,3.973,0.88,3.4962401,10737,4625,0,-
17:45:24.518,snap,default,com.android.launcher,discharging,1,40.5,52.8,100,95,1,27.52,0.81,0.77,0,3.975,0.93,3.69675,10737,4625,0,-
17:45:25.518,snap,default,com.android.launcher,discharging,1,40.5,52.8,100,95,1,27.52,0.81,0.77,0,3.968,1.004,3.9838717,7790,2707,0,-
17:45:26.519,snap,default,com.android.launcher,discharging,1,40.5,52.8,100,95,1,24.53,0.66,0.63,0,3.982,0.8,3.1856,7790,2707,0,-
17:45:27.521,snap,default,com.android.launcher,discharging,1,40.5,52.8,100,95,1,24.53,0.66,0.63,0,3.976,0.758,3.013808,7790,2707,0,-
17:45:28.521,snap,default,com.android.launcher,discharging,1,40.5,52.4,100,95,1,23.16,0.72,0.51,0,3.975,0.854,3.3946497,7359,3165,0,-
17:45:29.522,snap,default,com.android.launcher,discharging,1,40.5,52.4,100,95,1,23.16,0.72,0.51,0,3.973,0.976,3.877648,7359,3165,0,-
17:45:30.522,snap,default,com.android.launcher,discharging,1,40.5,52.8,100,95,1,22.05,0.59,0.42,0,3.958,1.096,4.337968,7125,2674,0,-
17:45:31.523,snap,default,com.android.launcher,discharging,1,40.5,53.6,100,95,1,22.05,0.59,0.42,0,3.958,1.096,4.337968,7125,2674,0,-
17:45:32.523,snap,default,com.android.launcher,discharging,1,40.5,53.6,100,95,1,22.05,0.59,0.42,0,3.956,1.296,5.126976,8669,2676,0,-
17:45:33.523,snap,default,com.android.launcher,discharging,1,40.5,53.6,100,95,1,23.67,0.48,0.34,0,3.988,0.872,3.4775357,8669,2676,0,-
17:45:34.524,snap,default,com.android.launcher,discharging,1,40.5,53.2,100,95,1,23.67,0.48,0.34,0,3.968,1.094,4.340992,8893,3634,0,-
17:45:35.524,snap,default,com.android.launcher,discharging,1,40.5,53.2,100,95,1,22.64,0.39,0.28,0,3.959,1.108,4.3865724,8893,3634,0,-
17:45:36.525,snap,default,com.android.launcher,discharging,1,40.5,52.8,100,95,1,22.64,0.39,0.28,0,3.969,0.99,3.92931,7817,3341,0,-
17:45:37.525,snap,default,com.android.launcher,discharging,1,40.5,52.8,100,95,1,21.98,0.32,0.23,0,3.96,1.008,3.9916801,7817,3341,0,-
17:45:38.526,snap,default,com.android.launcher,discharging,1,40.5,52.8,100,95,1,21.98,0.32,0.23,0,3.975,0.912,3.6252,4887,1776,0,-
17:45:39.527,snap,default,com.android.launcher,discharging,1,40.5,52.4,100,95,1,22.34,0.26,0.18,0,3.967,1.026,4.0701423,4887,1776,0,-
17:45:40.527,snap,default,com.android.launcher,discharging,1,40.5,52.8,100,95,1,22.34,0.26,0.18,0,3.985,0.88,3.5068,6529,2495,0,-
17:45:41.528,snap,default,com.android.launcher,discharging,1,40.5,52.8,100,95,1,21.74,0.21,0.15,0,3.965,1.084,4.29806,6529,2495,0,-
17:45:42.530,snap,default,com.android.launcher,discharging,1,40.5,52.8,100,95,1,21.74,0.21,0.15,0,3.963,0.966,3.828258,7482,2266,0,-
17:45:43.530,snap,default,com.android.launcher,discharging,1,40.5,53.2,100,95,1,22.51,0.36,0.12,0,3.979,1.062,4.2256985,7482,2266,0,-
17:45:44.530,snap,default,com.android.launcher,discharging,1,40.5,53.2,100,95,1,22.51,0.36,0.12,0,3.97,0.978,3.88266,6557,2519,0,-
17:45:45.532,snap,default,com.android.launcher,discharging,1,40.5,53.2,100,95,1,20.06,0.29,0.1,0,3.965,0.952,3.77468,6557,2519,0,-
17:45:46.534,snap,default,com.android.launcher,discharging,1,40.5,52.8,100,95,1,20.06,0.29,0.1,0,3.967,1.05,4.16535,7759,2891,0,-
17:45:47.533,snap,default,com.android.launcher,discharging,1,40.5,52.8,100,95,1,21.32,0.42,0.08,0,3.983,0.906,3.608598,7759,2891,0,-
17:45:48.554,snap,default,com.android.launcher,discharging,1,40.5,54,100,95,1,21.32,0.42,0.08,0,3.946,1.264,4.9877443,8820,2924,0,-
17:45:49.555,snap,default,com.android.launcher,discharging,1,40.5,54,100,95,1,21.98,0.52,0.06,0,3.929,1.702,6.687158,8820,2924,0,-
17:45:50.572,snap,default,com.android.launcher,discharging,1,40.5,54,100,95,1,26.51,0.79,0.41,11,3.895,2.446,9.52717,44725,17545,0,-
17:45:51.556,snap,default,com.android.launcher,discharging,1,40.5,54,100,95,1,26.51,0.79,0.41,34,3.842,3.3,12.6786,44725,17545,0,-
17:45:53.226,snap,playback,tv.danmaku.bili,discharging,1,40.5,54,100,95,0,34.57,2.1,1.06,34,3.844,3.264,12.546816,44725,17545,0,-
17:45:54.228,snap,playback,tv.danmaku.bili,discharging,1,40.5,54,100,95,0,34.57,2.1,1.06,17,3.852,3.118,12.010536,49001,13264,0,-
17:45:55.228,snap,playback,tv.danmaku.bili,discharging,1,40.5,54,100,95,0,35.56,2.26,1.23,9,3.938,1.502,5.914876,28228,12567,0,-
17:45:56.228,snap,playback,tv.danmaku.bili,discharging,1,40.5,54,100,95,0,35.56,2.26,1.23,9,3.942,1.516,5.976072,28228,12567,0,-
17:45:57.228,snap,playback,tv.danmaku.bili,discharging,1,40.5,54,100,95,0,37.08,2.03,1.01,8,3.902,2.168,8.459536,33838,9444,0,-
17:45:58.230,snap,playback,tv.danmaku.bili,discharging,1,40.5,54,100,95,0,37.08,2.03,1.01,7,3.909,2.118,8.279262,33838,9444,0,-
17:45:59.230,snap,playback,tv.danmaku.bili,discharging,1,40.5,54,100,95,0,36.89,1.84,0.82,3,3.95,1.3,5.1349998,27325,13307,0,-
17:46:00.231,snap,playback,tv.danmaku.bili,discharging,1,40.5,57,100,95,0,36.89,1.84,0.82,19,3.938,1.382,5.442316,27325,13307,0,-
17:46:01.231,snap,playback,tv.danmaku.bili,discharging,1,40.5,60,100,95,0,34.01,1.51,0.67,29,3.955,1.22,4.8251,24514,13961,0,-
17:46:02.231,snap,playback,tv.danmaku.bili,discharging,1,40.5,60,100,95,0,34.01,1.51,0.67,28,3.96,1.08,4.2768,24514,13961,0,-
17:46:03.231,snap,playback,tv.danmaku.bili,discharging,1,40.5,63,100,95,0,32.56,1.23,0.55,21,3.914,1.636,6.403304,26986,13330,0,-
17:46:04.232,snap,playback,tv.danmaku.bili,discharging,1,40.6,63.9,100,95,0,32.56,1.23,0.55,28,3.955,1.166,4.61153,26986,13330,0,-
17:46:05.232,snap,playback,tv.danmaku.bili,discharging,1,40.6,62.3,100,95,0,32.45,1.37,0.45,21,3.956,1.188,4.699728,19352,10404,0,-
17:46:06.232,snap,playback,tv.danmaku.bili,discharging,1,40.6,61.9,100,95,0,32.45,1.37,0.45,37,3.959,1.076,4.259884,19352,10404,0,-
17:46:07.234,snap,playback,tv.danmaku.bili,discharging,1,40.6,61.9,100,95,0,31.1,1.3,0.37,37,3.971,0.974,3.867754,20095,10782,0,-
17:46:08.233,snap,playback,tv.danmaku.bili,discharging,1,40.6,60.7,100,95,0,31.1,1.3,0.37,0,3.976,1.05,4.1748,20095,10782,0,-
17:46:09.233,snap,playback,tv.danmaku.bili,discharging,1,40.6,60.3,100,95,0,33.98,1.25,0.3,0,3.973,0.76,3.01948,18757,7085,0,-
17:46:10.234,snap,playback,tv.danmaku.bili,discharging,1,40.6,58.8,100,95,0,33.98,1.25,0.3,0,3.976,0.606,2.409456,18757,7085,0,-
17:46:11.235,snap,playback,tv.danmaku.bili,discharging,1,40.6,58,100,95,0,30.54,1.02,0.24,0,3.976,0.764,3.037664,12394,5148,0,-
17:46:12.236,snap,playback,tv.danmaku.bili,discharging,1,40.6,58,100,95,0,30.54,1.02,0.24,0,3.988,0.702,2.799576,12394,5148,0,-
17:46:13.237,snap,playback,tv.danmaku.bili,discharging,1,40.6,56.8,100,95,0,27.36,0.83,0.2,8,3.984,0.592,2.358528,10995,4263,0,-
17:46:14.237,snap,playback,tv.danmaku.bili,discharging,1,40.7,56,100,95,0,27.36,0.83,0.2,0,3.988,0.626,2.4964879,10995,4263,0,-
17:46:15.238,snap,playback,tv.danmaku.bili,discharging,1,40.7,55.6,100,95,0,24.4,0.68,0.16,0,3.99,0.54,2.1546001,12396,4635,0,-
17:46:16.238,snap,playback,tv.danmaku.bili,discharging,1,40.7,55.6,100,95,0,24.4,0.68,0.16,0,3.996,0.516,2.061936,12396,4635,0,-
17:46:17.238,snap,playback,tv.danmaku.bili,discharging,1,40.7,54.8,100,95,0,22.15,0.56,0.13,0,3.987,0.532,2.121084,9369,4128,0,-
17:46:18.239,snap,playback,tv.danmaku.bili,discharging,1,40.7,54.4,100,95,0,22.15,0.56,0.13,0,3.991,0.486,1.939626,9369,4128,0,-
17:46:19.238,snap,playback,tv.danmaku.bili,discharging,1,40.7,54,100,95,0,19.95,0.45,0.11,0,3.989,0.582,2.321598,7903,3407,0,-
17:46:20.238,snap,playback,tv.danmaku.bili,discharging,1,40.7,53.6,100,95,0,19.95,0.45,0.11,0,3.994,0.43,1.71742,7903,3407,0,-
17:46:21.238,snap,playback,tv.danmaku.bili,discharging,1,40.7,54,100,95,0,18.15,0.37,0.09,10,3.994,0.43,1.71742,7491,3055,0,-
17:46:22.240,snap,playback,tv.danmaku.bili,discharging,1,40.7,54.8,100,95,0,18.15,0.37,0.09,10,3.996,0.588,2.349648,7491,3055,0,-
17:46:23.240,snap,playback,tv.danmaku.bili,discharging,1,40.7,55.6,100,95,0,19.21,0.3,1.16,0,3.987,0.722,2.878614,16412,5279,0,-
17:46:24.241,snap,playback,tv.danmaku.bili,discharging,1,40.7,54.8,100,95,0,19.21,0.3,1.16,0,3.982,0.66,2.6281202,16412,5279,0,-
17:46:25.240,snap,playback,tv.danmaku.bili,discharging,1,40.7,55.6,100,95,0,22.43,0.43,0.95,0,3.981,0.666,2.651346,12697,4387,0,-
17:46:26.242,snap,playback,tv.danmaku.bili,discharging,1,40.7,54.8,100,95,0,22.43,0.43,0.95,0,3.989,0.646,2.576894,12697,4387,0,-
17:46:27.241,snap,playback,tv.danmaku.bili,discharging,1,40.7,55.2,100,95,0,24.7,0.35,0.77,0,3.994,0.478,1.9091319,9756,3580,0,-
17:46:28.241,snap,playback,tv.danmaku.bili,discharging,1,40.7,54.4,100,95,0,24.7,0.35,0.77,0,3.989,0.61,2.43329,9756,3580,0,-
17:46:29.242,snap,playback,tv.danmaku.bili,discharging,1,40.7,54.4,100,95,0,22.58,0.29,0.63,0,3.989,0.624,2.4891362,10578,3559,0,-
17:46:30.241,snap,playback,tv.danmaku.bili,discharging,1,40.7,54,100,95,0,22.58,0.29,0.63,0,3.989,0.626,2.497114,10578,3559,0,-
17:46:31.242,snap,playback,tv.danmaku.bili,discharging,1,40.7,54,100,95,0,25.92,0.23,0.52,0,3.991,0.596,2.3786361,13199,4669,0,-
17:46:32.242,snap,playback,tv.danmaku.bili,discharging,1,40.7,54,100,95,0,25.92,0.23,0.52,0,3.984,0.684,2.725056,13199,4669,0,-
17:46:33.243,snap,playback,tv.danmaku.bili,discharging,1,40.7,54,100,95,0,28.11,0.37,0.42,0,3.992,0.588,2.347296,11262,4242,0,-
17:46:34.243,snap,playback,tv.danmaku.bili,discharging,1,40.7,53.6,100,95,0,28.11,0.37,0.42,12,3.993,0.53,2.1162899,11262,4242,0,-
17:46:35.243,snap,playback,tv.danmaku.bili,discharging,1,40.7,53.6,100,95,0,26.64,0.3,0.34,0,3.997,0.6,2.3982,10500,3560,0,-
17:46:36.245,snap,playback,tv.danmaku.bili,discharging,1,40.7,53.2,100,95,0,26.64,0.3,0.34,0,3.996,0.47,1.8781201,10500,3560,0,-
17:46:37.245,snap,playback,tv.danmaku.bili,discharging,1,40.7,52.8,100,95,0,24.17,0.25,0.28,0,4,0.472,1.888,8853,4249,0,-
17:46:38.245,snap,playback,tv.danmaku.bili,discharging,1,40.7,52.4,100,95,0,24.17,0.25,0.28,0,3.991,0.492,1.963572,8853,4249,0,-
17:46:39.246,snap,playback,tv.danmaku.bili,discharging,1,40.7,52.8,100,95,0,22.32,0.2,0.23,0,4,0.532,2.128,9943,4468,0,-
17:46:40.246,snap,playback,tv.danmaku.bili,discharging,1,40.7,52.1,100,95,0,22.32,0.2,0.23,0,3.993,0.498,1.988514,9943,4468,0,-
17:46:41.247,snap,playback,tv.danmaku.bili,discharging,1,40.7,52.1,100,95,0,20.63,0.16,0.19,0,3.987,0.52,2.0732398,8977,4002,0,-
17:46:42.247,snap,playback,tv.danmaku.bili,discharging,1,40.7,52.1,100,95,0,20.63,0.16,0.19,0,3.993,0.482,1.924626,8977,4002,0,-
17:46:43.247,snap,playback,tv.danmaku.bili,discharging,1,40.7,52.1,100,95,0,19.61,0.13,0.15,0,3.989,0.53,2.1141698,8721,4133,0,-
17:46:44.248,snap,playback,tv.danmaku.bili,discharging,1,40.7,52.1,100,95,0,19.61,0.13,0.15,0,3.999,0.454,1.815546,8721,4133,0,-
17:46:45.248,snap,playback,tv.danmaku.bili,discharging,1,40.7,52.1,100,95,0,18.59,0.11,0.12,0,3.964,0.688,2.727232,8721,4133,0,-
17:46:46.248,snap,playback,tv.danmaku.bili,discharging,1,40.8,52.8,100,95,0,18.59,0.11,0.12,0,3.99,0.592,2.36208,14124,6604,0,-
17:46:47.249,snap,playback,tv.danmaku.bili,discharging,1,40.8,52.8,100,95,0,18.67,0.09,0.1,0,3.978,0.796,3.166488,14124,6604,0,-
17:46:48.249,snap,playback,tv.danmaku.bili,discharging,1,40.8,52.8,100,95,0,18.67,0.09,0.1,0,3.979,0.708,2.817132,17647,9053,0,-
17:46:49.249,snap,playback,tv.danmaku.bili,discharging,1,40.8,52.8,100,95,0,19.09,0.07,0.08,0,3.986,0.676,2.694536,17647,9053,0,-
17:46:50.249,snap,playback,tv.danmaku.bili,discharging,1,40.8,52.4,100,95,0,19.09,0.07,0.08,0,3.982,0.68,2.70776,13284,6497,0,-
17:46:51.249,snap,playback,tv.danmaku.bili,discharging,1,40.8,52.4,100,95,0,17.8,0.06,0.06,0,3.982,0.68,2.70776,13284,6497,0,-
17:46:52.253,snap,playback,tv.danmaku.bili,discharging,1,40.8,54,100,95,0,17.8,0.06,0.06,0,3.974,0.866,3.441484,17321,9108,0,-
17:46:53.254,snap,playback,tv.danmaku.bili,discharging,1,40.8,54,100,95,0,17.66,0.23,0.05,0,3.976,0.71,2.82296,17321,9108,0,-
17:46:54.253,snap,playback,tv.danmaku.bili,discharging,1,40.8,53.2,100,95,0,17.66,0.23,0.05,0,3.969,1.01,4.00869,13571,6665,0,-
17:46:55.253,snap,playback,tv.danmaku.bili,discharging,1,40.8,52.8,100,95,0,17.17,0.18,0.04,0,3.985,0.724,2.88514,13571,6665,0,-
17:46:56.254,snap,playback,tv.danmaku.bili,discharging,1,40.9,52.8,100,95,0,17.17,0.18,0.04,0,3.986,0.63,2.51118,12222,5811,0,-
17:46:57.254,snap,playback,tv.danmaku.bili,discharging,1,40.9,52.1,100,95,0,17.5,0.15,0.03,0,3.993,0.562,2.244066,12222,5811,0,-
17:46:58.254,snap,playback,tv.danmaku.bili,discharging,1,40.9,52.1,100,95,0,17.5,0.15,0.03,10,3.996,0.542,2.165832,9692,4413,0,-
17:46:59.254,snap,playback,tv.danmaku.bili,discharging,1,40.9,52.8,100,95,0,17.05,0.12,0.03,0,3.986,0.592,2.3597121,9692,4413,0,-
17:47:00.254,snap,playback,tv.danmaku.bili,discharging,1,40.9,55.8,100,95,0,17.05,0.12,0.03,0,3.949,1.108,4.375492,26348,8508,0,-
17:47:01.254,snap,playback,tv.danmaku.bili,discharging,1,40.9,58,100,95,0,22.66,0.46,0.02,10,3.936,1.472,5.7937922,26348,8508,0,-
17:47:02.255,snap,playback,tv.danmaku.bili,discharging,1,40.9,56,100,95,0,22.66,0.46,0.02,10,3.978,0.822,3.269916,23640,7377,0,-
17:47:03.255,snap,playback,tv.danmaku.bili,discharging,1,40.9,54,100,95,0,25.62,0.38,0.2,0,3.975,0.826,3.2833498,23640,7377,0,-
17:47:04.256,snap,playback,tv.danmaku.bili,discharging,1,40.9,52.4,100,95,0,25.62,0.38,0.2,0,3.991,0.532,2.123212,9034,3202,0,-
17:47:05.256,snap,playback,tv.danmaku.bili,discharging,1,40.9,52.4,100,95,0,23.51,0.31,0.16,14,3.974,0.66,2.6228402,9034,3202,0,-
17:47:06.256,snap,playback,tv.danmaku.bili,discharging,1,40.9,52.8,100,95,0,23.51,0.31,0.16,14,3.971,0.97,3.85187,12442,5713,0,-
17:47:07.258,snap,playback,tv.danmaku.bili,discharging,1,40.9,52.8,100,95,0,23.6,0.25,0.13,0,3.982,0.738,2.938716,12442,5713,0,-
17:47:08.257,snap,playback,tv.danmaku.bili,discharging,1,40.9,52.4,100,95,0,23.6,0.25,0.13,0,3.993,0.61,2.43573,9597,3796,0,-
17:47:09.258,snap,playback,tv.danmaku.bili,discharging,1,40.9,51.7,100,95,0,21.5,0.39,0.11,0,4.005,0.272,1.0893601,9597,3796,0,-
17:47:10.259,snap,playback,tv.danmaku.bili,discharging,1,40.9,51.3,100,95,0,21.5,0.39,0.11,0,4.002,0.342,1.3686839,7785,2627,0,-
17:47:11.260,snap,playback,tv.danmaku.bili,discharging,1,40.9,50.9,100,95,0,20.14,0.68,0.09,0,4.009,0.228,0.91405195,7785,2627,0,-
17:47:12.261,snap,playback,tv.danmaku.bili,discharging,1,40.9,50.9,100,95,0,20.14,0.68,0.09,0,4.012,0.192,0.770304,4169,1504,0,-
17:47:13.261,snap,playback,tv.danmaku.bili,discharging,1,40.9,50.5,100,95,0,18.12,0.74,0.07,0,4.014,0.254,1.019556,4169,1504,0,-
17:47:16.828,snap,playback,tv.danmaku.bili,discharging,1,40.9,50.9,100,95,0,18.12,0.74,0.07,0,4.02,0.034,0.13668,4234,1551,0,-
17:47:17.830,snap,playback,tv.danmaku.bili,discharging,1,40.9,49.7,100,95,0,16.83,0.6,0.06,0,4.011,0.244,0.97868407,4234,1551,0,-
17:47:18.831,snap,playback,tv.danmaku.bili,discharging,1,40.9,49.3,100,95,0,16.83,0.6,0.06,0,4.01,0.188,0.75388,8623,3370,0,-
17:47:19.833,snap,playback,tv.danmaku.bili,discharging,1,40.9,49.3,100,95,0,15.41,1.04,0.04,0,4.014,0.218,0.875052,8623,3370,0,-
17:47:20.833,snap,playback,tv.danmaku.bili,discharging,1,40.9,48.9,100,95,0,15.41,1.04,0.04,0,4.014,0.17,0.68238,2653,636,0,-
17:47:21.834,snap,playback,tv.danmaku.bili,discharging,1,40.9,48.9,100,95,0,14.07,1.39,0.03,0,4.005,0.32,1.2816,2653,636,0,-
17:47:22.836,snap,playback,tv.danmaku.bili,discharging,1,40.9,48.5,100,95,0,14.07,1.39,0.03,0,4.016,0.19,0.76303995,4823,1295,0,-
17:47:23.838,snap,playback,tv.danmaku.bili,discharging,1,40.9,48.9,100,95,0,13.69,1.32,0.03,0,4.017,0.126,0.506142,4823,1295,0,-
17:47:24.840,snap,playback,tv.danmaku.bili,discharging,1,40.9,48.5,100,95,0,12.66,1.08,0.02,0,4.016,0.178,0.714848,2339,543,0,-
17:47:25.842,snap,playback,tv.danmaku.bili,discharging,1,40.9,48.5,100,95,0,12.66,1.08,0.02,0,4.015,0.178,0.71467,2339,543,0,-
17:47:26.842,snap,playback,tv.danmaku.bili,discharging,1,40.9,48.5,100,95,0,12.54,0.88,0.02,0,4.006,0.272,1.089632,4248,1383,0,-
17:47:27.844,snap,playback,tv.danmaku.bili,discharging,1,40.9,48.5,100,95,0,12.54,0.88,0.02,0,4.009,0.288,1.1545919,4248,1383,0,-
17:47:29.871,snap,playback,tv.danmaku.bili,discharging,1,40.9,48.5,100,95,0,13.16,1.08,0.01,0,4.009,0.288,1.1545919,11758,4968,0,-
17:47:30.874,snap,playback,tv.danmaku.bili,discharging,1,40.9,48.5,100,95,0,13.16,1.08,0.01,0,4.015,0.116,0.46573997,11758,4968,0,-
17:47:31.872,snap,playback,tv.danmaku.bili,discharging,1,40.9,48.1,100,95,0,13.16,1.08,0.01,0,4.015,0.21,0.84314996,3986,893,0,-
17:47:32.873,snap,playback,tv.danmaku.bili,discharging,1,40.9,48.1,100,95,0,12.23,1.61,0.01,0,4.008,0.236,0.945888,3986,893,0,-
17:47:33.874,snap,playback,tv.danmaku.bili,discharging,1,40.9,48.5,100,95,0,12.23,1.61,0.01,0,4.009,0.264,1.058376,3879,1229,0,-
17:47:34.876,snap,playback,tv.danmaku.bili,discharging,1,40.9,48.5,100,95,0,11.46,2.04,0.01,0,4.017,0.174,0.69895804,3879,1229,0,-
17:47:38.685,snap,playback,tv.danmaku.bili,discharging,1,40.8,48.5,100,95,0,11.46,2.04,0.01,0,4.013,0.216,0.866808,9141,3712,0,-
17:47:39.686,snap,playback,tv.danmaku.bili,discharging,1,40.8,47.7,100,95,0,12.1,2.03,0,0,4.011,0.172,0.68989205,9141,3712,0,-
17:47:40.685,snap,playback,tv.danmaku.bili,discharging,1,40.8,47.7,100,95,0,12.1,2.03,0,0,4.017,0.168,0.674856,2959,743,0,-
17:47:41.686,snap,playback,tv.danmaku.bili,discharging,1,40.8,47.7,100,95,0,11.54,2.39,0,0,4.015,0.182,0.73072994,2959,743,0,-
17:47:42.686,snap,playback,tv.danmaku.bili,discharging,1,40.8,48.1,100,95,0,11.54,2.39,0,0,4.015,0.178,0.71467,3091,621,0,-
17:47:51.279,snap,playback,tv.danmaku.bili,discharging,1,40.8,47.7,100,95,0,11.08,2.5,0,0,4.012,0.194,0.77832806,3091,621,0,-
17:47:54.541,snap,playback,tv.danmaku.bili,discharging,1,40.8,46.5,100,95,0,11.08,2.5,0,0,4.025,0.04,0.161,8981,3635,0,-
17:47:55.541,snap,playback,tv.danmaku.bili,discharging,1,40.8,46.5,100,95,0,11.42,2.41,0,0,4.017,0.258,1.036386,8981,3635,0,-
17:47:56.542,snap,playback,tv.danmaku.bili,discharging,1,40.8,46.5,100,95,0,11.42,2.41,0,0,4.012,0.234,0.938808,2931,826,0,-
17:47:57.542,snap,playback,tv.danmaku.bili,discharging,1,40.8,46.9,100,95,0,10.98,2.7,0,0,4.014,0.22,0.88308,2931,826,0,-
17:47:58.546,snap,playback,tv.danmaku.bili,discharging,1,40.7,46.9,100,95,0,10.98,2.7,0,0,4.019,0.198,0.795762,3054,970,0,-
17:47:59.547,snap,playback,tv.danmaku.bili,discharging,1,40.7,46.9,100,95,0,10.44,2.93,0,0,4.016,0.212,0.851392,3054,970,0,-
17:48:00.547,snap,playback,tv.danmaku.bili,discharging,1,40.7,46.9,100,95,0,10.91,2.94,0,0,4.016,0.238,0.955808,6116,2604,0,-
17:48:01.547,snap,playback,tv.danmaku.bili,discharging,1,40.7,46.9,100,95,0,10.91,2.94,0,0,4.02,0.204,0.82008,6116,2604,0,-
17:48:02.548,snap,playback,tv.danmaku.bili,discharging,1,40.7,46.9,100,95,0,10.74,2.41,0,0,4.021,0.14,0.56294,3259,764,0,-
17:48:03.548,snap,playback,tv.danmaku.bili,discharging,1,40.7,46.5,100,95,0,10.74,2.41,0,0,4.021,0.14,0.56294,3259,764,0,-
17:48:04.549,snap,playback,tv.danmaku.bili,discharging,1,40.7,46.5,100,95,0,10.74,2.41,0,0,4.018,0.184,0.73931205,2193,467,0,-
17:48:05.550,snap,playback,tv.danmaku.bili,discharging,1,40.7,46.5,100,95,0,10.24,1.97,0,0,4.018,0.138,0.554484,2193,467,0,-
17:48:06.550,snap,playback,tv.danmaku.bili,discharging,1,40.7,46.5,100,95,0,10.24,1.97,0,0,4.017,0.21,0.84357,6489,1911,0,-
17:48:07.551,snap,playback,tv.danmaku.bili,discharging,1,40.7,46.5,100,95,0,10.92,1.61,0,0,4.004,0.35,1.4014001,6489,1911,0,-
17:48:08.551,snap,playback,tv.danmaku.bili,discharging,1,40.6,46.5,100,95,0,10.92,1.61,0,0,4.01,0.3,1.2030001,3468,1032,0,-
17:48:09.552,snap,playback,tv.danmaku.bili,discharging,1,40.6,46.5,100,95,0,10.57,2.04,0,0,4.009,0.318,1.2748619,3468,1032,0,-
17:48:10.552,snap,playback,tv.danmaku.bili,discharging,1,40.6,46.9,100,95,0,10.57,2.04,0,0,3.987,0.602,2.400174,4888,1366,0,-
17:48:11.552,snap,playback,tv.danmaku.bili,discharging,1,40.6,47.7,100,95,0,10.29,2.04,0,0,3.981,0.774,3.0812938,4888,1366,0,-
17:48:12.602,snap,playback,tv.danmaku.bili,discharging,1,40.6,48.1,100,95,0,10.29,2.04,0,0,4.001,0.522,2.088522,15997,6367,0,-
17:48:13.615,snap,playback,tv.danmaku.bili,discharging,1,40.6,51.1,100,95,0,11.5,2.03,0,18,3.963,0.976,3.8678882,15997,6367,0,-
17:48:14.614,snap,playback,tv.danmaku.bili,discharging,1,40.6,54.1,100,95,0,11.5,2.03,0,41,3.95,1.428,5.6405997,31904,14142,0,-
17:48:15.624,snap,playback,tv.danmaku.bili,discharging,1,40.6,56.8,100,95,0,25.54,2.02,1.44,14,3.955,1.292,5.10986,31904,14142,0,-
17:48:16.644,snap,playback,tv.danmaku.bili,discharging,1,40.6,57.6,100,95,0,38.67,2.02,3.72,19,3.945,1.402,5.5308895,31904,14142,0,-
17:48:17.656,snap,playback,tv.danmaku.bili,discharging,1,40.6,58,100,95,0,38.67,2.02,3.72,28,3.955,1.222,4.8330097,36931,14765,0,-
17:48:18.657,snap,playback,tv.danmaku.bili,discharging,1,40.6,58.4,100,95,0,47.24,2.19,5.22,0,3.962,1.106,4.381972,36931,14765,0,-
17:48:19.657,snap,default,com.microsoft.emmx.beta,discharging,1,40.6,59.2,100,95,1,47.24,2.19,5.22,0,3.962,1.106,4.381972,26610,6837,0,-
17:48:20.660,snap,default,com.microsoft.emmx.beta,discharging,1,40.6,59.2,100,95,1,47.24,2.19,5.22,0,3.955,1.194,4.72227,26610,6837,0,-
17:48:21.661,snap,default,com.microsoft.emmx.beta,discharging,1,40.6,59.2,100,95,1,52.63,2.52,5.9,1,3.921,1.574,6.171654,31252,7689,0,-
17:48:22.661,snap,default,com.microsoft.emmx.beta,discharging,1,40.6,59.2,100,95,1,52.63,2.52,5.9,32,3.863,2.908,11.2336035,31252,7689,0,-
17:48:23.661,snap,default,com.microsoft.emmx.beta,discharging,1,40.6,59.2,100,95,1,54.87,2.97,7.37,28,3.869,2.772,10.724868,42241,15684,0,-
17:48:24.661,snap,default,com.microsoft.emmx.beta,discharging,1,40.6,59.2,100,95,1,54.87,2.97,7.37,37,3.87,2.652,10.26324,42241,15684,0,-
17:48:25.662,snap,default,com.microsoft.emmx.beta,discharging,1,40.6,59.6,100,95,1,53.08,2.61,7.48,37,3.963,1.31,5.1915298,30102,13180,0,-
17:48:26.663,snap,default,com.microsoft.emmx.beta,discharging,1,40.6,62.6,100,95,1,53.08,2.61,7.48,17,3.974,1.014,4.0296364,30102,13180,0,-
17:48:27.663,snap,default,com.microsoft.emmx.beta,discharging,1,40.6,63.1,100,95,1,46.36,2.14,6.67,0,3.933,1.194,4.696002,17452,8872,0,-
17:48:28.662,snap,default,com.microsoft.emmx.beta,discharging,1,40.6,60.3,100,95,1,46.36,2.14,6.67,0,3.971,0.896,3.558016,17452,8872,0,-
17:48:29.665,snap,default,com.microsoft.emmx.beta,discharging,1,40.6,60.3,100,95,1,41.22,1.75,5.46,20,3.99,0.684,2.72916,15672,7937,0,-
17:48:30.665,snap,default,com.microsoft.emmx.beta,discharging,1,40.6,61.1,100,95,1,41.22,1.75,5.46,5,3.951,1.068,4.219668,15672,7937,0,-
17:48:31.665,snap,default,com.microsoft.emmx.beta,discharging,1,40.6,61.1,100,95,1,37.92,1.61,4.47,36,3.954,1.256,4.966224,23632,10247,0,-
17:48:32.665,snap,default,com.microsoft.emmx.beta,discharging,1,40.6,60.7,100,95,1,37.92,1.61,4.47,36,3.958,0.888,3.514704,23632,10247,0,-
17:48:33.665,snap,default,com.microsoft.emmx.beta,discharging,1,40.6,60.7,100,95,1,33.95,1.5,4.38,29,3.963,1.354,5.365902,22528,10866,0,-
17:48:34.666,snap,default,com.microsoft.emmx.beta,discharging,1,40.6,60.7,100,95,1,33.95,1.5,4.38,15,3.98,0.852,3.39096,22528,10866,0,-
17:48:35.666,snap,default,com.microsoft.emmx.beta,discharging,1,40.6,59.6,100,95,1,31.06,1.23,3.95,0,3.959,0.904,3.578936,18177,8147,0,-
17:48:36.666,snap,default,com.microsoft.emmx.beta,discharging,1,40.6,57.2,100,95,1,31.06,1.23,3.95,0,3.993,0.538,2.148234,18177,8147,0,-
17:48:37.667,snap,default,com.microsoft.emmx.beta,discharging,1,40.6,55.6,100,95,1,27.61,1,3.41,6,3.96,0.822,3.25512,14806,6551,0,-
17:48:38.666,snap,default,com.microsoft.emmx.beta,discharging,1,40.6,55.6,100,95,1,27.61,1,3.41,6,3.954,0.968,3.827472,14806,6551,0,-
17:48:39.667,snap,default,com.microsoft.emmx.beta,discharging,1,40.6,55.6,100,95,1,28.22,1.18,3.52,14,3.899,1.996,7.782404,40201,16490,0,-
17:48:40.668,snap,default,com.microsoft.emmx.beta,discharging,1,40.6,55.6,100,95,1,32.89,1.87,3.97,39,3.872,2.656,10.284032,40201,16490,0,-
17:48:41.687,snap,default,com.microsoft.emmx.beta,discharging,1,40.6,55.6,100,95,1,32.89,1.87,3.97,32,3.859,2.8,10.8052,48095,17641,0,-
17:48:42.721,snap,default,com.microsoft.emmx.beta,discharging,1,40.6,55.6,100,95,1,41.24,2.8,6.15,32,3.874,2.71,10.49854,48095,17641,0,-
17:48:43.721,snap,default,com.microsoft.emmx.beta,discharging,1,40.6,55.6,100,95,1,41.24,2.8,6.15,53,3.869,2.786,10.779034,43953,15388,0,-
17:48:44.722,snap,default,com.microsoft.emmx.beta,discharging,1,40.6,55.6,100,95,1,44.82,3.38,7.93,32,3.885,2.418,9.3939295,43953,15388,0,-
17:48:45.783,snap,default,com.tencent.mm,discharging,1,40.6,55.6,100,95,1,44.82,3.38,7.93,5,3.885,2.418,9.3939295,43953,15388,0,-
17:48:46.782,snap,default,com.tencent.mm,discharging,1,40.6,55.6,100,95,1,44.82,3.38,7.93,5,3.878,2.458,9.532124,38251,8933,0,-
17:48:47.792,snap,default,com.tencent.mm,discharging,1,40.6,55.6,100,95,1,49.92,4.22,11.2,0,3.873,2.41,9.33393,38251,8933,0,-
17:48:48.785,snap,default,com.microsoft.emmx.beta,discharging,1,40.6,55.6,100,95,1,49.92,4.22,11.2,18,3.854,2.766,10.660165,41988,10999,0,-
17:48:49.786,snap,default,com.microsoft.emmx.beta,discharging,1,40.6,55.6,100,95,1,55.01,4.72,14.79,50,3.873,2.438,9.442373,41988,10999,0,-
17:48:50.787,snap,default,com.microsoft.emmx.beta,discharging,1,40.6,55.6,100,95,1,55.01,4.72,14.79,18,3.894,2.212,8.613527,34530,10919,0,-
17:48:51.844,snap,default,com.microsoft.emmx.beta,discharging,1,40.6,55.6,100,95,1,57.36,4.23,14.28,27,3.92,1.622,6.35824,34530,10919,0,-
17:48:52.845,snap,default,com.microsoft.emmx.beta,discharging,1,40.6,55.6,100,95,1,57.36,4.23,14.28,28,3.904,1.648,6.433792,28350,11936,0,-
17:48:53.845,snap,default,com.microsoft.emmx.beta,discharging,1,40.7,55.6,100,95,1,58.02,3.82,13.14,0,3.931,1.202,4.725062,28350,11936,0,-
17:48:54.845,snap,default,com.microsoft.emmx.beta,discharging,1,40.7,55.6,100,95,1,58.02,3.82,13.14,0,3.948,1.14,4.50072,20781,6653,0,-
17:48:55.845,snap,default,com.microsoft.emmx.beta,discharging,1,40.7,57.2,100,95,1,58.74,3.31,11.85,7,3.956,1.07,4.23292,20781,6653,0,-
17:48:56.846,snap,default,com.microsoft.emmx.beta,discharging,1,40.7,60.2,100,95,1,58.74,3.31,11.85,7,3.965,0.902,3.5764298,20180,5885,0,-
17:48:57.847,snap,default,com.microsoft.emmx.beta,discharging,1,40.7,62.3,100,95,1,59.51,3.07,10.43,0,3.979,0.732,2.912628,20180,5885,0,-
17:48:58.854,snap,default,com.microsoft.emmx.beta,discharging,1,40.7,59.9,100,95,1,59.51,3.07,10.43,3,3.97,0.506,2.00882,11691,5483,0,-
17:48:59.855,snap,default,com.microsoft.emmx.beta,discharging,1,40.7,58.4,100,95,1,51.08,2.51,8.72,3,3.961,0.594,2.352834,11691,5483,0,-
17:49:00.855,snap,default,com.microsoft.emmx.beta,discharging,1,40.7,56.8,100,95,1,51.08,2.51,8.72,0,3.989,0.394,1.571666,10798,5111,0,-
17:49:01.863,snap,default,com.microsoft.emmx.beta,discharging,1,40.7,56,100,95,1,43.82,2.06,7.14,0,3.993,0.308,1.229844,10798,5111,0,-
17:49:02.864,snap,default,com.microsoft.emmx.beta,discharging,1,40.7,55.2,100,95,1,43.82,2.06,7.14,7,3.992,0.404,1.612768,6170,2239,0,-
17:49:03.863,snap,default,com.microsoft.emmx.beta,discharging,1,40.7,56,100,95,1,37.69,1.68,5.84,0,3.993,0.362,1.4454659,6170,2239,0,-
17:49:04.864,snap,default,com.microsoft.emmx.beta,discharging,1,40.7,57.6,100,95,1,37.69,1.68,5.84,0,3.948,1,3.948,17621,7332,0,-
17:49:05.864,snap,default,com.microsoft.emmx.beta,discharging,1,40.7,60.6,100,95,1,34.31,1.56,4.78,3,3.936,1.174,4.6208644,17621,7332,0,-
17:49:06.864,snap,default,com.microsoft.emmx.beta,discharging,1,40.7,63.1,100,95,1,32.26,1.64,4.64,8,3.934,1.224,4.815216,31607,15065,0,-
17:49:07.864,snap,default,com.microsoft.emmx.beta,discharging,1,40.7,63.1,100,95,1,32.26,1.64,4.64,14,3.963,1.054,4.177002,31607,15065,0,-
17:49:08.864,snap,default,com.microsoft.emmx.beta,discharging,1,40.7,60.1,100,95,1,28.59,1.34,4.7,14,3.988,0.502,2.0019758,14675,7963,0,-
17:49:09.865,snap,default,com.microsoft.emmx.beta,discharging,1,40.8,57.2,100,95,1,28.59,1.34,4.7,14,3.988,0.602,2.400776,14675,7963,0,-
17:49:10.865,snap,default,com.microsoft.emmx.beta,discharging,1,40.8,54.8,100,95,1,25.76,1.1,3.85,14,3.983,0.488,1.943704,11680,6094,0,-
17:49:11.866,snap,default,com.microsoft.emmx.beta,discharging,1,40.8,54,100,95,1,25.76,1.1,3.85,14,3.991,0.366,1.460706,11680,6094,0,-
17:49:12.866,snap,default,com.microsoft.emmx.beta,discharging,1,40.8,53.6,100,95,1,22.91,0.9,3.15,0,3.995,0.36,1.4382,7109,2825,0,-
17:49:13.866,snap,default,com.microsoft.emmx.beta,discharging,1,40.8,52.8,100,95,1,22.91,0.9,3.15,0,3.994,0.352,1.405888,7109,2825,0,-
17:49:14.866,snap,default,com.microsoft.emmx.beta,discharging,1,40.8,52.8,100,95,1,20.57,0.73,2.58,0,3.997,0.318,1.2710459,6192,2626,0,-
17:49:15.868,snap,default,com.microsoft.emmx.beta,discharging,1,40.8,52.4,100,95,1,20.57,0.73,2.58,10,3.978,0.538,2.140164,6192,2626,0,-
17:49:16.868,snap,default,com.microsoft.emmx.beta,discharging,1,40.8,52.4,100,95,1,19.01,0.6,2.11,0,3.992,0.418,1.6686561,6192,2626,0,-
17:49:17.868,snap,default,com.microsoft.emmx.beta,discharging,1,40.8,52.4,100,95,1,19.01,0.6,2.11,0,3.992,0.418,1.6686561,11625,5735,0,-
17:49:18.869,snap,default,com.microsoft.emmx.beta,discharging,1,40.8,53.2,100,95,1,19.01,0.6,2.11,0,3.987,0.494,1.9695779,11625,5735,0,-
17:49:19.869,snap,default,com.microsoft.emmx.beta,discharging,1,40.8,54.8,100,95,1,24.63,0.49,3.9,0,3.968,0.646,2.563328,13831,5427,0,-
17:49:20.869,snap,default,com.microsoft.emmx.beta,discharging,1,40.8,57.6,100,95,1,24.63,0.49,3.9,13,3.964,0.89,3.5279598,13831,5427,0,-
17:49:21.870,snap,default,com.microsoft.emmx.beta,discharging,1,40.8,56.4,100,95,1,31.03,0.4,3.19,14,3.962,0.822,3.256764,19717,9255,0,-
17:49:22.870,snap,default,com.microsoft.emmx.beta,discharging,1,40.8,57.2,100,95,1,31.03,0.4,3.19,19,3.964,0.822,3.258408,19717,9255,0,-
17:49:23.870,snap,default,com.microsoft.emmx.beta,discharging,1,40.8,56.8,100,95,1,35.92,0.51,2.61,20,3.967,0.738,2.927646,17320,8518,0,-
17:49:24.870,snap,default,com.microsoft.emmx.beta,discharging,1,40.8,57.2,100,95,1,35.92,0.51,2.61,13,3.972,0.806,3.201432,17320,8518,0,-
17:49:25.876,snap,default,com.microsoft.emmx.beta,discharging,1,40.8,57.2,100,95,1,39.56,0.41,2.32,13,3.966,0.852,3.3790321,21462,10860,0,-
17:49:26.876,snap,default,com.microsoft.emmx.beta,discharging,1,40.8,57.2,100,95,1,39.56,0.41,2.32,15,3.902,1.852,7.226504,21462,10860,0,-
17:49:27.876,snap,default,com.microsoft.emmx.beta,discharging,1,40.8,57.2,100,95,1,45.43,0.34,1.9,13,3.913,2.028,7.9355645,47423,20367,0,-
17:49:28.876,snap,default,com.microsoft.emmx.beta,discharging,1,40.8,59.6,100,95,1,45.43,0.34,1.9,13,3.979,0.764,3.039956,47423,20367,0,-
17:49:29.876,snap,default,com.microsoft.emmx.beta,discharging,1,40.8,59.6,100,95,1,41.73,0.28,1.55,20,3.971,0.662,2.628802,17775,10642,0,-
17:49:30.876,snap,default,com.microsoft.emmx.beta,discharging,1,40.9,58.8,100,95,1,41.73,0.28,1.55,17,3.957,1.094,4.328958,17775,10642,0,-
17:49:31.877,snap,default,com.microsoft.emmx.beta,discharging,1,40.9,58.8,100,95,1,37.97,0.41,1.27,12,3.968,0.932,3.698176,22503,12204,0,-
17:49:32.877,snap,default,com.microsoft.emmx.beta,discharging,1,40.9,61.5,100,95,1,37.97,0.41,1.27,12,3.929,1.29,5.06841,22503,12204,0,-
17:49:33.878,snap,default,com.microsoft.emmx.beta,discharging,1,40.9,61.5,100,95,1,35.98,0.69,1.22,9,3.97,0.934,3.7079802,25186,11471,0,-
17:49:34.878,snap,default,com.microsoft.emmx.beta,discharging,1,40.9,58.5,100,95,1,35.98,0.69,1.22,0,3.982,0.666,2.652012,25186,11471,0,-
17:49:35.881,snap,default,com.microsoft.emmx.beta,discharging,1,40.9,55.6,100,95,1,32.18,0.57,1,0,3.951,0.928,3.666528,23111,10689,0,-
17:49:36.882,snap,default,com.microsoft.emmx.beta,discharging,1,40.9,55.6,100,95,1,30.7,0.83,0.82,14,3.935,1.414,5.5640903,23111,10689,0,-
17:49:37.882,snap,default,com.microsoft.emmx.beta,discharging,1,40.9,55.6,100,95,1,30.7,0.83,0.82,35,3.887,2.296,8.924552,39971,17669,0,-
17:49:38.883,snap,default,com.microsoft.emmx.beta,discharging,1,40.9,55.6,100,95,1,38.72,1.4,5.74,13,3.871,2.744,10.622024,39971,17669,0,-
17:49:40.187,snap,playback,tv.danmaku.bili,discharging,1,40.9,55.6,100,95,0,38.72,1.4,5.74,6,3.866,2.584,9.989744,39971,17669,0,-
17:49:41.187,snap,playback,tv.danmaku.bili,discharging,1,40.9,55.6,100,95,0,39.5,1.87,6.15,19,3.872,2.294,8.882367,46459,14129,0,-
17:49:42.187,snap,playback,tv.danmaku.bili,discharging,1,40.9,55.6,100,95,0,39.5,1.87,6.15,12,3.914,1.902,7.444428,40128,14494,0,-
17:49:43.187,snap,playback,tv.danmaku.bili,discharging,1,40.9,55.6,100,95,0,42.67,2.44,6.3,16,3.896,1.974,7.690704,40128,14494,0,-
17:49:44.187,snap,playback,tv.danmaku.bili,discharging,1,40.9,55.6,100,95,0,42.67,2.44,6.3,21,3.885,1.958,7.6068296,40416,13761,0,-
17:49:45.213,snap,playback,tv.danmaku.bili,discharging,1,40.9,55.6,100,95,0,47.98,2.72,6.97,20,3.918,1.79,7.01322,40416,13761,0,-
17:49:46.190,snap,playback,tv.danmaku.bili,discharging,1,40.9,55.6,100,95,0,47.98,2.72,6.97,14,3.923,1.466,5.751118,32668,13914,0,-
17:49:47.191,snap,playback,tv.danmaku.bili,discharging,1,40.9,55.6,100,95,0,51.06,2.59,6.25,53,3.889,2.038,7.925782,32668,13914,0,-
17:49:48.191,snap,playback,tv.danmaku.bili,discharging,1,40.9,55.6,100,95,0,51.06,2.59,6.25,30,3.894,1.854,7.219476,40615,18105,0,-
17:49:49.191,snap,default,com.android.launcher,discharging,1,40.9,55.6,100,95,1,54.85,2.3,7.84,42,3.918,1.854,7.263972,40615,18105,0,-
17:49:50.202,snap,default,com.android.launcher,discharging,1,40.9,55.6,100,95,1,54.85,2.3,7.84,0,3.894,1.848,7.196112,32984,14360,0,-
17:49:51.235,snap,default,com.android.launcher,discharging,1,40.9,55.6,100,95,1,53.43,2.61,8.77,24,3.873,2.374,9.194502,32984,14360,0,-
17:49:52.235,snap,default,com.coloros.note,discharging,1,40.9,55.6,100,95,1,53.43,2.61,8.77,5,3.906,2,7.812,37430,11086,0,-
17:49:53.239,snap,default,com.coloros.note,discharging,1,40.9,55.6,100,95,1,54.98,2.68,8.27,5,3.956,0.886,3.505016,37430,11086,0,-
17:49:54.239,snap,default,com.coloros.note,discharging,1,40.9,58.6,100,95,1,54.98,2.68,8.27,6,3.962,0.762,3.019044,15979,4985,0,-
17:49:55.240,snap,default,com.coloros.note,discharging,1,40.9,61.6,100,95,1,52.45,2.37,6.95,0,3.985,0.352,1.40272,15979,4985,0,-
17:49:56.240,snap,default,com.coloros.note,discharging,1,40.9,60.3,100,95,1,52.45,2.37,6.95,0,3.976,0.432,1.717632,5911,1858,0,-
17:49:57.240,snap,default,com.coloros.note,discharging,1,40.9,60.3,100,95,1,43.49,1.94,5.69,0,3.935,0.862,3.39197,5911,1858,0,-
17:49:58.240,snap,default,com.coloros.note,discharging,1,40.9,63.3,100,95,1,43.49,1.94,5.69,22,3.935,0.862,3.39197,5911,1858,0,-
17:49:59.241,snap,default,com.coloros.note,discharging,1,40.9,66.3,100,95,1,43.49,1.94,5.69,22,3.865,2.332,9.01318,34726,15653,0,-
17:50:00.242,snap,default,com.coloros.note,discharging,1,40.9,64.3,100,95,1,44.12,1.95,5.93,40,3.941,1.14,4.49274,34726,15653,0,-
17:50:01.241,snap,default,com.microsoft.emmx.beta,discharging,1,40.9,64.3,100,95,1,44.12,1.95,5.93,0,3.963,0.732,2.900916,16066,6971,0,-
17:50:02.242,snap,default,com.microsoft.emmx.beta,discharging,1,40.9,61.5,100,95,1,37.94,1.78,6.12,0,3.948,0.88,3.4742398,16066,6971,0,-
17:50:03.242,snap,default,com.microsoft.emmx.beta,discharging,1,40.9,59.6,100,95,1,37.94,1.78,6.12,0,3.968,0.654,2.5950718,14465,4062,0,-
17:50:04.243,snap,default,com.microsoft.emmx.beta,discharging,1,40.9,58.8,100,95,1,40.85,1.82,6.28,28,3.964,0.594,2.354616,14465,4062,0,-
17:50:05.243,snap,default,com.microsoft.emmx.beta,discharging,1,40.9,56.4,100,95,1,40.85,1.82,6.28,0,3.99,0.348,1.38852,9088,3476,0,-
17:50:06.244,snap,default,com.microsoft.emmx.beta,discharging,1,40.9,55.2,100,95,1,36.53,1.49,5.14,0,3.985,0.386,1.53821,9088,3476,0,-
17:50:07.244,snap,default,com.microsoft.emmx.beta,discharging,1,40.9,54.8,100,95,1,31.72,1.22,4.21,0,3.984,0.34,1.35456,6264,2422,0,-
17:50:08.244,snap,default,com.microsoft.emmx.beta,discharging,1,40.9,53.6,100,95,1,31.72,1.22,4.21,0,3.992,0.284,1.133728,6264,2422,0,-
17:50:09.244,snap,default,com.microsoft.emmx.beta,discharging,1,40.9,53.6,100,95,1,27.6,0.99,3.44,0,3.983,0.352,1.402016,5105,1606,0,-
17:50:10.245,snap,default,com.microsoft.emmx.beta,discharging,1,40.9,53.6,100,95,1,27.6,0.99,3.44,0,3.985,0.424,1.6896399,5105,1606,0,-
17:50:11.245,snap,default,com.microsoft.emmx.beta,discharging,1,40.9,54.4,100,95,1,25.14,1,2.82,0,3.975,0.63,2.5042498,10281,3453,0,-
17:50:12.246,snap,default,com.microsoft.emmx.beta,discharging,1,40.9,54.8,100,95,1,25.14,1,2.82,0,3.971,0.638,2.533498,10281,3453,0,-
17:50:13.246,snap,default,com.microsoft.emmx.beta,discharging,1,40.9,54.4,100,95,1,21.13,1,2.31,0,3.955,0.786,3.10863,9702,2008,0,-
17:50:14.247,snap,default,com.microsoft.emmx.beta,discharging,1,40.9,53.6,100,95,1,21.13,1,2.31,0,3.989,0.326,1.3004141,9702,2008,0,-
17:50:15.247,snap,default,com.microsoft.emmx.beta,discharging,1,40.9,52.4,100,95,1,18.39,0.81,1.89,0,3.997,0.228,0.911316,4669,1314,0,-
17:50:16.250,snap,default,com.microsoft.emmx.beta,discharging,1,40.9,52.1,100,95,1,18.39,0.81,1.89,0,3.991,0.308,1.229228,4669,1314,0,-
17:50:17.250,snap,default,com.microsoft.emmx.beta,discharging,1,40.9,51.3,100,95,1,16.5,0.67,1.55,0,3.993,0.25,0.99825,4851,1985,0,-
17:50:18.250,snap,default,com.microsoft.emmx.beta,discharging,1,40.9,51.3,100,95,1,16.5,0.67,1.55,0,3.991,0.352,1.404832,4851,1985,0,-
17:50:19.251,snap,default,com.microsoft.emmx.beta,discharging,1,40.9,50.9,100,95,1,15.14,0.54,1.26,0,3.99,0.344,1.37256,5717,1900,0,-
17:50:20.253,snap,default,com.microsoft.emmx.beta,discharging,1,40.9,50.9,100,95,1,15.14,0.54,1.26,0,3.994,0.28,1.11832,5717,1900,0,-
17:50:21.253,snap,default,com.microsoft.emmx.beta,discharging,1,40.9,50.1,100,95,1,13.85,0.44,1.03,0,3.998,0.244,0.97551197,4371,1554,0,-
17:50:22.253,snap,default,com.microsoft.emmx.beta,discharging,1,40.9,50.1,100,95,1,13.85,0.44,1.03,0,3.991,0.424,1.692184,4371,1554,0,-
17:50:23.254,snap,default,com.microsoft.emmx.beta,discharging,1,40.9,50.5,100,95,1,13.15,0.36,0.85,0,3.99,0.414,1.65186,7264,3189,0,-
17:50:24.254,snap,default,com.microsoft.emmx.beta,discharging,1,40.9,50.5,100,95,1,13.15,0.36,0.85,0,3.993,0.324,1.293732,7264,3189,0,-
17:50:25.255,snap,default,com.microsoft.emmx.beta,discharging,1,40.9,50.5,100,95,1,12.22,0.3,0.69,0,3.994,0.336,1.3419839,7264,3189,0,-
17:50:26.255,snap,default,com.microsoft.emmx.beta,discharging,1,40.9,50.1,100,95,1,12.22,0.3,0.69,0,3.992,0.344,1.3732481,5363,2035,0,-
17:50:27.255,snap,default,com.microsoft.emmx.beta,discharging,1,40.9,50.9,100,95,1,11.63,0.24,0.56,0,3.992,0.344,1.3732481,5363,2035,0,-
17:50:28.255,snap,default,com.microsoft.emmx.beta,discharging,1,40.8,49.3,100,95,1,11.63,0.24,0.56,0,3.992,0.366,1.461072,6445,2127,0,-
17:50:29.256,snap,default,com.microsoft.emmx.beta,discharging,1,40.8,49.3,100,95,1,11.63,0.24,0.56,0,3.99,0.354,1.41246,6445,2127,0,-
17:50:30.256,snap,default,com.microsoft.emmx.beta,discharging,1,40.8,48.9,100,95,1,10.79,0.2,0.46,0,3.994,0.306,1.2221639,4602,1695,0,-
17:50:31.256,snap,default,com.microsoft.emmx.beta,discharging,1,40.8,48.9,100,95,1,10.79,0.2,0.46,0,3.997,0.264,1.055208,4602,1695,0,-
17:50:32.257,snap,default,com.microsoft.emmx.beta,discharging,1,40.8,49.3,100,95,1,9.92,0.16,0.38,0,3.993,0.318,1.269774,5732,2239,0,-
17:50:33.258,snap,default,com.microsoft.emmx.beta,discharging,1,40.8,49.3,100,95,1,9.92,0.16,0.38,0,3.986,0.356,1.419016,5732,2239,0,-
17:50:34.258,snap,default,com.microsoft.emmx.beta,discharging,1,40.8,48.9,100,95,1,9.94,0.13,0.31,0,3.992,0.32,1.27744,5335,1946,0,-
17:50:35.260,snap,default,com.microsoft.emmx.beta,discharging,1,40.8,48.9,100,95,1,9.94,0.13,0.31,0,3.99,0.318,1.2688199,5335,1946,0,-
17:50:36.261,snap,default,com.microsoft.emmx.beta,discharging,1,40.8,48.9,100,95,1,9.4,0.1,0.25,0,3.992,0.29,1.15768,4723,1710,0,-
17:50:37.262,snap,default,com.microsoft.emmx.beta,discharging,1,40.8,48.5,100,95,1,9.15,0.08,0.2,0,3.995,0.244,0.97477996,4723,1710,0,-
17:50:38.262,snap,default,com.microsoft.emmx.beta,discharging,1,40.8,48.1,100,95,1,9.15,0.08,0.2,0,3.998,0.276,1.1034479,5372,2235,0,-
17:50:39.263,snap,default,com.microsoft.emmx.beta,discharging,1,40.8,48.5,100,95,1,9.3,0.07,0.17,0,3.993,0.3,1.1979,5372,2235,0,-
17:50:40.263,snap,default,com.microsoft.emmx.beta,discharging,1,40.8,48.1,100,95,1,9.3,0.07,0.17,0,3.998,0.336,1.343328,5476,1775,0,-
17:50:41.264,snap,default,com.microsoft.emmx.beta,discharging,1,40.8,48.1,100,95,1,8.88,0.05,0.13,0,3.993,0.358,1.429494,5476,1775,0,-
17:50:42.265,snap,default,com.microsoft.emmx.beta,discharging,1,40.8,48.1,100,95,1,8.88,0.05,0.13,0,3.996,0.344,1.374624,4878,1714,0,-
17:50:43.265,snap,default,com.microsoft.emmx.beta,discharging,1,40.8,48.9,100,95,1,8.54,0.04,0.11,0,3.989,0.4,1.5956,4878,1714,0,-
17:50:44.266,snap,default,com.microsoft.emmx.beta,discharging,1,40.8,48.9,100,95,1,8.54,0.04,0.11,0,3.99,0.426,1.69974,7264,2658,0,-
17:50:45.268,snap,default,com.microsoft.emmx.beta,discharging,1,40.8,48.1,100,95,1,8.62,0.03,0.09,0,3.983,0.434,1.728622,7264,2658,0,-
17:50:46.269,snap,default,com.microsoft.emmx.beta,discharging,1,40.8,48.1,100,95,1,8.62,0.03,0.09,0,3.993,0.402,1.6051861,5972,2182,0,-
17:50:47.269,snap,default,com.microsoft.emmx.beta,discharging,1,40.7,48.1,100,95,1,9.6,0.21,0.25,0,3.99,0.494,1.9710599,5972,2182,0,-
17:50:48.269,snap,default,com.microsoft.emmx.beta,discharging,1,40.7,48.5,100,95,1,9.6,0.21,0.25,0,3.994,0.352,1.405888,9787,3608,0,-
17:50:49.270,snap,default,com.microsoft.emmx.beta,discharging,1,40.7,49.3,100,95,1,9.67,0.35,0.21,0,3.982,0.564,2.2458482,9787,3608,0,-
17:50:50.269,snap,default,com.microsoft.emmx.beta,discharging,1,40.7,50.1,100,95,1,9.67,0.35,0.21,0,3.974,0.824,3.274576,15288,6449,0,-
17:50:51.270,snap,default,com.microsoft.emmx.beta,discharging,1,40.7,51.3,100,95,1,10.45,0.65,1.25,0,3.985,0.5,1.9925,15288,6449,0,-
17:50:52.269,snap,default,com.microsoft.emmx.beta,discharging,1,40.7,50.5,100,95,1,10.45,0.65,1.25,0,3.984,0.552,2.199168,15288,6449,0,-
17:50:53.271,snap,default,com.microsoft.emmx.beta,discharging,1,40.7,50.5,100,95,1,11.64,0.53,1.57,2,3.991,0.522,2.083302,15129,7667,0,-
17:50:54.271,snap,default,com.microsoft.emmx.beta,discharging,1,40.7,49.7,100,95,1,11.64,0.53,1.57,0,3.994,0.338,1.349972,15129,7667,0,-
17:50:55.272,snap,default,com.microsoft.emmx.beta,discharging,1,40.7,49.3,100,95,1,10.98,0.43,1.28,0,3.994,0.338,1.349972,6770,3277,0,-
17:50:56.272,snap,default,com.microsoft.emmx.beta,discharging,1,40.7,49.7,100,95,1,10.98,0.43,1.28,0,3.988,0.452,1.802576,6770,3277,0,-
17:50:57.272,snap,default,com.microsoft.emmx.beta,discharging,1,40.6,50.5,100,95,1,10.98,0.43,1.28,0,3.992,0.5,1.996,12795,7204,0,-
17:50:58.272,snap,default,com.microsoft.emmx.beta,discharging,1,40.6,50.5,100,95,1,11.71,0.35,1.05,11,3.97,0.66,2.6202002,12795,7204,0,-
17:50:59.272,snap,default,com.microsoft.emmx.beta,discharging,1,40.6,50.9,100,95,1,11.71,0.35,1.05,15,3.991,0.446,1.779986,13929,6939,0,-
17:51:00.277,snap,default,com.microsoft.emmx.beta,discharging,1,40.6,51.7,100,95,1,11.94,0.29,0.86,15,3.944,0.94,3.70736,13929,6939,0,-
17:51:01.273,snap,default,com.microsoft.emmx.beta,discharging,1,40.6,51.7,100,95,1,11.94,0.29,0.86,0,3.989,0.448,1.7870721,16714,9998,0,-
17:51:02.273,snap,default,com.microsoft.emmx.beta,discharging,1,40.6,51.3,100,95,1,12.86,0.24,1.07,12,3.989,0.54,2.1540601,16714,9998,0,-
17:51:03.274,snap,default,com.microsoft.emmx.beta,discharging,1,40.6,50.5,100,95,1,12.86,0.24,1.07,12,3.982,0.576,2.293632,13753,7371,0,-
17:51:04.274,snap,default,com.microsoft.emmx.beta,discharging,1,40.6,50.5,100,95,1,13.24,0.19,0.87,0,3.985,0.478,1.9048299,13753,7371,0,-
17:51:05.276,snap,default,com.microsoft.emmx.beta,discharging,1,40.6,48.5,100,95,1,13.24,0.19,0.87,0,3.998,0.262,1.0474759,4418,1524,0,-
17:51:06.276,snap,default,com.microsoft.emmx.beta,discharging,1,40.6,48.5,100,95,1,12.11,0.16,0.71,0,3.993,0.28,1.11804,4418,1524,0,-
17:51:07.277,snap,default,com.microsoft.emmx.beta,discharging,1,40.5,50.5,100,95,1,12.45,0.13,0.76,12,3.943,0.886,3.493498,14699,6444,0,-
17:51:08.278,snap,default,com.microsoft.emmx.beta,discharging,1,40.5,50.5,100,95,1,12.45,0.13,0.76,12,3.99,0.496,1.97904,14699,6444,0,-
17:51:09.278,snap,default,com.microsoft.emmx.beta,discharging,1,40.5,50.5,100,95,1,12.19,0.1,0.62,0,3.979,0.502,1.997458,10306,4802,0,-
17:51:10.278,snap,default,com.microsoft.emmx.beta,discharging,1,40.5,52.1,100,95,1,12.19,0.1,0.62,4,3.973,0.732,2.908236,10306,4802,0,-
17:51:11.278,snap,default,com.microsoft.emmx.beta,discharging,1,40.5,52.4,100,95,1,13.42,0.08,0.87,0,3.971,0.746,2.9623659,21494,10944,0,-
17:51:12.280,snap,default,com.microsoft.emmx.beta,discharging,1,40.5,54,100,95,1,13.42,0.08,0.87,8,3.967,0.808,3.205336,21494,10944,0,-
17:51:13.281,snap,default,com.microsoft.emmx.beta,discharging,1,40.5,54,100,95,1,14.43,0.07,1.08,16,3.976,0.62,2.46512,17188,11213,0,-
17:51:14.281,snap,default,com.microsoft.emmx.beta,discharging,1,40.5,52.1,100,95,1,14.43,0.07,1.08,12,3.995,0.364,1.4541799,17188,11213,0,-
17:51:15.282,snap,default,com.microsoft.emmx.beta,discharging,1,40.5,52.1,100,95,1,13.81,0.05,0.88,12,3.988,0.348,1.3878239,8181,3055,0,-
17:51:16.282,snap,default,com.microsoft.emmx.beta,discharging,1,40.5,51.3,100,95,1,13.81,0.05,0.88,12,3.978,0.482,1.917396,8181,3055,0,-
17:51:17.282,snap,default,com.microsoft.emmx.beta,discharging,1,40.5,52.1,100,95,1,14.39,0.04,0.72,14,3.979,0.624,2.482896,8181,3055,0,-
17:51:18.283,snap,default,com.microsoft.emmx.beta,discharging,1,40.5,51.7,100,95,1,14.39,0.04,0.72,17,3.974,0.668,2.6546319,17495,12172,0,-
17:51:19.284,snap,default,com.microsoft.emmx.beta,discharging,1,40.5,52.1,100,95,1,15.04,0.03,0.59,17,3.975,0.676,2.6871,17495,12172,0,-
17:51:20.284,snap,default,com.microsoft.emmx.beta,discharging,1,40.5,51.7,100,95,1,15.04,0.03,0.59,14,3.982,0.608,2.421056,18140,12598,0,-
17:51:21.284,snap,default,com.microsoft.emmx.beta,discharging,1,40.5,52.1,100,95,1,15.21,0.03,0.48,14,3.993,0.486,1.940598,18140,12598,0,-
17:51:22.285,snap,default,com.microsoft.emmx.beta,discharging,1,40.5,55.1,100,95,1,15.21,0.03,0.48,11,3.956,1.264,5.0003843,19238,8756,0,-
17:51:23.285,snap,default,com.microsoft.emmx.beta,discharging,1,40.5,56.8,100,95,1,22.6,7.45,5.65,11,3.944,1.176,4.638144,19238,8756,0,-
17:51:24.286,snap,default,com.microsoft.emmx.beta,discharging,1,40.5,56.8,100,95,1,22.6,7.45,5.65,6,3.943,1.236,4.873548,23616,7856,0,-
17:51:25.286,snap,default,com.microsoft.emmx.beta,discharging,1,40.5,56.8,100,95,1,27.93,10.81,8.61,16,3.943,1.236,4.873548,23616,7856,0,-
17:51:26.286,snap,default,com.microsoft.emmx.beta,discharging,1,40.5,56.8,100,95,1,27.93,10.81,8.61,16,3.951,1.004,3.9668038,22603,9039,0,-
17:51:27.287,snap,default,com.microsoft.emmx.beta,discharging,1,40.5,54.8,100,95,1,27.93,10.81,8.61,15,3.945,1.078,4.25271,22603,9039,0,-
17:51:28.288,snap,default,com.microsoft.emmx.beta,discharging,1,40.5,53.2,100,95,1,33.01,9.21,9.4,0,3.964,0.692,2.7430878,16726,5945,0,-
17:51:29.290,snap,default,com.microsoft.emmx.beta,discharging,1,40.5,52.8,100,95,1,33.01,9.21,9.4,0,3.974,0.52,2.06648,16726,5945,0,-
17:51:30.291,snap,default,com.microsoft.emmx.beta,discharging,1,40.5,52.4,100,95,1,38.44,7.72,8.79,0,3.975,0.64,2.544,10192,2058,0,-
17:51:31.291,snap,default,com.microsoft.emmx.beta,discharging,1,40.5,52.4,100,95,1,38.44,7.72,8.79,0,3.976,0.598,2.377648,10192,2058,0,-
17:51:32.291,snap,default,com.microsoft.emmx.beta,discharging,1,40.5,53.6,100,95,1,42.71,6.5,8.46,0,3.945,0.71,2.8009498,18188,4330,0,-
17:51:33.291,snap,default,com.microsoft.emmx.beta,discharging,1,40.5,55.2,100,95,1,42.71,6.5,8.46,7,3.96,0.914,3.6194398,18188,4330,0,-
17:51:34.292,snap,default,com.microsoft.emmx.beta,discharging,1,40.5,53.6,100,95,1,45.48,5.51,10.01,9,3.935,1.072,4.21832,22961,7038,0,-
17:51:35.294,snap,default,com.microsoft.emmx.beta,discharging,1,40.5,54.8,100,95,1,45.48,5.51,10.01,0,3.969,0.626,2.484594,22961,7038,0,-
17:51:36.295,snap,default,com.microsoft.emmx.beta,discharging,1,40.5,54.8,100,95,1,48.29,4.69,10.91,6,3.958,0.908,3.593864,21204,7298,0,-
17:51:37.295,snap,default,com.microsoft.emmx.beta,discharging,1,40.5,54.8,100,95,1,48.29,4.69,10.91,7,3.931,1.134,4.4577537,21204,7298,0,-
17:51:38.295,snap,default,com.microsoft.emmx.beta,discharging,1,40.5,56.8,100,95,1,50.05,4.2,9.66,16,3.934,1.178,4.634252,28952,12667,0,-
17:51:39.295,snap,default,com.microsoft.emmx.beta,discharging,1,40.5,56.8,100,95,1,50.05,4.2,9.66,14,3.947,1.118,4.412746,28952,12667,0,-
17:51:40.296,snap,default,com.microsoft.emmx.beta,discharging,1,40.5,56.8,100,95,1,52.03,3.98,8.99,0,3.955,0.846,3.34593,15040,5055,0,-
17:51:41.296,snap,default,com.microsoft.emmx.beta,discharging,1,40.5,54,100,95,1,55.47,3.62,8.45,0,3.977,0.506,2.012362,15040,5055,0,-
17:51:42.296,snap,default,com.microsoft.emmx.beta,discharging,1,40.5,53.2,100,95,1,55.47,3.62,8.45,0,3.971,0.616,2.446136,11594,2817,0,-
17:51:43.296,snap,default,com.microsoft.emmx.beta,discharging,1,40.5,53.2,100,95,1,57.74,3.51,8.55,0,3.969,0.65,2.57985,11594,2817,0,-
17:51:44.297,snap,default,com.microsoft.emmx.beta,discharging,1,40.5,52.8,100,95,1,57.74,3.51,8.55,0,3.961,0.78,3.0895798,11594,2817,0,-
17:51:45.297,snap,default,com.microsoft.emmx.beta,discharging,1,40.5,53.6,100,95,1,59.41,3.41,9.54,0,3.951,0.808,3.192408,15379,3296,0,-
17:51:46.298,snap,default,com.microsoft.emmx.beta,discharging,1,40.5,52.8,100,95,1,59.41,3.41,9.54,0,3.976,0.596,2.3696961,15379,3296,0,-
17:51:47.299,snap,default,com.microsoft.emmx.beta,discharging,1,40.5,52.4,100,95,1,61.87,3.52,8.35,0,3.971,0.642,2.549382,14382,3481,0,-
17:51:48.299,snap,default,com.microsoft.emmx.beta,discharging,1,40.5,52.4,100,95,1,61.87,3.52,8.35,0,3.973,0.692,2.749316,14382,3481,0,-
17:51:49.299,snap,default,com.microsoft.emmx.beta,discharging,1,40.5,52.4,100,95,1,63.35,3.61,7.56,9,3.925,1.056,4.1447997,17849,4126,0,-
17:51:50.299,snap,default,com.microsoft.emmx.beta,discharging,1,40.5,55.4,100,95,1,63.35,3.61,7.56,16,3.935,1.378,5.42243,17849,4126,0,-
17:51:51.299,snap,default,com.microsoft.emmx.beta,discharging,1,40.5,58.4,100,95,1,62.01,3.13,8,36,3.925,1.36,5.338,33778,12991,0,-
17:51:52.300,snap,default,com.android.launcher,discharging,1,40.5,58.4,100,95,1,62.01,3.13,8,36,3.953,1.174,4.6408224,33778,12991,0,-
17:51:53.300,snap,default,com.android.launcher,discharging,1,40.5,56.8,100,95,1,62.55,2.75,7.82,0,3.97,0.646,2.56462,23479,8378,0,-
17:51:54.300,snap,default,com.android.launcher,discharging,1,40.5,55.6,100,95,1,62.55,2.75,7.82,8,3.964,0.744,2.9492161,23479,8378,0,-
17:51:55.301,snap,default,com.android.launcher,discharging,1,40.5,54,100,95,1,63.18,2.43,6.58,0,3.967,0.744,2.951448,14739,3762,0,-
17:51:56.301,snap,default,com.android.launcher,discharging,1,40.5,53.2,100,95,1,63.18,2.43,6.58,0,3.969,0.626,2.484594,14739,3762,0,-
17:51:57.301,snap,default,com.android.launcher,discharging,1,40.5,52.4,100,95,1,64.78,2.17,5.39,0,3.973,0.642,2.550666,14437,3755,0,-
17:51:58.301,snap,default,com.android.launcher,discharging,1,40.5,52.4,100,95,1,64.78,2.17,5.39,0,3.973,0.642,2.550666,14437,3755,0,-
17:51:59.302,snap,default,com.android.launcher,discharging,1,40.5,52.8,100,95,1,64.78,2.17,5.39,0,3.968,0.672,2.666496,14907,3266,0,-
17:52:00.302,snap,default,com.android.launcher,discharging,1,40.5,54,100,95,1,65.72,1.96,5.68,0,3.972,0.668,2.6532958,14907,3266,0,-
17:52:01.303,snap,default,com.android.launcher,discharging,1,40.5,55.2,100,95,1,65.72,1.96,5.68,0,3.941,1.062,4.1853423,21831,5387,0,-
17:52:02.305,snap,default,com.android.launcher,discharging,1,40.5,55.2,100,95,1,65.59,1.78,6.64,0,3.943,1.126,4.4398184,21831,5387,0,-
17:52:03.305,snap,default,com.android.launcher,discharging,1,40.5,52.4,100,95,1,65.59,1.78,6.64,0,3.963,0.804,3.186252,21079,5430,0,-
17:52:04.305,snap,default,com.android.launcher,discharging,1,40.5,51.3,100,95,1,58.42,1.64,5.44,0,3.976,0.612,2.433312,21079,5430,0,-
17:52:05.305,snap,default,com.android.launcher,discharging,1,40.5,50.1,100,95,1,58.42,1.64,5.44,0,3.98,0.526,2.09348,4049,1290,0,-
17:52:06.306,snap,default,com.android.launcher,discharging,1,40.5,50.1,100,95,1,48.92,1.34,4.45,0,3.973,0.53,2.10569,4049,1290,0,-
17:52:07.307,snap,default,com.android.launcher,discharging,1,40.5,50.9,100,95,1,48.92,1.34,4.45,0,3.978,0.458,1.821924,4253,1327,0,-
17:52:08.307,snap,default,com.android.launcher,discharging,1,40.5,50.9,100,95,1,41.51,1.1,3.64,0,3.978,0.508,2.020824,4253,1327,0,-
17:52:09.307,snap,default,com.android.launcher,discharging,1,40.5,49.3,100,95,1,41.51,1.1,3.64,0,3.979,0.42,1.67118,3980,1416,0,-
17:52:10.309,snap,default,com.android.launcher,discharging,1,40.4,48.9,100,95,1,35.25,0.9,2.98,0,3.98,0.424,1.68752,3980,1416,0,-
17:52:11.309,snap,default,com.android.launcher,discharging,1,40.4,48.9,100,95,1,35.25,0.9,2.98,0,3.979,0.484,1.9258361,3980,1416,0,-
17:52:12.310,snap,default,com.android.launcher,discharging,1,40.4,48.9,100,95,1,29.95,0.73,2.8,0,3.977,0.478,1.901006,3745,1199,0,-
17:52:13.310,snap,default,com.android.launcher,discharging,1,40.4,48.9,100,95,1,26.16,0.6,2.29,0,3.984,0.444,1.768896,3745,1199,0,-
17:52:14.312,snap,default,com.android.launcher,discharging,1,40.4,48.9,100,95,1,26.16,0.6,2.29,0,3.98,0.488,1.94224,5324,1761,0,-
17:52:15.313,snap,default,com.android.launcher,discharging,1,40.4,48.5,100,95,1,22.68,0.49,1.88,0,3.976,0.44,1.7494401,5324,1761,0,-
17:52:16.313,snap,default,com.android.launcher,discharging,1,40.4,48.5,100,95,1,22.68,0.49,1.88,0,3.983,0.404,1.609132,3710,1135,0,-
17:52:17.313,snap,default,com.android.launcher,discharging,1,40.4,49.7,100,95,1,20.2,0.4,1.54,0,3.98,0.446,1.7750801,3710,1135,0,-
17:52:18.314,snap,default,com.android.launcher,discharging,1,40.4,49.7,100,95,1,20.2,0.4,1.54,0,3.979,0.516,2.053164,6624,2551,0,-
17:52:19.314,snap,default,com.android.launcher,discharging,1,40.4,49.3,100,95,1,18.72,0.33,1.26,0,3.975,0.564,2.2419,6624,2551,0,-
17:52:20.315,snap,default,com.android.launcher,discharging,1,40.4,49.3,100,95,1,18.72,0.33,1.26,0,3.968,0.666,2.642688,8107,3378,0,-
17:52:21.316,snap,default,com.android.launcher,discharging,1,40.4,49.3,100,95,1,17.32,0.27,1.03,0,3.977,0.468,1.861236,8107,3378,0,-
17:52:22.318,snap,default,com.android.launcher,discharging,1,40.4,48.9,100,95,1,17.32,0.27,1.03,0,3.973,0.596,2.367908,8512,3325,0,-
17:52:23.318,snap,default,com.android.launcher,discharging,1,40.4,48.5,100,95,1,16.72,0.22,0.84,0,3.982,0.47,1.8715401,8512,3325,0,-
17:52:24.320,snap,default,com.android.launcher,discharging,1,40.4,48.5,100,95,1,16.72,0.22,0.84,0,3.976,0.518,2.0595682,4315,1471,0,-
17:52:25.321,snap,default,com.android.launcher,discharging,1,40.4,48.5,100,95,1,15.32,0.18,0.69,0,3.961,0.582,2.3053021,4315,1471,0,-
17:52:26.321,snap,default,com.android.launcher,discharging,1,40.4,49.3,100,95,1,15.32,0.18,0.69,0,3.973,0.672,2.669856,9234,2816,0,-
17:52:27.321,snap,default,com.android.launcher,discharging,1,40.4,49.7,100,95,1,19.61,0.14,0.92,0,3.973,0.672,2.669856,9234,2816,0,-
17:52:28.322,snap,default,com.android.launcher,discharging,1,40.4,49.7,100,95,1,19.61,0.14,0.92,0,3.97,0.6,2.3820002,6216,1945,0,-
17:52:29.322,snap,default,com.android.launcher,discharging,1,40.4,49.7,100,95,1,19.61,0.14,0.92,0,3.973,0.582,2.3122861,6216,1945,0,-
17:52:30.326,snap,default,com.android.launcher,discharging,1,40.4,48.9,100,95,1,17.68,0.12,0.76,0,3.978,0.492,1.957176,6628,2658,0,-
17:52:31.326,snap,default,com.android.launcher,discharging,1,40.4,48.1,100,95,1,17.68,0.12,0.76,0,3.981,0.504,2.006424,6628,2658,0,-
17:52:32.328,snap,default,com.android.launcher,discharging,1,40.3,48.1,100,95,1,15.93,0.09,0.62,0,3.981,0.474,1.886994,3408,1228,0,-
17:52:33.328,snap,default,com.android.launcher,discharging,1,40.3,48.1,100,95,1,15.93,0.09,0.62,0,3.985,0.41,1.63385,3408,1228,0,-
17:52:34.329,snap,default,com.android.launcher,discharging,1,40.3,48.1,100,95,1,14.67,0.08,0.5,0,3.981,0.49,1.95069,4601,1379,0,-
17:52:35.331,snap,default,com.android.launcher,discharging,1,40.3,48.5,100,95,1,14.67,0.08,0.5,0,3.985,0.43,1.71355,4601,1379,0,-
17:52:36.331,snap,default,com.android.launcher,discharging,1,40.3,48.5,100,95,1,13.46,0.06,0.41,0,3.988,0.398,1.587224,4601,1379,0,-
17:52:37.332,snap,default,com.android.launcher,discharging,1,40.3,48.5,100,95,1,13.46,0.06,0.41,0,3.993,0.23,0.91839004,5884,2294,0,-
17:52:38.333,snap,default,com.android.launcher,discharging,1,40.3,47.3,100,95,1,12.65,0.05,0.34,0,3.981,0.328,1.305768,5884,2294,0,-
17:52:39.336,snap,default,com.android.launcher,discharging,1,40.3,48.1,100,95,1,12.65,0.05,0.34,0,3.987,0.354,1.411398,7379,2385,0,-
17:52:40.336,snap,default,com.android.launcher,discharging,1,40.3,47.3,100,95,1,11.99,0.04,1.54,0,3.989,0.316,1.260524,7379,2385,0,-
17:52:41.336,snap,default,com.android.launcher,discharging,1,40.3,48.1,100,95,1,11.99,0.04,1.54,0,3.992,0.248,0.990016,4125,1354,0,-
17:52:42.337,snap,default,com.android.launcher,discharging,1,40.3,48.1,100,95,1,11.27,0.03,1.26,4,3.966,0.63,2.49858,4125,1354,0,-
17:52:43.337,snap,default,com.android.launcher,discharging,1,40.3,49.3,100,95,1,12.85,1.47,1.21,0,3.962,0.768,3.042816,16973,5386,0,-
17:52:44.337,snap,default,com.android.launcher,discharging,1,40.3,49.7,100,95,1,12.85,1.47,1.21,0,3.949,0.844,3.3329558,16973,5386,0,-
17:52:45.337,snap,default,com.android.launcher,discharging,1,40.3,50.9,100,95,1,13.06,1.93,0.99,0,3.963,0.774,3.067362,15338,6292,0,-
17:52:46.338,snap,default,com.android.launcher,discharging,1,40.3,50.9,100,95,1,13.06,1.93,0.99,0,3.966,0.798,3.1648679,15338,6292,0,-
17:52:47.339,snap,default,com.android.launcher,discharging,1,40.3,50.1,100,95,1,13.23,2.49,0.81,0,3.968,0.618,2.4522238,14362,5029,0,-
17:52:48.340,snap,default,com.android.launcher,discharging,1,40.3,50.1,100,95,1,13.23,2.49,0.81,0,3.979,0.468,1.862172,14362,5029,0,-
17:52:49.340,snap,default,com.android.launcher,discharging,1,40.3,50.1,100,95,1,11.73,2.22,0.66,0,3.974,0.56,2.22544,6199,1926,0,-
17:52:50.341,snap,default,com.android.launcher,discharging,1,40.3,49.7,100,95,1,11.73,2.22,0.66,0,3.97,0.588,2.3343601,6199,1926,0,-
17:52:51.341,snap,default,com.android.launcher,discharging,1,40.3,49.7,100,95,1,10.51,1.99,0.54,0,3.981,0.446,1.775526,4682,1277,0,-
17:52:52.342,snap,default,com.android.launcher,discharging,1,40.3,48.9,100,95,1,10.51,1.99,0.54,0,3.98,0.464,1.84672,4682,1277,0,-
17:52:53.343,snap,default,com.android.launcher,discharging,1,40.2,48.9,100,95,1,9.33,1.63,0.44,0,3.982,0.376,1.497232,5114,1713,0,-
17:52:54.345,snap,default,com.android.launcher,discharging,1,40.2,48.5,100,95,1,9.33,1.63,0.44,0,3.983,0.372,1.4816761,5114,1713,0,-
17:52:55.346,snap,default,com.android.launcher,discharging,1,40.2,48.5,100,95,1,8,1.33,0.36,0,3.989,0.304,1.212656,3382,995,0,-
17:52:56.346,snap,default,com.android.launcher,discharging,1,40.2,48.1,100,95,1,8,1.33,0.36,0,3.985,0.398,1.58603,3382,995,0,-
17:52:57.347,snap,default,com.android.launcher,discharging,1,40.2,48.9,100,95,1,6.91,1.09,0.29,0,3.985,0.398,1.58603,4099,1183,0,-
17:52:58.347,snap,default,com.android.launcher,discharging,1,40.2,48.1,100,95,1,6.91,1.09,0.29,0,3.985,0.352,1.40272,4099,1183,0,-
17:52:59.347,snap,default,com.android.launcher,discharging,1,40.2,47.3,100,95,1,6.91,1.09,0.29,0,3.986,0.376,1.498736,5683,1890,0,-
17:53:00.348,snap,default,com.android.launcher,discharging,1,40.2,47.3,100,95,1,6.75,0.89,0.24,0,3.989,0.372,1.483908,5683,1890,0,-
17:53:01.349,snap,default,com.android.launcher,discharging,1,40.2,46.5,100,95,1,6.75,0.89,0.24,0,3.989,0.282,1.1248981,3893,1309,0,-
17:53:02.351,snap,default,com.android.launcher,discharging,1,40.2,46.5,100,95,1,6.61,0.73,0.2,0,3.994,0.258,1.0304519,3893,1309,0,-
17:53:03.352,snap,default,com.android.launcher,discharging,1,40.2,46.5,100,95,1,6.61,0.73,0.2,0,3.994,0.258,1.0304519,3893,1309,0,-
17:53:04.356,snap,default,com.android.launcher,discharging,1,40.1,46.5,100,95,1,6.68,0.6,0.16,0,3.993,0.304,1.213872,3859,1447,0,-
17:53:05.355,snap,default,com.android.launcher,discharging,1,40.1,47.3,100,95,1,6.68,0.6,0.16,0,3.995,0.274,1.0946299,3859,1447,0,-
17:53:06.357,snap,default,com.android.launcher,discharging,1,40.1,46.5,100,95,1,6.56,0.49,0.31,0,3.989,0.344,1.3722161,3589,1162,0,-
17:53:07.356,snap,default,com.android.launcher,discharging,1,40.1,46.1,100,95,1,6.56,0.49,0.31,0,3.992,0.224,0.8942081,3589,1162,0,-
17:53:08.359,snap,default,com.android.launcher,discharging,1,40.1,46.1,100,95,1,6.45,0.4,0.25,0,3.993,0.246,0.98227805,3298,966,0,-
17:53:09.371,snap,default,com.android.launcher,discharging,1,40.1,45.7,100,95,1,6.45,0.4,0.25,0,3.994,0.24,0.95856,3298,966,0,-
17:53:10.372,snap,default,com.android.launcher,discharging,1,40.1,45.3,100,95,1,6.37,0.32,0.21,0,3.991,0.232,0.92591196,3018,916,0,-
17:53:11.372,snap,default,com.android.launcher,discharging,1,40.1,45.7,100,95,1,6.37,0.32,0.21,0,3.993,0.234,0.934362,3018,916,0,-
17:53:12.373,snap,default,com.android.launcher,discharging,1,40.1,46.1,100,95,1,6.12,0.26,0.17,0,3.986,0.414,1.6502041,3630,1136,0,-
17:53:13.374,snap,default,com.android.launcher,discharging,1,40.1,46.5,100,95,1,6.1,0.22,0.14,0,3.988,0.264,1.052832,3630,1136,0,-
17:53:14.375,snap,default,com.android.launcher,discharging,1,40.1,46.5,100,95,1,6.1,0.22,0.14,0,3.995,0.262,1.04669,3567,1261,0,-
17:53:15.375,snap,default,com.android.launcher,discharging,1,40.1,46.5,100,95,1,6.62,0.18,0.11,0,3.99,0.284,1.13316,3567,1261,0,-
17:53:16.375,snap,default,com.android.launcher,discharging,1,40.1,46.9,100,95,1,6.62,0.18,0.11,0,3.992,0.304,1.213568,7662,3521,0,-
17:53:17.375,snap,default,com.android.launcher,discharging,1,40.1,46.9,100,95,1,7.05,0.14,0.09,0,3.989,0.298,1.188722,7662,3521,0,-
17:53:18.377,snap,default,com.android.launcher,discharging,1,40.1,46.5,100,95,1,7.05,0.14,0.09,0,3.993,0.284,1.1340121,6663,2606,0,-
17:53:19.378,snap,default,com.android.launcher,discharging,1,40.1,46.1,100,95,1,6.86,0.12,0.07,0,3.992,0.268,1.069856,6663,2606,0,-
17:53:20.378,snap,default,com.android.launcher,discharging,1,40.1,45.3,100,95,1,6.86,0.12,0.07,0,3.992,0.274,1.0938079,3469,1125,0,-
17:53:21.378,snap,default,com.android.launcher,discharging,1,40.1,45.3,100,95,1,6.89,0.09,0.06,0,3.992,0.216,0.862272,3469,1125,0,-
17:53:22.378,snap,default,com.android.launcher,discharging,1,40.1,45.3,100,95,1,6.89,0.09,0.06,0,3.994,0.238,0.950572,3491,1161,0,-
17:53:23.379,snap,default,com.android.launcher,discharging,1,40.1,45.3,100,95,1,7.09,0.08,0.05,0,3.989,0.26,1.03714,3491,1161,0,-
17:53:24.379,snap,default,com.android.launcher,discharging,1,40.1,45.3,100,95,1,7.09,0.08,0.05,0,3.994,0.23,0.91862,3368,1097,0,-
17:53:25.379,snap,default,com.android.launcher,discharging,1,40,44.9,100,95,1,6.89,0.06,0.04,0,3.994,0.23,0.91862,3368,1097,0,-
17:53:26.380,snap,default,com.android.launcher,discharging,1,40,44.9,100,95,1,6.89,0.06,0.04,0,3.997,0.216,0.863352,3299,1051,0,-
17:53:27.381,snap,default,com.android.launcher,discharging,1,40,46.1,100,95,1,6.89,0.06,0.04,0,3.992,0.268,1.069856,3299,1051,0,-
17:53:28.381,snap,default,com.android.launcher,discharging,1,40,46.1,100,95,1,6.73,0.05,0.03,0,3.995,0.258,1.0307099,5083,1637,0,-
17:53:29.382,snap,default,com.android.launcher,discharging,1,40,45.7,100,95,1,6.73,0.05,0.03,0,3.981,0.308,1.226148,5083,1637,0,-
17:53:30.383,snap,default,com.android.launcher,discharging,1,40,44.9,100,95,1,7.68,0.04,0.02,0,3.981,0.506,2.014386,5083,1637,0,-
17:53:31.383,snap,default,com.android.launcher,discharging,1,40,45.3,100,95,1,7.68,0.04,0.02,0,3.986,0.408,1.6262879,4986,1915,0,-
17:53:32.385,snap,default,com.android.launcher,discharging,1,40,44.9,100,95,1,7.56,0.03,0.02,0,3.986,0.432,1.7219521,4986,1915,0,-
17:53:33.385,snap,default,com.android.launcher,discharging,1,40,45.3,100,95,1,7.56,0.03,0.02,0,3.985,0.38,1.5143,3650,1211,0,-
17:53:34.386,snap,default,com.android.launcher,discharging,1,40,45.3,100,95,1,7.27,0.02,0.01,0,3.975,0.49,1.94775,3650,1211,0,-
17:53:35.386,snap,default,com.android.launcher,discharging,1,40,46.5,100,95,1,7.27,0.02,0.01,0,3.984,0.382,1.521888,4953,1617,0,-
17:53:36.387,snap,default,com.android.launcher,discharging,1,40,46.5,100,95,1,7.59,0.02,0.01,0,3.969,0.566,2.246454,4953,1617,0,-
17:53:37.389,snap,default,com.android.launcher,discharging,1,40,47.3,100,95,1,7.59,0.02,0.01,0,3.973,0.59,2.34407,10275,4375,0,-
17:53:38.390,snap,default,com.android.launcher,discharging,1,40,47.7,100,95,1,8.57,0.01,0.01,0,3.962,0.644,2.551528,10275,4375,0,-
17:53:39.392,snap,default,com.android.launcher,discharging,1,40,48.1,100,95,1,8.57,0.01,0.01,0,3.961,0.796,3.152956,15178,7617,0,-
17:53:40.392,snap,default,com.android.launcher,discharging,1,40,48.1,100,95,1,10.09,0.01,0,0,3.981,0.494,1.9666139,15178,7617,0,-
17:53:41.392,snap,default,com.android.launcher,discharging,1,40,47.7,100,95,1,10.09,0.01,0,0,3.983,0.454,1.808282,9377,3902,0,-
17:53:42.393,snap,default,com.android.launcher,discharging,1,40,46.9,100,95,1,9.71,0.01,0,0,3.982,0.428,1.7042961,9377,3902,0,-
17:53:43.393,snap,default,com.android.launcher,discharging,1,40,47.7,100,95,1,9.58,0,0,0,3.978,0.484,1.925352,8824,3583,0,-
17:53:44.395,snap,default,com.android.launcher,discharging,1,40,46.9,100,95,1,9.58,0,0,0,3.98,0.468,1.86264,8824,3583,0,-
17:53:45.395,snap,default,com.android.launcher,discharging,1,40,48.9,100,95,1,9.66,0,0,0,3.983,0.45,1.7923499,8825,3716,0,-
17:53:46.395,snap,default,com.android.launcher,discharging,1,40,51.9,100,95,1,9.66,0,0,5,3.925,1.212,4.7571,8825,3716,0,-
17:53:47.396,snap,default,com.android.launcher,discharging,1,39.9,54.4,100,95,1,16.42,0.55,0.36,5,3.974,0.724,2.8771758,34952,12006,0,-
17:53:48.397,snap,default,com.android.launcher,discharging,1,39.9,51.4,100,95,1,16.42,0.55,0.36,13,3.99,0.236,0.94164,34952,12006,0,-
17:53:49.398,snap,default,com.android.launcher,discharging,1,39.9,48.4,100,95,1,15.26,0.45,0.29,0,3.993,0.286,1.141998,4475,1334,0,-
17:53:50.399,snap,default,com.android.launcher,discharging,1,39.9,46.9,100,95,1,15.26,0.45,0.29,0,3.992,0.256,1.021952,4475,1334,0,-
17:53:51.400,snap,default,com.android.launcher,discharging,1,39.9,46.9,100,95,1,15.21,0.91,0.24,0,3.975,0.432,1.7172,6708,2870,0,-
17:53:52.399,snap,default,com.android.launcher,discharging,1,39.9,47.3,100,95,1,15.21,0.91,0.24,0,3.99,0.372,1.48428,6708,2870,0,-
17:53:53.482,snap,default,com.android.launcher,discharging,1,39.9,47.3,100,95,1,15.35,0.74,0.2,0,3.996,0.244,0.97502404,6478,3012,0,-
17:53:54.483,snap,default,com.android.launcher,discharging,1,39.9,46.9,100,95,1,15.35,0.74,0.2,0,3.986,0.292,1.163912,6478,3012,0,-
17:53:55.484,snap,default,com.android.launcher,discharging,1,39.9,46.1,100,95,1,14.74,1.15,0.16,0,3.988,0.228,0.90926397,7507,2818,0,-
17:53:56.484,snap,default,com.android.launcher,discharging,1,39.9,45.7,100,95,1,14.74,1.15,0.16,0,3.995,0.2,0.79899997,7507,2818,0,-
17:53:57.485,snap,default,com.android.launcher,discharging,1,39.8,45.7,100,95,1,13.52,1.48,0.49,0,3.995,0.2,0.79899997,3627,1258,0,-
17:53:58.897,snap,default,com.android.launcher,discharging,1,39.8,45.3,100,95,1,13.52,1.48,0.49,0,3.99,0.272,1.0852801,3627,1258,0,-
17:53:59.897,snap,default,com.android.launcher,discharging,1,39.8,45.3,100,95,1,13.52,1.48,0.49,0,3.996,0.176,0.703296,5031,2248,0,-
17:54:00.897,snap,default,com.android.launcher,discharging,1,39.8,45.3,100,95,1,13.43,1.4,0.4,0,3.998,0.17,0.67965996,5031,2248,0,-
17:54:01.898,snap,default,com.android.launcher,discharging,1,39.8,45.3,100,95,1,13.43,1.4,0.4,0,3.995,0.246,0.98277,4180,1356,0,-
17:54:02.899,snap,default,com.android.launcher,discharging,1,39.8,44.9,100,95,1,12.8,1.87,0.33,0,3.997,0.166,0.663502,4180,1356,0,-
17:54:03.900,snap,default,com.android.launcher,discharging,1,39.8,44.9,100,95,1,11.75,2.25,0.27,0,3.998,0.17,0.67965996,2571,761,0,-
17:54:04.900,snap,default,com.android.launcher,discharging,1,39.8,44.9,100,95,1,11.75,2.25,0.27,0,3.994,0.258,1.0304519,2571,761,0,-
17:54:05.902,snap,default,com.android.launcher,discharging,1,39.8,44.9,100,95,1,11.07,2.75,0.22,0,3.996,0.184,0.735264,6460,2327,0,-
17:54:08.359,snap,default,com.android.launcher,discharging,1,39.8,44.9,100,95,1,11.07,2.75,0.22,0,3.991,0.242,0.965822,6460,2327,0,-
17:54:09.360,snap,default,com.android.launcher,discharging,1,39.7,44.9,100,95,1,11.96,2.61,0.18,0,4.006,0.132,0.528792,8126,3163,0,-
17:54:10.361,snap,default,com.android.launcher,discharging,1,39.7,44.9,100,95,1,11.96,2.61,0.18,0,3.998,0.192,0.767616,8126,3163,0,-
17:54:11.364,snap,default,com.android.launcher,discharging,1,39.7,44.9,100,95,1,11.24,2.68,0.14,0,3.999,0.166,0.663834,6672,2551,0,-
17:54:12.380,snap,default,com.android.launcher,discharging,1,39.7,44.9,100,95,1,11.24,2.68,0.14,21,3.967,0.514,2.039038,6672,2551,0,-
17:54:13.380,snap,default,com.android.launcher,discharging,1,39.7,44.9,100,95,1,19.89,2.38,1.02,41,3.87,2.048,7.9257603,46045,20029,0,-
17:54:14.380,snap,default,com.android.launcher,discharging,1,39.7,44.9,100,95,1,19.89,2.38,1.02,32,3.894,2.158,8.403252,46045,20029,0,-
17:54:15.381,snap,default,com.android.launcher,discharging,1,39.7,44.9,100,95,1,28.79,2.67,3.19,20,3.871,2.354,9.112334,46045,20029,0,-
17:54:17.081,snap,playback,tv.danmaku.bili,discharging,1,39.7,44.9,100,95,0,34.08,3.09,3.52,5,3.884,1.962,7.620408,43637,15050,0,-
17:54:18.081,snap,playback,tv.danmaku.bili,discharging,1,39.7,44.9,100,95,0,34.08,3.09,3.52,5,3.932,1.272,5.001504,38455,15846,0,-
17:54:19.081,snap,playback,tv.danmaku.bili,discharging,1,39.7,44.9,100,95,0,31.71,3.26,2.88,5,3.917,1.444,5.656148,38455,15846,0,-
17:54:20.082,snap,playback,tv.danmaku.bili,discharging,1,39.6,44.9,100,95,0,31.71,3.26,2.88,5,3.905,1.59,6.20895,37503,16888,0,-
17:54:21.082,snap,playback,tv.danmaku.bili,discharging,1,39.6,44.9,100,95,0,34.66,3.21,2.9,7,3.906,1.558,6.085548,37503,16888,0,-
17:54:22.082,snap,playback,tv.danmaku.bili,discharging,1,39.6,44.9,100,95,0,34.66,3.21,2.9,10,3.925,1.238,4.85915,36489,14135,0,-
17:54:23.082,snap,playback,tv.danmaku.bili,discharging,1,39.6,44.9,100,95,0,34.72,2.81,2.56,7,3.957,0.866,3.426762,36489,14135,0,-
17:54:24.083,snap,playback,tv.danmaku.bili,discharging,1,39.6,47.3,100,95,0,34.72,2.81,2.56,3,3.962,0.696,2.757552,22569,12823,0,-
17:54:25.084,snap,playback,tv.danmaku.bili,discharging,1,39.6,50.3,100,95,0,31.69,2.3,2.09,3,3.962,0.696,2.757552,22569,12823,0,-
17:54:26.085,snap,playback,tv.danmaku.bili,discharging,1,39.6,53.3,100,95,0,31.69,2.3,2.09,3,3.96,0.718,2.84328,15664,9007,0,-
17:54:27.084,snap,playback,tv.danmaku.bili,discharging,1,39.6,52.8,100,95,0,31.69,2.3,2.09,3,3.96,0.682,2.7007198,15664,9007,0,-
17:54:28.086,snap,playback,tv.danmaku.bili,discharging,1,39.6,52.4,100,95,0,29.03,1.88,1.71,3,3.969,0.584,2.3178961,14554,7947,0,-
17:54:29.086,snap,playback,tv.danmaku.bili,discharging,1,39.6,51.7,100,95,0,29.03,1.88,1.71,3,3.967,0.562,2.2294538,14554,7947,0,-
17:54:30.086,snap,playback,tv.danmaku.bili,discharging,1,39.6,51.3,100,95,0,26.49,1.54,1.4,3,3.959,0.602,2.383318,12497,6973,0,-
17:54:31.086,snap,playback,tv.danmaku.bili,discharging,1,39.6,51.3,100,95,0,26.49,1.54,1.4,3,3.965,0.548,2.1728199,12497,6973,0,-
17:54:32.088,snap,playback,tv.danmaku.bili,discharging,1,39.6,50.5,100,95,0,24.4,1.26,1.15,3,3.973,0.474,1.8832021,11709,6458,0,-
17:54:33.088,snap,playback,tv.danmaku.bili,discharging,1,39.6,49.7,100,95,0,24.4,1.26,1.15,3,3.974,0.436,1.732664,11709,6458,0,-
17:54:34.089,snap,playback,tv.danmaku.bili,discharging,1,39.6,49.7,100,95,0,22.52,1.03,0.94,0,3.984,0.312,1.243008,7364,3271,0,-
17:54:35.089,snap,playback,tv.danmaku.bili,discharging,1,39.6,48.5,100,95,0,20.07,0.84,0.77,0,3.986,0.302,1.203772,7364,3271,0,-
17:54:36.090,snap,playback,tv.danmaku.bili,discharging,1,39.6,48.1,100,95,0,20.07,0.84,0.77,0,3.982,0.31,1.2344201,6958,2538,0,-
17:54:37.089,snap,playback,tv.danmaku.bili,discharging,1,39.6,47.7,100,95,0,18.24,0.69,0.63,0,3.986,0.288,1.1479679,6958,2538,0,-
17:54:38.089,snap,playback,tv.danmaku.bili,discharging,1,39.6,47.7,100,95,0,18.24,0.69,0.63,0,3.985,0.278,1.1078299,6009,2147,0,-
17:54:39.090,snap,playback,tv.danmaku.bili,discharging,1,39.6,47.7,100,95,0,17.11,0.56,0.51,0,3.982,0.334,1.329988,6009,2147,0,-
17:54:40.090,snap,playback,tv.danmaku.bili,discharging,1,39.6,47.7,100,95,0,17.11,0.56,0.51,0,3.987,0.29,1.15623,7661,2666,0,-
17:54:41.090,snap,playback,tv.danmaku.bili,discharging,1,39.6,47.3,100,95,0,16,0.46,0.42,0,3.984,0.354,1.410336,7661,2666,0,-
17:54:42.091,snap,playback,tv.danmaku.bili,discharging,1,39.6,47.3,100,95,0,16,0.46,0.42,0,3.972,0.346,1.3743119,6481,2276,0,-
17:54:43.091,snap,playback,tv.danmaku.bili,discharging,1,39.6,47.3,100,95,0,14.91,0.37,0.34,0,3.99,0.268,1.0693201,6481,2276,0,-
17:54:44.091,snap,playback,tv.danmaku.bili,discharging,1,39.6,46.9,100,95,0,14.91,0.37,0.34,0,3.984,0.302,1.2031679,7102,2333,0,-
17:54:45.091,snap,playback,tv.danmaku.bili,discharging,1,39.6,46.9,100,95,0,14.02,0.31,0.28,0,3.975,0.388,1.5423,7102,2333,0,-
17:54:46.093,snap,playback,tv.danmaku.bili,discharging,1,39.6,48.1,100,95,0,14.02,0.31,0.28,0,3.968,0.61,2.42048,10420,3814,0,-
17:54:47.091,snap,playback,tv.danmaku.bili,discharging,1,39.6,48.1,100,95,0,20.72,0.43,0.23,0,3.974,0.504,2.002896,10420,3814,0,-
17:54:48.092,snap,playback,tv.danmaku.bili,discharging,1,39.6,48.1,100,95,0,20.72,0.43,0.23,0,3.976,0.398,1.582448,10829,3540,0,-
17:54:49.092,snap,playback,tv.danmaku.bili,discharging,1,39.6,47.7,100,95,0,21.68,0.35,0.18,0,3.978,0.388,1.5434641,10829,3540,0,-
17:54:50.092,snap,playback,tv.danmaku.bili,discharging,1,39.6,47.3,100,95,0,21.68,0.35,0.18,0,3.984,0.33,1.31472,7926,2911,0,-
17:54:51.092,snap,playback,tv.danmaku.bili,discharging,1,39.6,47.3,100,95,0,20.47,0.29,0.15,0,3.975,0.424,1.6853999,7926,2911,0,-
17:54:52.093,snap,playback,tv.danmaku.bili,discharging,1,39.6,47.7,100,95,0,20.47,0.29,0.15,0,3.975,0.49,1.94775,10734,3866,0,-
17:54:53.093,snap,playback,tv.danmaku.bili,discharging,1,39.6,47.7,100,95,0,25.27,0.23,0.12,0,3.975,0.474,1.88415,10734,3866,0,-
17:54:54.093,snap,playback,tv.danmaku.bili,discharging,1,39.6,47.7,100,95,0,25.27,0.23,0.12,0,3.975,0.474,1.88415,11223,3658,0,-
17:54:55.093,snap,playback,tv.danmaku.bili,discharging,1,39.6,48.1,100,95,0,25.27,0.23,0.12,0,3.976,0.454,1.805104,11223,3658,0,-
17:54:56.093,snap,playback,tv.danmaku.bili,discharging,1,39.5,48.1,100,95,0,27.21,0.19,0.1,0,3.977,0.474,1.885098,9627,3356,0,-
17:54:57.094,snap,playback,tv.danmaku.bili,discharging,1,39.5,47.7,100,95,0,27.21,0.19,0.1,0,3.985,0.38,1.5143,9627,3356,0,-
17:54:58.095,snap,playback,tv.danmaku.bili,discharging,1,39.5,47.3,100,95,0,23.91,0.15,0.08,0,3.98,0.354,1.40892,7171,2739,0,-
17:54:59.094,snap,playback,tv.danmaku.bili,discharging,1,39.5,46.5,100,95,0,23.91,0.15,0.08,0,3.988,0.246,0.981048,7171,2739,0,-
17:55:00.095,snap,playback,tv.danmaku.bili,discharging,1,39.5,46.5,100,95,0,22.3,0.12,0.06,0,3.987,0.274,1.092438,6261,2611,0,-
17:55:01.095,snap,playback,tv.danmaku.bili,discharging,1,39.5,46.5,100,95,0,22.3,0.12,0.06,0,3.987,0.328,1.307736,6261,2611,0,-
17:55:02.095,snap,playback,tv.danmaku.bili,discharging,1,39.5,46.5,100,95,0,20.61,0.1,0.05,0,3.984,0.312,1.243008,6932,3123,0,-
17:55:03.095,snap,playback,tv.danmaku.bili,discharging,1,39.5,46.9,100,95,0,20.61,0.1,0.05,0,3.988,0.288,1.148544,6932,3123,0,-
17:55:04.096,snap,playback,tv.danmaku.bili,discharging,1,39.5,46.9,100,95,0,19.05,0.08,0.04,0,3.986,0.316,1.2595761,8519,3840,0,-
17:55:05.095,snap,playback,tv.danmaku.bili,discharging,1,39.5,48.1,100,95,0,18.14,0.07,0.03,0,3.982,0.376,1.497232,8519,3840,0,-
17:55:06.096,snap,playback,tv.danmaku.bili,discharging,1,39.5,46.9,100,95,0,18.14,0.07,0.03,0,3.974,0.496,1.9711039,11915,6537,0,-
17:55:07.096,snap,playback,tv.danmaku.bili,discharging,1,39.5,46.5,100,95,0,17.39,0.05,0.03,0,3.987,0.312,1.243944,11915,6537,0,-
17:55:08.096,snap,playback,tv.danmaku.bili,discharging,1,39.5,46.5,100,95,0,17.39,0.05,0.03,0,3.984,0.302,1.2031679,7168,2914,0,-
17:55:09.096,snap,playback,tv.danmaku.bili,discharging,1,39.5,46.5,100,95,0,18.04,0.04,0.02,0,3.99,0.232,0.92568,7168,2914,0,-
17:55:10.096,snap,playback,tv.danmaku.bili,discharging,1,39.5,46.5,100,95,0,18.04,0.04,0.02,0,3.985,0.312,1.24332,7360,3145,0,-
17:55:11.096,snap,playback,tv.danmaku.bili,discharging,1,39.5,47.3,100,95,0,16.94,0.03,0.01,0,3.971,0.482,1.914022,7360,3145,0,-
17:55:12.098,snap,playback,tv.danmaku.bili,discharging,1,39.5,47.3,100,95,0,16.94,0.03,0.01,0,3.982,0.38,1.51316,9016,3225,0,-
17:55:13.097,snap,playback,tv.danmaku.bili,discharging,1,39.5,47.3,100,95,0,16.05,0.03,0.01,0,3.991,0.284,1.1334441,9016,3225,0,-
17:55:14.098,snap,playback,tv.danmaku.bili,discharging,1,39.5,46.5,100,95,0,16.05,0.03,0.01,0,3.979,0.502,1.997458,14300,6741,0,-
17:55:15.098,snap,playback,tv.danmaku.bili,discharging,1,39.5,47.3,100,95,0,15.86,0.02,0.01,0,3.979,0.452,1.798508,14300,6741,0,-
17:55:16.099,snap,playback,tv.danmaku.bili,discharging,1,39.4,46.5,100,95,0,15.86,0.02,0.01,0,3.987,0.37,1.47519,14300,6741,0,-
17:55:17.099,snap,playback,tv.danmaku.bili,discharging,1,39.4,47.3,100,95,0,16.61,0.02,0.01,0,3.988,0.314,1.2522321,8554,3755,0,-
17:55:18.099,snap,playback,tv.danmaku.bili,discharging,1,39.4,48.5,100,95,0,16.61,0.02,0.01,2,3.925,1.198,4.70215,8554,3755,0,-
17:55:19.100,snap,playback,tv.danmaku.bili,discharging,1,39.4,49.7,100,95,0,19.03,0.37,0.18,2,3.968,0.56,2.22208,25953,12458,0,-
17:55:20.099,snap,playback,tv.danmaku.bili,discharging,1,39.4,49.7,100,95,0,19.03,0.37,0.18,2,3.977,0.464,1.845328,25953,12458,0,-
17:55:21.142,snap,playback,tv.danmaku.bili,discharging,1,39.4,49.7,100,95,0,17.94,0.31,0.15,31,3.929,0.954,3.748266,14423,5566,0,-
17:55:22.119,snap,playback,tv.danmaku.bili,discharging,1,39.4,49.7,100,95,0,17.94,0.31,0.15,30,3.914,1.48,5.7927203,14423,5566,0,-
17:55:23.128,snap,playback,tv.danmaku.bili,discharging,1,39.4,49.7,100,95,0,26.1,0.79,1.93,20,3.884,1.862,7.232008,35584,17556,0,-
17:55:24.129,snap,default,com.tencent.mobileqq,discharging,1,39.4,49.7,100,95,1,26.1,0.79,1.93,45,3.884,1.862,7.232008,35584,17556,0,-
17:55:25.147,snap,default,com.tencent.mobileqq,discharging,1,39.4,49.7,100,95,1,26.1,0.79,1.93,45,3.878,1.964,7.616392,37470,15292,0,-
17:55:26.138,snap,default,com.tencent.mobileqq,discharging,1,39.4,49.7,100,95,1,32.78,1.37,1.95,57,3.839,2.432,9.336448,37470,15292,0,-
17:55:27.138,snap,default,com.tencent.mobileqq,discharging,1,39.4,49.7,100,95,1,32.78,1.37,1.95,43,3.831,2.998,11.485338,45568,11223,0,-
17:55:28.138,snap,default,com.tencent.mobileqq,discharging,1,39.4,49.7,100,95,1,39.89,2.39,2.32,30,3.858,2.45,9.452101,45568,11223,0,-
17:55:29.138,snap,default,com.tencent.mobileqq,discharging,1,39.4,49.7,100,95,1,39.89,2.39,2.32,28,3.854,1.966,7.576964,29370,15413,0,-
17:55:30.139,snap,default,com.tencent.mobileqq,discharging,1,39.4,49.7,100,95,1,37.55,2.14,2.26,40,3.916,1.39,5.4432397,29370,15413,0,-
17:55:31.139,snap,default,com.tencent.mobileqq,discharging,1,39.4,49.7,100,95,1,37.55,2.14,2.26,34,3.922,1.108,4.3455763,26350,15607,0,-
17:55:32.139,snap,default,com.tencent.mobileqq,discharging,1,39.4,49.7,100,95,1,34.55,1.75,1.85,29,3.916,1.284,5.028144,26350,15607,0,-
17:55:33.139,snap,default,com.tencent.mobileqq,discharging,1,39.4,49.7,100,95,1,34.55,1.75,1.85,42,3.912,1.344,5.2577276,28360,16191,0,-
17:55:34.139,snap,default,com.tencent.mobileqq,discharging,1,39.4,49.7,100,95,1,32.28,1.61,1.51,38,3.901,1.304,5.086904,28360,16191,0,-
17:55:35.143,snap,default,com.tencent.mobileqq,discharging,1,39.4,49.7,100,95,1,32.28,1.61,1.51,27,3.911,1.42,5.55362,28129,16152,0,-
17:55:36.143,snap,default,com.tencent.mobileqq,discharging,1,39.4,49.7,100,95,1,30.96,1.32,1.42,9,3.912,1.224,4.7882876,28129,16152,0,-
17:55:37.143,snap,default,com.tencent.mobileqq,discharging,1,39.4,49.7,100,95,1,28.61,1.08,1.16,28,3.909,1.192,4.6595283,21703,11904,0,-
17:55:38.143,snap,default,com.tencent.mobileqq,discharging,1,39.4,49.7,100,95,1,28.61,1.08,1.16,25,3.934,1.018,4.0048122,21703,11904,0,-
17:55:39.150,snap,default,com.tencent.mobileqq,discharging,1,39.4,49.7,100,95,1,27.59,0.88,0.95,31,3.892,1.454,5.658968,22451,11945,0,-
17:55:40.154,snap,default,com.tencent.mobileqq,discharging,1,39.4,52.7,100,95,1,27.59,0.88,0.95,31,3.919,1.362,5.337678,22451,11945,0,-
17:55:41.154,snap,default,com.tencent.mobileqq,discharging,1,39.4,55.7,100,95,1,25.13,0.72,0.78,16,3.94,0.784,3.08896,17629,10206,0,-
17:55:42.156,snap,default,com.tencent.mobileqq,discharging,1,39.4,58.4,100,95,1,25.13,0.72,0.78,11,3.951,0.722,2.852622,17629,10206,0,-
17:55:43.157,snap,default,com.tencent.mobileqq,discharging,1,39.4,59.9,100,95,1,27.46,1.13,1.36,26,3.87,1.832,7.08984,31311,12644,0,-
17:55:44.157,snap,default,com.tencent.mobileqq,discharging,1,39.4,59.9,100,95,1,27.46,1.13,1.36,26,3.943,0.96,3.78528,31311,12644,0,-
17:55:45.157,snap,default,com.tencent.mobileqq,discharging,1,39.4,56.9,100,95,1,33.72,0.93,1.47,0,3.954,0.552,2.182608,7507,2656,0,-
17:55:46.159,snap,default,com.tencent.mobileqq,discharging,1,39.4,53.9,100,95,1,33.72,0.93,1.47,0,3.963,0.464,1.838832,7507,2656,0,-
17:55:47.160,snap,default,com.tencent.mobileqq,discharging,1,39.4,52.4,100,95,1,29.6,0.94,1.39,0,3.97,0.444,1.76268,7507,2656,0,-
17:55:48.161,snap,default,com.tencent.mobileqq,discharging,1,39.4,51.3,100,95,1,29.6,0.94,1.39,29,3.951,0.572,2.259972,6189,2261,0,-
17:55:49.161,snap,default,com.tencent.mobileqq,discharging,1,39.4,50.9,100,95,1,27.68,0.95,1.14,29,3.963,0.508,2.013204,6189,2261,0,-
17:55:50.163,snap,default,com.tencent.mobileqq,discharging,1,39.4,50.9,100,95,1,27.68,0.95,1.14,0,3.974,0.394,1.565756,12560,5846,0,-
17:55:51.165,snap,default,com.tencent.mobileqq,discharging,1,39.4,49.7,100,95,1,24.84,1.14,0.93,0,3.972,0.254,1.008888,12560,5846,0,-
17:55:52.166,snap,default,com.tencent.mobileqq,discharging,1,39.4,49.3,100,95,1,24.84,1.14,0.93,0,3.974,0.318,1.263732,4217,1437,0,-
17:55:53.166,snap,default,com.tencent.mobileqq,discharging,1,39.4,48.5,100,95,1,21.97,1.48,0.76,0,3.979,0.222,0.88333803,4217,1437,0,-
17:55:54.167,snap,default,com.tencent.mobileqq,discharging,1,39.4,48.5,100,95,1,21.97,1.48,0.76,0,3.982,0.274,1.091068,6780,2456,0,-
17:55:55.167,snap,default,com.tencent.mobileqq,discharging,1,39.4,48.5,100,95,1,19.8,1.39,0.62,0,3.972,0.366,1.4537519,6780,2456,0,-
17:55:56.167,snap,default,com.tencent.mobileqq,discharging,1,39.3,49.7,100,95,1,19.8,1.39,0.62,0,3.961,0.606,2.400366,8264,2420,0,-
17:55:57.167,snap,default,com.tencent.mobileqq,discharging,1,39.3,49.7,100,95,1,27.62,1.5,2.32,0,3.961,0.606,2.400366,8264,2420,0,-
17:55:58.168,snap,default,com.tencent.mobileqq,discharging,1,39.3,49.7,100,95,1,27.62,1.5,2.32,0,3.963,0.526,2.0845382,9959,2576,0,-
17:55:59.168,snap,default,com.tencent.mobileqq,discharging,1,39.3,49.7,100,95,1,27.62,1.5,2.32,0,3.97,0.434,1.7229799,9959,2576,0,-
17:56:00.168,snap,default,com.tencent.mobileqq,discharging,1,39.3,49.3,100,95,1,34.58,1.41,2.8,0,3.971,0.436,1.7313559,6458,1868,0,-
17:56:01.170,snap,default,com.tencent.mobileqq,discharging,1,39.3,49.3,100,95,1,34.58,1.41,2.8,0,3.973,0.408,1.620984,6458,1868,0,-
17:56:02.171,snap,default,com.tencent.mobileqq,discharging,1,39.3,48.1,100,95,1,34.29,1.33,2.66,0,3.982,0.256,1.0193921,4301,1273,0,-
17:56:03.171,snap,default,com.tencent.mobileqq,discharging,1,39.3,46.9,100,95,1,34.29,1.33,2.66,0,3.981,0.188,0.748428,4301,1273,0,-
17:56:04.173,snap,default,com.tencent.mobileqq,discharging,1,39.3,46.9,100,95,1,29.71,1.45,2.17,0,3.985,0.276,1.09986,5385,1918,0,-
17:56:05.173,snap,default,com.tencent.mobileqq,discharging,1,39.3,46.9,100,95,1,29.71,1.45,2.17,0,3.976,0.31,1.23256,5385,1918,0,-
17:56:06.175,snap,default,com.tencent.mobileqq,discharging,1,39.3,46.5,100,95,1,25.77,1.55,1.78,0,3.984,0.234,0.932256,4152,1416,0,-
17:56:07.177,snap,default,com.tencent.mobileqq,discharging,1,39.3,46.5,100,95,1,25.77,1.55,1.78,0,3.986,0.23,0.91678005,4152,1416,0,-
17:56:08.177,snap,default,com.tencent.mobileqq,discharging,1,39.3,46.5,100,95,1,22.37,1.45,1.46,0,3.99,0.156,0.62244004,5323,1681,0,-
17:56:09.179,snap,default,com.tencent.mobileqq,discharging,1,39.3,46.1,100,95,1,20.31,1.19,1.19,0,3.976,0.294,1.168944,5323,1681,0,-
17:56:10.180,snap,default,com.tencent.mobileqq,discharging,1,39.3,46.1,100,95,1,20.31,1.19,1.19,0,3.983,0.288,1.1471039,4335,1543,0,-
17:56:11.182,snap,default,com.tencent.mobileqq,discharging,1,39.3,46.1,100,95,1,18.26,1.33,0.97,0,3.981,0.258,1.027098,4335,1543,0,-
17:56:12.182,snap,default,com.tencent.mobileqq,discharging,1,39.3,46.1,100,95,1,18.26,1.33,0.97,0,3.985,0.184,0.73324,3216,940,0,-
17:56:13.184,snap,default,com.tencent.mobileqq,discharging,1,39.3,46.1,100,95,1,16.58,1.45,0.8,0,3.985,0.232,0.92451996,3216,940,0,-
17:56:14.185,snap,default,com.tencent.mobileqq,discharging,1,39.3,45.7,100,95,1,16.58,1.45,0.8,0,3.984,0.262,1.043808,3216,940,0,-
17:56:15.186,snap,default,com.tencent.mobileqq,discharging,1,39.3,45.7,100,95,1,14.84,1.55,0.65,0,3.982,0.232,0.923824,5034,1697,0,-
17:56:16.186,snap,default,com.tencent.mobileqq,discharging,1,39.3,45.7,100,95,1,14.84,1.55,0.65,0,3.983,0.208,0.82846403,5034,1697,0,-
17:56:17.188,snap,default,com.tencent.mobileqq,discharging,1,39.1,45.7,100,95,1,13.6,1.81,0.53,0,3.988,0.196,0.781648,2739,978,0,-
17:56:18.189,snap,default,com.tencent.mobileqq,discharging,1,39.1,45.3,100,95,1,13.6,1.81,0.53,0,3.986,0.174,0.693564,2739,978,0,-
17:56:19.411,snap,default,com.tencent.mobileqq,discharging,1,39.1,45.3,100,95,1,12.59,2.21,0.43,0,3.991,0.15,0.59865004,3772,1186,0,-
17:56:20.411,snap,default,com.tencent.mobileqq,discharging,1,39.1,45.3,100,95,1,12.59,2.21,0.43,0,3.985,0.26,1.0360999,3772,1186,0,-
17:56:21.411,snap,default,com.tencent.mobileqq,discharging,1,39.1,45.7,100,95,1,12.3,2.17,0.35,0,3.985,0.248,0.98827994,5573,2112,0,-
17:56:22.411,snap,default,com.tencent.mobileqq,discharging,1,39.1,46.5,100,95,1,12.3,2.17,0.35,0,3.972,0.47,1.8668399,5573,2112,0,-
17:56:23.412,snap,default,com.tencent.mobileqq,discharging,1,39.1,46.9,100,95,1,20.94,2.14,1.56,0,3.97,0.496,1.96912,11516,2681,0,-
17:56:24.414,snap,default,com.tencent.mobileqq,discharging,1,39.1,46.5,100,95,1,20.94,2.14,1.56,0,3.981,0.32,1.2739199,11516,2681,0,-
17:56:25.414,snap,default,com.tencent.mobileqq,discharging,1,39.1,46.9,100,95,1,29.46,1.75,1.46,0,3.989,0.292,1.164788,4356,1350,0,-
17:56:26.416,snap,default,com.tencent.mobileqq,discharging,1,39.1,46.1,100,95,1,29.46,1.75,1.46,0,3.982,0.348,1.385736,4356,1350,0,-
17:56:27.416,snap,default,com.tencent.mobileqq,discharging,1,39.1,46.5,100,95,1,25.94,1.61,1.19,0,3.986,0.252,1.004472,6174,1878,0,-
17:56:28.418,snap,default,com.tencent.mobileqq,discharging,1,39,46.1,100,95,1,25.94,1.61,1.19,0,3.986,0.184,0.733424,6174,1878,0,-
17:56:29.420,snap,default,com.tencent.mobileqq,discharging,1,39,45.3,100,95,1,22.51,2.04,0.97,0,3.988,0.212,0.84545594,3243,912,0,-
17:56:30.421,snap,default,com.tencent.mobileqq,discharging,1,39,45.3,100,95,1,22.51,2.04,0.97,0,3.989,0.168,0.670152,3243,912,0,-
17:56:32.270,snap,default,com.tencent.mobileqq,discharging,1,39,45.7,100,95,1,20.06,2.22,0.8,0,3.989,0.168,0.670152,5198,2153,0,-
17:56:33.271,snap,default,com.tencent.mobileqq,discharging,1,39,45.7,100,95,1,20.06,2.22,0.8,0,3.996,0.092,0.367632,5198,2153,0,-
17:56:34.271,snap,default,com.tencent.mobileqq,discharging,1,39,46.5,100,95,1,23.31,2.18,0.83,0,3.966,0.564,2.236824,15833,4704,0,-
17:56:38.682,snap,default,com.tencent.mobileqq,discharging,1,39,46.5,100,95,1,23.31,2.18,0.83,0,3.976,0.418,1.6619681,15833,4704,0,-
17:56:40.887,snap,default,com.tencent.mobileqq,discharging,1,39,44.9,100,95,1,21.08,1.96,0.68,0,3.977,0.222,0.88289404,10323,4280,0,-
17:56:48.327,snap,default,com.tencent.mobileqq,discharging,1,39,44.9,100,95,1,21.08,1.96,0.68,0,3.993,0.118,0.471174,10323,4280,0,-
17:56:49.328,snap,default,com.tencent.mobileqq,discharging,1,39,44.9,100,95,1,19.97,1.79,0.56,0,3.974,0.492,1.9552081,10639,3924,0,-
17:56:50.329,snap,default,com.tencent.mobileqq,discharging,1,38.8,44.9,100,95,1,19.97,1.79,0.56,0,3.976,0.428,1.701728,10639,3924,0,-
17:56:51.330,snap,default,com.tencent.mobileqq,discharging,1,38.8,44.9,100,95,1,17.26,1.64,0.45,0,3.982,0.256,1.0193921,3746,877,0,-
17:56:52.330,snap,default,com.tencent.mobileqq,discharging,1,38.8,44.6,100,95,1,17.26,1.64,0.45,0,3.985,0.258,1.0281299,3746,877,0,-
17:57:03.337,snap,default,com.tencent.mobileqq,discharging,1,38.8,44.2,100,95,1,15.04,1.53,0.37,0,3.993,0.13,0.51909,4939,1750,0,-
17:57:09.761,snap,default,com.tencent.mobileqq,discharging,1,38.8,43.4,100,95,1,15.04,1.53,0.37,0,3.982,0.286,1.1388521,4939,1750,0,-
17:57:14.029,snap,default,com.tencent.mobileqq,discharging,1,38.8,43.4,100,95,1,14.85,1.43,0.3,0,3.997,0.12,0.47963998,11298,3866,0,-
17:57:15.030,snap,default,com.tencent.mobileqq,discharging,1,38.8,43.8,100,95,1,14.85,1.43,0.3,0,3.976,0.506,2.011856,11298,3866,0,-
17:57:16.030,snap,default,com.tencent.mobileqq,discharging,1,38.8,43.8,100,95,1,14.33,1.35,0.25,0,3.976,0.506,2.011856,5890,1699,0,-
17:57:17.031,snap,default,com.tencent.mobileqq,discharging,1,38.8,43.4,100,95,1,14.33,1.35,0.25,0,3.993,0.172,0.686796,5890,1699,0,-
17:57:18.031,snap,default,com.tencent.mobileqq,discharging,1,38.8,43.4,100,95,1,12.82,1.1,0.2,0,3.989,0.148,0.590372,5890,1699,0,-
17:57:25.638,snap,default,com.tencent.mobileqq,discharging,1,38.8,43.4,100,95,1,12.49,0.9,0.16,0,3.995,0.114,0.45543,2149,449,0,-
17:57:26.639,snap,default,com.tencent.mobileqq,discharging,1,38.5,43.4,100,95,1,12.49,0.9,0.16,0,4,0.086,0.344,11984,4920,0,-
17:57:27.639,snap,default,com.tencent.mobileqq,discharging,1,38.5,43.8,100,95,1,12.49,0.9,0.16,0,3.971,0.456,1.810776,11984,4920,0,-
17:57:28.639,snap,default,com.tencent.mobileqq,discharging,1,38.5,43.8,100,95,1,14.58,0.92,0.13,0,3.977,0.376,1.4953519,8578,2888,0,-
17:57:29.640,snap,default,com.tencent.mobileqq,discharging,1,38.5,43.8,100,95,1,14.58,0.92,0.13,0,3.988,0.232,0.92521596,8578,2888,0,-
17:57:30.640,snap,default,com.tencent.mobileqq,discharging,1,38.5,43.4,100,95,1,13.2,1.3,0.11,0,3.991,0.166,0.662506,3145,924,0,-
17:57:31.641,snap,default,com.tencent.mobileqq,discharging,1,38.5,43.4,100,95,1,13.2,1.3,0.11,0,3.985,0.178,0.70933,3145,924,0,-
17:57:32.642,snap,default,com.tencent.mobileqq,discharging,1,38.5,43.4,100,95,1,12.8,1.79,0.09,0,3.986,0.258,1.0283879,3145,924,0,-
17:57:34.463,snap,default,com.tencent.mobileqq,discharging,1,38.5,43,100,95,1,12.47,1.82,0.07,0,3.998,0.06,0.23988,6401,2369,0,-
17:57:35.465,snap,default,com.tencent.mobileqq,discharging,1,38.5,43,100,95,1,12.47,1.82,0.07,0,3.989,0.256,1.0211841,6401,2369,0,-
17:57:36.466,snap,default,com.tencent.mobileqq,discharging,1,38.5,43,100,95,1,11.84,2.04,0.06,0,3.99,0.216,0.86184,6416,2197,0,-
17:57:37.467,snap,default,com.tencent.mobileqq,discharging,1,38.3,43.4,100,95,1,11.84,2.04,0.06,0,3.99,0.206,0.82194,6416,2197,0,-
17:57:38.467,snap,default,com.tencent.mobileqq,discharging,1,38.3,43.8,100,95,1,10.97,2.21,0.04,0,3.976,0.41,1.63016,4395,1364,0,-
17:57:42.095,snap,default,com.tencent.mobileqq,discharging,1,38.3,43.8,100,95,1,10.97,2.21,0.04,0,3.98,0.348,1.3850399,4395,1364,0,-
17:57:43.096,snap,default,com.tencent.mobileqq,discharging,1,38.3,43.8,100,95,1,11.88,2.35,0.04,0,3.961,0.532,2.1072521,6062,2314,0,-
17:57:44.096,snap,default,com.tencent.mobileqq,discharging,1,38.3,43.8,100,95,1,11.88,2.35,0.04,0,3.981,0.348,1.3853879,6062,2314,0,-
17:57:45.098,snap,default,com.tencent.mobileqq,discharging,1,38.3,43.4,100,95,1,10.63,1.93,0.03,0,3.982,0.288,1.146816,7738,1699,0,-
17:57:46.100,snap,default,com.tencent.mobileqq,discharging,1,38.3,43.4,100,95,1,10.63,1.93,0.03,0,3.982,0.304,1.210528,7738,1699,0,-
17:57:47.101,snap,default,com.tencent.mobileqq,discharging,1,38.3,43,100,95,1,9.79,1.58,0.02,0,3.983,0.296,1.1789681,1629,258,0,-
17:57:56.714,snap,default,com.tencent.mobileqq,discharging,1,38.3,43,100,95,1,9.79,1.58,0.02,0,3.983,0.296,1.1789681,1629,258,0,-
17:57:58.389,snap,default,com.tencent.mobileqq,discharging,1,38.3,43.8,100,95,1,9.79,1.58,0.02,0,3.986,0.234,0.932724,10218,4541,0,-
17:57:59.390,snap,default,com.tencent.mobileqq,discharging,1,38.3,43.8,100,95,1,10.73,1.29,0.02,0,3.958,0.388,1.535704,10218,4541,0,-
17:58:00.393,snap,default,com.tencent.mobileqq,discharging,1,38.2,43,100,95,1,10.73,1.29,0.02,0,3.993,0.124,0.495132,5085,1626,0,-
17:58:01.394,snap,default,com.tencent.mobileqq,discharging,1,38.2,43,100,95,1,10.42,1.05,0.01,0,3.992,0.152,0.606784,5085,1626,0,-
17:58:02.395,snap,default,com.tencent.mobileqq,discharging,1,38.2,42.6,100,95,1,10.42,1.05,0.01,0,3.992,0.096,0.38323203,1732,344,0,-
17:58:08.593,snap,default,com.tencent.mobileqq,discharging,1,38.2,43,100,95,1,9.62,0.86,0.01,0,3.991,0.158,0.63057804,1732,344,0,-
17:58:09.595,snap,default,com.tencent.mobileqq,discharging,1,38.2,42.6,100,95,1,9.62,0.86,0.01,0,3.99,0.128,0.51072,6870,2542,0,-
17:58:10.596,snap,default,com.tencent.mobileqq,discharging,1,38.2,42.6,100,95,1,10.41,0.89,0.01,0,3.991,0.198,0.790218,6870,2542,0,-
17:58:11.596,snap,default,com.tencent.mobileqq,discharging,1,38.2,42.6,100,95,1,10.41,0.89,0.01,0,3.992,0.144,0.574848,2298,389,0,-
17:58:12.598,snap,default,com.tencent.mobileqq,discharging,1,38.2,42.6,100,95,1,9.61,1.27,0,0,3.991,0.17,0.67847,2298,389,0,-
17:58:13.598,snap,default,com.tencent.mobileqq,discharging,1,38.2,42.6,100,95,1,9.61,1.27,0,0,3.986,0.2,0.7972,2147,418,0,-
17:58:32.087,snap,default,com.tencent.mobileqq,discharging,1,38.2,42.6,100,95,1,9.5,1.58,0,0,4,0.082,0.328,2147,418,0,-
17:58:33.089,snap,default,com.tencent.mobileqq,discharging,1,38,41.8,100,95,1,9.5,1.58,0,0,3.975,0.254,1.00965,9154,3239,0,-
17:58:34.091,snap,default,com.tencent.mobileqq,discharging,1,38,41.4,100,95,1,10.31,1.48,0,0,3.993,0.178,0.71075404,9154,3239,0,-
17:58:35.094,snap,default,com.tencent.mobileqq,discharging,1,38,41.4,100,95,1,9.35,1.21,0,0,3.997,0.112,0.44766402,9154,3239,0,-
17:58:36.095,snap,default,com.tencent.mobileqq,discharging,1,38,41.4,100,95,1,9.35,1.21,0,0,3.994,0.166,0.663004,1977,408,0,-
17:58:37.097,snap,default,com.tencent.mobileqq,discharging,1,38,41.8,100,95,1,8.92,0.99,0,0,3.988,0.16,0.63808,1977,408,0,-
17:58:38.097,snap,default,com.tencent.mobileqq,discharging,1,38,41.8,100,95,1,8.92,0.99,0,0,3.987,0.186,0.74158204,3402,709,0,-
17:58:39.098,snap,default,com.tencent.mobileqq,discharging,1,38,41.8,100,95,1,9.12,1.35,0,0,3.993,0.168,0.670824,3402,709,0,-
17:58:40.100,snap,default,com.tencent.mobileqq,discharging,1,38,41.4,100,95,1,9.12,1.35,0,0,3.991,0.218,0.870038,2792,709,0,-
17:58:41.101,snap,default,com.tencent.mobileqq,discharging,1,38,41.4,100,95,1,8.91,2.01,0,0,3.99,0.196,0.78204,2792,709,0,-
17:58:42.101,snap,default,com.tencent.mobileqq,discharging,1,38,41.4,100,95,1,8.91,2.01,0,0,3.993,0.156,0.622908,2741,846,0,-
17:58:51.315,snap,default,com.tencent.mobileqq,discharging,1,38,41.8,100,95,1,9.65,2.19,0,0,3.986,0.148,0.58992803,2741,846,0,-
17:58:55.196,snap,default,com.tencent.mobileqq,discharging,1,37.8,41.8,100,95,1,9.65,2.19,0,0,3.999,0.098,0.391902,10476,3793,0,-
17:58:56.197,snap,default,com.tencent.mobileqq,discharging,1,37.8,41.4,100,95,1,10.98,2.15,0.18,0,3.992,0.192,0.76646405,10476,3793,0,-
17:58:57.198,snap,default,com.tencent.mobileqq,discharging,1,37.8,41.4,100,95,1,10.98,2.15,0.18,0,3.989,0.236,0.94140404,4470,1354,0,-
17:58:58.200,snap,default,com.tencent.mobileqq,discharging,1,37.8,41.4,100,95,1,10.26,2.49,0.14,0,3.992,0.17,0.67864,4470,1354,0,-
17:58:59.201,snap,default,com.tencent.mobileqq,discharging,1,37.8,41.4,100,95,1,10.26,2.49,0.14,0,3.988,0.206,0.82152796,3112,906,0,-
17:59:00.202,snap,default,com.tencent.mobileqq,discharging,1,37.8,41.4,100,95,1,9.67,2.76,0.12,0,3.988,0.206,0.82152796,3112,906,0,-
17:59:04.647,snap,default,com.tencent.mobileqq,discharging,1,37.8,41.4,100,95,1,9.67,2.76,0.12,0,3.982,0.222,0.88400406,8769,4224,0,-
17:59:05.648,snap,default,com.tencent.mobileqq,discharging,1,37.8,41.4,100,95,1,9.67,2.76,0.12,0,3.985,0.194,0.77309,8769,4224,0,-
17:59:06.650,snap,default,com.tencent.mobileqq,discharging,1,37.8,41.4,100,95,1,10.63,2.62,0.09,0,3.986,0.196,0.781256,8769,4224,0,-
17:59:07.651,snap,default,com.tencent.mobileqq,discharging,1,37.8,41.4,100,95,1,10.63,2.62,0.09,0,3.992,0.168,0.670656,2890,665,0,-
17:59:08.652,snap,default,com.tencent.mobileqq,discharging,1,37.8,41.8,100,95,1,9.97,3.05,0.08,0,3.991,0.162,0.646542,2890,665,0,-
17:59:20.286,snap,default,com.tencent.mobileqq,discharging,1,37.7,41.4,100,95,1,9.97,3.05,0.08,0,3.991,0.196,0.782236,3168,945,0,-
17:59:21.286,snap,default,com.tencent.mobileqq,discharging,1,37.7,41.8,100,95,1,9.43,3.22,0.06,0,3.997,0.128,0.51161605,3168,945,0,-
17:59:22.287,snap,default,com.tencent.mobileqq,discharging,1,37.7,41.8,100,95,1,9.43,3.22,0.06,0,3.965,0.502,1.9904299,11761,3122,0,-
17:59:23.288,snap,default,com.tencent.mobileqq,discharging,1,37.7,42.2,100,95,1,18.41,3,1.68,0,3.984,0.318,1.266912,11761,3122,0,-
17:59:24.288,snap,default,com.tencent.mobileqq,discharging,1,37.7,42.2,100,95,1,18.41,3,1.68,0,3.979,0.364,1.448356,5213,1613,0,-
17:59:25.288,snap,default,com.tencent.mobileqq,discharging,1,37.7,43,100,95,1,29.57,3,4.45,0,3.975,0.578,2.29755,5213,1613,0,-
17:59:26.288,snap,default,com.tencent.mobileqq,discharging,1,37.7,43.8,100,95,1,29.57,3,4.45,0,3.978,0.416,1.654848,11374,2935,0,-
17:59:27.288,snap,default,com.tencent.mobileqq,discharging,1,37.7,43.8,100,95,1,37.44,3.18,4.19,0,3.972,0.506,2.009832,11374,2935,0,-
17:59:28.289,snap,default,com.tencent.mobileqq,discharging,1,37.7,43.8,100,95,1,37.44,3.18,4.19,0,3.97,0.468,1.85796,7110,1649,0,-
17:59:29.289,snap,default,com.tencent.mobileqq,discharging,1,37.7,43.4,100,95,1,44.6,3.51,5.6,0,3.97,0.42,1.6674,7110,1649,0,-
17:59:33.741,snap,default,com.tencent.mobileqq,discharging,1,37.6,43.4,100,95,1,50.47,3.42,5.86,0,3.967,0.4,1.5868,5116,1281,0,-
17:59:34.743,snap,default,com.tencent.mobileqq,discharging,1,37.6,44.2,100,95,1,50.47,3.42,5.86,0,3.971,0.364,1.445444,5116,1281,0,-
17:59:39.472,snap,default,com.tencent.mobileqq,discharging,1,37.6,44.2,100,95,1,51.65,3.16,5.52,0,3.998,0.038,0.15192398,15758,3730,0,-
17:59:40.473,snap,default,com.tencent.mobileqq,discharging,1,37.6,43.8,100,95,1,51.65,3.16,5.52,0,3.967,0.564,2.2373881,15758,3730,0,-
17:59:41.474,snap,default,com.tencent.mobileqq,discharging,1,37.6,43.8,100,95,1,46.28,3.13,4.7,0,3.978,0.332,1.3206959,10533,3076,0,-
17:59:42.474,snap,default,com.tencent.mobileqq,discharging,1,37.6,43.4,100,95,1,46.28,3.13,4.7,0,3.976,0.328,1.304128,10533,3076,0,-
17:59:43.475,snap,default,com.tencent.mobileqq,discharging,1,37.6,43,100,95,1,39.16,2.92,3.85,0,3.983,0.26,1.0355799,5674,1759,0,-
17:59:44.477,snap,default,com.tencent.mobileqq,discharging,1,37.6,42.6,100,95,1,39.16,2.92,3.85,0,3.985,0.242,0.96436995,5674,1759,0,-
17:59:45.477,snap,default,com.tencent.mobileqq,discharging,1,37.6,42.6,100,95,1,33.34,2.75,3.15,0,3.982,0.262,1.043284,3504,930,0,-
17:59:46.478,snap,default,com.tencent.mobileqq,discharging,1,37.6,42.6,100,95,1,33.34,2.75,3.15,0,3.989,0.162,0.646218,3504,930,0,-
17:59:47.478,snap,default,com.tencent.mobileqq,discharging,1,37.6,42.6,100,95,1,28.38,2.98,2.58,0,3.985,0.194,0.77309,4095,1282,0,-
17:59:48.478,snap,default,com.tencent.mobileqq,discharging,1,37.5,42.6,100,95,1,28.38,2.98,2.58,0,3.992,0.144,0.574848,4095,1282,0,-
17:59:49.480,snap,default,com.tencent.mobileqq,discharging,1,37.5,42.2,100,95,1,24.51,2.44,2.11,0,3.99,0.132,0.52668,2097,534,0,-
17:59:50.482,snap,default,com.tencent.mobileqq,discharging,1,37.5,41.8,100,95,1,24.51,2.44,2.11,0,3.99,0.132,0.52668,2097,534,0,-
17:59:51.482,snap,default,com.tencent.mobileqq,discharging,1,37.5,41.4,100,95,1,24.51,2.44,2.11,0,3.988,0.138,0.550344,2097,534,0,-
17:59:52.483,snap,default,com.tencent.mobileqq,discharging,1,37.5,41.8,100,95,1,21.15,2,1.73,0,3.986,0.152,0.605872,1887,476,0,-
17:59:53.483,snap,default,com.tencent.mobileqq,discharging,1,37.5,42.2,100,95,1,21.15,2,1.73,0,3.983,0.22,0.87626,1887,476,0,-
17:59:54.483,snap,default,com.tencent.mobileqq,discharging,1,37.5,42.2,100,95,1,19.68,1.81,1.41,0,3.979,0.352,1.4006081,7964,2832,0,-
17:59:55.484,snap,default,com.tencent.mobileqq,discharging,1,37.5,41.4,100,95,1,19.68,1.81,1.41,0,3.993,0.12,0.47915998,7964,2832,0,-
17:59:56.486,snap,default,com.tencent.mobileqq,discharging,1,37.5,41,100,95,1,17.38,1.48,1.16,0,3.993,0.116,0.463188,2088,461,0,-
17:59:57.486,snap,default,com.tencent.mobileqq,discharging,1,37.5,41,100,95,1,17.38,1.48,1.16,0,3.994,0.098,0.391412,2088,461,0,-
17:59:58.487,snap,default,com.tencent.mobileqq,discharging,1,37.5,41,100,95,1,15.5,1.21,0.94,0,3.995,0.12,0.47939998,2833,624,0,-
17:59:59.488,snap,default,com.tencent.mobileqq,discharging,1,37.4,41.4,100,95,1,15.5,1.21,0.94,0,3.984,0.22,0.87648,2833,624,0,-
18:00:00.489,snap,default,com.tencent.mobileqq,discharging,1,37.4,41.4,100,95,1,13.96,1.54,0.77,0,3.986,0.206,0.82111603,2935,821,0,-
18:00:01.490,snap,default,com.tencent.mobileqq,discharging,1,37.4,41.4,100,95,1,13.96,1.54,0.77,0,3.99,0.196,0.78204,2935,821,0,-
18:00:02.490,snap,default,com.tencent.mobileqq,discharging,1,37.4,41.8,100,95,1,12.33,1.62,0.63,0,3.99,0.182,0.72617996,3142,883,0,-
18:00:03.491,snap,default,com.tencent.mobileqq,discharging,1,37.4,41.4,100,95,1,12.33,1.62,0.63,0,3.985,0.218,0.86872995,3142,883,0,-
18:00:04.494,snap,default,com.tencent.mobileqq,discharging,1,37.4,41.8,100,95,1,11.18,2.05,0.52,0,3.985,0.236,0.94045997,2703,705,0,-
18:00:05.495,snap,default,com.tencent.mobileqq,discharging,1,37.4,41.4,100,95,1,10.43,2.04,0.42,0,3.995,0.124,0.49537998,2703,705,0,-
18:00:06.495,snap,default,com.tencent.mobileqq,discharging,1,37.4,41,100,95,1,10.43,2.04,0.42,0,3.994,0.104,0.415376,1976,493,0,-
18:00:07.495,snap,default,com.tencent.mobileqq,discharging,1,37.4,41,100,95,1,11.43,1.67,0.34,0,3.989,0.204,0.813756,1976,493,0,-
18:00:08.497,snap,default,com.tencent.mobileqq,discharging,1,37.4,41,100,95,1,11.43,1.67,0.34,0,3.994,0.132,0.527208,3758,925,0,-
18:00:09.499,snap,default,com.tencent.mobileqq,discharging,1,37.3,41.4,100,95,1,10.27,1.55,0.28,0,3.986,0.146,0.581956,3758,925,0,-
18:00:10.500,snap,default,com.tencent.mobileqq,discharging,1,37.3,41.4,100,95,1,10.27,1.55,0.28,0,3.99,0.188,0.75012,2336,543,0,-
18:00:11.500,snap,default,com.tencent.mobileqq,discharging,1,37.3,41.4,100,95,1,9.86,1.99,0.23,0,3.986,0.194,0.773284,2336,543,0,-
18:00:12.502,snap,default,com.tencent.mobileqq,discharging,1,37.3,41.4,100,95,1,9.86,1.99,0.23,0,3.99,0.198,0.79002,3456,1140,0,-
18:00:13.504,snap,default,com.tencent.mobileqq,discharging,1,37.3,41.4,100,95,1,9.16,2.35,0.19,0,3.99,0.184,0.73416,3456,1140,0,-
18:00:14.505,snap,default,com.tencent.mobileqq,discharging,1,37.3,41.4,100,95,1,9.16,2.35,0.19,0,3.987,0.178,0.709686,2660,707,0,-
18:00:15.507,snap,default,com.tencent.mobileqq,discharging,1,37.3,41.4,100,95,1,8.58,2.29,0.15,0,3.986,0.226,0.900836,2660,707,0,-
18:00:16.509,snap,default,com.tencent.mobileqq,discharging,1,37.3,41.4,100,95,1,8.58,2.29,0.15,0,3.986,0.17,0.67762,3748,938,0,-
18:00:17.510,snap,default,com.tencent.mobileqq,discharging,1,37.3,41.4,100,95,1,8.11,2.42,0.12,0,3.991,0.144,0.574704,3748,938,0,-
18:00:18.510,snap,default,com.tencent.mobileqq,discharging,1,37.3,41.4,100,95,1,8.11,2.42,0.12,0,3.991,0.144,0.574704,3748,938,0,-
18:00:19.510,snap,default,com.tencent.mobileqq,discharging,1,37.3,41.4,100,95,1,8.11,2.42,0.12,0,3.99,0.216,0.86184,2736,629,0,-
18:00:20.512,snap,default,com.tencent.mobileqq,discharging,1,37.3,41.4,100,95,1,7.73,2.88,0.1,0,3.99,0.146,0.58254,2736,629,0,-
18:00:21.512,snap,default,com.tencent.mobileqq,discharging,1,37.3,41.4,100,95,1,7.73,2.88,0.1,0,3.987,0.206,0.821322,3984,945,0,-
18:00:22.512,snap,default,com.tencent.mobileqq,discharging,1,37.3,41.4,100,95,1,7.78,2.9,0.08,0,3.989,0.224,0.89353603,3984,945,0,-
18:00:23.513,snap,default,com.tencent.mobileqq,discharging,1,37.3,41.4,100,95,1,7.78,2.9,0.08,0,3.991,0.174,0.694434,2823,896,0,-
18:00:24.514,snap,default,com.tencent.mobileqq,discharging,1,37.3,41,100,95,1,7.45,2.92,0.06,0,3.986,0.222,0.88489205,2823,896,0,-
18:00:25.515,snap,default,com.tencent.mobileqq,discharging,1,37.3,41.4,100,95,1,7.45,2.92,0.06,0,3.992,0.15,0.59880006,3396,843,0,-
18:00:26.516,snap,default,com.tencent.mobileqq,discharging,1,37.3,41.4,100,95,1,7.37,2.93,0.05,0,3.992,0.148,0.590816,3396,843,0,-
18:00:27.518,snap,default,com.tencent.mobileqq,discharging,1,37.3,41.4,100,95,1,7.37,2.93,0.05,0,3.992,0.178,0.71057606,2697,642,0,-
18:00:28.519,snap,default,com.tencent.mobileqq,discharging,1,37.3,41.4,100,95,1,7.12,3.13,0.22,0,3.987,0.18,0.71766,2697,642,0,-
18:00:33.222,snap,default,com.tencent.mobileqq,discharging,1,37.3,41.4,100,95,1,7.12,3.13,0.22,0,3.985,0.228,0.90858,4361,1310,0,-
18:00:34.223,snap,default,com.tencent.mobileqq,discharging,1,37.3,41.4,100,95,1,6.92,2.92,0.18,0,3.996,0.134,0.53546405,4361,1310,0,-
18:00:35.223,snap,default,com.tencent.mobileqq,discharging,1,37.2,41.4,100,95,1,6.92,2.92,0.18,0,3.99,0.232,0.92568,6764,2487,0,-
18:00:36.223,snap,default,com.tencent.mobileqq,discharging,1,37.2,40.6,100,95,1,7.47,2.75,0.15,0,3.984,0.264,1.0517759,6764,2487,0,-
18:00:37.223,snap,default,com.tencent.mobileqq,discharging,1,37.2,40.6,100,95,1,7.47,2.75,0.15,0,3.991,0.128,0.51084805,2827,768,0,-
18:00:38.223,snap,default,com.tencent.mobileqq,discharging,1,37.2,40.6,100,95,1,7.39,2.25,0.12,0,3.988,0.104,0.414752,2827,768,0,-
18:00:39.225,snap,default,com.tencent.mobileqq,discharging,1,37.2,40.6,100,95,1,7.32,1.84,0.1,0,3.993,0.132,0.527076,2767,741,0,-
18:00:40.225,snap,default,com.tencent.mobileqq,discharging,1,37.2,41,100,95,1,7.32,1.84,0.1,0,3.983,0.158,0.62931406,2767,741,0,-
18:00:41.224,snap,default,com.tencent.mobileqq,discharging,1,37.2,41,100,95,1,7.62,2.96,0.08,0,3.985,0.194,0.77309,2335,539,0,-
18:00:42.225,snap,default,com.tencent.mobileqq,discharging,1,37.2,41,100,95,1,7.62,2.96,0.08,0,3.988,0.232,0.92521596,2335,539,0,-
18:00:43.226,snap,default,com.tencent.mobileqq,discharging,1,37.2,41,100,95,1,7.69,3.15,0.06,0,3.985,0.212,0.84481996,3763,1000,0,-
18:00:44.226,snap,default,com.tencent.mobileqq,discharging,1,37.2,41,100,95,1,7.69,3.15,0.06,0,3.985,0.212,0.84481996,3763,1000,0,-
18:00:45.226,snap,default,com.tencent.mobileqq,discharging,1,37.2,41,100,95,1,8.11,2.76,0.05,0,3.991,0.152,0.606632,3075,999,0,-
18:00:46.227,snap,default,com.tencent.mobileqq,discharging,1,37.2,40.6,100,95,1,8.11,2.76,0.05,0,3.988,0.134,0.534392,3075,999,0,-
18:00:47.228,snap,default,com.tencent.mobileqq,discharging,1,37.2,40.6,100,95,1,7.9,2.26,0.04,0,3.991,0.12,0.47891998,3277,708,0,-
18:00:48.228,snap,default,com.tencent.mobileqq,discharging,1,37.2,40.6,100,95,1,7.9,2.26,0.04,0,3.987,0.146,0.582102,3277,708,0,-
18:00:49.230,snap,default,com.tencent.mobileqq,discharging,1,37.2,40.2,100,95,1,8.28,1.85,0.03,0,3.995,0.106,0.42347,1796,397,0,-
18:00:50.233,snap,default,com.tencent.mobileqq,discharging,1,37.2,40.2,100,95,1,8.28,1.85,0.03,0,3.994,0.094,0.37543598,1796,397,0,-
18:00:51.234,snap,default,com.tencent.mobileqq,discharging,1,37.2,40.2,100,95,1,7.87,1.51,0.02,0,3.995,0.13,0.51935,1796,397,0,-
18:00:52.235,snap,default,com.tencent.mobileqq,discharging,1,37.2,40.6,100,95,1,7.87,1.51,0.02,0,3.995,0.13,0.51935,2613,564,0,-
18:00:53.236,snap,default,com.tencent.mobileqq,discharging,1,37.2,40.6,100,95,1,7.87,1.51,0.02,0,3.99,0.196,0.78204,2613,564,0,-
18:00:54.238,snap,default,com.tencent.mobileqq,discharging,1,37.2,40.6,100,95,1,8.07,1.24,0.02,0,3.993,0.126,0.50311804,1717,313,0,-
18:00:55.239,snap,default,com.tencent.mobileqq,discharging,1,37.2,40.6,100,95,1,8.07,1.24,0.02,0,3.992,0.116,0.463072,1717,313,0,-
18:00:56.240,snap,default,com.tencent.mobileqq,discharging,1,37.1,40.6,100,95,1,7.7,1.01,0.01,0,3.992,0.098,0.391216,1584,224,0,-
18:00:57.240,snap,default,com.tencent.mobileqq,discharging,1,37.1,40.6,100,95,1,7.7,1.01,0.01,0,3.993,0.126,0.50311804,1584,224,0,-
18:00:58.241,snap,default,com.tencent.mobileqq,discharging,1,37.1,40.6,100,95,1,7.75,0.83,0.01,0,3.997,0.094,0.375718,3242,1092,0,-
18:01:02.835,snap,default,com.tencent.mobileqq,discharging,1,37.1,40.2,100,95,1,7.75,0.83,0.01,0,3.994,0.128,0.511232,3242,1092,0,-
18:01:03.836,snap,default,com.tencent.mobileqq,discharging,1,37.1,40.6,100,95,1,7.98,0.68,0.01,0,3.984,0.19,0.75696,4763,1751,0,-
18:01:04.838,snap,default,com.tencent.mobileqq,discharging,1,37.1,39.8,100,95,1,7.98,0.68,0.01,0,3.988,0.14,0.55832,4763,1751,0,-
18:01:05.840,snap,default,com.tencent.mobileqq,discharging,1,37.1,40.2,100,95,1,9.07,0.55,0.01,0,3.992,0.138,0.550896,1880,515,0,-
18:01:06.842,snap,default,com.tencent.mobileqq,discharging,1,37.1,39.8,100,95,1,9.07,0.55,0.01,0,3.994,0.114,0.455316,1880,515,0,-
18:01:07.842,snap,default,com.tencent.mobileqq,discharging,1,37.1,40.2,100,95,1,8.51,0.45,0,0,3.996,0.074,0.295704,2164,431,0,-
18:01:08.843,snap,default,com.tencent.mobileqq,discharging,1,37.1,40.2,100,95,1,8.51,0.45,0,0,3.991,0.224,0.893984,2164,431,0,-
18:01:09.846,snap,default,com.tencent.mobileqq,discharging,1,37.1,40.2,100,95,1,8.6,0.55,0,0,3.994,0.17,0.67898,3077,976,0,-
18:01:10.847,snap,default,com.tencent.mobileqq,discharging,1,37,40.2,100,95,1,8.49,0.45,0,0,3.995,0.122,0.48738998,3077,976,0,-
18:01:11.848,snap,default,com.tencent.mobileqq,discharging,1,37,40.2,100,95,1,8.49,0.45,0,0,3.994,0.072,0.28756797,1541,333,0,-
18:01:12.847,snap,default,com.tencent.mobileqq,discharging,1,37,40.6,100,95,1,8.04,0.37,0,0,3.994,0.138,0.55117196,1541,333,0,-
18:01:13.849,snap,default,com.tencent.mobileqq,discharging,1,37,40.6,100,95,1,8.04,0.37,0,0,3.986,0.23,0.91678005,3924,960,0,-
18:01:14.851,snap,default,com.tencent.mobileqq,discharging,1,37,40.6,100,95,1,8.39,0.3,0,0,3.994,0.126,0.503244,3924,960,0,-
18:01:15.851,snap,default,com.tencent.mobileqq,discharging,1,37,40.2,100,95,1,8.39,0.3,0,0,3.996,0.094,0.375624,1745,349,0,-
18:01:16.851,snap,default,com.tencent.mobileqq,discharging,1,37,40.2,100,95,1,7.78,0.24,0,0,3.995,0.134,0.53533,1745,349,0,-
18:01:18.274,snap,default,com.tencent.mobileqq,discharging,1,37,40.2,100,95,1,7.78,0.24,0,0,3.99,0.194,0.77406,2359,694,0,-
18:01:19.274,snap,default,com.tencent.mobileqq,discharging,1,37,41,100,95,1,9.27,0.2,0,0,3.975,0.28,1.113,2359,694,0,-
18:01:20.274,snap,default,com.tencent.mobileqq,discharging,1,37,41,100,95,1,9.27,0.2,0,0,3.989,0.152,0.606328,7526,2648,0,-
18:01:21.274,snap,default,com.tencent.mobileqq,discharging,1,37,41,100,95,1,9.22,0.16,0,0,3.995,0.114,0.45543,7526,2648,0,-
18:01:22.275,snap,default,com.tencent.mobileqq,discharging,1,37,41.8,100,95,1,9.22,0.16,0,0,3.955,0.51,2.01705,7870,2216,0,-
18:01:23.275,snap,default,com.tencent.mobileqq,discharging,1,37,42.2,100,95,1,16.97,0.31,0.36,0,3.963,0.488,1.9339441,7870,2216,0,-
18:01:24.275,snap,default,com.tencent.mobileqq,discharging,1,37,42.6,100,95,1,16.97,0.31,0.36,0,3.983,0.316,1.2586281,5258,1146,0,-
18:01:25.277,snap,default,com.tencent.mobileqq,discharging,1,37,42.6,100,95,1,17.15,0.26,0.29,0,3.978,0.328,1.304784,5258,1146,0,-
18:01:26.277,snap,default,com.tencent.mobileqq,discharging,1,37,41,100,95,1,17.15,0.26,0.29,0,3.987,0.16,0.63791996,2496,649,0,-
18:01:27.278,snap,default,com.tencent.mobileqq,discharging,1,37,41,100,95,1,15.13,0.21,0.24,0,3.996,0.084,0.335664,2496,649,0,-
18:01:28.279,snap,default,com.tencent.mobileqq,discharging,1,37,40.6,100,95,1,15.13,0.21,0.24,0,3.995,0.088,0.35156,1208,177,0,-
18:01:29.280,snap,default,com.tencent.mobileqq,discharging,1,37,40.6,100,95,1,13.29,0.17,0.19,0,3.99,0.186,0.74214,1208,177,0,-
18:01:30.280,snap,default,com.tencent.mobileqq,discharging,1,37,41,100,95,1,13.29,0.17,0.19,0,3.99,0.186,0.74214,1208,177,0,-
18:01:32.900,snap,default,com.tencent.mobileqq,discharging,1,36.9,41,100,95,1,13.29,0.17,0.19,0,3.984,0.188,0.74899197,4428,1742,0,-
18:01:33.902,snap,default,com.tencent.mobileqq,discharging,1,36.9,41,100,95,1,12.7,0.14,0.16,0,3.984,0.146,0.58166397,4428,1742,0,-
18:01:34.904,snap,default,com.tencent.mobileqq,discharging,1,36.9,40.6,100,95,1,12.7,0.14,0.16,0,3.989,0.186,0.741954,7300,2739,0,-
18:01:35.907,snap,default,com.tencent.mobileqq,discharging,1,36.9,40.2,100,95,1,13.11,0.66,0.13,0,3.995,0.126,0.50337,7300,2739,0,-
18:01:36.907,snap,default,com.tencent.mobileqq,discharging,1,36.9,40.2,100,95,1,11.82,0.54,0.1,0,3.986,0.154,0.613844,2687,713,0,-
18:01:37.908,snap,default,com.tencent.mobileqq,discharging,1,36.9,40.6,100,95,1,11.82,0.54,0.1,0,3.993,0.14,0.55902,2687,713,0,-
18:01:38.909,snap,default,com.tencent.mobileqq,discharging,1,36.9,40.6,100,95,1,10.95,0.44,0.08,0,3.987,0.194,0.77347803,3725,1156,0,-
18:01:39.910,snap,default,com.tencent.mobileqq,discharging,1,36.9,40.6,100,95,1,10.95,0.44,0.08,0,3.991,0.128,0.51084805,3725,1156,0,-
18:01:40.911,snap,default,com.tencent.mobileqq,discharging,1,36.9,40.2,100,95,1,10.23,0.72,0.07,0,3.985,0.164,0.65354,2277,493,0,-
18:01:41.913,snap,default,com.tencent.mobileqq,discharging,1,36.9,40.6,100,95,1,10.23,0.72,0.07,0,3.996,0.098,0.391608,2277,493,0,-
18:01:42.915,snap,default,com.tencent.mobileqq,discharging,1,36.9,40.2,100,95,1,9.65,0.59,0.05,0,3.991,0.16,0.63856,1781,335,0,-
18:01:43.915,snap,default,com.tencent.mobileqq,discharging,1,36.8,40.6,100,95,1,9.65,0.59,0.05,0,3.993,0.15,0.59895,1781,335,0,-
18:01:44.917,snap,default,com.tencent.mobileqq,discharging,1,36.8,40.2,100,95,1,9.16,0.48,0.04,0,3.993,0.142,0.56700605,3259,583,0,-
18:01:45.919,snap,default,com.tencent.mobileqq,discharging,1,36.8,40.2,100,95,1,9.16,0.48,0.04,0,3.996,0.08,0.31968,3259,583,0,-
18:01:46.920,snap,default,com.tencent.mobileqq,discharging,1,36.8,39.8,100,95,1,8.77,0.39,0.03,0,3.996,0.098,0.391608,1518,198,0,-
18:01:47.920,snap,default,com.tencent.mobileqq,discharging,1,36.8,40.2,100,95,1,8.77,0.39,0.03,0,3.997,0.072,0.28778398,1518,198,0,-
18:01:48.920,snap,default,com.tencent.mobileqq,discharging,1,36.8,40.6,100,95,1,8.45,0.32,0.03,0,3.984,0.222,0.884448,3739,1190,0,-
18:01:49.920,snap,default,com.tencent.mobileqq,discharging,1,36.8,40.6,100,95,1,8.45,0.32,0.03,0,3.984,0.296,1.179264,3739,1190,0,-
18:01:50.922,snap,default,com.tencent.mobileqq,discharging,1,36.8,40.6,100,95,1,10,0.26,0.02,0,3.985,0.242,0.96436995,6058,1911,0,-
18:01:51.922,snap,default,com.tencent.mobileqq,discharging,1,36.8,40.6,100,95,1,10,0.26,0.02,0,3.99,0.188,0.75012,6058,1911,0,-
18:01:52.924,snap,default,com.tencent.mobileqq,discharging,1,36.8,40.6,100,95,1,9.27,0.21,0.02,0,3.988,0.202,0.805576,2461,636,0,-
18:01:55.426,snap,default,com.tencent.mobileqq,discharging,1,36.8,40.6,100,95,1,9.27,0.21,0.02,0,3.989,0.184,0.733976,2461,636,0,-
18:01:56.427,snap,default,com.tencent.mobileqq,discharging,1,36.8,40.6,100,95,1,10.13,0.17,0.01,0,3.987,0.152,0.60602397,8149,3165,0,-
18:01:57.428,snap,default,com.tencent.mobileqq,discharging,1,36.8,40.6,100,95,1,10.13,0.17,0.01,0,3.994,0.144,0.57513595,8149,3165,0,-
18:02:04.160,snap,default,com.tencent.mobileqq,discharging,1,36.8,40.6,100,95,1,11.55,0.14,0.01,0,3.994,0.144,0.57513595,4704,2264,0,-
18:02:05.161,snap,default,com.tencent.mobileqq,discharging,1,36.8,40.6,100,95,1,11.55,0.14,0.01,0,4,0.036,0.144,4704,2264,0,-
18:02:06.161,snap,default,com.tencent.mobileqq,discharging,1,36.8,39.8,100,95,1,11.81,0.11,0.01,0,3.994,0.176,0.702944,4957,1604,0,-
18:02:07.163,snap,default,com.tencent.mobileqq,discharging,1,36.8,39.8,100,95,1,11.81,0.11,0.01,0,3.996,0.088,0.351648,4957,1604,0,-
18:02:08.163,snap,default,com.tencent.mobileqq,discharging,1,36.8,39.8,100,95,1,10.76,0.09,0,0,3.993,0.152,0.606936,2031,559,0,-
18:02:09.164,snap,default,com.tencent.mobileqq,discharging,1,36.8,39.8,100,95,1,10.76,0.09,0,0,3.996,0.096,0.383616,2031,559,0,-
18:02:11.169,snap,default,com.tencent.mobileqq,discharging,1,36.8,39.8,100,95,1,10.08,0.07,0,0,3.999,0.028,0.111972004,5962,1979,0,-
18:02:12.170,snap,default,com.tencent.mobileqq,discharging,1,36.8,40.2,100,95,1,10.08,0.07,0,0,3.992,0.204,0.814368,5962,1979,0,-
18:02:13.172,snap,default,com.tencent.mobileqq,discharging,1,36.7,40.2,100,95,1,10.61,0.06,0,0,3.987,0.166,0.661842,1797,428,0,-
18:02:14.172,snap,default,com.tencent.mobileqq,discharging,1,36.7,40.2,100,95,1,10.61,0.06,0,0,3.996,0.11,0.43956,1797,428,0,-
18:02:15.172,snap,default,com.tencent.mobileqq,discharging,1,36.7,39.8,100,95,1,9.95,0.05,0,0,3.996,0.106,0.423576,1706,340,0,-
18:02:20.990,snap,default,com.tencent.mobileqq,discharging,1,36.7,39.8,100,95,1,9.42,0.04,0,0,4,0.022,0.088,1706,340,0,-
18:02:22.001,snap,default,com.tencent.mobileqq,discharging,1,36.7,40.2,100,95,1,9.42,0.04,0,0,4,0.022,0.088,1706,340,0,-
18:02:23.007,snap,default,com.tencent.mobileqq,discharging,1,36.7,40.2,100,95,1,9.42,0.04,0,14,3.979,0.45,1.79055,13935,5938,0,-
18:02:24.003,snap,default,com.tencent.mobileqq,discharging,1,36.7,40.2,100,95,1,17.31,0.94,0.54,37,3.855,1.528,5.89044,13935,5938,0,-
18:02:25.011,snap,default,com.tencent.mobileqq,discharging,1,36.7,42.6,100,95,1,17.31,0.94,0.54,37,3.905,1.86,7.2633,36656,15019,0,-
18:02:26.011,snap,default,com.tencent.mobileqq,discharging,1,36.7,45.6,100,95,1,20.7,0.77,0.99,0,3.957,0.752,2.975664,36656,15019,0,-
18:02:27.011,snap,default,com.tencent.mobileqq,discharging,1,36.7,48.6,100,95,1,20.7,0.77,0.99,0,3.942,0.966,3.807972,19894,7225,0,-
18:02:28.012,snap,default,com.tencent.mobileqq,discharging,1,36.7,50.9,100,95,1,22.38,0.63,0.81,0,3.899,1.268,4.943932,19894,7225,0,-
18:02:29.012,snap,default,com.tencent.mobileqq,discharging,1,36.6,51.7,100,95,1,22.38,0.63,0.81,0,3.914,1.038,4.062732,22050,7928,0,-
18:02:30.012,snap,default,com.tencent.mobileqq,discharging,1,36.6,52.4,100,95,1,22.85,0.69,0.84,17,3.91,1.084,4.23844,22050,7928,0,-
18:02:31.012,snap,default,com.tencent.mobileqq,discharging,1,36.6,52.4,100,95,1,22.85,0.69,0.84,17,3.846,2.048,7.8766084,34690,9453,0,-
18:02:32.013,snap,default,com.tencent.mobileqq,discharging,1,36.6,53.6,100,95,1,27.05,1.11,1.59,17,3.845,2.414,9.28183,34690,9453,0,-
18:02:33.014,snap,default,com.tencent.mobileqq,discharging,1,36.6,53.6,100,95,1,27.05,1.11,1.59,0,3.944,0.896,3.5338242,20323,5823,0,-
18:02:34.015,snap,default,com.tencent.mobileqq,discharging,1,36.6,53.6,100,95,1,24.68,1.09,1.48,0,3.95,0.674,2.6623,20323,5823,0,-
18:02:35.016,snap,default,com.tencent.mobileqq,discharging,1,36.6,50.6,100,95,1,24.68,1.09,1.48,23,3.9,1.418,5.5302,24617,10044,0,-
18:02:36.016,snap,default,com.tencent.mobileqq,discharging,1,36.6,50.5,100,95,1,30.72,1.07,2.12,11,3.936,0.944,3.715584,24617,10044,0,-
18:02:37.016,snap,default,com.tencent.mobileqq,discharging,1,36.6,48.9,100,95,1,30.72,1.07,2.12,0,3.932,0.8,3.1456,10470,4144,0,-
18:02:38.016,snap,default,com.tencent.mobileqq,discharging,1,36.6,48.1,100,95,1,35.3,1.06,1.92,0,3.95,0.682,2.6938999,10470,4144,0,-
18:02:39.017,snap,default,com.tencent.mobileqq,discharging,1,36.6,46.5,100,95,1,35.3,1.06,1.92,0,3.956,0.52,2.05712,5211,1530,0,-
18:02:40.017,snap,default,com.tencent.mobileqq,discharging,1,36.6,46.1,100,95,1,34.52,0.87,1.57,0,3.937,0.68,2.67716,5211,1530,0,-
18:02:41.017,snap,default,com.tencent.mobileqq,discharging,1,36.6,46.1,100,95,1,34.52,0.87,1.57,0,3.939,0.77,3.0330298,10340,3381,0,-
18:02:42.018,snap,default,com.tencent.mobileqq,discharging,1,36.6,45.7,100,95,1,40.76,1.07,3.28,0,3.951,0.592,2.338992,10340,3381,0,-
18:02:43.018,snap,default,com.tencent.mobileqq,discharging,1,36.6,45.7,100,95,1,40.76,1.07,3.28,0,3.951,0.594,2.346894,5417,1080,0,-
18:02:44.019,snap,default,com.tencent.mobileqq,discharging,1,36.6,45.3,100,95,1,43.7,1.6,5.58,0,3.943,0.658,2.594494,5417,1080,0,-
18:02:45.019,snap,default,com.tencent.mobileqq,discharging,1,36.6,45.3,100,95,1,43.7,1.6,5.58,0,3.959,0.524,2.074516,11087,2836,0,-
18:02:46.020,snap,default,com.tencent.mobileqq,discharging,1,36.6,45.3,100,95,1,38.14,2.58,6.56,0,3.961,0.47,1.86167,11087,2836,0,-
18:02:47.021,snap,default,com.tencent.mobileqq,discharging,1,36.6,44.9,100,95,1,38.14,2.58,6.56,0,3.981,0.192,0.764352,11087,2836,0,-
18:02:48.022,snap,default,com.tencent.mobileqq,discharging,1,36.6,44.6,100,95,1,32.5,2.65,6.28,0,3.979,0.228,0.907212,5898,1654,0,-
18:02:49.024,snap,default,com.tencent.mobileqq,discharging,1,36.6,44.6,100,95,1,27.52,2.17,5.14,0,3.974,0.242,0.961708,5898,1654,0,-
18:02:50.024,snap,default,com.tencent.mobileqq,discharging,1,36.6,44.6,100,95,1,27.52,2.17,5.14,0,3.976,0.314,1.2484641,5482,1524,0,-
18:02:51.024,snap,default,com.tencent.mobileqq,discharging,1,36.6,44.6,100,95,1,24.52,2.5,4.57,0,3.965,0.426,1.68909,5482,1524,0,-
18:02:52.024,snap,default,com.tencent.mobileqq,discharging,1,36.6,44.6,100,95,1,24.52,2.5,4.57,0,3.965,0.426,1.68909,7836,2130,0,-
18:02:53.026,snap,default,com.tencent.mobileqq,discharging,1,36.6,43,100,95,1,24.52,2.5,4.57,0,3.984,0.168,0.669312,7836,2130,0,-
18:02:54.027,snap,default,com.tencent.mobileqq,discharging,1,36.5,43,100,95,1,21.71,2.05,3.74,0,3.981,0.184,0.732504,3416,1086,0,-
18:02:55.026,snap,default,com.tencent.mobileqq,discharging,1,36.5,43,100,95,1,21.71,2.05,3.74,0,3.978,0.212,0.843336,3416,1086,0,-
18:02:56.027,snap,default,com.tencent.mobileqq,discharging,1,36.5,43,100,95,1,17.96,1.68,3.06,0,3.976,0.2,0.79520005,2505,623,0,-
18:02:57.027,snap,default,com.tencent.mobileqq,discharging,1,36.5,43.8,100,95,1,17.96,1.68,3.06,0,3.965,0.39,1.5463499,2505,623,0,-
18:02:58.028,snap,default,com.tencent.mobileqq,discharging,1,36.5,44.2,100,95,1,15.97,1.55,2.69,0,3.963,0.386,1.529718,9049,1847,0,-
18:02:59.027,snap,default,com.tencent.mobileqq,discharging,1,36.5,44.6,100,95,1,15.97,1.55,2.69,0,3.965,0.39,1.5463499,9049,1847,0,-
18:03:00.028,snap,default,com.tencent.mobileqq,discharging,1,36.5,44.6,100,95,1,15.61,1.81,2.74,0,3.962,0.428,1.6957359,9400,2338,0,-
18:03:01.028,snap,default,com.tencent.mobileqq,discharging,1,36.5,43.8,100,95,1,15.61,1.81,2.74,0,3.977,0.202,0.803354,9400,2338,0,-
18:03:02.029,snap,default,com.tencent.mobileqq,discharging,1,36.5,43.8,100,95,1,13.69,1.48,2.25,0,3.973,0.296,1.176008,4377,1397,0,-
18:03:03.029,snap,default,com.tencent.mobileqq,discharging,1,36.5,43.4,100,95,1,13.69,1.48,2.25,0,3.981,0.184,0.732504,4377,1397,0,-
18:03:04.372,snap,default,com.tencent.mobileqq,discharging,1,36.5,43,100,95,1,12.66,1.58,1.84,0,3.978,0.248,0.98654395,3752,1114,0,-
18:03:05.372,snap,default,com.tencent.mobileqq,discharging,1,36.5,43,100,95,1,12.66,1.58,1.84,0,3.978,0.262,1.042236,3752,1114,0,-
18:03:06.374,snap,default,com.tencent.mobileqq,discharging,1,36.5,43,100,95,1,12.36,1.47,1.5,0,3.976,0.25,0.994,6149,2110,0,-
18:03:07.375,snap,default,com.tencent.mobileqq,discharging,1,36.5,42.6,100,95,1,12.36,1.47,1.5,0,3.98,0.226,0.89948,6149,2110,0,-
18:03:08.377,snap,default,com.tencent.mobileqq,discharging,1,36.5,42.6,100,95,1,10.48,1.39,1.23,0,3.98,0.2,0.796,3472,814,0,-
18:03:09.378,snap,default,com.tencent.mobileqq,discharging,1,36.5,42.6,100,95,1,10.48,1.39,1.23,0,3.971,0.266,1.056286,3472,814,0,-
18:03:12.339,snap,default,com.tencent.mobileqq,discharging,1,36.5,42.2,100,95,1,8.76,1.13,1.01,0,3.994,0.052,0.207688,6550,2126,0,-
18:03:13.340,snap,default,com.tencent.mobileqq,discharging,1,36.5,42.6,100,95,1,8.76,1.13,1.01,0,3.979,0.31,1.23349,6550,2126,0,-
18:03:14.341,snap,default,com.tencent.mobileqq,discharging,1,36.5,41.8,100,95,1,8.26,0.93,0.82,0,3.984,0.148,0.589632,4152,1052,0,-
18:03:15.343,snap,default,com.tencent.mobileqq,discharging,1,36.4,41.4,100,95,1,7.85,0.76,0.67,0,3.991,0.092,0.367172,4152,1052,0,-
18:03:16.345,snap,default,com.tencent.mobileqq,discharging,1,36.4,41.4,100,95,1,7.85,0.76,0.67,0,3.988,0.118,0.470584,2153,504,0,-
18:03:19.554,snap,default,com.tencent.mobileqq,discharging,1,36.4,41,100,95,1,8.06,0.62,0.55,0,3.988,0.118,0.470584,2153,504,0,-
18:03:20.556,snap,default,com.tencent.mobileqq,discharging,1,36.4,41,100,95,1,8.06,0.62,0.55,0,3.993,0.058,0.231594,5858,1919,0,-
18:03:21.557,snap,default,com.tencent.mobileqq,discharging,1,36.4,40.6,100,95,1,8.06,0.62,0.55,0,3.989,0.182,0.725998,5858,1919,0,-
18:03:22.558,snap,default,com.tencent.mobileqq,discharging,1,36.4,40.6,100,95,1,8.41,0.51,0.45,0,3.991,0.074,0.295334,1405,213,0,-
18:03:23.560,snap,default,com.tencent.mobileqq,discharging,1,36.4,40.6,100,95,1,8.41,0.51,0.45,0,3.99,0.134,0.53466004,1405,213,0,-
18:03:24.562,snap,default,com.tencent.mobileqq,discharging,1,36.4,40.6,100,95,1,7.97,0.41,0.37,0,3.988,0.166,0.662008,2019,470,0,-
18:03:29.777,snap,default,com.tencent.mobileqq,discharging,1,36.4,40.6,100,95,1,8.7,0.34,0.3,0,3.995,0.066,0.26367,2019,470,0,-
18:03:30.777,snap,default,com.tencent.mobileqq,discharging,1,36.4,40.2,100,95,1,8.7,0.34,0.3,0,3.979,0.164,0.65255606,8136,3238,0,-
18:03:31.778,snap,default,com.tencent.mobileqq,discharging,1,36.2,40.2,100,95,1,9.3,0.28,0.24,0,3.989,0.124,0.494636,8136,3238,0,-
18:03:32.779,snap,default,com.tencent.mobileqq,discharging,1,36.2,40.2,100,95,1,9.3,0.28,0.24,0,3.983,0.164,0.653212,2230,639,0,-
18:03:33.781,snap,default,com.tencent.mobileqq,discharging,1,36.2,40.2,100,95,1,9.06,0.22,0.2,0,3.989,0.124,0.494636,2230,639,0,-
18:03:34.783,snap,default,com.tencent.mobileqq,discharging,1,36.2,40.2,100,95,1,9.06,0.22,0.2,0,3.988,0.128,0.510464,2230,639,0,-
18:03:40.729,snap,default,com.tencent.mobileqq,discharging,1,36.2,40.2,100,95,1,9.23,0.18,0.16,0,3.996,0.036,0.14385599,1855,491,0,-
18:03:41.731,snap,default,com.tencent.mobileqq,discharging,1,36.2,39.8,100,95,1,9.23,0.18,0.16,0,3.987,0.204,0.813348,1855,491,0,-
18:03:42.731,snap,default,com.tencent.mobileqq,discharging,1,36.2,39.8,100,95,1,9.37,0.15,0.13,0,3.987,0.192,0.765504,6852,2525,0,-
18:03:43.731,snap,default,com.tencent.mobileqq,discharging,1,36.2,39.8,100,95,1,9.37,0.15,0.13,0,3.989,0.19,0.75791,6852,2525,0,-
18:03:44.732,snap,default,com.tencent.mobileqq,discharging,1,36.2,40.2,100,95,1,8.58,0.12,0.11,0,3.987,0.126,0.502362,2669,784,0,-
18:03:45.733,snap,default,com.tencent.mobileqq,discharging,1,36.2,40.2,100,95,1,8.58,0.12,0.11,0,3.983,0.214,0.85236204,2669,784,0,-
18:03:46.734,snap,default,com.tencent.mobileqq,discharging,1,36.2,40.2,100,95,1,10.46,0.1,0.09,0,3.979,0.242,0.96291804,4019,948,0,-
18:03:47.734,snap,default,com.tencent.mobileqq,discharging,1,36.2,40.6,100,95,1,10.46,0.1,0.09,0,3.983,0.296,1.1789681,4019,948,0,-
18:03:48.734,snap,default,com.tencent.mobileqq,discharging,1,36.2,40.6,100,95,1,10.38,0.26,0.25,0,3.983,0.296,1.1789681,5710,1581,0,-
18:03:49.735,snap,default,com.tencent.mobileqq,discharging,1,36.2,40.6,100,95,1,10.38,0.26,0.25,0,3.974,0.232,0.921968,5710,1581,0,-
18:03:50.844,snap,default,com.tencent.mobileqq,discharging,1,36.2,40.6,100,95,1,10.13,0.21,0.2,0,3.987,0.178,0.709686,4993,1929,0,-
18:03:55.820,snap,default,com.tencent.mobileqq,discharging,1,36.2,40.6,100,95,1,10.13,0.21,0.2,0,3.986,0.14,0.55804,4993,1929,0,-
18:03:56.822,snap,default,com.tencent.mobileqq,discharging,1,36.2,40.2,100,95,1,10.13,0.21,0.2,0,3.996,0.056,0.22377601,10997,3884,0,-
18:03:57.822,snap,default,com.tencent.mobileqq,discharging,1,36.2,39.4,100,95,1,11.73,0.35,0.17,0,3.989,0.188,0.749932,10997,3884,0,-
18:03:58.823,snap,default,com.tencent.mobileqq,discharging,1,36.2,39.4,100,95,1,11.73,0.35,0.17,0,3.985,0.118,0.47022998,1630,288,0,-
18:03:59.824,snap,default,com.tencent.mobileqq,discharging,1,36.2,39.4,100,95,1,10.51,0.29,0.13,0,3.992,0.094,0.375248,1630,288,0,-
18:04:00.823,snap,default,com.tencent.mobileqq,discharging,1,36.1,39.8,100,95,1,10.51,0.29,0.13,0,3.986,0.194,0.773284,1882,482,0,-
18:04:01.824,snap,default,com.tencent.mobileqq,discharging,1,36.1,39.8,100,95,1,10.06,0.24,0.11,0,3.979,0.26,1.0345399,1882,482,0,-
18:04:02.824,snap,default,com.tencent.mobileqq,discharging,1,36.1,41,100,95,1,10.06,0.24,0.11,0,3.96,0.462,1.8295201,14255,3972,0,-
18:04:03.826,snap,default,com.tencent.mobileqq,discharging,1,36.1,42.6,100,95,1,13.67,0.37,0.09,0,3.956,0.626,2.476456,14255,3972,0,-
18:04:04.825,snap,default,com.tencent.mobileqq,discharging,1,36.1,42.6,100,95,1,13.67,0.37,0.09,0,3.964,0.522,2.0692081,13673,3649,0,-
18:04:07.822,snap,default,com.tencent.mobileqq,discharging,1,36.1,42.6,100,95,1,22.97,0.49,0.07,0,3.963,0.428,1.696164,13673,3649,0,-
18:04:08.823,snap,default,com.tencent.mobileqq,discharging,1,36.1,42.2,100,95,1,25.51,0.4,0.06,0,3.983,0.176,0.701008,12979,4649,0,-
18:04:09.823,snap,default,com.tencent.mobileqq,discharging,1,36.1,42.2,100,95,1,25.51,0.4,0.06,0,3.969,0.432,1.7146081,12979,4649,0,-
18:04:10.824,snap,default,com.tencent.mobileqq,discharging,1,36.1,42.6,100,95,1,22.52,0.32,0.05,0,3.958,0.51,2.01858,7340,1505,0,-
18:04:11.824,snap,default,com.tencent.mobileqq,discharging,1,36.1,42.6,100,95,1,22.52,0.32,0.05,0,3.966,0.438,1.737108,7340,1505,0,-
18:04:12.825,snap,default,com.tencent.mobileqq,discharging,1,36,41.4,100,95,1,20.07,0.26,0.04,0,3.984,0.222,0.884448,4048,1082,0,-
18:04:14.295,snap,default,com.tencent.mobileqq,discharging,1,36,41.4,100,95,1,20.07,0.26,0.04,0,3.977,0.182,0.723814,4048,1082,0,-
18:04:16.127,snap,default,com.tencent.mobileqq,discharging,1,36,41.4,100,95,1,18.79,0.22,0.03,0,3.972,0.302,1.199544,4048,1082,0,-
18:04:17.127,snap,default,com.tencent.mobileqq,discharging,1,36,41.8,100,95,1,18.79,0.22,0.03,16,3.952,0.322,1.2725439,14286,5971,0,-
18:04:18.129,snap,default,com.tencent.mobileqq,discharging,1,36,41.8,100,95,1,23.17,0.36,0.93,16,3.92,1.02,3.9984,14286,5971,0,-
18:04:19.127,snap,default,com.tencent.mobileqq,discharging,1,36,41.8,100,95,1,23.17,0.36,0.93,27,3.817,2.364,9.023388,38618,14897,0,-
18:04:20.129,snap,default,com.tencent.mobileqq,discharging,1,36,41.8,100,95,1,34.37,0.83,1.48,37,3.803,2.7,10.2681,38618,14897,0,-
18:04:21.130,snap,default,com.tencent.mobileqq,discharging,1,36,41.8,100,95,1,34.37,0.83,1.48,20,3.804,2.766,10.521864,58207,15272,0,-
18:04:22.134,snap,default,com.tencent.mobileqq,discharging,1,36,41.8,100,95,1,42.27,1.59,2.3,24,3.796,2.832,10.750272,58207,15272,0,-
18:04:23.135,snap,default,com.tencent.mobileqq,discharging,1,36,41.8,100,95,1,42.27,1.59,2.3,21,3.784,3.036,11.488224,46182,11486,0,-
18:04:24.135,snap,default,com.tencent.mobileqq,discharging,1,36,41.8,100,95,1,48.02,2.02,3.15,26,3.776,3.016,11.388416,46182,11486,0,-
18:04:25.135,snap,default,com.tencent.mobileqq,discharging,1,36,41.8,100,95,1,48.02,2.02,3.15,21,3.776,3.064,11.569664,49932,9774,0,-
18:04:26.136,snap,default,com.tencent.mobileqq,discharging,1,36,41.8,100,95,1,51.82,2.56,5.66,23,3.777,2.898,10.945745,49932,9774,0,-
18:04:27.141,snap,default,com.tencent.mobileqq,discharging,1,36,41.8,100,95,1,51.82,2.56,5.66,17,3.813,2.502,9.540126,41704,11194,0,-
18:04:28.137,snap,default,com.tencent.mobileqq,discharging,1,36,41.8,100,95,1,52.21,2.82,5.9,20,3.806,2.548,9.697688,41704,11194,0,-
18:04:29.137,snap,default,com.tencent.mobileqq,discharging,1,36,41.8,100,95,1,52.21,2.82,5.9,28,3.88,1.392,5.40096,38436,13226,0,-
18:04:30.138,snap,default,com.tencent.mobileqq,discharging,1,36,41.8,100,95,1,46.56,2.49,4.83,30,3.88,1.392,5.40096,38436,13226,0,-
18:04:31.138,snap,default,com.tencent.mobileqq,discharging,1,36,41.8,100,95,1,46.56,2.49,4.83,30,3.87,1.424,5.51088,25263,11957,0,-
18:04:32.138,snap,default,com.tencent.mobileqq,discharging,1,36,41.8,100,95,1,46.56,2.49,4.83,27,3.908,1.184,4.627072,25263,11957,0,-
18:04:33.138,snap,default,com.tencent.mobileqq,discharging,1,36,41.8,100,95,1,41.2,2.58,4.68,17,3.929,0.678,2.6638618,12140,5959,0,-
18:04:34.138,snap,default,com.tencent.mobileqq,discharging,1,36,41.8,100,95,1,41.2,2.58,4.68,15,3.925,0.792,3.1086,12140,5959,0,-
18:04:35.141,snap,default,com.tencent.mobileqq,discharging,1,36,41.8,100,95,1,35.91,2.11,3.83,44,3.903,1.294,5.0504823,22150,12723,0,-
18:04:36.140,snap,default,com.tencent.mobileqq,discharging,1,36,41.8,100,95,1,33.03,2.09,3.32,61,3.899,1.128,4.398072,22150,12723,0,-
18:04:37.141,snap,default,com.tencent.mobileqq,discharging,1,36,41.8,100,95,1,33.03,2.09,3.32,62,3.893,1.352,5.2633357,24378,15113,0,-
18:04:38.141,snap,default,com.tencent.mobileqq,discharging,1,36,41.8,100,95,1,30.3,1.71,2.9,68,3.884,1.462,5.678408,24378,15113,0,-
18:04:39.141,snap,default,com.tencent.mobileqq,discharging,1,36,41.8,100,95,1,30.3,1.71,2.9,73,3.864,1.71,6.6074405,26925,16835,0,-
18:04:40.141,snap,default,com.tencent.mobileqq,discharging,1,36,41.8,100,95,1,28.98,1.4,2.91,71,3.866,1.558,6.0232277,26925,16835,0,-
18:04:41.141,snap,default,com.tencent.mobileqq,discharging,1,36,41.8,100,95,1,28.98,1.4,2.91,70,3.861,1.462,5.644782,25088,16316,0,-
18:04:42.149,snap,default,com.tencent.mobileqq,discharging,1,36,41.8,100,95,1,27.17,1.15,2.39,65,3.885,1.2,4.662,25088,16316,0,-
18:04:43.149,snap,default,com.tencent.mobileqq,discharging,1,36,41.8,100,95,1,27.17,1.15,2.39,65,3.845,1.6,6.152,25088,16316,0,-
18:04:44.149,snap,default,com.tencent.mobileqq,discharging,1,36,41.8,100,95,1,26.05,1.12,1.95,65,3.861,1.5,5.7915,27604,16569,0,-
18:04:45.149,snap,default,com.tencent.mobileqq,discharging,1,36,41.8,100,95,1,26.05,1.12,1.95,66,3.846,1.624,6.245904,27604,16569,0,-
18:04:46.149,snap,default,com.tencent.mobileqq,discharging,1,36.1,41.8,100,95,1,25.14,0.91,1.6,61,3.873,1.276,4.941948,25402,16514,0,-
18:04:47.149,snap,default,com.tencent.mobileqq,discharging,1,36.1,41.8,100,95,1,25.14,0.91,1.6,66,3.841,1.534,5.892094,25402,16514,0,-
18:04:48.149,snap,default,com.tencent.mobileqq,discharging,1,36.1,41.8,100,95,1,23.84,0.75,1.49,64,3.893,1.112,4.3290157,23792,15450,0,-
18:04:49.150,snap,default,com.tencent.mobileqq,discharging,1,36.1,41.8,100,95,1,23.84,0.75,1.49,46,3.885,1.306,5.07381,23792,15450,0,-
18:04:50.150,snap,default,com.tencent.mobileqq,discharging,1,36.1,41.8,100,95,1,23.51,0.97,1.4,46,3.842,1.722,6.615924,28543,13933,0,-
18:04:51.150,snap,default,com.tencent.mobileqq,discharging,1,36.1,41.8,100,95,1,23.51,0.97,1.4,9,3.792,2.824,10.708608,28543,13933,0,-
18:04:52.150,snap,default,com.tencent.mobileqq,discharging,1,36.2,41.8,100,95,1,33.02,1.7,2.05,12,3.769,3.066,11.555754,41891,8965,0,-
18:04:53.153,snap,default,com.tencent.mobileqq,discharging,1,36.2,41.8,100,95,1,33.02,1.7,2.05,10,3.771,2.838,10.702098,41891,8965,0,-
18:04:54.154,snap,default,com.tencent.mobileqq,discharging,1,36.2,41.8,100,95,1,38.63,1.94,3.13,17,3.779,2.486,9.394594,37510,13637,0,-
18:04:55.154,snap,default,com.tencent.mobileqq,discharging,1,36.2,41.8,100,95,1,38.63,1.94,3.13,20,3.895,1.182,4.60389,37510,13637,0,-
18:04:56.154,snap,default,com.tencent.mobileqq,discharging,1,36.2,41.8,100,95,1,34.53,1.77,2.74,3,3.875,1.058,4.09975,15507,7175,0,-
18:04:57.154,snap,default,com.tencent.mobileqq,discharging,1,36.2,41.8,100,95,1,34.53,1.77,2.74,6,3.88,1.62,6.2856,15507,7175,0,-
18:04:58.154,snap,default,com.tencent.mobileqq,discharging,1,36.2,41.8,100,95,1,33.71,1.63,2.79,2,3.895,0.972,3.78594,20518,9184,0,-
18:04:59.155,snap,default,com.tencent.mobileqq,discharging,1,36.2,41.8,100,95,1,33.71,1.63,2.79,1,3.895,0.972,3.78594,20518,9184,0,-
18:05:00.155,snap,default,com.tencent.mobileqq,discharging,1,36.2,44.8,100,95,1,33.71,1.63,2.79,1,3.919,0.754,2.954926,10271,4619,0,-
18:05:01.155,snap,default,com.tencent.mobileqq,discharging,1,36.2,47.8,100,95,1,29.41,1.33,2.28,1,3.937,0.564,2.220468,10271,4619,0,-
18:05:02.155,snap,default,com.tencent.mobileqq,discharging,1,36.2,50.8,100,95,1,29.41,1.33,2.28,1,3.921,0.772,3.027012,11347,4626,0,-
18:05:03.155,snap,default,com.tencent.mobileqq,discharging,1,36.2,52.8,100,95,1,26.07,1.09,1.87,0,3.913,0.69,2.69997,11347,4626,0,-
18:05:04.158,snap,default,com.tencent.mobileqq,discharging,1,36.2,52.8,100,95,1,26.07,1.09,1.87,0,3.925,0.8,3.14,12088,3922,0,-
18:05:05.158,snap,default,com.tencent.mobileqq,discharging,1,36.2,52.8,100,95,1,22.8,1.25,1.71,0,3.939,0.57,2.24523,12088,3922,0,-
18:05:06.161,snap,default,com.tencent.mobileqq,discharging,1,36.2,52.8,100,95,1,21.2,1.21,1.58,0,3.916,0.7,2.7412,20813,10092,0,-
18:05:07.161,snap,default,com.tencent.mobileqq,discharging,1,36.3,54,100,95,1,21.2,1.21,1.58,11,3.81,2.222,8.465819,20813,10092,0,-
18:05:08.162,snap,default,com.tencent.mobileqq,discharging,1,36.3,57,100,95,1,22.07,1.17,2.56,43,3.89,1.262,4.90918,20813,10092,0,-
18:05:09.162,snap,default,com.tencent.mobileqq,discharging,1,36.3,59.9,100,95,1,22.07,1.17,2.56,44,3.872,1.124,4.352128,24745,11801,0,-
18:05:10.168,snap,default,com.tencent.mobileqq,discharging,1,36.3,59.2,100,95,1,20.79,0.95,2.1,35,3.919,0.97,3.80143,24745,11801,0,-
18:05:11.165,snap,default,com.tencent.mobileqq,discharging,1,36.3,59.2,100,95,1,20.79,0.95,2.1,31,3.858,1.476,5.694408,17855,9660,0,-
18:05:12.166,snap,default,com.tencent.mobileqq,discharging,1,36.3,59.2,100,95,1,25.18,0.96,3.53,75,3.746,3.224,12.077104,17855,9660,0,-
18:05:13.166,snap,default,com.tencent.mobileqq,discharging,1,36.3,59.2,100,95,1,25.18,0.96,3.53,79,3.734,3.622,13.524548,32641,17257,0,-
18:05:14.166,snap,default,com.tencent.mobileqq,discharging,1,36.3,59.2,100,95,1,28.4,0.79,5.24,30,3.893,1.386,5.395698,32641,17257,0,-
18:05:15.166,snap,default,com.tencent.mobileqq,discharging,1,36.3,59.2,100,95,1,28.4,0.79,5.24,78,3.791,2.576,9.765615,29056,14703,0,-
18:05:16.166,snap,default,com.tencent.mobileqq,discharging,1,36.3,59.2,100,95,1,29.05,0.64,4.29,77,3.756,2.942,11.050152,29056,14703,0,-
18:05:17.167,snap,default,com.tencent.mobileqq,discharging,1,36.3,62.2,100,95,1,29.05,0.64,4.29,38,3.841,1.804,6.9291644,30499,16683,0,-
18:05:18.173,snap,default,com.tencent.mobileqq,discharging,1,36.4,65.2,100,95,1,28.68,0.53,3.51,34,3.874,1.288,4.989712,30499,16683,0,-
18:05:19.173,snap,default,com.tencent.mobileqq,discharging,1,36.4,68.2,100,95,1,28.68,0.53,3.51,15,3.856,1.484,5.722304,25239,14659,0,-
18:05:20.173,snap,default,com.tencent.mobileqq,discharging,1,36.4,65.2,100,95,1,28.01,0.61,2.88,8,3.881,1.192,4.626152,25239,14659,0,-
18:05:21.176,snap,default,com.tencent.mobileqq,discharging,1,36.4,64.7,100,95,1,28.01,0.61,2.88,18,3.857,1.54,5.93978,23161,12232,0,-
18:05:22.176,snap,default,com.tencent.mobileqq,discharging,1,36.4,64.7,100,95,1,29.64,1.04,2.53,5,3.773,2.802,10.571946,23161,12232,0,-
18:05:23.176,snap,default,com.tencent.mobileqq,discharging,1,36.4,64.7,100,95,1,29.64,1.04,2.53,9,3.811,2.452,9.344572,37621,10738,0,-
18:05:24.176,snap,default,com.tencent.mobileqq,discharging,1,36.5,64.7,100,95,1,31.52,1.22,2.26,9,3.823,2.188,8.364724,37621,10738,0,-
18:05:25.177,snap,default,com.tencent.mobileqq,discharging,1,36.5,66.7,100,95,1,31.52,1.22,2.26,10,3.845,1.918,7.37471,20400,8833,0,-
18:05:26.177,snap,default,com.tencent.mobileqq,discharging,1,36.5,66.7,100,95,1,28.89,1.36,1.85,9,3.912,0.902,3.528624,20400,8833,0,-
18:05:27.177,snap,default,com.tencent.mobileqq,discharging,1,36.5,63.699997,100,95,1,28.89,1.36,1.85,7,3.91,0.882,3.44862,14428,8065,0,-
18:05:28.177,snap,default,com.tencent.mobileqq,discharging,1,36.5,61.9,100,95,1,26.19,1.11,1.51,7,3.91,0.882,3.44862,14428,8065,0,-
18:05:29.178,snap,default,com.tencent.mobileqq,discharging,1,36.5,59.6,100,95,1,26.19,1.11,1.51,7,3.917,0.748,2.9299161,15801,8797,0,-
18:05:30.178,snap,default,com.tencent.mobileqq,discharging,1,36.5,56.6,100,95,1,26.19,1.11,1.51,9,3.927,0.636,2.497572,15801,8797,0,-
18:05:31.179,snap,default,com.tencent.mobileqq,discharging,1,36.5,54,100,95,1,23.8,0.91,1.24,6,3.935,0.502,1.9753698,9890,5226,0,-
18:05:32.179,snap,default,com.tencent.mobileqq,discharging,1,36.5,52.4,100,95,1,23.8,0.91,1.24,4,3.939,0.458,1.804062,9890,5226,0,-
18:05:33.179,snap,default,com.tencent.mobileqq,discharging,1,36.5,52.4,100,95,1,21.48,0.74,1.01,0,3.93,0.464,1.82352,11486,5019,0,-
18:05:34.180,snap,default,com.tencent.mobileqq,discharging,1,36.5,52.1,100,95,1,21.48,0.74,1.01,4,3.922,0.742,2.9101238,11486,5019,0,-
18:05:35.180,snap,default,com.tencent.mobileqq,discharging,1,36.5,51.7,100,95,1,19.58,0.61,0.83,4,3.936,0.51,2.00736,11486,5019,0,-
18:05:36.180,snap,default,com.tencent.mobileqq,discharging,1,36.5,50.5,100,95,1,17.48,0.5,0.68,3,3.936,0.458,1.8026881,8248,3846,0,-
18:05:37.180,snap,default,com.tencent.mobileqq,discharging,1,36.5,50.5,100,95,1,17.48,0.5,0.68,2,3.935,0.43,1.69205,8248,3846,0,-
18:05:38.181,snap,default,com.tencent.mobileqq,discharging,1,36.5,50.1,100,95,1,16.12,0.41,0.55,4,3.927,0.638,2.5054262,8305,3894,0,-
18:05:39.181,snap,default,com.tencent.mobileqq,discharging,1,36.6,50.1,100,95,1,16.12,0.41,0.55,2,3.92,0.648,2.54016,8305,3894,0,-
18:05:40.182,snap,default,com.tencent.mobileqq,discharging,1,36.6,49.3,100,95,1,14.83,0.33,0.45,2,3.928,0.562,2.207536,8100,3769,0,-
18:05:41.182,snap,default,com.tencent.mobileqq,discharging,1,36.6,49.3,100,95,1,14.83,0.33,0.45,3,3.921,0.576,2.2584958,8100,3769,0,-
18:05:42.183,snap,default,com.tencent.mobileqq,discharging,1,36.6,49.7,100,95,1,13.77,0.27,0.37,2,3.925,0.59,2.31575,7542,3439,0,-
18:05:43.184,snap,default,com.tencent.mobileqq,discharging,1,36.6,49.7,100,95,1,13.77,0.27,0.37,3,3.888,0.866,3.367008,7542,3439,0,-
18:05:44.184,snap,default,com.tencent.mobileqq,discharging,1,36.6,49.3,100,95,1,12.55,0.22,0.3,2,3.929,0.524,2.058796,7542,3158,0,-
18:05:45.184,snap,default,com.tencent.mobileqq,discharging,1,36.6,49.3,100,95,1,12.55,0.22,0.3,0,3.932,0.544,2.139008,7542,3158,0,-
18:05:46.184,snap,default,com.tencent.mobileqq,discharging,1,36.6,49.3,100,95,1,11.9,0.18,0.24,2,3.929,0.514,2.019506,7017,3156,0,-
18:05:47.184,snap,default,com.tencent.mobileqq,discharging,1,36.6,48.9,100,95,1,11.9,0.18,0.24,4,3.929,0.578,2.270962,7017,3156,0,-
18:05:48.185,snap,default,com.tencent.mobileqq,discharging,1,36.6,48.1,100,95,1,11.38,0.14,0.2,4,3.933,0.568,2.2339442,7570,3611,0,-
18:05:49.185,snap,default,com.tencent.mobileqq,discharging,1,36.6,48.1,100,95,1,11.38,0.14,0.2,1,3.923,0.588,2.306724,7570,3611,0,-
18:05:50.186,snap,default,com.tencent.mobileqq,discharging,1,36.6,48.5,100,95,1,10.94,0.12,0.16,2,3.915,0.706,2.76399,8322,3900,0,-
18:05:51.187,snap,default,com.tencent.mobileqq,discharging,1,36.6,48.5,100,95,1,10.94,0.12,0.16,2,3.92,0.704,2.75968,8322,3900,0,-
18:05:52.187,snap,default,com.tencent.mobileqq,discharging,1,36.6,48.5,100,95,1,10.59,0.1,0.13,2,3.928,0.69,2.71032,8407,3875,0,-
18:05:53.187,snap,default,com.tencent.mobileqq,discharging,1,36.6,48.5,100,95,1,10.59,0.1,0.13,2,3.924,0.66,2.5898402,8407,3875,0,-
18:05:54.187,snap,default,com.tencent.mobileqq,discharging,1,36.6,48.5,100,95,1,12.11,0.26,0.47,2,3.843,1.76,6.76368,24692,9795,0,-
18:05:55.188,snap,default,com.tencent.mobileqq,discharging,1,36.6,48.5,100,95,1,12.11,0.26,0.47,19,3.823,2.332,8.9152355,24692,9795,0,-
18:05:56.188,snap,default,com.tencent.mobileqq,discharging,1,36.6,48.5,100,95,1,23.87,0.94,3.28,25,3.791,2.598,9.849018,50145,16349,0,-
18:05:57.190,snap,default,com.taobao.idlefish,discharging,1,36.6,48.5,100,95,1,23.87,0.94,3.28,0,3.791,2.598,9.849018,50145,16349,0,-
18:05:58.192,snap,default,com.taobao.idlefish,discharging,1,36.6,48.5,100,95,1,23.87,0.94,3.28,0,3.791,2.768,10.493487,47560,8215,0,-
18:05:59.192,snap,default,com.taobao.idlefish,discharging,1,36.6,48.5,100,95,1,33.13,1.85,6.49,25,3.778,2.822,10.661516,47560,8215,0,-
18:06:00.192,snap,default,com.taobao.idlefish,discharging,1,36.6,48.5,100,95,1,33.13,1.85,6.49,8,3.772,2.786,10.508792,38496,10049,0,-
18:06:01.192,snap,default,com.taobao.idlefish,discharging,1,36.6,48.5,100,95,1,39.08,2.24,9.12,10,3.845,1.72,6.6134,38496,10049,0,-
18:06:02.192,snap,default,com.taobao.idlefish,discharging,1,36.6,48.5,100,95,1,39.08,2.24,9.12,13,3.778,2.488,9.399664,38496,10049,0,-
18:06:03.192,snap,default,com.taobao.idlefish,discharging,1,36.6,48.5,100,95,1,41.06,2.56,8.37,17,3.846,2.088,8.030448,36614,12253,0,-
18:06:04.193,snap,default,com.taobao.idlefish,discharging,1,36.6,49.7,100,95,1,35.98,2.27,7.22,16,3.893,0.894,3.480342,36614,12253,0,-
18:06:05.193,snap,default,com.taobao.idlefish,discharging,1,36.6,52.7,100,95,1,35.98,2.27,7.22,18,3.914,0.756,2.958984,15928,8002,0,-
18:06:06.193,snap,default,com.taobao.idlefish,discharging,1,36.6,55.7,100,95,1,31.81,1.86,5.91,17,3.897,0.978,3.811266,15928,8002,0,-
18:06:07.194,snap,default,com.taobao.idlefish,discharging,1,36.6,58.4,100,95,1,31.81,1.86,5.91,16,3.902,0.948,3.699096,15725,6595,0,-
18:06:08.194,snap,default,com.taobao.idlefish,discharging,1,36.6,56.8,100,95,1,27.68,1.52,4.84,18,3.91,0.748,2.9246802,15725,6595,0,-
18:06:09.194,snap,default,com.taobao.idlefish,discharging,1,36.6,56,100,95,1,27.68,1.52,4.84,13,3.92,0.65,2.5479999,13518,6705,0,-
18:06:10.194,snap,default,com.taobao.idlefish,discharging,1,36.6,54.4,100,95,1,24.84,1.25,3.96,9,3.911,0.852,3.332172,13518,6705,0,-
18:06:11.194,snap,default,com.taobao.idlefish,discharging,1,36.6,56,100,95,1,24.84,1.25,3.96,18,3.912,0.692,2.707104,14741,6930,0,-
18:06:12.195,snap,default,com.taobao.idlefish,discharging,1,36.6,56,100,95,1,22.51,1.02,3.24,18,3.904,0.822,3.209088,14741,6930,0,-
18:06:13.196,snap,default,com.taobao.idlefish,discharging,1,36.6,56,100,95,1,22.51,1.02,3.24,17,3.907,1.136,4.438352,12253,6331,0,-
18:06:14.196,snap,default,com.taobao.idlefish,discharging,1,36.6,54.4,100,95,1,20.42,0.83,2.65,18,3.918,0.654,2.562372,12253,6331,0,-
18:06:15.197,snap,default,com.taobao.idlefish,discharging,1,36.6,52.8,100,95,1,20.42,0.83,2.65,12,3.91,0.682,2.66662,14249,6481,0,-
18:06:16.197,snap,default,com.taobao.idlefish,discharging,1,36.7,52.8,100,95,1,18.9,0.68,2.17,9,3.918,0.67,2.62506,14249,6481,0,-
18:06:17.198,snap,default,com.taobao.idlefish,discharging,1,36.7,51.7,100,95,1,18.9,0.68,2.17,18,3.918,0.61,2.38998,11835,6340,0,-
18:06:18.198,snap,default,com.taobao.idlefish,discharging,1,36.7,51.3,100,95,1,18.01,0.56,1.78,12,3.922,0.608,2.3845758,11835,6340,0,-
18:06:19.198,snap,default,com.taobao.idlefish,discharging,1,36.7,51.3,100,95,1,18.01,0.56,1.78,12,3.925,0.638,2.50415,12176,6614,0,-
18:06:20.198,snap,default,com.taobao.idlefish,discharging,1,36.7,50.9,100,95,1,17.1,0.45,1.45,18,3.931,0.568,2.232808,12176,6614,0,-
18:06:21.198,snap,default,com.taobao.idlefish,discharging,1,36.7,51.3,100,95,1,17.1,0.45,1.45,18,3.928,0.608,2.388224,14343,6980,0,-
18:06:22.199,snap,default,com.taobao.idlefish,discharging,1,36.7,53.2,100,95,1,18.71,0.37,2.28,18,3.886,1.326,5.152836,14343,6980,0,-
18:06:23.199,snap,default,com.taobao.idlefish,discharging,1,36.7,54.4,100,95,1,18.71,0.37,2.28,10,3.892,1.03,4.00876,20068,8162,0,-
18:06:24.199,snap,default,com.taobao.idlefish,discharging,1,36.7,54.4,100,95,1,19.85,0.3,2.04,11,3.863,1.18,4.5583396,20068,8162,0,-
18:06:25.199,snap,default,com.taobao.idlefish,discharging,1,36.7,54.4,100,95,1,19.85,0.3,2.04,11,3.784,2.716,10.277344,33385,13385,0,-
18:06:26.199,snap,default,com.taobao.idlefish,discharging,1,36.7,54.4,100,95,1,26.94,1.15,3.48,21,3.784,2.716,10.277344,33385,13385,0,-
18:06:27.199,snap,default,com.taobao.idlefish,discharging,1,36.7,54.4,100,95,1,26.94,1.15,3.48,21,3.77,2.978,11.227059,33385,13385,0,-
18:06:28.201,snap,default,com.taobao.idlefish,discharging,1,36.7,54.4,100,95,1,26.94,1.15,3.48,0,3.782,2.898,10.960237,41688,11280,0,-
18:06:29.201,snap,default,com.taobao.idlefish,discharging,1,36.7,57.4,100,95,1,30.94,1.85,5.75,0,3.816,2.338,8.921808,41688,11280,0,-
18:06:30.204,snap,default,com.taobao.idlefish,discharging,1,36.7,60.4,100,95,1,30.94,1.85,5.75,0,3.891,1.222,4.754802,16795,5413,0,-
18:06:31.203,snap,default,com.taobao.idlefish,discharging,1,36.7,63.4,100,95,1,28.05,1.51,5.61,10,3.846,1.268,4.876728,16795,5413,0,-
18:06:32.203,snap,default,com.taobao.idlefish,discharging,1,36.7,65.5,100,95,1,28.05,1.51,5.61,32,3.889,1.184,4.604576,20570,10165,0,-
18:06:33.204,snap,default,com.taobao.idlefish,discharging,1,36.7,66.3,100,95,1,25.5,1.42,5.86,34,3.905,1.062,4.14711,20570,10165,0,-
18:06:34.204,snap,default,com.taobao.idlefish,discharging,1,36.7,66.3,100,95,1,25.5,1.42,5.86,37,3.864,1.836,7.094304,29080,13409,0,-
18:06:35.204,snap,default,com.taobao.idlefish,discharging,1,36.7,63.300003,100,95,1,26.68,1.34,5.53,25,3.887,1.34,5.20858,29080,13409,0,-
18:06:36.204,snap,default,com.taobao.idlefish,discharging,1,36.7,63.1,100,95,1,26.19,1.28,4.52,27,3.881,1.032,4.005192,25310,13232,0,-
18:06:37.204,snap,default,com.taobao.idlefish,discharging,1,36.7,60.7,100,95,1,26.19,1.28,4.52,27,3.854,1.738,6.698252,25310,13232,0,-
18:06:38.204,snap,default,com.taobao.idlefish,discharging,1,36.7,58.8,100,95,1,24.89,1.41,3.7,0,3.907,0.562,2.195734,26335,13474,0,-
18:06:39.205,snap,default,com.taobao.idlefish,discharging,1,36.7,55.8,100,95,1,24.89,1.41,3.7,36,3.925,0.428,1.6799,26335,13474,0,-
18:06:40.205,snap,default,com.taobao.idlefish,discharging,1,36.7,54.8,100,95,1,23.1,1.15,3.03,36,3.91,0.636,2.48676,14252,7493,0,-
18:06:41.205,snap,default,com.taobao.idlefish,discharging,1,36.7,55.6,100,95,1,23.1,1.15,3.03,33,3.883,1.062,4.123746,14252,7493,0,-
18:06:42.205,snap,default,com.taobao.idlefish,discharging,1,36.8,56.8,100,95,1,22.72,0.94,2.48,64,3.867,1.126,4.3542423,26311,17069,0,-
18:06:43.206,snap,default,com.taobao.idlefish,discharging,1,36.8,56.8,100,95,1,22.72,0.94,2.48,61,3.876,1.342,5.201592,26311,17069,0,-
18:06:44.209,snap,default,com.taobao.idlefish,discharging,1,36.8,59.8,100,95,1,21.86,0.95,2.03,46,3.899,0.774,3.0178258,26247,12326,0,-
18:06:45.209,snap,default,com.taobao.idlefish,discharging,1,36.8,58.8,100,95,1,21.86,0.95,2.03,30,3.851,1.888,7.270688,26247,12326,0,-
18:06:46.215,snap,default,com.taobao.idlefish,discharging,1,36.8,59.2,100,95,1,27.14,1.14,2.57,17,3.884,1.022,3.9694479,34184,17835,0,-
18:06:47.218,snap,default,com.taobao.idlefish,discharging,1,36.8,59.2,100,95,1,27.14,1.14,2.57,38,3.856,1.368,5.275008,34184,17835,0,-
18:06:48.218,snap,default,com.taobao.idlefish,discharging,1,36.8,59.2,100,95,1,32.18,1.3,3.91,19,3.795,2.248,8.531159,35920,14821,0,-
18:06:49.228,snap,default,com.tencent.mobileqq,discharging,1,36.8,59.2,100,95,1,32.18,1.3,3.91,21,3.782,2.652,10.029864,35920,14821,0,-
18:06:50.228,snap,default,com.tencent.mobileqq,discharging,1,36.8,62.2,100,95,1,35.77,1.97,5.74,13,3.854,2.17,8.36318,37910,13406,0,-
18:06:51.228,snap,default,com.tencent.mobileqq,discharging,1,36.8,65.2,100,95,1,35.77,1.97,5.74,7,3.884,0.976,3.7907841,37910,13406,0,-
18:06:52.229,snap,default,com.tencent.mobileqq,discharging,1,36.8,62.199997,100,95,1,32.37,1.97,4.88,8,3.92,0.664,2.60288,15399,7682,0,-
18:06:53.229,snap,default,com.tencent.mobileqq,discharging,1,36.9,59.199997,100,95,1,32.37,1.97,4.88,6,3.915,0.654,2.56041,15399,7682,0,-
18:06:54.229,snap,default,com.tencent.mobileqq,discharging,1,36.9,56.199997,100,95,1,28.5,1.61,3.99,6,3.919,0.494,1.9359859,15399,7682,0,-
18:06:55.233,snap,default,com.tencent.mobileqq,discharging,1,36.9,55.6,100,95,1,28.5,1.61,3.99,5,3.921,0.522,2.046762,11506,6333,0,-
18:06:56.234,snap,default,com.tencent.mobileqq,discharging,1,36.9,54,100,95,1,25.69,1.32,3.27,7,3.921,0.624,2.4467041,11506,6333,0,-
18:06:57.234,snap,default,com.tencent.mobileqq,discharging,1,36.9,53.2,100,95,1,25.69,1.32,3.27,6,3.921,0.618,2.423178,11545,6242,0,-
18:06:58.234,snap,default,com.tencent.mobileqq,discharging,1,36.9,52.8,100,95,1,22.48,1.08,2.68,5,3.921,0.618,2.423178,11545,6242,0,-
18:06:59.234,snap,default,com.tencent.mobileqq,discharging,1,36.9,52.4,100,95,1,22.48,1.08,2.68,5,3.927,0.536,2.104872,10553,4752,0,-
18:07:00.234,snap,default,com.tencent.mobileqq,discharging,1,36.9,51.7,100,95,1,22.48,1.08,2.68,3,3.934,0.424,1.668016,10553,4752,0,-
18:07:01.234,snap,default,com.tencent.mobileqq,discharging,1,36.9,52.1,100,95,1,20.04,0.88,2.19,2,3.939,0.37,1.45743,8347,3528,0,-
18:07:02.235,snap,default,com.tencent.mobileqq,discharging,1,36.9,50.5,100,95,1,20.04,0.88,2.19,0,3.935,0.464,1.8258399,8347,3528,0,-
18:07:03.235,snap,default,com.tencent.mobileqq,discharging,1,36.9,49.7,100,95,1,18.4,0.72,1.79,2,3.933,0.448,1.7619841,10434,5665,0,-
18:07:04.235,snap,default,com.tencent.mobileqq,discharging,1,37,49.7,100,95,1,18.4,0.72,1.79,2,3.939,0.404,1.591356,10434,5665,0,-
18:07:05.236,snap,default,com.tencent.mobileqq,discharging,1,37,48.9,100,95,1,16.88,0.59,1.47,1,3.941,0.416,1.639456,7291,3264,0,-
18:07:06.236,snap,default,com.tencent.mobileqq,discharging,1,37,48.9,100,95,1,16.88,0.59,1.47,0,3.935,0.514,2.02259,7291,3264,0,-
18:07:07.239,snap,default,com.tencent.mobileqq,discharging,1,37,49.3,100,95,1,15.27,0.48,1.2,0,3.928,0.45,1.7675999,7989,3441,0,-
18:07:08.239,snap,default,com.tencent.mobileqq,discharging,1,37,49.3,100,95,1,15.27,0.48,1.2,2,3.929,0.448,1.760192,7989,3441,0,-
18:07:09.240,snap,default,com.tencent.mobileqq,discharging,1,37,48.5,100,95,1,14.13,0.39,0.98,2,3.932,0.4,1.5728,7901,3527,0,-
18:07:10.240,snap,default,com.tencent.mobileqq,discharging,1,37,48.5,100,95,1,13.2,0.32,0.8,3,3.937,0.38,1.49606,7901,3527,0,-
18:07:11.240,snap,default,com.tencent.mobileqq,discharging,1,37,48.5,100,95,1,13.2,0.32,0.8,3,3.924,0.572,2.244528,10268,4382,0,-
18:07:12.241,snap,default,com.tencent.mobileqq,discharging,1,37,48.9,100,95,1,12.26,0.26,0.66,2,3.933,0.408,1.604664,10268,4382,0,-
18:07:13.241,snap,default,com.tencent.mobileqq,discharging,1,37,48.9,100,95,1,12.26,0.26,0.66,2,3.933,0.422,1.659726,8013,3697,0,-
18:07:14.242,snap,default,com.tencent.mobileqq,discharging,1,37,48.9,100,95,1,11.85,0.21,0.54,2,3.935,0.408,1.60548,8013,3697,0,-
18:07:15.242,snap,default,com.tencent.mobileqq,discharging,1,37,47.3,100,95,1,11.85,0.21,0.54,3,3.931,0.398,1.564538,7453,3325,0,-
18:07:16.242,snap,default,com.tencent.mobileqq,discharging,1,37,46.9,100,95,1,11.33,0.17,0.44,2,3.938,0.368,1.449184,7453,3325,0,-
18:07:17.242,snap,default,com.tencent.mobileqq,discharging,1,37,47.3,100,95,1,11.33,0.17,0.44,2,3.931,0.55,2.16205,8865,4190,0,-
18:07:18.243,snap,default,com.tencent.mobileqq,discharging,1,37,48.1,100,95,1,11.27,0.14,0.36,3,3.935,0.458,1.80223,8865,4190,0,-
18:07:19.243,snap,default,com.tencent.mobileqq,discharging,1,37,48.1,100,95,1,11.27,0.14,0.36,4,3.934,0.458,1.801772,8393,3936,0,-
18:07:20.243,snap,default,com.tencent.mobileqq,discharging,1,37,48.1,100,95,1,11.04,0.11,0.29,2,3.932,0.516,2.0289118,8393,3936,0,-
18:07:21.243,snap,default,com.tencent.mobileqq,discharging,1,37,47.3,100,95,1,11.04,0.11,0.29,5,3.926,0.586,2.300636,8393,3936,0,-
18:07:22.244,snap,default,com.tencent.mobileqq,discharging,1,37,48.1,100,95,1,11.03,0.09,0.24,4,3.924,0.554,2.173896,10250,5346,0,-
18:07:23.244,snap,default,com.tencent.mobileqq,discharging,1,37,48.1,100,95,1,11.03,0.09,0.24,0,3.92,0.572,2.2422402,10250,5346,0,-
18:07:24.244,snap,default,com.tencent.mobileqq,discharging,1,37,48.1,100,95,1,11.02,0.07,0.19,2,3.942,0.376,1.4821919,10427,5348,0,-
18:07:25.244,snap,default,com.tencent.mobileqq,discharging,1,37,48.5,100,95,1,11.02,0.07,0.19,2,3.925,0.474,1.86045,10427,5348,0,-
18:07:26.244,snap,default,com.tencent.mobileqq,discharging,1,37.1,47.3,100,95,1,11.2,0.06,0.16,2,3.932,0.532,2.091824,8907,4330,0,-
18:07:27.244,snap,default,com.tencent.mobileqq,discharging,1,37.1,48.9,100,95,1,11.2,0.06,0.16,2,3.932,0.532,2.091824,8907,4330,0,-
18:07:28.246,snap,default,com.tencent.mobileqq,discharging,1,37.1,47.7,100,95,1,11.2,0.06,0.16,2,3.937,0.43,1.6929101,8745,4262,0,-
18:07:29.246,snap,default,com.tencent.mobileqq,discharging,1,37.1,47.7,100,95,1,10.98,0.05,0.13,4,3.933,0.422,1.659726,8745,4262,0,-
18:07:30.246,snap,default,com.tencent.mobileqq,discharging,1,37.1,46.9,100,95,1,10.98,0.05,0.13,3,3.937,0.464,1.8267679,8260,3967,0,-
18:07:31.246,snap,default,com.tencent.mobileqq,discharging,1,37.1,46.9,100,95,1,10.8,0.04,0.1,0,3.946,0.294,1.1601241,8260,3967,0,-
18:07:32.247,snap,default,com.tencent.mobileqq,discharging,1,37.1,46.1,100,95,1,10.8,0.04,0.1,2,3.937,0.41,1.61417,7916,3612,0,-
18:07:33.247,snap,default,com.tencent.mobileqq,discharging,1,37.1,46.1,100,95,1,10.66,0.03,0.08,3,3.941,0.396,1.560636,7916,3612,0,-
18:07:34.247,snap,default,com.tencent.mobileqq,discharging,1,37.1,46.1,100,95,1,10.66,0.03,0.08,0,3.943,0.372,1.466796,6455,2842,0,-
18:07:35.247,snap,default,com.tencent.mobileqq,discharging,1,37.1,45.7,100,95,1,9.81,0.02,0.07,0,3.939,0.318,1.2526019,6455,2842,0,-
18:07:36.347,snap,default,com.tencent.mobileqq,discharging,1,37.1,46.1,100,95,1,9.81,0.02,0.07,0,3.942,0.4,1.5768,7465,3338,0,-
18:07:37.263,snap,default,com.tencent.mobileqq,discharging,1,37.1,46.1,100,95,1,9.48,0.02,0.05,9,3.895,0.75,2.9212499,7465,3338,0,-
18:07:38.259,snap,default,com.tencent.mobileqq,discharging,1,37.1,49.1,100,95,1,9.48,0.02,0.05,34,3.837,1.856,7.1214714,33821,13952,0,-
18:07:39.259,snap,default,com.tencent.mobileqq,discharging,1,37.1,52.1,100,95,1,19.36,0.2,0.95,14,3.887,1.236,4.804332,33821,13952,0,-
18:07:40.259,snap,default,com.android.launcher,discharging,1,37.1,53.6,100,95,1,23.82,0.16,0.78,0,3.913,0.696,2.723448,21840,11148,0,-
18:07:41.260,snap,default,com.android.launcher,discharging,1,37.1,53.2,100,95,1,23.82,0.16,0.78,15,3.922,0.78,3.0591598,21840,11148,0,-
18:07:42.263,snap,default,com.android.launcher,discharging,1,37.1,53.6,100,95,1,22.04,0.13,0.63,60,3.875,1.186,4.59575,19343,11508,0,-
18:07:43.264,snap,default,com.android.launcher,discharging,1,37.1,53.6,100,95,1,22.04,0.13,0.63,61,3.836,1.718,6.590248,19343,11508,0,-
18:07:44.268,snap,default,com.tencent.mobileqq,discharging,1,37.1,56.6,100,95,1,25.47,0.1,1.06,22,3.834,1.81,6.93954,32617,17226,0,-
18:07:45.268,snap,default,com.tencent.mobileqq,discharging,1,37.1,59.6,100,95,1,25.47,0.1,1.06,28,3.882,1.04,4.0372796,32617,17226,0,-
18:07:46.268,snap,default,com.tencent.mobileqq,discharging,1,37.1,60.3,100,95,1,25.21,0.08,1.05,28,3.878,1.138,4.413164,25204,13296,0,-
18:07:47.268,snap,default,com.tencent.mobileqq,discharging,1,37.2,58.8,100,95,1,25.21,0.08,1.05,27,3.88,1.396,5.41648,25204,13296,0,-
18:07:48.268,snap,default,com.tencent.mobileqq,discharging,1,37.2,61.8,100,95,1,24.62,0.43,1.95,28,3.857,1.494,5.762358,25204,13296,0,-
18:07:49.268,snap,default,com.tencent.mobileqq,discharging,1,37.2,58.8,100,95,1,24.62,0.43,1.95,57,3.881,1.2,4.6572003,25427,13382,0,-
18:07:50.268,snap,default,com.tencent.mobileqq,discharging,1,37.2,57.6,100,95,1,22.52,0.35,2.32,60,3.895,1.038,4.0430098,25427,13382,0,-
18:07:51.269,snap,default,com.tencent.mobileqq,discharging,1,37.2,57.6,100,95,1,22.52,0.35,2.32,60,3.871,1.02,3.94842,20937,12648,0,-
18:07:52.269,snap,default,com.tencent.mobileqq,discharging,1,37.2,57.6,100,95,1,20.61,0.29,1.9,43,3.914,0.702,2.7476282,20937,12648,0,-
18:07:53.269,snap,default,com.tencent.mobileqq,discharging,1,37.2,55.6,100,95,1,20.61,0.29,1.9,32,3.906,0.76,2.96856,17986,8988,0,-
18:07:54.270,snap,default,com.tencent.mobileqq,discharging,1,37.2,54.4,100,95,1,18.51,0.23,1.55,32,3.91,0.696,2.72136,17986,8988,0,-
18:07:55.270,snap,default,com.tencent.mobileqq,discharging,1,37.2,54.4,100,95,1,18.51,0.23,1.55,32,3.885,1.092,4.24242,14137,7436,0,-
18:07:56.270,snap,default,com.tencent.mobileqq,discharging,1,37.2,55.6,100,95,1,19.86,0.55,2.54,31,3.857,1.822,7.0274544,14137,7436,0,-
18:07:57.271,snap,default,com.tencent.mobileqq,discharging,1,37.2,55.6,100,95,1,19.86,0.55,2.54,46,3.787,2.4,9.0888,29419,13048,0,-
18:07:58.272,snap,default,com.tencent.mobileqq,discharging,1,37.2,55.6,100,95,1,26.59,1,4.25,83,3.715,3.728,13.84952,29419,13048,0,-
18:07:59.281,snap,default,com.tencent.mobileqq,discharging,1,37.2,55.6,100,95,1,26.59,1,4.25,75,3.715,3.728,13.84952,37520,17350,0,-
18:08:00.274,snap,default,com.tencent.mobileqq,discharging,1,37.2,55.6,100,95,1,26.59,1,4.25,75,3.714,3.878,14.402892,37520,17350,0,-
18:08:01.274,snap,default,com.tencent.mobileqq,discharging,1,37.2,55.6,100,95,1,34.09,1.18,5.47,75,3.719,3.75,13.94625,33605,18259,0,-
18:08:02.276,snap,default,com.tencent.mobileqq,discharging,1,37.2,55.6,100,95,1,34.09,1.18,5.47,78,3.722,3.686,13.719292,33605,18259,0,-
18:08:03.276,snap,default,com.tencent.mobileqq,discharging,1,37.3,55.6,100,95,1,39.51,1.14,4.66,79,3.722,3.56,13.2503195,33130,16927,0,-
18:08:04.276,snap,default,com.tencent.mobileqq,discharging,1,37.3,55.6,100,95,1,39.51,1.14,4.66,77,3.733,3.384,12.632472,33130,16927,0,-
18:08:05.283,snap,default,com.tencent.mobileqq,discharging,1,37.3,55.6,100,95,1,45.21,1.12,4.72,78,3.739,3.336,12.473304,30512,18215,0,-
18:08:06.301,snap,default,com.tencent.mobileqq,discharging,1,37.3,55.6,100,95,1,45.21,1.12,4.72,77,3.731,3.336,12.446615,30512,18215,0,-
18:08:07.302,snap,default,com.tencent.mobileqq,discharging,1,37.3,55.6,100,95,1,48.8,0.91,4.41,81,3.75,3.312,12.42,36075,17330,0,-
18:08:08.302,snap,default,com.tencent.mobileqq,discharging,1,37.3,55.6,100,95,1,48.8,0.91,4.41,68,3.785,2.406,9.1067095,36075,17330,0,-
18:08:09.302,snap,default,com.tencent.mobileqq,discharging,1,37.3,55.6,100,95,1,49.92,0.93,3.61,49,3.843,1.604,6.1641717,22236,12677,0,-
18:08:10.303,snap,default,com.tencent.mobileqq,discharging,1,37.3,55.6,100,95,1,49.92,0.93,3.61,0,3.845,1.45,5.57525,22236,12677,0,-
18:08:11.303,snap,default,com.tencent.mobileqq,discharging,1,37.3,55.6,100,95,1,43.05,0.94,3.32,53,3.846,1.602,6.161292,25748,16026,0,-
18:08:12.303,snap,default,com.tencent.mobileqq,discharging,1,37.3,55.6,100,95,1,40.32,0.77,2.9,68,3.84,2.108,8.09472,25748,16026,0,-
18:08:13.304,snap,default,com.tencent.mobileqq,discharging,1,37.3,55.6,100,95,1,40.32,0.77,2.9,75,3.754,3.184,11.952736,32466,21035,0,-
18:08:14.304,snap,default,com.tencent.mobileqq,discharging,1,37.4,55.6,100,95,1,40.08,0.63,2.37,78,3.737,3.42,12.78054,32466,21035,0,-
18:08:15.304,snap,default,com.tencent.mobileqq,discharging,1,37.4,55.6,100,95,1,40.08,0.63,2.37,75,3.734,3.234,12.075756,32466,21035,0,-
18:08:16.306,snap,default,com.tencent.mobileqq,discharging,1,37.4,55.6,100,95,1,39.34,0.51,1.94,77,3.748,3.15,11.8062,31868,20876,0,-
18:08:17.307,snap,default,com.tencent.mobileqq,discharging,1,37.4,55.6,100,95,1,39.34,0.51,1.94,77,3.734,3.332,12.441688,31868,20876,0,-
18:08:18.306,snap,default,com.tencent.mobileqq,discharging,1,37.4,55.6,100,95,1,43.99,0.42,1.59,75,3.736,3.204,11.970144,32636,18603,0,-
18:08:19.306,snap,default,com.tencent.mobileqq,discharging,1,37.4,55.6,100,95,1,43.99,0.42,1.59,74,3.786,2.532,9.586152,32636,18603,0,-
18:08:20.306,snap,default,com.tencent.mobileqq,discharging,1,37.4,55.6,100,95,1,42.18,0.34,1.3,66,3.831,1.812,6.9417725,28345,16364,0,-
18:08:21.307,snap,default,com.tencent.mobileqq,discharging,1,37.4,55.6,100,95,1,42.18,0.34,1.3,51,3.831,1.622,6.213882,28345,16364,0,-
18:08:22.307,snap,default,com.tencent.mobileqq,discharging,1,37.4,58.6,100,95,1,37.43,0.28,1.24,31,3.852,1.188,4.5761757,21675,13206,0,-
18:08:23.307,snap,default,com.tencent.mobileqq,discharging,1,37.4,61.6,100,95,1,37.43,0.28,1.24,29,3.843,1.242,4.773006,21675,13206,0,-
18:08:24.308,snap,default,com.tencent.mobileqq,discharging,1,37.4,64.6,100,95,1,33.19,0.23,1.02,27,3.87,1.042,4.0325403,17162,10732,0,-
18:08:25.308,snap,default,com.tencent.mobileqq,discharging,1,37.5,63.5,100,95,1,33.19,0.23,1.02,16,3.884,0.888,3.448992,17162,10732,0,-
18:08:26.308,snap,default,com.tencent.mobileqq,discharging,1,37.5,61.9,100,95,1,29.35,0.18,0.83,16,3.889,0.766,2.9789739,11502,6072,0,-
18:08:27.308,snap,default,com.tencent.mobileqq,discharging,1,37.5,60.7,100,95,1,29.35,0.18,0.83,16,3.871,0.98,3.79358,11502,6072,0,-
18:08:28.308,snap,default,com.tencent.mobileqq,discharging,1,37.5,60.3,100,95,1,25.84,0.15,0.68,16,3.883,0.812,3.1529958,10636,5372,0,-
18:08:29.309,snap,default,com.tencent.mobileqq,discharging,1,37.5,59.6,100,95,1,25.84,0.15,0.68,16,3.885,0.908,3.52758,10636,5372,0,-
18:08:30.309,snap,default,com.tencent.mobileqq,discharging,1,37.6,59.6,100,95,1,23.15,0.12,0.56,16,3.885,0.908,3.52758,11013,5572,0,-
18:08:31.310,snap,default,com.tencent.mobileqq,discharging,1,37.6,58,100,95,1,23.15,0.12,0.56,16,3.907,0.628,2.453596,11013,5572,0,-
18:08:32.310,snap,default,com.tencent.mobileqq,discharging,1,37.6,57.6,100,95,1,23.15,0.12,0.56,17,3.892,0.716,2.786672,10513,5445,0,-
18:08:33.310,snap,default,com.tencent.mobileqq,discharging,1,37.6,57.6,100,95,1,20.77,0.1,0.45,17,3.907,0.568,2.219176,10513,5445,0,-
18:08:34.311,snap,default,com.tencent.mobileqq,discharging,1,37.6,57.6,100,95,1,20.77,0.1,0.45,17,3.899,0.68,2.65132,10669,5745,0,-
18:08:35.311,snap,default,com.tencent.mobileqq,discharging,1,37.6,59.2,100,95,1,18.82,0.08,0.37,17,3.892,0.752,2.9267838,10669,5745,0,-
18:08:36.311,snap,default,com.tencent.mobileqq,discharging,1,37.6,59.2,100,95,1,18.82,0.08,0.37,16,3.862,1.184,4.572608,11178,5257,0,-
18:08:37.311,snap,default,com.tencent.mobileqq,discharging,1,37.6,62.2,100,95,1,16.86,0.25,0.3,16,3.847,1.478,5.685866,11178,5257,0,-
18:08:38.312,snap,default,com.tencent.mobileqq,discharging,1,37.6,65.1,100,95,1,16.86,0.25,0.3,16,3.873,1.392,5.391216,10395,4996,0,-
18:08:39.312,snap,default,com.tencent.mobileqq,discharging,1,37.6,62.1,100,95,1,15.25,0.2,0.25,16,3.906,0.634,2.476404,10395,4996,0,-
18:08:40.312,snap,default,com.tencent.mobileqq,discharging,1,37.6,59.1,100,95,1,15.25,0.2,0.25,17,3.911,0.586,2.291846,10395,4996,0,-
18:08:41.313,snap,default,com.tencent.mobileqq,discharging,1,37.7,56.1,100,95,1,14.12,0.16,0.2,16,3.913,0.558,2.1834543,9097,4781,0,-
18:08:42.313,snap,default,com.tencent.mobileqq,discharging,1,37.7,56,100,95,1,14.12,0.16,0.2,16,3.91,0.584,2.28344,9097,4781,0,-
18:08:43.313,snap,default,com.tencent.mobileqq,discharging,1,37.7,55.6,100,95,1,13.37,0.13,0.16,17,3.911,0.572,2.237092,9398,4908,0,-
18:08:44.313,snap,default,com.tencent.mobileqq,discharging,1,37.7,54.4,100,95,1,13.37,0.13,0.16,17,3.912,0.604,2.3628478,9398,4908,0,-
18:08:45.313,snap,default,com.tencent.mobileqq,discharging,1,37.7,54.4,100,95,1,12.76,0.11,0.13,17,3.913,0.576,2.253888,9595,5397,0,-
18:08:46.313,snap,default,com.tencent.mobileqq,discharging,1,37.7,54,100,95,1,12.08,0.09,0.11,17,3.914,0.628,2.457992,9595,5397,0,-
18:08:47.314,snap,default,com.tencent.mobileqq,discharging,1,37.7,54.4,100,95,1,12.08,0.09,0.11,17,3.908,0.69,2.69652,9417,4975,0,-
18:08:48.314,snap,default,com.tencent.mobileqq,discharging,1,37.7,54,100,95,1,11.88,0.25,0.09,16,3.903,0.79,3.0833702,9417,4975,0,-
18:08:49.315,snap,default,com.tencent.mobileqq,discharging,1,37.7,53.6,100,95,1,11.88,0.25,0.09,16,3.913,0.634,2.480842,11768,5717,0,-
18:08:50.315,snap,default,com.tencent.mobileqq,discharging,1,37.7,53.6,100,95,1,11.54,0.2,0.07,16,3.912,0.586,2.292432,11768,5717,0,-
18:08:51.315,snap,default,com.tencent.mobileqq,discharging,1,37.8,53.2,100,95,1,11.54,0.2,0.07,16,3.912,0.602,2.3550239,9690,5099,0,-
18:08:52.315,snap,default,com.tencent.mobileqq,discharging,1,37.8,52.8,100,95,1,11.26,0.17,0.06,17,3.915,0.544,2.12976,9690,5099,0,-
18:08:53.315,snap,default,com.tencent.mobileqq,discharging,1,37.8,53.2,100,95,1,11.26,0.17,0.06,16,3.892,0.802,3.121384,11135,5594,0,-
18:08:54.315,snap,default,com.tencent.mobileqq,discharging,1,37.8,52.8,100,95,1,11.21,0.32,0.04,16,3.896,0.674,2.625904,11135,5594,0,-
18:08:55.316,snap,default,com.tencent.mobileqq,discharging,1,37.8,53.2,100,95,1,11.21,0.32,0.04,17,3.896,0.672,2.6181118,12694,6306,0,-
18:08:56.316,snap,default,com.tencent.mobileqq,discharging,1,37.8,53.2,100,95,1,10.81,0.26,0.04,16,3.904,0.598,2.334592,12694,6306,0,-
18:08:57.316,snap,default,com.tencent.mobileqq,discharging,1,37.8,53.6,100,95,1,10.81,0.26,0.04,16,3.887,0.794,3.0862782,12775,7066,0,-
18:08:58.316,snap,default,com.tencent.mobileqq,discharging,1,37.8,53.6,100,95,1,10.66,0.21,0.03,17,3.908,0.648,2.532384,12775,7066,0,-
18:08:59.316,snap,default,com.tencent.mobileqq,discharging,1,37.8,53.2,100,95,1,10.66,0.21,0.03,16,3.884,0.798,3.099432,13481,6872,0,-
18:09:00.317,snap,default,com.tencent.mobileqq,discharging,1,37.8,53.2,100,95,1,10.9,0.17,0.02,17,3.903,0.628,2.4510841,13481,6872,0,-
18:09:01.317,snap,default,com.tencent.mobileqq,discharging,1,37.8,53.2,100,95,1,10.9,0.17,0.02,16,3.903,0.628,2.4510841,12468,6802,0,-
18:09:02.317,snap,default,com.tencent.mobileqq,discharging,1,37.8,54.4,100,95,1,10.9,0.17,0.02,16,3.886,0.862,3.349732,12468,6802,0,-
18:09:03.317,snap,default,com.tencent.mobileqq,discharging,1,37.8,54.4,100,95,1,10.92,0.14,0.02,17,3.903,0.628,2.4510841,10902,5819,0,-
18:09:04.317,snap,default,com.tencent.mobileqq,discharging,1,37.8,52.8,100,95,1,10.92,0.14,0.02,16,3.898,0.7,2.7286,10902,5819,0,-
18:09:05.318,snap,default,com.tencent.mobileqq,discharging,1,37.8,52.1,100,95,1,10.75,0.11,0.01,17,3.916,0.562,2.2007918,10260,5810,0,-
18:09:06.318,snap,default,com.tencent.mobileqq,discharging,1,37.8,52.1,100,95,1,10.75,0.11,0.01,16,3.91,0.632,2.47112,10260,5810,0,-
18:09:07.318,snap,default,com.tencent.mobileqq,discharging,1,37.8,52.4,100,95,1,10.8,0.09,0.01,16,3.906,0.726,2.835756,10260,5810,0,-
18:09:08.319,snap,default,com.tencent.mobileqq,discharging,1,37.8,52.4,100,95,1,10.8,0.09,0.01,16,3.912,0.684,2.675808,11958,6138,0,-
18:09:09.319,snap,default,com.tencent.mobileqq,discharging,1,37.8,52.4,100,95,1,11.01,0.07,0.01,16,3.912,0.608,2.378496,11958,6138,0,-
18:09:10.319,snap,default,com.tencent.mobileqq,discharging,1,37.8,51.7,100,95,1,11.01,0.07,0.01,17,3.914,0.602,2.356228,9943,5255,0,-
18:09:11.320,snap,default,com.tencent.mobileqq,discharging,1,37.8,51.7,100,95,1,10.83,0.06,0,16,3.91,0.564,2.20524,9943,5255,0,-
18:09:12.320,snap,default,com.tencent.mobileqq,discharging,1,37.8,51.7,100,95,1,10.83,0.06,0,16,3.895,0.792,3.08484,11851,6127,0,-
18:09:13.320,snap,default,com.tencent.mobileqq,discharging,1,37.9,53.2,100,95,1,11.4,0.23,0,16,3.895,1.01,3.93395,11851,6127,0,-
18:09:14.320,snap,default,com.tencent.mobileqq,discharging,1,37.9,54.8,100,95,1,11.4,0.23,0,17,3.868,1.074,4.154232,21114,10118,0,-
18:09:15.321,snap,default,com.tencent.mobileqq,discharging,1,37.9,54.8,100,95,1,12.42,0.37,0.73,16,3.874,1.244,4.819256,21114,10118,0,-
18:09:16.321,snap,default,com.tencent.mobileqq,discharging,1,37.9,54.8,100,95,1,12.42,0.37,0.73,16,3.892,0.982,3.821944,22569,11831,0,-
18:09:17.321,snap,default,com.tencent.mobileqq,discharging,1,37.9,54.8,100,95,1,14.15,0.66,0.96,16,3.892,0.888,3.456096,22569,11831,0,-
18:09:18.321,snap,default,com.tencent.mobileqq,discharging,1,37.9,54.4,100,95,1,14.3,0.54,1.14,16,3.89,0.908,3.53212,16679,9631,0,-
18:09:19.321,snap,default,com.tencent.mobileqq,discharging,1,37.9,54.8,100,95,1,14.3,0.54,1.14,17,3.895,0.808,3.14716,16679,9631,0,-
18:09:20.323,snap,default,com.tencent.mobileqq,discharging,1,37.9,55.6,100,95,1,14.79,0.44,1.12,16,3.878,1.184,4.5915523,19247,10424,0,-
18:09:21.322,snap,default,com.tencent.mobileqq,discharging,1,37.9,58,100,95,1,14.79,0.44,1.12,17,3.847,1.408,5.416576,19247,10424,0,-
18:09:22.323,snap,default,com.tencent.mobileqq,discharging,1,37.9,59.9,100,95,1,22.62,1.63,3.45,16,3.863,1.492,5.7635956,40087,13121,0,-
18:09:23.323,snap,default,com.tencent.mobileqq,discharging,1,38,59.9,100,95,1,22.62,1.63,3.45,16,3.9,0.816,3.1824,40087,13121,0,-
18:09:24.323,snap,default,com.tencent.mobileqq,discharging,1,38,56.9,100,95,1,31.56,2.06,6.81,0,3.895,0.736,2.86672,16220,3633,0,-
18:09:25.324,snap,default,com.tencent.mobileqq,discharging,1,38,53.9,100,95,1,31.56,2.06,6.81,0,3.909,0.584,2.282856,16220,3633,0,-
18:09:26.324,snap,default,com.tencent.mobileqq,discharging,1,38,52.4,100,95,1,37.8,2.59,9.56,0,3.911,0.628,2.456108,9425,2273,0,-
18:09:27.325,snap,default,com.tencent.mobileqq,discharging,1,38,52.4,100,95,1,37.8,2.59,9.56,16,3.908,0.676,2.641808,9425,2273,0,-
18:09:28.325,snap,default,com.tencent.mobileqq,discharging,1,38,51.3,100,95,1,33.67,2.3,8.19,0,3.913,0.376,1.471288,9694,4024,0,-
18:09:29.326,snap,default,com.tencent.mobileqq,discharging,1,38.1,50.5,100,95,1,33.67,2.3,8.19,0,3.927,0.342,1.343034,9694,4024,0,-
18:09:30.326,snap,default,com.tencent.mobileqq,discharging,1,38.1,49.3,100,95,1,29.2,2.25,6.7,0,3.931,0.234,0.919854,4589,1459,0,-
18:09:31.328,snap,default,com.tencent.mobileqq,discharging,1,38.1,48.9,100,95,1,29.2,2.25,6.7,0,3.937,0.2,0.7874,4589,1459,0,-
18:09:32.328,snap,default,com.tencent.mobileqq,discharging,1,38.1,48.1,100,95,1,25.54,1.84,5.49,0,3.937,0.2,0.7874,6221,2015,0,-
18:09:33.328,snap,default,com.tencent.mobileqq,discharging,1,38.1,48.1,100,95,1,25.54,1.84,5.49,0,3.939,0.16,0.63023996,6221,2015,0,-
18:09:34.348,snap,default,com.tencent.mobileqq,discharging,1,38.1,48.1,100,95,1,25.54,1.84,5.49,0,3.924,0.34,1.33416,6221,2015,0,-
18:09:35.350,snap,default,com.tencent.mobileqq,discharging,1,38.1,47.7,100,95,1,22.18,1.68,4.49,0,3.936,0.264,1.039104,5032,1777,0,-
18:09:36.351,snap,default,com.tencent.mobileqq,discharging,1,38.1,47.7,100,95,1,22.18,1.68,4.49,0,3.932,0.238,0.935816,5032,1777,0,-
18:09:37.353,snap,default,com.tencent.mobileqq,discharging,1,38.1,47.7,100,95,1,19.25,1.74,3.68,0,3.939,0.18,0.70902,3948,1448,0,-
18:09:38.353,snap,default,com.tencent.mobileqq,discharging,1,38.1,47.3,100,95,1,19.25,1.74,3.68,0,3.939,0.188,0.740532,3948,1448,0,-
18:09:39.355,snap,default,com.tencent.mobileqq,discharging,1,38.1,46.9,100,95,1,17.39,1.79,3.01,0,3.938,0.268,1.055384,4375,1327,0,-
18:09:40.355,snap,default,com.tencent.mobileqq,discharging,1,38.1,46.1,100,95,1,17.39,1.79,3.01,0,3.943,0.158,0.62299407,4375,1327,0,-
18:09:41.357,snap,default,com.tencent.mobileqq,discharging,1,38.1,46.1,100,95,1,15.51,1.46,2.46,0,3.937,0.186,0.73228204,3179,982,0,-
18:09:42.359,snap,default,com.tencent.mobileqq,discharging,1,38.1,46.1,100,95,1,15.51,1.46,2.46,0,3.943,0.132,0.520476,3179,982,0,-
18:09:43.359,snap,default,com.tencent.mobileqq,discharging,1,38.1,46.1,100,95,1,14.33,1.2,2.02,0,3.934,0.254,0.99923605,5066,1827,0,-
18:09:44.360,snap,default,com.tencent.mobileqq,discharging,1,38.1,46.9,100,95,1,14.33,1.2,2.02,0,3.936,0.398,1.5665281,5066,1827,0,-
18:09:45.360,snap,default,com.tencent.mobileqq,discharging,1,38.1,46.9,100,95,1,13.36,0.98,1.65,0,3.939,0.202,0.795678,3761,1185,0,-
18:09:46.361,snap,default,com.tencent.mobileqq,discharging,1,38.1,46.9,100,95,1,13.36,0.98,1.65,0,3.938,0.234,0.921492,3761,1185,0,-
18:09:47.361,snap,default,com.tencent.mobileqq,discharging,1,38.1,46.5,100,95,1,12.21,1.16,1.35,0,3.937,0.188,0.740156,4537,1667,0,-
18:09:48.364,snap,default,com.tencent.mobileqq,discharging,1,38.1,46.1,100,95,1,12.21,1.16,1.35,0,3.933,0.3,1.1799,4537,1667,0,-
18:09:49.364,snap,default,com.tencent.mobileqq,discharging,1,38.1,46.1,100,95,1,12.71,1.31,1.1,0,3.941,0.248,0.977368,6010,2194,0,-
18:09:50.365,snap,default,com.tencent.mobileqq,discharging,1,38.1,46.1,100,95,1,11.86,1.07,0.9,0,3.936,0.182,0.716352,6010,2194,0,-
18:09:51.367,snap,default,com.tencent.mobileqq,discharging,1,38.1,45.7,100,95,1,11.86,1.07,0.9,0,3.937,0.166,0.653542,3141,984,0,-
18:09:52.367,snap,default,com.tencent.mobileqq,discharging,1,38.1,45.7,100,95,1,10.98,0.88,0.74,0,3.943,0.194,0.76494205,3141,984,0,-
18:09:53.367,snap,default,com.tencent.mobileqq,discharging,1,38.1,45.7,100,95,1,10.98,0.88,0.74,0,3.936,0.236,0.928896,5486,1741,0,-
18:09:54.368,snap,default,com.tencent.mobileqq,discharging,1,38.1,45.7,100,95,1,11.16,0.9,0.6,0,3.931,0.274,1.077094,5486,1741,0,-
18:09:55.368,snap,default,com.tencent.mobileqq,discharging,1,38.1,45.7,100,95,1,11.16,0.9,0.6,0,3.938,0.268,1.055384,4502,1710,0,-
18:09:56.370,snap,default,com.tencent.mobileqq,discharging,1,38.1,45.7,100,95,1,10.59,1.1,0.49,0,3.934,0.188,0.73959196,4502,1710,0,-
18:09:57.371,snap,default,com.tencent.mobileqq,discharging,1,38.1,45.7,100,95,1,10.59,1.1,0.49,0,3.936,0.224,0.88166404,3634,1346,0,-
18:09:58.511,snap,default,com.tencent.mobileqq,discharging,1,38.1,45.7,100,95,1,10.84,0.9,0.4,0,3.935,0.19,0.74764997,3634,1346,0,-
18:09:59.512,snap,default,com.tencent.mobileqq,discharging,1,38.1,45.3,100,95,1,10.84,0.9,0.4,0,3.939,0.27,1.06353,8844,3399,0,-
18:10:00.512,snap,default,com.tencent.mobileqq,discharging,1,38.1,45.3,100,95,1,11.05,0.92,0.33,0,3.937,0.264,1.039368,8844,3399,0,-
18:10:01.514,snap,default,com.tencent.mobileqq,discharging,1,38.1,45.3,100,95,1,11.05,0.92,0.33,0,3.937,0.264,1.039368,8844,3399,0,-
18:10:02.515,snap,default,com.tencent.mobileqq,discharging,1,38.1,44.9,100,95,1,11.05,0.92,0.33,0,3.939,0.22,0.86657995,4319,1419,0,-
18:10:04.201,snap,default,com.tencent.mobileqq,discharging,1,38.1,44.9,100,95,1,10.68,0.75,0.27,0,3.934,0.228,0.89695203,4319,1419,0,-
18:10:05.202,snap,default,com.tencent.mobileqq,discharging,1,38.1,44.9,100,95,1,10.68,0.75,0.27,0,3.937,0.156,0.61417204,8768,3021,0,-
18:10:06.202,snap,default,com.tencent.mobileqq,discharging,1,38.1,44.9,100,95,1,10.74,0.79,0.22,0,3.934,0.272,1.0700481,8768,3021,0,-
18:10:07.203,snap,default,com.tencent.mobileqq,discharging,1,38.1,44.9,100,95,1,10.74,0.79,0.22,0,3.938,0.218,0.85848397,3678,1104,0,-
18:10:08.203,snap,default,com.tencent.mobileqq,discharging,1,38.1,44.9,100,95,1,10.06,1.01,0.18,0,3.935,0.244,0.96014,3678,1104,0,-
18:10:09.204,snap,default,com.tencent.mobileqq,discharging,1,38.1,44.9,100,95,1,10.06,1.01,0.18,0,3.934,0.268,1.054312,3874,1196,0,-
18:10:10.204,snap,default,com.tencent.mobileqq,discharging,1,38.1,45.3,100,95,1,10.23,1.19,0.14,0,3.934,0.246,0.967764,3874,1196,0,-
18:10:11.205,snap,default,com.tencent.mobileqq,discharging,1,38.1,45.3,100,95,1,10.23,1.19,0.14,0,3.938,0.23,0.90574,5346,1638,0,-
18:10:12.207,snap,default,com.tencent.mobileqq,discharging,1,38.1,44.9,100,95,1,9.64,1.34,0.12,0,3.94,0.228,0.89832,5346,1638,0,-
18:10:13.208,snap,default,com.tencent.mobileqq,discharging,1,38.1,44.9,100,95,1,9.64,1.34,0.12,0,3.933,0.298,1.172034,3316,898,0,-
18:10:14.209,snap,default,com.tencent.mobileqq,discharging,1,38.1,44.9,100,95,1,9.34,1.46,0.1,0,3.939,0.24,0.94535995,3316,898,0,-
18:10:15.210,snap,default,com.tencent.mobileqq,discharging,1,38.1,44.9,100,95,1,9.34,1.46,0.1,0,3.938,0.25,0.9845,5765,1960,0,-
18:10:16.211,snap,default,com.tencent.mobileqq,discharging,1,38.1,44.9,100,95,1,8.92,1.55,0.08,0,3.934,0.236,0.928424,5765,1960,0,-
18:10:17.212,snap,default,com.tencent.mobileqq,discharging,1,38.1,44.6,100,95,1,8.92,1.55,0.08,0,3.934,0.27,1.06218,3308,992,0,-
18:10:18.214,snap,default,com.tencent.mobileqq,discharging,1,38.1,44.9,100,95,1,8.93,1.81,0.06,0,3.938,0.256,1.008128,3308,992,0,-
18:10:19.216,snap,default,com.tencent.mobileqq,discharging,1,38.1,44.9,100,95,1,8.94,1.67,0.05,0,3.931,0.35,1.37585,5714,1754,0,-
18:10:20.216,snap,default,com.tencent.mobileqq,discharging,1,38.1,44.9,100,95,1,8.94,1.67,0.05,0,3.93,0.316,1.24188,5714,1754,0,-
18:10:21.217,snap,default,com.tencent.mobileqq,discharging,1,38.1,44.9,100,95,1,8.95,1.73,0.04,0,3.938,0.282,1.110516,4203,1411,0,-
18:10:22.218,snap,default,com.tencent.mobileqq,discharging,1,38.1,44.9,100,95,1,8.95,1.73,0.04,0,3.932,0.284,1.116688,4203,1411,0,-
18:10:23.219,snap,default,com.tencent.mobileqq,discharging,1,38.1,44.9,100,95,1,8.78,1.77,0.03,0,3.937,0.236,0.929132,5256,1586,0,-
18:10:24.889,snap,default,com.tencent.mobileqq,discharging,1,38.1,44.9,100,95,1,8.78,1.77,0.03,0,3.937,0.236,0.929132,5256,1586,0,-
18:10:25.889,snap,default,com.tencent.mobileqq,discharging,1,38.1,44.9,100,95,1,8.78,1.77,0.03,0,3.948,0.142,0.560616,9829,3061,0,-
18:10:26.889,snap,default,com.tencent.mobileqq,discharging,1,38.1,44.9,100,95,1,9.54,1.63,0.21,0,3.943,0.162,0.638766,9829,3061,0,-
18:10:27.891,snap,default,com.tencent.mobileqq,discharging,1,38.1,44.9,100,95,1,9.54,1.63,0.21,0,3.932,0.296,1.163872,9829,3061,0,-
18:10:28.893,snap,default,com.tencent.mobileqq,discharging,1,38.1,45.7,100,95,1,12.16,1.7,0.71,0,3.92,0.528,2.06976,8921,2099,0,-
18:10:29.893,snap,default,com.tencent.mobileqq,discharging,1,38.1,46.1,100,95,1,12.16,1.7,0.71,0,3.92,0.484,1.89728,8921,2099,0,-
18:10:30.893,snap,default,com.tencent.mobileqq,discharging,1,38,46.5,100,95,1,11.59,1.93,0.58,0,3.936,0.256,1.007616,8288,2639,0,-
18:10:31.894,snap,default,com.tencent.mobileqq,discharging,1,38,46.5,100,95,1,11.59,1.93,0.58,0,3.916,0.58,2.2712798,8288,2639,0,-
18:10:32.894,snap,default,com.tencent.mobileqq,discharging,1,38,46.9,100,95,1,15.83,2.49,0.84,0,3.926,0.532,2.088632,12478,3067,0,-
18:10:33.894,snap,default,com.tencent.mobileqq,discharging,1,38,46.9,100,95,1,15.83,2.49,0.84,0,3.909,0.544,2.126496,12478,3067,0,-
18:10:34.895,snap,default,com.tencent.mobileqq,discharging,1,38,46.1,100,95,1,14.59,2.76,1.05,0,3.939,0.214,0.842946,6695,1778,0,-
18:10:35.896,snap,default,com.tencent.mobileqq,discharging,1,38,46.1,100,95,1,14.59,2.76,1.05,0,3.935,0.26,1.0230999,6695,1778,0,-
18:10:36.897,snap,default,com.tencent.mobileqq,discharging,1,38,45.3,100,95,1,13.94,2.26,0.86,0,3.937,0.314,1.2362181,8446,2854,0,-
18:10:37.898,snap,default,com.tencent.mobileqq,discharging,1,38,45.7,100,95,1,13.94,2.26,0.86,0,3.935,0.308,1.21198,8446,2854,0,-
18:10:38.899,snap,default,com.tencent.mobileqq,discharging,1,38,45.7,100,95,1,13.59,2.03,0.7,0,3.926,0.344,1.3505441,4991,1554,0,-
18:10:39.899,snap,default,com.tencent.mobileqq,discharging,1,38,45.7,100,95,1,13.59,2.03,0.7,0,3.938,0.252,0.992376,4991,1554,0,-
18:10:40.899,snap,default,com.tencent.mobileqq,discharging,1,38,46.9,100,95,1,12.75,1.66,3.11,0,3.912,0.622,2.4332638,9012,3181,0,-
18:10:41.901,snap,default,com.tencent.mobileqq,discharging,1,38,46.9,100,95,1,12.75,1.66,3.11,0,3.931,0.398,1.564538,9012,3181,0,-
18:10:42.903,snap,default,com.tencent.mobileqq,discharging,1,38,46.1,100,95,1,14.61,1.54,3.09,0,3.936,0.274,1.078464,7424,2398,0,-
18:10:43.903,snap,default,com.tencent.mobileqq,discharging,1,38,45.7,100,95,1,13.23,1.26,2.53,0,3.934,0.27,1.06218,7424,2398,0,-
18:10:44.903,snap,default,com.tencent.mobileqq,discharging,1,38,45.3,100,95,1,13.23,1.26,2.53,0,3.934,0.22,0.86548,4024,1396,0,-
18:10:45.903,snap,default,com.tencent.mobileqq,discharging,1,38,44.9,100,95,1,12.46,1.03,2.07,0,3.941,0.184,0.72514397,4024,1396,0,-
18:10:46.905,snap,default,com.tencent.mobileqq,discharging,1,38,44.9,100,95,1,12.46,1.03,2.07,0,3.941,0.244,0.961604,5313,1554,0,-
18:10:47.905,snap,default,com.tencent.mobileqq,discharging,1,38,44.6,100,95,1,11.83,1.21,1.69,0,3.937,0.24,0.94488,5313,1554,0,-
18:10:48.907,snap,default,com.tencent.mobileqq,discharging,1,38,44.6,100,95,1,11.83,1.21,1.69,0,3.926,0.312,1.224912,5601,2280,0,-
18:10:49.909,snap,default,com.tencent.mobileqq,discharging,1,38,44.6,100,95,1,11.68,0.99,1.38,0,3.932,0.294,1.156008,5601,2280,0,-
18:10:51.712,snap,default,com.tencent.mobileqq,discharging,1,38,44.9,100,95,1,11.68,0.99,1.38,0,3.932,0.294,1.156008,5601,2280,0,-
18:10:52.712,snap,default,com.tencent.mobileqq,discharging,1,38,44.9,100,95,1,11.68,0.99,1.38,0,3.95,0.136,0.53720003,9256,3317,0,-
18:10:53.712,snap,default,com.tencent.mobileqq,discharging,1,38,44.6,100,95,1,11.74,0.81,1.13,0,3.936,0.3,1.1808001,9256,3317,0,-
18:10:54.712,snap,default,com.tencent.mobileqq,discharging,1,38,44.6,100,95,1,11.74,0.81,1.13,0,3.945,0.19,0.74955,4226,1445,0,-
18:10:55.713,snap,default,com.tencent.mobileqq,discharging,1,38,44.2,100,95,1,11.06,0.66,0.93,0,3.938,0.22,0.86636,4226,1445,0,-
18:10:56.817,snap,default,com.tencent.mobileqq,discharging,1,38,44.2,100,95,1,11.06,0.66,0.93,0,3.935,0.234,0.92078996,3480,1034,0,-
18:10:57.817,snap,default,com.tencent.mobileqq,discharging,1,38,44.6,100,95,1,10.5,0.9,0.76,0,3.932,0.298,1.171736,3480,1034,0,-
18:10:58.819,snap,default,com.tencent.mobileqq,discharging,1,38,44.6,100,95,1,10.5,0.9,0.76,0,3.93,0.316,1.24188,8845,3344,0,-
18:10:59.820,snap,default,com.tencent.mobileqq,discharging,1,38,44.2,100,95,1,10.59,0.92,0.62,0,3.933,0.268,1.054044,8845,3344,0,-
18:11:00.822,snap,default,com.tencent.mobileqq,discharging,1,38,44.2,100,95,1,10.59,0.92,0.62,0,3.935,0.234,0.92078996,3579,1026,0,-
18:11:01.822,snap,default,com.tencent.mobileqq,discharging,1,38,43.8,100,95,1,10.12,1.11,0.51,0,3.933,0.258,1.014714,3579,1026,0,-
18:11:02.822,snap,default,com.tencent.mobileqq,discharging,1,38,44.2,100,95,1,10.12,1.11,0.51,0,3.935,0.262,1.03097,6179,2131,0,-
18:11:03.823,snap,default,com.tencent.mobileqq,discharging,1,38,44.2,100,95,1,9.92,1.27,0.41,0,3.938,0.27,1.0632601,6179,2131,0,-
18:11:04.823,snap,default,com.tencent.mobileqq,discharging,1,38,44.2,100,95,1,9.92,1.27,0.41,0,3.934,0.322,1.266748,4211,1455,0,-
18:11:05.824,snap,default,com.tencent.mobileqq,discharging,1,38,44.2,100,95,1,9.75,1.4,0.34,0,3.941,0.254,1.001014,4211,1455,0,-
18:11:06.824,snap,default,com.tencent.mobileqq,discharging,1,38,44.2,100,95,1,9.61,1.51,0.27,0,3.932,0.294,1.156008,4831,1578,0,-
18:11:07.825,snap,default,com.tencent.mobileqq,discharging,1,38,44.2,100,95,1,9.61,1.51,0.27,0,3.934,0.258,1.014972,4831,1578,0,-
18:11:08.826,snap,default,com.tencent.mobileqq,discharging,1,38,44.2,100,95,1,9.32,1.6,0.22,0,3.938,0.262,1.0317559,5729,1827,0,-
18:11:09.826,snap,default,com.tencent.mobileqq,discharging,1,38,44.2,100,95,1,9.32,1.6,0.22,0,3.937,0.262,1.031494,5729,1827,0,-
18:11:10.826,snap,default,com.tencent.mobileqq,discharging,1,38,44.2,100,95,1,8.72,1.85,0.18,0,3.933,0.308,1.211364,4031,1284,0,-
18:11:13.324,snap,default,com.tencent.mobileqq,discharging,1,38,44.2,100,95,1,8.72,1.85,0.18,0,3.932,0.286,1.124552,4031,1284,0,-
18:11:14.325,snap,default,com.tencent.mobileqq,discharging,1,37.9,43.8,100,95,1,9.49,1.7,0.15,0,3.934,0.212,0.834008,8970,3327,0,-
18:11:15.325,snap,default,com.tencent.mobileqq,discharging,1,37.9,43.8,100,95,1,9.49,1.7,0.15,0,3.932,0.308,1.211056,8970,3327,0,-
18:11:16.325,snap,default,com.tencent.mobileqq,discharging,1,37.9,43.8,100,95,1,9.4,1.75,0.12,0,3.935,0.232,0.91291994,4270,1385,0,-
18:11:17.326,snap,default,com.tencent.mobileqq,discharging,1,37.9,43.8,100,95,1,9.4,1.75,0.12,0,3.939,0.218,0.85870194,4270,1385,0,-
18:11:19.134,snap,default,com.tencent.mobileqq,discharging,1,37.9,44.2,100,95,1,9.15,2.16,0.1,0,3.94,0.224,0.88256,4580,1683,0,-
18:11:20.136,snap,default,com.tencent.mobileqq,discharging,1,37.9,44.2,100,95,1,9.15,2.16,0.1,0,3.941,0.19,0.74878997,4580,1683,0,-
18:11:21.137,snap,default,com.tencent.mobileqq,discharging,1,37.9,44.6,100,95,1,10.21,2.13,0.08,0,3.934,0.314,1.2352761,8916,3555,0,-
18:11:22.137,snap,default,com.tencent.mobileqq,discharging,1,37.9,45.7,100,95,1,10.21,2.13,0.08,0,3.925,0.338,1.32665,8916,3555,0,-
18:11:23.137,snap,default,com.tencent.mobileqq,discharging,1,37.9,45.7,100,95,1,14.52,2.47,3.14,0,3.916,0.612,2.396592,15787,3403,0,-
18:11:24.137,snap,default,com.tencent.mobileqq,discharging,1,37.9,45.7,100,95,1,14.52,2.47,3.14,0,3.93,0.44,1.7292,15787,3403,0,-
18:11:25.138,snap,default,com.tencent.mobileqq,discharging,1,37.9,45.3,100,95,1,19.68,2.38,3.48,0,3.936,0.232,0.913152,6503,2261,0,-
18:11:26.138,snap,default,com.tencent.mobileqq,discharging,1,37.9,44.2,100,95,1,19.68,2.38,3.48,0,3.943,0.138,0.544134,6503,2261,0,-
18:11:27.138,snap,default,com.tencent.mobileqq,discharging,1,37.9,43.8,100,95,1,17.74,1.95,2.85,0,3.945,0.158,0.62331,3109,855,0,-
18:11:28.139,snap,default,com.tencent.mobileqq,discharging,1,37.9,43.8,100,95,1,17.74,1.95,2.85,0,3.943,0.162,0.638766,3109,855,0,-
18:11:29.140,snap,default,com.tencent.mobileqq,discharging,1,37.9,43.8,100,95,1,15.79,1.59,2.33,0,3.943,0.208,0.82014406,3894,1033,0,-
18:11:30.140,snap,default,com.tencent.mobileqq,discharging,1,37.9,43.8,100,95,1,15.79,1.59,2.33,0,3.934,0.228,0.89695203,3894,1033,0,-
18:11:31.141,snap,default,com.tencent.mobileqq,discharging,1,37.9,43.8,100,95,1,15.29,1.3,1.91,0,3.935,0.296,1.16476,4700,1585,0,-
18:11:32.142,snap,default,com.tencent.mobileqq,discharging,1,37.9,43.4,100,95,1,15.29,1.3,1.91,0,3.933,0.258,1.014714,4700,1585,0,-
18:11:33.143,snap,default,com.tencent.mobileqq,discharging,1,37.9,43.4,100,95,1,14.33,1.43,1.56,0,3.933,0.256,1.0068481,5367,1844,0,-
18:11:34.144,snap,default,com.tencent.mobileqq,discharging,1,37.9,44.2,100,95,1,14.33,1.43,1.56,0,3.931,0.332,1.305092,5367,1844,0,-
18:11:35.144,snap,default,com.tencent.mobileqq,discharging,1,37.9,44.6,100,95,1,14.45,1.35,1.28,0,3.927,0.38,1.49226,9053,2893,0,-
18:11:36.145,snap,default,com.tencent.mobileqq,discharging,1,37.9,44.6,100,95,1,14.45,1.35,1.28,0,3.935,0.298,1.1726301,9053,2893,0,-
18:11:37.146,snap,default,com.tencent.mobileqq,discharging,1,37.9,44.6,100,95,1,14.37,1.29,1.04,0,3.939,0.232,0.9138479,9053,2893,0,-
18:11:38.146,snap,default,com.tencent.mobileqq,discharging,1,37.9,44.2,100,95,1,13.76,1.05,0.85,0,3.932,0.3,1.1796,4094,1427,0,-
18:11:39.148,snap,default,com.tencent.mobileqq,discharging,1,37.9,44.2,100,95,1,13.76,1.05,0.85,0,3.943,0.176,0.693968,4094,1427,0,-
18:11:40.148,snap,default,com.tencent.mobileqq,discharging,1,37.9,44.2,100,95,1,12.89,0.86,0.7,0,3.945,0.188,0.74165994,6300,1707,0,-
18:11:41.149,snap,default,com.tencent.mobileqq,discharging,1,37.9,44.2,100,95,1,12.89,0.86,0.7,0,3.934,0.336,1.321824,6300,1707,0,-
18:11:42.149,snap,default,com.tencent.mobileqq,discharging,1,37.9,43.8,100,95,1,12.19,1.07,0.57,0,3.933,0.314,1.2349621,5284,2077,0,-
18:11:43.150,snap,default,com.tencent.mobileqq,discharging,1,37.9,43.8,100,95,1,12.19,1.07,0.57,0,3.933,0.314,1.2349621,5284,2077,0,-
18:11:44.152,snap,default,com.tencent.mobileqq,discharging,1,37.9,43.4,100,95,1,12.19,1.07,0.57,0,3.94,0.204,0.80376,3651,1104,0,-
18:11:45.152,snap,default,com.tencent.mobileqq,discharging,1,37.9,43.4,100,95,1,11.43,0.87,0.47,0,3.943,0.192,0.757056,3651,1104,0,-
18:11:46.153,snap,default,com.tencent.mobileqq,discharging,1,37.8,43.4,100,95,1,11.43,0.87,0.47,0,3.949,0.098,0.387002,2361,799,0,-
18:11:47.154,snap,default,com.tencent.mobileqq,discharging,1,37.8,43,100,95,1,10.62,0.71,0.38,0,3.944,0.174,0.686256,2361,799,0,-
18:11:48.156,snap,default,com.tencent.mobileqq,discharging,1,37.8,43.4,100,95,1,10.62,0.71,0.38,0,3.935,0.248,0.97587997,4753,1241,0,-
18:11:49.156,snap,default,com.tencent.mobileqq,discharging,1,37.8,43.4,100,95,1,10.15,0.94,0.31,0,3.939,0.27,1.06353,4753,1241,0,-
18:11:50.157,snap,default,com.tencent.mobileqq,discharging,1,37.8,43.4,100,95,1,10.15,0.94,0.31,0,3.935,0.254,0.99949,3714,1079,0,-
18:11:51.159,snap,default,com.tencent.mobileqq,discharging,1,37.8,43.4,100,95,1,9.58,1.14,0.25,0,3.94,0.216,0.85104,3714,1079,0,-
18:11:52.159,snap,default,com.tencent.mobileqq,discharging,1,37.8,43.4,100,95,1,9.58,1.14,0.25,0,3.937,0.212,0.834644,5058,1726,0,-
18:11:53.160,snap,default,com.tencent.mobileqq,discharging,1,37.8,43,100,95,1,9.47,0.93,0.21,0,3.943,0.196,0.772828,5058,1726,0,-
18:11:54.160,snap,default,com.tencent.mobileqq,discharging,1,37.8,43,100,95,1,9.47,0.93,0.21,0,3.941,0.226,0.890666,3708,1234,0,-
18:11:55.162,snap,default,com.tencent.mobileqq,discharging,1,37.8,43,100,95,1,9.57,0.76,0.17,0,3.933,0.272,1.069776,3708,1234,0,-
18:11:56.162,snap,default,com.tencent.mobileqq,discharging,1,37.8,43.4,100,95,1,9.57,0.76,0.17,0,3.94,0.25,0.985,4319,1386,0,-
18:11:57.163,snap,default,com.tencent.mobileqq,discharging,1,37.8,43.4,100,95,1,9.1,0.98,0.14,0,3.936,0.278,1.094208,4319,1386,0,-
18:11:58.164,snap,default,com.tencent.mobileqq,discharging,1,37.8,43.4,100,95,1,9.1,0.98,0.14,0,3.941,0.238,0.937958,5983,2025,0,-
18:11:59.164,snap,default,com.tencent.mobileqq,discharging,1,37.8,43,100,95,1,9.44,1.17,0.11,0,3.935,0.246,0.96801,5983,2025,0,-
18:12:00.165,snap,default,com.tencent.mobileqq,discharging,1,37.8,43,100,95,1,9.44,1.17,0.11,0,3.935,0.248,0.97587997,3574,977,0,-
18:12:01.165,snap,default,com.tencent.mobileqq,discharging,1,37.8,43.4,100,95,1,9,1.5,0.09,0,3.938,0.208,0.819104,3574,977,0,-
18:12:03.192,snap,default,com.tencent.mobileqq,discharging,1,37.8,43.4,100,95,1,9,1.5,0.09,0,3.945,0.108,0.42606,7651,2520,0,-
18:12:04.192,snap,default,com.tencent.mobileqq,discharging,1,37.8,43.4,100,95,1,9.72,1.59,0.07,0,3.934,0.256,1.007104,7651,2520,0,-
18:12:05.194,snap,default,com.tencent.mobileqq,discharging,1,37.8,43,100,95,1,9.72,1.59,0.07,0,3.936,0.256,1.007616,7651,2520,0,-
18:12:06.195,snap,default,com.tencent.mobileqq,discharging,1,37.8,43,100,95,1,9.41,1.66,0.06,0,3.934,0.254,0.99923605,4071,1305,0,-
18:12:07.195,snap,default,com.tencent.mobileqq,discharging,1,37.8,43,100,95,1,9.41,1.66,0.06,0,3.936,0.264,1.039104,4071,1305,0,-
18:12:08.316,snap,default,com.tencent.mobileqq,discharging,1,37.7,43,100,95,1,9.33,1.72,0.05,0,3.938,0.25,0.9845,8379,2972,0,-
18:12:09.317,snap,default,com.tencent.mobileqq,discharging,1,37.7,43,100,95,1,9.45,1.77,0.04,0,3.931,0.266,1.045646,8379,2972,0,-
18:12:10.317,snap,default,com.tencent.mobileqq,discharging,1,37.7,43,100,95,1,9.45,1.77,0.04,0,3.933,0.278,1.093374,4965,1606,0,-
18:12:11.318,snap,default,com.tencent.mobileqq,discharging,1,37.7,43.4,100,95,1,9.19,1.81,0.03,0,3.937,0.266,1.047242,4965,1606,0,-
18:12:12.320,snap,default,com.tencent.mobileqq,discharging,1,37.7,43.4,100,95,1,9.19,1.81,0.03,0,3.936,0.252,0.9918721,4363,1350,0,-
18:12:13.320,snap,default,com.tencent.mobileqq,discharging,1,37.7,43.4,100,95,1,8.97,1.66,0.02,0,3.936,0.252,0.9918721,4363,1350,0,-
18:12:14.320,snap,default,com.tencent.mobileqq,discharging,1,37.7,43.4,100,95,1,8.97,1.66,0.02,0,3.941,0.19,0.74878997,4851,1583,0,-
18:12:15.322,snap,default,com.tencent.mobileqq,discharging,1,37.7,43.4,100,95,1,8.97,1.66,0.02,0,3.938,0.22,0.86636,4851,1583,0,-
18:12:16.322,snap,default,com.tencent.mobileqq,discharging,1,37.7,43,100,95,1,8.98,1.54,0.02,0,3.93,0.32,1.2576,4539,1503,0,-
18:12:17.324,snap,default,com.tencent.mobileqq,discharging,1,37.7,43,100,95,1,8.98,1.54,0.02,0,3.939,0.234,0.921726,4539,1503,0,-
18:12:18.327,snap,default,com.tencent.mobileqq,discharging,1,37.7,43,100,95,1,8.62,1.81,0.01,0,3.939,0.232,0.9138479,8031,2449,0,-
18:12:19.329,snap,default,com.tencent.mobileqq,discharging,1,37.7,43.4,100,95,1,8.62,1.81,0.01,0,3.94,0.254,1.0007601,8031,2449,0,-
18:12:20.331,snap,default,com.tencent.mobileqq,discharging,1,37.7,43.4,100,95,1,9.41,1.84,0.01,0,3.94,0.256,1.00864,4551,1503,0,-
18:12:21.332,snap,default,com.tencent.mobileqq,discharging,1,37.7,43,100,95,1,9.41,1.84,0.01,0,3.94,0.252,0.99288005,4551,1503,0,-
18:12:22.333,snap,default,com.tencent.mobileqq,discharging,1,37.7,43,100,95,1,8.97,1.87,0.01,0,3.942,0.22,0.86723995,3712,1017,0,-
18:12:23.335,snap,default,com.tencent.mobileqq,discharging,1,37.7,43,100,95,1,8.97,1.87,0.01,0,3.941,0.228,0.898548,3712,1017,0,-
18:12:24.336,snap,default,com.tencent.mobileqq,discharging,1,37.7,43,100,95,1,8.98,1.53,0,0,3.941,0.222,0.874902,3712,1017,0,-
18:12:25.337,snap,default,com.tencent.mobileqq,discharging,1,37.7,43,100,95,1,8.98,1.53,0,0,3.937,0.216,0.85039204,5423,1727,0,-
18:12:26.337,snap,default,com.tencent.mobileqq,discharging,1,37.7,42.6,100,95,1,8.44,1.61,0,0,3.937,0.244,0.96062803,5423,1727,0,-
18:12:27.338,snap,default,com.tencent.mobileqq,discharging,1,37.7,42.6,100,95,1,8.44,1.61,0,0,3.936,0.274,1.078464,3665,925,0,-
18:12:28.340,snap,default,com.tencent.mobileqq,discharging,1,37.7,43.4,100,95,1,7.99,1.68,0,0,3.932,0.31,1.21892,3665,925,0,-
18:12:29.342,snap,default,com.tencent.mobileqq,discharging,1,37.7,43.4,100,95,1,7.99,1.68,0,0,3.944,0.198,0.780912,5977,1839,0,-
18:12:30.342,snap,default,com.tencent.mobileqq,discharging,1,37.6,43,100,95,1,8.9,1.38,0,0,3.933,0.218,0.857394,5977,1839,0,-
18:12:31.342,snap,default,com.tencent.mobileqq,discharging,1,37.6,43,100,95,1,8.9,1.38,0,0,3.933,0.266,1.046178,5667,2152,0,-
18:12:32.345,snap,default,com.tencent.mobileqq,discharging,1,37.6,43.4,100,95,1,10.55,1.31,0,0,3.923,0.548,2.1498039,5667,2152,0,-
18:12:33.357,snap,default,com.tencent.mobileqq,discharging,1,37.6,44.2,100,95,1,10.55,1.31,0,0,3.922,0.418,1.6393961,11754,5142,0,-
18:12:34.350,snap,default,com.tencent.mobileqq,discharging,1,37.6,44.2,100,95,1,12.98,1.25,0.18,15,3.885,0.968,3.76068,11754,5142,0,-
18:12:35.351,snap,default,com.tencent.mobileqq,discharging,1,37.6,44.2,100,95,1,12.98,1.25,0.18,40,3.79,2.668,10.11172,36280,16743,0,-
18:12:36.352,snap,default,com.tencent.mobileqq,discharging,1,37.6,44.2,100,95,1,26.75,1.39,3.41,25,3.776,2.794,10.550144,36280,16743,0,-
18:12:37.430,snap,default,com.tencent.mobileqq,discharging,1,37.6,44.2,100,95,1,30.6,1.68,4.6,22,3.876,1.452,5.627952,47133,14025,0,-
18:12:38.430,snap,default,com.tencent.mobileqq,discharging,1,37.6,44.2,100,95,1,30.6,1.68,4.6,10,3.799,2.102,7.985498,47133,14025,0,-
18:12:39.430,snap,default,com.android.launcher,discharging,1,37.6,44.2,100,95,1,35.75,2.28,5.58,14,3.821,2.03,7.75663,36167,15659,0,-
18:12:40.430,snap,default,com.android.launcher,discharging,1,37.6,46.5,100,95,1,35.75,2.28,5.58,2,3.889,1.036,4.029004,36167,15659,0,-
18:12:41.431,snap,default,com.android.launcher,discharging,1,37.6,49.5,100,95,1,31.26,2.05,4.57,0,3.917,0.518,2.029006,15647,5999,0,-
18:12:42.432,snap,default,com.android.launcher,discharging,1,37.6,52.1,100,95,1,31.26,2.05,4.57,0,3.917,0.518,2.029006,15647,5999,0,-
18:12:43.431,snap,default,com.android.launcher,discharging,1,37.6,50.1,100,95,1,31.26,2.05,4.57,0,3.914,0.596,2.3327441,8295,3120,0,-
18:12:44.432,snap,default,com.android.launcher,discharging,1,37.6,49.7,100,95,1,28.31,1.67,3.74,0,3.901,0.71,2.7697098,8295,3120,0,-
18:12:45.432,snap,default,com.android.launcher,discharging,1,37.6,48.5,100,95,1,28.31,1.67,3.74,0,3.912,0.608,2.378496,10949,4052,0,-
18:12:46.434,snap,default,com.android.launcher,discharging,1,37.6,48.1,100,95,1,26.08,1.55,3.24,0,3.895,0.716,2.78882,10949,4052,0,-
18:12:47.434,snap,default,com.android.launcher,discharging,1,37.6,47.3,100,95,1,26.08,1.55,3.24,0,3.921,0.52,2.03892,7416,2756,0,-
18:12:48.436,snap,default,com.android.launcher,discharging,1,37.6,46.9,100,95,1,22.99,1.27,2.65,0,3.919,0.414,1.622466,7416,2756,0,-
18:12:49.437,snap,default,com.android.launcher,discharging,1,37.6,46.9,100,95,1,22.99,1.27,2.65,0,3.918,0.436,1.7082479,8266,3113,0,-
18:12:50.438,snap,default,com.android.launcher,discharging,1,37.6,46.1,100,95,1,20.45,1.04,2.53,0,3.913,0.456,1.7843281,8266,3113,0,-
18:12:51.439,snap,default,com.android.launcher,discharging,1,37.6,46.5,100,95,1,20.45,1.04,2.53,0,3.925,0.342,1.34235,8266,3113,0,-
18:12:52.441,snap,default,com.android.launcher,discharging,1,37.6,46.1,100,95,1,18.56,0.85,2.07,0,3.918,0.4,1.5672001,6733,2247,0,-
18:12:53.442,snap,default,com.android.launcher,discharging,1,37.6,45.7,100,95,1,18.56,0.85,2.07,0,3.931,0.308,1.210748,6733,2247,0,-
18:12:54.442,snap,default,com.android.launcher,discharging,1,37.6,44.9,100,95,1,16.46,0.69,1.7,0,3.927,0.328,1.288056,4644,1590,0,-
18:12:55.442,snap,default,com.android.launcher,discharging,1,37.6,44.9,100,95,1,16.46,0.69,1.7,0,3.923,0.368,1.4436641,4644,1590,0,-
18:12:56.443,snap,default,com.android.launcher,discharging,1,37.5,44.9,100,95,1,15.47,0.57,1.39,0,3.912,0.472,1.846464,8052,2716,0,-
18:12:57.444,snap,default,com.android.launcher,discharging,1,37.5,45.7,100,95,1,15.47,0.57,1.39,0,3.916,0.434,1.699544,8052,2716,0,-
18:12:58.445,snap,default,com.android.launcher,discharging,1,37.5,44.9,100,95,1,14.84,0.46,1.14,0,3.923,0.382,1.498586,7370,2613,0,-
18:12:59.445,snap,default,com.android.launcher,discharging,1,37.5,44.9,100,95,1,14.84,0.46,1.14,0,3.927,0.326,1.280202,7370,2613,0,-
18:13:00.445,snap,default,com.android.launcher,discharging,1,37.5,44.9,100,95,1,13.96,0.38,0.93,0,3.918,0.394,1.543692,7333,2676,0,-
18:13:01.446,snap,default,com.android.launcher,discharging,1,37.5,44.9,100,95,1,13.96,0.38,0.93,0,3.924,0.348,1.365552,7333,2676,0,-
18:13:02.448,snap,default,com.android.launcher,discharging,1,37.5,44.9,100,95,1,12.88,0.31,0.76,0,3.923,0.398,1.561354,6086,2302,0,-
18:13:03.448,snap,default,com.android.launcher,discharging,1,37.5,44.9,100,95,1,12.88,0.31,0.76,0,3.925,0.338,1.32665,6086,2302,0,-
18:13:04.449,snap,default,com.android.launcher,discharging,1,37.5,44.2,100,95,1,12.18,0.25,0.62,0,3.929,0.356,1.398724,5265,1944,0,-
18:13:05.450,snap,default,com.android.launcher,discharging,1,37.5,44.9,100,95,1,12.18,0.25,0.62,0,3.926,0.38,1.49188,5265,1944,0,-
18:13:06.452,snap,default,com.android.launcher,discharging,1,37.5,44.2,100,95,1,11.78,0.2,0.51,0,3.924,0.41,1.60884,8237,2865,0,-
18:13:07.453,snap,default,com.android.launcher,discharging,1,37.5,44.9,100,95,1,11.46,0.17,0.41,0,3.916,0.396,1.550736,8237,2865,0,-
18:13:08.455,snap,default,com.android.launcher,discharging,1,37.5,44.2,100,95,1,11.46,0.17,0.41,0,3.925,0.398,1.56215,5966,2006,0,-
18:13:09.457,snap,default,com.android.launcher,discharging,1,37.5,44.2,100,95,1,10.65,0.14,0.34,0,3.927,0.35,1.37445,5966,2006,0,-
18:13:10.458,snap,default,com.android.launcher,discharging,1,37.5,43.8,100,95,1,10.65,0.14,0.34,0,3.927,0.35,1.37445,5719,2505,0,-
18:13:11.459,snap,default,com.android.launcher,discharging,1,37.5,43.8,100,95,1,10.65,0.14,0.34,0,3.934,0.286,1.1251241,5719,2505,0,-
18:13:12.460,snap,default,com.android.launcher,discharging,1,37.5,43.8,100,95,1,9.99,0.11,0.28,0,3.933,0.3,1.1799,4505,1285,0,-
18:13:13.461,snap,default,com.android.launcher,discharging,1,37.5,43.4,100,95,1,9.99,0.11,0.28,0,3.929,0.346,1.3594339,4505,1285,0,-
18:13:14.461,snap,default,com.android.launcher,discharging,1,37.5,43.4,100,95,1,9.81,0.09,0.22,0,3.932,0.274,1.0773679,4205,1461,0,-
18:13:15.462,snap,default,com.android.launcher,discharging,1,37.5,43.4,100,95,1,9.81,0.09,0.22,0,3.933,0.312,1.2270961,4205,1461,0,-
18:13:16.462,snap,default,com.android.launcher,discharging,1,37.5,43.4,100,95,1,9.66,0.07,0.18,0,3.929,0.318,1.249422,5731,2080,0,-
18:13:17.462,snap,default,com.android.launcher,discharging,1,37.5,43.4,100,95,1,9.66,0.07,0.18,0,3.93,0.268,1.0532401,5731,2080,0,-
18:13:18.464,snap,default,com.android.launcher,discharging,1,37.5,43.4,100,95,1,9.54,0.06,0.15,0,3.916,0.372,1.456752,5731,2080,0,-
18:13:19.465,snap,default,com.android.launcher,discharging,1,37.5,43.8,100,95,1,9.54,0.06,0.15,0,3.934,0.244,0.959896,6385,2565,0,-
18:13:20.466,snap,default,com.android.launcher,discharging,1,37.5,43.4,100,95,1,9.26,0.05,0.12,0,3.925,0.308,1.2089,6385,2565,0,-
18:13:21.467,snap,default,com.android.launcher,discharging,1,37.5,43.8,100,95,1,9.26,0.05,0.12,0,3.93,0.31,1.2183,3925,1159,0,-
18:13:22.469,snap,default,com.android.launcher,discharging,1,37.5,43,100,95,1,9.39,0.04,0.1,0,3.924,0.332,1.302768,3925,1159,0,-
18:13:23.469,snap,default,com.android.launcher,discharging,1,37.5,43,100,95,1,9.39,0.04,0.1,0,3.931,0.246,0.96702605,6699,2644,0,-
18:13:24.471,snap,default,com.android.launcher,discharging,1,37.5,43,100,95,1,8.96,0.03,0.08,0,3.927,0.338,1.327326,6699,2644,0,-
18:13:25.471,snap,default,com.android.launcher,discharging,1,37.5,43,100,95,1,8.96,0.03,0.08,0,3.93,0.306,1.20258,4433,1437,0,-
18:13:26.472,snap,default,com.android.launcher,discharging,1,37.5,42.6,100,95,1,8.78,0.02,0.06,0,3.925,0.34,1.3345,4433,1437,0,-
18:13:27.472,snap,default,com.android.launcher,discharging,1,37.5,42.6,100,95,1,8.78,0.02,0.06,0,3.935,0.228,0.89717996,4612,1458,0,-
18:13:28.475,snap,default,com.android.launcher,discharging,1,37.5,42.6,100,95,1,8.46,0.02,0.05,0,3.924,0.32,1.25568,4612,1458,0,-
18:13:29.476,snap,default,com.android.launcher,discharging,1,37.5,42.6,100,95,1,8.46,0.02,0.05,0,3.933,0.25,0.98325,3376,1165,0,-
18:13:30.480,snap,default,com.android.launcher,discharging,1,37.5,43,100,95,1,8.37,0.01,0.04,0,3.926,0.348,1.366248,3376,1165,0,-
18:13:31.480,snap,default,com.android.launcher,discharging,1,37.5,43,100,95,1,8.37,0.01,0.04,0,3.926,0.286,1.1228361,4680,1536,0,-
18:13:32.481,snap,default,com.android.launcher,discharging,1,37.5,43,100,95,1,8.67,0.01,0.03,0,3.925,0.332,1.3031,4680,1536,0,-
18:13:33.481,snap,default,com.android.launcher,discharging,1,37.5,43,100,95,1,8.67,0.01,0.03,0,3.926,0.312,1.224912,4730,1614,0,-
18:13:34.483,snap,default,com.android.launcher,discharging,1,37.5,43.8,100,95,1,8.91,0.01,0.03,0,3.925,0.348,1.3658999,4730,1614,0,-
18:13:35.484,snap,default,com.android.launcher,discharging,1,37.5,43.4,100,95,1,8.38,0,0.02,0,3.934,0.308,1.211672,4900,1608,0,-
18:13:36.487,snap,default,com.android.launcher,discharging,1,37.5,43.4,100,95,1,8.38,0,0.02,0,3.934,0.308,1.211672,4900,1608,0,-
18:13:37.487,snap,default,com.android.launcher,discharging,1,37.5,43.4,100,95,1,8.38,0,0.02,0,3.934,0.326,1.282484,4456,1805,0,-
18:13:38.487,snap,default,com.android.launcher,discharging,1,37.5,43,100,95,1,8.13,0,0.01,0,3.936,0.258,1.015488,4456,1805,0,-
18:13:39.487,snap,default,com.android.launcher,discharging,1,37.5,43.4,100,95,1,8.13,0,0.01,0,3.926,0.392,1.538992,4489,1726,0,-
18:13:40.489,snap,default,com.android.launcher,discharging,1,37.5,43.4,100,95,1,8.1,0,0.01,0,3.936,0.28,1.10208,4489,1726,0,-
18:13:41.488,snap,default,com.android.launcher,discharging,1,37.5,43.4,100,95,1,8.1,0,0.01,0,3.93,0.368,1.4462401,3885,1334,0,-
18:13:42.489,snap,default,com.android.launcher,discharging,1,37.5,43.8,100,95,1,7.72,0,0.01,0,3.904,0.548,2.139392,3885,1334,0,-
18:13:43.489,snap,default,com.android.launcher,discharging,1,37.5,44.2,100,95,1,7.72,0,0.01,0,3.932,0.318,1.250376,3444,1225,0,-
18:13:44.490,snap,default,com.android.launcher,discharging,1,37.5,43.8,100,95,1,7.59,0,0.01,0,3.924,0.392,1.538208,3444,1225,0,-
18:13:45.490,snap,default,com.android.launcher,discharging,1,37.5,44.2,100,95,1,7.59,0,0.01,0,3.929,0.386,1.5165939,3444,1225,0,-
18:13:46.491,snap,default,com.android.launcher,discharging,1,37.5,43.8,100,95,1,8.39,0,0,0,3.918,0.454,1.778772,7785,2817,0,-
18:13:47.491,snap,default,com.android.launcher,discharging,1,37.5,43.8,100,95,1,8.39,0,0,0,3.93,0.33,1.2969,7785,2817,0,-
18:13:48.491,snap,default,com.android.launcher,discharging,1,37.5,43.4,100,95,1,8.32,0,0,0,3.919,0.438,1.716522,5460,1775,0,-
18:13:49.491,snap,default,com.android.launcher,discharging,1,37.5,43.8,100,95,1,8.32,0,0,0,3.928,0.364,1.4297919,5460,1775,0,-
18:13:50.492,snap,default,com.android.launcher,discharging,1,37.5,43.4,100,95,1,7.35,0,0,0,3.92,0.352,1.37984,5023,1647,0,-
18:13:51.492,snap,default,com.android.launcher,discharging,1,37.5,43.4,100,95,1,7.35,0,0,0,3.927,0.36,1.4137201,5023,1647,0,-
18:13:52.492,snap,default,com.android.launcher,discharging,1,37.5,43.4,100,95,1,7.11,0,0,0,3.915,0.448,1.7539201,3463,1172,0,-
18:13:53.493,snap,default,com.android.launcher,discharging,1,37.5,43.8,100,95,1,7.11,0,0,0,3.922,0.426,1.670772,3463,1172,0,-
18:13:54.493,snap,default,com.android.launcher,discharging,1,37.5,44.9,100,95,1,7.63,0,0,0,3.901,0.678,2.644878,9254,3135,0,-
18:13:55.494,snap,default,com.android.launcher,discharging,1,37.5,44.9,100,95,1,7.63,0,0,0,3.916,0.488,1.911008,9254,3135,0,-
18:13:56.494,snap,default,com.android.launcher,discharging,1,37.5,44.9,100,95,1,6.97,0,0,0,3.924,0.42,1.64808,6489,2375,0,-
18:13:57.502,snap,default,com.android.launcher,discharging,1,37.5,45.7,100,95,1,6.97,0,0,0,3.92,0.446,1.7483201,6489,2375,0,-
18:13:58.503,snap,default,com.android.launcher,discharging,1,37.5,46.1,100,95,1,6.79,0,0,0,3.91,0.764,2.98724,13288,5238,0,-
18:13:59.504,snap,default,com.android.launcher,discharging,1,37.5,47.7,100,95,1,6.79,0,0,17,3.9,0.64,2.496,13288,5238,0,-
18:14:00.505,snap,default,com.android.launcher,discharging,1,37.5,46.1,100,95,1,6.83,0,0.18,17,3.9,0.822,3.2058003,14817,6580,0,-
18:14:01.505,snap,default,com.android.launcher,discharging,1,37.5,47.3,100,95,1,6.83,0,0.18,0,3.909,0.564,2.204676,14817,6580,0,-
18:14:02.505,snap,default,com.android.launcher,discharging,1,37.5,46.1,100,95,1,6.68,0,0.14,0,3.911,0.558,2.182338,9602,3341,0,-
18:14:03.506,snap,default,com.android.launcher,discharging,1,37.5,46.5,100,95,1,6.68,0,0.14,0,3.904,0.58,2.26432,9602,3341,0,-
18:14:04.506,snap,default,com.android.launcher,discharging,1,37.5,46.1,100,95,1,7.1,0,0.3,0,3.912,0.56,2.19072,10491,4570,0,-
18:14:05.507,snap,default,com.android.launcher,discharging,1,37.5,46.1,100,95,1,7.26,0,0.24,0,3.911,0.506,1.9789659,10491,4570,0,-
18:14:06.507,snap,default,com.android.launcher,discharging,1,37.5,46.1,100,95,1,7.26,0,0.24,0,3.911,0.506,1.9789659,15927,6550,0,-
18:14:07.508,snap,default,com.android.launcher,discharging,1,37.5,49.1,100,95,1,7.26,0,0.24,0,3.87,1.046,4.04802,15927,6550,0,-
18:14:08.509,snap,default,com.android.launcher,discharging,1,37.5,49.7,100,95,1,15.91,0.36,0.2,19,3.874,1.052,4.075448,24292,7508,0,-
18:14:09.510,snap,default,com.android.launcher,discharging,1,37.5,46.9,100,95,1,15.91,0.36,0.2,19,3.915,0.494,1.9340099,24292,7508,0,-
18:14:10.512,snap,default,com.android.launcher,discharging,1,37.5,46.1,100,95,1,15.92,0.29,0.16,0,3.926,0.362,1.421212,4648,1320,0,-
18:14:11.513,snap,default,com.android.launcher,discharging,1,37.5,44.9,100,95,1,15.92,0.29,0.16,0,3.931,0.31,1.21861,4648,1320,0,-
18:14:12.514,snap,default,com.android.launcher,discharging,1,37.5,44.9,100,95,1,14.13,0.24,0.13,0,3.93,0.288,1.13184,4648,1320,0,-
18:14:13.513,snap,default,com.android.launcher,discharging,1,37.5,44.9,100,95,1,14.13,0.24,0.13,14,3.925,0.464,1.8211999,8108,3592,0,-
18:14:14.516,snap,default,com.android.launcher,discharging,1,37.5,44.6,100,95,1,14.1,0.56,0.11,0,3.928,0.316,1.241248,8108,3592,0,-
18:14:15.516,snap,default,com.android.launcher,discharging,1,37.5,43.8,100,95,1,14.1,0.56,0.11,0,3.933,0.17,0.66861004,6716,3012,0,-
18:14:21.841,snap,default,com.android.launcher,discharging,1,37.5,43.8,100,95,1,13.18,1.18,0.09,0,3.93,0.248,0.97464,6716,3012,0,-
18:14:23.279,snap,default,com.android.launcher,discharging,1,37.5,43,100,95,1,13.18,1.18,0.09,0,3.943,0.168,0.662424,7950,3254,0,-
18:14:24.281,snap,default,com.android.launcher,discharging,1,37.5,42.6,100,95,1,13.51,1.33,0.07,0,3.928,0.322,1.2648159,7950,3254,0,-
18:14:25.283,snap,default,com.android.launcher,discharging,1,37.5,42.2,100,95,1,13.51,1.33,0.07,0,3.936,0.148,0.582528,9274,3627,0,-
18:14:26.284,snap,default,com.android.launcher,discharging,1,37.5,41.8,100,95,1,13.05,1.09,0.06,0,3.938,0.154,0.606452,9274,3627,0,-
18:14:27.285,snap,default,com.android.launcher,discharging,1,37.5,41.8,100,95,1,11.77,0.89,0.04,0,3.941,0.15,0.59115005,2139,434,0,-
18:14:28.285,snap,default,com.android.launcher,discharging,1,37.5,42.2,100,95,1,11.77,0.89,0.04,0,3.937,0.182,0.716534,2139,434,0,-
18:14:29.331,snap,default,com.android.launcher,discharging,1,37.5,42.2,100,95,1,11.45,0.73,0.03,0,3.924,0.242,0.949608,5553,1874,0,-
18:14:30.333,snap,default,com.android.launcher,discharging,1,37.5,42.2,100,95,1,11.45,0.73,0.03,0,3.937,0.176,0.692912,5553,1874,0,-
18:14:31.334,snap,default,com.android.launcher,discharging,1,37.5,42.2,100,95,1,10.64,0.59,0.03,0,3.944,0.102,0.402288,3566,813,0,-
18:14:32.335,snap,default,com.android.launcher,discharging,1,37.5,42.2,100,95,1,10.64,0.59,0.03,0,3.939,0.172,0.677508,3566,813,0,-
18:14:33.337,snap,default,com.android.launcher,discharging,1,37.5,41.8,100,95,1,10.16,0.48,0.02,0,3.937,0.182,0.716534,2521,626,0,-
18:14:34.338,snap,default,com.android.launcher,discharging,1,37.5,41.8,100,95,1,10.16,0.48,0.02,0,3.933,0.198,0.778734,2521,626,0,-
18:14:35.340,snap,default,com.android.launcher,discharging,1,37.5,41.8,100,95,1,10.31,0.76,0.02,0,3.933,0.198,0.778734,4732,1541,0,-
18:14:36.340,snap,default,com.android.launcher,discharging,1,37.5,42.2,100,95,1,10.31,0.76,0.02,0,3.939,0.194,0.764166,4732,1541,0,-
18:14:37.340,snap,default,com.android.launcher,discharging,1,37.5,42.2,100,95,1,10.31,0.76,0.02,0,3.934,0.214,0.84187603,3292,1112,0,-
18:14:38.340,snap,default,com.android.launcher,discharging,1,37.5,42.2,100,95,1,10.07,1.16,0.01,0,3.939,0.176,0.69326395,3292,1112,0,-
18:14:43.553,snap,default,com.android.launcher,discharging,1,37.5,42.2,100,95,1,9.52,0.95,0.01,0,3.925,0.332,1.3031,6738,1922,0,-
18:14:44.555,snap,default,com.android.launcher,discharging,1,37.5,42.2,100,95,1,9.52,0.95,0.01,0,3.948,0.04,0.15791999,6738,1922,0,-
18:14:45.557,snap,default,com.android.launcher,discharging,1,37.5,41.8,100,95,1,9.52,0.95,0.01,0,3.937,0.284,1.118108,6558,2235,0,-
18:14:46.558,snap,default,com.android.launcher,discharging,1,37.5,41.8,100,95,1,9.78,0.78,0.01,0,3.941,0.14,0.55174,6558,2235,0,-
18:14:47.561,snap,default,com.android.launcher,discharging,1,37.4,41.8,100,95,1,9.78,0.78,0.01,0,3.942,0.142,0.559764,2543,712,0,-
18:14:48.562,snap,default,com.android.launcher,discharging,1,37.4,41.4,100,95,1,9.46,0.64,0,0,3.942,0.118,0.465156,2543,712,0,-
18:14:50.932,snap,default,com.android.launcher,discharging,1,37.4,41.8,100,95,1,9.74,0.52,0,0,3.943,0.136,0.536248,7521,3158,0,-
18:14:54.753,snap,default,com.android.launcher,discharging,1,37.4,41.4,100,95,1,9.74,0.52,0,0,3.944,0.172,0.67836803,7521,3158,0,-
18:14:55.755,snap,default,com.android.launcher,discharging,1,37.4,41,100,95,1,9.74,0.52,0,0,3.933,0.18,0.70794004,8852,3270,0,-
18:14:56.756,snap,default,com.android.launcher,discharging,1,37.4,41,100,95,1,10.33,0.79,0,0,3.935,0.222,0.87357,8852,3270,0,-
18:14:57.757,snap,default,com.android.launcher,discharging,1,37.4,41,100,95,1,10.33,0.79,0,0,3.935,0.192,0.75552,2908,666,0,-
18:14:58.759,snap,default,com.android.launcher,discharging,1,37.4,41.4,100,95,1,9.91,1.55,0,0,3.937,0.188,0.740156,2908,666,0,-
18:14:59.759,snap,default,com.android.launcher,discharging,1,37.4,41.4,100,95,1,9.91,1.55,0,0,3.937,0.196,0.771652,6000,2568,0,-
18:15:00.760,snap,default,com.android.launcher,discharging,1,37.4,41.8,100,95,1,9.74,1.99,0,0,3.931,0.232,0.91199195,6000,2568,0,-
18:15:03.121,snap,default,com.android.launcher,discharging,1,37.3,41.8,100,95,1,11.42,1.99,0.54,0,3.931,0.258,1.014198,6000,2568,0,-
18:15:04.123,snap,default,com.android.launcher,discharging,1,37.3,41.8,100,95,1,11.42,1.99,0.54,0,3.94,0.136,0.53584003,6869,2747,0,-
18:15:05.125,snap,default,com.android.launcher,discharging,1,37.3,41.8,100,95,1,11.52,1.99,0.44,0,3.926,0.446,1.7509961,6869,2747,0,-
18:15:06.127,snap,default,com.android.launcher,discharging,1,37.3,41.8,100,95,1,11.52,1.99,0.44,0,3.927,0.368,1.4451361,4081,1590,0,-
18:15:10.763,snap,default,com.android.launcher,discharging,1,37.3,41.8,100,95,1,10.7,2.36,0.54,0,3.934,0.224,0.88121605,4081,1590,0,-
18:15:14.529,snap,default,com.android.launcher,discharging,1,37.3,41.8,100,95,1,10.7,2.36,0.54,0,3.934,0.232,0.91268796,10165,4243,0,-
18:15:15.530,snap,default,com.android.launcher,discharging,1,37.3,41.8,100,95,1,11.48,2.29,0.44,0,3.925,0.416,1.6328,10165,4243,0,-
18:15:16.530,snap,default,com.android.launcher,discharging,1,37.3,41.8,100,95,1,11.48,2.29,0.44,0,3.925,0.302,1.18535,3988,941,0,-
18:15:17.531,snap,default,com.android.launcher,discharging,1,37.3,41.8,100,95,1,10.67,1.87,0.36,0,3.936,0.278,1.094208,3988,941,0,-
18:15:18.533,snap,default,com.android.launcher,discharging,1,37.3,41.8,100,95,1,10.67,1.87,0.36,0,3.939,0.176,0.69326395,4552,1666,0,-
18:15:19.533,snap,default,com.android.launcher,discharging,1,37.3,41.8,100,95,1,10.91,1.53,0.29,0,3.932,0.206,0.80999196,4552,1666,0,-
18:15:20.535,snap,default,com.android.launcher,discharging,1,37.1,41.8,100,95,1,10.91,1.53,0.29,0,3.931,0.22,0.86482,6012,2842,0,-
18:15:22.982,snap,default,com.android.launcher,discharging,1,37.1,41.8,100,95,1,11.11,1.26,0.24,0,3.931,0.22,0.86482,6012,2842,0,-
18:15:23.982,snap,default,com.android.launcher,discharging,1,37.1,41.4,100,95,1,11.11,1.26,0.24,0,3.947,0.04,0.15788,5033,1920,0,-
18:15:24.984,snap,default,com.android.launcher,discharging,1,37.1,41,100,95,1,11.45,1.03,0.2,0,3.939,0.236,0.929604,5033,1920,0,-
18:15:25.984,snap,default,com.android.launcher,discharging,1,37.1,41,100,95,1,11.45,1.03,0.2,0,3.945,0.092,0.36293998,1947,501,0,-
18:15:26.984,snap,default,com.android.launcher,discharging,1,37.1,41,100,95,1,10.64,0.84,0.16,0,3.938,0.152,0.59857595,1947,501,0,-
18:15:27.985,snap,default,com.android.launcher,discharging,1,37.1,40.6,100,95,1,10.64,0.84,0.16,0,3.942,0.132,0.52034396,1879,359,0,-
18:15:31.043,snap,default,com.android.launcher,discharging,1,37.1,40.6,100,95,1,10.34,0.69,0.13,0,3.946,0.03,0.11838,1879,359,0,-
18:15:33.402,snap,default,com.android.launcher,discharging,1,37.1,40.6,100,95,1,10.34,0.69,0.13,0,3.949,0.056,0.221144,9404,3881,0,-
18:15:34.401,snap,default,com.android.launcher,discharging,1,37.1,41,100,95,1,11.55,0.74,0.1,0,3.936,0.226,0.889536,9404,3881,0,-
18:15:35.403,snap,default,com.android.launcher,discharging,1,37,41.8,100,95,1,11.55,0.74,0.1,0,3.907,0.388,1.5159161,5501,1667,0,-
18:15:36.404,snap,default,com.android.launcher,discharging,1,37,41.8,100,95,1,10.72,0.61,0.08,0,3.939,0.202,0.795678,5501,1667,0,-
18:15:37.831,snap,default,com.android.launcher,discharging,1,37,41.8,100,95,1,10.72,0.61,0.08,0,3.939,0.202,0.795678,5501,1667,0,-
18:15:38.866,snap,default,com.android.launcher,discharging,1,37,41.4,100,95,1,10.41,0.5,0.07,0,3.947,0.178,0.702566,4645,1851,0,-
18:15:39.868,snap,default,com.android.launcher,discharging,1,37,41,100,95,1,10.41,0.5,0.07,0,3.942,0.166,0.654372,3910,1095,0,-
18:15:40.870,snap,default,com.android.launcher,discharging,1,37,40.6,100,95,1,10.88,0.41,0.05,0,3.939,0.208,0.819312,3910,1095,0,-
18:15:41.870,snap,default,com.android.launcher,discharging,1,37,40.6,100,95,1,10.88,0.41,0.05,0,3.945,0.094,0.37082997,3910,1095,0,-
18:15:42.870,snap,default,com.android.launcher,discharging,1,37,40.6,100,95,1,10.72,0.33,0.04,0,3.941,0.174,0.685734,1889,346,0,-
18:15:48.562,snap,default,com.android.launcher,discharging,1,37,40.6,100,95,1,10.72,0.33,0.04,0,3.945,0.106,0.41816998,1889,346,0,-
18:15:49.564,snap,default,com.android.launcher,discharging,1,37,40.2,100,95,1,11.13,0.27,0.03,0,3.938,0.118,0.464684,8261,3847,0,-
18:15:50.565,snap,default,com.android.launcher,discharging,1,36.9,40.2,100,95,1,11.13,0.27,0.03,0,3.937,0.198,0.779526,8261,3847,0,-
18:15:51.566,snap,default,com.android.launcher,discharging,1,36.9,39.8,100,95,1,11.29,0.22,0.03,0,3.942,0.122,0.48092398,2409,706,0,-
18:15:52.568,snap,default,com.android.launcher,discharging,1,36.9,39.8,100,95,1,11.29,0.22,0.03,0,3.935,0.172,0.67682004,2409,706,0,-
18:15:53.946,snap,default,com.android.launcher,discharging,1,36.9,40.2,100,95,1,10.87,0.18,0.02,0,3.933,0.194,0.76300204,2374,663,0,-
18:15:54.947,snap,default,com.android.launcher,discharging,1,36.9,40.6,100,95,1,10.87,0.18,0.02,0,3.936,0.182,0.716352,7415,2986,0,-
18:15:55.949,snap,default,com.android.launcher,discharging,1,36.9,40.6,100,95,1,11.44,0.14,0.02,0,3.942,0.204,0.804168,7415,2986,0,-
18:15:56.951,snap,default,com.android.launcher,discharging,1,36.9,40.6,100,95,1,11.44,0.14,0.02,0,3.939,0.152,0.59872794,7415,2986,0,-
18:15:57.951,snap,default,com.android.launcher,discharging,1,36.9,40.6,100,95,1,10.81,0.12,0.01,0,3.929,0.23,0.90367,2624,757,0,-
18:16:00.945,snap,default,com.android.launcher,discharging,1,36.9,40.6,100,95,1,10.67,0.1,0.01,0,3.936,0.232,0.913152,2624,757,0,-
18:16:03.282,snap,default,com.android.launcher,discharging,1,36.9,41,100,95,1,10.67,0.1,0.01,0,3.949,0.034,0.134266,6510,2290,0,-
18:16:04.284,snap,default,com.android.launcher,discharging,1,36.9,40.2,100,95,1,11.63,0.08,0.01,0,3.947,0.134,0.528898,6510,2290,0,-
18:16:05.286,snap,default,com.android.launcher,discharging,1,36.8,40.2,100,95,1,11.63,0.08,0.01,0,3.935,0.214,0.84209,8942,3378,0,-
18:16:06.288,snap,default,com.android.launcher,discharging,1,36.8,40.2,100,95,1,10.43,0.06,0,0,3.939,0.166,0.653874,8942,3378,0,-
18:16:07.287,snap,default,com.android.launcher,discharging,1,36.8,40.2,100,95,1,10.43,0.06,0,0,3.93,0.214,0.84102005,3170,708,0,-
18:16:08.289,snap,default,com.android.launcher,discharging,1,36.8,41.4,100,95,1,10.53,0.05,0,0,3.929,0.242,0.95081794,3170,708,0,-
18:16:09.289,snap,default,com.android.launcher,discharging,1,36.8,41.4,100,95,1,10.53,0.05,0,0,3.932,0.194,0.762808,7387,2509,0,-
18:16:10.291,snap,default,com.android.launcher,discharging,1,36.8,41,100,95,1,10.25,0.04,0,0,3.941,0.13,0.51233,7387,2509,0,-
18:16:11.314,snap,default,com.android.launcher,discharging,1,36.8,40.2,100,95,1,10.25,0.04,0,0,3.942,0.138,0.543996,1752,283,0,-
18:16:12.316,snap,default,com.android.launcher,discharging,1,36.8,40.2,100,95,1,9.84,0.03,0,0,3.94,0.192,0.75648004,1752,283,0,-
18:16:13.317,snap,default,com.android.launcher,discharging,1,36.8,40.2,100,95,1,9.84,0.03,0,22,3.901,0.674,2.6292741,16447,9008,0,-
18:16:14.324,snap,default,com.android.launcher,discharging,1,36.8,40.2,100,95,1,19.83,0.21,0.36,35,3.824,2.174,8.313375,16447,9008,0,-
18:16:15.317,snap,default,com.android.launcher,discharging,1,36.8,40.2,100,95,1,19.83,0.21,0.36,0,3.827,1.478,5.656306,42142,19302,0,-
18:16:16.321,snap,default,com.android.launcher,discharging,1,36.8,43.2,100,95,1,22.04,0.17,1.74,45,3.882,1.182,4.5885243,42142,19302,0,-
18:16:17.321,snap,default,com.android.launcher,discharging,1,36.8,43.2,100,95,1,22.04,0.17,1.74,23,3.871,0.824,3.189704,23358,9897,0,-
18:16:18.321,snap,default,com.android.launcher,discharging,1,36.8,43.2,100,95,1,25.83,0.32,1.61,31,3.782,2.018,7.632076,23358,9897,0,-
18:16:19.495,snap,default,com.android.launcher,discharging,1,36.8,43.2,100,95,1,25.83,0.32,1.61,26,3.875,1.108,4.2935,36892,20199,0,-
18:16:20.337,snap,default,com.android.launcher,discharging,1,36.8,43.2,100,95,1,26.05,0.26,1.32,37,3.81,1.712,6.52272,36892,20199,0,-
18:16:21.337,snap,default,com.tencent.mobileqq,discharging,1,36.8,43.2,100,95,1,26.05,0.26,1.32,9,3.791,2.06,7.8094597,38271,16181,0,-
18:16:22.338,snap,default,com.tencent.mobileqq,discharging,1,36.8,43.2,100,95,1,33.46,0.57,1.26,12,3.8,2.48,9.424,38271,16181,0,-
18:16:23.338,snap,default,com.tencent.mobileqq,discharging,1,36.8,46.2,100,95,1,33.46,0.57,1.26,7,3.87,1.054,4.07898,27771,10128,0,-
18:16:24.338,snap,default,com.tencent.mobileqq,discharging,1,36.8,49.2,100,95,1,34.1,0.65,1.03,10,3.867,0.928,3.588576,27771,10128,0,-
18:16:25.338,snap,default,com.tencent.mobileqq,discharging,1,36.8,52.2,100,95,1,34.1,0.65,1.03,5,3.886,0.936,3.637296,18297,7698,0,-
18:16:26.343,snap,default,com.tencent.mobileqq,discharging,1,36.8,54.4,100,95,1,32.63,0.89,1.02,6,3.89,0.79,3.0731,18297,7698,0,-
18:16:27.343,snap,default,com.tencent.mobileqq,discharging,1,36.8,56,100,95,1,32.63,0.89,1.02,20,3.845,1.472,5.65984,28620,14518,0,-
18:16:28.343,snap,default,com.tencent.mobileqq,discharging,1,36.8,59,100,95,1,33.97,0.91,1.2,25,3.821,1.762,6.732602,28620,14518,0,-
18:16:29.343,snap,default,com.tencent.mobileqq,discharging,1,36.8,62,100,95,1,33.97,0.91,1.2,33,3.796,2.026,7.6906962,38743,21533,0,-
18:16:30.344,snap,default,me.weishu.kernelsu,discharging,1,36.8,63.1,100,95,1,34.52,1.29,1.16,33,3.864,1.2,4.6368003,38743,21533,0,-
18:16:31.349,snap,default,me.weishu.kernelsu,discharging,1,36.8,63.1,100,95,1,32.79,2.32,2.22,32,3.818,1.772,6.765496,31884,11577,0,-
18:16:32.349,snap,default,me.weishu.kernelsu,discharging,1,36.8,66.1,100,95,1,32.79,2.32,2.22,27,3.818,1.772,6.765496,31884,11577,0,-
18:16:33.350,snap,default,me.weishu.kernelsu,discharging,1,36.8,67.4,100,95,1,32.79,2.32,2.22,27,3.819,1.72,6.5686803,31884,11577,0,-
18:16:34.350,snap,default,me.weishu.kernelsu,discharging,1,36.8,64.4,100,95,1,33.37,3.53,3.81,18,3.848,1.522,5.856656,38091,16738,0,-
18:16:35.351,snap,default,me.weishu.kernelsu,discharging,1,36.8,61.4,100,95,1,33.37,3.53,3.81,8,3.813,1.49,5.68137,38091,16738,0,-
18:16:36.350,snap,default,me.weishu.kernelsu,discharging,1,36.8,59.9,100,95,1,31.13,3.25,3.84,16,3.877,0.892,3.4582841,25979,14288,0,-
18:16:37.350,snap,default,me.weishu.kernelsu,discharging,1,36.8,59.6,100,95,1,31.13,3.25,3.84,16,3.86,1.086,4.19196,25979,14288,0,-
18:16:38.350,snap,default,me.weishu.kernelsu,discharging,1,36.8,56.6,100,95,1,29.47,2.66,3.15,16,3.873,0.948,3.671604,29526,17652,0,-
18:16:39.351,snap,default,me.weishu.kernelsu,discharging,1,36.8,55.6,100,95,1,29.47,2.66,3.15,16,3.876,0.828,3.209328,29526,17652,0,-
18:16:40.351,snap,default,me.weishu.kernelsu,discharging,1,36.8,54.8,100,95,1,27.21,2.18,2.58,15,3.886,0.878,3.411908,22787,14121,0,-
18:16:41.351,snap,default,me.weishu.kernelsu,discharging,1,36.8,53.6,100,95,1,27.21,2.18,2.58,16,3.875,0.98,3.7975001,22787,14121,0,-
18:16:42.351,snap,default,me.weishu.kernelsu,discharging,1,36.8,52.8,100,95,1,27.17,1.78,2.11,10,3.892,0.762,2.965704,18880,9861,0,-
18:16:43.351,snap,default,me.weishu.kernelsu,discharging,1,36.8,51.7,100,95,1,27.17,1.78,2.11,8,3.898,0.616,2.4011679,18880,9861,0,-
18:16:44.352,snap,default,me.weishu.kernelsu,discharging,1,36.8,50.9,100,95,1,24.79,1.46,1.72,8,3.9,0.588,2.2932,14875,8010,0,-
18:16:45.352,snap,default,me.weishu.kernelsu,discharging,1,36.8,49.7,100,95,1,24.79,1.46,1.72,8,3.902,0.514,2.0056279,14875,8010,0,-
18:16:46.352,snap,default,me.weishu.kernelsu,discharging,1,36.8,49.7,100,95,1,22.83,1.19,1.41,8,3.902,0.546,2.130492,12601,7425,0,-
18:16:47.353,snap,default,me.weishu.kernelsu,discharging,1,36.9,50.1,100,95,1,22.83,1.19,1.41,8,3.9,0.628,2.4492002,12601,7425,0,-
18:16:48.353,snap,default,me.weishu.kernelsu,discharging,1,36.9,50.5,100,95,1,21.95,0.98,1.15,8,3.884,0.716,2.780944,20500,12011,0,-
18:16:49.353,snap,default,me.weishu.kernelsu,discharging,1,36.9,51.3,100,95,1,21.95,0.98,1.15,20,3.885,0.892,3.46542,20500,12011,0,-
18:16:50.353,snap,default,me.weishu.kernelsu,discharging,1,36.9,53.6,100,95,1,22.14,0.8,0.94,20,3.863,1.138,4.396094,27590,17703,0,-
18:16:51.353,snap,default,me.weishu.kernelsu,discharging,1,36.9,55.2,100,95,1,22.14,0.8,0.94,21,3.872,0.984,3.810048,27590,17703,0,-
18:16:52.353,snap,default,me.weishu.kernelsu,discharging,1,36.9,53.6,100,95,1,21.75,0.83,0.95,18,3.878,1.046,4.056388,27813,16616,0,-
18:16:53.354,snap,default,me.weishu.kernelsu,discharging,1,36.9,53.6,100,95,1,21.75,0.83,0.95,18,3.887,0.896,3.482752,27813,16616,0,-
18:16:54.354,snap,default,me.weishu.kernelsu,discharging,1,36.9,51.3,100,95,1,21.07,0.68,0.78,15,3.906,0.552,2.156112,19666,11508,0,-
18:16:55.354,snap,default,me.weishu.kernelsu,discharging,1,36.9,50.5,100,95,1,21.07,0.68,0.78,8,3.895,0.58,2.2591,19666,11508,0,-
18:16:56.354,snap,default,me.weishu.kernelsu,discharging,1,36.9,49.3,100,95,1,19.97,0.56,0.64,8,3.898,0.624,2.432352,13755,7694,0,-
18:16:57.354,snap,default,me.weishu.kernelsu,discharging,1,36.9,48.9,100,95,1,19.97,0.56,0.64,8,3.905,0.508,1.9837401,13755,7694,0,-
18:16:58.354,snap,default,me.weishu.kernelsu,discharging,1,37,48.9,100,95,1,18.89,0.46,0.52,8,3.901,0.612,2.387412,13755,7694,0,-
18:16:59.355,snap,default,me.weishu.kernelsu,discharging,1,37,48.9,100,95,1,18.89,0.46,0.52,8,3.909,0.456,1.782504,14918,8154,0,-
18:17:00.355,snap,default,me.weishu.kernelsu,discharging,1,37,48.9,100,95,1,18.18,0.37,0.43,10,3.906,0.548,2.140488,14918,8154,0,-
18:17:01.355,snap,default,me.weishu.kernelsu,discharging,1,37,48.1,100,95,1,18.18,0.37,0.43,10,3.906,0.496,1.9373759,14083,9326,0,-
18:17:02.355,snap,default,me.weishu.kernelsu,discharging,1,37,48.1,100,95,1,17.79,0.3,0.35,10,3.906,0.496,1.9373759,14083,9326,0,-
18:17:03.356,snap,default,me.weishu.kernelsu,discharging,1,37,48.1,100,95,1,17.79,0.3,0.35,10,3.901,0.534,2.083134,14875,9642,0,-
18:17:04.356,snap,default,me.weishu.kernelsu,discharging,1,37,47.7,100,95,1,17.46,0.25,0.28,10,3.904,0.508,1.9832321,14875,9642,0,-
18:17:05.356,snap,default,me.weishu.kernelsu,discharging,1,37,48.1,100,95,1,17.46,0.25,0.28,8,3.907,0.482,1.8831741,12357,7756,0,-
18:17:06.356,snap,default,me.weishu.kernelsu,discharging,1,37,48.1,100,95,1,17.01,0.2,0.23,8,3.893,0.586,2.281298,12357,7756,0,-
18:17:07.356,snap,default,me.weishu.kernelsu,discharging,1,37,49.7,100,95,1,17.01,0.2,0.23,11,3.893,0.59,2.2968698,18123,11252,0,-
18:17:08.357,snap,default,me.weishu.kernelsu,discharging,1,37,50.5,100,95,1,17.19,0.16,0.19,16,3.885,0.74,2.8749,18123,11252,0,-
18:17:09.357,snap,default,me.weishu.kernelsu,discharging,1,37.1,51.3,100,95,1,17.19,0.16,0.19,16,3.88,0.796,3.08848,25556,18716,0,-
18:17:10.357,snap,default,me.weishu.kernelsu,discharging,1,37.1,50.9,100,95,1,17.7,0.13,0.15,19,3.874,0.934,3.6183162,25556,18716,0,-
18:17:11.357,snap,default,me.weishu.kernelsu,discharging,1,37.1,50.9,100,95,1,17.7,0.13,0.15,18,3.889,0.714,2.7767458,25668,17335,0,-
18:17:12.358,snap,default,me.weishu.kernelsu,discharging,1,37.1,50.9,100,95,1,17.93,0.11,0.12,16,3.888,0.698,2.713824,25668,17335,0,-
18:17:13.359,snap,default,me.weishu.kernelsu,discharging,1,37.1,50.9,100,95,1,17.93,0.11,0.12,19,3.893,0.758,2.9508939,21094,14771,0,-
18:17:14.358,snap,default,me.weishu.kernelsu,discharging,1,37.1,53.6,100,95,1,17.95,0.09,0.28,25,3.874,0.94,3.64156,21094,14771,0,-
18:17:15.358,snap,default,me.weishu.kernelsu,discharging,1,37.1,53.6,100,95,1,17.95,0.09,0.28,25,3.877,0.89,3.45053,25124,17499,0,-
18:17:16.358,snap,default,me.weishu.kernelsu,discharging,1,37.1,53.6,100,95,1,17.77,0.07,0.23,25,3.863,0.988,3.8166437,25124,17499,0,-
18:17:17.358,snap,default,me.weishu.kernelsu,discharging,1,37.1,54.4,100,95,1,17.77,0.07,0.23,23,3.882,0.882,3.423924,24253,17708,0,-
18:17:18.359,snap,default,me.weishu.kernelsu,discharging,1,37.1,53.2,100,95,1,17.63,0.06,0.19,24,3.883,0.898,3.486934,24253,17708,0,-
18:17:19.360,snap,default,me.weishu.kernelsu,discharging,1,37.2,54.4,100,95,1,17.63,0.06,0.19,25,3.886,0.818,3.178748,23878,15196,0,-
18:17:20.359,snap,default,me.weishu.kernelsu,discharging,1,37.2,54.8,100,95,1,17.7,0.05,0.15,24,3.881,0.858,3.3298979,23878,15196,0,-
18:17:21.360,snap,default,me.weishu.kernelsu,discharging,1,37.2,55.2,100,95,1,17.7,0.05,0.15,25,3.884,0.836,3.247024,23323,16127,0,-
18:17:22.360,snap,default,me.weishu.kernelsu,discharging,1,37.2,54.8,100,95,1,17.75,0.04,0.12,25,3.864,1.054,4.072656,23323,16127,0,-
18:17:23.360,snap,default,me.weishu.kernelsu,discharging,1,37.2,55.2,100,95,1,17.75,0.04,0.12,25,3.87,0.904,3.4984798,25546,17607,0,-
18:17:24.361,snap,default,me.weishu.kernelsu,discharging,1,37.2,54.4,100,95,1,17.8,0.03,0.1,26,3.865,1.084,4.18966,25546,17607,0,-
18:17:25.362,snap,default,me.weishu.kernelsu,discharging,1,37.2,55.6,100,95,1,17.8,0.03,0.1,25,3.878,0.84,3.25752,25546,17607,0,-
18:17:26.361,snap,default,me.weishu.kernelsu,discharging,1,37.2,54.4,100,95,1,17.83,0.02,0.08,24,3.874,0.924,3.5795763,23939,14778,0,-
18:17:27.361,snap,default,me.weishu.kernelsu,discharging,1,37.2,55.6,100,95,1,17.83,0.02,0.08,24,3.881,0.768,2.980608,23939,14778,0,-
18:17:28.363,snap,default,me.weishu.kernelsu,discharging,1,37.2,52.6,100,95,1,17.68,0.02,0.06,24,3.884,0.798,3.099432,20383,13593,0,-
18:17:29.363,snap,default,me.weishu.kernelsu,discharging,1,37.2,51.7,100,95,1,17.68,0.02,0.06,17,3.895,0.656,2.55512,20383,13593,0,-
18:17:30.364,snap,default,me.weishu.kernelsu,discharging,1,37.2,51.7,100,95,1,17.38,0.01,0.05,13,3.897,0.56,2.18232,15605,8984,0,-
18:17:31.364,snap,default,me.weishu.kernelsu,discharging,1,37.2,50.5,100,95,1,17.38,0.01,0.05,13,3.898,0.576,2.2452478,15605,8984,0,-
18:17:32.364,snap,default,me.weishu.kernelsu,discharging,1,37.2,48.9,100,95,1,17.12,0.01,0.04,13,3.898,0.576,2.2452478,13207,7535,0,-
18:17:33.366,snap,default,me.weishu.kernelsu,discharging,1,37.2,50.5,100,95,1,17.12,0.01,0.04,13,3.9,0.58,2.262,13207,7535,0,-
18:17:34.366,snap,default,me.weishu.kernelsu,discharging,1,37.2,52.1,100,95,1,17.12,0.01,0.04,18,3.884,0.682,2.6488879,17595,11788,0,-
18:17:35.366,snap,default,me.weishu.kernelsu,discharging,1,37.2,53.6,100,95,1,16.74,0.01,0.03,26,3.871,0.932,3.6077719,17595,11788,0,-
18:17:36.366,snap,default,me.weishu.kernelsu,discharging,1,37.2,54.8,100,95,1,16.79,0,0.03,26,3.861,1.074,4.146714,26987,18143,0,-
18:17:37.366,snap,default,me.weishu.kernelsu,discharging,1,37.2,54.8,100,95,1,16.79,0,0.03,25,3.872,0.982,3.802304,26987,18143,0,-
18:17:38.366,snap,default,me.weishu.kernelsu,discharging,1,37.2,55.6,100,95,1,16.82,0,0.02,26,3.862,1.07,4.13234,25835,18415,0,-
18:17:39.367,snap,default,me.weishu.kernelsu,discharging,1,37.2,55.6,100,95,1,16.82,0,0.02,26,3.859,1.12,4.32208,25835,18415,0,-
18:17:40.367,snap,default,me.weishu.kernelsu,discharging,1,37.2,55.6,100,95,1,16.85,0,0.02,25,3.867,0.948,3.6659162,25578,17789,0,-
18:17:41.367,snap,default,me.weishu.kernelsu,discharging,1,37.3,55.6,100,95,1,16.85,0,0.02,27,3.872,0.932,3.6087039,25578,17789,0,-
18:17:42.367,snap,default,me.weishu.kernelsu,discharging,1,37.3,55.6,100,95,1,16.7,0,0.01,25,3.851,1.11,4.27461,24714,16086,0,-
18:17:43.370,snap,default,me.weishu.kernelsu,discharging,1,37.3,55.2,100,95,1,16.7,0,0.01,24,3.873,0.918,3.555414,24714,16086,0,-
18:17:44.370,snap,default,me.weishu.kernelsu,discharging,1,37.3,54.8,100,95,1,16.75,0,0.01,19,3.876,0.786,3.046536,23113,15991,0,-
18:17:45.370,snap,default,me.weishu.kernelsu,discharging,1,37.3,54.8,100,95,1,16.75,0,0.01,25,3.874,0.896,3.4711041,23113,15991,0,-
18:17:46.370,snap,default,me.weishu.kernelsu,discharging,1,37.3,54.8,100,95,1,16.98,0,0.01,37,3.869,0.868,3.3582919,27752,14689,0,-
18:17:47.370,snap,default,me.weishu.kernelsu,discharging,1,37.3,57.8,100,95,1,16.98,0,0.01,24,3.779,1.81,6.8399897,27752,14689,0,-
18:17:48.370,snap,default,me.weishu.kernelsu,discharging,1,37.3,60.8,100,95,1,22.78,0.36,0.19,32,3.808,1.892,7.204736,36770,18672,0,-
18:17:49.370,snap,default,bin.mt.plus.canary,discharging,1,37.3,63.1,100,95,1,22.78,0.36,0.19,32,3.891,1.238,4.817058,36770,18672,0,-
18:17:50.371,snap,default,bin.mt.plus.canary,discharging,1,37.3,60.1,100,95,1,22.45,0.47,0.15,12,3.876,0.618,2.3953679,36770,18672,0,-
18:17:51.371,snap,default,bin.mt.plus.canary,discharging,1,37.3,57.1,100,95,1,22.45,0.47,0.15,9,3.882,0.578,2.243796,11612,5374,0,-
18:17:52.371,snap,default,bin.mt.plus.canary,discharging,1,37.3,54.8,100,95,1,20.92,0.57,0.12,0,3.879,0.75,2.90925,11612,5374,0,-
18:17:53.374,snap,default,bin.mt.plus.canary,discharging,1,37.3,57.8,100,95,1,20.92,0.57,0.12,5,3.871,1.336,5.171656,23729,9581,0,-
18:17:54.378,snap,default,bin.mt.plus.canary,discharging,1,37.3,57.8,100,95,1,24.92,0.83,0.82,5,3.81,1.708,6.5074797,23729,9581,0,-
18:17:55.378,snap,default,bin.mt.plus.canary,discharging,1,37.3,57.8,100,95,1,24.92,0.83,0.82,8,3.763,2.862,10.769706,43915,11156,0,-
18:17:56.378,snap,default,bin.mt.plus.canary,discharging,1,37.3,57.8,100,95,1,30.91,1.95,2.85,0,3.769,2.588,9.754172,43915,11156,0,-
18:17:57.378,snap,default,bin.mt.plus.canary,discharging,1,37.3,60.8,100,95,1,30.91,1.95,2.85,0,3.826,1.508,5.769608,40612,11729,0,-
18:17:58.378,snap,default,bin.mt.plus.canary,discharging,1,37.3,60.3,100,95,1,27.12,1.95,2.33,11,3.874,0.774,2.998476,40612,11729,0,-
18:17:59.378,snap,default,bin.mt.plus.canary,discharging,1,37.3,60.3,100,95,1,27.12,1.95,2.33,12,3.882,0.712,2.763984,20251,10908,0,-
18:18:00.379,snap,default,bin.mt.plus.canary,discharging,1,37.3,57.3,100,95,1,24.74,1.6,1.91,10,3.876,0.782,3.0310318,20251,10908,0,-
18:18:01.380,snap,default,bin.mt.plus.canary,discharging,1,37.3,54.3,100,95,1,24.74,1.6,1.91,10,3.897,0.538,2.096586,18823,9465,0,-
18:18:02.380,snap,default,bin.mt.plus.canary,discharging,1,37.4,51.3,100,95,1,22.07,1.31,1.56,10,3.888,0.518,2.013984,18823,9465,0,-
18:18:03.381,snap,default,bin.mt.plus.canary,discharging,1,37.4,50.9,100,95,1,22.07,1.31,1.56,0,3.888,0.518,2.013984,9623,4330,0,-
18:18:04.381,snap,default,bin.mt.plus.canary,discharging,1,37.4,50.5,100,95,1,22.07,1.31,1.56,0,3.896,0.432,1.683072,9623,4330,0,-
18:18:05.381,snap,default,bin.mt.plus.canary,discharging,1,37.4,50.5,100,95,1,20.43,1.07,1.28,0,3.892,0.512,1.992704,12516,6520,0,-
18:18:06.382,snap,default,bin.mt.plus.canary,discharging,1,37.4,50.9,100,95,1,20.43,1.07,1.28,7,3.889,0.546,2.123394,12516,6520,0,-
18:18:07.382,snap,default,bin.mt.plus.canary,discharging,1,37.4,50.9,100,95,1,19.99,0.88,1.04,10,3.891,0.68,2.64588,19070,12038,0,-
18:18:08.382,snap,default,bin.mt.plus.canary,discharging,1,37.4,50.5,100,95,1,19.99,0.88,1.04,9,3.893,0.63,2.45259,19070,12038,0,-
18:18:09.383,snap,default,bin.mt.plus.canary,discharging,1,37.4,48.9,100,95,1,19.63,0.72,0.85,9,3.9,0.496,1.9344,15970,8954,0,-
18:18:10.383,snap,default,bin.mt.plus.canary,discharging,1,37.4,48.1,100,95,1,18.79,0.58,0.7,12,3.904,0.506,1.9754239,15970,8954,0,-
18:18:11.384,snap,default,bin.mt.plus.canary,discharging,1,37.4,48.1,100,95,1,18.79,0.58,0.7,0,3.907,0.406,1.586242,8633,4237,0,-
18:18:12.384,snap,default,bin.mt.plus.canary,discharging,1,37.4,47.7,100,95,1,17.56,0.48,0.57,0,3.913,0.306,1.197378,8633,4237,0,-
18:18:13.385,snap,default,bin.mt.plus.canary,discharging,1,37.4,46.1,100,95,1,17.56,0.48,0.57,0,3.914,0.276,1.080264,5430,2120,0,-
18:18:14.385,snap,default,bin.mt.plus.canary,discharging,1,37.4,45.7,100,95,1,15.82,0.39,0.47,0,3.92,0.266,1.0427201,5430,2120,0,-
18:18:15.386,snap,default,bin.mt.plus.canary,discharging,1,37.4,45.3,100,95,1,15.82,0.39,0.47,0,3.917,0.33,1.29261,5322,1983,0,-
18:18:16.388,snap,default,bin.mt.plus.canary,discharging,1,37.4,45.7,100,95,1,14.41,0.32,0.38,0,3.909,0.34,1.32906,5322,1983,0,-
18:18:17.388,snap,default,bin.mt.plus.canary,discharging,1,37.4,45.3,100,95,1,14.41,0.32,0.38,0,3.903,0.404,1.5768121,5322,1983,0,-
18:18:18.388,snap,default,bin.mt.plus.canary,discharging,1,37.4,46.1,100,95,1,13.24,0.26,0.31,0,3.918,0.266,1.042188,4481,1587,0,-
18:18:19.390,snap,default,bin.mt.plus.canary,discharging,1,37.4,45.3,100,95,1,13.24,0.26,0.31,0,3.909,0.338,1.321242,4481,1587,0,-
18:18:20.390,snap,default,bin.mt.plus.canary,discharging,1,37.4,46.1,100,95,1,12.29,0.21,0.25,0,3.918,0.278,1.089204,4769,1782,0,-
18:18:21.392,snap,default,bin.mt.plus.canary,discharging,1,37.4,44.9,100,95,1,12.29,0.21,0.25,0,3.912,0.284,1.111008,4769,1782,0,-
18:18:22.392,snap,default,bin.mt.plus.canary,discharging,1,37.4,44.6,100,95,1,11.33,0.17,0.21,0,3.915,0.278,1.08837,4379,1532,0,-
18:18:23.393,snap,default,bin.mt.plus.canary,discharging,1,37.5,44.6,100,95,1,11.33,0.17,0.21,0,3.917,0.324,1.269108,4379,1532,0,-
18:18:24.404,snap,default,bin.mt.plus.canary,discharging,1,37.5,44.6,100,95,1,10.73,0.14,0.17,7,3.921,0.268,1.050828,4813,1591,0,-
18:18:25.404,snap,default,bin.mt.plus.canary,discharging,1,37.5,44.6,100,95,1,10.73,0.14,0.17,0,3.919,0.318,1.2462419,4813,1591,0,-
18:18:26.405,snap,default,bin.mt.plus.canary,discharging,1,37.5,45.7,100,95,1,10.41,0.11,0.14,0,3.919,0.312,1.222728,6236,2452,0,-
18:18:27.405,snap,default,bin.mt.plus.canary,discharging,1,37.5,44.6,100,95,1,10.41,0.11,0.14,0,3.917,0.31,1.21427,6236,2452,0,-
18:18:28.405,snap,default,bin.mt.plus.canary,discharging,1,37.5,44.6,100,95,1,10.7,0.09,0.11,0,3.923,0.26,1.01998,8004,3651,0,-
18:18:29.406,snap,default,bin.mt.plus.canary,discharging,1,37.5,44.6,100,95,1,10.7,0.09,0.11,0,3.915,0.34,1.3311,8004,3651,0,-
18:18:30.406,snap,default,bin.mt.plus.canary,discharging,1,37.5,44.2,100,95,1,10.57,0.07,0.09,0,3.922,0.26,1.01972,7102,3193,0,-
18:18:31.407,snap,default,bin.mt.plus.canary,discharging,1,37.5,44.2,100,95,1,10.57,0.07,0.09,0,3.923,0.274,1.0749019,7102,3193,0,-
18:18:32.407,snap,default,bin.mt.plus.canary,discharging,1,37.5,44.2,100,95,1,9.92,0.06,0.07,0,3.923,0.274,1.0749019,5885,1959,0,-
18:18:33.408,snap,default,bin.mt.plus.canary,discharging,1,37.5,44.2,100,95,1,9.92,0.06,0.07,0,3.912,0.38,1.48656,5885,1959,0,-
18:18:34.408,snap,default,bin.mt.plus.canary,discharging,1,37.5,44.2,100,95,1,9.92,0.06,0.07,0,3.921,0.304,1.1919839,4878,1733,0,-
18:18:35.409,snap,default,bin.mt.plus.canary,discharging,1,37.5,44.2,100,95,1,11.02,0.05,0.06,0,3.918,0.286,1.120548,4878,1733,0,-
18:18:36.409,snap,default,bin.mt.plus.canary,discharging,1,37.5,43.8,100,95,1,11.02,0.05,0.06,0,3.918,0.334,1.308612,4852,1685,0,-
18:18:37.410,snap,default,bin.mt.plus.canary,discharging,1,37.5,43.8,100,95,1,10.11,0.04,0.05,0,3.92,0.268,1.05056,4852,1685,0,-
18:18:38.411,snap,default,bin.mt.plus.canary,discharging,1,37.5,43.8,100,95,1,9.91,0.03,0.04,0,3.92,0.284,1.11328,5240,2193,0,-
18:18:39.413,snap,default,bin.mt.plus.canary,discharging,1,37.5,43,100,95,1,9.91,0.03,0.04,0,3.918,0.25,0.9795,5240,2193,0,-
18:18:40.413,snap,default,bin.mt.plus.canary,discharging,1,37.5,43,100,95,1,9.38,0.02,0.03,0,3.923,0.25,0.98075,4037,1371,0,-
18:18:41.413,snap,default,bin.mt.plus.canary,discharging,1,37.5,43,100,95,1,9.38,0.02,0.03,0,3.919,0.26,1.01894,4037,1371,0,-
18:18:42.414,snap,default,bin.mt.plus.canary,discharging,1,37.5,43.4,100,95,1,9.31,0.02,0.02,0,3.911,0.338,1.321918,5628,1764,0,-
18:18:43.415,snap,default,bin.mt.plus.canary,discharging,1,37.5,43.4,100,95,1,9.31,0.02,0.02,0,3.918,0.286,1.120548,5628,1764,0,-
18:18:44.416,snap,default,bin.mt.plus.canary,discharging,1,37.5,43.4,100,95,1,8.89,0.01,0.02,0,3.918,0.262,1.026516,5628,1764,0,-
18:18:45.416,snap,default,bin.mt.plus.canary,discharging,1,37.6,43,100,95,1,8.89,0.01,0.02,0,3.918,0.28,1.09704,4661,1740,0,-
18:18:46.416,snap,default,bin.mt.plus.canary,discharging,1,37.6,43.4,100,95,1,8.73,0.01,0.01,0,3.92,0.244,0.95648,4661,1740,0,-
18:18:47.417,snap,default,bin.mt.plus.canary,discharging,1,37.6,43,100,95,1,8.73,0.01,0.01,0,3.918,0.288,1.128384,5366,1767,0,-
18:18:48.417,snap,default,bin.mt.plus.canary,discharging,1,37.6,43,100,95,1,8.78,0.01,0.01,0,3.918,0.262,1.026516,5366,1767,0,-
18:18:49.417,snap,default,bin.mt.plus.canary,discharging,1,37.6,43,100,95,1,8.78,0.01,0.01,0,3.912,0.31,1.21272,4345,1611,0,-
18:18:50.417,snap,default,bin.mt.plus.canary,discharging,1,37.6,43,100,95,1,8.82,0,0.01,0,3.913,0.318,1.244334,4345,1611,0,-
18:18:51.420,snap,default,bin.mt.plus.canary,discharging,1,37.6,43,100,95,1,8.82,0,0.01,0,3.922,0.314,1.231508,5593,1851,0,-
18:18:52.420,snap,default,bin.mt.plus.canary,discharging,1,37.6,43.8,100,95,1,8.85,0,0,0,3.916,0.344,1.347104,5593,1851,0,-
18:18:53.420,snap,default,bin.mt.plus.canary,discharging,1,37.6,43.4,100,95,1,8.85,0,0,0,3.9,0.472,1.8408,6925,2795,0,-
18:18:54.420,snap,default,bin.mt.plus.canary,discharging,1,37.6,44.2,100,95,1,9.06,0,0,0,3.916,0.28,1.09648,6925,2795,0,-
18:18:55.422,snap,default,bin.mt.plus.canary,discharging,1,37.6,43.4,100,95,1,9.06,0,0,0,3.914,0.356,1.393384,6724,2684,0,-
18:18:56.422,snap,default,bin.mt.plus.canary,discharging,1,37.6,43.4,100,95,1,9.05,0,0,0,3.918,0.296,1.159728,6724,2684,0,-
18:18:57.423,snap,default,bin.mt.plus.canary,discharging,1,37.6,43.4,100,95,1,9.05,0,0,0,3.912,0.366,1.431792,4492,1508,0,-
18:18:58.424,snap,default,bin.mt.plus.canary,discharging,1,37.6,43.4,100,95,1,9.22,0,0,0,3.917,0.29,1.13593,4492,1508,0,-
18:18:59.424,snap,default,bin.mt.plus.canary,discharging,1,37.6,43.4,100,95,1,9.22,0,0,0,3.917,0.29,1.13593,5616,1895,0,-
18:19:00.424,snap,default,bin.mt.plus.canary,discharging,1,37.6,43.4,100,95,1,9.22,0,0,0,3.92,0.302,1.1838399,5616,1895,0,-
18:19:01.424,snap,default,bin.mt.plus.canary,discharging,1,37.6,46.1,100,95,1,9.36,0,0,6,3.898,0.57,2.22186,14125,9015,0,-
18:19:02.424,snap,default,bin.mt.plus.canary,discharging,1,37.6,46.5,100,95,1,9.36,0,0,6,3.91,0.586,2.2912602,14125,9015,0,-
18:19:03.426,snap,default,bin.mt.plus.canary,discharging,1,37.6,46.5,100,95,1,11.65,0,0,11,3.835,1.24,4.7554,20502,9446,0,-
18:19:04.426,snap,default,bin.mt.plus.canary,discharging,1,37.6,46.5,100,95,1,11.65,0,0,17,3.911,0.408,1.595688,20502,9446,0,-
18:19:05.426,snap,default,com.android.launcher,discharging,1,37.6,46.1,100,95,1,12.25,0,0,0,3.909,0.426,1.665234,7931,3752,0,-
18:19:06.426,snap,default,com.android.launcher,discharging,1,37.6,45.3,100,95,1,11.66,0,0,4,3.917,0.452,1.770484,7931,3752,0,-
18:19:07.427,snap,default,com.android.launcher,discharging,1,37.6,44.9,100,95,1,11.66,0,0,0,3.92,0.298,1.1681601,4172,1381,0,-
18:19:08.427,snap,default,com.android.launcher,discharging,1,37.6,44.6,100,95,1,11,0,0,0,3.915,0.32,1.2528,4172,1381,0,-
18:19:09.428,snap,default,com.android.launcher,discharging,1,37.6,43.8,100,95,1,11,0,0,0,3.913,0.394,1.541722,4587,1637,0,-
18:19:10.428,snap,default,com.android.launcher,discharging,1,37.6,43.8,100,95,1,10.45,0,0,0,3.917,0.334,1.308278,4587,1637,0,-
18:19:11.429,snap,default,com.android.launcher,discharging,1,37.6,43.8,100,95,1,10.45,0,0,0,3.909,0.392,1.5323279,4587,1637,0,-
18:19:12.429,snap,default,com.android.launcher,discharging,1,37.6,43.8,100,95,1,9.83,0,0,0,3.92,0.312,1.2230401,4145,1689,0,-
18:19:13.430,snap,default,com.android.launcher,discharging,1,37.6,43.8,100,95,1,9.83,0,0,0,3.918,0.336,1.316448,4145,1689,0,-
18:19:14.429,snap,default,com.android.launcher,discharging,1,37.6,43.8,100,95,1,9.5,0,0,0,3.916,0.32,1.25312,3742,1420,0,-
18:19:15.430,snap,default,com.android.launcher,discharging,1,37.6,43.8,100,95,1,9.5,0,0,0,3.914,0.356,1.393384,3742,1420,0,-
18:19:16.431,snap,default,com.android.launcher,discharging,1,37.6,43.8,100,95,1,9.04,0,0,0,3.921,0.306,1.199826,3345,1180,0,-
18:19:17.431,snap,default,com.android.launcher,discharging,1,37.5,43,100,95,1,9.04,0,0,0,3.916,0.302,1.182632,3345,1180,0,-
18:19:18.432,snap,default,com.android.launcher,discharging,1,37.5,43,100,95,1,8.67,0,0,0,3.921,0.258,1.0116179,3408,1267,0,-
18:19:19.432,snap,default,com.android.launcher,discharging,1,37.5,43,100,95,1,8.67,0,0,0,3.905,0.398,1.55419,3408,1267,0,-
18:19:20.433,snap,default,com.android.launcher,discharging,1,37.5,43,100,95,1,8.73,0,0,0,3.918,0.258,1.010844,4807,1568,0,-
18:19:21.434,snap,default,com.android.launcher,discharging,1,37.5,42.6,100,95,1,8.73,0,0,0,3.912,0.344,1.345728,4807,1568,0,-
18:19:22.434,snap,default,com.android.launcher,discharging,1,37.5,43,100,95,1,8.6,0,0,0,3.916,0.31,1.2139599,4722,1825,0,-
18:19:23.435,snap,default,com.android.launcher,discharging,1,37.5,43,100,95,1,8.6,0,0,0,3.917,0.434,1.699978,4722,1825,0,-
18:19:24.435,snap,default,com.android.launcher,discharging,1,37.5,44.6,100,95,1,8.85,0,0,0,3.922,0.314,1.231508,6802,2890,0,-
18:19:25.436,snap,default,com.android.launcher,discharging,1,37.5,43,100,95,1,8.85,0,0,0,3.915,0.354,1.38591,6802,2890,0,-
18:19:26.437,snap,default,com.android.launcher,discharging,1,37.5,44.2,100,95,1,8.51,0,0,0,3.915,0.354,1.38591,3523,1273,0,-
18:19:27.438,snap,default,com.android.launcher,discharging,1,37.5,43,100,95,1,8.51,0,0,0,3.913,0.332,1.299116,3523,1273,0,-
18:19:28.438,snap,default,com.android.launcher,discharging,1,37.5,43,100,95,1,8.51,0,0,0,3.916,0.378,1.480248,3771,1481,0,-
18:19:29.439,snap,default,com.android.launcher,discharging,1,37.5,42.6,100,95,1,8.24,0,0,0,3.921,0.294,1.152774,3771,1481,0,-
18:19:30.440,snap,default,com.android.launcher,discharging,1,37.5,42.6,100,95,1,8.24,0,0,0,3.92,0.32,1.2544,3499,1309,0,-
18:19:31.442,snap,default,com.android.launcher,discharging,1,37.5,42.6,100,95,1,8.01,0,0,0,3.917,0.326,1.276942,3499,1309,0,-
18:19:32.442,snap,default,com.android.launcher,discharging,1,37.5,42.6,100,95,1,8.01,0,0,0,3.915,0.336,1.3154399,3602,1322,0,-
18:19:33.443,snap,default,com.android.launcher,discharging,1,37.5,42.6,100,95,1,7.65,0,0,0,3.917,0.302,1.1829339,3602,1322,0,-
18:19:34.443,snap,default,com.android.launcher,discharging,1,37.5,42.6,100,95,1,8.43,0,0,0,3.918,0.346,1.3556279,5258,1591,0,-
18:19:35.444,snap,default,com.android.launcher,discharging,1,37.5,42.6,100,95,1,8.43,0,0,0,3.908,0.382,1.492856,5258,1591,0,-
18:19:36.444,snap,default,com.android.launcher,discharging,1,37.5,42.6,100,95,1,8.35,0,0,0,3.912,0.272,1.064064,5258,1591,0,-
18:19:37.445,snap,default,com.android.launcher,discharging,1,37.5,42.2,100,95,1,8.35,0,0,0,3.908,0.34,1.32872,4741,1760,0,-
18:19:38.447,snap,default,com.android.launcher,discharging,1,37.5,43.4,100,95,1,8.65,0,0,0,3.911,0.326,1.274986,4741,1760,0,-
18:19:39.448,snap,default,com.android.launcher,discharging,1,37.5,42.2,100,95,1,8.65,0,0,0,3.914,0.318,1.2446519,5216,2070,0,-
18:19:40.448,snap,default,com.android.launcher,discharging,1,37.5,43.4,100,95,1,8.35,0,0,0,3.918,0.272,1.065696,5216,2070,0,-
18:19:41.449,snap,default,com.android.launcher,discharging,1,37.5,42.2,100,95,1,8.35,0,0,0,3.908,0.426,1.664808,3555,1440,0,-
18:19:42.449,snap,default,com.android.launcher,discharging,1,37.5,42.2,100,95,1,8.11,0,0,0,3.921,0.248,0.972408,3555,1440,0,-
18:19:43.451,snap,default,com.android.launcher,discharging,1,37.5,42.2,100,95,1,8.11,0,0,0,3.91,0.358,1.39978,3528,1336,0,-
18:19:44.452,snap,default,com.android.launcher,discharging,1,37.5,42.2,100,95,1,7.9,0,0,0,3.909,0.276,1.078884,3528,1336,0,-
18:19:45.452,snap,default,com.android.launcher,discharging,1,37.5,42.2,100,95,1,7.9,0,0,0,3.91,0.338,1.32158,3652,1314,0,-
18:19:46.453,snap,default,com.android.launcher,discharging,1,37.5,43.4,100,95,1,8.1,0,0,0,3.889,0.662,2.574518,3652,1314,0,-
18:19:47.453,snap,default,com.android.launcher,discharging,1,37.5,44.9,100,95,1,8.1,0,0,0,3.869,0.766,2.9636538,7693,2559,0,-
18:19:48.458,snap,default,com.android.launcher,discharging,1,37.4,44.9,100,95,1,13.16,0.36,0.54,16,3.832,1.836,7.035552,7693,2559,0,-
18:19:49.460,snap,default,com.android.launcher,discharging,1,37.4,44.9,100,95,1,13.16,0.36,0.54,11,3.799,2.074,7.8791256,38872,17135,0,-
18:19:50.479,snap,default,com.android.launcher,discharging,1,37.4,44.9,100,95,1,21.82,0.65,1.89,33,3.795,2.166,8.21997,38872,17135,0,-
18:19:51.487,snap,default,com.coolapk.market,discharging,1,37.4,44.9,100,95,1,21.82,0.65,1.89,0,3.772,2.356,8.886832,34479,10866,0,-
18:19:52.491,snap,default,com.coolapk.market,discharging,1,37.4,44.9,100,95,1,32.54,1.08,3.54,13,3.743,2.794,10.457942,34479,10866,0,-
18:19:53.491,snap,default,com.coolapk.market,discharging,1,37.4,44.9,100,95,1,32.54,1.08,3.54,3,3.743,2.794,10.457942,41323,7883,0,-
18:19:54.492,snap,default,com.coolapk.market,discharging,1,37.4,44.9,100,95,1,32.54,1.08,3.54,3,3.724,3.136,11.678464,41323,7883,0,-
18:19:55.492,snap,default,com.coolapk.market,discharging,1,37.4,44.9,100,95,1,41.5,1.43,4.53,1,3.744,3.02,11.30688,35175,9951,0,-
18:19:56.492,snap,default,com.coolapk.market,discharging,1,37.4,44.9,100,95,1,41.5,1.43,4.53,11,3.752,2.72,10.2054405,35175,9951,0,-
18:19:57.492,snap,default,com.coolapk.market,discharging,1,37.4,44.9,100,95,1,42.5,1.71,4.07,13,3.787,2.326,8.808561,20589,6955,0,-
18:19:58.496,snap,default,com.coolapk.market,discharging,1,37.4,44.9,100,95,1,42.5,1.71,4.07,14,3.852,1.214,4.676328,20589,6955,0,-
18:19:59.495,snap,default,com.coolapk.market,discharging,1,37.4,44.9,100,95,1,36.79,1.76,3.51,15,3.815,1.408,5.37152,20948,7992,0,-
18:20:00.495,snap,default,com.coolapk.market,discharging,1,37.4,47.9,100,95,1,36.79,1.76,3.51,17,3.841,1.178,4.524698,20948,7992,0,-
18:20:01.495,snap,default,com.coolapk.market,discharging,1,37.4,50.9,100,95,1,32.48,1.62,2.87,22,3.865,0.946,3.6562898,12258,4406,0,-
18:20:02.496,snap,default,com.coolapk.market,discharging,1,37.4,53.9,100,95,1,27.86,1.33,2.35,22,3.861,0.816,3.1505759,12258,4406,0,-
18:20:03.496,snap,default,com.coolapk.market,discharging,1,37.4,56,100,95,1,27.86,1.33,2.35,22,3.848,1.012,3.894176,12258,4406,0,-
18:20:04.496,snap,default,com.coolapk.market,discharging,1,37.4,57.6,100,95,1,24.99,1.63,1.93,22,3.829,1.444,5.529076,19943,5372,0,-
18:20:05.496,snap,default,com.coolapk.market,discharging,1,37.4,57.6,100,95,1,24.99,1.63,1.93,13,3.832,1.538,5.893616,19943,5372,0,-
18:20:06.496,snap,default,com.coolapk.market,discharging,1,37.4,59.6,100,95,1,23,1.33,1.76,13,3.861,0.984,3.7992241,22354,7817,0,-
18:20:07.496,snap,default,com.coolapk.market,discharging,1,37.4,61.5,100,95,1,23,1.33,1.76,14,3.846,1.45,5.5767,22354,7817,0,-
18:20:08.496,snap,default,com.coolapk.market,discharging,1,37.4,61.5,100,95,1,20.46,1.09,1.44,14,3.857,1.014,3.9109983,13789,5611,0,-
18:20:09.496,snap,default,com.coolapk.market,discharging,1,37.4,60.7,100,95,1,20.46,1.09,1.44,14,3.846,1.104,4.245984,13789,5611,0,-
18:20:10.497,snap,default,com.coolapk.market,discharging,1,37.4,59.9,100,95,1,18.93,1.07,1.18,14,3.86,1.218,4.70148,14132,6294,0,-
18:20:11.497,snap,default,com.coolapk.market,discharging,1,37.4,59.9,100,95,1,18.93,1.07,1.18,14,3.855,1.076,4.1479797,14132,6294,0,-
18:20:12.497,snap,default,com.coolapk.market,discharging,1,37.4,62.9,100,95,1,17.49,1.24,0.96,13,3.828,1.418,5.428104,16216,5677,0,-
18:20:13.497,snap,default,com.coolapk.market,discharging,1,37.4,63.1,100,95,1,17.49,1.24,0.96,13,3.858,1.152,4.444416,16216,5677,0,-
18:20:14.497,snap,default,com.coolapk.market,discharging,1,37.4,60.1,100,95,1,19.57,1.38,1.33,20,3.837,1.266,4.857642,24123,10065,0,-
18:20:15.497,snap,default,com.coolapk.market,discharging,1,37.4,58.8,100,95,1,19.57,1.38,1.33,38,3.872,1.068,4.135296,24123,10065,0,-
18:20:16.498,snap,default,com.coolapk.market,discharging,1,37.4,56.8,100,95,1,20.56,1.31,1.27,38,3.861,1.118,4.3165984,18798,6678,0,-
18:20:17.498,snap,default,com.coolapk.market,discharging,1,37.4,56.4,100,95,1,20.56,1.31,1.27,38,3.872,0.788,3.051136,18798,6678,0,-
18:20:18.498,snap,default,com.coolapk.market,discharging,1,37.4,56,100,95,1,18.64,1.07,1.22,5,3.855,0.8,3.084,14128,6031,0,-
18:20:19.498,snap,default,com.coolapk.market,discharging,1,37.4,56,100,95,1,18.64,1.07,1.22,13,3.814,1.49,5.68286,14128,6031,0,-
18:20:20.499,snap,default,com.coolapk.market,discharging,1,37.4,59,100,95,1,19.07,1.06,1,62,3.825,1.72,6.579,26527,14928,0,-
18:20:21.498,snap,default,com.coolapk.market,discharging,1,37.4,62,100,95,1,19.07,1.06,1,30,3.809,1.78,6.7800198,26527,14928,0,-
18:20:22.499,snap,default,com.coolapk.market,discharging,1,37.4,64.3,100,95,1,19.42,1.41,1.18,0,3.829,1.338,5.1232023,26710,9947,0,-
18:20:23.499,snap,default,com.coolapk.market,discharging,1,37.4,63.5,100,95,1,19.42,1.41,1.18,28,3.812,1.392,5.306304,26710,9947,0,-
18:20:24.499,snap,default,com.coolapk.market,discharging,1,37.4,63.5,100,95,1,18.98,1.33,0.96,23,3.821,1.438,5.494598,33234,14035,0,-
18:20:25.499,snap,default,com.coolapk.market,discharging,1,37.4,63.5,100,95,1,18.98,1.33,0.96,51,3.821,1.438,5.494598,33234,14035,0,-
18:20:26.500,snap,default,com.coolapk.market,discharging,1,37.4,63.5,100,95,1,18.98,1.33,0.96,51,3.735,2.964,11.070539,57907,12199,0,-
18:20:27.500,snap,default,com.coolapk.market,discharging,1,37.4,63.5,100,95,1,30.21,2.36,3.14,0,3.736,2.904,10.849344,57907,12199,0,-
18:20:28.500,snap,default,com.coolapk.market,discharging,1,37.4,63.5,100,95,1,30.21,2.36,3.14,18,3.714,3.25,12.0705,59251,8428,0,-
18:20:29.502,snap,default,com.coolapk.market,discharging,1,37.4,63.5,100,95,1,41.22,5.73,8.19,17,3.746,2.92,10.93832,59251,8428,0,-
18:20:30.502,snap,default,com.coolapk.market,discharging,1,37.4,63.5,100,95,1,41.22,5.73,8.19,55,3.722,3.124,11.627528,59251,8428,0,-
18:20:31.502,snap,default,com.coolapk.market,discharging,1,37.5,63.5,100,95,1,46.26,7.05,12.5,55,3.732,2.928,10.927297,58551,13134,0,-
18:20:32.502,snap,default,com.oplus.wirelesssettings,discharging,1,37.5,63.5,100,95,1,46.26,7.05,12.5,31,3.731,3.104,11.581024,58551,13134,0,-
18:20:33.503,snap,default,com.oplus.wirelesssettings,discharging,1,37.5,63.5,100,95,1,53.09,7.04,15.85,8,3.753,2.44,9.15732,50322,12475,0,-
18:20:34.503,snap,default,com.oplus.wirelesssettings,discharging,1,37.5,63.5,100,95,1,58.15,6.49,15.88,16,3.724,2.79,10.389959,50322,12475,0,-
18:20:35.503,snap,default,com.oplus.wirelesssettings,discharging,1,37.5,63.5,100,95,1,58.15,6.49,15.88,14,3.723,3.108,11.571084,55328,10696,0,-
18:20:36.504,snap,default,com.oplus.wirelesssettings,discharging,1,37.5,63.5,100,95,1,63.55,6.58,17.53,17,3.732,2.98,11.121361,55328,10696,0,-
18:20:37.504,snap,default,com.oplus.wirelesssettings,discharging,1,37.5,63.5,100,95,1,63.55,6.58,17.53,0,3.745,2.63,9.84935,47991,7505,0,-
18:20:38.505,snap,default,com.oplus.wirelesssettings,discharging,1,37.5,66.5,100,95,1,62.91,5.93,16.71,18,3.753,2.466,9.254898,47991,7505,0,-
18:20:39.505,snap,default,com.oplus.wirelesssettings,discharging,1,37.5,66.5,100,95,1,62.91,5.93,16.71,10,3.78,1.944,7.34832,43102,13500,0,-
18:20:40.505,snap,default,com.oplus.wirelesssettings,discharging,1,37.5,66.5,100,95,1,64.74,5.58,17.12,7,3.737,2.722,10.172113,43102,13500,0,-
18:20:41.505,snap,default,com.oplus.wirelesssettings,discharging,1,37.5,66.5,100,95,1,64.74,5.58,17.12,19,3.728,2.872,10.706816,56785,13706,0,-
18:20:42.511,snap,default,com.oplus.wirelesssettings,discharging,1,37.5,66.5,100,95,1,64.96,4.93,17.64,28,3.772,2.436,9.188593,56785,13706,0,-
18:20:43.511,snap,default,com.oplus.wirelesssettings,discharging,1,37.5,66.5,100,95,1,64.96,4.93,17.64,22,3.743,2.408,9.0131445,48578,15764,0,-
18:20:44.512,snap,default,com.oplus.wirelesssettings,discharging,1,37.5,66.5,100,95,1,67.14,4.22,16.8,29,3.725,2.964,11.040899,48578,15764,0,-
18:20:45.513,snap,default,com.oplus.wirelesssettings,discharging,1,37.5,66.5,100,95,1,67.14,4.22,16.8,25,3.745,2.52,9.4374,63716,15337,0,-
18:20:46.544,snap,default,com.oplus.wirelesssettings,discharging,1,37.5,66.5,100,95,1,67.66,3.63,14.66,13,3.774,2.056,7.7593436,63716,15337,0,-
18:20:47.545,snap,default,com.oplus.wirelesssettings,discharging,1,37.6,66.5,100,95,1,67.66,3.63,14.66,13,3.756,2.526,9.487657,55637,13883,0,-
18:20:48.545,snap,default,com.oplus.wirelesssettings,discharging,1,37.6,66.5,100,95,1,68.08,2.97,12.55,22,3.759,2.196,8.254765,55637,13883,0,-
18:20:49.546,snap,default,com.oplus.wirelesssettings,discharging,1,37.6,66.5,100,95,1,68.08,2.97,12.55,21,3.719,2.926,10.881795,54813,14349,0,-
18:20:50.546,snap,default,com.oplus.wirelesssettings,discharging,1,37.6,66.5,100,95,1,70.24,2.62,10.82,32,3.731,2.824,10.536344,54813,14349,0,-
18:20:51.547,snap,default,com.oplus.wirelesssettings,discharging,1,37.6,66.5,100,95,1,70.24,2.62,10.82,20,3.734,2.888,10.783792,45148,10536,0,-
18:20:52.549,snap,default,com.oplus.wirelesssettings,discharging,1,37.6,66.5,100,95,1,72.19,2.32,9.76,13,3.745,2.622,9.819389,45148,10536,0,-
18:20:53.551,snap,default,com.oplus.wirelesssettings,discharging,1,37.6,66.5,100,95,1,72.19,2.32,9.76,32,3.745,2.574,9.639629,60397,12803,0,-
18:20:54.551,snap,default,com.oplus.wirelesssettings,discharging,1,37.6,66.5,100,95,1,74.87,1.9,8.17,30,3.745,2.574,9.639629,60397,12803,0,-
18:20:55.552,snap,default,com.oplus.wirelesssettings,discharging,1,37.6,66.5,100,95,1,74.87,1.9,8.17,30,3.736,2.708,10.117088,61054,15780,0,-
18:20:56.553,snap,default,com.oplus.wirelesssettings,discharging,1,37.6,66.5,100,95,1,74.87,1.9,8.17,13,3.745,2.532,9.48234,61054,15780,0,-
18:20:57.556,snap,default,com.oplus.wirelesssettings,discharging,1,37.6,69.5,100,95,1,74.35,1.55,7.05,26,3.757,2.322,8.723754,61054,15780,0,-
18:20:58.557,snap,default,com.oplus.wirelesssettings,discharging,1,37.7,72.5,100,95,1,74.35,1.55,7.05,24,3.739,2.22,8.30058,40871,19016,0,-
18:20:59.556,snap,default,com.coolapk.market,discharging,1,37.7,72.2,100,95,1,68.85,1.45,5.78,13,3.847,1.134,4.362498,40871,19016,0,-
18:21:00.556,snap,default,com.coolapk.market,discharging,1,37.7,72.2,100,95,1,68.85,1.45,5.78,34,3.814,1.472,5.6142077,25352,14374,0,-
18:21:01.557,snap,default,com.coolapk.market,discharging,1,37.7,74.6,100,95,1,60.18,1.37,4.73,32,3.783,1.924,7.278492,25352,14374,0,-
18:21:02.556,snap,default,com.coolapk.market,discharging,1,37.7,77.6,100,95,1,60.18,1.37,4.73,32,3.757,1.998,7.506486,30569,13539,0,-
18:21:03.556,snap,default,com.coolapk.market,discharging,1,37.7,78.1,100,95,1,53.26,2.21,6.23,31,3.768,2.37,8.93016,30569,13539,0,-
18:21:04.557,snap,default,com.coolapk.market,discharging,1,37.7,75.1,100,95,1,49.41,2.17,7.27,22,3.8,1.446,5.4948,30188,14991,0,-
18:21:05.557,snap,default,com.coolapk.market,discharging,1,37.7,72.6,100,95,1,49.41,2.17,7.27,49,3.812,1.694,6.457528,30188,14991,0,-
18:21:06.557,snap,default,com.coolapk.market,discharging,1,37.7,69.6,100,95,1,43.9,1.78,6.13,49,3.855,1.23,4.74165,21635,11327,0,-
18:21:07.557,snap,default,com.coolapk.market,discharging,1,37.7,66.7,100,95,1,43.9,1.78,6.13,30,3.841,1.158,4.447878,21635,11327,0,-
18:21:08.558,snap,default,com.coolapk.market,discharging,1,37.8,66.7,100,95,1,39.39,1.63,5.38,0,3.829,1.518,5.812422,21346,11756,0,-
18:21:09.558,snap,default,com.coolapk.market,discharging,1,37.8,66.7,100,95,1,39.39,1.63,5.38,0,3.843,0.984,3.781512,21346,11756,0,-
18:21:10.558,snap,default,com.coolapk.market,discharging,1,37.8,63.699997,100,95,1,35.15,1.34,4.41,3,3.875,0.706,2.73575,15222,9710,0,-
18:21:11.559,snap,default,com.coolapk.market,discharging,1,37.8,60.7,100,95,1,35.15,1.34,4.41,0,3.854,0.748,2.8827922,15222,9710,0,-
18:21:12.558,snap,default,com.coolapk.market,discharging,1,37.8,61.5,100,95,1,31.5,1.09,3.61,2,3.841,1.12,4.30192,17673,9278,0,-
18:21:13.569,snap,default,com.coolapk.market,discharging,1,37.8,64.5,100,95,1,31.5,1.09,3.61,2,3.794,1.524,5.782056,17673,9278,0,-
18:21:14.568,snap,default,com.coolapk.market,discharging,1,37.8,64.5,100,95,1,32.68,1.26,3.32,15,3.793,1.542,5.8488064,33053,11704,0,-
18:21:15.569,snap,default,com.coolapk.market,discharging,1,37.8,64.5,100,95,1,32.68,1.26,3.32,9,3.74,2.748,10.277519,33053,11704,0,-
18:21:16.576,snap,default,com.coolapk.market,discharging,1,37.8,64.5,100,95,1,37.08,1.39,2.89,0,3.786,2.258,8.548788,37784,14438,0,-
18:21:17.575,snap,default,com.coolapk.market,discharging,1,37.8,64.5,100,95,1,37.08,1.39,2.89,17,3.728,2.912,10.855935,37784,14438,0,-
18:21:18.575,snap,default,com.coolapk.market,discharging,1,37.8,64.5,100,95,1,42.32,1.5,2.73,29,3.729,2.924,10.903596,41092,16471,0,-
18:21:19.575,snap,default,com.coolapk.market,discharging,1,37.9,64.5,100,95,1,42.32,1.5,2.73,29,3.745,2.588,9.6920595,41092,16471,0,-
18:21:20.576,snap,default,com.coolapk.market,discharging,1,37.9,64.5,100,95,1,45.52,1.77,3.87,4,3.75,2.686,10.0725,35996,12773,0,-
18:21:21.578,snap,default,com.coolapk.market,discharging,1,37.9,64.5,100,95,1,45.52,1.77,3.87,2,3.745,2.678,10.02911,35996,12773,0,-
18:21:22.579,snap,default,com.coolapk.market,discharging,1,37.9,64.5,100,95,1,51.22,1.63,4.07,2,3.749,2.554,9.574945,27546,7033,0,-
18:21:23.579,snap,default,com.coolapk.market,discharging,1,37.9,64.5,100,95,1,51.22,1.63,4.07,0,3.754,2.244,8.423976,27546,7033,0,-
18:21:24.579,snap,default,com.coolapk.market,discharging,1,38,67.5,100,95,1,47.56,1.52,3.69,0,3.835,1.284,4.92414,27546,7033,0,-
18:21:25.580,snap,default,com.coolapk.market,discharging,1,38,70.5,100,95,1,47.56,1.52,3.69,13,3.835,1.284,4.92414,19601,7310,0,-
18:21:26.580,snap,default,com.coolapk.market,discharging,1,38,73.5,100,95,1,47.56,1.52,3.69,13,3.77,1.948,7.34396,19601,7310,0,-
18:21:27.580,snap,default,com.coolapk.market,discharging,1,38,76.5,100,95,1,42.93,1.24,3.02,51,3.787,1.89,7.1574297,30703,17331,0,-
18:21:28.581,snap,default,com.coolapk.market,discharging,1,38,76.5,100,95,1,42.93,1.24,3.02,30,3.826,1.482,5.670132,30703,17331,0,-
18:21:29.581,snap,default,com.coolapk.market,discharging,1,38,76.5,100,95,1,38.77,1.2,2.48,0,3.856,0.866,3.3392959,12791,5782,0,-
18:21:30.581,snap,default,com.coolapk.market,discharging,1,38,73.5,100,95,1,38.77,1.2,2.48,0,3.869,0.646,2.4993742,12791,5782,0,-
18:21:31.581,snap,default,com.coolapk.market,discharging,1,38,70.5,100,95,1,34.83,0.98,2.03,5,3.811,1.354,5.1600943,18693,10405,0,-
18:21:32.581,snap,default,com.coolapk.market,discharging,1,38,67.5,100,95,1,34.83,0.98,2.03,5,3.801,1.36,5.16936,18693,10405,0,-
18:21:33.581,snap,default,com.coolapk.market,discharging,1,38,64.5,100,95,1,31.78,0.8,1.66,11,3.84,1.118,4.29312,24074,12986,0,-
18:21:34.582,snap,default,com.coolapk.market,discharging,1,38,61.5,100,95,1,31.78,0.8,1.66,11,3.865,0.744,2.87556,24074,12986,0,-
18:21:35.582,snap,default,com.coolapk.market,discharging,1,38,59.2,100,95,1,28.56,0.65,1.72,0,3.864,0.72,2.7820802,12592,5282,0,-
18:21:36.583,snap,default,com.coolapk.market,discharging,1,38,62.2,100,95,1,28.56,0.65,1.72,24,3.811,1.514,5.7698545,12592,5282,0,-
18:21:37.583,snap,default,com.coolapk.market,discharging,1,38,65.2,100,95,1,27.01,0.72,1.77,41,3.812,1.444,5.504528,28088,15436,0,-
18:21:38.604,snap,default,com.coolapk.market,discharging,1,38,65.2,100,95,1,26.82,0.77,2.17,8,3.811,1.332,5.076252,28088,15436,0,-
18:21:39.605,snap,default,com.coolapk.market,discharging,1,38,65.2,100,95,1,26.82,0.77,2.17,55,3.731,3.234,12.066053,30718,14449,0,-
18:21:40.605,snap,default,com.coolapk.market,discharging,1,38.2,65.2,100,95,1,32.11,0.99,4.31,78,3.714,3.468,12.880152,30718,14449,0,-
18:21:41.605,snap,default,com.coolapk.market,discharging,1,38.2,65.2,100,95,1,32.11,0.99,4.31,44,3.763,2.876,10.822388,33459,17611,0,-
18:21:42.609,snap,default,com.coolapk.market,discharging,1,38.2,66.3,100,95,1,33.17,0.99,4.08,5,3.801,1.594,6.058794,33459,17611,0,-
18:21:43.607,snap,default,com.coolapk.market,discharging,1,38.2,69.3,100,95,1,33.17,0.99,4.08,18,3.797,1.764,6.697908,31340,18154,0,-
18:21:44.607,snap,default,com.coolapk.market,discharging,1,38.2,72.3,100,95,1,32.96,0.99,3.34,29,3.778,1.906,7.200868,31340,18154,0,-
18:21:45.607,snap,default,com.coolapk.market,discharging,1,38.2,75.3,100,95,1,32.96,0.99,3.34,29,3.807,1.89,7.19523,36758,20283,0,-
18:21:46.607,snap,default,com.coolapk.market,discharging,1,38.2,73,100,95,1,31.34,0.81,2.73,31,3.804,1.79,6.8091598,36758,20283,0,-
18:21:47.608,snap,default,com.coolapk.market,discharging,1,38.2,71.8,100,95,1,31.34,0.81,2.73,57,3.811,1.528,5.8232083,20565,12489,0,-
18:21:48.608,snap,default,com.coolapk.market,discharging,1,38.2,71.8,100,95,1,29.28,0.66,2.24,59,3.805,1.292,4.9160604,20565,12489,0,-
18:21:49.608,snap,default,com.coolapk.market,discharging,1,38.2,69.4,100,95,1,29.28,0.66,2.24,27,3.802,1.568,5.961536,23873,13296,0,-
18:21:50.613,snap,default,com.coolapk.market,discharging,1,38.2,71.8,100,95,1,26.87,0.72,1.83,27,3.818,1.446,5.5208282,23873,13296,0,-
18:21:51.610,snap,default,com.coolapk.market,discharging,1,38.3,71.8,100,95,1,26.87,0.72,1.83,33,3.794,1.778,6.745732,23873,13296,0,-
18:21:52.610,snap,default,com.coolapk.market,discharging,1,38.3,71.8,100,95,1,26.9,0.59,1.5,33,3.847,1.154,4.439438,26117,14896,0,-
18:21:53.612,snap,default,com.coolapk.market,discharging,1,38.3,68.8,100,95,1,26.9,0.59,1.5,39,3.857,0.792,3.054744,26117,14896,0,-
18:21:54.612,snap,default,com.coolapk.market,discharging,1,38.3,67.4,100,95,1,25.46,0.66,1.22,24,3.824,1.422,5.437728,15436,7465,0,-
18:21:55.612,snap,default,com.coolapk.market,discharging,1,38.3,67.4,100,95,1,25.46,0.66,1.22,37,3.823,1.624,6.208552,15436,7465,0,-
18:21:56.612,snap,default,com.coolapk.market,discharging,1,38.4,67.4,100,95,1,24.84,0.72,1.18,33,3.842,1.29,4.95618,26465,13738,0,-
18:21:57.613,snap,default,com.coolapk.market,discharging,1,38.4,65.9,100,95,1,24.84,0.72,1.18,33,3.844,1.072,4.120768,26465,13738,0,-
18:21:58.613,snap,default,com.coolapk.market,discharging,1,38.4,65.1,100,95,1,23.6,0.59,0.97,33,3.844,1.072,4.120768,18424,11079,0,-
18:21:59.614,snap,default,com.coolapk.market,discharging,1,38.4,62.1,100,95,1,23.6,0.59,0.97,33,3.852,0.926,3.566952,18424,11079,0,-
18:22:00.614,snap,default,com.coolapk.market,discharging,1,38.4,61.5,100,95,1,23.6,0.59,0.97,22,3.832,1.236,4.736352,17345,9775,0,-
18:22:01.614,snap,default,com.coolapk.market,discharging,1,38.4,63.5,100,95,1,22.58,0.48,0.79,28,3.844,0.98,3.7671201,17345,9775,0,-
18:22:02.615,snap,default,com.coolapk.market,discharging,1,38.4,63.9,100,95,1,22.58,0.48,0.79,29,3.824,1.404,5.368896,25456,12052,0,-
18:22:03.615,snap,default,com.coolapk.market,discharging,1,38.4,63.9,100,95,1,22.84,0.58,0.65,29,3.836,1.226,4.7029357,25456,12052,0,-
18:22:04.615,snap,default,com.coolapk.market,discharging,1,38.4,60.9,100,95,1,22.84,0.58,0.65,34,3.87,0.778,3.01086,17070,9302,0,-
18:22:05.654,snap,default,com.coolapk.market,discharging,1,38.4,60.9,100,95,1,21.6,0.47,0.53,33,3.838,0.98,3.7612402,17070,9302,0,-
18:22:06.654,snap,default,com.coolapk.market,discharging,1,38.4,60.9,100,95,1,21.6,0.47,0.53,30,3.78,2.06,7.7868,39861,19350,0,-
18:22:07.655,snap,default,com.coolapk.market,discharging,1,38.5,60.9,100,95,1,24.93,0.75,0.61,23,3.73,3.054,11.391419,39861,19350,0,-
18:22:08.655,snap,default,com.tencent.mobileqq,discharging,1,38.5,60.3,100,95,1,24.93,0.75,0.61,24,3.781,2.06,7.7888594,32540,14446,0,-
18:22:09.656,snap,default,com.tencent.mobileqq,discharging,1,38.5,60.3,100,95,1,28.57,0.97,1.04,28,3.823,1.414,5.405722,32540,14446,0,-
18:22:10.657,snap,default,com.tencent.mobileqq,discharging,1,38.5,60.3,100,95,1,28.46,1.52,1.76,30,3.787,2.006,7.596722,35242,18389,0,-
18:22:11.657,snap,default,com.tencent.mobileqq,discharging,1,38.5,63.3,100,95,1,28.46,1.52,1.76,33,3.798,1.914,7.2693725,35242,18389,0,-
18:22:12.657,snap,default,com.tencent.mobileqq,discharging,1,38.6,66.3,100,95,1,28.74,2.33,3.8,5,3.829,1.28,4.9011197,25160,9563,0,-
18:22:13.657,snap,default,com.tencent.mobileqq,discharging,1,38.6,69.3,100,95,1,28.74,2.33,3.8,20,3.789,1.726,6.539814,25160,9563,0,-
18:22:14.658,snap,default,com.tencent.mobileqq,discharging,1,38.6,72.2,100,95,1,33.86,2.09,5.1,23,3.811,1.618,6.1661983,28088,11377,0,-
18:22:15.657,snap,default,com.tencent.mobileqq,discharging,1,38.6,70.2,100,95,1,33.86,2.09,5.1,17,3.785,1.952,7.3883204,28088,11377,0,-
18:22:16.658,snap,default,com.tencent.mobileqq,discharging,1,38.6,71.8,100,95,1,38.41,1.89,5.26,19,3.811,1.552,5.9146724,22183,8114,0,-
18:22:17.658,snap,default,com.tencent.mobileqq,discharging,1,38.6,70.2,100,95,1,38.41,1.89,5.26,9,3.815,1.396,5.3257403,22183,8114,0,-
18:22:18.658,snap,default,com.tencent.mobileqq,discharging,1,38.6,68.6,100,95,1,41.05,1.55,4.85,22,3.806,1.444,5.495864,22183,8114,0,-
18:22:19.658,snap,default,com.tencent.mobileqq,discharging,1,38.6,68.6,100,95,1,41.05,1.55,4.85,19,3.823,1.39,5.31397,22618,9868,0,-
18:22:20.661,snap,default,com.tencent.mobileqq,discharging,1,38.6,68.6,100,95,1,43.58,1.45,4.52,19,3.823,1.522,5.818606,22618,9868,0,-
18:22:21.662,snap,default,com.tencent.mobileqq,discharging,1,38.6,69,100,95,1,43.58,1.45,4.52,12,3.772,1.99,7.5062804,25183,11100,0,-
18:22:22.664,snap,default,com.tencent.mobileqq,discharging,1,38.6,69,100,95,1,43.66,1.37,4.42,19,3.756,2.324,8.728944,25183,11100,0,-
18:22:23.664,snap,default,com.tencent.mobileqq,discharging,1,38.7,69,100,95,1,43.66,1.37,4.42,66,3.725,3.482,12.97045,34087,14286,0,-
18:22:24.665,snap,default,com.tencent.mobileqq,discharging,1,38.7,69,100,95,1,51.87,1.3,7.97,74,3.709,3.338,12.380643,34087,14286,0,-
18:22:25.668,snap,default,com.tencent.mobileqq,discharging,1,38.7,69,100,95,1,51.87,1.3,7.97,80,3.717,3.228,11.998476,31762,13892,0,-
18:22:26.667,snap,default,com.tencent.mobileqq,discharging,1,38.7,69,100,95,1,56.42,1.24,10.15,80,3.718,3.24,12.04632,31762,13892,0,-
18:22:27.667,snap,default,com.tencent.mobileqq,discharging,1,38.7,69,100,95,1,56.42,1.24,10.15,77,3.721,3.076,11.445796,31321,13801,0,-
18:22:28.668,snap,default,com.tencent.mobileqq,discharging,1,38.8,72,100,95,1,59.42,1.2,11.21,63,3.818,1.716,6.551688,31321,13801,0,-
18:22:29.668,snap,default,com.tencent.mobileqq,discharging,1,38.8,75,100,95,1,59.42,1.2,11.21,30,3.827,1.66,6.35282,26884,9244,0,-
18:22:30.672,snap,default,com.tencent.mobileqq,discharging,1,38.8,78,100,95,1,59.71,1.34,12.8,60,3.827,1.66,6.35282,26884,9244,0,-
18:22:31.680,snap,default,com.tencent.mobileqq,discharging,1,38.8,81,100,95,1,59.71,1.34,12.8,80,3.749,2.372,8.892628,29641,12722,0,-
18:22:32.675,snap,default,com.tencent.mobileqq,discharging,1,38.8,84,100,95,1,59.71,1.34,12.8,80,3.73,3.068,11.443641,29641,12722,0,-
18:22:33.675,snap,default,com.tencent.mobileqq,discharging,1,38.8,87,100,95,1,59.04,1.28,11.2,81,3.718,3.238,12.038883,32493,14472,0,-
18:22:34.675,snap,default,com.tencent.mobileqq,discharging,1,38.9,87.6,100,95,1,59.04,1.28,11.2,37,3.749,2.678,10.039822,32493,14472,0,-
18:22:35.676,snap,default,com.tencent.mobileqq,discharging,1,38.9,87.6,100,95,1,59.57,1.59,9.35,26,3.798,1.4,5.3172,25508,11809,0,-
18:22:36.689,snap,default,com.tencent.mobileqq,discharging,1,38.9,88.8,100,95,1,59.57,1.59,9.35,72,3.735,2.742,10.24137,25508,11809,0,-
18:22:37.690,snap,default,com.tencent.mobileqq,discharging,1,38.9,88.8,100,95,1,60.01,1.48,7.66,79,3.718,3.192,11.867855,35239,17213,0,-
18:22:38.693,snap,default,com.tencent.mobileqq,discharging,1,38.9,85.8,100,95,1,60.01,1.48,7.66,79,3.784,2.36,8.93024,35239,17213,0,-
18:22:39.698,snap,default,com.tencent.mobileqq,discharging,1,39,84,100,95,1,62.18,1.58,6.81,47,3.74,2.204,8.24296,31252,14821,0,-
18:22:40.693,snap,default,com.tencent.mobileqq,discharging,1,39,87,100,95,1,62.18,1.58,6.81,77,3.712,3.288,12.205056,31252,14821,0,-
18:22:41.693,snap,default,com.tencent.mobileqq,discharging,1,39,89.9,100,95,1,63.96,1.47,5.76,80,3.718,3.12,11.60016,32980,16556,0,-
18:22:42.693,snap,default,com.tencent.mobileqq,discharging,1,39,89.9,100,95,1,63.96,1.47,5.76,75,3.729,2.772,10.336788,32980,16556,0,-
18:22:43.702,snap,default,com.tencent.mobileqq,discharging,1,39,89.9,100,95,1,65.78,1.38,5.08,75,3.833,1.118,4.285294,32980,16556,0,-
18:22:44.702,snap,default,com.tencent.mobileqq,discharging,1,39.1,86.9,100,95,1,66.72,1.68,5.42,34,3.778,1.912,7.223536,25897,9881,0,-
18:22:45.702,snap,default,com.tencent.mobileqq,discharging,1,39.1,86.9,100,95,1,66.72,1.68,5.42,23,3.79,1.702,6.45058,25897,9881,0,-
18:22:46.703,snap,default,com.tencent.mobileqq,discharging,1,39.1,86.9,100,95,1,63.87,1.73,4.62,23,3.8,1.396,5.3048,27026,9728,0,-
18:22:47.702,snap,default,com.tencent.mobileqq,discharging,1,39.1,86.9,100,95,1,63.87,1.73,4.62,27,3.794,1.436,5.448184,27026,9728,0,-
18:22:48.703,snap,default,com.tencent.mobileqq,discharging,1,39.1,86.9,100,95,1,57.74,2.32,4.69,26,3.822,1.128,4.311216,32282,11539,0,-
18:22:49.703,snap,default,com.tencent.mobileqq,discharging,1,39.2,86.9,100,95,1,57.74,2.32,4.69,24,3.83,1.138,4.35854,32282,11539,0,-
18:22:50.703,snap,default,com.tencent.mobileqq,discharging,1,39.2,86.9,100,95,1,50.72,2.08,3.84,7,3.823,1.282,4.901086,23759,11180,0,-
18:22:51.703,snap,default,com.tencent.mobileqq,discharging,1,39.2,86.9,100,95,1,50.72,2.08,3.84,7,3.839,0.926,3.554914,23759,11180,0,-
18:22:52.704,snap,default,com.tencent.mobileqq,discharging,1,39.2,86.9,100,95,1,44.25,1.7,3.14,13,3.837,1.07,4.10559,16648,10076,0,-
18:22:53.705,snap,default,com.tencent.mobileqq,discharging,1,39.2,86.9,100,95,1,44.25,1.7,3.14,17,3.835,1.022,3.91937,16648,10076,0,-
18:22:54.704,snap,default,com.tencent.mobileqq,discharging,1,39.2,83.9,100,95,1,39.31,1.58,2.57,16,3.808,1.464,5.574912,21145,12249,0,-
18:22:55.707,snap,default,com.tencent.mobileqq,discharging,1,39.2,80.9,100,95,1,39.31,1.58,2.57,35,3.807,1.84,7.00488,21145,12249,0,-
18:22:56.712,snap,default,com.tencent.mobileqq,discharging,1,39.2,77.9,100,95,1,38.17,1.65,2.1,49,3.806,1.708,6.5006475,38888,22412,0,-
18:22:57.710,snap,default,com.tencent.mobileqq,discharging,1,39.2,76.5,100,95,1,38.17,1.65,2.1,35,3.762,2.046,7.697052,38888,22412,0,-
18:22:58.710,snap,default,com.tencent.mobileqq,discharging,1,39.2,76.5,100,95,1,40.31,1.9,2.08,50,3.792,1.942,7.364064,38872,18463,0,-
18:22:59.710,snap,default,com.android.launcher,discharging,1,39.2,73.8,100,95,1,40.31,1.9,2.08,72,3.802,1.582,6.0147643,38872,18463,0,-
18:23:00.710,snap,default,com.android.launcher,discharging,1,39.4,73.8,100,95,1,38.62,1.91,2.07,62,3.801,1.74,6.6137404,30179,14875,0,-
18:23:02.123,snap,default,com.android.launcher,discharging,1,39.4,74.2,100,95,1,38.62,1.91,2.07,62,3.82,1.516,5.79112,30179,14875,0,-
18:23:03.149,snap,default,com.android.launcher,discharging,1,39.4,74.2,100,95,1,38.51,1.93,2.6,28,3.767,2.218,8.355206,31037,15335,0,-
18:23:04.149,snap,default,com.tencent.mm,discharging,1,39.4,74.2,100,95,1,38.51,1.93,2.6,19,3.746,2.57,9.62722,31037,15335,0,-
18:23:05.149,snap,default,com.tencent.mm,discharging,1,39.4,74.2,100,95,1,44.21,2.3,5.39,19,3.747,2.73,10.22931,32200,7644,0,-
18:23:06.150,snap,default,com.tencent.mm,discharging,1,39.4,74.2,100,95,1,44.21,2.3,5.39,19,3.759,2.51,9.43509,32200,7644,0,-
18:23:07.153,snap,default,com.tencent.mm,discharging,1,39.5,74.2,100,95,1,48.7,2.25,7.67,5,3.735,2.732,10.2040205,39023,6877,0,-
18:23:08.154,snap,default,com.tencent.mm,discharging,1,39.5,77.2,100,95,1,48.7,2.25,7.67,30,3.732,2.93,10.934761,39023,6877,0,-
18:23:09.154,snap,default,com.android.launcher,discharging,1,39.5,80.2,100,95,1,53.1,2.38,9.18,52,3.728,2.54,9.46912,48310,18115,0,-
18:23:10.154,snap,default,com.android.launcher,discharging,1,39.5,82.1,100,95,1,53.1,2.38,9.18,39,3.794,1.718,6.518092,48310,18115,0,-
18:23:11.154,snap,default,com.android.launcher,discharging,1,39.5,79.3,100,95,1,49.46,2.13,7.88,66,3.78,1.806,6.8266797,36411,21375,0,-
18:23:12.154,snap,default,com.coolapk.market,discharging,1,39.5,79.3,100,95,1,49.46,2.13,7.88,61,3.777,1.85,6.98745,36411,21375,0,-
18:23:13.155,snap,default,com.coolapk.market,discharging,1,39.5,76.3,100,95,1,43.94,2.11,6.45,0,3.822,1.294,4.945668,28394,12142,0,-
18:23:14.155,snap,default,com.coolapk.market,discharging,1,39.5,73.4,100,95,1,43.94,2.11,6.45,29,3.806,1.308,4.9782476,28394,12142,0,-
18:23:15.155,snap,default,com.coolapk.market,discharging,1,39.5,71,100,95,1,41.05,2.45,5.28,42,3.784,1.868,7.068512,31676,16184,0,-
18:23:16.162,snap,default,com.coolapk.market,discharging,1,39.5,71,100,95,1,41.05,2.45,5.28,42,3.772,1.918,7.234696,31676,16184,0,-
18:23:17.160,snap,default,com.coolapk.market,discharging,1,39.6,71,100,95,1,41.04,2.37,4.69,42,3.772,1.918,7.234696,45442,13434,0,-
18:23:18.160,snap,default,com.coolapk.market,discharging,1,39.6,71,100,95,1,41.04,2.37,4.69,42,3.741,2.872,10.744152,45442,13434,0,-
18:23:19.161,snap,default,com.coolapk.market,discharging,1,39.6,74,100,95,1,47.19,3.2,6.92,35,3.787,2.042,7.733054,34035,9709,0,-
18:23:20.161,snap,default,com.coolapk.market,discharging,1,39.6,74,100,95,1,47.19,3.2,6.92,33,3.816,1.652,6.304032,34035,9709,0,-
18:23:21.161,snap,default,com.coolapk.market,discharging,1,39.6,74.2,100,95,1,49.33,6.61,9.83,39,3.759,1.994,7.495446,33519,13358,0,-
18:23:22.161,snap,default,com.coolapk.market,discharging,1,39.7,77.2,100,95,1,49.33,6.61,9.83,39,3.823,1.566,5.986818,33519,13358,0,-
18:23:23.162,snap,default,com.coolapk.market,discharging,1,39.7,80.2,100,95,1,52.35,5.59,8.23,59,3.795,1.786,6.77787,33519,13358,0,-
18:23:24.163,snap,default,com.coolapk.market,discharging,1,39.7,83.2,100,95,1,52.35,5.59,8.23,54,3.736,2.78,10.38608,47024,20212,0,-
18:23:25.166,snap,default,com.coolapk.market,discharging,1,39.7,86.2,100,95,1,56.09,4.94,8.19,43,3.756,2.688,10.0961275,47024,20212,0,-
18:23:26.167,snap,default,com.coolapk.market,discharging,1,39.7,89.2,100,95,1,56.09,4.94,8.19,0,3.756,2.314,8.691383,32268,13280,0,-
18:23:27.167,snap,default,com.coolapk.market,discharging,1,39.7,92.2,100,95,1,58.79,4.23,9.6,30,3.758,2.356,8.8538475,32268,13280,0,-
18:23:28.167,snap,default,com.coolapk.market,discharging,1,39.8,91.9,100,95,1,58.79,4.23,9.6,19,3.762,2.442,9.186804,29099,7733,0,-
18:23:29.167,snap,default,com.coolapk.market,discharging,1,39.8,91.9,85,95,1,62.63,3.64,9.49,48,3.752,2.596,9.740192,29099,7733,0,-
18:23:30.167,snap,default,com.coolapk.market,discharging,1,39.8,92.3,85,95,1,62.63,3.64,9.49,35,3.756,2.422,9.097032,32251,8826,0,-
18:23:31.170,snap,default,com.coolapk.market,discharging,1,39.8,92.3,85,95,1,63.6,3.16,8.5,35,3.756,2.34,8.78904,32251,8826,0,-
18:23:32.170,snap,default,com.coolapk.market,discharging,1,39.8,92.3,85,95,1,63.6,3.16,8.5,35,3.844,1.242,4.774248,26140,7401,0,-
18:23:33.171,snap,default,com.coolapk.market,discharging,1,39.9,89.3,85,95,1,64.22,2.95,7.5,52,3.791,2.06,7.8094597,26140,7401,0,-
18:23:34.171,snap,default,com.coolapk.market,discharging,1,39.9,86.3,85,95,1,64.22,2.95,7.5,32,3.829,1.362,5.215098,23690,10482,0,-
18:23:35.171,snap,default,com.coolapk.market,discharging,1,39.9,83.3,85,95,1,57.29,2.6,6.5,30,3.786,1.832,6.935952,23690,10482,0,-
18:23:36.171,snap,default,com.coolapk.market,discharging,1,39.9,84.4,85,95,1,57.29,2.6,6.5,47,3.799,1.95,7.40805,26164,13860,0,-
18:23:37.171,snap,default,com.coolapk.market,discharging,1,39.9,84.4,85,95,1,55.25,2.31,6.23,33,3.785,2.06,7.7971,26164,13860,0,-
18:23:38.173,snap,default,com.coolapk.market,discharging,1,39.9,81.4,85,95,1,55.25,2.31,6.23,34,3.807,1.502,5.718114,27331,13569,0,-
18:23:39.173,snap,default,com.coolapk.market,discharging,1,40,80.1,85,95,1,50.31,2.25,5.82,30,3.809,1.56,5.94204,27331,13569,0,-
18:23:40.173,snap,default,com.coolapk.market,discharging,1,40,80.1,85,95,1,50.31,2.25,5.82,30,3.787,1.794,6.793878,26366,14766,0,-
18:23:41.173,snap,default,com.coolapk.market,discharging,1,40,78.9,85,95,1,45.54,1.84,4.77,21,3.83,1.408,5.3926396,26366,14766,0,-
18:23:42.175,snap,default,com.coolapk.market,discharging,1,40,78.9,85,95,1,45.54,1.84,4.77,1,3.787,1.486,5.6274815,24537,9736,0,-
18:23:43.175,snap,default,com.coolapk.market,discharging,1,40,78.9,85,95,1,45.26,1.87,4.27,2,3.754,2.532,9.505128,24537,9736,0,-
18:23:44.175,snap,default,com.coolapk.market,discharging,1,40.1,81.9,85,95,1,45.26,1.87,4.27,24,3.753,2.568,9.637704,39691,13444,0,-
18:23:45.176,snap,default,com.coolapk.market,discharging,1,40.1,84.9,85,95,1,47.75,2.25,5.48,13,3.834,1.342,5.1452284,39691,13444,0,-
18:23:46.176,snap,default,com.coolapk.market,discharging,1,40.1,81.9,85,95,1,47.75,2.25,5.48,32,3.83,1.228,4.70324,23452,11701,0,-
18:23:47.177,snap,default,com.coolapk.market,discharging,1,40.1,78.9,85,95,1,41.63,1.84,4.49,28,3.854,0.978,3.769212,23452,11701,0,-
18:23:48.178,snap,default,com.coolapk.market,discharging,1,40.1,75.9,85,95,1,41.63,1.84,4.49,26,3.827,1.272,4.867944,22811,12784,0,-
18:23:49.179,snap,default,com.coolapk.market,discharging,1,40.2,72.9,85,95,1,37.9,1.51,3.68,26,3.827,1.272,4.867944,22811,12784,0,-
18:23:50.179,snap,default,com.coolapk.market,discharging,1,40.2,69.9,85,95,1,37.9,1.51,3.68,26,3.854,0.824,3.1756961,22811,12784,0,-
18:23:51.179,snap,default,com.coolapk.market,discharging,1,40.2,66.9,85,95,1,33.38,1.23,3.01,26,3.852,0.818,3.1509361,12382,5817,0,-
18:23:52.179,snap,default,com.coolapk.market,discharging,1,40.2,65.9,85,95,1,33.38,1.23,3.01,0,3.87,0.592,2.29104,12382,5817,0,-
18:23:53.179,snap,default,com.coolapk.market,discharging,1,40.2,65.9,85,95,1,30.05,1.01,2.46,26,3.826,1.064,4.070864,16307,9005,0,-
18:23:54.180,snap,default,com.coolapk.market,discharging,1,40.3,67.1,85,95,1,30.05,1.01,2.46,34,3.842,1.2,4.6104,16307,9005,0,-
18:23:55.180,snap,default,com.coolapk.market,discharging,1,40.3,67.1,85,95,1,27.14,0.83,2.02,28,3.835,1.04,3.9884,20253,12051,0,-
18:23:56.180,snap,default,com.coolapk.market,discharging,1,40.3,67.1,85,95,1,27.14,0.83,2.02,31,3.824,1.27,4.8564796,20253,12051,0,-
18:23:57.181,snap,default,com.coolapk.market,discharging,1,40.3,66.3,85,95,1,25.12,0.67,1.65,26,3.839,1.022,3.9234579,20242,11939,0,-
18:23:58.181,snap,default,com.coolapk.market,discharging,1,40.3,66.3,85,95,1,25.12,0.67,1.65,34,3.825,1.006,3.8479502,20242,11939,0,-
18:23:59.181,snap,default,com.coolapk.market,discharging,1,40.3,66.3,85,95,1,24.56,0.55,1.35,37,3.826,1.33,5.08858,23508,14034,0,-
18:24:00.182,snap,default,com.coolapk.market,discharging,1,40.4,65.5,85,95,1,24.56,0.55,1.35,50,3.837,1.054,4.044198,23508,14034,0,-
18:24:01.185,snap,default,com.coolapk.market,discharging,1,40.4,65.5,85,95,1,22.82,0.45,1.1,46,3.842,0.974,3.7421079,16146,10716,0,-
18:24:02.185,snap,default,com.coolapk.market,discharging,1,40.4,65.5,85,95,1,22.82,0.45,1.1,24,3.848,0.976,3.7556481,16146,10716,0,-
18:24:03.185,snap,default,com.coolapk.market,discharging,1,40.4,68.5,85,95,1,23.22,0.55,0.9,48,3.81,1.704,6.49224,30011,18270,0,-
18:24:04.186,snap,default,com.coolapk.market,discharging,1,40.4,68.6,85,95,1,23.22,0.55,0.9,48,3.784,2.1,7.9463997,30011,18270,0,-
18:24:05.186,snap,default,com.coolapk.market,discharging,1,40.5,71.6,85,95,1,23.9,0.63,1.1,40,3.793,1.806,6.8501577,37517,18761,0,-
18:24:06.187,snap,default,com.coolapk.market,discharging,1,40.5,71.6,85,95,1,23.9,0.63,1.1,41,3.77,2.198,8.28646,37517,18761,0,-
18:24:07.187,snap,default,com.coolapk.market,discharging,1,40.5,74.6,85,95,1,31.35,0.88,2.71,41,3.738,2.82,10.54116,49004,12295,0,-
18:24:08.187,snap,default,com.coolapk.market,discharging,1,40.5,77.6,85,95,1,31.35,0.88,2.71,36,3.768,2.178,8.206703,49004,12295,0,-
18:24:09.187,snap,default,com.coolapk.market,discharging,1,40.5,80.6,85,95,1,36.72,1.08,4.58,36,3.754,2.594,9.737876,43052,11208,0,-
18:24:10.188,snap,default,com.coolapk.market,discharging,1,40.5,80.6,85,95,1,36.72,1.08,4.58,58,3.751,2.472,9.272471,43052,11208,0,-
18:24:11.188,snap,default,com.coolapk.market,discharging,1,40.6,83.6,85,95,1,43.29,1.79,6.46,35,3.727,2.99,11.14373,49389,6846,0,-
18:24:12.188,snap,default,com.coolapk.market,discharging,1,40.6,86.6,85,95,1,43.29,1.79,6.46,62,3.742,2.838,10.619797,49389,6846,0,-
18:24:13.188,snap,default,com.coolapk.market,discharging,1,40.6,89.6,85,95,1,49.94,2.19,10,62,3.749,2.658,9.964842,39184,12300,0,-
18:24:14.188,snap,default,com.coolapk.market,discharging,1,40.6,90.7,85,95,1,49.94,2.19,10,66,3.746,2.582,9.672173,39184,12300,0,-
18:24:15.194,snap,default,com.coolapk.market,discharging,1,40.6,90.7,85,95,1,52.85,2.15,8.91,50,3.762,2.474,9.307188,38943,15794,0,-
18:24:16.195,snap,default,com.coolapk.market,discharging,1,40.6,90.7,85,95,1,52.85,2.15,8.91,50,3.829,1.746,6.6854343,38943,15794,0,-
18:24:17.195,snap,default,com.coolapk.market,discharging,1,40.6,90.7,85,95,1,51.24,1.76,7.84,0,3.83,1.08,4.1364,38943,15794,0,-
18:24:18.196,snap,default,com.coolapk.market,discharging,1,40.6,90.7,85,95,1,51.24,1.76,7.84,0,3.83,1.08,4.1364,15281,7139,0,-
18:24:19.196,snap,default,com.coolapk.market,discharging,1,40.6,90.7,85,95,1,51.24,1.76,7.84,0,3.856,0.868,3.3470078,15281,7139,0,-
18:24:20.196,snap,default,com.coolapk.market,discharging,1,40.6,90.7,85,95,1,43.95,1.44,6.42,46,3.786,1.692,6.405912,24481,13156,0,-
18:24:21.196,snap,default,com.coolapk.market,discharging,1,40.7,90.7,85,95,1,43.95,1.44,6.42,70,3.797,1.794,6.811818,24481,13156,0,-
18:24:22.196,snap,default,com.coolapk.market,discharging,1,40.7,90.7,85,95,1,40.7,1.36,5.26,68,3.808,1.678,6.389824,26893,16443,0,-
18:24:23.197,snap,default,com.coolapk.market,discharging,1,40.7,90.7,85,95,1,36.59,1.11,4.3,68,3.844,0.87,3.34428,26893,16443,0,-
18:24:24.197,snap,default,com.coolapk.market,discharging,1,40.7,90.7,85,95,1,36.59,1.11,4.3,45,3.842,0.958,3.680636,13643,7215,0,-
18:24:25.197,snap,default,com.coolapk.market,discharging,1,40.7,90.7,85,95,1,32.49,0.91,3.52,32,3.836,1.05,4.0277996,13643,7215,0,-
18:24:26.197,snap,default,com.coolapk.market,discharging,1,40.8,90.7,85,95,1,32.49,0.91,3.52,25,3.856,0.698,2.691488,13004,6169,0,-
18:24:27.201,snap,default,com.coolapk.market,discharging,1,40.8,90.7,85,95,1,28.78,0.74,2.88,28,3.835,0.972,3.7276201,13004,6169,0,-
18:24:28.202,snap,default,com.coolapk.market,discharging,1,40.8,90.7,85,95,1,28.78,0.74,2.88,28,3.846,0.732,2.8152719,10342,5163,0,-
18:24:29.202,snap,default,com.coolapk.market,discharging,1,40.8,90.7,85,95,1,26.83,0.61,2.36,26,3.792,1.436,5.445312,10342,5163,0,-
18:24:30.203,snap,default,com.coolapk.market,discharging,1,40.8,90.7,85,95,1,26.83,0.61,2.36,51,3.826,1.318,5.042668,19248,10828,0,-
18:24:31.203,snap,default,com.coolapk.market,discharging,1,40.8,90.7,85,95,1,24.5,0.5,2.11,51,3.853,0.672,2.589216,19248,10828,0,-
18:24:32.203,snap,default,com.coolapk.market,discharging,1,40.9,90.7,85,95,1,24.5,0.5,2.11,0,3.855,0.682,2.6291099,9116,2897,0,-
18:24:33.204,snap,default,com.coolapk.market,discharging,1,40.9,90.7,85,95,1,21.69,0.41,1.73,0,3.858,0.662,2.553996,9116,2897,0,-
18:24:34.204,snap,default,com.coolapk.market,discharging,1,40.9,90.7,85,95,1,21.69,0.41,1.73,0,3.855,0.71,2.7370498,10173,4737,0,-
18:24:35.204,snap,default,com.coolapk.market,discharging,1,40.9,90.7,85,95,1,20.12,0.33,1.41,28,3.832,1.108,4.2458563,10173,4737,0,-
18:24:36.204,snap,default,com.coolapk.market,discharging,1,40.9,90.7,85,95,1,20.12,0.33,1.41,0,3.858,0.764,2.947512,14231,8776,0,-
18:24:37.205,snap,default,com.coolapk.market,discharging,1,40.9,90.7,85,95,1,18.83,0.27,1.16,0,3.865,0.598,2.31127,14231,8776,0,-
18:24:38.205,snap,default,com.coolapk.market,discharging,1,40.9,90.7,85,95,1,18.83,0.27,1.16,31,3.858,0.728,2.808624,7809,3354,0,-
18:24:39.205,snap,default,com.coolapk.market,discharging,1,40.9,90.7,85,95,1,17.23,0.22,0.95,0,3.863,0.596,2.302348,7809,3354,0,-
18:24:40.208,snap,default,com.coolapk.market,discharging,1,40.9,90.7,85,95,1,17.23,0.22,0.95,0,3.872,0.56,2.16832,9918,5139,0,-
18:24:41.207,snap,default,com.coolapk.market,discharging,1,40.9,90.7,85,95,1,17,0.18,0.77,27,3.832,1.336,5.1195517,9918,5139,0,-
18:24:42.207,snap,default,com.coolapk.market,discharging,1,41,90.7,85,95,1,17,0.18,0.77,35,3.805,1.47,5.5933504,9918,5139,0,-
18:24:43.207,snap,default,com.coolapk.market,discharging,1,41,90.7,85,95,1,18.99,0.15,0.81,48,3.82,1.784,6.81488,32799,19513,0,-
18:24:44.207,snap,default,com.coolapk.market,discharging,1,41,90.7,85,95,1,18.99,0.15,0.81,48,3.853,1.016,3.914648,32799,19513,0,-
18:24:45.208,snap,default,com.coolapk.market,discharging,1,41,90.7,85,95,1,19,0.12,0.67,29,3.856,0.796,3.069376,22185,13819,0,-
18:24:46.208,snap,default,com.coolapk.market,discharging,1,41,90.7,85,95,1,19,0.12,0.67,50,3.832,1.154,4.422128,22185,13819,0,-
18:24:47.208,snap,default,com.coolapk.market,discharging,1,41,90.7,85,95,1,18.45,0.1,0.54,69,3.826,1.374,5.2569237,15900,9852,0,-
18:24:48.208,snap,default,com.coolapk.market,discharging,1,41,90.7,85,95,1,18.45,0.1,0.54,69,3.823,1.426,5.451598,15900,9852,0,-
18:24:49.209,snap,default,com.coolapk.market,discharging,1,41,90.7,85,95,1,17.64,0.08,0.44,69,3.845,1.162,4.46789,20681,11999,0,-
18:24:50.212,snap,default,com.coolapk.market,discharging,1,41,90.7,85,95,1,17.64,0.08,0.44,45,3.845,1.162,4.46789,20681,11999,0,-
18:24:51.212,snap,default,com.coolapk.market,discharging,1,41,90.7,85,95,1,17.64,0.08,0.44,45,3.838,1.286,4.935668,14520,8803,0,-
18:24:52.212,snap,default,com.coolapk.market,discharging,1,41.2,90.7,85,95,1,16.62,0.06,0.36,54,3.835,1.092,4.18782,14520,8803,0,-
18:24:53.213,snap,default,com.coolapk.market,discharging,1,41.2,90.7,85,95,1,16.62,0.06,0.36,62,3.829,1.188,4.548852,17144,9972,0,-
18:24:54.213,snap,default,com.coolapk.market,discharging,1,41.2,90.7,85,95,1,15.96,0.05,0.3,49,3.829,1.188,4.548852,17144,9972,0,-
18:24:55.213,snap,default,com.coolapk.market,discharging,1,41.2,90.7,85,95,1,15.61,0.04,0.24,58,3.819,1.53,5.84307,19596,10624,0,-
18:24:56.214,snap,default,com.coolapk.market,discharging,1,41.2,90.7,85,95,1,15.61,0.04,0.24,27,3.831,1.142,4.375002,19596,10624,0,-
18:24:57.215,snap,default,com.coolapk.market,discharging,1,41.2,90.7,85,95,1,17.13,0.03,0.2,0,3.852,0.836,3.220272,13964,6314,0,-
18:24:58.215,snap,default,com.coolapk.market,discharging,1,41.2,90.7,85,95,1,17.13,0.03,0.2,0,3.858,0.672,2.592576,13964,6314,0,-
18:24:59.215,snap,default,com.coolapk.market,discharging,1,41.2,90.7,85,95,1,15.65,0.02,0.34,18,3.858,0.628,2.4228241,10336,4346,0,-
18:25:00.215,snap,default,com.coolapk.market,discharging,1,41.2,90.7,85,95,1,15.65,0.02,0.34,0,3.859,0.562,2.168758,10336,4346,0,-
18:25:01.216,snap,default,com.coolapk.market,discharging,1,41.2,90.7,85,95,1,14.99,0.02,0.28,0,3.859,0.592,2.284528,9147,3994,0,-
18:25:02.217,snap,default,com.coolapk.market,discharging,1,41.2,90.7,85,95,1,14.99,0.02,0.28,0,3.862,0.654,2.525748,9147,3994,0,-
18:25:03.217,snap,default,com.coolapk.market,discharging,1,41.3,90.7,85,95,1,14.63,0.01,0.23,0,3.859,0.72,2.77848,11410,4630,0,-
18:25:04.217,snap,default,com.coolapk.market,discharging,1,41.3,90.7,85,95,1,14.63,0.01,0.23,0,3.864,0.64,2.47296,11410,4630,0,-
18:25:05.217,snap,default,com.coolapk.market,discharging,1,41.3,90.7,85,95,1,13.97,0.01,0.37,0,3.86,0.63,2.4318,10669,5061,0,-
18:25:06.217,snap,default,com.coolapk.market,discharging,1,41.3,90.7,85,95,1,13.97,0.01,0.37,23,3.816,1.354,5.166864,10669,5061,0,-
18:25:07.217,snap,default,com.coolapk.market,discharging,1,41.3,90.7,85,95,1,15.97,0.01,0.3,57,3.843,1.288,4.949784,21395,13067,0,-
18:25:08.220,snap,default,com.coolapk.market,discharging,1,41.3,90.7,85,95,1,15.97,0.01,0.3,23,3.824,1.21,4.62704,21395,13067,0,-
18:25:09.218,snap,default,com.coolapk.market,discharging,1,41.3,90.7,85,95,1,15.97,0.01,0.24,67,3.818,1.48,5.65064,21395,13067,0,-
18:25:10.218,snap,default,com.coolapk.market,discharging,1,41.3,90.7,85,95,1,15.97,0.01,0.24,64,3.817,1.378,5.259826,20872,14511,0,-
18:25:11.218,snap,default,com.coolapk.market,discharging,1,41.3,90.7,85,95,1,15.98,0,0.2,67,3.821,1.518,5.800278,20872,14511,0,-
18:25:12.219,snap,default,com.coolapk.market,discharging,1,41.3,90.7,85,95,1,15.98,0,0.2,61,3.824,1.296,4.955904,21916,10805,0,-
18:25:13.219,snap,default,com.coolapk.market,discharging,1,41.4,90.7,85,95,1,14.71,0,0.16,40,3.841,1.046,4.017686,21916,10805,0,-
18:25:14.219,snap,default,com.coolapk.market,discharging,1,41.4,90.7,85,95,1,14.71,0,0.16,4,3.855,0.78,3.0068998,12103,5354,0,-
18:25:15.219,snap,default,com.coolapk.market,discharging,1,41.4,90.7,85,95,1,12.77,0,0.13,15,3.856,0.928,3.578368,12103,5354,0,-
18:25:16.219,snap,default,com.coolapk.market,discharging,1,41.4,90.7,85,95,1,12.77,0,0.13,10,3.849,0.776,2.986824,8807,3630,0,-
18:25:17.219,snap,default,com.coolapk.market,discharging,1,41.4,90.7,85,95,1,11.91,0,0.11,40,3.837,1.322,5.072514,8807,3630,0,-
18:25:18.220,snap,default,com.coolapk.market,discharging,1,41.5,90.7,85,95,1,11.91,0,0.11,31,3.832,1.302,4.989264,18259,9950,0,-
18:25:19.220,snap,default,com.coolapk.market,discharging,1,41.5,90.7,85,95,1,12.83,0,0.09,43,3.827,1.318,5.043986,18259,9950,0,-
18:25:20.221,snap,default,com.coolapk.market,discharging,1,41.5,90.7,85,95,1,12.83,0,0.09,67,3.827,1.318,5.043986,18632,11923,0,-
18:25:21.221,snap,default,com.coolapk.market,discharging,1,41.5,90.7,85,95,1,12.83,0,0.09,67,3.828,1.376,5.2673283,18632,11923,0,-
18:25:22.221,snap,default,com.coolapk.market,discharging,1,41.5,90.7,85,95,1,13.58,0,0.25,65,3.818,1.41,5.38338,19962,11752,0,-
18:25:23.221,snap,default,com.coolapk.market,discharging,1,41.5,90.7,85,95,1,13.58,0,0.25,67,3.851,1.116,4.297716,19962,11752,0,-
18:25:24.222,snap,default,com.coolapk.market,discharging,1,41.6,90.7,85,95,1,13.66,0,0.39,61,3.828,1.52,5.81856,17405,8412,0,-
18:25:25.222,snap,default,com.coolapk.market,discharging,1,41.6,90.7,85,95,1,13.66,0,0.39,63,3.82,1.394,5.32508,17405,8412,0,-
18:25:26.222,snap,default,com.coolapk.market,discharging,1,41.6,90.7,85,95,1,12.81,0,0.31,61,3.814,1.456,5.5531836,26968,12520,0,-
18:25:27.222,snap,default,com.coolapk.market,discharging,1,41.6,90.7,85,95,1,15.02,0.18,0.26,63,3.773,2.202,8.3081455,26968,12520,0,-
18:25:28.249,snap,default,com.android.launcher,discharging,1,41.6,90.7,85,95,1,15.02,0.18,0.26,67,3.772,2.454,9.256488,28107,16648,0,-
18:25:29.250,snap,default,com.android.launcher,discharging,1,41.6,90.7,85,95,1,17.01,0.33,0.21,57,3.833,1.25,4.7912498,28107,16648,0,-
18:25:30.251,snap,default,com.android.launcher,discharging,1,41.6,87.7,85,95,1,17.01,0.33,0.21,27,3.756,2.302,8.646313,42538,16648,0,-
18:25:31.251,snap,default,com.tencent.mobileqq,discharging,1,41.6,87.7,85,95,1,22.98,1.35,0.53,9,3.785,2.268,8.58438,42538,16648,0,-
18:25:32.251,snap,default,com.tencent.mobileqq,discharging,1,41.6,87.7,85,95,1,22.98,1.35,0.53,31,3.79,1.962,7.43598,28243,13041,0,-
18:25:33.251,snap,default,com.tencent.mobileqq,discharging,1,41.6,87.7,85,95,1,22.44,1.47,0.62,23,3.815,1.302,4.96713,28243,13041,0,-
18:25:34.251,snap,default,com.tencent.mobileqq,discharging,1,41.6,87.7,85,95,1,22.44,1.47,0.62,25,3.829,1.204,4.610116,21567,12270,0,-
18:25:35.252,snap,default,com.tencent.mobileqq,discharging,1,41.7,87.7,85,95,1,22.18,1.56,0.5,25,3.793,1.798,6.8198137,21567,12270,0,-
18:25:36.252,snap,default,com.tencent.mobileqq,discharging,1,41.7,87.7,85,95,1,22.18,1.56,0.5,25,3.826,1.366,5.226316,21567,12270,0,-
18:25:37.253,snap,default,com.tencent.mobileqq,discharging,1,41.7,87.7,85,95,1,20.7,1.64,0.77,16,3.844,0.856,3.2904642,17460,8540,0,-
18:25:38.253,snap,default,com.tencent.mobileqq,discharging,1,41.7,87.7,85,95,1,20.7,1.64,0.77,14,3.841,0.968,3.7180882,17460,8540,0,-
18:25:39.254,snap,default,com.tencent.mobileqq,discharging,1,41.7,87.7,85,95,1,18.58,1.34,0.63,14,3.846,0.818,3.146028,10683,5345,0,-
18:25:40.254,snap,default,com.tencent.mobileqq,discharging,1,41.8,87.7,85,95,1,18.58,1.34,0.63,14,3.843,0.978,3.7584538,10683,5345,0,-
18:25:41.254,snap,default,com.tencent.mobileqq,discharging,1,41.8,87.7,85,95,1,17.02,1.1,0.52,14,3.844,0.856,3.2904642,11061,6012,0,-
18:25:42.254,snap,default,com.tencent.mobileqq,discharging,1,41.8,87.7,85,95,1,17.02,1.1,0.52,14,3.845,0.95,3.65275,11061,6012,0,-
18:25:43.255,snap,default,com.tencent.mobileqq,discharging,1,41.8,87.7,85,95,1,15.93,0.9,0.42,14,3.854,0.824,3.1756961,10882,5911,0,-
18:25:44.255,snap,default,com.tencent.mobileqq,discharging,1,41.8,87.7,85,95,1,15.93,0.9,0.42,14,3.848,0.81,3.11688,10882,5911,0,-
18:25:45.255,snap,default,com.tencent.mobileqq,discharging,1,41.8,87.7,85,95,1,15.76,0.74,0.34,14,3.851,0.916,3.5275161,11217,5486,0,-
18:25:46.255,snap,default,com.tencent.mobileqq,discharging,1,41.8,87.7,85,95,1,15.76,0.74,0.34,14,3.85,0.852,3.2802,11217,5486,0,-
18:25:47.255,snap,default,com.tencent.mobileqq,discharging,1,41.8,87.7,85,95,1,14.9,0.6,0.28,14,3.814,1.104,4.2106557,10582,5915,0,-
18:25:48.256,snap,default,com.tencent.mobileqq,discharging,1,41.8,87.7,85,95,1,14.9,0.6,0.28,23,3.856,0.802,3.092512,10582,5915,0,-
18:25:49.256,snap,default,com.tencent.mobileqq,discharging,1,41.8,84.7,85,95,1,15.28,0.67,0.23,33,3.747,2.424,9.082728,19022,10263,0,-
18:25:50.256,snap,default,com.tencent.mobileqq,discharging,1,41.8,81.7,85,95,1,15.28,0.67,0.23,78,3.722,3.406,12.677132,19022,10263,0,-
18:25:51.269,snap,default,com.tencent.mobileqq,discharging,1,41.8,84.7,85,95,1,18.49,0.55,0.19,76,3.722,3.272,12.178384,28663,16621,0,-
18:25:52.262,snap,default,com.tencent.mobileqq,discharging,1,41.8,87.7,85,95,1,18.49,0.55,0.19,76,3.725,3.24,12.068999,28663,16621,0,-
18:25:53.262,snap,default,com.tencent.mobileqq,discharging,1,41.8,89.2,85,95,1,24.92,0.45,0.15,68,3.725,3.24,12.068999,28181,15929,0,-
18:25:54.263,snap,default,com.tencent.mobileqq,discharging,1,41.8,86.2,85,95,1,24.92,0.45,0.15,68,3.814,1.786,6.811804,28181,15929,0,-
18:25:55.263,snap,default,com.tencent.mobileqq,discharging,1,41.8,83.2,85,95,1,24.92,0.45,0.15,19,3.785,1.686,6.3815103,24710,14283,0,-
18:25:56.268,snap,default,com.tencent.mobileqq,discharging,1,41.8,86.2,85,95,1,24.75,0.37,0.12,57,3.74,2.956,11.05544,24710,14283,0,-
18:25:57.268,snap,default,com.tencent.mobileqq,discharging,1,41.8,87.6,85,95,1,24.75,0.37,0.12,81,3.743,3.02,11.30386,24793,13164,0,-
18:25:58.268,snap,default,com.tencent.mobileqq,discharging,1,41.8,87.6,85,95,1,26.25,0.3,0.28,68,3.812,1.672,6.3736644,24793,13164,0,-
18:25:59.268,snap,default,com.tencent.mobileqq,discharging,1,41.8,87.6,85,95,1,26.25,0.3,0.28,14,3.848,0.89,3.42472,12665,6553,0,-
18:26:00.268,snap,default,com.tencent.mobileqq,discharging,1,41.8,87.6,85,95,1,23.48,0.24,0.23,16,3.814,1.232,4.698848,12665,6553,0,-
18:26:01.268,snap,default,com.tencent.mobileqq,discharging,1,41.8,87.6,85,95,1,22.13,0.38,0.37,18,3.797,1.268,4.814596,20437,12403,0,-
18:26:02.268,snap,default,com.tencent.mobileqq,discharging,1,41.8,87.6,85,95,1,22.13,0.38,0.37,64,3.785,1.684,6.37394,20437,12403,0,-
18:26:03.269,snap,default,com.tencent.mobileqq,discharging,1,41.8,87.6,85,95,1,20.83,0.31,0.3,24,3.838,1.166,4.475108,20437,12403,0,-
18:26:04.269,snap,default,com.tencent.mobileqq,discharging,1,41.8,87.6,85,95,1,20.83,0.31,0.3,19,3.827,1.276,4.883252,18863,9487,0,-
18:26:05.269,snap,default,com.tencent.mobileqq,discharging,1,41.8,87.6,85,95,1,19.6,0.43,0.24,15,3.828,0.946,3.621288,18863,9487,0,-
18:26:06.269,snap,default,com.tencent.mobileqq,discharging,1,41.8,87.6,85,95,1,19.6,0.43,0.24,26,3.821,1.258,4.806818,15537,9138,0,-
18:26:07.269,snap,default,com.tencent.mobileqq,discharging,1,41.8,87.6,85,95,1,18.94,0.35,0.2,30,3.835,1.112,4.26452,15537,9138,0,-
18:26:08.270,snap,default,com.tencent.mobileqq,discharging,1,41.9,87.6,85,95,1,18.94,0.35,0.2,11,3.851,0.914,3.519814,15789,10096,0,-
18:26:09.270,snap,default,com.tencent.mobileqq,discharging,1,41.9,87.6,85,95,1,17.5,0.29,0.16,7,3.848,0.776,2.9860482,15789,10096,0,-
18:26:10.270,snap,default,com.tencent.mobileqq,discharging,1,41.9,87.6,85,95,1,17.5,0.29,0.16,4,3.852,0.758,2.919816,10408,5450,0,-
18:26:11.270,snap,default,com.tencent.mobileqq,discharging,1,41.9,87.6,85,95,1,17.05,0.24,0.13,8,3.837,1.298,4.980426,10408,5450,0,-
18:26:12.271,snap,default,com.tencent.mobileqq,discharging,1,41.9,87.6,85,95,1,17.05,0.24,0.13,21,3.829,1.49,5.70521,19251,10230,0,-
18:26:13.271,snap,default,com.tencent.mobileqq,discharging,1,41.9,87.6,85,95,1,18.49,0.37,0.11,14,3.817,1.47,5.61099,19251,10230,0,-
18:26:14.271,snap,default,com.tencent.mobileqq,discharging,1,41.9,87.6,85,95,1,18.49,0.37,0.11,13,3.839,1.048,4.023272,18426,10925,0,-
18:26:15.272,snap,default,com.tencent.mobileqq,discharging,1,41.9,87.6,85,95,1,17.67,0.3,0.09,11,3.845,0.906,3.48357,18426,10925,0,-
18:26:16.272,snap,default,com.tencent.mobileqq,discharging,1,41.9,87.6,85,95,1,17.67,0.3,0.09,13,3.844,0.968,3.720992,16427,9507,0,-
18:26:17.272,snap,default,com.tencent.mobileqq,discharging,1,41.9,87.6,85,95,1,16.46,0.25,0.07,18,3.845,0.988,3.7988598,16427,9507,0,-
18:26:18.272,snap,default,com.tencent.mobileqq,discharging,1,41.9,87.6,85,95,1,16.46,0.25,0.07,18,3.827,1.168,4.469936,21441,10841,0,-
18:26:19.273,snap,default,com.tencent.mobileqq,discharging,1,41.9,87.6,85,95,1,16.92,1.11,0.06,15,3.808,1.65,6.2832003,21441,10841,0,-
18:26:20.273,snap,default,com.tencent.mobileqq,discharging,1,41.9,87.6,85,95,1,16.92,1.11,0.06,20,3.804,1.512,5.751648,29062,12208,0,-
18:26:21.274,snap,default,com.tencent.mobileqq,discharging,1,41.9,87.6,85,95,1,16.94,1.63,0.04,23,3.808,1.692,6.443136,29062,12208,0,-
18:26:22.275,snap,default,com.tencent.mobileqq,discharging,1,41.9,84.6,85,95,1,16.94,1.63,0.04,19,3.791,1.894,7.180154,24551,14782,0,-
18:26:23.274,snap,default,com.tencent.mobileqq,discharging,1,41.9,84.6,85,95,1,17.49,1.52,0.04,27,3.809,1.87,7.12283,24551,14782,0,-
18:26:24.274,snap,default,com.tencent.mobileqq,discharging,1,41.9,84.6,85,95,1,17.49,1.52,0.04,20,3.782,1.734,6.557988,34894,18053,0,-
18:26:25.274,snap,default,com.tencent.mobileqq,discharging,1,41.9,84.6,85,95,1,21.02,1.42,0.03,20,3.782,1.734,6.557988,34894,18053,0,-
18:26:26.275,snap,default,com.tencent.mobileqq,discharging,1,41.9,84.6,85,95,1,21.02,1.42,0.03,20,3.829,1.392,5.329968,20910,9326,0,-
18:26:27.276,snap,default,com.android.launcher,discharging,1,41.9,84.6,85,95,1,21.02,1.42,0.03,9,3.836,1.006,3.8590162,20910,9326,0,-
18:26:28.277,snap,default,com.android.launcher,discharging,1,41.9,84.6,85,95,1,21.92,1.34,0.02,0,3.852,0.714,2.750328,20910,9326,0,-
18:26:29.277,snap,default,com.android.launcher,discharging,1,41.9,84.6,85,95,1,21.92,1.34,0.02,0,3.856,0.582,2.2441921,10030,4287,0,-
18:26:30.278,snap,default,com.android.launcher,discharging,1,41.9,84.6,85,95,1,19.76,1.1,0.02,0,3.86,0.592,2.28512,10030,4287,0,-
18:26:31.279,snap,default,com.android.launcher,discharging,1,41.9,84.6,85,95,1,19.76,1.1,0.02,0,3.855,0.574,2.21277,6936,2639,0,-
18:26:32.279,snap,default,com.android.launcher,discharging,1,41.9,84.6,85,95,1,17.45,0.9,0.01,0,3.86,0.522,2.01492,6936,2639,0,-
18:26:33.280,snap,default,com.android.launcher,discharging,1,41.9,84.6,85,95,1,15.74,0.73,0.01,0,3.866,0.466,1.801556,5507,1980,0,-
18:26:34.281,snap,default,com.android.launcher,discharging,1,41.9,84.6,85,95,1,15.74,0.73,0.01,0,3.852,0.6,2.3112001,5507,1980,0,-
18:26:35.281,snap,default,com.android.launcher,discharging,1,41.9,84.6,85,95,1,14.52,0.6,0.01,0,3.868,0.502,1.9417359,6343,2393,0,-
18:26:36.283,snap,default,com.android.launcher,discharging,1,41.9,84.6,85,95,1,14.52,0.6,0.01,0,3.864,0.53,2.04792,6343,2393,0,-
18:26:37.283,snap,default,com.android.launcher,discharging,1,41.9,84.6,85,95,1,13.88,0.49,0,0,3.875,0.448,1.7360001,6732,2320,0,-
18:26:38.284,snap,default,com.android.launcher,discharging,1,41.9,84.6,85,95,1,13.88,0.49,0,0,3.851,0.648,2.495448,6732,2320,0,-
18:26:39.285,snap,default,com.android.launcher,discharging,1,41.9,84.6,85,95,1,12.81,0.4,0,0,3.861,0.782,3.0193021,7841,2825,0,-
18:26:40.287,snap,default,com.android.launcher,discharging,1,41.9,84.6,85,95,1,12.81,0.4,0,0,3.867,0.47,1.8174901,7841,2825,0,-
18:26:41.287,snap,default,com.android.launcher,discharging,1,41.9,84.6,85,95,1,11.94,0.33,0,0,3.867,0.496,1.918032,4848,1580,0,-
18:26:42.288,snap,default,com.android.launcher,discharging,1,41.9,84.6,85,95,1,11.94,0.33,0,0,3.867,0.504,1.948968,4848,1580,0,-
18:26:43.290,snap,default,com.android.launcher,discharging,1,41.9,84.6,85,95,1,11.59,0.27,0,0,3.872,0.478,1.8508159,8356,2649,0,-
18:26:44.291,snap,default,com.android.launcher,discharging,1,41.9,84.6,85,95,1,11.59,0.27,0,0,3.87,0.544,2.1052802,8356,2649,0,-
18:26:45.291,snap,default,com.android.launcher,discharging,1,41.9,84.6,85,95,1,10.75,0.22,0,0,3.875,0.402,1.55775,5544,1905,0,-
18:26:46.292,snap,default,com.android.launcher,discharging,1,41.9,84.6,85,95,1,10.75,0.22,0,0,3.874,0.446,1.7278041,5544,1905,0,-
18:26:47.293,snap,default,com.android.launcher,discharging,1,41.9,84.6,85,95,1,10.62,0.18,0.36,0,3.869,0.444,1.717836,8479,3029,0,-
18:26:48.293,snap,default,com.android.launcher,discharging,1,41.9,84.6,85,95,1,10.62,0.18,0.36,0,3.869,0.464,1.795216,8479,3029,0,-
18:26:49.293,snap,default,com.android.launcher,discharging,1,41.9,84.6,85,95,1,10.5,0.14,0.29,4,3.859,0.688,2.654992,11165,5234,0,-
18:26:50.296,snap,default,com.android.launcher,discharging,1,41.9,84.6,85,95,1,10.5,0.14,0.29,4,3.87,0.438,1.6950599,11165,5234,0,-
18:26:51.296,snap,default,com.android.launcher,discharging,1,41.9,84.6,85,95,1,10.41,0.12,0.24,0,3.868,0.49,1.89532,9200,3814,0,-
18:26:52.296,snap,default,com.android.launcher,discharging,1,41.9,84.6,85,95,1,10.41,0.12,0.24,33,3.855,0.92,3.5466,9200,3814,0,-
18:26:53.296,snap,default,com.android.launcher,discharging,1,41.9,84.6,85,95,1,11.06,0.09,0.2,0,3.877,0.4,1.5508001,12831,5550,0,-
18:26:54.298,snap,default,com.android.launcher,discharging,1,41.9,84.6,85,95,1,11.06,0.09,0.2,0,3.879,0.366,1.419714,12831,5550,0,-
18:26:55.299,snap,default,com.android.launcher,discharging,1,41.9,84.6,85,95,1,10.51,0.08,0.16,0,3.879,0.366,1.419714,12831,5550,0,-
18:26:56.299,snap,default,com.android.launcher,discharging,1,41.9,84.6,85,95,1,10.51,0.08,0.16,0,3.871,0.424,1.641304,5846,1946,0,-
18:26:57.299,snap,default,com.android.launcher,discharging,1,41.9,84.6,85,95,1,10.51,0.08,0.16,0,3.88,0.366,1.4200801,5846,1946,0,-
18:26:58.300,snap,default,com.android.launcher,discharging,1,41.9,84.6,85,95,1,10.23,0.06,0.13,0,3.875,0.344,1.3330001,7226,2546,0,-
18:26:59.301,snap,default,com.android.launcher,discharging,1,41.9,84.6,85,95,1,10.23,0.06,0.13,0,3.872,0.414,1.603008,7226,2546,0,-
18:27:00.302,snap,default,com.android.launcher,discharging,1,41.9,84.6,85,95,1,9.46,0.05,0.1,0,3.873,0.356,1.378788,4952,1618,0,-
18:27:01.302,snap,default,com.android.launcher,discharging,1,41.9,84.6,85,95,1,9.46,0.05,0.1,0,3.878,0.346,1.3417879,4952,1618,0,-
18:27:02.304,snap,default,com.android.launcher,discharging,1,41.9,84.6,85,95,1,9.02,0.04,0.08,0,3.877,0.372,1.442244,7463,2611,0,-
18:27:03.304,snap,default,com.android.launcher,discharging,1,41.9,84.6,85,95,1,9.19,0.03,0.07,0,3.88,0.36,1.3968,7463,2611,0,-
18:27:04.304,snap,default,com.android.launcher,discharging,1,41.9,84.6,85,95,1,9.19,0.03,0.07,0,3.873,0.392,1.5182159,4607,1718,0,-
18:27:05.305,snap,default,com.android.launcher,discharging,1,41.9,84.6,85,95,1,8.8,0.02,0.05,0,3.879,0.274,1.062846,4607,1718,0,-
18:27:06.307,snap,default,com.android.launcher,discharging,1,41.9,84.6,85,95,1,8.8,0.02,0.05,0,3.878,0.346,1.3417879,4124,1344,0,-
18:27:07.307,snap,default,com.android.launcher,discharging,1,41.9,84.6,85,95,1,8.65,0.02,0.04,0,3.883,0.31,1.20373,4124,1344,0,-
18:27:08.308,snap,default,com.android.launcher,discharging,1,41.9,84.6,85,95,1,8.65,0.02,0.04,0,3.876,0.342,1.325592,4900,1807,0,-
18:27:09.309,snap,default,com.android.launcher,discharging,1,41.9,84.6,85,95,1,8.35,0.01,0.03,0,3.88,0.348,1.35024,4900,1807,0,-
18:27:10.309,snap,default,com.android.launcher,discharging,1,41.9,84.6,85,95,1,8.35,0.01,0.03,0,3.876,0.358,1.387608,4719,1304,0,-
18:27:11.310,snap,default,com.android.launcher,discharging,1,41.9,84.6,85,95,1,9.01,0.01,0.03,0,3.873,0.478,1.8512939,4719,1304,0,-
18:27:12.311,snap,default,com.android.launcher,discharging,1,41.9,84.6,85,95,1,9.01,0.01,0.03,0,3.877,0.338,1.310426,5958,2326,0,-
18:27:13.313,snap,default,com.android.launcher,discharging,1,41.9,84.6,85,95,1,9.01,0.01,0.02,0,3.873,0.334,1.293582,5958,2326,0,-
18:27:14.315,snap,default,com.android.launcher,discharging,1,41.9,84.6,85,95,1,9.01,0.01,0.02,0,3.876,0.35,1.3565999,4551,1551,0,-
18:27:15.315,snap,default,com.android.launcher,discharging,1,41.9,84.6,85,95,1,9.01,0,0.02,0,3.873,0.338,1.3090739,4551,1551,0,-
18:27:16.318,snap,default,com.android.launcher,discharging,1,41.9,84.6,85,95,1,9.01,0,0.02,0,3.872,0.422,1.633984,4871,1966,0,-
18:27:17.318,snap,default,com.android.launcher,discharging,1,41.9,84.6,85,95,1,8.46,0,0.01,0,3.88,0.294,1.14072,4871,1966,0,-
18:27:18.318,snap,default,com.android.launcher,discharging,1,41.9,84.6,85,95,1,8.46,0,0.01,0,3.878,0.36,1.39608,3649,1355,0,-
18:27:19.320,snap,default,com.android.launcher,discharging,1,41.9,84.6,85,95,1,8.38,0,0.01,0,3.879,0.316,1.225764,3649,1355,0,-
18:27:20.320,snap,default,com.android.launcher,discharging,1,41.9,84.6,85,95,1,8.38,0,0.01,0,3.877,0.34,1.3181801,3357,1199,0,-
18:27:21.322,snap,default,com.android.launcher,discharging,1,41.9,84.6,85,95,1,8.12,0,0.01,20,3.877,0.34,1.3181801,3357,1199,0,-
18:27:22.322,snap,default,com.android.launcher,discharging,1,41.9,84.6,85,95,1,8.12,0,0.01,20,3.876,0.31,1.20156,3357,1199,0,-
18:27:23.323,snap,default,com.android.launcher,discharging,1,41.9,84.6,85,95,1,8.12,0,0.01,0,3.881,0.332,1.288492,3556,1270,0,-
18:27:24.325,snap,default,com.android.launcher,discharging,1,41.9,84.6,85,95,1,8.28,0,0,0,3.879,0.304,1.1792159,3556,1270,0,-
18:27:25.325,snap,default,com.android.launcher,discharging,1,41.9,84.6,85,95,1,8.28,0,0,0,3.883,0.282,1.095006,3934,1458,0,-
18:27:26.325,snap,default,com.android.launcher,discharging,1,41.9,84.6,85,95,1,8.23,0,0,0,3.871,0.384,1.486464,3934,1458,0,-
18:27:27.327,snap,default,com.android.launcher,discharging,1,41.9,84.6,85,95,1,8.23,0,0,0,3.88,0.302,1.17176,5663,1520,0,-
18:27:28.328,snap,default,com.android.launcher,discharging,1,41.8,84.6,85,95,1,9.09,0,0,0,3.882,0.28,1.08696,5663,1520,0,-
18:27:29.328,snap,default,com.android.launcher,discharging,1,41.8,84.6,85,95,1,9.09,0,0,0,3.885,0.264,1.02564,3604,1024,0,-
18:27:30.329,snap,default,com.android.launcher,discharging,1,41.8,84.6,85,95,1,8.71,0,0,0,3.88,0.312,1.2105601,3604,1024,0,-
18:27:31.330,snap,default,com.android.launcher,discharging,1,41.8,84.6,85,95,1,8.95,0,0,0,3.884,0.3,1.1652001,6273,2355,0,-
18:27:32.331,snap,default,com.android.launcher,discharging,1,41.8,84.6,85,95,1,8.95,0,0,0,3.879,0.304,1.1792159,6273,2355,0,-
18:27:33.331,snap,default,com.android.launcher,discharging,1,41.8,84.6,85,95,1,8.77,0,0,0,3.885,0.258,1.00233,4230,1492,0,-
18:27:34.332,snap,default,com.android.launcher,discharging,1,41.8,84.6,85,95,1,8.77,0,0,0,3.876,0.374,1.4496241,4230,1492,0,-
18:27:35.332,snap,default,com.android.launcher,discharging,1,41.8,84.6,85,95,1,8.81,0,0,0,3.881,0.29,1.12549,4222,1278,0,-
18:27:36.333,snap,default,com.android.launcher,discharging,1,41.8,84.6,85,95,1,8.81,0,0,0,3.881,0.324,1.257444,4222,1278,0,-
18:27:37.334,snap,default,com.android.launcher,discharging,1,41.8,84.6,85,95,1,8.67,0,0,0,3.882,0.258,1.0015559,4523,1682,0,-
18:27:38.335,snap,default,com.android.launcher,discharging,1,41.7,84.6,85,95,1,8.67,0,0,0,3.88,0.342,1.3269601,4523,1682,0,-
18:27:39.335,snap,default,com.android.launcher,discharging,1,41.7,84.6,85,95,1,8.18,0,0,0,3.882,0.274,1.0636679,5056,1511,0,-
18:27:40.337,snap,default,com.android.launcher,discharging,1,41.7,84.6,85,95,1,8.18,0,0,0,3.884,0.338,1.3127921,5056,1511,0,-
18:27:41.337,snap,default,com.android.launcher,discharging,1,41.7,84.6,85,95,1,9.05,0,0,0,3.882,0.302,1.172364,5199,2015,0,-
18:27:42.339,snap,default,com.android.launcher,discharging,1,41.7,84.6,85,95,1,9.05,0,0,0,3.878,0.33,1.2797401,5199,2015,0,-
18:27:43.339,snap,default,com.android.launcher,discharging,1,41.7,84.6,85,95,1,8.86,0,0,0,3.87,0.514,1.98918,8683,3492,0,-
18:27:44.339,snap,default,com.android.launcher,discharging,1,41.7,84.6,85,95,1,8.86,0,0,0,3.857,0.832,3.2090242,8683,3492,0,-
18:27:45.339,snap,default,com.android.launcher,discharging,1,41.7,84.6,85,95,1,10.52,0.36,0,0,3.853,0.776,2.989928,17038,8533,0,-
18:27:46.340,snap,default,com.android.launcher,discharging,1,41.7,84.6,85,95,1,10.52,0.36,0,0,3.861,0.696,2.6872559,17038,8533,0,-
18:27:47.340,snap,default,com.android.launcher,discharging,1,41.7,84.6,85,95,1,10.78,0.29,0,0,3.861,0.658,2.540538,9231,4087,0,-
18:27:48.340,snap,default,com.android.launcher,discharging,1,41.7,84.6,85,95,1,10.78,0.29,0,0,3.849,0.798,3.071502,9231,4087,0,-
18:27:49.340,snap,default,com.android.launcher,discharging,1,41.6,84.6,85,95,1,12.63,0.24,0,0,3.849,0.798,3.071502,9231,4087,0,-
18:27:50.341,snap,default,com.android.launcher,discharging,1,41.6,84.6,85,95,1,12.63,0.24,0,0,3.859,0.694,2.678146,12537,5131,0,-
18:27:51.341,snap,default,com.android.launcher,discharging,1,41.6,84.6,85,95,1,12.63,0.24,0,0,3.855,0.776,2.99148,12537,5131,0,-
18:27:52.342,snap,default,com.android.launcher,discharging,1,41.6,84.6,85,95,1,12.52,0.19,0,0,3.858,0.796,3.0709682,12320,5179,0,-
18:27:53.343,snap,default,com.android.launcher,discharging,1,41.6,84.6,85,95,1,12.52,0.19,0,0,3.797,1.68,6.3789597,12320,5179,0,-
18:27:54.343,snap,default,com.android.launcher,discharging,1,41.6,84.6,85,95,1,17.5,0.88,0.36,13,3.843,1.232,4.7345757,38020,11696,0,-
18:27:55.344,snap,default,com.android.launcher,discharging,1,41.6,84.6,85,95,1,17.5,0.88,0.36,13,3.856,0.76,2.9305599,38020,11696,0,-
18:27:56.344,snap,default,com.android.launcher,discharging,1,41.6,84.6,85,95,1,26.46,0.9,1.74,13,3.856,0.7,2.6992,15948,7205,0,-
18:27:57.344,snap,default,com.android.launcher,discharging,1,41.6,84.6,85,95,1,26.46,0.9,1.74,13,3.861,0.694,2.679534,15948,7205,0,-
18:27:58.345,snap,default,com.android.launcher,discharging,1,41.6,84.6,85,95,1,29.64,0.74,2.33,20,3.867,0.532,2.057244,10801,4293,0,-
18:27:59.346,snap,default,com.android.launcher,discharging,1,41.5,84.6,85,95,1,29.64,0.74,2.33,20,3.867,0.682,2.637294,10801,4293,0,-
18:28:00.346,snap,default,com.android.launcher,discharging,1,41.5,84.6,85,95,1,27.17,0.6,1.91,0,3.871,0.46,1.78066,5865,2453,0,-
18:28:01.347,snap,default,com.android.launcher,discharging,1,41.5,84.6,85,95,1,23.88,0.86,1.56,0,3.874,0.398,1.541852,5865,2453,0,-
18:28:03.267,snap,default,com.android.launcher,discharging,1,41.5,84.6,85,95,1,23.88,0.86,1.56,0,3.871,0.43,1.66453,4416,1604,0,-
18:28:04.268,snap,default,com.android.launcher,discharging,1,41.5,84.6,85,95,1,22.09,1.06,1.28,0,3.871,0.364,1.409044,4416,1604,0,-
18:28:05.268,snap,default,com.android.launcher,discharging,1,41.5,84.6,85,95,1,22.09,1.06,1.28,0,3.862,0.556,2.1472719,14937,6020,0,-
18:28:06.268,snap,default,com.android.launcher,discharging,1,41.5,84.6,85,95,1,21.53,1.05,1.04,0,3.857,0.584,2.2524881,14937,6020,0,-
18:28:07.268,snap,default,com.android.launcher,discharging,1,41.5,84.6,85,95,1,21.53,1.05,1.04,0,3.87,0.552,2.1362398,6447,1509,0,-
18:28:08.269,snap,default,com.android.launcher,discharging,1,41.5,84.6,85,95,1,19.26,1.04,0.85,0,3.873,0.468,1.8125639,6447,1509,0,-
18:28:09.270,snap,default,com.android.launcher,discharging,1,41.5,84.6,85,95,1,19.26,1.04,0.85,15,3.867,0.59,2.28153,10199,4410,0,-
18:28:10.271,snap,default,com.android.launcher,discharging,1,41.4,84.6,85,95,1,19.21,1.03,0.7,21,3.853,0.764,2.943692,10199,4410,0,-
18:28:11.273,snap,default,com.android.launcher,discharging,1,41.4,84.6,85,95,1,19.21,1.03,0.7,21,3.868,0.49,1.89532,7648,3632,0,-
18:28:12.275,snap,default,com.android.launcher,discharging,1,41.4,84.6,85,95,1,17.18,0.84,0.57,0,3.872,0.444,1.7191681,7648,3632,0,-
18:28:13.275,snap,default,com.android.launcher,discharging,1,41.4,84.6,85,95,1,17.18,0.84,0.57,0,3.867,0.506,1.956702,5963,2283,0,-
18:28:14.276,snap,default,com.android.launcher,discharging,1,41.4,84.6,85,95,1,17.87,0.69,0.47,21,3.85,0.752,2.8951998,5963,2283,0,-
18:28:15.278,snap,default,com.android.launcher,discharging,1,41.4,84.6,85,95,1,17.87,0.69,0.47,21,3.866,0.586,2.265476,11332,4295,0,-
18:28:16.279,snap,default,com.android.launcher,discharging,1,41.4,84.6,85,95,1,16.62,1.11,0.38,0,3.873,0.392,1.5182159,11332,4295,0,-
18:28:17.279,snap,default,com.android.launcher,discharging,1,41.4,84.6,85,95,1,16.62,1.11,0.38,0,3.871,0.42,1.6258199,3489,882,0,-
18:28:18.281,snap,default,com.android.launcher,discharging,1,41.4,84.6,85,95,1,15.24,1.63,0.31,0,3.875,0.384,1.488,3489,882,0,-
18:28:19.282,snap,default,com.android.launcher,discharging,1,41.4,84.6,85,95,1,15.24,1.63,0.31,0,3.873,0.438,1.6963739,7306,3152,0,-
18:28:20.293,snap,default,com.android.launcher,discharging,1,41.4,84.6,85,95,1,14.65,1.88,0.25,0,3.874,0.412,1.596088,7306,3152,0,-
18:28:21.294,snap,default,com.android.launcher,discharging,1,41.4,84.6,85,95,1,14.65,1.88,0.25,0,3.865,0.532,2.05618,7306,3152,0,-
18:28:22.294,snap,default,com.android.launcher,discharging,1,41.4,84.6,85,95,1,14.17,1.9,0.21,0,3.865,0.532,2.05618,8033,2839,0,-
18:28:23.296,snap,default,com.android.launcher,discharging,1,41.4,84.6,85,95,1,14.17,1.9,0.21,0,3.874,0.414,1.603836,8033,2839,0,-
18:28:24.296,snap,default,com.android.launcher,discharging,1,41.4,84.6,85,95,1,14.17,1.9,0.21,0,3.873,0.434,1.6808819,4480,1618,0,-
18:28:25.298,snap,default,com.android.launcher,discharging,1,41.4,84.6,85,95,1,13.23,2.1,0.17,0,3.871,0.438,1.695498,4480,1618,0,-
18:28:26.298,snap,default,com.android.launcher,discharging,1,41.4,84.6,85,95,1,13.23,2.1,0.17,0,3.873,0.426,1.6498979,3941,957,0,-
18:28:27.299,snap,default,com.android.launcher,discharging,1,41.4,84.6,85,95,1,12.28,2.26,0.14,0,3.872,0.424,1.6417279,3941,957,0,-
18:28:28.315,snap,default,com.android.launcher,discharging,1,41.4,84.6,85,95,1,14.41,2.39,0.29,0,3.856,0.586,2.2596161,14764,7779,0,-
18:28:29.315,snap,default,com.android.launcher,discharging,1,41.4,81.6,85,95,1,14.41,2.39,0.29,35,3.745,2.414,9.04043,14764,7779,0,-
18:28:30.315,snap,default,com.android.launcher,discharging,1,41.4,78.6,85,95,1,26.47,2.32,2.59,33,3.738,2.84,10.615919,51837,22662,0,-
18:28:31.317,snap,default,com.android.launcher,discharging,1,41.4,78.6,85,95,1,26.47,2.32,2.59,33,3.829,1.566,5.996214,51837,22662,0,-
18:28:32.317,snap,default,com.android.launcher,discharging,1,41.2,78.6,85,95,1,23.66,2.08,2.12,0,3.862,0.588,2.270856,13659,5215,0,-
18:28:33.317,snap,default,com.android.launcher,discharging,1,41.2,78.6,85,95,1,23.66,2.08,2.12,0,3.863,0.538,2.0782938,13659,5215,0,-
18:28:34.319,snap,default,com.android.launcher,discharging,1,41.2,78.6,85,95,1,21.01,1.7,1.74,0,3.86,0.64,2.4703999,7979,2959,0,-
18:28:35.320,snap,default,com.android.launcher,discharging,1,41.2,78.6,85,95,1,21.01,1.7,1.74,0,3.866,0.524,2.025784,7979,2959,0,-
18:28:36.321,snap,default,com.android.launcher,discharging,1,41.2,78.6,85,95,1,18.47,1.39,1.42,0,3.867,0.5,1.9335,4881,1714,0,-
18:28:37.321,snap,default,com.android.launcher,discharging,1,41.2,78.6,85,95,1,18.47,1.39,1.42,0,3.861,0.556,2.146716,4881,1714,0,-
18:28:38.322,snap,default,com.android.launcher,discharging,1,41.2,78.6,85,95,1,17.3,1.14,1.16,0,3.863,0.648,2.503224,10146,4238,0,-
18:28:39.323,snap,default,com.android.launcher,discharging,1,41.2,78.6,85,95,1,17.3,1.14,1.16,0,3.864,0.544,2.1020162,10146,4238,0,-
18:28:40.323,snap,default,com.android.launcher,discharging,1,41.2,78.6,85,95,1,15.61,0.93,0.95,0,3.87,0.488,1.8885599,5457,1901,0,-
18:28:41.323,snap,default,com.android.launcher,discharging,1,41.2,78.6,85,95,1,15.61,0.93,0.95,0,3.866,0.562,2.1726918,5457,1901,0,-
18:28:42.324,snap,default,com.android.launcher,discharging,1,41.2,78.6,85,95,1,14.05,0.76,0.78,0,3.864,0.71,2.74344,7016,2672,0,-
18:28:43.324,snap,default,com.android.launcher,discharging,1,41.2,78.6,85,95,1,14.05,0.76,0.78,0,3.866,0.516,1.9948559,7016,2672,0,-
18:28:44.324,snap,default,com.android.launcher,discharging,1,41.2,78.6,85,95,1,13.13,0.62,0.64,0,3.868,0.482,1.864376,6153,2113,0,-
18:28:45.325,snap,default,com.android.launcher,discharging,1,41.2,78.6,85,95,1,13.13,0.62,0.64,0,3.869,0.452,1.748788,6153,2113,0,-
18:28:46.326,snap,default,com.android.launcher,discharging,1,41.2,78.6,85,95,1,12.2,0.51,0.52,0,3.866,0.514,1.987124,4228,1304,0,-
18:28:47.327,snap,default,com.android.launcher,discharging,1,41.1,78.6,85,95,1,12.2,0.51,0.52,0,3.865,0.468,1.80882,4228,1304,0,-
18:28:48.328,snap,default,com.android.launcher,discharging,1,41.1,78.6,85,95,1,11.44,0.42,0.42,0,3.867,0.472,1.825224,4228,1304,0,-
18:28:49.330,snap,default,com.android.launcher,discharging,1,41.1,78.6,85,95,1,11.44,0.42,0.42,0,3.865,0.49,1.8938501,4509,1472,0,-
18:28:50.331,snap,default,com.android.launcher,discharging,1,41.1,78.6,85,95,1,11.18,0.34,0.35,0,3.88,0.322,1.24936,4509,1472,0,-
18:28:51.331,snap,default,com.android.launcher,discharging,1,41.1,78.6,85,95,1,11.18,0.34,0.35,0,3.88,0.322,1.24936,6445,2140,0,-
18:28:52.333,snap,default,com.android.launcher,discharging,1,41.1,78.6,85,95,1,11.18,0.34,0.35,0,3.877,0.296,1.1475921,6445,2140,0,-
18:28:53.333,snap,default,com.android.launcher,discharging,1,41.1,78.6,85,95,1,10.42,0.28,0.28,0,3.88,0.252,0.97776,4344,1347,0,-
18:28:54.336,snap,default,com.android.launcher,discharging,1,41.1,78.6,85,95,1,10.42,0.28,0.28,0,3.875,0.308,1.1935,4344,1347,0,-
18:28:55.335,snap,default,com.android.launcher,discharging,1,41.1,78.6,85,95,1,9.98,0.23,0.23,0,3.88,0.266,1.03208,5382,2125,0,-
18:28:56.336,snap,default,com.android.launcher,discharging,1,41.1,78.6,85,95,1,10.16,0.18,0.19,0,3.861,0.666,2.5714262,5382,2125,0,-
18:28:57.338,snap,default,com.android.launcher,discharging,1,41,78.6,85,95,1,10.16,0.18,0.19,0,3.866,0.534,2.0644438,11377,4734,0,-
18:28:58.338,snap,default,com.android.launcher,discharging,1,41,78.6,85,95,1,11.22,0.15,0.15,10,3.852,0.808,3.112416,11377,4734,0,-
18:28:59.339,snap,default,com.android.launcher,discharging,1,41,78.6,85,95,1,11.22,0.15,0.15,0,3.861,0.676,2.6100361,16985,8671,0,-
18:29:00.356,snap,default,com.android.launcher,discharging,1,41,75.6,85,95,1,12.09,0.12,0.12,33,3.865,0.774,2.99151,16985,8671,0,-
18:29:01.361,snap,default,com.android.launcher,discharging,1,41,75.6,85,95,1,12.09,0.12,0.12,33,3.773,2.306,8.700538,28958,13744,0,-
18:29:02.362,snap,default,com.coolapk.market,discharging,1,41,75.6,85,95,1,21.31,0.64,1.37,34,3.724,3.176,11.827424,28958,13744,0,-
18:29:03.362,snap,default,com.coolapk.market,discharging,1,41,75.6,85,95,1,21.31,0.64,1.37,19,3.734,3.034,11.328956,33659,9796,0,-
18:29:04.362,snap,default,com.coolapk.market,discharging,1,41,72.6,85,95,1,29.4,0.89,3.29,20,3.755,2.68,10.0634,33659,9796,0,-
18:29:05.362,snap,default,com.coolapk.market,discharging,1,41,71.4,85,95,1,29.4,0.89,3.29,20,3.792,2.062,7.819104,22104,9638,0,-
18:29:06.362,snap,default,com.coolapk.market,discharging,1,41,68.4,85,95,1,26.97,0.91,2.7,0,3.841,0.894,3.433854,22104,9638,0,-
18:29:07.363,snap,default,com.coolapk.market,discharging,1,40.9,65.4,85,95,1,26.97,0.91,2.7,8,3.84,0.862,3.3100798,15858,7720,0,-
18:29:08.363,snap,default,com.coolapk.market,discharging,1,40.9,62.4,85,95,1,24.62,0.74,2.21,8,3.85,0.762,2.9337,15858,7720,0,-
18:29:09.364,snap,default,com.coolapk.market,discharging,1,40.9,59.4,85,95,1,24.62,0.74,2.21,10,3.847,0.87,3.34689,13400,6018,0,-
18:29:10.365,snap,default,com.coolapk.market,discharging,1,40.9,57.2,85,95,1,22.34,0.79,1.81,10,3.853,0.654,2.519862,13400,6018,0,-
18:29:11.369,snap,default,com.coolapk.market,discharging,1,40.9,56.8,85,95,1,22.34,0.79,1.81,16,3.857,0.614,2.3681982,9283,4002,0,-
18:29:12.368,snap,default,com.coolapk.market,discharging,1,40.9,55.6,85,95,1,20.28,0.64,1.84,16,3.852,0.764,2.942928,9283,4002,0,-
18:29:13.369,snap,default,com.coolapk.market,discharging,1,40.9,56.8,85,95,1,20.28,0.64,1.84,9,3.837,0.874,3.353538,11552,5962,0,-
18:29:14.369,snap,default,com.coolapk.market,discharging,1,40.9,56.4,85,95,1,18.78,0.53,1.51,9,3.856,0.868,3.3470078,11552,5962,0,-
18:29:15.369,snap,default,com.coolapk.market,discharging,1,40.9,56.4,85,95,1,18.78,0.53,1.51,17,3.845,0.852,3.27594,11552,5962,0,-
18:29:16.370,snap,default,com.coolapk.market,discharging,1,40.9,55.2,85,95,1,23.17,0.61,2.32,17,3.853,0.864,3.3289921,14023,6024,0,-
18:29:17.370,snap,default,com.coolapk.market,discharging,1,40.9,54.8,85,95,1,23.17,0.61,2.32,0,3.855,0.796,3.06858,14023,6024,0,-
18:29:18.371,snap,default,com.coolapk.market,discharging,1,40.9,54.8,85,95,1,20.96,0.5,1.9,7,3.847,0.694,2.669818,13041,4342,0,-
18:29:19.372,snap,default,com.coolapk.market,discharging,1,40.9,54.8,85,95,1,20.96,0.5,1.9,7,3.854,0.652,2.512808,13041,4342,0,-
18:29:20.373,snap,default,com.coolapk.market,discharging,1,40.9,52.8,85,95,1,19.7,0.41,1.55,0,3.859,0.506,1.9526539,10920,5524,0,-
18:29:21.373,snap,default,com.coolapk.market,discharging,1,40.9,52.4,85,95,1,19.7,0.41,1.55,0,3.856,0.588,2.267328,10920,5524,0,-
18:29:22.373,snap,default,com.coolapk.market,discharging,1,40.9,52.4,85,95,1,18.48,0.33,1.27,0,3.856,0.588,2.267328,10948,4649,0,-
18:29:23.373,snap,default,com.coolapk.market,discharging,1,40.9,52.4,85,95,1,18.48,0.33,1.27,0,3.858,0.532,2.0524561,10948,4649,0,-
18:29:24.375,snap,default,com.coolapk.market,discharging,1,40.9,52.4,85,95,1,18.48,0.33,1.27,1,3.85,0.644,2.4794,10267,5480,0,-
18:29:25.375,snap,default,com.coolapk.market,discharging,1,40.9,53.2,85,95,1,17.49,0.27,1.04,26,3.86,0.586,2.26196,10267,5480,0,-
18:29:26.375,snap,default,com.coolapk.market,discharging,1,40.9,52.1,85,95,1,17.49,0.27,1.04,26,3.85,0.608,2.3407998,9751,4483,0,-
18:29:27.376,snap,default,com.coolapk.market,discharging,1,40.9,52.1,85,95,1,16.31,0.22,0.85,26,3.865,0.5,1.9325,9751,4483,0,-
18:29:28.377,snap,default,com.coolapk.market,discharging,1,40.9,52.1,85,95,1,15.53,0.18,0.69,26,3.863,0.512,1.977856,9429,4443,0,-
18:29:29.377,snap,default,com.coolapk.market,discharging,1,40.9,52.1,85,95,1,15.53,0.18,0.69,1,3.86,0.562,2.1693199,9429,4443,0,-
18:29:30.378,snap,default,com.coolapk.market,discharging,1,40.9,51.7,85,95,1,14.71,0.15,0.57,26,3.872,0.392,1.5178239,8706,4359,0,-
18:29:31.378,snap,default,com.coolapk.market,discharging,1,40.9,50.9,85,95,1,14.71,0.15,0.57,0,3.87,0.352,1.36224,8706,4359,0,-
18:29:32.380,snap,default,com.coolapk.market,discharging,1,40.9,50.9,85,95,1,14.22,0.12,0.46,0,3.869,0.456,1.764264,9697,3922,0,-
18:29:33.380,snap,default,com.coolapk.market,discharging,1,40.9,51.7,85,95,1,14.22,0.12,0.46,1,3.874,0.354,1.3713961,9697,3922,0,-
18:29:34.381,snap,default,com.coolapk.market,discharging,1,40.9,51.7,85,95,1,13.63,0.1,0.38,28,3.858,0.564,2.1759121,9002,4451,0,-
18:29:35.381,snap,default,com.coolapk.market,discharging,1,40.9,50.1,85,95,1,13.63,0.1,0.38,28,3.872,0.34,1.31648,9002,4451,0,-
18:29:36.383,snap,default,com.coolapk.market,discharging,1,40.9,50.1,85,95,1,12.79,0.08,0.31,28,3.875,0.33,1.2787501,8955,3407,0,-
18:29:37.383,snap,default,com.coolapk.market,discharging,1,40.9,50.1,85,95,1,12.79,0.08,0.31,28,3.87,0.348,1.3467599,8955,3407,0,-
18:29:38.383,snap,default,com.coolapk.market,discharging,1,40.9,50.1,85,95,1,12.47,0.06,0.25,2,3.873,0.362,1.4020259,8523,4036,0,-
18:29:39.408,snap,default,com.coolapk.market,discharging,1,40.9,50.5,85,95,1,12.47,0.06,0.25,2,3.863,0.506,1.9546779,8523,4036,0,-
18:29:40.409,snap,default,com.coolapk.market,discharging,1,40.9,50.5,85,95,1,12.2,0.05,0.39,26,3.876,0.322,1.2480719,7739,3672,0,-
18:29:41.410,snap,default,com.coolapk.market,discharging,1,40.9,49.7,85,95,1,12.2,0.05,0.39,26,3.869,0.38,1.47022,7739,3672,0,-
18:29:42.410,snap,default,com.coolapk.market,discharging,1,40.9,49.3,85,95,1,11.98,0.04,0.31,26,3.874,0.324,1.2551761,7739,3672,0,-
18:29:43.409,snap,default,com.coolapk.market,discharging,1,40.9,49.3,85,95,1,11.98,0.04,0.31,1,3.866,0.442,1.708772,8759,3423,0,-
18:29:44.411,snap,default,com.coolapk.market,discharging,1,40.9,50.5,85,95,1,11.98,0.03,0.26,27,3.872,0.752,2.9117439,8759,3423,0,-
18:29:45.413,snap,default,com.coolapk.market,discharging,1,40.9,50.5,85,95,1,11.98,0.03,0.26,27,3.875,0.322,1.24775,10943,4616,0,-
18:29:46.413,snap,default,com.coolapk.market,discharging,1,40.9,49.3,85,95,1,11.26,0.02,0.21,27,3.879,0.322,1.249038,10943,4616,0,-
18:29:47.414,snap,default,com.coolapk.market,discharging,1,40.8,48.9,85,95,1,11.26,0.02,0.21,1,3.873,0.368,1.425264,8136,3332,0,-
18:29:48.414,snap,default,com.coolapk.market,discharging,1,40.8,49.3,85,95,1,10.67,0.02,0.17,0,3.866,0.408,1.577328,8136,3332,0,-
18:29:49.414,snap,default,com.coolapk.market,discharging,1,40.8,49.3,85,95,1,10.67,0.02,0.17,26,3.867,0.434,1.678278,7759,3578,0,-
18:29:50.414,snap,default,com.coolapk.market,discharging,1,40.8,49.7,85,95,1,10.55,0.01,0.14,26,3.873,0.354,1.371042,7759,3578,0,-
18:29:51.415,snap,default,com.coolapk.market,discharging,1,40.8,50.1,85,95,1,10.55,0.01,0.14,4,3.873,0.354,1.371042,13972,5388,0,-
18:29:52.417,snap,default,com.coolapk.market,discharging,1,40.8,50.9,85,95,1,10.55,0.01,0.14,4,3.864,0.694,2.681616,13972,5388,0,-
18:29:53.415,snap,default,com.coolapk.market,discharging,1,40.8,51.7,85,95,1,10.99,0.19,1.02,4,3.864,0.518,2.001552,13568,6521,0,-
18:29:54.415,snap,default,com.coolapk.market,discharging,1,40.8,51.7,85,95,1,10.99,0.19,1.02,11,3.856,0.63,2.42928,13568,6521,0,-
18:29:55.416,snap,default,com.coolapk.market,discharging,1,40.8,50.5,85,95,1,11.54,0.16,0.83,11,3.86,0.618,2.38548,14780,7702,0,-
18:29:56.416,snap,default,com.coolapk.market,discharging,1,40.8,50.5,85,95,1,11.54,0.16,0.83,17,3.866,0.512,1.979392,14780,7702,0,-
18:29:57.417,snap,default,com.coolapk.market,discharging,1,40.8,50.1,85,95,1,11.44,0.13,0.68,17,3.862,0.568,2.1936162,13071,6390,0,-
18:29:58.419,snap,default,com.coolapk.market,discharging,1,40.8,50.1,85,95,1,11.54,0.1,0.56,17,3.875,0.372,1.4415001,13071,6390,0,-
18:29:59.420,snap,default,com.coolapk.market,discharging,1,40.8,50.1,85,95,1,11.54,0.1,0.56,12,3.865,0.496,1.91704,8409,4108,0,-
18:30:00.419,snap,default,com.coolapk.market,discharging,1,40.8,50.1,85,95,1,11.44,0.08,0.45,12,3.875,0.328,1.271,8409,4108,0,-
18:30:01.420,snap,default,com.coolapk.market,discharging,1,40.8,50.1,85,95,1,11.44,0.08,0.45,16,3.866,0.426,1.6469159,9359,3933,0,-
18:30:02.421,snap,default,com.coolapk.market,discharging,1,40.8,50.1,85,95,1,11,0.07,0.37,0,3.868,0.402,1.554936,9359,3933,0,-
18:30:03.421,snap,default,com.coolapk.market,discharging,1,40.8,50.1,85,95,1,11,0.07,0.37,0,3.872,0.398,1.541056,8538,3853,0,-
18:30:04.421,snap,default,com.coolapk.market,discharging,1,40.8,50.5,85,95,1,11.72,0.05,0.3,3,3.847,0.712,2.739064,8538,3853,0,-
18:30:05.424,snap,default,com.coolapk.market,discharging,1,40.8,51.3,85,95,1,11.72,0.05,0.3,26,3.858,0.594,2.291652,18819,10297,0,-
18:30:06.423,snap,default,com.coolapk.market,discharging,1,40.8,51.3,85,95,1,13.22,0.04,0.25,15,3.866,0.534,2.0644438,18819,10297,0,-
18:30:07.424,snap,default,com.coolapk.market,discharging,1,40.8,50.5,85,95,1,13.22,0.04,0.25,4,3.871,0.436,1.687756,12270,6187,0,-
18:30:08.424,snap,default,com.coolapk.market,discharging,1,40.8,50.5,85,95,1,13.18,0.03,0.2,4,3.873,0.374,1.4485021,12270,6187,0,-
18:30:09.426,snap,default,com.coolapk.market,discharging,1,40.8,50.1,85,95,1,13.18,0.03,0.2,14,3.86,0.576,2.2233598,12270,6187,0,-
18:30:10.426,snap,default,com.coolapk.market,discharging,1,40.8,50.1,85,95,1,12.96,0.03,0.16,32,3.86,0.526,2.03036,10862,5311,0,-
18:30:11.426,snap,default,com.coolapk.market,discharging,1,40.8,50.1,85,95,1,12.96,0.03,0.16,9,3.834,0.652,2.499768,10862,5311,0,-
18:30:12.427,snap,default,com.coolapk.market,discharging,1,40.8,52.1,85,95,1,13.69,0.02,0.31,22,3.842,0.842,3.2349641,18002,10267,0,-
18:30:13.427,snap,default,com.coolapk.market,discharging,1,40.8,55.1,85,95,1,13.69,0.02,0.31,21,3.852,0.834,3.212568,18002,10267,0,-
18:30:14.428,snap,default,com.coolapk.market,discharging,1,40.8,57.6,85,95,1,14.47,0.02,0.26,49,3.817,1.346,5.1376815,23375,14606,0,-
18:30:15.429,snap,default,com.coolapk.market,discharging,1,40.8,58.8,85,95,1,14.47,0.02,0.26,28,3.842,0.918,3.5269558,23375,14606,0,-
18:30:16.429,snap,default,com.coolapk.market,discharging,1,40.8,61.8,85,95,1,14.57,0.01,0.21,27,3.799,1.576,5.987224,24308,13288,0,-
18:30:17.429,snap,default,com.coolapk.market,discharging,1,40.8,62.7,85,95,1,14.57,0.01,0.21,50,3.859,1.034,3.990206,24308,13288,0,-
18:30:18.429,snap,default,com.coolapk.market,discharging,1,40.8,59.7,85,95,1,15.37,0.01,0.17,6,3.857,0.74,2.85418,20603,11997,0,-
18:30:19.430,snap,default,com.coolapk.market,discharging,1,40.8,56.7,85,95,1,15.37,0.01,0.17,6,3.864,0.414,1.599696,20603,11997,0,-
18:30:20.430,snap,default,com.coolapk.market,discharging,1,40.8,53.7,85,95,1,14.58,0.01,0.14,18,3.871,0.388,1.5019481,9522,4604,0,-
18:30:21.431,snap,default,com.coolapk.market,discharging,1,40.8,52.4,85,95,1,14.58,0.01,0.14,18,3.871,0.388,1.5019481,9522,4604,0,-
18:30:22.431,snap,default,com.coolapk.market,discharging,1,40.8,51.7,85,95,1,14.58,0.01,0.14,18,3.865,0.426,1.64649,8242,4158,0,-
18:30:23.431,snap,default,com.coolapk.market,discharging,1,40.8,52.4,85,95,1,13.57,0,0.11,24,3.86,0.562,2.1693199,8242,4158,0,-
18:30:24.432,snap,default,com.coolapk.market,discharging,1,40.7,51.7,85,95,1,13.57,0,0.11,24,3.87,0.446,1.72602,10758,4773,0,-
18:30:25.432,snap,default,com.coolapk.market,discharging,1,40.7,50.1,85,95,1,12.92,0,0.09,22,3.868,0.456,1.763808,10758,4773,0,-
18:30:26.433,snap,default,com.coolapk.market,discharging,1,40.7,50.1,85,95,1,12.92,0,0.09,0,3.865,0.436,1.68514,9807,5205,0,-
18:30:27.433,snap,default,com.coolapk.market,discharging,1,40.7,50.9,85,95,1,12.39,0,0.07,19,3.859,0.59,2.27681,9807,5205,0,-
18:30:28.433,snap,default,com.coolapk.market,discharging,1,40.7,53.2,85,95,1,12.39,0,0.07,26,3.842,0.578,2.220676,16653,9892,0,-
18:30:29.434,snap,default,com.coolapk.market,discharging,1,40.7,54,85,95,1,12.68,0,0.06,65,3.836,1.064,4.081504,16653,9892,0,-
18:30:30.434,snap,default,com.coolapk.market,discharging,1,40.7,55.2,85,95,1,13.28,0,0.05,68,3.843,0.872,3.351096,18469,11493,0,-
18:30:31.434,snap,default,com.coolapk.market,discharging,1,40.7,54.4,85,95,1,13.28,0,0.05,56,3.834,0.998,3.826332,18469,11493,0,-
18:30:32.436,snap,default,com.coolapk.market,discharging,1,40.7,55.2,85,95,1,13.77,0,0.04,43,3.845,0.802,3.08369,19708,11913,0,-
18:30:33.436,snap,default,com.coolapk.market,discharging,1,40.7,55.6,85,95,1,13.77,0,0.04,45,3.838,1.12,4.29856,19708,11913,0,-
18:30:34.438,snap,default,com.coolapk.market,discharging,1,40.7,55.6,85,95,1,14.9,0,0.03,45,3.844,0.698,2.6831121,23401,13473,0,-
18:30:35.437,snap,default,com.coolapk.market,discharging,1,40.7,55.6,85,95,1,14.9,0,0.03,28,3.772,1.902,7.174344,23401,13473,0,-
18:30:36.438,snap,default,com.coolapk.market,discharging,1,40.7,55.6,85,95,1,23.25,0.54,1.47,24,3.75,2.498,9.367499,23401,13473,0,-
18:30:37.439,snap,default,com.xingin.xhs,discharging,1,40.7,55.6,85,95,1,23.25,0.54,1.47,24,3.737,2.68,10.015161,38926,14238,0,-
18:30:38.439,snap,default,com.xingin.xhs,discharging,1,40.7,55.6,85,95,1,32.44,0.8,2.84,16,3.73,2.892,10.78716,38926,14238,0,-
18:30:39.439,snap,default,com.xingin.xhs,discharging,1,40.7,55.6,85,95,1,32.44,0.8,2.84,14,3.761,2.49,9.36489,38078,11623,0,-
18:30:40.439,snap,default,com.xingin.xhs,discharging,1,40.7,55.6,85,95,1,37.62,1.38,4.31,14,3.735,2.838,10.59993,38078,11623,0,-
18:30:41.449,snap,default,com.xingin.xhs,discharging,1,40.7,55.6,85,95,1,37.62,1.38,4.31,0,3.729,2.888,10.769352,39450,6093,0,-
18:30:42.450,snap,default,com.xingin.xhs,discharging,1,40.7,55.6,85,95,1,44.03,1.86,5.89,0,3.737,2.69,10.05253,39450,6093,0,-
18:30:43.450,snap,default,com.xingin.xhs,discharging,1,40.7,55.6,85,95,1,44.03,1.86,5.89,6,3.72,2.852,10.60944,27047,4845,0,-
18:30:44.455,snap,default,com.xingin.xhs,discharging,1,40.7,55.6,85,95,1,48.19,2.06,7.54,6,3.718,2.988,11.109384,27047,4845,0,-
18:30:45.468,snap,default,com.xingin.xhs,discharging,1,40.8,55.6,85,95,1,48.19,2.06,7.54,6,3.742,2.5,9.3550005,33576,5018,0,-
18:30:46.468,snap,default,com.xingin.xhs,discharging,1,40.8,55.6,85,95,1,47.43,2.78,7.44,7,3.728,2.598,9.685344,33576,5018,0,-
18:30:47.469,snap,default,com.xingin.xhs,discharging,1,40.8,55.6,85,95,1,47.43,2.78,7.44,10,3.72,2.908,10.81776,33560,10489,0,-
18:30:48.470,snap,default,com.xingin.xhs,discharging,1,40.8,55.6,85,95,1,48.62,2.82,9.53,9,3.73,2.674,9.97402,33560,10489,0,-
18:30:49.470,snap,default,com.xingin.xhs,discharging,1,40.8,55.6,85,95,1,48.62,2.82,9.53,9,3.729,2.75,10.25475,32979,14154,0,-
18:30:50.477,snap,default,com.xingin.xhs,discharging,1,40.7,55.6,85,95,1,50.5,2.85,10.52,0,3.731,2.702,10.0811615,32979,14154,0,-
18:30:51.481,snap,default,com.xingin.xhs,discharging,1,40.7,55.6,85,95,1,50.5,2.85,10.52,0,3.73,2.698,10.0635395,26076,7731,0,-
18:30:52.480,snap,default,com.xingin.xhs,discharging,1,40.7,55.6,85,95,1,52.22,2.87,10.25,4,3.73,2.742,10.22766,26076,7731,0,-
18:30:53.481,snap,default,com.xingin.xhs,discharging,1,40.7,55.6,85,95,1,52.22,2.87,10.25,13,3.723,2.734,10.178682,31008,7378,0,-
18:30:54.481,snap,default,com.xingin.xhs,discharging,1,40.7,55.6,85,95,1,54.71,2.72,9.84,19,3.723,2.734,10.178682,31008,7378,0,-
18:30:55.486,snap,default,com.xingin.xhs,discharging,1,40.7,55.6,85,95,1,54.71,2.72,9.84,19,3.73,2.578,9.61594,21393,8561,0,-
18:30:56.486,snap,default,com.xingin.xhs,discharging,1,40.8,55.6,85,95,1,54.71,2.72,9.84,19,3.724,2.522,9.391929,21393,8561,0,-
18:30:57.487,snap,default,com.xingin.xhs,discharging,1,40.8,55.6,85,95,1,50.24,2.77,8.42,0,3.741,2.616,9.786455,24216,10287,0,-
18:30:58.487,snap,default,com.xingin.xhs,discharging,1,40.8,55.6,85,95,1,50.24,2.77,8.42,22,3.765,2.296,8.644441,24216,10287,0,-
18:30:59.487,snap,default,com.xingin.xhs,discharging,1,40.8,55.6,85,95,1,45.84,2.63,7.07,18,3.82,1.446,5.52372,17851,7350,0,-
18:31:00.487,snap,default,com.xingin.xhs,discharging,1,40.8,55.6,85,95,1,45.84,2.63,7.07,0,3.788,1.362,5.159256,17851,7350,0,-
18:31:01.487,snap,default,com.xingin.xhs,discharging,1,40.8,55.6,85,95,1,39.17,2.33,5.97,0,3.793,1.5,5.6895,8642,2358,0,-
18:31:02.488,snap,default,com.xingin.xhs,discharging,1,40.8,58.6,85,95,1,39.17,2.33,5.97,0,3.795,1.544,5.8594804,8642,2358,0,-
18:31:03.488,snap,default,com.xingin.xhs,discharging,1,40.8,61.6,85,95,1,32.43,1.91,4.89,0,3.84,0.828,3.17952,8642,2358,0,-
18:31:04.488,snap,default,com.xingin.xhs,discharging,1,40.8,64.6,85,95,1,27.83,1.56,4,0,3.814,1.106,4.2182837,12360,3876,0,-
18:31:05.488,snap,default,com.xingin.xhs,discharging,1,40.8,63.5,85,95,1,27.83,1.56,4,0,3.833,0.72,2.7597601,12360,3876,0,-
18:31:06.489,snap,default,com.xingin.xhs,discharging,1,40.8,61.1,85,95,1,24.41,1.28,3.28,0,3.844,0.716,2.752304,10990,4218,0,-
18:31:07.491,snap,default,com.xingin.xhs,discharging,1,40.8,61.1,85,95,1,24.41,1.28,3.28,0,3.837,0.838,3.215406,10990,4218,0,-
18:31:08.491,snap,default,com.xingin.xhs,discharging,1,40.8,63.1,85,95,1,22.89,1.22,2.86,14,3.811,1.272,4.847592,15733,7210,0,-
18:31:09.491,snap,default,com.xingin.xhs,discharging,1,40.8,64.3,85,95,1,22.89,1.22,2.86,14,3.79,1.49,5.6471,15733,7210,0,-
18:31:10.494,snap,default,com.xingin.xhs,discharging,1,40.8,64.7,85,95,1,22.18,2.09,2.34,11,3.821,1.358,5.188918,27318,11208,0,-
18:31:11.494,snap,default,com.xingin.xhs,discharging,1,40.8,65.5,85,95,1,22.18,2.09,2.34,11,3.808,0.914,3.480512,27318,11208,0,-
18:31:12.498,snap,default,com.xingin.xhs,discharging,1,40.8,65.5,85,95,1,22.69,1.89,1.92,11,3.833,1.186,4.545938,25375,14091,0,-
18:31:13.497,snap,default,com.xingin.xhs,discharging,1,40.8,65.5,85,95,1,22.69,1.89,1.92,11,3.808,1.334,5.079872,25375,14091,0,-
18:31:14.498,snap,default,com.xingin.xhs,discharging,1,40.8,64.3,85,95,1,22.57,1.55,1.57,0,3.856,0.466,1.796896,24935,14073,0,-
18:31:15.497,snap,default,com.xingin.xhs,discharging,1,40.8,64.3,85,95,1,22.57,1.55,1.57,0,3.812,1.208,4.604896,24935,14073,0,-
18:31:16.499,snap,default,com.xingin.xhs,discharging,1,40.8,64.3,85,95,1,21.92,1.63,1.46,0,3.759,2.118,7.961562,14847,5334,0,-
18:31:17.499,snap,default,com.xingin.xhs,discharging,1,40.9,64.3,85,95,1,21.92,1.63,1.46,0,3.828,1.534,5.8721523,14847,5334,0,-
18:31:18.499,snap,default,com.xingin.xhs,discharging,1,40.9,64.3,85,95,1,20.12,1.51,1.92,0,3.842,0.594,2.282148,10112,3603,0,-
18:31:19.500,snap,default,com.xingin.xhs,discharging,1,40.9,61.300003,85,95,1,20.12,1.51,1.92,0,3.86,0.424,1.63664,10112,3603,0,-
18:31:20.501,snap,default,com.xingin.xhs,discharging,1,40.9,59.6,85,95,1,18.11,1.24,1.57,0,3.861,0.398,1.5366781,6224,2225,0,-
18:31:21.501,snap,default,com.xingin.xhs,discharging,1,40.9,59.6,85,95,1,18.11,1.24,1.57,0,3.841,0.554,2.1279142,6224,2225,0,-
18:31:22.502,snap,default,com.xingin.xhs,discharging,1,40.9,58.4,85,95,1,17.54,1.19,1.47,0,3.859,0.578,2.2305021,13771,5028,0,-
18:31:23.502,snap,default,com.xingin.xhs,discharging,1,40.9,58.4,85,95,1,17.54,1.19,1.47,0,3.855,0.434,1.67307,13771,5028,0,-
18:31:24.503,snap,default,com.xingin.xhs,discharging,1,40.9,56.8,85,95,1,16.17,0.98,1.2,0,3.863,0.41,1.58383,8377,3272,0,-
18:31:25.503,snap,default,com.xingin.xhs,discharging,1,40.9,54.8,85,95,1,16.17,0.98,1.2,0,3.863,0.41,1.58383,8377,3272,0,-
18:31:26.506,snap,default,com.xingin.xhs,discharging,1,40.9,54.8,85,95,1,16.17,0.98,1.2,0,3.864,0.37,1.42968,7516,2642,0,-
18:31:27.506,snap,default,com.xingin.xhs,discharging,1,40.9,54.8,85,95,1,14.51,0.8,0.98,0,3.851,0.53,2.04103,7516,2642,0,-
18:31:28.508,snap,default,com.xingin.xhs,discharging,1,40.9,54.8,85,95,1,14.51,0.8,0.98,4,3.786,1.458,5.5199876,7516,2642,0,-
18:31:29.508,snap,default,com.xingin.xhs,discharging,1,40.9,54.8,85,95,1,15.87,1.02,1.89,38,3.766,1.716,6.4624557,25955,13504,0,-
18:31:30.510,snap,default,com.xingin.xhs,discharging,1,40.9,54.8,85,95,1,15.87,1.02,1.89,75,3.704,3.348,12.400992,25955,13504,0,-
18:31:31.510,snap,default,com.xingin.xhs,discharging,1,40.9,54.8,85,95,1,21.87,1.19,3.18,77,3.702,3.332,12.335064,33545,19005,0,-
18:31:32.510,snap,default,com.xingin.xhs,discharging,1,40.9,54.8,85,95,1,21.87,1.19,3.18,77,3.819,1.854,7.0804257,33545,19005,0,-
18:31:33.510,snap,default,com.xingin.xhs,discharging,1,40.9,54.8,85,95,1,24.25,1.16,2.6,43,3.777,1.562,5.899674,26229,13681,0,-
18:31:34.510,snap,default,com.xingin.xhs,discharging,1,40.9,54.8,85,95,1,24.25,1.16,2.6,78,3.738,2.73,10.20474,26229,13681,0,-
18:31:35.512,snap,default,com.xingin.xhs,discharging,1,40.9,54.8,85,95,1,25.29,0.95,2.13,78,3.763,2.774,10.438561,32797,18582,0,-
18:31:36.512,snap,default,com.xingin.xhs,discharging,1,40.9,54.8,85,95,1,25.6,0.77,1.92,25,3.825,1.262,4.82715,32797,18582,0,-
18:31:37.512,snap,default,com.xingin.xhs,discharging,1,40.9,54.8,85,95,1,25.6,0.77,1.92,65,3.737,2.506,9.364923,24543,15224,0,-
18:31:38.526,snap,default,com.xingin.xhs,discharging,1,40.9,54.8,85,95,1,25.67,0.63,1.57,81,3.705,2.956,10.95198,24543,15224,0,-
18:31:39.526,snap,default,com.xingin.xhs,discharging,1,41,54.8,85,95,1,25.67,0.63,1.57,80,3.691,3.276,12.091716,32731,17930,0,-
18:31:40.523,snap,default,com.xingin.xhs,discharging,1,41,54.8,85,95,1,31.35,0.7,2.01,79,3.707,3.15,11.677051,32731,17930,0,-
18:31:41.523,snap,default,com.xingin.xhs,discharging,1,41,54.8,85,95,1,31.35,0.7,2.01,73,3.718,2.678,9.956803,33335,17769,0,-
18:31:42.523,snap,default,com.xingin.xhs,discharging,1,41,54.8,85,95,1,30.19,0.57,1.83,38,3.827,0.96,3.67392,33335,17769,0,-
18:31:43.524,snap,default,com.xingin.xhs,discharging,1,41,54.8,85,95,1,30.19,0.57,1.83,0,3.821,1.164,4.447644,17067,8465,0,-
18:31:44.524,snap,default,com.xingin.xhs,discharging,1,41,57.8,85,95,1,27.8,0.65,1.86,17,3.833,1.068,4.0936437,17067,8465,0,-
18:31:45.525,snap,default,com.xingin.xhs,discharging,1,41,60.8,85,95,1,27.8,0.65,1.86,19,3.827,0.96,3.67392,16794,9218,0,-
18:31:46.525,snap,default,com.xingin.xhs,discharging,1,41,63.8,85,95,1,25.85,0.53,1.52,29,3.82,1.21,4.6222,16794,9218,0,-
18:31:47.525,snap,default,com.xingin.xhs,discharging,1,41,65.9,85,95,1,25.85,0.53,1.52,29,3.838,1.07,4.1066604,17034,9404,0,-
18:31:48.526,snap,default,com.xingin.xhs,discharging,1,41,63.1,85,95,1,23.88,0.43,1.24,0,3.842,0.772,2.9660242,17034,9404,0,-
18:31:49.526,snap,default,com.xingin.xhs,discharging,1,41,63.1,85,95,1,23.88,0.43,1.24,24,3.829,0.872,3.338888,15244,8319,0,-
18:31:50.526,snap,default,com.xingin.xhs,discharging,1,41.1,63.5,85,95,1,22.45,0.35,1.02,22,3.797,1.24,4.70828,15244,8319,0,-
18:31:51.527,snap,default,com.xingin.xhs,discharging,1,41.1,63.5,85,95,1,22.45,0.35,1.02,26,3.83,1.11,4.2513,17812,10498,0,-
18:31:52.527,snap,default,com.xingin.xhs,discharging,1,41.1,60.7,85,95,1,21.1,0.29,0.83,0,3.849,0.6,2.3094,17812,10498,0,-
18:31:53.527,snap,default,com.xingin.xhs,discharging,1,41.1,60.7,85,95,1,21.1,0.29,0.83,38,3.726,2.336,8.703936,21882,12585,0,-
18:31:54.527,snap,default,com.xingin.xhs,discharging,1,41.1,60.7,85,95,1,22.17,0.23,0.68,78,3.72,2.72,10.118401,21882,12585,0,-
18:31:55.527,snap,default,com.xingin.xhs,discharging,1,41.1,60.7,85,95,1,22.17,0.23,0.68,78,3.712,2.756,10.230272,21882,12585,0,-
18:31:56.528,snap,default,com.xingin.xhs,discharging,1,41.1,60.7,85,95,1,22.68,0.19,0.56,76,3.709,2.498,9.265082,28128,18598,0,-
18:31:57.528,snap,default,com.xingin.xhs,discharging,1,41.1,60.7,85,95,1,22.68,0.19,0.56,76,3.709,2.498,9.265082,28128,18598,0,-
18:31:58.528,snap,default,com.xingin.xhs,discharging,1,41.1,60.7,85,95,1,22.68,0.19,0.56,76,3.838,0.696,2.671248,20371,10662,0,-
18:31:59.528,snap,default,com.xingin.xhs,discharging,1,41.1,60.7,85,95,1,23.64,0.16,0.64,29,3.742,2.182,8.165044,20371,10662,0,-
18:32:00.528,snap,default,com.xingin.xhs,discharging,1,41.1,60.7,85,95,1,23.64,0.16,0.64,57,3.753,1.802,6.762906,30610,16448,0,-
18:32:01.530,snap,default,com.xingin.xhs,discharging,1,41.1,60.7,85,95,1,26.06,0.13,0.7,76,3.707,3.136,11.625152,30610,16448,0,-
18:32:02.529,snap,default,com.xingin.xhs,discharging,1,41.1,60.7,85,95,1,26.06,0.13,0.7,78,3.726,2.944,10.969344,27858,16616,0,-
18:32:03.530,snap,default,com.xingin.xhs,discharging,1,41.1,60.7,85,95,1,26.05,0.1,0.57,80,3.705,2.998,11.10759,27858,16616,0,-
18:32:04.531,snap,default,com.xingin.xhs,discharging,1,41.1,60.7,85,95,1,26.05,0.1,0.57,80,3.713,2.968,11.020184,29550,17949,0,-
18:32:05.531,snap,default,com.xingin.xhs,discharging,1,41.2,60.7,85,95,1,27.67,0.08,0.47,81,3.717,2.96,11.00232,29550,17949,0,-
18:32:06.531,snap,default,com.xingin.xhs,discharging,1,41.2,60.7,85,95,1,27.67,0.08,0.47,81,3.712,2.896,10.749951,26845,17043,0,-
18:32:07.536,snap,default,com.xingin.xhs,discharging,1,41.2,60.7,85,95,1,28.82,0.07,0.56,81,3.725,2.844,10.5939,26845,17043,0,-
18:32:08.536,snap,default,com.xingin.xhs,discharging,1,41.2,60.7,85,95,1,28.82,0.07,0.56,81,3.708,2.894,10.730952,29013,18129,0,-
18:32:09.536,snap,default,com.xingin.xhs,discharging,1,41.2,60.7,85,95,1,29.75,0.05,0.64,82,3.717,2.832,10.526544,29013,18129,0,-
18:32:10.536,snap,default,com.xingin.xhs,discharging,1,41.2,60.7,85,95,1,32.15,0.04,0.71,72,3.75,2.2,8.25,27965,15393,0,-
18:32:11.537,snap,default,com.xingin.xhs,discharging,1,41.2,63.7,85,95,1,32.15,0.04,0.71,0,3.81,1.152,4.3891196,27965,15393,0,-
18:32:12.537,snap,default,com.xingin.xhs,discharging,1,41.2,66.7,85,95,1,29.41,0.03,0.58,21,3.812,0.988,3.7662559,14833,8038,0,-
18:32:13.538,snap,default,com.xingin.xhs,discharging,1,41.2,69.7,85,95,1,29.41,0.03,0.58,21,3.783,1.376,5.205408,14833,8038,0,-
18:32:14.537,snap,default,com.xingin.xhs,discharging,1,41.2,68.2,85,95,1,27.34,0.03,0.83,25,3.824,0.982,3.755168,16953,8042,0,-
18:32:15.541,snap,default,com.xingin.xhs,discharging,1,41.2,68.2,85,95,1,27.34,0.03,0.83,0,3.803,0.98,3.7269402,16953,8042,0,-
18:32:16.539,snap,default,com.xingin.xhs,discharging,1,41.3,68.2,85,95,1,27.46,0.02,0.68,70,3.714,2.462,9.1438675,27239,16387,0,-
18:32:17.540,snap,default,com.xingin.xhs,discharging,1,41.3,68.2,85,95,1,27.46,0.02,0.68,80,3.721,2.984,11.103464,27239,16387,0,-
18:32:18.544,snap,default,com.xingin.xhs,discharging,1,41.3,68.2,85,95,1,27.56,0.02,0.56,81,3.732,2.78,10.37496,28797,18151,0,-
18:32:19.544,snap,default,com.xingin.xhs,discharging,1,41.3,71.2,85,95,1,27.56,0.02,0.56,81,3.713,2.638,9.794894,28797,18151,0,-
18:32:20.545,snap,default,com.xingin.xhs,discharging,1,41.3,74.2,85,95,1,26.91,0.01,0.46,70,3.83,0.852,3.26316,17142,8916,0,-
18:32:21.547,snap,default,com.xingin.xhs,discharging,1,41.3,71.2,85,95,1,26.91,0.01,0.46,0,3.829,0.762,2.9176981,17142,8916,0,-
18:32:22.546,snap,default,com.xingin.xhs,discharging,1,41.3,69.8,85,95,1,24.57,0.01,0.37,13,3.822,0.908,3.470376,17142,8916,0,-
18:32:23.547,snap,default,com.xingin.xhs,discharging,1,41.3,69.8,85,95,1,24.57,0.01,0.37,27,3.828,1.126,4.3103285,16563,8407,0,-
18:32:24.547,snap,default,com.xingin.xhs,discharging,1,41.3,69.4,85,95,1,23.56,0.01,0.3,27,3.834,0.802,3.074868,16563,8407,0,-
18:32:25.547,snap,default,com.xingin.xhs,discharging,1,41.3,69.4,85,95,1,23.56,0.01,0.3,27,3.822,1.392,5.320224,15231,7674,0,-
18:32:26.548,snap,default,com.xingin.xhs,discharging,1,41.4,69.4,85,95,1,24.73,0,0.25,12,3.83,1.312,5.02496,15231,7674,0,-
18:32:27.549,snap,default,com.xingin.xhs,discharging,1,41.4,66.4,85,95,1,24.73,0,0.25,0,3.827,0.77,2.9467897,18766,9350,0,-
18:32:28.549,snap,default,com.xingin.xhs,discharging,1,41.4,63.4,85,95,1,22.24,0,0.2,4,3.831,0.702,2.689362,18766,9350,0,-
18:32:29.550,snap,default,com.xingin.xhs,discharging,1,41.4,62.3,85,95,1,22.24,0,0.2,7,3.831,0.702,2.689362,11122,6622,0,-
18:32:30.550,snap,default,com.xingin.xhs,discharging,1,41.4,60.7,85,95,1,22.24,0,0.2,7,3.824,0.854,3.2656958,11122,6622,0,-
18:32:31.551,snap,default,com.xingin.xhs,discharging,1,41.4,60.7,85,95,1,20.56,0,0.16,0,3.845,0.522,2.00709,9481,4512,0,-
18:32:32.551,snap,default,com.xingin.xhs,discharging,1,41.4,59.2,85,95,1,20.56,0,0.16,13,3.812,0.872,3.324064,9481,4512,0,-
18:32:33.551,snap,default,com.xingin.xhs,discharging,1,41.4,58.4,85,95,1,19.01,0,0.13,13,3.851,0.506,1.948606,11558,6137,0,-
18:32:34.552,snap,default,com.xingin.xhs,discharging,1,41.4,57.2,85,95,1,19.01,0,0.13,0,3.856,0.34,1.31104,11558,6137,0,-
18:32:35.552,snap,default,com.xingin.xhs,discharging,1,41.4,57.2,85,95,1,17.2,0,0.11,0,3.852,0.476,1.833552,9064,4492,0,-
18:32:36.552,snap,default,com.xingin.xhs,discharging,1,41.4,56.8,85,95,1,17.2,0,0.11,0,3.858,0.402,1.5509161,9064,4492,0,-
18:32:37.552,snap,default,com.xingin.xhs,discharging,1,41.4,56.4,85,95,1,16.25,0,0.09,12,3.852,0.656,2.526912,12625,6257,0,-
18:32:38.553,snap,default,com.xingin.xhs,discharging,1,41.4,56.4,85,95,1,16.25,0,0.09,12,3.857,0.374,1.4425181,12625,6257,0,-
18:32:39.553,snap,default,com.xingin.xhs,discharging,1,41.4,55.6,85,95,1,15.12,0,0.07,12,3.859,0.302,1.1654179,5898,2146,0,-
18:32:40.553,snap,default,com.xingin.xhs,discharging,1,41.4,54.8,85,95,1,15.12,0,0.07,12,3.852,0.378,1.456056,5898,2146,0,-
18:32:41.554,snap,default,com.xingin.xhs,discharging,1,41.4,54.4,85,95,1,13.83,0,0.06,12,3.864,0.282,1.089648,6376,2366,0,-
18:32:42.554,snap,default,com.xingin.xhs,discharging,1,41.4,54,85,95,1,12.77,0,0.05,12,3.861,0.324,1.250964,6376,2366,0,-
18:32:43.554,snap,default,com.xingin.xhs,discharging,1,41.4,54,85,95,1,12.77,0,0.05,0,3.859,0.332,1.2811879,5878,2241,0,-
18:32:44.555,snap,default,com.xingin.xhs,discharging,1,41.4,54,85,95,1,11.91,0,0.04,0,3.863,0.364,1.406132,5878,2241,0,-
18:32:45.555,snap,default,com.xingin.xhs,discharging,1,41.4,54,85,95,1,11.91,0,0.04,0,3.852,0.416,1.602432,8595,2694,0,-
18:32:46.555,snap,default,com.xingin.xhs,discharging,1,41.4,53.6,85,95,1,17.72,0.36,1.3,0,3.849,0.608,2.3401918,8595,2694,0,-
18:32:47.555,snap,default,com.xingin.xhs,discharging,1,41.4,54,85,95,1,17.72,0.36,1.3,0,3.859,0.434,1.6748059,7951,2691,0,-
18:32:48.556,snap,default,com.xingin.xhs,discharging,1,41.4,54.8,85,95,1,24.83,0.29,1.24,11,3.843,0.616,2.3672879,7951,2691,0,-
18:32:49.556,snap,default,com.xingin.xhs,discharging,1,41.4,55.6,85,95,1,24.83,0.29,1.24,11,3.843,0.7,2.6901,7951,2691,0,-
18:32:50.557,snap,default,com.xingin.xhs,discharging,1,41.4,56.4,85,95,1,25.95,0.24,1.02,11,3.844,0.72,2.7676802,14755,7443,0,-
18:32:51.558,snap,default,com.xingin.xhs,discharging,1,41.4,56.4,85,95,1,25.95,0.24,1.02,12,3.851,0.56,2.15656,14755,7443,0,-
18:32:52.558,snap,default,com.xingin.xhs,discharging,1,41.4,54,85,95,1,23.42,0.19,0.83,0,3.856,0.362,1.3958719,13094,8059,0,-
18:32:53.559,snap,default,com.xingin.xhs,discharging,1,41.4,53.2,85,95,1,23.42,0.19,0.83,0,3.859,0.368,1.420112,13094,8059,0,-
18:32:54.559,snap,default,com.xingin.xhs,discharging,1,41.4,53.2,85,95,1,20.81,0.16,0.68,0,3.859,0.468,1.8060119,7246,2460,0,-
18:32:55.566,snap,default,com.xingin.xhs,discharging,1,41.4,56.2,85,95,1,20.81,0.16,0.68,13,3.807,1.116,4.248612,7246,2460,0,-
18:32:56.565,snap,default,com.xingin.xhs,discharging,1,41.4,56.2,85,95,1,23.56,0.13,0.56,70,3.698,3.128,11.567344,22655,12049,0,-
18:32:57.565,snap,default,com.xingin.xhs,discharging,1,41.4,56.2,85,95,1,23.56,0.13,0.56,78,3.703,3.402,12.597606,22655,12049,0,-
18:32:58.568,snap,default,com.xingin.xhs,discharging,1,41.4,56.2,85,95,1,27.62,0.1,0.82,79,3.706,3.286,12.177917,35888,19171,0,-
18:32:59.568,snap,default,com.xingin.xhs,discharging,1,41.4,56.2,85,95,1,27.62,0.1,0.82,80,3.706,3.286,12.177917,35888,19171,0,-
18:33:00.569,snap,default,com.xingin.xhs,discharging,1,41.4,56.2,85,95,1,27.62,0.1,0.82,80,3.716,2.87,10.66492,29496,17111,0,-
18:33:01.569,snap,default,com.xingin.xhs,discharging,1,41.4,56.2,85,95,1,28.6,0.08,0.67,81,3.713,2.712,10.069655,29496,17111,0,-
18:33:02.574,snap,default,com.xingin.xhs,discharging,1,41.4,56.2,85,95,1,28.6,0.08,0.67,80,3.713,3.1,11.5103,29892,17509,0,-
18:33:03.574,snap,default,com.xingin.xhs,discharging,1,41.4,56.2,85,95,1,30.48,0.07,0.91,79,3.727,2.904,10.823208,29892,17509,0,-
18:33:04.575,snap,default,com.xingin.xhs,discharging,1,41.4,56.2,85,95,1,30.48,0.07,0.91,77,3.802,1.948,7.406296,27063,15083,0,-
18:33:05.575,snap,default,com.xingin.xhs,discharging,1,41.4,56.2,85,95,1,30.76,0.05,0.74,27,3.807,1.262,4.804434,27063,15083,0,-
18:33:06.575,snap,default,com.xingin.xhs,discharging,1,41.4,59.2,85,95,1,30.76,0.05,0.74,0,3.805,1.378,5.24329,15677,8223,0,-
18:33:07.575,snap,default,com.xingin.xhs,discharging,1,41.4,62.2,85,95,1,27.9,0.04,0.61,30,3.825,0.858,3.2818499,15677,8223,0,-
18:33:08.576,snap,default,com.xingin.xhs,discharging,1,41.4,65.2,85,95,1,27.9,0.04,0.61,32,3.794,1.34,5.08396,16604,8424,0,-
18:33:09.576,snap,default,com.xingin.xhs,discharging,1,41.4,62.3,85,95,1,26.11,0.03,0.5,0,3.839,0.592,2.272688,16604,8424,0,-
18:33:10.576,snap,default,com.xingin.xhs,discharging,1,41.4,60.7,85,95,1,26.11,0.03,0.5,0,3.841,0.576,2.212416,6624,2754,0,-
18:33:11.577,snap,default,com.xingin.xhs,discharging,1,41.4,59.2,85,95,1,23.19,0.03,0.41,0,3.842,0.51,1.95942,6624,2754,0,-
18:33:12.577,snap,default,com.xingin.xhs,discharging,1,41.4,58.4,85,95,1,23.19,0.03,0.41,0,3.847,0.542,2.085074,5504,2006,0,-
18:33:13.577,snap,default,com.xingin.xhs,discharging,1,41.5,56.8,85,95,1,20.25,0.02,0.33,0,3.846,0.484,1.861464,5504,2006,0,-
18:33:14.577,snap,default,com.xingin.xhs,discharging,1,41.5,56.8,85,95,1,18.39,0.02,0.27,0,3.844,0.61,2.34484,5504,2006,0,-
18:33:15.578,snap,default,com.xingin.xhs,discharging,1,41.5,58.8,85,95,1,18.39,0.02,0.27,0,3.816,0.93,3.54888,10263,5026,0,-
18:33:16.578,snap,default,com.xingin.xhs,discharging,1,41.5,61.8,85,95,1,18.14,0.01,0.22,9,3.835,0.888,3.4054801,10263,5026,0,-
18:33:17.578,snap,default,com.xingin.xhs,discharging,1,41.5,60.7,85,95,1,18.14,0.01,0.22,11,3.807,1.242,4.728294,18357,10413,0,-
18:33:18.579,snap,default,com.xingin.xhs,discharging,1,41.5,61.5,85,95,1,18.66,0.01,0.18,11,3.796,1.456,5.526976,18357,10413,0,-
18:33:19.579,snap,default,com.xingin.xhs,discharging,1,41.5,61.5,85,95,1,18.66,0.01,0.18,11,3.837,0.758,2.908446,20023,10970,0,-
18:33:20.579,snap,default,com.xingin.xhs,discharging,1,41.5,61.9,85,95,1,17.81,0.01,0.14,8,3.823,1.128,4.312344,20023,10970,0,-
18:33:21.579,snap,default,com.xingin.xhs,discharging,1,41.5,61.9,85,95,1,17.81,0.01,0.14,8,3.826,1.334,5.1038837,19856,11183,0,-
18:33:22.579,snap,default,com.xingin.xhs,discharging,1,41.5,61.1,85,95,1,19.11,0,0.12,11,3.784,1.148,4.344032,19856,11183,0,-
18:33:23.580,snap,default,com.xingin.xhs,discharging,1,41.5,59.6,85,95,1,19.11,0,0.12,0,3.834,0.746,2.8601642,14238,6907,0,-
18:33:24.580,snap,default,com.xingin.xhs,discharging,1,41.5,59.6,85,95,1,18.01,0,0.1,22,3.827,0.804,3.076908,14238,6907,0,-
18:33:25.580,snap,default,com.xingin.xhs,discharging,1,41.5,58.8,85,95,1,18.01,0,0.1,22,3.836,0.796,3.053456,16505,9585,0,-
18:33:26.580,snap,default,com.xingin.xhs,discharging,1,41.5,58.8,85,95,1,17.28,0,0.08,12,3.838,0.486,1.865268,16505,9585,0,-
18:33:27.581,snap,default,com.xingin.xhs,discharging,1,41.5,58.8,85,95,1,17.28,0,0.08,24,3.823,0.846,3.234258,13842,8139,0,-
18:33:28.582,snap,default,com.xingin.xhs,discharging,1,41.5,59.9,85,95,1,17.23,0,0.06,26,3.835,0.78,2.9912999,13842,8139,0,-
18:33:29.582,snap,default,com.xingin.xhs,discharging,1,41.5,59.9,85,95,1,17.23,0,0.06,23,3.835,0.78,2.9912999,19626,13343,0,-
18:33:30.585,snap,default,com.xingin.xhs,discharging,1,41.5,59.6,85,95,1,17.23,0,0.06,23,3.829,0.958,3.668182,19626,13343,0,-
18:33:31.586,snap,default,com.xingin.xhs,discharging,1,41.5,57.6,85,95,1,17.18,0,0.05,23,3.848,0.54,2.0779202,11248,4776,0,-
18:33:32.586,snap,default,com.xingin.xhs,discharging,1,41.5,57.6,85,95,1,17.18,0,0.05,0,3.851,0.398,1.532698,11248,4776,0,-
18:33:33.586,snap,default,com.xingin.xhs,discharging,1,41.5,57.6,85,95,1,15.88,0,0.04,18,3.831,0.83,3.17973,17441,11073,0,-
18:33:34.586,snap,default,com.xingin.xhs,discharging,1,41.5,55.6,85,95,1,15.88,0,0.04,26,3.839,0.68,2.6105201,17441,11073,0,-
18:33:35.587,snap,default,com.xingin.xhs,discharging,1,41.5,55.6,85,95,1,15,0,0.03,0,3.85,0.524,2.0174,9536,4681,0,-
18:33:36.587,snap,default,com.xingin.xhs,discharging,1,41.5,54,85,95,1,15,0,0.03,0,3.854,0.366,1.4105641,9536,4681,0,-
18:33:37.587,snap,default,com.xingin.xhs,discharging,1,41.5,54,85,95,1,13.91,0,0.02,0,3.861,0.28,1.0810801,8381,3503,0,-
18:33:38.587,snap,default,com.xingin.xhs,discharging,1,41.5,57,85,95,1,13.91,0,0.02,15,3.808,0.95,3.6176,8381,3503,0,-
18:33:39.588,snap,default,com.xingin.xhs,discharging,1,41.5,59.9,85,95,1,16.64,0,0.02,11,3.831,1.16,4.44396,20311,12338,0,-
18:33:40.588,snap,default,com.xingin.xhs,discharging,1,41.5,59.2,85,95,1,16.64,0,0.02,11,3.842,0.738,2.8353958,20311,12338,0,-
18:33:41.589,snap,default,com.xingin.xhs,discharging,1,41.5,56.8,85,95,1,16.16,0,0.01,0,3.851,0.656,2.526256,20311,12338,0,-
18:33:42.588,snap,default,com.xingin.xhs,discharging,1,41.5,56.8,85,95,1,16.16,0,0.01,9,3.853,0.432,1.6644961,9259,3840,0,-
18:33:43.589,snap,default,com.xingin.xhs,discharging,1,41.4,56.8,85,95,1,14.86,0,0.01,13,3.826,0.816,3.122016,9259,3840,0,-
18:33:44.589,snap,default,com.xingin.xhs,discharging,1,41.4,56.8,85,95,1,15.43,0,0.01,13,3.837,0.752,2.885424,19260,12387,0,-
18:33:45.589,snap,default,com.xingin.xhs,discharging,1,41.4,56.8,85,95,1,15.43,0,0.01,12,3.838,0.678,2.602164,19260,12387,0,-
18:33:46.589,snap,default,com.xingin.xhs,discharging,1,41.4,54.8,85,95,1,14.99,0,0,10,3.857,0.456,1.758792,15904,9874,0,-
18:33:47.590,snap,default,com.xingin.xhs,discharging,1,41.4,53.2,85,95,1,14.99,0,0,0,3.858,0.286,1.1033881,15904,9874,0,-
18:33:48.590,snap,default,com.xingin.xhs,discharging,1,41.4,53.2,85,95,1,13.9,0,0,0,3.859,0.326,1.258034,5784,2194,0,-
18:33:49.591,snap,default,com.xingin.xhs,discharging,1,41.4,54.8,85,95,1,13.9,0,0,11,3.836,0.69,2.6468399,5784,2194,0,-
18:33:50.591,snap,default,com.xingin.xhs,discharging,1,41.4,54.8,85,95,1,13.92,0,0,11,3.855,0.496,1.9120799,16040,11012,0,-
18:33:51.591,snap,default,com.xingin.xhs,discharging,1,41.4,52.8,85,95,1,13.92,0,0,11,3.859,0.302,1.1654179,16040,11012,0,-
18:33:52.591,snap,default,com.xingin.xhs,discharging,1,41.4,52.8,85,95,1,12.85,0,0,0,3.862,0.29,1.11998,5214,1910,0,-
18:33:53.592,snap,default,com.xingin.xhs,discharging,1,41.4,52.8,85,95,1,12.85,0,0,11,3.83,0.614,2.35162,5214,1910,0,-
18:33:54.592,snap,default,com.xingin.xhs,discharging,1,41.4,52.8,85,95,1,13.06,0,0,11,3.859,0.396,1.528164,12801,7016,0,-
18:33:55.592,snap,default,com.xingin.xhs,discharging,1,41.4,53.2,85,95,1,13.06,0,0,0,3.829,0.558,2.1365821,12801,7016,0,-
18:33:56.592,snap,default,com.xingin.xhs,discharging,1,41.4,54.4,85,95,1,13.04,0,0,11,3.858,0.482,1.859556,12888,5741,0,-
18:33:57.593,snap,default,com.xingin.xhs,discharging,1,41.4,54.4,85,95,1,13.04,0,0,11,3.851,0.622,2.3953218,12888,5741,0,-
18:33:58.594,snap,default,com.xingin.xhs,discharging,1,41.4,52.8,85,95,1,12.67,0,0,0,3.851,0.622,2.3953218,11673,5351,0,-
18:33:59.594,snap,default,com.xingin.xhs,discharging,1,41.4,51.7,85,95,1,12.67,0,0,0,3.859,0.33,1.27347,11673,5351,0,-
18:34:00.594,snap,default,com.xingin.xhs,discharging,1,41.4,51.7,85,95,1,12.67,0,0,0,3.861,0.326,1.2586861,8685,3147,0,-
18:34:01.594,snap,default,com.xingin.xhs,discharging,1,41.4,54.7,85,95,1,12.37,0,0,0,3.852,0.604,2.326608,8685,3147,0,-
18:34:02.595,snap,default,com.xingin.xhs,discharging,1,41.4,56,85,95,1,12.37,0,0,22,3.802,1.15,4.3723,24084,13688,0,-
18:34:03.613,snap,default,com.xingin.xhs,discharging,1,41.3,58.4,85,95,1,13.21,0,0,27,3.835,0.708,2.7151802,24084,13688,0,-
18:34:04.615,snap,default,com.tencent.mobileqq,discharging,1,41.3,58.4,85,95,1,13.21,0,0,19,3.787,1.822,6.899914,39552,13360,0,-
18:34:05.615,snap,default,com.tencent.mobileqq,discharging,1,41.3,58.4,85,95,1,22.41,0.72,3.44,22,3.723,2.718,10.119114,39552,13360,0,-
18:34:06.615,snap,default,com.tencent.mobileqq,discharging,1,41.3,58.4,85,95,1,22.41,0.72,3.44,14,3.72,2.994,11.13768,54176,7965,0,-
18:34:07.616,snap,default,com.tencent.mobileqq,discharging,1,41.3,61.4,85,95,1,33.2,2.58,5.89,0,3.734,2.716,10.141544,54176,7965,0,-
18:34:08.616,snap,default,com.tencent.mobileqq,discharging,1,41.2,64.4,85,95,1,33.2,2.58,5.89,0,3.824,1.06,4.0534396,54176,7965,0,-
18:34:09.616,snap,default,com.tencent.mobileqq,discharging,1,41.2,62.3,85,95,1,32.44,2.66,5.73,0,3.843,0.572,2.1981962,15186,5397,0,-
18:34:10.621,snap,default,com.tencent.mobileqq,discharging,1,41.2,61.1,85,95,1,32.44,2.66,5.73,0,3.836,0.53,2.0330799,15186,5397,0,-
18:34:11.621,snap,default,com.tencent.mobileqq,discharging,1,41.2,59.6,85,95,1,28.19,2.36,4.69,0,3.828,0.762,2.9169362,13900,5875,0,-
18:34:12.627,snap,default,com.tencent.mobileqq,discharging,1,41.2,61.1,85,95,1,28.19,2.36,4.69,10,3.846,0.656,2.5229762,13900,5875,0,-
18:34:13.624,snap,default,com.tencent.mobileqq,discharging,1,41.1,62.7,85,95,1,25.98,1.93,3.84,7,3.786,1.332,5.042952,23318,10486,0,-
18:34:14.623,snap,default,com.tencent.mobileqq,discharging,1,41.1,62.7,85,95,1,30.69,1.94,5.32,0,3.785,1.698,6.42693,23318,10486,0,-
18:34:15.624,snap,default,com.android.launcher,discharging,1,41.1,62.3,85,95,1,30.69,1.94,5.32,0,3.828,0.922,3.529416,26130,10327,0,-
18:34:16.624,snap,default,com.android.launcher,discharging,1,41.1,61.5,85,95,1,30.21,1.95,5.44,0,3.818,0.936,3.573648,26130,10327,0,-
18:34:17.624,snap,default,com.android.launcher,discharging,1,41.1,59.9,85,95,1,30.21,1.95,5.44,0,3.845,0.722,2.7760901,16320,5624,0,-
18:34:18.624,snap,default,com.android.launcher,discharging,1,41.1,56.9,85,95,1,27.27,1.6,4.45,0,3.855,0.352,1.35696,16320,5624,0,-
18:34:19.625,snap,default,com.android.launcher,discharging,1,41.1,56,85,95,1,27.27,1.6,4.45,0,3.832,0.652,2.498464,11451,3666,0,-
18:34:20.625,snap,default,com.android.launcher,discharging,1,41.1,56,85,95,1,24.86,1.67,4.01,0,3.847,0.592,2.2774239,11451,3666,0,-
18:34:21.625,snap,default,com.android.launcher,discharging,1,41.1,54.8,85,95,1,24.86,1.67,4.01,0,3.843,0.526,2.021418,12167,3469,0,-
18:34:22.626,snap,default,com.android.launcher,discharging,1,41.1,54,85,95,1,21.99,1.55,3.28,0,3.86,0.37,1.4282,12167,3469,0,-
18:34:23.626,snap,default,com.android.launcher,discharging,1,41.1,52.8,85,95,1,21.99,1.55,3.28,0,3.857,0.33,1.2728101,7528,2715,0,-
18:34:24.627,snap,default,com.android.launcher,discharging,1,41.1,52.8,85,95,1,20.36,1.27,2.69,0,3.827,0.636,2.433972,7528,2715,0,-
18:34:25.633,snap,default,com.android.launcher,discharging,1,41.1,55.8,85,95,1,20.36,1.27,2.69,20,3.817,1.336,5.0995116,24705,10061,0,-
18:34:26.633,snap,default,com.android.launcher,discharging,1,41.1,58.8,85,95,1,25,1.22,3.29,0,3.824,0.828,3.166272,24705,10061,0,-
18:34:27.633,snap,default,com.coolapk.market,discharging,1,41.1,59.6,85,95,1,25,1.22,3.29,6,3.824,0.828,3.166272,17335,7502,0,-
18:34:28.634,snap,default,com.coolapk.market,discharging,1,41.1,58.4,85,95,1,25,1.22,3.29,6,3.83,0.656,2.51248,17335,7502,0,-
18:34:29.634,snap,default,com.coolapk.market,discharging,1,41.1,56.8,85,95,1,24.28,0.99,2.69,8,3.819,0.912,3.482928,20698,10110,0,-
18:34:30.635,snap,default,com.coolapk.market,discharging,1,41.1,55.2,85,95,1,24.28,0.99,2.69,0,3.847,0.612,2.354364,20698,10110,0,-
18:34:31.635,snap,default,com.coolapk.market,discharging,1,41.1,55.2,85,95,1,22.96,0.81,2.2,0,3.844,0.48,1.84512,11994,4433,0,-
18:34:32.635,snap,default,com.coolapk.market,discharging,1,41.1,54,85,95,1,22.96,0.81,2.2,0,3.842,0.614,2.358988,11994,4433,0,-
18:34:33.635,snap,default,com.coolapk.market,discharging,1,41.1,52.8,85,95,1,20.43,0.66,1.8,0,3.853,0.302,1.1636059,7990,3002,0,-
18:34:34.635,snap,default,com.coolapk.market,discharging,1,41,52.8,85,95,1,20.43,0.66,1.8,0,3.842,0.486,1.867212,7990,3002,0,-
18:34:35.636,snap,default,com.coolapk.market,discharging,1,41,52.8,85,95,1,19.26,0.72,1.47,0,3.851,0.436,1.679036,7990,3002,0,-
18:34:36.636,snap,default,com.coolapk.market,discharging,1,41,52.1,85,95,1,19.26,0.72,1.47,0,3.856,0.336,1.2956159,10023,3532,0,-
18:34:37.637,snap,default,com.coolapk.market,discharging,1,41,51.7,85,95,1,17.76,0.59,1.21,0,3.853,0.358,1.379374,10023,3532,0,-
18:34:38.637,snap,default,com.coolapk.market,discharging,1,41,51.3,85,95,1,17.76,0.59,1.21,0,3.854,0.378,1.456812,8335,3564,0,-
18:34:39.638,snap,default,com.coolapk.market,discharging,1,41,51.3,85,95,1,16.36,0.48,0.99,0,3.853,0.376,1.448728,8335,3564,0,-
18:34:40.638,snap,default,com.coolapk.market,discharging,1,41,50.9,85,95,1,16.36,0.48,0.99,0,3.857,0.366,1.411662,11383,4787,0,-
18:34:41.639,snap,default,com.coolapk.market,discharging,1,41,50.9,85,95,1,15.93,0.4,0.81,0,3.847,0.404,1.554188,11383,4787,0,-
18:34:42.639,snap,default,com.coolapk.market,discharging,1,41,50.9,85,95,1,15.93,0.4,0.81,0,3.861,0.334,1.289574,9039,3752,0,-
18:34:43.639,snap,default,com.coolapk.market,discharging,1,41,51.7,85,95,1,15.4,0.32,0.84,0,3.852,0.514,1.979928,9039,3752,0,-
18:34:44.639,snap,default,com.coolapk.market,discharging,1,41,54.7,85,95,1,15.69,0.26,0.69,0,3.826,0.758,2.900108,16471,8700,0,-
18:34:45.639,snap,default,com.coolapk.market,discharging,1,41,57.2,85,95,1,15.69,0.26,0.69,8,3.851,0.578,2.225878,16471,8700,0,-
18:34:46.639,snap,default,com.coolapk.market,discharging,1,41,55.6,85,95,1,16.1,0.21,0.56,1,3.843,0.642,2.467206,17622,10366,0,-
18:34:47.640,snap,default,com.coolapk.market,discharging,1,41,55.6,85,95,1,16.1,0.21,0.56,7,3.803,1.224,4.654872,17622,10366,0,-
18:34:48.640,snap,default,com.coolapk.market,discharging,1,41,57.6,85,95,1,17.17,0.36,0.64,48,3.821,1.052,4.0196924,26943,15690,0,-
18:34:49.640,snap,default,com.coolapk.market,discharging,1,41,57.6,85,95,1,17.17,0.36,0.64,48,3.817,0.992,3.7864637,26943,15690,0,-
18:34:50.640,snap,default,com.coolapk.market,discharging,1,41,57.6,85,95,1,16.96,0.29,0.52,36,3.802,1.196,4.547192,19198,10626,0,-
18:34:51.641,snap,default,com.coolapk.market,discharging,1,41,58.8,85,95,1,16.96,0.29,0.52,29,3.823,1.12,4.2817597,19198,10626,0,-
18:34:52.641,snap,default,com.coolapk.market,discharging,1,41,58.8,85,95,1,16.78,0.24,0.43,1,3.826,1.044,3.994344,21330,10329,0,-
18:34:53.641,snap,default,com.coolapk.market,discharging,1,41,58.4,85,95,1,16.78,0.24,0.43,6,3.777,1.386,5.234922,21330,10329,0,-
18:34:54.641,snap,default,com.coolapk.market,discharging,1,41,58.4,85,95,1,17.37,0.19,0.35,6,3.824,0.75,2.868,18572,8424,0,-
18:34:55.641,snap,default,com.coolapk.market,discharging,1,41,58.4,85,95,1,17.37,0.19,0.35,0,3.843,0.592,2.275056,18572,8424,0,-
18:34:56.641,snap,default,com.coolapk.market,discharging,1,41,55.4,85,95,1,16.39,0.16,0.28,37,3.84,0.684,2.62656,9727,4299,0,-
18:34:57.641,snap,default,com.coolapk.market,discharging,1,41,54,85,95,1,16.39,0.16,0.28,0,3.84,0.684,2.62656,9727,4299,0,-
18:34:58.677,snap,default,com.coolapk.market,discharging,1,41,54.4,85,95,1,15.05,0.13,0.23,0,3.844,0.49,1.8835601,10337,4802,0,-
18:34:59.676,snap,default,com.coolapk.market,discharging,1,41,57.4,85,95,1,15.05,0.13,0.23,0,3.818,0.802,3.062036,10337,4802,0,-
18:35:00.676,snap,default,com.coolapk.market,discharging,1,41,59.9,85,95,1,15.05,0.13,0.23,40,3.807,1.342,5.108994,23577,14282,0,-
18:35:01.677,snap,default,com.coolapk.market,discharging,1,41,59.9,85,95,1,16.85,0.1,0.19,59,3.797,1.272,4.829784,23577,14282,0,-
18:35:02.677,snap,default,com.coolapk.market,discharging,1,41,57.2,85,95,1,16.85,0.1,0.19,66,3.839,0.754,2.894606,23577,14282,0,-
18:35:03.678,snap,default,com.coolapk.market,discharging,1,41,55.6,85,95,1,16.34,0.08,0.15,0,3.834,0.732,2.806488,10037,4844,0,-
18:35:04.678,snap,default,com.coolapk.market,discharging,1,41,54,85,95,1,16.34,0.08,0.15,0,3.841,0.54,2.07414,10037,4844,0,-
18:35:05.678,snap,default,com.coolapk.market,discharging,1,41,53.6,85,95,1,15.01,0.07,0.12,0,3.838,0.602,2.310476,8020,3048,0,-
18:35:06.678,snap,default,com.coolapk.market,discharging,1,41.1,53.2,85,95,1,15.01,0.07,0.12,38,3.839,0.688,2.641232,8020,3048,0,-
18:35:07.679,snap,default,com.coolapk.market,discharging,1,41.1,52.8,85,95,1,14.1,0.05,0.1,0,3.838,0.542,2.080196,9094,3460,0,-
18:35:08.679,snap,default,com.coolapk.market,discharging,1,41.1,52.8,85,95,1,14.1,0.05,0.1,0,3.845,0.51,1.96095,9094,3460,0,-
18:35:09.679,snap,default,com.coolapk.market,discharging,1,41.1,52.8,85,95,1,13.17,0.04,0.08,0,3.838,0.652,2.502376,7259,3272,0,-
18:35:10.679,snap,default,com.coolapk.market,discharging,1,41.1,52.8,85,95,1,13.17,0.04,0.08,0,3.845,0.512,1.9686401,7259,3272,0,-
18:35:11.680,snap,default,com.coolapk.market,discharging,1,41.1,52.8,85,95,1,12.6,0.03,0.07,27,3.842,0.678,2.6048758,8984,3476,0,-
18:35:12.680,snap,default,com.coolapk.market,discharging,1,41.1,52.4,85,95,1,12.6,0.03,0.07,27,3.842,0.596,2.289832,8984,3476,0,-
18:35:13.680,snap,default,com.coolapk.market,discharging,1,41.1,52.4,85,95,1,12.31,0.03,0.05,0,3.846,0.574,2.207604,7291,2910,0,-
18:35:14.681,snap,default,com.coolapk.market,discharging,1,41.1,52.4,85,95,1,12.31,0.03,0.05,0,3.837,0.622,2.3866138,7291,2910,0,-
18:35:15.681,snap,default,com.coolapk.market,discharging,1,41.1,52.1,85,95,1,12.07,0.02,0.04,0,3.846,0.598,2.299908,7574,3469,0,-
18:35:16.681,snap,default,com.coolapk.market,discharging,1,41.1,52.8,85,95,1,11.87,0.02,0.03,0,3.84,0.556,2.13504,7574,3469,0,-
18:35:17.681,snap,default,com.coolapk.market,discharging,1,41.1,52.8,85,95,1,11.87,0.02,0.03,27,3.828,0.678,2.595384,9546,3906,0,-
18:35:18.681,snap,default,com.coolapk.market,discharging,1,41.1,54.4,85,95,1,11.53,0.01,0.03,27,3.848,0.548,2.1087039,9546,3906,0,-
18:35:19.681,snap,default,com.coolapk.market,discharging,1,41.1,54.4,85,95,1,11.53,0.01,0.03,0,3.85,0.522,2.0097,8117,3216,0,-
18:35:20.682,snap,default,com.coolapk.market,discharging,1,41.1,51.7,85,95,1,11.25,0.01,0.02,28,3.849,0.406,1.562694,8117,3216,0,-
18:35:21.682,snap,default,com.coolapk.market,discharging,1,41.1,51.7,85,95,1,11.25,0.01,0.02,0,3.858,0.36,1.38888,8105,3443,0,-
18:35:22.682,snap,default,com.coolapk.market,discharging,1,41.1,51.7,85,95,1,10.66,0.01,0.02,0,3.858,0.306,1.180548,8105,3443,0,-
18:35:23.683,snap,default,com.coolapk.market,discharging,1,41.1,51.7,85,95,1,10.66,0.01,0.02,0,3.848,0.442,1.700816,6879,2972,0,-
18:35:24.684,snap,default,com.coolapk.market,discharging,1,41.1,51.3,85,95,1,10.36,0,0.01,0,3.859,0.286,1.103674,6879,2972,0,-
18:35:25.684,snap,default,com.coolapk.market,discharging,1,41.1,51.7,85,95,1,10.36,0,0.01,0,3.86,0.404,1.55944,6652,2118,0,-
18:35:26.684,snap,default,com.coolapk.market,discharging,1,41.1,52.1,85,95,1,10.84,0,0.19,28,3.834,0.768,2.9445121,6652,2118,0,-
18:35:27.685,snap,default,com.coolapk.market,discharging,1,41.1,52.4,85,95,1,10.84,0,0.19,0,3.834,0.644,2.469096,6652,2118,0,-
18:35:28.685,snap,default,com.coolapk.market,discharging,1,41.1,52.1,85,95,1,10.87,0,0.34,0,3.834,0.644,2.469096,14209,5535,0,-
18:35:29.686,snap,default,com.coolapk.market,discharging,1,41.1,51.3,85,95,1,10.87,0,0.34,0,3.841,0.604,2.319964,14209,5535,0,-
18:35:30.686,snap,default,com.coolapk.market,discharging,1,41.1,51.3,85,95,1,10.87,0,0.34,0,3.841,0.648,2.4889681,9548,4234,0,-
18:35:31.687,snap,default,com.coolapk.market,discharging,1,41.1,51.3,85,95,1,10.71,0,0.27,0,3.845,0.592,2.27624,9548,4234,0,-
18:35:32.687,snap,default,com.coolapk.market,discharging,1,41.1,51.3,85,95,1,10.71,0,0.27,0,3.843,0.612,2.3519158,12211,5239,0,-
18:35:33.688,snap,default,com.coolapk.market,discharging,1,41.1,50.9,85,95,1,11.3,0,0.22,30,3.841,0.652,2.504332,12211,5239,0,-
18:35:34.688,snap,default,com.coolapk.market,discharging,1,41.1,51.3,85,95,1,11.3,0,0.22,30,3.849,0.468,1.801332,7765,3388,0,-
18:35:35.689,snap,default,com.coolapk.market,discharging,1,41.1,50.9,85,95,1,10.89,0,0.18,30,3.843,0.62,2.38266,7765,3388,0,-
18:35:36.689,snap,default,com.coolapk.market,discharging,1,41.1,51.3,85,95,1,10.89,0,0.18,30,3.847,0.598,2.3005059,8257,3750,0,-
18:35:37.689,snap,default,com.coolapk.market,discharging,1,41.1,51.3,85,95,1,10.36,0,0.15,0,3.843,0.544,2.0905921,8257,3750,0,-
18:35:38.689,snap,default,com.coolapk.market,discharging,1,41.1,51.3,85,95,1,10.36,0,0.15,0,3.844,0.66,2.5370402,9547,3968,0,-
18:35:39.690,snap,default,com.coolapk.market,discharging,1,41.1,51.3,85,95,1,10.3,0,0.12,0,3.845,0.622,2.3915899,9547,3968,0,-
18:35:40.690,snap,default,com.coolapk.market,discharging,1,41.1,51.7,85,95,1,10.3,0,0.12,0,3.845,0.5,1.9225,7487,2891,0,-
18:35:41.690,snap,default,com.coolapk.market,discharging,1,41.1,51.7,85,95,1,10.06,0,0.64,0,3.844,0.524,2.014256,7487,2891,0,-
18:35:42.691,snap,default,com.coolapk.market,discharging,1,41.1,50.1,85,95,1,10.06,0,0.64,33,3.858,0.318,1.226844,7750,3406,0,-
18:35:43.691,snap,default,com.coolapk.market,discharging,1,41.1,50.1,85,95,1,10.23,0,0.52,0,3.86,0.308,1.18888,7750,3406,0,-
18:35:44.692,snap,default,com.coolapk.market,discharging,1,41.1,50.1,85,95,1,10.23,0,0.52,0,3.849,0.406,1.562694,7637,3534,0,-
18:35:45.692,snap,default,com.coolapk.market,discharging,1,41.1,50.1,85,95,1,10.01,0,0.43,0,3.857,0.372,1.4348041,7637,3534,0,-
18:35:46.692,snap,default,com.coolapk.market,discharging,1,41.1,49.7,85,95,1,10.01,0,0.43,0,3.857,0.306,1.1802421,7269,2943,0,-
18:35:47.693,snap,default,com.coolapk.market,discharging,1,41.1,49.7,85,95,1,9.64,0,0.35,33,3.849,0.42,1.6165799,7269,2943,0,-
18:35:48.694,snap,default,com.coolapk.market,discharging,1,41.1,49.7,85,95,1,9.71,0,0.28,33,3.859,0.288,1.1113919,6957,3070,0,-
18:35:49.694,snap,default,com.coolapk.market,discharging,1,41,49.7,85,95,1,9.71,0,0.28,0,3.858,0.32,1.23456,6957,3070,0,-
18:35:50.694,snap,default,com.coolapk.market,discharging,1,41,49.7,85,95,1,9.58,0,0.23,0,3.847,0.43,1.65421,6738,3020,0,-
18:35:51.694,snap,default,com.coolapk.market,discharging,1,41,49.7,85,95,1,9.58,0,0.23,0,3.859,0.32,1.23488,6738,3020,0,-
18:35:52.694,snap,default,com.coolapk.market,discharging,1,41,49.7,85,95,1,10.38,0.36,0.73,0,3.832,0.812,3.111584,13570,5928,0,-
18:35:53.694,snap,default,com.coolapk.market,discharging,1,41,50.5,85,95,1,10.38,0.36,0.73,33,3.831,1.056,4.045536,13570,5928,0,-
18:35:54.695,snap,default,com.coolapk.market,discharging,1,41,52.1,85,95,1,10.85,0.29,0.96,0,3.847,0.622,2.392834,13570,5928,0,-
18:35:55.695,snap,default,com.coolapk.market,discharging,1,41,52.1,85,95,1,10.85,0.29,0.96,0,3.845,0.538,2.06861,14669,7744,0,-
18:35:56.697,snap,default,com.coolapk.market,discharging,1,41,52.1,85,95,1,11.78,0.24,0.79,0,3.839,0.708,2.718012,14669,7744,0,-
18:35:57.696,snap,default,com.coolapk.market,discharging,1,41,51.3,85,95,1,11.78,0.24,0.79,0,3.85,0.472,1.8172,13553,7095,0,-
18:35:58.696,snap,default,com.coolapk.market,discharging,1,41,51.3,85,95,1,12.18,0.19,0.64,0,3.85,0.472,1.8172,13553,7095,0,-
18:35:59.696,snap,default,com.coolapk.market,discharging,1,41,51.3,85,95,1,12.18,0.19,0.64,0,3.851,0.46,1.77146,10945,5267,0,-
18:36:00.710,snap,default,com.coolapk.market,discharging,1,41,51.3,85,95,1,12.18,0.19,0.64,33,3.839,0.64,2.45696,10945,5267,0,-
18:36:01.708,snap,default,com.coolapk.market,discharging,1,41,54.3,85,95,1,12.51,0.16,0.52,0,3.816,0.764,2.9154239,26189,11211,0,-
18:36:02.709,snap,default,com.coolapk.market,discharging,1,41,57.3,85,95,1,12.51,0.16,0.52,17,3.785,1.502,5.68507,26189,11211,0,-
18:36:03.709,snap,default,com.coolapk.market,discharging,1,41,54.4,85,95,1,22.02,1.21,2.42,17,3.833,0.896,3.4343681,24957,7411,0,-
18:36:04.710,snap,default,com.coolapk.market,discharging,1,41,52.4,85,95,1,22.02,1.21,2.42,0,3.849,0.442,1.701258,24957,7411,0,-
18:36:05.710,snap,default,com.coolapk.market,discharging,1,41,51.7,85,95,1,25.46,0.99,2.16,0,3.856,0.38,1.4652799,5103,1644,0,-
18:36:06.711,snap,default,com.coolapk.market,discharging,1,41,50.9,85,95,1,25.46,0.99,2.16,0,3.854,0.344,1.3257761,5103,1644,0,-
18:36:07.712,snap,default,com.coolapk.market,discharging,1,41,50.9,85,95,1,23.74,0.99,1.95,13,3.844,0.474,1.822056,11374,5341,0,-
18:36:08.714,snap,default,com.coolapk.market,discharging,1,41,50.9,85,95,1,23.74,0.99,1.95,13,3.853,0.43,1.65679,11374,5341,0,-
18:36:09.716,snap,default,com.coolapk.market,discharging,1,41,50.1,85,95,1,21.43,0.81,1.6,0,3.86,0.25,0.965,6703,1970,0,-
18:36:10.716,snap,default,com.coolapk.market,discharging,1,41,49.7,85,95,1,21.43,0.81,1.6,0,3.861,0.234,0.90347403,6703,1970,0,-
18:36:11.717,snap,default,com.coolapk.market,discharging,1,41,49.7,85,95,1,17.73,0.85,1.31,0,3.858,0.272,1.049376,4465,1287,0,-
18:36:12.717,snap,default,com.coolapk.market,discharging,1,41,49.3,85,95,1,17.73,0.85,1.31,0,3.859,0.28,1.08052,4465,1287,0,-
18:36:13.718,snap,default,com.coolapk.market,discharging,1,41,49.3,85,95,1,14.88,0.87,1.07,0,3.861,0.296,1.142856,6667,2449,0,-
18:36:14.718,snap,default,com.coolapk.market,discharging,1,41,48.9,85,95,1,14.88,0.87,1.07,0,3.863,0.218,0.84213394,6667,2449,0,-
18:36:15.719,snap,default,com.coolapk.market,discharging,1,41,48.9,85,95,1,13.45,1.26,0.87,0,3.856,0.292,1.125952,7323,3041,0,-
18:36:16.719,snap,default,com.coolapk.market,discharging,1,41,48.9,85,95,1,13.45,1.26,0.87,0,3.85,0.452,1.7401999,7323,3041,0,-
18:36:17.721,snap,default,com.coolapk.market,discharging,1,41,48.9,85,95,1,17.35,1.21,1.08,0,3.865,0.184,0.71116,4392,1523,0,-
18:36:18.721,snap,default,com.coolapk.market,discharging,1,41,48.1,85,95,1,16.02,0.99,0.88,0,3.866,0.216,0.835056,4392,1523,0,-
18:36:19.809,snap,default,com.coolapk.market,discharging,1,41,48.1,85,95,1,16.02,0.99,0.88,0,3.861,0.208,0.803088,4392,1523,0,-
18:36:20.732,snap,default,com.coolapk.market,discharging,1,41,48.1,85,95,1,18.37,0.99,0.72,0,3.836,0.81,3.10716,6263,2377,0,-
18:36:21.732,snap,default,com.coolapk.market,discharging,1,41,48.1,85,95,1,18.37,0.99,0.72,20,3.752,2.358,8.847217,6263,2377,0,-
18:36:22.732,snap,default,com.coolapk.market,discharging,1,41,48.1,85,95,1,27.54,1.17,1.68,56,3.758,2.228,8.372824,44191,15426,0,-
18:36:23.735,snap,default,com.coolapk.market,discharging,1,41,48.1,85,95,1,27.54,1.17,1.68,63,3.79,1.652,6.26108,44191,15426,0,-
18:36:24.748,snap,default,com.coolapk.market,discharging,1,41,48.1,85,95,1,31.07,1.14,2.28,62,3.79,1.57,5.9503,29750,14538,0,-
18:36:25.747,snap,default,com.coolapk.market,discharging,1,41,48.1,85,95,1,31.07,1.14,2.28,39,3.75,2.18,8.175,29750,14538,0,-
18:36:26.749,snap,default,com.coolapk.market,discharging,1,41,48.1,85,95,1,35.04,1.66,4.94,46,3.721,2.862,10.649502,29460,11580,0,-
18:36:27.749,snap,default,com.android.settings,discharging,1,41,48.1,85,95,1,35.04,1.66,4.94,46,3.721,2.862,10.649502,29460,11580,0,-
18:36:28.749,snap,default,com.android.settings,discharging,1,41,48.1,85,95,1,35.04,1.66,4.94,46,3.728,2.698,10.058144,52244,13580,0,-
18:36:29.750,snap,default,com.android.settings,discharging,1,41,48.1,85,95,1,37.02,3.35,7.49,8,3.777,2.108,7.961916,52244,13580,0,-
18:36:30.750,snap,default,com.android.settings,discharging,1,41,50.1,85,95,1,37.02,3.35,7.49,0,3.811,1.238,4.718018,17803,4418,0,-
18:36:31.750,snap,default,com.android.settings,discharging,1,41,53.1,85,95,1,32.67,3.29,9.39,0,3.831,0.684,2.620404,17803,4418,0,-
18:36:32.751,snap,default,com.android.settings,discharging,1,40.9,56.1,85,95,1,32.67,3.29,9.39,0,3.832,0.62,2.37584,9225,3394,0,-
18:36:33.750,snap,default,com.android.settings,discharging,1,40.9,57.6,85,95,1,28.56,2.87,8.23,0,3.85,0.338,1.3012999,9225,3394,0,-
18:36:34.751,snap,default,com.android.settings,discharging,1,40.9,60.6,85,95,1,28.56,2.87,8.23,0,3.8,1.2,4.56,22588,11494,0,-
18:36:35.754,snap,default,com.android.settings,discharging,1,40.9,63.1,85,95,1,27.19,2.71,7.65,21,3.811,1.152,4.390272,22588,11494,0,-
18:36:36.753,snap,default,com.android.settings,discharging,1,40.9,62.7,85,95,1,27.19,2.71,7.65,29,3.81,1.066,4.06146,24508,12860,0,-
18:36:37.753,snap,default,com.android.settings,discharging,1,40.9,63.1,85,95,1,26.25,2.4,6.26,23,3.823,0.914,3.494222,24508,12860,0,-
18:36:38.754,snap,default,com.android.settings,discharging,1,40.9,66.1,85,95,1,26.25,2.4,6.26,26,3.802,1.684,6.4025683,29988,14036,0,-
18:36:39.800,snap,default,com.android.settings,discharging,1,40.9,66.1,85,95,1,27.83,2.33,5.49,16,3.799,1.336,5.075464,29988,14036,0,-
18:36:40.757,snap,default,com.android.settings,discharging,1,40.9,66.1,85,95,1,27.83,2.33,5.49,30,3.726,2.372,8.838072,42984,18699,0,-
18:36:41.757,snap,default,com.android.settings,discharging,1,40.9,66.7,85,95,1,33.12,2.45,5.58,54,3.729,2.524,9.411996,42984,18699,0,-
18:36:42.757,snap,default,com.coolapk.market,discharging,1,41,69.7,85,95,1,33.12,2.45,5.58,62,3.771,1.666,6.282486,36139,16300,0,-
18:36:43.757,snap,default,com.coolapk.market,discharging,1,41,72.7,85,95,1,33.28,2.18,4.75,62,3.775,1.558,5.88145,36139,16300,0,-
18:36:44.758,snap,default,com.coolapk.market,discharging,1,41,71.8,85,95,1,33.28,2.18,4.75,62,3.802,0.992,3.771584,33404,10134,0,-
18:36:45.758,snap,default,com.coolapk.market,discharging,1,41,71.8,85,95,1,33.41,2.33,4.25,30,3.764,1.626,6.120264,33404,10134,0,-
18:36:46.758,snap,default,com.coolapk.market,discharging,1,41,71.8,85,95,1,33.41,2.33,4.25,27,3.762,2.032,7.6443844,40848,21099,0,-
18:36:47.758,snap,default,com.coolapk.market,discharging,1,41,71.8,85,95,1,35.14,2.27,3.66,27,3.73,2.454,9.15342,40848,21099,0,-
18:36:48.758,snap,default,com.coolapk.market,discharging,1,41,71.8,85,95,1,35.14,2.27,3.66,27,3.733,2.442,9.115986,40848,21099,0,-
18:36:49.758,snap,default,com.coolapk.market,discharging,1,41,71.8,85,95,1,38.92,2.58,4.08,4,3.734,2.37,8.84958,28721,12086,0,-
18:36:50.760,snap,default,com.coolapk.market,discharging,1,41,72.6,85,95,1,39.48,2.29,4.61,2,3.747,2.168,8.123496,28721,12086,0,-
18:36:51.760,snap,default,com.coolapk.market,discharging,1,41,72.6,85,95,1,39.48,2.29,4.61,0,3.832,0.594,2.276208,20636,7692,0,-
18:36:52.761,snap,default,com.coolapk.market,discharging,1,41,69.6,85,95,1,34.32,1.88,3.77,0,3.83,0.614,2.35162,20636,7692,0,-
18:36:53.761,snap,default,com.coolapk.market,discharging,1,41,66.6,85,95,1,34.32,1.88,3.77,9,3.835,0.57,2.18595,12056,5550,0,-
18:36:54.761,snap,default,com.coolapk.market,discharging,1,41,63.9,85,95,1,31,1.54,3.09,64,3.808,1.076,4.097408,12056,5550,0,-
18:36:55.764,snap,default,com.coolapk.market,discharging,1,41,64.3,85,95,1,31,1.54,3.09,64,3.82,1.004,3.8352797,20852,12597,0,-
18:36:56.763,snap,default,com.coolapk.market,discharging,1,41,65.9,85,95,1,28.28,1.44,2.53,49,3.798,1.288,4.8918242,20852,12597,0,-
18:36:57.763,snap,default,com.coolapk.market,discharging,1,41,65.9,85,95,1,28.28,1.44,2.53,49,3.806,1.216,4.6280956,22146,12107,0,-
18:36:58.763,snap,default,com.coolapk.market,discharging,1,41,63.5,85,95,1,26.6,1.36,2.07,20,3.809,0.756,2.8796039,22146,12107,0,-
18:36:59.763,snap,default,com.coolapk.market,discharging,1,41,61.9,85,95,1,26.6,1.36,2.07,20,3.809,0.756,2.8796039,17387,9387,0,-
18:37:00.764,snap,default,com.coolapk.market,discharging,1,41,61.5,85,95,1,26.6,1.36,2.07,20,3.82,0.796,3.04072,17387,9387,0,-
18:37:01.765,snap,default,com.coolapk.market,discharging,1,41,61.1,85,95,1,25.04,1.29,1.69,18,3.821,0.842,3.217282,23126,13933,0,-
18:37:02.766,snap,default,com.coolapk.market,discharging,1,41,59.6,85,95,1,25.04,1.29,1.69,20,3.834,0.758,2.906172,23126,13933,0,-
18:37:03.767,snap,default,com.coolapk.market,discharging,1,41,58,85,95,1,23.58,1.06,1.57,20,3.833,0.77,2.9514098,18978,9801,0,-
18:37:04.768,snap,default,com.coolapk.market,discharging,1,41.1,58,85,95,1,23.58,1.06,1.57,12,3.835,0.588,2.25498,18978,9801,0,-
18:37:05.768,snap,default,com.coolapk.market,discharging,1,41.1,56,85,95,1,22.03,0.86,1.28,0,3.826,0.72,2.75472,16320,9998,0,-
18:37:06.768,snap,default,com.coolapk.market,discharging,1,41.1,57.6,85,95,1,22.03,0.86,1.28,0,3.838,0.516,1.980408,16320,9998,0,-
18:37:07.768,snap,default,com.coolapk.market,discharging,1,41.1,56.4,85,95,1,20.39,0.71,1.05,6,3.823,0.684,2.614932,15593,7835,0,-
18:37:08.768,snap,default,com.coolapk.market,discharging,1,41.1,56.4,85,95,1,20.39,0.71,1.05,6,3.841,0.708,2.719428,15593,7835,0,-
18:37:09.770,snap,default,com.coolapk.market,discharging,1,41.1,54.4,85,95,1,19.05,0.58,0.86,0,3.848,0.33,1.2698401,8138,3251,0,-
18:37:10.770,snap,default,com.coolapk.market,discharging,1,41.1,54.4,85,95,1,19.05,0.58,0.86,0,3.845,0.58,2.2301,8138,3251,0,-
18:37:11.771,snap,default,com.coolapk.market,discharging,1,41.1,56,85,95,1,18.32,0.47,0.7,0,3.838,0.624,2.394912,9633,3545,0,-
18:37:12.772,snap,default,com.coolapk.market,discharging,1,41.1,56,85,95,1,18.32,0.47,0.7,0,3.829,0.618,2.3663218,9633,3545,0,-
18:37:13.773,snap,default,com.coolapk.market,discharging,1,41.1,53.2,85,95,1,16.81,0.39,0.57,0,3.85,0.354,1.3629,9633,3545,0,-
18:37:14.774,snap,default,com.coolapk.market,discharging,1,41,52.8,85,95,1,16.81,0.39,0.57,0,3.852,0.312,1.2018241,6911,2649,0,-
18:37:15.775,snap,default,com.coolapk.market,discharging,1,41,52.4,85,95,1,15.57,0.31,0.47,0,3.845,0.356,1.3688201,6911,2649,0,-
18:37:16.777,snap,default,com.coolapk.market,discharging,1,41,51.7,85,95,1,15.57,0.31,0.47,0,3.85,0.38,1.4629999,6974,2749,0,-
18:37:17.777,snap,default,com.coolapk.market,discharging,1,41,50.9,85,95,1,14.74,0.26,0.38,0,3.847,0.34,1.30798,6974,2749,0,-
18:37:18.778,snap,default,com.coolapk.market,discharging,1,41,50.5,85,95,1,14.74,0.26,0.38,0,3.851,0.318,1.224618,6240,2088,0,-
18:37:19.779,snap,default,com.coolapk.market,discharging,1,41,50.1,85,95,1,14.25,0.21,0.31,0,3.85,0.334,1.2858999,6240,2088,0,-
18:37:20.779,snap,default,com.coolapk.market,discharging,1,41,50.1,85,95,1,13.48,0.17,0.25,0,3.853,0.292,1.1250759,5575,2143,0,-
18:37:21.779,snap,default,com.coolapk.market,discharging,1,41,50.1,85,95,1,13.48,0.17,0.25,0,3.851,0.356,1.3709561,5575,2143,0,-
18:37:22.779,snap,default,com.coolapk.market,discharging,1,41,50.1,85,95,1,12.84,0.14,0.21,0,3.851,0.318,1.224618,6745,2510,0,-
18:37:23.780,snap,default,com.coolapk.market,discharging,1,41,49.7,85,95,1,12.84,0.14,0.21,6,3.85,0.448,1.7248,6745,2510,0,-
18:37:24.780,snap,default,com.coolapk.market,discharging,1,41,50.9,85,95,1,13.42,0.11,0.17,9,3.841,0.5,1.9205,12738,7006,0,-
18:37:25.781,snap,default,com.coolapk.market,discharging,1,41,51.3,85,95,1,13.42,0.11,0.17,10,3.821,0.846,3.232566,12738,7006,0,-
18:37:26.781,snap,default,com.coolapk.market,discharging,1,41,52.8,85,95,1,14.25,0.27,0.32,10,3.821,0.846,3.232566,17932,10368,0,-
18:37:27.781,snap,default,com.coolapk.market,discharging,1,41,54,85,95,1,14.25,0.27,0.32,10,3.847,0.39,1.5003299,17932,10368,0,-
18:37:28.782,snap,default,com.coolapk.market,discharging,1,41,54,85,95,1,14.25,0.27,0.32,0,3.83,0.788,3.01804,10005,4935,0,-
18:37:29.783,snap,default,com.coolapk.market,discharging,1,41,51,85,95,1,13.48,0.22,0.26,11,3.854,0.348,1.341192,10005,4935,0,-
18:37:30.783,snap,default,com.coolapk.market,discharging,1,41,50.9,85,95,1,13.48,0.22,0.26,0,3.856,0.294,1.133664,7693,3660,0,-
18:37:31.786,snap,default,com.coolapk.market,discharging,1,41,50.1,85,95,1,13.03,0.18,0.21,13,3.834,0.604,2.315736,7693,3660,0,-
18:37:32.786,snap,default,com.coolapk.market,discharging,1,41,50.1,85,95,1,13.03,0.18,0.21,13,3.854,0.344,1.3257761,6742,2740,0,-
18:37:33.786,snap,default,com.coolapk.market,discharging,1,41,49.7,85,95,1,11.93,0.15,0.17,0,3.856,0.268,1.033408,6742,2740,0,-
18:37:34.787,snap,default,com.coolapk.market,discharging,1,41,49.3,85,95,1,11.93,0.15,0.17,0,3.856,0.312,1.203072,4478,1677,0,-
18:37:35.787,snap,default,com.coolapk.market,discharging,1,41,48.9,85,95,1,11.22,0.12,0.14,0,3.857,0.292,1.1262441,4478,1677,0,-
18:37:36.789,snap,default,com.coolapk.market,discharging,1,41,48.9,85,95,1,11.22,0.12,0.14,0,3.852,0.354,1.363608,5162,1589,0,-
18:37:37.790,snap,default,com.coolapk.market,discharging,1,41,48.5,85,95,1,10.82,0.1,0.11,0,3.856,0.3,1.1568,5162,1589,0,-
18:37:38.791,snap,default,com.coolapk.market,discharging,1,41,48.5,85,95,1,10.82,0.1,0.11,0,3.855,0.326,1.2567301,4529,1682,0,-
18:37:39.793,snap,default,com.coolapk.market,discharging,1,41,48.1,85,95,1,10.31,0.08,0.09,0,3.858,0.264,1.018512,4529,1682,0,-
18:37:40.793,snap,default,com.coolapk.market,discharging,1,41,48.1,85,95,1,10.31,0.08,0.09,0,3.857,0.28,1.07996,4529,1682,0,-
18:37:41.793,snap,default,com.coolapk.market,discharging,1,41,48.1,85,95,1,9.89,0.06,0.07,0,3.851,0.274,1.055174,4429,1562,0,-
18:37:42.794,snap,default,com.coolapk.market,discharging,1,41,48.1,85,95,1,9.89,0.06,0.07,0,3.859,0.278,1.072802,4429,1562,0,-
18:37:43.796,snap,default,com.coolapk.market,discharging,1,41,48.1,85,95,1,9.54,0.05,0.06,0,3.858,0.304,1.172832,4721,1773,0,-
18:37:44.796,snap,default,com.coolapk.market,discharging,1,41,48.1,85,95,1,9.54,0.05,0.06,0,3.86,0.258,0.99587995,4721,1773,0,-
18:37:45.796,snap,default,com.coolapk.market,discharging,1,41,48.9,85,95,1,9.63,0.04,0.05,10,3.846,0.548,2.1076078,8425,4084,0,-
18:37:46.797,snap,default,com.coolapk.market,discharging,1,40.9,48.9,85,95,1,9.63,0.04,0.05,10,3.858,0.32,1.23456,8425,4084,0,-
18:37:47.798,snap,default,com.coolapk.market,discharging,1,40.9,48.5,85,95,1,9.51,0.03,0.04,0,3.854,0.334,1.287236,5301,2058,0,-
18:37:48.799,snap,default,com.coolapk.market,discharging,1,40.9,48.1,85,95,1,9.24,0.02,0.03,0,3.856,0.292,1.125952,5301,2058,0,-
18:37:49.800,snap,default,com.coolapk.market,discharging,1,40.9,47.3,85,95,1,9.24,0.02,0.03,0,3.844,0.344,1.3223361,5635,2055,0,-
18:37:50.801,snap,default,com.coolapk.market,discharging,1,40.9,47.3,85,95,1,10.46,0.02,0.2,0,3.848,0.412,1.585376,5635,2055,0,-
18:37:51.800,snap,default,com.coolapk.market,discharging,1,40.9,49.7,85,95,1,10.46,0.02,0.2,11,3.831,0.908,3.478548,13103,4738,0,-
18:37:52.800,snap,default,com.coolapk.market,discharging,1,40.9,50.1,85,95,1,11.64,0.01,0.53,0,3.829,0.592,2.266768,13103,4738,0,-
18:37:53.801,snap,default,com.coolapk.market,discharging,1,40.9,49.7,85,95,1,11.64,0.01,0.53,16,3.845,0.59,2.26855,16428,8950,0,-
18:37:54.803,snap,default,com.coolapk.market,discharging,1,40.9,49.7,85,95,1,11.53,0.01,0.43,0,3.845,0.59,2.26855,16428,8950,0,-
18:37:55.803,snap,default,com.coolapk.market,discharging,1,40.9,48.9,85,95,1,11.53,0.01,0.43,0,3.855,0.304,1.17192,8423,2967,0,-
18:37:56.804,snap,default,com.coolapk.market,discharging,1,40.9,48.1,85,95,1,11.53,0.01,0.43,0,3.854,0.324,1.2486961,8423,2967,0,-
18:37:57.804,snap,default,com.coolapk.market,discharging,1,40.9,48.1,85,95,1,10.89,0.01,0.35,0,3.854,0.306,1.179324,6000,2322,0,-
18:37:58.804,snap,default,com.coolapk.market,discharging,1,40.9,48.1,85,95,1,10.89,0.01,0.35,0,3.854,0.316,1.217864,6000,2322,0,-
18:37:59.805,snap,default,com.coolapk.market,discharging,1,40.9,48.1,85,95,1,10.54,0.01,0.29,0,3.859,0.26,1.00334,6547,2473,0,-
18:38:00.804,snap,default,com.coolapk.market,discharging,1,40.9,47.7,85,95,1,10.54,0.01,0.29,0,3.855,0.302,1.16421,6547,2473,0,-
18:38:01.806,snap,default,com.coolapk.market,discharging,1,40.9,47.3,85,95,1,10.26,0,0.23,0,3.858,0.308,1.188264,5590,2093,0,-
18:38:02.806,snap,default,com.coolapk.market,discharging,1,40.9,47.3,85,95,1,10.26,0,0.23,0,3.858,0.288,1.111104,5590,2093,0,-
18:38:03.806,snap,default,com.coolapk.market,discharging,1,40.9,47.3,85,95,1,9.67,0,0.19,0,3.857,0.292,1.1262441,4314,1624,0,-
18:38:04.829,snap,default,com.coolapk.market,discharging,1,40.9,47.3,85,95,1,9.67,0,0.19,0,3.853,0.354,1.3639619,4314,1624,0,-
18:38:05.832,snap,default,com.coolapk.market,discharging,1,40.9,47.3,85,95,1,9,0,0.16,0,3.861,0.262,1.011582,4136,1356,0,-
18:38:06.832,snap,default,com.coolapk.market,discharging,1,40.9,47.3,85,95,1,9,0,0.16,0,3.856,0.336,1.2956159,4136,1356,0,-
18:38:07.834,snap,default,com.coolapk.market,discharging,1,40.9,47.3,85,95,1,11.18,0,0.85,0,3.855,0.368,1.41864,4136,1356,0,-
18:38:08.834,snap,default,com.coolapk.market,discharging,1,40.9,46.9,85,95,1,11.18,0,0.85,0,3.858,0.284,1.095672,7393,2220,0,-
18:38:09.836,snap,default,com.coolapk.market,discharging,1,40.9,46.9,85,95,1,10.42,0,0.7,0,3.848,0.34,1.30832,7393,2220,0,-
18:38:10.835,snap,default,com.coolapk.market,discharging,1,40.9,48.9,85,95,1,10.42,0,0.7,12,3.84,0.594,2.2809598,10377,5926,0,-
18:38:11.836,snap,default,com.coolapk.market,discharging,1,40.9,48.9,85,95,1,11.61,0,0.57,15,3.842,0.512,1.9671041,10377,5926,0,-
18:38:12.836,snap,default,com.coolapk.market,discharging,1,40.9,48.9,85,95,1,11.61,0,0.57,11,3.843,0.452,1.737036,13758,8241,0,-
18:38:13.837,snap,default,com.coolapk.market,discharging,1,40.9,50.5,85,95,1,12.04,0,0.46,19,3.826,0.732,2.800632,13758,8241,0,-
18:38:14.838,snap,default,com.coolapk.market,discharging,1,40.9,50.5,85,95,1,12.04,0,0.46,22,3.848,0.472,1.816256,20209,12822,0,-
18:38:15.838,snap,default,com.coolapk.market,discharging,1,40.9,50.5,85,95,1,12.22,0,0.38,13,3.834,0.562,2.154708,20209,12822,0,-
18:38:16.838,snap,default,com.coolapk.market,discharging,1,40.9,51.7,85,95,1,12.22,0,0.38,18,3.833,0.74,2.83642,17218,10525,0,-
18:38:17.838,snap,default,com.coolapk.market,discharging,1,40.9,51.7,85,95,1,13.26,0,0.31,19,3.832,0.684,2.621088,17218,10525,0,-
18:38:18.838,snap,default,com.coolapk.market,discharging,1,40.9,51.3,85,95,1,13.4,0,0.25,19,3.832,0.686,2.628752,21238,13209,0,-
18:38:19.839,snap,default,com.coolapk.market,discharging,1,40.9,51.3,85,95,1,13.4,0,0.25,18,3.832,0.644,2.467808,21238,13209,0,-
18:38:20.839,snap,default,com.coolapk.market,discharging,1,40.9,51.3,85,95,1,13.69,0,0.21,18,3.853,0.462,1.780086,16106,9959,0,-
18:38:21.840,snap,default,com.coolapk.market,discharging,1,40.9,49.7,85,95,1,13.69,0,0.21,0,3.828,0.59,2.25852,16106,9959,0,-
18:38:22.841,snap,default,com.coolapk.market,discharging,1,40.9,49.7,85,95,1,12.65,0.18,0.35,0,3.855,0.292,1.12566,8664,3094,0,-
18:38:23.842,snap,default,com.coolapk.market,discharging,1,40.9,49.7,85,95,1,12.65,0.18,0.35,0,3.855,0.292,1.12566,8664,3094,0,-
18:38:24.843,snap,default,com.coolapk.market,discharging,1,40.9,49.7,85,95,1,12.65,0.18,0.35,10,3.808,1.086,4.135488,34488,11331,0,-
18:38:25.843,snap,default,com.coolapk.market,discharging,1,40.9,49.7,85,95,1,19.96,0.87,2.28,44,3.76,2.036,7.65536,34488,11331,0,-
18:38:26.846,snap,default,com.coolapk.market,discharging,1,40.9,49.7,85,95,1,19.96,0.87,2.28,29,3.712,2.914,10.816768,59073,12137,0,-
18:38:27.846,snap,default,com.coolapk.market,discharging,1,40.9,49.7,85,95,1,30.29,3.25,6.76,11,3.744,2.488,9.315071,59073,12137,0,-
18:38:28.846,snap,default,com.coolapk.market,discharging,1,40.9,49.7,85,95,1,30.29,3.25,6.76,39,3.732,2.406,8.979192,48970,12040,0,-
18:38:29.846,snap,default,com.coolapk.market,discharging,1,40.8,49.7,85,95,1,36.94,3.38,10.42,7,3.746,2.436,9.125257,48970,12040,0,-
18:38:30.849,snap,default,com.coolapk.market,discharging,1,40.8,49.7,85,95,1,36.94,3.38,10.42,7,3.754,2.01,7.54554,44194,8014,0,-
18:38:31.846,snap,default,com.coolapk.market,discharging,1,40.8,49.7,85,95,1,41.48,3.31,10.53,7,3.726,2.356,8.778456,44194,8014,0,-
18:38:32.846,snap,default,com.coolapk.market,discharging,1,40.8,49.7,85,95,1,41.48,3.31,10.53,3,3.712,2.806,10.415872,54329,12238,0,-
18:38:33.847,snap,default,com.coolapk.market,discharging,1,40.8,49.7,85,95,1,45.56,4.34,10.07,0,3.708,2.66,9.86328,54329,12238,0,-
18:38:34.847,snap,default,com.coolapk.market,discharging,1,40.8,49.7,85,95,1,45.56,4.34,10.07,0,3.787,1.748,6.619676,54329,12238,0,-
18:38:35.854,snap,default,com.coolapk.market,discharging,1,40.9,49.7,85,95,1,42.02,3.92,8.42,0,3.808,0.932,3.549056,24829,7588,0,-
18:38:36.854,snap,default,com.coolapk.market,discharging,1,40.9,49.7,85,95,1,42.02,3.92,8.42,11,3.762,1.932,7.268184,24829,7588,0,-
18:38:37.855,snap,default,com.coolapk.market,discharging,1,40.9,49.7,85,95,1,42.19,3.75,8.16,49,3.78,1.852,7.00056,43771,15601,0,-
18:38:38.855,snap,default,com.coolapk.market,discharging,1,40.9,52.7,85,95,1,42.19,3.75,8.16,6,3.813,0.988,3.7672439,43771,15601,0,-
18:38:39.855,snap,default,com.coolapk.market,discharging,1,40.9,55.7,85,95,1,40.71,3.25,6.87,0,3.807,0.88,3.35016,17055,4872,0,-
18:38:40.856,snap,default,com.coolapk.market,discharging,1,40.9,58.7,85,95,1,40.71,3.25,6.87,0,3.812,0.91,3.4689202,17055,4872,0,-
18:38:41.856,snap,default,com.coolapk.market,discharging,1,40.9,59.9,85,95,1,34.24,2.66,5.62,0,3.815,0.868,3.31142,10820,3043,0,-
18:38:42.859,snap,default,com.coolapk.market,discharging,1,40.9,61.9,85,95,1,34.24,2.66,5.62,0,3.804,0.99,3.76596,10820,3043,0,-
18:38:43.859,snap,default,com.coolapk.market,discharging,1,40.9,61.9,85,95,1,30.03,2.18,4.6,0,3.768,1.442,5.433456,25458,7187,0,-
18:38:44.860,snap,default,com.coolapk.market,discharging,1,40.9,64.3,85,95,1,30.03,2.18,4.6,4,3.779,2.002,7.5655584,25458,7187,0,-
18:38:45.860,snap,default,com.coolapk.market,discharging,1,40.9,64.3,85,95,1,38.72,2.14,6.3,0,3.808,0.926,3.5262082,37542,7735,0,-
18:38:46.861,snap,default,com.coolapk.market,discharging,1,40.9,64.3,85,95,1,38.72,2.14,6.3,0,3.805,0.912,3.47016,37542,7735,0,-
18:38:47.861,snap,default,com.coolapk.market,discharging,1,40.9,64.3,85,95,1,39.31,1.75,5.52,4,3.736,1.902,7.105872,34951,8938,0,-
18:38:48.861,snap,default,com.coolapk.market,discharging,1,40.9,64.3,85,95,1,39.31,1.75,5.52,4,3.739,2.262,8.457619,34951,8938,0,-
18:38:49.862,snap,default,com.coolapk.market,discharging,1,40.9,65.9,85,95,1,37.99,1.62,4.7,4,3.761,1.796,6.754756,27588,9916,0,-
18:38:50.862,snap,default,com.coolapk.market,discharging,1,40.9,65.9,85,95,1,32.01,1.32,4.03,5,3.816,0.712,2.7169921,27588,9916,0,-
18:38:51.862,snap,default,com.coolapk.market,discharging,1,40.9,62.9,85,95,1,32.01,1.32,4.03,0,3.839,0.466,1.7889739,8431,2839,0,-
18:38:52.863,snap,default,com.coolapk.market,discharging,1,40.9,59.9,85,95,1,28.56,1.08,3.3,0,3.819,0.722,2.757318,8431,2839,0,-
18:38:53.863,snap,default,com.coolapk.market,discharging,1,40.9,57.2,85,95,1,28.56,1.08,3.3,2,3.841,0.448,1.7207681,13235,6378,0,-
18:38:54.863,snap,default,com.coolapk.market,discharging,1,40.9,55.2,85,95,1,25.56,0.89,2.7,0,3.841,0.448,1.7207681,13235,6378,0,-
18:38:55.864,snap,default,com.coolapk.market,discharging,1,40.9,54.4,85,95,1,25.56,0.89,2.7,0,3.84,0.44,1.6896,8126,3248,0,-
18:38:56.864,snap,default,com.coolapk.market,discharging,1,40.9,54.4,85,95,1,25.56,0.89,2.7,0,3.839,0.462,1.773618,8126,3248,0,-
18:38:57.865,snap,default,com.coolapk.market,discharging,1,40.9,54.8,85,95,1,23.47,0.72,2.21,4,3.818,0.742,2.832956,17884,10275,0,-
18:38:58.864,snap,default,com.coolapk.market,discharging,1,40.9,55.2,85,95,1,23.47,0.72,2.21,5,3.828,0.654,2.503512,17884,10275,0,-
18:38:59.864,snap,default,com.coolapk.market,discharging,1,40.9,54.8,85,95,1,21.57,0.59,1.81,5,3.827,0.778,2.977406,22521,12881,0,-
18:39:00.865,snap,default,com.coolapk.market,discharging,1,40.9,54,85,95,1,21.57,0.59,1.81,4,3.835,0.638,2.4467301,22521,12881,0,-
18:39:01.865,snap,default,com.coolapk.market,discharging,1,40.9,52.8,85,95,1,21.1,0.48,1.48,4,3.831,0.604,2.3139238,22521,12881,0,-
18:39:02.866,snap,default,com.coolapk.market,discharging,1,40.9,52.1,85,95,1,21.1,0.48,1.48,4,3.84,0.312,1.19808,9194,3638,0,-
18:39:03.866,snap,default,com.coolapk.market,discharging,1,40.9,52.1,85,95,1,19.27,0.39,1.21,0,3.84,0.538,2.0659199,9194,3638,0,-
18:39:04.866,snap,default,com.coolapk.market,discharging,1,40.9,52.1,85,95,1,19.27,0.39,1.21,0,3.838,0.518,1.9880841,10772,4601,0,-
18:39:05.867,snap,default,com.coolapk.market,discharging,1,40.9,52.4,85,95,1,17.77,0.32,0.99,0,3.837,0.508,1.949196,10772,4601,0,-
18:39:06.867,snap,default,com.coolapk.market,discharging,1,40.8,52.4,85,95,1,17.77,0.32,0.99,3,3.786,1.042,3.9450123,19509,8276,0,-
18:39:07.867,snap,default,com.coolapk.market,discharging,1,40.8,52.4,85,95,1,22.34,0.62,1.53,15,3.736,2.194,8.196784,19509,8276,0,-
18:39:08.896,snap,default,com.coolapk.market,discharging,1,40.8,52.4,85,95,1,22.34,0.62,1.53,49,3.709,2.922,10.837698,48282,19622,0,-
18:39:10.474,snap,playback,tv.danmaku.bili,discharging,1,40.8,52.4,85,95,0,30.43,1.6,3.25,8,3.716,2.754,10.233864,48282,19622,0,-
18:39:11.478,snap,playback,tv.danmaku.bili,discharging,1,40.8,52.4,85,95,0,39.59,2.39,6.46,8,3.736,2.552,9.534272,50243,9548,0,-
18:39:12.478,snap,playback,tv.danmaku.bili,discharging,1,40.8,52.4,85,95,0,39.59,2.39,6.46,8,3.736,2.552,9.534272,38003,13355,0,-
18:39:13.478,snap,playback,tv.danmaku.bili,discharging,1,40.8,52.4,85,95,0,39.59,2.39,6.46,8,3.787,1.368,5.180616,38003,13355,0,-
18:39:14.479,snap,playback,tv.danmaku.bili,discharging,1,40.8,52.4,85,95,0,39.3,2.5,6.74,14,3.762,1.406,5.289372,34514,19231,0,-
18:39:15.479,snap,playback,tv.danmaku.bili,discharging,1,40.8,55.4,85,95,0,39.3,2.5,6.74,0,3.794,1.214,4.605916,34514,19231,0,-
18:39:16.479,snap,playback,tv.danmaku.bili,discharging,1,40.8,58.4,85,95,0,37.98,2.23,6.42,0,3.809,0.84,3.19956,25456,14151,0,-
18:39:17.479,snap,playback,tv.danmaku.bili,discharging,1,40.8,61.4,85,95,0,37.98,2.23,6.42,0,3.815,0.918,3.50217,25456,14151,0,-
18:39:18.490,snap,playback,tv.danmaku.bili,discharging,1,40.8,61.9,85,95,0,35.44,1.83,5.44,24,3.798,0.86,3.2662802,25817,13215,0,-
18:39:19.479,snap,playback,tv.danmaku.bili,discharging,1,40.8,63.1,85,95,0,35.44,1.83,5.44,24,3.802,1.152,4.379904,25817,13215,0,-
18:39:20.480,snap,playback,tv.danmaku.bili,discharging,1,40.8,63.5,85,95,0,34.09,1.67,4.82,24,3.775,1.59,6.00225,33190,15661,0,-
18:39:21.480,snap,playback,tv.danmaku.bili,discharging,1,40.8,64.3,85,95,0,34.09,1.67,4.82,0,3.795,1.184,4.49328,33190,15661,0,-
18:39:22.480,snap,playback,tv.danmaku.bili,discharging,1,40.8,63.5,85,95,0,35.16,1.55,3.94,23,3.789,1.36,5.15304,21099,10056,0,-
18:39:23.480,snap,playback,tv.danmaku.bili,discharging,1,40.8,60.5,85,95,0,32.78,1.27,3.95,0,3.814,0.748,2.8528721,21099,10056,0,-
18:39:24.480,snap,playback,tv.danmaku.bili,discharging,1,40.8,60.3,85,95,0,32.78,1.27,3.95,0,3.81,0.97,3.6957002,26247,10577,0,-
18:39:25.480,snap,playback,tv.danmaku.bili,discharging,1,40.8,59.9,85,95,0,35.72,1.4,3.42,0,3.806,1.232,4.688992,26247,10577,0,-
18:39:26.480,snap,playback,tv.danmaku.bili,discharging,1,40.8,62.3,85,95,0,35.72,1.4,3.42,0,3.797,0.982,3.728654,28769,10530,0,-
18:39:27.481,snap,playback,tv.danmaku.bili,discharging,1,40.8,59.9,85,95,0,37.76,1.51,3.52,0,3.796,1.218,4.623528,28769,10530,0,-
18:39:28.482,snap,playback,tv.danmaku.bili,discharging,1,40.8,59.9,85,95,0,37.76,1.51,3.52,0,3.823,0.682,2.607286,20035,9999,0,-
18:39:29.481,snap,playback,tv.danmaku.bili,discharging,1,40.8,57.6,85,95,0,34.36,1.42,2.88,0,3.807,0.888,3.380616,20035,9999,0,-
18:39:30.481,snap,playback,tv.danmaku.bili,discharging,1,40.8,57.6,85,95,0,34.36,1.42,2.88,0,3.818,0.9,3.4362,21686,10777,0,-
18:39:31.482,snap,playback,tv.danmaku.bili,discharging,1,40.8,57.2,85,95,0,31.76,1.16,2.36,0,3.818,0.766,2.924588,21686,10777,0,-
18:39:32.483,snap,playback,tv.danmaku.bili,discharging,1,40.8,56,85,95,0,31.76,1.16,2.36,0,3.823,0.706,2.6990378,17194,9098,0,-
18:39:33.484,snap,playback,tv.danmaku.bili,discharging,1,40.8,54.8,85,95,0,29.26,0.95,1.93,0,3.837,0.466,1.788042,17194,9098,0,-
18:39:34.485,snap,playback,tv.danmaku.bili,discharging,1,40.8,54.8,85,95,0,29.26,0.95,1.93,0,3.823,0.726,2.775498,17194,9098,0,-
18:39:35.485,snap,playback,tv.danmaku.bili,discharging,1,40.8,54.4,85,95,0,27.04,0.77,1.58,0,3.838,0.52,1.99576,15817,8365,0,-
18:39:36.485,snap,playback,tv.danmaku.bili,discharging,1,40.8,54.4,85,95,0,27.04,0.77,1.58,0,3.832,0.564,2.161248,15817,8365,0,-
18:39:37.485,snap,playback,tv.danmaku.bili,discharging,1,40.8,54.8,85,95,0,24.68,0.63,1.29,0,3.839,0.534,2.050026,14430,7267,0,-
18:39:38.485,snap,playback,tv.danmaku.bili,discharging,1,40.8,54.8,85,95,0,24.68,0.63,1.29,0,3.81,0.9,3.429,14430,7267,0,-
18:39:39.485,snap,playback,tv.danmaku.bili,discharging,1,40.8,55.6,85,95,0,23.29,0.52,1.06,0,3.832,0.564,2.161248,18322,8762,0,-
18:39:40.490,snap,playback,tv.danmaku.bili,discharging,1,40.8,56.8,85,95,0,23.29,0.52,1.06,12,3.775,1.478,5.57945,18322,8762,0,-
18:39:41.491,snap,playback,tv.danmaku.bili,discharging,1,40.8,59.8,85,95,0,30.48,0.97,1.77,32,3.742,1.954,7.311868,29929,10719,0,-
18:39:42.495,snap,playback,tv.danmaku.bili,discharging,1,40.8,62.7,85,95,0,30.48,0.97,1.77,20,3.748,1.786,6.693928,29929,10719,0,-
18:39:43.493,snap,playback,tv.danmaku.bili,discharging,1,40.8,65.7,85,95,0,36.19,1.15,2.54,20,3.768,1.592,5.998656,32546,11807,0,-
18:39:44.496,snap,default,com.cnspeedtest.globalspeed,discharging,1,40.8,67.4,85,95,1,36.19,1.15,2.54,12,3.768,1.592,5.998656,32546,11807,0,-
18:39:45.494,snap,default,com.cnspeedtest.globalspeed,discharging,1,40.8,64.4,85,95,1,36.19,1.15,2.54,12,3.787,1.062,4.021794,41924,14589,0,-
18:39:46.494,snap,default,com.cnspeedtest.globalspeed,discharging,1,40.8,61.5,85,95,1,35.79,1.12,2.26,2,3.792,1.04,3.9436798,41924,14589,0,-
18:39:47.495,snap,default,com.cnspeedtest.globalspeed,discharging,1,40.8,61.5,85,95,1,35.79,1.12,2.26,1,3.807,0.88,3.35016,35217,12779,0,-
18:39:48.495,snap,default,com.cnspeedtest.globalspeed,discharging,1,40.8,59.9,85,95,1,33.65,0.92,1.85,6,3.817,0.854,3.2597177,35217,12779,0,-
18:39:49.495,snap,default,com.cnspeedtest.globalspeed,discharging,1,40.8,57.6,85,95,1,33.65,0.92,1.85,9,3.821,0.654,2.498934,18631,8186,0,-
18:39:50.495,snap,default,com.cnspeedtest.globalspeed,discharging,1,40.8,56.8,85,95,1,30.45,0.75,1.51,9,3.829,0.6,2.2974,18631,8186,0,-
18:39:51.496,snap,default,com.cnspeedtest.globalspeed,discharging,1,40.8,55.6,85,95,1,30.45,0.75,1.51,9,3.821,0.63,2.4072301,9632,5274,0,-
18:39:52.496,snap,default,com.cnspeedtest.globalspeed,discharging,1,40.8,55.6,85,95,1,27.29,0.61,1.24,9,3.829,0.592,2.266768,9632,5274,0,-
18:39:53.505,snap,default,com.cnspeedtest.globalspeed,discharging,1,40.8,56.4,85,95,1,27.29,0.61,1.24,9,3.807,0.754,2.870478,11231,5680,0,-
18:39:54.506,snap,default,com.cnspeedtest.globalspeed,discharging,1,40.8,56.4,85,95,1,25.43,0.5,1.19,9,3.828,0.646,2.4728882,11231,5680,0,-
18:39:55.506,snap,default,com.cnspeedtest.globalspeed,discharging,1,40.8,54.4,85,95,1,23.36,0.41,0.97,9,3.818,0.72,2.7489603,12270,6675,0,-
18:39:56.506,snap,default,com.cnspeedtest.globalspeed,discharging,1,40.8,54,85,95,1,23.36,0.41,0.97,9,3.829,0.57,2.18253,12270,6675,0,-
18:39:57.506,snap,default,com.cnspeedtest.globalspeed,discharging,1,40.8,54,85,95,1,21.66,0.33,0.8,9,3.832,0.628,2.406496,10735,6225,0,-
18:39:58.507,snap,default,com.cnspeedtest.globalspeed,discharging,1,40.8,54.8,85,95,1,21.66,0.33,0.8,13,3.819,0.73,2.7878702,10735,6225,0,-
18:39:59.507,snap,default,com.cnspeedtest.globalspeed,discharging,1,40.8,57.8,85,95,1,23.35,0.27,0.65,30,3.752,1.636,6.1382723,29146,16513,0,-
18:40:00.508,snap,default,com.cnspeedtest.globalspeed,discharging,1,40.8,60.8,85,95,1,23.35,0.27,0.65,65,3.765,1.884,7.09326,29146,16513,0,-
18:40:01.509,snap,default,com.android.launcher,discharging,1,40.8,59.9,85,95,1,23.1,0.22,0.53,65,3.82,0.686,2.6205199,17468,9045,0,-
18:40:02.509,snap,default,com.android.launcher,discharging,1,40.8,56.9,85,95,1,23.1,0.22,0.53,0,3.841,0.352,1.3520321,17468,9045,0,-
18:40:03.510,snap,default,com.android.launcher,discharging,1,40.8,54.8,85,95,1,20.73,0.18,0.43,7,3.842,0.44,1.69048,9012,4183,0,-
18:40:04.510,snap,default,com.android.launcher,discharging,1,40.8,52.4,85,95,1,20.73,0.18,0.43,0,3.844,0.348,1.337712,9012,4183,0,-
18:40:05.513,snap,default,com.android.launcher,discharging,1,40.8,52.4,85,95,1,18.79,0.15,0.35,0,3.843,0.376,1.444968,7043,2940,0,-
18:40:06.513,snap,default,com.android.launcher,discharging,1,40.8,51.7,85,95,1,18.79,0.15,0.35,0,3.846,0.352,1.353792,7043,2940,0,-
18:40:07.513,snap,default,com.android.launcher,discharging,1,40.8,50.9,85,95,1,17.19,0.12,0.29,0,3.837,0.484,1.857108,7043,2940,0,-
18:40:08.513,snap,default,com.android.launcher,discharging,1,40.8,51.7,85,95,1,17.19,0.12,0.29,0,3.842,0.44,1.69048,9068,4519,0,-
18:40:09.514,snap,default,com.android.launcher,discharging,1,40.8,50.9,85,95,1,16.07,0.1,0.24,0,3.836,0.5,1.918,9068,4519,0,-
18:40:10.514,snap,default,com.android.launcher,discharging,1,40.8,52.1,85,95,1,16.07,0.1,0.24,0,3.841,0.438,1.682358,8104,3832,0,-
18:40:11.515,snap,default,com.android.launcher,discharging,1,40.8,50.9,85,95,1,14.97,0.44,0.19,0,3.843,0.516,1.9829879,8104,3832,0,-
18:40:12.515,snap,default,com.android.launcher,discharging,1,40.8,50.9,85,95,1,14.97,0.44,0.19,0,3.847,0.36,1.38492,7616,2669,0,-
18:40:13.515,snap,default,com.android.launcher,discharging,1,40.8,50.5,85,95,1,13.16,0.36,0.16,0,3.839,0.406,1.5586339,7616,2669,0,-
18:40:14.515,snap,default,com.android.launcher,discharging,1,40.8,50.5,85,95,1,13.16,0.36,0.16,0,3.839,0.406,1.5586339,4875,1727,0,-
18:40:15.517,snap,default,com.android.launcher,discharging,1,40.8,50.5,85,95,1,13.16,0.36,0.16,0,3.842,0.398,1.529116,4875,1727,0,-
18:40:16.517,snap,default,com.android.launcher,discharging,1,40.8,52.4,85,95,1,12.04,0.29,0.13,0,3.827,0.554,2.120158,18273,3313,0,-
18:40:17.517,snap,default,com.android.launcher,discharging,1,40.8,53.6,85,95,1,12.04,0.29,0.13,0,3.789,1.458,5.5243616,18273,3313,0,-
18:40:18.518,snap,default,com.android.launcher,discharging,1,40.8,56.6,85,95,1,21.09,1.33,4.45,0,3.815,0.708,2.70102,18166,3069,0,-
18:40:19.518,snap,default,com.android.launcher,discharging,1,40.8,53.6,85,95,1,21.09,1.33,4.45,0,3.823,0.67,2.56141,18166,3069,0,-
18:40:20.519,snap,default,com.android.launcher,discharging,1,40.8,53.2,85,95,1,29.23,1.27,7.27,0,3.825,0.642,2.45565,14117,2442,0,-
18:40:21.521,snap,default,com.android.launcher,discharging,1,40.8,51.7,85,95,1,29.23,1.27,7.27,0,3.84,0.412,1.58208,14117,2442,0,-
18:40:22.522,snap,default,com.android.launcher,discharging,1,40.8,50.9,85,95,1,32.27,1.04,7.04,0,3.844,0.328,1.2608321,7597,1438,0,-
18:40:23.522,snap,default,com.android.launcher,discharging,1,40.8,50.9,85,95,1,32.27,1.04,7.04,0,3.839,0.438,1.681482,7597,1438,0,-
18:40:24.524,snap,default,com.android.launcher,discharging,1,40.8,50.9,85,95,1,27.87,0.85,5.94,0,3.845,0.346,1.33037,6341,1973,0,-
18:40:25.525,snap,default,com.android.launcher,discharging,1,40.8,49.3,85,95,1,24.63,0.69,4.86,0,3.848,0.29,1.11592,6341,1973,0,-
18:40:26.526,snap,default,com.android.launcher,discharging,1,40.8,48.9,85,95,1,24.63,0.69,4.86,0,3.847,0.328,1.261816,6396,2303,0,-
18:40:27.526,snap,default,com.android.launcher,discharging,1,40.8,48.9,85,95,1,21.98,0.57,3.98,0,3.85,0.28,1.078,6396,2303,0,-
18:40:28.527,snap,default,com.android.launcher,discharging,1,40.8,48.9,85,95,1,21.98,0.57,3.98,0,3.844,0.37,1.4222801,8297,2038,0,-
18:40:29.527,snap,default,com.android.launcher,discharging,1,40.8,49.3,85,95,1,19.63,1.01,3.26,0,3.829,0.56,2.14424,8297,2038,0,-
18:40:30.529,snap,default,com.android.launcher,discharging,1,40.8,49.3,85,95,1,19.63,1.01,3.26,0,3.844,0.314,1.2070161,7166,2282,0,-
18:40:31.529,snap,default,com.android.launcher,discharging,1,40.8,49.3,85,95,1,17.7,0.82,2.67,0,3.831,0.444,1.7009641,7166,2282,0,-
18:40:32.531,snap,default,com.android.launcher,discharging,1,40.8,48.5,85,95,1,17.7,0.82,2.67,0,3.845,0.436,1.67642,6201,2055,0,-
18:40:33.532,snap,default,com.android.launcher,discharging,1,40.8,49.7,85,95,1,17.57,0.67,2.36,0,3.84,0.36,1.3824,6201,2055,0,-
18:40:34.532,snap,default,com.android.launcher,discharging,1,40.8,49.3,85,95,1,17.57,0.67,2.36,0,3.845,0.454,1.74563,6201,2055,0,-
18:40:35.532,snap,default,com.android.launcher,discharging,1,40.8,49.7,85,95,1,26.16,0.91,2.84,0,3.835,0.512,1.9635202,10601,2725,0,-
18:40:36.534,snap,default,com.android.launcher,discharging,1,40.7,51.3,85,95,1,26.16,0.91,2.84,0,3.815,1.018,3.88367,10601,2725,0,-
18:40:37.535,snap,default,com.android.launcher,discharging,1,40.7,51.3,85,95,1,24.68,1.11,2.69,0,3.847,0.33,1.26951,10161,2087,0,-
18:40:38.536,snap,default,com.android.launcher,discharging,1,40.7,50.1,85,95,1,24.68,1.11,2.69,0,3.85,0.27,1.0395,10161,2087,0,-
18:40:39.537,snap,default,com.android.launcher,discharging,1,40.7,48.9,85,95,1,21.3,0.91,2.2,0,3.85,0.242,0.9317,3815,1114,0,-
18:40:40.538,snap,default,com.android.launcher,discharging,1,40.7,48.5,85,95,1,21.3,0.91,2.2,0,3.855,0.22,0.8481,3815,1114,0,-
18:40:41.540,snap,default,com.android.launcher,discharging,1,40.7,48.5,85,95,1,18.71,0.74,1.8,0,3.844,0.432,1.660608,4421,1375,0,-
18:40:42.541,snap,default,com.android.launcher,discharging,1,40.7,48.5,85,95,1,18.71,0.74,1.8,0,3.835,0.518,1.9865301,4421,1375,0,-
18:40:43.541,snap,default,com.android.launcher,discharging,1,40.7,48.5,85,95,1,17.85,0.61,1.47,0,3.835,0.518,1.9865301,9108,3938,0,-
18:40:44.542,snap,default,com.android.launcher,discharging,1,40.7,48.5,85,95,1,17.85,0.61,1.47,0,3.841,0.416,1.597856,9108,3938,0,-
18:40:45.542,snap,default,com.android.launcher,discharging,1,40.7,48.5,85,95,1,17.85,0.61,1.47,0,3.84,0.428,1.64352,4834,1494,0,-
18:40:46.543,snap,default,com.android.launcher,discharging,1,40.7,47.3,85,95,1,16.07,0.49,1.2,0,3.829,0.576,2.205504,4834,1494,0,-
18:40:47.544,snap,default,com.android.launcher,discharging,1,40.6,48.1,85,95,1,16.07,0.49,1.2,0,3.841,0.4,1.5364001,5591,1552,0,-
18:40:48.545,snap,default,com.android.launcher,discharging,1,40.6,47.7,85,95,1,14.06,0.4,1.17,0,3.838,0.44,1.68872,5591,1552,0,-
18:40:49.546,snap,default,com.android.launcher,discharging,1,40.6,48.1,85,95,1,14.06,0.4,1.17,0,3.84,0.44,1.6896,4285,1248,0,-
18:40:50.547,snap,default,com.android.launcher,discharging,1,40.6,48.9,85,95,1,11.87,0.33,0.95,0,3.828,0.56,2.14368,4285,1248,0,-
18:40:51.547,snap,default,com.android.launcher,discharging,1,40.6,50.5,85,95,1,11.87,0.33,0.95,0,3.819,0.744,2.841336,14184,4948,0,-
18:40:52.547,snap,default,com.android.launcher,discharging,1,40.6,51.3,85,95,1,10.99,0.45,1.32,0,3.821,0.878,3.3548381,14184,4948,0,-
18:40:53.547,snap,default,com.android.launcher,discharging,1,40.6,52.8,85,95,1,10.99,0.45,1.32,13,3.788,1.2,4.5456004,20696,9375,0,-
18:40:54.548,snap,default,com.android.launcher,discharging,1,40.6,52.8,85,95,1,10.99,0.55,1.08,13,3.825,0.77,2.94525,20696,9375,0,-
18:40:55.548,snap,default,com.android.launcher,discharging,1,40.6,51.7,85,95,1,10.09,0.45,0.89,0,3.825,0.684,2.6163,11342,3902,0,-
18:40:56.549,snap,default,com.android.launcher,discharging,1,40.6,51.7,85,95,1,10.09,0.45,0.89,0,3.836,0.552,2.117472,11342,3902,0,-
18:40:57.549,snap,default,com.android.launcher,discharging,1,40.6,52.1,85,95,1,9.71,0.37,0.72,24,3.787,1.19,4.5065303,16955,8197,0,-
18:40:58.549,snap,default,com.android.launcher,discharging,1,40.5,52.1,85,95,1,9.71,0.37,0.72,24,3.829,0.746,2.8564339,16955,8197,0,-
18:40:59.550,snap,default,com.android.launcher,discharging,1,40.5,49.7,85,95,1,9.03,0.3,0.59,0,3.845,0.364,1.39958,4215,1392,0,-
18:41:00.550,snap,default,com.android.launcher,discharging,1,40.5,49.7,85,95,1,9.03,0.3,0.59,6,3.833,0.508,1.947164,4215,1392,0,-
18:41:01.550,snap,default,com.android.launcher,discharging,1,40.5,49.7,85,95,1,9.39,0.24,0.48,0,3.838,0.48,1.84224,4215,1392,0,-
18:41:02.551,snap,default,com.android.launcher,discharging,1,40.5,48.9,85,95,1,9.39,0.24,0.48,0,3.85,0.336,1.2936,7478,3390,0,-
18:41:03.551,snap,default,com.android.launcher,discharging,1,40.5,48.5,85,95,1,8.96,0.2,0.39,0,3.854,0.196,0.755384,7478,3390,0,-
18:41:04.553,snap,default,com.android.launcher,discharging,1,40.4,48.1,85,95,1,8.96,0.2,0.39,0,3.854,0.196,0.755384,3247,926,0,-
18:41:05.553,snap,default,com.android.launcher,discharging,1,40.4,47.3,85,95,1,8.42,0.16,0.32,0,3.855,0.168,0.64764,3247,926,0,-
18:41:06.554,snap,default,com.android.launcher,discharging,1,40.4,46.9,85,95,1,8.42,0.16,0.32,0,3.855,0.176,0.67848,2078,512,0,-
18:41:07.554,snap,default,com.android.launcher,discharging,1,40.4,46.5,85,95,1,7.8,0.13,0.26,0,3.856,0.174,0.670944,2078,512,0,-
18:41:08.555,snap,default,com.android.launcher,discharging,1,40.4,46.1,85,95,1,7.8,0.13,0.26,0,3.854,0.186,0.716844,2221,629,0,-
18:41:09.559,snap,default,com.android.launcher,discharging,1,40.4,46.5,85,95,1,7.47,0.11,0.21,0,3.85,0.25,0.9625,2221,629,0,-
18:41:10.557,snap,default,com.android.launcher,discharging,1,40.4,46.9,85,95,1,7.47,0.11,0.21,0,3.85,0.314,1.2089,3903,1565,0,-
18:41:11.558,snap,default,com.android.launcher,discharging,1,40.4,48.1,85,95,1,7.93,0.09,0.17,0,3.85,0.314,1.2089,3903,1565,0,-
18:41:12.559,snap,default,com.android.launcher,discharging,1,40.4,48.1,85,95,1,7.93,0.09,0.17,0,3.841,0.484,1.8590441,5433,1877,0,-
18:41:13.560,snap,default,com.android.launcher,discharging,1,40.4,48.1,85,95,1,7.93,0.09,0.17,0,3.834,0.446,1.709964,5433,1877,0,-
18:41:14.561,snap,default,com.android.launcher,discharging,1,40.3,48.1,85,95,1,7.22,0.07,0.14,0,3.844,0.334,1.283896,5997,2910,0,-
18:41:15.561,snap,default,com.android.launcher,discharging,1,40.3,48.1,85,95,1,7.22,0.07,0.14,0,3.85,0.276,1.0625999,5997,2910,0,-
18:41:16.561,snap,default,com.android.launcher,discharging,1,40.3,47.3,85,95,1,8.08,0.06,0.11,0,3.85,0.252,0.9702,7649,3338,0,-
18:41:17.561,snap,default,com.android.launcher,discharging,1,40.3,48.5,85,95,1,8.08,0.06,0.11,0,3.847,0.238,0.915586,7649,3338,0,-
18:41:18.562,snap,default,com.android.launcher,discharging,1,40.3,51.5,85,95,1,8.79,0.04,0.09,0,3.793,0.868,3.2923238,19854,10313,0,-
18:41:19.562,snap,default,com.android.launcher,discharging,1,40.3,54.5,85,95,1,8.79,0.04,0.09,44,3.785,1.286,4.8675103,19854,10313,0,-
18:41:20.562,snap,default,com.oplus.wirelesssettings,discharging,1,40.3,56,85,95,1,13.18,0.22,0.44,40,3.808,1.12,4.2649603,26134,12964,0,-
18:41:21.563,snap,default,com.oplus.wirelesssettings,discharging,1,40.3,53,85,95,1,13.18,0.22,0.44,16,3.833,0.664,2.545112,26134,12964,0,-
18:41:22.564,snap,default,com.oplus.wirelesssettings,discharging,1,40.3,50.9,85,95,1,12.96,0.18,0.36,0,3.835,0.488,1.87148,11177,4173,0,-
18:41:23.564,snap,default,com.oplus.wirelesssettings,discharging,1,40.3,49.3,85,95,1,12.96,0.18,0.36,0,3.85,0.262,1.0087,11177,4173,0,-
18:41:24.568,snap,default,com.oplus.wirelesssettings,discharging,1,40.3,49.3,85,95,1,12.42,0.14,0.29,0,3.85,0.226,0.87009996,10905,4511,0,-
18:41:25.567,snap,default,com.oplus.wirelesssettings,discharging,1,40.3,52.3,85,95,1,16.33,0.66,1.14,41,3.777,1.222,4.615494,10905,4511,0,-
18:41:26.566,snap,default,com.oplus.wirelesssettings,discharging,1,40.3,55.3,85,95,1,16.33,0.66,1.14,15,3.81,1.238,4.71678,10905,4511,0,-
18:41:27.567,snap,default,com.oplus.wirelesssettings,discharging,1,40.3,55.6,85,95,1,16.63,0.72,0.93,15,3.82,0.77,2.9413998,27425,13633,0,-
18:41:28.568,snap,default,com.oplus.wirelesssettings,discharging,1,40.3,52.6,85,95,1,16.63,0.72,0.93,0,3.85,0.24,0.92399997,27425,13633,0,-
18:41:29.569,snap,default,com.oplus.wirelesssettings,discharging,1,40.3,49.6,85,95,1,15.07,0.59,0.76,0,3.854,0.194,0.747676,6753,2174,0,-
18:41:30.569,snap,default,com.oplus.wirelesssettings,discharging,1,40.3,48.9,85,95,1,15.07,0.59,0.76,0,3.854,0.24,0.92496,6753,2174,0,-
18:41:31.569,snap,default,com.oplus.wirelesssettings,discharging,1,40.3,48.9,85,95,1,14.69,0.48,0.62,5,3.832,0.604,2.314528,6796,3396,0,-
18:41:32.570,snap,default,com.oplus.wirelesssettings,discharging,1,40.3,48.9,85,95,1,14.69,0.48,0.62,5,3.839,0.566,2.172874,6796,3396,0,-
18:41:33.570,snap,default,com.oplus.wirelesssettings,discharging,1,40.3,48.1,85,95,1,14.38,0.39,0.51,0,3.842,0.468,1.798056,10462,5222,0,-
18:41:34.571,snap,default,com.oplus.wirelesssettings,discharging,1,40.2,47.7,85,95,1,14.38,0.39,0.51,0,3.852,0.218,0.839736,10462,5222,0,-
18:41:35.571,snap,default,com.oplus.wirelesssettings,discharging,1,40.2,48.1,85,95,1,13.05,0.32,0.42,0,3.851,0.166,0.639266,4375,1402,0,-
18:41:36.571,snap,default,com.oplus.wirelesssettings,discharging,1,40.2,48.5,85,95,1,13.05,0.32,0.42,5,3.835,0.75,2.87625,4375,1402,0,-
18:41:37.571,snap,default,com.oplus.wirelesssettings,discharging,1,40.2,50.9,85,95,1,13.94,0.26,0.52,5,3.82,0.772,2.94904,14926,7451,0,-
18:41:38.572,snap,default,com.oplus.wirelesssettings,discharging,1,40.2,50.9,85,95,1,13.94,0.26,0.52,0,3.846,0.398,1.530708,14926,7451,0,-
18:41:39.572,snap,default,com.oplus.wirelesssettings,discharging,1,40.2,50.5,85,95,1,14.13,0.21,0.43,0,3.846,0.398,1.530708,11044,3516,0,-
18:41:40.572,snap,default,com.oplus.wirelesssettings,discharging,1,40.2,49.3,85,95,1,14.13,0.21,0.43,0,3.822,0.532,2.033304,11044,3516,0,-
18:41:41.572,snap,default,com.oplus.wirelesssettings,discharging,1,40.2,50.5,85,95,1,14.13,0.21,0.43,0,3.847,0.354,1.361838,8665,3419,0,-
18:41:42.573,snap,default,com.oplus.wirelesssettings,discharging,1,40.2,49.3,85,95,1,12.3,0.17,0.35,6,3.822,0.76,2.90472,8665,3419,0,-
18:41:43.574,snap,default,com.oplus.wirelesssettings,discharging,1,40.2,49.3,85,95,1,12.3,0.17,0.35,4,3.835,0.556,2.13226,11128,3927,0,-
18:41:44.575,snap,default,com.oplus.wirelesssettings,discharging,1,40.2,48.5,85,95,1,11.16,0.14,0.28,0,3.836,0.364,1.396304,11128,3927,0,-
18:41:45.577,snap,default,com.oplus.wirelesssettings,discharging,1,40.2,47.7,85,95,1,11.16,0.14,0.28,0,3.845,0.242,0.93049,3566,926,0,-
18:41:46.577,snap,default,com.oplus.wirelesssettings,discharging,1,40.2,47.7,85,95,1,9.5,0.11,0.23,0,3.851,0.186,0.716286,3566,926,0,-
18:41:47.578,snap,default,com.oplus.wirelesssettings,discharging,1,40.2,47.3,85,95,1,9.5,0.11,0.23,0,3.854,0.186,0.716844,3534,1167,0,-
18:41:48.578,snap,default,com.oplus.wirelesssettings,discharging,1,40.2,47.3,85,95,1,8.86,0.09,0.19,0,3.847,0.234,0.900198,3534,1167,0,-
18:41:49.578,snap,default,com.oplus.wirelesssettings,discharging,1,40.2,47.3,85,95,1,8.86,0.09,0.19,6,3.835,0.542,2.07857,11552,5707,0,-
18:41:50.583,snap,default,com.oplus.wirelesssettings,discharging,1,40.2,47.7,85,95,1,9.25,0.07,0.15,6,3.835,0.606,2.3240101,11552,5707,0,-
18:41:51.579,snap,default,com.oplus.wirelesssettings,discharging,1,40.2,50.1,85,95,1,9.25,0.07,0.15,8,3.789,0.908,3.440412,18862,6511,0,-
18:41:52.579,snap,default,com.oplus.wirelesssettings,discharging,1,40.2,53.1,85,95,1,12.28,0.24,0.31,0,3.836,0.624,2.3936641,18862,6511,0,-
18:41:53.580,snap,default,com.oplus.wirelesssettings,discharging,1,40.2,51.7,85,95,1,15.13,0.2,0.43,10,3.807,0.776,2.954232,18862,6511,0,-
18:41:54.581,snap,default,com.oplus.wirelesssettings,discharging,1,40.2,51.7,85,95,1,15.13,0.2,0.43,4,3.815,0.826,3.15119,20342,9273,0,-
18:41:55.585,snap,default,com.oplus.wirelesssettings,discharging,1,40.2,50.9,85,95,1,14.74,0.16,0.35,4,3.833,0.532,2.039156,20342,9273,0,-
18:41:56.587,snap,default,com.oplus.wirelesssettings,discharging,1,40.2,50.5,85,95,1,14.74,0.16,0.35,0,3.811,0.692,2.637212,13164,5107,0,-
18:41:57.588,snap,default,com.oplus.wirelesssettings,discharging,1,40.2,50.5,85,95,1,13.16,0.13,0.29,0,3.849,0.272,1.046928,13164,5107,0,-
18:41:58.589,snap,default,com.oplus.wirelesssettings,discharging,1,40.2,48.9,85,95,1,13.16,0.13,0.29,0,3.85,0.214,0.8239,4845,1521,0,-
18:41:59.589,snap,default,com.oplus.wirelesssettings,discharging,1,40.2,47.3,85,95,1,11.86,0.1,0.23,0,3.855,0.166,0.63992995,4845,1521,0,-
18:42:00.591,snap,default,com.oplus.wirelesssettings,discharging,1,40.2,46.9,85,95,1,11.86,0.1,0.23,0,3.854,0.214,0.824756,2718,740,0,-
18:42:01.592,snap,default,com.oplus.wirelesssettings,discharging,1,40.2,46.9,85,95,1,11.34,0.08,0.19,0,3.855,0.172,0.66306,2718,740,0,-
18:42:02.592,snap,default,com.oplus.wirelesssettings,discharging,1,40.2,46.5,85,95,1,11.34,0.08,0.19,0,3.855,0.17,0.65535,3595,1204,0,-
18:42:03.593,snap,default,com.oplus.wirelesssettings,discharging,1,40.2,46.9,85,95,1,10.55,0.07,0.15,0,3.851,0.224,0.86262405,3595,1204,0,-
18:42:04.593,snap,default,com.oplus.wirelesssettings,discharging,1,40.2,46.9,85,95,1,10.55,0.07,0.15,0,3.841,0.418,1.6055381,3609,1237,0,-
18:42:05.593,snap,default,com.oplus.wirelesssettings,discharging,1,40.2,46.9,85,95,1,11.9,0.05,0.13,0,3.797,0.906,3.440082,3609,1237,0,-
18:42:06.595,snap,default,com.oplus.wirelesssettings,discharging,1,40.2,47.3,85,95,1,11.9,0.05,0.13,0,3.801,1.2,4.5612,29692,8148,0,-
18:42:07.595,snap,default,com.oplus.wirelesssettings,discharging,1,40.2,50.3,85,95,1,21.34,0.22,3.36,0,3.797,0.94,3.56918,29692,8148,0,-
18:42:08.595,snap,default,com.oplus.wirelesssettings,discharging,1,40.2,50.3,85,95,1,21.34,0.22,3.36,5,3.797,0.94,3.56918,29747,6776,0,-
18:42:09.595,snap,default,com.oplus.wirelesssettings,discharging,1,40.2,50.3,85,95,1,21.34,0.22,3.36,5,3.743,1.758,6.580194,29747,6776,0,-
18:42:10.595,snap,default,com.oplus.wirelesssettings,discharging,1,40.2,50.3,85,95,1,31.24,0.55,3.84,5,3.709,2.618,9.710162,54865,12720,0,-
18:42:11.596,snap,default,com.oplus.wirelesssettings,discharging,1,40.2,50.3,85,95,1,31.24,0.55,3.84,5,3.742,2.15,8.0453005,54865,12720,0,-
18:42:12.597,snap,default,com.oplus.wirelesssettings,discharging,1,40.2,53.3,85,95,1,36.09,1.9,4.77,0,3.721,2.12,7.8885193,32829,7868,0,-
18:42:13.597,snap,default,com.oplus.wirelesssettings,discharging,1,40.2,56.3,85,95,1,36.09,1.9,4.77,0,3.82,0.988,3.77416,32829,7868,0,-
18:42:14.597,snap,default,com.oplus.wirelesssettings,discharging,1,40.2,58,85,95,1,33.9,1.55,4.27,0,3.806,0.718,2.732708,15875,5302,0,-
18:42:15.598,snap,default,com.oplus.wirelesssettings,discharging,1,40.2,55,85,95,1,33.9,1.55,4.27,5,3.817,0.706,2.6948018,15875,5302,0,-
18:42:16.598,snap,default,com.oplus.wirelesssettings,discharging,1,40.2,53.6,85,95,1,29.38,1.27,3.5,0,3.819,0.576,2.199744,12865,4787,0,-
18:42:17.598,snap,default,com.oplus.wirelesssettings,discharging,1,40.2,53.6,85,95,1,29.38,1.27,3.5,4,3.819,0.628,2.398332,12865,4787,0,-
18:42:18.599,snap,default,com.oplus.wirelesssettings,discharging,1,40.2,53.6,85,95,1,25.87,1.04,2.86,5,3.795,0.828,3.14226,14516,5516,0,-
18:42:19.600,snap,default,com.oplus.wirelesssettings,discharging,1,40.2,53.6,85,95,1,25.87,1.04,2.86,0,3.8,0.766,2.9107997,14516,5516,0,-
18:42:20.600,snap,default,com.oplus.wirelesssettings,discharging,1,40.2,54.4,85,95,1,25.35,0.85,2.34,8,3.755,1.566,5.88033,14516,5516,0,-
18:42:21.600,snap,default,com.oplus.wirelesssettings,discharging,1,40.2,52.8,85,95,1,25.35,0.85,2.34,8,3.833,0.438,1.678854,32105,6630,0,-
18:42:22.600,snap,default,com.oplus.wirelesssettings,discharging,1,40.2,54.4,85,95,1,25.1,0.69,2.1,0,3.836,0.388,1.488368,32105,6630,0,-
18:42:23.601,snap,default,com.oplus.wirelesssettings,discharging,1,40.2,54,85,95,1,25.1,0.69,2.1,0,3.772,1.048,3.953056,15427,5892,0,-
18:42:24.602,snap,default,com.oplus.wirelesssettings,discharging,1,40.2,54,85,95,1,23.45,0.57,1.72,9,3.81,0.774,2.9489398,15427,5892,0,-
18:42:25.602,snap,default,com.oplus.wirelesssettings,discharging,1,40.2,53.6,85,95,1,22.65,0.46,1.4,4,3.817,0.754,2.878018,20752,10710,0,-
18:42:26.603,snap,default,com.oplus.wirelesssettings,discharging,1,40.2,51.7,85,95,1,22.65,0.46,1.4,0,3.825,0.588,2.2491,20752,10710,0,-
18:42:27.603,snap,default,com.oplus.wirelesssettings,discharging,1,40.2,51.7,85,95,1,20.35,0.38,1.15,0,3.838,0.474,1.8192121,9177,3320,0,-
18:42:28.604,snap,default,com.oplus.wirelesssettings,discharging,1,40.2,50.5,85,95,1,20.35,0.38,1.15,0,3.838,0.362,1.389356,9177,3320,0,-
18:42:29.604,snap,default,com.oplus.wirelesssettings,discharging,1,40.2,50.5,85,95,1,18.12,0.31,0.94,0,3.837,0.418,1.603866,5817,1606,0,-
18:42:30.606,snap,default,com.oplus.wirelesssettings,discharging,1,40.2,49.7,85,95,1,18.12,0.31,0.94,0,3.832,0.518,1.984976,5817,1606,0,-
18:42:31.606,snap,default,com.oplus.wirelesssettings,discharging,1,40.2,48.9,85,95,1,16.64,0.25,0.77,0,3.842,0.318,1.221756,5983,1669,0,-
18:42:32.608,snap,default,com.oplus.wirelesssettings,discharging,1,40.2,48.9,85,95,1,16.64,0.25,0.77,0,3.838,0.422,1.6196359,5983,1669,0,-
18:42:33.609,snap,default,com.oplus.wirelesssettings,discharging,1,40.2,48.9,85,95,1,15.08,0.2,0.63,0,3.833,0.418,1.6021941,5137,1572,0,-
18:42:34.609,snap,default,com.oplus.wirelesssettings,discharging,1,40.2,49.3,85,95,1,15.08,0.2,0.63,0,3.822,0.668,2.553096,5137,1572,0,-
18:42:35.611,snap,default,com.oplus.wirelesssettings,discharging,1,40.2,50.1,85,95,1,15.97,0.17,0.51,0,3.8,0.82,3.116,18323,7739,0,-
18:42:36.611,snap,default,com.oplus.wirelesssettings,discharging,1,40.2,53.1,85,95,1,15.97,0.17,0.51,0,3.795,1.2,4.5540004,18323,7739,0,-
18:42:37.611,snap,default,com.oplus.wirelesssettings,discharging,1,40.2,54.4,85,95,1,20.5,0.14,0.6,5,3.827,0.516,1.9747318,29361,9498,0,-
18:42:38.612,snap,default,com.oplus.wirelesssettings,discharging,1,40.2,53.2,85,95,1,20.5,0.14,0.6,5,3.827,0.516,1.9747318,29361,9498,0,-
18:42:39.612,snap,default,com.oplus.wirelesssettings,discharging,1,40.2,52.8,85,95,1,20.5,0.14,0.6,5,3.817,0.864,3.297888,19510,9469,0,-
18:42:40.613,snap,default,com.oplus.wirelesssettings,discharging,1,40.2,52.8,85,95,1,20.41,0.11,0.49,5,3.83,0.638,2.44354,19510,9469,0,-
18:42:41.613,snap,default,com.oplus.wirelesssettings,discharging,1,40.2,55.8,85,95,1,20.41,0.11,0.49,5,3.805,0.852,3.2418602,26175,13770,0,-
18:42:42.613,snap,default,com.oplus.wirelesssettings,discharging,1,40.2,56.4,85,95,1,21.06,0.09,0.4,31,3.794,1.122,4.256868,26175,13770,0,-
18:42:43.617,snap,default,com.oplus.wirelesssettings,discharging,1,40.2,57.6,85,95,1,21.06,0.09,0.4,45,3.786,1.406,5.3231163,39518,17667,0,-
18:42:44.617,snap,default,com.oplus.wirelesssettings,discharging,1,40.2,57.6,85,95,1,23.4,0.25,0.51,41,3.743,2.014,7.5384016,39518,17667,0,-
18:42:45.617,snap,default,com.oplus.wirelesssettings,discharging,1,40.2,57.6,85,95,1,23.4,0.25,0.51,46,3.698,2.466,9.119268,39518,17667,0,-
18:42:46.618,snap,default,com.oplus.wirelesssettings,discharging,1,40.2,57.6,85,95,1,31.3,0.39,0.96,46,3.722,2.556,9.513432,44139,14279,0,-
18:42:47.618,snap,default,com.oplus.wirelesssettings,discharging,1,40.2,59.2,85,95,1,31.3,0.39,0.96,46,3.772,1.678,6.329416,44139,14279,0,-
18:42:48.619,snap,default,com.oplus.wirelesssettings,discharging,1,40.2,59.2,85,95,1,27.44,0.32,0.78,0,3.806,0.856,3.257936,13200,5682,0,-
18:42:49.619,snap,default,com.oplus.wirelesssettings,discharging,1,40.2,57.6,85,95,1,27.44,0.32,0.78,23,3.791,1.094,4.1473536,13200,5682,0,-
18:42:50.621,snap,default,com.oplus.wirelesssettings,discharging,1,40.2,57.6,85,95,1,25.37,0.26,0.64,34,3.794,1.084,4.1126957,16332,9690,0,-
18:42:51.621,snap,default,com.oplus.wirelesssettings,discharging,1,40.2,57.6,85,95,1,25.37,0.26,0.64,35,3.782,1.282,4.848524,16332,9690,0,-
18:42:52.622,snap,default,com.oplus.wirelesssettings,discharging,1,40.2,57.6,85,95,1,24.39,0.21,0.52,36,3.797,1.162,4.4121137,20381,12518,0,-
18:42:53.624,snap,default,com.oplus.wirelesssettings,discharging,1,40.2,57.6,85,95,1,24.39,0.21,0.52,36,3.796,0.958,3.636568,20381,12518,0,-
18:42:54.626,snap,default,com.oplus.wirelesssettings,discharging,1,40.2,59.2,85,95,1,23.96,0.17,0.43,41,3.762,1.384,5.206608,24556,14764,0,-
18:42:55.623,snap,default,com.oplus.wirelesssettings,discharging,1,40.2,59.2,85,95,1,23.96,0.17,0.43,36,3.787,0.88,3.3325598,24556,14764,0,-
18:42:56.625,snap,default,com.oplus.wirelesssettings,discharging,1,40.2,59.2,85,95,1,27.59,0.5,0.89,14,3.737,1.912,7.145144,34188,14724,0,-
18:42:57.628,snap,default,com.oplus.wirelesssettings,discharging,1,40.2,59.2,85,95,1,32.73,1.13,2,19,3.7,2.748,10.1676,34188,14724,0,-
18:42:58.949,snap,playback,tv.danmaku.bili,discharging,1,40.2,59.2,85,95,0,32.73,1.13,2,0,3.715,2.636,9.79274,34188,14724,0,-
18:42:59.949,snap,playback,tv.danmaku.bili,discharging,1,40.2,59.2,85,95,0,35.86,1.65,3.27,12,3.735,1.848,6.90228,53263,14365,0,-
18:43:00.949,snap,playback,tv.danmaku.bili,discharging,1,40.2,61.9,85,95,0,35.86,1.65,3.27,0,3.76,1.508,5.67008,30870,9901,0,-
18:43:01.950,snap,playback,tv.danmaku.bili,discharging,1,40.2,64.7,85,95,0,33.53,2.26,3.58,0,3.785,1.304,4.9356403,30870,9901,0,-
18:43:02.950,snap,playback,tv.danmaku.bili,discharging,1,40.2,64.7,85,95,0,33.53,2.26,3.58,0,3.769,1.344,5.065536,29086,9729,0,-
18:43:03.950,snap,playback,tv.danmaku.bili,discharging,1,40.2,63.1,85,95,0,35.43,2.39,3.66,0,3.778,1.27,4.79806,29086,9729,0,-
18:43:04.950,snap,playback,tv.danmaku.bili,discharging,1,40.2,63.1,85,95,0,35.43,2.39,3.66,0,3.79,1.128,4.2751203,26740,8371,0,-
18:43:05.950,snap,playback,tv.danmaku.bili,discharging,1,40.2,61.5,85,95,0,31.18,2.5,3.35,0,3.779,1.106,4.179574,26740,8371,0,-
18:43:06.950,snap,playback,tv.danmaku.bili,discharging,1,40.2,61.1,85,95,0,31.18,2.5,3.35,0,3.788,1.154,4.371352,21825,6830,0,-
18:43:07.950,snap,playback,tv.danmaku.bili,discharging,1,40.2,61.1,85,95,0,27.71,2.59,3.47,0,3.782,1.142,4.319044,21825,6830,0,-
18:43:08.950,snap,playback,tv.danmaku.bili,discharging,1,40.2,61.1,85,95,0,27.71,2.59,3.47,6,3.78,1.176,4.44528,22672,6927,0,-
18:43:09.962,snap,playback,tv.danmaku.bili,discharging,1,40.2,61.1,85,95,0,26.31,2.66,3.02,0,3.743,1.624,6.078632,22672,6927,0,-
18:43:10.965,snap,playback,tv.danmaku.bili,discharging,1,40.2,64.1,85,95,0,26.31,2.66,3.02,21,3.742,1.97,7.3717403,40017,15274,0,-
18:43:12.270,snap,default,com.microsoft.emmx.beta,discharging,1,40.2,67.1,85,95,1,38.03,3.45,10.99,17,3.751,1.766,6.624266,40017,15274,0,-
18:43:13.281,snap,default,com.microsoft.emmx.beta,discharging,1,40.2,67.1,85,95,1,38.03,3.45,10.99,17,3.747,1.866,6.9919024,36421,5629,0,-
18:43:14.284,snap,default,com.microsoft.emmx.beta,discharging,1,40.2,67.1,85,95,1,48.17,3.73,18.24,7,3.71,2.234,8.28814,36421,5629,0,-
18:43:15.289,snap,default,com.microsoft.emmx.beta,discharging,1,40.2,70.1,85,95,1,48.17,3.73,18.24,18,3.728,2.538,9.461664,37752,6792,0,-
18:43:16.288,snap,default,com.microsoft.emmx.beta,discharging,1,40.2,70.1,85,95,1,53.57,3.78,22,40,3.738,1.678,6.2723637,37752,6792,0,-
18:43:17.288,snap,default,com.microsoft.emmx.beta,discharging,1,40.2,71.4,85,95,1,53.57,3.78,22,14,3.698,2.49,9.20802,32870,11990,0,-
18:43:18.288,snap,default,com.microsoft.emmx.beta,discharging,1,40.2,70.6,85,95,1,56,3.64,23.63,32,3.739,1.812,6.7750683,32870,11990,0,-
18:43:19.289,snap,default,com.microsoft.emmx.beta,discharging,1,40.2,70.2,85,95,1,56,3.64,23.63,0,3.805,0.984,3.7441201,24954,11179,0,-
18:43:20.290,snap,default,com.microsoft.emmx.beta,discharging,1,40.2,67.2,85,95,1,50.38,2.98,20.61,27,3.779,1.076,4.066204,24954,11179,0,-
18:43:21.290,snap,default,com.microsoft.emmx.beta,discharging,1,40.2,64.2,85,95,1,50.38,2.98,20.61,0,3.783,1.034,3.911622,17908,8818,0,-
18:43:22.290,snap,default,com.oplus.securitykeyboard,discharging,1,40.2,62.3,85,95,1,44.34,2.44,17.06,16,3.794,0.802,3.0427878,17908,8818,0,-
18:43:23.291,snap,default,com.oplus.securitykeyboard,discharging,1,40.3,60.7,85,95,1,44.34,2.44,17.06,16,3.803,0.896,3.407488,17268,5809,0,-
18:43:24.293,snap,default,com.oplus.securitykeyboard,discharging,1,40.3,59.9,85,95,1,38.11,2.17,13.97,5,3.803,0.9,3.4227,17268,5809,0,-
18:43:25.293,snap,default,com.oplus.securitykeyboard,discharging,1,40.3,59.6,85,95,1,33.75,1.78,11.62,0,3.808,0.764,2.909312,16967,6425,0,-
18:43:26.295,snap,default,com.oplus.securitykeyboard,discharging,1,40.3,59.6,85,95,1,33.75,1.78,11.62,3,3.808,0.764,2.909312,16967,6425,0,-
18:43:27.294,snap,default,com.oplus.securitykeyboard,discharging,1,40.3,58,85,95,1,33.75,1.78,11.62,3,3.793,0.82,3.11026,15195,6005,0,-
18:43:28.295,snap,default,com.oplus.securitykeyboard,discharging,1,40.3,56.8,85,95,1,29.44,1.46,10.42,3,3.801,0.82,3.11682,15195,6005,0,-
18:43:29.295,snap,default,com.oplus.securitykeyboard,discharging,1,40.3,56.4,85,95,1,29.44,1.46,10.42,0,3.828,0.584,2.235552,8310,3105,0,-
18:43:30.295,snap,default,com.oplus.securitykeyboard,discharging,1,40.3,56.4,85,95,1,25.56,1.19,8.89,0,3.822,0.542,2.071524,8310,3105,0,-
18:43:31.295,snap,default,com.oplus.securitykeyboard,discharging,1,40.3,57.2,85,95,1,25.56,1.19,8.89,0,3.805,0.686,2.61023,18158,6734,0,-
18:43:32.295,snap,default,com.oplus.securitykeyboard,discharging,1,40.3,59.2,85,95,1,24.91,1.16,7.64,8,3.79,1.192,4.51768,18158,6734,0,-
18:43:33.295,snap,default,com.oplus.securitykeyboard,discharging,1,40.3,62.2,85,95,1,24.91,1.16,7.64,8,3.757,1.46,5.48522,33473,14855,0,-
18:43:34.296,snap,default,com.oplus.securitykeyboard,discharging,1,40.3,65.2,85,95,1,24.38,1.13,6.62,3,3.767,1.314,4.949838,33473,14855,0,-
18:43:35.296,snap,default,com.oplus.securitykeyboard,discharging,1,40.3,62.199997,85,95,1,24.38,1.13,6.62,10,3.816,0.716,2.7322562,33473,14855,0,-
18:43:36.296,snap,default,com.oplus.securitykeyboard,discharging,1,40.3,59.199997,85,95,1,23.04,0.92,5.42,15,3.788,0.802,3.037976,18212,8569,0,-
18:43:37.296,snap,default,com.oplus.securitykeyboard,discharging,1,40.3,58,85,95,1,23.04,0.92,5.42,0,3.813,0.98,3.73674,18212,8569,0,-
18:43:38.297,snap,default,com.oplus.securitykeyboard,discharging,1,40.4,56.8,85,95,1,23.22,0.93,4.98,7,3.792,0.686,2.601312,19724,9554,0,-
18:43:39.297,snap,default,com.oplus.securitykeyboard,discharging,1,40.4,56,85,95,1,23.22,0.93,4.98,15,3.809,0.87,3.3138301,19724,9554,0,-
18:43:40.297,snap,default,com.oplus.securitykeyboard,discharging,1,40.4,56,85,95,1,22.09,0.95,4.62,15,3.807,0.7,2.6648998,15607,7766,0,-
18:43:41.297,snap,default,com.oplus.securitykeyboard,discharging,1,40.4,56,85,95,1,22.09,0.95,4.62,26,3.736,1.956,7.307616,15607,7766,0,-
18:43:42.298,snap,default,com.oplus.securitykeyboard,discharging,1,40.4,56,85,95,1,29.14,1.68,5.41,52,3.72,2.37,8.8164,43785,19884,0,-
18:43:43.302,snap,default,com.android.launcher,discharging,1,40.4,56,85,95,1,29.14,1.68,5.41,20,3.765,1.414,5.3237104,43785,19884,0,-
18:43:44.299,snap,default,com.android.launcher,discharging,1,40.4,56,85,95,1,30.74,1.74,6.06,20,3.717,2.36,8.7721195,32903,13910,0,-
18:43:45.299,snap,default,com.android.launcher,discharging,1,40.4,56,85,95,1,30.74,1.74,6.06,20,3.709,2.704,10.029137,32903,13910,0,-
18:43:46.302,snap,default,com.android.launcher,discharging,1,40.4,56,85,95,1,39.48,2.87,7.86,20,3.685,2.938,10.8265295,53387,13516,0,-
18:43:47.303,snap,default,com.android.launcher,discharging,1,40.4,56,85,95,1,39.48,2.87,7.86,28,3.757,2.412,9.061884,53387,13516,0,-
18:43:48.303,snap,default,com.android.launcher,discharging,1,40.4,56,85,95,1,46.1,2.89,8.25,64,3.707,2.498,9.260086,39710,12423,0,-
18:43:49.304,snap,default,com.android.launcher,discharging,1,40.4,56,85,95,1,46.1,2.89,8.25,64,3.699,2.558,9.462042,39710,12423,0,-
18:43:50.304,snap,default,com.android.launcher,discharging,1,40.4,56,85,95,1,50.43,3.46,8.2,15,3.699,2.558,9.462042,37098,9504,0,-
18:43:51.304,snap,default,com.android.launcher,discharging,1,40.4,56,85,95,1,50.43,3.46,8.2,15,3.698,2.478,9.163644,37098,9504,0,-
18:43:52.305,snap,default,com.microsoft.emmx.beta,discharging,1,40.4,56,85,95,1,49.62,3.37,9.61,4,3.717,2.284,8.489628,44141,18298,0,-
18:43:53.305,snap,default,com.microsoft.emmx.beta,discharging,1,40.4,56,85,95,1,49.62,3.37,9.61,43,3.755,1.732,6.50366,44141,18298,0,-
18:43:54.305,snap,default,com.microsoft.emmx.beta,discharging,1,40.4,56,85,95,1,45.52,3.3,9.14,26,3.714,1.832,6.804048,30489,17890,0,-
18:43:55.305,snap,default,com.microsoft.emmx.beta,discharging,1,40.5,59,85,95,1,45.52,3.3,9.14,72,3.756,1.404,5.273424,30489,17890,0,-
18:43:56.306,snap,default,com.microsoft.emmx.beta,discharging,1,40.5,62,85,95,1,40.72,2.7,7.48,24,3.802,0.806,3.064412,23318,15275,0,-
18:43:57.306,snap,default,com.microsoft.emmx.beta,discharging,1,40.5,64.7,85,95,1,40.72,2.7,7.48,44,3.786,1.09,4.12674,23318,15275,0,-
18:43:58.307,snap,default,com.microsoft.emmx.beta,discharging,1,40.5,64.3,85,95,1,36.78,2.21,6.13,65,3.78,1.13,4.2714,26184,17430,0,-
18:43:59.307,snap,default,com.microsoft.emmx.beta,discharging,1,40.5,64.3,85,95,1,36.78,2.21,6.13,30,3.799,1.028,3.905372,26184,17430,0,-
18:44:00.307,snap,default,com.microsoft.emmx.beta,discharging,1,40.5,62.7,85,95,1,33.2,1.81,5.02,50,3.797,0.938,3.5615861,23742,15900,0,-
18:44:01.308,snap,default,com.microsoft.emmx.beta,discharging,1,40.5,62.7,85,95,1,33.2,1.81,5.02,57,3.784,1.128,4.268352,23742,15900,0,-
18:44:02.308,snap,default,com.microsoft.emmx.beta,discharging,1,40.5,63.1,85,95,1,30.99,1.66,4.11,41,3.785,1.106,4.1862097,23742,15900,0,-
18:44:03.308,snap,default,com.microsoft.emmx.beta,discharging,1,40.5,63.1,85,95,1,30.99,1.66,4.11,31,3.783,1.208,4.569864,26612,16658,0,-
18:44:04.309,snap,default,com.microsoft.emmx.beta,discharging,1,40.5,61.5,85,95,1,28.45,1.36,3.36,5,3.807,0.776,2.954232,26612,16658,0,-
18:44:05.318,snap,default,com.microsoft.emmx.beta,discharging,1,40.6,59.6,85,95,1,28.45,1.36,3.36,3,3.804,0.706,2.685624,19450,10910,0,-
18:44:06.324,snap,default,com.microsoft.emmx.beta,discharging,1,40.6,59.6,85,95,1,26.2,1.11,2.75,3,3.811,0.702,2.675322,19450,10910,0,-
18:44:07.324,snap,default,com.microsoft.emmx.beta,discharging,1,40.6,62.6,85,95,1,26.2,1.11,2.75,21,3.763,1.312,4.937056,22786,12508,0,-
18:44:08.325,snap,default,com.microsoft.emmx.beta,discharging,1,40.6,63.9,85,95,1,26.88,1.09,2.25,47,3.774,1.492,5.630808,22786,12508,0,-
18:44:09.327,snap,default,com.microsoft.emmx.beta,discharging,1,40.6,63.1,85,95,1,26.88,1.09,2.25,0,3.795,1.066,4.04547,28676,13412,0,-
18:44:10.329,snap,default,com.microsoft.emmx.beta,discharging,1,40.6,61.9,85,95,1,25.64,0.89,2.02,11,3.784,1.022,3.8672478,28676,13412,0,-
18:44:11.328,snap,default,com.microsoft.emmx.beta,discharging,1,40.6,61.9,85,95,1,25.64,0.89,2.02,11,3.757,1.348,5.064436,26503,8624,0,-
18:44:12.330,snap,default,com.microsoft.emmx.beta,discharging,1,40.6,61.9,85,95,1,32.22,1.45,4.55,14,3.748,1.628,6.1017437,26503,8624,0,-
18:44:13.331,snap,default,com.microsoft.emmx.beta,discharging,1,40.6,61.9,85,95,1,32.22,1.45,4.55,12,3.709,2.284,8.471356,34176,12835,0,-
18:44:14.331,snap,default,com.microsoft.emmx.beta,discharging,1,40.6,61.9,85,95,1,38.52,1.92,7.53,64,3.754,2.066,7.755764,34176,12835,0,-
18:44:15.332,snap,default,com.microsoft.emmx.beta,discharging,1,40.7,64.9,85,95,1,38.52,1.92,7.53,24,3.756,1.672,6.280032,40445,21361,0,-
18:44:16.336,snap,default,com.microsoft.emmx.beta,discharging,1,40.7,67.8,85,95,1,40.78,1.75,6.53,14,3.791,0.984,3.730344,40445,21361,0,-
18:44:17.335,snap,default,com.microsoft.emmx.beta,discharging,1,40.7,67.1,85,95,1,40.78,1.75,6.53,31,3.759,1.39,5.22501,27226,13650,0,-
18:44:18.342,snap,default,com.microsoft.emmx.beta,discharging,1,40.7,67.8,85,95,1,39.01,1.61,5.53,62,3.732,1.836,6.851952,27226,13650,0,-
18:44:19.342,snap,default,com.android.launcher,discharging,1,40.7,67.1,85,95,1,39.01,1.61,5.53,69,3.763,1.688,6.351944,27666,11238,0,-
18:44:20.342,snap,default,com.android.launcher,discharging,1,40.7,67.4,85,95,1,39.37,1.5,4.71,68,3.758,1.578,5.930124,27666,11238,0,-
18:44:21.343,snap,default,com.android.launcher,discharging,1,40.7,66.3,85,95,1,39.37,1.5,4.71,66,3.758,1.442,5.419036,25266,13030,0,-
18:44:22.350,snap,default,com.android.launcher,discharging,1,40.7,66.3,85,95,1,36.4,1.23,3.85,32,3.726,1.686,6.2820363,25266,13030,0,-
18:44:23.353,snap,default,com.android.launcher,discharging,1,40.7,66.3,85,95,1,36.4,1.23,3.85,32,3.726,1.686,6.2820363,30773,16244,0,-
18:44:24.354,snap,default,com.coolapk.market,discharging,1,40.7,66.3,85,95,1,38.86,1.73,3.52,32,3.701,2.486,9.200686,30773,16244,0,-
18:44:25.353,snap,default,com.coolapk.market,discharging,1,40.7,66.3,85,95,1,38.86,1.73,3.52,11,3.691,2.766,10.209306,30583,12738,0,-
18:44:26.353,snap,default,com.coolapk.market,discharging,1,40.8,67.4,85,95,1,39.79,1.78,3.78,11,3.726,2.37,8.83062,30583,12738,0,-
18:44:27.354,snap,default,com.coolapk.market,discharging,1,40.8,67.1,85,95,1,39.79,1.78,3.78,8,3.805,0.908,3.45494,16301,9129,0,-
18:44:28.365,snap,default,com.coolapk.market,discharging,1,40.8,67.1,85,95,1,35.66,1.45,3.46,42,3.802,0.988,3.756376,16301,9129,0,-
18:44:29.358,snap,default,com.coolapk.market,discharging,1,40.8,67.1,85,95,1,35.66,1.45,3.46,42,3.787,0.9,3.4083,16301,9129,0,-
18:44:30.358,snap,default,com.coolapk.market,discharging,1,40.8,67.8,85,95,1,33.91,1.19,2.83,14,3.745,1.634,6.1193295,23238,12175,0,-
18:44:31.358,snap,default,com.coolapk.market,discharging,1,40.8,67.8,85,95,1,33.91,1.19,2.83,53,3.745,1.604,6.00698,23238,12175,0,-
18:44:32.358,snap,default,com.android.launcher,discharging,1,40.8,66.3,85,95,1,31.03,0.97,2.32,38,3.782,1.39,5.25698,23967,11797,0,-
18:44:33.359,snap,default,com.android.launcher,discharging,1,40.8,65.1,85,95,1,31.03,0.97,2.32,26,3.777,1.14,4.30578,23967,11797,0,-
18:44:34.358,snap,default,com.android.launcher,discharging,1,40.8,64.7,85,95,1,28.12,0.8,1.9,20,3.772,1.13,4.26236,21812,12232,0,-
18:44:35.358,snap,default,com.android.launcher,discharging,1,40.8,65.1,85,95,1,28.12,0.8,1.9,35,3.798,0.87,3.30426,21812,12232,0,-
18:44:36.358,snap,default,com.android.launcher,discharging,1,40.8,68.1,85,95,1,28.28,0.65,1.55,18,3.758,1.752,6.584016,25869,13662,0,-
18:44:37.359,snap,default,com.android.launcher,discharging,1,40.9,71.1,85,95,1,28.28,0.65,1.55,16,3.744,1.774,6.641856,25869,13662,0,-
18:44:38.359,snap,default,com.cnspeedtest.globalspeed,discharging,1,40.9,68.1,85,95,1,27.5,0.71,1.27,2,3.796,0.926,3.515096,45979,11097,0,-
18:44:39.359,snap,default,com.cnspeedtest.globalspeed,discharging,1,40.9,65.1,85,95,1,27.5,0.71,1.27,2,3.8,0.886,3.3667998,45979,11097,0,-
18:44:40.359,snap,default,com.cnspeedtest.globalspeed,discharging,1,40.9,62.1,85,95,1,25.96,0.58,1.04,6,3.796,0.866,3.2873359,25203,10114,0,-
18:44:41.359,snap,default,com.cnspeedtest.globalspeed,discharging,1,40.9,61.5,85,95,1,25.96,0.58,1.04,17,3.803,0.904,3.437912,25203,10114,0,-
18:44:42.359,snap,default,com.cnspeedtest.globalspeed,discharging,1,41,59.9,85,95,1,23.79,0.48,0.85,18,3.802,0.788,2.995976,16652,11143,0,-
18:44:43.360,snap,default,com.cnspeedtest.globalspeed,discharging,1,41,59.2,85,95,1,23.79,0.48,0.85,17,3.798,0.808,3.0687842,16652,11143,0,-
18:44:44.361,snap,default,com.cnspeedtest.globalspeed,discharging,1,41,59.2,85,95,1,22.2,0.39,0.69,18,3.81,0.702,2.6746202,14730,9371,0,-
18:44:45.361,snap,default,com.cnspeedtest.globalspeed,discharging,1,41,56.8,85,95,1,22.2,0.39,0.69,10,3.81,0.65,2.4764998,14730,9371,0,-
18:44:46.361,snap,default,com.cnspeedtest.globalspeed,discharging,1,41,56.8,85,95,1,20.71,0.32,0.57,9,3.813,0.638,2.432694,9892,5511,0,-
18:44:47.362,snap,default,com.cnspeedtest.globalspeed,discharging,1,41,56.8,85,95,1,20.71,0.32,0.57,9,3.806,0.724,2.755544,9892,5511,0,-
18:44:48.362,snap,default,com.cnspeedtest.globalspeed,discharging,1,41,55.6,85,95,1,19.13,0.26,0.46,9,3.816,0.584,2.228544,9502,4831,0,-
18:44:49.363,snap,default,com.cnspeedtest.globalspeed,discharging,1,41,55.2,85,95,1,19.13,0.26,0.46,9,3.809,0.578,2.201602,9502,4831,0,-
18:44:50.363,snap,default,com.cnspeedtest.globalspeed,discharging,1,41,54.4,85,95,1,17.48,0.21,0.38,7,3.814,0.56,2.13584,8944,4574,0,-
18:44:51.364,snap,default,com.cnspeedtest.globalspeed,discharging,1,41,54,85,95,1,17.48,0.21,0.38,5,3.814,0.624,2.379936,8944,4574,0,-
18:44:52.365,snap,default,com.cnspeedtest.globalspeed,discharging,1,41,54,85,95,1,16.12,0.17,0.31,5,3.817,0.586,2.236762,7972,3817,0,-
18:44:53.366,snap,default,com.cnspeedtest.globalspeed,discharging,1,41.1,53.6,85,95,1,16.12,0.17,0.31,5,3.817,0.586,2.236762,7972,3817,0,-
18:44:54.366,snap,default,com.cnspeedtest.globalspeed,discharging,1,41.1,53.6,85,95,1,16.12,0.17,0.31,5,3.815,0.558,2.12877,7511,3892,0,-
18:44:55.367,snap,default,com.cnspeedtest.globalspeed,discharging,1,41.1,53.6,85,95,1,15.19,0.14,0.25,5,3.816,0.548,2.091168,7511,3892,0,-
18:44:56.367,snap,default,com.cnspeedtest.globalspeed,discharging,1,41.1,53.6,85,95,1,18.06,0.29,0.39,38,3.751,1.92,7.2019196,7511,3892,0,-
18:44:57.369,snap,default,com.cnspeedtest.globalspeed,discharging,1,41.1,53.6,85,95,1,18.06,0.29,0.39,59,3.69,2.91,10.737901,44743,16899,0,-
18:44:58.369,snap,default,com.cnspeedtest.globalspeed,discharging,1,41.1,53.6,85,95,1,30,3.5,5.21,24,3.707,2.682,9.942174,44743,16899,0,-
18:44:59.369,snap,default,com.cnspeedtest.globalspeed,discharging,1,41.1,53.6,85,95,1,30,3.5,5.21,38,3.734,2.358,8.804772,48247,14739,0,-
18:45:00.369,snap,default,com.cnspeedtest.globalspeed,discharging,1,41.1,53.6,85,95,1,37.25,3.23,6.62,39,3.712,2.662,9.881344,48247,14739,0,-
18:45:01.372,snap,default,com.cnspeedtest.globalspeed,discharging,1,41.1,53.6,85,95,1,37.25,3.23,6.62,11,3.693,2.648,9.779064,47097,11687,0,-
18:45:02.371,snap,default,com.cnspeedtest.globalspeed,discharging,1,41.1,53.6,85,95,1,44.08,3.19,7.05,13,3.713,2.506,9.304778,47097,11687,0,-
18:45:03.371,snap,default,com.cnspeedtest.globalspeed,discharging,1,41.1,53.6,85,95,1,44.08,3.19,7.05,38,3.702,2.584,9.5659685,48916,19516,0,-
18:45:04.374,snap,default,com.cnspeedtest.globalspeed,discharging,1,41.1,53.6,85,95,1,46.79,2.97,5.95,30,3.694,2.51,9.27194,48916,19516,0,-
18:45:05.373,snap,default,com.cnspeedtest.globalspeed,discharging,1,41.1,53.6,85,95,1,46.79,2.97,5.95,11,3.777,1.06,4.0036197,34773,17438,0,-
18:45:06.374,snap,default,com.cnspeedtest.globalspeed,discharging,1,41.1,53.6,85,95,1,42.11,2.43,4.87,17,3.771,1.3,4.9023,34773,17438,0,-
18:45:07.374,snap,default,com.cnspeedtest.globalspeed,discharging,1,41.1,56.6,85,95,1,42.11,2.43,4.87,19,3.791,1.044,3.957804,24490,14068,0,-
18:45:08.374,snap,default,com.cnspeedtest.globalspeed,discharging,1,41.1,59.6,85,95,1,38.11,1.99,3.99,18,3.791,0.932,3.5332117,24490,14068,0,-
18:45:09.374,snap,default,com.cnspeedtest.globalspeed,discharging,1,41.1,62.6,85,95,1,38.11,1.99,3.99,18,3.791,1.06,4.01846,23788,14888,0,-
18:45:10.374,snap,default,com.cnspeedtest.globalspeed,discharging,1,41.1,63.9,85,95,1,35.37,1.63,3.27,18,3.793,0.904,3.4288719,23788,14888,0,-
18:45:11.374,snap,default,com.cnspeedtest.globalspeed,discharging,1,41.1,62.3,85,95,1,35.37,1.63,3.27,17,3.783,1.032,3.9040558,21637,13719,0,-
18:45:12.375,snap,default,com.cnspeedtest.globalspeed,discharging,1,41.1,61.9,85,95,1,32.04,1.33,2.67,14,3.8,0.842,3.1996,21637,13719,0,-
18:45:13.375,snap,default,com.cnspeedtest.globalspeed,discharging,1,41.1,62.3,85,95,1,32.04,1.33,2.67,14,3.797,0.744,2.824968,18720,10701,0,-
18:45:14.377,snap,default,com.cnspeedtest.globalspeed,discharging,1,41.1,59.3,85,95,1,29.31,1.09,2.19,8,3.788,1.082,4.098616,18720,10701,0,-
18:45:15.511,snap,default,com.cnspeedtest.globalspeed,discharging,1,41.1,59.6,85,95,1,29.31,1.09,2.19,8,3.815,0.52,1.9837999,13911,7363,0,-
18:45:16.514,snap,default,com.cnspeedtest.globalspeed,discharging,1,41.1,59.6,85,95,1,28.17,0.89,1.79,5,3.782,1.224,4.629168,13911,7363,0,-
18:45:17.512,snap,default,com.cnspeedtest.globalspeed,discharging,1,41.1,62.6,85,95,1,28.17,0.89,1.79,36,3.715,2.116,7.8609395,32947,16449,0,-
18:45:18.512,snap,default,com.android.launcher,discharging,1,41.1,65.6,85,95,1,33.21,0.91,3.64,72,3.802,0.982,3.7335641,32947,16449,0,-
18:45:19.515,snap,default,com.android.launcher,discharging,1,41.2,66.3,85,95,1,33.21,0.91,3.64,23,3.776,1.07,4.0403204,23348,11932,0,-
18:45:20.515,snap,default,com.android.launcher,discharging,1,41.2,63.9,85,95,1,32.08,0.74,2.98,23,3.762,1.38,5.1915603,23348,11932,0,-
18:45:21.515,snap,default,com.android.launcher,discharging,1,41.2,63.9,85,95,1,32.08,0.74,2.98,25,3.799,0.846,3.213954,21342,11316,0,-
18:45:22.518,snap,default,com.cnspeedtest.globalspeed,discharging,1,41.2,60.9,85,95,1,29.17,0.61,2.44,4,3.803,0.728,2.768584,21342,11316,0,-
18:45:23.517,snap,default,com.cnspeedtest.globalspeed,discharging,1,41.2,58.8,85,95,1,29.17,0.61,2.44,8,3.785,0.828,3.13398,20551,10994,0,-
18:45:24.517,snap,default,com.cnspeedtest.globalspeed,discharging,1,41.3,58.8,85,95,1,27.33,0.5,2,11,3.801,0.828,3.1472282,20551,10994,0,-
18:45:25.518,snap,default,com.cnspeedtest.globalspeed,discharging,1,41.3,58.8,85,95,1,26,0.41,1.63,19,3.801,0.828,3.1472282,20551,10994,0,-
18:45:26.517,snap,default,com.cnspeedtest.globalspeed,discharging,1,41.3,58.4,85,95,1,26,0.41,1.63,19,3.798,0.924,3.5093522,19751,12402,0,-
18:45:27.518,snap,default,com.cnspeedtest.globalspeed,discharging,1,41.3,58.4,85,95,1,26,0.41,1.63,18,3.798,0.862,3.273876,19751,12402,0,-
18:45:28.518,snap,default,com.cnspeedtest.globalspeed,discharging,1,41.3,59.2,85,95,1,24.55,0.33,1.34,18,3.801,0.892,3.3904922,19153,12360,0,-
18:45:29.518,snap,default,com.cnspeedtest.globalspeed,discharging,1,41.3,59.2,85,95,1,24.55,0.33,1.34,17,3.801,0.834,3.1700342,19153,12360,0,-
18:45:30.518,snap,default,com.cnspeedtest.globalspeed,discharging,1,41.3,56.4,85,95,1,23,0.27,1.09,10,3.812,0.69,2.63028,15277,9272,0,-
18:45:31.518,snap,default,com.cnspeedtest.globalspeed,discharging,1,41.3,56,85,95,1,23,0.27,1.09,9,3.805,0.668,2.54174,15277,9272,0,-
18:45:32.519,snap,default,com.cnspeedtest.globalspeed,discharging,1,41.3,56,85,95,1,21.55,0.22,0.89,9,3.809,0.712,2.712008,10897,6057,0,-
18:45:33.520,snap,default,com.cnspeedtest.globalspeed,discharging,1,41.3,56,85,95,1,21.55,0.22,0.89,9,3.794,0.822,3.118668,10897,6057,0,-
18:45:34.519,snap,default,com.cnspeedtest.globalspeed,discharging,1,41.3,59,85,95,1,21.99,0.18,0.73,17,3.759,1.494,5.615946,23759,12734,0,-
18:45:35.520,snap,default,com.cnspeedtest.globalspeed,discharging,1,41.3,62,85,95,1,21.99,0.18,0.73,48,3.783,1.37,5.18271,23759,12734,0,-
18:45:36.520,snap,default,com.android.launcher,discharging,1,41.3,59,85,95,1,21.09,0.15,0.6,0,3.822,0.484,1.849848,15441,7646,0,-
18:45:37.520,snap,default,com.android.launcher,discharging,1,41.3,56,85,95,1,21.09,0.15,0.6,0,3.81,0.622,2.3698199,15441,7646,0,-
18:45:38.520,snap,default,com.android.launcher,discharging,1,41.3,54.4,85,95,1,19.08,0.12,0.49,0,3.817,0.562,2.1451538,6102,2364,0,-
18:45:39.522,snap,default,com.android.launcher,discharging,1,41.3,53.6,85,95,1,19.08,0.12,0.49,0,3.818,0.484,1.8479121,6102,2364,0,-
18:45:40.524,snap,default,com.android.launcher,discharging,1,41.3,52.4,85,95,1,16.71,0.1,0.4,0,3.827,0.37,1.41599,4680,1780,0,-
18:45:41.526,snap,default,com.android.launcher,discharging,1,41.4,52.1,85,95,1,16.71,0.1,0.4,0,3.829,0.36,1.37844,4680,1780,0,-
18:45:42.527,snap,default,com.android.launcher,discharging,1,41.4,51.7,85,95,1,14.95,0.08,0.33,0,3.827,0.346,1.3241419,3570,1112,0,-
18:45:43.528,snap,default,com.android.launcher,discharging,1,41.4,50.9,85,95,1,14.95,0.08,0.33,0,3.824,0.368,1.4072319,3570,1112,0,-
18:45:44.530,snap,default,com.android.launcher,discharging,1,41.4,50.9,85,95,1,13.69,0.06,0.27,0,3.83,0.34,1.3022,3620,1253,0,-
18:45:45.532,snap,default,com.android.launcher,discharging,1,41.4,50.5,85,95,1,13.69,0.06,0.27,0,3.827,0.398,1.5231459,3620,1253,0,-
18:45:46.533,snap,default,com.android.launcher,discharging,1,41.4,50.5,85,95,1,12.66,0.05,0.22,0,3.831,0.352,1.348512,4114,1515,0,-
18:45:47.535,snap,default,com.android.launcher,discharging,1,41.4,50.5,85,95,1,12.66,0.05,0.22,0,3.83,0.354,1.35582,4114,1515,0,-
18:45:48.536,snap,default,com.android.launcher,discharging,1,41.4,50.5,85,95,1,11.63,0.04,0.18,0,3.824,0.386,1.476064,4471,1402,0,-
18:45:49.538,snap,default,com.android.launcher,discharging,1,41.4,50.1,85,95,1,11.63,0.04,0.18,0,3.821,0.47,1.7958701,4471,1402,0,-
18:45:50.540,snap,default,com.android.launcher,discharging,1,41.4,50.1,85,95,1,10.97,0.03,0.14,0,3.826,0.388,1.484488,3943,1290,0,-
18:45:51.542,snap,default,com.android.launcher,discharging,1,41.4,49.7,85,95,1,10.97,0.03,0.14,0,3.825,0.354,1.35405,3943,1290,0,-
18:45:52.544,snap,default,com.android.launcher,discharging,1,41.4,49.7,85,95,1,10.43,0.02,0.12,0,3.827,0.358,1.370066,3943,1290,0,-
18:45:53.545,snap,default,com.android.launcher,discharging,1,41.4,49.7,85,95,1,10.43,0.02,0.12,0,3.825,0.37,1.4152501,4667,1305,0,-
18:45:54.547,snap,default,com.android.launcher,discharging,1,41.4,49.3,85,95,1,9.99,0.02,0.09,0,3.825,0.37,1.4152501,4667,1305,0,-
18:45:55.548,snap,default,com.android.launcher,discharging,1,41.4,49.7,85,95,1,9.99,0.02,0.09,0,3.834,0.312,1.196208,3783,1176,0,-
18:45:56.549,snap,default,com.android.launcher,discharging,1,41.4,49.3,85,95,1,9.63,0.01,0.08,0,3.833,0.366,1.4028779,3783,1176,0,-
18:45:57.551,snap,default,com.android.launcher,discharging,1,41.4,49.7,85,95,1,9.63,0.01,0.08,0,3.832,0.362,1.3871839,6177,2390,0,-
18:45:58.551,snap,default,com.android.launcher,discharging,1,41.4,49.7,85,95,1,9.33,0.01,0.06,0,3.825,0.472,1.8054,6177,2390,0,-
18:45:59.553,snap,default,com.android.launcher,discharging,1,41.4,50.1,85,95,1,9.33,0.01,0.06,0,3.825,0.446,1.70595,7554,3716,0,-
18:46:00.553,snap,default,com.android.launcher,discharging,1,41.4,50.1,85,95,1,9.63,0.01,0.05,0,3.828,0.432,1.6536961,7554,3716,0,-
18:46:01.553,snap,default,com.android.launcher,discharging,1,41.4,50.1,85,95,1,9.63,0.01,0.05,0,3.827,0.452,1.7298039,8485,4295,0,-
18:46:02.555,snap,default,com.android.launcher,discharging,1,41.4,50.1,85,95,1,9.88,0.01,0.04,0,3.826,0.468,1.790568,8485,4295,0,-
18:46:03.557,snap,default,com.android.launcher,discharging,1,41.4,48.9,85,95,1,9.88,0.01,0.04,0,3.827,0.38,1.45426,6786,2741,0,-
18:46:04.558,snap,default,com.android.launcher,discharging,1,41.4,48.9,85,95,1,9.72,0,0.03,0,3.828,0.382,1.462296,6786,2741,0,-
18:46:05.559,snap,default,com.android.launcher,discharging,1,41.4,48.9,85,95,1,9.72,0,0.03,0,3.829,0.37,1.41673,4537,1467,0,-
18:46:06.561,snap,default,com.android.launcher,discharging,1,41.4,48.5,85,95,1,9.23,0,0.02,0,3.83,0.378,1.44774,4537,1467,0,-
18:46:07.561,snap,default,com.android.launcher,discharging,1,41.4,48.5,85,95,1,9.23,0,0.02,0,3.833,0.37,1.41821,4578,1640,0,-
18:46:08.563,snap,default,com.android.launcher,discharging,1,41.4,48.5,85,95,1,8.82,0,0.02,0,3.826,0.434,1.660484,4578,1640,0,-
18:46:09.563,snap,default,com.android.launcher,discharging,1,41.4,48.5,85,95,1,8.82,0,0.02,0,3.831,0.364,1.394484,4571,1478,0,-
18:46:10.565,snap,default,com.android.launcher,discharging,1,41.4,48.1,85,95,1,8.67,0,0.01,0,3.829,0.452,1.730708,4571,1478,0,-
18:46:11.566,snap,default,com.android.launcher,discharging,1,41.4,48.1,85,95,1,8.67,0,0.01,0,3.831,0.37,1.4174701,3959,1262,0,-
18:46:12.567,snap,default,com.android.launcher,discharging,1,41.4,48.1,85,95,1,8.55,0,0.01,0,3.836,0.332,1.273552,3959,1262,0,-
18:46:13.569,snap,default,com.android.launcher,discharging,1,41.4,48.1,85,95,1,8.55,0,0.01,0,3.831,0.348,1.3331879,5166,1769,0,-
18:46:14.571,snap,default,com.android.launcher,discharging,1,41.4,47.7,85,95,1,8.81,0,0.01,0,3.833,0.378,1.448874,5166,1769,0,-
18:46:15.572,snap,default,com.android.launcher,discharging,1,41.4,48.1,85,95,1,8.81,0,0.01,0,3.833,0.368,1.410544,3641,1049,0,-
18:46:16.574,snap,default,com.android.launcher,discharging,1,41.4,47.7,85,95,1,8.48,0,0,0,3.833,0.372,1.425876,3641,1049,0,-
18:46:17.576,snap,default,com.android.launcher,discharging,1,41.4,47.7,85,95,1,8.48,0,0,17,3.826,0.372,1.423272,4240,1390,0,-
18:46:18.576,snap,default,com.android.launcher,discharging,1,41.4,47.7,85,95,1,8.39,0,0,0,3.832,0.336,1.287552,4240,1390,0,-
18:46:19.577,snap,default,com.android.launcher,discharging,1,41.4,47.7,85,95,1,8.39,0,0,0,3.832,0.378,1.448496,4240,1390,0,-
18:46:20.577,snap,default,com.android.launcher,discharging,1,41.4,47.7,85,95,1,8.5,0,0,0,3.831,0.342,1.310202,4870,1954,0,-
18:46:21.579,snap,default,com.android.launcher,discharging,1,41.4,47.7,85,95,1,8.5,0,0,0,3.83,0.366,1.40178,4870,1954,0,-
18:46:22.580,snap,default,com.android.launcher,discharging,1,41.4,47.7,85,95,1,8.23,0,0,0,3.83,0.366,1.40178,3862,1322,0,-
18:46:23.580,snap,default,com.android.launcher,discharging,1,41.4,47.7,85,95,1,8.23,0,0,0,3.83,0.364,1.39412,3862,1322,0,-
18:46:24.582,snap,default,com.android.launcher,discharging,1,41.4,47.3,85,95,1,8.01,0,0,0,3.831,0.404,1.5477241,4182,1448,0,-
18:46:25.582,snap,default,com.android.launcher,discharging,1,41.4,47.7,85,95,1,8.01,0,0,0,3.833,0.312,1.195896,4182,1448,0,-
18:46:26.583,snap,default,com.android.launcher,discharging,1,41.4,49.3,85,95,1,8.55,0.18,0,0,3.787,0.84,3.1810799,11030,4415,0,-
18:46:27.583,snap,default,com.android.launcher,discharging,1,41.4,49.7,85,95,1,8.55,0.18,0,0,3.822,0.516,1.9721519,11030,4415,0,-
18:46:28.583,snap,default,com.android.launcher,discharging,1,41.4,49.3,85,95,1,8.81,0.14,0,0,3.822,0.566,2.1632519,10284,4745,0,-
18:46:29.584,snap,default,com.android.launcher,discharging,1,41.4,49.3,85,95,1,8.81,0.14,0,0,3.822,0.502,1.918644,10284,4745,0,-
18:46:30.586,snap,default,com.android.launcher,discharging,1,41.4,48.9,85,95,1,8.66,0.12,0,0,3.825,0.5,1.9125,8162,3397,0,-
18:46:31.587,snap,default,com.android.launcher,discharging,1,41.3,48.9,85,95,1,8.66,0.12,0,0,3.814,0.548,2.090072,8162,3397,0,-
18:46:32.588,snap,default,com.android.launcher,discharging,1,41.3,48.9,85,95,1,8.9,0.09,0,0,3.823,0.5,1.9115,9681,4067,0,-
18:46:33.588,snap,default,com.android.launcher,discharging,1,41.3,48.9,85,95,1,8.9,0.09,0,0,3.824,0.474,1.8125759,9681,4067,0,-
18:46:34.588,snap,default,com.android.launcher,discharging,1,41.3,48.9,85,95,1,9.1,0.08,0,0,3.811,0.66,2.5152602,17672,7230,0,-
18:46:35.589,snap,default,com.android.launcher,discharging,1,41.3,48.9,85,95,1,9.1,0.08,0,0,3.774,1.33,5.01942,17672,7230,0,-
18:46:36.590,snap,default,com.android.launcher,discharging,1,41.3,50.9,85,95,1,13.97,0.6,0.18,13,3.817,0.736,2.8093119,23015,7763,0,-
18:46:37.590,snap,default,com.android.launcher,discharging,1,41.3,50.9,85,95,1,13.97,0.6,0.18,0,3.824,0.38,1.45312,23015,7763,0,-
18:46:38.592,snap,default,com.android.launcher,discharging,1,41.3,50.1,85,95,1,12.53,0.68,0.14,0,3.831,0.35,1.34085,6841,2610,0,-
18:46:39.594,snap,default,com.android.launcher,discharging,1,41.3,50.1,85,95,1,12.53,0.68,0.14,0,3.836,0.302,1.158472,6841,2610,0,-
18:46:40.595,snap,default,com.android.launcher,discharging,1,41.3,49.7,85,95,1,12.61,1.1,0.12,13,3.811,0.534,2.035074,7262,3163,0,-
18:46:43.550,snap,default,com.android.launcher,discharging,1,41.3,49.7,85,95,1,12.61,1.1,0.12,13,3.837,0.302,1.1587739,7262,3163,0,-
18:46:44.550,snap,default,com.android.launcher,discharging,1,41.3,47.7,85,95,1,13.04,0.9,0.09,0,3.839,0.122,0.468358,6281,2748,0,-
18:46:45.694,snap,default,com.android.launcher,discharging,1,41.3,47.7,85,95,1,13.04,0.9,0.09,0,3.838,0.198,0.759924,6281,2748,0,-
18:46:46.694,snap,default,com.android.launcher,discharging,1,41.3,47.7,85,95,1,13.58,1.1,0.08,0,3.749,1.36,5.09864,29833,13904,0,-
18:46:47.708,snap,default,com.android.launcher,discharging,1,41.3,47.7,85,95,1,13.58,1.1,0.08,20,3.705,2.762,10.233211,29833,13904,0,-
18:46:48.712,snap,default,com.android.launcher,discharging,1,41.3,47.7,85,95,1,23.62,1.08,0.24,41,3.71,2.224,8.25104,53979,21616,0,-
18:46:49.712,snap,default,com.android.launcher,discharging,1,41.3,47.7,85,95,1,23.62,1.08,0.24,29,3.704,2.56,9.48224,53979,21616,0,-
18:46:50.712,snap,default,com.microsoft.emmx.beta,discharging,1,41.3,47.7,85,95,1,33.47,1.79,1.83,11,3.694,2.682,9.907308,45907,11357,0,-
18:46:51.713,snap,default,com.microsoft.emmx.beta,discharging,1,41.3,47.7,85,95,1,43.89,2.91,6.03,0,3.692,2.76,10.189919,45907,11357,0,-
18:46:52.716,snap,default,com.microsoft.emmx.beta,discharging,1,41.2,47.7,85,95,1,43.89,2.91,6.03,12,3.687,2.806,10.345722,43467,8709,0,-
18:46:53.719,snap,default,com.microsoft.emmx.beta,discharging,1,41.2,47.7,85,95,1,52.42,2.75,7.47,38,3.682,2.934,10.802988,43467,8709,0,-
18:46:54.716,snap,default,com.android.launcher,discharging,1,41.2,47.7,85,95,1,52.42,2.75,7.47,62,3.7,2.524,9.338799,35980,12374,0,-
18:46:55.718,snap,default,com.android.launcher,discharging,1,41.2,47.7,85,95,1,50.35,2.25,6.66,44,3.753,1.45,5.44185,35980,12374,0,-
18:46:56.718,snap,default,com.android.launcher,discharging,1,41.2,47.7,85,95,1,50.35,2.25,6.66,31,3.782,1.174,4.4400682,35980,12374,0,-
18:46:57.719,snap,default,com.android.launcher,discharging,1,41.2,47.7,85,95,1,44.31,1.84,5.45,31,3.814,0.562,2.143468,23710,14188,0,-
18:46:58.720,snap,default,com.android.launcher,discharging,1,41.1,50.7,85,95,1,44.31,1.84,5.45,0,3.794,0.602,2.283988,23710,14188,0,-
18:46:59.720,snap,default,com.android.launcher,discharging,1,41.1,53.7,85,95,1,38.82,1.5,4.46,6,3.81,0.568,2.1640801,12589,6323,0,-
18:47:00.720,snap,default,com.android.launcher,discharging,1,41.1,56,85,95,1,38.82,1.5,4.46,0,3.81,0.568,2.1640801,12589,6323,0,-
18:47:01.720,snap,default,com.android.launcher,discharging,1,41.1,54.4,85,95,1,38.82,1.5,4.46,0,3.82,0.476,1.81832,9514,4329,0,-
18:47:02.721,snap,default,com.android.launcher,discharging,1,41.1,53.6,85,95,1,33.6,1.23,3.65,0,3.82,0.424,1.6196799,9514,4329,0,-
18:47:03.722,snap,default,com.android.launcher,discharging,1,41.1,53.6,85,95,1,33.6,1.23,3.65,0,3.824,0.394,1.5066559,6547,2670,0,-
18:47:04.722,snap,default,com.android.launcher,discharging,1,41.1,52.8,85,95,1,28.78,1.01,2.99,0,3.823,0.364,1.391572,6547,2670,0,-
18:47:05.722,snap,default,com.android.launcher,discharging,1,41.1,52.4,85,95,1,28.78,1.01,2.99,0,3.82,0.522,1.99404,9666,3189,0,-
18:47:06.723,snap,default,com.android.launcher,discharging,1,41.1,52.4,85,95,1,25.19,1,2.63,0,3.82,0.59,2.2538,9666,3189,0,-
18:47:07.723,snap,default,com.android.launcher,discharging,1,41.1,51.3,85,95,1,25.19,1,2.63,0,3.829,0.3,1.1487,5772,1559,0,-
18:47:08.724,snap,default,com.android.launcher,discharging,1,41.1,51.3,85,95,1,21.72,1,2.15,0,3.823,0.472,1.804456,5772,1559,0,-
18:47:09.725,snap,default,com.android.launcher,discharging,1,41.1,50.5,85,95,1,21.72,1,2.15,0,3.83,0.316,1.2102801,4918,1819,0,-
18:47:10.726,snap,default,com.android.launcher,discharging,1,41.1,50.5,85,95,1,19.23,0.82,1.76,0,3.827,0.402,1.538454,4918,1819,0,-
18:47:11.727,snap,default,com.android.launcher,discharging,1,41.1,50.5,85,95,1,19.23,0.82,1.76,0,3.834,0.316,1.211544,4436,1609,0,-
18:47:12.734,snap,default,com.android.launcher,discharging,1,41.1,50.5,85,95,1,17.01,0.67,1.44,0,3.833,0.364,1.3952119,4436,1609,0,-
18:47:13.735,snap,default,com.android.launcher,discharging,1,41,49.7,85,95,1,17.01,0.67,1.44,0,3.819,0.494,1.886586,6104,2213,0,-
18:47:14.735,snap,default,com.android.launcher,discharging,1,41,49.7,85,95,1,15.74,0.55,1.18,0,3.827,0.416,1.592032,6104,2213,0,-
18:47:15.737,snap,default,com.android.launcher,discharging,1,41,49.3,85,95,1,15.74,0.55,1.18,0,3.826,0.348,1.331448,4166,1428,0,-
18:47:16.737,snap,default,com.android.launcher,discharging,1,41,49.3,85,95,1,14.16,0.45,0.96,0,3.827,0.342,1.308834,4166,1428,0,-
18:47:17.738,snap,default,com.android.launcher,discharging,1,41,49.3,85,95,1,14.16,0.45,0.96,0,3.83,0.34,1.3022,3515,1146,0,-
18:47:18.738,snap,default,com.android.launcher,discharging,1,41,48.5,85,95,1,12.86,0.37,0.79,0,3.834,0.314,1.203876,3515,1146,0,-
18:47:19.739,snap,default,com.android.launcher,discharging,1,41,48.5,85,95,1,12.86,0.37,0.79,0,3.823,0.39,1.4909699,3775,1111,0,-
18:47:20.739,snap,default,com.android.launcher,discharging,1,41,48.5,85,95,1,11.8,0.3,0.64,0,3.834,0.318,1.2192119,3775,1111,0,-
18:47:21.741,snap,default,com.android.launcher,discharging,1,41,48.5,85,95,1,11.29,0.24,0.53,0,3.83,0.344,1.31752,4462,1448,0,-
18:47:22.741,snap,default,com.android.launcher,discharging,1,41,48.5,85,95,1,11.29,0.24,0.53,0,3.831,0.324,1.2412441,4462,1448,0,-
18:47:23.742,snap,default,com.android.launcher,discharging,1,41,48.1,85,95,1,10.51,0.2,0.43,0,3.83,0.336,1.28688,4462,1448,0,-
18:47:24.743,snap,default,com.android.launcher,discharging,1,40.9,47.7,85,95,1,10.51,0.2,0.43,0,3.835,0.276,1.05846,3574,1074,0,-
18:47:25.743,snap,default,com.android.launcher,discharging,1,40.9,48.1,85,95,1,9.87,0.16,0.35,0,3.825,0.382,1.46115,3574,1074,0,-
18:47:26.743,snap,default,com.android.launcher,discharging,1,40.9,48.1,85,95,1,9.87,0.16,0.35,0,3.83,0.304,1.16432,3822,1330,0,-
18:47:27.745,snap,default,com.android.launcher,discharging,1,40.9,48.1,85,95,1,9.53,0.13,0.29,0,3.826,0.372,1.423272,3822,1330,0,-
18:47:28.744,snap,default,com.android.launcher,discharging,1,40.9,47.7,85,95,1,9.53,0.13,0.29,0,3.826,0.372,1.423272,3855,1352,0,-
18:47:29.746,snap,default,com.android.launcher,discharging,1,40.9,47.7,85,95,1,9.53,0.13,0.29,0,3.831,0.314,1.202934,3855,1352,0,-
18:47:30.746,snap,default,com.android.launcher,discharging,1,40.9,47.7,85,95,1,9.07,0.11,0.23,0,3.831,0.29,1.11099,3451,1206,0,-
18:47:31.749,snap,default,com.android.launcher,discharging,1,40.9,47.7,85,95,1,9.07,0.11,0.23,0,3.831,0.312,1.1952721,3451,1206,0,-
18:47:32.750,snap,default,com.android.launcher,discharging,1,40.9,47.7,85,95,1,8.52,0.09,0.19,0,3.833,0.332,1.272556,3227,1026,0,-
18:47:33.751,snap,default,com.android.launcher,discharging,1,40.9,47.3,85,95,1,8.52,0.09,0.19,0,3.838,0.286,1.097668,3227,1026,0,-
18:47:34.753,snap,default,com.android.launcher,discharging,1,40.9,46.9,85,95,1,8.06,0.07,0.15,0,3.833,0.33,1.2648901,3503,1160,0,-
18:47:35.755,snap,default,com.android.launcher,discharging,1,40.7,46.9,85,95,1,8.06,0.07,0.15,0,3.836,0.286,1.0970961,3503,1160,0,-
18:47:36.758,snap,default,com.android.launcher,discharging,1,40.7,46.9,85,95,1,8.05,0.06,0.12,0,3.835,0.362,1.38827,4005,1570,0,-
18:47:37.759,snap,default,com.android.launcher,discharging,1,40.7,46.9,85,95,1,8.05,0.06,0.12,0,3.837,0.304,1.1664479,4005,1570,0,-
18:47:38.761,snap,default,com.android.launcher,discharging,1,40.7,46.9,85,95,1,7.86,0.04,0.1,0,3.825,0.39,1.49175,4904,1788,0,-
18:47:39.761,snap,default,com.android.launcher,discharging,1,40.7,46.9,85,95,1,7.86,0.04,0.1,0,3.833,0.278,1.0655739,4904,1788,0,-
18:47:40.764,snap,default,com.android.launcher,discharging,1,40.7,46.9,85,95,1,7.7,0.03,0.08,0,3.833,0.304,1.165232,3272,1191,0,-
18:47:41.766,snap,default,com.android.launcher,discharging,1,40.7,46.9,85,95,1,7.7,0.03,0.08,0,3.831,0.31,1.18761,3272,1191,0,-
18:47:42.767,snap,default,com.android.launcher,discharging,1,40.7,47.3,85,95,1,7.57,0.03,0.07,0,3.833,0.366,1.4028779,3920,1482,0,-
18:47:43.769,snap,default,com.android.launcher,discharging,1,40.7,48.1,85,95,1,7.57,0.03,0.07,0,3.82,0.5,1.91,3920,1482,0,-
18:47:44.770,snap,default,com.android.launcher,discharging,1,40.7,48.1,85,95,1,7.47,0.02,0.05,0,3.827,0.55,2.10485,4124,1383,0,-
18:47:45.771,snap,default,com.android.launcher,discharging,1,40.6,47.7,85,95,1,7.47,0.02,0.05,0,3.831,0.426,1.632006,4124,1383,0,-
18:47:46.771,snap,default,com.android.launcher,discharging,1,40.6,47.7,85,95,1,7.38,0.02,0.04,0,3.828,0.402,1.538856,6959,3203,0,-
18:47:47.771,snap,default,com.android.launcher,discharging,1,40.6,48.9,85,95,1,7.38,0.02,0.04,0,3.816,0.642,2.449872,6959,3203,0,-
18:47:48.773,snap,default,com.android.launcher,discharging,1,40.6,48.9,85,95,1,8.58,0.01,0.03,0,3.818,0.49,1.87082,8466,3773,0,-
18:47:49.774,snap,default,com.android.launcher,discharging,1,40.6,47.3,85,95,1,7.93,0.01,0.03,0,3.826,0.396,1.515096,8466,3773,0,-
18:47:50.776,snap,default,com.android.launcher,discharging,1,40.6,47.3,85,95,1,7.93,0.01,0.03,0,3.829,0.372,1.424388,8466,3773,0,-
18:47:51.777,snap,default,com.android.launcher,discharging,1,40.6,47.3,85,95,1,7.58,0.01,0.02,0,3.829,0.318,1.2176219,3849,1319,0,-
18:47:52.777,snap,default,com.android.launcher,discharging,1,40.6,46.9,85,95,1,7.58,0.01,0.02,0,3.831,0.34,1.3025401,3849,1319,0,-
18:47:53.781,snap,default,com.android.launcher,discharging,1,40.6,46.9,85,95,1,7.29,0,0.02,0,3.827,0.384,1.469568,3417,1079,0,-
18:47:54.781,snap,default,com.android.launcher,discharging,1,40.6,46.9,85,95,1,7.29,0,0.02,0,3.833,0.322,1.234226,3417,1079,0,-
18:47:55.781,snap,default,com.android.launcher,discharging,1,40.6,46.9,85,95,1,7.06,0,0.01,0,3.826,0.39,1.4921399,3717,1356,0,-
18:47:56.781,snap,default,com.android.launcher,discharging,1,40.5,46.9,85,95,1,7.06,0,0.01,0,3.826,0.39,1.4921399,3717,1356,0,-
18:47:57.782,snap,default,com.android.launcher,discharging,1,40.5,46.9,85,95,1,7.06,0,0.01,0,3.826,0.384,1.469184,4104,1797,0,-
18:47:58.782,snap,default,com.android.launcher,discharging,1,40.5,46.5,85,95,1,7.05,0,0.01,0,3.826,0.388,1.484488,4104,1797,0,-
18:47:59.782,snap,default,com.android.launcher,discharging,1,40.5,46.5,85,95,1,7.05,0,0.01,0,3.833,0.33,1.2648901,3394,1124,0,-
18:48:00.783,snap,default,com.android.launcher,discharging,1,40.5,46.5,85,95,1,6.85,0,0.01,0,3.827,0.384,1.469568,3394,1124,0,-
18:48:01.785,snap,default,com.android.launcher,discharging,1,40.5,46.5,85,95,1,6.85,0,0.01,0,3.83,0.34,1.3022,4278,1660,0,-
18:48:02.785,snap,default,com.android.launcher,discharging,1,40.5,46.9,85,95,1,7.24,0,0,0,3.821,0.42,1.60482,4278,1660,0,-
18:48:03.785,snap,default,com.android.launcher,discharging,1,40.5,46.9,85,95,1,7.24,0,0,0,3.826,0.362,1.3850119,5503,2139,0,-
18:48:04.786,snap,default,com.android.launcher,discharging,1,40.5,46.9,85,95,1,7.38,0,0,0,3.825,0.376,1.4382,5503,2139,0,-
18:48:05.787,snap,default,com.android.launcher,discharging,1,40.5,46.9,85,95,1,7.38,0,0,0,3.833,0.322,1.234226,6342,2727,0,-
18:48:06.787,snap,default,com.android.launcher,discharging,1,40.5,46.9,85,95,1,7.67,0,0,0,3.828,0.364,1.393392,6342,2727,0,-
18:48:07.788,snap,default,com.android.launcher,discharging,1,40.4,46.9,85,95,1,7.67,0,0,0,3.831,0.35,1.34085,4661,1720,0,-
18:48:08.789,snap,default,com.android.launcher,discharging,1,40.4,46.5,85,95,1,7.73,0,0,0,3.825,0.418,1.59885,4661,1720,0,-
18:48:09.790,snap,default,com.android.launcher,discharging,1,40.4,46.5,85,95,1,7.73,0,0,0,3.832,0.382,1.463824,5008,1987,0,-
18:48:10.791,snap,default,com.android.launcher,discharging,1,40.4,46.5,85,95,1,7.78,0,0,0,3.835,0.34,1.3039,5008,1987,0,-
18:48:11.793,snap,default,com.android.launcher,discharging,1,40.4,46.5,85,95,1,7.78,0,0,0,3.833,0.328,1.257224,4762,1759,0,-
18:48:12.794,snap,default,com.android.launcher,discharging,1,40.4,46.5,85,95,1,7.82,0,0,0,3.837,0.288,1.1050559,4762,1759,0,-
18:48:13.795,snap,default,com.android.launcher,discharging,1,40.4,46.1,85,95,1,7.82,0,0,0,3.828,0.404,1.5465121,4094,1421,0,-
18:48:14.795,snap,default,com.android.launcher,discharging,1,40.4,46.1,85,95,1,7.85,0,0,0,3.835,0.304,1.16584,4094,1421,0,-
18:48:15.796,snap,default,com.android.launcher,discharging,1,40.4,46.1,85,95,1,7.85,0,0,0,3.831,0.312,1.1952721,3952,1359,0,-
18:48:16.797,snap,default,com.android.launcher,discharging,1,40.4,46.1,85,95,1,7.51,0,0,0,3.837,0.308,1.181796,3952,1359,0,-
18:48:17.797,snap,default,com.android.launcher,discharging,1,40.4,46.1,85,95,1,7.42,0,0,0,3.836,0.254,0.974344,3952,1359,0,-
18:48:18.798,snap,default,com.android.launcher,discharging,1,40.4,45.7,85,95,1,7.42,0,0,0,3.832,0.35,1.3412,3436,1064,0,-
18:48:19.798,snap,default,com.android.launcher,discharging,1,40.4,46.5,85,95,1,7.34,0,0,0,3.838,0.23,0.88274,3436,1064,0,-
18:48:20.799,snap,default,com.android.launcher,discharging,1,40.4,46.5,85,95,1,7.34,0,0,0,3.833,0.39,1.49487,4020,1224,0,-
18:48:21.801,snap,default,com.android.launcher,discharging,1,40.4,46.5,85,95,1,8,0,0,0,3.829,0.314,1.202306,4020,1224,0,-
18:48:22.801,snap,default,com.android.launcher,discharging,1,40.4,45.7,85,95,1,8,0,0,0,3.825,0.296,1.1322,4218,1613,0,-
18:48:23.802,snap,default,com.android.launcher,discharging,1,40.4,45.7,85,95,1,8,0,0,0,3.825,0.296,1.1322,4218,1613,0,-
18:48:24.802,snap,default,com.android.launcher,discharging,1,40.4,45.7,85,95,1,8,0,0,0,3.831,0.3,1.1493001,3823,1409,0,-
18:48:25.804,snap,default,com.android.launcher,discharging,1,40.4,45.7,85,95,1,8,0,0,0,3.833,0.242,0.92758596,3823,1409,0,-
18:48:26.805,snap,default,com.android.launcher,discharging,1,40.4,45.3,85,95,1,7.82,0,0,0,3.828,0.32,1.22496,3591,1072,0,-
18:48:27.806,snap,default,com.android.launcher,discharging,1,40.4,45.3,85,95,1,7.82,0,0,0,3.836,0.238,0.91296804,3591,1072,0,-
18:48:28.808,snap,default,com.android.launcher,discharging,1,40.3,45.3,85,95,1,7.49,0,0,0,3.83,0.362,1.38646,3461,1087,0,-
18:48:29.808,snap,default,com.android.launcher,discharging,1,40.3,45.3,85,95,1,7.49,0,0,0,3.834,0.334,1.280556,3461,1087,0,-
18:48:30.809,snap,default,com.android.launcher,discharging,1,40.3,45.3,85,95,1,7.22,0,0,0,3.828,0.352,1.347456,3559,1280,0,-
18:48:31.812,snap,default,com.android.launcher,discharging,1,40.3,45.7,85,95,1,7.22,0,0,0,3.831,0.336,1.2872161,3559,1280,0,-
18:48:32.812,snap,default,com.android.launcher,discharging,1,40.3,45.7,85,95,1,7.36,0,0,0,3.83,0.294,1.12602,2964,876,0,-
18:48:33.813,snap,default,com.android.launcher,discharging,1,40.3,45.7,85,95,1,7.36,0,0,0,3.836,0.292,1.120112,2964,876,0,-
18:48:34.814,snap,default,com.android.launcher,discharging,1,40.3,45.3,85,95,1,7.29,0,0,0,3.836,0.288,1.1047679,3452,1149,0,-
18:48:35.815,snap,default,com.android.launcher,discharging,1,40.3,45.3,85,95,1,7.29,0,0,0,3.837,0.264,1.012968,3452,1149,0,-
18:48:36.817,snap,default,com.android.launcher,discharging,1,40.3,44.9,85,95,1,7.24,0,0,0,3.836,0.274,1.0510639,2997,981,0,-
18:48:37.817,snap,default,com.android.launcher,discharging,1,40.3,45.7,85,95,1,7.24,0,0,0,3.826,0.336,1.2855359,2997,981,0,-
18:48:38.817,snap,default,com.android.launcher,discharging,1,40.3,47.3,85,95,1,7.19,0,0,0,3.832,0.416,1.594112,9374,3795,0,-
18:48:39.818,snap,default,com.android.launcher,discharging,1,40.2,47.7,85,95,1,7.19,0,0,0,3.812,0.758,2.889496,9374,3795,0,-
18:48:40.819,snap,default,com.android.launcher,discharging,1,40.2,48.5,85,95,1,10.24,0,0.18,0,3.822,0.538,2.056236,13261,6154,0,-
18:48:41.820,snap,default,com.android.launcher,discharging,1,40.2,47.7,85,95,1,10.24,0,0.18,0,3.808,0.754,2.871232,13261,6154,0,-
18:48:42.820,snap,default,com.android.launcher,discharging,1,40.2,47.7,85,95,1,12.19,0,0.14,0,3.818,0.582,2.2220762,11647,5337,0,-
18:48:43.821,snap,default,com.android.launcher,discharging,1,40.2,47.7,85,95,1,12.19,0,0.14,0,3.811,0.636,2.423796,11647,5337,0,-
18:48:44.823,snap,default,com.android.launcher,discharging,1,40.2,47.3,85,95,1,12.15,0,0.12,3,3.823,0.504,1.926792,11647,5337,0,-
18:48:45.823,snap,default,com.android.launcher,discharging,1,40.2,46.9,85,95,1,11.76,0,0.09,3,3.816,0.522,1.9919521,10716,4795,0,-
18:48:46.824,snap,default,com.android.launcher,discharging,1,40.2,46.9,85,95,1,11.76,0,0.09,0,3.822,0.496,1.895712,10716,4795,0,-
18:48:47.823,snap,default,com.android.launcher,discharging,1,40.2,47.3,85,95,1,13.8,0,0.08,0,3.796,0.69,2.61924,8575,3583,0,-
18:48:48.824,snap,default,com.android.launcher,discharging,1,40.2,50.3,85,95,1,13.8,0,0.08,14,3.791,1.008,3.821328,8575,3583,0,-
18:48:49.824,snap,default,com.android.launcher,discharging,1,40.1,50.9,85,95,1,15.46,0,0.06,4,3.814,0.658,2.5096118,25887,10369,0,-
18:48:50.825,snap,default,com.android.launcher,discharging,1,40.1,49.7,85,95,1,15.46,0,0.06,4,3.821,0.582,2.223822,25887,10369,0,-
18:48:51.825,snap,default,com.android.launcher,discharging,1,40.1,48.5,85,95,1,15.38,0.18,0.05,0,3.832,0.276,1.057632,9171,3454,0,-
18:48:52.826,snap,default,com.android.launcher,discharging,1,40.1,47.7,85,95,1,15.38,0.18,0.05,0,3.832,0.276,1.057632,9171,3454,0,-
18:48:53.827,snap,default,com.android.launcher,discharging,1,40.1,46.9,85,95,1,15.38,0.18,0.05,0,3.837,0.21,0.80577,5986,2735,0,-
18:48:54.836,snap,default,com.android.launcher,discharging,1,40.1,46.9,85,95,1,14.22,0.69,0.04,0,3.833,0.272,1.0425761,5986,2735,0,-
18:48:55.830,snap,default,com.android.launcher,discharging,1,40.1,46.9,85,95,1,14.22,0.69,0.04,0,3.767,1.04,3.9176798,27962,13645,0,-
18:48:56.831,snap,default,com.android.launcher,discharging,1,40.1,46.9,85,95,1,23.06,0.92,0.76,12,3.686,2.758,10.165988,27962,13645,0,-
18:48:57.831,snap,default,com.android.launcher,discharging,1,40.1,46.9,85,95,1,23.06,0.92,0.76,43,3.752,1.726,6.475952,44886,24957,0,-
18:48:58.831,snap,default,com.android.launcher,discharging,1,40.1,46.9,85,95,1,24.31,0.94,0.62,31,3.775,1.148,4.3337,44886,24957,0,-
18:48:59.831,snap,default,com.android.launcher,discharging,1,40.1,49.9,85,95,1,24.31,0.94,0.62,19,3.758,1.41,5.29878,24660,13673,0,-
18:49:00.831,snap,default,com.android.launcher,discharging,1,40.1,52.9,85,95,1,22.26,0.77,0.5,19,3.826,0.422,1.6145719,24660,13673,0,-
18:49:01.833,snap,default,com.android.launcher,discharging,1,40.1,50.9,85,95,1,22.26,0.77,0.5,0,3.831,0.31,1.18761,6714,2570,0,-
18:49:02.833,snap,default,com.android.launcher,discharging,1,40.1,49.7,85,95,1,19.86,0.63,0.41,0,3.817,0.474,1.809258,6714,2570,0,-
18:49:03.834,snap,default,com.android.launcher,discharging,1,40.1,48.9,85,95,1,19.86,0.63,0.41,0,3.829,0.352,1.347808,5236,2107,0,-
18:49:04.850,snap,default,com.android.launcher,discharging,1,40.1,48.1,85,95,1,17.89,0.51,0.34,0,3.828,0.34,1.30152,5236,2107,0,-
18:49:05.851,snap,default,com.android.launcher,discharging,1,40.1,48.1,85,95,1,17.89,0.51,0.34,0,3.832,0.308,1.180256,4915,1883,0,-
18:49:06.851,snap,default,com.android.launcher,discharging,1,40.1,47.3,85,95,1,16.1,0.42,0.27,0,3.833,0.33,1.2648901,4915,1883,0,-
18:49:07.853,snap,default,com.android.launcher,discharging,1,40.1,47.3,85,95,1,16.1,0.42,0.27,0,3.828,0.276,1.056528,3064,1056,0,-
18:49:08.855,snap,default,com.android.launcher,discharging,1,40.1,47.3,85,95,1,14.63,0.34,0.22,0,3.826,0.342,1.3084921,3064,1056,0,-
18:49:09.855,snap,default,com.android.launcher,discharging,1,40.1,46.5,85,95,1,14.63,0.34,0.22,0,3.833,0.278,1.0655739,3072,922,0,-
18:49:10.857,snap,default,com.android.launcher,discharging,1,40.1,46.5,85,95,1,13.25,0.28,0.18,0,3.826,0.364,1.392664,3072,922,0,-
18:49:11.857,snap,default,com.android.launcher,discharging,1,40.1,46.1,85,95,1,13.25,0.28,0.18,0,3.833,0.272,1.0425761,3072,922,0,-
18:49:12.857,snap,default,com.android.launcher,discharging,1,40.1,46.1,85,95,1,12.11,0.23,0.15,0,3.836,0.288,1.1047679,3428,1064,0,-
18:49:13.857,snap,default,com.android.launcher,discharging,1,40.1,46.1,85,95,1,12.11,0.23,0.15,0,3.832,0.332,1.272224,3428,1064,0,-
18:49:14.857,snap,default,com.android.launcher,discharging,1,40.1,46.9,85,95,1,11.19,0.18,0.12,0,3.829,0.438,1.677102,4446,1664,0,-
18:49:15.857,snap,default,com.android.launcher,discharging,1,40.1,46.9,85,95,1,11.19,0.18,0.12,0,3.828,0.41,1.5694801,4446,1664,0,-
18:49:16.857,snap,default,com.android.launcher,discharging,1,40.1,46.9,85,95,1,10.79,0.15,0.1,0,3.829,0.308,1.179332,6057,2837,0,-
18:49:17.858,snap,default,com.android.launcher,discharging,1,40.1,46.9,85,95,1,10.83,0.12,0.08,0,3.816,0.424,1.6179839,6057,2837,0,-
18:49:18.860,snap,default,com.android.launcher,discharging,1,40.1,46.9,85,95,1,10.83,0.12,0.08,0,3.831,0.282,1.080342,7456,3094,0,-
18:49:19.860,snap,default,com.android.launcher,discharging,1,40.1,46.1,85,95,1,10.13,0.1,0.06,0,3.831,0.276,1.057356,7456,3094,0,-
18:49:20.861,snap,default,com.android.launcher,discharging,1,40.1,45.7,85,95,1,10.13,0.1,0.06,0,3.831,0.276,1.057356,3144,946,0,-
18:49:21.862,snap,default,com.android.launcher,discharging,1,40.1,45.7,85,95,1,10.13,0.1,0.06,0,3.834,0.272,1.0428481,3144,946,0,-
18:49:22.862,snap,default,com.android.launcher,discharging,1,40.1,45.3,85,95,1,10.11,0.08,0.05,0,3.822,0.324,1.238328,3892,1349,0,-
18:49:23.863,snap,default,com.android.launcher,discharging,1,40.1,45.7,85,95,1,10.11,0.08,0.05,0,3.831,0.284,1.0880041,3892,1349,0,-
18:49:24.863,snap,default,com.android.launcher,discharging,1,40,45.7,85,95,1,9.54,0.06,0.04,0,3.826,0.318,1.2166679,3735,1273,0,-
18:49:25.864,snap,default,com.android.launcher,discharging,1,40,46.1,85,95,1,9.54,0.06,0.04,0,3.83,0.316,1.2102801,3735,1273,0,-
18:49:26.865,snap,default,com.android.launcher,discharging,1,40,46.1,85,95,1,9.44,0.23,0.03,0,3.82,0.56,2.1392,7075,2503,0,-
18:49:27.866,snap,default,com.android.launcher,discharging,1,40,45.7,85,95,1,9.44,0.23,0.03,0,3.829,0.298,1.141042,7075,2503,0,-
18:49:28.865,snap,default,com.android.launcher,discharging,1,40,45.7,85,95,1,8.82,0.19,0.03,0,3.834,0.294,1.1271961,3673,1201,0,-
18:49:29.866,snap,default,com.android.launcher,discharging,1,40,46.5,85,95,1,8.82,0.19,0.03,2,3.813,0.488,1.860744,3673,1201,0,-
18:49:30.866,snap,default,com.android.launcher,discharging,1,40,46.9,85,95,1,9.58,0.15,0.02,2,3.8,0.732,2.7816,16075,8505,0,-
18:49:31.866,snap,default,com.android.launcher,discharging,1,40,46.9,85,95,1,9.58,0.15,0.02,0,3.823,0.366,1.399218,16075,8505,0,-
18:49:32.867,snap,default,com.android.launcher,discharging,1,40,46.5,85,95,1,9.47,0.12,0.01,0,3.825,0.36,1.3770001,6331,2290,0,-
18:49:33.868,snap,default,com.android.launcher,discharging,1,40,46.1,85,95,1,9.47,0.12,0.01,0,3.828,0.28,1.07184,6331,2290,0,-
18:49:34.868,snap,default,com.android.launcher,discharging,1,40,46.1,85,95,1,9.02,0.1,0.01,0,3.828,0.338,1.293864,3607,1416,0,-
18:49:35.870,snap,default,com.android.launcher,discharging,1,40,46.1,85,95,1,9.02,0.1,0.01,25,3.82,0.458,1.74956,3607,1416,0,-
18:49:36.871,snap,default,com.android.launcher,discharging,1,40,46.1,85,95,1,9.2,0.08,0.01,25,3.836,0.3,1.1508,3607,1416,0,-
18:49:37.872,snap,default,com.android.launcher,discharging,1,40,45.3,85,95,1,9.2,0.08,0.01,0,3.831,0.302,1.1569619,6016,2956,0,-
18:49:38.873,snap,default,com.android.launcher,discharging,1,40,45.3,85,95,1,8.8,0.07,0.01,0,3.835,0.298,1.14283,6016,2956,0,-
18:49:39.873,snap,default,com.android.launcher,discharging,1,40,45.3,85,95,1,8.8,0.07,0.01,0,3.835,0.252,0.96642005,3477,1265,0,-
18:49:40.874,snap,default,com.android.launcher,discharging,1,40,44.9,85,95,1,8.65,0.05,0,0,3.835,0.326,1.25021,3477,1265,0,-
18:49:41.874,snap,default,com.android.launcher,discharging,1,40,45.7,85,95,1,8.65,0.05,0,0,3.832,0.364,1.394848,4061,1534,0,-
18:49:42.875,snap,default,com.android.launcher,discharging,1,40,44.9,85,95,1,8.17,0.04,0,0,3.835,0.356,1.36526,4061,1534,0,-
18:49:43.877,snap,default,com.android.launcher,discharging,1,40,45.7,85,95,1,7.96,0.03,0,0,3.833,0.29,1.11157,4697,1719,0,-
18:49:44.877,snap,default,com.android.launcher,discharging,1,39.9,44.9,85,95,1,7.96,0.03,0,0,3.835,0.268,1.02778,4697,1719,0,-
18:49:45.878,snap,default,com.android.launcher,discharging,1,39.9,45.7,85,95,1,7.78,0.03,0,0,3.834,0.292,1.119528,3300,1032,0,-
18:49:46.878,snap,default,com.android.launcher,discharging,1,39.9,45.7,85,95,1,7.78,0.03,0,0,3.833,0.34,1.30322,3300,1032,0,-
18:49:47.878,snap,default,com.android.launcher,discharging,1,39.9,46.1,85,95,1,8.18,0.02,0,0,3.82,0.404,1.54328,6633,2973,0,-
18:49:48.878,snap,default,com.android.launcher,discharging,1,39.9,46.1,85,95,1,8.18,0.02,0,0,3.82,0.404,1.54328,6633,2973,0,-
18:49:49.878,snap,default,com.android.launcher,discharging,1,39.9,46.9,85,95,1,8.18,0.02,0,0,3.834,0.346,1.326564,11412,5201,0,-
18:49:50.879,snap,default,com.android.launcher,discharging,1,39.9,46.5,85,95,1,9.24,0.02,0,0,3.814,0.59,2.2502599,11412,5201,0,-
18:49:51.880,snap,default,com.android.launcher,discharging,1,39.9,46.9,85,95,1,9.24,0.02,0,0,3.821,0.428,1.635388,12000,5913,0,-
18:49:52.880,snap,default,com.android.launcher,discharging,1,39.9,47.3,85,95,1,9.74,0.01,0,0,3.815,0.558,2.12877,12000,5913,0,-
18:49:53.880,snap,default,com.android.launcher,discharging,1,39.9,48.1,85,95,1,9.74,0.01,0,16,3.786,0.852,3.225672,15335,8268,0,-
18:49:54.881,snap,default,com.android.launcher,discharging,1,39.8,48.9,85,95,1,11.05,0.01,0,16,3.809,0.726,2.7653341,15335,8268,0,-
18:49:55.882,snap,default,com.android.launcher,discharging,1,39.8,48.1,85,95,1,11.05,0.01,0,16,3.817,0.478,1.824526,5845,2195,0,-
18:49:56.883,snap,default,com.android.launcher,discharging,1,39.8,46.5,85,95,1,9.95,0.01,0,0,3.822,0.406,1.551732,5845,2195,0,-
18:49:57.884,snap,default,com.android.launcher,discharging,1,39.8,46.1,85,95,1,9.95,0.01,0,0,3.832,0.22,0.84304,4007,1568,0,-
18:49:58.886,snap,default,com.android.launcher,discharging,1,39.8,45.7,85,95,1,9.6,0,0,0,3.828,0.374,1.4316721,4007,1568,0,-
18:49:59.886,snap,default,com.android.launcher,discharging,1,39.8,45.3,85,95,1,9.6,0,0,0,3.831,0.27,1.0343701,3728,1343,0,-
18:50:00.887,snap,default,com.android.launcher,discharging,1,39.8,45.3,85,95,1,9.31,0,0,0,3.825,0.364,1.3923,3728,1343,0,-
18:50:01.888,snap,default,com.android.launcher,discharging,1,39.8,45.3,85,95,1,9.31,0,0,0,3.826,0.302,1.1554519,4039,1369,0,-
18:50:02.889,snap,default,com.android.launcher,discharging,1,39.8,45.3,85,95,1,8.89,0,0,0,3.835,0.296,1.13516,4039,1369,0,-
18:50:03.889,snap,default,com.android.launcher,discharging,1,39.8,44.9,85,95,1,8.89,0,0,0,3.834,0.27,1.0351801,4039,1369,0,-
18:50:04.889,snap,default,com.android.launcher,discharging,1,39.8,45.3,85,95,1,8.55,0,0,0,3.833,0.326,1.249558,3307,917,0,-
18:50:05.890,snap,default,com.android.launcher,discharging,1,39.8,45.3,85,95,1,8.55,0,0,0,3.829,0.324,1.240596,3307,917,0,-
18:50:06.891,snap,default,com.android.launcher,discharging,1,39.8,45.3,85,95,1,8.45,0,0,0,3.833,0.35,1.34155,3914,1222,0,-
18:50:07.891,snap,default,com.android.launcher,discharging,1,39.8,45.7,85,95,1,8.45,0,0,0,3.831,0.29,1.11099,3914,1222,0,-
18:50:08.892,snap,default,com.android.launcher,discharging,1,39.8,45.3,85,95,1,8.18,0,0,0,3.831,0.34,1.3025401,3219,1117,0,-
18:50:09.892,snap,default,com.android.launcher,discharging,1,39.8,45.3,85,95,1,8.18,0,0,0,3.833,0.29,1.11157,3219,1117,0,-
18:50:10.893,snap,default,com.android.launcher,discharging,1,39.8,45.3,85,95,1,7.97,0,0,0,3.832,0.284,1.0882881,3357,1187,0,-
18:50:11.893,snap,default,com.android.launcher,discharging,1,39.8,44.9,85,95,1,7.97,0,0,0,3.83,0.28,1.0724,3357,1187,0,-
18:50:12.893,snap,default,com.android.launcher,discharging,1,39.8,45.3,85,95,1,7.61,0,0,0,3.837,0.238,0.913206,3001,982,0,-
18:50:13.893,snap,default,com.android.launcher,discharging,1,39.8,45.3,85,95,1,7.32,0,0,0,3.833,0.314,1.203562,3001,982,0,-
18:50:14.894,snap,default,com.android.launcher,discharging,1,39.7,45.3,85,95,1,7.32,0,0,0,3.833,0.314,1.203562,3136,1007,0,-
18:50:15.894,snap,default,com.android.launcher,discharging,1,39.7,45.3,85,95,1,7.32,0,0,0,3.837,0.246,0.943902,3136,1007,0,-
18:50:16.895,snap,default,com.android.launcher,discharging,1,39.7,45.3,85,95,1,7.26,0,0,0,3.829,0.286,1.0950941,3027,924,0,-
18:50:17.895,snap,default,com.android.launcher,discharging,1,39.7,44.9,85,95,1,7.26,0,0,0,3.836,0.244,0.935984,3027,924,0,-
18:50:18.896,snap,default,com.android.launcher,discharging,1,39.7,44.9,85,95,1,7.39,0,0,0,3.826,0.36,1.37736,3170,1141,0,-
18:50:19.896,snap,default,com.android.launcher,discharging,1,39.7,44.9,85,95,1,7.39,0,0,0,3.834,0.25,0.9585,3170,1141,0,-
18:50:20.897,snap,default,com.android.launcher,discharging,1,39.7,44.9,85,95,1,7.14,0,0,0,3.827,0.36,1.37772,3328,1133,0,-
18:50:21.897,snap,default,com.android.launcher,discharging,1,39.7,45.3,85,95,1,7.14,0,0,0,3.834,0.284,1.0888561,3328,1133,0,-
18:50:22.897,snap,default,com.android.launcher,discharging,1,39.7,45.3,85,95,1,7.11,0,0,0,3.827,0.344,1.316488,3764,1281,0,-
18:50:23.898,snap,default,com.android.launcher,discharging,1,39.7,45.7,85,95,1,7.11,0,0,0,3.825,0.286,1.09395,3764,1281,0,-
18:50:24.899,snap,default,com.android.launcher,discharging,1,39.7,45.7,85,95,1,7.45,0,0,0,3.824,0.356,1.361344,4412,1632,0,-
18:50:25.900,snap,default,com.android.launcher,discharging,1,39.6,45.3,85,95,1,7.45,0,0,0,3.828,0.27,1.03356,4412,1632,0,-
18:50:26.901,snap,default,com.android.launcher,discharging,1,39.6,44.6,85,95,1,7.19,0,0,0,3.827,0.304,1.1634079,3080,999,0,-
18:50:27.902,snap,default,com.android.launcher,discharging,1,39.6,44.6,85,95,1,7.19,0,0,4,3.83,0.248,0.94983995,3080,999,0,-
18:50:28.903,snap,default,com.android.launcher,discharging,1,39.6,44.6,85,95,1,6.97,0,0,0,3.835,0.286,1.0968101,3049,1019,0,-
18:50:29.903,snap,default,com.android.launcher,discharging,1,39.6,44.2,85,95,1,6.97,0,0,0,3.834,0.23,0.88182,3049,1019,0,-
18:50:30.905,snap,default,com.android.launcher,discharging,1,39.6,44.2,85,95,1,6.98,0,0,0,3.833,0.308,1.1805639,3049,1019,0,-
18:50:31.907,snap,default,com.android.launcher,discharging,1,39.6,44.2,85,95,1,6.98,0,0,0,3.829,0.34,1.30186,3972,1506,0,-
18:50:32.907,snap,default,com.android.launcher,discharging,1,39.6,44.2,85,95,1,6.8,0,0,0,3.83,0.322,1.2332599,3972,1506,0,-
18:50:33.909,snap,default,com.android.launcher,discharging,1,39.6,44.2,85,95,1,6.8,0,0,0,3.834,0.27,1.0351801,3417,1187,0,-
18:50:34.910,snap,default,com.android.launcher,discharging,1,39.6,44.2,85,95,1,6.83,0,0,0,3.833,0.276,1.0579079,3417,1187,0,-
18:50:35.910,snap,default,com.android.launcher,discharging,1,39.6,44.2,85,95,1,6.83,0,0,0,3.834,0.276,1.058184,3708,1431,0,-
18:50:36.910,snap,default,com.android.launcher,discharging,1,39.6,44.6,85,95,1,7.04,0,0,0,3.834,0.29,1.11186,3708,1431,0,-
18:50:37.911,snap,default,com.android.launcher,discharging,1,39.6,44.6,85,95,1,7.04,0,0,0,3.834,0.282,1.0811881,3584,1188,0,-
18:50:38.912,snap,default,com.android.launcher,discharging,1,39.6,44.2,85,95,1,6.67,0,0,0,3.836,0.27,1.03572,3584,1188,0,-
18:50:39.913,snap,default,com.android.launcher,discharging,1,39.6,44.2,85,95,1,6.73,0,0,0,3.831,0.264,1.011384,2897,924,0,-
18:50:40.914,snap,default,com.android.launcher,discharging,1,39.6,44.2,85,95,1,6.73,0,0,0,3.831,0.284,1.0880041,2897,924,0,-
18:50:41.914,snap,default,com.android.launcher,discharging,1,39.6,44.6,85,95,1,6.96,0,0,0,3.831,0.284,1.0880041,3271,1028,0,-
18:50:42.915,snap,default,com.android.launcher,discharging,1,39.6,43.4,85,95,1,6.96,0,0,0,3.828,0.298,1.1407441,3271,1028,0,-
18:50:43.914,snap,default,com.android.launcher,discharging,1,39.6,44.6,85,95,1,6.96,0,0,0,3.835,0.272,1.04312,3307,1028,0,-
18:50:44.919,snap,default,com.android.launcher,discharging,1,39.6,45.3,85,95,1,6.79,0,0,0,3.829,0.422,1.6158379,3307,1028,0,-
18:50:45.918,snap,default,com.android.launcher,discharging,1,39.6,45.3,85,95,1,6.79,0,0,0,3.827,0.43,1.64561,10793,4439,0,-
18:50:46.919,snap,default,com.android.launcher,discharging,1,39.5,45.3,85,95,1,7.73,0,0,0,3.816,0.498,1.900368,10793,4439,0,-
18:50:47.919,snap,default,com.android.launcher,discharging,1,39.5,46.1,85,95,1,7.73,0,0,0,3.833,0.4,1.5332,12796,6760,0,-
18:50:48.920,snap,default,com.android.launcher,discharging,1,39.5,49.1,85,95,1,9.41,0,0,27,3.782,0.926,3.502132,12796,6760,0,-
18:50:49.920,snap,default,com.android.launcher,discharging,1,39.5,50.5,85,95,1,9.41,0,0,27,3.788,0.722,2.734936,25330,13549,0,-
18:50:50.920,snap,default,com.android.launcher,discharging,1,39.5,53.5,85,95,1,12.78,0.18,0.18,26,3.735,1.636,6.11046,25330,13549,0,-
18:50:51.920,snap,default,com.android.launcher,discharging,1,39.5,54.8,85,95,1,12.78,0.18,0.18,16,3.789,1.3,4.9256997,31756,12874,0,-
18:50:52.920,snap,default,com.tencent.mobileqq,discharging,1,39.5,54.8,85,95,1,16.8,0.69,0.32,3,3.777,1.094,4.1320376,31756,12874,0,-
18:50:53.936,snap,default,com.tencent.mobileqq,discharging,1,39.5,54.8,85,95,1,16.8,0.69,0.32,5,3.776,0.93,3.5116801,24373,10304,0,-
18:50:54.936,snap,default,com.tencent.mobileqq,discharging,1,39.5,54.8,85,95,1,17.74,0.92,0.45,7,3.704,2.14,7.9265604,24373,10304,0,-
18:50:55.936,snap,default,com.tencent.mobileqq,discharging,1,39.5,55.6,85,95,1,17.74,0.92,0.45,0,3.693,2.462,9.092166,31413,11473,0,-
18:50:56.936,snap,default,com.android.launcher,discharging,1,39.5,55.6,85,95,1,26.85,1.12,0.36,0,3.793,0.786,2.981298,31413,11473,0,-
18:50:57.936,snap,default,com.android.launcher,discharging,1,39.5,54,85,95,1,26.85,1.12,0.36,0,3.808,0.66,2.5132802,31413,11473,0,-
18:50:58.937,snap,default,com.android.launcher,discharging,1,39.5,52.4,85,95,1,32.85,1.28,0.3,0,3.803,0.656,2.4947681,10001,2614,0,-
18:50:59.937,snap,default,com.android.launcher,discharging,1,39.5,51.7,85,95,1,32.85,1.28,0.3,0,3.798,0.64,2.43072,10001,2614,0,-
18:51:00.938,snap,default,com.android.launcher,discharging,1,39.5,51.3,85,95,1,37.04,1.59,0.24,5,3.805,0.674,2.5645702,10753,2790,0,-
18:51:01.937,snap,default,com.android.launcher,discharging,1,39.5,50.9,85,95,1,37.04,1.59,0.24,0,3.805,0.534,2.03187,10753,2790,0,-
18:51:02.937,snap,default,com.android.launcher,discharging,1,39.5,50.1,85,95,1,38.48,1.48,0.2,0,3.803,0.574,2.182922,10765,2815,0,-
18:51:03.938,snap,default,com.android.launcher,discharging,1,39.5,49.3,85,95,1,38.48,1.48,0.2,0,3.816,0.482,1.839312,10765,2815,0,-
18:51:04.938,snap,default,com.android.launcher,discharging,1,39.5,48.9,85,95,1,35.68,1.39,0.16,0,3.811,0.43,1.63873,6728,1867,0,-
18:51:05.938,snap,default,com.android.launcher,discharging,1,39.5,48.5,85,95,1,35.68,1.39,0.16,0,3.817,0.472,1.801624,6728,1867,0,-
18:51:06.938,snap,default,com.android.launcher,discharging,1,39.5,48.5,85,95,1,30.12,1.14,0.13,0,3.825,0.402,1.5376501,7410,2392,0,-
18:51:07.939,snap,default,com.android.launcher,discharging,1,39.4,48.1,85,95,1,30.12,1.14,0.13,0,3.819,0.448,1.7109121,7410,2392,0,-
18:51:08.939,snap,default,com.android.launcher,discharging,1,39.4,47.7,85,95,1,25.21,0.93,0.11,0,3.822,0.432,1.6511041,5451,1577,0,-
18:51:09.940,snap,default,com.android.launcher,discharging,1,39.4,46.9,85,95,1,25.21,0.93,0.11,0,3.828,0.286,1.0948081,5451,1577,0,-
18:51:10.940,snap,default,com.android.launcher,discharging,1,39.4,46.9,85,95,1,21.72,0.76,0.09,0,3.821,0.36,1.37556,5318,2112,0,-
18:51:11.940,snap,default,com.android.launcher,discharging,1,39.4,46.5,85,95,1,19.6,0.62,0.07,0,3.824,0.362,1.384288,5318,2112,0,-
18:51:12.941,snap,default,com.android.launcher,discharging,1,39.4,46.5,85,95,1,19.6,0.62,0.07,0,3.824,0.362,1.384288,6111,2071,0,-
18:51:13.942,snap,default,com.android.launcher,discharging,1,39.4,46.1,85,95,1,19.6,0.62,0.07,0,3.825,0.332,1.2699,6111,2071,0,-
18:51:14.942,snap,default,com.android.launcher,discharging,1,39.4,45.7,85,95,1,17.32,0.51,0.06,0,3.821,0.382,1.459622,5008,1802,0,-
18:51:15.942,snap,default,com.android.launcher,discharging,1,39.4,45.7,85,95,1,17.32,0.51,0.06,0,3.83,0.274,1.0494199,5008,1802,0,-
18:51:16.942,snap,default,com.android.launcher,discharging,1,39.4,45.7,85,95,1,15.81,0.42,0.04,0,3.825,0.332,1.2699,6474,2160,0,-
18:51:17.943,snap,default,com.android.launcher,discharging,1,39.4,45.7,85,95,1,15.81,0.42,0.04,0,3.826,0.35,1.3391,6474,2160,0,-
18:51:18.944,snap,default,com.android.launcher,discharging,1,39.3,45.7,85,95,1,14.57,0.34,0.03,0,3.824,0.334,1.277216,4652,1692,0,-
18:51:19.944,snap,default,com.android.launcher,discharging,1,39.3,46.1,85,95,1,14.57,0.34,0.03,0,3.824,0.318,1.2160319,4652,1692,0,-
18:51:20.945,snap,default,com.android.launcher,discharging,1,39.3,45.7,85,95,1,13.56,0.28,0.03,0,3.822,0.366,1.398852,8757,3994,0,-
18:51:21.945,snap,default,com.android.launcher,discharging,1,39.3,46.1,85,95,1,13.56,0.28,0.03,0,3.828,0.382,1.462296,8757,3994,0,-
18:51:22.945,snap,default,com.android.launcher,discharging,1,39.3,47.3,85,95,1,17.45,0.41,0.38,0,3.815,0.702,2.6781301,8757,3994,0,-
18:51:23.946,snap,default,com.android.launcher,discharging,1,39.3,47.3,85,95,1,17.45,0.41,0.38,0,3.806,0.624,2.374944,19060,4567,0,-
18:51:24.946,snap,default,com.android.launcher,discharging,1,39.3,47.3,85,95,1,27.15,0.7,0.86,0,3.817,0.58,2.2138598,19060,4567,0,-
18:51:25.947,snap,default,com.android.launcher,discharging,1,39.3,47.3,85,95,1,27.15,0.7,0.86,0,3.809,0.568,2.163512,10520,2740,0,-
18:51:26.947,snap,default,com.android.launcher,discharging,1,39.3,47.3,85,95,1,35.81,0.75,1.25,0,3.811,0.526,2.0045862,10520,2740,0,-
18:51:27.948,snap,default,com.android.launcher,discharging,1,39.3,47.3,85,95,1,35.81,0.75,1.25,0,3.819,0.422,1.6116179,10476,2733,0,-
18:51:28.948,snap,default,com.android.launcher,discharging,1,39.3,47.3,85,95,1,40.2,0.61,1.02,0,3.816,0.5,1.908,10476,2733,0,-
18:51:29.949,snap,default,com.android.launcher,discharging,1,39.2,46.5,85,95,1,40.2,0.61,1.02,0,3.824,0.364,1.391936,7326,1343,0,-
18:51:30.950,snap,default,com.android.launcher,discharging,1,39.2,46.5,85,95,1,42.51,0.68,0.83,0,3.818,0.462,1.7639161,7326,1343,0,-
18:51:31.950,snap,default,com.android.launcher,discharging,1,39.2,48.1,85,95,1,42.51,0.68,0.83,0,3.814,0.55,2.0976999,9873,2266,0,-
18:51:32.951,snap,default,com.android.launcher,discharging,1,39.2,48.1,85,95,1,46.59,1.28,0.68,0,3.817,0.488,1.8626959,9873,2266,0,-
18:51:33.951,snap,default,com.android.launcher,discharging,1,39.2,48.1,85,95,1,46.59,1.28,0.68,0,3.812,0.596,2.2719522,11347,2531,0,-
18:51:34.952,snap,default,com.android.launcher,discharging,1,39.2,48.1,85,95,1,48.83,1.41,0.56,0,3.806,0.676,2.572856,11347,2531,0,-
18:51:35.952,snap,default,com.android.launcher,discharging,1,39.2,49.3,85,95,1,48.83,1.41,0.56,0,3.81,0.556,2.11836,22935,5009,0,-
18:51:36.953,snap,default,com.android.launcher,discharging,1,39.2,49.3,85,95,1,45.42,1.16,0.45,0,3.825,0.346,1.32345,22935,5009,0,-
18:51:37.953,snap,default,com.android.launcher,discharging,1,39.2,46.9,85,95,1,45.42,1.16,0.45,0,3.827,0.278,1.063906,8856,1924,0,-
18:51:38.953,snap,default,com.android.launcher,discharging,1,39.2,46.9,85,95,1,38.82,0.94,0.37,0,3.831,0.298,1.141638,8856,1924,0,-
18:51:39.954,snap,default,com.android.launcher,discharging,1,39,47.3,85,95,1,38.82,0.94,0.37,0,3.817,0.544,2.076448,4819,1699,0,-
18:51:40.955,snap,default,com.android.launcher,discharging,1,39,47.3,85,95,1,32.69,0.77,0.3,0,3.817,0.544,2.076448,4819,1699,0,-
18:51:41.956,snap,default,com.android.launcher,discharging,1,39,45.3,85,95,1,32.69,0.77,0.3,0,3.834,0.24,0.92016,3371,1092,0,-
18:51:42.957,snap,default,com.android.launcher,discharging,1,39,45.3,85,95,1,28.04,0.63,0.25,0,3.826,0.31,1.18606,3371,1092,0,-
18:51:43.959,snap,default,com.android.launcher,discharging,1,39,45.7,85,95,1,28.04,0.63,0.25,0,3.83,0.268,1.02644,4653,1780,0,-
18:51:44.959,snap,default,com.android.launcher,discharging,1,39,45.7,85,95,1,24.41,0.52,0.2,0,3.826,0.35,1.3391,4653,1780,0,-
18:51:45.960,snap,default,com.android.launcher,discharging,1,39,46.1,85,95,1,24.41,0.52,0.2,0,3.824,0.284,1.086016,10863,4413,0,-
18:51:46.961,snap,default,com.android.launcher,discharging,1,39,46.1,85,95,1,22.34,0.42,0.16,0,3.811,0.604,2.301844,10863,4413,0,-
18:51:47.961,snap,default,com.android.launcher,discharging,1,39,46.1,85,95,1,22.34,0.42,0.16,0,3.816,0.464,1.7706239,10039,4263,0,-
18:51:48.963,snap,default,com.android.launcher,discharging,1,39,45.3,85,95,1,20.28,0.34,0.13,0,3.822,0.432,1.6511041,10039,4263,0,-
18:51:49.963,snap,default,com.android.launcher,discharging,1,39,45.3,85,95,1,20.28,0.34,0.13,0,3.827,0.318,1.216986,10039,4263,0,-
18:51:50.964,snap,default,com.android.launcher,discharging,1,38.9,45.3,85,95,1,17.88,0.28,0.11,0,3.829,0.324,1.240596,5972,2268,0,-
18:51:51.965,snap,default,com.android.launcher,discharging,1,38.9,44.6,85,95,1,17.88,0.28,0.11,0,3.834,0.232,0.889488,5972,2268,0,-
18:51:52.967,snap,default,com.android.launcher,discharging,1,38.9,44.6,85,95,1,15.54,0.23,0.09,0,3.83,0.286,1.0953801,3070,1112,0,-
18:51:53.970,snap,default,com.android.launcher,discharging,1,38.9,44.6,85,95,1,15.54,0.23,0.09,0,3.834,0.278,1.065852,3070,1112,0,-
18:51:54.974,snap,default,com.android.launcher,discharging,1,38.9,46.5,85,95,1,14.18,0.19,0.07,0,3.774,0.872,3.290928,9104,3754,0,-
18:51:55.977,snap,default,com.android.launcher,discharging,1,38.9,48.5,85,95,1,14.18,0.19,0.07,8,3.794,1.144,4.3403363,9104,3754,0,-
18:51:56.977,snap,default,com.android.launcher,discharging,1,38.9,48.5,85,95,1,19.58,0.33,0.42,15,3.817,0.394,1.5038979,19808,8764,0,-
18:51:57.977,snap,default,com.android.launcher,discharging,1,38.9,47.7,85,95,1,19.58,0.33,0.42,25,3.822,0.49,1.8727801,19808,8764,0,-
18:51:58.978,snap,default,com.android.launcher,discharging,1,38.9,46.5,85,95,1,18.93,0.27,0.34,0,3.829,0.27,1.03383,6842,3026,0,-
18:51:59.978,snap,default,com.android.launcher,discharging,1,38.9,45.7,85,95,1,18.93,0.27,0.34,0,3.834,0.232,0.889488,6842,3026,0,-
18:52:00.979,snap,default,com.android.launcher,discharging,1,38.9,45.3,85,95,1,16.77,0.4,0.28,0,3.826,0.324,1.239624,3874,1600,0,-
18:52:01.979,snap,default,com.android.launcher,discharging,1,38.9,45.3,85,95,1,16.77,0.4,0.28,0,3.828,0.39,1.4929199,3874,1600,0,-
18:52:02.980,snap,default,com.android.launcher,discharging,1,38.9,45.7,85,95,1,16.08,0.51,0.23,0,3.803,0.556,2.1144679,10994,4155,0,-
18:52:03.981,snap,default,com.android.launcher,discharging,1,38.9,45.7,85,95,1,16.08,0.51,0.23,0,3.836,0.162,0.621432,10994,4155,0,-
18:52:04.982,snap,default,com.android.launcher,discharging,1,38.9,45.3,85,95,1,15.34,0.42,0.18,0,3.832,0.216,0.827712,4735,1778,0,-
18:52:05.983,snap,default,com.android.launcher,discharging,1,38.9,44.9,85,95,1,15.34,0.42,0.18,0,3.837,0.144,0.55252796,4735,1778,0,-
18:52:06.983,snap,default,com.android.launcher,discharging,1,38.9,44.6,85,95,1,14.19,0.34,0.15,0,3.838,0.204,0.782952,3792,1186,0,-
18:52:07.984,snap,default,com.android.launcher,discharging,1,38.9,44.2,85,95,1,14.19,0.34,0.15,0,3.84,0.14,0.5376,3792,1186,0,-
18:52:08.985,snap,default,com.android.launcher,discharging,1,38.9,44.6,85,95,1,13.43,0.64,0.12,0,3.835,0.154,0.59059,2462,705,0,-
18:52:09.987,snap,default,com.android.launcher,discharging,1,38.9,44.6,85,95,1,15.35,0.52,0.46,0,3.835,0.154,0.59059,2462,705,0,-
18:52:10.987,snap,default,com.android.launcher,discharging,1,38.9,44.6,85,95,1,15.35,0.52,0.46,0,3.835,0.254,0.97409004,5148,1715,0,-
18:52:11.996,snap,default,com.android.launcher,discharging,1,38.7,44.6,85,95,1,15.35,0.52,0.46,0,3.838,0.168,0.644784,5148,1715,0,-
18:52:12.997,snap,default,com.android.launcher,discharging,1,38.7,44.6,85,95,1,14.38,0.43,0.38,0,3.834,0.196,0.751464,5058,1839,0,-
18:52:13.997,snap,default,com.android.launcher,discharging,1,38.7,43.8,85,95,1,14.38,0.43,0.38,0,3.835,0.224,0.85904,5058,1839,0,-
18:52:14.997,snap,default,com.android.launcher,discharging,1,38.7,44.2,85,95,1,13.22,0.89,0.31,0,3.835,0.196,0.75166,3745,1348,0,-
18:52:15.997,snap,default,com.android.launcher,discharging,1,38.7,43.8,85,95,1,13.22,0.89,0.31,0,3.834,0.202,0.77446806,3745,1348,0,-
18:52:24.574,snap,default,com.android.launcher,discharging,1,38.7,43.8,85,95,1,12.09,1.27,0.25,0,3.845,0.04,0.1538,3745,1348,0,-
18:52:25.575,snap,default,com.android.launcher,discharging,1,38.7,43.8,85,95,1,12.09,1.27,0.25,0,3.838,0.176,0.675488,9553,3269,0,-
18:52:26.575,snap,default,com.android.launcher,discharging,1,38.7,43.8,85,95,1,12.62,1.4,0.2,0,3.831,0.23,0.88113004,9553,3269,0,-
18:52:27.576,snap,default,com.android.launcher,discharging,1,38.7,44.2,85,95,1,12.62,1.4,0.2,0,3.814,0.448,1.708672,9752,3836,0,-
18:52:28.576,snap,default,com.android.launcher,discharging,1,38.7,44.2,85,95,1,14.32,1.33,0.17,0,3.83,0.246,0.94218,9752,3836,0,-
18:52:29.577,snap,default,com.android.launcher,discharging,1,38.7,43.8,85,95,1,14.32,1.33,0.17,0,3.836,0.174,0.66746396,8432,3318,0,-
18:52:30.602,snap,default,com.android.launcher,discharging,1,38.5,43.8,85,95,1,13.17,1.09,0.13,0,3.835,0.192,0.73632,8432,3318,0,-
18:52:31.602,snap,default,com.android.launcher,discharging,1,38.5,43.8,85,95,1,13.17,1.09,0.13,0,3.827,0.3,1.1481,8723,3689,0,-
18:52:32.604,snap,default,com.android.launcher,discharging,1,38.5,43.8,85,95,1,13.68,1.25,0.11,0,3.832,0.258,0.9886559,8723,3689,0,-
18:52:33.604,snap,default,com.android.launcher,discharging,1,38.5,43.4,85,95,1,13.68,1.25,0.11,0,3.837,0.216,0.828792,7450,3458,0,-
18:52:34.605,snap,default,com.android.launcher,discharging,1,38.5,43.4,85,95,1,13.01,1.57,0.09,0,3.834,0.216,0.8281441,7450,3458,0,-
18:52:35.605,snap,default,com.android.launcher,discharging,1,38.5,43.8,85,95,1,13.01,1.46,0.07,0,3.839,0.22,0.84458,5854,2348,0,-
18:52:36.606,snap,default,com.android.launcher,discharging,1,38.5,43.8,85,95,1,13.01,1.46,0.07,0,3.839,0.22,0.84458,5854,2348,0,-
18:52:37.608,snap,default,com.android.launcher,discharging,1,38.5,43,85,95,1,13.01,1.46,0.07,0,3.841,0.14,0.53774,2279,565,0,-
18:52:38.608,snap,default,com.android.launcher,discharging,1,38.5,43,85,95,1,11.74,1.2,0.06,0,3.838,0.142,0.544996,2279,565,0,-
18:52:40.123,snap,default,com.android.launcher,discharging,1,38.5,43,85,95,1,11.06,0.98,0.05,0,3.843,0.13,0.49958998,1850,403,0,-
18:52:41.128,snap,default,com.android.launcher,discharging,1,38.5,43,85,95,1,11.06,0.98,0.05,0,3.84,0.21,0.80639994,1850,403,0,-
18:52:42.126,snap,default,com.android.launcher,discharging,1,38.3,43,85,95,1,11.06,0.98,0.05,25,3.705,1.712,6.34296,32569,16819,0,-
18:52:43.130,snap,default,com.android.launcher,discharging,1,38.3,43,85,95,1,19.74,0.98,0.4,40,3.758,1.874,7.0424914,32569,16819,0,-
18:52:44.131,snap,default,com.android.launcher,discharging,1,38.3,43,85,95,1,19.74,0.98,0.4,34,3.722,1.874,6.9750276,38242,18542,0,-
18:52:45.131,snap,default,com.coolapk.market,discharging,1,38.3,43,85,95,1,23.59,1.35,0.69,0,3.689,2.43,8.96427,38242,18542,0,-
18:52:46.131,snap,default,com.coolapk.market,discharging,1,38.3,43,85,95,1,23.59,1.35,0.69,10,3.664,2.836,10.391104,28255,8085,0,-
18:52:47.133,snap,default,com.coolapk.market,discharging,1,38.3,43,85,95,1,31.64,1.65,2.92,1,3.77,1.696,6.39392,28255,8085,0,-
18:52:48.135,snap,default,com.coolapk.market,discharging,1,38.3,43,85,95,1,31.64,1.65,2.92,0,3.815,0.448,1.70912,13468,5665,0,-
18:52:49.135,snap,default,com.coolapk.market,discharging,1,38.3,43,85,95,1,28.62,1.35,2.39,0,3.781,0.68,2.57108,13468,5665,0,-
18:52:50.135,snap,default,com.coolapk.market,discharging,1,38.3,43,85,95,1,28.62,1.35,2.39,9,3.78,0.79,2.9862,13819,6885,0,-
18:52:51.135,snap,default,com.coolapk.market,discharging,1,38.3,43,85,95,1,26.15,1.1,1.95,45,3.773,1.206,4.5502377,13819,6885,0,-
18:52:52.136,snap,default,com.coolapk.market,discharging,1,38.3,43.4,85,95,1,26.15,1.1,1.95,38,3.796,1.048,3.9782078,22014,13677,0,-
18:52:53.136,snap,default,com.coolapk.market,discharging,1,38.3,46.4,85,95,1,24.86,1.08,1.6,22,3.787,0.738,2.7948058,22014,13677,0,-
18:52:54.136,snap,default,com.coolapk.market,discharging,1,38.3,49.4,85,95,1,23.43,0.89,1.31,22,3.776,0.858,3.2398078,18719,10899,0,-
18:52:55.136,snap,default,com.coolapk.market,discharging,1,38.3,52.4,85,95,1,23.43,0.89,1.31,15,3.797,0.784,2.976848,18719,10899,0,-
18:52:56.137,snap,default,com.coolapk.market,discharging,1,38.3,50.5,85,95,1,22.27,0.72,1.07,0,3.82,0.338,1.29116,14643,8522,0,-
18:52:57.137,snap,default,com.coolapk.market,discharging,1,38.3,50.5,85,95,1,22.27,0.72,1.07,17,3.812,0.59,2.24908,14643,8522,0,-
18:52:58.145,snap,default,com.coolapk.market,discharging,1,38.3,51.3,85,95,1,21.13,0.59,0.88,10,3.805,0.762,2.8994102,18091,11056,0,-
18:52:59.147,snap,default,com.coolapk.market,discharging,1,38.3,51.3,85,95,1,21.13,0.59,0.88,10,3.786,0.782,2.960652,18091,11056,0,-
18:53:00.148,snap,default,com.coolapk.market,discharging,1,38.3,52.8,85,95,1,20.38,0.48,0.72,0,3.805,0.698,2.65589,18284,10788,0,-
18:53:01.149,snap,default,com.coolapk.market,discharging,1,38.3,49.8,85,95,1,20.38,0.48,0.72,7,3.81,0.588,2.24028,18284,10788,0,-
18:53:02.151,snap,default,com.coolapk.market,discharging,1,38.3,49.7,85,95,1,18.5,0.39,0.58,0,3.816,0.328,1.2516481,8216,3696,0,-
18:53:03.150,snap,default,com.coolapk.market,discharging,1,38.3,47.7,85,95,1,18.5,0.39,0.58,0,3.818,0.43,1.6417401,8216,3696,0,-
18:53:04.151,snap,default,com.coolapk.market,discharging,1,38.3,47.3,85,95,1,16.6,0.32,0.48,0,3.823,0.352,1.345696,6964,2386,0,-
18:53:05.152,snap,default,com.coolapk.market,discharging,1,38.3,46.9,85,95,1,16.6,0.32,0.48,0,3.821,0.346,1.322066,6964,2386,0,-
18:53:06.153,snap,default,com.coolapk.market,discharging,1,38.3,46.1,85,95,1,15.94,0.26,0.39,0,3.825,0.296,1.1322,6964,2386,0,-
18:53:07.152,snap,default,com.coolapk.market,discharging,1,38.3,46.1,85,95,1,15.94,0.26,0.39,0,3.813,0.43,1.63959,5496,1979,0,-
18:53:08.152,snap,default,com.coolapk.market,discharging,1,38.3,46.9,85,95,1,15.05,0.21,0.32,0,3.813,0.43,1.63959,5496,1979,0,-
18:53:09.154,snap,default,com.coolapk.market,discharging,1,38.3,47.7,85,95,1,15.05,0.21,0.32,0,3.791,0.712,2.699192,7908,3018,0,-
18:53:10.153,snap,default,com.coolapk.market,discharging,1,38.3,47.7,85,95,1,15.05,0.21,0.32,0,3.817,0.544,2.076448,7908,3018,0,-
18:53:11.154,snap,default,com.coolapk.market,discharging,1,38.3,46.5,85,95,1,14.13,0.17,0.26,0,3.823,0.326,1.246298,5415,2027,0,-
18:53:12.154,snap,default,com.coolapk.market,discharging,1,38.3,46.1,85,95,1,14.13,0.17,0.26,0,3.826,0.304,1.1631039,5415,2027,0,-
18:53:13.155,snap,default,com.coolapk.market,discharging,1,38.3,45.7,85,95,1,13.02,0.14,0.21,0,3.824,0.308,1.177792,5153,1482,0,-
18:53:14.155,snap,default,com.coolapk.market,discharging,1,38.3,45.3,85,95,1,13.02,0.14,0.21,0,3.827,0.28,1.07156,5153,1482,0,-
18:53:15.155,snap,default,com.coolapk.market,discharging,1,38.3,45.3,85,95,1,11.93,0.11,0.17,0,3.823,0.316,1.208068,4891,1827,0,-
18:53:16.156,snap,default,com.coolapk.market,discharging,1,38.3,45.3,85,95,1,11.93,0.11,0.17,0,3.829,0.272,1.041488,4891,1827,0,-
18:53:17.156,snap,default,com.coolapk.market,discharging,1,38.3,46.1,85,95,1,11.22,0.09,0.14,0,3.819,0.352,1.344288,6906,2094,0,-
18:53:18.156,snap,default,com.coolapk.market,discharging,1,38.3,47.3,85,95,1,11.22,0.09,0.14,0,3.806,0.57,2.16942,6906,2094,0,-
18:53:19.156,snap,default,com.coolapk.market,discharging,1,38.3,47.3,85,95,1,11.9,0.07,0.11,13,3.808,0.558,2.124864,17114,8577,0,-
18:53:20.157,snap,default,com.coolapk.market,discharging,1,38.3,46.1,85,95,1,11.9,0.07,0.11,0,3.823,0.338,1.292174,17114,8577,0,-
18:53:21.158,snap,default,com.coolapk.market,discharging,1,38.3,44.9,85,95,1,11.92,0.06,0.09,0,3.825,0.332,1.2699,6958,2161,0,-
18:53:22.159,snap,default,com.coolapk.market,discharging,1,38.3,44.9,85,95,1,11.92,0.06,0.09,0,3.827,0.274,1.0485979,6958,2161,0,-
18:53:23.158,snap,default,com.coolapk.market,discharging,1,38.3,44.9,85,95,1,11.21,0.05,0.07,0,3.825,0.3,1.1475,5345,2082,0,-
18:53:24.158,snap,default,com.coolapk.market,discharging,1,38.3,45.7,85,95,1,11.17,0.04,0.06,0,3.813,0.456,1.7387279,5345,2082,0,-
18:53:25.160,snap,default,com.coolapk.market,discharging,1,38.3,45.7,85,95,1,11.17,0.04,0.06,13,3.823,0.424,1.620952,8679,4513,0,-
18:53:26.160,snap,default,com.coolapk.market,discharging,1,38.3,45.3,85,95,1,10.59,0.03,0.05,0,3.828,0.274,1.048872,8679,4513,0,-
18:53:27.161,snap,default,com.coolapk.market,discharging,1,38.3,44.9,85,95,1,10.59,0.03,0.05,0,3.822,0.368,1.406496,5841,2303,0,-
18:53:28.162,snap,default,com.coolapk.market,discharging,1,38.2,44.6,85,95,1,10.3,0.02,0.04,0,3.824,0.302,1.1548479,5841,2303,0,-
18:53:29.162,snap,default,com.coolapk.market,discharging,1,38.2,44.6,85,95,1,10.3,0.02,0.04,0,3.825,0.274,1.0480499,4077,1345,0,-
18:53:30.162,snap,default,com.coolapk.market,discharging,1,38.2,44.6,85,95,1,10.07,0.02,0.03,0,3.824,0.326,1.246624,4077,1345,0,-
18:53:31.162,snap,default,com.coolapk.market,discharging,1,38.2,46.5,85,95,1,10.07,0.02,0.03,0,3.817,0.5,1.9085,6409,2255,0,-
18:53:32.163,snap,default,com.coolapk.market,discharging,1,38.2,46.5,85,95,1,9.69,0.01,0.02,0,3.823,0.338,1.292174,6409,2255,0,-
18:53:33.163,snap,default,com.coolapk.market,discharging,1,38.2,46.1,85,95,1,9.69,0.01,0.02,0,3.825,0.324,1.2393,6409,2255,0,-
18:53:34.163,snap,default,com.coolapk.market,discharging,1,38.2,45.3,85,95,1,9.2,0.01,0.02,0,3.82,0.3,1.146,4699,1599,0,-
18:53:35.164,snap,default,com.coolapk.market,discharging,1,38.2,44.6,85,95,1,9.2,0.01,0.02,0,3.824,0.302,1.1548479,4699,1599,0,-
18:53:36.164,snap,default,com.coolapk.market,discharging,1,38.2,44.2,85,95,1,8.98,0.01,0.38,0,3.824,0.302,1.1548479,6387,1952,0,-
18:53:37.165,snap,default,com.coolapk.market,discharging,1,38.2,44.2,85,95,1,8.98,0.01,0.38,0,3.823,0.28,1.0704399,6387,1952,0,-
18:53:38.165,snap,default,com.coolapk.market,discharging,1,38.2,44.2,85,95,1,8.98,0.01,0.38,0,3.829,0.262,1.003198,4310,1397,0,-
18:53:39.166,snap,default,com.coolapk.market,discharging,1,38.2,44.2,85,95,1,8.62,0,0.31,0,3.823,0.302,1.1545459,4310,1397,0,-
18:53:40.167,snap,default,com.coolapk.market,discharging,1,38.2,44.6,85,95,1,8.62,0,0.31,0,3.828,0.27,1.03356,5155,1949,0,-
18:53:41.167,snap,default,com.coolapk.market,discharging,1,38.2,43.8,85,95,1,8.51,0,0.25,0,3.819,0.324,1.237356,5155,1949,0,-
18:53:42.167,snap,default,com.coolapk.market,discharging,1,38.2,43.8,85,95,1,8.51,0,0.25,0,3.828,0.274,1.048872,4741,1739,0,-
18:53:43.167,snap,default,com.coolapk.market,discharging,1,38.2,43.8,85,95,1,8.42,0,0.2,0,3.825,0.292,1.1169,4741,1739,0,-
18:53:44.167,snap,default,com.coolapk.market,discharging,1,38.2,43.8,85,95,1,8.42,0,0.2,0,3.824,0.288,1.1013119,4268,1283,0,-
18:53:45.168,snap,default,com.coolapk.market,discharging,1,38.2,43.8,85,95,1,8.16,0,0.17,0,3.827,0.29,1.1098299,4268,1283,0,-
18:53:46.168,snap,default,com.coolapk.market,discharging,1,38.2,44.2,85,95,1,8.16,0,0.17,0,3.823,0.274,1.0475019,4747,1806,0,-
18:53:47.169,snap,default,com.coolapk.market,discharging,1,38.2,44.2,85,95,1,7.95,0,0.13,0,3.821,0.304,1.161584,4747,1806,0,-
18:53:48.169,snap,default,com.coolapk.market,discharging,1,38.1,43.4,85,95,1,7.95,0,0.13,0,3.83,0.272,1.0417601,4388,1544,0,-
18:53:49.170,snap,default,com.coolapk.market,discharging,1,38.1,43.4,85,95,1,7.77,0,0.11,0,3.829,0.274,1.0491459,4388,1544,0,-
18:53:50.170,snap,default,com.coolapk.market,discharging,1,38.1,43.4,85,95,1,7.77,0,0.11,0,3.83,0.256,0.98048,3683,1188,0,-
18:53:51.176,snap,default,com.coolapk.market,discharging,1,38.1,44.6,85,95,1,7.63,0,0.09,0,3.824,0.48,1.8355199,3683,1188,0,-
18:53:52.177,snap,default,com.coolapk.market,discharging,1,38.1,44.9,85,95,1,8.24,0,0.07,0,3.816,0.458,1.747728,10343,4270,0,-
18:53:53.177,snap,default,com.coolapk.market,discharging,1,38.1,44.9,85,95,1,8.24,0,0.07,0,3.818,0.478,1.825004,10343,4270,0,-
18:53:54.178,snap,default,com.coolapk.market,discharging,1,38.1,44.9,85,95,1,9.28,0,0.06,0,3.814,0.534,2.036676,12492,6212,0,-
18:53:55.178,snap,default,com.coolapk.market,discharging,1,38.1,44.6,85,95,1,9.28,0,0.06,0,3.816,0.482,1.839312,12492,6212,0,-
18:53:56.178,snap,default,com.coolapk.market,discharging,1,38.1,44.9,85,95,1,9.41,0,0.05,0,3.815,0.48,1.8312,9333,3817,0,-
18:53:57.181,snap,default,com.coolapk.market,discharging,1,38,44.9,85,95,1,9.41,0,0.05,0,3.811,0.536,2.042696,9333,3817,0,-
18:53:58.180,snap,default,com.coolapk.market,discharging,1,38,45.3,85,95,1,9.88,0,0.04,0,3.816,0.48,1.8316799,9333,3817,0,-
18:53:59.181,snap,default,com.coolapk.market,discharging,1,38,45.3,85,95,1,9.88,0,0.04,0,3.812,0.51,1.9441199,11095,4906,0,-
18:54:00.184,snap,default,com.coolapk.market,discharging,1,38,46.1,85,95,1,11.35,0,0.03,3,3.794,0.692,2.6254478,11095,4906,0,-
18:54:01.184,snap,default,com.coolapk.market,discharging,1,38,49.1,85,95,1,11.35,0,0.03,0,3.783,1.088,4.1159043,20781,7854,0,-
18:54:02.184,snap,default,com.coolapk.market,discharging,1,38,49.7,85,95,1,20.16,0.18,1.11,15,3.779,0.902,3.408658,20781,7854,0,-
18:54:03.185,snap,default,com.coolapk.market,discharging,1,38,49.7,85,95,1,20.16,0.18,1.11,0,3.809,0.638,2.4301422,22346,7010,0,-
18:54:04.185,snap,default,com.coolapk.market,discharging,1,38,49.3,85,95,1,19.41,0.32,1.09,0,3.81,0.582,2.21742,22346,7010,0,-
18:54:05.187,snap,default,com.coolapk.market,discharging,1,38,47.7,85,95,1,19.41,0.32,1.09,0,3.81,0.582,2.21742,10989,3559,0,-
18:54:06.188,snap,default,com.coolapk.market,discharging,1,38,46.5,85,95,1,19.41,0.32,1.09,0,3.818,0.49,1.87082,10989,3559,0,-
18:54:07.188,snap,default,com.coolapk.market,discharging,1,38,46.5,85,95,1,19.51,0.45,0.89,0,3.809,0.488,1.8587921,12620,5238,0,-
18:54:08.837,snap,default,com.coolapk.market,discharging,1,38,45.3,85,95,1,19.51,0.45,0.89,0,3.841,0.124,0.476284,12620,5238,0,-
18:54:09.839,snap,default,com.coolapk.market,discharging,1,38,44.6,85,95,1,19.24,0.36,0.73,0,3.832,0.226,0.866032,6897,3020,0,-
18:54:10.842,snap,default,com.coolapk.market,discharging,1,38,44.2,85,95,1,19.24,0.36,0.73,0,3.829,0.238,0.91130203,6897,3020,0,-
18:54:11.841,snap,default,com.coolapk.market,discharging,1,38,44.2,85,95,1,17.2,0.3,0.59,0,3.833,0.18,0.68994004,4391,1691,0,-
18:54:13.392,snap,default,com.coolapk.market,discharging,1,38,44.9,85,95,1,15.35,0.24,0.49,0,3.84,0.134,0.51456,4391,1691,0,-
18:54:14.392,snap,default,com.coolapk.market,discharging,1,38,44.9,85,95,1,15.35,0.24,0.49,18,3.84,0.134,0.51456,21800,8837,0,-
18:54:15.393,snap,default,com.coolapk.market,discharging,1,38,47.9,85,95,1,15.35,0.24,0.49,18,3.689,2.16,7.9682403,21800,8837,0,-
18:54:16.393,snap,default,com.coolapk.market,discharging,1,38,50.9,85,95,1,23.98,0.38,1.48,22,3.798,1.294,4.9146123,37979,17325,0,-
18:54:17.393,snap,default,com.coolapk.market,discharging,1,38,50.9,85,95,1,23.98,0.38,1.48,16,3.741,1.328,4.9680476,37979,17325,0,-
18:54:18.395,snap,default,com.coolapk.market,discharging,1,38,50.9,85,95,1,27.25,1.03,1.39,24,3.697,2.044,7.556668,44880,19473,0,-
18:54:19.395,snap,default,com.coolapk.market,discharging,1,38,50.9,85,95,1,27.25,1.03,1.39,24,3.655,2.758,10.080489,44880,19473,0,-
18:54:20.399,snap,default,com.tencent.mm,discharging,1,38,50.9,85,95,1,36.08,1.93,3.86,10,3.66,2.966,10.85556,36781,11071,0,-
18:54:21.399,snap,default,com.tencent.mm,discharging,1,38,50.9,85,95,1,36.08,1.93,3.86,34,3.662,2.944,10.780928,36781,11071,0,-
18:54:22.400,snap,default,com.tencent.mm,discharging,1,38,50.9,85,95,1,41.86,1.94,4.79,34,3.669,2.65,9.72285,27657,9565,0,-
18:54:23.400,snap,default,com.tencent.mm,discharging,1,38,50.9,85,95,1,41.86,1.94,4.79,27,3.67,2.4,8.808001,27657,9565,0,-
18:54:24.400,snap,default,com.tencent.mm,discharging,1,38,53.9,85,95,1,42.61,2.32,6.64,27,3.795,0.646,2.4515703,17461,6898,0,-
18:54:25.401,snap,default,com.tencent.mm,discharging,1,38,56.9,85,95,1,42.61,2.32,6.64,27,3.768,0.75,2.826,17461,6898,0,-
18:54:26.401,snap,default,com.tencent.mm,discharging,1,38,56.4,85,95,1,37.43,1.9,5.43,27,3.797,0.588,2.232636,17461,6898,0,-
18:54:27.401,snap,default,com.tencent.mm,discharging,1,38,56.4,85,95,1,37.43,1.9,5.43,22,3.749,0.912,3.4190881,14150,6605,0,-
18:54:28.401,snap,default,com.tencent.mm,discharging,1,38,55.6,85,95,1,34.09,1.55,4.99,25,3.745,1.348,5.04826,14150,6605,0,-
18:54:29.401,snap,default,com.tencent.mm,discharging,1,38,55.6,85,95,1,30.45,1.45,4.27,25,3.789,0.62,2.34918,20655,9385,0,-
18:54:30.402,snap,default,com.tencent.mm,discharging,1,38,55.2,85,95,1,30.45,1.45,4.27,22,3.793,0.664,2.5185518,20655,9385,0,-
18:54:31.402,snap,default,com.tencent.mm,discharging,1,38,54.4,85,95,1,27.29,1.19,3.67,16,3.775,0.834,3.14835,11618,5884,0,-
18:54:32.402,snap,default,com.tencent.mm,discharging,1,38,52.4,85,95,1,27.29,1.19,3.67,29,3.765,0.728,2.74092,11618,5884,0,-
18:54:33.402,snap,default,com.tencent.mm,discharging,1,38,52.4,85,95,1,25.42,0.97,3.01,0,3.779,0.776,2.9325042,13826,7792,0,-
18:54:34.403,snap,default,com.tencent.mm,discharging,1,38,52.4,85,95,1,25.42,0.97,3.01,27,3.778,0.67,2.5312603,13826,7792,0,-
18:54:35.403,snap,default,com.tencent.mm,discharging,1,38,51.3,85,95,1,23.35,0.79,2.46,0,3.794,0.632,2.397808,13334,6129,0,-
18:54:36.403,snap,default,com.tencent.mm,discharging,1,38,51.3,85,95,1,23.35,0.79,2.46,20,3.802,0.602,2.288804,13334,6129,0,-
18:54:37.404,snap,default,com.tencent.mm,discharging,1,38,51.3,85,95,1,22.02,0.65,2.2,32,3.782,0.83,3.13906,15439,9295,0,-
18:54:38.404,snap,default,com.tencent.mm,discharging,1,38,51.3,85,95,1,22.02,0.65,2.2,0,3.813,0.47,1.79211,15439,9295,0,-
18:54:39.405,snap,default,com.tencent.mm,discharging,1,38,51.3,85,95,1,20.38,0.53,1.8,0,3.77,0.72,2.7144,12654,6368,0,-
18:54:40.405,snap,default,com.tencent.mm,discharging,1,38,50.5,85,95,1,20.38,0.53,1.8,34,3.77,0.72,2.7144,12654,6368,0,-
18:54:41.406,snap,default,com.tencent.mm,discharging,1,38,49.7,85,95,1,20.38,0.53,1.8,34,3.805,0.57,2.16885,12503,6729,0,-
18:54:42.407,snap,default,com.tencent.mm,discharging,1,38,49.3,85,95,1,18.86,0.43,1.47,0,3.813,0.52,1.98276,12503,6729,0,-
18:54:43.407,snap,default,com.tencent.mm,discharging,1,38,49.3,85,95,1,18.86,0.43,1.47,23,3.807,0.6,2.2842,8710,3779,0,-
18:54:44.407,snap,default,com.tencent.mm,discharging,1,38,48.1,85,95,1,17.26,0.35,1.2,0,3.808,0.358,1.3632641,8710,3779,0,-
18:54:45.408,snap,default,com.tencent.mm,discharging,1,38,48.1,85,95,1,17.26,0.35,1.2,0,3.818,0.43,1.6417401,7457,3243,0,-
18:54:46.409,snap,default,com.tencent.mm,discharging,1,38,48.1,85,95,1,15.94,0.29,0.98,0,3.805,0.578,2.19929,7457,3243,0,-
18:54:47.409,snap,default,com.tencent.mm,discharging,1,38,48.5,85,95,1,15.94,0.29,0.98,31,3.814,0.48,1.83072,16149,8803,0,-
18:54:48.413,snap,default,com.tencent.mm,discharging,1,38,50.9,85,95,1,16.13,0.23,0.8,18,3.791,0.76,2.8811598,16149,8803,0,-
18:54:49.413,snap,default,com.tencent.mm,discharging,1,38,50.9,85,95,1,16.13,0.23,0.8,18,3.791,0.634,2.403494,15282,9335,0,-
18:54:50.413,snap,default,com.tencent.mm,discharging,1,38,51.3,85,95,1,15.93,0.19,0.66,20,3.804,0.634,2.411736,15282,9335,0,-
18:54:51.413,snap,default,com.tencent.mm,discharging,1,38,50.9,85,95,1,15.93,0.19,0.66,33,3.79,0.732,2.7742798,11138,5618,0,-
18:54:52.413,snap,default,com.tencent.mm,discharging,1,38,50.9,85,95,1,15.03,0.16,0.72,33,3.804,0.566,2.1530638,11138,5618,0,-
18:54:53.414,snap,default,com.tencent.mm,discharging,1,38,48.9,85,95,1,15.03,0.16,0.72,22,3.805,0.526,2.00143,11138,5618,0,-
18:54:54.415,snap,default,com.tencent.mm,discharging,1,38,48.1,85,95,1,14.12,0.13,0.59,22,3.82,0.51,1.9482,10456,5111,0,-
18:54:55.415,snap,default,com.tencent.mm,discharging,1,38.1,48.1,85,95,1,14.12,0.13,0.59,22,3.822,0.412,1.574664,10456,5111,0,-
18:54:56.415,snap,default,com.tencent.mm,discharging,1,38.1,47.7,85,95,1,13.55,0.1,0.48,21,3.803,0.642,2.4415262,7763,3579,0,-
18:54:57.416,snap,default,com.tencent.mm,discharging,1,38.1,47.7,85,95,1,13.55,0.1,0.48,0,3.821,0.456,1.7423761,7763,3579,0,-
18:54:58.417,snap,default,com.tencent.mm,discharging,1,38.1,47.3,85,95,1,13.09,0.08,0.39,0,3.803,0.568,2.160104,10226,5116,0,-
18:54:59.418,snap,default,com.tencent.mm,discharging,1,38.1,47.3,85,95,1,13.09,0.08,0.39,0,3.782,0.61,2.3070202,10226,5116,0,-
18:55:00.418,snap,default,com.tencent.mm,discharging,1,38.1,48.5,85,95,1,13.62,0.07,0.32,32,3.812,0.576,2.1957119,15270,8827,0,-
18:55:01.418,snap,default,com.tencent.mm,discharging,1,38.1,48.9,85,95,1,14.41,0.05,0.26,32,3.784,0.638,2.414192,15270,8827,0,-
18:55:02.419,snap,default,com.tencent.mm,discharging,1,38.1,48.5,85,95,1,14.41,0.05,0.26,17,3.801,0.63,2.39463,14669,6628,0,-
18:55:03.420,snap,default,com.tencent.mm,discharging,1,38.1,48.5,85,95,1,13.97,0.04,0.21,0,3.784,0.594,2.247696,14669,6628,0,-
18:55:04.420,snap,default,com.tencent.mm,discharging,1,38.1,48.5,85,95,1,13.97,0.04,0.21,34,3.81,0.592,2.25552,10961,5705,0,-
18:55:05.420,snap,default,com.tencent.mm,discharging,1,38.2,51.3,85,95,1,14.34,0.03,0.17,0,3.77,0.87,3.2799,10961,5705,0,-
18:55:06.420,snap,default,com.tencent.mm,discharging,1,38.2,51.3,85,95,1,14.34,0.03,0.17,47,3.782,0.808,3.0558562,17948,10045,0,-
18:55:07.420,snap,default,com.tencent.mm,discharging,1,38.2,51.3,85,95,1,17.36,0.39,0.14,15,3.721,1.478,5.499638,17948,10045,0,-
18:55:08.421,snap,default,com.tencent.mm,discharging,1,38.2,54,85,95,1,17.36,0.39,0.14,9,3.779,1.194,4.512126,29653,14658,0,-
18:55:09.421,snap,default,com.android.launcher,discharging,1,38.2,54,85,95,1,24.54,0.32,0.11,9,3.805,0.554,2.10797,29653,14658,0,-
18:55:10.421,snap,default,com.android.launcher,discharging,1,38.2,51.7,85,95,1,24.54,0.32,0.11,1,3.805,0.554,2.10797,11931,4389,0,-
18:55:11.421,snap,default,com.android.launcher,discharging,1,38.2,51.7,85,95,1,24.54,0.32,0.11,1,3.79,0.672,2.54688,11931,4389,0,-
18:55:12.422,snap,default,com.android.launcher,discharging,1,38.2,53.2,85,95,1,31.5,0.62,0.45,0,3.786,0.732,2.771352,17401,4324,0,-
18:55:13.423,snap,default,com.android.launcher,discharging,1,38.2,53.2,85,95,1,31.5,0.62,0.45,4,3.789,0.828,3.1372921,17401,4324,0,-
18:55:14.424,snap,default,com.android.launcher,discharging,1,38.3,50.2,85,95,1,35.04,0.87,0.92,4,3.804,0.584,2.221536,10092,3352,0,-
18:55:15.424,snap,default,com.android.launcher,discharging,1,38.3,47.7,85,95,1,35.04,0.87,0.92,0,3.819,0.35,1.33665,10092,3352,0,-
18:55:16.425,snap,default,com.android.launcher,discharging,1,38.3,47.7,85,95,1,30.68,0.71,0.75,0,3.819,0.322,1.229718,7211,2557,0,-
18:55:17.425,snap,default,com.android.launcher,discharging,1,38.3,47.7,85,95,1,30.68,0.71,0.75,0,3.807,0.388,1.477116,7211,2557,0,-
18:55:18.426,snap,default,com.android.launcher,discharging,1,38.3,48.1,85,95,1,29.47,0.58,0.79,0,3.791,0.768,2.911488,7211,2557,0,-
18:55:19.426,snap,default,com.android.launcher,discharging,1,38.3,48.1,85,95,1,29.47,0.58,0.79,0,3.81,0.434,1.6535399,13807,4958,0,-
18:55:20.428,snap,default,com.android.launcher,discharging,1,38.3,46.5,85,95,1,26.12,0.48,0.83,0,3.813,0.448,1.708224,13807,4958,0,-
18:55:21.429,snap,default,com.android.launcher,discharging,1,38.3,46.1,85,95,1,26.12,0.48,0.83,0,3.815,0.352,1.34288,8180,4156,0,-
18:55:22.430,snap,default,com.android.launcher,discharging,1,38.3,46.1,85,95,1,23.38,0.39,0.68,0,3.817,0.35,1.3359499,8180,4156,0,-
18:55:23.431,snap,default,com.android.launcher,discharging,1,38.3,46.1,85,95,1,23.38,0.39,0.68,0,3.824,0.262,1.0018879,7648,3102,0,-
18:55:24.432,snap,default,com.android.launcher,discharging,1,38.3,45.3,85,95,1,20.59,0.32,0.55,0,3.819,0.296,1.130424,7648,3102,0,-
18:55:25.433,snap,default,com.android.launcher,discharging,1,38.3,44.9,85,95,1,20.59,0.32,0.55,0,3.825,0.262,1.0021499,4935,1822,0,-
18:55:26.434,snap,default,com.android.launcher,discharging,1,38.3,44.9,85,95,1,18.31,0.26,0.45,0,3.826,0.3,1.1478001,4935,1822,0,-
18:55:27.434,snap,default,com.android.launcher,discharging,1,38.3,44.9,85,95,1,18.31,0.26,0.45,0,3.828,0.242,0.926376,4220,1241,0,-
18:55:28.435,snap,default,com.android.launcher,discharging,1,38.3,44.9,85,95,1,16.26,0.21,0.37,0,3.82,0.316,1.2071201,4220,1241,0,-
18:55:29.436,snap,default,com.android.launcher,discharging,1,38.3,44.9,85,95,1,16.26,0.21,0.37,0,3.822,0.294,1.123668,4208,1221,0,-
18:55:30.436,snap,default,com.android.launcher,discharging,1,38.3,44.9,85,95,1,14.58,0.17,1.39,0,3.818,0.348,1.328664,4208,1221,0,-
18:55:31.437,snap,default,com.android.launcher,discharging,1,38.3,44.9,85,95,1,13.03,0.14,1.14,0,3.822,0.28,1.07016,4904,1820,0,-
18:55:32.437,snap,default,com.android.launcher,discharging,1,38.3,44.9,85,95,1,13.03,0.14,1.14,0,3.822,0.318,1.2153959,4904,1820,0,-
18:55:33.437,snap,default,com.android.launcher,discharging,1,38.3,44.9,85,95,1,12.3,0.48,0.93,0,3.801,0.588,2.234988,8253,2245,0,-
18:55:34.438,snap,default,com.android.launcher,discharging,1,38.2,44.9,85,95,1,12.3,0.48,0.93,0,3.821,0.308,1.1768681,8253,2245,0,-
18:55:35.439,snap,default,com.android.launcher,discharging,1,38.2,44.6,85,95,1,11.15,0.39,0.76,0,3.823,0.296,1.131608,4001,1408,0,-
18:55:36.440,snap,default,com.android.launcher,discharging,1,38.2,44.6,85,95,1,11.15,0.39,0.76,0,3.824,0.268,1.024832,4001,1408,0,-
18:55:37.441,snap,default,com.android.launcher,discharging,1,38.2,44.2,85,95,1,10.22,0.32,0.62,0,3.827,0.248,0.94909596,3132,1019,0,-
18:55:38.442,snap,default,com.android.launcher,discharging,1,38.2,44.2,85,95,1,10.22,0.32,0.62,0,3.827,0.248,0.94909596,3132,1019,0,-
18:55:39.443,snap,default,com.android.launcher,discharging,1,38.2,44.2,85,95,1,10.22,0.32,0.62,0,3.819,0.344,1.3137361,6058,2015,0,-
18:55:40.447,snap,default,com.android.launcher,discharging,1,38.2,44.2,85,95,1,10.72,0.26,0.51,0,3.821,0.348,1.329708,6058,2015,0,-
18:55:41.448,snap,default,com.android.launcher,discharging,1,38.2,44.2,85,95,1,10.72,0.26,0.51,0,3.825,0.276,1.0557,3384,1139,0,-
18:55:42.449,snap,default,com.android.launcher,discharging,1,38.2,44.2,85,95,1,9.87,0.21,0.41,0,3.82,0.28,1.0696,3384,1139,0,-
18:55:43.450,snap,default,com.android.launcher,discharging,1,38.2,44.2,85,95,1,9.87,0.21,0.41,0,3.82,0.304,1.1612799,5636,1861,0,-
18:55:44.450,snap,default,com.android.launcher,discharging,1,38.2,44.2,85,95,1,9.71,0.17,0.34,0,3.821,0.308,1.1768681,5636,1861,0,-
18:55:45.452,snap,default,com.android.launcher,discharging,1,38.2,44.2,85,95,1,9.71,0.17,0.34,0,3.823,0.27,1.03221,5636,1861,0,-
18:55:46.453,snap,default,com.android.launcher,discharging,1,38.2,43.8,85,95,1,9.22,0.14,0.28,0,3.819,0.312,1.1915281,4448,1507,0,-
18:55:47.453,snap,default,com.android.launcher,discharging,1,38.2,43.8,85,95,1,9.22,0.14,0.28,0,3.823,0.296,1.131608,4448,1507,0,-
18:55:48.454,snap,default,com.android.launcher,discharging,1,38.2,44.2,85,95,1,8.81,0.11,0.22,0,3.812,0.356,1.357072,4968,1752,0,-
18:55:49.455,snap,default,com.android.launcher,discharging,1,38.2,44.2,85,95,1,8.81,0.11,0.22,0,3.826,0.286,1.094236,4968,1752,0,-
18:55:50.456,snap,default,com.android.launcher,discharging,1,38.2,44.2,85,95,1,8.48,0.09,0.18,0,3.826,0.306,1.170756,5304,1672,0,-
18:55:51.456,snap,default,com.android.launcher,discharging,1,38.2,44.2,85,95,1,8.48,0.09,0.18,0,3.825,0.27,1.03275,5304,1672,0,-
18:55:52.458,snap,default,com.android.launcher,discharging,1,38.2,43.8,85,95,1,8.21,0.07,0.15,0,3.826,0.268,1.025368,3786,1206,0,-
18:55:53.459,snap,default,com.android.launcher,discharging,1,38.2,43.8,85,95,1,8.21,0.07,0.15,0,3.825,0.248,0.9486,3786,1206,0,-
18:55:54.459,snap,default,com.android.launcher,discharging,1,38.2,43.4,85,95,1,7.99,0.06,0.12,0,3.823,0.318,1.215714,4427,1630,0,-
18:55:55.460,snap,default,com.android.launcher,discharging,1,38.2,43.4,85,95,1,7.99,0.06,0.12,0,3.817,0.31,1.18327,4427,1630,0,-
18:55:56.461,snap,default,com.android.launcher,discharging,1,38.2,43.4,85,95,1,8.36,0.05,0.1,0,3.825,0.296,1.1322,6067,2134,0,-
18:55:57.461,snap,default,com.android.launcher,discharging,1,38.2,43.4,85,95,1,8.36,0.05,0.1,0,3.824,0.282,1.078368,6067,2134,0,-
18:55:58.461,snap,default,com.android.launcher,discharging,1,38.2,43.8,85,95,1,8.11,0.04,0.44,0,3.812,0.458,1.745896,6344,2373,0,-
18:55:59.462,snap,default,com.android.launcher,discharging,1,38.2,45.3,85,95,1,9.18,0.21,1.81,0,3.805,0.696,2.64828,6344,2373,0,-
18:56:00.463,snap,default,com.android.launcher,discharging,1,38.2,45.7,85,95,1,9.18,0.21,1.81,0,3.806,0.574,2.184644,16292,7854,0,-
18:56:01.464,snap,default,com.android.launcher,discharging,1,38.2,45.7,85,95,1,9.69,0.17,2.02,0,3.812,0.484,1.845008,16292,7854,0,-
18:56:02.464,snap,default,com.android.launcher,discharging,1,38.2,45.7,85,95,1,9.69,0.17,2.02,0,3.813,0.438,1.670094,9253,3743,0,-
18:56:03.465,snap,default,com.android.launcher,discharging,1,38.2,45.7,85,95,1,9.56,0.14,2.38,0,3.806,0.508,1.9334481,9253,3743,0,-
18:56:04.465,snap,default,com.android.launcher,discharging,1,38.2,46.1,85,95,1,9.56,0.14,2.38,0,3.812,0.448,1.7077761,8945,3762,0,-
18:56:05.465,snap,default,com.android.launcher,discharging,1,38.1,46.1,85,95,1,9.64,0.11,2.86,0,3.796,0.55,2.0878,8945,3762,0,-
18:56:06.466,snap,default,com.android.launcher,discharging,1,38.1,46.1,85,95,1,9.64,0.11,2.86,0,3.796,0.55,2.0878,8884,3648,0,-
18:56:07.466,snap,default,com.android.launcher,discharging,1,38.1,46.1,85,95,1,9.64,0.11,2.86,0,3.809,0.474,1.805466,8884,3648,0,-
18:56:08.466,snap,default,com.android.launcher,discharging,1,38.1,49.1,85,95,1,14.05,0.45,2.7,5,3.735,1.21,4.51935,31930,10347,0,-
18:56:09.467,snap,default,com.android.launcher,discharging,1,38.1,50.1,85,95,1,14.05,0.45,2.7,11,3.787,1.094,4.1429777,31930,10347,0,-
18:56:10.468,snap,default,com.android.launcher,discharging,1,38.1,48.5,85,95,1,17.12,0.55,2.57,11,3.815,0.508,1.9380201,7874,2464,0,-
18:56:11.468,snap,default,com.android.launcher,discharging,1,38.1,45.7,85,95,1,17.12,0.55,2.57,0,3.821,0.28,1.06988,7874,2464,0,-
18:56:12.470,snap,default,com.android.launcher,discharging,1,38.1,45.7,85,95,1,16.01,0.45,2.1,0,3.823,0.25,0.95575,7874,2464,0,-
18:56:13.469,snap,default,com.android.launcher,discharging,1,38.1,45.3,85,95,1,16.01,0.45,2.1,0,3.809,0.398,1.515982,5028,1786,0,-
18:56:14.469,snap,default,com.android.launcher,discharging,1,38.1,45.3,85,95,1,16.55,0.73,1.72,0,3.818,0.382,1.4584761,5028,1786,0,-
18:56:18.269,snap,default,com.android.launcher,discharging,1,38.1,44.9,85,95,1,16.55,0.73,1.72,0,3.839,0.07,0.26873,10060,4463,0,-
18:56:19.271,snap,default,com.android.launcher,discharging,1,38.1,43.4,85,95,1,16.45,0.96,1.41,0,3.828,0.224,0.85747206,10060,4463,0,-
18:56:20.271,snap,default,com.android.launcher,discharging,1,38.1,43.4,85,95,1,16.45,0.96,1.41,0,3.825,0.236,0.9027,7519,2828,0,-
18:56:21.271,snap,default,com.android.launcher,discharging,1,38.1,43.4,85,95,1,14.92,1.33,1.15,0,3.829,0.204,0.781116,7519,2828,0,-
18:56:22.272,snap,default,com.android.launcher,discharging,1,38.1,44.2,85,95,1,14.92,1.33,1.15,0,3.805,0.49,1.8644501,7802,2356,0,-
18:56:23.273,snap,default,com.android.launcher,discharging,1,38.1,44.6,85,95,1,19.46,1.81,2.21,0,3.818,0.384,1.466112,7802,2356,0,-
18:56:24.273,snap,default,com.android.launcher,discharging,1,38.1,45.3,85,95,1,27.53,1.85,2.72,0,3.804,0.596,2.267184,11665,2287,0,-
18:56:25.273,snap,default,com.android.launcher,discharging,1,38.1,46.5,85,95,1,27.53,1.85,2.72,0,3.804,0.576,2.191104,11665,2287,0,-
18:56:26.275,snap,default,com.android.launcher,discharging,1,38.1,46.5,85,95,1,27.79,1.69,2.4,0,3.804,0.576,2.191104,7132,1560,0,-
18:56:30.791,snap,default,com.android.launcher,discharging,1,38.1,46.1,85,95,1,27.79,1.69,2.4,0,3.816,0.404,1.541664,7132,1560,0,-
18:56:34.496,snap,default,com.android.launcher,discharging,1,38.1,43.4,85,95,1,23.85,1.38,1.97,0,3.836,0.108,0.414288,8663,3307,0,-
18:56:35.497,snap,default,com.android.launcher,discharging,1,38,43.4,85,95,1,23.85,1.38,1.97,0,3.837,0.166,0.63694197,8663,3307,0,-
18:56:36.497,snap,default,com.android.launcher,discharging,1,38,43.4,85,95,1,23.85,1.38,1.97,0,3.825,0.286,1.09395,7255,2628,0,-
18:56:37.499,snap,default,com.android.launcher,discharging,1,38,43.4,85,95,1,20.43,1.31,1.61,0,3.829,0.224,0.857696,7255,2628,0,-
18:56:38.499,snap,default,com.android.launcher,discharging,1,38,43.8,85,95,1,20.43,1.31,1.61,0,3.827,0.27,1.03329,3485,786,0,-
18:56:39.500,snap,default,com.android.launcher,discharging,1,38,43.8,85,95,1,17.09,1.26,1.32,0,3.826,0.274,1.048324,3485,786,0,-
18:56:42.775,snap,default,com.android.launcher,discharging,1,38,43.8,85,95,1,17.09,1.26,1.32,0,3.841,0.056,0.21509601,7285,2405,0,-
18:56:43.775,snap,default,com.android.launcher,discharging,1,38,43,85,95,1,14.72,1.21,1.08,0,3.824,0.296,1.131904,7285,2405,0,-
18:56:44.776,snap,default,com.android.launcher,discharging,1,38,43,85,95,1,14.72,1.21,1.08,0,3.826,0.252,0.96415204,4112,1213,0,-
18:56:45.777,snap,default,com.android.launcher,discharging,1,38,43.4,85,95,1,12.41,0.99,0.88,0,3.822,0.32,1.22304,4112,1213,0,-
18:56:46.777,snap,default,com.android.launcher,discharging,1,38,43.4,85,95,1,12.41,0.99,0.88,0,3.824,0.252,0.96364796,3221,637,0,-
18:56:59.808,snap,default,com.android.launcher,discharging,1,37.9,43.4,85,95,1,10.71,0.81,0.72,0,3.831,0.172,0.65893203,3221,637,0,-
18:57:03.405,snap,default,com.android.launcher,discharging,1,37.9,41.4,100,95,1,11.12,1.02,0.59,0,3.829,0.12,0.45948,10758,4385,0,-
18:57:04.406,snap,default,com.android.launcher,discharging,1,37.9,41.4,100,95,1,11.12,1.02,0.59,0,3.83,0.208,0.79664,10758,4385,0,-
18:57:05.406,snap,default,com.android.launcher,discharging,1,37.9,41.4,100,95,1,10.92,1.02,0.48,0,3.834,0.128,0.49075204,6197,1804,0,-
18:57:06.406,snap,default,com.android.launcher,discharging,1,37.9,41.4,100,95,1,10.92,1.02,0.48,0,3.823,0.262,1.001626,6197,1804,0,-
18:57:07.407,snap,default,com.android.launcher,discharging,1,37.9,41.4,100,95,1,10.21,0.83,0.39,0,3.838,0.128,0.49126405,1992,460,0,-
18:57:12.983,snap,default,com.android.launcher,discharging,1,37.9,41.4,100,95,1,10.21,0.83,0.39,0,3.835,0.09,0.34515002,1992,460,0,-
18:57:13.983,snap,default,com.android.launcher,discharging,1,37.9,41.4,100,95,1,10.53,0.68,0.32,0,3.813,0.232,0.88461596,10761,4100,0,-
18:57:14.984,snap,default,com.android.launcher,discharging,1,37.9,41.4,100,95,1,10.53,0.68,0.32,0,3.703,1.672,6.1914163,10761,4100,0,-
18:57:16.012,snap,default,com.android.launcher,discharging,1,37.9,41.4,100,95,1,23.84,0.92,0.62,23,3.729,1.858,6.9284825,37174,19563,0,-
18:57:17.004,snap,default,com.android.launcher,discharging,1,37.9,41.4,100,95,1,23.84,0.92,0.62,35,3.71,1.714,6.35894,37174,19563,0,-
18:57:18.004,snap,default,com.android.launcher,discharging,1,37.7,41.4,100,95,1,31.29,0.93,0.69,41,3.752,1.172,4.397344,29751,15236,0,-
18:57:19.004,snap,default,com.android.launcher,discharging,1,37.7,41.4,100,95,1,31.29,0.93,0.69,49,3.751,1.452,5.446452,29751,15236,0,-
18:57:20.006,snap,default,com.android.launcher,discharging,1,37.7,41.4,100,95,1,37.04,0.94,0.75,25,3.67,2.348,8.617161,36911,17852,0,-
18:57:21.006,snap,default,com.android.launcher,discharging,1,37.7,41.4,100,95,1,37.04,0.94,0.75,18,3.664,2.82,10.3324795,36911,17852,0,-
18:57:22.012,snap,default,com.tencent.mobileqq,discharging,1,37.7,41.4,100,95,1,39.2,2.04,1.88,13,3.707,1.918,7.110026,38978,14768,0,-
18:57:23.013,snap,default,com.tencent.mobileqq,discharging,1,37.7,41.4,100,95,1,39.2,2.04,1.88,15,3.769,1.204,4.537876,38978,14768,0,-
18:57:24.013,snap,default,com.tencent.mobileqq,discharging,1,37.7,41.4,100,95,1,36.09,1.85,1.9,17,3.745,1.406,5.26547,23642,11891,0,-
18:57:25.013,snap,default,com.tencent.mobileqq,discharging,1,37.7,41.4,100,95,1,36.09,1.85,1.9,32,3.727,1.35,5.0314503,23642,11891,0,-
18:57:26.014,snap,default,com.tencent.mobileqq,discharging,1,37.7,41.4,100,95,1,33.9,1.7,1.55,19,3.759,1.13,4.24767,25286,13173,0,-
18:57:27.015,snap,default,com.tencent.mobileqq,discharging,1,37.7,41.4,100,95,1,31.38,1.57,1.27,22,3.759,1.238,4.653642,25286,13173,0,-
18:57:28.017,snap,default,com.tencent.mobileqq,discharging,1,37.7,41.4,100,95,1,31.38,1.57,1.27,20,3.727,1.206,4.494762,27805,16118,0,-
18:57:29.018,snap,default,com.tencent.mobileqq,discharging,1,37.7,41.4,100,95,1,34.75,1.28,1.04,18,3.727,1.206,4.494762,27805,16118,0,-
18:57:30.018,snap,default,com.tencent.mobileqq,discharging,1,37.7,41.4,100,95,1,34.75,1.28,1.04,18,3.774,1.196,4.513704,13848,6068,0,-
18:57:31.019,snap,default,com.android.launcher,discharging,1,37.7,44.4,100,95,1,34.75,1.28,1.04,1,3.804,0.536,2.038944,13848,6068,0,-
18:57:32.020,snap,default,com.android.launcher,discharging,1,37.7,47.4,100,95,1,29.54,1.05,0.85,1,3.81,0.396,1.50876,13848,6068,0,-
18:57:33.020,snap,default,com.android.launcher,discharging,1,37.7,48.1,100,95,1,29.54,1.05,0.85,0,3.817,0.29,1.1069299,6420,2100,0,-
18:57:34.020,snap,default,com.android.launcher,discharging,1,37.7,48.1,100,95,1,25.82,0.86,0.7,0,3.81,0.38,1.4477999,6420,2100,0,-
18:57:35.021,snap,default,com.android.launcher,discharging,1,37.7,48.1,100,95,1,25.82,0.86,0.7,0,3.806,0.394,1.4995639,6993,2722,0,-
18:57:36.021,snap,default,com.android.launcher,discharging,1,37.7,51.1,100,95,1,25.85,0.7,0.57,25,3.723,1.332,4.9590364,6993,2722,0,-
18:57:37.021,snap,default,com.tencent.mobileqq,discharging,1,37.7,54.1,100,95,1,25.85,0.7,0.57,28,3.736,1.578,5.8954077,30212,15489,0,-
18:57:38.021,snap,default,com.tencent.mobileqq,discharging,1,37.7,57.1,100,95,1,25.88,0.75,0.46,30,3.744,1.188,4.4478717,30212,15489,0,-
18:57:39.021,snap,default,com.tencent.mobileqq,discharging,1,37.7,56.8,100,95,1,25.88,0.75,0.46,31,3.769,1.004,3.784076,22058,13703,0,-
18:57:40.022,snap,default,com.tencent.mobileqq,discharging,1,37.7,56,100,95,1,24.27,0.62,0.38,30,3.768,0.926,3.489168,22058,13703,0,-
18:57:41.023,snap,default,com.tencent.mobileqq,discharging,1,37.7,55.6,100,95,1,24.27,0.62,0.38,30,3.772,0.814,3.070408,18277,11845,0,-
18:57:42.023,snap,default,com.tencent.mobileqq,discharging,1,37.7,55.2,100,95,1,22.59,0.5,0.31,28,3.771,0.946,3.567366,18277,11845,0,-
18:57:43.023,snap,default,com.tencent.mobileqq,discharging,1,37.7,54.4,100,95,1,22.59,0.5,0.31,26,3.766,0.892,3.359272,19556,12044,0,-
18:57:44.027,snap,default,com.tencent.mobileqq,discharging,1,37.7,54.4,100,95,1,21.21,0.41,0.25,29,3.774,0.864,3.260736,19556,12044,0,-
18:57:45.028,snap,default,com.tencent.mobileqq,discharging,1,37.7,54.4,100,95,1,21.21,0.41,0.25,23,3.69,1.922,7.0921803,23198,12604,0,-
18:57:46.034,snap,default,com.tencent.mobileqq,discharging,1,37.7,54.4,100,95,1,25.88,0.88,1.29,46,3.655,2.814,10.28517,23198,12604,0,-
18:57:47.053,snap,default,com.tencent.mobileqq,discharging,1,37.7,54.4,100,95,1,25.88,0.88,1.29,43,3.65,2.968,10.8332,45213,11537,0,-
18:57:48.051,snap,default,com.tencent.mobileqq,discharging,1,37.7,54.4,100,95,1,34.96,1.81,5.22,33,3.654,2.8,10.2312,45213,11537,0,-
18:57:49.052,snap,default,com.tencent.mobileqq,discharging,1,37.7,54.4,100,95,1,34.96,1.81,5.22,17,3.631,2.944,10.689664,42928,12724,0,-
18:57:50.052,snap,default,com.tencent.mobileqq,discharging,1,37.7,54.4,100,95,1,39.5,2.38,9.35,37,3.632,3.034,11.019487,42928,12724,0,-
18:57:51.052,snap,default,com.tencent.mobileqq,discharging,1,37.7,54.4,100,95,1,39.5,2.38,9.35,29,3.716,1.962,7.290792,34488,14082,0,-
18:57:52.052,snap,default,com.tencent.mobileqq,discharging,1,37.7,57.4,100,95,1,39.04,2.5,8.74,25,3.737,1.422,5.314014,34488,14082,0,-
18:57:53.053,snap,default,com.tencent.mobileqq,discharging,1,37.8,60.4,100,95,1,39.04,2.5,8.74,24,3.746,1.228,4.600088,20314,11538,0,-
18:57:54.053,snap,default,com.tencent.mobileqq,discharging,1,37.8,63.4,100,95,1,35.05,2.04,7.34,20,3.74,1.414,5.28836,20314,11538,0,-
18:57:55.053,snap,default,com.tencent.mobileqq,discharging,1,37.8,64.3,100,95,1,35.05,2.04,7.34,19,3.731,1.248,4.656288,16389,8482,0,-
18:57:56.053,snap,default,com.tencent.mobileqq,discharging,1,37.8,62.3,100,95,1,31.42,1.67,6.01,19,3.776,0.828,3.126528,16389,8482,0,-
18:57:57.053,snap,default,com.tencent.mobileqq,discharging,1,37.8,59.9,100,95,1,27.9,1.37,4.92,17,3.768,0.816,3.074688,14560,7280,0,-
18:57:58.054,snap,default,com.tencent.mobileqq,discharging,1,37.8,58.8,100,95,1,27.9,1.37,4.92,16,3.779,0.844,3.189476,14560,7280,0,-
18:57:59.054,snap,default,com.tencent.mobileqq,discharging,1,37.8,58.4,100,95,1,24.84,1.12,4.03,18,3.779,0.844,3.189476,14560,7280,0,-
18:58:00.054,snap,default,com.tencent.mobileqq,discharging,1,37.8,57.2,100,95,1,24.84,1.12,4.03,18,3.777,0.778,2.938506,13868,6647,0,-
18:58:01.056,snap,default,com.tencent.mobileqq,discharging,1,37.8,57.2,100,95,1,24.84,1.12,4.03,18,3.778,0.802,3.029956,13868,6647,0,-
18:58:02.056,snap,default,com.tencent.mobileqq,discharging,1,37.8,57.6,100,95,1,23.05,0.91,3.3,21,3.752,1.094,4.104688,18335,10047,0,-
18:58:03.057,snap,default,com.tencent.mobileqq,discharging,1,37.8,58.8,100,95,1,23.05,0.91,3.3,30,3.775,0.976,3.6844,18335,10047,0,-
18:58:04.057,snap,default,com.tencent.mobileqq,discharging,1,37.8,59.2,100,95,1,20.87,0.75,2.7,25,3.777,0.902,3.406854,16976,8731,0,-
18:58:05.057,snap,default,com.tencent.mobileqq,discharging,1,37.8,59.2,100,95,1,20.87,0.75,2.7,27,3.764,1.062,3.997368,16976,8731,0,-
18:58:06.057,snap,default,com.tencent.mobileqq,discharging,1,37.8,58,100,95,1,19.99,0.61,2.21,22,3.776,0.908,3.428608,16680,8679,0,-
18:58:07.058,snap,default,com.tencent.mobileqq,discharging,1,37.8,56,100,95,1,19.99,0.61,2.21,17,3.781,0.868,3.2819078,16680,8679,0,-
18:58:08.057,snap,default,com.tencent.mobileqq,discharging,1,37.8,55.2,100,95,1,18.9,0.5,1.81,12,3.777,0.816,3.082032,15582,7775,0,-
18:58:09.057,snap,default,com.tencent.mobileqq,discharging,1,37.8,55.6,100,95,1,18.9,0.5,1.81,14,3.773,0.844,3.184412,15582,7775,0,-
18:58:10.058,snap,default,com.tencent.mobileqq,discharging,1,37.9,55.2,100,95,1,17.65,0.41,1.48,13,3.779,0.77,2.9098299,13651,6476,0,-
18:58:11.058,snap,default,com.tencent.mobileqq,discharging,1,37.9,55.6,100,95,1,17.65,0.41,1.48,12,3.783,0.722,2.731326,13651,6476,0,-
18:58:12.058,snap,default,com.tencent.mobileqq,discharging,1,37.9,55.6,100,95,1,16.62,0.33,1.21,10,3.765,0.918,3.45627,15510,7957,0,-
18:58:13.058,snap,default,com.tencent.mobileqq,discharging,1,37.9,55.6,100,95,1,16.62,0.33,1.21,26,3.761,0.904,3.3999438,15510,7957,0,-
18:58:14.058,snap,default,com.tencent.mobileqq,discharging,1,37.9,55.6,100,95,1,16.15,0.27,0.99,29,3.773,0.912,3.440976,16479,9289,0,-
18:58:15.060,snap,default,com.tencent.mobileqq,discharging,1,37.9,55.6,100,95,1,16.15,0.27,0.99,22,3.777,0.844,3.1877878,16479,9289,0,-
18:58:16.060,snap,default,com.tencent.mobileqq,discharging,1,37.9,58,100,95,1,15.58,0.22,0.81,19,3.77,0.932,3.51364,16215,8634,0,-
18:58:17.064,snap,default,com.tencent.mobileqq,discharging,1,37.9,58,100,95,1,15.58,0.22,0.81,20,3.768,0.992,3.737856,16215,8634,0,-
18:58:18.064,snap,default,com.tencent.mobileqq,discharging,1,37.9,57.6,100,95,1,15.47,0.18,0.66,27,3.759,1.078,4.0522017,19798,11888,0,-
18:58:19.064,snap,default,com.tencent.mobileqq,discharging,1,37.9,57.6,100,95,1,15.47,0.18,0.66,40,3.731,1.344,5.014464,19798,11888,0,-
18:58:20.064,snap,default,com.tencent.mobileqq,discharging,1,37.9,57.6,100,95,1,16.47,0.15,0.54,42,3.737,1.274,4.760938,21721,12460,0,-
18:58:21.069,snap,default,com.tencent.mobileqq,discharging,1,37.9,57.6,100,95,1,16.47,0.15,0.54,23,3.767,0.982,3.699194,21721,12460,0,-
18:58:22.069,snap,default,com.tencent.mobileqq,discharging,1,37.9,56,100,95,1,15.84,0.12,0.44,22,3.774,0.87,3.28338,15923,7975,0,-
18:58:23.069,snap,default,com.tencent.mobileqq,discharging,1,37.9,56.8,100,95,1,15.84,0.12,0.44,21,3.772,0.8,3.0176,15923,7975,0,-
18:58:24.069,snap,default,com.tencent.mobileqq,discharging,1,37.9,56.8,100,95,1,15.33,0.1,0.36,29,3.752,1.07,4.0146403,18894,10990,0,-
18:58:25.070,snap,default,com.tencent.mobileqq,discharging,1,37.9,58.4,100,95,1,15.33,0.1,0.36,23,3.755,1.118,4.19809,18894,10990,0,-
18:58:26.071,snap,default,com.tencent.mobileqq,discharging,1,37.9,60.7,100,95,1,15.81,0.08,0.29,25,3.731,1.42,5.29802,18894,10990,0,-
18:58:27.071,snap,default,com.tencent.mobileqq,discharging,1,38,60.7,100,95,1,15.81,0.08,0.29,22,3.776,0.914,3.451264,20937,12758,0,-
18:58:28.072,snap,default,com.tencent.mobileqq,discharging,1,38,58.4,100,95,1,16.21,0.06,0.24,21,3.769,0.914,3.444866,20937,12758,0,-
18:58:29.073,snap,default,com.tencent.mobileqq,discharging,1,38,58.4,100,95,1,16.21,0.06,0.24,25,3.775,0.91,3.4352503,18571,10879,0,-
18:58:30.073,snap,default,com.tencent.mobileqq,discharging,1,38,58.4,100,95,1,16.17,0.05,0.2,22,3.777,0.864,3.263328,18571,10879,0,-
18:58:31.073,snap,default,com.tencent.mobileqq,discharging,1,38,58.8,100,95,1,16.17,0.05,0.2,33,3.741,1.12,4.18992,16109,8792,0,-
18:58:32.074,snap,default,com.tencent.mobileqq,discharging,1,38,56.8,100,95,1,15.95,0.04,0.16,24,3.741,1.12,4.18992,16109,8792,0,-
18:58:33.074,snap,default,com.tencent.mobileqq,discharging,1,38,58.4,100,95,1,15.95,0.04,0.16,24,3.773,0.894,3.373062,17952,10284,0,-
18:58:34.074,snap,default,com.tencent.mobileqq,discharging,1,38,56,100,95,1,15.6,0.03,0.13,28,3.761,0.936,3.5202959,17952,10284,0,-
18:58:35.074,snap,default,com.tencent.mobileqq,discharging,1,38,58.4,100,95,1,15.6,0.03,0.13,24,3.759,1.004,3.774036,17580,9851,0,-
18:58:36.074,snap,default,com.tencent.mobileqq,discharging,1,38,58.4,100,95,1,15.49,0.02,0.1,23,3.767,0.92,3.46564,17580,9851,0,-
18:58:37.075,snap,default,com.tencent.mobileqq,discharging,1,38,59.9,100,95,1,15.49,0.02,0.1,31,3.76,1.18,4.4368,18707,9664,0,-
18:58:38.075,snap,default,com.tencent.mobileqq,discharging,1,38,59.9,100,95,1,15.4,0.02,0.08,39,3.745,1.304,4.88348,18707,9664,0,-
18:58:39.076,snap,default,com.tencent.mobileqq,discharging,1,38,59.2,100,95,1,15.4,0.02,0.08,42,3.752,1.122,4.209744,22954,14175,0,-
18:58:40.097,snap,default,com.tencent.mobileqq,discharging,1,38,59.2,100,95,1,15.33,0.01,0.07,40,3.755,1.092,4.10046,22954,14175,0,-
18:58:41.084,snap,default,com.tencent.mobileqq,discharging,1,38,59.2,100,95,1,15.33,0.01,0.07,36,3.715,1.516,5.63194,31283,17139,0,-
18:58:42.082,snap,default,com.tencent.mobileqq,discharging,1,38,59.2,100,95,1,20.52,0.19,0.05,24,3.677,1.976,7.265752,31283,17139,0,-
18:58:43.082,snap,default,com.tencent.mobileqq,discharging,1,38.1,59.2,100,95,1,20.52,0.19,0.05,16,3.658,2.442,8.932836,40647,16887,0,-
18:58:44.089,snap,default,com.microsoft.emmx.beta,discharging,1,38.1,59.2,100,95,1,28.58,0.88,2.58,23,3.655,2.75,10.0512495,40647,16887,0,-
18:58:45.091,snap,default,com.microsoft.emmx.beta,discharging,1,38.1,59.2,100,95,1,28.58,0.88,2.58,19,3.623,3.1,11.231299,47156,12816,0,-
18:58:46.091,snap,default,com.microsoft.emmx.beta,discharging,1,38.1,59.2,100,95,1,39.52,1.63,9.18,51,3.617,3.122,11.292274,47156,12816,0,-
18:58:47.092,snap,default,com.android.launcher,discharging,1,38.1,59.2,100,95,1,39.52,1.63,9.18,67,3.672,2.528,9.282816,34794,11752,0,-
18:58:48.097,snap,default,com.android.launcher,discharging,1,38.2,59.2,100,95,1,43.23,1.69,9.14,78,3.668,2.268,8.319023,34794,11752,0,-
18:58:49.096,snap,default,com.android.launcher,discharging,1,38.2,59.2,100,95,1,43.23,1.69,9.14,77,3.665,2.744,10.05676,41624,21902,0,-
18:58:50.096,snap,default,com.android.launcher,discharging,1,38.2,62.2,100,95,1,42.83,2.11,8.75,74,3.73,1.536,5.72928,41624,21902,0,-
18:58:51.096,snap,default,com.android.launcher,discharging,1,38.2,64.3,100,95,1,42.83,2.11,8.75,57,3.744,1.198,4.485312,28536,16274,0,-
18:58:52.097,snap,default,com.android.launcher,discharging,1,38.2,67.3,100,95,1,38.51,1.73,7.17,54,3.726,0.99,3.68874,28536,16274,0,-
18:58:53.097,snap,default,com.android.launcher,discharging,1,38.2,68.6,100,95,1,38.51,1.73,7.17,54,3.686,2.128,7.843808,28536,16274,0,-
18:58:54.097,snap,default,com.android.launcher,discharging,1,38.3,68.6,100,95,1,38.42,2.14,7.32,34,3.756,1.114,4.184184,30602,12721,0,-
18:58:55.097,snap,default,com.asus.aihome,discharging,1,38.3,65.6,100,95,1,38.42,2.14,7.32,10,3.76,0.84,3.1583998,30602,12721,0,-
18:58:56.098,snap,default,com.asus.aihome,discharging,1,38.3,62.6,100,95,1,34.72,1.93,5.99,10,3.784,0.54,2.04336,19594,8443,0,-
18:58:57.099,snap,default,com.asus.aihome,discharging,1,38.3,59.6,100,95,1,34.72,1.93,5.99,10,3.801,0.426,1.6192261,19594,8443,0,-
18:58:58.102,snap,default,com.asus.aihome,discharging,1,38.3,56.6,100,95,1,30.42,1.58,5.09,2,3.809,0.422,1.6073979,10817,3822,0,-
18:58:59.103,snap,default,com.asus.aihome,discharging,1,38.3,54,100,95,1,30.42,1.58,5.09,0,3.809,0.422,1.6073979,10817,3822,0,-
18:59:00.103,snap,default,com.asus.aihome,discharging,1,38.3,53.6,100,95,1,30.42,1.58,5.09,0,3.803,0.492,1.871076,8873,3540,0,-
18:59:01.103,snap,default,com.asus.aihome,discharging,1,38.3,54,100,95,1,27.62,1.29,4.16,0,3.807,0.388,1.477116,8873,3540,0,-
18:59:02.103,snap,default,com.asus.aihome,discharging,1,38.3,54.4,100,95,1,24.97,1.42,3.59,0,3.78,0.778,2.94084,18139,5895,0,-
18:59:03.103,snap,default,com.asus.aihome,discharging,1,38.3,54.4,100,95,1,24.97,1.42,3.59,0,3.771,0.814,3.069594,18139,5895,0,-
18:59:04.103,snap,default,com.asus.aihome,discharging,1,38.3,53.6,100,95,1,22.62,1.16,3.66,3,3.791,0.574,2.176034,12111,4948,0,-
18:59:05.104,snap,default,com.asus.aihome,discharging,1,38.3,53.2,100,95,1,22.62,1.16,3.66,3,3.792,0.526,1.9945921,12111,4948,0,-
18:59:06.104,snap,default,com.asus.aihome,discharging,1,38.3,53.2,100,95,1,21.06,0.95,3,7,3.8,0.47,1.786,13204,7008,0,-
18:59:07.106,snap,default,com.asus.aihome,discharging,1,38.3,54.8,100,95,1,21.06,0.95,3,7,3.776,0.722,2.726272,13204,7008,0,-
18:59:08.104,snap,default,com.asus.aihome,discharging,1,38.3,54.8,100,95,1,20.32,0.78,2.82,23,3.769,1.034,3.8971462,22888,12876,0,-
18:59:09.105,snap,default,com.asus.aihome,discharging,1,38.4,54.4,100,95,1,20.32,0.78,2.82,26,3.787,0.776,2.9387121,22888,12876,0,-
18:59:10.105,snap,default,com.asus.aihome,discharging,1,38.4,51.4,100,95,1,19.72,0.63,2.3,26,3.804,0.364,1.384656,10131,5054,0,-
18:59:11.105,snap,default,com.asus.aihome,discharging,1,38.4,51.3,100,95,1,19.72,0.63,2.3,0,3.809,0.328,1.2493521,10131,5054,0,-
18:59:12.107,snap,default,com.asus.aihome,discharging,1,38.4,51.3,100,95,1,18.32,0.52,1.89,7,3.794,0.552,2.0942879,10916,4313,0,-
18:59:13.109,snap,default,com.asus.aihome,discharging,1,38.4,51.3,100,95,1,18.32,0.52,1.89,0,3.789,0.474,1.795986,10916,4313,0,-
18:59:14.109,snap,default,com.asus.aihome,discharging,1,38.4,49.7,100,95,1,16.99,0.42,1.54,0,3.807,0.348,1.3248359,10203,4591,0,-
18:59:15.109,snap,default,com.asus.aihome,discharging,1,38.4,49.7,100,95,1,16.99,0.42,1.54,0,3.806,0.426,1.621356,10203,4591,0,-
18:59:16.110,snap,default,com.asus.aihome,discharging,1,38.4,48.9,100,95,1,15.54,0.35,1.26,0,3.809,0.296,1.127464,6477,2417,0,-
18:59:17.110,snap,default,com.asus.aihome,discharging,1,38.4,48.9,100,95,1,15.54,0.35,1.26,5,3.797,0.42,1.5947399,6477,2417,0,-
18:59:18.110,snap,default,com.asus.aihome,discharging,1,38.4,50.1,100,95,1,15.44,0.28,1.03,3,3.793,0.656,2.488208,6477,2417,0,-
18:59:19.111,snap,default,com.asus.aihome,discharging,1,38.4,50.5,100,95,1,15.44,0.28,1.03,3,3.791,0.78,2.9569798,18007,8934,0,-
18:59:20.111,snap,default,com.asus.aihome,discharging,1,38.4,50.5,100,95,1,15.36,0.41,1.39,3,3.8,0.502,1.9075999,18007,8934,0,-
18:59:21.111,snap,default,com.asus.aihome,discharging,1,38.4,50.1,100,95,1,15.36,0.41,1.39,3,3.793,0.568,2.154424,16153,7617,0,-
18:59:22.111,snap,default,com.asus.aihome,discharging,1,38.4,50.1,100,95,1,14.93,0.34,1.32,3,3.799,0.528,2.005872,16153,7617,0,-
18:59:23.111,snap,default,com.asus.aihome,discharging,1,38.4,49.3,100,95,1,14.93,0.34,1.32,0,3.808,0.402,1.5308161,12297,5303,0,-
18:59:24.112,snap,default,com.asus.aihome,discharging,1,38.4,48.5,100,95,1,13.86,0.45,1.08,0,3.804,0.362,1.3770479,12297,5303,0,-
18:59:25.112,snap,default,com.asus.aihome,discharging,1,38.4,47.7,100,95,1,13.86,0.45,1.08,0,3.802,0.33,1.25466,5390,2281,0,-
18:59:26.112,snap,default,com.asus.aihome,discharging,1,38.4,47.3,100,95,1,12.8,0.37,1.24,0,3.812,0.316,1.2045921,5390,2281,0,-
18:59:27.113,snap,default,com.asus.aihome,discharging,1,38.4,46.9,100,95,1,12.8,0.37,1.24,0,3.804,0.4,1.5216,5317,2108,0,-
18:59:28.115,snap,default,com.asus.aihome,discharging,1,38.4,46.9,100,95,1,12.29,0.3,1.02,3,3.804,0.4,1.5216,5317,2108,0,-
18:59:29.113,snap,default,com.asus.aihome,discharging,1,38.5,46.9,100,95,1,12.29,0.3,1.02,3,3.764,0.834,3.139176,20892,10083,0,-
18:59:30.114,snap,default,com.asus.aihome,discharging,1,38.5,49.7,100,95,1,12.29,0.3,1.02,17,3.73,1.386,5.1697803,20892,10083,0,-
18:59:31.114,snap,default,com.asus.aihome,discharging,1,38.5,49.7,100,95,1,15.86,0.43,1.56,17,3.809,0.432,1.645488,11537,5066,0,-
18:59:32.114,snap,default,com.asus.aihome,discharging,1,38.5,49.3,100,95,1,14.61,0.35,1.27,6,3.794,0.458,1.737652,11537,5066,0,-
18:59:33.116,snap,default,com.asus.aihome,discharging,1,38.5,48.1,100,95,1,14.61,0.35,1.27,0,3.807,0.45,1.7131499,9113,4544,0,-
18:59:34.116,snap,default,com.asus.aihome,discharging,1,38.5,47.7,100,95,1,13.6,0.29,1.04,0,3.818,0.288,1.099584,9113,4544,0,-
18:59:35.117,snap,default,com.asus.aihome,discharging,1,38.5,47.7,100,95,1,13.6,0.29,1.04,0,3.814,0.414,1.578996,7220,3254,0,-
18:59:36.116,snap,default,com.asus.aihome,discharging,1,38.5,49.7,100,95,1,13.49,0.23,0.85,3,3.807,0.528,2.0100958,7220,3254,0,-
18:59:37.117,snap,default,com.asus.aihome,discharging,1,38.5,51.7,100,95,1,13.49,0.23,0.85,3,3.783,0.894,3.3820019,20788,9963,0,-
18:59:38.117,snap,default,com.asus.aihome,discharging,1,38.5,51.7,100,95,1,14.3,0.37,1.06,5,3.782,0.726,2.745732,20788,9963,0,-
18:59:39.117,snap,default,com.asus.aihome,discharging,1,38.6,51.7,100,95,1,14.3,0.37,1.06,5,3.804,0.466,1.772664,15327,8776,0,-
18:59:40.118,snap,default,com.asus.aihome,discharging,1,38.6,49.7,100,95,1,14.79,0.3,0.87,16,3.765,0.812,3.05718,15327,8776,0,-
18:59:41.119,snap,default,com.asus.aihome,discharging,1,38.6,49.7,100,95,1,14.79,0.3,0.87,17,3.781,0.662,2.503022,16406,8808,0,-
18:59:42.120,snap,default,com.asus.aihome,discharging,1,38.6,48.9,100,95,1,14.29,0.25,0.71,0,3.813,0.416,1.586208,16406,8808,0,-
18:59:43.120,snap,default,com.asus.aihome,discharging,1,38.6,48.1,100,95,1,14.29,0.25,0.71,0,3.808,0.34,1.29472,6924,3063,0,-
18:59:44.121,snap,default,com.asus.aihome,discharging,1,38.6,48.1,100,95,1,13.69,0.2,0.58,18,3.794,0.504,1.912176,6924,3063,0,-
18:59:45.121,snap,default,com.asus.aihome,discharging,1,38.6,48.1,100,95,1,13.69,0.2,0.58,18,3.806,0.466,1.7735959,6924,3063,0,-
18:59:46.121,snap,default,com.asus.aihome,discharging,1,38.6,47.3,100,95,1,13.38,0.16,0.47,17,3.806,0.316,1.2026961,9985,5573,0,-
18:59:47.123,snap,default,com.asus.aihome,discharging,1,38.6,46.9,100,95,1,13.38,0.16,0.47,0,3.805,0.362,1.3774099,9985,5573,0,-
18:59:48.123,snap,default,com.asus.aihome,discharging,1,38.6,47.3,100,95,1,12.59,0.13,0.39,0,3.801,0.366,1.391166,4858,1813,0,-
18:59:49.124,snap,default,com.asus.aihome,discharging,1,38.6,46.9,100,95,1,12.59,0.13,0.39,0,3.791,0.542,2.0547218,4858,1813,0,-
18:59:50.124,snap,default,com.asus.aihome,discharging,1,38.6,47.3,100,95,1,11.39,0.11,0.31,0,3.808,0.3,1.1424,5591,2087,0,-
18:59:51.126,snap,default,com.asus.aihome,discharging,1,38.6,46.9,100,95,1,11.39,0.11,0.31,0,3.8,0.548,2.0823998,5591,2087,0,-
18:59:52.126,snap,default,com.asus.aihome,discharging,1,38.6,46.9,100,95,1,10.78,0.63,1.16,0,3.808,0.374,1.4241921,9480,2625,0,-
18:59:53.127,snap,default,com.asus.aihome,discharging,1,38.6,46.9,100,95,1,10.78,0.63,1.16,0,3.812,0.356,1.357072,9480,2625,0,-
18:59:54.127,snap,default,com.asus.aihome,discharging,1,38.6,45.7,100,95,1,10.45,0.52,0.95,0,3.813,0.352,1.342176,6404,2503,0,-
18:59:55.129,snap,default,com.asus.aihome,discharging,1,38.6,45.7,100,95,1,10.45,0.52,0.95,0,3.815,0.302,1.15213,6404,2503,0,-
18:59:56.130,snap,default,com.asus.aihome,discharging,1,38.6,45.7,100,95,1,10.01,0.42,0.78,0,3.812,0.324,1.235088,4820,1693,0,-
18:59:57.131,snap,default,com.asus.aihome,discharging,1,38.6,45.7,100,95,1,10.01,0.42,0.78,0,3.812,0.324,1.235088,4820,1693,0,-
18:59:58.131,snap,default,com.asus.aihome,discharging,1,38.6,45.3,100,95,1,10.01,0.42,0.78,0,3.815,0.29,1.10635,4666,1786,0,-
18:59:59.132,snap,default,com.asus.aihome,discharging,1,38.6,45.3,100,95,1,9.64,0.34,0.64,0,3.813,0.312,1.189656,4666,1786,0,-
19:00:00.132,snap,default,com.asus.aihome,discharging,1,38.6,45.3,100,95,1,9.64,0.34,0.64,0,3.812,0.326,1.242712,5692,2407,0,-
19:00:01.134,snap,default,com.asus.aihome,discharging,1,38.6,45.3,100,95,1,9.53,0.28,0.52,0,3.801,0.402,1.5280021,5692,2407,0,-
19:00:02.134,snap,default,com.asus.aihome,discharging,1,38.6,45.3,100,95,1,9.61,0.23,0.42,0,3.813,0.388,1.479444,7351,2783,0,-
19:00:03.134,snap,default,com.asus.aihome,discharging,1,38.6,45.3,100,95,1,9.61,0.23,0.42,0,3.815,0.32,1.2208,7351,2783,0,-
19:00:04.135,snap,default,com.asus.aihome,discharging,1,38.6,45.3,100,95,1,9.32,0.19,0.35,0,3.815,0.388,1.4802201,5866,2281,0,-
19:00:05.137,snap,default,com.asus.aihome,discharging,1,38.6,45.3,100,95,1,9.32,0.19,0.35,0,3.811,0.38,1.4481801,5866,2281,0,-
19:00:06.137,snap,default,com.asus.aihome,discharging,1,38.6,46.1,100,95,1,9.26,0.15,0.28,0,3.818,0.28,1.0690401,4662,1622,0,-
19:00:07.139,snap,default,com.asus.aihome,discharging,1,38.6,44.9,100,95,1,9.26,0.15,0.28,0,3.808,0.378,1.439424,4662,1622,0,-
19:00:08.139,snap,default,com.asus.aihome,discharging,1,38.6,44.9,100,95,1,9.21,0.12,0.23,0,3.815,0.28,1.0682,5243,1939,0,-
19:00:09.141,snap,default,com.asus.aihome,discharging,1,38.6,44.9,100,95,1,9.21,0.12,0.23,0,3.815,0.312,1.1902801,5243,1939,0,-
19:00:10.141,snap,default,com.asus.aihome,discharging,1,38.6,44.9,100,95,1,8.99,0.1,0.19,0,3.815,0.262,0.99953,5205,2005,0,-
19:00:11.141,snap,default,com.asus.aihome,discharging,1,38.6,45.3,100,95,1,8.99,0.1,0.19,0,3.809,0.35,1.33315,5205,2005,0,-
19:00:12.141,snap,default,com.asus.aihome,discharging,1,38.6,45.3,100,95,1,8.99,0.08,0.15,0,3.816,0.282,1.076112,5205,2005,0,-
19:00:13.142,snap,default,com.asus.aihome,discharging,1,38.6,45.3,100,95,1,8.99,0.08,0.15,0,3.796,0.514,1.951144,6730,2155,0,-
19:00:14.158,snap,default,com.asus.aihome,discharging,1,38.6,45.3,100,95,1,15.88,0.25,0.67,0,3.811,0.368,1.402448,6730,2155,0,-
19:00:15.159,snap,default,com.asus.aihome,discharging,1,38.6,45.7,100,95,1,15.88,0.25,0.67,0,3.809,0.368,1.4017121,6480,1418,0,-
19:00:16.160,snap,default,com.asus.aihome,discharging,1,38.6,45.7,100,95,1,17.71,0.2,0.54,0,3.809,0.366,1.394094,6480,1418,0,-
19:00:17.160,snap,default,com.asus.aihome,discharging,1,38.6,44.9,100,95,1,17.71,0.2,0.54,0,3.809,0.324,1.234116,6123,2306,0,-
19:00:18.160,snap,default,com.asus.aihome,discharging,1,38.6,44.9,100,95,1,16.13,0.16,0.45,2,3.808,0.31,1.18048,6123,2306,0,-
19:00:19.161,snap,default,com.asus.aihome,discharging,1,38.5,44.6,100,95,1,16.13,0.16,0.45,0,3.813,0.278,1.060014,6021,2337,0,-
19:00:20.163,snap,default,com.asus.aihome,discharging,1,38.5,44.6,100,95,1,14.66,0.13,0.36,0,3.811,0.282,1.074702,6021,2337,0,-
19:00:21.165,snap,default,com.asus.aihome,discharging,1,38.5,44.6,100,95,1,14.66,0.13,0.36,0,3.805,0.388,1.47634,4337,1478,0,-
19:00:22.165,snap,default,com.asus.aihome,discharging,1,38.5,44.6,100,95,1,13.27,0.11,0.3,0,3.814,0.296,1.128944,4337,1478,0,-
19:00:23.165,snap,default,com.asus.aihome,discharging,1,38.5,44.6,100,95,1,13.27,0.11,0.3,0,3.809,0.324,1.234116,4845,1633,0,-
19:00:24.166,snap,default,com.asus.aihome,discharging,1,38.5,44.6,100,95,1,12.67,0.09,0.24,0,3.81,0.326,1.24206,4845,1633,0,-
19:00:25.167,snap,default,com.asus.aihome,discharging,1,38.5,44.6,100,95,1,12.67,0.09,0.24,0,3.81,0.326,1.24206,8103,2636,0,-
19:00:26.169,snap,default,com.asus.aihome,discharging,1,38.5,44.2,100,95,1,12.67,0.09,0.24,0,3.817,0.374,1.4275581,8103,2636,0,-
19:00:27.169,snap,default,com.asus.aihome,discharging,1,38.5,44.2,100,95,1,12.01,0.07,0.2,0,3.812,0.276,1.052112,5601,2225,0,-
19:00:28.171,snap,default,com.asus.aihome,discharging,1,38.5,44.2,100,95,1,12.01,0.07,0.2,0,3.815,0.316,1.2055401,5601,2225,0,-
19:00:29.172,snap,default,com.asus.aihome,discharging,1,38.5,44.2,100,95,1,11.64,0.06,0.16,0,3.815,0.346,1.3199899,7705,2858,0,-
19:00:30.173,snap,default,com.asus.aihome,discharging,1,38.4,44.2,100,95,1,11.53,0.04,0.13,0,3.814,0.308,1.174712,7705,2858,0,-
19:00:31.173,snap,default,com.asus.aihome,discharging,1,38.4,44.6,100,95,1,11.53,0.04,0.13,0,3.816,0.318,1.213488,5423,1953,0,-
19:00:32.175,snap,default,com.asus.aihome,discharging,1,38.4,44.6,100,95,1,10.89,0.04,0.29,0,3.811,0.344,1.3109841,5423,1953,0,-
19:00:33.175,snap,default,com.asus.aihome,discharging,1,38.4,44.6,100,95,1,10.89,0.04,0.29,0,3.814,0.334,1.273876,7065,2886,0,-
19:00:34.175,snap,default,com.asus.aihome,discharging,1,38.4,44.6,100,95,1,10.36,0.03,0.23,0,3.813,0.334,1.2735419,7065,2886,0,-
19:00:35.176,snap,default,com.asus.aihome,discharging,1,38.4,45.3,100,95,1,10.36,0.03,0.23,0,3.791,0.53,2.00923,12891,4823,0,-
19:00:36.176,snap,default,com.asus.aihome,discharging,1,38.4,47.3,100,95,1,11.02,0.38,1.64,0,3.793,0.818,3.102674,12891,4823,0,-
19:00:37.177,snap,default,com.asus.aihome,discharging,1,38.4,47.3,100,95,1,11.02,0.38,1.64,0,3.775,0.684,2.5821002,13163,6202,0,-
19:00:38.177,snap,default,com.asus.aihome,discharging,1,38.4,46.5,100,95,1,11.56,0.31,1.7,0,3.799,0.544,2.066656,13163,6202,0,-
19:00:39.177,snap,default,com.asus.aihome,discharging,1,38.4,46.5,100,95,1,11.56,0.31,1.7,0,3.79,0.616,2.33464,13163,6202,0,-
19:00:40.179,snap,default,com.asus.aihome,discharging,1,38.4,46.5,100,95,1,12,0.26,2.12,0,3.802,0.714,2.714628,16058,8181,0,-
19:00:41.179,snap,default,com.asus.aihome,discharging,1,38.4,47.7,100,95,1,12,0.26,2.12,8,3.812,0.414,1.578168,16058,8181,0,-
19:00:42.179,snap,default,com.asus.aihome,discharging,1,38.4,47.7,100,95,1,12,0.21,1.73,22,3.794,0.658,2.4964519,11330,6651,0,-
19:00:43.182,snap,default,com.asus.aihome,discharging,1,38.4,47.7,100,95,1,12,0.21,1.73,22,3.796,0.612,2.323152,11330,6651,0,-
19:00:44.182,snap,default,com.asus.aihome,discharging,1,38.4,45.7,100,95,1,12.54,0.17,1.42,22,3.804,0.35,1.3313999,12709,7284,0,-
19:00:45.182,snap,default,com.asus.aihome,discharging,1,38.4,45.7,100,95,1,12.54,0.17,1.42,17,3.808,0.362,1.3784959,12709,7284,0,-
19:00:46.182,snap,default,com.asus.aihome,discharging,1,38.4,46.5,100,95,1,12.99,0.14,1.16,18,3.788,0.61,2.3106802,13950,7758,0,-
19:00:47.183,snap,default,com.asus.aihome,discharging,1,38.4,46.5,100,95,1,12.99,0.14,1.16,18,3.797,0.54,2.05038,13950,7758,0,-
19:00:48.183,snap,default,com.asus.aihome,discharging,1,38.4,46.1,100,95,1,13.53,0.11,0.95,0,3.802,0.384,1.459968,13596,7594,0,-
19:00:49.184,snap,default,com.asus.aihome,discharging,1,38.4,45.7,100,95,1,13.53,0.11,0.95,0,3.805,0.404,1.5372201,13596,7594,0,-
19:00:50.185,snap,default,com.asus.aihome,discharging,1,38.4,45.3,100,95,1,13.07,0.09,0.78,13,3.807,0.32,1.2182399,10482,4939,0,-
19:00:51.185,snap,default,com.asus.aihome,discharging,1,38.4,44.9,100,95,1,13.07,0.09,0.78,0,3.81,0.32,1.2191999,10482,4939,0,-
19:00:52.187,snap,default,com.asus.aihome,discharging,1,38.4,44.6,100,95,1,12.33,0.07,0.63,0,3.811,0.328,1.2500081,6485,2404,0,-
19:00:53.186,snap,default,com.asus.aihome,discharging,1,38.4,44.9,100,95,1,12.33,0.07,0.63,0,3.81,0.332,1.2649199,6485,2404,0,-
19:00:54.187,snap,default,com.asus.aihome,discharging,1,38.4,44.6,100,95,1,11.73,0.06,0.52,0,3.81,0.332,1.2649199,7576,2749,0,-
19:00:55.189,snap,default,com.asus.aihome,discharging,1,38.4,44.2,100,95,1,11.73,0.06,0.52,0,3.808,0.318,1.2109439,7576,2749,0,-
19:00:56.189,snap,default,com.asus.aihome,discharging,1,38.4,44.2,100,95,1,11.73,0.06,0.52,0,3.814,0.274,1.045036,6134,2433,0,-
19:00:57.191,snap,default,com.asus.aihome,discharging,1,38.4,44.6,100,95,1,11.23,0.05,0.42,0,3.812,0.338,1.288456,6134,2433,0,-
19:00:58.190,snap,default,com.asus.aihome,discharging,1,38.4,44.6,100,95,1,11.23,0.05,0.42,0,3.811,0.36,1.37196,7633,3084,0,-
19:00:59.193,snap,default,com.asus.aihome,discharging,1,38.4,45.7,100,95,1,10.65,0.04,0.35,2,3.805,0.47,1.78835,7633,3084,0,-
19:01:00.193,snap,default,com.asus.aihome,discharging,1,38.4,45.7,100,95,1,10.35,0.03,0.28,0,3.814,0.446,1.701044,6465,2596,0,-
19:01:01.194,snap,default,com.asus.aihome,discharging,1,38.4,44.9,100,95,1,10.35,0.03,0.28,0,3.806,0.336,1.278816,6465,2596,0,-
19:01:02.195,snap,default,com.asus.aihome,discharging,1,38.3,44.9,100,95,1,10.28,0.02,0.23,0,3.816,0.322,1.228752,5697,2230,0,-
19:01:03.197,snap,default,com.asus.aihome,discharging,1,38.3,44.2,100,95,1,10.28,0.02,0.23,0,3.816,0.332,1.266912,5697,2230,0,-
19:01:04.197,snap,default,com.asus.aihome,discharging,1,38.3,44.2,100,95,1,9.87,0.02,0.19,0,3.818,0.276,1.053768,5697,2230,0,-
19:01:05.199,snap,default,com.asus.aihome,discharging,1,38.3,43.8,100,95,1,9.87,0.02,0.19,0,3.811,0.364,1.387204,6408,2566,0,-
19:01:06.199,snap,default,com.asus.aihome,discharging,1,38.3,44.2,100,95,1,10.07,0.01,0.15,0,3.818,0.272,1.0384961,6408,2566,0,-
19:01:07.199,snap,default,com.asus.aihome,discharging,1,38.3,44.2,100,95,1,10.07,0.01,0.15,2,3.813,0.344,1.3116721,5557,2343,0,-
19:01:08.199,snap,default,com.asus.aihome,discharging,1,38.3,44.2,100,95,1,9.7,0.01,0.12,0,3.819,0.266,1.015854,5557,2343,0,-
19:01:09.199,snap,default,com.asus.aihome,discharging,1,38.3,43.8,100,95,1,9.7,0.01,0.12,0,3.811,0.354,1.349094,5467,2224,0,-
19:01:10.201,snap,default,com.asus.aihome,discharging,1,38.3,43.8,100,95,1,9.75,0.01,0.1,0,3.816,0.262,0.999792,5467,2224,0,-
19:01:11.201,snap,default,com.asus.aihome,discharging,1,38.3,43.8,100,95,1,9.75,0.01,0.1,0,3.815,0.306,1.16739,5621,2259,0,-
19:01:12.202,snap,default,com.asus.aihome,discharging,1,38.3,43.8,100,95,1,9.61,0,0.08,1,3.818,0.284,1.0843121,5621,2259,0,-
19:01:13.202,snap,default,com.asus.aihome,discharging,1,38.3,43.8,100,95,1,9.61,0,0.08,1,3.815,0.308,1.17502,5085,1956,0,-
19:01:14.204,snap,default,com.asus.aihome,discharging,1,38.3,43.8,100,95,1,9.5,0,0.06,0,3.814,0.3,1.1442,5085,1956,0,-
19:01:15.205,snap,default,com.asus.aihome,discharging,1,38.3,43.8,100,95,1,9.5,0,0.06,0,3.812,0.326,1.242712,5574,2127,0,-
19:01:16.205,snap,default,com.asus.aihome,discharging,1,38.3,43.8,100,95,1,9.23,0,0.05,0,3.819,0.308,1.176252,5574,2127,0,-
19:01:17.207,snap,default,com.asus.aihome,discharging,1,38.3,43.8,100,95,1,9.23,0,0.05,1,3.811,0.308,1.1737881,5366,2145,0,-
19:01:18.207,snap,default,com.asus.aihome,discharging,1,38.3,43.8,100,95,1,9.19,0,0.04,0,3.811,0.278,1.059458,5366,2145,0,-
19:01:19.209,snap,default,com.asus.aihome,discharging,1,38.3,43.4,100,95,1,9.19,0,0.04,0,3.812,0.302,1.151224,5277,2199,0,-
19:01:20.209,snap,default,com.asus.aihome,discharging,1,38.3,43.4,100,95,1,8.97,0,0.03,0,3.81,0.276,1.0515599,5277,2199,0,-
19:01:21.209,snap,default,com.asus.aihome,discharging,1,38.3,43.4,100,95,1,8.97,0,0.03,0,3.811,0.338,1.288118,6125,1914,0,-
19:01:22.209,snap,default,com.asus.aihome,discharging,1,38.3,44.9,100,95,1,11.87,0,0.03,0,3.811,0.338,1.288118,6125,1914,0,-
19:01:23.209,snap,default,com.asus.aihome,discharging,1,38.2,44.9,100,95,1,11.87,0,0.03,0,3.796,0.614,2.330744,13793,4123,0,-
19:01:24.210,snap,default,com.asus.aihome,discharging,1,38.2,44.9,100,95,1,11.87,0,0.03,2,3.811,0.394,1.501534,13793,4123,0,-
19:01:25.211,snap,default,com.asus.aihome,discharging,1,38.2,44.6,100,95,1,11.35,0,0.02,2,3.811,0.34,1.29574,6652,2719,0,-
19:01:26.211,snap,default,com.asus.aihome,discharging,1,38.2,44.2,100,95,1,11.35,0,0.02,0,3.817,0.296,1.129832,6652,2719,0,-
19:01:27.211,snap,default,com.asus.aihome,discharging,1,38.2,44.2,100,95,1,10.92,0,0.02,0,3.814,0.308,1.174712,8384,2903,0,-
19:01:28.211,snap,default,com.asus.aihome,discharging,1,38.2,44.2,100,95,1,10.92,0,0.02,0,3.815,0.338,1.2894701,8384,2903,0,-
19:01:29.212,snap,default,com.asus.aihome,discharging,1,38.2,43.8,100,95,1,10.94,0,0.01,0,3.796,0.512,1.9435521,8123,3356,0,-
19:01:30.212,snap,default,com.asus.aihome,discharging,1,38.2,43.8,100,95,1,11.13,0,0.01,0,3.811,0.35,1.33385,8123,3356,0,-
19:01:31.213,snap,default,com.asus.aihome,discharging,1,38.2,43.4,100,95,1,11.13,0,0.01,2,3.816,0.31,1.18296,8123,3356,0,-
19:01:32.213,snap,default,com.asus.aihome,discharging,1,38.2,43.4,100,95,1,10.92,0,0.01,0,3.816,0.306,1.167696,6731,2739,0,-
19:01:33.214,snap,default,com.asus.aihome,discharging,1,38.2,43.8,100,95,1,10.92,0,0.01,0,3.812,0.376,1.4333119,6731,2739,0,-
19:01:34.215,snap,default,com.asus.aihome,discharging,1,38.1,44.2,100,95,1,10.57,0,0,0,3.813,0.38,1.4489399,9034,3757,0,-
19:01:35.215,snap,default,com.asus.aihome,discharging,1,38.1,44.2,100,95,1,10.57,0,0,0,3.81,0.364,1.38684,9034,3757,0,-
19:01:36.215,snap,default,com.asus.aihome,discharging,1,38.1,44.2,100,95,1,10.29,0,0,0,3.817,0.27,1.03059,6082,2391,0,-
19:01:37.216,snap,default,com.asus.aihome,discharging,1,38.1,44.2,100,95,1,10.29,0,0,0,3.808,0.396,1.5079681,6082,2391,0,-
19:01:38.217,snap,default,com.asus.aihome,discharging,1,38.1,44.2,100,95,1,10.23,0,0,0,3.816,0.306,1.167696,6820,2779,0,-
19:01:39.217,snap,default,com.asus.aihome,discharging,1,38.1,44.2,100,95,1,10.23,0,0,0,3.789,0.54,2.04606,6820,2779,0,-
19:01:40.217,snap,default,com.asus.aihome,discharging,1,38.1,46.1,100,95,1,12,0,0,0,3.789,0.712,2.697768,16219,7603,0,-
19:01:41.218,snap,default,com.asus.aihome,discharging,1,38.1,46.9,100,95,1,12,0,0,0,3.774,0.894,3.373956,16219,7603,0,-
19:01:42.218,snap,default,com.asus.aihome,discharging,1,38.1,48.1,100,95,1,12.36,0,0,0,3.8,0.59,2.2419999,17033,9368,0,-
19:01:43.218,snap,default,com.asus.aihome,discharging,1,38.1,46.9,100,95,1,12.36,0,0,0,3.785,0.668,2.52838,17033,9368,0,-
19:01:44.218,snap,default,com.asus.aihome,discharging,1,38.1,45.3,100,95,1,12.48,0,0,0,3.811,0.366,1.394826,14098,6904,0,-
19:01:45.219,snap,default,com.asus.aihome,discharging,1,38.1,44.9,100,95,1,12.48,0,0,0,3.809,0.306,1.1655539,14098,6904,0,-
19:01:46.219,snap,default,com.asus.aihome,discharging,1,38.1,44.9,100,95,1,12.03,0,0,6,3.798,0.386,1.4660281,8411,3772,0,-
19:01:47.220,snap,default,com.asus.aihome,discharging,1,38.1,45.3,100,95,1,12.03,0,0,11,3.794,0.556,2.109464,8411,3772,0,-
19:01:48.221,snap,default,com.asus.aihome,discharging,1,38.1,45.3,100,95,1,11.48,0,0,0,3.805,0.294,1.11867,8359,3786,0,-
19:01:49.222,snap,default,com.asus.aihome,discharging,1,38.1,44.9,100,95,1,11.48,0,0,0,3.805,0.31,1.17955,8359,3786,0,-
19:01:50.223,snap,default,com.asus.aihome,discharging,1,38.1,44.2,100,95,1,11.39,0,0,0,3.804,0.302,1.1488079,6458,2769,0,-
19:01:51.222,snap,default,com.asus.aihome,discharging,1,38.1,44.2,100,95,1,11.39,0,0,0,3.804,0.302,1.1488079,6458,2769,0,-
19:01:52.224,snap,default,com.asus.aihome,discharging,1,38.1,44.2,100,95,1,11.39,0,0,0,3.814,0.302,1.1518279,5297,2013,0,-
19:01:53.224,snap,default,com.asus.aihome,discharging,1,38.1,44.2,100,95,1,10.78,0,0,0,3.812,0.298,1.1359761,5297,2013,0,-
19:01:54.224,snap,default,com.asus.aihome,discharging,1,38.1,43.8,100,95,1,10.78,0,0,0,3.812,0.31,1.18172,5465,2045,0,-
19:01:55.225,snap,default,com.asus.aihome,discharging,1,38.1,43.8,100,95,1,10.45,0,0,0,3.811,0.332,1.265252,5465,2045,0,-
19:01:56.225,snap,default,com.asus.aihome,discharging,1,38.1,43.8,100,95,1,10.45,0,0,2,3.814,0.314,1.197596,5888,2387,0,-
19:01:57.226,snap,default,com.asus.aihome,discharging,1,38.1,43.8,100,95,1,10.01,0,0,0,3.81,0.336,1.28016,5888,2387,0,-
19:01:58.226,snap,default,com.asus.aihome,discharging,1,38.1,43.8,100,95,1,10.01,0,0,0,3.815,0.338,1.2894701,5888,2387,0,-
19:01:59.228,snap,default,com.asus.aihome,discharging,1,38.1,43.8,100,95,1,9.82,0,0,0,3.813,0.324,1.235412,5810,2205,0,-
19:02:00.229,snap,default,com.asus.aihome,discharging,1,38.1,43.8,100,95,1,9.67,0,0,0,3.817,0.29,1.1069299,5810,2205,0,-
19:02:01.229,snap,default,com.asus.aihome,discharging,1,38.1,43.4,100,95,1,9.67,0,0,0,3.808,0.35,1.3328,6385,2454,0,-
19:02:02.229,snap,default,com.asus.aihome,discharging,1,38.1,43.8,100,95,1,9.73,0,0,0,3.816,0.308,1.175328,6385,2454,0,-
19:02:03.229,snap,default,com.asus.aihome,discharging,1,38.1,43.4,100,95,1,9.73,0,0,0,3.813,0.314,1.1972821,5474,2106,0,-
19:02:04.230,snap,default,com.asus.aihome,discharging,1,38.1,43.8,100,95,1,9.6,0,0,0,3.812,0.304,1.1588479,5474,2106,0,-
19:02:05.231,snap,default,com.asus.aihome,discharging,1,38,44.2,100,95,1,9.6,0,0,0,3.811,0.326,1.2423861,5979,2569,0,-
19:02:06.231,snap,default,com.asus.aihome,discharging,1,38,44.2,100,95,1,9.49,0,0,0,3.811,0.49,1.86739,5979,2569,0,-
19:02:07.232,snap,default,com.asus.aihome,discharging,1,38,44.2,100,95,1,9.49,0,0,0,3.812,0.332,1.265584,7916,2600,0,-
19:02:08.234,snap,default,com.asus.aihome,discharging,1,38,44.2,100,95,1,9.58,0,0,0,3.815,0.304,1.15976,7916,2600,0,-
19:02:09.235,snap,default,com.asus.aihome,discharging,1,38,44.2,100,95,1,9.58,0,0,0,3.812,0.366,1.395192,6720,2629,0,-
19:02:10.235,snap,default,com.asus.aihome,discharging,1,38,44.2,100,95,1,9.66,0,0,0,3.808,0.47,1.78976,6720,2629,0,-
19:02:11.235,snap,default,com.asus.aihome,discharging,1,38,45.7,100,95,1,9.66,0,0,0,3.791,0.608,2.3049278,12843,4258,0,-
19:02:12.236,snap,default,com.asus.aihome,discharging,1,38,46.1,100,95,1,11.71,0,0.36,0,3.805,0.49,1.8644501,12843,4258,0,-
19:02:13.236,snap,default,com.asus.aihome,discharging,1,38,46.1,100,95,1,11.71,0,0.36,0,3.808,0.416,1.584128,7733,2717,0,-
19:02:14.236,snap,default,com.asus.aihome,discharging,1,38,45.3,100,95,1,11.04,0,0.29,1,3.801,0.404,1.5356041,7733,2717,0,-
19:02:15.237,snap,default,com.asus.aihome,discharging,1,38,44.9,100,95,1,11.04,0,0.29,0,3.803,0.424,1.6124719,9414,2953,0,-
19:02:16.238,snap,default,com.asus.aihome,discharging,1,38,44.9,100,95,1,10.12,0,0.24,0,3.797,0.43,1.63271,9414,2953,0,-
19:02:17.238,snap,default,com.asus.aihome,discharging,1,38,44.9,100,95,1,10.12,0,0.24,0,3.796,0.462,1.753752,9239,3091,0,-
19:02:18.239,snap,default,com.asus.aihome,discharging,1,38,44.9,100,95,1,9.19,0,0.19,0,3.799,0.422,1.603178,9239,3091,0,-
19:02:19.239,snap,default,com.asus.aihome,discharging,1,38,44.9,100,95,1,9.19,0,0.19,0,3.81,0.304,1.15824,8013,2917,0,-
19:02:20.239,snap,default,com.asus.aihome,discharging,1,38,44.2,100,95,1,8.8,0,0.16,0,3.81,0.304,1.15824,8013,2917,0,-
19:02:21.240,snap,default,com.asus.aihome,discharging,1,38,44.2,100,95,1,8.8,0,0.16,0,3.813,0.312,1.189656,5686,2229,0,-
19:02:22.240,snap,default,com.asus.aihome,discharging,1,38,43.8,100,95,1,8.8,0,0.16,0,3.812,0.322,1.227464,5686,2229,0,-
19:02:23.242,snap,default,com.asus.aihome,discharging,1,38,43.8,100,95,1,9.01,0,0.13,2,3.811,0.318,1.211898,5686,2229,0,-
19:02:24.244,snap,default,com.asus.aihome,discharging,1,38,44.2,100,95,1,9.01,0,0.13,0,3.808,0.344,1.309952,6291,2456,0,-
19:02:25.247,snap,default,com.asus.aihome,discharging,1,38,44.2,100,95,1,9.01,0,0.1,0,3.809,0.4,1.5236,6291,2456,0,-
19:02:26.247,snap,default,com.asus.aihome,discharging,1,38,44.2,100,95,1,9.01,0,0.1,0,3.811,0.302,1.150922,5813,2252,0,-
19:02:27.247,snap,default,com.asus.aihome,discharging,1,38,43.8,100,95,1,9.55,0,0.08,0,3.81,0.396,1.50876,5813,2252,0,-
19:02:28.247,snap,default,com.asus.aihome,discharging,1,38,43.8,100,95,1,9.55,0,0.08,0,3.811,0.364,1.387204,8010,2109,0,-
19:02:29.247,snap,default,com.asus.aihome,discharging,1,38,44.2,100,95,1,11.44,0,0.07,0,3.789,0.544,2.061216,8010,2109,0,-
19:02:30.250,snap,default,com.asus.aihome,discharging,1,38,45.7,100,95,1,10.64,0,0.05,0,3.807,0.42,1.5989399,7894,2134,0,-
19:02:31.250,snap,default,com.asus.aihome,discharging,1,38,45.7,100,95,1,10.64,0,0.05,0,3.804,0.604,2.2976158,7894,2134,0,-
19:02:32.250,snap,default,com.asus.aihome,discharging,1,38,45.7,100,95,1,10.52,0,0.04,2,3.802,0.49,1.86298,13992,5254,0,-
19:02:33.250,snap,default,com.asus.aihome,discharging,1,38,46.1,100,95,1,10.52,0,0.04,0,3.812,0.358,1.364696,13992,5254,0,-
19:02:34.251,snap,default,com.asus.aihome,discharging,1,38,46.9,100,95,1,11.33,0,0.03,0,3.774,0.678,2.5587718,14677,5015,0,-
19:02:35.251,snap,default,com.asus.aihome,discharging,1,38,48.1,100,95,1,11.33,0,0.03,0,3.769,0.838,3.158422,14677,5015,0,-
19:02:36.252,snap,default,com.asus.aihome,discharging,1,38,49.7,100,95,1,14.53,0.36,0.57,0,3.751,1.092,4.0960917,23422,7778,0,-
19:02:37.252,snap,default,com.asus.aihome,discharging,1,37.9,49.7,100,95,1,14.53,0.36,0.57,0,3.77,1.032,3.8906398,23422,7778,0,-
19:02:38.252,snap,default,com.asus.aihome,discharging,1,37.9,49.7,100,95,1,21.5,0.47,1.19,0,3.781,0.816,3.085296,20868,7102,0,-
19:02:39.252,snap,default,com.asus.aihome,discharging,1,37.9,49.7,100,95,1,21.5,0.47,1.19,0,3.761,0.986,3.708346,20868,7102,0,-
19:02:40.252,snap,default,com.asus.aihome,discharging,1,37.9,49.7,100,95,1,24.67,0.57,1.52,0,3.756,1.098,4.1240883,19415,6637,0,-
19:02:41.252,snap,default,com.asus.aihome,discharging,1,37.9,49.3,100,95,1,24.67,0.57,1.52,2,3.784,0.606,2.293104,19415,6637,0,-
19:02:42.260,snap,default,com.asus.aihome,discharging,1,37.9,49.3,100,95,1,21.47,0.46,1.42,0,3.792,0.624,2.366208,11401,4505,0,-
19:02:43.261,snap,default,com.asus.aihome,discharging,1,37.9,50.5,100,95,1,21.47,0.46,1.42,0,3.75,1.124,4.2149997,11401,4505,0,-
19:02:44.262,snap,default,com.asus.aihome,discharging,1,37.9,50.5,100,95,1,24.64,0.74,2.07,6,3.754,1.188,4.4597516,33148,11132,0,-
19:02:45.262,snap,default,com.asus.aihome,discharging,1,37.9,50.5,100,95,1,24.64,0.74,2.07,6,3.801,0.412,1.566012,33148,11132,0,-
19:02:46.263,snap,default,com.asus.aihome,discharging,1,37.9,48.1,100,95,1,22.89,0.61,2.24,0,3.804,0.342,1.300968,5093,1752,0,-
19:02:47.264,snap,default,com.asus.aihome,discharging,1,37.9,47.7,100,95,1,22.89,0.61,2.24,0,3.798,0.434,1.648332,5093,1752,0,-
19:02:48.264,snap,default,com.asus.aihome,discharging,1,37.9,47.3,100,95,1,19.83,0.68,1.83,0,3.809,0.342,1.302678,7951,3342,0,-
19:02:49.264,snap,default,com.asus.aihome,discharging,1,37.9,46.1,100,95,1,19.83,0.68,1.83,15,3.803,0.516,1.9623479,7951,3342,0,-
19:02:50.264,snap,default,com.asus.aihome,discharging,1,37.9,46.1,100,95,1,19.68,0.73,1.5,0,3.816,0.282,1.076112,7951,3342,0,-
19:02:51.265,snap,default,com.asus.aihome,discharging,1,37.9,46.1,100,95,1,19.68,0.73,1.5,0,3.813,0.248,0.945624,9818,3692,0,-
19:02:52.268,snap,default,com.asus.aihome,discharging,1,37.9,45.7,100,95,1,19.68,0.73,1.5,0,3.813,0.248,0.945624,9818,3692,0,-
19:02:53.269,snap,default,com.asus.aihome,discharging,1,37.9,45.7,100,95,1,18.47,0.96,1.23,0,3.819,0.224,0.85545605,5007,1514,0,-
19:02:54.270,snap,default,com.asus.aihome,discharging,1,37.9,44.6,100,95,1,18.47,0.96,1.23,0,3.82,0.234,0.89387995,5007,1514,0,-
19:02:55.509,snap,default,com.asus.aihome,discharging,1,37.9,44.6,100,95,1,16.93,1.33,1,0,3.82,0.226,0.86332,3637,1056,0,-
19:02:56.510,snap,default,com.asus.aihome,discharging,1,37.9,44.6,100,95,1,16.93,1.33,1,0,3.814,0.21,0.80094,3637,1056,0,-
19:02:57.511,snap,default,com.asus.aihome,discharging,1,37.9,44.2,100,95,1,16.22,1.63,0.82,0,3.82,0.238,0.90916,7657,2469,0,-
19:02:58.512,snap,default,com.asus.aihome,discharging,1,37.9,43.8,100,95,1,14.55,1.7,0.67,0,3.819,0.208,0.794352,7657,2469,0,-
19:02:59.514,snap,default,com.asus.aihome,discharging,1,37.9,43.8,100,95,1,14.55,1.7,0.67,0,3.814,0.264,1.006896,5200,1620,0,-
19:03:00.514,snap,default,com.asus.aihome,discharging,1,37.9,43.8,100,95,1,13.72,1.57,0.55,0,3.817,0.218,0.83210593,5200,1620,0,-
19:03:05.649,snap,default,com.asus.aihome,discharging,1,37.9,43.8,100,95,1,13.72,1.57,0.55,0,3.83,0.074,0.28342,7381,2860,0,-
19:03:06.649,snap,default,com.asus.aihome,discharging,1,37.9,42.6,100,95,1,14.32,1.65,0.45,0,3.81,0.156,0.59436,7381,2860,0,-
19:03:07.728,snap,default,com.asus.aihome,discharging,1,37.8,42.6,100,95,1,14.32,1.65,0.45,0,3.821,0.2,0.76420003,7792,2700,0,-
19:03:08.720,snap,default,com.asus.aihome,discharging,1,37.8,42.6,100,95,1,15.53,1.71,0.37,0,3.729,1.108,4.1317325,7792,2700,0,-
19:03:09.720,snap,default,com.asus.aihome,discharging,1,37.8,45.3,100,95,1,15.53,1.71,0.37,20,3.696,2.286,8.449057,37041,17385,0,-
19:03:10.720,snap,default,com.asus.aihome,discharging,1,37.8,45.3,100,95,1,25.03,1.58,1.93,18,3.74,1.004,3.7549598,37041,17385,0,-
19:03:11.720,snap,default,com.asus.aihome,discharging,1,37.8,48.3,100,95,1,25.03,1.58,1.93,30,3.697,1.962,7.2535143,34779,17941,0,-
19:03:12.738,snap,default,com.android.launcher,discharging,1,37.8,48.3,100,95,1,27.02,1.29,1.76,66,3.74,1.19,4.4506,34779,17941,0,-
19:03:13.773,snap,default,com.android.launcher,discharging,1,37.8,48.3,100,95,1,27.02,1.29,1.76,38,3.72,1.502,5.58744,28081,16698,0,-
19:03:14.802,snap,default,com.android.launcher,discharging,1,37.8,48.3,100,95,1,28.83,1.24,1.62,54,3.698,1.774,6.560252,28081,16698,0,-
19:03:15.804,snap,default,com.tencent.mm,discharging,1,37.8,48.3,100,95,1,28.83,1.24,1.62,54,3.647,2.738,9.985486,35889,13206,0,-
19:03:16.803,snap,default,com.tencent.mm,discharging,1,37.8,48.3,100,95,1,35.92,1.92,2.78,0,3.641,2.768,10.078288,35889,13206,0,-
19:03:17.804,snap,default,com.tencent.mm,discharging,1,37.8,48.3,100,95,1,35.92,1.92,2.78,0,3.647,2.83,10.32101,31198,6323,0,-
19:03:18.804,snap,default,com.tencent.mm,discharging,1,37.8,48.3,100,95,1,40.64,2.3,5.17,0,3.765,1.298,4.88697,31198,6323,0,-
19:03:19.804,snap,default,com.tencent.mm,discharging,1,37.8,51.3,100,95,1,40.64,2.3,5.17,0,3.788,0.464,1.757632,10454,3991,0,-
19:03:20.805,snap,default,com.tencent.mm,discharging,1,37.8,54.3,100,95,1,34.91,2.06,4.23,0,3.795,0.412,1.56354,10454,3991,0,-
19:03:21.805,snap,default,com.tencent.mm,discharging,1,37.8,54.4,100,95,1,34.91,2.06,4.23,0,3.795,0.436,1.65462,8719,3602,0,-
19:03:22.805,snap,default,com.tencent.mm,discharging,1,37.7,51.7,100,95,1,30.4,1.69,3.46,0,3.799,0.362,1.375238,8719,3602,0,-
19:03:23.806,snap,default,com.tencent.mm,discharging,1,37.7,51.7,100,95,1,30.4,1.69,3.46,0,3.802,0.398,1.513196,5625,1902,0,-
19:03:24.806,snap,default,com.tencent.mm,discharging,1,37.7,50.1,100,95,1,26.34,1.38,3.02,0,3.807,0.298,1.134486,5625,1902,0,-
19:03:25.807,snap,default,com.tencent.mm,discharging,1,37.7,49.7,100,95,1,24.1,1.13,2.65,0,3.807,0.298,1.134486,6034,1786,0,-
19:03:26.807,snap,default,com.tencent.mm,discharging,1,37.7,48.9,100,95,1,24.1,1.13,2.65,0,3.813,0.314,1.1972821,6034,1786,0,-
19:03:27.806,snap,default,com.tencent.mm,discharging,1,37.7,48.9,100,95,1,24.1,1.13,2.65,0,3.788,0.554,2.0985522,6034,1786,0,-
19:03:28.807,snap,default,com.tencent.mm,discharging,1,37.7,48.1,100,95,1,22.81,0.92,2.89,0,3.804,0.348,1.323792,7142,2435,0,-
19:03:29.808,snap,default,com.tencent.mm,discharging,1,37.7,46.9,100,95,1,22.81,0.92,2.89,0,3.804,0.35,1.3313999,7142,2435,0,-
19:03:30.809,snap,default,com.tencent.mm,discharging,1,37.7,46.9,100,95,1,19.95,0.75,2.37,0,3.812,0.254,0.96824807,4526,1370,0,-
19:03:31.810,snap,default,com.tencent.mm,discharging,1,37.7,46.5,100,95,1,19.95,0.75,2.37,0,3.805,0.368,1.4002401,4526,1370,0,-
19:03:32.809,snap,default,com.tencent.mm,discharging,1,37.7,46.1,100,95,1,17.6,0.62,1.94,0,3.809,0.292,1.112228,5399,1963,0,-
19:03:33.810,snap,default,com.tencent.mm,discharging,1,37.7,45.3,100,95,1,17.6,0.62,1.94,0,3.807,0.324,1.2334679,5399,1963,0,-
19:03:34.810,snap,default,com.tencent.mm,discharging,1,37.7,45.7,100,95,1,16.22,0.5,1.59,0,3.808,0.344,1.309952,6909,3160,0,-
19:03:35.810,snap,default,com.tencent.mm,discharging,1,37.7,45.3,100,95,1,16.22,0.5,1.59,0,3.808,0.298,1.1347841,6909,3160,0,-
19:03:36.811,snap,default,com.tencent.mm,discharging,1,37.7,45.3,100,95,1,14.73,0.41,1.3,0,3.795,0.466,1.76847,5967,2078,0,-
19:03:37.811,snap,default,com.tencent.mm,discharging,1,37.7,44.9,100,95,1,14.73,0.41,1.3,0,3.81,0.318,1.2115799,5967,2078,0,-
19:03:38.812,snap,default,com.tencent.mm,discharging,1,37.7,44.9,100,95,1,13.69,0.34,1.06,0,3.803,0.352,1.338656,5685,2064,0,-
19:03:39.813,snap,default,com.tencent.mm,discharging,1,37.7,44.6,100,95,1,13.69,0.34,1.06,0,3.805,0.362,1.3774099,5685,2064,0,-
19:03:40.815,snap,default,com.tencent.mm,discharging,1,37.7,44.9,100,95,1,12.66,0.27,0.87,0,3.809,0.306,1.1655539,4179,1433,0,-
19:03:41.815,snap,default,com.tencent.mm,discharging,1,37.7,44.2,100,95,1,12.66,0.27,0.87,0,3.802,0.316,1.2014321,4179,1433,0,-
19:03:42.816,snap,default,com.tencent.mm,discharging,1,37.7,44.6,100,95,1,11.82,0.22,0.71,0,3.815,0.268,1.02242,5742,1811,0,-
19:03:43.817,snap,default,com.tencent.mm,discharging,1,37.7,44.6,100,95,1,11.82,0.22,0.71,0,3.817,0.264,1.0076879,5742,1811,0,-
19:03:44.818,snap,default,com.tencent.mm,discharging,1,37.7,44.6,100,95,1,11.12,0.18,0.58,0,3.805,0.322,1.22521,5046,1770,0,-
19:03:45.818,snap,default,com.tencent.mm,discharging,1,37.7,44.2,100,95,1,11.12,0.18,0.58,0,3.814,0.294,1.121316,5046,1770,0,-
19:03:46.818,snap,default,com.tencent.mm,discharging,1,37.7,44.2,100,95,1,10.56,0.15,0.47,0,3.815,0.26,0.99189997,5003,1840,0,-
19:03:47.820,snap,default,com.tencent.mm,discharging,1,37.7,44.2,100,95,1,10.56,0.15,0.47,0,3.815,0.29,1.10635,5003,1840,0,-
19:03:48.820,snap,default,com.tencent.mm,discharging,1,37.7,44.2,100,95,1,10.09,0.12,0.39,0,3.816,0.262,0.999792,4962,1758,0,-
19:03:49.820,snap,default,com.tencent.mm,discharging,1,37.7,44.2,100,95,1,10.09,0.12,0.39,0,3.766,0.71,2.6738598,4962,1758,0,-
19:03:50.820,snap,default,com.tencent.mm,discharging,1,37.7,44.2,100,95,1,14.78,0.28,0.32,11,3.717,1.752,6.512184,29145,13159,0,-
19:03:51.841,snap,default,com.tencent.mm,discharging,1,37.7,47.2,100,95,1,14.78,0.28,0.32,15,3.778,1.034,3.9064522,29145,13159,0,-
19:03:52.840,snap,default,com.tencent.mm,discharging,1,37.7,47.2,100,95,1,18.81,0.41,0.44,15,3.665,2.252,8.25358,33296,13186,0,-
19:03:53.841,snap,default,com.microsoft.emmx.beta,discharging,1,37.7,47.2,100,95,1,27.54,1.42,3.26,22,3.665,2.252,8.25358,33296,13186,0,-
19:03:54.841,snap,default,com.microsoft.emmx.beta,discharging,1,37.7,47.2,100,95,1,27.54,1.42,3.26,22,3.639,2.824,10.276535,33296,13186,0,-
19:03:55.841,snap,default,com.microsoft.emmx.beta,discharging,1,37.6,47.2,100,95,1,27.54,1.42,3.26,0,3.623,3.068,11.115364,45696,13996,0,-
19:03:56.842,snap,default,com.microsoft.emmx.beta,discharging,1,37.6,47.2,100,95,1,30.52,1.89,5.38,5,3.637,2.718,9.885366,45696,13996,0,-
19:03:57.842,snap,default,com.microsoft.emmx.beta,discharging,1,37.6,50.2,100,95,1,30.52,1.89,5.38,0,3.742,1.726,6.458692,22805,7353,0,-
19:03:58.842,snap,default,com.microsoft.emmx.beta,discharging,1,37.6,53.2,100,95,1,28.07,1.54,5.49,0,3.778,0.592,2.236576,22805,7353,0,-
19:03:59.842,snap,default,com.microsoft.emmx.beta,discharging,1,37.6,55.2,100,95,1,28.07,1.54,5.49,0,3.786,0.602,2.279172,8814,3173,0,-
19:04:00.842,snap,default,com.microsoft.emmx.beta,discharging,1,37.6,54,100,95,1,24.98,1.26,4.68,0,3.786,0.564,2.135304,8814,3173,0,-
19:04:01.842,snap,default,com.microsoft.emmx.beta,discharging,1,37.6,54,100,95,1,24.98,1.26,4.68,0,3.775,0.766,2.89165,10264,3086,0,-
19:04:02.843,snap,default,com.microsoft.emmx.beta,discharging,1,37.6,52.4,100,95,1,22.44,1.03,4.74,0,3.784,0.522,1.975248,10264,3086,0,-
19:04:03.843,snap,default,com.microsoft.emmx.beta,discharging,1,37.6,52.4,100,95,1,22.44,1.03,4.74,0,3.793,0.626,2.374418,10697,2750,0,-
19:04:04.843,snap,default,com.microsoft.emmx.beta,discharging,1,37.6,55.4,100,95,1,22.72,1.03,3.88,0,3.72,1.326,4.9327197,10697,2750,0,-
19:04:05.847,snap,default,com.microsoft.emmx.beta,discharging,1,37.6,55.6,100,95,1,22.72,1.03,3.88,25,3.745,1.274,4.77113,23595,10479,0,-
19:04:06.847,snap,default,com.microsoft.emmx.beta,discharging,1,37.6,57.6,100,95,1,22.41,1.02,3.35,47,3.733,1.15,4.29295,23595,10479,0,-
19:04:07.847,snap,default,com.microsoft.emmx.beta,discharging,1,37.6,57.6,100,95,1,22.41,1.02,3.35,0,3.709,1.326,4.918134,24600,10389,0,-
19:04:08.847,snap,default,com.microsoft.emmx.beta,discharging,1,37.6,56,100,95,1,24.51,1.2,2.93,30,3.726,1.68,6.25968,24600,10389,0,-
19:04:09.848,snap,default,com.microsoft.emmx.beta,discharging,1,37.6,56,100,95,1,24.51,1.2,2.93,0,3.771,0.794,2.994174,20426,9443,0,-
19:04:10.848,snap,default,com.microsoft.emmx.beta,discharging,1,37.6,53.6,100,95,1,22.6,0.98,2.4,0,3.771,0.73,2.75283,20426,9443,0,-
19:04:11.850,snap,default,com.microsoft.emmx.beta,discharging,1,37.6,52.1,100,95,1,22.6,0.98,2.4,0,3.799,0.49,1.86151,11371,4241,0,-
19:04:12.850,snap,default,com.microsoft.emmx.beta,discharging,1,37.6,50.5,100,95,1,20.68,0.8,1.96,0,3.803,0.452,1.718956,11371,4241,0,-
19:04:13.851,snap,default,com.microsoft.emmx.beta,discharging,1,37.6,49.3,100,95,1,20.68,0.8,1.96,0,3.799,0.436,1.656364,8411,3729,0,-
19:04:14.851,snap,default,com.microsoft.emmx.beta,discharging,1,37.6,48.1,100,95,1,18.93,0.65,1.6,0,3.802,0.374,1.4219481,8411,3729,0,-
19:04:15.852,snap,default,com.microsoft.emmx.beta,discharging,1,37.6,47.7,100,95,1,18.93,0.65,1.6,0,3.8,0.39,1.4819999,8106,3113,0,-
19:04:16.853,snap,default,com.microsoft.emmx.beta,discharging,1,37.6,47.7,100,95,1,17.49,0.54,1.31,0,3.8,0.356,1.3528,8106,3113,0,-
19:04:17.854,snap,default,com.microsoft.emmx.beta,discharging,1,37.6,46.9,100,95,1,17.49,0.54,1.31,0,3.798,0.548,2.081304,7507,3089,0,-
19:04:18.855,snap,default,com.microsoft.emmx.beta,discharging,1,37.6,46.9,100,95,1,16.13,0.44,1.25,0,3.804,0.334,1.270536,7507,3089,0,-
19:04:19.856,snap,default,com.microsoft.emmx.beta,discharging,1,37.6,46.9,100,95,1,16.13,0.44,1.25,0,3.786,0.462,1.749132,7507,3089,0,-
19:04:20.857,snap,default,com.microsoft.emmx.beta,discharging,1,37.6,46.9,100,95,1,15.02,0.36,1.03,0,3.802,0.384,1.459968,7847,2830,0,-
19:04:21.858,snap,default,com.microsoft.emmx.beta,discharging,1,37.6,46.9,100,95,1,15.02,0.36,1.03,4,3.72,1.096,4.07712,7847,2830,0,-
19:04:22.858,snap,default,com.microsoft.emmx.beta,discharging,1,37.6,46.9,100,95,1,18.64,0.65,1.2,28,3.629,2.684,9.740236,20802,7351,0,-
19:04:23.866,snap,default,com.android.launcher,discharging,1,37.6,46.9,100,95,1,18.64,0.65,1.2,63,3.7,1.958,7.2446,20802,7351,0,-
19:04:24.867,snap,default,com.android.launcher,discharging,1,37.6,49.9,100,95,1,25.41,0.72,1.16,63,3.7,1.958,7.2446,31027,11335,0,-
19:04:25.867,snap,default,com.android.launcher,discharging,1,37.6,52.9,100,95,1,25.41,0.72,1.16,63,3.787,0.904,3.4234478,31027,11335,0,-
19:04:26.867,snap,default,com.android.launcher,discharging,1,37.6,52.9,100,95,1,21.89,0.58,0.95,57,3.749,0.994,3.7265062,16345,7518,0,-
19:04:27.868,snap,default,com.android.launcher,discharging,1,37.6,52.9,100,95,1,21.89,0.58,0.95,19,3.698,1.724,6.375352,16345,7518,0,-
19:04:28.868,snap,default,com.android.launcher,discharging,1,37.6,52.9,100,95,1,24.63,1.02,0.78,0,3.704,1.796,6.652384,27598,12122,0,-
19:04:29.868,snap,default,com.coloros.gallery3d,discharging,1,37.6,52.9,100,95,1,24.63,1.02,0.78,19,3.639,2.542,9.250338,27598,12122,0,-
19:04:30.868,snap,default,com.coloros.gallery3d,discharging,1,37.6,54.8,100,95,1,32.85,1.74,2.63,33,3.634,2.818,10.240612,38909,13188,0,-
19:04:31.868,snap,default,com.coloros.gallery3d,discharging,1,37.6,57.8,100,95,1,32.85,1.74,2.63,0,3.763,1.196,4.500548,38909,13188,0,-
19:04:32.869,snap,default,com.coloros.gallery3d,discharging,1,37.6,59.2,100,95,1,29.97,1.61,2.88,0,3.765,0.63,2.3719501,17919,8257,0,-
19:04:33.869,snap,default,com.coloros.gallery3d,discharging,1,37.6,56.2,100,95,1,29.97,1.61,2.88,22,3.773,0.632,2.384536,17919,8257,0,-
19:04:34.870,snap,default,com.coloros.gallery3d,discharging,1,37.6,53.2,100,95,1,26.9,1.31,2.9,0,3.797,0.466,1.7694019,11839,4867,0,-
19:04:35.870,snap,default,com.coloros.gallery3d,discharging,1,37.6,51.3,100,95,1,26.9,1.31,2.9,0,3.794,0.54,2.04876,11839,4867,0,-
19:04:36.871,snap,default,com.coloros.gallery3d,discharging,1,37.6,50.1,100,95,1,23.84,1.08,2.37,0,3.798,0.372,1.4128561,7462,2948,0,-
19:04:37.872,snap,default,com.coloros.gallery3d,discharging,1,37.6,50.1,100,95,1,23.84,1.08,2.37,0,3.788,0.488,1.8485441,7462,2948,0,-
19:04:38.872,snap,default,com.coloros.gallery3d,discharging,1,37.6,49.3,100,95,1,21.69,0.88,1.94,21,3.784,0.588,2.224992,10556,5102,0,-
19:04:39.873,snap,default,com.coloros.gallery3d,discharging,1,37.6,48.9,100,95,1,21.69,0.88,1.94,0,3.792,0.546,2.070432,10556,5102,0,-
19:04:40.873,snap,default,com.coloros.gallery3d,discharging,1,37.6,49.3,100,95,1,20.12,0.72,1.59,0,3.77,0.866,3.2648199,19233,8989,0,-
19:04:41.874,snap,default,com.coloros.gallery3d,discharging,1,37.6,52.3,100,95,1,20.12,0.72,1.59,14,3.683,1.954,7.1965823,19233,8989,0,-
19:04:42.875,snap,default,com.coloros.gallery3d,discharging,1,37.6,55.3,100,95,1,24.62,0.95,1.3,22,3.791,0.824,3.1237838,24598,13073,0,-
19:04:43.875,snap,default,com.coloros.gallery3d,discharging,1,37.6,55.6,100,95,1,24.62,0.95,1.3,19,3.721,1.546,5.752666,24598,13073,0,-
19:04:44.876,snap,default,com.coloros.gallery3d,discharging,1,37.6,53.2,100,95,1,23.78,0.78,1.24,19,3.794,0.484,1.836296,14911,7005,0,-
19:04:45.877,snap,default,com.android.launcher,discharging,1,37.6,50.9,100,95,1,23.78,0.78,1.24,0,3.798,0.388,1.4736241,14911,7005,0,-
19:04:46.879,snap,default,com.android.launcher,discharging,1,37.6,49.3,100,95,1,21.29,0.63,1.02,0,3.79,0.484,1.83436,14911,7005,0,-
19:04:47.879,snap,default,com.android.launcher,discharging,1,37.6,48.1,100,95,1,21.29,0.63,1.02,0,3.802,0.378,1.437156,5504,1896,0,-
19:04:48.881,snap,default,com.android.launcher,discharging,1,37.6,48.1,100,95,1,18.88,0.52,0.83,0,3.795,0.374,1.4193301,5504,1896,0,-
19:04:49.881,snap,default,com.android.launcher,discharging,1,37.6,47.7,100,95,1,18.88,0.52,0.83,0,3.792,0.418,1.5850561,5002,1837,0,-
19:04:50.883,snap,default,com.android.launcher,discharging,1,37.6,47.3,100,95,1,16.91,0.42,0.68,0,3.795,0.43,1.63185,5002,1837,0,-
19:04:51.882,snap,default,com.android.launcher,discharging,1,37.6,46.5,100,95,1,16.91,0.42,0.68,0,3.797,0.406,1.5415819,5930,2478,0,-
19:04:52.884,snap,default,com.android.launcher,discharging,1,37.6,46.5,100,95,1,15.29,0.35,0.56,0,3.803,0.328,1.2473841,5930,2478,0,-
19:04:53.884,snap,default,com.android.launcher,discharging,1,37.6,46.1,100,95,1,15.29,0.35,0.56,0,3.8,0.348,1.3224,3516,1075,0,-
19:04:54.885,snap,default,com.android.launcher,discharging,1,37.6,46.1,100,95,1,13.61,0.28,0.45,0,3.8,0.348,1.3224,3516,1075,0,-
19:04:55.885,snap,default,com.android.launcher,discharging,1,37.6,46.1,100,95,1,13.61,0.28,0.45,0,3.8,0.32,1.216,3345,1000,0,-
19:04:56.887,snap,default,com.android.launcher,discharging,1,37.6,46.1,100,95,1,13.61,0.28,0.45,0,3.794,0.406,1.5403639,3345,1000,0,-
19:04:57.887,snap,default,com.android.launcher,discharging,1,37.6,46.1,100,95,1,13.31,0.23,0.55,0,3.802,0.446,1.6956921,5383,1606,0,-
19:04:58.888,snap,default,com.android.launcher,discharging,1,37.6,45.7,100,95,1,11.81,0.19,1,0,3.799,0.388,1.474012,5383,1606,0,-
19:04:59.888,snap,default,com.android.launcher,discharging,1,37.6,45.3,100,95,1,11.81,0.19,1,0,3.801,0.364,1.383564,3826,1238,0,-
19:05:00.889,snap,default,com.android.launcher,discharging,1,37.6,45.3,100,95,1,10.94,0.15,0.81,0,3.804,0.364,1.384656,3826,1238,0,-
19:05:01.890,snap,default,com.android.launcher,discharging,1,37.6,45.3,100,95,1,10.94,0.15,0.81,0,3.804,0.382,1.453128,7030,2494,0,-
19:05:02.891,snap,default,com.android.launcher,discharging,1,37.6,45.3,100,95,1,10.58,0.12,0.67,0,3.801,0.434,1.649634,7030,2494,0,-
19:05:03.891,snap,default,com.android.launcher,discharging,1,37.6,45.3,100,95,1,10.58,0.12,0.67,0,3.804,0.35,1.3313999,4546,1672,0,-
19:05:04.893,snap,default,com.android.launcher,discharging,1,37.6,45.3,100,95,1,9.93,0.1,0.54,0,3.805,0.392,1.49156,4546,1672,0,-
19:05:05.894,snap,default,com.android.launcher,discharging,1,37.6,44.9,100,95,1,9.93,0.1,0.54,0,3.803,0.328,1.2473841,3796,1274,0,-
19:05:06.894,snap,default,com.android.launcher,discharging,1,37.6,44.9,100,95,1,9.4,0.08,0.44,0,3.802,0.366,1.3915321,3796,1274,0,-
19:05:07.896,snap,default,com.android.launcher,discharging,1,37.6,44.9,100,95,1,9.4,0.08,0.44,0,3.806,0.346,1.3168759,5699,1936,0,-
19:05:08.898,snap,default,com.android.launcher,discharging,1,37.6,44.9,100,95,1,9.15,0.06,0.36,0,3.804,0.318,1.209672,5699,1936,0,-
19:05:09.898,snap,default,com.android.launcher,discharging,1,37.6,44.9,100,95,1,9.15,0.06,0.36,0,3.801,0.356,1.3531561,4564,1793,0,-
19:05:10.898,snap,default,com.android.launcher,discharging,1,37.6,44.9,100,95,1,9.12,0.05,0.3,0,3.807,0.334,1.2715379,4564,1793,0,-
19:05:11.899,snap,default,com.android.launcher,discharging,1,37.6,44.9,100,95,1,9.12,0.05,0.3,0,3.807,0.318,1.2106259,5253,1935,0,-
19:05:12.900,snap,default,com.android.launcher,discharging,1,37.6,44.9,100,95,1,9.1,0.04,0.24,0,3.811,0.302,1.150922,5253,1935,0,-
19:05:13.902,snap,default,com.android.launcher,discharging,1,37.6,44.9,100,95,1,9.1,0.04,0.24,0,3.806,0.322,1.2255319,5253,1935,0,-
19:05:14.903,snap,default,com.android.launcher,discharging,1,37.6,44.2,100,95,1,8.53,0.03,0.2,0,3.803,0.344,1.3082321,3726,1342,0,-
19:05:15.904,snap,default,com.android.launcher,discharging,1,37.6,44.2,100,95,1,8.53,0.03,0.2,0,3.805,0.352,1.33936,3726,1342,0,-
19:05:16.905,snap,default,com.android.launcher,discharging,1,37.6,44.2,100,95,1,8.44,0.03,0.16,0,3.804,0.35,1.3313999,3733,1242,0,-
19:05:17.907,snap,default,com.android.launcher,discharging,1,37.6,44.2,100,95,1,8.44,0.03,0.16,0,3.805,0.274,1.04257,3733,1242,0,-
19:05:18.907,snap,default,com.android.launcher,discharging,1,37.6,43.4,100,95,1,8.36,0.02,0.13,0,3.807,0.322,1.2258539,4047,1610,0,-
19:05:19.908,snap,default,com.android.launcher,discharging,1,37.6,44.2,100,95,1,8.36,0.02,0.13,0,3.805,0.316,1.2023801,4047,1610,0,-
19:05:20.910,snap,default,com.android.launcher,discharging,1,37.6,43.8,100,95,1,8.11,0.02,0.1,0,3.806,0.302,1.1494119,3487,1187,0,-
19:05:21.910,snap,default,com.android.launcher,discharging,1,37.6,44.2,100,95,1,8.11,0.02,0.1,0,3.806,0.302,1.1494119,3487,1187,0,-
19:05:22.911,snap,default,com.android.launcher,discharging,1,37.6,44.2,100,95,1,8.11,0.02,0.1,0,3.806,0.274,1.0428439,3280,1131,0,-
19:05:23.913,snap,default,com.android.launcher,discharging,1,37.6,44.2,100,95,1,7.73,0.01,0.08,0,3.804,0.318,1.209672,3280,1131,0,-
19:05:24.914,snap,default,com.android.launcher,discharging,1,37.6,43.8,100,95,1,7.73,0.01,0.08,0,3.809,0.28,1.06652,3115,1007,0,-
19:05:25.916,snap,default,com.android.launcher,discharging,1,37.6,43.8,100,95,1,7.41,0.01,0.07,0,3.813,0.216,0.82360804,3115,1007,0,-
19:05:26.917,snap,default,com.android.launcher,discharging,1,37.6,43.4,100,95,1,7.34,0.01,0.05,0,3.806,0.328,1.248368,3759,1331,0,-
19:05:27.917,snap,default,com.android.launcher,discharging,1,37.6,43.8,100,95,1,7.34,0.01,0.05,0,3.81,0.258,0.98297995,3759,1331,0,-
19:05:28.918,snap,default,com.android.launcher,discharging,1,37.6,43,100,95,1,7.27,0,0.04,0,3.806,0.268,1.020008,3230,1112,0,-
19:05:29.918,snap,default,com.android.launcher,discharging,1,37.6,43.4,100,95,1,7.27,0,0.04,0,3.806,0.296,1.1265761,3230,1112,0,-
19:05:30.918,snap,default,com.android.launcher,discharging,1,37.6,43,100,95,1,7.22,0,0.03,0,3.81,0.254,0.96774,3174,1075,0,-
19:05:31.919,snap,default,com.android.launcher,discharging,1,37.5,43.4,100,95,1,7.22,0,0.03,0,3.805,0.298,1.13389,3174,1075,0,-
19:05:32.921,snap,default,com.android.launcher,discharging,1,37.5,43,100,95,1,7,0,0.03,0,3.808,0.244,0.929152,3383,1142,0,-
19:05:33.921,snap,default,com.android.launcher,discharging,1,37.5,43.8,100,95,1,7,0,0.03,0,3.811,0.264,1.006104,3383,1142,0,-
19:05:34.922,snap,default,com.android.launcher,discharging,1,37.5,44.2,100,95,1,7.72,0.18,0.02,0,3.787,0.638,2.416106,11816,4553,0,-
19:05:35.922,snap,default,com.android.launcher,discharging,1,37.5,45.3,100,95,1,7.72,0.18,0.02,0,3.798,0.462,1.7546761,11816,4553,0,-
19:05:36.922,snap,default,com.android.launcher,discharging,1,37.5,45.3,100,95,1,8.32,0.15,0.02,0,3.794,0.54,2.04876,10732,5098,0,-
19:05:37.924,snap,default,com.android.launcher,discharging,1,37.5,46.1,100,95,1,8.32,0.15,0.02,3,3.753,0.872,3.272616,10732,5098,0,-
19:05:38.924,snap,default,com.android.launcher,discharging,1,37.5,46.1,100,95,1,10.25,0.12,0.19,3,3.801,0.468,1.7788681,15353,7437,0,-
19:05:39.925,snap,default,com.android.launcher,discharging,1,37.5,44.9,100,95,1,10.25,0.12,0.19,0,3.811,0.284,1.082324,15353,7437,0,-
19:05:40.926,snap,default,com.android.launcher,discharging,1,37.5,44.9,100,95,1,9.66,0.1,0.16,0,3.796,0.376,1.4272959,15353,7437,0,-
19:05:41.926,snap,default,com.android.launcher,discharging,1,37.5,44.9,100,95,1,9.66,0.1,0.16,0,3.752,0.768,2.881536,5536,1985,0,-
19:05:42.926,snap,default,com.android.launcher,discharging,1,37.5,45.7,100,95,1,10.81,0.26,0.13,0,3.791,0.646,2.448986,5536,1985,0,-
19:05:43.928,snap,default,com.android.launcher,discharging,1,37.5,45.7,100,95,1,10.81,0.26,0.13,0,3.811,0.284,1.082324,14648,4734,0,-
19:05:44.929,snap,default,com.android.launcher,discharging,1,37.5,45.7,100,95,1,10.48,0.21,0.1,0,3.789,0.436,1.652004,14648,4734,0,-
19:05:45.931,snap,default,com.android.launcher,discharging,1,37.5,45.3,100,95,1,10.48,0.21,0.1,0,3.81,0.376,1.43256,4298,1424,0,-
19:05:46.932,snap,default,com.android.launcher,discharging,1,37.5,44.2,100,95,1,9.49,0.17,0.08,0,3.802,0.372,1.4143441,4298,1424,0,-
19:05:47.934,snap,default,com.android.launcher,discharging,1,37.5,44.2,100,95,1,9.49,0.17,0.08,0,3.801,0.286,1.0870861,3424,1156,0,-
19:05:48.935,snap,default,com.android.launcher,discharging,1,37.5,43.8,100,95,1,9.03,0.14,0.07,0,3.801,0.286,1.0870861,3424,1156,0,-
19:05:49.937,snap,default,com.android.launcher,discharging,1,37.5,43.8,100,95,1,9.03,0.14,0.07,0,3.803,0.29,1.10287,3510,1172,0,-
19:05:50.938,snap,default,com.android.launcher,discharging,1,37.5,43.8,100,95,1,9.03,0.14,0.07,0,3.799,0.366,1.390434,3510,1172,0,-
19:05:51.939,snap,default,com.android.launcher,discharging,1,37.5,43.8,100,95,1,8.66,0.11,0.05,0,3.803,0.326,1.239778,4334,1704,0,-
19:05:52.940,snap,default,com.android.launcher,discharging,1,37.5,43.8,100,95,1,8.66,0.11,0.05,0,3.795,0.404,1.5331801,4334,1704,0,-
19:05:53.960,snap,default,com.android.launcher,discharging,1,37.5,44.2,100,95,1,8.36,0.09,0.04,0,3.809,0.328,1.2493521,5158,1871,0,-
19:05:54.959,snap,default,com.android.launcher,discharging,1,37.5,44.2,100,95,1,11.01,0.26,0.03,0,3.797,0.472,1.792184,5158,1871,0,-
19:05:55.960,snap,default,com.android.launcher,discharging,1,37.5,45.7,100,95,1,11.01,0.26,0.03,0,3.709,1.416,5.251944,23676,6347,0,-
19:05:56.961,snap,default,com.android.launcher,discharging,1,37.5,48.7,100,95,1,19.52,0.93,0.57,0,3.744,1.21,4.53024,23676,6347,0,-
19:05:58.240,snap,default,com.android.launcher,discharging,1,37.5,51.7,100,95,1,27.76,1.67,2.64,0,3.766,0.76,2.86216,13562,3659,0,-
19:05:59.209,snap,default,com.android.launcher,discharging,1,37.5,51.7,100,95,1,27.76,1.67,2.64,0,3.696,1.518,5.610528,13562,3659,0,-
19:06:00.210,snap,default,com.android.launcher,discharging,1,37.5,51.7,100,95,1,27.76,1.67,2.64,17,3.648,2.318,8.456064,47365,17653,0,-
19:06:01.210,snap,default,com.android.launcher,discharging,1,37.5,51.7,100,95,1,37.22,1.91,6.15,25,3.634,2.814,10.226076,47365,17653,0,-
19:06:02.210,snap,default,com.coolapk.market,discharging,1,37.5,51.7,100,95,1,37.22,1.91,6.15,0,3.632,2.81,10.205919,42959,8051,0,-
19:06:03.211,snap,default,com.coolapk.market,discharging,1,37.5,54.7,100,95,1,44.97,1.93,9.2,0,3.721,2.054,7.6429334,42959,8051,0,-
19:06:04.211,snap,default,com.coolapk.market,discharging,1,37.5,57.7,100,95,1,44.97,1.93,9.2,0,3.742,1.014,3.7943883,26686,7805,0,-
19:06:05.212,snap,default,com.coolapk.market,discharging,1,37.5,60.7,100,95,1,48.78,1.94,9.16,15,3.724,1.214,4.520936,26686,7805,0,-
19:06:06.212,snap,default,com.coolapk.market,discharging,1,37.5,59.2,100,95,1,48.78,1.94,9.16,0,3.755,0.914,3.43207,21908,5877,0,-
19:06:07.213,snap,default,com.coolapk.market,discharging,1,37.5,58,100,95,1,51.18,2.13,8.95,0,3.716,1.338,4.972008,21908,5877,0,-
19:06:08.215,snap,default,com.coolapk.market,discharging,1,37.5,58,100,95,1,51.18,2.13,8.95,7,3.733,1.576,5.883208,41463,14936,0,-
19:06:09.687,snap,playback,tv.danmaku.bili,discharging,1,37.5,58,100,95,0,54.22,2.11,9.68,32,3.623,2.92,10.57916,41463,14936,0,-
19:06:10.689,snap,playback,tv.danmaku.bili,discharging,1,37.5,58,100,95,0,55.63,2.27,9.56,32,3.623,2.92,10.57916,40935,16012,0,-
19:06:11.689,snap,playback,tv.danmaku.bili,discharging,1,37.5,58,100,95,0,55.63,2.27,9.56,32,3.659,2.62,9.586579,40935,16012,0,-
19:06:12.689,snap,default,com.coolapk.market,discharging,1,37.5,58,100,95,1,55.63,2.27,9.56,19,3.673,2.166,7.955718,30325,7393,0,-
19:06:13.690,snap,default,com.coolapk.market,discharging,1,37.5,58,100,95,1,58.96,2.4,10.36,2,3.656,2.166,7.9188952,30325,7393,0,-
19:06:14.690,snap,default,com.coolapk.market,discharging,1,37.6,58,100,95,1,58.96,2.4,10.36,2,3.648,2.678,9.769344,23417,5543,0,-
19:06:15.690,snap,default,com.coolapk.market,discharging,1,37.6,58,100,95,1,60.78,2.14,9.21,2,3.664,2.466,9.035424,23417,5543,0,-
19:06:16.690,snap,default,com.coolapk.market,discharging,1,37.6,59.2,100,95,1,60.78,2.14,9.21,8,3.708,1.552,5.754816,28070,7223,0,-
19:06:17.692,snap,default,com.coolapk.market,discharging,1,37.6,62.2,100,95,1,59.73,1.94,7.9,8,3.727,1.116,4.1593323,28070,7223,0,-
19:06:18.693,snap,default,com.coolapk.market,discharging,1,37.6,63.9,100,95,1,59.73,1.94,7.9,9,3.721,1.252,4.658692,21087,6866,0,-
19:06:19.694,snap,default,com.coolapk.market,discharging,1,37.6,62.3,100,95,1,58.51,1.77,7.19,9,3.731,1.432,5.342792,21087,6866,0,-
19:06:20.694,snap,default,com.coolapk.market,discharging,1,37.6,61.1,100,95,1,58.51,1.77,7.19,22,3.735,1.06,3.9590998,13103,4176,0,-
19:06:21.694,snap,default,com.coolapk.market,discharging,1,37.6,58.4,100,95,1,49.9,1.44,6.79,22,3.749,0.966,3.621534,13103,4176,0,-
19:06:22.694,snap,default,com.coolapk.market,discharging,1,37.6,58.4,100,95,1,49.9,1.44,6.79,22,3.745,1.212,4.53894,16939,5133,0,-
19:06:23.695,snap,default,com.coolapk.market,discharging,1,37.6,60.7,100,95,1,42.85,1.36,7.56,8,3.709,1.468,5.4448123,16939,5133,0,-
19:06:24.695,snap,default,com.coolapk.market,discharging,1,37.6,60.7,100,95,1,42.85,1.36,7.56,23,3.736,1.282,4.7895517,24665,7024,0,-
19:06:25.695,snap,default,com.coolapk.market,discharging,1,37.6,62.7,100,95,1,44.15,1.66,7.27,23,3.695,1.454,5.37253,24665,7024,0,-
19:06:26.703,snap,default,com.coolapk.market,discharging,1,37.6,62.7,100,95,1,44.84,2.08,7.77,20,3.672,2.324,8.533728,44119,17740,0,-
19:06:27.697,snap,default,com.coolapk.market,discharging,1,37.6,62.7,100,95,1,44.84,2.08,7.77,33,3.637,2.95,10.729151,44119,17740,0,-
19:06:28.698,snap,default,com.coolapk.market,discharging,1,37.6,65.7,100,95,1,42.33,2.61,7.26,55,3.709,1.96,7.2696404,29238,12255,0,-
19:06:29.698,snap,default,com.coolapk.market,discharging,1,37.6,68.7,100,95,1,42.33,2.61,7.26,55,3.678,1.742,6.407076,29238,12255,0,-
19:06:30.698,snap,default,com.coolapk.market,discharging,1,37.6,67.1,100,95,1,41,3.04,6.31,21,3.717,1.35,5.01795,29238,12255,0,-
19:06:31.698,snap,default,com.coolapk.market,discharging,1,37.6,65.9,100,95,1,41,3.04,6.31,17,3.719,1.438,5.347922,28520,13429,0,-
19:06:32.698,snap,default,com.coolapk.market,discharging,1,37.6,65.9,100,95,1,37.02,3.03,5.71,6,3.724,1.384,5.1540155,28520,13429,0,-
19:06:33.699,snap,default,com.coolapk.market,discharging,1,37.6,62.9,100,95,1,37.02,3.03,5.71,0,3.747,1.064,3.986808,23169,11106,0,-
19:06:34.707,snap,default,com.coolapk.market,discharging,1,37.6,59.9,100,95,1,32.3,2.66,5.58,0,3.758,0.85,3.1943,23169,11106,0,-
19:06:35.707,snap,default,com.coolapk.market,discharging,1,37.6,57.6,100,95,1,32.3,2.66,5.58,0,3.756,0.834,3.132504,7359,1766,0,-
19:06:36.708,snap,default,com.coolapk.market,discharging,1,37.7,56.8,100,95,1,28.44,2.54,4.93,0,3.763,0.882,3.3189662,7359,1766,0,-
19:06:37.708,snap,default,com.coolapk.market,discharging,1,37.7,57.6,100,95,1,28.44,2.54,4.93,0,3.754,0.836,3.138344,11658,2702,0,-
19:06:38.709,snap,default,com.coolapk.market,discharging,1,37.7,55.6,100,95,1,24.56,2.44,4.76,0,3.76,0.842,3.16592,11658,2702,0,-
19:06:39.709,snap,default,com.coolapk.market,discharging,1,37.7,54.8,100,95,1,24.56,2.44,4.76,0,3.763,0.848,3.191024,8000,1898,0,-
19:06:40.710,snap,default,com.coolapk.market,discharging,1,37.7,54.4,100,95,1,22.1,2.36,4.62,0,3.756,0.892,3.350352,8000,1898,0,-
19:06:41.710,snap,default,com.coolapk.market,discharging,1,37.7,54.4,100,95,1,22.1,2.36,4.62,0,3.756,0.892,3.350352,9175,2598,0,-
19:06:42.711,snap,default,com.coolapk.market,discharging,1,37.7,54,100,95,1,22.1,2.36,4.62,0,3.762,0.776,2.9193122,9175,2598,0,-
19:06:43.711,snap,default,com.coolapk.market,discharging,1,37.7,54,100,95,1,19,2.11,4.33,0,3.755,0.868,3.25934,6829,1592,0,-
19:06:44.712,snap,default,com.coolapk.market,discharging,1,37.7,54,100,95,1,19,2.11,4.33,0,3.758,0.87,3.26946,6829,1592,0,-
19:06:45.712,snap,default,com.coolapk.market,discharging,1,37.7,53.2,100,95,1,16.64,1.73,5.53,0,3.768,0.774,2.916432,6107,1467,0,-
19:06:46.712,snap,default,com.coolapk.market,discharging,1,37.7,52.8,100,95,1,16.64,1.73,5.53,0,3.767,0.758,2.855386,6107,1467,0,-
19:06:47.713,snap,default,com.coolapk.market,discharging,1,37.7,52.4,100,95,1,14.17,1.41,5.07,0,3.77,0.728,2.74456,5079,1296,0,-
19:06:48.713,snap,default,com.coolapk.market,discharging,1,37.7,52.1,100,95,1,14.17,1.41,5.07,0,3.772,0.722,2.7233841,5079,1296,0,-
19:06:49.713,snap,default,com.coolapk.market,discharging,1,37.7,52.1,100,95,1,11.97,1.16,4.33,0,3.775,0.676,2.5519001,4920,1386,0,-
19:06:50.713,snap,default,com.coolapk.market,discharging,1,37.7,51.7,100,95,1,11.97,1.16,4.33,0,3.768,0.72,2.71296,4920,1386,0,-
19:06:51.714,snap,default,com.coolapk.market,discharging,1,37.7,51.3,100,95,1,10.34,0.95,3.73,0,3.776,0.652,2.461952,5446,1482,0,-
19:06:52.715,snap,default,com.coolapk.market,discharging,1,37.7,51.3,100,95,1,10.34,0.95,3.73,0,3.772,0.744,2.806368,5446,1482,0,-
19:06:53.715,snap,default,com.coolapk.market,discharging,1,37.7,51.3,100,95,1,8.83,0.77,3.23,0,3.775,0.724,2.7331,6878,1870,0,-
19:06:54.715,snap,default,com.coolapk.market,discharging,1,37.7,51.7,100,95,1,8.83,0.77,3.23,0,3.765,0.782,2.94423,6878,1870,0,-
19:06:55.715,snap,default,com.coolapk.market,discharging,1,37.7,51.7,100,95,1,7.95,0.81,3.01,0,3.765,0.802,3.01953,6878,1870,0,-
19:06:56.716,snap,default,com.coolapk.market,discharging,1,37.7,51.7,100,95,1,7.95,0.81,3.01,0,3.769,0.7,2.6383,6217,1645,0,-
19:06:57.716,snap,default,com.coolapk.market,discharging,1,37.8,51.7,100,95,1,6.69,0.67,2.64,0,3.773,0.648,2.444904,6217,1645,0,-
19:06:58.717,snap,default,com.coolapk.market,discharging,1,37.8,50.9,100,95,1,5.84,0.54,2.35,0,3.771,0.716,2.700036,4950,1231,0,-
19:06:59.717,snap,default,com.coolapk.market,discharging,1,37.8,50.5,100,95,1,5.84,0.54,2.35,0,3.77,0.688,2.59376,4950,1231,0,-
19:07:00.718,snap,default,com.coolapk.market,discharging,1,37.8,50.5,100,95,1,5.32,0.63,2.1,0,3.763,0.756,2.844828,4944,1262,0,-
19:07:01.718,snap,default,com.coolapk.market,discharging,1,37.8,50.9,100,95,1,5.32,0.63,2.1,0,3.771,0.676,2.549196,4944,1262,0,-
19:07:02.718,snap,default,com.coolapk.market,discharging,1,37.8,50.9,100,95,1,5.26,0.87,2.26,0,3.758,0.936,3.5174878,11681,2601,0,-
19:07:03.718,snap,default,com.coolapk.market,discharging,1,37.8,51.3,100,95,1,5.26,0.87,2.26,0,3.768,0.726,2.735568,11681,2601,0,-
19:07:04.719,snap,default,com.coolapk.market,discharging,1,37.8,50.9,100,95,1,4.67,0.71,2.03,0,3.772,0.694,2.617768,5628,1516,0,-
19:07:05.719,snap,default,com.coolapk.market,discharging,1,37.8,51.3,100,95,1,4.67,0.71,2.03,0,3.775,0.676,2.5519001,5628,1516,0,-
19:07:06.720,snap,default,com.coolapk.market,discharging,1,37.8,51.3,100,95,1,4.19,0.58,2.03,0,3.766,0.722,2.719052,4542,1074,0,-
19:07:07.720,snap,default,com.coolapk.market,discharging,1,37.8,51.7,100,95,1,4.19,0.58,2.03,0,3.775,0.694,2.6198502,4542,1074,0,-
19:07:08.720,snap,default,com.coolapk.market,discharging,1,37.8,51.3,100,95,1,3.97,0.48,1.84,2,3.772,0.69,2.60268,6741,1807,0,-
19:07:09.721,snap,default,com.coolapk.market,discharging,1,37.8,51.7,100,95,1,3.97,0.48,1.84,0,3.768,0.742,2.7958558,6741,1807,0,-
19:07:10.721,snap,default,com.coolapk.market,discharging,1,37.8,52.1,100,95,1,5.61,0.75,2.41,0,3.718,1.356,5.041608,13965,4974,0,-
19:07:11.721,snap,default,com.coolapk.market,discharging,1,37.8,55.1,100,95,1,5.61,0.75,2.41,11,3.71,1.536,5.69856,13965,4974,0,-
19:07:12.724,snap,default,com.coolapk.market,discharging,1,37.8,57.2,100,95,1,10.02,0.98,2.33,13,3.704,1.642,6.081968,28516,14254,0,-
19:07:13.723,snap,default,com.coolapk.market,discharging,1,37.8,57.2,100,95,1,10.02,0.98,2.33,6,3.711,1.54,5.7149396,28516,14254,0,-
19:07:14.723,snap,default,com.coolapk.market,discharging,1,37.8,58,100,95,1,11.65,0.8,2.45,6,3.711,1.54,5.7149396,24387,12740,0,-
19:07:15.723,snap,default,com.coolapk.market,discharging,1,37.8,61,100,95,1,11.65,0.8,2.45,6,3.717,1.594,5.924898,24387,12740,0,-
19:07:16.724,snap,default,com.coolapk.market,discharging,1,37.8,58,100,95,1,11.65,0.8,2.45,15,3.69,1.642,6.05898,29909,14198,0,-
19:07:17.724,snap,default,com.coolapk.market,discharging,1,37.8,58,100,95,1,15.34,1.2,2.73,15,3.715,1.762,6.54583,29909,14198,0,-
19:07:18.725,snap,default,com.coolapk.market,discharging,1,37.8,56.4,100,95,1,15.34,1.2,2.73,0,3.732,1.168,4.358976,10170,3402,0,-
19:07:19.725,snap,default,com.coolapk.market,discharging,1,37.8,54.8,100,95,1,14.91,0.98,2.42,0,3.74,1.102,4.12148,10170,3402,0,-
19:07:20.726,snap,default,com.coolapk.market,discharging,1,37.8,54.8,100,95,1,14.91,0.98,2.42,0,3.757,0.982,3.689374,8049,2399,0,-
19:07:21.726,snap,default,com.coolapk.market,discharging,1,37.8,55.2,100,95,1,13.3,0.8,2.16,0,3.743,1.118,4.1846743,8049,2399,0,-
19:07:22.726,snap,default,com.coolapk.market,discharging,1,37.8,56.8,100,95,1,13.3,0.8,2.16,0,3.728,1.426,5.316128,8049,2399,0,-
19:07:23.726,snap,default,com.coolapk.market,discharging,1,37.8,56.8,100,95,1,17.59,1.2,2.49,0,3.741,1.126,4.212366,18455,4507,0,-
19:07:24.727,snap,default,com.coolapk.market,discharging,1,37.8,56.4,100,95,1,17.59,1.2,2.49,0,3.738,1.176,4.395888,18455,4507,0,-
19:07:25.727,snap,default,com.coolapk.market,discharging,1,37.8,54.8,100,95,1,19.47,1.34,2.77,0,3.745,1.078,4.03711,12724,3767,0,-
19:07:26.728,snap,default,com.coolapk.market,discharging,1,37.8,54.4,100,95,1,19.47,1.34,2.77,0,3.744,1.038,3.886272,12724,3767,0,-
19:07:27.728,snap,default,com.coolapk.market,discharging,1,37.8,54.4,100,95,1,24.82,1.28,2.81,0,3.74,0.998,3.73252,12057,3492,0,-
19:07:28.729,snap,default,com.coolapk.market,discharging,1,37.8,54,100,95,1,24.82,1.28,2.81,0,3.741,1.134,4.242294,12057,3492,0,-
19:07:29.729,snap,default,com.coolapk.market,discharging,1,37.8,53.6,100,95,1,25.04,1.05,3.2,0,3.745,1.018,3.8124099,13204,3705,0,-
19:07:30.730,snap,default,com.coolapk.market,discharging,1,37.8,52.8,100,95,1,25.04,1.05,3.2,0,3.761,0.908,3.4149878,13204,3705,0,-
19:07:31.730,snap,default,com.coolapk.market,discharging,1,37.8,52.8,100,95,1,21.77,0.86,2.8,0,3.748,1.08,4.04784,8205,2427,0,-
19:07:32.731,snap,default,com.coolapk.market,discharging,1,37.8,54.4,100,95,1,21.77,0.86,2.8,3,3.716,1.18,4.38488,8205,2427,0,-
19:07:33.731,snap,default,com.coolapk.market,discharging,1,37.8,56.4,100,95,1,20.72,0.7,2.48,3,3.71,1.448,5.37208,22628,11710,0,-
19:07:34.731,snap,default,com.coolapk.market,discharging,1,37.8,55.2,100,95,1,21.68,0.57,2.21,12,3.704,1.378,5.104112,22628,11710,0,-
19:07:35.741,snap,default,com.coolapk.market,discharging,1,37.9,56.4,100,95,1,21.68,0.57,2.21,17,3.744,1.204,4.507776,20291,9916,0,-
19:07:36.762,snap,default,com.coolapk.market,discharging,1,37.9,59.4,100,95,1,21.19,0.47,1.99,17,3.712,1.592,5.909504,20291,9916,0,-
19:07:37.758,snap,default,com.coolapk.market,discharging,1,37.9,62.4,100,95,1,21.19,0.47,1.99,15,3.654,2.248,8.214191,36431,15021,0,-
19:07:38.793,snap,default,com.coolapk.market,discharging,1,37.9,65.4,100,95,1,29.13,1.47,4.16,15,3.698,1.896,7.011408,36431,15021,0,-
19:07:39.924,snap,playback,tv.danmaku.bili,discharging,1,37.9,68.4,100,95,0,29.13,1.47,4.16,13,3.65,2.318,8.4607,36431,15021,0,-
19:07:40.924,snap,playback,tv.danmaku.bili,discharging,1,37.9,65.4,100,95,0,34.72,2.29,6.85,17,3.728,1.216,4.533248,43767,12693,0,-
19:07:41.925,snap,playback,tv.danmaku.bili,discharging,1,37.9,62.4,100,95,0,34.72,2.29,6.85,0,3.742,1.058,3.9590359,12778,4529,0,-
19:07:42.925,snap,playback,tv.danmaku.bili,discharging,1,37.9,59.4,100,95,0,32.23,1.87,5.79,0,3.757,0.926,3.478982,12778,4529,0,-
19:07:43.925,snap,playback,tv.danmaku.bili,discharging,1,37.9,56.8,100,95,0,32.23,1.87,5.79,0,3.735,1.158,4.32513,13772,4833,0,-
19:07:44.925,snap,playback,tv.danmaku.bili,discharging,1,37.9,59.2,100,95,0,32.37,1.53,4.74,0,3.728,1.21,4.51088,13772,4833,0,-
19:07:45.925,snap,playback,tv.danmaku.bili,discharging,1,37.9,56.2,100,95,0,32.37,1.53,4.74,0,3.737,1.192,4.454504,14314,5833,0,-
19:07:46.926,snap,playback,tv.danmaku.bili,discharging,1,37.9,54.4,100,95,0,31.03,1.25,3.88,0,3.746,1.012,3.790952,14314,5833,0,-
19:07:47.926,snap,playback,tv.danmaku.bili,discharging,1,37.9,54,100,95,0,31.03,1.25,3.88,0,3.748,1.012,3.7929757,9302,2993,0,-
19:07:48.926,snap,playback,tv.danmaku.bili,discharging,1,37.9,53.6,100,95,0,29.76,1.03,3.18,0,3.753,1.004,3.7680118,9302,2993,0,-
19:07:49.926,snap,playback,tv.danmaku.bili,discharging,1,37.9,53.6,100,95,0,29.76,1.03,3.18,0,3.761,0.838,3.151718,9401,3012,0,-
19:07:50.927,snap,playback,tv.danmaku.bili,discharging,1,37.9,53.6,100,95,0,27.45,0.84,2.78,0,3.753,0.972,3.647916,9401,3012,0,-
19:07:51.926,snap,playback,tv.danmaku.bili,discharging,1,37.9,53.6,100,95,0,27.45,0.84,2.78,0,3.753,0.972,3.647916,9190,2911,0,-
19:07:52.927,snap,playback,tv.danmaku.bili,discharging,1,37.9,52.8,100,95,0,27.45,0.84,2.78,0,3.756,0.82,3.07992,9190,2911,0,-
19:07:53.927,snap,playback,tv.danmaku.bili,discharging,1,37.9,52.8,100,95,0,25.01,0.69,2.28,0,3.76,0.818,3.07568,8156,2697,0,-
19:07:54.927,snap,playback,tv.danmaku.bili,discharging,1,37.9,52.4,100,95,0,25.01,0.69,2.28,0,3.766,0.76,2.86216,8156,2697,0,-
19:07:55.927,snap,playback,tv.danmaku.bili,discharging,1,37.9,52.4,100,95,0,22.11,0.56,1.86,0,3.749,0.938,3.5165622,9298,3224,0,-
19:07:56.928,snap,playback,tv.danmaku.bili,discharging,1,37.9,53.2,100,95,0,22.11,0.56,1.86,0,3.753,0.958,3.595374,9298,3224,0,-
19:07:57.929,snap,playback,tv.danmaku.bili,discharging,1,37.9,53.2,100,95,0,22.45,0.64,1.7,0,3.758,0.878,3.299524,9212,2738,0,-
19:07:58.929,snap,playback,tv.danmaku.bili,discharging,1,37.9,52.4,100,95,0,22.45,0.64,1.7,0,3.76,0.81,3.0456,9212,2738,0,-
19:07:59.929,snap,playback,tv.danmaku.bili,discharging,1,37.9,52.1,100,95,0,20.74,0.52,1.39,0,3.757,0.814,3.058198,12681,4501,0,-
19:08:01.322,snap,playback,tv.danmaku.bili,discharging,1,37.9,52.1,100,95,0,20.74,0.52,1.39,0,3.76,0.83,3.1208,12681,4501,0,-
19:08:02.323,snap,playback,tv.danmaku.bili,discharging,1,37.9,52.1,100,95,0,22.05,0.79,1.14,0,3.774,0.656,2.475744,14212,5890,0,-
19:08:03.322,snap,playback,tv.danmaku.bili,discharging,1,37.9,52.4,100,95,0,22.05,0.79,1.14,0,3.758,0.84,3.15672,14212,5890,0,-
19:08:04.322,snap,playback,tv.danmaku.bili,discharging,1,37.9,52.1,100,95,0,22.22,0.65,0.93,0,3.762,0.696,2.618352,13291,4742,0,-
19:08:05.323,snap,playback,tv.danmaku.bili,discharging,1,37.9,51.7,100,95,0,22.22,0.65,0.93,0,3.759,0.756,2.841804,13291,4742,0,-
19:08:06.323,snap,playback,tv.danmaku.bili,discharging,1,37.9,51.7,100,95,0,22,0.53,0.76,0,3.772,0.772,2.9119842,8695,2790,0,-
19:08:07.323,snap,playback,tv.danmaku.bili,discharging,1,37.9,51.3,100,95,0,20.91,0.43,0.62,0,3.763,0.82,3.08566,8695,2790,0,-
19:08:08.324,snap,playback,tv.danmaku.bili,discharging,1,37.9,51.3,100,95,0,20.91,0.43,0.62,0,3.759,0.816,3.067344,9830,3335,0,-
19:08:09.324,snap,playback,tv.danmaku.bili,discharging,1,37.9,51.3,100,95,0,20.38,0.35,0.51,0,3.769,0.78,2.93982,9830,3335,0,-
19:08:10.324,snap,playback,tv.danmaku.bili,discharging,1,37.9,51.3,100,95,0,20.38,0.35,0.51,0,3.76,0.822,3.0907202,8163,2653,0,-
19:08:11.325,snap,playback,tv.danmaku.bili,discharging,1,37.9,51.3,100,95,0,19.77,0.29,0.42,0,3.763,0.828,3.1157641,8163,2653,0,-
19:08:12.325,snap,playback,tv.danmaku.bili,discharging,1,37.9,51.3,100,95,0,19.77,0.29,0.42,0,3.759,0.836,3.1425242,10156,3571,0,-
19:08:13.325,snap,playback,tv.danmaku.bili,discharging,1,37.9,51.3,100,95,0,19.63,0.23,0.34,0,3.759,0.832,3.1274881,10156,3571,0,-
19:08:14.326,snap,playback,tv.danmaku.bili,discharging,1,37.9,51.3,100,95,0,19.63,0.23,0.34,0,3.761,0.832,3.129152,8018,2461,0,-
19:08:15.326,snap,playback,tv.danmaku.bili,discharging,1,37.9,51.3,100,95,0,18.06,0.19,0.28,0,3.762,0.796,2.9945521,8018,2461,0,-
19:08:16.327,snap,playback,tv.danmaku.bili,discharging,1,37.9,51.3,100,95,0,18.06,0.19,0.28,0,3.761,0.87,3.27207,7735,2364,0,-
19:08:17.327,snap,playback,tv.danmaku.bili,discharging,1,37.9,50.9,100,95,0,16.96,0.15,0.23,0,3.762,0.814,3.062268,7735,2364,0,-
19:08:18.328,snap,playback,tv.danmaku.bili,discharging,1,37.9,50.9,100,95,0,16.96,0.15,0.23,0,3.761,0.79,2.97119,9391,3223,0,-
19:08:19.328,snap,playback,tv.danmaku.bili,discharging,1,37.9,51.3,100,95,0,16.61,0.12,0.18,0,3.763,0.826,3.108238,9391,3223,0,-
19:08:20.328,snap,playback,tv.danmaku.bili,discharging,1,37.9,51.3,100,95,0,16.61,0.12,0.18,0,3.756,0.976,3.6658561,8449,2579,0,-
19:08:21.329,snap,playback,tv.danmaku.bili,discharging,1,37.9,51.3,100,95,0,15.41,0.1,0.15,0,3.756,0.828,3.1099682,8449,2579,0,-
19:08:22.329,snap,playback,tv.danmaku.bili,discharging,1,37.9,51.3,100,95,0,15.41,0.1,0.15,0,3.758,0.84,3.15672,7837,2429,0,-
19:08:23.330,snap,playback,tv.danmaku.bili,discharging,1,37.9,51.3,100,95,0,14.61,0.08,0.12,0,3.76,0.826,3.1057599,7837,2429,0,-
19:08:24.330,snap,playback,tv.danmaku.bili,discharging,1,37.9,51.3,100,95,0,14.61,0.08,0.12,0,3.76,0.826,3.1057599,7822,2209,0,-
19:08:25.331,snap,playback,tv.danmaku.bili,discharging,1,37.9,51.3,100,95,0,14.61,0.08,0.12,0,3.759,0.846,3.180114,7822,2209,0,-
19:08:26.331,snap,playback,tv.danmaku.bili,discharging,1,37.9,51.3,100,95,0,13.95,0.07,0.1,0,3.765,0.836,3.14754,7822,2209,0,-
19:08:27.332,snap,playback,tv.danmaku.bili,discharging,1,37.9,50.9,100,95,0,13.95,0.07,0.1,0,3.762,0.808,3.0396962,8137,2550,0,-
19:08:28.332,snap,playback,tv.danmaku.bili,discharging,1,37.9,50.9,100,95,0,14.32,0.05,0.08,0,3.766,0.8,3.0128,8137,2550,0,-
19:08:29.333,snap,playback,tv.danmaku.bili,discharging,1,37.9,50.9,100,95,0,14.32,0.05,0.08,0,3.761,0.84,3.1592398,11367,3179,0,-
19:08:30.333,snap,playback,tv.danmaku.bili,discharging,1,37.9,50.9,100,95,0,16.44,0.59,0.06,0,3.759,0.86,3.2327402,11367,3179,0,-
19:08:31.334,snap,playback,tv.danmaku.bili,discharging,1,37.9,50.9,100,95,0,16.44,0.59,0.06,0,3.758,0.814,3.059012,9839,2764,0,-
19:08:32.334,snap,playback,tv.danmaku.bili,discharging,1,37.9,51.3,100,95,0,17.45,0.84,0.41,0,3.759,0.836,3.1425242,9839,2764,0,-
19:08:33.334,snap,playback,tv.danmaku.bili,discharging,1,37.9,51.3,100,95,0,17.45,0.84,0.41,0,3.754,0.818,3.070772,8167,2407,0,-
19:08:34.335,snap,playback,tv.danmaku.bili,discharging,1,37.9,51.3,100,95,0,16.64,0.69,0.34,0,3.761,0.828,3.1141078,8167,2407,0,-
19:08:35.335,snap,playback,tv.danmaku.bili,discharging,1,37.9,51.3,100,95,0,16.64,0.69,0.34,0,3.76,0.792,2.97792,9935,3837,0,-
19:08:36.336,snap,playback,tv.danmaku.bili,discharging,1,37.9,50.9,100,95,0,15.8,0.56,0.46,0,3.762,0.794,2.9870281,9935,3837,0,-
19:08:37.336,snap,playback,tv.danmaku.bili,discharging,1,37.9,50.9,100,95,0,15.8,0.56,0.46,0,3.757,0.808,3.035656,8036,2658,0,-
19:08:38.337,snap,playback,tv.danmaku.bili,discharging,1,37.9,50.9,100,95,0,15.83,0.46,0.37,0,3.766,0.838,3.155908,8036,2658,0,-
19:08:39.337,snap,playback,tv.danmaku.bili,discharging,1,37.9,51.7,100,95,0,15.83,0.46,0.37,0,3.758,0.808,3.036464,11047,4263,0,-
19:08:40.338,snap,playback,tv.danmaku.bili,discharging,1,37.9,51.7,100,95,0,15.5,0.56,0.3,0,3.763,0.738,2.777094,11047,4263,0,-
19:08:41.338,snap,playback,tv.danmaku.bili,discharging,1,37.9,50.9,100,95,0,16.5,0.82,0.43,0,3.773,0.778,2.935394,13260,4227,0,-
19:08:42.339,snap,playback,tv.danmaku.bili,discharging,1,37.9,50.5,100,95,0,16.5,0.82,0.43,0,3.778,0.62,2.34236,13260,4227,0,-
19:08:43.339,snap,playback,tv.danmaku.bili,discharging,1,37.9,50.1,100,95,0,15.32,0.67,0.35,0,3.768,0.684,2.577312,8858,2880,0,-
19:08:44.340,snap,playback,tv.danmaku.bili,discharging,1,37.9,49.7,100,95,0,15.32,0.67,0.35,0,3.763,0.67,2.52121,8858,2880,0,-
19:08:45.340,snap,playback,tv.danmaku.bili,discharging,1,37.9,49.3,100,95,0,14.9,0.55,0.29,0,3.778,0.558,2.1081243,9650,3902,0,-
19:08:46.340,snap,playback,tv.danmaku.bili,discharging,1,37.9,49.3,100,95,0,14.9,0.55,0.29,0,3.78,0.632,2.3889601,9650,3902,0,-
19:08:47.340,snap,playback,tv.danmaku.bili,discharging,1,37.8,50.1,100,95,0,14.92,0.63,0.23,0,3.778,0.692,2.614376,8578,2945,0,-
19:08:48.342,snap,playback,tv.danmaku.bili,discharging,1,37.8,50.5,100,95,0,14.92,0.63,0.23,0,3.762,0.814,3.062268,8578,2945,0,-
19:08:49.342,snap,playback,tv.danmaku.bili,discharging,1,37.8,50.5,100,95,0,14.57,0.51,0.19,0,3.768,0.604,2.2758718,10884,3564,0,-
19:08:50.343,snap,playback,tv.danmaku.bili,discharging,1,37.8,50.1,100,95,0,14.57,0.51,0.19,0,3.774,0.598,2.256852,10884,3564,0,-
19:08:51.343,snap,playback,tv.danmaku.bili,discharging,1,37.8,49.7,100,95,0,15.37,0.42,0.15,0,3.775,0.648,2.4462001,10899,3959,0,-
19:08:52.343,snap,playback,tv.danmaku.bili,discharging,1,37.8,49.7,100,95,0,15.37,0.42,0.15,0,3.773,0.668,2.520364,10899,3959,0,-
19:08:53.344,snap,playback,tv.danmaku.bili,discharging,1,37.8,49.3,100,95,0,15.85,0.34,0.12,0,3.78,0.636,2.40408,9044,3136,0,-
19:08:54.344,snap,playback,tv.danmaku.bili,discharging,1,37.8,49.3,100,95,0,15.85,0.34,0.12,0,3.779,0.606,2.290074,9044,3136,0,-
19:08:55.344,snap,playback,tv.danmaku.bili,discharging,1,37.8,48.9,100,95,0,15.51,0.28,0.1,0,3.764,0.668,2.5143518,9956,3695,0,-
19:08:56.345,snap,playback,tv.danmaku.bili,discharging,1,37.8,48.9,100,95,0,15.51,0.28,0.1,0,3.764,0.668,2.5143518,9956,3695,0,-
19:08:57.345,snap,playback,tv.danmaku.bili,discharging,1,37.8,49.3,100,95,0,15.51,0.28,0.1,0,3.782,0.638,2.4129162,8163,2670,0,-
19:08:58.345,snap,playback,tv.danmaku.bili,discharging,1,37.8,49.7,100,95,0,14.69,0.41,0.08,0,3.774,0.67,2.52858,8163,2670,0,-
19:08:59.346,snap,playback,tv.danmaku.bili,discharging,1,37.8,49.7,100,95,0,14.69,0.41,0.08,0,3.781,0.624,2.359344,8322,2774,0,-
19:09:00.347,snap,playback,tv.danmaku.bili,discharging,1,37.8,48.9,100,95,0,13.84,0.33,0.07,0,3.776,0.632,2.3864322,8322,2774,0,-
19:09:01.348,snap,playback,tv.danmaku.bili,discharging,1,37.8,48.9,100,95,0,13.84,0.33,0.07,0,3.775,0.674,2.5443501,9586,3184,0,-
19:09:02.348,snap,playback,tv.danmaku.bili,discharging,1,37.8,48.9,100,95,0,13.51,0.27,0.05,0,3.776,0.696,2.6280959,9586,3184,0,-
19:09:03.348,snap,playback,tv.danmaku.bili,discharging,1,37.8,49.3,100,95,0,13.51,0.27,0.05,0,3.779,0.646,2.441234,8229,2674,0,-
19:09:04.349,snap,playback,tv.danmaku.bili,discharging,1,37.8,48.9,100,95,0,13.05,0.22,0.04,0,3.778,0.628,2.372584,8229,2674,0,-
19:09:05.349,snap,playback,tv.danmaku.bili,discharging,1,37.8,49.3,100,95,0,13.05,0.22,0.04,0,3.77,0.676,2.54852,8235,2766,0,-
19:09:06.349,snap,playback,tv.danmaku.bili,discharging,1,37.8,50.5,100,95,0,12.32,0.18,0.03,0,3.761,0.814,3.061454,8235,2766,0,-
19:09:07.350,snap,playback,tv.danmaku.bili,discharging,1,37.8,50.5,100,95,0,12.32,0.18,0.03,0,3.762,0.822,3.092364,12516,3685,0,-
19:09:08.350,snap,playback,tv.danmaku.bili,discharging,1,37.8,50.1,100,95,0,16.79,0.33,0.03,0,3.762,0.788,2.964456,12516,3685,0,-
19:09:09.351,snap,playback,tv.danmaku.bili,discharging,1,37.8,50.1,100,95,0,16.79,0.33,0.03,0,3.768,0.682,2.5697758,9798,3545,0,-
19:09:10.351,snap,playback,tv.danmaku.bili,discharging,1,37.8,50.1,100,95,0,16.83,0.45,0.02,0,3.759,0.81,3.04479,9798,3545,0,-
19:09:11.351,snap,playback,tv.danmaku.bili,discharging,1,37.8,50.1,100,95,0,16.83,0.45,0.02,0,3.769,0.652,2.4573882,8737,3003,0,-
19:09:12.352,snap,playback,tv.danmaku.bili,discharging,1,37.8,49.3,100,95,0,15.41,0.37,0.02,0,3.765,0.678,2.55267,8737,3003,0,-
19:09:13.352,snap,playback,tv.danmaku.bili,discharging,1,37.8,49.7,100,95,0,14.97,0.3,0.01,0,3.766,0.704,2.651264,9330,3230,0,-
19:09:14.353,snap,playback,tv.danmaku.bili,discharging,1,37.8,49.3,100,95,0,14.97,0.3,0.01,0,3.77,0.692,2.60884,9330,3230,0,-
19:09:15.354,snap,playback,tv.danmaku.bili,discharging,1,37.8,49.3,100,95,0,14.25,0.24,0.01,0,3.762,0.674,2.5355883,8334,2913,0,-
19:09:16.354,snap,playback,tv.danmaku.bili,discharging,1,37.8,49.3,100,95,0,14.25,0.24,0.01,0,3.78,0.608,2.29824,8334,2913,0,-
19:09:17.354,snap,playback,tv.danmaku.bili,discharging,1,37.8,49.3,100,95,0,13.84,0.2,0.01,0,3.778,0.602,2.2743561,8466,2991,0,-
19:09:18.355,snap,playback,tv.danmaku.bili,discharging,1,37.8,48.9,100,95,0,13.84,0.2,0.01,0,3.774,0.692,2.6116078,8466,2991,0,-
19:09:19.355,snap,playback,tv.danmaku.bili,discharging,1,37.8,48.9,100,95,0,13.33,0.16,0,0,3.77,0.652,2.45804,7766,2789,0,-
19:09:20.355,snap,playback,tv.danmaku.bili,discharging,1,37.8,48.9,100,95,0,13.33,0.16,0,0,3.777,0.64,2.41728,7766,2789,0,-
19:09:21.356,snap,playback,tv.danmaku.bili,discharging,1,37.8,48.9,100,95,0,13.08,0.13,0,0,3.772,0.682,2.572504,8486,3048,0,-
19:09:22.356,snap,playback,tv.danmaku.bili,discharging,1,37.8,48.9,100,95,0,13.08,0.13,0,0,3.768,0.688,2.592384,8486,3048,0,-
19:09:23.357,snap,playback,tv.danmaku.bili,discharging,1,37.8,48.9,100,95,0,13.07,0.11,0,0,3.767,0.688,2.591696,8206,2760,0,-
19:09:24.358,snap,playback,tv.danmaku.bili,discharging,1,37.8,48.9,100,95,0,13.07,0.11,0,0,3.765,0.748,2.8162203,8206,2760,0,-
19:09:25.358,snap,playback,tv.danmaku.bili,discharging,1,37.8,48.9,100,95,0,12.51,0.09,0,0,3.764,0.724,2.7251358,7906,2734,0,-
19:09:26.358,snap,playback,tv.danmaku.bili,discharging,1,37.8,48.9,100,95,0,12.51,0.09,0,0,3.777,0.646,2.4399421,7906,2734,0,-
19:09:27.359,snap,playback,tv.danmaku.bili,discharging,1,37.8,48.9,100,95,0,12.06,0.07,0,0,3.777,0.646,2.4399421,7807,2403,0,-
19:09:28.359,snap,playback,tv.danmaku.bili,discharging,1,37.8,49.3,100,95,0,12.06,0.07,0,0,3.764,0.794,2.988616,7807,2403,0,-
19:09:29.359,snap,playback,tv.danmaku.bili,discharging,1,37.8,49.3,100,95,0,12.06,0.07,0,0,3.78,0.586,2.21508,8667,3109,0,-
19:09:30.360,snap,playback,tv.danmaku.bili,discharging,1,37.8,48.9,100,95,0,11.5,0.06,0,0,3.77,0.632,2.3826401,8667,3109,0,-
19:09:31.360,snap,playback,tv.danmaku.bili,discharging,1,37.8,48.9,100,95,0,11.5,0.06,0,0,3.775,0.62,2.3405,7944,2745,0,-
19:09:32.361,snap,playback,tv.danmaku.bili,discharging,1,37.8,48.5,100,95,0,11.59,0.04,0,0,3.776,0.632,2.3864322,7944,2745,0,-
19:09:33.361,snap,playback,tv.danmaku.bili,discharging,1,37.8,48.5,100,95,0,11.59,0.04,0,0,3.773,0.67,2.52791,8360,2712,0,-
19:09:34.361,snap,playback,tv.danmaku.bili,discharging,1,37.8,48.5,100,95,0,11.66,0.04,0,0,3.777,0.62,2.34174,8360,2712,0,-
19:09:35.362,snap,playback,tv.danmaku.bili,discharging,1,37.8,48.5,100,95,0,11.66,0.04,0,0,3.777,0.594,2.243538,10159,3927,0,-
19:09:36.362,snap,playback,tv.danmaku.bili,discharging,1,37.8,48.5,100,95,0,12.09,0.03,0,0,3.773,0.622,2.3468058,10159,3927,0,-
19:09:37.362,snap,playback,tv.danmaku.bili,discharging,1,37.8,48.9,100,95,0,12.09,0.03,0,0,3.769,0.62,2.33678,7824,2413,0,-
19:09:38.362,snap,playback,tv.danmaku.bili,discharging,1,37.8,48.5,100,95,0,11.71,0.02,0,0,3.776,0.624,2.356224,7824,2413,0,-
19:09:39.362,snap,playback,tv.danmaku.bili,discharging,1,37.8,48.5,100,95,0,11.71,0.02,0,0,3.775,0.668,2.5217,12083,4503,0,-
19:09:43.811,snap,playback,tv.danmaku.bili,discharging,1,37.8,48.5,100,95,0,12.67,0.2,0,0,3.8,0.282,1.0716,12083,4503,0,-
19:09:47.646,snap,playback,tv.danmaku.bili,discharging,1,37.8,48.5,100,95,0,12.73,0.7,0,0,3.817,0.034,0.129778,9119,4022,0,-
19:09:53.714,snap,playback,tv.danmaku.bili,discharging,1,37.8,48.9,100,95,0,12.73,0.7,0,0,3.818,0.034,0.12981202,9119,4022,0,-
19:09:54.748,snap,playback,tv.danmaku.bili,discharging,1,37.8,48.9,100,95,0,17.85,1.84,1.26,0,3.736,0.924,3.452064,35559,13334,0,-
19:09:55.753,snap,playback,tv.danmaku.bili,discharging,1,37.8,48.9,100,95,0,17.85,1.84,1.26,31,3.68,2.128,7.8310404,35559,13334,0,-
19:09:56.757,snap,playback,tv.danmaku.bili,discharging,1,37.8,48.9,100,95,0,30.55,2.6,5.2,34,3.687,2.084,7.6837087,48123,16782,0,-
19:09:57.787,snap,playback,tv.danmaku.bili,discharging,1,37.8,48.9,100,95,0,30.55,2.6,5.2,34,3.681,2.168,7.9804077,48123,16782,0,-
19:09:58.787,snap,default,com.tencent.mobileqq,discharging,1,37.8,48.9,100,95,1,41.68,3.94,12.41,22,3.681,2.012,7.4061723,48123,16782,0,-
19:09:59.787,snap,default,com.tencent.mobileqq,discharging,1,37.8,48.9,100,95,1,41.68,3.94,12.41,20,3.654,2.298,8.396893,39570,8205,0,-
19:10:00.789,snap,default,com.tencent.mobileqq,discharging,1,37.8,48.9,100,95,1,49.53,4.31,12.7,12,3.654,2.298,8.396893,39570,8205,0,-
19:10:01.789,snap,default,com.tencent.mobileqq,discharging,1,37.8,48.9,100,95,1,49.53,4.31,12.7,12,3.639,2.746,9.992694,38906,8334,0,-
19:10:02.790,snap,default,com.tencent.mobileqq,discharging,1,37.8,48.9,100,95,1,49.53,4.31,12.7,12,3.672,2.394,8.790768,38906,8334,0,-
19:10:03.790,snap,default,com.tencent.mobileqq,discharging,1,37.8,48.9,100,95,1,47.44,4.07,10.76,16,3.668,2.314,8.487752,23055,10846,0,-
19:10:04.790,snap,default,com.tencent.mobileqq,discharging,1,37.8,48.9,100,95,1,47.44,4.07,10.76,29,3.679,2.156,7.9319234,23055,10846,0,-
19:10:05.791,snap,default,com.tencent.mobileqq,discharging,1,37.8,51.9,100,95,1,43.92,3.7,8.81,21,3.727,1.324,4.934548,27719,14115,0,-
19:10:06.857,snap,playback,tv.danmaku.bili,discharging,1,37.8,54.9,100,95,0,43.92,3.7,8.81,2,3.769,0.68,2.56292,27719,14115,0,-
19:10:07.857,snap,playback,tv.danmaku.bili,discharging,1,37.8,57.9,100,95,0,46.65,3.21,7.21,0,3.767,0.662,2.493754,10198,3408,0,-
19:10:08.857,snap,playback,tv.danmaku.bili,discharging,1,37.8,59.2,100,95,0,46.65,3.21,7.21,0,3.752,0.832,3.121664,10198,3408,0,-
19:10:09.858,snap,playback,tv.danmaku.bili,discharging,1,37.8,58.4,100,95,0,42.55,3.17,5.9,0,3.772,0.804,3.0326881,21734,6741,0,-
19:10:10.859,snap,playback,tv.danmaku.bili,discharging,1,37.9,56,100,95,0,42.55,3.17,5.9,10,3.765,0.744,2.80116,21734,6741,0,-
19:10:11.859,snap,playback,tv.danmaku.bili,discharging,1,37.9,53.2,100,95,0,38.1,2.95,5.01,0,3.78,0.418,1.58004,16927,7968,0,-
19:10:12.859,snap,playback,tv.danmaku.bili,discharging,1,37.9,51.3,100,95,0,38.1,2.95,5.01,0,3.791,0.346,1.3116859,16927,7968,0,-
19:10:13.861,snap,playback,tv.danmaku.bili,discharging,1,37.9,50.9,100,95,0,33.37,2.42,4.1,0,3.784,0.438,1.6573919,8244,2891,0,-
19:10:14.861,snap,playback,tv.danmaku.bili,discharging,1,37.9,50.5,100,95,0,33.37,2.42,4.1,0,3.795,0.328,1.24476,8244,2891,0,-
19:10:15.861,snap,playback,tv.danmaku.bili,discharging,1,37.9,50.1,100,95,0,28.77,1.98,3.36,0,3.774,0.512,1.932288,8813,4151,0,-
19:10:16.861,snap,playback,tv.danmaku.bili,discharging,1,37.9,49.7,100,95,0,26.46,1.62,2.75,0,3.791,0.444,1.6832039,8813,4151,0,-
19:10:17.862,snap,playback,tv.danmaku.bili,discharging,1,37.9,49.7,100,95,0,26.46,1.62,2.75,0,3.789,0.41,1.55349,11555,5165,0,-
19:10:18.862,snap,playback,tv.danmaku.bili,discharging,1,37.9,48.9,100,95,0,23.11,1.32,2.25,0,3.796,0.318,1.2071279,11555,5165,0,-
19:10:19.862,snap,playback,tv.danmaku.bili,discharging,1,37.9,48.9,100,95,0,23.11,1.32,2.25,0,3.793,0.402,1.524786,7729,3270,0,-
19:10:20.863,snap,playback,tv.danmaku.bili,discharging,1,37.9,48.5,100,95,0,20.74,1.08,1.84,0,3.795,0.334,1.26753,7729,3270,0,-
19:10:21.863,snap,playback,tv.danmaku.bili,discharging,1,38,48.1,100,95,0,20.74,1.08,1.84,0,3.794,0.322,1.221668,6276,2081,0,-
19:10:22.862,snap,playback,tv.danmaku.bili,discharging,1,38,48.1,100,95,0,18.61,0.89,1.51,0,3.796,0.358,1.358968,6276,2081,0,-
19:10:23.863,snap,playback,tv.danmaku.bili,discharging,1,38,47.7,100,95,0,18.61,0.89,1.51,21,3.781,0.476,1.799756,8272,3131,0,-
19:10:24.864,snap,playback,tv.danmaku.bili,discharging,1,38,47.7,100,95,0,16.69,0.72,1.23,0,3.792,0.33,1.25136,8272,3131,0,-
19:10:25.863,snap,playback,tv.danmaku.bili,discharging,1,38,47.7,100,95,0,16.69,0.72,1.23,0,3.79,0.334,1.26586,5356,1764,0,-
19:10:26.864,snap,playback,tv.danmaku.bili,discharging,1,38,48.5,100,95,0,15.47,0.59,1.01,0,3.789,0.43,1.6292701,5356,1764,0,-
19:10:27.864,snap,playback,tv.danmaku.bili,discharging,1,38,48.5,100,95,0,15.47,0.59,1.01,0,3.786,0.476,1.8021361,10351,3739,0,-
19:10:28.864,snap,playback,tv.danmaku.bili,discharging,1,38,47.3,100,95,0,14.3,0.48,0.82,0,3.795,0.318,1.20681,10351,3739,0,-
19:10:29.864,snap,playback,tv.danmaku.bili,discharging,1,38,47.3,100,95,0,14.3,0.48,0.82,0,3.794,0.356,1.350664,5362,1777,0,-
19:10:30.864,snap,playback,tv.danmaku.bili,discharging,1,38,47.3,100,95,0,13.16,0.39,0.67,0,3.798,0.312,1.1849761,5362,1777,0,-
19:10:31.865,snap,playback,tv.danmaku.bili,discharging,1,38,46.5,100,95,0,13.16,0.39,0.67,0,3.798,0.312,1.1849761,5384,1738,0,-
19:10:32.865,snap,playback,tv.danmaku.bili,discharging,1,38,46.5,100,95,0,13.16,0.39,0.67,0,3.796,0.354,1.343784,5384,1738,0,-
19:10:33.865,snap,playback,tv.danmaku.bili,discharging,1,38,46.5,100,95,0,12.22,0.32,0.55,0,3.796,0.312,1.184352,7563,2317,0,-
19:10:34.865,snap,playback,tv.danmaku.bili,discharging,1,38,46.5,100,95,0,12.22,0.32,0.55,0,3.798,0.31,1.1773801,7563,2317,0,-
19:10:35.866,snap,playback,tv.danmaku.bili,discharging,1,38,46.5,100,95,0,11.82,0.26,0.45,0,3.788,0.496,1.8788481,8566,2918,0,-
19:10:36.866,snap,playback,tv.danmaku.bili,discharging,1,38,46.5,100,95,0,11.82,0.26,0.45,0,3.796,0.34,1.29064,8566,2918,0,-
19:10:37.866,snap,playback,tv.danmaku.bili,discharging,1,38,46.1,100,95,0,11.67,0.21,0.37,0,3.798,0.288,1.093824,4999,1693,0,-
19:10:38.866,snap,playback,tv.danmaku.bili,discharging,1,38,46.1,100,95,0,11.67,0.21,0.37,0,3.797,0.262,0.994814,4999,1693,0,-
19:10:39.866,snap,playback,tv.danmaku.bili,discharging,1,38,45.7,100,95,0,10.82,0.17,0.3,0,3.798,0.264,1.0026721,3669,1079,0,-
19:10:40.866,snap,playback,tv.danmaku.bili,discharging,1,38,46.1,100,95,0,10.82,0.17,0.3,0,3.792,0.354,1.342368,3669,1079,0,-
19:10:41.867,snap,playback,tv.danmaku.bili,discharging,1,38,45.7,100,95,0,11.4,0.14,0.24,0,3.797,0.288,1.0935359,5789,1627,0,-
19:10:42.867,snap,playback,tv.danmaku.bili,discharging,1,38.1,46.5,100,95,0,11.4,0.14,0.24,0,3.798,0.282,1.0710361,5789,1627,0,-
19:10:43.867,snap,playback,tv.danmaku.bili,discharging,1,38.1,46.9,100,95,0,10.42,0.11,0.2,0,3.791,0.352,1.334432,4309,1281,0,-
19:10:44.867,snap,playback,tv.danmaku.bili,discharging,1,38.1,46.9,100,95,0,9.25,0.09,0.16,0,3.783,0.352,1.331616,4309,1281,0,-
19:10:45.868,snap,playback,tv.danmaku.bili,discharging,1,38.1,46.5,100,95,0,9.25,0.09,0.16,0,3.8,0.298,1.1324,5386,1672,0,-
19:10:46.868,snap,playback,tv.danmaku.bili,discharging,1,38.1,45.3,100,95,0,8.66,0.07,0.13,0,3.802,0.248,0.942896,5386,1672,0,-
19:10:47.869,snap,playback,tv.danmaku.bili,discharging,1,38.1,45.3,100,95,0,8.66,0.07,0.13,0,3.796,0.318,1.2071279,6433,2692,0,-
19:10:48.869,snap,playback,tv.danmaku.bili,discharging,1,38.1,48.3,100,95,0,9.45,0.06,0.11,49,3.748,1.08,4.04784,6433,2692,0,-
19:10:49.870,snap,playback,tv.danmaku.bili,discharging,1,38.1,50.5,100,95,0,9.45,0.06,0.11,49,3.785,0.698,2.64193,16479,9061,0,-
19:10:50.869,snap,playback,tv.danmaku.bili,discharging,1,38.1,50.5,100,95,0,9.91,0.05,0.09,61,3.779,0.732,2.766228,16479,9061,0,-
19:10:51.870,snap,playback,tv.danmaku.bili,discharging,1,38.1,48.1,100,95,0,9.91,0.05,0.09,61,3.79,0.322,1.22038,9436,5108,0,-
19:10:52.870,snap,playback,tv.danmaku.bili,discharging,1,38.1,48.1,100,95,0,9.56,0.04,0.07,0,3.801,0.24,0.91224,9436,5108,0,-
19:10:53.871,snap,playback,tv.danmaku.bili,discharging,1,38.1,47.7,100,95,0,9.56,0.04,0.07,0,3.783,0.612,2.315196,6341,1961,0,-
19:10:54.872,snap,playback,tv.danmaku.bili,discharging,1,38.1,47.7,100,95,0,12.72,0.03,1.14,0,3.783,0.526,1.989858,6341,1961,0,-
19:10:55.872,snap,playback,tv.danmaku.bili,discharging,1,38.1,47.7,100,95,0,12.72,0.03,1.14,0,3.78,0.478,1.80684,7453,1882,0,-
19:10:56.872,snap,playback,tv.danmaku.bili,discharging,1,38.1,46.9,100,95,0,14.22,0.2,0.93,0,3.783,0.476,1.800708,7453,1882,0,-
19:10:57.872,snap,playback,tv.danmaku.bili,discharging,1,38.1,46.5,100,95,0,14.22,0.2,0.93,0,3.793,0.338,1.282034,6913,2849,0,-
19:10:58.872,snap,playback,tv.danmaku.bili,discharging,1,38.1,46.5,100,95,0,13.09,0.17,0.76,0,3.8,0.35,1.3299999,6913,2849,0,-
19:10:59.872,snap,playback,tv.danmaku.bili,discharging,1,38.1,46.1,100,95,0,13.09,0.17,0.76,0,3.8,0.35,1.3299999,5524,1543,0,-
19:11:00.873,snap,playback,tv.danmaku.bili,discharging,1,38.1,45.7,100,95,0,13.09,0.17,0.76,0,3.799,0.316,1.200484,5524,1543,0,-
19:11:01.873,snap,playback,tv.danmaku.bili,discharging,1,38.1,45.7,100,95,0,11.99,0.14,0.62,0,3.801,0.312,1.185912,5708,1772,0,-
19:11:02.874,snap,playback,tv.danmaku.bili,discharging,1,38.1,46.9,100,95,0,11.99,0.14,0.62,0,3.799,0.322,1.223278,5708,1772,0,-
19:11:03.874,snap,playback,tv.danmaku.bili,discharging,1,38.1,47.3,100,95,0,11.81,0.11,0.51,0,3.784,0.462,1.748208,7800,2740,0,-
19:11:04.875,snap,playback,tv.danmaku.bili,discharging,1,38.1,47.3,100,95,0,11.81,0.11,0.51,0,3.794,0.348,1.3203119,7800,2740,0,-
19:11:05.875,snap,playback,tv.danmaku.bili,discharging,1,38.1,46.1,100,95,0,11.84,0.09,0.42,0,3.799,0.334,1.268866,4682,1626,0,-
19:11:06.875,snap,playback,tv.danmaku.bili,discharging,1,38.1,44.9,100,95,0,11.84,0.09,0.42,0,3.79,0.302,1.1445799,4682,1626,0,-
19:11:07.876,snap,playback,tv.danmaku.bili,discharging,1,38.1,46.1,100,95,0,11.14,0.07,0.34,0,3.797,0.31,1.17707,11991,4883,0,-
19:11:08.877,snap,playback,tv.danmaku.bili,discharging,1,38.1,46.1,100,95,0,11.14,0.07,0.34,24,3.773,0.614,2.316622,11991,4883,0,-
19:11:09.877,snap,playback,tv.danmaku.bili,discharging,1,38.1,46.1,100,95,0,11.84,0.06,0.28,24,3.791,0.416,1.5770559,11778,6020,0,-
19:11:10.877,snap,playback,tv.danmaku.bili,discharging,1,38.1,46.1,100,95,0,11.84,0.06,0.28,0,3.796,0.36,1.3665601,11778,6020,0,-
19:11:11.877,snap,playback,tv.danmaku.bili,discharging,1,38.1,46.1,100,95,0,11.51,0.05,0.23,0,3.801,0.288,1.0946879,6270,2133,0,-
19:11:12.878,snap,playback,tv.danmaku.bili,discharging,1,38.1,44.9,100,95,0,11.51,0.05,0.23,0,3.795,0.292,1.10814,6270,2133,0,-
19:11:13.878,snap,playback,tv.danmaku.bili,discharging,1,38.1,45.7,100,95,0,11.05,0.04,0.18,0,3.798,0.274,1.040652,8132,3311,0,-
19:11:14.878,snap,playback,tv.danmaku.bili,discharging,1,38.2,45.7,100,95,0,11.05,0.04,0.18,21,3.781,0.562,2.1249218,8132,3311,0,-
19:11:15.879,snap,playback,tv.danmaku.bili,discharging,1,38.2,45.7,100,95,0,10.86,0.03,0.15,21,3.802,0.334,1.269868,6845,2985,0,-
19:11:16.880,snap,playback,tv.danmaku.bili,discharging,1,38.2,45.7,100,95,0,10.34,0.02,0.12,0,3.801,0.282,1.071882,6845,2985,0,-
19:11:17.880,snap,playback,tv.danmaku.bili,discharging,1,38.2,44.9,100,95,0,10.34,0.02,0.12,0,3.803,0.246,0.935538,5701,1878,0,-
19:11:18.881,snap,playback,tv.danmaku.bili,discharging,1,38.2,44.6,100,95,0,10.1,0.02,0.1,0,3.802,0.29,1.10258,5701,1878,0,-
19:11:19.881,snap,playback,tv.danmaku.bili,discharging,1,38.2,44.6,100,95,0,10.1,0.02,0.1,0,3.801,0.248,0.942648,4351,1579,0,-
19:11:20.883,snap,playback,tv.danmaku.bili,discharging,1,38.2,44.6,100,95,0,9.72,0.01,0.08,0,3.801,0.284,1.0794841,4351,1579,0,-
19:11:21.884,snap,playback,tv.danmaku.bili,discharging,1,38.2,44.9,100,95,0,9.72,0.01,0.08,0,3.8,0.318,1.2083999,7302,2805,0,-
19:11:22.886,snap,playback,tv.danmaku.bili,discharging,1,38.2,44.2,100,95,0,9.58,0.01,0.06,0,3.797,0.322,1.222634,7302,2805,0,-
19:11:23.886,snap,playback,tv.danmaku.bili,discharging,1,38.2,44.9,100,95,0,9.58,0.01,0.06,0,3.788,0.354,1.340952,5647,1941,0,-
19:11:24.888,snap,playback,tv.danmaku.bili,discharging,1,38.2,44.6,100,95,0,9.66,0.01,0.05,0,3.801,0.292,1.109892,5647,1941,0,-
19:11:25.888,snap,playback,tv.danmaku.bili,discharging,1,38.2,44.6,100,95,0,9.66,0.01,0.05,0,3.801,0.264,1.003464,5647,1941,0,-
19:11:26.888,snap,playback,tv.danmaku.bili,discharging,1,38.2,44.6,100,95,0,9.18,0,0.04,0,3.802,0.264,1.003728,3806,1206,0,-
19:11:27.888,snap,playback,tv.danmaku.bili,discharging,1,38.2,44.6,100,95,0,9.18,0,0.04,0,3.802,0.264,1.003728,3806,1206,0,-
19:11:28.889,snap,playback,tv.danmaku.bili,discharging,1,38.2,44.6,100,95,0,9.18,0,0.04,0,3.796,0.268,1.017328,4441,1278,0,-
19:11:29.889,snap,playback,tv.danmaku.bili,discharging,1,38.2,44.9,100,95,0,9.69,0,0.03,0,3.8,0.306,1.1628,4441,1278,0,-
19:11:30.891,snap,playback,tv.danmaku.bili,discharging,1,38.2,44.6,100,95,0,9.69,0,0.03,0,3.793,0.296,1.122728,4753,1377,0,-
19:11:31.892,snap,playback,tv.danmaku.bili,discharging,1,38.2,44.6,100,95,0,9.02,0,0.03,0,3.8,0.244,0.9272,4753,1377,0,-
19:11:32.893,snap,playback,tv.danmaku.bili,discharging,1,38.2,44.2,100,95,0,9.02,0,0.03,0,3.795,0.264,1.00188,3773,1090,0,-
19:11:33.895,snap,playback,tv.danmaku.bili,discharging,1,38.2,44.2,100,95,0,8.65,0,0.02,0,3.798,0.286,1.0862281,3773,1090,0,-
19:11:34.895,snap,playback,tv.danmaku.bili,discharging,1,38.2,44.2,100,95,0,8.65,0,0.02,0,3.799,0.278,1.056122,5996,2129,0,-
19:11:35.897,snap,playback,tv.danmaku.bili,discharging,1,38.2,44.2,100,95,0,8.71,0,0.01,0,3.791,0.344,1.304104,5996,2129,0,-
19:11:36.896,snap,playback,tv.danmaku.bili,discharging,1,38.2,44.9,100,95,0,8.71,0,0.01,0,3.798,0.338,1.2837241,4845,1491,0,-
19:11:37.898,snap,playback,tv.danmaku.bili,discharging,1,38.2,44.2,100,95,0,8.22,0,0.01,0,3.795,0.27,1.0246501,4845,1491,0,-
19:11:38.899,snap,playback,tv.danmaku.bili,discharging,1,38.2,44.6,100,95,0,8.22,0,0.01,0,3.799,0.286,1.0865141,5402,2132,0,-
19:11:39.900,snap,playback,tv.danmaku.bili,discharging,1,38.2,43.8,100,95,0,8.18,0,0.01,0,3.796,0.344,1.305824,5402,2132,0,-
19:11:40.900,snap,playback,tv.danmaku.bili,discharging,1,38.2,44.6,100,95,0,8.18,0,0.01,0,3.804,0.242,0.920568,4388,1523,0,-
19:11:41.900,snap,playback,tv.danmaku.bili,discharging,1,38.2,45.3,100,95,0,7.97,0,0.01,0,3.76,0.556,2.09056,4388,1523,0,-
19:11:42.900,snap,playback,tv.danmaku.bili,discharging,1,38.2,45.7,100,95,0,7.97,0,0.01,0,3.789,0.428,1.6216921,10694,4170,0,-
19:11:43.901,snap,playback,tv.danmaku.bili,discharging,1,38.2,45.7,100,95,0,8.7,0.18,0,0,3.77,0.59,2.2243,10694,4170,0,-
19:11:44.901,snap,playback,tv.danmaku.bili,discharging,1,38.2,45.7,100,95,0,9.47,0.14,0,0,3.783,0.456,1.725048,11672,5613,0,-
19:11:45.901,snap,playback,tv.danmaku.bili,discharging,1,38.2,45.7,100,95,0,9.47,0.14,0,0,3.788,0.474,1.7955121,11672,5613,0,-
19:11:46.901,snap,playback,tv.danmaku.bili,discharging,1,38.2,45.7,100,95,0,9.57,0.12,0,0,3.784,0.484,1.831456,9116,3826,0,-
19:11:47.902,snap,playback,tv.danmaku.bili,discharging,1,38.2,45.3,100,95,0,9.57,0.12,0,0,3.786,0.506,1.9157159,9116,3826,0,-
19:11:48.902,snap,playback,tv.danmaku.bili,discharging,1,38.2,45.3,100,95,0,9.65,0.09,0,0,3.788,0.472,1.7879361,9935,4426,0,-
19:11:49.903,snap,playback,tv.danmaku.bili,discharging,1,38.2,45.7,100,95,0,9.65,0.09,0,0,3.791,0.452,1.713532,9935,4426,0,-
19:11:50.904,snap,playback,tv.danmaku.bili,discharging,1,38.2,48.1,100,95,0,12.79,0.44,0,4,3.739,1.056,3.948384,17258,7074,0,-
19:11:51.904,snap,playback,tv.danmaku.bili,discharging,1,38.2,49.3,100,95,0,12.79,0.44,0,12,3.747,0.98,3.67206,17258,7074,0,-
19:11:52.904,snap,playback,tv.danmaku.bili,discharging,1,38.2,49.3,100,95,0,16.45,0.54,0.18,12,3.79,0.442,1.67518,24809,7640,0,-
19:11:54.058,snap,playback,tv.danmaku.bili,discharging,1,38.2,46.5,100,95,0,16.45,0.54,0.18,0,3.79,0.442,1.67518,24809,7640,0,-
19:11:55.060,snap,playback,tv.danmaku.bili,discharging,1,38.2,46.1,100,95,0,16.45,0.54,0.18,0,3.799,0.322,1.223278,6450,2716,0,-
19:11:56.060,snap,playback,tv.danmaku.bili,discharging,1,38.2,46.1,100,95,0,15.1,0.62,0.14,0,3.798,0.314,1.1925721,6450,2716,0,-
19:11:57.060,snap,playback,tv.danmaku.bili,discharging,1,38.2,46.1,100,95,0,15.1,0.62,0.14,0,3.774,0.618,2.332332,9167,3350,0,-
19:11:58.061,snap,playback,tv.danmaku.bili,discharging,1,38.2,46.1,100,95,0,16.71,0.87,0.66,0,3.792,0.384,1.456128,9167,3350,0,-
19:11:59.062,snap,playback,tv.danmaku.bili,discharging,1,38.2,45.3,100,95,0,16.71,0.87,0.66,0,3.805,0.204,0.77622,5202,1687,0,-
19:12:00.062,snap,playback,tv.danmaku.bili,discharging,1,38.2,44.9,100,95,0,15.13,1.08,0.54,0,3.798,0.238,0.90392405,5202,1687,0,-
19:12:01.851,snap,playback,tv.danmaku.bili,discharging,1,38.2,44.6,100,95,0,15.13,1.08,0.54,0,3.805,0.196,0.74578,4805,1716,0,-
19:12:02.851,snap,playback,tv.danmaku.bili,discharging,1,38.2,44.6,100,95,0,14.02,1.06,0.44,0,3.798,0.126,0.47854802,4805,1716,0,-
19:12:03.853,snap,playback,tv.danmaku.bili,discharging,1,38.2,44.2,100,95,0,14.02,1.06,0.44,0,3.797,0.304,1.1542879,10893,3810,0,-
19:12:04.855,snap,playback,tv.danmaku.bili,discharging,1,38.2,44.2,100,95,0,13.65,1.23,0.36,0,3.804,0.212,0.806448,10893,3810,0,-
19:12:05.855,snap,playback,tv.danmaku.bili,discharging,1,38.2,44.2,100,95,0,13.65,1.23,0.36,0,3.804,0.188,0.71515197,3760,791,0,-
19:12:06.857,snap,playback,tv.danmaku.bili,discharging,1,38.2,43.8,100,95,0,12.63,1.55,0.29,0,3.803,0.236,0.897508,3760,791,0,-
19:12:17.227,snap,playback,tv.danmaku.bili,discharging,1,38.2,43.8,100,95,0,12.33,1.63,0.24,0,3.817,0.066,0.25192198,6637,1964,0,-
19:12:18.228,snap,playback,tv.danmaku.bili,discharging,1,38.2,43,100,95,0,12.33,1.63,0.24,0,3.796,0.222,0.842712,6637,1964,0,-
19:12:19.230,snap,playback,tv.danmaku.bili,discharging,1,38.2,43,100,95,0,12.09,1.52,0.2,0,3.806,0.222,0.844932,8600,3049,0,-
19:12:20.232,snap,playback,tv.danmaku.bili,discharging,1,38.2,42.6,100,95,0,12.09,1.52,0.2,0,3.805,0.2,0.76100004,8600,3049,0,-
19:12:21.233,snap,playback,tv.danmaku.bili,discharging,1,38.2,42.6,100,95,0,11.35,1.24,0.16,0,3.812,0.13,0.49556,2864,745,0,-
19:12:23.000,snap,playback,tv.danmaku.bili,discharging,1,38.2,42.6,100,95,0,11.35,1.24,0.16,0,3.813,0.104,0.396552,2864,745,0,-
19:12:24.001,snap,playback,tv.danmaku.bili,discharging,1,38.2,43,100,95,0,11.65,1.01,0.13,0,3.807,0.2,0.7614,7084,2479,0,-
19:12:25.001,snap,playback,tv.danmaku.bili,discharging,1,38.2,43,100,95,0,11.65,1.01,0.13,0,3.808,0.188,0.715904,7084,2479,0,-
19:12:26.001,snap,playback,tv.danmaku.bili,discharging,1,38.2,43,100,95,0,10.8,1.19,0.1,0,3.808,0.198,0.75398403,3141,767,0,-
19:12:27.003,snap,playback,tv.danmaku.bili,discharging,1,38.2,43,100,95,0,10.8,1.19,0.1,0,3.809,0.19,0.72371,3141,767,0,-
19:12:28.004,snap,playback,tv.danmaku.bili,discharging,1,38.2,43,100,95,0,10.66,1.7,0.08,0,3.809,0.186,0.70847404,3956,1490,0,-
19:12:30.602,snap,playback,tv.danmaku.bili,discharging,1,38.1,43,100,95,0,10.66,1.7,0.08,0,3.812,0.104,0.39644802,3956,1490,0,-
19:12:31.603,snap,playback,tv.danmaku.bili,discharging,1,38.1,42.6,100,95,0,10.9,1.93,0.07,0,3.807,0.222,0.845154,7716,2884,0,-
19:12:32.603,snap,playback,tv.danmaku.bili,discharging,1,38.1,42.6,100,95,0,10.9,1.93,0.07,0,3.805,0.208,0.79144,7716,2884,0,-
19:12:33.604,snap,playback,tv.danmaku.bili,discharging,1,38.1,42.6,100,95,0,10.74,2.49,0.05,0,3.807,0.194,0.738558,3440,830,0,-
19:12:34.606,snap,playback,tv.danmaku.bili,discharging,1,38.1,42.6,100,95,0,10.74,2.49,0.05,0,3.807,0.182,0.69287395,3440,830,0,-
19:12:38.097,snap,playback,tv.danmaku.bili,discharging,1,38.1,42.2,100,95,0,10.24,2.58,0.04,0,3.818,0.034,0.12981202,3461,820,0,-
19:12:41.028,snap,playback,tv.danmaku.bili,discharging,1,38.1,42.6,100,95,0,10.24,2.58,0.04,0,3.794,0.246,0.933324,3461,820,0,-
19:12:42.029,snap,playback,tv.danmaku.bili,discharging,1,38.1,42.2,100,95,0,10.92,2.66,0.03,0,3.808,0.204,0.776832,10157,3821,0,-
19:12:43.030,snap,playback,tv.danmaku.bili,discharging,1,38.1,42.2,100,95,0,10.92,2.66,0.03,0,3.808,0.204,0.776832,10157,3821,0,-
19:12:44.032,snap,playback,tv.danmaku.bili,discharging,1,38.1,42.2,100,95,0,10.92,2.66,0.03,0,3.808,0.19,0.72352,3007,659,0,-
19:12:45.033,snap,playback,tv.danmaku.bili,discharging,1,38.1,42.6,100,95,0,10.39,2.72,0.03,0,3.802,0.224,0.85164803,3007,659,0,-
19:12:47.574,snap,playback,tv.danmaku.bili,discharging,1,38,42.6,100,95,0,10.14,2.77,0.02,0,3.804,0.226,0.85970396,3536,1041,0,-
19:12:48.575,snap,playback,tv.danmaku.bili,discharging,1,38,42.6,100,95,0,10.14,2.77,0.02,0,3.804,0.18,0.68472,3536,1041,0,-
19:12:49.576,snap,playback,tv.danmaku.bili,discharging,1,38,42.6,100,95,0,10.65,2.81,0.02,0,3.809,0.198,0.754182,9664,3589,0,-
19:12:56.345,snap,playback,tv.danmaku.bili,discharging,1,38,42.2,100,95,0,10.65,2.81,0.02,0,3.799,0.218,0.828182,9664,3589,0,-
19:12:57.345,snap,playback,tv.danmaku.bili,discharging,1,38,41.8,100,95,0,10.72,2.66,0.01,0,3.811,0.106,0.403966,5862,2466,0,-
19:12:58.346,snap,playback,tv.danmaku.bili,discharging,1,38,41.8,100,95,0,10.72,2.66,0.01,0,3.809,0.206,0.784654,5862,2466,0,-
19:13:00.968,snap,playback,tv.danmaku.bili,discharging,1,38,41.8,100,95,0,10.4,2.9,0.01,0,3.818,0.042,0.160356,6223,2416,0,-
19:13:01.969,snap,playback,tv.danmaku.bili,discharging,1,38,42.2,100,95,0,10.4,2.9,0.01,0,3.806,0.256,0.974336,6223,2416,0,-
19:13:02.970,snap,playback,tv.danmaku.bili,discharging,1,38,42.2,100,95,0,10.69,2.92,0.01,0,3.809,0.188,0.716092,4979,1157,0,-
19:13:03.972,snap,playback,tv.danmaku.bili,discharging,1,38,42.2,100,95,0,10.69,2.92,0.01,0,3.808,0.204,0.776832,4979,1157,0,-
19:13:04.972,snap,playback,tv.danmaku.bili,discharging,1,38,42.2,100,95,0,10.2,3.12,0,0,3.803,0.202,0.768206,3894,1223,0,-
19:13:06.721,snap,playback,tv.danmaku.bili,discharging,1,37.9,42.2,100,95,0,10.2,3.12,0,0,3.817,0.114,0.435138,3894,1223,0,-
19:13:07.722,snap,playback,tv.danmaku.bili,discharging,1,37.9,42.6,100,95,0,10.89,2.91,0,0,3.803,0.27,1.02681,7918,2451,0,-
19:13:08.724,snap,playback,tv.danmaku.bili,discharging,1,37.9,42.6,100,95,0,10.55,2.93,0,0,3.807,0.214,0.814698,7918,2451,0,-
19:13:09.725,snap,playback,tv.danmaku.bili,discharging,1,37.9,42.2,100,95,0,10.55,2.93,0,0,3.807,0.228,0.867996,3702,1137,0,-
19:13:10.738,snap,playback,tv.danmaku.bili,discharging,1,37.9,42.2,100,95,0,9.9,3.12,0,0,3.807,0.228,0.867996,3702,1137,0,-
19:13:17.483,snap,playback,tv.danmaku.bili,discharging,1,37.9,42.2,100,95,0,9.9,3.12,0,0,3.806,0.196,0.745976,3674,962,0,-
19:13:18.485,snap,playback,tv.danmaku.bili,discharging,1,37.9,41.4,100,95,0,9.9,3.12,0,0,3.819,0.034,0.129846,3674,962,0,-
19:13:19.486,snap,playback,tv.danmaku.bili,discharging,1,37.9,41.4,100,95,0,10.28,3.1,0,0,3.809,0.224,0.85321605,7366,2465,0,-
19:13:20.486,snap,playback,tv.danmaku.bili,discharging,1,37.9,41.4,100,95,0,10.28,3.1,0,0,3.806,0.208,0.79164803,7366,2465,0,-
19:13:21.488,snap,playback,tv.danmaku.bili,discharging,1,37.9,41.8,100,95,0,9.69,3.08,0,0,3.809,0.18,0.68562,3410,982,0,-
19:13:22.488,snap,playback,tv.danmaku.bili,discharging,1,37.8,41.8,100,95,0,9.69,3.08,0,0,3.8,0.264,1.0031999,3410,982,0,-
19:13:23.489,snap,playback,tv.danmaku.bili,discharging,1,37.8,42.2,100,95,0,9.56,3.06,0,0,3.807,0.212,0.80708396,6497,2341,0,-
19:13:24.490,snap,playback,tv.danmaku.bili,discharging,1,37.8,42.6,100,95,0,9.56,3.06,0,0,3.805,0.27,1.0273501,6497,2341,0,-
19:13:25.491,snap,playback,tv.danmaku.bili,discharging,1,37.8,42.6,100,95,0,9.82,2.87,0,0,3.8,0.308,1.1704,5933,1631,0,-
19:13:26.492,snap,playback,tv.danmaku.bili,discharging,1,37.8,42.6,100,95,0,9.82,2.87,0,0,3.807,0.19,0.72332996,5933,1631,0,-
19:13:27.492,snap,playback,tv.danmaku.bili,discharging,1,37.8,42.2,100,95,0,9.49,2.89,0,0,3.809,0.162,0.617058,3224,771,0,-
19:13:28.492,snap,playback,tv.danmaku.bili,discharging,1,37.8,42.2,100,95,0,9.49,2.89,0,0,3.801,0.218,0.828618,3224,771,0,-
19:13:29.494,snap,playback,tv.danmaku.bili,discharging,1,37.8,42.2,100,95,0,10.31,2.91,0,0,3.809,0.27,1.0284301,7017,2749,0,-
19:13:37.907,snap,playback,tv.danmaku.bili,discharging,1,37.8,42.2,100,95,0,10.31,2.91,0,0,3.818,0.048,0.183264,7017,2749,0,-
19:13:44.126,snap,playback,tv.danmaku.bili,discharging,1,37.8,42.2,100,95,0,11.34,2.38,0,0,3.798,0.212,0.805176,8724,2771,0,-
19:13:45.127,snap,playback,tv.danmaku.bili,discharging,1,37.8,40.6,100,95,0,11.34,2.38,0,0,3.806,0.17,0.64702,8724,2771,0,-
19:13:46.127,snap,playback,tv.danmaku.bili,discharging,1,37.7,40.6,100,95,0,12.18,2.31,0,0,3.801,0.198,0.75259805,6129,2250,0,-
19:13:47.134,snap,playback,tv.danmaku.bili,discharging,1,37.7,42.2,100,95,0,17.58,2.44,0.36,16,3.726,1.174,4.3743243,6129,2250,0,-
19:13:48.128,snap,playback,tv.danmaku.bili,discharging,1,37.7,45.2,100,95,0,17.58,2.44,0.36,38,3.726,1.174,4.3743243,29668,14893,0,-
19:13:49.344,snap,playback,tv.danmaku.bili,discharging,1,37.7,48.2,100,95,0,17.58,2.44,0.36,38,3.735,1.402,5.2364697,29668,14893,0,-
19:13:50.341,snap,playback,tv.danmaku.bili,discharging,1,37.7,51.2,100,95,0,31.06,2.36,2.83,14,3.729,1.376,5.1311045,37998,16103,0,-
19:13:51.371,snap,playback,tv.danmaku.bili,discharging,1,37.7,52.8,100,95,0,31.06,2.36,2.83,16,3.74,1.236,4.6226397,37998,16103,0,-
19:13:52.372,snap,default,com.tencent.mobileqq,discharging,1,37.7,54,100,95,1,40.47,2.29,4.31,22,3.727,1.264,4.7109284,30306,9256,0,-
19:13:53.376,snap,default,com.tencent.mobileqq,discharging,1,37.7,54,100,95,1,40.47,2.29,4.31,22,3.716,1.514,5.6260242,30306,9256,0,-
19:13:54.375,snap,default,com.tencent.mobileqq,discharging,1,37.7,55.2,100,95,1,49.08,2.42,6.06,11,3.636,2.494,9.068184,27890,6698,0,-
19:13:55.375,snap,default,com.tencent.mobileqq,discharging,1,37.7,55.2,100,95,1,49.08,2.42,6.06,20,3.75,1.32,4.9500003,27890,6698,0,-
19:13:56.376,snap,default,com.tencent.mobileqq,discharging,1,37.7,57.2,100,95,1,50.88,2.16,6.41,14,3.747,1.032,3.8669038,19473,8586,0,-
19:13:57.376,snap,default,com.tencent.mobileqq,discharging,1,37.7,57.2,100,95,1,50.88,2.16,6.41,19,3.739,1.044,3.9035163,19473,8586,0,-
19:13:58.379,snap,default,com.tencent.mobileqq,discharging,1,37.7,57.2,100,95,1,44.2,1.77,5.25,22,3.723,1.224,4.556952,21788,11053,0,-
19:13:59.380,snap,default,com.tencent.mobileqq,discharging,1,37.7,57.6,100,95,1,44.2,1.77,5.25,13,3.722,1.046,3.8932118,21788,11053,0,-
19:14:00.380,snap,default,com.tencent.mobileqq,discharging,1,37.7,57.2,100,95,1,42.35,1.81,4.3,13,3.668,1.978,7.2553043,29586,11717,0,-
19:14:01.384,snap,default,com.tencent.mobileqq,discharging,1,37.7,56,100,95,1,42.35,1.81,4.3,0,3.774,0.546,2.0606039,29586,11717,0,-
19:14:02.384,snap,default,com.tencent.mobileqq,discharging,1,37.7,53,100,95,1,38.66,2.21,3.52,0,3.786,0.36,1.3629601,29586,11717,0,-
19:14:03.384,snap,default,com.tencent.mobileqq,discharging,1,37.7,51.3,100,95,1,33.29,1.8,2.88,0,3.767,0.538,2.026646,6617,2414,0,-
19:14:04.385,snap,default,com.tencent.mobileqq,discharging,1,37.7,51.3,100,95,1,33.29,1.8,2.88,15,3.758,0.626,2.3525078,6617,2414,0,-
19:14:05.385,snap,default,com.tencent.mobileqq,discharging,1,37.7,51.3,100,95,1,29.79,1.66,2.36,25,3.772,0.798,3.010056,17642,9654,0,-
19:14:06.385,snap,default,com.tencent.mobileqq,discharging,1,37.7,51.3,100,95,1,29.79,1.66,2.36,25,3.778,0.728,2.750384,17642,9654,0,-
19:14:07.385,snap,default,com.tencent.mobileqq,discharging,1,37.7,48.5,100,95,1,26.02,1.36,1.93,0,3.784,0.366,1.384944,11019,5311,0,-
19:14:08.385,snap,default,com.tencent.mobileqq,discharging,1,37.7,46.9,100,95,1,26.02,1.36,1.93,0,3.777,0.446,1.6845421,11019,5311,0,-
19:14:09.386,snap,default,com.tencent.mobileqq,discharging,1,37.7,46.9,100,95,1,22.76,1.11,1.58,0,3.776,0.46,1.73696,7987,3122,0,-
19:14:10.387,snap,default,com.tencent.mobileqq,discharging,1,37.7,46.5,100,95,1,22.76,1.11,1.58,0,3.798,0.28,1.0634401,7987,3122,0,-
19:14:11.386,snap,default,com.tencent.mobileqq,discharging,1,37.7,46.1,100,95,1,19.72,0.91,1.29,0,3.789,0.36,1.36404,6241,2160,0,-
19:14:12.387,snap,default,com.tencent.mobileqq,discharging,1,37.7,46.1,100,95,1,19.72,0.91,1.29,5,3.79,0.452,1.7130799,6241,2160,0,-
19:14:13.388,snap,default,com.tencent.mobileqq,discharging,1,37.7,45.7,100,95,1,18.32,0.74,1.06,5,3.786,0.44,1.66584,9819,5324,0,-
19:14:14.388,snap,default,com.tencent.mobileqq,discharging,1,37.7,45.7,100,95,1,18.32,0.74,1.06,5,3.785,0.448,1.6956801,9819,5324,0,-
19:14:15.388,snap,default,com.tencent.mobileqq,discharging,1,37.7,45.7,100,95,1,17.17,0.61,0.86,0,3.788,0.384,1.4545921,10880,5893,0,-
19:14:16.388,snap,default,com.tencent.mobileqq,discharging,1,37.7,45.7,100,95,1,17.17,0.61,0.86,0,3.784,0.434,1.6422559,10880,5893,0,-
19:14:17.389,snap,default,com.tencent.mobileqq,discharging,1,37.8,44.9,100,95,1,15.51,0.5,0.71,0,3.794,0.32,1.21408,7444,2800,0,-
19:14:18.389,snap,default,com.tencent.mobileqq,discharging,1,37.8,45.7,100,95,1,15.51,0.5,0.71,0,3.794,0.32,1.21408,7444,2800,0,-
19:14:19.389,snap,default,com.tencent.mobileqq,discharging,1,37.8,44.9,100,95,1,15.51,0.5,0.71,0,3.789,0.462,1.7505181,8722,2812,0,-
19:14:20.391,snap,default,com.tencent.mobileqq,discharging,1,37.8,44.6,100,95,1,13.97,0.59,0.76,0,3.786,0.346,1.309956,8722,2812,0,-
19:14:21.391,snap,default,com.tencent.mobileqq,discharging,1,37.8,44.6,100,95,1,13.97,0.59,0.76,0,3.797,0.336,1.275792,6744,2714,0,-
19:14:22.391,snap,default,com.tencent.mobileqq,discharging,1,37.8,44.6,100,95,1,13.07,0.48,0.62,0,3.795,0.346,1.3130699,6744,2714,0,-
19:14:23.391,snap,default,com.tencent.mobileqq,discharging,1,37.8,44.6,100,95,1,13.07,0.48,0.62,0,3.792,0.306,1.160352,6759,2442,0,-
19:14:24.391,snap,default,com.tencent.mobileqq,discharging,1,37.8,44.2,100,95,1,12.15,0.39,0.51,0,3.791,0.366,1.3875059,6759,2442,0,-
19:14:25.392,snap,default,com.tencent.mobileqq,discharging,1,37.8,44.2,100,95,1,12.15,0.39,0.51,0,3.791,0.312,1.182792,4941,1650,0,-
19:14:26.393,snap,default,com.tencent.mobileqq,discharging,1,37.8,44.2,100,95,1,11.03,0.32,0.41,0,3.796,0.312,1.184352,4941,1650,0,-
19:14:27.393,snap,default,com.tencent.mobileqq,discharging,1,37.8,43.8,100,95,1,11.03,0.32,0.41,0,3.787,0.356,1.348172,5601,2033,0,-
19:14:28.393,snap,default,com.tencent.mobileqq,discharging,1,37.8,44.2,100,95,1,10.3,0.26,0.34,0,3.799,0.234,0.888966,5601,2033,0,-
19:14:29.394,snap,default,com.tencent.mobileqq,discharging,1,37.8,43.8,100,95,1,10.3,0.26,0.34,0,3.795,0.294,1.11573,5601,2033,0,-
19:14:30.394,snap,default,com.tencent.mobileqq,discharging,1,37.8,43.8,100,95,1,9.88,0.21,0.28,0,3.797,0.314,1.192258,6057,2333,0,-
19:14:31.394,snap,default,com.tencent.mobileqq,discharging,1,37.8,43.4,100,95,1,9.88,0.21,0.28,0,3.795,0.366,1.38897,6057,2333,0,-
19:14:32.396,snap,default,com.tencent.mobileqq,discharging,1,37.8,43.8,100,95,1,9.36,0.17,0.22,0,3.799,0.276,1.048524,5395,1861,0,-
19:14:33.396,snap,default,com.tencent.mobileqq,discharging,1,37.8,43.4,100,95,1,9.36,0.17,0.22,0,3.797,0.294,1.116318,5395,1861,0,-
19:14:34.396,snap,default,com.tencent.mobileqq,discharging,1,37.8,43.4,100,95,1,8.93,0.14,0.18,0,3.799,0.258,0.98014194,5085,1624,0,-
19:14:35.396,snap,default,com.tencent.mobileqq,discharging,1,37.8,43.4,100,95,1,8.58,0.11,0.15,0,3.801,0.318,1.208718,5085,1624,0,-
19:14:36.397,snap,default,com.tencent.mobileqq,discharging,1,37.8,43.8,100,95,1,8.58,0.11,0.15,0,3.794,0.332,1.2596079,5339,1749,0,-
19:14:37.404,snap,default,com.tencent.mobileqq,discharging,1,37.8,44.6,100,95,1,7.93,0.09,0.12,0,3.789,0.35,1.32615,5339,1749,0,-
19:14:38.405,snap,default,com.tencent.mobileqq,discharging,1,37.8,43.8,100,95,1,7.93,0.09,0.12,0,3.795,0.358,1.35861,6809,2183,0,-
19:14:39.405,snap,default,com.tencent.mobileqq,discharging,1,37.8,43.8,100,95,1,8.12,0.07,0.1,0,3.792,0.294,1.114848,6809,2183,0,-
19:14:40.405,snap,default,com.tencent.mobileqq,discharging,1,37.8,43.8,100,95,1,8.12,0.07,0.1,0,3.783,0.36,1.3618801,6032,2082,0,-
19:14:41.406,snap,default,com.tencent.mobileqq,discharging,1,37.8,43.4,100,95,1,8.28,0.06,0.08,2,3.787,0.442,1.673854,6032,2082,0,-
19:14:42.406,snap,default,com.tencent.mobileqq,discharging,1,37.8,44.2,100,95,1,8.28,0.06,0.08,1,3.789,0.442,1.674738,10004,5528,0,-
19:14:43.406,snap,default,com.tencent.mobileqq,discharging,1,37.8,43.8,100,95,1,8.95,0.05,0.06,1,3.792,0.376,1.425792,10004,5528,0,-
19:14:44.406,snap,default,com.tencent.mobileqq,discharging,1,37.8,44.2,100,95,1,8.95,0.05,0.06,1,3.785,0.506,1.91521,9115,4963,0,-
19:14:45.407,snap,default,com.tencent.mobileqq,discharging,1,37.8,44.9,100,95,1,9.14,0.04,0.05,1,3.774,0.666,2.513484,9115,4963,0,-
19:14:46.409,snap,default,com.tencent.mobileqq,discharging,1,37.8,44.9,100,95,1,9.14,0.04,0.05,0,3.774,0.666,2.513484,8016,3593,0,-
19:14:47.409,snap,default,com.tencent.mobileqq,discharging,1,37.8,44.6,100,95,1,9.14,0.04,0.05,0,3.799,0.268,1.0181321,8016,3593,0,-
19:14:48.409,snap,default,com.tencent.mobileqq,discharging,1,37.8,43.8,100,95,1,8.93,0.03,0.04,0,3.789,0.362,1.3716179,6104,2292,0,-
19:14:49.409,snap,default,com.tencent.mobileqq,discharging,1,37.8,43.4,100,95,1,8.93,0.03,0.04,0,3.8,0.266,1.0108,6104,2292,0,-
19:14:50.409,snap,default,com.tencent.mobileqq,discharging,1,37.8,43.4,100,95,1,8.4,0.02,0.03,0,3.795,0.3,1.1385001,5782,1988,0,-
19:14:51.410,snap,default,com.tencent.mobileqq,discharging,1,37.8,43.4,100,95,1,8.4,0.02,0.03,0,3.794,0.336,1.274784,5782,1988,0,-
19:14:52.411,snap,default,com.tencent.mobileqq,discharging,1,37.8,43,100,95,1,8.15,0.02,0.03,0,3.798,0.27,1.0254601,5009,1603,0,-
19:14:53.411,snap,default,com.tencent.mobileqq,discharging,1,37.8,43,100,95,1,8.15,0.02,0.03,0,3.794,0.312,1.183728,5009,1603,0,-
19:14:54.412,snap,default,com.tencent.mobileqq,discharging,1,37.8,43,100,95,1,7.94,0.01,0.02,0,3.797,0.312,1.184664,5009,1603,0,-
19:14:55.412,snap,default,com.tencent.mobileqq,discharging,1,37.8,43,100,95,1,7.94,0.01,0.02,0,3.795,0.282,1.0701901,5182,1671,0,-
19:14:56.412,snap,default,com.tencent.mobileqq,discharging,1,37.8,43.4,100,95,1,7.59,0.01,0.01,0,3.798,0.284,1.0786321,5182,1671,0,-
19:14:57.413,snap,default,com.tencent.mobileqq,discharging,1,37.8,44.6,100,95,1,7.59,0.01,0.01,2,3.778,0.58,2.19124,11170,5042,0,-
19:14:58.413,snap,default,com.tencent.mobileqq,discharging,1,37.8,44.9,100,95,1,8.38,0.01,0.01,0,3.77,0.548,2.06596,11170,5042,0,-
19:14:59.413,snap,default,com.tencent.mobileqq,discharging,1,37.8,45.3,100,95,1,8.38,0.01,0.01,7,3.779,0.536,2.0255442,10524,5496,0,-
19:15:00.413,snap,default,com.tencent.mobileqq,discharging,1,37.8,45.7,100,95,1,9.04,0,0.01,7,3.778,0.552,2.085456,10524,5496,0,-
19:15:01.414,snap,default,com.tencent.mobileqq,discharging,1,37.8,45.7,100,95,1,9.04,0,0.01,6,3.777,0.542,2.047134,14738,8902,0,-
19:15:02.414,snap,default,com.tencent.mobileqq,discharging,1,37.8,44.6,100,95,1,9.57,0,0.01,6,3.795,0.306,1.16127,14738,8902,0,-
19:15:03.414,snap,default,com.tencent.mobileqq,discharging,1,37.8,44.6,100,95,1,9.57,0,0.01,6,3.795,0.298,1.13091,5129,1717,0,-
19:15:04.414,snap,default,com.tencent.mobileqq,discharging,1,37.8,44.9,100,95,1,9.11,0,0,6,3.79,0.534,2.02386,5129,1717,0,-
19:15:05.414,snap,default,com.tencent.mobileqq,discharging,1,37.8,45.3,100,95,1,9.99,0,0,7,3.774,0.644,2.430456,13901,8469,0,-
19:15:06.415,snap,default,com.tencent.mobileqq,discharging,1,37.8,44.9,100,95,1,9.99,0,0,13,3.791,0.49,1.85759,13901,8469,0,-
19:15:07.415,snap,default,com.tencent.mobileqq,discharging,1,37.8,44.6,100,95,1,9.27,0,0.36,0,3.795,0.358,1.35861,7916,3631,0,-
19:15:08.415,snap,default,com.tencent.mobileqq,discharging,1,37.8,44.6,100,95,1,9.27,0,0.36,0,3.799,0.284,1.0789161,7916,3631,0,-
19:15:09.416,snap,default,com.tencent.mobileqq,discharging,1,37.8,44.6,100,95,1,9.22,0,0.3,0,3.792,0.368,1.3954561,5820,2036,0,-
19:15:10.416,snap,default,com.tencent.mobileqq,discharging,1,37.9,44.6,100,95,1,9.22,0,0.3,0,3.799,0.318,1.208082,5820,2036,0,-
19:15:11.417,snap,default,com.tencent.mobileqq,discharging,1,37.9,43.8,100,95,1,8.82,0,0.24,0,3.797,0.288,1.0935359,5627,1887,0,-
19:15:12.417,snap,default,com.tencent.mobileqq,discharging,1,37.9,43.8,100,95,1,8.82,0,0.24,0,3.779,0.48,1.81392,5627,1887,0,-
19:15:13.418,snap,default,com.tencent.mobileqq,discharging,1,37.9,44.2,100,95,1,9.03,0,0.2,12,3.777,0.482,1.820514,10892,5732,0,-
19:15:14.418,snap,default,com.tencent.mobileqq,discharging,1,37.9,44.2,100,95,1,9.03,0,0.2,0,3.777,0.482,1.820514,10892,5732,0,-
19:15:15.418,snap,default,com.tencent.mobileqq,discharging,1,37.9,43.8,100,95,1,9.03,0,0.2,0,3.795,0.292,1.10814,5168,1890,0,-
19:15:16.420,snap,default,com.tencent.mobileqq,discharging,1,37.9,43.4,100,95,1,8.66,0,0.16,0,3.796,0.286,1.085656,5168,1890,0,-
19:15:17.420,snap,default,com.tencent.mobileqq,discharging,1,37.9,43.8,100,95,1,8.66,0,0.16,0,3.792,0.344,1.304448,6778,2782,0,-
19:15:18.420,snap,default,com.tencent.mobileqq,discharging,1,37.9,43.8,100,95,1,8.54,0,0.13,0,3.788,0.388,1.4697441,6778,2782,0,-
19:15:19.420,snap,default,com.tencent.mobileqq,discharging,1,37.9,44.2,100,95,1,8.54,0,0.13,2,3.785,0.464,1.75624,9985,5462,0,-
19:15:20.421,snap,default,com.tencent.mobileqq,discharging,1,37.9,45.7,100,95,1,9.17,0,0.1,1,3.784,0.566,2.141744,9985,5462,0,-
19:15:21.421,snap,default,com.tencent.mobileqq,discharging,1,37.9,47.3,100,95,1,9.17,0,0.1,5,3.745,0.816,3.05592,9985,5462,0,-
19:15:22.421,snap,default,com.tencent.mobileqq,discharging,1,37.9,47.3,100,95,1,10.4,0,0.08,5,3.736,0.752,2.8094718,19445,11579,0,-
19:15:23.421,snap,default,com.tencent.mobileqq,discharging,1,37.9,46.9,100,95,1,10.4,0,0.08,12,3.783,0.412,1.558596,19445,11579,0,-
