timestamp,type,mode,package,charge,screen_on,batt_temp,cpu_temp,thermal_cap_pct,thermal_free_pct,clg_active,psi_cpu_some,psi_io_some,psi_mem_some,gpu_busy_pct,batt_voltage_v,batt_current_ma,batt_power_w,wakeups,migrations,freq_trans,fps
14:42:09.824,snap,default,,discharging,1,40.7,82.1,100,95,1,41.36,1.53,9.26,76,3.822,2.89,11.045581,0,0,0,-
14:42:10.863,snap,default,com.tencent.mm,discharging,1,40.8,82.1,100,95,1,41.36,1.53,9.26,57,3.904,1.498,5.848192,0,0,0,-
14:42:11.864,snap,default,com.tencent.mm,discharging,1,40.8,82.1,100,95,1,41.48,1.61,9.94,57,3.931,1.094,4.3005137,14660,5890,0,-
14:42:12.864,snap,default,com.tencent.mm,discharging,1,40.8,82.1,100,95,1,41.48,1.61,9.94,0,3.958,0.428,1.694024,14660,5890,0,-
14:42:13.865,snap,default,com.tencent.mm,discharging,1,40.8,82.1,100,95,1,35.23,1.32,8.13,0,3.952,0.422,1.6677439,8241,3150,0,-
14:42:14.865,snap,default,com.tencent.mm,discharging,1,40.8,82.1,100,95,1,35.23,1.32,8.13,0,3.95,0.61,2.4095001,8241,3150,0,-
14:42:15.865,snap,default,com.tencent.mm,discharging,1,40.8,82.1,100,95,1,30.66,1.08,6.66,16,3.946,0.682,2.691172,9788,3244,0,-
14:42:16.865,snap,default,com.tencent.mm,discharging,1,40.8,82.1,100,95,1,30.66,1.08,6.66,16,3.93,0.974,3.82782,9788,3244,0,-
14:42:17.866,snap,default,com.tencent.mm,discharging,1,40.8,82.1,100,95,1,27.82,1.43,5.63,27,3.959,0.586,2.3199742,17655,8078,0,-
14:42:18.866,snap,default,com.tencent.mm,discharging,1,40.8,82.1,100,95,1,27.82,1.43,5.63,27,3.959,0.446,1.765714,17655,8078,0,-
14:42:19.866,snap,default,com.tencent.mm,discharging,1,40.8,82.1,100,95,1,24.77,1.17,4.61,0,3.954,0.382,1.510428,10064,3668,0,-
14:42:20.867,snap,default,com.tencent.mm,discharging,1,40.8,82.1,100,95,1,24.77,1.17,4.61,0,3.926,0.926,3.635476,10064,3668,0,-
14:42:21.867,snap,default,com.tencent.mm,discharging,1,40.8,82.1,100,95,1,23.18,0.95,3.78,0,3.962,0.372,1.473864,15267,7602,0,-
14:42:22.867,snap,default,com.tencent.mm,discharging,1,40.8,82.1,100,95,1,23.87,0.78,3.63,36,3.915,0.786,3.07719,15267,7602,0,-
14:42:23.868,snap,default,com.tencent.mm,discharging,1,40.8,85.1,100,95,1,23.87,0.78,3.63,27,3.886,1.814,7.049204,32901,11037,0,-
14:42:24.953,snap,default,com.tencent.mobileqq,discharging,1,40.8,87.6,100,95,1,34.76,1,5.15,49,3.847,2.782,10.7023535,32901,11037,0,-
14:42:25.947,snap,default,com.tencent.mobileqq,discharging,1,40.8,88.4,100,95,1,34.76,1,5.15,81,3.81,3.17,12.0777,34773,15173,0,-
14:42:26.947,snap,default,com.tencent.mobileqq,discharging,1,40.9,89.9,100,95,1,45.13,1,11.28,79,3.816,3.076,11.738016,34773,15173,0,-
14:42:27.948,snap,default,com.tencent.mobileqq,discharging,1,40.9,90.3,100,95,1,45.13,1,11.28,79,3.818,3.01,11.49218,31220,14497,0,-
14:42:28.950,snap,default,com.tencent.mobileqq,discharging,1,40.9,90.3,100,95,1,53.44,1.18,15.58,81,3.815,3.058,11.66627,31220,14497,0,-
14:42:29.954,snap,default,com.tencent.mobileqq,discharging,1,40.9,93.1,85,95,1,53.44,1.18,15.58,77,3.815,2.96,11.2924,30326,15234,0,-
14:42:30.958,snap,default,com.tencent.mobileqq,discharging,1,40.9,92.3,85,95,1,58.79,1.15,14.75,78,3.813,2.974,11.339862,30326,15234,0,-
14:42:31.960,snap,default,com.tencent.mobileqq,discharging,1,40.9,92.3,85,95,1,58.79,1.15,14.75,78,3.82,2.908,11.10856,29486,15389,0,-
14:42:32.960,snap,default,com.tencent.mobileqq,discharging,1,40.9,91.1,85,95,1,63.18,1.3,12.26,82,3.817,2.876,10.977692,29486,15389,0,-
14:42:33.960,snap,default,com.tencent.mobileqq,discharging,1,40.9,91.1,85,95,1,63.18,1.3,12.26,69,3.818,2.682,10.239876,29486,15389,0,-
14:42:34.960,snap,default,com.tencent.mobileqq,discharging,1,40.9,90.7,85,95,1,65.86,1.24,10.4,56,3.818,2.682,10.239876,32574,14296,0,-
14:42:35.961,snap,default,com.tencent.mobileqq,discharging,1,40.9,90.7,85,95,1,65.86,1.24,10.4,56,3.853,2.224,8.569072,32574,14296,0,-
14:42:36.961,snap,default,com.tencent.mobileqq,discharging,1,40.9,90.7,85,95,1,65.86,1.24,10.4,59,3.868,2.018,7.8056235,25695,13082,0,-
14:42:37.961,snap,default,com.tencent.mobileqq,discharging,1,40.9,90.7,85,95,1,58.28,1.2,8.51,21,3.926,1.016,3.9888163,25695,13082,0,-
14:42:38.962,snap,default,com.tencent.mobileqq,discharging,1,40.9,90.7,85,95,1,58.28,1.2,8.51,20,3.914,1.03,4.0314198,14648,8639,0,-
14:42:39.983,snap,default,com.tencent.mobileqq,discharging,1,40.9,89.9,85,95,1,50.44,0.98,6.97,19,3.884,1.388,5.390992,14648,8639,0,-
14:42:40.984,snap,default,com.tencent.mobileqq,discharging,1,40.9,89.9,85,95,1,50.44,0.98,6.97,44,3.811,2.644,10.076284,30060,17157,0,-
14:42:41.985,snap,default,com.tencent.mobileqq,discharging,1,40.9,90.7,85,95,1,50.9,0.8,5.71,78,3.818,3.05,11.6449,30060,17157,0,-
14:42:42.985,snap,default,com.tencent.mobileqq,discharging,1,40.9,91.1,85,95,1,50.9,0.8,5.71,76,3.82,2.876,10.98632,31273,17940,0,-
14:42:43.986,snap,default,com.tencent.mobileqq,discharging,1,41,91.5,85,95,1,53.64,0.66,4.67,76,3.813,2.882,10.989066,31273,17940,0,-
14:42:44.990,snap,default,com.tencent.mobileqq,discharging,1,41,91.5,85,95,1,53.64,0.66,4.67,74,3.821,2.774,10.599454,32793,16904,0,-
14:42:45.990,snap,default,com.tencent.mobileqq,discharging,1,41,91.5,85,95,1,56.42,0.72,3.82,75,3.824,2.746,10.500704,32793,16904,0,-
14:42:46.990,snap,default,com.tencent.mobileqq,discharging,1,41,91.5,85,95,1,56.42,0.72,3.82,74,3.847,2.312,8.894264,30976,16130,0,-
14:42:47.990,snap,default,com.tencent.mobileqq,discharging,1,41,89.2,85,95,1,56.34,0.59,3.13,59,3.872,1.892,7.325824,30976,16130,0,-
14:42:48.990,snap,default,com.tencent.mobileqq,discharging,1,41,89.2,85,95,1,56.34,0.59,3.13,57,3.881,1.576,6.116456,23810,14432,0,-
14:42:49.990,snap,default,com.tencent.mobileqq,discharging,1,41,89.2,85,95,1,49.21,0.48,2.56,54,3.91,1.064,4.16024,23810,14432,0,-
14:42:50.990,snap,default,com.tencent.mobileqq,discharging,1,41,89.2,85,95,1,49.21,0.48,2.56,38,3.895,1.06,4.1287,18755,11662,0,-
14:42:51.991,snap,default,com.tencent.mobileqq,discharging,1,41,89.2,85,95,1,43.01,0.39,2.1,29,3.908,1.03,4.02524,18755,11662,0,-
14:42:52.991,snap,default,com.tencent.mobileqq,discharging,1,41,89.2,85,95,1,37.76,0.32,1.72,12,3.934,0.722,2.840348,15184,9235,0,-
14:42:53.992,snap,default,com.tencent.mobileqq,discharging,1,41,89.2,85,95,1,37.76,0.32,1.72,5,3.943,0.57,2.24751,15184,9235,0,-
14:42:54.996,snap,default,com.tencent.mobileqq,discharging,1,41,89.2,85,95,1,32.73,0.26,1.4,6,3.937,0.504,1.984248,9564,5360,0,-
14:42:55.996,snap,default,com.tencent.mobileqq,discharging,1,41,89.2,85,95,1,32.73,0.26,1.4,11,3.892,1.29,5.02068,9564,5360,0,-
14:42:57.007,snap,default,com.tencent.mobileqq,discharging,1,41,88,85,95,1,34.41,0.39,1.33,25,3.87,1.684,6.51708,34944,16077,0,-
14:42:58.009,snap,default,com.tencent.mobileqq,discharging,1,41,88,85,95,1,34.41,0.39,1.33,25,3.838,2.548,9.779224,34944,16077,0,-
14:42:59.009,snap,default,com.tencent.mm,discharging,1,41,89.2,85,95,1,44.3,0.68,3.62,32,3.838,2.556,9.809928,30391,10222,0,-
14:43:00.009,snap,default,com.tencent.mm,discharging,1,41,89.2,85,95,1,44.3,0.68,3.62,13,3.85,2.356,9.0706,30391,10222,0,-
14:43:01.010,snap,default,com.tencent.mm,discharging,1,41,91.9,85,95,1,47.5,0.56,3.15,5,3.854,2.178,8.394012,30391,10222,0,-
14:43:02.010,snap,default,com.tencent.mm,discharging,1,41,91.9,85,95,1,47.5,0.56,3.15,5,3.9,1.404,5.4756002,27340,12168,0,-
14:43:03.025,snap,default,com.tencent.mm,discharging,1,41,91.9,85,95,1,43.61,0.46,2.58,26,3.927,0.954,3.746358,27340,12168,0,-
14:43:04.015,snap,default,com.tencent.mm,discharging,1,41.1,90.3,85,95,1,43.61,0.46,2.58,77,3.812,2.79,10.63548,22594,8670,0,-
14:43:05.021,snap,default,com.tencent.mm,discharging,1,41.1,90.3,85,95,1,47.12,0.37,4.1,77,3.812,2.79,10.63548,22594,8670,0,-
14:43:06.022,snap,default,com.tencent.mm,discharging,1,41.1,90.3,85,95,1,47.12,0.37,4.1,77,3.823,2.96,11.31608,29338,16283,0,-
14:43:07.025,snap,default,com.tencent.mm,discharging,1,41.1,90.3,85,95,1,47.12,0.37,4.1,75,3.817,2.76,10.53492,29338,16283,0,-
14:43:08.022,snap,default,com.tencent.mm,discharging,1,41.1,90.3,85,95,1,46.55,0.3,3.36,76,3.821,2.698,10.309058,32749,18663,0,-
14:43:09.022,snap,default,com.tencent.mm,discharging,1,41.1,90.3,85,95,1,46.55,0.3,3.36,79,3.875,2.288,8.866,32749,18663,0,-
14:43:10.022,snap,default,com.tencent.mm,discharging,1,41.1,90.3,85,95,1,45.73,0.25,2.75,79,3.897,0.882,3.4371543,23098,12939,0,-
14:43:11.022,snap,default,com.tencent.mm,discharging,1,41.1,87.3,85,95,1,45.73,0.25,2.75,21,3.903,1.016,3.9654481,23098,12939,0,-
14:43:12.022,snap,default,com.tencent.mm,discharging,1,41.1,87.3,85,95,1,40.7,0.2,2.25,13,3.883,1.312,5.094496,18657,10570,0,-
14:43:13.022,snap,default,com.tencent.mm,discharging,1,41.1,87.3,85,95,1,40.7,0.2,2.25,13,3.944,0.462,1.822128,18657,10570,0,-
14:43:14.023,snap,default,com.tencent.mm,discharging,1,41.1,87.3,85,95,1,36.05,0.16,1.84,0,3.95,0.344,1.3588,7154,2454,0,-
14:43:15.023,snap,default,com.tencent.mm,discharging,1,41.1,87.3,85,95,1,36.05,0.16,1.84,0,3.945,0.398,1.57011,7154,2454,0,-
14:43:16.023,snap,default,com.tencent.mm,discharging,1,41.1,87.3,85,95,1,31.51,0.13,1.51,0,3.947,0.412,1.626164,9180,4549,0,-
14:43:17.024,snap,default,com.tencent.mm,discharging,1,41.1,87.3,85,95,1,31.51,0.13,1.51,0,3.899,0.98,3.82102,9180,4549,0,-
14:43:18.024,snap,default,com.tencent.mm,discharging,1,41.1,87.3,85,95,1,29.42,0.11,1.96,0,3.94,0.494,1.94636,15303,7044,0,-
14:43:19.025,snap,default,com.tencent.mm,discharging,1,41.1,87.3,85,95,1,29.42,0.11,1.96,0,3.943,0.546,2.152878,15303,7044,0,-
14:43:20.025,snap,default,com.tencent.mm,discharging,1,41.1,87.3,85,95,1,26.26,0.09,1.78,0,3.948,0.482,1.902936,6568,2334,0,-
14:43:21.029,snap,default,com.tencent.mm,discharging,1,41.1,87.3,85,95,1,23.14,0.07,1.46,0,3.956,0.322,1.273832,6568,2334,0,-
14:43:22.029,snap,default,com.tencent.mm,discharging,1,41.1,87.3,85,95,1,23.14,0.07,1.46,0,3.944,0.51,2.01144,9728,4656,0,-
14:43:23.029,snap,default,com.tencent.mm,discharging,1,41.1,87.3,85,95,1,21.12,0.06,1.19,0,3.942,0.55,2.1680999,9728,4656,0,-
14:43:24.043,snap,default,com.tencent.mm,discharging,1,41.1,87.3,85,95,1,21.12,0.06,1.19,0,3.944,0.608,2.3979518,11860,4544,0,-
14:43:25.044,snap,default,com.tencent.mm,discharging,1,41.1,87.3,85,95,1,19.65,0.05,0.98,0,3.948,0.616,2.431968,11860,4544,0,-
14:43:26.045,snap,default,com.tencent.mm,discharging,1,41.1,87.3,85,95,1,19.65,0.05,0.98,0,3.951,0.452,1.785852,9615,3809,0,-
14:43:27.045,snap,default,com.tencent.mm,discharging,1,41.1,87.3,85,95,1,18.26,0.04,0.8,0,3.949,0.416,1.642784,9615,3809,0,-
14:43:28.047,snap,default,com.tencent.mm,discharging,1,41.1,87.3,85,95,1,18.26,0.04,0.8,0,3.959,0.358,1.417322,9615,3809,0,-
14:43:29.047,snap,default,com.tencent.mm,discharging,1,41.1,87.3,85,95,1,16.58,0.03,0.65,0,3.955,0.49,1.93795,10305,4353,0,-
14:43:30.047,snap,default,com.tencent.mm,discharging,1,41.1,87.3,85,95,1,16.58,0.03,0.65,0,3.956,0.36,1.4241601,10305,4353,0,-
14:43:31.048,snap,default,com.tencent.mm,discharging,1,41.1,87.3,85,95,1,14.66,0.02,0.53,0,3.959,0.336,1.330224,4522,1178,0,-
14:43:32.048,snap,default,com.tencent.mm,discharging,1,41.1,87.3,85,95,1,14.66,0.02,0.53,0,3.957,0.314,1.242498,4522,1178,0,-
14:43:33.052,snap,default,com.tencent.mm,discharging,1,41.1,87.3,85,95,1,13.27,0.02,0.44,0,3.96,0.282,1.1167201,5185,1844,0,-
14:43:34.052,snap,default,com.tencent.mm,discharging,1,41.1,87.3,85,95,1,13.27,0.02,0.44,0,3.958,0.286,1.131988,5185,1844,0,-
14:43:35.053,snap,default,com.tencent.mm,discharging,1,41.1,87.3,85,95,1,12.5,0.01,0.36,0,3.958,0.286,1.131988,6909,2453,0,-
14:43:36.055,snap,default,com.tencent.mm,discharging,1,41.1,87.3,85,95,1,12.5,0.01,0.36,0,3.961,0.306,1.2120659,6909,2453,0,-
14:43:37.055,snap,default,com.tencent.mm,discharging,1,41.1,87.3,85,95,1,12.5,0.01,0.36,0,3.959,0.266,1.053094,4076,1161,0,-
14:43:38.055,snap,default,com.tencent.mm,discharging,1,41.1,87.3,85,95,1,11.5,0.01,0.29,0,3.959,0.248,0.981832,4076,1161,0,-
14:43:39.058,snap,default,com.tencent.mm,discharging,1,41.1,87.3,85,95,1,11.5,0.01,0.29,0,3.956,0.296,1.170976,4557,1517,0,-
14:43:40.060,snap,default,com.tencent.mm,discharging,1,41.1,87.3,85,95,1,10.68,0.01,0.24,0,3.963,0.242,0.959046,4557,1517,0,-
14:43:41.062,snap,default,com.tencent.mm,discharging,1,41.1,87.3,85,95,1,10.68,0.01,0.24,0,3.962,0.28,1.10936,3676,1336,0,-
14:43:42.065,snap,default,com.tencent.mm,discharging,1,41.1,87.3,85,95,1,10.02,0,0.19,0,3.963,0.272,1.077936,3676,1336,0,-
14:43:43.067,snap,default,com.tencent.mm,discharging,1,41.1,87.3,85,95,1,10.02,0,0.19,0,3.963,0.264,1.046232,3577,1091,0,-
14:43:44.067,snap,default,com.tencent.mm,discharging,1,41.1,87.3,85,95,1,9.47,0,0.16,0,3.964,0.248,0.983072,3577,1091,0,-
14:43:45.069,snap,default,com.tencent.mm,discharging,1,41.1,87.3,85,95,1,9.47,0,0.16,0,3.964,0.26,1.03064,4220,1458,0,-
14:43:46.069,snap,default,com.tencent.mm,discharging,1,41.1,87.3,85,95,1,9.2,0,0.13,0,3.965,0.236,0.93574,4220,1458,0,-
14:43:47.070,snap,default,com.tencent.mm,discharging,1,41.1,87.3,85,95,1,9.2,0,0.13,0,3.963,0.278,1.101714,3424,1164,0,-
14:43:48.070,snap,default,com.tencent.mm,discharging,1,41.1,87.3,85,95,1,8.62,0,0.1,0,3.965,0.242,0.95953,3424,1164,0,-
14:43:49.071,snap,default,com.tencent.mm,discharging,1,41.1,87.3,85,95,1,8.62,0,0.1,0,3.963,0.284,1.1254921,4884,1479,0,-
14:43:50.071,snap,default,com.tencent.mm,discharging,1,41.1,87.3,85,95,1,8.87,0,0.08,0,3.957,0.342,1.353294,4884,1479,0,-
14:43:51.072,snap,default,com.tencent.mm,discharging,1,41.1,87.3,85,95,1,8.53,0,0.07,0,3.965,0.274,1.0864099,4575,1474,0,-
14:43:52.073,snap,default,com.tencent.mm,discharging,1,41.1,87.3,85,95,1,8.53,0,0.07,0,3.961,0.268,1.061548,4575,1474,0,-
14:43:53.076,snap,default,com.tencent.mm,discharging,1,41.1,87.3,85,95,1,8.25,0,0.05,0,3.964,0.256,1.0147841,5130,1827,0,-
14:43:54.076,snap,default,com.tencent.mm,discharging,1,41.1,87.3,85,95,1,8.25,0,0.05,0,3.966,0.26,1.03116,5130,1827,0,-
14:43:55.078,snap,default,com.tencent.mm,discharging,1,41,87.3,85,95,1,8.02,0,0.04,0,3.966,0.244,0.96770406,5130,1827,0,-
14:43:56.079,snap,default,com.tencent.mm,discharging,1,41,87.3,85,95,1,8.02,0,0.04,0,3.963,0.284,1.1254921,3131,985,0,-
14:43:57.081,snap,default,com.tencent.mm,discharging,1,41,87.3,85,95,1,7.66,0,0.03,0,3.964,0.286,1.1337041,3131,985,0,-
14:43:58.080,snap,default,com.tencent.mm,discharging,1,41,87.3,85,95,1,7.66,0,0.03,0,3.96,0.302,1.19592,3974,1329,0,-
14:43:59.083,snap,default,com.tencent.mm,discharging,1,41,87.3,85,95,1,7.9,0,0.03,0,3.953,0.52,2.0555599,3974,1329,0,-
14:44:00.083,snap,default,com.tencent.mm,discharging,1,41,87.3,85,95,1,7.9,0,0.03,0,3.955,0.37,1.4633499,6402,1919,0,-
14:44:01.083,snap,default,com.tencent.mm,discharging,1,41,87.3,85,95,1,8.46,0,0.02,0,3.954,0.414,1.636956,6402,1919,0,-
14:44:02.084,snap,default,com.tencent.mm,discharging,1,41,87.3,85,95,1,8.46,0,0.02,0,3.954,0.414,1.636956,7152,3040,0,-
14:44:03.084,snap,default,com.tencent.mm,discharging,1,41,87.3,85,95,1,8.46,0,0.02,0,3.951,0.41,1.61991,7152,3040,0,-
14:44:04.085,snap,default,com.tencent.mm,discharging,1,41,87.3,85,95,1,9.28,0,0.02,0,3.956,0.358,1.4162481,8287,3967,0,-
14:44:05.087,snap,default,com.tencent.mm,discharging,1,41,87.3,85,95,1,9.28,0,0.02,2,3.927,0.62,2.43474,8287,3967,0,-
14:44:06.086,snap,default,com.tencent.mm,discharging,1,41,87.3,85,95,1,12.31,0,0.01,2,3.956,0.562,2.2232718,15599,6737,0,-
14:44:07.087,snap,default,com.tencent.mm,discharging,1,41,87.3,85,95,1,12.31,0,0.01,0,3.939,0.572,2.253108,15599,6737,0,-
14:44:08.087,snap,default,com.tencent.mm,discharging,1,41,87.3,85,95,1,11.53,0.18,0.01,0,3.962,0.286,1.133132,8083,2730,0,-
14:44:09.087,snap,default,com.tencent.mm,discharging,1,41,87.3,85,95,1,11.53,0.18,0.01,0,3.959,0.342,1.353978,8083,2730,0,-
14:44:10.088,snap,default,com.tencent.mm,discharging,1,41,87.3,85,95,1,10.34,0.14,0.01,0,3.965,0.27,1.07055,4968,1707,0,-
14:44:11.089,snap,default,com.tencent.mm,discharging,1,41,87.3,85,95,1,10.34,0.14,0.01,0,3.962,0.304,1.204448,4968,1707,0,-
14:44:12.089,snap,default,com.tencent.mm,discharging,1,41,87.3,85,95,1,9.74,0.12,0,0,3.964,0.282,1.117848,4337,1463,0,-
14:44:13.089,snap,default,com.tencent.mm,discharging,1,41,87.3,85,95,1,9.74,0.12,0,0,3.964,0.256,1.0147841,4337,1463,0,-
14:44:14.091,snap,default,com.tencent.mm,discharging,1,41,87.3,85,95,1,8.88,0.09,0,0,3.962,0.282,1.1172839,4984,1471,0,-
14:44:15.091,snap,default,com.tencent.mm,discharging,1,40.9,87.3,85,95,1,8.88,0.09,0,0,3.964,0.266,1.054424,4984,1471,0,-
14:44:16.120,snap,default,com.tencent.mm,discharging,1,40.9,87.3,85,95,1,9.44,0.08,0,8,3.906,0.904,3.5310237,18432,9398,0,-
14:44:17.120,snap,default,com.tencent.mm,discharging,1,40.9,84.3,85,95,1,9.44,0.08,0,16,3.865,1.746,6.74829,18432,9398,0,-
14:44:18.141,snap,default,com.tencent.mm,discharging,1,40.9,81.3,85,95,1,16.06,0.6,0.36,16,3.845,2.548,9.79706,44247,16573,0,-
14:44:19.141,snap,default,com.taobao.idlefish,discharging,1,40.9,82.1,85,95,1,27.1,1.4,2.83,13,3.815,3.054,11.65101,44247,16573,0,-
14:44:20.141,snap,default,com.taobao.idlefish,discharging,1,40.9,82.1,85,95,1,27.1,1.4,2.83,13,3.832,2.632,10.085824,39192,11340,0,-
14:44:21.143,snap,default,com.taobao.idlefish,discharging,1,40.9,85.1,85,95,1,34.33,2.41,4.31,7,3.826,2.744,10.498544,39192,11340,0,-
14:44:22.144,snap,default,com.taobao.idlefish,discharging,1,40.9,88.1,85,95,1,34.33,2.41,4.31,15,3.834,2.582,9.899388,41897,9848,0,-
14:44:23.142,snap,default,com.taobao.idlefish,discharging,1,40.9,90.7,85,95,1,40.61,3.61,5.16,31,3.831,2.796,10.711476,41897,9848,0,-
14:44:24.143,snap,default,com.taobao.idlefish,discharging,1,40.9,90.7,85,95,1,40.61,3.61,5.16,47,3.836,2.452,9.405871,41897,9848,0,-
14:44:25.145,snap,default,com.taobao.idlefish,discharging,1,40.9,90.7,85,95,1,40.32,2.95,5.49,47,3.935,0.822,3.23457,33447,10057,0,-
14:44:26.144,snap,default,com.taobao.idlefish,discharging,1,40.9,90.7,85,95,1,40.32,2.95,5.49,47,3.938,0.602,2.370676,33447,10057,0,-
14:44:27.145,snap,default,com.taobao.idlefish,discharging,1,40.9,90.7,85,95,1,37.36,2.6,4.5,26,3.86,1.914,7.38804,17127,7975,0,-
14:44:28.146,snap,default,com.taobao.idlefish,discharging,1,40.9,90.7,85,95,1,37.36,2.6,4.5,51,3.852,2.14,8.24328,17127,7975,0,-
14:44:29.146,snap,default,com.taobao.idlefish,discharging,1,40.9,90.7,85,95,1,35.48,2.31,4.77,35,3.903,1.078,4.2074337,27219,13643,0,-
14:44:30.148,snap,default,com.taobao.idlefish,discharging,1,40.9,90.7,85,95,1,35.48,2.31,4.77,34,3.91,1.148,4.48868,27219,13643,0,-
14:44:31.148,snap,default,com.taobao.idlefish,discharging,1,40.9,90.7,85,95,1,34.13,2.07,4.08,30,3.863,1.634,6.3121414,22168,11186,0,-
14:44:32.147,snap,default,com.taobao.idlefish,discharging,1,40.9,87.7,85,95,1,34.13,2.07,4.08,29,3.833,2.408,9.229864,22168,11186,0,-
14:44:33.148,snap,default,com.taobao.idlefish,discharging,1,40.9,87.7,85,95,1,32.47,1.69,3.52,21,3.833,2.408,9.229864,27648,12471,0,-
14:44:34.148,snap,default,com.taobao.idlefish,discharging,1,40.9,87.7,85,95,1,32.47,1.69,3.52,21,3.913,1.208,4.726904,27648,12471,0,-
14:44:35.148,snap,default,com.taobao.idlefish,discharging,1,40.9,87.7,85,95,1,32.47,1.69,3.52,27,3.908,0.908,3.548464,18965,11424,0,-
14:44:36.150,snap,default,com.taobao.idlefish,discharging,1,40.9,87.7,85,95,1,29.49,1.39,2.88,27,3.938,0.498,1.961124,18965,11424,0,-
14:44:37.149,snap,default,com.taobao.idlefish,discharging,1,40.9,87.7,85,95,1,29.49,1.39,2.88,35,3.918,0.966,3.7847881,15487,8898,0,-
14:44:38.149,snap,default,com.taobao.idlefish,discharging,1,40.9,87.7,85,95,1,27.4,1.13,2.36,25,3.93,0.706,2.77458,15487,8898,0,-
14:44:39.149,snap,default,com.taobao.idlefish,discharging,1,40.9,87.7,85,95,1,27.4,1.13,2.36,46,3.918,0.962,3.769116,20346,13604,0,-
14:44:40.149,snap,default,com.taobao.idlefish,discharging,1,40.9,87.7,85,95,1,25.7,0.93,1.93,46,3.912,0.996,3.8963518,20346,13604,0,-
14:44:41.149,snap,default,com.taobao.idlefish,discharging,1,40.9,87.7,85,95,1,25.7,0.93,1.93,45,3.914,1.204,4.712456,21870,14452,0,-
14:44:42.149,snap,default,com.taobao.idlefish,discharging,1,40.9,87.7,85,95,1,24.3,0.76,1.58,45,3.916,0.942,3.6888719,21870,14452,0,-
14:44:43.150,snap,default,com.taobao.idlefish,discharging,1,40.9,87.7,85,95,1,24.3,0.76,1.58,46,3.918,1.044,4.090392,22818,14185,0,-
14:44:44.150,snap,default,com.taobao.idlefish,discharging,1,40.9,87.7,85,95,1,23.16,0.62,1.29,31,3.923,0.926,3.632698,22818,14185,0,-
14:44:45.150,snap,default,com.taobao.idlefish,discharging,1,40.9,87.7,85,95,1,23.16,0.62,1.29,31,3.943,0.758,2.988794,14605,8060,0,-
14:44:46.150,snap,default,com.taobao.idlefish,discharging,1,41,87.7,85,95,1,21.68,0.51,1.06,32,3.919,0.694,2.719786,14605,8060,0,-
14:44:47.150,snap,default,com.taobao.idlefish,discharging,1,41,87.7,85,95,1,21.68,0.51,1.06,46,3.922,0.96,3.7651198,22014,12619,0,-
14:44:48.150,snap,default,com.taobao.idlefish,discharging,1,41,87.7,85,95,1,20.47,0.41,0.87,47,3.921,0.962,3.772002,22014,12619,0,-
14:44:49.151,snap,default,com.taobao.idlefish,discharging,1,41,87.7,85,95,1,20.47,0.41,0.87,48,3.918,0.916,3.588888,22014,12619,0,-
14:44:50.152,snap,default,com.taobao.idlefish,discharging,1,41,87.7,85,95,1,19.3,0.34,0.71,0,3.948,0.344,1.358112,17632,10668,0,-
14:44:51.152,snap,default,com.taobao.idlefish,discharging,1,41,87.7,85,95,1,17.43,0.28,0.58,0,3.952,0.354,1.3990079,17632,10668,0,-
14:44:52.152,snap,default,com.taobao.idlefish,discharging,1,41,87.7,85,95,1,17.43,0.28,0.58,0,3.951,0.364,1.438164,6762,2482,0,-
14:44:53.152,snap,default,com.taobao.idlefish,discharging,1,41,87.7,85,95,1,16.26,0.22,0.47,20,3.94,0.544,2.1433601,6762,2482,0,-
14:44:54.152,snap,default,com.taobao.idlefish,discharging,1,41,87.7,85,95,1,16.26,0.22,0.47,13,3.9,0.992,3.8688,12637,6401,0,-
14:44:55.153,snap,default,com.taobao.idlefish,discharging,1,41,87.7,85,95,1,18.75,0.18,0.39,22,3.927,1.288,5.0579762,12637,6401,0,-
14:44:56.153,snap,default,com.taobao.idlefish,discharging,1,41,84.7,85,95,1,18.75,0.18,0.39,0,3.917,1,3.917,22318,11582,0,-
14:44:57.153,snap,default,com.taobao.idlefish,discharging,1,41.1,84.7,85,95,1,16.98,0.15,0.31,9,3.91,1.426,5.57566,22318,11582,0,-
14:44:58.153,snap,default,com.taobao.idlefish,discharging,1,41.1,84.7,85,95,1,16.98,0.15,0.31,23,3.928,0.77,3.02456,17418,10634,0,-
14:44:59.154,snap,default,com.taobao.idlefish,discharging,1,41.1,84.7,85,95,1,17.35,0.12,0.26,23,3.926,0.806,3.164356,17418,10634,0,-
14:45:00.154,snap,default,com.taobao.idlefish,discharging,1,41.1,84.7,85,95,1,17.35,0.12,0.26,22,3.929,0.736,2.891744,21560,14371,0,-
14:45:01.154,snap,default,com.taobao.idlefish,discharging,1,41.1,84.7,85,95,1,17.28,0.1,0.21,21,3.926,0.816,3.2036161,21560,14371,0,-
14:45:02.155,snap,default,com.taobao.idlefish,discharging,1,41.1,84.7,85,95,1,17.28,0.1,0.21,0,3.926,0.816,3.2036161,15879,9292,0,-
14:45:03.155,snap,default,com.taobao.idlefish,discharging,1,41.1,84.7,85,95,1,17.28,0.1,0.21,0,3.946,0.334,1.317964,15879,9292,0,-
14:45:04.155,snap,default,com.taobao.idlefish,discharging,1,41.1,84.7,85,95,1,15.42,0.08,0.17,0,3.945,0.424,1.6726799,10356,5308,0,-
14:45:05.156,snap,default,com.taobao.idlefish,discharging,1,41.1,84.7,85,95,1,15.42,0.08,0.17,20,3.919,0.984,3.856296,10356,5308,0,-
14:45:06.156,snap,default,com.taobao.idlefish,discharging,1,41.1,84.7,85,95,1,15.52,0.06,0.14,31,3.922,0.828,3.247416,19182,12094,0,-
14:45:07.156,snap,default,com.taobao.idlefish,discharging,1,41.1,84.7,85,95,1,15.52,0.06,0.14,26,3.928,0.836,3.283808,19182,12094,0,-
14:45:08.156,snap,default,com.taobao.idlefish,discharging,1,41.1,84.7,85,95,1,15.79,0.05,0.11,31,3.924,0.728,2.856672,16678,10254,0,-
14:45:09.157,snap,default,com.taobao.idlefish,discharging,1,41.1,84.7,85,95,1,15.79,0.05,0.11,18,3.932,0.68,2.67376,16678,10254,0,-
14:45:10.158,snap,default,com.taobao.idlefish,discharging,1,41.1,84.7,85,95,1,16.01,0.04,0.09,28,3.93,0.68,2.6724,20227,11627,0,-
14:45:11.157,snap,default,com.taobao.idlefish,discharging,1,41.1,84.7,85,95,1,16.01,0.04,0.09,16,3.924,0.904,3.547296,20227,11627,0,-
14:45:12.157,snap,default,com.taobao.idlefish,discharging,1,41.2,84.7,85,95,1,17.27,0.21,0.07,15,3.885,1.224,4.75524,27165,14151,0,-
14:45:13.157,snap,default,com.taobao.idlefish,discharging,1,41.2,81.7,85,95,1,17.27,0.21,0.07,20,3.881,1.684,6.535604,27165,14151,0,-
14:45:14.158,snap,default,com.taobao.idlefish,discharging,1,41.2,81.7,85,95,1,20.49,0.17,0.78,21,3.861,2.206,8.517366,19530,8955,0,-
14:45:15.158,snap,default,com.taobao.idlefish,discharging,1,41.2,81.7,85,95,1,20.49,0.17,0.78,21,3.941,0.716,2.8217561,19530,8955,0,-
14:45:16.159,snap,default,com.taobao.idlefish,discharging,1,41.2,81.7,85,95,1,18.58,0.32,0.64,20,3.914,1.038,4.062732,19530,8955,0,-
14:45:17.158,snap,default,com.taobao.idlefish,discharging,1,41.2,81.7,85,95,1,18.58,0.32,0.64,20,3.944,0.546,2.153424,15464,8283,0,-
14:45:18.159,snap,default,com.taobao.idlefish,discharging,1,41.2,81.7,85,95,1,17.75,0.26,0.52,27,3.918,0.748,2.930664,15464,8283,0,-
14:45:19.160,snap,default,com.taobao.idlefish,discharging,1,41.2,81.7,85,95,1,17.75,0.26,0.52,39,3.912,1.188,4.6474557,19199,10985,0,-
14:45:20.159,snap,default,com.taobao.idlefish,discharging,1,41.2,81.7,85,95,1,17.98,0.21,0.43,35,3.909,1.172,4.581348,19199,10985,0,-
14:45:21.166,snap,default,com.taobao.idlefish,discharging,1,41.2,78.7,85,95,1,17.98,0.21,0.43,38,3.895,1.194,4.65063,26606,14470,0,-
14:45:22.165,snap,default,com.taobao.idlefish,discharging,1,41.3,78.5,85,95,1,17.44,0.17,0.35,37,3.879,1.584,6.1443357,26606,14470,0,-
14:45:23.165,snap,default,com.taobao.idlefish,discharging,1,41.3,75.5,85,95,1,24.06,0.5,1.01,29,3.831,2.394,9.171414,38734,17787,0,-
14:45:24.165,snap,default,com.taobao.idlefish,discharging,1,41.3,72.5,85,95,1,24.06,0.5,1.01,50,3.915,1.338,5.2382703,38734,17787,0,-
14:45:25.171,snap,default,com.taobao.idlefish,discharging,1,41.3,71.8,85,95,1,27.13,0.41,0.83,28,3.885,1.828,7.10178,33759,17071,0,-
14:45:26.245,snap,default,com.taobao.idlefish,discharging,1,41.3,71.8,85,95,1,27.13,0.41,0.83,35,3.822,2.722,10.403483,33759,17071,0,-
14:45:27.251,snap,default,com.taobao.idlefish,discharging,1,41.3,71.8,85,95,1,34.53,1.06,1.76,26,3.826,2.746,10.506196,46098,21224,0,-
14:45:28.251,snap,default,com.taobao.idlefish,discharging,1,41.3,71.8,85,95,1,34.53,1.06,1.76,26,3.846,2.204,8.4765835,46098,21224,0,-
14:45:29.251,snap,default,com.tencent.mm,discharging,1,41.3,71.8,85,95,1,38.78,1.23,1.62,8,3.846,2.204,8.4765835,32494,10532,0,-
14:45:30.251,snap,default,com.tencent.mm,discharging,1,41.3,74.8,85,95,1,38.78,1.23,1.62,8,3.833,2.272,8.708576,32494,10532,0,-
14:45:31.252,snap,default,com.tencent.mm,discharging,1,41.3,75.3,85,95,1,38.78,1.23,1.62,0,3.874,1.816,7.035184,23264,8228,0,-
14:45:32.252,snap,default,com.tencent.mm,discharging,1,41.3,72.3,85,95,1,36.28,1.73,2.96,12,3.919,0.834,3.268446,23264,8228,0,-
14:45:33.253,snap,default,com.tencent.mm,discharging,1,41.4,69.3,85,95,1,36.28,1.73,2.96,12,3.931,0.656,2.578736,9671,3795,0,-
14:45:34.253,snap,default,com.tencent.mm,discharging,1,41.4,66.3,85,95,1,30.25,1.42,2.42,12,3.934,0.624,2.454816,9671,3795,0,-
14:45:35.254,snap,default,com.tencent.mm,discharging,1,41.4,63.300003,85,95,1,30.25,1.42,2.42,14,3.921,0.77,3.01917,11892,4627,0,-
14:45:36.253,snap,default,com.tencent.mm,discharging,1,41.4,61.9,85,95,1,25.68,1.16,1.98,14,3.896,1.022,3.9817116,11892,4627,0,-
14:45:37.256,snap,default,com.tencent.mm,discharging,1,41.4,61.9,85,95,1,25.68,1.16,1.98,16,3.882,0.93,3.61026,22401,11100,0,-
14:45:38.256,snap,default,com.tencent.mm,discharging,1,41.4,61.9,85,95,1,24.65,1.13,1.8,21,3.839,1.892,7.2633877,22401,11100,0,-
14:45:39.257,snap,default,com.tencent.mm,discharging,1,41.4,61.9,85,95,1,24.65,1.13,1.8,74,3.797,3.136,11.907392,31802,17006,0,-
14:45:40.257,snap,default,com.tencent.mm,discharging,1,41.4,64.9,85,95,1,30.15,1.1,4.37,76,3.896,1.794,6.9894238,31802,17006,0,-
14:45:41.257,snap,default,com.tencent.mm,discharging,1,41.4,65.5,85,95,1,30.15,1.1,4.37,76,3.934,0.532,2.092888,9415,3918,0,-
14:45:42.257,snap,default,com.tencent.mm,discharging,1,41.4,67.8,85,95,1,27.22,0.9,3.94,0,3.941,0.35,1.37935,9415,3918,0,-
14:45:43.257,snap,default,com.tencent.mm,discharging,1,41.4,67.8,85,95,1,27.22,0.9,3.94,15,3.859,1.57,6.05863,9415,3918,0,-
14:45:44.258,snap,default,com.tencent.mm,discharging,1,41.4,67.8,85,95,1,25.55,0.74,3.23,79,3.835,2.302,8.82817,21943,12590,0,-
14:45:45.257,snap,default,com.tencent.mm,discharging,1,41.4,67.8,85,95,1,25.55,0.74,3.23,77,3.827,2.668,10.210436,21943,12590,0,-
14:45:46.258,snap,default,com.tencent.mm,discharging,1,41.4,69.4,85,95,1,24.54,0.6,2.64,75,3.892,1.828,7.114576,28572,16700,0,-
14:45:47.258,snap,default,com.tencent.mm,discharging,1,41.4,69.4,85,95,1,24.54,0.6,2.64,44,3.927,0.602,2.364054,28572,16700,0,-
14:45:48.258,snap,default,com.tencent.mm,discharging,1,41.4,68.2,85,95,1,23.36,0.49,2.16,20,3.901,0.788,3.073988,12697,6582,0,-
14:45:49.276,snap,default,com.tencent.mm,discharging,1,41.4,65.2,85,95,1,22.02,0.4,1.77,20,3.932,0.678,2.665896,12697,6582,0,-
14:45:50.277,snap,default,com.tencent.mm,discharging,1,41.4,65.1,85,95,1,22.02,0.4,1.77,30,3.892,0.828,3.222576,12961,6749,0,-
14:45:51.278,snap,default,com.tencent.mm,discharging,1,41.4,65.1,85,95,1,22.92,0.33,1.45,65,3.836,2.308,8.853488,12961,6749,0,-
14:45:52.278,snap,default,com.tencent.mm,discharging,1,41.4,65.1,85,95,1,22.92,0.33,1.45,75,3.824,2.668,10.202432,28423,18098,0,-
14:45:53.278,snap,default,com.tencent.mm,discharging,1,41.5,65.1,85,95,1,23.84,0.27,1.18,80,3.826,2.532,9.687432,28423,18098,0,-
14:45:54.279,snap,default,com.tencent.mm,discharging,1,41.5,68.1,85,95,1,23.84,0.27,1.18,80,3.925,1.002,3.93285,25906,14569,0,-
14:45:55.281,snap,default,com.tencent.mm,discharging,1,41.5,71.1,85,95,1,22.96,0.22,1.15,67,3.924,0.73,2.86452,25906,14569,0,-
14:45:56.280,snap,default,com.tencent.mm,discharging,1,41.5,73,85,95,1,22.96,0.22,1.15,27,3.852,1.91,7.35732,18728,11147,0,-
14:45:57.282,snap,default,com.tencent.mm,discharging,1,41.5,73,85,95,1,23.51,0.18,0.94,77,3.808,2.532,9.641856,18728,11147,0,-
14:45:58.282,snap,default,com.tencent.mm,discharging,1,41.5,73,85,95,1,23.51,0.18,0.94,80,3.799,2.878,10.933522,26505,15691,0,-
14:45:59.284,snap,default,com.tencent.mm,discharging,1,41.5,73,85,95,1,25.41,0.14,0.77,75,3.812,2.738,10.437256,26505,15691,0,-
14:46:00.285,snap,default,com.tencent.mm,discharging,1,41.5,70.2,85,95,1,25.41,0.14,0.77,60,3.812,2.738,10.437256,22744,12894,0,-
14:46:01.286,snap,default,com.tencent.mm,discharging,1,41.5,70.2,85,95,1,25.41,0.14,0.77,60,3.924,0.866,3.398184,22744,12894,0,-
14:46:02.287,snap,default,com.tencent.mm,discharging,1,41.5,67.2,85,95,1,23.89,0.12,0.63,60,3.935,0.394,1.55039,8269,3483,0,-
14:46:03.287,snap,default,com.tencent.mm,discharging,1,41.5,64.2,85,95,1,23.89,0.12,0.63,60,3.937,0.342,1.346454,8269,3483,0,-
14:46:04.288,snap,default,com.tencent.mm,discharging,1,41.5,61.199997,85,95,1,21.37,0.1,0.51,0,3.943,0.298,1.175014,6721,2473,0,-
14:46:05.288,snap,default,com.tencent.mm,discharging,1,41.5,58.199997,85,95,1,21.37,0.1,0.51,0,3.941,0.308,1.213828,6721,2473,0,-
14:46:06.289,snap,default,com.tencent.mm,discharging,1,41.5,56.8,85,95,1,18.95,0.08,0.42,0,3.944,0.28,1.10432,6388,2610,0,-
14:46:07.289,snap,default,com.tencent.mm,discharging,1,41.5,56.8,85,95,1,18.95,0.08,0.42,0,3.938,0.352,1.386176,6388,2610,0,-
14:46:08.290,snap,default,com.tencent.mm,discharging,1,41.5,56.4,85,95,1,17.51,0.06,0.34,0,3.944,0.3,1.1832,5168,1805,0,-
14:46:09.290,snap,default,com.tencent.mm,discharging,1,41.5,55.6,85,95,1,17.51,0.06,0.34,0,3.944,0.338,1.333072,5168,1805,0,-
14:46:10.291,snap,default,com.tencent.mm,discharging,1,41.5,55.6,85,95,1,15.6,0.05,0.28,0,3.932,0.462,1.816584,5168,1805,0,-
14:46:11.291,snap,default,com.tencent.mm,discharging,1,41.5,55.6,85,95,1,15.6,0.05,0.28,0,3.937,0.584,2.299208,7641,2700,0,-
14:46:12.292,snap,default,com.tencent.mm,discharging,1,41.6,54.8,85,95,1,13.86,0.04,0.23,0,3.942,0.312,1.229904,7641,2700,0,-
14:46:13.292,snap,default,com.tencent.mm,discharging,1,41.6,54.4,85,95,1,13.86,0.04,0.23,0,3.946,0.294,1.1601241,5694,2106,0,-
14:46:14.292,snap,default,com.tencent.mm,discharging,1,41.6,54,85,95,1,12.98,0.03,0.18,0,3.942,0.332,1.308744,5694,2106,0,-
14:46:15.292,snap,default,com.tencent.mm,discharging,1,41.6,54,85,95,1,12.98,0.03,0.18,0,3.94,0.368,1.44992,6182,1945,0,-
14:46:16.293,snap,default,com.tencent.mm,discharging,1,41.6,53.6,85,95,1,11.35,0.02,0.15,0,3.945,0.348,1.37286,6182,1945,0,-
14:46:17.293,snap,default,com.tencent.mm,discharging,1,41.6,53.6,85,95,1,11.35,0.02,0.15,0,3.944,0.346,1.3646239,5203,1509,0,-
14:46:18.293,snap,default,com.tencent.mm,discharging,1,41.6,53.6,85,95,1,9.66,0.02,0.12,0,3.943,0.382,1.5062261,5203,1509,0,-
14:46:19.293,snap,default,com.tencent.mm,discharging,1,41.6,53.6,85,95,1,8.63,0.01,0.1,0,3.943,0.362,1.427366,5566,1960,0,-
14:46:20.294,snap,default,com.tencent.mm,discharging,1,41.6,53.6,85,95,1,8.63,0.01,0.1,0,3.948,0.282,1.113336,5566,1960,0,-
14:46:21.294,snap,default,com.tencent.mm,discharging,1,41.6,52.8,85,95,1,8.7,0.01,0.08,11,3.942,0.358,1.411236,6247,2070,0,-
14:46:22.294,snap,default,com.tencent.mm,discharging,1,41.6,52.8,85,95,1,8.7,0.01,0.08,0,3.944,0.38,1.4987199,6247,2070,0,-
14:46:23.294,snap,default,com.tencent.mm,discharging,1,41.6,52.4,85,95,1,7.66,0.01,0.06,0,3.943,0.4,1.5772,6114,1693,0,-
14:46:24.295,snap,default,com.tencent.mm,discharging,1,41.6,52.4,85,95,1,7.66,0.01,0.06,0,3.941,0.456,1.797096,6114,1693,0,-
14:46:25.295,snap,default,com.tencent.mm,discharging,1,41.6,52.1,85,95,1,6.82,0,0.05,0,3.94,0.384,1.5129601,7463,2268,0,-
14:46:26.297,snap,default,com.tencent.mm,discharging,1,41.6,52.1,85,95,1,6.82,0,0.05,0,3.946,0.332,1.310072,7463,2268,0,-
14:46:27.300,snap,default,com.tencent.mm,discharging,1,41.6,52.1,85,95,1,6.85,0,0.04,0,3.948,0.27,1.06596,6020,2192,0,-
14:46:28.299,snap,default,com.tencent.mm,discharging,1,41.6,51.3,85,95,1,6.85,0,0.04,0,3.948,0.27,1.06596,6020,2192,0,-
14:46:29.299,snap,default,com.tencent.mm,discharging,1,41.6,51.3,85,95,1,6.85,0,0.04,0,3.944,0.292,1.1516479,6551,3048,0,-
14:46:30.300,snap,default,com.tencent.mm,discharging,1,41.6,52.8,85,95,1,7.24,0,0.03,0,3.938,0.53,2.0871398,6551,3048,0,-
14:46:31.301,snap,default,com.tencent.mm,discharging,1,41.6,52.8,85,95,1,7.24,0,0.03,0,3.939,0.416,1.638624,8404,4213,0,-
14:46:32.302,snap,default,com.tencent.mm,discharging,1,41.6,51.7,85,95,1,7.74,0,0.03,18,3.941,0.41,1.61581,8404,4213,0,-
14:46:33.302,snap,default,com.tencent.mm,discharging,1,41.6,51.7,85,95,1,7.74,0,0.03,0,3.948,0.288,1.1370239,9571,5162,0,-
14:46:34.303,snap,default,com.tencent.mm,discharging,1,41.6,51.7,85,95,1,8.33,0,0.02,0,3.914,0.734,2.8728762,9571,5162,0,-
14:46:35.304,snap,default,com.tencent.mm,discharging,1,41.6,51.7,85,95,1,8.33,0,0.02,32,3.839,2.006,7.701034,27968,17156,0,-
14:46:36.304,snap,default,com.tencent.mm,discharging,1,41.6,51.7,85,95,1,12.62,0,0.01,79,3.809,2.87,10.931829,27968,17156,0,-
14:46:37.305,snap,default,com.tencent.mm,discharging,1,41.6,51.7,85,95,1,12.62,0,0.01,78,3.812,2.706,10.315272,27968,17156,0,-
14:46:38.305,snap,default,com.tencent.mm,discharging,1,41.6,51.7,85,95,1,15.04,0,0.01,82,3.812,2.468,9.408016,26664,17784,0,-
14:46:39.306,snap,default,com.tencent.mm,discharging,1,41.6,51.7,85,95,1,15.04,0,0.01,76,3.856,2.398,9.246688,26664,17784,0,-
14:46:40.306,snap,default,com.tencent.mm,discharging,1,41.6,53.6,85,95,1,18.47,0,0.01,62,3.916,0.99,3.8768399,25287,14353,0,-
14:46:41.307,snap,default,com.tencent.mm,discharging,1,41.6,56.6,85,95,1,18.47,0,0.01,62,3.935,0.36,1.4166,25287,14353,0,-
14:46:42.307,snap,default,com.tencent.mm,discharging,1,41.6,58.8,85,95,1,16.58,0,0.01,62,3.936,0.36,1.4169601,6375,2729,0,-
14:46:43.310,snap,default,com.tencent.mm,discharging,1,41.6,57.6,85,95,1,16.58,0,0.01,62,3.929,0.496,1.9487839,6375,2729,0,-
14:46:44.311,snap,default,com.tencent.mm,discharging,1,41.6,57.6,85,95,1,16.65,0,0,62,3.917,0.588,2.303196,12169,5779,0,-
14:46:45.311,snap,default,com.tencent.mm,discharging,1,41.6,56.4,85,95,1,16.65,0,0,62,3.933,0.522,2.0530262,12169,5779,0,-
14:46:46.312,snap,default,com.tencent.mm,discharging,1,41.6,55.2,85,95,1,14.9,0,0,62,3.939,0.416,1.638624,11435,4427,0,-
14:46:47.312,snap,default,com.tencent.mm,discharging,1,41.6,54.4,85,95,1,14.9,0,0,0,3.944,0.31,1.22264,11435,4427,0,-
14:46:48.313,snap,default,com.tencent.mm,discharging,1,41.6,53.2,85,95,1,13.65,0,0,0,3.941,0.306,1.205946,6990,2886,0,-
14:46:49.317,snap,default,com.tencent.mm,discharging,1,41.6,52.8,85,95,1,12.63,0,0,0,3.944,0.284,1.1200961,6990,2886,0,-
14:46:50.317,snap,default,com.tencent.mm,discharging,1,41.6,52.4,85,95,1,12.63,0,0,0,3.946,0.272,1.073312,4739,1789,0,-
14:46:51.318,snap,default,com.tencent.mm,discharging,1,41.6,52.1,85,95,1,11.97,0,0,0,3.944,0.298,1.175312,4739,1789,0,-
14:46:52.321,snap,default,com.tencent.mm,discharging,1,41.6,51.7,85,95,1,11.97,0,0,0,3.944,0.29,1.14376,4588,1585,0,-
14:46:53.321,snap,default,com.tencent.mm,discharging,1,41.6,50.9,85,95,1,11.25,0,0,0,3.948,0.272,1.073856,4588,1585,0,-
14:46:54.322,snap,default,com.tencent.mm,discharging,1,41.5,50.9,85,95,1,11.25,0,0,0,3.947,0.29,1.14463,4543,1792,0,-
14:46:55.323,snap,default,com.tencent.mm,discharging,1,41.5,50.5,85,95,1,10.66,0,0,13,3.947,0.288,1.1367359,4543,1792,0,-
14:46:56.324,snap,default,com.tencent.mm,discharging,1,41.5,50.5,85,95,1,10.66,0,0,0,3.947,0.292,1.152524,5005,1916,0,-
14:46:57.324,snap,default,com.tencent.mm,discharging,1,41.5,50.5,85,95,1,9.99,0,0,0,3.947,0.292,1.152524,5005,1916,0,-
14:46:58.325,snap,default,com.tencent.mm,discharging,1,41.5,50.5,85,95,1,9.99,0,0,0,3.949,0.264,1.042536,4819,1710,0,-
14:46:59.325,snap,default,com.tencent.mm,discharging,1,41.5,50.5,85,95,1,9.99,0,0,0,3.946,0.296,1.1680161,4819,1710,0,-
14:47:00.326,snap,default,com.tencent.mm,discharging,1,41.5,50.5,85,95,1,9.63,0,0,0,3.949,0.322,1.271578,6110,2478,0,-
14:47:01.327,snap,default,com.tencent.mm,discharging,1,41.5,50.5,85,95,1,9.63,0,0,0,3.946,0.328,1.294288,6110,2478,0,-
14:47:02.327,snap,default,com.tencent.mm,discharging,1,41.5,49.7,85,95,1,9.88,0,0,0,3.947,0.272,1.0735841,4700,1838,0,-
14:47:03.328,snap,default,com.tencent.mm,discharging,1,41.5,49.7,85,95,1,9.88,0,0,0,3.949,0.274,1.0820259,4700,1838,0,-
14:47:04.328,snap,default,com.tencent.mm,discharging,1,41.5,49.7,85,95,1,9.54,0,0,0,3.949,0.266,1.050434,4700,1838,0,-
14:47:05.328,snap,default,com.tencent.mm,discharging,1,41.5,50.1,85,95,1,9.54,0,0,0,3.948,0.308,1.215984,5197,1904,0,-
14:47:06.330,snap,default,com.tencent.mm,discharging,1,41.5,50.1,85,95,1,9.98,0,0,0,3.935,0.578,2.27443,5197,1904,0,-
14:47:07.330,snap,default,com.tencent.mm,discharging,1,41.5,51.3,85,95,1,9.98,0,0,21,3.949,0.302,1.1925979,9170,5030,0,-
14:47:08.331,snap,default,com.tencent.mm,discharging,1,41.5,50.9,85,95,1,9.62,0,0,0,3.923,0.674,2.644102,9170,5030,0,-
14:47:09.332,snap,default,com.tencent.mm,discharging,1,41.5,50.9,85,95,1,9.62,0,0,0,3.945,0.288,1.1361599,8173,3960,0,-
14:47:10.332,snap,default,com.tencent.mm,discharging,1,41.5,50.1,85,95,1,9.69,0,0,0,3.945,0.28,1.1046,8173,3960,0,-
14:47:11.332,snap,default,com.tencent.mm,discharging,1,41.5,50.1,85,95,1,9.69,0,0,30,3.932,0.348,1.368336,5834,2445,0,-
14:47:12.332,snap,default,com.tencent.mm,discharging,1,41.5,50.1,85,95,1,11.74,0,0,75,3.824,2.432,9.299968,5834,2445,0,-
14:47:13.332,snap,default,com.tencent.mm,discharging,1,41.5,50.1,85,95,1,11.74,0,0,75,3.816,2.712,10.348991,27803,17236,0,-
14:47:14.337,snap,default,com.tencent.mm,discharging,1,41.5,50.1,85,95,1,14.32,0,0.36,79,3.805,2.658,10.11369,27803,17236,0,-
14:47:15.337,snap,default,com.tencent.mm,discharging,1,41.4,50.1,85,95,1,14.32,0,0.36,75,3.812,2.844,10.841329,28080,18077,0,-
14:47:16.338,snap,default,com.tencent.mm,discharging,1,41.4,50.1,85,95,1,18.25,0,0.29,58,3.818,2.634,10.056612,28080,18077,0,-
14:47:17.339,snap,default,com.tencent.mm,discharging,1,41.4,50.1,85,95,1,18.25,0,0.29,66,3.918,1.18,4.62324,27815,14660,0,-
14:47:18.339,snap,default,com.tencent.mm,discharging,1,41.4,50.1,85,95,1,19.29,0,0.78,66,3.932,0.556,2.186192,27815,14660,0,-
14:47:19.341,snap,default,com.tencent.mm,discharging,1,41.4,50.1,85,95,1,19.05,0,0.64,0,3.884,0.902,3.5033681,16007,9229,0,-
14:47:20.346,snap,default,com.tencent.mm,discharging,1,41.4,50.1,85,95,1,19.05,0,0.64,77,3.851,2.118,8.156418,16007,9229,0,-
14:47:21.348,snap,default,com.tencent.mm,discharging,1,41.4,50.1,85,95,1,20.67,0,0.52,73,3.803,2.916,11.089547,25824,17108,0,-
14:47:22.347,snap,default,com.tencent.mm,discharging,1,41.4,50.1,85,95,1,20.67,0,0.52,77,3.809,2.662,10.139558,25824,17108,0,-
14:47:23.347,snap,default,com.tencent.mm,discharging,1,41.4,50.1,85,95,1,22.73,0,0.43,74,3.804,2.674,10.171896,28914,17372,0,-
14:47:24.347,snap,default,com.tencent.mm,discharging,1,41.4,50.1,85,95,1,22.73,0,0.43,74,3.885,1.058,4.11033,28914,17372,0,-
14:47:25.348,snap,default,com.tencent.mm,discharging,1,41.4,50.1,85,95,1,21.87,0,0.35,39,3.922,0.754,2.957188,16787,9374,0,-
14:47:26.349,snap,default,com.tencent.mm,discharging,1,41.4,53.1,85,95,1,21.87,0,0.35,0,3.932,0.344,1.352608,16787,9374,0,-
14:47:27.349,snap,default,com.tencent.mm,discharging,1,41.4,56.1,85,95,1,18.99,0,0.28,0,3.932,0.344,1.352608,4533,1473,0,-
14:47:28.349,snap,default,com.tencent.mm,discharging,1,41.4,57.2,85,95,1,18.99,0,0.28,0,3.935,0.34,1.3379,4533,1473,0,-
14:47:29.350,snap,default,com.tencent.mm,discharging,1,41.4,56.8,85,95,1,18.99,0,0.28,0,3.937,0.318,1.251966,4805,1704,0,-
14:47:30.351,snap,default,com.tencent.mm,discharging,1,41.4,55.2,85,95,1,16.82,0,0.23,0,3.938,0.296,1.165648,4805,1704,0,-
14:47:31.353,snap,default,com.tencent.mm,discharging,1,41.4,54,85,95,1,16.82,0,0.23,0,3.941,0.288,1.135008,4805,1704,0,-
14:47:32.354,snap,default,com.tencent.mm,discharging,1,41.4,53.6,85,95,1,15.76,0,0.19,0,3.941,0.324,1.276884,5254,1659,0,-
14:47:33.355,snap,default,com.tencent.mm,discharging,1,41.4,52.8,85,95,1,15.76,0,0.19,0,3.94,0.302,1.18988,5254,1659,0,-
14:47:34.355,snap,default,com.tencent.mm,discharging,1,41.4,52.8,85,95,1,13.99,0,0.15,0,3.942,0.258,1.017036,4029,1365,0,-
14:47:35.356,snap,default,com.tencent.mm,discharging,1,41.4,52.1,85,95,1,13.99,0,0.15,0,3.942,0.278,1.095876,4029,1365,0,-
14:47:36.357,snap,default,com.tencent.mm,discharging,1,41.4,51.7,85,95,1,12.54,0,0.12,0,3.943,0.328,1.2933041,4189,1315,0,-
14:47:37.358,snap,default,com.tencent.mm,discharging,1,41.4,51.7,85,95,1,12.54,0,0.12,0,3.944,0.276,1.088544,4189,1315,0,-
14:47:38.359,snap,default,com.tencent.mm,discharging,1,41.4,51.3,85,95,1,11.36,0,0.1,0,3.944,0.24,0.94655997,3840,1413,0,-
14:47:39.359,snap,default,com.tencent.mm,discharging,1,41.4,50.9,85,95,1,11.36,0,0.1,0,3.944,0.27,1.06488,3840,1413,0,-
14:47:40.360,snap,default,com.tencent.mm,discharging,1,41.4,50.5,85,95,1,10.57,0,0.08,0,3.942,0.274,1.0801079,4833,1607,0,-
14:47:41.362,snap,default,com.tencent.mm,discharging,1,41.4,50.1,85,95,1,10.57,0,0.08,0,3.94,0.284,1.11896,4833,1607,0,-
14:47:42.364,snap,default,com.tencent.mm,discharging,1,41.4,50.1,85,95,1,10.28,0,0.07,0,3.944,0.256,1.009664,3882,1384,0,-
14:47:43.364,snap,default,com.tencent.mm,discharging,1,41.4,50.1,85,95,1,10.28,0,0.07,0,3.944,0.258,1.0175519,3882,1384,0,-
14:47:44.365,snap,default,com.tencent.mm,discharging,1,41.4,50.1,85,95,1,9.69,0,0.05,0,3.942,0.25,0.9855,3563,1287,0,-
14:47:45.365,snap,default,com.tencent.mm,discharging,1,41.4,50.1,85,95,1,9.69,0,0.05,0,3.941,0.306,1.205946,3563,1287,0,-
14:47:46.365,snap,default,com.tencent.mm,discharging,1,41.4,50.1,85,95,1,9.56,0,0.04,0,3.941,0.284,1.119244,5667,1941,0,-
14:47:47.367,snap,default,com.tencent.mm,discharging,1,41.4,50.1,85,95,1,9.46,0,0.03,0,3.944,0.274,1.0806559,5667,1941,0,-
14:47:48.369,snap,default,com.tencent.mm,discharging,1,41.4,49.3,85,95,1,9.46,0,0.03,0,3.944,0.26,1.02544,4191,1539,0,-
14:47:49.371,snap,default,com.tencent.mm,discharging,1,41.4,49.3,85,95,1,8.83,0,0.03,0,3.947,0.234,0.923598,4191,1539,0,-
14:47:50.372,snap,default,com.tencent.mm,discharging,1,41.4,49.3,85,95,1,8.83,0,0.03,0,3.945,0.292,1.15194,4430,1455,0,-
14:47:51.375,snap,default,com.tencent.mm,discharging,1,41.4,49.3,85,95,1,8.5,0,0.02,0,3.947,0.246,0.97096205,4430,1455,0,-
14:47:52.378,snap,default,com.tencent.mm,discharging,1,41.4,48.9,85,95,1,8.5,0,0.02,0,3.944,0.26,1.02544,3385,1062,0,-
14:47:53.378,snap,default,com.tencent.mm,discharging,1,41.4,48.5,85,95,1,8.04,0,0.02,0,3.947,0.236,0.93149203,3385,1062,0,-
14:47:54.379,snap,default,com.tencent.mm,discharging,1,41.4,48.9,85,95,1,8.04,0,0.02,0,3.947,0.236,0.93149203,3072,877,0,-
14:47:55.381,snap,default,com.tencent.mm,discharging,1,41.4,48.9,85,95,1,8.04,0,0.02,0,3.946,0.256,1.0101761,3072,877,0,-
14:47:56.381,snap,default,com.tencent.mm,discharging,1,41.4,48.9,85,95,1,7.85,0,0.01,0,3.942,0.26,1.02492,3072,877,0,-
14:47:57.382,snap,default,com.tencent.mm,discharging,1,41.4,49.3,85,95,1,7.85,0,0.01,0,3.941,0.352,1.387232,4708,1506,0,-
14:47:58.382,snap,default,com.tencent.mm,discharging,1,41.3,49.7,85,95,1,7.7,0,0.01,0,3.944,0.308,1.214752,4708,1506,0,-
14:47:59.385,snap,default,com.tencent.mm,discharging,1,41.3,49.3,85,95,1,7.7,0,0.01,0,3.93,0.398,1.5641401,4442,1470,0,-
14:48:00.386,snap,default,com.tencent.mm,discharging,1,41.3,49.3,85,95,1,7.75,0,0.01,0,3.948,0.252,0.994896,4442,1470,0,-
14:48:01.387,snap,default,com.tencent.mm,discharging,1,41.3,48.9,85,95,1,7.75,0,0.01,0,3.942,0.384,1.513728,5044,1677,0,-
14:48:02.391,snap,default,com.tencent.mm,discharging,1,41.3,48.5,85,95,1,8.16,0,0,0,3.948,0.228,0.900144,5044,1677,0,-
14:48:03.391,snap,default,com.tencent.mm,discharging,1,41.3,48.1,85,95,1,8.16,0,0,0,3.948,0.26,1.02648,2995,994,0,-
14:48:04.391,snap,default,com.tencent.mm,discharging,1,41.3,48.1,85,95,1,7.95,0,0,0,3.948,0.252,0.994896,2995,994,0,-
14:48:05.392,snap,default,com.tencent.mm,discharging,1,41.3,47.7,85,95,1,7.95,0,0,0,3.948,0.254,1.002792,3314,1063,0,-
14:48:06.392,snap,default,com.tencent.mm,discharging,1,41.3,48.1,85,95,1,7.78,0,0,0,3.946,0.234,0.923364,3314,1063,0,-
14:48:07.396,snap,default,com.tencent.mm,discharging,1,41.3,48.1,85,95,1,7.78,0,0,0,3.946,0.286,1.1285561,3793,1168,0,-
14:48:08.398,snap,default,com.tencent.mm,discharging,1,41.3,48.5,85,95,1,7.63,0,0,0,3.95,0.172,0.6794,3793,1168,0,-
14:48:09.399,snap,default,com.tencent.mm,discharging,1,41.3,48.1,85,95,1,7.63,0,0,0,3.951,0.206,0.813906,3419,1174,0,-
14:48:10.400,snap,default,com.tencent.mm,discharging,1,41.3,48.5,85,95,1,7.52,0,0,0,3.951,0.178,0.703278,3419,1174,0,-
14:48:11.400,snap,default,com.tencent.mm,discharging,1,41.3,48.1,85,95,1,7.52,0,0,0,3.952,0.224,0.885248,3753,1332,0,-
14:48:12.401,snap,default,com.tencent.mm,discharging,1,41.3,48.1,85,95,1,7.24,0,0,0,3.951,0.198,0.78229797,3753,1332,0,-
14:48:13.402,snap,default,com.tencent.mm,discharging,1,41.3,47.3,85,95,1,7.24,0,0,0,3.952,0.184,0.72716796,3102,951,0,-
14:48:14.402,snap,default,com.tencent.mm,discharging,1,41.3,47.3,85,95,1,7.02,0,0,0,3.952,0.21,0.82991993,3102,951,0,-
14:48:15.402,snap,default,com.tencent.mm,discharging,1,41.3,48.1,85,95,1,7.19,0,0,0,3.947,0.292,1.152524,4298,1583,0,-
14:48:16.404,snap,default,com.tencent.mm,discharging,1,41.3,48.9,85,95,1,7.19,0,0,0,3.92,0.654,2.56368,4298,1583,0,-
14:48:17.405,snap,default,com.tencent.mm,discharging,1,41.3,50.1,85,95,1,8.24,0.36,0,0,3.934,0.508,1.9984721,12996,5376,0,-
14:48:18.406,snap,default,com.tencent.mm,discharging,1,41.3,50.5,85,95,1,8.24,0.36,0,0,3.927,0.606,2.379762,12996,5376,0,-
14:48:19.406,snap,default,com.tencent.mm,discharging,1,41.2,50.5,85,95,1,9.29,0.29,0,0,3.934,0.53,2.0850198,14147,6654,0,-
14:48:20.406,snap,default,com.tencent.mm,discharging,1,41.2,49.3,85,95,1,9.29,0.29,0,0,3.942,0.338,1.3323959,14147,6654,0,-
14:48:21.407,snap,default,com.tencent.mm,discharging,1,41.2,48.9,85,95,1,9.05,0.24,0,0,3.942,0.338,1.3323959,4428,1387,0,-
14:48:22.408,snap,default,com.tencent.mm,discharging,1,41.2,48.1,85,95,1,9.05,0.24,0,0,3.942,0.29,1.1431799,4428,1387,0,-
14:48:23.409,snap,default,com.tencent.mm,discharging,1,41.2,48.1,85,95,1,9.05,0.24,0,0,3.946,0.278,1.096988,4428,1387,0,-
14:48:24.411,snap,default,com.tencent.mm,discharging,1,41.2,48.1,85,95,1,8.68,0.19,0,9,3.944,0.268,1.056992,4413,1490,0,-
14:48:25.412,snap,default,com.tencent.mm,discharging,1,41.2,47.7,85,95,1,8.68,0.19,0,0,3.944,0.276,1.088544,4413,1490,0,-
14:48:26.413,snap,default,com.tencent.mm,discharging,1,41.2,47.7,85,95,1,8.37,0.16,0.18,0,3.944,0.258,1.0175519,4299,1430,0,-
14:48:27.414,snap,default,com.tencent.mm,discharging,1,41.2,47.7,85,95,1,8.37,0.16,0.18,0,3.946,0.27,1.06542,4299,1430,0,-
14:48:28.415,snap,default,com.tencent.mm,discharging,1,41.2,47.7,85,95,1,7.76,0.13,0.14,0,3.945,0.248,0.97835994,3873,1247,0,-
14:48:29.415,snap,default,com.tencent.mm,discharging,1,41.2,47.7,85,95,1,7.76,0.13,0.14,0,3.941,0.332,1.308412,3873,1247,0,-
14:48:30.415,snap,default,com.tencent.mm,discharging,1,41.2,47.7,85,95,1,8.53,0.1,0.12,0,3.938,0.372,1.464936,6736,2160,0,-
14:48:31.416,snap,default,com.tencent.mm,discharging,1,41.2,49.3,85,95,1,8.53,0.1,0.12,0,3.91,0.684,2.6744401,6736,2160,0,-
14:48:32.416,snap,default,com.tencent.mm,discharging,1,41.2,49.3,85,95,1,9.34,0.08,0.09,16,3.939,0.378,1.4889419,12531,7162,0,-
14:48:33.416,snap,default,com.tencent.mm,discharging,1,41.2,50.5,85,95,1,9.34,0.08,0.09,16,3.867,1.618,6.2568064,12531,7162,0,-
14:48:34.417,snap,default,com.tencent.mm,discharging,1,41.2,51.7,85,95,1,11.63,0.43,0.98,65,3.919,1.188,4.6557717,24595,12393,0,-
14:48:35.419,snap,default,com.tencent.mm,discharging,1,41.2,51.7,85,95,1,11.63,0.43,0.98,0,3.944,0.268,1.056992,24595,12393,0,-
14:48:36.419,snap,default,com.tencent.mm,discharging,1,41.2,49.7,85,95,1,10.79,0.35,0.8,0,3.945,0.262,1.03359,3984,1292,0,-
14:48:37.420,snap,default,com.tencent.mm,discharging,1,41.2,49.7,85,95,1,10.79,0.35,0.8,0,3.941,0.376,1.4818159,3984,1292,0,-
14:48:38.420,snap,default,com.tencent.mm,discharging,1,41.2,48.9,85,95,1,10.28,0.29,0.66,0,3.943,0.256,1.0094081,4407,1675,0,-
14:48:39.422,snap,default,com.tencent.mm,discharging,1,41.2,48.9,85,95,1,10.28,0.29,0.66,0,3.942,0.274,1.0801079,4407,1675,0,-
14:48:40.422,snap,default,com.tencent.mm,discharging,1,41.2,48.5,85,95,1,9.87,0.23,0.54,0,3.944,0.286,1.127984,5253,2009,0,-
14:48:41.423,snap,default,com.tencent.mm,discharging,1,41.2,48.1,85,95,1,9.87,0.23,0.54,0,3.945,0.284,1.12038,5253,2009,0,-
14:48:42.423,snap,default,com.tencent.mm,discharging,1,41.2,48.1,85,95,1,9.35,0.19,0.44,0,3.944,0.252,0.993888,3818,1297,0,-
14:48:43.423,snap,default,com.tencent.mm,discharging,1,41.2,48.1,85,95,1,8.74,0.15,0.36,0,3.945,0.252,0.99414,3818,1297,0,-
14:48:44.424,snap,default,com.tencent.mm,discharging,1,41.2,48.1,85,95,1,8.74,0.15,0.36,0,3.941,0.372,1.466052,6094,2371,0,-
14:48:45.424,snap,default,com.tencent.mm,discharging,1,41.2,48.1,85,95,1,8.79,0.12,0.29,0,3.946,0.252,0.99439204,6094,2371,0,-
14:48:46.446,snap,default,com.tencent.mm,discharging,1,41.2,48.1,85,95,1,8.79,0.12,0.29,0,3.941,0.302,1.190182,3908,1271,0,-
14:48:47.447,snap,default,com.tencent.mm,discharging,1,41.2,47.7,85,95,1,8.46,0.1,0.24,0,3.946,0.25,0.9865,3908,1271,0,-
14:48:48.449,snap,default,com.tencent.mm,discharging,1,41.2,47.7,85,95,1,8.46,0.1,0.24,0,3.946,0.25,0.9865,3818,1372,0,-
14:48:49.450,snap,default,com.tencent.mm,discharging,1,41.2,47.7,85,95,1,8.46,0.1,0.24,0,3.944,0.258,1.0175519,3818,1372,0,-
14:48:50.452,snap,default,com.tencent.mm,discharging,1,41.2,47.3,85,95,1,8.38,0.08,0.19,0,3.946,0.238,0.93914807,3818,1372,0,-
14:48:51.452,snap,default,com.tencent.mm,discharging,1,41.1,47.3,85,95,1,8.38,0.08,0.19,0,3.946,0.256,1.0101761,4392,1591,0,-
14:48:52.452,snap,default,com.tencent.mm,discharging,1,41.1,46.9,85,95,1,8.31,0.07,0.16,0,3.946,0.254,1.002284,4392,1591,0,-
14:48:53.453,snap,default,com.tencent.mm,discharging,1,41.1,46.9,85,95,1,8.31,0.07,0.16,0,3.947,0.268,1.057796,3959,1543,0,-
14:48:54.453,snap,default,com.tencent.mm,discharging,1,41.1,46.9,85,95,1,8.07,0.05,0.13,0,3.947,0.244,0.963068,3959,1543,0,-
14:48:55.455,snap,default,com.tencent.mm,discharging,1,41.1,47.3,85,95,1,8.07,0.05,0.13,0,3.942,0.322,1.269324,3916,1386,0,-
14:48:56.455,snap,default,com.tencent.mm,discharging,1,41.1,47.3,85,95,1,7.69,0.04,0.1,0,3.945,0.238,0.93891,3916,1386,0,-
14:48:57.455,snap,default,com.tencent.mm,discharging,1,41.1,47.3,85,95,1,7.69,0.04,0.1,0,3.947,0.256,1.010432,2976,881,0,-
14:48:58.456,snap,default,com.tencent.mm,discharging,1,41.1,46.9,85,95,1,7.39,0.03,0.08,0,3.945,0.244,0.96257997,2976,881,0,-
14:48:59.458,snap,default,com.tencent.mm,discharging,1,41.1,46.5,85,95,1,7.39,0.03,0.08,0,3.946,0.25,0.9865,3479,1191,0,-
14:49:00.458,snap,default,com.tencent.mm,discharging,1,41.1,46.9,85,95,1,7.5,0.03,0.07,0,3.947,0.242,0.955174,3479,1191,0,-
14:49:01.460,snap,default,com.tencent.mm,discharging,1,41.1,46.5,85,95,1,7.5,0.03,0.07,0,3.947,0.322,1.270934,4735,1913,0,-
14:49:02.463,snap,default,com.tencent.mm,discharging,1,41.1,46.5,85,95,1,7.77,0.02,0.05,0,3.946,0.242,0.95493203,4735,1913,0,-
14:49:03.464,snap,default,com.tencent.mm,discharging,1,41.1,46.5,85,95,1,7.77,0.02,0.05,0,3.947,0.242,0.955174,3143,1028,0,-
14:49:04.466,snap,default,com.tencent.mm,discharging,1,41.1,46.9,85,95,1,7.63,0.02,0.04,0,3.948,0.286,1.1291281,3143,1028,0,-
14:49:05.466,snap,default,com.tencent.mm,discharging,1,41.1,46.9,85,95,1,7.63,0.02,0.04,0,3.945,0.346,1.36497,5856,1696,0,-
14:49:06.466,snap,default,com.tencent.mm,discharging,1,41.1,47.3,85,95,1,11.32,0.01,0.58,0,3.924,0.562,2.205288,5856,1696,0,-
14:49:07.466,snap,default,com.tencent.mm,discharging,1,41.1,48.1,85,95,1,11.32,0.01,0.58,0,3.946,0.318,1.254828,7960,3229,0,-
14:49:08.470,snap,default,com.tencent.mm,discharging,1,41.1,48.9,85,95,1,11.62,0.01,0.47,0,3.935,0.458,1.80223,7960,3229,0,-
14:49:09.478,snap,default,com.tencent.mm,discharging,1,41.1,48.9,85,95,1,14.77,0.01,0.39,0,3.939,0.332,1.307748,6093,1486,0,-
14:49:10.478,snap,default,com.tencent.mm,discharging,1,41.1,51.9,85,95,1,14.77,0.01,0.39,19,3.93,0.918,3.60774,6093,1486,0,-
14:49:11.478,snap,default,com.tencent.mm,discharging,1,41.1,51.9,85,95,1,19.52,0,1.4,57,3.798,2.716,10.315369,24431,13700,0,-
14:49:12.478,snap,default,com.tencent.mm,discharging,1,41,51.9,85,95,1,19.52,0,1.4,75,3.814,3.01,11.48014,24431,13700,0,-
14:49:13.478,snap,default,com.tencent.mm,discharging,1,41,51.9,85,95,1,19.79,0,1.15,78,3.812,2.534,9.659608,26921,16021,0,-
14:49:14.479,snap,default,com.tencent.mm,discharging,1,41,51.9,85,95,1,19.79,0,1.15,75,3.791,2.832,10.736112,26921,16021,0,-
14:49:15.480,snap,default,com.tencent.mm,discharging,1,41,51.9,85,95,1,22.72,0,1.3,74,3.791,2.832,10.736112,31010,16405,0,-
14:49:16.482,snap,default,com.tencent.mm,discharging,1,41,51.9,85,95,1,22.72,0,1.3,74,3.791,2.81,10.652709,31010,16405,0,-
14:49:17.482,snap,default,com.tencent.mm,discharging,1,41,54.9,85,95,1,22.72,0,1.3,73,3.917,1.082,4.238194,31010,16405,0,-
14:49:18.483,snap,default,com.tencent.mm,discharging,1,41,57.9,85,95,1,21.32,0,1.06,0,3.894,0.68,2.6479201,14182,7313,0,-
14:49:19.484,snap,default,com.tencent.mm,discharging,1,41,59.6,85,95,1,21.32,0,1.06,33,3.926,0.652,2.5597522,14182,7313,0,-
14:49:20.484,snap,default,com.tencent.mm,discharging,1,41,56.6,85,95,1,19.63,0,0.87,0,3.934,0.308,1.211672,9552,4760,0,-
14:49:21.485,snap,default,com.tencent.mm,discharging,1,41,54,85,95,1,19.63,0,0.87,0,3.931,0.286,1.124266,9552,4760,0,-
14:49:22.486,snap,default,com.tencent.mm,discharging,1,41,52.4,85,95,1,17.34,0,0.71,0,3.938,0.282,1.110516,4931,1567,0,-
14:49:23.486,snap,default,com.tencent.mm,discharging,1,41,51.7,85,95,1,17.34,0,0.71,0,3.938,0.278,1.094764,4931,1567,0,-
14:49:24.487,snap,default,com.tencent.mm,discharging,1,41,50.5,85,95,1,15.47,0,0.58,0,3.939,0.252,0.992628,4315,1254,0,-
14:49:25.488,snap,default,com.tencent.mm,discharging,1,41,50.5,85,95,1,15.47,0,0.58,0,3.937,0.286,1.125982,4315,1254,0,-
14:49:26.489,snap,default,com.tencent.mm,discharging,1,41,50.1,85,95,1,14.3,0,0.47,0,3.936,0.322,1.267392,6430,1950,0,-
14:49:27.489,snap,default,com.tencent.mm,discharging,1,41,49.7,85,95,1,14.3,0,0.47,0,3.94,0.282,1.11108,6430,1950,0,-
14:49:28.489,snap,default,com.tencent.mm,discharging,1,41,49.3,85,95,1,12.97,0,0.39,0,3.937,0.278,1.094486,4804,1615,0,-
14:49:29.489,snap,default,com.tencent.mm,discharging,1,41,48.9,85,95,1,12.97,0,0.39,0,3.943,0.26,1.02518,4804,1615,0,-
14:49:30.490,snap,default,com.tencent.mm,discharging,1,41,48.9,85,95,1,11.89,0,0.32,0,3.944,0.258,1.0175519,4341,1370,0,-
14:49:31.490,snap,default,com.tencent.mm,discharging,1,41,48.9,85,95,1,11.89,0,0.32,0,3.942,0.276,1.087992,4341,1370,0,-
14:49:32.490,snap,default,com.tencent.mm,discharging,1,41,48.1,85,95,1,11.18,0,0.26,0,3.944,0.236,0.930784,4291,1544,0,-
14:49:33.491,snap,default,com.tencent.mm,discharging,1,41,48.1,85,95,1,11.18,0,0.26,0,3.943,0.282,1.1119261,4291,1544,0,-
14:49:34.491,snap,default,com.tencent.mm,discharging,1,41,48.9,85,95,1,10.61,0,0.21,0,3.943,0.282,1.1119261,5279,2044,0,-
14:49:35.491,snap,default,com.tencent.mm,discharging,1,41,48.9,85,95,1,10.61,0,0.21,0,3.938,0.302,1.189276,5279,2044,0,-
14:49:36.492,snap,default,com.tencent.mm,discharging,1,41,48.5,85,95,1,9.95,0,0.17,0,3.942,0.252,0.993384,3606,1150,0,-
14:49:37.493,snap,default,com.tencent.mm,discharging,1,41,48.1,85,95,1,9.95,0,0.14,0,3.945,0.25,0.98625,3606,1150,0,-
14:49:38.493,snap,default,com.tencent.mm,discharging,1,41,47.7,85,95,1,9.42,0,0.14,0,3.94,0.284,1.11896,4916,1699,0,-
14:49:39.493,snap,default,com.tencent.mm,discharging,1,41,47.7,85,95,1,9.34,0,0.11,0,3.944,0.272,1.0727681,4916,1699,0,-
14:49:40.494,snap,default,com.tencent.mm,discharging,1,41,47.7,85,95,1,9.34,0,0.11,0,3.94,0.324,1.2765601,4673,1546,0,-
14:49:41.494,snap,default,com.tencent.mm,discharging,1,41,47.7,85,95,1,9.1,0,0.09,0,3.94,0.322,1.26868,4673,1546,0,-
14:49:42.495,snap,default,com.tencent.mm,discharging,1,41,47.7,85,95,1,9.1,0,0.09,0,3.938,0.318,1.2522839,4210,1338,0,-
14:49:43.495,snap,default,com.tencent.mm,discharging,1,41,47.7,85,95,1,8.71,0,0.07,0,3.938,0.318,1.2522839,4210,1338,0,-
14:49:44.496,snap,default,com.tencent.mm,discharging,1,41,47.7,85,95,1,8.71,0,0.07,0,3.941,0.308,1.213828,4210,1338,0,-
14:49:45.496,snap,default,com.tencent.mm,discharging,1,41,48.1,85,95,1,8.71,0,0.07,0,3.934,0.38,1.49492,6020,1756,0,-
14:49:46.497,snap,default,com.tencent.mm,discharging,1,41,47.7,85,95,1,8.58,0,0.06,0,3.94,0.316,1.24504,6020,1756,0,-
14:49:47.497,snap,default,com.tencent.mm,discharging,1,41,47.7,85,95,1,8.58,0,0.06,0,3.933,0.396,1.557468,4670,1461,0,-
14:49:48.497,snap,default,com.tencent.mm,discharging,1,41,47.7,85,95,1,8.3,0,0.05,0,3.941,0.29,1.14289,4670,1461,0,-
14:49:49.497,snap,default,com.tencent.mm,discharging,1,41,47.7,85,95,1,8.3,0,0.05,0,3.939,0.342,1.347138,4429,1678,0,-
14:49:50.497,snap,default,com.tencent.mm,discharging,1,41,47.7,85,95,1,8.42,0,0.04,0,3.94,0.314,1.2371601,4429,1678,0,-
14:49:51.498,snap,default,com.tencent.mm,discharging,1,41,49.3,85,95,1,8.42,0,0.04,0,3.92,0.484,1.89728,8962,4252,0,-
14:49:52.499,snap,default,com.tencent.mm,discharging,1,41,49.3,85,95,1,9.07,0,0.03,9,3.934,0.482,1.896188,8962,4252,0,-
14:49:53.500,snap,default,com.tencent.mm,discharging,1,41,48.1,85,95,1,9.07,0,0.03,0,3.94,0.314,1.2371601,6675,3299,0,-
14:49:54.500,snap,default,com.tencent.mm,discharging,1,40.9,48.1,85,95,1,8.69,0,0.02,0,3.939,0.306,1.205334,6675,3299,0,-
14:49:55.500,snap,default,com.tencent.mm,discharging,1,40.9,47.7,85,95,1,8.69,0,0.02,0,3.934,0.394,1.549996,5227,1700,0,-
14:49:56.500,snap,default,com.tencent.mm,discharging,1,40.9,47.7,85,95,1,8.2,0,0.02,0,3.94,0.346,1.36324,5227,1700,0,-
14:49:57.500,snap,default,com.tencent.mm,discharging,1,40.9,47.7,85,95,1,8.2,0,0.02,0,3.941,0.318,1.253238,4210,1189,0,-
14:49:58.501,snap,default,com.tencent.mm,discharging,1,40.9,47.7,85,95,1,7.8,0,0.01,0,3.939,0.342,1.347138,4210,1189,0,-
14:49:59.501,snap,default,com.tencent.mm,discharging,1,40.9,47.7,85,95,1,7.8,0,0.01,0,3.938,0.414,1.630332,5086,1883,0,-
14:50:00.501,snap,default,com.tencent.mm,discharging,1,40.9,47.7,85,95,1,7.66,0,0.01,0,3.942,0.3,1.1826,5086,1883,0,-
14:50:01.501,snap,default,com.tencent.mm,discharging,1,40.9,47.3,85,95,1,7.66,0,0.01,0,3.937,0.39,1.53543,5954,2060,0,-
14:50:02.502,snap,default,com.tencent.mm,discharging,1,40.9,47.7,85,95,1,8.44,0,0.01,0,3.942,0.3,1.1826,5954,2060,0,-
14:50:03.502,snap,default,com.tencent.mm,discharging,1,40.9,47.3,85,95,1,8.44,0,0.01,0,3.942,0.312,1.229904,3466,962,0,-
14:50:04.503,snap,default,com.tencent.mm,discharging,1,40.9,47.7,85,95,1,8.18,0,0,0,3.931,0.358,1.4072981,3466,962,0,-
14:50:05.503,snap,default,com.tencent.mm,discharging,1,40.9,47.3,85,95,1,8.18,0,0,0,3.938,0.324,1.275912,5266,1985,0,-
14:50:06.504,snap,default,com.tencent.mm,discharging,1,40.9,46.9,85,95,1,8.33,0,0,0,3.941,0.318,1.253238,5266,1985,0,-
14:50:07.505,snap,default,com.tencent.mm,discharging,1,40.9,46.9,85,95,1,7.91,0,0,0,3.941,0.32,1.26112,3944,1143,0,-
14:50:08.505,snap,default,com.tencent.mm,discharging,1,40.9,47.3,85,95,1,7.91,0,0,0,3.939,0.338,1.3313819,3944,1143,0,-
14:50:09.505,snap,default,com.tencent.mm,discharging,1,40.9,47.3,85,95,1,7.56,0,0,0,3.941,0.324,1.276884,4788,1501,0,-
14:50:10.506,snap,default,com.tencent.mm,discharging,1,40.9,47.3,85,95,1,7.56,0,0,0,3.942,0.29,1.1431799,4788,1501,0,-
14:50:11.506,snap,default,com.tencent.mm,discharging,1,40.9,47.3,85,95,1,7.46,0,0.18,9,3.942,0.29,1.1431799,4788,1501,0,-
14:50:12.506,snap,default,com.tencent.mm,discharging,1,40.9,47.3,85,95,1,7.46,0,0.18,9,3.941,0.294,1.158654,5067,1791,0,-
14:50:13.507,snap,default,com.tencent.mm,discharging,1,40.9,46.5,85,95,1,7.46,0,0.18,9,3.943,0.272,1.072496,5067,1791,0,-
14:50:14.508,snap,default,com.tencent.mm,discharging,1,40.9,46.5,85,95,1,7.37,0,0.15,9,3.946,0.246,0.97071606,4393,1132,0,-
14:50:15.508,snap,default,com.tencent.mm,discharging,1,40.9,46.9,85,95,1,7.37,0,0.15,9,3.94,0.276,1.08744,4393,1132,0,-
14:50:16.509,snap,default,com.tencent.mm,discharging,1,40.9,46.9,85,95,1,8.03,0,0.12,0,3.942,0.302,1.1904839,5287,1372,0,-
14:50:17.509,snap,default,com.tencent.mm,discharging,1,40.9,46.9,85,95,1,8.03,0,0.12,0,3.943,0.268,1.0567241,5287,1372,0,-
14:50:18.509,snap,default,com.tencent.mm,discharging,1,40.9,46.9,85,95,1,8.93,0,0.1,0,3.938,0.33,1.29954,5685,1405,0,-
14:50:19.509,snap,default,com.tencent.mm,discharging,1,40.9,46.9,85,95,1,8.93,0,0.1,0,3.933,0.372,1.4630761,5685,1405,0,-
14:50:20.509,snap,default,com.tencent.mm,discharging,1,40.9,47.7,85,95,1,9.48,0,0.08,0,3.939,0.31,1.22109,6160,2111,0,-
14:50:21.509,snap,default,com.tencent.mm,discharging,1,40.9,47.7,85,95,1,9.48,0,0.08,10,3.921,0.486,1.905606,6160,2111,0,-
14:50:22.510,snap,default,com.tencent.mm,discharging,1,40.9,47.7,85,95,1,9.94,0,0.06,15,3.936,0.458,1.8026881,11686,6784,0,-
14:50:23.510,snap,default,com.tencent.mm,discharging,1,40.9,47.7,85,95,1,9.94,0,0.06,15,3.94,0.268,1.05592,11686,6784,0,-
14:50:24.510,snap,default,com.tencent.mm,discharging,1,40.9,47.7,85,95,1,9.41,0,0.05,0,3.938,0.274,1.0790119,6401,1959,0,-
14:50:25.511,snap,default,com.tencent.mm,discharging,1,40.9,47.7,85,95,1,9.41,0,0.05,0,3.933,0.364,1.431612,6401,1959,0,-
14:50:26.511,snap,default,com.tencent.mm,discharging,1,40.8,47.7,85,95,1,9.69,0,0.04,0,3.943,0.26,1.02518,5949,2056,0,-
14:50:27.512,snap,default,com.tencent.mm,discharging,1,40.8,47.3,85,95,1,9.69,0,0.04,0,3.944,0.254,1.001776,5949,2056,0,-
14:50:28.513,snap,default,com.tencent.mm,discharging,1,40.8,46.9,85,95,1,9.39,0,0.03,0,3.938,0.308,1.212904,4407,1172,0,-
14:50:29.513,snap,default,com.tencent.mm,discharging,1,40.8,46.5,85,95,1,9.39,0,0.03,0,3.94,0.27,1.0638001,4407,1172,0,-
14:50:30.514,snap,default,com.tencent.mm,discharging,1,40.8,46.5,85,95,1,8.95,0,0.02,0,3.933,0.302,1.187766,4614,1291,0,-
14:50:31.515,snap,default,com.tencent.mm,discharging,1,40.8,46.5,85,95,1,8.95,0,0.02,0,3.944,0.25,0.986,4614,1291,0,-
14:50:32.515,snap,default,com.tencent.mm,discharging,1,40.8,46.5,85,95,1,8.6,0,0.02,0,3.945,0.244,0.96257997,4122,1304,0,-
14:50:33.515,snap,default,com.tencent.mm,discharging,1,40.8,46.5,85,95,1,8.6,0,0.02,0,3.945,0.24,0.94679993,4122,1304,0,-
14:50:34.516,snap,default,com.tencent.mm,discharging,1,40.8,46.5,85,95,1,8.31,0,0.01,0,3.941,0.266,1.048306,4847,1793,0,-
14:50:35.517,snap,default,com.tencent.mm,discharging,1,40.8,46.5,85,95,1,8.31,0,0.01,0,3.943,0.304,1.1986719,4847,1793,0,-
14:50:36.517,snap,default,com.tencent.mm,discharging,1,40.8,46.1,85,95,1,8.07,0,0.01,0,3.941,0.286,1.1271261,4847,1793,0,-
14:50:37.518,snap,default,com.tencent.mm,discharging,1,40.8,46.1,85,95,1,8.06,0,0.01,0,3.944,0.242,0.954448,3746,1024,0,-
14:50:38.518,snap,default,com.tencent.mm,discharging,1,40.8,46.1,85,95,1,8.06,0,0.01,0,3.944,0.242,0.954448,3746,1024,0,-
14:50:39.520,snap,default,com.tencent.mm,discharging,1,40.8,46.5,85,95,1,8.06,0,0.01,0,3.943,0.252,0.993636,3730,1333,0,-
14:50:40.520,snap,default,com.tencent.mm,discharging,1,40.8,46.5,85,95,1,8.41,0,0.01,0,3.943,0.266,1.048838,3730,1333,0,-
14:50:41.521,snap,default,com.tencent.mm,discharging,1,40.8,46.5,85,95,1,8.41,0,0.01,0,3.942,0.294,1.158948,5833,1881,0,-
14:50:42.521,snap,default,com.tencent.mm,discharging,1,40.8,46.5,85,95,1,8.15,0,0,0,3.934,0.31,1.21954,5833,1881,0,-
14:50:43.523,snap,default,com.tencent.mm,discharging,1,40.8,46.5,85,95,1,8.15,0,0,0,3.942,0.262,1.032804,4710,1406,0,-
14:50:44.523,snap,default,com.tencent.mm,discharging,1,40.8,45.7,85,95,1,7.58,0,0,0,3.945,0.232,0.91523993,4710,1406,0,-
14:50:45.524,snap,default,com.tencent.mm,discharging,1,40.8,45.7,85,95,1,7.58,0,0,0,3.942,0.26,1.02492,3860,1052,0,-
14:50:46.526,snap,default,com.tencent.mm,discharging,1,40.8,45.7,85,95,1,7.47,0,0,0,3.941,0.264,1.040424,3860,1052,0,-
14:50:47.526,snap,default,com.tencent.mm,discharging,1,40.8,45.7,85,95,1,7.47,0,0,0,3.943,0.282,1.1119261,4616,1589,0,-
14:50:48.527,snap,default,com.tencent.mm,discharging,1,40.7,45.7,85,95,1,7.75,0,0,0,3.943,0.266,1.048838,4616,1589,0,-
14:50:49.528,snap,default,com.tencent.mm,discharging,1,40.7,45.7,85,95,1,7.75,0,0,0,3.94,0.296,1.16624,4875,1699,0,-
14:50:50.528,snap,default,com.tencent.mm,discharging,1,40.7,45.7,85,95,1,7.79,0,0,0,3.943,0.256,1.0094081,4875,1699,0,-
14:50:51.529,snap,default,com.tencent.mm,discharging,1,40.7,45.7,85,95,1,7.79,0,0,0,3.941,0.268,1.056188,4648,1791,0,-
14:50:52.530,snap,default,com.tencent.mm,discharging,1,40.7,45.7,85,95,1,7.65,0,0,0,3.945,0.234,0.92313,4648,1791,0,-
14:50:53.531,snap,default,com.tencent.mm,discharging,1,40.7,45.7,85,95,1,7.65,0,0,0,3.945,0.25,0.98625,3336,1059,0,-
14:50:54.531,snap,default,com.tencent.mm,discharging,1,40.7,45.3,85,95,1,7.53,0,0,0,3.945,0.226,0.89157,3336,1059,0,-
14:50:55.532,snap,default,com.tencent.mm,discharging,1,40.7,45.3,85,95,1,7.53,0,0,0,3.941,0.336,1.324176,5365,1742,0,-
14:50:56.532,snap,default,com.tencent.mm,discharging,1,40.7,45.7,85,95,1,7.43,0,0,0,3.944,0.276,1.088544,5365,1742,0,-
14:50:57.533,snap,default,com.tencent.mm,discharging,1,40.7,45.7,85,95,1,7.43,0,0,0,3.944,0.266,1.049104,3981,1051,0,-
14:50:58.534,snap,default,com.tencent.mm,discharging,1,40.7,45.3,85,95,1,7.35,0,0,0,3.944,0.25,0.986,3981,1051,0,-
14:50:59.535,snap,default,com.tencent.mm,discharging,1,40.7,45.3,85,95,1,7.35,0,0,0,3.944,0.242,0.954448,3772,1038,0,-
14:51:00.536,snap,default,com.tencent.mm,discharging,1,40.7,45.3,85,95,1,7.11,0,0,0,3.936,0.288,1.1335679,3772,1038,0,-
14:51:01.536,snap,default,com.tencent.mm,discharging,1,40.7,45.7,85,95,1,7.11,0,0,0,3.944,0.27,1.06488,5119,1745,0,-
14:51:02.537,snap,default,com.tencent.mm,discharging,1,40.7,45.7,85,95,1,7.45,0,0,0,3.944,0.28,1.10432,5119,1745,0,-
14:51:03.538,snap,default,com.tencent.mm,discharging,1,40.7,45.7,85,95,1,7.45,0,0,0,3.944,0.278,1.096432,5119,1745,0,-
14:51:04.539,snap,default,com.tencent.mm,discharging,1,40.7,45.3,85,95,1,7.55,0,0,0,3.941,0.264,1.040424,4693,1485,0,-
14:51:05.540,snap,default,com.tencent.mm,discharging,1,40.7,45.3,85,95,1,7.63,0,0,0,3.941,0.264,1.040424,4693,1485,0,-
14:51:06.540,snap,default,com.tencent.mm,discharging,1,40.7,45.3,85,95,1,7.63,0,0,0,3.946,0.234,0.923364,4669,1640,0,-
14:51:07.541,snap,default,com.tencent.mm,discharging,1,40.7,44.9,85,95,1,7.63,0,0,0,3.94,0.258,1.0165199,4669,1640,0,-
14:51:08.542,snap,default,com.tencent.mm,discharging,1,40.7,44.9,85,95,1,7.51,0,0,0,3.945,0.228,0.89945996,3245,1057,0,-
14:51:09.544,snap,default,com.tencent.mm,discharging,1,40.6,45.3,85,95,1,7.51,0,0,0,3.942,0.254,1.001268,3245,1057,0,-
14:51:10.547,snap,default,com.tencent.mm,discharging,1,40.6,45.3,85,95,1,8.33,0,0,0,3.943,0.298,1.175014,5468,1710,0,-
14:51:11.548,snap,default,com.tencent.mm,discharging,1,40.6,45.3,85,95,1,8.33,0,0,0,3.941,0.284,1.119244,5468,1710,0,-
14:51:12.548,snap,default,com.tencent.mm,discharging,1,40.6,45.7,85,95,1,7.9,0,0,0,3.942,0.252,0.993384,6421,2589,0,-
14:51:13.548,snap,default,com.tencent.mm,discharging,1,40.6,46.9,85,95,1,7.9,0,0,0,3.896,0.77,2.99992,6421,2589,0,-
14:51:14.548,snap,default,com.tencent.mm,discharging,1,40.6,46.9,85,95,1,9.19,0,0,0,3.928,0.388,1.5240641,10566,4165,0,-
14:51:15.549,snap,default,com.tencent.mm,discharging,1,40.6,46.9,85,95,1,9.19,0,0,0,3.932,0.466,1.8323119,10566,4165,0,-
14:51:16.549,snap,default,com.tencent.mm,discharging,1,40.6,46.5,85,95,1,8.97,0,0,0,3.938,0.332,1.307416,6280,1981,0,-
14:51:17.550,snap,default,com.tencent.mm,discharging,1,40.6,46.1,85,95,1,8.97,0,0,0,3.94,0.256,1.00864,6280,1981,0,-
14:51:18.551,snap,default,com.tencent.mm,discharging,1,40.6,45.7,85,95,1,8.61,0,0,0,3.939,0.246,0.968994,4031,1104,0,-
14:51:19.551,snap,default,com.tencent.mm,discharging,1,40.6,45.7,85,95,1,8.61,0,0,0,3.939,0.266,1.047774,4031,1104,0,-
14:51:20.551,snap,default,com.tencent.mm,discharging,1,40.6,45.7,85,95,1,8.5,0,0,0,3.942,0.26,1.02492,5622,1761,0,-
14:51:21.552,snap,default,com.tencent.mm,discharging,1,40.6,46.1,85,95,1,8.5,0,0,0,3.941,0.294,1.158654,5622,1761,0,-
14:51:22.553,snap,default,com.tencent.mm,discharging,1,40.6,46.1,85,95,1,11.49,0.18,1.99,0,3.926,0.546,2.1435962,10959,2581,0,-
14:51:23.553,snap,default,com.tencent.mm,discharging,1,40.6,46.9,85,95,1,11.49,0.18,1.99,0,3.923,0.558,2.1890342,10959,2581,0,-
14:51:24.554,snap,default,com.tencent.mm,discharging,1,40.6,49.3,85,95,1,20.82,5.58,7.6,3,3.912,0.686,2.683632,15671,4793,0,-
14:51:25.554,snap,default,com.tencent.mm,discharging,1,40.6,49.7,85,95,1,20.82,5.58,7.6,3,3.922,0.706,2.7689319,15671,4793,0,-
14:51:26.579,snap,default,com.tencent.mm,discharging,1,40.6,52.7,85,95,1,28.82,5.29,6.95,17,3.902,0.872,3.4025438,18813,5616,0,-
14:51:27.885,snap,default,com.tencent.mm,discharging,1,40.6,52.7,85,95,1,28.82,5.29,6.95,32,3.831,2.096,8.029776,18813,5616,0,-
14:51:28.886,snap,default,com.tencent.mm,discharging,1,40.6,52.7,85,95,1,37.91,5.06,10.22,22,3.791,2.888,10.948408,36079,12604,0,-
14:51:29.888,snap,default,com.tencent.mm,discharging,1,40.6,52.7,85,95,1,37.91,5.06,10.22,21,3.784,3.056,11.563904,36079,12604,0,-
14:51:30.889,snap,default,com.tencent.mm,discharging,1,40.5,52.7,85,95,1,45.54,5.04,15.25,42,3.78,3.068,11.59704,47988,15640,0,-
14:51:31.889,snap,default,com.android.launcher,discharging,1,40.5,55.7,85,95,1,45.54,5.04,15.25,49,3.841,2.098,8.058418,47988,15640,0,-
14:51:32.889,snap,default,com.android.launcher,discharging,1,40.5,58.7,85,95,1,49.79,5.22,16.29,49,3.88,1.034,4.0119205,28393,7437,0,-
14:51:33.890,snap,default,com.android.launcher,discharging,1,40.5,61.7,85,95,1,52.54,4.45,15.51,0,3.903,0.906,3.5361183,28393,7437,0,-
14:51:34.891,snap,default,com.android.launcher,discharging,1,40.5,59.2,85,95,1,52.54,4.45,15.51,0,3.89,0.816,3.17424,16184,3575,0,-
14:51:35.891,snap,default,com.android.launcher,discharging,1,40.5,58,85,95,1,55.34,4.01,13.79,0,3.903,0.778,3.036534,16184,3575,0,-
14:51:36.892,snap,default,com.android.launcher,discharging,1,40.5,57.6,85,95,1,55.34,4.01,13.79,0,3.899,0.826,3.220574,18691,3393,0,-
14:51:37.892,snap,default,com.android.launcher,discharging,1,40.5,56.8,85,95,1,57.09,3.82,11.29,0,3.904,0.832,3.2481282,18691,3393,0,-
14:51:38.893,snap,default,com.android.launcher,discharging,1,40.5,56.8,85,95,1,57.09,3.82,11.29,0,3.901,0.748,2.917948,18691,3393,0,-
14:51:39.894,snap,default,com.android.launcher,discharging,1,40.5,55.2,85,95,1,58.34,3.49,9.61,0,3.901,0.93,3.6279302,18949,3609,0,-
14:51:40.894,snap,default,com.android.launcher,discharging,1,40.5,55.2,85,95,1,58.34,3.49,9.61,0,3.9,0.836,3.2604003,18949,3609,0,-
14:51:41.894,snap,default,com.android.launcher,discharging,1,40.5,54.8,85,95,1,57.19,3.04,8.05,4,3.912,0.742,2.902704,24266,5955,0,-
14:51:42.894,snap,default,com.android.launcher,discharging,1,40.5,54.8,85,95,1,57.19,3.04,8.05,0,3.926,0.504,1.9787041,24266,5955,0,-
14:51:43.895,snap,default,com.android.launcher,discharging,1,40.5,52.8,85,95,1,51.72,2.49,6.59,0,3.93,0.394,1.54842,24372,5215,0,-
14:51:44.895,snap,default,com.android.launcher,discharging,1,40.5,52.4,85,95,1,51.72,2.49,6.59,0,3.93,0.394,1.54842,24372,5215,0,-
14:51:45.897,snap,default,com.android.launcher,discharging,1,40.5,51.3,85,95,1,51.72,2.49,6.59,0,3.93,0.438,1.7213401,14260,2958,0,-
14:51:46.897,snap,default,com.android.launcher,discharging,1,40.5,50.1,85,95,1,44.52,2.04,5.39,0,3.935,0.294,1.15689,14260,2958,0,-
14:51:47.898,snap,default,com.android.launcher,discharging,1,40.5,50.1,85,95,1,44.52,2.04,5.39,0,3.935,0.314,1.23559,8066,2110,0,-
14:51:48.899,snap,default,com.android.launcher,discharging,1,40.5,50.1,85,95,1,37.91,1.67,4.41,0,3.939,0.258,1.0162619,8066,2110,0,-
14:51:49.901,snap,default,com.android.launcher,discharging,1,40.5,48.5,85,95,1,37.91,1.67,4.41,0,3.914,0.462,1.8082681,6538,2371,0,-
14:51:50.900,snap,default,com.android.launcher,discharging,1,40.5,49.7,85,95,1,32.49,1.36,3.61,0,3.937,0.292,1.149604,6538,2371,0,-
14:51:51.901,snap,default,com.android.launcher,discharging,1,40.5,49.3,85,95,1,32.49,1.36,3.61,0,3.917,0.518,2.029006,9706,2511,0,-
14:51:52.901,snap,default,com.android.launcher,discharging,1,40.5,49.3,85,95,1,28.05,1.66,2.96,0,3.936,0.372,1.464192,9706,2511,0,-
14:51:53.902,snap,default,com.android.launcher,discharging,1,40.5,48.1,85,95,1,28.05,1.66,2.96,0,3.938,0.272,1.071136,3688,1017,0,-
14:51:54.903,snap,default,com.android.launcher,discharging,1,40.5,47.7,85,95,1,24.05,1.36,2.42,0,3.938,0.26,1.02388,3688,1017,0,-
14:51:55.903,snap,default,com.android.launcher,discharging,1,40.5,47.3,85,95,1,24.05,1.36,2.42,0,3.94,0.266,1.04804,4055,1356,0,-
14:51:56.905,snap,default,com.android.launcher,discharging,1,40.4,47.3,85,95,1,20.96,1.11,1.98,0,3.939,0.278,1.095042,4055,1356,0,-
14:51:57.905,snap,default,com.android.launcher,discharging,1,40.4,47.3,85,95,1,20.96,1.11,1.98,0,3.937,0.282,1.110234,6287,1936,0,-
14:51:58.905,snap,default,com.android.launcher,discharging,1,40.4,47.7,85,95,1,20.61,0.91,1.8,0,3.927,0.44,1.72788,6287,1936,0,-
14:51:59.905,snap,default,com.android.launcher,discharging,1,40.4,47.7,85,95,1,20.61,0.91,1.8,0,3.939,0.316,1.244724,9102,2514,0,-
14:52:00.907,snap,default,com.android.launcher,discharging,1,40.4,47.3,85,95,1,21.4,0.74,1.47,0,3.928,0.414,1.626192,9102,2514,0,-
14:52:01.907,snap,default,com.android.launcher,discharging,1,40.4,47.3,85,95,1,21.4,0.74,1.47,0,3.936,0.294,1.157184,5293,1258,0,-
14:52:02.909,snap,default,com.android.launcher,discharging,1,40.4,47.3,85,95,1,21.87,0.61,1.21,0,3.932,0.392,1.5413439,5293,1258,0,-
14:52:03.909,snap,default,com.android.launcher,discharging,1,40.4,48.1,85,95,1,21.87,0.61,1.21,0,3.935,0.286,1.1254101,5104,1107,0,-
14:52:04.910,snap,default,com.android.launcher,discharging,1,40.4,47.7,85,95,1,22.08,0.5,0.99,0,3.926,0.5,1.963,5104,1107,0,-
14:52:05.912,snap,default,com.android.launcher,discharging,1,40.4,47.7,85,95,1,18.98,0.4,0.81,0,3.931,0.344,1.352264,5104,1107,0,-
14:52:06.912,snap,default,com.android.launcher,discharging,1,40.4,47.3,85,95,1,18.98,0.4,0.81,0,3.931,0.324,1.273644,6739,1695,0,-
14:52:07.912,snap,default,com.android.launcher,discharging,1,40.4,46.9,85,95,1,15.72,0.33,0.66,0,3.933,0.306,1.203498,6739,1695,0,-
14:52:08.914,snap,default,com.android.launcher,discharging,1,40.4,46.9,85,95,1,15.72,0.33,0.66,0,3.932,0.35,1.3762,4086,1014,0,-
14:52:09.914,snap,default,com.android.launcher,discharging,1,40.4,47.7,85,95,1,13.24,0.27,0.54,0,3.933,0.378,1.486674,4086,1014,0,-
14:52:10.915,snap,default,com.android.launcher,discharging,1,40.4,47.7,85,95,1,13.24,0.27,0.54,0,3.934,0.286,1.1251241,5333,1687,0,-
14:52:11.916,snap,default,com.android.launcher,discharging,1,40.4,46.9,85,95,1,11.74,0.22,0.44,0,3.938,0.244,0.960872,5333,1687,0,-
14:52:12.917,snap,default,com.android.launcher,discharging,1,40.4,46.5,85,95,1,11.74,0.22,0.44,0,3.938,0.244,0.960872,4071,1468,0,-
14:52:13.918,snap,default,com.android.launcher,discharging,1,40.4,46.5,85,95,1,11.74,0.22,0.44,0,3.939,0.264,1.039896,4071,1468,0,-
14:52:14.918,snap,default,com.android.launcher,discharging,1,40.4,46.1,85,95,1,10.7,0.18,0.36,0,3.941,0.238,0.937958,3439,917,0,-
14:52:15.920,snap,default,com.android.launcher,discharging,1,40.4,45.7,85,95,1,10.7,0.18,0.36,0,3.937,0.288,1.1338559,3439,917,0,-
14:52:16.921,snap,default,com.android.launcher,discharging,1,40.4,46.1,85,95,1,10.39,0.14,0.29,0,3.94,0.248,0.97712,4233,1294,0,-
14:52:17.923,snap,default,com.android.launcher,discharging,1,40.4,45.7,85,95,1,10.39,0.14,0.29,0,3.94,0.264,1.0401601,4233,1294,0,-
14:52:18.924,snap,default,com.android.launcher,discharging,1,40.4,45.7,85,95,1,9.6,0.12,0.24,0,3.941,0.236,0.930076,3640,1063,0,-
14:52:20.187,snap,default,com.android.launcher,discharging,1,40.4,45.7,85,95,1,9.6,0.12,0.24,0,3.94,0.258,1.0165199,3640,1063,0,-
14:52:21.187,snap,default,com.android.launcher,discharging,1,40.4,45.7,85,95,1,9.12,0.1,0.19,6,3.925,0.826,3.24205,15679,7145,0,-
14:52:22.188,snap,default,com.android.launcher,discharging,1,40.4,45.7,85,95,1,9.12,0.1,0.19,21,3.839,1.788,6.864132,15679,7145,0,-
14:52:23.262,snap,default,com.tencent.mm,discharging,1,40.4,45.7,85,95,1,20.15,0.62,0.34,21,3.815,2.422,9.23993,25018,7178,0,-
14:52:24.283,snap,default,com.tencent.mm,discharging,1,40.4,45.7,85,95,1,20.15,0.62,0.34,21,3.804,2.628,9.996912,25018,7178,0,-
14:52:25.284,snap,default,com.tencent.mm,discharging,1,40.4,45.7,85,95,1,31.54,0.87,2.63,50,3.77,3.324,12.53148,36823,12047,0,-
14:52:26.284,snap,default,com.tencent.mm,discharging,1,40.4,45.7,85,95,1,31.54,0.87,2.63,77,3.76,3.38,12.7088,36823,12047,0,-
14:52:27.284,snap,default,com.tencent.mm,discharging,1,40.3,45.7,85,95,1,40.5,0.89,9.58,76,3.756,3.374,12.672745,32329,12094,0,-
14:52:28.284,snap,default,com.tencent.mm,discharging,1,40.3,45.7,85,95,1,40.5,0.89,9.58,75,3.761,3.194,12.012633,32329,12094,0,-
14:52:29.286,snap,default,com.tencent.mm,discharging,1,40.3,45.7,85,95,1,47.65,1.09,12.74,76,3.81,2.76,10.5156,31491,9102,0,-
14:52:30.285,snap,default,com.tencent.mm,discharging,1,40.3,45.7,85,95,1,51.52,1.07,14.41,54,3.774,2.706,10.212444,31491,9102,0,-
14:52:31.286,snap,default,com.tencent.mm,discharging,1,40.3,45.7,85,95,1,51.52,1.07,14.41,78,3.777,2.922,11.036393,29186,13204,0,-
14:52:32.286,snap,default,com.tencent.mm,discharging,1,40.4,45.7,85,95,1,51.97,0.88,14.7,78,3.773,2.946,11.115258,29186,13204,0,-
14:52:33.288,snap,default,com.tencent.mm,discharging,1,40.4,45.7,85,95,1,51.97,0.88,14.7,74,3.811,1.904,7.2561445,25681,11008,0,-
14:52:34.288,snap,default,com.tencent.mm,discharging,1,40.4,45.7,85,95,1,46.72,0.72,13.12,0,3.911,0.562,2.1979818,25681,11008,0,-
14:52:35.288,snap,default,com.tencent.mm,discharging,1,40.4,45.7,85,95,1,46.72,0.72,13.12,16,3.885,0.774,3.00699,14218,8461,0,-
14:52:36.288,snap,default,com.tencent.mm,discharging,1,40.4,45.7,85,95,1,40.61,0.59,10.75,16,3.913,0.612,2.394756,14218,8461,0,-
14:52:37.289,snap,default,com.tencent.mm,discharging,1,40.4,48.7,85,95,1,40.61,0.59,10.75,0,3.912,0.72,2.8166401,15902,7394,0,-
14:52:38.289,snap,default,com.tencent.mm,discharging,1,40.4,51.7,85,95,1,35.97,0.66,8.8,0,3.92,0.362,1.41904,15902,7394,0,-
14:52:39.290,snap,default,com.tencent.mm,discharging,1,40.4,54.7,85,95,1,35.97,0.66,8.8,0,3.925,0.388,1.5229,6868,3124,0,-
14:52:40.290,snap,default,com.tencent.mm,discharging,1,40.4,55.6,85,95,1,32.17,0.54,7.2,17,3.887,0.63,2.44881,6868,3124,0,-
14:52:41.291,snap,default,com.tencent.mm,discharging,1,40.4,54.8,85,95,1,32.17,0.54,7.2,17,3.918,0.442,1.731756,6868,3124,0,-
14:52:42.290,snap,default,com.tencent.mm,discharging,1,40.4,53.6,85,95,1,27.61,0.44,5.9,17,3.915,0.388,1.5190201,13002,5600,0,-
14:52:43.291,snap,default,com.tencent.mm,discharging,1,40.4,53.2,85,95,1,27.61,0.44,5.9,17,3.917,0.472,1.848824,13002,5600,0,-
14:52:44.308,snap,default,com.tencent.mm,discharging,1,40.4,53.2,85,95,1,24.96,0.36,4.83,17,3.923,0.384,1.506432,10850,5685,0,-
14:52:45.309,snap,default,com.tencent.mm,discharging,1,40.4,52.8,85,95,1,24.96,0.36,4.83,17,3.919,0.42,1.6459799,10850,5685,0,-
14:52:46.309,snap,default,com.tencent.mm,discharging,1,40.4,51.3,85,95,1,22.61,0.29,3.95,0,3.925,0.356,1.3973,9969,4838,0,-
14:52:47.309,snap,default,com.tencent.mm,discharging,1,40.4,51.3,85,95,1,22.61,0.29,3.95,17,3.926,0.38,1.49188,9969,4838,0,-
14:52:48.309,snap,default,com.tencent.mm,discharging,1,40.4,50.9,85,95,1,20.33,0.24,3.23,0,3.926,0.38,1.49188,8224,3491,0,-
14:52:49.309,snap,default,com.tencent.mm,discharging,1,40.4,50.5,85,95,1,20.33,0.24,3.23,0,3.926,0.358,1.405508,8224,3491,0,-
14:52:50.310,snap,default,com.tencent.mm,discharging,1,40.4,50.5,85,95,1,20.33,0.24,3.23,0,3.927,0.352,1.382304,8835,4164,0,-
14:52:51.310,snap,default,com.tencent.mm,discharging,1,40.4,50.5,85,95,1,18.82,0.2,2.65,0,3.928,0.342,1.343376,8835,4164,0,-
14:52:52.310,snap,default,com.tencent.mm,discharging,1,40.4,50.1,85,95,1,18.82,0.2,2.65,0,3.926,0.376,1.476176,8301,3698,0,-
14:52:53.317,snap,default,com.tencent.mm,discharging,1,40.4,50.9,85,95,1,17.22,0.16,2.17,0,3.925,0.394,1.5464499,8301,3698,0,-
14:52:54.318,snap,default,com.tencent.mm,discharging,1,40.4,50.1,85,95,1,17.22,0.16,2.17,0,3.924,0.314,1.232136,8317,3989,0,-
14:52:55.317,snap,default,com.tencent.mm,discharging,1,40.4,50.9,85,95,1,15.91,0.13,1.77,0,3.93,0.44,1.7292,8317,3989,0,-
14:52:56.318,snap,default,com.tencent.mm,discharging,1,40.4,49.3,85,95,1,15.91,0.13,1.77,0,3.921,0.382,1.497822,7520,2452,0,-
14:52:57.320,snap,default,com.tencent.mm,discharging,1,40.4,48.9,85,95,1,14.66,0.29,1.45,0,3.932,0.288,1.1324159,7520,2452,0,-
14:52:58.320,snap,default,com.tencent.mm,discharging,1,40.4,48.5,85,95,1,14.66,0.29,1.45,0,3.931,0.296,1.163576,4750,1615,0,-
14:52:59.319,snap,default,com.tencent.mm,discharging,1,40.4,48.5,85,95,1,13.27,0.23,1.19,15,3.932,0.334,1.313288,4750,1615,0,-
14:53:00.320,snap,default,com.tencent.mm,discharging,1,40.4,50.5,85,95,1,13.27,0.23,1.19,41,3.904,0.876,3.419904,18732,10550,0,-
14:53:01.321,snap,default,com.tencent.mm,discharging,1,40.4,50.5,85,95,1,13.58,0.19,0.97,41,3.926,0.522,2.0493722,18732,10550,0,-
14:53:02.321,snap,default,com.tencent.mm,discharging,1,40.4,49.3,85,95,1,12.39,0.15,0.79,0,3.933,0.282,1.1091061,4765,1413,0,-
14:53:03.323,snap,default,com.tencent.mm,discharging,1,40.4,49.3,85,95,1,12.39,0.15,0.79,0,3.93,0.306,1.20258,4765,1413,0,-
14:53:04.323,snap,default,com.tencent.mm,discharging,1,40.4,48.5,85,95,1,11.95,0.12,0.65,0,3.934,0.348,1.369032,5236,1739,0,-
14:53:05.324,snap,default,com.tencent.mm,discharging,1,40.4,48.5,85,95,1,11.95,0.12,0.65,0,3.934,0.29,1.14086,5236,1739,0,-
14:53:06.324,snap,default,com.tencent.mm,discharging,1,40.4,48.5,85,95,1,11.06,0.1,0.53,0,3.933,0.27,1.06191,4874,1879,0,-
14:53:07.325,snap,default,com.tencent.mm,discharging,1,40.3,47.3,85,95,1,11.06,0.1,0.53,0,3.934,0.244,0.959896,4874,1879,0,-
14:53:08.326,snap,default,com.tencent.mm,discharging,1,40.3,47.3,85,95,1,9.96,0.08,0.43,0,3.935,0.266,1.04671,4874,1879,0,-
14:53:09.327,snap,default,com.tencent.mm,discharging,1,40.3,46.9,85,95,1,9.96,0.08,0.43,0,3.932,0.256,1.006592,3659,1193,0,-
14:53:10.328,snap,default,com.tencent.mm,discharging,1,40.3,46.9,85,95,1,9.78,0.07,0.35,0,3.932,0.282,1.108824,3659,1193,0,-
14:53:11.327,snap,default,com.tencent.mm,discharging,1,40.3,47.7,85,95,1,9.78,0.07,0.35,0,3.911,0.596,2.330956,6037,1986,0,-
14:53:12.327,snap,default,com.tencent.mm,discharging,1,40.3,48.5,85,95,1,10,0.6,0.29,0,3.919,0.554,2.1711261,6037,1986,0,-
14:53:13.353,snap,default,com.tencent.mm,discharging,1,40.3,48.5,85,95,1,10,0.6,0.29,17,3.837,1.764,6.768468,18931,8223,0,-
14:53:14.348,snap,default,com.tencent.mm,discharging,1,40.3,48.5,85,95,1,17.43,1.03,0.6,21,3.8,2.316,8.800799,18931,8223,0,-
14:53:15.361,snap,default,com.tencent.mm,discharging,1,40.3,48.5,85,95,1,17.43,1.03,0.6,0,3.8,2.548,9.682401,47442,17540,0,-
14:53:16.367,snap,default,com.tencent.mm,discharging,1,40.3,48.5,85,95,1,28.04,1.93,2.84,15,3.796,2.662,10.104952,47442,17540,0,-
14:53:17.712,snap,playback,tv.danmaku.bili,discharging,1,40.3,48.5,85,95,0,28.04,1.93,2.84,15,3.788,2.728,10.333664,48362,10469,0,-
14:53:18.712,snap,playback,tv.danmaku.bili,discharging,1,40.3,48.5,85,95,0,37.63,2.3,8.12,19,3.783,2.68,10.13844,48362,10469,0,-
14:53:19.712,snap,playback,tv.danmaku.bili,discharging,1,40.3,48.5,85,95,0,37.63,2.3,8.12,30,3.81,2.05,7.8104997,38508,11639,0,-
14:53:20.712,snap,playback,tv.danmaku.bili,discharging,1,40.3,48.5,85,95,0,40.6,2.61,9.91,30,3.826,1.922,7.3535724,33156,11192,0,-
14:53:21.713,snap,playback,tv.danmaku.bili,discharging,1,40.3,48.5,85,95,0,40.6,2.61,9.91,24,3.857,1.438,5.546366,33156,11192,0,-
14:53:22.713,snap,playback,tv.danmaku.bili,discharging,1,40.3,48.5,85,95,0,36.5,2.5,9.38,14,3.873,0.962,3.725826,33156,11192,0,-
14:53:23.713,snap,playback,tv.danmaku.bili,discharging,1,40.3,51.5,85,95,0,36.5,2.5,9.38,14,3.904,0.784,3.060736,24610,12001,0,-
14:53:24.713,snap,playback,tv.danmaku.bili,discharging,1,40.3,54.5,85,95,0,33.69,2.23,7.86,4,3.912,0.478,1.8699359,24610,12001,0,-
14:53:25.713,snap,playback,tv.danmaku.bili,discharging,1,40.3,57.2,85,95,0,33.69,2.23,7.86,0,3.916,0.436,1.7073759,12531,5585,0,-
14:53:26.713,snap,playback,tv.danmaku.bili,discharging,1,40.3,55.2,85,95,0,30.12,1.82,6.44,2,3.919,0.382,1.4970579,12531,5585,0,-
14:53:27.713,snap,playback,tv.danmaku.bili,discharging,1,40.3,55.2,85,95,0,30.12,1.82,6.44,2,3.907,0.482,1.8831741,9098,4327,0,-
14:53:28.726,snap,playback,tv.danmaku.bili,discharging,1,40.3,57.6,85,95,0,27.38,1.49,5.27,2,3.856,1.078,4.156768,9098,4327,0,-
14:53:29.737,snap,playback,tv.danmaku.bili,discharging,1,40.3,60.6,85,95,0,27.38,1.49,5.27,19,3.856,1.078,4.156768,20785,8325,0,-
14:53:30.738,snap,playback,tv.danmaku.bili,discharging,1,40.3,63.6,85,95,0,27.38,1.49,5.27,19,3.837,1.828,7.0140357,20785,8325,0,-
14:53:31.738,snap,playback,tv.danmaku.bili,discharging,1,40.3,66.6,85,95,0,32.57,1.94,5.76,19,3.857,1.62,6.24834,46064,15246,0,-
14:53:32.740,snap,playback,tv.danmaku.bili,discharging,1,40.3,65.5,85,95,0,33.73,2.68,6.17,21,3.844,1.442,5.5430484,46064,15246,0,-
14:53:33.739,snap,playback,tv.danmaku.bili,discharging,1,40.4,64.3,85,95,0,33.73,2.68,6.17,40,3.867,1.172,4.5321245,31201,16190,0,-
14:53:34.739,snap,playback,tv.danmaku.bili,discharging,1,40.4,63.9,85,95,0,35.95,2.37,6.14,19,3.888,1.076,4.183488,31201,16190,0,-
14:53:35.739,snap,playback,tv.danmaku.bili,discharging,1,40.4,62.3,85,95,0,35.95,2.37,6.14,15,3.877,1.07,4.1483903,24393,12880,0,-
14:53:36.739,snap,playback,tv.danmaku.bili,discharging,1,40.4,62.3,85,95,0,35.78,2.12,5.21,16,3.873,1.154,4.469442,24393,12880,0,-
14:53:37.739,snap,playback,tv.danmaku.bili,discharging,1,40.4,60.7,85,95,0,35.78,2.12,5.21,11,3.889,0.932,3.624548,24828,13344,0,-
14:53:38.742,snap,playback,tv.danmaku.bili,discharging,1,40.3,60.7,85,95,0,32.38,1.92,4.44,11,3.891,0.9,3.5019,24828,13344,0,-
14:53:39.742,snap,playback,tv.danmaku.bili,discharging,1,40.3,63.5,85,95,0,32.38,1.92,4.44,17,3.868,1.058,4.092344,25177,13769,0,-
14:53:40.742,snap,playback,tv.danmaku.bili,discharging,1,40.3,63.5,85,95,0,32.85,1.75,4.91,68,3.867,1.486,5.7463617,25177,13769,0,-
14:53:41.743,snap,playback,tv.danmaku.bili,discharging,1,40.3,63.5,85,95,0,32.85,1.75,4.91,41,3.88,1.156,4.48528,32754,20340,0,-
14:53:42.743,snap,playback,tv.danmaku.bili,discharging,1,40.3,60.5,85,95,0,30.52,1.43,4.92,7,3.909,0.614,2.400126,32754,20340,0,-
14:53:43.743,snap,playback,tv.danmaku.bili,discharging,1,40.3,58.8,85,95,0,30.52,1.43,4.92,4,3.887,0.718,2.7908661,15201,8140,0,-
14:53:44.743,snap,playback,tv.danmaku.bili,discharging,1,40.3,57.2,85,95,0,26.98,1.17,4.03,10,3.9,0.676,2.6364,15201,8140,0,-
14:53:45.743,snap,playback,tv.danmaku.bili,discharging,1,40.3,57.2,85,95,0,26.98,1.17,4.03,9,3.901,0.738,2.878938,18718,10763,0,-
14:53:46.744,snap,playback,tv.danmaku.bili,discharging,1,40.3,57.2,85,95,0,24.99,0.96,3.66,8,3.887,0.882,3.4283342,18718,10763,0,-
14:53:47.744,snap,playback,tv.danmaku.bili,discharging,1,40.3,57.6,85,95,0,24.99,0.96,3.66,12,3.886,0.9,3.4973998,20882,11253,0,-
14:53:48.744,snap,playback,tv.danmaku.bili,discharging,1,40.3,57.2,85,95,0,28.07,0.97,3,15,3.891,0.878,3.4162982,20882,11253,0,-
14:53:49.744,snap,playback,tv.danmaku.bili,discharging,1,40.4,58,85,95,0,28.07,0.97,3,19,3.893,0.872,3.3946958,21971,12613,0,-
14:53:50.746,snap,playback,tv.danmaku.bili,discharging,1,40.4,57.2,85,95,0,27.88,0.79,2.45,21,3.885,0.87,3.37995,21971,12613,0,-
14:53:51.746,snap,playback,tv.danmaku.bili,discharging,1,40.4,58.8,85,95,0,27.88,0.79,2.45,10,3.859,1.1,4.2449,24254,13701,0,-
14:53:52.746,snap,playback,tv.danmaku.bili,discharging,1,40.4,60.3,85,95,0,28.26,1.01,2.01,6,3.871,1.346,5.210366,24254,13701,0,-
14:53:53.747,snap,playback,tv.danmaku.bili,discharging,1,40.4,60.3,85,95,0,28.26,1.01,2.01,19,3.889,0.942,3.6634378,28750,13403,0,-
14:53:54.747,snap,playback,tv.danmaku.bili,discharging,1,40.4,57.3,85,95,0,30.03,1.01,1.64,19,3.906,0.632,2.4685922,28750,13403,0,-
14:53:55.747,snap,playback,tv.danmaku.bili,discharging,1,40.4,55.2,85,95,0,30.03,1.01,1.64,19,3.908,0.572,2.2353761,15117,5380,0,-
14:53:56.747,snap,playback,tv.danmaku.bili,discharging,1,40.4,54.8,85,95,0,31.83,1,1.34,6,3.906,0.542,2.1170518,15117,5380,0,-
14:53:57.748,snap,playback,tv.danmaku.bili,discharging,1,40.4,54,85,95,0,31.83,1,1.34,6,3.914,0.492,1.925688,11356,4488,0,-
14:53:58.751,snap,playback,tv.danmaku.bili,discharging,1,40.4,53.6,85,95,0,29.51,0.82,1.1,6,3.919,0.454,1.779226,11356,4488,0,-
14:53:59.752,snap,playback,tv.danmaku.bili,discharging,1,40.4,52.8,85,95,0,29.51,0.82,1.1,6,3.92,0.51,1.9992,10406,4715,0,-
14:54:00.753,snap,playback,tv.danmaku.bili,discharging,1,40.4,53.2,85,95,0,26.15,0.67,0.9,10,3.919,0.484,1.896796,10406,4715,0,-
14:54:01.753,snap,playback,tv.danmaku.bili,discharging,1,40.4,52.8,85,95,0,26.15,0.67,0.9,11,3.903,0.712,2.7789361,14157,7345,0,-
14:54:02.753,snap,playback,tv.danmaku.bili,discharging,1,40.4,53.2,85,95,0,24.13,0.55,0.73,9,3.917,0.484,1.895828,14157,7345,0,-
14:54:03.755,snap,playback,tv.danmaku.bili,discharging,1,40.4,52.8,85,95,0,24.13,0.55,0.73,9,3.915,0.608,2.3803198,11363,6243,0,-
14:54:04.754,snap,playback,tv.danmaku.bili,discharging,1,40.4,52.1,85,95,0,22.48,0.45,0.6,6,3.915,0.608,2.3803198,11363,6243,0,-
14:54:05.754,snap,playback,tv.danmaku.bili,discharging,1,40.4,52.1,85,95,0,22.48,0.45,0.6,6,3.913,0.504,1.9721521,10258,5235,0,-
14:54:06.755,snap,playback,tv.danmaku.bili,discharging,1,40.4,52.1,85,95,0,22.48,0.45,0.6,8,3.918,0.438,1.716084,10258,5235,0,-
14:54:07.756,snap,playback,tv.danmaku.bili,discharging,1,40.4,52.8,85,95,0,21.3,0.37,0.49,17,3.903,0.724,2.825772,16874,11084,0,-
14:54:08.755,snap,playback,tv.danmaku.bili,discharging,1,40.4,52.8,85,95,0,20.52,0.3,0.4,18,3.898,0.716,2.7909682,16874,11084,0,-
14:54:09.755,snap,playback,tv.danmaku.bili,discharging,1,40.4,52.8,85,95,0,20.52,0.3,0.4,16,3.914,0.556,2.176184,15172,8359,0,-
14:54:10.762,snap,playback,tv.danmaku.bili,discharging,1,40.4,52.8,85,95,0,22.6,0.42,1.6,9,3.887,0.894,3.474978,15172,8359,0,-
14:54:11.758,snap,playback,tv.danmaku.bili,discharging,1,40.4,52.8,85,95,0,22.6,0.42,1.6,26,3.833,1.872,7.175376,39787,15305,0,-
14:54:12.759,snap,playback,tv.danmaku.bili,discharging,1,40.4,52.8,85,95,0,32.82,1.25,3.12,26,3.829,2.058,7.880082,39787,15305,0,-
14:54:13.760,snap,playback,tv.danmaku.bili,discharging,1,40.4,52.8,85,95,0,32.82,1.25,3.12,24,3.818,2.108,8.048345,39821,9970,0,-
14:54:14.761,snap,default,com.microsoft.emmx.beta,discharging,1,40.4,52.8,85,95,1,44.08,1.93,9.62,38,3.831,1.994,7.6390142,39821,9970,0,-
14:54:15.761,snap,default,com.microsoft.emmx.beta,discharging,1,40.4,52.8,85,95,1,44.08,1.93,9.62,36,3.872,1.498,5.8002563,32922,7197,0,-
14:54:16.761,snap,default,com.microsoft.emmx.beta,discharging,1,40.4,52.8,85,95,1,47.51,1.76,12.95,29,3.849,1.61,6.19689,32922,7197,0,-
14:54:17.763,snap,default,com.microsoft.emmx.beta,discharging,1,40.4,52.8,85,95,1,47.51,1.76,12.95,0,3.886,1.36,5.28496,31621,11542,0,-
14:54:18.761,snap,default,com.microsoft.emmx.beta,discharging,1,40.4,52.8,85,95,1,50.86,1.8,11.32,34,3.853,1.86,7.1665797,31621,11542,0,-
14:54:19.762,snap,default,com.microsoft.emmx.beta,discharging,1,40.4,55.2,85,95,1,50.86,1.8,11.32,15,3.873,1.49,5.77077,29200,12292,0,-
14:54:20.762,snap,default,com.microsoft.emmx.beta,discharging,1,40.4,58.2,85,95,1,46.9,1.84,9.45,0,3.907,0.576,2.250432,29200,12292,0,-
14:54:21.762,snap,default,com.microsoft.emmx.beta,discharging,1,40.4,59.6,85,95,1,46.9,1.84,9.45,7,3.897,0.774,3.016278,16101,8384,0,-
14:54:22.764,snap,default,com.microsoft.emmx.beta,discharging,1,40.4,59.6,85,95,1,40.75,1.5,7.74,10,3.875,0.91,3.5262501,16101,8384,0,-
14:54:23.764,snap,default,com.microsoft.emmx.beta,discharging,1,40.4,58.4,85,95,1,40.75,1.5,7.74,10,3.891,1.064,4.140024,16101,8384,0,-
14:54:24.764,snap,default,com.microsoft.emmx.beta,discharging,1,40.4,57.6,85,95,1,35.91,1.41,6.34,10,3.901,0.544,2.1221442,23487,9463,0,-
14:54:25.765,snap,default,com.microsoft.emmx.beta,discharging,1,40.4,57.2,85,95,1,35.91,1.41,6.34,8,3.89,0.756,2.94084,23487,9463,0,-
14:54:26.765,snap,default,com.microsoft.emmx.beta,discharging,1,40.4,56,85,95,1,32.12,1.16,5.19,0,3.905,0.51,1.99155,14052,6335,0,-
14:54:27.765,snap,default,com.microsoft.emmx.beta,discharging,1,40.4,55.6,85,95,1,32.12,1.16,5.19,0,3.893,0.678,2.639454,14052,6335,0,-
14:54:28.766,snap,default,com.microsoft.emmx.beta,discharging,1,40.4,54.4,85,95,1,28.65,0.94,4.25,0,3.904,0.572,2.233088,13216,5788,0,-
14:54:29.765,snap,default,com.microsoft.emmx.beta,discharging,1,40.4,55.6,85,95,1,28.65,0.94,4.25,6,3.89,0.722,2.8085802,13216,5788,0,-
14:54:30.765,snap,default,com.microsoft.emmx.beta,discharging,1,40.4,56.4,85,95,1,25.27,0.77,3.66,20,3.86,1.102,4.25372,13846,6599,0,-
14:54:31.780,snap,default,com.microsoft.emmx.beta,discharging,1,40.4,59.4,85,95,1,25.27,0.77,3.66,20,3.878,1.182,4.583796,13846,6599,0,-
14:54:32.778,snap,default,com.microsoft.emmx.beta,discharging,1,40.5,62.4,85,95,1,27.03,0.81,4.44,34,3.805,2.226,8.469931,28521,11575,0,-
14:54:33.778,snap,default,com.android.launcher,discharging,1,40.5,65.1,85,95,1,27.03,0.81,4.44,58,3.849,1.566,6.027534,28521,11575,0,-
14:54:34.778,snap,default,com.android.launcher,discharging,1,40.5,64.7,85,95,1,29.02,0.85,3.82,71,3.882,1.162,4.510884,26803,11026,0,-
14:54:35.786,snap,default,com.android.launcher,discharging,1,40.5,64.7,85,95,1,29.02,0.85,3.82,0,3.882,1.162,4.510884,26803,11026,0,-
14:54:36.790,snap,default,com.android.launcher,discharging,1,40.5,64.7,85,95,1,29.02,0.85,3.82,0,3.845,1.072,4.12184,24779,7462,0,-
14:54:37.790,snap,default,com.android.launcher,discharging,1,40.5,64.7,85,95,1,29.92,1.42,4.03,0,3.837,1.966,7.5435414,24779,7462,0,-
14:54:38.790,snap,default,com.tencent.mm,discharging,1,40.5,64.7,85,95,1,37.36,1.7,8.01,0,3.787,2.654,10.050698,21156,4895,0,-
14:54:39.791,snap,default,com.tencent.mm,discharging,1,40.5,64.7,85,95,1,37.36,1.7,8.01,0,3.797,2.458,9.333026,21156,4895,0,-
14:54:40.792,snap,default,com.tencent.mm,discharging,1,40.5,67.7,85,95,1,40.74,2.12,9.64,0,3.819,2.362,9.020478,27986,7454,0,-
14:54:41.791,snap,default,com.tencent.mm,discharging,1,40.5,68.2,85,95,1,40.74,2.12,9.64,7,3.865,1.71,6.60915,27986,7454,0,-
14:54:42.792,snap,default,com.tencent.mm,discharging,1,40.5,68.2,85,95,1,35.71,1.91,8.8,21,3.895,0.77,2.9991498,17273,8445,0,-
14:54:43.792,snap,default,com.tencent.mm,discharging,1,40.5,65.2,85,95,1,35.71,1.91,8.8,0,3.901,0.538,2.098738,17273,8445,0,-
14:54:44.792,snap,default,com.tencent.mm,discharging,1,40.5,62.199997,85,95,1,31.6,1.57,7.2,0,3.905,0.492,1.92126,12127,6142,0,-
14:54:45.808,snap,default,com.tencent.mm,discharging,1,40.5,59.199997,85,95,1,31.6,1.57,7.2,0,3.911,0.464,1.814704,12127,6142,0,-
14:54:46.808,snap,default,com.tencent.mm,discharging,1,40.5,56.8,85,95,1,28.59,1.28,5.9,0,3.91,0.476,1.86116,11374,5438,0,-
14:54:47.808,snap,default,com.tencent.mm,discharging,1,40.5,54.4,85,95,1,28.59,1.28,5.9,0,3.908,0.44,1.71952,11374,5438,0,-
14:54:48.809,snap,default,com.tencent.mm,discharging,1,40.5,53.6,85,95,1,24.86,1.05,4.83,0,3.912,0.44,1.72128,9019,3782,0,-
14:54:49.810,snap,default,com.tencent.mm,discharging,1,40.5,52.8,85,95,1,24.86,1.05,4.83,0,3.915,0.342,1.33893,9019,3782,0,-
14:54:50.812,snap,default,com.tencent.mm,discharging,1,40.5,52.4,85,95,1,21.98,0.86,3.95,0,3.921,0.298,1.168458,9019,3782,0,-
14:54:51.812,snap,default,com.tencent.mm,discharging,1,40.5,51.3,85,95,1,21.98,0.86,3.95,0,3.92,0.296,1.16032,7854,2938,0,-
14:54:52.813,snap,default,com.tencent.mm,discharging,1,40.5,51.3,85,95,1,19.27,0.7,3.23,0,3.921,0.27,1.05867,7854,2938,0,-
14:54:53.815,snap,default,com.tencent.mm,discharging,1,40.6,50.9,85,95,1,19.27,0.7,3.23,0,3.921,0.29,1.13709,4729,1630,0,-
14:54:54.815,snap,default,com.tencent.mm,discharging,1,40.6,50.1,85,95,1,16.86,0.57,2.65,0,3.922,0.248,0.97265595,4729,1630,0,-
14:54:55.817,snap,default,com.tencent.mm,discharging,1,40.6,49.7,85,95,1,16.86,0.57,2.65,0,3.923,0.28,1.09844,3977,1197,0,-
14:54:56.819,snap,default,com.tencent.mm,discharging,1,40.6,49.7,85,95,1,15.08,0.47,2.17,0,3.923,0.282,1.106286,3977,1197,0,-
14:54:57.821,snap,default,com.tencent.mm,discharging,1,40.6,49.7,85,95,1,15.08,0.47,2.17,0,3.913,0.382,1.494766,5425,1645,0,-
14:54:58.821,snap,default,com.tencent.mm,discharging,1,40.6,49.3,85,95,1,13.97,0.38,2.5,0,3.919,0.29,1.1365099,5425,1645,0,-
14:54:59.824,snap,default,com.tencent.mm,discharging,1,40.6,48.9,85,95,1,13.97,0.38,2.5,0,3.922,0.28,1.09816,5171,1634,0,-
14:55:00.825,snap,default,com.tencent.mm,discharging,1,40.6,48.9,85,95,1,12.89,0.31,2.04,0,3.92,0.318,1.24656,5171,1634,0,-
14:55:01.827,snap,default,com.tencent.mm,discharging,1,40.6,48.9,85,95,1,12.89,0.31,2.04,0,3.918,0.292,1.144056,7397,2732,0,-
14:55:02.827,snap,default,com.tencent.mm,discharging,1,40.6,48.9,85,95,1,12.37,0.25,1.67,0,3.918,0.292,1.144056,7397,2732,0,-
14:55:03.827,snap,default,com.tencent.mm,discharging,1,40.6,48.9,85,95,1,12.37,0.25,1.67,0,3.924,0.258,1.0123919,4580,1557,0,-
14:55:04.828,snap,default,com.tencent.mm,discharging,1,40.5,48.9,85,95,1,12.37,0.25,1.67,0,3.924,0.364,1.428336,4580,1557,0,-
14:55:05.828,snap,default,com.tencent.mm,discharging,1,40.5,48.9,85,95,1,11.57,0.21,1.37,0,3.919,0.294,1.1521859,5070,1666,0,-
14:55:06.829,snap,default,com.tencent.mm,discharging,1,40.5,48.9,85,95,1,11.57,0.21,1.37,0,3.925,0.286,1.12255,5070,1666,0,-
14:55:07.829,snap,default,com.tencent.mm,discharging,1,40.5,48.9,85,95,1,10.93,0.17,1.12,0,3.927,0.252,0.98960406,3993,1193,0,-
14:55:08.830,snap,default,com.tencent.mm,discharging,1,40.5,48.5,85,95,1,10.03,0.14,0.92,0,3.925,0.35,1.37375,3993,1193,0,-
14:55:09.831,snap,default,com.tencent.mm,discharging,1,40.5,49.3,85,95,1,10.03,0.14,0.92,0,3.923,0.27,1.0592101,5018,1606,0,-
14:55:10.831,snap,default,com.tencent.mm,discharging,1,40.5,48.5,85,95,1,9.66,0.11,0.75,0,3.921,0.356,1.395876,5018,1606,0,-
14:55:11.832,snap,default,com.tencent.mm,discharging,1,40.5,49.3,85,95,1,9.66,0.11,0.75,0,3.922,0.438,1.7178359,11883,6155,0,-
14:55:12.831,snap,default,com.tencent.mm,discharging,1,40.5,49.3,85,95,1,11.9,0.27,0.79,2,3.862,1.084,4.186408,11883,6155,0,-
14:55:13.832,snap,default,com.tencent.mm,discharging,1,40.5,52.3,85,95,1,11.9,0.27,0.79,13,3.856,1.536,5.922816,26650,13041,0,-
14:55:14.832,snap,default,com.android.launcher,discharging,1,40.4,55.3,85,95,1,16.99,0.22,1.01,8,3.899,0.692,2.698108,26650,13041,0,-
14:55:15.833,snap,default,com.android.launcher,discharging,1,40.4,56,85,95,1,16.99,0.22,1.01,0,3.88,0.82,3.1816,13037,4137,0,-
14:55:17.099,snap,default,com.android.launcher,discharging,1,40.4,56,85,95,1,15.72,0.36,3,0,3.914,0.568,2.2231522,13037,4137,0,-
14:55:18.100,snap,default,com.android.launcher,discharging,1,40.4,59,85,95,1,15.72,0.36,3,9,3.845,1.146,4.40637,21148,8561,0,-
14:55:19.100,snap,default,com.android.launcher,discharging,1,40.4,61.1,85,95,1,21.75,0.48,4.09,9,3.889,1.246,4.845694,21148,8561,0,-
14:55:20.100,snap,default,com.microsoft.emmx.beta,discharging,1,40.4,61.5,85,95,1,21.75,0.48,4.09,24,3.885,0.92,3.5742002,20247,10832,0,-
14:55:21.100,snap,default,com.microsoft.emmx.beta,discharging,1,40.4,61.9,85,95,1,21.79,0.39,3.35,45,3.855,1.43,5.51265,20247,10832,0,-
14:55:22.101,snap,default,com.microsoft.emmx.beta,discharging,1,40.4,62.3,85,95,1,21.79,0.39,3.35,62,3.848,1.638,6.3030243,27419,14941,0,-
14:55:23.102,snap,default,com.microsoft.emmx.beta,discharging,1,40.4,63.9,85,95,1,21.83,0.5,3.1,58,3.857,1.126,4.3429823,27419,14941,0,-
14:55:24.103,snap,default,com.microsoft.emmx.beta,discharging,1,40.4,63.9,85,95,1,21.83,0.5,3.1,58,3.847,1.382,5.3165536,27419,14941,0,-
14:55:25.103,snap,default,com.microsoft.emmx.beta,discharging,1,40.4,63.9,85,95,1,24.4,0.77,3.99,29,3.848,1.672,6.4338565,34699,17872,0,-
14:55:26.103,snap,default,com.microsoft.emmx.beta,discharging,1,40.4,60.9,85,95,1,24.4,0.77,3.99,0,3.912,0.39,1.52568,34699,17872,0,-
14:55:27.103,snap,default,com.microsoft.emmx.beta,discharging,1,40.4,57.9,85,95,1,21.79,0.63,3.26,0,3.913,0.336,1.3147681,10210,4296,0,-
14:55:28.103,snap,default,com.microsoft.emmx.beta,discharging,1,40.4,54.9,85,95,1,21.79,0.63,3.26,0,3.913,0.388,1.518244,10210,4296,0,-
14:55:29.103,snap,default,com.microsoft.emmx.beta,discharging,1,40.4,53.2,85,95,1,19.11,0.51,2.67,0,3.915,0.348,1.36242,6714,2483,0,-
14:55:30.116,snap,default,com.microsoft.emmx.beta,discharging,1,40.4,53.6,85,95,1,19.11,0.51,2.67,0,3.896,0.588,2.290848,6714,2483,0,-
14:55:31.117,snap,default,com.microsoft.emmx.beta,discharging,1,40.4,54,85,95,1,18.18,0.42,2.19,0,3.892,0.752,2.9267838,15568,8293,0,-
14:55:32.117,snap,default,com.microsoft.emmx.beta,discharging,1,40.4,54,85,95,1,18.18,0.42,2.19,0,3.885,0.586,2.2766101,15568,8293,0,-
14:55:33.117,snap,default,com.microsoft.emmx.beta,discharging,1,40.4,54,85,95,1,18.33,0.34,2.15,0,3.915,0.528,2.06712,10315,3826,0,-
14:55:34.117,snap,default,com.microsoft.emmx.beta,discharging,1,40.4,54.8,85,95,1,18.33,0.34,2.15,5,3.887,1.022,3.972514,10315,3826,0,-
14:55:35.117,snap,default,com.microsoft.emmx.beta,discharging,1,40.4,54.8,85,95,1,18.63,0.28,2.85,8,3.912,0.51,1.9951199,19229,10023,0,-
14:55:36.118,snap,default,com.microsoft.emmx.beta,discharging,1,40.4,52.4,85,95,1,18.63,0.28,2.85,8,3.919,0.36,1.41084,19229,10023,0,-
14:55:37.118,snap,default,com.microsoft.emmx.beta,discharging,1,40.4,50.9,85,95,1,17.43,0.23,2.33,0,3.922,0.274,1.074628,8648,3619,0,-
14:55:38.119,snap,default,com.microsoft.emmx.beta,discharging,1,40.4,50.1,85,95,1,15.54,0.19,1.91,0,3.914,0.346,1.354244,8648,3619,0,-
14:55:39.119,snap,default,com.microsoft.emmx.beta,discharging,1,40.4,50.1,85,95,1,15.54,0.19,1.91,0,3.924,0.258,1.0123919,4109,1269,0,-
14:55:40.122,snap,default,com.microsoft.emmx.beta,discharging,1,40.4,50.9,85,95,1,15.26,0.15,1.56,7,3.924,0.258,1.0123919,4109,1269,0,-
14:55:41.122,snap,default,com.microsoft.emmx.beta,discharging,1,40.4,51.3,85,95,1,15.26,0.15,1.56,7,3.915,0.528,2.06712,12373,7393,0,-
14:55:42.122,snap,default,com.microsoft.emmx.beta,discharging,1,40.4,51.3,85,95,1,15.26,0.15,1.56,7,3.886,0.58,2.2538798,12373,7393,0,-
14:55:43.123,snap,default,com.microsoft.emmx.beta,discharging,1,40.4,54.3,85,95,1,15.57,0.12,1.46,8,3.878,0.676,2.621528,19974,8983,0,-
14:55:44.123,snap,default,com.microsoft.emmx.beta,discharging,1,40.4,55.6,85,95,1,15.57,0.12,1.46,9,3.903,0.958,3.7390742,19974,8983,0,-
14:55:45.130,snap,default,com.microsoft.emmx.beta,discharging,1,40.4,55.6,85,95,1,15.65,0.1,1.56,9,3.91,0.49,1.9159001,11141,5632,0,-
14:55:46.130,snap,default,com.microsoft.emmx.beta,discharging,1,40.4,54,85,95,1,15.65,0.1,1.56,9,3.904,0.604,2.358016,11141,5632,0,-
14:55:47.131,snap,default,com.microsoft.emmx.beta,discharging,1,40.4,56,85,95,1,16.98,0.26,2,23,3.893,0.924,3.597132,23291,13345,0,-
14:55:48.130,snap,default,com.microsoft.emmx.beta,discharging,1,40.4,56.8,85,95,1,16.98,0.26,2,34,3.866,1,3.866,23291,13345,0,-
14:55:49.131,snap,default,com.microsoft.emmx.beta,discharging,1,40.4,56.8,85,95,1,16.98,0.21,2.18,36,3.879,0.828,3.211812,17214,9809,0,-
14:55:50.132,snap,default,com.microsoft.emmx.beta,discharging,1,40.4,56.4,85,95,1,16.98,0.21,2.18,29,3.902,0.628,2.4504561,17214,9809,0,-
14:55:51.132,snap,default,com.microsoft.emmx.beta,discharging,1,40.4,56.4,85,95,1,16.44,0.17,1.78,29,3.904,0.554,2.162816,17214,9809,0,-
14:55:52.133,snap,default,com.microsoft.emmx.beta,discharging,1,40.4,53.4,85,95,1,16.44,0.17,1.78,21,3.893,0.72,2.80296,13044,5933,0,-
14:55:53.132,snap,default,com.microsoft.emmx.beta,discharging,1,40.4,54.8,85,95,1,15.09,0.14,1.46,23,3.911,0.476,1.861636,13044,5933,0,-
14:55:54.134,snap,default,com.microsoft.emmx.beta,discharging,1,40.4,54,85,95,1,15.09,0.14,1.46,23,3.894,0.784,3.052896,13729,7617,0,-
14:55:55.135,snap,default,com.microsoft.emmx.beta,discharging,1,40.4,54,85,95,1,15.26,0.11,1.37,20,3.908,0.654,2.555832,13729,7617,0,-
14:55:56.136,snap,default,com.microsoft.emmx.beta,discharging,1,40.4,51.3,85,95,1,15.26,0.11,1.37,20,3.914,0.42,1.64388,11699,6473,0,-
14:55:57.136,snap,default,com.microsoft.emmx.beta,discharging,1,40.4,51.3,85,95,1,14.12,0.09,1.12,0,3.919,0.298,1.167862,11699,6473,0,-
14:55:58.137,snap,default,com.microsoft.emmx.beta,discharging,1,40.4,52.1,85,95,1,14.12,0.09,1.12,15,3.887,0.748,2.9074762,9503,5022,0,-
14:55:59.138,snap,default,com.microsoft.emmx.beta,discharging,1,40.4,52.1,85,95,1,14.28,0.07,0.92,17,3.894,0.646,2.5155241,9503,5022,0,-
14:56:00.138,snap,default,com.microsoft.emmx.beta,discharging,1,40.4,52.8,85,95,1,14.28,0.07,0.92,19,3.902,0.602,2.349004,15706,10047,0,-
14:56:01.138,snap,default,com.microsoft.emmx.beta,discharging,1,40.4,51.7,85,95,1,14.77,0.06,0.75,19,3.899,0.7,2.7293,15706,10047,0,-
14:56:02.139,snap,default,com.microsoft.emmx.beta,discharging,1,40.4,50.5,85,95,1,14.77,0.06,0.75,0,3.919,0.322,1.261918,13873,6327,0,-
14:56:03.140,snap,default,com.microsoft.emmx.beta,discharging,1,40.4,48.9,85,95,1,13.54,0.23,0.61,0,3.92,0.318,1.24656,13873,6327,0,-
14:56:04.140,snap,default,com.microsoft.emmx.beta,discharging,1,40.4,48.5,85,95,1,13.54,0.23,0.61,0,3.916,0.35,1.3706,5986,2089,0,-
14:56:05.142,snap,default,com.microsoft.emmx.beta,discharging,1,40.4,48.5,85,95,1,12.9,0.19,0.5,0,3.921,0.312,1.2233521,5986,2089,0,-
14:56:06.143,snap,default,com.microsoft.emmx.beta,discharging,1,40.4,48.5,85,95,1,12.9,0.19,0.5,0,3.921,0.274,1.0743539,4570,1482,0,-
14:56:07.143,snap,default,com.microsoft.emmx.beta,discharging,1,40.4,48.1,85,95,1,12.01,0.15,0.41,0,3.921,0.294,1.152774,4570,1482,0,-
14:56:08.145,snap,default,com.microsoft.emmx.beta,discharging,1,40.4,47.7,85,95,1,11.1,0.12,0.33,0,3.92,0.302,1.1838399,5104,1639,0,-
14:56:09.145,snap,default,com.microsoft.emmx.beta,discharging,1,40.4,47.7,85,95,1,11.1,0.12,0.33,0,3.92,0.302,1.1838399,5104,1639,0,-
14:56:10.146,snap,default,com.microsoft.emmx.beta,discharging,1,40.4,47.7,85,95,1,11.1,0.12,0.33,0,3.923,0.29,1.13767,4976,1692,0,-
14:56:11.146,snap,default,com.microsoft.emmx.beta,discharging,1,40.4,47.7,85,95,1,10.72,0.1,0.27,0,3.919,0.368,1.442192,4976,1692,0,-
14:56:12.147,snap,default,com.microsoft.emmx.beta,discharging,1,40.4,47.7,85,95,1,10.72,0.1,0.27,14,3.915,0.454,1.7774099,7517,2434,0,-
14:56:13.147,snap,default,com.microsoft.emmx.beta,discharging,1,40.4,48.1,85,95,1,10.23,0.44,0.58,0,3.913,0.384,1.5025921,7517,2434,0,-
14:56:14.147,snap,default,com.microsoft.emmx.beta,discharging,1,40.4,48.1,85,95,1,10.23,0.44,0.58,0,3.923,0.322,1.263206,4273,1420,0,-
14:56:15.148,snap,default,com.microsoft.emmx.beta,discharging,1,40.4,48.1,85,95,1,9.46,0.36,0.48,0,3.924,0.294,1.153656,4273,1420,0,-
14:56:16.177,snap,default,com.microsoft.emmx.beta,discharging,1,40.4,48.1,85,95,1,9.46,0.36,0.48,22,3.812,1.848,7.044576,37719,14772,0,-
14:56:17.179,snap,default,com.tencent.mm,discharging,1,40.4,48.1,85,95,1,18.98,1.02,2.2,34,3.798,2.516,9.555768,37719,14772,0,-
14:56:18.179,snap,default,com.tencent.mm,discharging,1,40.4,48.1,85,95,1,18.98,1.02,2.2,9,3.785,2.792,10.56772,37719,14772,0,-
14:56:19.180,snap,default,com.tencent.mm,discharging,1,40.4,48.1,85,95,1,30.03,1.38,2.53,47,3.759,3.022,11.359698,42627,13962,0,-
14:56:20.181,snap,default,com.tencent.mm,discharging,1,40.4,48.1,85,95,1,30.03,1.38,2.53,56,3.811,2.05,7.81255,42627,13962,0,-
14:56:21.181,snap,default,com.tencent.mm,discharging,1,40.4,48.1,85,95,1,35.28,2.21,2.61,26,3.78,2.492,9.419761,39704,15080,0,-
14:56:22.181,snap,default,com.tencent.mobileqq,discharging,1,40.4,48.1,85,95,1,35.28,2.21,2.61,31,3.781,2.74,10.35994,39704,15080,0,-
14:56:23.181,snap,default,com.tencent.mobileqq,discharging,1,40.4,48.1,85,95,1,37.58,3.44,2.32,27,3.799,2.084,7.9171166,46708,16441,0,-
14:56:24.181,snap,default,com.tencent.mobileqq,discharging,1,40.4,48.1,85,95,1,37.58,3.44,2.32,33,3.861,1.098,4.2393785,46708,16441,0,-
14:56:25.182,snap,default,com.tencent.mobileqq,discharging,1,40.4,48.1,85,95,1,33.85,3,1.9,30,3.873,1.034,4.004682,22570,13469,0,-
14:56:26.181,snap,default,com.tencent.mobileqq,discharging,1,40.4,48.1,85,95,1,33.85,3,1.9,30,3.873,0.978,3.7877939,22570,13469,0,-
14:56:27.181,snap,default,com.tencent.mobileqq,discharging,1,40.4,48.1,85,95,1,31.16,2.64,1.55,29,3.874,1.094,4.238156,25272,14439,0,-
14:56:28.182,snap,default,com.tencent.mobileqq,discharging,1,40.4,48.1,85,95,1,31.16,2.64,1.55,30,3.868,0.972,3.759696,25272,14439,0,-
14:56:29.182,snap,default,com.tencent.mobileqq,discharging,1,40.4,48.1,85,95,1,28.23,2.16,1.27,31,3.877,0.864,3.349728,19820,12143,0,-
14:56:30.182,snap,default,com.tencent.mobileqq,discharging,1,40.4,48.1,85,95,1,28.23,2.16,1.27,28,3.88,0.896,3.4764802,19820,12143,0,-
14:56:31.183,snap,default,com.tencent.mobileqq,discharging,1,40.5,48.1,85,95,1,26.02,1.77,1.04,30,3.877,0.892,3.4582841,20437,12641,0,-
14:56:32.183,snap,default,com.tencent.mobileqq,discharging,1,40.5,48.1,85,95,1,25.29,1.63,0.85,22,3.837,1.194,4.581378,20437,12641,0,-
14:56:33.183,snap,default,com.tencent.mobileqq,discharging,1,40.5,48.1,85,95,1,25.29,1.63,0.85,42,3.803,1.844,7.012732,23679,13292,0,-
14:56:34.184,snap,default,com.tencent.mobileqq,discharging,1,40.5,48.1,85,95,1,31.57,1.51,2.51,74,3.803,1.844,7.012732,23679,13292,0,-
14:56:35.184,snap,default,com.tencent.mobileqq,discharging,1,40.5,48.1,85,95,1,31.57,1.51,2.51,74,3.759,2.978,11.194302,35967,17125,0,-
14:56:36.185,snap,default,com.tencent.mobileqq,discharging,1,40.5,48.1,85,95,1,31.57,1.51,2.51,74,3.767,3.068,11.557157,35967,17125,0,-
14:56:37.185,snap,default,com.tencent.mobileqq,discharging,1,40.5,48.1,85,95,1,35.09,1.96,4.77,48,3.79,2.44,9.247601,31962,15605,0,-
14:56:38.185,snap,default,com.tencent.mobileqq,discharging,1,40.5,48.1,85,95,1,35.09,1.96,4.77,38,3.838,1.542,5.918196,31962,15605,0,-
14:56:39.185,snap,default,com.tencent.mobileqq,discharging,1,40.5,48.1,85,95,1,31.45,1.6,3.9,30,3.855,1.254,4.83417,22398,12705,0,-
14:56:40.185,snap,default,com.tencent.mobileqq,discharging,1,40.5,48.1,85,95,1,31.45,1.6,3.9,27,3.854,1.322,5.0949883,22398,12705,0,-
14:56:41.186,snap,default,com.tencent.mobileqq,discharging,1,40.5,48.1,85,95,1,29.01,1.49,3.38,29,3.84,1.136,4.36224,20508,11623,0,-
14:56:42.186,snap,default,com.tencent.mobileqq,discharging,1,40.5,48.1,85,95,1,29.01,1.49,3.38,15,3.854,1.238,4.771252,20508,11623,0,-
14:56:43.187,snap,default,com.tencent.mobileqq,discharging,1,40.5,48.1,85,95,1,26.11,1.22,2.76,24,3.876,0.902,3.496152,16398,8819,0,-
14:56:44.189,snap,default,com.tencent.mobileqq,discharging,1,40.5,48.1,85,95,1,26.11,1.22,2.76,23,3.867,0.988,3.820596,16398,8819,0,-
14:56:45.197,snap,default,com.tencent.mobileqq,discharging,1,40.5,48.1,85,95,1,23.37,1,2.26,19,3.85,1.082,4.1657,16398,8819,0,-
14:56:46.195,snap,default,com.tencent.mobileqq,discharging,1,40.5,48.1,85,95,1,23.37,1,2.26,30,3.831,1.554,5.9533744,21211,10069,0,-
14:56:47.195,snap,default,com.tencent.mobileqq,discharging,1,40.5,48.1,85,95,1,24.03,1.18,2.58,61,3.806,2.07,7.87842,21211,10069,0,-
14:56:48.195,snap,default,com.tencent.mobileqq,discharging,1,40.5,48.1,85,95,1,24.03,1.18,2.58,67,3.861,1.47,5.67567,35662,21682,0,-
14:56:49.196,snap,default,com.tencent.mobileqq,discharging,1,40.5,48.1,85,95,1,23.12,0.97,2.11,65,3.867,0.962,3.7200541,35662,21682,0,-
14:56:50.196,snap,default,com.tencent.mobileqq,discharging,1,40.5,48.1,85,95,1,23.12,0.97,2.11,66,3.859,1.108,4.275772,24827,15498,0,-
14:56:51.196,snap,default,com.tencent.mobileqq,discharging,1,40.5,48.1,85,95,1,21.83,0.79,1.72,45,3.884,0.922,3.581048,24827,15498,0,-
14:56:52.196,snap,default,com.tencent.mobileqq,discharging,1,40.5,48.1,85,95,1,21.83,0.79,1.72,41,3.869,1.092,4.224948,22173,13620,0,-
14:56:53.197,snap,default,com.tencent.mobileqq,discharging,1,40.5,48.1,85,95,1,20.59,0.65,1.41,44,3.866,1.096,4.237136,22173,13620,0,-
14:56:54.197,snap,default,com.tencent.mobileqq,discharging,1,40.5,48.1,85,95,1,20.59,0.65,1.41,46,3.87,1.088,4.2105603,21104,13965,0,-
14:56:55.200,snap,default,com.tencent.mobileqq,discharging,1,40.5,48.1,85,95,1,19.58,0.53,1.15,36,3.857,0.904,3.486728,21104,13965,0,-
14:56:56.198,snap,default,com.tencent.mobileqq,discharging,1,40.6,48.1,85,95,1,19.58,0.53,1.15,30,3.877,0.884,3.427268,18142,9931,0,-
14:56:57.198,snap,default,com.tencent.mobileqq,discharging,1,40.6,48.1,85,95,1,18.2,0.43,0.94,38,3.875,0.942,3.65025,18142,9931,0,-
14:56:58.199,snap,default,com.tencent.mobileqq,discharging,1,40.6,48.1,85,95,1,18.2,0.43,0.94,46,3.875,0.982,3.80525,21311,13414,0,-
14:56:59.199,snap,default,com.tencent.mobileqq,discharging,1,40.6,48.1,85,95,1,17.98,0.35,0.77,51,3.85,1.308,5.0358,21311,13414,0,-
14:57:00.201,snap,default,com.tencent.mobileqq,discharging,1,40.6,48.1,85,95,1,17.98,0.35,0.77,63,3.853,1.1,4.2383,26025,17266,0,-
14:57:01.204,snap,default,com.tencent.mobileqq,discharging,1,40.6,48.1,85,95,1,18.17,0.29,0.63,58,3.81,1.756,6.69036,26025,17266,0,-
14:57:02.202,snap,default,com.tencent.mobileqq,discharging,1,40.6,48.1,85,95,1,18.17,0.29,0.63,77,3.796,2.346,8.905416,35106,20503,0,-
14:57:03.203,snap,default,com.tencent.mobileqq,discharging,1,40.6,48.1,85,95,1,21.22,0.6,1.78,47,3.879,0.874,3.390246,35106,20503,0,-
14:57:04.203,snap,default,com.tencent.mobileqq,discharging,1,40.6,48.1,85,95,1,21.22,0.6,1.78,31,3.883,0.826,3.207358,18564,11874,0,-
14:57:05.203,snap,default,com.tencent.mobileqq,discharging,1,40.6,48.1,85,95,1,20.09,0.49,1.46,35,3.832,1.26,4.82832,18564,11874,0,-
14:57:06.203,snap,default,com.tencent.mobileqq,discharging,1,40.7,48.1,85,95,1,19.53,0.4,1.19,41,3.832,1.26,4.82832,22337,12307,0,-
14:57:07.205,snap,default,com.tencent.mobileqq,discharging,1,40.7,48.1,85,95,1,19.53,0.4,1.19,41,3.874,0.862,3.3393881,22337,12307,0,-
14:57:08.203,snap,default,com.tencent.mobileqq,discharging,1,40.7,48.1,85,95,1,19.53,0.4,1.19,35,3.876,0.93,3.60468,18185,12053,0,-
14:57:09.203,snap,default,com.tencent.mobileqq,discharging,1,40.7,48.1,85,95,1,18.34,0.32,0.98,36,3.862,1.07,4.13234,18185,12053,0,-
14:57:10.204,snap,default,com.tencent.mobileqq,discharging,1,40.7,48.1,85,95,1,18.34,0.32,0.98,42,3.874,0.954,3.695796,19483,12228,0,-
14:57:11.204,snap,default,com.tencent.mobileqq,discharging,1,40.7,51.1,85,95,1,17.74,0.26,0.8,42,3.876,0.916,3.550416,19483,12228,0,-
14:57:12.204,snap,default,com.tencent.mobileqq,discharging,1,40.7,54.1,85,95,1,17.74,0.26,0.8,35,3.889,0.698,2.7145221,19483,12228,0,-
14:57:13.206,snap,default,com.tencent.mobileqq,discharging,1,40.7,57.1,85,95,1,17.06,0.22,0.65,30,3.88,0.774,3.00312,15845,10221,0,-
14:57:14.205,snap,default,com.tencent.mobileqq,discharging,1,40.7,59.2,85,95,1,17.06,0.22,0.65,30,3.877,0.792,3.070584,15845,10221,0,-
14:57:15.205,snap,default,com.tencent.mobileqq,discharging,1,40.7,59.2,85,95,1,16.68,0.18,0.53,36,3.876,0.83,3.2170799,17985,11745,0,-
14:57:16.205,snap,default,com.tencent.mobileqq,discharging,1,40.8,59.2,85,95,1,16.68,0.18,0.53,38,3.872,0.972,3.763584,17985,11745,0,-
14:57:17.205,snap,default,com.tencent.mobileqq,discharging,1,40.8,59.2,85,95,1,16.2,0.14,1.16,38,3.876,1.002,3.8837519,20887,11806,0,-
14:57:18.205,snap,default,com.tencent.mobileqq,discharging,1,40.8,62.2,85,95,1,16.2,0.14,1.16,32,3.856,1,3.856,20887,11806,0,-
14:57:19.208,snap,default,com.tencent.mobileqq,discharging,1,40.8,65.2,85,95,1,16.52,0.12,0.95,32,3.85,1.432,5.5132,23280,13318,0,-
14:57:20.207,snap,default,com.tencent.mobileqq,discharging,1,40.8,65.9,85,95,1,16.52,0.12,0.95,29,3.857,1.356,5.230092,23280,13318,0,-
14:57:21.207,snap,default,com.tencent.mobileqq,discharging,1,40.8,65.9,85,95,1,17.88,0.09,0.78,33,3.858,1.384,5.339472,23752,13774,0,-
14:57:22.207,snap,default,com.tencent.mobileqq,discharging,1,40.8,65.9,85,95,1,17.88,0.09,0.78,41,3.854,1.378,5.310812,23752,13774,0,-
14:57:23.209,snap,default,com.tencent.mobileqq,discharging,1,40.8,64.3,85,95,1,17.72,0.08,0.63,45,3.863,1.096,4.2338476,22167,14482,0,-
14:57:24.208,snap,default,com.tencent.mobileqq,discharging,1,40.8,64.3,85,95,1,17.72,0.08,0.63,41,3.872,0.946,3.662912,22167,14482,0,-
14:57:25.208,snap,default,com.tencent.mobileqq,discharging,1,40.8,62.3,85,95,1,17.59,0.24,0.52,42,3.868,1.238,4.788584,21970,12493,0,-
14:57:26.208,snap,default,com.tencent.mobileqq,discharging,1,40.8,63.5,85,95,1,17.59,0.24,0.52,36,3.872,0.97,3.75584,21970,12493,0,-
14:57:27.209,snap,default,com.tencent.mobileqq,discharging,1,40.8,61.5,85,95,1,16.75,0.2,0.42,42,3.869,0.968,3.745192,19161,10179,0,-
14:57:28.209,snap,default,com.tencent.mobileqq,discharging,1,40.8,58.8,85,95,1,16.75,0.2,0.42,31,3.873,0.816,3.160368,19161,10179,0,-
14:57:29.209,snap,default,com.tencent.mobileqq,discharging,1,40.8,58.8,85,95,1,15.35,0.16,0.35,34,3.884,0.774,3.006216,16483,9142,0,-
14:57:30.209,snap,default,com.tencent.mobileqq,discharging,1,40.8,59.9,85,95,1,15.35,0.16,0.35,37,3.886,0.95,3.6917,16483,9142,0,-
14:57:31.209,snap,default,com.tencent.mobileqq,discharging,1,40.8,59.9,85,95,1,15.1,0.13,0.28,37,3.878,0.894,3.466932,20066,12227,0,-
14:57:32.210,snap,default,com.tencent.mobileqq,discharging,1,40.8,59.6,85,95,1,15.1,0.13,0.28,41,3.879,0.87,3.3747299,20066,12227,0,-
14:57:33.209,snap,default,com.tencent.mobileqq,discharging,1,40.8,58,85,95,1,14.9,0.11,0.23,40,3.88,0.82,3.1816,17519,11365,0,-
14:57:34.210,snap,default,com.tencent.mobileqq,discharging,1,40.8,58,85,95,1,14.9,0.11,0.23,37,3.881,0.894,3.469614,17519,11365,0,-
14:57:35.210,snap,default,com.tencent.mobileqq,discharging,1,40.8,58.4,85,95,1,14.74,0.09,0.19,41,3.879,0.876,3.3980038,18785,11632,0,-
14:57:36.210,snap,default,com.tencent.mobileqq,discharging,1,40.8,59.6,85,95,1,14.74,0.09,0.19,32,3.876,1.13,4.37988,18785,11632,0,-
14:57:37.210,snap,default,com.tencent.mobileqq,discharging,1,40.8,62.6,85,95,1,15.51,0.25,0.33,33,3.876,1.13,4.37988,18785,11632,0,-
14:57:38.211,snap,default,com.tencent.mobileqq,discharging,1,40.8,65.6,85,95,1,15.51,0.25,0.33,33,3.856,1.356,5.228736,24180,13729,0,-
14:57:39.216,snap,default,com.tencent.mobileqq,discharging,1,40.8,68.6,85,95,1,18.13,0.2,0.63,35,3.837,1.53,5.8706098,24180,13729,0,-
14:57:40.216,snap,default,com.tencent.mobileqq,discharging,1,40.8,71.6,85,95,1,18.13,0.2,0.63,40,3.826,2.004,7.6673036,33544,20056,0,-
14:57:41.217,snap,default,com.tencent.mobileqq,discharging,1,40.9,73.4,85,95,1,19.74,0.17,0.52,72,3.827,1.77,6.77379,33544,20056,0,-
14:57:42.217,snap,default,com.tencent.mobileqq,discharging,1,40.9,70.4,85,95,1,19.74,0.17,0.52,77,3.849,1.6,6.1584,31893,19646,0,-
14:57:43.217,snap,default,com.tencent.mobileqq,discharging,1,40.9,67.4,85,95,1,19.06,0.13,0.42,71,3.853,1.206,4.646718,31893,19646,0,-
14:57:44.217,snap,default,com.tencent.mobileqq,discharging,1,40.9,67.4,85,95,1,19.06,0.13,0.42,77,3.85,1.326,5.1050997,26411,16901,0,-
14:57:45.218,snap,default,com.tencent.mobileqq,discharging,1,40.9,67.4,85,95,1,18.5,0.11,0.35,79,3.851,1.268,4.883068,26411,16901,0,-
14:57:46.218,snap,default,com.tencent.mobileqq,discharging,1,41,67.8,85,95,1,18.5,0.11,0.35,76,3.842,1.364,5.240488,29152,15715,0,-
14:57:47.217,snap,default,com.tencent.mobileqq,discharging,1,41,67.4,85,95,1,21.85,0.09,0.28,43,3.849,1.416,5.450184,29152,15715,0,-
14:57:48.218,snap,default,com.tencent.mobileqq,discharging,1,41,67.4,85,95,1,21.85,0.09,0.28,43,3.842,1.292,4.9638643,23674,12539,0,-
14:57:49.219,snap,default,com.tencent.mobileqq,discharging,1,41,66.7,85,95,1,20.79,0.07,0.23,42,3.854,1.274,4.9099965,23674,12539,0,-
14:57:50.220,snap,default,com.tencent.mobileqq,discharging,1,41,66.7,85,95,1,20.79,0.07,0.23,43,3.844,1.306,5.020264,27792,16006,0,-
14:57:51.220,snap,default,com.tencent.mobileqq,discharging,1,41,66.7,85,95,1,22.28,0.24,0.19,43,3.792,2.126,8.061791,27792,16006,0,-
14:57:52.220,snap,default,com.tencent.mobileqq,discharging,1,41,68.6,85,95,1,22.28,0.24,0.19,69,3.834,1.724,6.609816,36466,23865,0,-
14:57:53.220,snap,default,com.tencent.mobileqq,discharging,1,41,68.6,85,95,1,21.86,0.19,0.15,71,3.852,1.308,5.038416,36466,23865,0,-
14:57:54.220,snap,default,com.tencent.mobileqq,discharging,1,41,67.8,85,95,1,21.86,0.19,0.15,74,3.837,1.404,5.387148,29852,19106,0,-
14:57:55.221,snap,default,com.tencent.mobileqq,discharging,1,41,67.1,85,95,1,20.62,0.16,0.12,69,3.858,1.082,4.174356,29852,19106,0,-
14:57:56.221,snap,default,com.tencent.mobileqq,discharging,1,41,64.1,85,95,1,20.62,0.16,0.12,66,3.863,0.976,3.770288,23409,14407,0,-
14:57:57.221,snap,default,com.tencent.mobileqq,discharging,1,41,63.1,85,95,1,19.42,0.13,0.1,68,3.864,1.008,3.8949122,23409,14407,0,-
14:57:58.221,snap,default,com.tencent.mobileqq,discharging,1,41,63.5,85,95,1,19.42,0.13,0.1,64,3.854,1.092,4.208568,25359,15362,0,-
14:57:59.221,snap,default,com.tencent.mobileqq,discharging,1,41,66.3,85,95,1,18.98,0.1,0.08,56,3.853,1.226,4.723778,25359,15362,0,-
14:58:00.221,snap,default,com.tencent.mobileqq,discharging,1,41,66.3,85,95,1,18.98,0.1,0.08,72,3.848,1.216,4.6791677,30929,21499,0,-
14:58:01.222,snap,default,com.tencent.mobileqq,discharging,1,41.1,66.3,85,95,1,18.8,0.08,0.06,68,3.863,1.23,4.75149,30929,21499,0,-
14:58:02.222,snap,default,com.tencent.mobileqq,discharging,1,41.1,65.5,85,95,1,18.8,0.08,0.06,76,3.857,1.212,4.674684,25754,16999,0,-
14:58:03.222,snap,default,com.tencent.mobileqq,discharging,1,41.1,64.7,85,95,1,18.11,0.07,0.05,73,3.856,1.208,4.6580477,25754,16999,0,-
14:58:04.222,snap,default,com.tencent.mobileqq,discharging,1,41.1,64.7,85,95,1,18.11,0.07,0.05,75,3.851,1.2,4.6212,25754,16999,0,-
14:58:05.222,snap,default,com.tencent.mobileqq,discharging,1,41.1,67.7,85,95,1,17.91,0.05,0.04,61,3.857,1.378,5.314946,28278,18003,0,-
14:58:06.223,snap,default,com.tencent.mobileqq,discharging,1,41.1,67.8,85,95,1,17.91,0.05,0.04,43,3.861,1.172,4.525092,28278,18003,0,-
14:58:07.223,snap,default,com.tencent.mobileqq,discharging,1,41.1,66.3,85,95,1,17.74,0.04,0.03,44,3.858,1.116,4.305528,25206,16213,0,-
14:58:08.223,snap,default,com.tencent.mobileqq,discharging,1,41.1,64.3,85,95,1,17.74,0.04,0.03,45,3.864,1.042,4.0262885,25206,16213,0,-
14:58:09.223,snap,default,com.tencent.mobileqq,discharging,1,41.1,64.3,85,95,1,17.43,0.03,0.03,43,3.876,0.92,3.56592,21536,14756,0,-
14:58:10.223,snap,default,com.tencent.mobileqq,discharging,1,41.1,64.7,85,95,1,17.43,0.03,0.03,43,3.876,0.92,3.56592,21536,14756,0,-
14:58:11.225,snap,default,com.tencent.mobileqq,discharging,1,41.1,64.7,85,95,1,17.43,0.03,0.03,43,3.864,1.042,4.0262885,21622,15185,0,-
14:58:12.225,snap,default,com.tencent.mobileqq,discharging,1,41.2,64.7,85,95,1,16.99,0.03,0.02,46,3.863,1.028,3.971164,21622,15185,0,-
14:58:13.227,snap,default,com.tencent.mobileqq,discharging,1,41.2,63.9,85,95,1,16.99,0.03,0.02,46,3.865,1.086,4.19739,22107,14654,0,-
14:58:14.227,snap,default,com.tencent.mobileqq,discharging,1,41.2,60.9,85,95,1,16.62,0.02,0.02,43,3.875,0.858,3.32475,22107,14654,0,-
14:58:15.228,snap,default,com.tencent.mobileqq,discharging,1,41.2,59.9,85,95,1,15.42,0.02,0.01,31,3.866,0.824,3.185584,16807,9383,0,-
14:58:16.228,snap,default,com.tencent.mobileqq,discharging,1,41.2,59.9,85,95,1,15.42,0.02,0.01,32,3.878,0.796,3.086888,16807,9383,0,-
14:58:17.228,snap,default,com.tencent.mobileqq,discharging,1,41.2,61.1,85,95,1,15.53,0.01,0.01,32,3.878,0.838,3.249764,20515,12846,0,-
14:58:18.228,snap,default,com.tencent.mobileqq,discharging,1,41.2,61.9,85,95,1,15.53,0.01,0.01,40,3.858,1.06,4.08948,20515,12846,0,-
14:58:19.228,snap,default,com.tencent.mobileqq,discharging,1,41.2,61.9,85,95,1,15.61,0.01,0.01,47,3.869,0.908,3.513052,19174,12403,0,-
14:58:20.229,snap,default,com.tencent.mobileqq,discharging,1,41.2,61.5,85,95,1,15.61,0.01,0.01,38,3.869,0.868,3.3582919,19174,12403,0,-
14:58:21.229,snap,default,com.tencent.mobileqq,discharging,1,41.2,59.6,85,95,1,15.68,0.01,0,34,3.864,0.964,3.724896,19382,13189,0,-
14:58:22.229,snap,default,com.tencent.mobileqq,discharging,1,41.2,61.5,85,95,1,15.68,0.01,0,43,3.876,0.9,3.4883997,19382,13189,0,-
14:58:23.230,snap,default,com.tencent.mobileqq,discharging,1,41.2,60.3,85,95,1,15.56,0,0,39,3.864,1.022,3.949008,21353,14493,0,-
14:58:24.230,snap,default,com.tencent.mobileqq,discharging,1,41.2,62.3,85,95,1,15.56,0,0,45,3.869,1.094,4.232686,21353,14493,0,-
14:58:25.230,snap,default,com.tencent.mobileqq,discharging,1,41.2,62.3,85,95,1,16,0,0,38,3.856,0.94,3.62464,22251,14716,0,-
14:58:26.230,snap,default,com.tencent.mobileqq,discharging,1,41.2,62.3,85,95,1,16,0,0,39,3.838,1.478,5.672564,22251,14716,0,-
14:58:27.230,snap,default,com.tencent.mobileqq,discharging,1,41.2,62.3,85,95,1,16,0.18,0,42,3.813,1.834,6.993042,21699,12879,0,-
14:58:28.230,snap,default,com.tencent.mobileqq,discharging,1,41.2,62.3,85,95,1,16,0.18,0,40,3.813,1.882,7.176066,21699,12879,0,-
14:58:29.231,snap,default,com.tencent.mobileqq,discharging,1,41.2,65.3,85,95,1,15.27,0.15,0,45,3.852,1.492,5.747184,21699,12879,0,-
14:58:30.231,snap,default,com.tencent.mobileqq,discharging,1,41.2,67.1,85,95,1,15.27,0.15,0,35,3.871,0.896,3.4684162,20258,13325,0,-
14:58:31.231,snap,default,com.tencent.mobileqq,discharging,1,41.2,66.3,85,95,1,15.22,0.12,0,44,3.864,1.03,3.97992,20258,13325,0,-
14:58:32.231,snap,default,com.tencent.mobileqq,discharging,1,41.2,65.5,85,95,1,15.22,0.12,0,47,3.862,1.086,4.194132,20893,13444,0,-
14:58:33.232,snap,default,com.tencent.mobileqq,discharging,1,41.3,64.7,85,95,1,15.18,0.1,0,40,3.879,0.976,3.785904,20893,13444,0,-
14:58:34.232,snap,default,com.tencent.mobileqq,discharging,1,41.3,64.3,85,95,1,15.18,0.1,0,47,3.856,1.096,4.226176,19261,12554,0,-
14:58:35.232,snap,default,com.tencent.mobileqq,discharging,1,41.3,64.3,85,95,1,15.51,0.08,0,47,3.857,1.148,4.427836,19261,12554,0,-
14:58:36.232,snap,default,com.tencent.mobileqq,discharging,1,41.3,63.9,85,95,1,15.51,0.08,0,46,3.866,1.054,4.074764,22441,15650,0,-
14:58:37.233,snap,default,com.tencent.mobileqq,discharging,1,41.3,63.9,85,95,1,15.6,0.06,0,45,3.846,1.118,4.299828,22441,15650,0,-
14:58:38.233,snap,default,com.tencent.mobileqq,discharging,1,41.3,63.5,85,95,1,15.6,0.06,0,39,3.875,0.87,3.37125,22247,15028,0,-
14:58:39.233,snap,default,com.tencent.mobileqq,discharging,1,41.3,60.5,85,95,1,15.49,0.05,0,31,3.884,0.664,2.578976,22247,15028,0,-
14:58:40.233,snap,default,com.tencent.mobileqq,discharging,1,41.3,59.2,85,95,1,15.49,0.05,0,34,3.873,0.886,3.4314778,16057,10396,0,-
14:58:41.234,snap,default,com.tencent.mobileqq,discharging,1,41.3,61.1,85,95,1,15.58,0.04,0,43,3.86,1.096,4.23056,16057,10396,0,-
14:58:42.234,snap,default,com.tencent.mobileqq,discharging,1,41.3,62.7,85,95,1,15.58,0.04,0,44,3.86,1.096,4.23056,22704,14876,0,-
14:58:43.234,snap,default,com.tencent.mobileqq,discharging,1,41.3,62.7,85,95,1,15.58,0.04,0,44,3.866,1.006,3.8891962,22704,14876,0,-
14:58:44.235,snap,default,com.tencent.mobileqq,discharging,1,41.4,62.7,85,95,1,15.66,0.03,0,47,3.864,1.01,3.90264,21796,14537,0,-
14:58:45.235,snap,default,com.tencent.mobileqq,discharging,1,41.4,61.9,85,95,1,15.66,0.03,0,40,3.866,1.06,4.0979595,21796,14537,0,-
14:58:46.235,snap,default,com.tencent.mobileqq,discharging,1,41.4,61.9,85,95,1,15.35,0.03,0,44,3.857,1.064,4.103848,20559,12828,0,-
14:58:47.235,snap,default,com.tencent.mobileqq,discharging,1,41.4,60.3,85,95,1,15.35,0.03,0,35,3.878,0.782,3.032596,20559,12828,0,-
14:58:48.236,snap,default,com.tencent.mobileqq,discharging,1,41.4,59.9,85,95,1,15.29,0.02,0,30,3.877,0.806,3.124862,16208,8671,0,-
14:58:49.235,snap,default,com.tencent.mobileqq,discharging,1,41.4,59.9,85,95,1,13.79,0.01,0,30,3.877,0.944,3.659888,16208,8671,0,-
14:58:50.236,snap,default,com.tencent.mobileqq,discharging,1,41.4,61.5,85,95,1,13.79,0.01,0,39,3.86,1.018,3.9294798,21334,14145,0,-
14:58:51.236,snap,default,com.tencent.mobileqq,discharging,1,41.4,63.5,85,95,1,14.55,0.01,0,48,3.851,1.252,4.821452,21334,14145,0,-
14:58:52.236,snap,default,com.tencent.mobileqq,discharging,1,41.4,64.7,85,95,1,14.55,0.01,0,46,3.848,1.224,4.709952,22862,14757,0,-
14:58:53.236,snap,default,com.tencent.mobileqq,discharging,1,41.4,64.7,85,95,1,14.99,0.01,0,47,3.857,1.108,4.273556,22862,14757,0,-
14:58:54.236,snap,default,com.tencent.mobileqq,discharging,1,41.4,64.7,85,95,1,14.99,0.01,0,44,3.857,1.064,4.103848,21178,14465,0,-
14:58:55.236,snap,default,com.tencent.mobileqq,discharging,1,41.4,63.9,85,95,1,15.17,0.01,0,46,3.857,1.24,4.78268,21178,14465,0,-
14:58:56.236,snap,default,com.tencent.mobileqq,discharging,1,41.4,63.9,85,95,1,15.17,0.01,0,41,3.867,1.044,4.037148,21178,14465,0,-
14:58:57.237,snap,default,com.tencent.mobileqq,discharging,1,41.4,61.1,85,95,1,15.32,0,0,34,3.871,0.83,3.21293,19310,12210,0,-
14:58:58.237,snap,default,com.tencent.mobileqq,discharging,1,41.4,61.1,85,95,1,15.32,0,0,38,3.864,0.9,3.4776,19310,12210,0,-
14:58:59.237,snap,default,com.tencent.mobileqq,discharging,1,41.5,64.1,85,95,1,15.08,0,0,34,3.844,1.286,4.943384,18235,11083,0,-
14:59:00.237,snap,default,com.tencent.mobileqq,discharging,1,41.5,66.7,85,95,1,15.08,0,0,48,3.842,1.508,5.793736,18235,11083,0,-
14:59:01.238,snap,default,com.tencent.mobileqq,discharging,1,41.5,66.7,85,95,1,15.25,0,0,60,3.853,1.258,4.847074,21105,13737,0,-
14:59:02.238,snap,default,com.tencent.mobileqq,discharging,1,41.5,66.7,85,95,1,15.25,0,0,38,3.858,1.148,4.428984,21105,13737,0,-
14:59:03.238,snap,default,com.tencent.mobileqq,discharging,1,41.5,63.699997,85,95,1,15.38,0,0,31,3.867,0.998,3.8592663,20849,14173,0,-
14:59:04.240,snap,default,com.tencent.mobileqq,discharging,1,41.5,63.5,85,95,1,15.38,0,0,32,3.87,0.956,3.6997197,20849,14173,0,-
14:59:05.239,snap,default,com.tencent.mobileqq,discharging,1,41.5,66.3,85,95,1,15.31,0,0,38,3.827,1.39,5.31953,19187,12117,0,-
14:59:06.239,snap,default,com.tencent.mobileqq,discharging,1,41.5,69.3,85,95,1,15.31,0,0,61,3.828,1.57,6.00996,19187,12117,0,-
14:59:07.239,snap,default,com.tencent.mobileqq,discharging,1,41.5,72.3,85,95,1,16.52,0,0,33,3.824,1.66,6.34784,23259,13459,0,-
14:59:08.239,snap,default,com.tencent.mobileqq,discharging,1,41.5,73.8,85,95,1,16.52,0,0,32,3.825,1.554,5.9440503,23259,13459,0,-
14:59:09.239,snap,default,com.tencent.mobileqq,discharging,1,41.5,70.8,85,95,1,17.7,0,0,30,3.854,1.236,4.763544,26111,15276,0,-
14:59:10.239,snap,default,com.tencent.mobileqq,discharging,1,41.5,69.8,85,95,1,17.7,0,0,32,3.868,0.962,3.7210162,26111,15276,0,-
14:59:11.239,snap,default,com.tencent.mobileqq,discharging,1,41.5,66.8,85,95,1,16.66,0,0,26,3.854,0.972,3.746088,18810,10007,0,-
14:59:12.240,snap,default,com.tencent.mobileqq,discharging,1,41.5,63.9,85,95,1,16.66,0,0,26,3.87,1.176,4.55112,18810,10007,0,-
14:59:13.240,snap,default,com.tencent.mobileqq,discharging,1,41.5,61.9,85,95,1,16.9,0,0,20,3.864,0.824,3.183936,19429,11828,0,-
14:59:14.240,snap,default,com.tencent.mobileqq,discharging,1,41.5,61.5,85,95,1,16.9,0,0,26,3.876,0.824,3.193824,19429,11828,0,-
14:59:15.240,snap,default,com.tencent.mobileqq,discharging,1,41.5,61.5,85,95,1,16.74,0,0,25,3.839,1.26,4.83714,17725,10613,0,-
14:59:16.240,snap,default,com.tencent.mobileqq,discharging,1,41.6,63.9,85,95,1,16.74,0,0,25,3.839,1.26,4.83714,17725,10613,0,-
14:59:17.241,snap,default,com.tencent.mobileqq,discharging,1,41.6,63.9,85,95,1,16.74,0,0,25,3.86,1.06,4.0915995,19860,11725,0,-
14:59:18.241,snap,default,com.tencent.mobileqq,discharging,1,41.6,63.1,85,95,1,18.42,0,0,23,3.873,0.874,3.385002,19860,11725,0,-
14:59:19.241,snap,default,com.tencent.mobileqq,discharging,1,41.6,60.7,85,95,1,18.42,0,0,27,3.847,1.126,4.3317223,18714,12374,0,-
14:59:20.242,snap,default,com.tencent.mobileqq,discharging,1,41.6,61.5,85,95,1,17.8,0,0,26,3.872,0.888,3.4383361,18714,12374,0,-
14:59:21.242,snap,default,com.tencent.mobileqq,discharging,1,41.6,60.7,85,95,1,17.8,0,0,20,3.87,1.014,3.92418,20914,11237,0,-
14:59:22.243,snap,default,com.tencent.mobileqq,discharging,1,41.6,61.5,85,95,1,17.65,0,0,24,3.849,1.076,4.141524,20914,11237,0,-
14:59:23.244,snap,default,com.tencent.mobileqq,discharging,1,41.6,64.5,85,95,1,17.65,0,0,48,3.819,1.616,6.171504,20914,11237,0,-
14:59:24.245,snap,default,com.tencent.mobileqq,discharging,1,41.6,64.5,85,95,1,19.34,0,0,64,3.83,1.78,6.8174,34788,21138,0,-
14:59:25.245,snap,default,com.tencent.mobileqq,discharging,1,41.6,64.5,85,95,1,27.43,1.44,2.35,59,3.758,2.646,9.943667,34788,21138,0,-
14:59:26.246,snap,default,com.tencent.mobileqq,discharging,1,41.6,64.5,85,95,1,27.43,1.44,2.35,42,3.801,2.13,8.09613,50304,17243,0,-
14:59:27.246,snap,default,com.tencent.mobileqq,discharging,1,41.6,67.5,85,95,1,34.42,1.91,4.28,25,3.822,2.208,8.438976,50304,17243,0,-
14:59:28.247,snap,default,com.tencent.mobileqq,discharging,1,41.6,67.5,85,95,1,34.42,1.91,4.28,22,3.807,1.78,6.7764597,32582,10511,0,-
14:59:29.272,snap,default,com.tencent.mobileqq,discharging,1,41.6,67.5,85,95,1,39.78,1.74,3.68,30,3.778,2.532,9.565897,32582,10511,0,-
14:59:30.272,snap,default,com.tencent.mobileqq,discharging,1,41.6,67.5,85,95,1,39.78,1.74,3.68,29,3.762,2.816,10.593792,44655,12787,0,-
14:59:31.272,snap,default,com.tencent.mobileqq,discharging,1,41.6,70.5,85,95,1,44.53,1.61,3.92,48,3.79,2.246,8.512341,44655,12787,0,-
14:59:32.273,snap,default,com.tencent.mobileqq,discharging,1,41.6,73.5,85,95,1,44.53,1.61,3.92,58,3.833,1.608,6.163464,30937,15318,0,-
14:59:33.273,snap,default,com.tencent.mobileqq,discharging,1,41.6,73.8,85,95,1,39.18,1.31,3.21,29,3.858,1.05,4.0509,30937,15318,0,-
14:59:34.273,snap,default,com.tencent.mobileqq,discharging,1,41.6,70.8,85,95,1,39.18,1.31,3.21,29,3.85,1.074,4.1349,18899,12275,0,-
14:59:35.273,snap,default,com.tencent.mobileqq,discharging,1,41.6,67.8,85,95,1,34.8,1.07,2.63,28,3.868,0.954,3.690072,18899,12275,0,-
14:59:36.273,snap,default,com.tencent.mobileqq,discharging,1,41.6,65.5,85,95,1,34.8,1.07,2.63,19,3.87,0.778,3.01086,14403,8513,0,-
14:59:37.273,snap,default,com.tencent.mobileqq,discharging,1,41.7,65.5,85,95,1,31.03,0.88,2.15,22,3.856,1.162,4.480672,14403,8513,0,-
14:59:38.273,snap,default,com.tencent.mobileqq,discharging,1,41.7,65.5,85,95,1,31.03,0.88,2.15,19,3.846,1.232,4.7382717,19379,11539,0,-
14:59:39.276,snap,default,com.tencent.mobileqq,discharging,1,41.7,65.9,85,95,1,28.3,0.72,1.76,31,3.846,1.162,4.469052,19379,11539,0,-
14:59:40.276,snap,default,com.tencent.mobileqq,discharging,1,41.7,66.7,85,95,1,28.3,0.72,1.76,31,3.811,1.802,6.8674226,27279,17095,0,-
14:59:41.276,snap,default,com.tencent.mobileqq,discharging,1,41.7,69.7,85,95,1,27.52,0.59,1.44,61,3.814,1.7,6.4838,27279,17095,0,-
14:59:42.276,snap,default,com.tencent.mobileqq,discharging,1,41.7,70.6,85,95,1,27.52,0.59,1.44,61,3.87,1.092,4.22604,26986,17816,0,-
14:59:43.277,snap,default,com.tencent.mobileqq,discharging,1,41.7,69,85,95,1,26.52,0.48,1.18,23,3.866,1.048,4.051568,26986,17816,0,-
14:59:44.279,snap,default,com.tencent.mobileqq,discharging,1,41.7,68.6,85,95,1,26.52,0.48,1.18,20,3.856,0.922,3.5552318,21296,12707,0,-
14:59:45.279,snap,default,com.tencent.mobileqq,discharging,1,41.7,68.6,85,95,1,27.51,0.57,0.96,44,3.793,2.136,8.101848,21296,12707,0,-
14:59:46.280,snap,default,com.tencent.mobileqq,discharging,1,41.7,69.8,85,95,1,27.51,0.57,0.96,42,3.798,1.746,6.6313086,39223,19551,0,-
14:59:47.293,snap,default,com.tencent.mobileqq,discharging,1,41.7,69.8,85,95,1,31.95,0.65,0.97,42,3.777,2.542,9.601134,39223,19551,0,-
14:59:48.286,snap,default,com.tencent.mm,discharging,1,41.7,69.8,85,95,1,31.95,0.65,0.97,31,3.777,2.542,9.601134,34981,11892,0,-
14:59:49.286,snap,default,com.tencent.mm,discharging,1,41.7,69.8,85,95,1,31.95,0.65,0.97,31,3.777,2.576,9.729551,34981,11892,0,-
14:59:50.294,snap,default,com.tencent.mm,discharging,1,41.7,69.8,85,95,1,39.02,0.89,4.23,23,3.769,2.784,10.492896,34981,11892,0,-
14:59:51.294,snap,default,com.tencent.mm,discharging,1,41.7,69.8,85,95,1,39.02,0.89,4.23,32,3.767,2.686,10.118162,40561,12994,0,-
14:59:52.295,snap,default,com.tencent.mobileqq,discharging,1,41.8,69.8,85,95,1,46.99,1.09,7.27,23,3.785,2.306,8.72821,40561,12994,0,-
14:59:53.295,snap,default,com.tencent.mobileqq,discharging,1,41.8,72.8,85,95,1,46.99,1.09,7.27,29,3.816,1.772,6.761952,30037,10470,0,-
14:59:54.295,snap,default,com.tencent.mobileqq,discharging,1,41.8,75.8,85,95,1,48.08,1.08,7.4,13,3.817,1.756,6.702652,30037,10470,0,-
14:59:55.296,snap,default,com.tencent.mobileqq,discharging,1,41.8,73.4,85,95,1,48.08,1.08,7.4,32,3.843,1.436,5.518548,23981,9727,0,-
14:59:56.296,snap,default,com.tencent.mobileqq,discharging,1,41.8,73.4,85,95,1,49.51,1.06,6.79,11,3.833,1.392,5.335536,23981,9727,0,-
14:59:57.297,snap,default,com.tencent.mobileqq,discharging,1,41.8,73.4,85,95,1,48.15,1.05,7.37,31,3.813,1.744,6.649872,24326,11144,0,-
14:59:58.297,snap,default,com.tencent.mobileqq,discharging,1,41.8,70.4,85,95,1,48.15,1.05,7.37,31,3.86,0.848,3.27328,24326,11144,0,-
14:59:59.298,snap,default,com.tencent.mobileqq,discharging,1,41.8,67.4,85,95,1,41.6,0.86,6.03,17,3.853,0.984,3.791352,16589,9525,0,-
15:00:00.299,snap,default,com.tencent.mobileqq,discharging,1,41.8,66.7,85,95,1,41.6,0.86,6.03,29,3.865,0.942,3.6408298,16589,9525,0,-
15:00:01.300,snap,default,com.tencent.mobileqq,discharging,1,41.8,65.1,85,95,1,36.96,0.88,4.94,16,3.818,1.494,5.704092,22902,10838,0,-
15:00:02.300,snap,default,com.tencent.mobileqq,discharging,1,41.8,65.1,85,95,1,36.96,0.88,4.94,28,3.87,0.998,3.86226,22902,10838,0,-
15:00:03.300,snap,default,com.tencent.mobileqq,discharging,1,41.8,65.1,85,95,1,32.26,0.72,4.04,9,3.858,0.988,3.811704,16633,9905,0,-
15:00:04.300,snap,default,com.tencent.mobileqq,discharging,1,41.8,65.1,85,95,1,32.26,0.72,4.04,30,3.854,1.04,4.00816,16633,9905,0,-
15:00:05.300,snap,default,com.tencent.mobileqq,discharging,1,41.8,65.5,85,95,1,29.67,0.59,3.31,28,3.858,1.044,4.027752,20555,14195,0,-
15:00:06.300,snap,default,com.tencent.mobileqq,discharging,1,41.8,65.1,85,95,1,29.67,0.59,3.31,32,3.858,1.03,3.9737399,20555,14195,0,-
15:00:07.301,snap,default,com.tencent.mobileqq,discharging,1,41.8,63.9,85,95,1,27.38,0.48,2.71,29,3.864,0.922,3.562608,18383,13104,0,-
15:00:08.301,snap,default,com.tencent.mobileqq,discharging,1,41.8,62.7,85,95,1,27.38,0.48,2.71,30,3.861,0.888,3.4285681,18383,13104,0,-
15:00:09.301,snap,default,com.tencent.mobileqq,discharging,1,41.9,62.7,85,95,1,25.5,0.39,2.22,31,3.865,0.894,3.4553099,18937,13629,0,-
15:00:10.301,snap,default,com.tencent.mobileqq,discharging,1,41.9,63.5,85,95,1,25.5,0.39,2.22,31,3.858,0.962,3.711396,18937,13629,0,-
15:00:11.302,snap,default,com.tencent.mobileqq,discharging,1,41.9,64.3,85,95,1,24.32,0.32,2.18,26,3.845,1.27,4.88315,19814,11710,0,-
15:00:12.302,snap,default,com.tencent.mobileqq,discharging,1,41.9,64.3,85,95,1,24.32,0.32,2.18,28,3.849,1.06,4.07994,19814,11710,0,-
15:00:13.304,snap,default,com.tencent.mobileqq,discharging,1,41.9,64.3,85,95,1,22.45,0.26,1.78,28,3.844,1.106,4.251464,19259,13006,0,-
15:00:14.331,snap,default,com.tencent.mobileqq,discharging,1,41.9,67.3,85,95,1,22.45,0.26,1.78,49,3.83,1.798,6.8863397,19259,13006,0,-
15:00:15.331,snap,default,com.tencent.mobileqq,discharging,1,41.9,70.3,85,95,1,22.91,0.39,2.36,64,3.833,1.776,6.807408,24995,14189,0,-
15:00:16.331,snap,default,com.tencent.mobileqq,discharging,1,41.9,71.8,85,95,1,22.91,0.39,2.36,63,3.82,1.756,6.70792,24995,14189,0,-
15:00:17.333,snap,default,com.tencent.mobileqq,discharging,1,41.9,71.8,85,95,1,22.2,0.32,2.11,67,3.828,1.672,6.4004164,24995,14189,0,-
15:00:18.333,snap,default,com.tencent.mobileqq,discharging,1,41.9,71.8,85,95,1,22.2,0.32,2.11,70,3.77,2.274,8.57298,25962,16262,0,-
15:00:19.333,snap,default,com.tencent.mobileqq,discharging,1,41.9,71.8,85,95,1,27.6,0.44,3.36,81,3.742,3.416,12.782672,25962,16262,0,-
15:00:20.334,snap,default,com.tencent.mobileqq,discharging,1,41.9,71.8,85,95,1,27.6,0.44,3.36,80,3.749,3.146,11.7943535,33240,17602,0,-
15:00:21.349,snap,default,com.tencent.mobileqq,discharging,1,41.9,71.8,85,95,1,35.28,0.36,6.37,77,3.749,3.146,11.7943535,33240,17602,0,-
15:00:22.350,snap,default,com.tencent.mobileqq,discharging,1,41.9,71.8,85,95,1,35.28,0.36,6.37,77,3.752,3.036,11.391072,32654,16327,0,-
15:00:23.350,snap,default,com.tencent.mobileqq,discharging,1,41.9,71.8,85,95,1,35.28,0.36,6.37,66,3.774,2.654,10.016196,32654,16327,0,-
15:00:24.350,snap,default,com.tencent.mobileqq,discharging,1,41.9,72.2,85,95,1,40.66,0.48,8.66,48,3.788,2.226,8.432089,26723,14616,0,-
15:00:25.350,snap,default,com.tencent.mobileqq,discharging,1,41.9,73.8,85,95,1,40.66,0.48,8.66,55,3.839,1.412,5.4206676,26723,14616,0,-
15:00:26.351,snap,default,com.tencent.mobileqq,discharging,1,41.9,73.8,85,95,1,36.56,0.39,7.27,56,3.828,1.326,5.075928,23339,14221,0,-
15:00:27.351,snap,default,com.tencent.mobileqq,discharging,1,41.9,72.2,85,95,1,36.56,0.39,7.27,57,3.837,1.268,4.865316,23339,14221,0,-
15:00:28.351,snap,default,com.tencent.mobileqq,discharging,1,41.9,70.6,85,95,1,33.19,0.32,5.95,42,3.859,1.164,4.491876,22107,12459,0,-
15:00:29.351,snap,default,com.tencent.mobileqq,discharging,1,41.9,70.6,85,95,1,33.19,0.32,5.95,18,3.845,1.282,4.92929,22107,12459,0,-
15:00:30.354,snap,default,com.tencent.mobileqq,discharging,1,42,70.6,85,95,1,30.08,0.26,5.24,31,3.843,1.194,4.588542,19021,11812,0,-
15:00:31.355,snap,default,com.tencent.mobileqq,discharging,1,42,68.2,85,95,1,27.89,0.21,4.47,22,3.846,0.928,3.5690877,19021,11812,0,-
15:00:32.373,snap,default,com.tencent.mobileqq,discharging,1,42,68.2,85,95,1,27.89,0.21,4.47,19,3.848,1.184,4.556032,16318,9811,0,-
15:00:33.381,snap,default,com.tencent.mobileqq,discharging,1,42,68.2,85,95,1,28.45,0.35,4.2,33,3.808,1.632,6.214656,16318,9811,0,-
15:00:34.447,snap,default,com.tencent.mobileqq,discharging,1,42,68.2,85,95,1,28.45,0.35,4.2,36,3.772,2.478,9.347016,16318,9811,0,-
15:00:35.447,snap,default,com.tencent.mobileqq,discharging,1,42,68.2,85,95,1,39.06,1.01,6.34,28,3.751,2.962,11.110461,44006,16379,0,-
15:00:36.449,snap,default,com.tencent.mobileqq,discharging,1,42,68.2,85,95,1,39.06,1.01,6.34,39,3.765,2.74,10.3161,41563,11181,0,-
15:00:37.449,snap,default,com.tencent.mobileqq,discharging,1,42,68.2,85,95,1,47.02,1.37,6.64,18,3.775,2.554,9.64135,41563,11181,0,-
15:00:38.449,snap,default,com.tencent.mobileqq,discharging,1,42,71.2,85,95,1,47.02,1.37,6.64,18,3.813,1.862,7.099806,26798,9126,0,-
15:00:39.454,snap,default,com.tencent.mobileqq,discharging,1,42,74.2,85,95,1,47.74,1.12,5.8,20,3.842,1.318,5.063756,26798,9126,0,-
15:00:40.454,snap,default,com.tencent.mobileqq,discharging,1,42,74.6,85,95,1,47.74,1.12,5.8,10,3.836,1.24,4.75664,16232,6083,0,-
15:00:41.454,snap,default,com.tencent.mobileqq,discharging,1,42,73.4,85,95,1,44.89,1.1,4.93,9,3.836,1.252,4.802672,16232,6083,0,-
15:00:42.455,snap,default,com.tencent.mobileqq,discharging,1,42,71.4,85,95,1,44.89,1.1,4.93,9,3.845,1.136,4.3679204,16395,6194,0,-
15:00:43.455,snap,default,com.tencent.mobileqq,discharging,1,42,69.8,85,95,1,42.91,0.9,4.03,9,3.85,1.106,4.2580996,16395,6194,0,-
15:00:44.455,snap,default,com.tencent.mobileqq,discharging,1,42,69.4,85,95,1,42.91,0.9,4.03,9,3.847,1.054,4.054738,13317,5349,0,-
15:00:45.458,snap,default,com.tencent.mobileqq,discharging,1,42,67.1,85,95,1,37.85,0.74,3.3,9,3.869,0.834,3.2267458,13317,5349,0,-
15:00:46.458,snap,default,com.tencent.mobileqq,discharging,1,42,66.7,85,95,1,37.85,0.74,3.3,10,3.862,1.012,3.9083438,13317,5349,0,-
15:00:47.458,snap,default,com.tencent.mobileqq,discharging,1,42,65.9,85,95,1,34.98,0.6,3.06,9,3.861,0.91,3.5135102,16375,6871,0,-
15:00:48.458,snap,default,com.tencent.mobileqq,discharging,1,42,63.9,85,95,1,34.98,0.6,3.06,9,3.853,0.882,3.398346,16375,6871,0,-
15:00:49.459,snap,default,com.tencent.mobileqq,discharging,1,42,63.1,85,95,1,31,0.49,2.51,9,3.869,0.892,3.451148,14743,6433,0,-
15:00:50.459,snap,default,com.tencent.mobileqq,discharging,1,42,63.1,85,95,1,31,0.49,2.51,9,3.862,0.838,3.236356,14743,6433,0,-
15:00:51.459,snap,default,com.tencent.mobileqq,discharging,1,42.1,62.3,85,95,1,26.65,0.4,2.05,10,3.868,0.74,2.86232,11359,4828,0,-
15:00:52.459,snap,default,com.tencent.mobileqq,discharging,1,42.1,61.9,85,95,1,26.65,0.4,2.05,9,3.87,0.786,3.04182,11359,4828,0,-
15:00:53.459,snap,default,com.tencent.mobileqq,discharging,1,42.1,61.5,85,95,1,23.09,0.33,1.68,10,3.872,0.794,3.074368,11755,5074,0,-
15:00:54.460,snap,default,com.tencent.mobileqq,discharging,1,42.1,61.9,85,95,1,23.09,0.33,1.68,13,3.847,1.124,4.3240275,11755,5074,0,-
15:00:55.460,snap,default,com.tencent.mobileqq,discharging,1,42.1,63.1,85,95,1,21.26,0.27,1.37,21,3.847,1.124,4.3240275,19425,9872,0,-
15:00:56.460,snap,default,com.tencent.mobileqq,discharging,1,42.1,63.9,85,95,1,21.26,0.27,1.37,21,3.844,1.294,4.9741364,19425,9872,0,-
15:00:57.461,snap,default,com.tencent.mobileqq,discharging,1,42.1,65.1,85,95,1,21.26,0.27,1.37,28,3.855,1.148,4.42554,20870,12431,0,-
15:00:58.461,snap,default,com.tencent.mobileqq,discharging,1,42.1,63.9,85,95,1,20.31,0.22,1.12,26,3.856,1.054,4.0642242,20870,12431,0,-
15:00:59.461,snap,default,com.tencent.mobileqq,discharging,1,42.1,63.5,85,95,1,20.31,0.22,1.12,23,3.864,0.982,3.7944481,18381,12150,0,-
15:01:00.486,snap,default,com.tencent.mobileqq,discharging,1,42.1,63.5,85,95,1,19.16,0.18,0.92,21,3.846,1.126,4.330596,18381,12150,0,-
15:01:01.473,snap,default,com.tencent.mobileqq,discharging,1,42.1,63.5,85,95,1,19.16,0.18,0.92,34,3.818,1.686,6.437148,34840,18106,0,-
15:01:02.477,snap,default,com.tencent.mobileqq,discharging,1,42.1,63.5,85,95,1,20.58,0.33,0.75,39,3.784,2.312,8.748608,34840,18106,0,-
15:01:03.478,snap,default,com.coloros.calendar,discharging,1,42.1,63.5,85,95,1,28.99,0.81,0.98,39,3.785,2.454,9.28839,38703,12160,0,-
15:01:04.478,snap,default,com.coloros.calendar,discharging,1,42.1,63.5,85,95,1,28.99,0.81,0.98,13,3.764,2.618,9.854152,38703,12160,0,-
15:01:05.479,snap,default,com.coloros.calendar,discharging,1,42.1,63.5,85,95,1,32.07,0.84,0.98,50,3.81,2.148,8.18388,29671,14679,0,-
15:01:06.479,snap,default,com.coloros.calendar,discharging,1,42,63.5,85,95,1,32.07,0.84,0.98,48,3.796,1.904,7.2275844,29671,14679,0,-
15:01:07.480,snap,default,com.coloros.calendar,discharging,1,42,63.5,85,95,1,39.3,0.87,0.98,20,3.78,2.304,8.70912,41941,15860,0,-
15:01:08.480,snap,default,com.coloros.calendar,discharging,1,42,63.5,85,95,1,39.3,0.87,0.98,32,3.788,2.264,8.576032,41941,15860,0,-
15:01:09.486,snap,default,com.coloros.calendar,discharging,1,42,63.5,85,95,1,46.31,0.89,1.35,15,3.797,2.044,7.7610674,36889,13774,0,-
15:01:10.486,snap,default,com.tencent.mobileqq,discharging,1,42,63.5,85,95,1,46.31,0.89,1.35,15,3.799,2.05,7.78795,36889,13774,0,-
15:01:11.487,snap,default,com.tencent.mobileqq,discharging,1,42,63.5,85,95,1,52.41,0.91,4.18,19,3.767,2.434,9.168878,31940,9637,0,-
15:01:12.487,snap,default,com.tencent.mobileqq,discharging,1,42.1,66.5,85,95,1,52.41,0.91,4.18,4,3.832,1.488,5.7020164,31940,9637,0,-
15:01:13.487,snap,default,com.tencent.mobileqq,discharging,1,42.1,69.5,85,95,1,53.61,0.75,3.79,9,3.841,1.306,5.016346,17444,6655,0,-
15:01:14.487,snap,default,com.tencent.mobileqq,discharging,1,42.1,72.5,85,95,1,53.61,0.75,3.79,3,3.845,1.12,4.3064,17444,6655,0,-
15:01:15.488,snap,default,com.tencent.mobileqq,discharging,1,42.1,71.8,85,95,1,53.86,0.61,4.37,5,3.81,1.364,5.19684,18785,6474,0,-
15:01:16.488,snap,default,com.tencent.mobileqq,discharging,1,42.1,69.8,85,95,1,53.86,0.61,4.37,3,3.841,1.086,4.171326,18785,6474,0,-
15:01:17.488,snap,default,com.tencent.mobileqq,discharging,1,42.1,69,85,95,1,51.35,0.5,4.12,6,3.83,1.298,4.9713397,18785,6474,0,-
15:01:18.488,snap,default,com.tencent.mobileqq,discharging,1,42.1,69,85,95,1,51.35,0.5,4.12,9,3.821,1.268,4.845028,18214,8380,0,-
15:01:19.493,snap,default,com.tencent.mobileqq,discharging,1,42.1,69,85,95,1,49.29,0.41,3.37,26,3.764,2.458,9.251912,18214,8380,0,-
15:01:20.872,snap,default,com.tencent.mobileqq,discharging,1,42.1,69,85,95,1,49.29,0.41,3.37,33,3.755,2.882,10.82191,41086,17103,0,-
15:01:21.872,snap,default,com.tencent.mobileqq,discharging,1,42.1,72,85,95,1,54.85,0.51,2.76,32,3.766,2.554,9.618363,39950,15067,0,-
15:01:22.872,snap,default,com.taobao.idlefish,discharging,1,42.1,75,85,95,1,54.85,0.51,2.76,32,3.836,1.322,5.0711923,39950,15067,0,-
15:01:23.874,snap,default,com.taobao.idlefish,discharging,1,42.1,72,85,95,1,55.78,0.6,2.44,8,3.846,1.08,4.1536803,23064,9445,0,-
15:01:24.887,snap,default,com.taobao.idlefish,discharging,1,42.1,71,85,95,1,55.78,0.6,2.44,6,3.86,1.012,3.9063199,23064,9445,0,-
15:01:25.886,snap,default,com.taobao.idlefish,discharging,1,42.1,71,85,95,1,50.39,0.49,2,18,3.81,1.642,6.2560196,34260,14609,0,-
15:01:26.887,snap,default,com.tencent.mobileqq,discharging,1,42.1,74,85,95,1,50.39,0.49,2,20,3.809,2.284,8.699756,34260,14609,0,-
15:01:27.887,snap,default,com.tencent.mobileqq,discharging,1,42.1,74.9,85,95,1,50.32,0.4,2,37,3.836,1.308,5.017488,34260,14609,0,-
15:01:28.887,snap,default,com.tencent.mobileqq,discharging,1,42.1,74.9,85,95,1,50.32,0.4,2,48,3.824,1.658,6.340192,25590,14168,0,-
15:01:29.887,snap,default,com.tencent.mobileqq,discharging,1,42.1,74.2,85,95,1,45.37,0.51,1.81,59,3.833,1.38,5.28954,25590,14168,0,-
15:01:30.887,snap,default,com.tencent.mobileqq,discharging,1,42.1,72.2,85,95,1,45.37,0.51,1.81,58,3.817,1.704,6.504168,25547,16620,0,-
15:01:31.983,snap,default,com.tencent.mobileqq,discharging,1,42.1,74.2,85,95,1,40.77,0.42,1.48,53,3.85,1.242,4.7816997,25547,16620,0,-
15:01:32.891,snap,default,com.tencent.mobileqq,discharging,1,42.1,74.2,85,95,1,41.72,0.34,2.3,66,3.754,2.77,10.39858,26525,16476,0,-
15:01:33.895,snap,default,com.tencent.mobileqq,discharging,1,42.2,74.2,85,95,1,41.72,0.34,2.3,78,3.743,3.252,12.172236,26525,16476,0,-
15:01:34.903,snap,default,com.tencent.mobileqq,discharging,1,42.2,74.2,85,95,1,46.84,0.28,3.88,77,3.747,3.094,11.593218,32813,18635,0,-
15:01:35.903,snap,default,com.tencent.mobileqq,discharging,1,42.2,74.2,85,95,1,46.84,0.28,3.88,75,3.749,2.962,11.104538,32813,18635,0,-
15:01:36.907,snap,default,com.tencent.mobileqq,discharging,1,42.2,74.2,85,95,1,51.04,0.23,4.44,73,3.752,2.922,10.963344,32319,19038,0,-
15:01:37.903,snap,default,com.tencent.mobileqq,discharging,1,42.2,74.2,85,95,1,51.04,0.23,4.44,69,3.752,2.922,10.963344,32319,19038,0,-
15:01:38.903,snap,default,com.tencent.mobileqq,discharging,1,42.2,74.2,85,95,1,51.04,0.23,4.44,69,3.791,2.38,9.02258,28478,13555,0,-
15:01:39.904,snap,default,com.tencent.mobileqq,discharging,1,42.2,75.7,85,95,1,49.22,0.18,3.64,49,3.781,2.072,7.834232,28478,13555,0,-
15:01:40.904,snap,default,com.tencent.mobileqq,discharging,1,42.2,76.9,85,95,1,49.22,0.18,3.64,64,3.814,1.608,6.132912,24569,13671,0,-
15:01:41.904,snap,default,com.tencent.mobileqq,discharging,1,42.2,76.9,85,95,1,42.65,0.15,2.98,61,3.823,1.388,5.306324,24569,13671,0,-
15:01:42.913,snap,default,com.tencent.mobileqq,discharging,1,42.2,76.1,85,95,1,42.65,0.15,2.98,61,3.821,1.374,5.250054,20741,12985,0,-
15:01:43.905,snap,default,com.tencent.mobileqq,discharging,1,42.2,76.1,85,95,1,37.82,0.12,2.44,52,3.836,1.188,4.557168,20741,12985,0,-
15:01:44.915,snap,default,com.tencent.mobileqq,discharging,1,42.2,76.1,85,95,1,37.82,0.12,2.44,59,3.751,2.878,10.795378,31794,19312,0,-
15:01:45.913,snap,default,com.tencent.mobileqq,discharging,1,42.2,76.1,85,95,1,41.3,0.1,2.17,78,3.754,3.046,11.434684,31794,19312,0,-
15:01:46.913,snap,default,com.tencent.mobileqq,discharging,1,42.2,76.1,85,95,1,41.3,0.1,2.17,73,3.745,2.98,11.1601,30956,17926,0,-
15:01:47.916,snap,default,com.tencent.mobileqq,discharging,1,42.2,76.1,85,95,1,46.32,0.08,1.96,77,3.746,2.932,10.983272,30956,17926,0,-
15:01:48.942,snap,default,com.tencent.mobileqq,discharging,1,42.2,76.1,85,95,1,46.32,0.08,1.96,77,3.749,2.92,10.947081,30660,17879,0,-
15:01:49.942,snap,default,com.tencent.mobileqq,discharging,1,42.2,76.1,85,95,1,49.88,0.06,1.6,79,3.751,2.864,10.742864,30660,17879,0,-
15:01:50.942,snap,default,com.tencent.mobileqq,discharging,1,42.2,79.1,85,95,1,49.88,0.06,1.6,62,3.785,2.15,8.137751,27229,15266,0,-
15:01:51.942,snap,default,com.tencent.mobileqq,discharging,1,42.2,82.1,85,95,1,47.91,0.05,1.31,69,3.814,1.772,6.7584076,27229,15266,0,-
15:01:52.943,snap,default,com.tencent.mobileqq,discharging,1,42.2,85.1,85,95,1,47.91,0.05,1.31,78,3.74,3.012,11.26488,33329,18750,0,-
15:01:53.944,snap,default,com.tencent.mobileqq,discharging,1,42.2,88.1,85,95,1,49.56,0.04,1.62,77,3.749,2.936,11.007065,33329,18750,0,-
15:01:54.959,snap,default,com.tencent.mobileqq,discharging,1,42.2,91.1,85,95,1,49.56,0.04,1.62,78,3.748,2.93,10.98164,33329,18750,0,-
15:01:55.959,snap,default,com.tencent.mobileqq,discharging,1,42.3,91.1,85,95,1,54.16,0.03,1.69,59,3.776,2.468,9.319168,32523,16941,0,-
15:01:56.960,snap,default,com.tencent.mobileqq,discharging,1,42.3,88.1,85,95,1,54.16,0.03,1.69,60,3.815,1.664,6.3481603,32523,16941,0,-
15:01:57.960,snap,default,com.tencent.mobileqq,discharging,1,42.3,85.1,85,95,1,49.24,0.03,1.56,62,3.823,1.55,5.9256496,25148,13907,0,-
15:01:58.960,snap,default,com.tencent.mobileqq,discharging,1,42.3,83.6,85,95,1,49.24,0.03,1.56,60,3.815,1.654,6.3100104,25148,13907,0,-
15:01:59.960,snap,default,com.tencent.mobileqq,discharging,1,42.3,86.6,85,95,1,44.12,0.02,1.28,78,3.736,3.102,11.589072,27174,17405,0,-
15:02:00.962,snap,default,com.tencent.mobileqq,discharging,1,42.3,89.6,85,95,1,46.82,0.01,1.04,79,3.744,3.042,11.389248,27174,17405,0,-
15:02:01.967,snap,default,com.tencent.mobileqq,discharging,1,42.3,92.3,85,95,1,46.82,0.01,1.04,77,3.752,2.862,10.738224,31808,18251,0,-
15:02:02.971,snap,default,com.tencent.mobileqq,discharging,1,42.3,91.1,85,95,1,51.2,0.01,0.85,78,3.748,2.852,10.689296,31808,18251,0,-
15:02:04.021,snap,default,com.tencent.mobileqq,discharging,1,42.3,91.1,85,95,1,51.2,0.01,0.85,70,3.748,2.734,10.247031,30666,16892,0,-
15:02:05.076,snap,default,com.tencent.mobileqq,discharging,1,42.3,91.9,85,95,1,54.24,0.01,0.7,62,3.787,2.146,8.126902,30666,16892,0,-
15:02:06.221,snap,default,com.tencent.mobileqq,discharging,1,42.3,91.9,85,95,1,54.24,0.01,0.7,62,3.787,2.146,8.126902,32726,17183,0,-
15:02:07.841,snap,default,com.tencent.mobileqq,discharging,1,42.3,91.9,85,95,1,57.46,0.01,0.75,78,3.764,2.624,9.876736,32726,17183,0,-
15:02:08.840,snap,default,com.tencent.mobileqq,discharging,1,42.3,92.3,85,95,1,57.46,0.01,0.75,64,3.761,2.602,9.786121,29835,14915,0,-
15:02:09.856,snap,default,com.tencent.mobileqq,discharging,1,42.3,92.3,85,95,1,60.82,0,0.8,52,3.763,2.142,8.060346,29789,14647,0,-
15:02:10.856,snap,default,com.tencent.mobileqq,discharging,1,42.4,91.5,85,95,1,60.82,0,0.8,61,3.801,1.848,7.0242486,29789,14647,0,-
15:02:11.856,snap,default,com.tencent.mobileqq,discharging,1,42.4,88.5,85,95,1,53.78,0,0.65,61,3.811,1.57,5.98327,25051,15651,0,-
15:02:12.857,snap,default,com.tencent.mobileqq,discharging,1,42.4,85.5,85,95,1,53.78,0,0.65,60,3.818,1.372,5.238296,25051,15651,0,-
15:02:13.857,snap,default,com.tencent.mobileqq,discharging,1,42.4,82.5,85,95,1,46.76,0,0.53,61,3.828,1.286,4.922808,21412,13987,0,-
15:02:14.857,snap,default,com.tencent.mobileqq,discharging,1,42.4,79.5,85,95,1,46.76,0,0.53,62,3.823,1.344,5.138112,21412,13987,0,-
15:02:15.858,snap,default,com.tencent.mobileqq,discharging,1,42.4,76.5,85,95,1,40.82,0,0.43,35,3.836,1.034,3.9664242,17172,10399,0,-
15:02:16.858,snap,default,com.tencent.mobileqq,discharging,1,42.4,73.5,85,95,1,40.82,0,0.43,33,3.836,0.966,3.705576,17172,10399,0,-
15:02:17.858,snap,default,com.tencent.mobileqq,discharging,1,42.4,70.5,85,95,1,35.96,0,0.35,33,3.834,1.004,3.849336,17172,10399,0,-
15:02:18.868,snap,default,com.tencent.mobileqq,discharging,1,42.4,70.5,85,95,1,35.96,0,0.35,38,3.787,1.962,7.430094,18341,10514,0,-
15:02:19.869,snap,default,com.tencent.mobileqq,discharging,1,42.4,70.5,85,95,1,35.97,0.36,1.2,31,3.76,2.774,10.43024,18341,10514,0,-
15:02:20.870,snap,default,com.tencent.mobileqq,discharging,1,42.4,69.8,85,95,1,35.97,0.36,1.2,15,3.804,1.954,7.433016,43527,20369,0,-
15:02:21.870,snap,default,com.tencent.mobileqq,discharging,1,42.5,72.8,85,95,1,35.79,0.66,2.97,17,3.812,1.532,5.839984,43527,20369,0,-
15:02:22.870,snap,default,com.tencent.mobileqq,discharging,1,42.5,74.6,85,95,1,32.2,0.54,2.43,16,3.812,1.532,5.839984,26831,16299,0,-
15:02:23.870,snap,default,com.tencent.mobileqq,discharging,1,42.5,74.2,85,95,1,32.2,0.54,2.43,16,3.824,1.48,5.6595197,26831,16299,0,-
15:02:24.870,snap,default,com.tencent.mobileqq,discharging,1,42.5,72.2,85,95,1,32.2,0.54,2.43,16,3.82,1.442,5.50844,23876,14016,0,-
15:02:25.872,snap,default,com.tencent.mobileqq,discharging,1,42.5,72.2,85,95,1,29.27,0.44,1.99,16,3.827,1.404,5.373108,23876,14016,0,-
15:02:26.871,snap,default,com.tencent.mobileqq,discharging,1,42.5,72.2,85,95,1,29.27,0.44,1.99,16,3.814,1.594,6.079516,27478,15381,0,-
15:02:27.871,snap,default,com.tencent.mobileqq,discharging,1,42.5,75.2,85,95,1,28.13,0.36,1.99,15,3.826,1.59,6.08334,27478,15381,0,-
15:02:28.872,snap,default,com.tencent.mobileqq,discharging,1,42.5,72.2,85,95,1,28.13,0.36,1.99,20,3.811,1.844,7.027484,33966,16256,0,-
15:02:29.871,snap,default,com.tencent.mobileqq,discharging,1,42.5,71,85,95,1,27.2,1.2,2.35,20,3.837,1.352,5.187624,33966,16256,0,-
15:02:30.885,snap,default,com.tencent.mobileqq,discharging,1,42.5,68.2,85,95,1,27.2,1.2,2.35,35,3.863,0.646,2.495498,15682,6023,0,-
15:02:31.885,snap,default,com.tencent.mobileqq,discharging,1,42.5,68.2,85,95,1,23.9,0.98,1.93,0,3.86,0.788,3.0416799,15682,6023,0,-
15:02:32.886,snap,default,com.tencent.mobileqq,discharging,1,42.6,71.2,85,95,1,23.9,0.98,1.93,31,3.819,1.626,6.2096944,20526,9968,0,-
15:02:33.888,snap,default,com.tencent.mobileqq,discharging,1,42.6,74.2,85,95,1,23.92,0.8,2.12,37,3.832,1.508,5.778656,20526,9968,0,-
15:02:34.889,snap,default,com.tencent.mobileqq,discharging,1,42.6,74.2,85,95,1,23.92,0.8,2.12,39,3.823,1.406,5.375138,21647,12890,0,-
15:02:35.889,snap,default,com.tencent.mobileqq,discharging,1,42.6,71.2,85,95,1,22.85,0.65,1.74,33,3.84,1.368,5.25312,21647,12890,0,-
15:02:36.889,snap,default,com.tencent.mobileqq,discharging,1,42.6,70.6,85,95,1,22.85,0.65,1.74,36,3.826,1.25,4.7825,26089,15072,0,-
15:02:37.889,snap,default,com.tencent.mobileqq,discharging,1,42.6,70.2,85,95,1,22.15,0.54,1.42,37,3.835,1.188,4.5559797,26089,15072,0,-
15:02:38.889,snap,default,com.tencent.mobileqq,discharging,1,42.6,69.8,85,95,1,22.15,0.54,1.42,37,3.839,1.068,4.100052,18131,10624,0,-
15:02:39.889,snap,default,com.tencent.mobileqq,discharging,1,42.6,67.8,85,95,1,20.13,0.44,1.16,35,3.841,1.034,3.9715943,18131,10624,0,-
15:02:40.890,snap,default,com.tencent.mobileqq,discharging,1,42.6,67.8,85,95,1,20.13,0.44,1.16,35,3.839,1.072,4.115408,19071,10120,0,-
15:02:41.890,snap,default,com.tencent.mobileqq,discharging,1,42.6,67.8,85,95,1,18.47,0.36,0.95,36,3.848,0.992,3.817216,19071,10120,0,-
15:02:42.890,snap,default,com.tencent.mobileqq,discharging,1,42.6,65.1,85,95,1,18.47,0.36,0.95,22,3.852,0.8,3.0816,13959,7599,0,-
15:02:43.890,snap,default,com.tencent.mobileqq,discharging,1,42.6,63.9,85,95,1,17.66,0.29,0.78,20,3.854,0.772,2.9752882,13959,7599,0,-
15:02:44.890,snap,default,com.tencent.mobileqq,discharging,1,42.6,62.3,85,95,1,17.66,0.29,0.78,20,3.859,0.748,2.886532,13959,7599,0,-
15:02:45.897,snap,default,com.tencent.mobileqq,discharging,1,42.6,62.3,85,95,1,16.82,0.24,0.63,19,3.84,0.874,3.35616,11081,6468,0,-
15:02:46.897,snap,default,com.tencent.mobileqq,discharging,1,42.6,65.3,85,95,1,16.82,0.24,0.63,20,3.825,1.256,4.8042,11081,6468,0,-
15:02:47.897,snap,default,com.tencent.mobileqq,discharging,1,42.6,66.7,85,95,1,18.84,0.19,0.88,19,3.845,1.028,3.95266,17766,6960,0,-
15:02:48.897,snap,default,com.tencent.mobileqq,discharging,1,42.6,65.9,85,95,1,18.84,0.19,0.88,37,3.842,1.132,4.349144,17766,6960,0,-
15:02:49.897,snap,default,com.tencent.mobileqq,discharging,1,42.6,65.9,85,95,1,17.78,0.16,0.72,36,3.836,1.096,4.2042556,18111,10465,0,-
15:02:50.898,snap,default,com.tencent.mobileqq,discharging,1,42.6,65.9,85,95,1,17.78,0.16,0.72,35,3.846,1.034,3.9767642,18111,10465,0,-
15:02:51.898,snap,default,com.tencent.mobileqq,discharging,1,42.6,65.9,85,95,1,17.1,0.13,0.59,36,3.849,1,3.849,17268,11008,0,-
15:02:52.898,snap,default,com.tencent.mobileqq,discharging,1,42.6,65.5,85,95,1,17.1,0.13,0.59,26,3.855,0.812,3.13026,17268,11008,0,-
15:02:53.898,snap,default,com.tencent.mobileqq,discharging,1,42.7,63.5,85,95,1,15.63,0.1,0.48,30,3.849,0.87,3.34863,14539,6795,0,-
15:02:54.898,snap,default,com.tencent.mobileqq,discharging,1,42.7,63.5,85,95,1,15.63,0.1,0.48,36,3.851,0.974,3.750874,14539,6795,0,-
15:02:55.899,snap,default,com.tencent.mobileqq,discharging,1,42.7,63.9,85,95,1,14.43,0.08,0.39,36,3.851,0.974,3.750874,16123,8934,0,-
15:02:56.898,snap,default,com.tencent.mobileqq,discharging,1,42.7,63.9,85,95,1,14.43,0.08,0.39,36,3.85,0.954,3.6729,16123,8934,0,-
15:02:57.899,snap,default,com.tencent.mobileqq,discharging,1,42.7,63.9,85,95,1,14.53,0.07,0.32,36,3.854,0.942,3.630468,15828,10510,0,-
15:02:58.899,snap,default,com.tencent.mobileqq,discharging,1,42.7,63.5,85,95,1,14.53,0.07,0.32,35,3.848,0.982,3.778736,15828,10510,0,-
15:02:59.899,snap,default,com.tencent.mobileqq,discharging,1,42.7,63.1,85,95,1,13.53,0.05,0.26,36,3.846,0.996,3.830616,14839,8132,0,-
15:03:00.900,snap,default,com.tencent.mobileqq,discharging,1,42.7,62.7,85,95,1,13.53,0.05,0.26,27,3.858,0.806,3.109548,14839,8132,0,-
15:03:01.900,snap,default,com.tencent.mobileqq,discharging,1,42.7,61.1,85,95,1,12.71,0.04,0.21,20,3.863,0.734,2.835442,12100,5143,0,-
15:03:02.900,snap,default,com.tencent.mobileqq,discharging,1,42.7,61.1,85,95,1,12.71,0.04,0.21,20,3.859,0.802,3.094918,12100,5143,0,-
15:03:03.900,snap,default,com.tencent.mobileqq,discharging,1,42.7,61.1,85,95,1,12.21,0.03,0.17,20,3.863,0.744,2.874072,9434,4786,0,-
15:03:04.900,snap,default,com.tencent.mobileqq,discharging,1,42.7,59.9,85,95,1,12.21,0.03,0.17,19,3.867,0.676,2.614092,9434,4786,0,-
15:03:05.901,snap,default,com.tencent.mobileqq,discharging,1,42.7,59.6,85,95,1,11.81,0.03,0.14,20,3.864,0.686,2.650704,10010,5111,0,-
15:03:06.901,snap,default,com.tencent.mobileqq,discharging,1,42.7,59.9,85,95,1,11.81,0.03,0.14,20,3.864,0.726,2.805264,10010,5111,0,-
15:03:07.903,snap,default,com.tencent.mobileqq,discharging,1,42.7,61.1,85,95,1,12.03,0.02,0.11,24,3.849,0.908,3.494892,16326,10642,0,-
15:03:08.902,snap,default,com.tencent.mobileqq,discharging,1,42.7,63.5,85,95,1,12.03,0.02,0.11,40,3.821,1.2,4.5852003,16326,10642,0,-
15:03:09.903,snap,default,com.tencent.mobileqq,discharging,1,42.7,65.5,85,95,1,12.56,0.02,0.09,38,3.83,1.106,4.2359796,21682,11650,0,-
15:03:10.902,snap,default,com.tencent.mobileqq,discharging,1,42.7,65.1,85,95,1,12.56,0.02,0.09,37,3.82,1.358,5.18756,21682,11650,0,-
15:03:11.903,snap,default,com.tencent.mobileqq,discharging,1,42.7,65.5,85,95,1,13.37,0.01,0.07,35,3.845,1.052,4.04494,21682,11650,0,-
15:03:12.903,snap,default,com.tencent.mobileqq,discharging,1,42.7,65.5,85,95,1,13.37,0.01,0.07,38,3.842,1.192,4.579664,18360,11413,0,-
15:03:13.903,snap,default,com.tencent.mobileqq,discharging,1,42.7,65.5,85,95,1,13.48,0.01,0.06,38,3.842,1.114,4.279988,18360,11413,0,-
15:03:14.903,snap,default,com.tencent.mobileqq,discharging,1,42.8,64.7,85,95,1,13.48,0.01,0.06,28,3.847,0.946,3.6392617,15996,9656,0,-
15:03:15.903,snap,default,com.tencent.mobileqq,discharging,1,42.8,64.7,85,95,1,13.39,0.01,0.05,19,3.852,0.876,3.374352,15996,9656,0,-
15:03:16.907,snap,default,com.tencent.mobileqq,discharging,1,42.8,64.7,85,95,1,13.39,0.01,0.05,29,3.808,1.834,6.983872,18745,11241,0,-
15:03:17.909,snap,default,com.tencent.mobileqq,discharging,1,42.8,64.7,85,95,1,18.57,0,0.04,70,3.733,3.258,12.162114,18745,11241,0,-
15:03:18.911,snap,default,com.tencent.mobileqq,discharging,1,42.8,64.7,85,95,1,18.57,0,0.04,78,3.742,3.238,12.116596,33347,19755,0,-
15:03:19.922,snap,default,com.tencent.mobileqq,discharging,1,42.8,64.7,85,95,1,25.17,0,0.03,79,3.745,3.184,11.92408,33347,19755,0,-
15:03:20.922,snap,default,com.tencent.mobileqq,discharging,1,42.8,64.7,85,95,1,25.17,0,0.03,80,3.734,3.268,12.202711,33324,19595,0,-
15:03:21.923,snap,default,com.tencent.mobileqq,discharging,1,42.8,64.7,85,95,1,33.11,0,0.02,80,3.751,3.004,11.268003,33324,19595,0,-
15:03:22.923,snap,default,com.tencent.mobileqq,discharging,1,42.8,64.7,85,95,1,33.11,0,0.02,79,3.742,2.968,11.1062565,33123,18304,0,-
15:03:23.932,snap,default,com.tencent.mobileqq,discharging,1,42.8,64.7,85,95,1,39.43,0,0.02,74,3.742,2.924,10.941608,33123,18304,0,-
15:03:24.953,snap,default,com.tencent.mobileqq,discharging,1,42.8,64.7,85,95,1,39.43,0,0.02,78,3.743,3.012,11.273916,30188,17190,0,-
15:03:25.947,snap,default,com.tencent.mobileqq,discharging,1,42.8,64.7,85,95,1,39.43,0,0.02,78,3.743,3.012,11.273916,30188,17190,0,-
15:03:26.953,snap,default,com.tencent.mobileqq,discharging,1,42.8,64.7,85,95,1,45.33,0,0.01,78,3.742,3.008,11.255936,34271,16871,0,-
15:03:27.963,snap,default,com.tencent.mobileqq,discharging,1,42.8,64.7,85,95,1,51.61,0,0.01,74,3.744,2.898,10.850112,34271,16871,0,-
15:03:28.959,snap,default,com.tencent.mobileqq,discharging,1,42.8,64.7,85,95,1,51.61,0,0.01,77,3.749,2.948,11.0520525,35281,17488,0,-
15:03:29.953,snap,default,com.tencent.mobileqq,discharging,1,42.8,64.7,85,95,1,56.75,0,0.37,75,3.755,2.682,10.07091,35281,17488,0,-
15:03:30.953,snap,default,com.tencent.mobileqq,discharging,1,42.8,64.7,85,95,1,56.75,0,0.37,51,3.784,2.11,7.9842396,27723,16400,0,-
15:03:31.992,snap,default,com.tencent.mobileqq,discharging,1,42.9,64.7,85,95,1,52.45,0,0.3,62,3.799,1.916,7.278884,27723,16400,0,-
15:03:32.990,snap,default,com.tencent.mobileqq,discharging,1,42.9,64.7,85,95,1,52.45,0,0.3,69,3.752,2.39,8.96728,31496,17891,0,-
15:03:34.058,snap,default,com.tencent.mobileqq,discharging,1,42.9,64.7,85,95,1,52.91,0,0.25,79,3.749,2.98,11.17202,31496,17891,0,-
15:03:36.305,snap,default,com.tencent.mobileqq,discharging,1,42.9,64.7,85,95,1,56.91,0.36,0.2,76,3.754,2.79,10.4736595,31496,17891,0,-
15:03:37.306,snap,default,com.tencent.mobileqq,discharging,1,42.9,64.7,85,95,1,56.91,0.36,0.2,79,3.744,2.78,10.408319,34908,17017,0,-
15:03:38.308,snap,default,com.tencent.mobileqq,discharging,1,42.9,64.7,85,95,1,59.46,0.29,0.16,62,3.761,2.52,9.477719,34908,17017,0,-
15:03:39.308,snap,default,com.tencent.mobileqq,discharging,1,42.9,64.7,85,95,1,59.46,0.29,0.16,62,3.777,2.282,8.619114,29036,15996,0,-
15:03:40.309,snap,default,com.tencent.mobileqq,discharging,1,42.9,64.7,85,95,1,57.2,0.24,0.13,64,3.795,1.836,6.96762,29036,15996,0,-
15:03:41.308,snap,default,com.tencent.mobileqq,discharging,1,42.9,64.7,85,95,1,57.2,0.24,0.13,61,3.791,1.678,6.3612976,21473,13653,0,-
15:03:42.309,snap,default,com.tencent.mobileqq,discharging,1,42.9,67.7,85,95,1,49.74,0.19,0.11,63,3.83,1.32,5.0556,21473,13653,0,-
15:03:43.309,snap,default,com.tencent.mobileqq,discharging,1,42.9,70.7,85,95,1,49.74,0.19,0.11,41,3.837,0.92,3.53004,21473,13653,0,-
15:03:44.310,snap,default,com.tencent.mobileqq,discharging,1,42.9,72.2,85,95,1,43.44,0.16,0.09,33,3.84,0.99,3.8016,14827,9360,0,-
15:03:45.310,snap,default,com.tencent.mobileqq,discharging,1,42.9,69.2,85,95,1,43.44,0.16,0.09,34,3.839,0.942,3.6163378,14827,9360,0,-
15:03:46.310,snap,default,com.tencent.mobileqq,discharging,1,42.9,68.6,85,95,1,38.29,0.13,0.07,33,3.839,1.018,3.908102,15550,10162,0,-
15:03:47.310,snap,default,com.tencent.mobileqq,discharging,1,42.9,67.8,85,95,1,38.29,0.13,0.07,33,3.842,0.93,3.57306,15550,10162,0,-
15:03:48.310,snap,default,com.tencent.mobileqq,discharging,1,42.9,67.4,85,95,1,34.25,0.1,0.06,33,3.845,0.934,3.5912302,16429,10436,0,-
15:03:49.311,snap,default,com.tencent.mobileqq,discharging,1,42.9,65.9,85,95,1,34.25,0.1,0.06,33,3.847,0.83,3.1930099,16429,10436,0,-
15:03:50.311,snap,default,com.tencent.mobileqq,discharging,1,42.9,65.9,85,95,1,30.4,0.08,0.04,34,3.845,0.824,3.1682801,13701,8859,0,-
15:03:51.311,snap,default,com.tencent.mobileqq,discharging,1,42.9,64.7,85,95,1,30.4,0.08,0.04,33,3.841,0.88,3.38008,13701,8859,0,-
15:03:52.311,snap,default,com.tencent.mobileqq,discharging,1,42.9,63.9,85,95,1,27.25,0.07,0.04,34,3.852,0.8,3.0816,12576,7478,0,-
15:03:53.312,snap,default,com.tencent.mobileqq,discharging,1,42.9,63.5,85,95,1,27.25,0.07,0.04,33,3.852,0.828,3.189456,12576,7478,0,-
15:03:54.312,snap,default,com.tencent.mobileqq,discharging,1,42.9,63.5,85,95,1,24.66,0.05,0.03,33,3.854,0.742,2.859668,13562,7655,0,-
15:03:55.312,snap,default,com.tencent.mobileqq,discharging,1,42.9,63.5,85,95,1,24.66,0.05,0.03,33,3.841,0.952,3.6566322,13562,7655,0,-
15:03:56.312,snap,default,com.tencent.mobileqq,discharging,1,42.9,63.5,85,95,1,22.37,0.04,0.02,49,3.83,1.212,4.64196,16080,9723,0,-
15:03:57.322,snap,default,com.tencent.mobileqq,discharging,1,42.9,63.5,85,95,1,24.84,0.03,0.02,81,3.748,3.028,11.348944,16080,9723,0,-
15:03:58.315,snap,default,com.tencent.mobileqq,discharging,1,42.9,63.5,85,95,1,24.84,0.03,0.02,79,3.737,3.2,11.9584,31745,20756,0,-
15:03:59.315,snap,default,com.tencent.mobileqq,discharging,1,42.9,63.5,85,95,1,28.49,0.03,0.01,76,3.738,3.064,11.453232,31745,20756,0,-
15:04:00.327,snap,default,com.tencent.mobileqq,discharging,1,42.9,63.5,85,95,1,28.49,0.03,0.01,77,3.741,3.076,11.507316,30357,19004,0,-
15:04:01.327,snap,default,com.tencent.mobileqq,discharging,1,42.9,63.5,85,95,1,33.47,0.02,0.01,75,3.747,2.952,11.061144,30357,19004,0,-
15:04:02.337,snap,default,com.tencent.mobileqq,discharging,1,42.9,63.5,85,95,1,33.47,0.02,0.01,75,3.748,2.84,10.64432,30589,15349,0,-
15:04:03.357,snap,default,com.tencent.mobileqq,discharging,1,43,63.5,85,95,1,40.45,0.02,0.01,74,3.747,2.852,10.686444,30589,15349,0,-
15:04:04.395,snap,default,com.tencent.mobileqq,discharging,1,43,63.5,85,95,1,40.45,0.02,0.01,75,3.746,2.842,10.646132,27959,15226,0,-
15:04:05.454,snap,default,com.tencent.mobileqq,discharging,1,43,63.5,85,95,1,46.53,0.01,0,76,3.748,2.85,10.681799,27959,15226,0,-
15:04:06.446,snap,default,com.tencent.mobileqq,discharging,1,43,63.5,85,95,1,46.53,0.01,0,77,3.745,2.846,10.65827,28951,15629,0,-
15:04:07.451,snap,default,com.tencent.mobileqq,discharging,1,43,63.5,85,95,1,52.05,0.01,0,70,3.759,2.704,10.164336,28951,15629,0,-
15:04:08.448,snap,default,com.tencent.mobileqq,discharging,1,43,63.5,85,95,1,52.05,0.01,0,70,3.759,2.704,10.164336,34144,16643,0,-
15:04:09.448,snap,default,com.tencent.mobileqq,discharging,1,43,63.5,85,95,1,52.05,0.01,0,70,3.78,2.526,9.54828,34144,16643,0,-
15:04:10.448,snap,default,com.tencent.mobileqq,discharging,1,43,63.5,85,95,1,52.4,0.01,0,53,3.779,1.982,7.489978,23884,14542,0,-
15:04:11.448,snap,default,com.tencent.mobileqq,discharging,1,43,63.5,85,95,1,52.4,0.01,0,57,3.809,1.694,6.452446,23884,14542,0,-
15:04:12.448,snap,default,com.tencent.mobileqq,discharging,1,43,63.5,85,95,1,46.35,0,0,64,3.819,1.586,6.056934,24880,15416,0,-
15:04:13.448,snap,default,com.tencent.mobileqq,discharging,1,43,63.5,85,95,1,46.35,0,0,59,3.79,1.886,7.14794,24880,15416,0,-
15:04:14.449,snap,default,com.tencent.mobileqq,discharging,1,43,63.5,85,95,1,41.76,0,0,67,3.781,1.828,6.911668,24880,15416,0,-
15:04:15.449,snap,default,com.tencent.mobileqq,discharging,1,43,65.1,85,95,1,41.76,0,0,64,3.812,1.472,5.611264,23374,13871,0,-
15:04:16.451,snap,default,com.tencent.mobileqq,discharging,1,43,68.1,85,95,1,36.73,0,0,61,3.818,1.37,5.23066,23374,13871,0,-
15:04:17.452,snap,default,com.tencent.mobileqq,discharging,1,43,71.1,85,95,1,36.73,0,0,61,3.814,1.312,5.003968,22421,14567,0,-
15:04:18.450,snap,default,com.tencent.mobileqq,discharging,1,43,74.1,85,95,1,33.15,0,0,61,3.813,1.276,4.865388,22421,14567,0,-
15:04:19.450,snap,default,com.tencent.mobileqq,discharging,1,43.1,74.6,85,95,1,33.15,0,0,56,3.806,1.386,5.275116,22486,14648,0,-
15:04:20.450,snap,default,com.tencent.mobileqq,discharging,1,43.1,75.3,85,95,1,29.86,0,0,62,3.805,1.41,5.36505,22486,14648,0,-
15:04:21.451,snap,default,com.tencent.mobileqq,discharging,1,43.1,75.7,85,95,1,29.86,0,0,61,3.805,1.514,5.7607703,23259,15492,0,-
15:04:22.451,snap,default,com.tencent.mobileqq,discharging,1,43.1,77.3,85,95,1,27.89,0,0,71,3.794,1.814,6.882316,23259,15492,0,-
15:04:23.451,snap,default,com.tencent.mobileqq,discharging,1,43.1,77.3,85,95,1,27.89,0,0,57,3.807,1.708,6.5023556,29833,19266,0,-
15:04:24.451,snap,default,com.tencent.mobileqq,discharging,1,43.1,76.9,85,95,1,27.37,0,0,69,3.798,1.514,5.750172,29833,19266,0,-
15:04:25.451,snap,default,com.tencent.mobileqq,discharging,1,43.1,76.9,85,95,1,27.37,0,0,65,3.798,1.818,6.904764,26885,17853,0,-
15:04:26.451,snap,default,com.tencent.mobileqq,discharging,1,43.1,79.9,85,95,1,26.39,0,0,71,3.781,1.966,7.4334455,26885,17853,0,-
15:04:27.456,snap,default,com.tencent.mobileqq,discharging,1,43.1,82.9,85,95,1,26.39,0,0,76,3.736,2.826,10.557936,31376,20750,0,-
15:04:28.453,snap,default,com.tencent.mobileqq,discharging,1,43.1,85.9,85,95,1,27.95,0,0,78,3.739,3.074,11.493686,31376,20750,0,-
15:04:29.454,snap,default,com.tencent.mobileqq,discharging,1,43.1,88.9,85,95,1,33.76,0,0,77,3.742,2.966,11.098773,30784,18713,0,-
15:04:30.456,snap,default,com.tencent.mobileqq,discharging,1,43.2,91.1,85,95,1,33.76,0,0,78,3.746,2.904,10.878385,30784,18713,0,-
15:04:31.456,snap,default,com.tencent.mobileqq,discharging,1,43.2,92.3,85,95,1,38.33,0,0,68,3.77,2.6,9.802,32008,18232,0,-
15:04:32.457,snap,default,com.tencent.mobileqq,discharging,1,43.2,90.7,85,95,1,38.33,0,0,56,3.816,1.474,5.624784,32008,18232,0,-
15:04:33.463,snap,default,com.tencent.mobileqq,discharging,1,43.2,87.7,85,95,1,34.28,0,0,60,3.804,1.504,5.7212157,24517,15731,0,-
15:04:34.465,snap,default,com.tencent.mobileqq,discharging,1,43.2,84.7,85,95,1,34.28,0,0,73,3.741,2.752,10.295232,24517,15731,0,-
15:04:35.471,snap,default,com.tencent.mobileqq,discharging,1,43.2,87.7,85,95,1,36.95,0,0,79,3.739,3.026,11.314215,32013,19465,0,-
15:04:36.494,snap,default,com.tencent.mobileqq,discharging,1,43.2,90.7,85,95,1,36.95,0,0,80,3.747,2.852,10.686444,32013,19465,0,-
15:04:37.516,snap,default,com.tencent.mobileqq,discharging,1,43.2,91.9,85,95,1,43.3,0,0,76,3.739,2.866,10.715974,29785,16622,0,-
15:04:38.515,snap,default,com.tencent.mobileqq,discharging,1,43.2,91.9,85,95,1,43.3,0,0,76,3.741,2.89,10.81149,29785,16622,0,-
15:04:39.535,snap,default,com.tencent.mobileqq,discharging,1,43.2,91.9,85,95,1,49.22,0,0,75,3.744,2.822,10.565568,30748,15279,0,-
15:04:40.518,snap,default,com.tencent.mobileqq,discharging,1,43.3,92.3,85,95,1,49.22,0,0,75,3.744,2.822,10.565568,30748,15279,0,-
15:04:41.531,snap,default,com.tencent.mobileqq,discharging,1,43.3,92.3,85,95,1,49.22,0,0,77,3.752,2.756,10.340512,30748,15279,0,-
15:04:42.521,snap,default,com.tencent.mobileqq,discharging,1,43.3,91.9,85,95,1,54.8,0.18,0,70,3.744,2.79,10.44576,32679,15316,0,-
15:04:43.521,snap,default,com.tencent.mobileqq,discharging,1,43.3,91.1,85,95,1,54.8,0.18,0,74,3.761,2.44,9.17684,32679,15316,0,-
15:04:44.524,snap,default,com.tencent.mobileqq,discharging,1,43.3,89.2,85,95,1,57.19,0.32,0,55,3.768,2.332,8.786976,28548,14161,0,-
15:04:45.522,snap,default,com.tencent.mobileqq,discharging,1,43.3,86.2,85,95,1,57.19,0.32,0,66,3.783,2.042,7.7248864,28548,14161,0,-
15:04:46.522,snap,default,com.tencent.mobileqq,discharging,1,43.3,85.2,85,95,1,50.27,0.26,0,66,3.792,1.75,6.636,23856,15138,0,-
15:04:47.522,snap,default,com.tencent.mobileqq,discharging,1,43.3,85.6,85,95,1,50.27,0.26,0,63,3.779,2.116,7.9963636,23856,15138,0,-
15:04:48.532,snap,default,com.tencent.mobileqq,discharging,1,43.3,88.6,85,95,1,47.32,0.22,0,78,3.733,3.112,11.617096,30988,19195,0,-
15:04:49.527,snap,default,com.tencent.mobileqq,discharging,1,43.3,91.1,85,95,1,47.32,0.22,0,73,3.747,2.804,10.506588,30988,19195,0,-
15:04:50.535,snap,default,com.tencent.mobileqq,discharging,1,43.4,91.5,85,95,1,50.52,0.18,0,75,3.747,2.704,10.131888,30025,16294,0,-
15:04:51.535,snap,default,com.tencent.mobileqq,discharging,1,43.4,91.5,85,95,1,50.52,0.18,0,84,3.745,2.802,10.49349,30025,16294,0,-
15:04:52.540,snap,default,com.tencent.mobileqq,discharging,1,43.4,91.5,85,95,1,55.32,0.14,0,69,3.751,2.684,10.067684,33665,16692,0,-
15:04:53.619,snap,default,com.tencent.mobileqq,discharging,1,43.4,91.9,85,95,1,61.24,0.12,0,74,3.749,2.792,10.467209,33665,16692,0,-
15:04:54.619,snap,default,com.tencent.mobileqq,discharging,1,43.4,91.9,85,95,1,61.24,0.12,0,68,3.746,2.62,9.81452,31419,11917,0,-
15:04:55.619,snap,default,com.tencent.mobileqq,discharging,1,43.4,91.1,85,95,1,63.01,0.09,0,51,3.772,2.152,8.117344,31419,11917,0,-
15:04:56.619,snap,default,com.tencent.mobileqq,discharging,1,43.4,90.7,85,95,1,63.01,0.09,0,62,3.782,2.178,8.237196,28466,13755,0,-
15:04:57.620,snap,default,com.tencent.mobileqq,discharging,1,43.4,88.8,85,95,1,57.75,0.08,0,60,3.801,1.648,6.264048,28466,13755,0,-
15:04:58.619,snap,default,com.tencent.mobileqq,discharging,1,43.4,85.8,85,95,1,57.75,0.08,0,63,3.8,1.632,6.2015996,23744,15647,0,-
15:04:59.620,snap,default,com.tencent.mobileqq,discharging,1,43.4,82.8,85,95,1,50.55,0.06,0,68,3.806,1.678,6.386468,23744,15647,0,-
15:05:00.620,snap,default,com.tencent.mobileqq,discharging,1,43.4,82.4,85,95,1,50.55,0.06,0,62,3.787,1.752,6.634824,23526,15444,0,-
15:05:01.620,snap,default,com.tencent.mobileqq,discharging,1,43.5,80.5,85,95,1,44.47,0.05,0,64,3.806,1.374,5.229444,23526,15444,0,-
15:05:02.620,snap,default,com.tencent.mobileqq,discharging,1,43.5,79.3,85,95,1,44.47,0.05,0,62,3.815,1.372,5.23418,23284,12776,0,-
15:05:03.620,snap,default,com.tencent.mobileqq,discharging,1,43.5,76.9,85,95,1,38.95,0.04,0,61,3.813,1.35,5.14755,23284,12776,0,-
15:05:04.620,snap,default,com.tencent.mobileqq,discharging,1,43.5,76.9,85,95,1,38.95,0.04,0,67,3.736,2.66,9.93776,28852,17977,0,-
15:05:05.629,snap,default,com.tencent.mobileqq,discharging,1,43.5,76.9,85,95,1,39.5,0.03,0,77,3.736,2.66,9.93776,28852,17977,0,-
15:05:06.657,snap,default,com.tencent.mobileqq,discharging,1,43.5,76.9,85,95,1,39.5,0.03,0,77,3.739,3.01,11.25439,28852,17977,0,-
15:05:07.663,snap,default,com.tencent.mobileqq,discharging,1,43.5,76.9,85,95,1,39.5,0.03,0,77,3.748,2.95,11.0566,30251,17357,0,-
15:05:08.662,snap,default,com.tencent.mobileqq,discharging,1,43.5,76.9,85,95,1,45.57,0.02,0,75,3.756,2.804,10.531824,30251,17357,0,-
15:05:09.669,snap,default,com.tencent.mobileqq,discharging,1,43.5,76.9,85,95,1,45.57,0.02,0,72,3.774,2.42,9.1330805,31691,16701,0,-
15:05:10.663,snap,default,com.tencent.mobileqq,discharging,1,43.5,79.9,85,95,1,46.19,0.02,0,52,3.775,1.916,7.2329,31691,16701,0,-
15:05:11.663,snap,default,com.tencent.mobileqq,discharging,1,43.5,82.9,85,95,1,46.19,0.02,0,68,3.777,1.894,7.153638,25725,15867,0,-
15:05:12.664,snap,default,com.tencent.mobileqq,discharging,1,43.6,85.9,85,95,1,41.63,0.01,0,58,3.8,1.884,7.1591997,25725,15867,0,-
15:05:13.680,snap,default,com.tencent.mobileqq,discharging,1,43.6,88.9,85,95,1,41.63,0.01,0,70,3.741,3.044,11.387604,32802,19314,0,-
15:05:14.672,snap,default,com.tencent.mobileqq,discharging,1,43.6,91.9,85,95,1,42.6,0.01,0,77,3.752,2.766,10.378033,32802,19314,0,-
15:05:15.672,snap,default,com.tencent.mobileqq,discharging,1,43.6,92.3,85,95,1,42.6,0.01,0,72,3.742,2.764,10.342888,31973,16827,0,-
15:05:16.672,snap,default,com.tencent.mobileqq,discharging,1,43.6,89.3,85,95,1,48.47,0.01,0,51,3.803,1.82,6.92146,31973,16827,0,-
15:05:17.673,snap,default,com.tencent.mobileqq,discharging,1,43.6,88.8,85,95,1,48.47,0.01,0,45,3.813,1.456,5.551728,24275,13450,0,-
15:05:18.673,snap,default,com.tencent.mobileqq,discharging,1,43.6,85.8,85,95,1,43.85,0,0,28,3.813,1.338,5.1017942,24275,13450,0,-
15:05:19.673,snap,default,com.tencent.mobileqq,discharging,1,43.6,82.8,85,95,1,43.85,0,0,24,3.801,1.456,5.534256,22503,12742,0,-
15:05:20.673,snap,default,com.tencent.mobileqq,discharging,1,43.6,79.8,85,95,1,39.71,0,0,29,3.811,1.142,4.352162,22503,12742,0,-
15:05:21.673,snap,default,com.tencent.mobileqq,discharging,1,43.6,79.3,85,95,1,35.42,0,0,14,3.836,1.1,4.2196,20548,12607,0,-
15:05:22.684,snap,default,com.tencent.mobileqq,discharging,1,43.7,80.5,85,95,1,35.42,0,0,27,3.782,1.812,6.8529844,20548,12607,0,-
15:05:23.683,snap,default,com.tencent.mobileqq,discharging,1,43.7,80.5,85,95,1,35.52,0.36,0.18,58,3.755,2.206,8.28353,33532,18441,0,-
15:05:24.683,snap,default,com.tencent.mobileqq,discharging,1,43.7,83.2,85,95,1,35.52,0.36,0.18,68,3.763,2.576,9.693488,33532,18441,0,-
15:05:25.687,snap,default,com.tencent.mobileqq,discharging,1,43.7,83.2,85,95,1,35.06,0.48,0.32,27,3.819,1.214,4.6362658,28730,16089,0,-
15:05:26.761,snap,default,com.tencent.mobileqq,discharging,1,43.7,83.2,85,95,1,35.06,0.48,0.32,18,3.783,1.828,6.9153237,28730,16089,0,-
15:05:27.762,snap,default,com.tencent.mobileqq,discharging,1,43.7,86.2,85,95,1,41.39,0.75,1.9,18,3.759,2.602,9.780918,41158,16484,0,-
15:05:28.799,snap,default,com.tencent.mobileqq,discharging,1,43.7,89.2,85,95,1,41.39,0.75,1.9,27,3.775,2.148,8.1087,41158,16484,0,-
15:05:29.801,snap,default,com.tencent.mm,discharging,1,43.7,92.2,85,95,1,47.66,0.98,5.17,27,3.776,2.07,7.81632,21924,3929,0,-
15:05:30.807,snap,default,com.tencent.mm,discharging,1,43.7,93.1,85,95,1,47.66,0.98,5.17,0,3.785,2.06,7.7971,21924,3929,0,-
15:05:31.815,snap,default,com.tencent.mm,discharging,1,43.7,92.7,85,95,1,53.16,1.16,7.13,0,3.786,1.928,7.299408,26576,5940,0,-
15:05:32.819,snap,default,com.tencent.mm,discharging,1,43.7,91.9,85,95,1,53.16,1.16,7.13,4,3.768,2.386,8.990447,26576,5940,0,-
15:05:33.820,snap,default,com.tencent.mm,discharging,1,43.7,91.5,85,95,1,56.21,1.31,6.93,26,3.779,2.28,8.61612,42053,14471,0,-
15:05:34.820,snap,default,com.tencent.mm,discharging,1,43.7,91.5,85,95,1,56.21,1.31,6.93,17,3.779,2.28,8.61612,42053,14471,0,-
15:05:35.821,snap,default,com.tencent.mobileqq,discharging,1,43.7,89.2,85,95,1,56.21,1.31,6.93,17,3.775,2.042,7.7085505,30365,10267,0,-
15:05:36.821,snap,default,com.tencent.mobileqq,discharging,1,43.7,89.2,85,95,1,57.26,1.62,6.4,5,3.808,1.542,5.8719363,30365,10267,0,-
15:05:37.821,snap,default,com.tencent.mobileqq,discharging,1,43.7,89.2,85,95,1,57.26,1.62,6.4,6,3.813,1.278,4.873014,30365,10267,0,-
15:05:38.822,snap,default,com.tencent.mobileqq,discharging,1,43.7,89.2,85,95,1,57.03,2.41,5.78,8,3.816,1.164,4.441824,20866,7219,0,-
15:05:39.822,snap,default,com.tencent.mobileqq,discharging,1,43.8,89.2,85,95,1,57.03,2.41,5.78,6,3.837,0.854,3.2767978,20866,7219,0,-
15:05:40.822,snap,default,com.tencent.mobileqq,discharging,1,43.8,89.2,85,95,1,49.77,1.97,4.73,4,3.845,0.716,2.75302,12373,5682,0,-
15:05:41.823,snap,default,com.tencent.mobileqq,discharging,1,43.8,89.2,85,95,1,49.77,1.97,4.73,4,3.831,0.924,3.5398443,12373,5682,0,-
15:05:42.823,snap,default,com.tencent.mobileqq,discharging,1,43.8,89.2,85,95,1,42.75,1.61,3.87,4,3.843,0.764,2.9360518,12487,6388,0,-
15:05:43.824,snap,default,com.tencent.mobileqq,discharging,1,43.8,89.2,85,95,1,42.75,1.61,3.87,2,3.85,0.56,2.156,12487,6388,0,-
15:05:44.824,snap,default,com.tencent.mobileqq,discharging,1,43.8,89.2,85,95,1,37,1.32,3.17,3,3.855,0.512,1.9737601,7918,3866,0,-
15:05:45.825,snap,default,com.tencent.mobileqq,discharging,1,43.8,89.2,85,95,1,37,1.32,3.17,0,3.855,0.476,1.83498,7918,3866,0,-
15:05:46.826,snap,default,com.tencent.mobileqq,discharging,1,43.8,89.2,85,95,1,31.92,1.08,2.6,0,3.855,0.594,2.28987,7787,3376,0,-
15:05:47.826,snap,default,com.tencent.mobileqq,discharging,1,43.8,89.2,85,95,1,31.92,1.08,2.6,4,3.854,0.534,2.058036,7787,3376,0,-
15:05:48.826,snap,default,com.tencent.mobileqq,discharging,1,43.8,89.2,85,95,1,27.95,0.88,2.12,1,3.855,0.512,1.9737601,8334,4016,0,-
15:05:49.827,snap,default,com.tencent.mobileqq,discharging,1,43.9,89.2,85,95,1,24.34,0.72,1.74,1,3.857,0.478,1.843646,8334,4016,0,-
15:05:50.827,snap,default,com.tencent.mobileqq,discharging,1,43.9,89.2,85,95,1,24.34,0.72,1.74,0,3.858,0.468,1.805544,6396,2711,0,-
15:05:51.827,snap,default,com.tencent.mobileqq,discharging,1,43.9,89.2,85,95,1,21.56,0.59,1.42,0,3.855,0.49,1.88895,6396,2711,0,-
15:05:52.827,snap,default,com.tencent.mobileqq,discharging,1,43.9,89.2,85,95,1,21.56,0.59,1.42,0,3.846,0.55,2.1153,7088,3093,0,-
15:05:53.827,snap,default,com.tencent.mobileqq,discharging,1,43.9,89.2,85,95,1,19.46,0.48,1.16,2,3.855,0.512,1.9737601,7088,3093,0,-
15:05:54.828,snap,default,com.tencent.mobileqq,discharging,1,43.9,89.2,85,95,1,19.46,0.48,1.16,0,3.862,0.454,1.753348,7841,3401,0,-
15:05:55.828,snap,default,com.tencent.mobileqq,discharging,1,43.9,89.2,85,95,1,17.93,0.39,0.95,0,3.856,0.49,1.8894401,7841,3401,0,-
15:05:56.829,snap,default,com.tencent.mobileqq,discharging,1,43.9,89.2,85,95,1,17.93,0.39,0.95,2,3.862,0.51,1.96962,7225,3328,0,-
15:05:57.829,snap,default,com.tencent.mobileqq,discharging,1,43.9,89.2,85,95,1,16.49,0.32,0.78,2,3.858,0.47,1.81326,7225,3328,0,-
15:05:58.829,snap,default,com.tencent.mobileqq,discharging,1,43.9,89.2,85,95,1,16.49,0.32,0.78,0,3.862,0.472,1.822864,7339,3388,0,-
15:05:59.831,snap,default,com.tencent.mobileqq,discharging,1,43.9,89.2,85,95,1,15.5,0.26,0.64,5,3.861,0.512,1.9768322,7339,3388,0,-
15:06:00.831,snap,default,com.tencent.mobileqq,discharging,1,43.9,89.2,85,95,1,15.5,0.26,0.64,1,3.858,0.53,2.04474,8249,3521,0,-
15:06:01.831,snap,default,com.tencent.mobileqq,discharging,1,43.9,89.2,85,95,1,14.32,0.21,0.52,4,3.86,0.514,1.9840399,8249,3521,0,-
15:06:02.832,snap,default,com.tencent.mobileqq,discharging,1,43.9,89.2,85,95,1,14.32,0.21,0.52,14,3.837,1.058,4.059546,8249,3521,0,-
15:06:03.832,snap,default,com.tencent.mobileqq,discharging,1,43.9,89.2,85,95,1,14.44,0.17,0.42,25,3.841,0.986,3.7872262,13169,6588,0,-
15:06:04.832,snap,default,com.tencent.mobileqq,discharging,1,43.9,89.2,85,95,1,14.44,0.17,0.42,25,3.841,0.986,3.7872262,13169,6588,0,-
15:06:05.832,snap,default,com.tencent.mobileqq,discharging,1,43.9,89.2,85,95,1,14.44,0.17,0.42,25,3.842,0.864,3.319488,14561,8907,0,-
15:06:06.832,snap,default,com.tencent.mobileqq,discharging,1,43.9,89.2,85,95,1,14,0.14,0.35,25,3.849,0.83,3.19467,14561,8907,0,-
15:06:07.833,snap,default,com.tencent.mobileqq,discharging,1,43.9,89.2,85,95,1,14,0.14,0.35,16,3.841,0.864,3.3186243,14023,8576,0,-
15:06:08.833,snap,default,com.tencent.mobileqq,discharging,1,43.9,89.2,85,95,1,13.82,0.11,0.28,25,3.83,1.016,3.89128,14023,8576,0,-
15:06:09.833,snap,default,com.tencent.mobileqq,discharging,1,43.9,89.2,85,95,1,13.82,0.11,0.28,25,3.838,0.916,3.515608,18295,9821,0,-
15:06:10.834,snap,default,com.tencent.mobileqq,discharging,1,43.9,89.2,85,95,1,13.3,0.09,0.23,26,3.842,0.854,3.2810678,18295,9821,0,-
15:06:11.843,snap,default,com.tencent.mobileqq,discharging,1,43.9,89.2,85,95,1,13.3,0.09,0.23,25,3.842,0.876,3.365592,16944,10955,0,-
15:06:12.843,snap,default,com.tencent.mobileqq,discharging,1,43.9,89.2,85,95,1,13.79,0.07,0.19,25,3.839,0.894,3.432066,16944,10955,0,-
15:06:13.843,snap,default,com.tencent.mobileqq,discharging,1,43.9,89.2,85,95,1,13.79,0.07,0.19,21,3.846,0.864,3.3229442,18582,11060,0,-
15:06:14.843,snap,default,com.tencent.mobileqq,discharging,1,43.9,89.2,85,95,1,14.01,0.06,0.15,17,3.845,0.886,3.4066699,18582,11060,0,-
15:06:15.843,snap,default,com.tencent.mobileqq,discharging,1,43.9,89.2,85,95,1,14.01,0.06,0.15,7,3.853,0.602,2.319506,12368,7245,0,-
15:06:16.844,snap,default,com.tencent.mobileqq,discharging,1,43.9,89.2,85,95,1,13.64,0.05,0.12,5,3.853,0.61,2.35033,12368,7245,0,-
15:06:17.844,snap,default,com.tencent.mobileqq,discharging,1,43.9,89.2,85,95,1,13.64,0.05,0.12,4,3.858,0.604,2.330232,10332,5618,0,-
15:06:18.845,snap,default,com.tencent.mobileqq,discharging,1,43.9,89.2,85,95,1,13.35,0.04,0.1,5,3.854,0.592,2.281568,10332,5618,0,-
15:06:19.845,snap,default,com.tencent.mobileqq,discharging,1,44,89.2,85,95,1,13.1,0.03,0.08,3,3.856,0.542,2.089952,10741,5263,0,-
15:06:20.845,snap,default,com.tencent.mobileqq,discharging,1,44,89.2,85,95,1,13.1,0.03,0.08,4,3.857,0.564,2.175348,10741,5263,0,-
15:06:21.845,snap,default,com.tencent.mobileqq,discharging,1,44,89.2,85,95,1,12.9,0.02,0.07,3,3.859,0.572,2.207348,9834,5519,0,-
15:06:22.845,snap,default,com.tencent.mobileqq,discharging,1,44,89.2,85,95,1,12.9,0.02,0.07,4,3.857,0.556,2.1444921,9834,5519,0,-
15:06:23.846,snap,default,com.tencent.mobileqq,discharging,1,44,89.2,85,95,1,12.55,0.02,0.05,4,3.855,0.688,2.65224,9676,4385,0,-
15:06:24.846,snap,default,com.tencent.mobileqq,discharging,1,44,89.2,85,95,1,12.55,0.02,0.05,6,3.826,0.822,3.144972,9676,4385,0,-
15:06:25.846,snap,default,com.tencent.mobileqq,discharging,1,44,89.2,85,95,1,13.72,0.2,0.04,11,3.808,1.556,5.925248,17374,9716,0,-
15:06:26.846,snap,default,com.tencent.mobileqq,discharging,1,44,89.2,85,95,1,13.72,0.2,0.04,27,3.828,1.17,4.47876,17374,9716,0,-
15:06:27.846,snap,default,com.tencent.mobileqq,discharging,1,44,89.2,85,95,1,13.59,0.16,0.03,38,3.82,1.3,4.9659996,21275,12540,0,-
15:06:28.847,snap,default,com.tencent.mobileqq,discharging,1,44,89.2,85,95,1,13.59,0.16,0.03,26,3.823,1.216,4.648768,21275,12540,0,-
15:06:29.847,snap,default,com.tencent.mobileqq,discharging,1,44,89.2,85,95,1,14.21,0.13,0.03,30,3.825,1.1,4.2075,21275,12540,0,-
15:06:30.848,snap,default,com.tencent.mobileqq,discharging,1,44,89.2,85,95,1,14.21,0.13,0.03,33,3.834,1.01,3.87234,21666,13776,0,-
15:06:31.848,snap,default,com.tencent.mobileqq,discharging,1,44,89.2,85,95,1,15.07,0.1,0.02,28,3.833,1.082,4.147306,21666,13776,0,-
15:06:32.848,snap,default,com.tencent.mobileqq,discharging,1,44,89.2,85,95,1,15.07,0.1,0.02,24,3.821,1.172,4.4782124,21065,13799,0,-
15:06:33.848,snap,default,com.tencent.mobileqq,discharging,1,44,89.2,85,95,1,14.88,0.08,0.02,28,3.814,1.286,4.9048038,21065,13799,0,-
15:06:34.848,snap,default,com.tencent.mobileqq,discharging,1,44,89.2,85,95,1,14.88,0.08,0.02,25,3.833,1.198,4.5919337,20393,11750,0,-
15:06:35.849,snap,default,com.tencent.mobileqq,discharging,1,44,89.2,85,95,1,17.26,0.07,0.01,4,3.833,1.198,4.5919337,20393,11750,0,-
15:06:36.849,snap,default,com.tencent.mobileqq,discharging,1,44,89.2,85,95,1,17.26,0.07,0.01,4,3.842,0.888,3.411696,16319,7514,0,-
15:06:37.849,snap,default,com.tencent.mobileqq,discharging,1,44,89.2,85,95,1,17.26,0.07,0.01,7,3.846,0.81,3.11526,16319,7514,0,-
15:06:38.849,snap,default,com.tencent.mobileqq,discharging,1,44,89.2,85,95,1,20.29,0.05,0.01,28,3.828,1.048,4.011744,16690,8002,0,-
15:06:39.850,snap,default,com.tencent.mobileqq,discharging,1,44.1,89.2,85,95,1,20.29,0.05,0.01,15,3.846,0.808,3.107568,16690,8002,0,-
15:06:40.850,snap,default,com.tencent.mobileqq,discharging,1,44.1,89.2,85,95,1,18.06,0.04,0.01,8,3.848,0.74,2.84752,12243,6124,0,-
15:06:41.850,snap,default,com.tencent.mobileqq,discharging,1,44.1,89.2,85,95,1,18.06,0.04,0.01,5,3.851,0.65,2.50315,12243,6124,0,-
15:06:42.851,snap,default,com.tencent.mobileqq,discharging,1,44.1,89.2,85,95,1,16.96,0.03,0,3,3.85,0.654,2.5179,9523,5404,0,-
15:06:43.851,snap,default,com.tencent.mobileqq,discharging,1,44.1,89.2,85,95,1,16.96,0.03,0,5,3.847,0.636,2.4466918,9523,5404,0,-
15:06:44.852,snap,default,com.tencent.mobileqq,discharging,1,44.1,89.2,85,95,1,15.7,0.03,0,5,3.851,0.668,2.572468,9770,4917,0,-
15:06:45.852,snap,default,com.tencent.mobileqq,discharging,1,44.1,89.2,85,95,1,15.7,0.03,0,3,3.858,0.532,2.0524561,9770,4917,0,-
15:06:46.852,snap,default,com.tencent.mobileqq,discharging,1,44.1,89.2,85,95,1,14.67,0.02,0,2,3.857,0.536,2.067352,7353,3150,0,-
15:06:47.854,snap,default,com.tencent.mobileqq,discharging,1,44.1,89.2,85,95,1,14.67,0.02,0,0,3.854,0.584,2.250736,7353,3150,0,-
15:06:48.854,snap,default,com.tencent.mobileqq,discharging,1,44.1,89.2,85,95,1,13.28,0.02,0,0,3.86,0.486,1.87596,7246,3204,0,-
15:06:49.854,snap,default,com.tencent.mobileqq,discharging,1,44.1,89.2,85,95,1,13.28,0.02,0,0,3.858,0.504,1.944432,7246,3204,0,-
15:06:50.855,snap,default,com.tencent.mobileqq,discharging,1,44.1,89.2,85,95,1,12.86,0.01,0,0,3.859,0.458,1.767422,7743,3267,0,-
15:06:51.855,snap,default,com.tencent.mobileqq,discharging,1,44.1,89.2,85,95,1,12.34,0.01,0,0,3.861,0.478,1.8455579,7743,3267,0,-
15:06:52.855,snap,default,com.tencent.mobileqq,discharging,1,44.1,89.2,85,95,1,12.34,0.01,0,3,3.857,0.562,2.167634,7113,3326,0,-
15:06:53.856,snap,default,com.tencent.mobileqq,discharging,1,44.1,89.2,85,95,1,11.92,0.01,0,0,3.86,0.488,1.88368,7113,3326,0,-
15:06:54.856,snap,default,com.tencent.mobileqq,discharging,1,44.1,89.2,85,95,1,11.92,0.01,0,0,3.857,0.506,1.951642,6842,2900,0,-
15:06:55.856,snap,default,com.tencent.mobileqq,discharging,1,44.1,89.2,85,95,1,11.57,0,0,2,3.852,0.58,2.23416,6842,2900,0,-
15:06:56.856,snap,default,com.tencent.mobileqq,discharging,1,44.1,89.2,85,95,1,11.57,0,0,3,3.857,0.662,2.553334,6842,2900,0,-
15:06:57.856,snap,default,com.tencent.mobileqq,discharging,1,44.1,89.2,85,95,1,14.54,0,0,13,3.804,1.604,6.101616,16660,8519,0,-
15:06:58.857,snap,default,com.tencent.mobileqq,discharging,1,44.1,89.2,85,95,1,14.54,0,0,9,3.805,1.3,4.9465,16660,8519,0,-
15:06:59.857,snap,default,com.tencent.mobileqq,discharging,1,44.1,89.2,85,95,1,18.43,0,0,9,3.84,1.054,4.04736,24853,11769,0,-
15:07:00.857,snap,default,com.tencent.mobileqq,discharging,1,44.1,89.2,85,95,1,18.43,0,0,18,3.82,1.116,4.26312,24853,11769,0,-
15:07:01.857,snap,default,com.tencent.mobileqq,discharging,1,44.1,89.2,85,95,1,20.89,0,0.18,18,3.844,0.808,3.1059523,14621,6108,0,-
15:07:02.858,snap,default,com.android.launcher,discharging,1,44.1,89.2,85,95,1,20.89,0,0.18,16,3.824,1.138,4.3517118,14621,6108,0,-
15:07:03.858,snap,default,com.android.launcher,discharging,1,44.1,89.2,85,95,1,20.91,0.54,0.14,16,3.831,0.982,3.762042,13687,4098,0,-
15:07:04.858,snap,default,com.android.launcher,discharging,1,44.1,89.2,85,95,1,20.91,0.54,0.14,16,3.846,0.966,3.715236,13687,4098,0,-
15:07:05.859,snap,default,com.android.launcher,discharging,1,44.1,86.2,85,95,1,22.74,0.62,0.12,15,3.846,0.966,3.715236,21673,9716,0,-
15:07:06.865,snap,default,com.tencent.mobileqq,discharging,1,44.1,86.2,85,95,1,22.74,0.62,0.12,15,3.799,1.584,6.017616,21673,9716,0,-
15:07:07.862,snap,default,com.tencent.mobileqq,discharging,1,44.1,86.2,85,95,1,22.74,0.62,0.12,37,3.806,1.866,7.1019964,35450,17749,0,-
15:07:08.862,snap,default,com.tencent.mobileqq,discharging,1,44.1,86.2,85,95,1,25.14,0.51,0.09,31,3.843,1.184,4.550112,35450,17749,0,-
15:07:09.862,snap,default,com.tencent.mobileqq,discharging,1,44.1,86.2,85,95,1,25.14,0.51,0.09,6,3.82,1.102,4.20964,17970,9472,0,-
15:07:10.862,snap,default,com.tencent.mobileqq,discharging,1,44.1,86.2,85,95,1,23.66,0.42,0.08,27,3.801,1.71,6.4997106,17970,9472,0,-
15:07:11.863,snap,default,com.tencent.mobileqq,discharging,1,44.1,86.2,85,95,1,23.66,0.42,0.08,59,3.792,1.756,6.6587524,26144,15152,0,-
15:07:12.863,snap,default,com.tencent.mobileqq,discharging,1,44.1,86.2,85,95,1,23,0.34,0.06,62,3.801,1.624,6.172824,26144,15152,0,-
15:07:13.864,snap,default,com.tencent.mobileqq,discharging,1,44.1,83.2,85,95,1,23,0.34,0.06,66,3.801,1.78,6.76578,32902,20757,0,-
15:07:14.864,snap,default,com.tencent.mobileqq,discharging,1,44.1,83.2,85,95,1,23.18,0.28,0.05,71,3.805,1.966,7.48063,32902,20757,0,-
15:07:15.864,snap,default,com.tencent.mobileqq,discharging,1,44.1,83.2,85,95,1,23.18,0.28,0.05,66,3.823,1.33,5.08459,23745,13720,0,-
15:07:16.864,snap,default,com.tencent.mobileqq,discharging,1,44.1,83.2,85,95,1,22.24,0.23,0.04,30,3.833,1.11,4.25463,23745,13720,0,-
15:07:17.864,snap,default,com.tencent.mobileqq,discharging,1,44.1,83.2,85,95,1,22.24,0.23,0.04,30,3.822,1.168,4.464096,18994,12148,0,-
15:07:18.864,snap,default,com.tencent.mobileqq,discharging,1,44.1,83.2,85,95,1,20.75,0.18,0.03,31,3.822,1.138,4.3494363,18994,12148,0,-
15:07:19.865,snap,default,com.tencent.mobileqq,discharging,1,44.1,83.2,85,95,1,20.75,0.18,0.03,31,3.825,1.154,4.41405,19771,11201,0,-
15:07:20.865,snap,default,com.tencent.mobileqq,discharging,1,44.1,83.2,85,95,1,19.7,0.15,0.02,33,3.826,1.06,4.0555596,19771,11201,0,-
15:07:21.865,snap,default,com.tencent.mobileqq,discharging,1,44.1,83.2,85,95,1,19.7,0.15,0.02,30,3.835,1.058,4.05743,19771,11201,0,-
15:07:22.865,snap,default,com.tencent.mobileqq,discharging,1,44.1,83.2,85,95,1,18.31,0.12,0.02,34,3.83,1.14,4.3662,18783,11354,0,-
15:07:23.865,snap,default,com.tencent.mobileqq,discharging,1,44.1,83.2,85,95,1,18.31,0.12,0.02,28,3.83,0.996,3.8146799,18783,11354,0,-
15:07:24.865,snap,default,com.tencent.mobileqq,discharging,1,44.1,83.2,85,95,1,17.89,0.1,0.01,29,3.831,1.016,3.8922963,18868,11561,0,-
15:07:25.865,snap,default,com.tencent.mobileqq,discharging,1,44.1,83.2,85,95,1,17.73,0.08,0.01,31,3.818,1.328,5.070304,18868,11561,0,-
15:07:26.865,snap,default,com.tencent.mobileqq,discharging,1,44.1,83.2,85,95,1,17.73,0.08,0.01,36,3.821,1.394,5.326474,23424,13832,0,-
15:07:27.865,snap,default,com.tencent.mobileqq,discharging,1,44.1,83.2,85,95,1,17.41,0.25,0.01,24,3.828,1.058,4.050024,23424,13832,0,-
15:07:28.866,snap,default,com.tencent.mobileqq,discharging,1,44.1,83.2,85,95,1,17.41,0.25,0.01,37,3.806,1.382,5.259892,20803,12088,0,-
15:07:29.866,snap,default,com.tencent.mobileqq,discharging,1,44.1,83.2,85,95,1,17.52,0.2,0,37,3.809,1.348,5.134532,20803,12088,0,-
15:07:30.866,snap,default,com.tencent.mobileqq,discharging,1,44.1,83.2,85,95,1,17.52,0.2,0,33,3.828,1.024,3.9198723,20160,12970,0,-
15:07:31.866,snap,default,com.tencent.mobileqq,discharging,1,44.1,80.2,85,95,1,17.6,0.16,0,37,3.796,1.55,5.8838,20160,12970,0,-
15:07:32.876,snap,default,com.tencent.mobileqq,discharging,1,44.1,77.2,85,95,1,17.6,0.16,0,61,3.81,1.632,6.21792,23595,15668,0,-
15:07:33.876,snap,default,com.tencent.mobileqq,discharging,1,44.1,77.2,85,95,1,21.84,0.31,0,33,3.756,2.264,8.503584,23595,15668,0,-
15:07:34.876,snap,default,com.tencent.mobileqq,discharging,1,44.1,74.2,85,95,1,21.84,0.31,0,33,3.825,1.166,4.45995,39409,17908,0,-
15:07:35.878,snap,default,com.taobao.idlefish,discharging,1,44.1,71.4,85,95,1,23.14,0.26,0,12,3.845,0.818,3.14521,39409,17908,0,-
15:07:36.878,snap,default,com.taobao.idlefish,discharging,1,44.1,68.6,85,95,1,23.14,0.26,0,12,3.845,0.818,3.14521,18153,8023,0,-
15:07:37.891,snap,default,com.taobao.idlefish,discharging,1,44.1,69.4,85,95,1,22.75,0.39,0.18,10,3.833,1.088,4.1703043,18153,8023,0,-
15:07:38.892,snap,default,com.taobao.idlefish,discharging,1,44.1,66.4,85,95,1,22.75,0.39,0.18,10,3.837,0.754,2.8930979,14462,5895,0,-
15:07:39.892,snap,default,com.taobao.idlefish,discharging,1,44.1,65.5,85,95,1,22.75,0.39,0.18,10,3.847,0.774,2.977578,14462,5895,0,-
15:07:40.907,snap,default,com.taobao.idlefish,discharging,1,44.1,65.5,85,95,1,20.98,0.32,0.15,0,3.856,0.5,1.928,19402,8780,0,-
15:07:41.907,snap,default,com.taobao.idlefish,discharging,1,44.1,65.5,85,95,1,20.98,0.32,0.15,12,3.77,2.154,8.12058,19402,8780,0,-
15:07:42.908,snap,default,com.taobao.idlefish,discharging,1,44.1,68.5,85,95,1,26.06,0.44,0.3,0,3.823,1.948,7.4472036,28544,12885,0,-
15:07:43.912,snap,default,com.taobao.idlefish,discharging,1,44.1,71.4,85,95,1,26.06,0.44,0.3,0,3.813,1.304,4.972152,28544,12885,0,-
15:07:44.913,snap,default,com.taobao.idlefish,discharging,1,44.1,69,85,95,1,24.05,0.36,0.25,29,3.833,1.044,4.0016522,17979,8676,0,-
15:07:45.913,snap,default,com.taobao.idlefish,discharging,1,44.1,66,85,95,1,24.05,0.36,0.25,13,3.84,0.966,3.70944,17979,8676,0,-
15:07:46.914,snap,default,com.taobao.idlefish,discharging,1,44.1,65.9,85,95,1,21.69,0.29,0.2,13,3.827,1.03,3.94181,16195,6940,0,-
15:07:47.915,snap,default,com.taobao.idlefish,discharging,1,44.1,65.5,85,95,1,21.69,0.29,0.2,13,3.827,1.078,4.125506,16195,6940,0,-
15:07:48.915,snap,default,com.taobao.idlefish,discharging,1,44.1,63.9,85,95,1,20.47,0.24,0.16,19,3.834,0.78,2.99052,13402,6090,0,-
15:07:49.915,snap,default,com.taobao.idlefish,discharging,1,44.1,63.9,85,95,1,20.47,0.24,0.16,19,3.846,0.768,2.953728,13402,6090,0,-
15:07:50.915,snap,default,com.taobao.idlefish,discharging,1,44.1,63.9,85,95,1,19.12,0.19,0.13,26,3.801,1.522,5.785122,13402,6090,0,-
15:07:51.916,snap,default,com.taobao.idlefish,discharging,1,44.1,63.1,85,95,1,19.12,0.19,0.13,0,3.85,0.572,2.2022,17293,8850,0,-
15:07:52.916,snap,default,com.taobao.idlefish,discharging,1,44.1,60.1,85,95,1,18.19,0.16,0.11,0,3.852,0.434,1.671768,17293,8850,0,-
15:07:53.916,snap,default,com.taobao.idlefish,discharging,1,44.1,58.4,85,95,1,18.19,0.16,0.11,13,3.855,0.432,1.6653601,8343,2520,0,-
15:07:54.916,snap,default,com.taobao.idlefish,discharging,1,44.1,58.4,85,95,1,16.16,0.13,0.09,0,3.855,0.506,1.95063,8343,2520,0,-
15:07:55.916,snap,default,com.taobao.idlefish,discharging,1,44.1,58.4,85,95,1,15.59,0.1,0.07,21,3.847,0.838,3.2237859,12958,6573,0,-
15:07:56.916,snap,default,com.taobao.idlefish,discharging,1,44.1,58.4,85,95,1,15.59,0.1,0.07,21,3.85,0.776,2.9876,12958,6573,0,-
15:07:57.917,snap,default,com.taobao.idlefish,discharging,1,44.1,58.4,85,95,1,14.57,0.08,0.06,0,3.853,0.496,1.911088,14866,6953,0,-
15:07:58.917,snap,default,com.taobao.idlefish,discharging,1,44.1,56.8,85,95,1,14.57,0.08,0.06,0,3.855,0.392,1.51116,14866,6953,0,-
15:07:59.918,snap,default,com.taobao.idlefish,discharging,1,44.1,56.8,85,95,1,13.38,0.07,0.04,0,3.856,0.436,1.6812159,7102,2670,0,-
15:08:00.918,snap,default,com.taobao.idlefish,discharging,1,44.1,56,85,95,1,13.38,0.07,0.04,0,3.857,0.45,1.7356501,7102,2670,0,-
15:08:01.918,snap,default,com.taobao.idlefish,discharging,1,44.1,56,85,95,1,12.41,0.05,0.04,0,3.856,0.454,1.750624,6881,2388,0,-
15:08:02.919,snap,default,com.taobao.idlefish,discharging,1,44.1,56,85,95,1,12.41,0.05,0.04,0,3.859,0.456,1.759704,6881,2388,0,-
15:08:03.919,snap,default,com.taobao.idlefish,discharging,1,44.1,55.6,85,95,1,11.61,0.04,0.03,0,3.861,0.424,1.637064,8563,2950,0,-
15:08:04.919,snap,default,com.taobao.idlefish,discharging,1,44.1,55.6,85,95,1,11.61,0.04,0.03,0,3.864,0.506,1.955184,8563,2950,0,-
15:08:05.920,snap,default,com.taobao.idlefish,discharging,1,44.1,55.2,85,95,1,10.95,0.03,0.02,0,3.862,0.408,1.575696,7644,2835,0,-
15:08:06.920,snap,default,com.taobao.idlefish,discharging,1,44.1,54.4,85,95,1,10.95,0.03,0.02,0,3.867,0.344,1.3302481,7644,2835,0,-
15:08:07.920,snap,default,com.taobao.idlefish,discharging,1,44.1,54.4,85,95,1,10.24,0.03,0.02,0,3.867,0.344,1.3302481,6146,1856,0,-
15:08:08.921,snap,default,com.taobao.idlefish,discharging,1,44.1,54.4,85,95,1,10.24,0.03,0.02,0,3.862,0.424,1.637488,6146,1856,0,-
15:08:09.921,snap,default,com.taobao.idlefish,discharging,1,44.1,54,85,95,1,10.24,0.03,0.02,0,3.862,0.394,1.521628,5924,2078,0,-
15:08:10.921,snap,default,com.taobao.idlefish,discharging,1,44.1,54,85,95,1,9.83,0.02,0.01,0,3.861,0.408,1.5752879,5924,2078,0,-
15:08:11.921,snap,default,com.taobao.idlefish,discharging,1,44.1,54,85,95,1,9.83,0.02,0.01,0,3.856,0.446,1.719776,7101,2673,0,-
15:08:12.921,snap,default,com.taobao.idlefish,discharging,1,44.1,55.2,85,95,1,10.04,0.02,0.01,0,3.859,0.448,1.728832,7101,2673,0,-
15:08:13.921,snap,default,com.taobao.idlefish,discharging,1,44.1,55.2,85,95,1,10.04,0.02,0.01,0,3.851,0.676,2.603276,17183,9733,0,-
15:08:14.921,snap,default,com.taobao.idlefish,discharging,1,44.1,58.2,85,95,1,11.66,0.01,0.01,23,3.804,1.348,5.127792,17183,9733,0,-
15:08:15.929,snap,default,com.taobao.idlefish,discharging,1,44.1,61.2,85,95,1,11.66,0.01,0.01,50,3.826,1.084,4.147384,17183,9733,0,-
15:08:16.927,snap,default,com.taobao.idlefish,discharging,1,44,61.2,85,95,1,13.17,0.01,0,47,3.787,1.72,6.51364,22453,13418,0,-
15:08:17.933,snap,default,com.taobao.idlefish,discharging,1,44,61.2,85,95,1,13.17,0.01,0,76,3.732,3.072,11.4647045,22453,13418,0,-
15:08:18.927,snap,default,com.taobao.idlefish,discharging,1,44,61.2,85,95,1,18.21,0.01,1.45,78,3.729,3.124,11.649397,29688,18334,0,-
15:08:19.928,snap,default,com.taobao.idlefish,discharging,1,44,61.2,85,95,1,18.21,0.01,1.45,75,3.735,3.146,11.750309,29688,18334,0,-
15:08:20.928,snap,default,com.taobao.idlefish,discharging,1,44,61.2,85,95,1,24.33,0,1.37,79,3.738,2.964,11.079432,32615,18750,0,-
15:08:21.930,snap,default,com.taobao.idlefish,discharging,1,43.9,61.2,85,95,1,24.33,0,1.37,78,3.739,2.902,10.850578,32615,18750,0,-
15:08:22.929,snap,default,com.taobao.idlefish,discharging,1,43.9,61.2,85,95,1,27.71,0,1.12,78,3.739,2.778,10.386943,31723,18495,0,-
15:08:23.937,snap,default,com.taobao.idlefish,discharging,1,43.9,61.2,85,95,1,27.71,0,1.12,68,3.824,1.954,7.472096,31723,18495,0,-
15:08:24.935,snap,default,com.taobao.idlefish,discharging,1,43.9,61.2,85,95,1,30.48,0,0.92,66,3.771,1.868,7.044228,26593,15928,0,-
15:08:25.936,snap,default,com.taobao.idlefish,discharging,1,43.9,61.2,85,95,1,29.67,0,0.75,78,3.734,2.576,9.618784,26593,15928,0,-
15:08:26.937,snap,default,com.taobao.idlefish,discharging,1,43.9,61.2,85,95,1,29.67,0,0.75,79,3.751,2.704,10.142704,26622,17080,0,-
15:08:27.936,snap,default,com.taobao.idlefish,discharging,1,43.9,61.2,85,95,1,29.91,0,0.61,76,3.736,2.772,10.356193,26622,17080,0,-
15:08:28.936,snap,default,com.taobao.idlefish,discharging,1,43.9,61.2,85,95,1,29.91,0,0.61,44,3.808,1.714,6.526912,28041,16822,0,-
15:08:29.937,snap,default,com.taobao.idlefish,discharging,1,43.9,61.2,85,95,1,29.93,0,0.5,40,3.766,1.744,6.567904,28041,16822,0,-
15:08:30.936,snap,default,com.taobao.idlefish,discharging,1,43.9,61.2,85,95,1,29.93,0,0.5,81,3.757,2.474,9.294818,25637,16686,0,-
15:08:31.937,snap,default,com.taobao.idlefish,discharging,1,43.9,61.2,85,95,1,29.39,0,0.41,75,3.73,2.926,10.9139805,25637,16686,0,-
15:08:32.937,snap,default,com.taobao.idlefish,discharging,1,43.9,61.2,85,95,1,29.39,0,0.41,80,3.743,2.646,9.903977,27868,18549,0,-
15:08:33.938,snap,default,com.taobao.idlefish,discharging,1,43.9,61.2,85,95,1,29.5,0,0.33,73,3.738,2.652,9.913176,27868,18549,0,-
15:08:34.938,snap,default,com.taobao.idlefish,discharging,1,43.9,61.2,85,95,1,29.5,0,0.33,73,3.823,1.758,6.720834,26348,14970,0,-
15:08:35.944,snap,default,com.taobao.idlefish,discharging,1,43.9,61.2,85,95,1,28.87,0,0.27,57,3.817,1.08,4.12236,26348,14970,0,-
15:08:36.943,snap,default,com.taobao.idlefish,discharging,1,43.9,61.2,85,95,1,28.87,0,0.27,47,3.783,1.55,5.86365,19985,10972,0,-
15:08:37.944,snap,default,com.taobao.idlefish,discharging,1,43.9,64.2,85,95,1,28.53,0,0.22,0,3.783,1.55,5.86365,19985,10972,0,-
15:08:38.945,snap,default,com.taobao.idlefish,discharging,1,43.8,66.3,85,95,1,28.53,0,0.22,0,3.837,1.082,4.1516337,11806,5814,0,-
15:08:39.946,snap,default,com.taobao.idlefish,discharging,1,43.8,65.5,85,95,1,28.53,0,0.22,0,3.847,0.49,1.88503,11806,5814,0,-
15:08:40.946,snap,default,com.taobao.idlefish,discharging,1,43.8,64.3,85,95,1,24.81,0,0.18,0,3.84,0.576,2.21184,9464,4719,0,-
15:08:41.946,snap,default,com.taobao.idlefish,discharging,1,43.8,62.7,85,95,1,24.81,0,0.18,0,3.84,0.628,2.41152,9464,4719,0,-
15:08:42.947,snap,default,com.taobao.idlefish,discharging,1,43.8,61.5,85,95,1,22.85,0,0.15,0,3.843,0.608,2.3365438,9464,4719,0,-
15:08:43.948,snap,default,com.taobao.idlefish,discharging,1,43.8,60.7,85,95,1,22.85,0,0.15,52,3.846,0.554,2.1306841,11687,5692,0,-
15:08:44.948,snap,default,com.taobao.idlefish,discharging,1,43.8,59.9,85,95,1,20.88,0,0.12,0,3.85,0.494,1.9018999,11687,5692,0,-
15:08:45.948,snap,default,com.taobao.idlefish,discharging,1,43.8,59.6,85,95,1,20.88,0,0.12,0,3.851,0.396,1.524996,9195,4157,0,-
15:08:46.949,snap,default,com.taobao.idlefish,discharging,1,43.8,58.8,85,95,1,19.09,0,0.1,0,3.856,0.422,1.627232,9195,4157,0,-
15:08:47.949,snap,default,com.taobao.idlefish,discharging,1,43.8,58.8,85,95,1,19.09,0,0.1,0,3.852,0.578,2.226456,11493,4672,0,-
15:08:48.949,snap,default,com.taobao.idlefish,discharging,1,43.8,58.8,85,95,1,17.62,0,0.08,0,3.847,0.572,2.200484,11493,4672,0,-
15:08:49.951,snap,default,com.taobao.idlefish,discharging,1,43.8,58.4,85,95,1,17.62,0,0.08,0,3.847,0.55,2.11585,9555,3635,0,-
15:08:50.951,snap,default,com.taobao.idlefish,discharging,1,43.8,58.4,85,95,1,15.16,0,0.06,0,3.85,0.544,2.0944002,9555,3635,0,-
15:08:51.953,snap,default,com.taobao.idlefish,discharging,1,43.8,57.2,85,95,1,15.16,0,0.06,0,3.849,0.516,1.9860839,6694,1954,0,-
15:08:52.953,snap,default,com.taobao.idlefish,discharging,1,43.8,57.2,85,95,1,12.95,0,0.05,0,3.853,0.448,1.7261441,6694,1954,0,-
15:08:53.954,snap,default,com.taobao.idlefish,discharging,1,43.8,56.4,85,95,1,12.95,0,0.05,0,3.853,0.446,1.718438,6256,2006,0,-
15:08:54.954,snap,default,com.taobao.idlefish,discharging,1,43.8,56,85,95,1,11.87,0,0.04,0,3.855,0.428,1.64994,6256,2006,0,-
15:08:55.954,snap,default,com.taobao.idlefish,discharging,1,43.8,55.6,85,95,1,11.87,0,0.04,0,3.853,0.446,1.718438,5390,1811,0,-
15:08:56.955,snap,default,com.taobao.idlefish,discharging,1,43.8,55.6,85,95,1,11.17,0,0.03,0,3.856,0.436,1.6812159,5390,1811,0,-
15:08:57.955,snap,default,com.taobao.idlefish,discharging,1,43.8,55.6,85,95,1,10.96,0,0.02,0,3.853,0.552,2.1268559,8165,3588,0,-
15:08:58.955,snap,default,com.taobao.idlefish,discharging,1,43.8,55.6,85,95,1,10.96,0,0.02,0,3.857,0.454,1.751078,8165,3588,0,-
15:08:59.955,snap,default,com.taobao.idlefish,discharging,1,43.8,55.2,85,95,1,10.78,0,0.02,0,3.846,0.486,1.869156,7387,2898,0,-
15:09:00.956,snap,default,com.taobao.idlefish,discharging,1,43.8,55.2,85,95,1,10.78,0,0.02,0,3.847,0.544,2.092768,7387,2898,0,-
15:09:01.956,snap,default,com.taobao.idlefish,discharging,1,43.8,55.6,85,95,1,11.18,0,0.01,0,3.844,0.624,2.3986561,9488,3504,0,-
15:09:02.958,snap,default,com.taobao.idlefish,discharging,1,43.8,56.4,85,95,1,11.18,0,0.01,0,3.833,0.784,3.0050719,9488,3504,0,-
15:09:03.958,snap,default,com.taobao.idlefish,discharging,1,43.8,57.2,85,95,1,10.97,0,0.01,0,3.841,0.69,2.65029,12137,4231,0,-
15:09:04.958,snap,default,com.taobao.idlefish,discharging,1,43.8,57.6,85,95,1,10.97,0,0.01,0,3.828,0.888,3.399264,12137,4231,0,-
15:09:05.959,snap,default,com.taobao.idlefish,discharging,1,43.7,58.8,85,95,1,15.32,0.18,0.01,0,3.839,0.826,3.1710138,13018,3691,0,-
15:09:06.959,snap,default,com.taobao.idlefish,discharging,1,43.7,58.8,85,95,1,15.32,0.18,0.01,0,3.836,0.724,2.7772639,13018,3691,0,-
15:09:07.960,snap,default,com.taobao.idlefish,discharging,1,43.7,57.6,85,95,1,15.08,0.32,0.01,0,3.836,0.724,2.7772639,8913,2746,0,-
15:09:08.960,snap,default,com.taobao.idlefish,discharging,1,43.7,55.2,85,95,1,15.08,0.32,0.01,0,3.858,0.38,1.46604,8913,2746,0,-
15:09:09.960,snap,default,com.taobao.idlefish,discharging,1,43.7,55.2,85,95,1,15.08,0.32,0.01,0,3.855,0.48,1.8504,8913,2746,0,-
15:09:10.960,snap,default,com.taobao.idlefish,discharging,1,43.7,55.2,85,95,1,14.16,0.26,0,0,3.858,0.388,1.496904,5812,2138,0,-
15:09:11.961,snap,default,com.taobao.idlefish,discharging,1,43.7,58,85,95,1,14.16,0.26,0,13,3.814,1.194,4.553916,5812,2138,0,-
15:09:12.961,snap,default,com.taobao.idlefish,discharging,1,43.7,59.6,85,95,1,17.39,0.4,0.55,0,3.833,0.788,3.0204039,19445,8271,0,-
15:09:13.961,snap,default,com.taobao.idlefish,discharging,1,43.7,61.5,85,95,1,17.39,0.4,0.55,48,3.811,1.276,4.8628364,19445,8271,0,-
15:09:14.962,snap,default,com.taobao.idlefish,discharging,1,43.7,61.5,85,95,1,26.38,0.69,1.35,0,3.834,0.916,3.511944,19561,6717,0,-
15:09:15.962,snap,default,com.taobao.idlefish,discharging,1,43.7,59.9,85,95,1,26.38,0.69,1.35,0,3.832,0.918,3.517776,19561,6717,0,-
15:09:16.963,snap,default,com.taobao.idlefish,discharging,1,43.6,59.9,85,95,1,32.47,0.74,1.11,0,3.836,0.904,3.4677439,15019,4688,0,-
15:09:17.963,snap,default,com.taobao.idlefish,discharging,1,43.6,59.9,85,95,1,32.47,0.74,1.11,0,3.833,0.856,3.281048,15019,4688,0,-
15:09:18.963,snap,default,com.taobao.idlefish,discharging,1,43.6,59.9,85,95,1,37.09,0.97,0.9,0,3.826,0.986,3.772436,14463,4347,0,-
15:09:19.963,snap,default,com.taobao.idlefish,discharging,1,43.6,59.9,85,95,1,37.09,0.97,0.9,0,3.824,0.994,3.801056,14463,4347,0,-
15:09:20.964,snap,default,com.taobao.idlefish,discharging,1,43.6,59.9,85,95,1,42.33,1.16,0.74,0,3.827,0.99,3.78873,16120,4220,0,-
15:09:21.964,snap,default,com.taobao.idlefish,discharging,1,43.6,59.9,85,95,1,42.33,1.16,0.74,0,3.83,0.946,3.62318,16120,4220,0,-
15:09:22.964,snap,default,com.taobao.idlefish,discharging,1,43.6,59.9,85,95,1,45.89,1.31,0.6,0,3.83,0.964,3.6921198,16069,4066,0,-
15:09:23.964,snap,default,com.taobao.idlefish,discharging,1,43.6,59.9,85,95,1,45.89,1.31,0.6,0,3.834,0.958,3.6729722,16069,4066,0,-
15:09:24.965,snap,default,com.taobao.idlefish,discharging,1,43.6,59.9,85,95,1,46.63,1.61,0.49,0,3.841,0.98,3.7641802,20029,6913,0,-
15:09:25.966,snap,default,com.taobao.idlefish,discharging,1,43.6,59.9,85,95,1,46.63,1.61,0.49,0,3.848,0.742,2.855216,20029,6913,0,-
15:09:26.967,snap,default,com.taobao.idlefish,discharging,1,43.6,57.6,85,95,1,41.45,1.32,0.4,0,3.855,0.45,1.7347499,8905,3151,0,-
15:09:27.968,snap,default,com.taobao.idlefish,discharging,1,43.5,57.2,85,95,1,41.45,1.32,0.4,0,3.849,0.532,2.047668,8905,3151,0,-
15:09:28.969,snap,default,com.taobao.idlefish,discharging,1,43.5,56,85,95,1,35.02,1.08,0.33,0,3.849,0.56,2.15544,10137,3465,0,-
15:09:29.969,snap,default,com.taobao.idlefish,discharging,1,43.5,55.6,85,95,1,35.02,1.08,0.33,0,3.837,0.756,2.9007719,10137,3465,0,-
15:09:30.970,snap,default,com.taobao.idlefish,discharging,1,43.5,55.6,85,95,1,31.76,1.06,0.27,0,3.852,0.476,1.833552,8717,2797,0,-
15:09:31.970,snap,default,com.taobao.idlefish,discharging,1,43.5,54.8,85,95,1,27.27,0.87,0.22,26,3.854,0.412,1.5878481,8717,2797,0,-
15:09:32.971,snap,default,com.taobao.idlefish,discharging,1,43.5,54.4,85,95,1,27.27,0.87,0.22,0,3.856,0.356,1.372736,5911,2150,0,-
15:09:33.973,snap,default,com.taobao.idlefish,discharging,1,43.5,54.4,85,95,1,24.14,0.71,0.18,0,3.855,0.408,1.57284,5911,2150,0,-
15:09:34.972,snap,default,com.taobao.idlefish,discharging,1,43.5,57.2,85,95,1,24.14,0.71,0.18,0,3.826,1.166,4.461116,5911,2150,0,-
15:09:35.972,snap,default,com.taobao.idlefish,discharging,1,43.5,59.6,85,95,1,23.21,0.58,0.14,48,3.798,1.094,4.155012,13632,7842,0,-
15:09:36.972,snap,default,com.taobao.idlefish,discharging,1,43.5,59.6,85,95,1,23.21,0.58,0.14,62,3.768,1.834,6.910512,13632,7842,0,-
15:09:37.974,snap,default,com.taobao.idlefish,discharging,1,43.5,59.6,85,95,1,25.16,0.48,0.12,80,3.726,3.138,11.692188,26066,15381,0,-
15:09:38.974,snap,default,com.taobao.idlefish,discharging,1,43.4,59.6,85,95,1,25.16,0.48,0.12,77,3.726,3.138,11.692188,26066,15381,0,-
15:09:39.977,snap,default,com.taobao.idlefish,discharging,1,43.4,59.6,85,95,1,25.16,0.48,0.12,77,3.745,3.038,11.37731,28006,16881,0,-
15:09:40.978,snap,default,com.taobao.idlefish,discharging,1,43.4,59.6,85,95,1,26.22,0.39,0.1,79,3.725,2.91,10.83975,28006,16881,0,-
15:09:41.978,snap,default,com.taobao.idlefish,discharging,1,43.4,59.6,85,95,1,26.22,0.39,0.1,79,3.745,2.904,10.87548,30497,18750,0,-
15:09:42.977,snap,default,com.taobao.idlefish,discharging,1,43.4,59.6,85,95,1,27.63,0.32,0.08,72,3.73,2.942,10.9736595,30497,18750,0,-
15:09:43.977,snap,default,com.taobao.idlefish,discharging,1,43.4,59.6,85,95,1,27.63,0.32,0.08,75,3.755,2.59,9.72545,27994,16617,0,-
15:09:44.978,snap,default,com.taobao.idlefish,discharging,1,43.3,59.6,85,95,1,29.14,0.26,0.61,35,3.808,1.528,5.818624,27994,16617,0,-
15:09:45.978,snap,default,com.taobao.idlefish,discharging,1,43.3,59.6,85,95,1,29.14,0.26,0.61,37,3.777,1.63,6.15651,29484,15678,0,-
15:09:46.978,snap,default,com.taobao.idlefish,discharging,1,43.3,59.6,85,95,1,30.02,0.21,0.49,53,3.744,2.63,9.846721,29484,15678,0,-
15:09:47.979,snap,default,com.taobao.idlefish,discharging,1,43.3,59.6,85,95,1,30.02,0.21,0.49,79,3.734,2.938,10.970491,28865,17786,0,-
15:09:48.978,snap,default,com.taobao.idlefish,discharging,1,43.3,59.6,85,95,1,29.66,0.17,0.4,72,3.749,2.562,9.6049385,28865,17786,0,-
15:09:49.979,snap,default,com.taobao.idlefish,discharging,1,43.3,59.6,85,95,1,29.66,0.17,0.4,78,3.752,2.622,9.837744,27022,17771,0,-
15:09:50.993,snap,default,com.taobao.idlefish,discharging,1,43.3,59.6,85,95,1,30.44,0.14,0.69,79,3.783,2.304,8.716032,27022,17771,0,-
15:09:51.993,snap,default,com.taobao.idlefish,discharging,1,43.3,59.6,85,95,1,30.44,0.14,0.69,35,3.781,1.444,5.459764,25240,13472,0,-
15:09:52.994,snap,default,com.taobao.idlefish,discharging,1,43.3,59.6,85,95,1,28.91,0.11,0.57,43,3.776,1.318,4.976768,25240,13472,0,-
15:09:53.993,snap,default,com.taobao.idlefish,discharging,1,43.3,59.6,85,95,1,28.91,0.11,0.57,80,3.717,2.668,9.916956,28187,17867,0,-
15:09:54.994,snap,default,com.taobao.idlefish,discharging,1,43.3,59.6,85,95,1,29.83,0.09,0.46,76,3.732,2.884,10.763088,28187,17867,0,-
15:09:55.993,snap,default,com.taobao.idlefish,discharging,1,43.2,59.6,85,95,1,29.83,0.09,0.46,75,3.724,2.842,10.583608,29666,17592,0,-
15:09:56.993,snap,default,com.taobao.idlefish,discharging,1,43.2,59.6,85,95,1,32.04,0.07,0.38,58,3.752,2.266,8.502032,29666,17592,0,-
15:09:58.004,snap,default,com.taobao.idlefish,discharging,1,43.2,59.6,85,95,1,32.04,0.07,0.38,72,3.733,2.596,9.690868,29731,18858,0,-
15:09:58.997,snap,default,com.taobao.idlefish,discharging,1,43.2,59.6,85,95,1,31.12,0.06,0.31,81,3.729,2.86,10.66494,29731,18858,0,-
15:09:59.998,snap,default,com.taobao.idlefish,discharging,1,43.2,59.6,85,95,1,31.12,0.06,0.31,73,3.732,2.744,10.240608,28034,18101,0,-
15:10:01.004,snap,default,com.taobao.idlefish,discharging,1,43.2,59.6,85,95,1,32.37,0.05,0.25,73,3.733,2.714,10.131362,28034,18101,0,-
15:10:02.000,snap,default,com.taobao.idlefish,discharging,1,43.2,59.6,85,95,1,32.37,0.05,0.25,74,3.73,2.652,9.89196,28034,18101,0,-
15:10:03.001,snap,default,com.taobao.idlefish,discharging,1,43.2,59.6,85,95,1,34.29,0.04,0.2,66,3.814,1.556,5.9345837,30163,16386,0,-
15:10:04.001,snap,default,com.taobao.idlefish,discharging,1,43.2,59.6,85,95,1,32.06,0.03,0.17,66,3.803,1.164,4.426692,30163,16386,0,-
15:10:05.002,snap,default,com.taobao.idlefish,discharging,1,43.2,61.1,85,95,1,32.06,0.03,0.17,66,3.835,0.678,2.6001298,14469,7975,0,-
15:10:06.002,snap,default,com.taobao.idlefish,discharging,1,43.2,64.1,85,95,1,28.97,0.02,0.14,0,3.834,0.696,2.668464,14469,7975,0,-
15:10:07.002,snap,default,com.taobao.idlefish,discharging,1,43.2,66.7,85,95,1,28.97,0.02,0.14,40,3.836,0.568,2.178848,12981,6763,0,-
15:10:08.003,snap,default,com.taobao.idlefish,discharging,1,43.2,64.3,85,95,1,26.08,0.02,0.11,0,3.839,0.576,2.211264,12981,6763,0,-
15:10:09.003,snap,default,com.taobao.idlefish,discharging,1,43.2,62.7,85,95,1,26.08,0.02,0.11,0,3.844,0.57,2.19108,11116,5690,0,-
15:10:10.003,snap,default,com.taobao.idlefish,discharging,1,43.2,61.1,85,95,1,23.16,0.01,0.09,0,3.841,0.554,2.1279142,11116,5690,0,-
15:10:11.004,snap,default,com.taobao.idlefish,discharging,1,43.2,60.7,85,95,1,23.16,0.01,0.09,0,3.841,0.554,2.1279142,7237,2936,0,-
15:10:12.005,snap,default,com.taobao.idlefish,discharging,1,43.2,60.3,85,95,1,23.16,0.01,0.09,0,3.84,0.544,2.0889602,7237,2936,0,-
15:10:13.005,snap,default,com.taobao.idlefish,discharging,1,43.2,59.6,85,95,1,20.6,0.01,0.07,0,3.84,0.55,2.112,8271,3283,0,-
15:10:14.006,snap,default,com.taobao.idlefish,discharging,1,43.2,59.6,85,95,1,20.6,0.01,0.07,0,3.847,0.514,1.977358,8271,3283,0,-
15:10:15.006,snap,default,com.taobao.idlefish,discharging,1,43.2,59.2,85,95,1,18.68,0.01,0.06,0,3.845,0.494,1.8994299,7557,2864,0,-
15:10:16.007,snap,default,com.taobao.idlefish,discharging,1,43.1,58.8,85,95,1,18.68,0.01,0.06,0,3.843,0.558,2.1443942,7557,2864,0,-
15:10:17.007,snap,default,com.taobao.idlefish,discharging,1,43.1,57.6,85,95,1,16.56,0,0.05,0,3.846,0.552,2.122992,6523,2464,0,-
15:10:18.008,snap,default,com.taobao.idlefish,discharging,1,43.1,57.2,85,95,1,16.56,0,0.05,0,3.846,0.468,1.799928,6523,2464,0,-
15:10:19.008,snap,default,com.taobao.idlefish,discharging,1,43.1,57.2,85,95,1,15.01,0,0.04,17,3.846,0.48,1.84608,6135,2133,0,-
15:10:20.008,snap,default,com.taobao.idlefish,discharging,1,43.1,57.2,85,95,1,15.01,0,0.04,0,3.849,0.442,1.701258,6135,2133,0,-
15:10:21.008,snap,default,com.taobao.idlefish,discharging,1,43.1,57.2,85,95,1,15.73,0,0.03,0,3.841,0.684,2.627244,9470,3102,0,-
15:10:22.008,snap,default,com.taobao.idlefish,discharging,1,43.1,57.2,85,95,1,15.73,0,0.03,0,3.843,0.63,2.42109,9470,3102,0,-
15:10:23.009,snap,default,com.taobao.idlefish,discharging,1,43.1,57.2,85,95,1,16.68,0,0.02,0,3.847,0.536,2.061992,8236,2574,0,-
15:10:24.009,snap,default,com.taobao.idlefish,discharging,1,43.1,56.8,85,95,1,16.68,0,0.02,0,3.847,0.468,1.800396,8236,2574,0,-
15:10:25.009,snap,default,com.taobao.idlefish,discharging,1,43.1,56.8,85,95,1,15.11,0,0.02,0,3.847,0.496,1.9081119,8952,3585,0,-
15:10:26.009,snap,default,com.taobao.idlefish,discharging,1,43.1,56.8,85,95,1,15.11,0,0.02,11,3.844,0.574,2.206456,8952,3585,0,-
15:10:27.010,snap,default,com.taobao.idlefish,discharging,1,43.1,56.8,85,95,1,14.37,0,0.01,11,3.848,0.51,1.96248,8379,3484,0,-
15:10:28.010,snap,default,com.taobao.idlefish,discharging,1,43.1,56,85,95,1,14.37,0,0.01,0,3.85,0.45,1.7325,8379,3484,0,-
15:10:29.010,snap,default,com.taobao.idlefish,discharging,1,43.1,56,85,95,1,13.39,0,0.01,0,3.85,0.456,1.7556,8379,3484,0,-
15:10:30.011,snap,default,com.taobao.idlefish,discharging,1,43.1,56,85,95,1,13.39,0,0.01,0,3.848,0.482,1.854736,7600,2665,0,-
15:10:31.011,snap,default,com.taobao.idlefish,discharging,1,43.1,55.2,85,95,1,12.78,0,0.01,0,3.844,0.524,2.014256,7600,2665,0,-
15:10:32.011,snap,default,com.taobao.idlefish,discharging,1,43.1,54.8,85,95,1,12.78,0,0.01,0,3.847,0.464,1.785008,6603,2346,0,-
15:10:33.011,snap,default,com.taobao.idlefish,discharging,1,43.1,54.8,85,95,1,11.91,0,0,11,3.81,0.998,3.80238,6603,2346,0,-
15:10:34.012,snap,default,com.taobao.idlefish,discharging,1,43.1,57.8,85,95,1,11.91,0,0,60,3.805,1.286,4.89323,19496,9747,0,-
15:10:35.013,snap,default,com.taobao.idlefish,discharging,1,43.1,58,85,95,1,12.47,0.18,0.18,0,3.846,0.526,2.022996,19496,9747,0,-
15:10:36.013,snap,default,com.taobao.idlefish,discharging,1,43.1,57.2,85,95,1,11.66,0.14,0.15,0,3.847,0.516,1.9850519,10124,4476,0,-
15:10:37.014,snap,default,com.taobao.idlefish,discharging,1,43.1,55.6,85,95,1,11.66,0.14,0.15,0,3.852,0.49,1.88748,10124,4476,0,-
15:10:38.014,snap,default,com.taobao.idlefish,discharging,1,43.1,55.6,85,95,1,11.36,0.12,0.12,0,3.849,0.494,1.9014059,8436,3091,0,-
15:10:39.014,snap,default,com.taobao.idlefish,discharging,1,43.1,55.6,85,95,1,11.36,0.12,0.12,36,3.825,0.84,3.2129998,8436,3091,0,-
15:10:40.014,snap,default,com.taobao.idlefish,discharging,1,43.1,58.6,85,95,1,13.65,0.46,0.46,36,3.825,0.84,3.2129998,21796,10231,0,-
15:10:41.015,snap,default,com.taobao.idlefish,discharging,1,43.1,61.6,85,95,1,13.65,0.46,0.46,36,3.807,1.608,6.121656,21796,10231,0,-
15:10:42.016,snap,default,com.taobao.idlefish,discharging,1,43.1,61.9,85,95,1,13.65,0.46,0.46,47,3.786,1.582,5.989452,27717,10247,0,-
15:10:43.016,snap,default,com.taobao.idlefish,discharging,1,43.1,61.9,85,95,1,16.25,0.55,0.56,47,3.811,1.222,4.657042,27717,10247,0,-
15:10:44.017,snap,default,com.taobao.idlefish,discharging,1,43.1,61.9,85,95,1,16.25,0.55,0.56,0,3.829,0.87,3.33123,19967,7968,0,-
15:10:45.017,snap,default,com.taobao.idlefish,discharging,1,43.1,64.9,85,95,1,16.02,0.45,0.46,32,3.784,1.326,5.017584,19967,7968,0,-
15:10:46.017,snap,default,com.taobao.idlefish,discharging,1,43,67.9,85,95,1,16.02,0.45,0.46,39,3.755,2.16,8.110801,40278,19035,0,-
15:10:47.017,snap,default,com.android.launcher,discharging,1,43,67.9,85,95,1,23.08,0.55,0.92,26,3.766,2.462,9.271892,40278,19035,0,-
15:10:48.017,snap,default,com.android.launcher,discharging,1,43,70.9,85,95,1,23.08,0.55,0.92,27,3.732,2.802,10.457065,40913,14987,0,-
15:10:49.017,snap,default,com.android.launcher,discharging,1,43,73.4,85,95,1,28.86,0.81,2.2,21,3.812,1.412,5.382544,40913,14987,0,-
15:10:50.022,snap,default,org.localsend.localsend_app,discharging,1,43,76.4,85,95,1,28.86,0.81,2.2,8,3.76,1.948,7.3244796,43134,11643,0,-
15:10:51.024,snap,default,org.localsend.localsend_app,discharging,1,43,78.9,85,95,1,31.97,1.57,2.34,20,3.763,2.168,8.158184,43134,11643,0,-
15:10:52.078,snap,default,org.localsend.localsend_app,discharging,1,43,78.9,85,95,1,31.97,1.57,2.34,57,3.724,2.95,10.9858,52233,15143,0,-
15:10:53.079,snap,default,org.localsend.localsend_app,discharging,1,43,81.9,85,95,1,41.39,1.65,3.91,39,3.735,2.762,10.31607,52233,15143,0,-
15:10:54.079,snap,default,com.taobao.idlefish,discharging,1,43,84.9,85,95,1,41.39,1.65,3.91,39,3.772,2.14,8.072081,32639,9602,0,-
15:10:55.079,snap,default,com.taobao.idlefish,discharging,1,43,84.9,85,95,1,44.58,1.53,3.38,23,3.82,0.946,3.61372,32639,9602,0,-
15:10:56.079,snap,default,com.taobao.idlefish,discharging,1,43,84.9,85,95,1,44.58,1.53,3.38,23,3.831,0.848,3.248688,32639,9602,0,-
15:10:57.079,snap,default,com.taobao.idlefish,discharging,1,43,84.9,85,95,1,37.77,1.25,2.77,0,3.836,0.584,2.240224,10645,3955,0,-
15:10:58.079,snap,default,com.taobao.idlefish,discharging,1,43,84.9,85,95,1,37.77,1.25,2.77,0,3.826,0.676,2.586376,10645,3955,0,-
15:10:59.079,snap,default,com.taobao.idlefish,discharging,1,43,84.9,85,95,1,32.92,1.02,2.27,37,3.75,1.862,6.9825,16020,7682,0,-
15:11:00.080,snap,default,com.taobao.idlefish,discharging,1,43,82.1,85,95,1,32.92,1.02,2.27,43,3.779,1.742,6.583018,16020,7682,0,-
15:11:01.080,snap,default,com.taobao.idlefish,discharging,1,43,82.1,85,95,1,35.29,1.2,2.76,42,3.782,2.018,7.632076,32162,15227,0,-
15:11:02.080,snap,default,com.taobao.idlefish,discharging,1,43,82.1,85,95,1,35.29,1.2,2.76,42,3.816,1.518,5.792688,32162,15227,0,-
15:11:03.080,snap,default,com.taobao.idlefish,discharging,1,43,82.1,85,95,1,31.79,1.16,2.62,42,3.843,0.464,1.7831519,16691,8262,0,-
15:11:04.081,snap,default,com.taobao.idlefish,discharging,1,43,82.1,85,95,1,29.11,2.04,2.51,54,3.815,0.966,3.68529,16691,8262,0,-
15:11:05.083,snap,default,com.taobao.idlefish,discharging,1,43,82.1,85,95,1,29.11,2.04,2.51,54,3.826,0.892,3.412792,15448,4618,0,-
15:11:06.083,snap,default,com.taobao.idlefish,discharging,1,43,82.1,85,95,1,26.92,2.76,2.23,62,3.791,1.558,5.906378,15448,4618,0,-
15:11:07.083,snap,default,com.taobao.idlefish,discharging,1,42.9,82.1,85,95,1,26.92,2.76,2.23,60,3.784,1.636,6.190624,27864,13852,0,-
15:11:08.083,snap,default,com.taobao.idlefish,discharging,1,42.9,82.1,85,95,1,25.66,3.16,2.19,65,3.804,1.426,5.424504,27864,13852,0,-
15:11:09.084,snap,default,com.taobao.idlefish,discharging,1,42.9,82.1,85,95,1,25.66,3.16,2.19,65,3.804,1.426,5.424504,21188,10304,0,-
15:11:10.084,snap,default,com.taobao.idlefish,discharging,1,42.9,82.1,85,95,1,25.66,3.16,2.19,65,3.822,0.744,2.843568,21188,10304,0,-
15:11:11.084,snap,default,com.taobao.idlefish,discharging,1,42.9,82.1,85,95,1,23.37,2.77,2.34,65,3.787,1.436,5.438132,23344,12247,0,-
15:11:12.084,snap,default,com.taobao.idlefish,discharging,1,43,82.1,85,95,1,23.37,2.77,2.34,59,3.791,1.576,5.9746156,23344,12247,0,-
15:11:13.085,snap,default,com.taobao.idlefish,discharging,1,43,82.1,85,95,1,21.49,2.45,1.91,59,3.827,0.782,2.992714,10118,4064,0,-
15:11:14.085,snap,default,com.taobao.idlefish,discharging,1,43,82.1,85,95,1,21.49,2.45,1.91,0,3.818,0.656,2.5046082,10118,4064,0,-
15:11:15.085,snap,default,com.taobao.idlefish,discharging,1,43,82.1,85,95,1,18.68,2.18,1.56,61,3.835,0.688,2.6384802,8459,2446,0,-
15:11:16.085,snap,default,com.taobao.idlefish,discharging,1,43,82.1,85,95,1,18.68,2.18,1.56,0,3.832,0.688,2.6364162,8459,2446,0,-
15:11:17.086,snap,default,com.taobao.idlefish,discharging,1,42.9,82.1,85,95,1,17.65,1.97,1.28,0,3.824,1.266,4.841184,16707,7114,0,-
15:11:18.086,snap,default,com.taobao.idlefish,discharging,1,42.9,82.1,85,95,1,17.65,1.97,1.28,0,3.833,0.778,2.982074,16707,7114,0,-
15:11:19.086,snap,default,com.taobao.idlefish,discharging,1,42.9,82.1,85,95,1,17.53,1.79,1.05,33,3.777,1.39,5.25003,17552,8741,0,-
15:11:20.093,snap,default,com.taobao.idlefish,discharging,1,42.9,82.1,85,95,1,17.53,1.79,1.05,40,3.788,1.498,5.674424,17552,8741,0,-
15:11:21.095,snap,default,com.taobao.idlefish,discharging,1,42.9,82.4,85,95,1,17.98,1.47,1.4,57,3.73,2.582,9.63086,31079,16536,0,-
15:11:22.096,snap,default,com.taobao.idlefish,discharging,1,42.9,85.4,85,95,1,17.98,1.47,1.4,77,3.699,3.454,12.776345,31079,16536,0,-
15:11:23.202,snap,default,com.taobao.idlefish,discharging,1,42.9,88.4,85,95,1,25.59,1.2,3.86,78,3.703,3.296,12.205089,31079,16536,0,-
15:11:24.203,snap,default,com.taobao.idlefish,discharging,1,42.9,91.4,85,95,1,25.59,1.2,3.86,81,3.707,3.206,11.884643,33832,17582,0,-
15:11:25.202,snap,default,com.taobao.idlefish,discharging,1,42.9,90.7,85,95,1,32.19,1.34,4.07,66,3.73,2.518,9.392139,33832,17582,0,-
15:11:26.212,snap,default,com.taobao.idlefish,discharging,1,42.9,89.6,85,95,1,32.19,1.34,4.07,75,3.735,1.988,7.42518,28770,15006,0,-
15:11:27.213,snap,default,com.taobao.idlefish,discharging,1,42.9,89.6,85,95,1,31.25,1.28,3.33,81,3.702,3.166,11.720531,28770,15006,0,-
15:11:28.213,snap,default,com.taobao.idlefish,discharging,1,42.9,91.1,85,95,1,31.25,1.28,3.33,72,3.716,2.95,10.9622,29675,17701,0,-
15:11:29.213,snap,default,com.taobao.idlefish,discharging,1,42.9,91.1,85,95,1,34.64,1.05,2.73,73,3.719,2.902,10.792538,29675,17701,0,-
15:11:30.214,snap,default,com.taobao.idlefish,discharging,1,42.9,91.1,85,95,1,34.64,1.05,2.73,56,3.814,1.664,6.346496,29445,17090,0,-
15:11:31.214,snap,default,com.taobao.idlefish,discharging,1,42.9,91.1,85,95,1,33.08,0.86,2.23,56,3.831,0.678,2.597418,29445,17090,0,-
15:11:32.214,snap,default,com.taobao.idlefish,discharging,1,42.9,91.1,85,95,1,33.08,0.86,2.23,36,3.819,0.95,3.6280499,11698,6223,0,-
15:11:33.214,snap,default,com.taobao.idlefish,discharging,1,42.9,91.1,85,95,1,29.62,0.7,1.83,36,3.807,0.968,3.685176,11698,6223,0,-
15:11:34.215,snap,default,com.taobao.idlefish,discharging,1,42.9,91.1,85,95,1,29.62,0.7,1.83,34,3.79,1.146,4.34334,14739,8378,0,-
15:11:35.216,snap,default,com.taobao.idlefish,discharging,1,42.9,91.1,85,95,1,26.97,0.57,1.49,52,3.801,0.968,3.679368,14739,8378,0,-
15:11:36.216,snap,default,com.taobao.idlefish,discharging,1,42.9,91.1,85,95,1,24.26,0.47,1.22,52,3.836,0.448,1.718528,14610,8392,0,-
15:11:37.216,snap,default,com.taobao.idlefish,discharging,1,42.9,91.1,85,95,1,24.26,0.47,1.22,0,3.829,0.598,2.289742,14610,8392,0,-
15:11:38.216,snap,default,com.taobao.idlefish,discharging,1,42.9,91.1,85,95,1,22.4,0.38,1,0,3.818,0.744,2.8405921,11529,5822,0,-
15:11:39.216,snap,default,com.taobao.idlefish,discharging,1,42.9,91.1,85,95,1,22.4,0.38,1,0,3.832,0.554,2.1229281,11529,5822,0,-
15:11:40.217,snap,default,com.taobao.idlefish,discharging,1,42.9,91.1,85,95,1,20.15,0.31,0.82,0,3.833,0.512,1.962496,11618,5481,0,-
15:11:41.218,snap,default,com.taobao.idlefish,discharging,1,42.9,91.1,85,95,1,20.15,0.31,0.82,0,3.834,0.57,2.18538,11618,5481,0,-
15:11:42.217,snap,default,com.taobao.idlefish,discharging,1,42.9,91.1,85,95,1,18.49,0.25,0.67,0,3.835,0.548,2.10158,9589,4145,0,-
15:11:43.218,snap,default,com.taobao.idlefish,discharging,1,42.9,91.1,85,95,1,18.49,0.25,0.67,0,3.835,0.548,2.10158,9589,4145,0,-
15:11:44.218,snap,default,com.taobao.idlefish,discharging,1,42.9,91.1,85,95,1,18.49,0.25,0.67,0,3.839,0.542,2.080738,11124,5807,0,-
15:11:45.219,snap,default,com.taobao.idlefish,discharging,1,42.9,91.1,85,95,1,17.31,0.21,0.55,0,3.829,0.63,2.41227,11124,5807,0,-
15:11:46.219,snap,default,com.taobao.idlefish,discharging,1,42.9,91.1,85,95,1,17.31,0.21,0.55,17,3.834,0.708,2.714472,11912,6271,0,-
15:11:47.219,snap,default,com.taobao.idlefish,discharging,1,42.9,91.1,85,95,1,16.53,0.17,0.45,0,3.836,0.58,2.22488,11912,6271,0,-
15:11:48.220,snap,default,com.taobao.idlefish,discharging,1,42.9,91.1,85,95,1,16.53,0.17,0.45,0,3.839,0.518,1.988602,10282,5259,0,-
15:11:49.220,snap,default,com.taobao.idlefish,discharging,1,42.9,91.1,85,95,1,15.71,0.14,0.36,0,3.837,0.556,2.1333718,10282,5259,0,-
15:11:50.220,snap,default,com.taobao.idlefish,discharging,1,42.9,91.1,85,95,1,15.71,0.14,0.36,0,3.839,0.594,2.280366,10390,4773,0,-
15:11:51.222,snap,default,com.taobao.idlefish,discharging,1,42.9,91.1,85,95,1,15.04,0.11,0.3,18,3.81,0.854,3.2537398,10390,4773,0,-
15:11:52.221,snap,default,com.taobao.idlefish,discharging,1,42.9,91.1,85,95,1,15.04,0.11,0.3,65,3.805,1.304,4.96172,10390,4773,0,-
15:11:53.221,snap,default,com.taobao.idlefish,discharging,1,42.9,91.1,85,95,1,15.57,0.27,0.24,65,3.825,0.96,3.672,26307,14762,0,-
15:11:54.221,snap,default,com.taobao.idlefish,discharging,1,42.9,91.1,85,95,1,15.57,0.27,0.24,60,3.822,1.044,3.990168,26307,14762,0,-
15:11:55.222,snap,default,com.taobao.idlefish,discharging,1,42.9,91.1,85,95,1,15.1,0.22,0.2,0,3.84,0.444,1.70496,12632,6754,0,-
15:11:56.222,snap,default,com.taobao.idlefish,discharging,1,42.9,91.1,85,95,1,15.1,0.22,0.2,0,3.841,0.404,1.5517641,12632,6754,0,-
15:11:57.234,snap,default,com.taobao.idlefish,discharging,1,42.9,91.1,85,95,1,14,0.18,0.16,61,3.789,1.226,4.6453137,11713,5388,0,-
15:11:58.222,snap,default,com.taobao.idlefish,discharging,1,42.9,88.1,85,95,1,14,0.18,0.16,61,3.739,2.172,8.121108,11713,5388,0,-
15:11:59.227,snap,default,com.taobao.idlefish,discharging,1,42.9,87.2,85,95,1,19.98,0.33,0.31,67,3.704,3.15,11.667601,30102,16809,0,-
15:12:00.228,snap,default,com.taobao.idlefish,discharging,1,42.9,84.8,85,95,1,19.98,0.33,0.31,72,3.711,3.052,11.325972,30102,16809,0,-
15:12:01.229,snap,default,com.taobao.idlefish,discharging,1,42.9,81.8,85,95,1,22.88,0.27,0.25,72,3.785,1.598,6.0484304,27474,17065,0,-
15:12:02.230,snap,default,com.taobao.idlefish,discharging,1,42.9,81.8,85,95,1,22.88,0.27,0.25,48,3.823,1.002,3.8306458,27474,17065,0,-
15:12:03.231,snap,default,com.taobao.idlefish,discharging,1,42.9,78.8,85,95,1,21.09,0.22,0.21,0,3.835,0.624,2.3930402,12942,6034,0,-
15:12:04.232,snap,default,com.taobao.idlefish,discharging,1,42.9,76.9,85,95,1,21.09,0.22,0.21,36,3.754,1.958,7.350332,12942,6034,0,-
15:12:05.231,snap,default,com.taobao.idlefish,discharging,1,42.9,79.7,85,95,1,20.89,0.18,0.17,83,3.731,2.746,10.245326,26984,17910,0,-
15:12:06.232,snap,default,com.taobao.idlefish,discharging,1,42.9,82.7,85,95,1,22.9,0.14,0.14,75,3.732,2.9,10.822801,26984,17910,0,-
15:12:07.243,snap,default,com.taobao.idlefish,discharging,1,42.9,85.7,85,95,1,22.9,0.14,0.14,76,3.709,2.98,11.05282,29914,17396,0,-
15:12:08.233,snap,default,com.taobao.idlefish,discharging,1,42.9,88.7,85,95,1,24.73,0.12,0.11,76,3.717,2.914,10.831338,29914,17396,0,-
15:12:09.262,snap,default,com.taobao.idlefish,discharging,1,42.9,91.7,85,95,1,24.73,0.12,0.11,81,3.714,3.088,11.468832,28707,18601,0,-
15:12:10.263,snap,default,com.taobao.idlefish,discharging,1,42.9,90.7,85,95,1,31.3,0.09,0.09,72,3.722,2.85,10.607699,28707,18601,0,-
15:12:11.263,snap,default,com.taobao.idlefish,discharging,1,42.9,90.7,85,95,1,31.3,0.09,0.09,54,3.831,0.912,3.4938722,24618,12457,0,-
15:12:12.263,snap,default,com.taobao.idlefish,discharging,1,42.9,90.7,85,95,1,29.25,0.08,0.07,54,3.783,1.312,4.963296,24618,12457,0,-
15:12:13.263,snap,default,com.taobao.idlefish,discharging,1,42.9,90.7,85,95,1,29.25,0.08,0.07,68,3.831,1.052,4.0302124,22344,13812,0,-
15:12:14.263,snap,default,com.taobao.idlefish,discharging,1,42.9,90.7,85,95,1,26.12,0.06,0.06,0,3.831,1.052,4.0302124,22344,13812,0,-
15:12:15.263,snap,default,com.taobao.idlefish,discharging,1,42.9,90.7,85,95,1,26.12,0.06,0.06,0,3.832,0.482,1.847024,12178,6339,0,-
15:12:16.264,snap,default,com.taobao.idlefish,discharging,1,42.9,90.7,85,95,1,26.12,0.06,0.06,59,3.815,1.156,4.41014,12178,6339,0,-
15:12:17.265,snap,default,com.taobao.idlefish,discharging,1,42.9,90.7,85,95,1,23.93,0.05,0.05,0,3.832,0.656,2.513792,8675,3501,0,-
15:12:18.267,snap,default,com.taobao.idlefish,discharging,1,42.9,90.7,85,95,1,23.93,0.05,0.05,0,3.83,0.514,1.96862,8675,3501,0,-
15:12:19.266,snap,default,com.taobao.idlefish,discharging,1,42.9,87.7,85,95,1,25.21,0.04,0.04,53,3.748,2.276,8.530448,8675,3501,0,-
15:12:20.268,snap,default,com.taobao.idlefish,discharging,1,42.9,84.7,85,95,1,25.21,0.04,0.04,78,3.728,2.882,10.744096,32532,18873,0,-
15:12:21.268,snap,default,com.taobao.idlefish,discharging,1,42.9,85.2,85,95,1,26.98,0.03,0.03,72,3.708,2.948,10.931184,32532,18873,0,-
15:12:22.268,snap,default,com.taobao.idlefish,discharging,1,42.9,86.8,85,95,1,26.98,0.03,0.03,75,3.738,2.5,9.344999,28196,18038,0,-
15:12:23.269,snap,default,com.taobao.idlefish,discharging,1,42.9,86.8,85,95,1,27.35,0.02,0.02,76,3.717,2.782,10.340694,28196,18038,0,-
15:12:24.269,snap,default,com.taobao.idlefish,discharging,1,42.9,89.8,85,95,1,27.35,0.02,0.02,75,3.711,2.874,10.665414,27192,17920,0,-
15:12:25.270,snap,default,com.taobao.idlefish,discharging,1,42.9,91.5,85,95,1,28.55,0.02,0.2,76,3.712,2.916,10.824191,27192,17920,0,-
15:12:26.277,snap,default,com.taobao.idlefish,discharging,1,42.9,91.9,85,95,1,28.55,0.02,0.2,74,3.718,2.708,10.068343,27564,17910,0,-
15:12:27.277,snap,default,com.taobao.idlefish,discharging,1,42.9,88.9,85,95,1,28.99,0.01,0.16,77,3.715,2.836,10.53574,27564,17910,0,-
15:12:28.277,snap,default,com.taobao.idlefish,discharging,1,42.9,85.9,85,95,1,28.99,0.01,0.16,73,3.76,2.17,8.159201,28503,14690,0,-
15:12:29.278,snap,default,com.taobao.idlefish,discharging,1,42.9,82.9,85,95,1,31.35,0.01,0.31,53,3.773,1.29,4.86717,28503,14690,0,-
15:12:30.280,snap,default,com.taobao.idlefish,discharging,1,42.9,82.8,85,95,1,31.35,0.01,0.31,75,3.717,2.614,9.716238,25488,16562,0,-
15:12:31.290,snap,default,com.taobao.idlefish,discharging,1,42.9,85.8,85,95,1,30.74,0.01,0.26,76,3.722,2.89,10.75658,25488,16562,0,-
15:12:32.307,snap,default,com.taobao.idlefish,discharging,1,42.9,88.8,85,95,1,30.74,0.01,0.26,76,3.713,2.826,10.492938,29367,17351,0,-
15:12:33.298,snap,default,com.taobao.idlefish,discharging,1,42.9,91.1,85,95,1,33.51,0,0.21,73,3.715,2.78,10.3277,29367,17351,0,-
15:12:34.299,snap,default,com.taobao.idlefish,discharging,1,42.9,88.1,85,95,1,33.51,0,0.21,0,3.818,1.364,5.2077518,24905,12346,0,-
15:12:35.301,snap,default,com.taobao.idlefish,discharging,1,42.9,85.1,85,95,1,35.04,0,0.17,60,3.806,1.306,4.970636,24905,12346,0,-
15:12:36.301,snap,default,com.taobao.idlefish,discharging,1,42.9,85.1,85,95,1,35.04,0,0.17,43,3.782,1.36,5.1435204,20517,11655,0,-
15:12:37.301,snap,default,com.taobao.idlefish,discharging,1,42.9,85.1,85,95,1,32.68,0,0.14,0,3.816,0.702,2.678832,20517,11655,0,-
15:12:38.303,snap,default,com.taobao.idlefish,discharging,1,42.9,85.1,85,95,1,28.57,0,0.11,0,3.83,0.614,2.35162,9549,4443,0,-
15:12:39.303,snap,default,com.taobao.idlefish,discharging,1,42.9,85.1,85,95,1,28.57,0,0.11,0,3.822,0.89,3.4015799,9549,4443,0,-
15:12:40.303,snap,default,com.taobao.idlefish,discharging,1,42.9,85.1,85,95,1,25.39,0,0.09,39,3.823,0.708,2.7066839,11305,5799,0,-
15:12:41.303,snap,default,com.taobao.idlefish,discharging,1,42.9,85.1,85,95,1,25.39,0,0.09,0,3.774,1.286,4.853364,11305,5799,0,-
15:12:42.303,snap,default,com.taobao.idlefish,discharging,1,42.9,82.1,85,95,1,27.49,0,0.07,56,3.762,1.474,5.545188,23350,13555,0,-
15:12:43.311,snap,default,com.taobao.idlefish,discharging,1,42.9,81.7,85,95,1,27.49,0,0.07,74,3.713,2.99,11.101871,23350,13555,0,-
15:12:44.316,snap,default,com.taobao.idlefish,discharging,1,42.9,84.7,85,95,1,30.3,0,0.06,80,3.701,3.104,11.487905,28719,17734,0,-
15:12:45.317,snap,default,com.taobao.idlefish,discharging,1,42.9,87.7,85,95,1,30.3,0,0.06,75,3.701,3.104,11.487905,28719,17734,0,-
15:12:46.317,snap,default,com.taobao.idlefish,discharging,1,42.9,90.7,85,95,1,30.3,0,0.06,75,3.714,2.852,10.592328,28719,17734,0,-
15:12:47.317,snap,default,com.taobao.idlefish,discharging,1,42.9,89.6,85,95,1,33.32,0,0.05,77,3.719,2.866,10.658654,29791,17531,0,-
15:12:48.318,snap,default,com.taobao.idlefish,discharging,1,42.9,89.6,85,95,1,33.32,0,0.05,72,3.799,2.092,7.947508,29791,17531,0,-
15:12:49.318,snap,default,com.taobao.idlefish,discharging,1,42.9,89.6,85,95,1,32.72,0,0.04,53,3.824,0.94,3.59456,18660,10072,0,-
15:12:50.319,snap,default,com.taobao.idlefish,discharging,1,43,89.6,85,95,1,32.72,0,0.04,0,3.81,0.99,3.7719,18660,10072,0,-
15:12:51.319,snap,default,com.taobao.idlefish,discharging,1,43,89.6,85,95,1,29.33,0,0.03,0,3.829,0.558,2.1365821,12640,6827,0,-
15:12:52.319,snap,default,com.taobao.idlefish,discharging,1,43,89.6,85,95,1,29.33,0,0.03,0,3.832,0.482,1.847024,12640,6827,0,-
15:12:53.319,snap,default,com.taobao.idlefish,discharging,1,43,89.6,85,95,1,25.1,0,0.02,0,3.828,0.562,2.151336,6067,2229,0,-
15:12:54.319,snap,default,com.taobao.idlefish,discharging,1,43,89.6,85,95,1,25.1,0,0.02,0,3.837,0.426,1.6345619,6067,2229,0,-
15:12:55.319,snap,default,com.taobao.idlefish,discharging,1,43,89.6,85,95,1,21.82,0,0.02,0,3.838,0.418,1.604284,5418,1901,0,-
15:12:56.320,snap,default,com.taobao.idlefish,discharging,1,43,89.6,85,95,1,21.82,0,0.02,0,3.835,0.408,1.56468,5418,1901,0,-
15:12:57.320,snap,default,com.taobao.idlefish,discharging,1,43,89.6,85,95,1,19.5,0,0.01,0,3.836,0.398,1.526728,5680,2040,0,-
15:12:58.321,snap,default,com.taobao.idlefish,discharging,1,43,89.6,85,95,1,19.5,0,0.01,0,3.835,0.4,1.534,5680,2040,0,-
15:12:59.321,snap,default,com.taobao.idlefish,discharging,1,43,89.6,85,95,1,17.41,0,0.01,0,3.835,0.462,1.7717701,5372,1884,0,-
15:13:00.322,snap,default,com.taobao.idlefish,discharging,1,43,89.6,85,95,1,17.41,0,0.01,0,3.836,0.494,1.8949839,5372,1884,0,-
15:13:01.323,snap,default,com.taobao.idlefish,discharging,1,43,89.6,85,95,1,16.97,0,0.01,0,3.83,0.576,2.20608,10831,4466,0,-
15:13:02.324,snap,default,com.taobao.idlefish,discharging,1,43,89.6,85,95,1,16.97,0,0.01,0,3.833,0.484,1.8551719,10831,4466,0,-
15:13:03.324,snap,default,com.taobao.idlefish,discharging,1,43,89.6,85,95,1,15.35,0,0,0,3.837,0.42,1.61154,5441,1901,0,-
15:13:04.324,snap,default,com.taobao.idlefish,discharging,1,43,89.6,85,95,1,15.35,0,0,0,3.837,0.448,1.718976,5441,1901,0,-
15:13:05.324,snap,default,com.taobao.idlefish,discharging,1,43,89.6,85,95,1,14.02,0,0,0,3.837,0.448,1.718976,6574,2485,0,-
15:13:06.325,snap,default,com.taobao.idlefish,discharging,1,43,89.6,85,95,1,14.02,0,0,0,3.832,0.666,2.552112,6574,2485,0,-
15:13:07.325,snap,default,com.taobao.idlefish,discharging,1,43,89.6,85,95,1,14.01,0,0,0,3.835,0.486,1.8638101,11608,5435,0,-
15:13:08.325,snap,default,com.taobao.idlefish,discharging,1,43,89.6,85,95,1,14.01,0,0,0,3.816,0.662,2.526192,11608,5435,0,-
15:13:09.325,snap,default,com.taobao.idlefish,discharging,1,43,89.6,85,95,1,14.37,0,0,21,3.788,1.12,4.24256,20731,12139,0,-
15:13:10.326,snap,default,com.taobao.idlefish,discharging,1,43,89.6,85,95,1,14.48,0,0,63,3.82,1.048,4.00336,20731,12139,0,-
15:13:11.326,snap,default,com.taobao.idlefish,discharging,1,43,89.6,85,95,1,14.48,0,0,0,3.832,0.59,2.26088,11999,5705,0,-
15:13:12.328,snap,default,com.taobao.idlefish,discharging,1,43,89.6,85,95,1,14.4,0,0,55,3.784,1.168,4.419712,11999,5705,0,-
15:13:13.327,snap,default,com.taobao.idlefish,discharging,1,43,89.6,85,95,1,14.4,0,0,55,3.794,1.448,5.4937115,11999,5705,0,-
15:13:14.328,snap,default,com.taobao.idlefish,discharging,1,43,89.6,85,95,1,16.68,0,0,68,3.772,1.222,4.609384,26033,16657,0,-
15:13:15.327,snap,default,com.taobao.idlefish,discharging,1,43,89.6,85,95,1,16.68,0,0,54,3.772,1.222,4.609384,26033,16657,0,-
15:13:16.328,snap,default,com.taobao.idlefish,discharging,1,43,89.6,85,95,1,16.68,0,0,54,3.808,1.182,4.501056,19727,11294,0,-
15:13:17.329,snap,default,com.taobao.idlefish,discharging,1,43,89.6,85,95,1,16.92,0,0,41,3.75,1.802,6.7575,19727,11294,0,-
15:13:18.329,snap,default,com.taobao.idlefish,discharging,1,43,89.6,85,95,1,16.92,0,0,41,3.794,1.18,4.4769197,20642,12055,0,-
15:13:19.330,snap,default,com.taobao.idlefish,discharging,1,43,89.6,85,95,1,16.21,0,0,58,3.833,0.54,2.0698202,20642,12055,0,-
15:13:20.331,snap,default,com.taobao.idlefish,discharging,1,43,89.6,85,95,1,16.21,0,0,0,3.837,0.454,1.741998,5743,1999,0,-
15:13:21.330,snap,default,com.taobao.idlefish,discharging,1,43,89.6,85,95,1,14.54,0,0,0,3.837,0.48,1.8417599,5743,1999,0,-
15:13:22.331,snap,default,com.taobao.idlefish,discharging,1,43,89.6,85,95,1,14.54,0,0,0,3.828,0.692,2.6489758,11525,5947,0,-
15:13:23.331,snap,default,com.taobao.idlefish,discharging,1,42.9,89.6,85,95,1,14.98,0,0,0,3.833,0.564,2.161812,11525,5947,0,-
15:13:24.332,snap,default,com.taobao.idlefish,discharging,1,42.9,89.6,85,95,1,14.98,0,0,0,3.833,0.534,2.0468218,10496,5409,0,-
15:13:25.333,snap,default,com.taobao.idlefish,discharging,1,42.9,89.6,85,95,1,14.62,0,0,0,3.832,0.506,1.9389919,10496,5409,0,-
15:13:26.333,snap,default,com.taobao.idlefish,discharging,1,42.9,89.6,85,95,1,14.62,0,0,0,3.836,0.498,1.9103279,10972,5454,0,-
15:13:27.333,snap,default,com.taobao.idlefish,discharging,1,42.9,89.6,85,95,1,14.33,0,0,0,3.834,0.5,1.917,10972,5454,0,-
15:13:28.334,snap,default,com.taobao.idlefish,discharging,1,42.9,89.6,85,95,1,14.33,0,0,0,3.834,0.5,1.917,10762,5629,0,-
15:13:29.334,snap,default,com.taobao.idlefish,discharging,1,42.9,89.6,85,95,1,14.09,0,0,0,3.832,0.528,2.0232959,10762,5629,0,-
15:13:30.334,snap,default,com.taobao.idlefish,discharging,1,42.9,89.6,85,95,1,14.09,0,0,0,3.835,0.512,1.9635202,9146,4428,0,-
15:13:31.335,snap,default,com.taobao.idlefish,discharging,1,42.9,89.6,85,95,1,13.34,0,0,0,3.84,0.464,1.7817599,9146,4428,0,-
15:13:32.335,snap,default,com.taobao.idlefish,discharging,1,42.9,89.6,85,95,1,13.34,0,0,0,3.835,0.524,2.00954,6075,2193,0,-
15:13:33.335,snap,default,com.taobao.idlefish,discharging,1,42.9,89.6,85,95,1,12.37,0,0,0,3.838,0.62,2.37956,6075,2193,0,-
15:13:34.335,snap,default,com.taobao.idlefish,discharging,1,42.9,89.6,85,95,1,12.37,0,0,24,3.829,0.98,3.7524202,14237,7482,0,-
15:13:35.336,snap,default,com.taobao.idlefish,discharging,1,42.9,89.6,85,95,1,12.31,0,0,0,3.837,0.542,2.079654,14237,7482,0,-
15:13:36.336,snap,default,com.taobao.idlefish,discharging,1,42.9,89.6,85,95,1,12.31,0,0,0,3.84,0.452,1.73568,8052,3339,0,-
15:13:37.336,snap,default,com.taobao.idlefish,discharging,1,42.9,89.6,85,95,1,12.07,0,0,0,3.834,0.466,1.786644,8052,3339,0,-
15:13:38.337,snap,default,com.taobao.idlefish,discharging,1,42.9,89.6,85,95,1,12.07,0,0,0,3.832,0.626,2.3988318,8052,3339,0,-
15:13:39.337,snap,default,com.taobao.idlefish,discharging,1,42.9,89.6,85,95,1,12.78,0,0,0,3.837,0.488,1.872456,10701,4198,0,-
15:13:40.337,snap,default,com.taobao.idlefish,discharging,1,42.9,89.6,85,95,1,12.78,0,0,0,3.837,0.468,1.7957159,10701,4198,0,-
15:13:41.338,snap,default,com.taobao.idlefish,discharging,1,42.9,89.6,85,95,1,11.91,0.18,0,0,3.84,0.436,1.6742399,7127,2496,0,-
15:13:42.338,snap,default,com.taobao.idlefish,discharging,1,42.9,89.6,85,95,1,11.02,0.14,0,0,3.839,0.376,1.4434639,7127,2496,0,-
15:13:43.339,snap,default,com.taobao.idlefish,discharging,1,42.9,89.6,85,95,1,11.02,0.14,0,0,3.842,0.402,1.544484,6034,2181,0,-
15:13:44.339,snap,default,com.taobao.idlefish,discharging,1,42.8,89.6,85,95,1,10.65,0.12,0,0,3.842,0.402,1.544484,6034,2181,0,-
15:13:45.339,snap,default,com.taobao.idlefish,discharging,1,42.8,89.6,85,95,1,10.65,0.12,0,0,3.84,0.402,1.54368,5268,1812,0,-
15:13:46.339,snap,default,com.taobao.idlefish,discharging,1,42.8,89.6,85,95,1,10.65,0.12,0,0,3.838,0.448,1.7194241,5268,1812,0,-
15:13:47.340,snap,default,com.taobao.idlefish,discharging,1,42.8,89.6,85,95,1,10.53,0.09,0,0,3.837,0.494,1.8954779,8004,3422,0,-
15:13:48.340,snap,default,com.taobao.idlefish,discharging,1,42.8,89.6,85,95,1,10.53,0.09,0,0,3.841,0.442,1.6977221,8004,3422,0,-
15:13:49.340,snap,default,com.taobao.idlefish,discharging,1,42.8,89.6,85,95,1,10.98,0.08,0,0,3.839,0.48,1.8427199,9562,4714,0,-
15:13:50.340,snap,default,com.taobao.idlefish,discharging,1,42.8,89.6,85,95,1,10.98,0.08,0,0,3.837,0.494,1.8954779,9562,4714,0,-
15:13:51.341,snap,default,com.taobao.idlefish,discharging,1,42.8,89.6,85,95,1,10.98,0.06,0,0,3.838,0.448,1.7194241,9304,4276,0,-
15:13:52.341,snap,default,com.taobao.idlefish,discharging,1,42.8,89.6,85,95,1,10.98,0.06,0,0,3.842,0.378,1.452276,9304,4276,0,-
15:13:53.341,snap,default,com.taobao.idlefish,discharging,1,42.8,89.6,85,95,1,10.62,0.05,0,0,3.835,0.462,1.7717701,7604,2892,0,-
15:13:54.341,snap,default,com.taobao.idlefish,discharging,1,42.8,89.6,85,95,1,10.62,0.05,0,0,3.841,0.394,1.5133541,7604,2892,0,-
15:13:55.342,snap,default,com.taobao.idlefish,discharging,1,42.7,89.6,85,95,1,10.33,0.04,0,0,3.846,0.382,1.469172,5874,2069,0,-
15:13:56.343,snap,default,com.taobao.idlefish,discharging,1,42.7,89.6,85,95,1,10.33,0.04,0,0,3.844,0.366,1.406904,5874,2069,0,-
15:13:57.343,snap,default,com.taobao.idlefish,discharging,1,42.7,89.6,85,95,1,10.09,0.03,0,0,3.845,0.366,1.40727,5267,1731,0,-
15:13:58.344,snap,default,com.taobao.idlefish,discharging,1,42.7,89.6,85,95,1,10.09,0.03,0,0,3.835,0.5,1.9175,5267,1731,0,-
15:13:59.344,snap,default,com.taobao.idlefish,discharging,1,42.7,89.6,85,95,1,9.89,0.02,0,30,3.839,0.566,2.172874,7674,3301,0,-
15:14:00.344,snap,default,com.taobao.idlefish,discharging,1,42.7,89.6,85,95,1,9.89,0.02,0,0,3.833,0.514,1.9701619,7674,3301,0,-
15:14:01.344,snap,default,com.taobao.idlefish,discharging,1,42.7,89.6,85,95,1,10.63,0.02,0,57,3.803,1.272,4.8374157,22242,14071,0,-
15:14:02.344,snap,default,com.taobao.idlefish,discharging,1,42.7,89.6,85,95,1,10.63,0.02,0,57,3.832,0.776,2.973632,22242,14071,0,-
15:14:03.344,snap,default,com.taobao.idlefish,discharging,1,42.7,89.6,85,95,1,11.79,0.01,0,49,3.803,1.26,4.79178,19907,12100,0,-
15:14:04.345,snap,default,com.taobao.idlefish,discharging,1,42.7,89.6,85,95,1,11.79,0.01,0,62,3.78,1.34,5.0652,19907,12100,0,-
15:14:05.345,snap,default,com.taobao.idlefish,discharging,1,42.7,89.6,85,95,1,12.91,0.01,0,0,3.829,0.494,1.891526,19907,12100,0,-
15:14:06.346,snap,default,com.taobao.idlefish,discharging,1,42.6,89.6,85,95,1,12.91,0.01,0,44,3.823,0.578,2.209694,11458,6302,0,-
15:14:07.355,snap,default,com.taobao.idlefish,discharging,1,42.6,86.6,85,95,1,12.74,0.01,0,0,3.788,1.06,4.01528,11458,6302,0,-
15:14:08.355,snap,default,com.taobao.idlefish,discharging,1,42.6,84.8,85,95,1,12.74,0.01,0,73,3.706,3.074,11.392243,22574,12330,0,-
15:14:09.356,snap,default,com.taobao.idlefish,discharging,1,42.6,84.8,85,95,1,17.32,0,0,83,3.721,3.202,11.914641,22574,12330,0,-
15:14:10.356,snap,default,com.taobao.idlefish,discharging,1,42.6,85.2,85,95,1,17.32,0,0,73,3.724,3,11.172,30270,20027,0,-
15:14:11.380,snap,default,com.taobao.idlefish,discharging,1,42.6,88,85,95,1,19.62,0,0,75,3.707,3.052,11.313765,30270,20027,0,-
15:14:12.361,snap,default,com.taobao.idlefish,discharging,1,42.6,88,85,95,1,23.49,0,0,71,3.764,2.416,9.093823,32724,18718,0,-
15:14:13.362,snap,default,com.taobao.idlefish,discharging,1,42.6,88,85,95,1,23.49,0,0,52,3.781,1.344,5.0816636,32724,18718,0,-
15:14:14.362,snap,default,com.taobao.idlefish,discharging,1,42.6,88,85,95,1,22.86,0,0,52,3.781,1.344,5.0816636,21952,11551,0,-
15:14:15.362,snap,default,com.taobao.idlefish,discharging,1,42.6,88,85,95,1,22.86,0,0,52,3.82,0.726,2.77332,21952,11551,0,-
15:14:16.363,snap,default,com.taobao.idlefish,discharging,1,42.6,88,85,95,1,22.86,0,0,0,3.829,0.492,1.8838681,8337,3491,0,-
15:14:17.363,snap,default,com.taobao.idlefish,discharging,1,42.6,88,85,95,1,19.98,0,0,0,3.824,0.604,2.3096957,8337,3491,0,-
15:14:18.363,snap,default,com.taobao.idlefish,discharging,1,42.6,88,85,95,1,19.98,0,0,0,3.815,0.718,2.73917,11728,3993,0,-
15:14:19.364,snap,default,com.taobao.idlefish,discharging,1,42.6,88,85,95,1,26.51,0,0,0,3.829,0.604,2.312716,11728,3993,0,-
15:14:20.364,snap,default,com.taobao.idlefish,discharging,1,42.6,88,85,95,1,26.51,0,0,0,3.832,0.48,1.83936,12122,4925,0,-
15:14:21.364,snap,default,com.taobao.idlefish,discharging,1,42.6,88,85,95,1,26.59,0,0.36,26,3.738,1.972,7.371336,12122,4925,0,-
15:14:22.370,snap,default,com.taobao.idlefish,discharging,1,42.6,85,85,95,1,26.59,0,0.36,82,3.715,2.84,10.550599,31810,19161,0,-
15:14:23.365,snap,default,com.taobao.idlefish,discharging,1,42.6,85,85,95,1,27.94,0,0.29,71,3.727,2.764,10.301428,31810,19161,0,-
15:14:24.365,snap,default,com.taobao.idlefish,discharging,1,42.6,85,85,95,1,27.94,0,0.29,73,3.794,1.276,4.841144,17013,9220,0,-
15:14:25.366,snap,default,com.taobao.idlefish,discharging,1,42.6,85,85,95,1,25.23,0,0.24,0,3.828,0.52,1.9905599,17013,9220,0,-
15:14:26.366,snap,default,com.taobao.idlefish,discharging,1,42.6,85,85,95,1,25.23,0,0.24,0,3.832,0.47,1.80104,7850,3303,0,-
15:14:27.367,snap,default,com.taobao.idlefish,discharging,1,42.5,85,85,95,1,22.29,0,0.19,0,3.84,0.466,1.7894399,7850,3303,0,-
15:14:28.367,snap,default,com.taobao.idlefish,discharging,1,42.5,85,85,95,1,22.29,0,0.19,0,3.83,0.48,1.8383999,6725,2445,0,-
15:14:29.367,snap,default,com.taobao.idlefish,discharging,1,42.5,85,85,95,1,19.7,0,0.16,0,3.835,0.49,1.87915,6725,2445,0,-
15:14:30.368,snap,default,com.taobao.idlefish,discharging,1,42.5,85,85,95,1,19.7,0,0.16,0,3.828,0.534,2.044152,6691,2404,0,-
15:14:31.369,snap,default,com.taobao.idlefish,discharging,1,42.5,85,85,95,1,17.58,0,0.13,15,3.835,0.49,1.87915,6691,2404,0,-
15:14:32.370,snap,default,com.taobao.idlefish,discharging,1,42.5,85,85,95,1,17.58,0,0.13,15,3.827,0.884,3.3830678,6691,2404,0,-
15:14:33.369,snap,default,com.taobao.idlefish,discharging,1,42.5,85,85,95,1,16.93,0,0.1,30,3.804,0.89,3.3855598,16535,9492,0,-
15:14:34.369,snap,default,com.taobao.idlefish,discharging,1,42.5,85,85,95,1,16.93,0,0.1,30,3.827,0.604,2.311508,16535,9492,0,-
15:14:35.370,snap,default,com.taobao.idlefish,discharging,1,42.5,85,85,95,1,17.67,0.18,0.08,18,3.734,2.092,7.8115277,20413,9788,0,-
15:14:36.370,snap,default,com.taobao.idlefish,discharging,1,42.5,85,85,95,1,17.67,0.18,0.08,31,3.802,1.17,4.44834,20413,9788,0,-
15:14:37.370,snap,default,com.taobao.idlefish,discharging,1,42.5,85,85,95,1,18.99,0.32,0.07,0,3.825,0.72,2.7540002,25370,13780,0,-
15:14:38.371,snap,default,com.taobao.idlefish,discharging,1,42.5,85,85,95,1,18.99,0.32,0.07,30,3.819,0.784,2.994096,25370,13780,0,-
15:14:39.371,snap,default,com.taobao.idlefish,discharging,1,42.5,85,85,95,1,19.36,0.26,0.05,30,3.831,0.534,2.045754,15862,8676,0,-
15:14:40.371,snap,default,com.taobao.idlefish,discharging,1,42.5,85,85,95,1,19.36,0.26,0.05,0,3.825,0.612,2.3409,15862,8676,0,-
15:14:41.374,snap,default,com.taobao.idlefish,discharging,1,42.5,85,85,95,1,16.94,0.22,0.04,0,3.817,0.766,2.923822,11411,5219,0,-
15:14:42.374,snap,default,com.taobao.idlefish,discharging,1,42.5,85,85,95,1,16.94,0.22,0.04,51,3.825,0.848,3.2436,11411,5219,0,-
15:14:43.374,snap,default,com.taobao.idlefish,discharging,1,42.5,85,85,95,1,17.31,0.18,0.03,0,3.828,0.548,2.097744,18275,10985,0,-
15:14:44.376,snap,default,com.taobao.idlefish,discharging,1,42.4,85,85,95,1,16.35,0.14,0.03,0,3.825,0.616,2.3562,18275,10985,0,-
15:14:45.376,snap,default,com.taobao.idlefish,discharging,1,42.4,85,85,95,1,16.35,0.14,0.03,0,3.825,0.616,2.3562,9828,4826,0,-
15:14:46.376,snap,default,com.taobao.idlefish,discharging,1,42.4,85,85,95,1,16.35,0.14,0.03,0,3.84,0.404,1.55136,9828,4826,0,-
15:14:47.376,snap,default,com.taobao.idlefish,discharging,1,42.4,85,85,95,1,14.83,0.12,0.02,0,3.841,0.416,1.597856,14309,6836,0,-
15:14:48.376,snap,default,com.taobao.idlefish,discharging,1,42.4,85,85,95,1,14.83,0.12,0.02,27,3.801,1.12,4.25712,14309,6836,0,-
15:14:49.377,snap,default,com.taobao.idlefish,discharging,1,42.4,85,85,95,1,16.86,0.28,0.2,0,3.818,0.764,2.9169521,15836,6441,0,-
15:14:50.377,snap,default,com.taobao.idlefish,discharging,1,42.4,85,85,95,1,16.86,0.28,0.2,0,3.833,0.538,2.0621538,15836,6441,0,-
15:14:51.377,snap,default,com.taobao.idlefish,discharging,1,42.4,85,85,95,1,14.89,0.22,0.16,0,3.834,0.488,1.8709921,6435,2039,0,-
15:14:52.378,snap,default,com.taobao.idlefish,discharging,1,42.4,85,85,95,1,14.89,0.22,0.16,0,3.835,0.454,1.74109,6435,2039,0,-
15:14:53.378,snap,default,com.taobao.idlefish,discharging,1,42.4,85,85,95,1,12.73,0.18,0.13,0,3.834,0.484,1.855656,9132,2921,0,-
15:14:54.379,snap,default,com.taobao.idlefish,discharging,1,42.4,85,85,95,1,12.73,0.18,0.13,0,3.812,0.764,2.912368,9132,2921,0,-
15:14:55.381,snap,default,com.taobao.idlefish,discharging,1,42.4,85,85,95,1,12.78,0.15,0.11,0,3.817,0.816,3.114672,15198,6890,0,-
15:14:56.381,snap,default,com.taobao.idlefish,discharging,1,42.4,85,85,95,1,12.78,0.15,0.11,0,3.827,0.62,2.37274,15198,6890,0,-
15:14:57.382,snap,default,com.taobao.idlefish,discharging,1,42.4,85,85,95,1,11.55,0.12,0.09,0,3.831,0.582,2.2296422,15198,6890,0,-
15:14:58.383,snap,default,com.taobao.idlefish,discharging,1,42.4,85,85,95,1,11.55,0.12,0.09,0,3.831,0.574,2.1989942,10019,3804,0,-
15:14:59.383,snap,default,com.taobao.idlefish,discharging,1,42.4,85,85,95,1,10.54,0.1,0.07,0,3.837,0.504,1.933848,10019,3804,0,-
15:15:00.383,snap,default,com.taobao.idlefish,discharging,1,42.4,85,85,95,1,10.54,0.1,0.07,14,3.836,0.596,2.286256,9866,3807,0,-
15:15:01.384,snap,default,com.taobao.idlefish,discharging,1,42.4,85,85,95,1,10.99,0.08,0.06,63,3.799,1.272,4.832328,9866,3807,0,-
15:15:02.386,snap,default,com.taobao.idlefish,discharging,1,42.4,85,85,95,1,10.99,0.08,0.06,50,3.797,1.012,3.8425639,23602,12881,0,-
15:15:03.394,snap,default,com.taobao.idlefish,discharging,1,42.3,85,85,95,1,11.53,0.06,0.04,50,3.823,1.038,3.9682739,23602,12881,0,-
15:15:04.394,snap,default,com.taobao.idlefish,discharging,1,42.3,85,85,95,1,11.53,0.06,0.04,54,3.783,1.054,3.987282,17541,9450,0,-
15:15:05.394,snap,default,com.taobao.idlefish,discharging,1,42.3,85,85,95,1,12.89,0.05,0.03,54,3.807,0.746,2.8400218,17541,9450,0,-
15:15:06.395,snap,default,com.taobao.idlefish,discharging,1,42.3,82,85,95,1,12.89,0.05,0.03,65,3.783,1.612,6.098196,20095,12481,0,-
15:15:07.395,snap,default,com.taobao.idlefish,discharging,1,42.3,79,85,95,1,15.62,0.04,0.03,77,3.689,3.26,12.026139,20095,12481,0,-
15:15:08.396,snap,default,com.taobao.idlefish,discharging,1,42.3,79,85,95,1,15.62,0.04,0.03,81,3.706,3.082,11.421892,29255,17089,0,-
15:15:09.398,snap,default,com.taobao.idlefish,discharging,1,42.3,76.5,85,95,1,17.86,0.03,0.02,78,3.678,3.344,12.2992325,29255,17089,0,-
15:15:10.398,snap,default,com.taobao.idlefish,discharging,1,42.3,76.5,85,95,1,17.86,0.03,0.02,75,3.686,3.246,11.964757,30834,17936,0,-
15:15:11.411,snap,default,com.taobao.idlefish,discharging,1,42.3,77.7,85,95,1,20.61,0.03,0.38,75,3.746,2.242,8.398533,30834,17936,0,-
15:15:12.404,snap,default,com.taobao.idlefish,discharging,1,42.3,80.7,85,95,1,20.61,0.03,0.38,61,3.72,2.27,8.4444,28514,15965,0,-
15:15:13.405,snap,default,com.taobao.idlefish,discharging,1,42.3,83.7,85,95,1,21.76,0.02,0.31,78,3.709,2.886,10.704174,28514,15965,0,-
15:15:14.405,snap,default,com.taobao.idlefish,discharging,1,42.3,86.7,85,95,1,21.76,0.02,0.31,75,3.705,3.014,11.166869,30280,17719,0,-
15:15:15.406,snap,default,com.taobao.idlefish,discharging,1,42.3,89.6,85,95,1,25.25,0.01,0.25,81,3.717,2.818,10.474506,30280,17719,0,-
15:15:16.405,snap,default,com.taobao.idlefish,discharging,1,42.3,90.7,85,95,1,27.38,0.01,0.21,74,3.706,2.876,10.658456,27478,17544,0,-
15:15:17.407,snap,default,com.taobao.idlefish,discharging,1,42.3,90.3,85,95,1,27.38,0.01,0.21,74,3.706,2.876,10.658456,27478,17544,0,-
15:15:18.408,snap,default,com.taobao.idlefish,discharging,1,42.3,90.3,85,95,1,27.38,0.01,0.21,76,3.718,2.832,10.529376,29275,16639,0,-
15:15:19.408,snap,default,com.taobao.idlefish,discharging,1,42.3,90.3,85,95,1,31.11,0.01,1.07,73,3.734,2.478,9.2528515,29275,16639,0,-
15:15:20.408,snap,default,com.taobao.idlefish,discharging,1,42.3,90.3,85,95,1,31.11,0.01,1.07,58,3.797,1.048,3.979256,13220,6932,0,-
15:15:21.408,snap,default,com.taobao.idlefish,discharging,1,42.3,87.3,85,95,1,28.01,0.01,0.88,29,3.793,1.038,3.937134,13220,6932,0,-
15:15:22.408,snap,default,com.taobao.idlefish,discharging,1,42.3,84.3,85,95,1,28.01,0.01,0.88,65,3.712,2.308,8.567296,29781,19853,0,-
15:15:23.409,snap,default,com.taobao.idlefish,discharging,1,42.3,84.4,85,95,1,28.37,0,0.72,80,3.694,2.754,10.173276,29781,19853,0,-
15:15:24.409,snap,default,com.taobao.idlefish,discharging,1,42.3,84.4,85,95,1,28.37,0,0.72,72,3.713,2.62,9.72806,29781,19853,0,-
15:15:25.409,snap,default,com.taobao.idlefish,discharging,1,42.3,81.4,85,95,1,28.48,0,0.59,72,3.794,1.68,6.3739195,29298,17816,0,-
15:15:26.410,snap,default,com.taobao.idlefish,discharging,1,42.3,78.4,85,95,1,28.48,0,0.59,44,3.791,1.282,4.8600616,29298,17816,0,-
15:15:27.410,snap,default,com.taobao.idlefish,discharging,1,42.3,75.4,85,95,1,27.13,0,0.48,28,3.761,1.534,5.769374,22688,13817,0,-
15:15:28.410,snap,default,com.taobao.idlefish,discharging,1,42.3,78.4,85,95,1,27.13,0,0.48,64,3.724,2.426,9.034425,22688,13817,0,-
15:15:29.413,snap,default,com.taobao.idlefish,discharging,1,42.3,79.3,85,95,1,28.01,0,0.39,78,3.71,3.092,11.47132,30009,19338,0,-
15:15:30.414,snap,default,com.taobao.idlefish,discharging,1,42.3,76.3,85,95,1,28.01,0,0.39,73,3.807,1.434,5.459238,30009,19338,0,-
15:15:31.415,snap,default,com.taobao.idlefish,discharging,1,42.3,73.4,85,95,1,27.1,0,0.32,48,3.806,1.096,4.1713758,21132,12126,0,-
15:15:32.415,snap,default,com.taobao.idlefish,discharging,1,42.3,71.8,85,95,1,27.1,0,0.32,48,3.817,0.828,3.160476,21132,12126,0,-
15:15:33.415,snap,default,com.taobao.idlefish,discharging,1,42.3,71.8,85,95,1,25.45,0,0.26,28,3.743,1.546,5.786678,19550,11839,0,-
15:15:34.416,snap,default,com.taobao.idlefish,discharging,1,42.3,74.8,85,95,1,25.45,0,0.26,84,3.729,2.448,9.1285925,19550,11839,0,-
15:15:35.417,snap,default,com.taobao.idlefish,discharging,1,42.3,77.8,85,95,1,25.01,0,0.21,81,3.714,2.782,10.332348,26435,18144,0,-
15:15:36.417,snap,default,com.taobao.idlefish,discharging,1,42.3,77.8,85,95,1,25.01,0,0.21,75,3.699,2.818,10.423782,26435,18144,0,-
15:15:37.417,snap,default,com.taobao.idlefish,discharging,1,42.3,80.8,85,95,1,25.18,0,0.17,76,3.701,2.942,10.888342,29460,17503,0,-
15:15:38.417,snap,default,com.taobao.idlefish,discharging,1,42.3,83.8,85,95,1,25.18,0,0.17,73,3.775,2.266,8.554151,29460,17503,0,-
15:15:39.417,snap,default,com.taobao.idlefish,discharging,1,42.3,80.8,85,95,1,27.14,0,0.14,39,3.799,0.808,3.0695922,19288,10615,0,-
15:15:40.418,snap,default,com.taobao.idlefish,discharging,1,42.3,80.8,85,95,1,27.14,0,0.14,20,3.794,1.326,5.0308437,19288,10615,0,-
15:15:41.418,snap,default,com.taobao.idlefish,discharging,1,42.3,80.8,85,95,1,24.76,0,0.11,20,3.82,0.65,2.4829998,14497,7392,0,-
15:15:42.419,snap,default,com.taobao.idlefish,discharging,1,42.3,80.8,85,95,1,24.76,0,0.11,26,3.786,1.07,4.05102,14497,7392,0,-
15:15:43.419,snap,default,com.taobao.idlefish,discharging,1,42.3,80.8,85,95,1,22.63,0,0.09,0,3.82,0.504,1.92528,13342,6335,0,-
15:15:44.421,snap,default,com.taobao.idlefish,discharging,1,42.3,80.8,85,95,1,22.63,0,0.09,38,3.801,0.838,3.1852381,13342,6335,0,-
15:15:45.422,snap,default,com.taobao.idlefish,discharging,1,42.3,80.8,85,95,1,21.25,0,0.07,38,3.823,0.782,2.9895859,13954,8038,0,-
15:15:46.422,snap,default,com.taobao.idlefish,discharging,1,42.3,80.8,85,95,1,21.25,0,0.07,35,3.823,0.782,2.9895859,13954,8038,0,-
15:15:47.423,snap,default,com.taobao.idlefish,discharging,1,42.3,80.8,85,95,1,21.25,0,0.07,35,3.778,0.87,3.2868602,15389,8518,0,-
15:15:48.423,snap,default,com.taobao.idlefish,discharging,1,42.3,80.8,85,95,1,19.57,0,0.06,35,3.811,1.152,4.390272,15389,8518,0,-
15:15:49.424,snap,default,com.taobao.idlefish,discharging,1,42.3,80.8,85,95,1,19.65,0,0.05,53,3.817,0.936,3.572712,16104,9344,0,-
15:15:50.424,snap,default,com.taobao.idlefish,discharging,1,42.3,80.8,85,95,1,19.65,0,0.05,53,3.821,0.976,3.7292962,16104,9344,0,-
15:15:51.424,snap,default,com.taobao.idlefish,discharging,1,42.3,80.8,85,95,1,18.99,0,0.04,38,3.783,1.202,4.547166,16104,9344,0,-
15:15:52.424,snap,default,com.taobao.idlefish,discharging,1,42.3,80.8,85,95,1,18.99,0,0.04,81,3.81,1.034,3.9395401,22326,14797,0,-
15:15:53.425,snap,default,com.taobao.idlefish,discharging,1,42.3,80.8,85,95,1,17.72,0,0.03,0,3.825,0.468,1.7901,22326,14797,0,-
15:15:54.425,snap,default,com.taobao.idlefish,discharging,1,42.3,80.8,85,95,1,17.72,0,0.03,27,3.825,0.482,1.84365,8002,3080,0,-
15:15:55.426,snap,default,com.taobao.idlefish,discharging,1,42.3,80.8,85,95,1,15.96,0,0.02,0,3.822,0.47,1.79634,8002,3080,0,-
15:15:56.426,snap,default,com.taobao.idlefish,discharging,1,42.3,80.8,85,95,1,15.96,0,0.02,0,3.824,0.424,1.6213759,6667,2418,0,-
15:15:57.426,snap,default,com.taobao.idlefish,discharging,1,42.3,80.8,85,95,1,14.51,0,0.02,0,3.818,0.506,1.931908,6667,2418,0,-
15:15:58.426,snap,default,com.taobao.idlefish,discharging,1,42.3,80.8,85,95,1,14.51,0,0.02,0,3.831,0.41,1.5707101,7203,2638,0,-
15:15:59.426,snap,default,com.taobao.idlefish,discharging,1,42.3,80.8,85,95,1,14.06,0,0.01,17,3.821,0.788,3.010948,7203,2638,0,-
15:16:00.426,snap,default,com.taobao.idlefish,discharging,1,42.3,80.8,85,95,1,14.06,0,0.01,17,3.804,0.862,3.279048,24205,12968,0,-
15:16:01.427,snap,default,com.taobao.idlefish,discharging,1,42.3,80.8,85,95,1,14.95,0.18,0.01,41,3.815,0.86,3.2809,24205,12968,0,-
15:16:02.428,snap,default,com.taobao.idlefish,discharging,1,42.3,80.8,85,95,1,14.95,0.18,0.01,40,3.795,0.992,3.76464,23087,14573,0,-
15:16:03.428,snap,default,com.taobao.idlefish,discharging,1,42.3,80.8,85,95,1,17.32,0.14,0.01,59,3.804,1.38,5.24952,23087,14573,0,-
15:16:04.428,snap,default,com.taobao.idlefish,discharging,1,42.3,80.8,85,95,1,17.32,0.14,0.01,0,3.801,1.018,3.8694181,31652,17422,0,-
15:16:05.429,snap,default,com.taobao.idlefish,discharging,1,42.3,80.8,85,95,1,18.34,0.12,0,0,3.819,0.8,3.0552,31652,17422,0,-
15:16:06.429,snap,default,com.taobao.idlefish,discharging,1,42.3,80.8,85,95,1,18.34,0.12,0,15,3.814,0.704,2.685056,21822,11744,0,-
15:16:07.429,snap,default,com.taobao.idlefish,discharging,1,42.3,80.8,85,95,1,18.64,0.09,0,38,3.795,1.194,4.53123,21822,11744,0,-
15:16:08.429,snap,default,com.taobao.idlefish,discharging,1,42.3,80.8,85,95,1,18.64,0.09,0,52,3.78,1.246,4.7098804,29806,17451,0,-
15:16:09.430,snap,default,com.taobao.idlefish,discharging,1,42.3,80.8,85,95,1,19.79,0.08,0,52,3.786,1.08,4.08888,29806,17451,0,-
15:16:10.430,snap,default,com.taobao.idlefish,discharging,1,42.3,80.8,85,95,1,19.79,0.08,0,39,3.784,1.216,4.6013436,32004,18316,0,-
15:16:11.431,snap,default,com.taobao.idlefish,discharging,1,42.3,80.8,85,95,1,21.64,0.06,0,60,3.779,1.434,5.419086,32004,18316,0,-
15:16:12.430,snap,default,com.taobao.idlefish,discharging,1,42.3,80.8,85,95,1,21.64,0.06,0,60,3.806,1.036,3.943016,27238,16483,0,-
15:16:13.439,snap,default,com.taobao.idlefish,discharging,1,42.3,80.8,85,95,1,20.8,0.05,0,51,3.813,0.678,2.585214,27238,16483,0,-
15:16:14.439,snap,default,com.taobao.idlefish,discharging,1,42.3,80.8,85,95,1,20.8,0.05,0,20,3.799,1.018,3.867382,21547,11650,0,-
15:16:15.444,snap,default,com.taobao.idlefish,discharging,1,42.3,77.8,85,95,1,20.65,0.04,0,20,3.796,1.016,3.8567362,21547,11650,0,-
15:16:16.444,snap,default,com.taobao.idlefish,discharging,1,42.3,74.8,85,95,1,20.65,0.04,0,39,3.774,1.584,5.978016,35945,21479,0,-
15:16:17.444,snap,default,com.taobao.idlefish,discharging,1,42.3,71.8,85,95,1,21.98,0.03,0,65,3.779,1.354,5.116766,35945,21479,0,-
15:16:18.444,snap,default,com.taobao.idlefish,discharging,1,42.3,70.2,85,95,1,21.98,0.03,0,62,3.798,1.002,3.805596,35945,21479,0,-
15:16:19.445,snap,default,com.taobao.idlefish,discharging,1,42.3,67.2,85,95,1,21.44,0.02,0,62,3.805,0.86,3.2723,26203,16472,0,-
15:16:20.445,snap,default,com.taobao.idlefish,discharging,1,42.3,64.2,85,95,1,21.44,0.02,0,37,3.805,0.86,3.2723,26203,16472,0,-
15:16:21.445,snap,default,com.taobao.idlefish,discharging,1,42.3,62.7,85,95,1,21.44,0.02,0,37,3.823,0.676,2.584348,25944,14045,0,-
15:16:22.450,snap,default,com.taobao.idlefish,discharging,1,42.3,65.7,85,95,1,21,0.02,0,47,3.781,1.388,5.248028,25944,14045,0,-
15:16:23.450,snap,default,com.taobao.idlefish,discharging,1,42.3,66.3,85,95,1,21.36,0.01,0,52,3.811,0.998,3.803378,30033,19818,0,-
15:16:24.450,snap,default,com.taobao.idlefish,discharging,1,42.3,66.3,85,95,1,21.36,0.01,0,56,3.777,1.278,4.827006,30033,19818,0,-
15:16:25.450,snap,default,com.taobao.idlefish,discharging,1,42.3,67.1,85,95,1,20.21,0.01,0,56,3.824,0.594,2.2714558,18257,9802,0,-
15:16:26.453,snap,default,com.taobao.idlefish,discharging,1,42.3,64.1,85,95,1,20.21,0.01,0,39,3.771,1.126,4.246146,18257,9802,0,-
15:16:27.454,snap,default,com.taobao.idlefish,discharging,1,42.3,64.1,85,95,1,19.99,0.01,0,39,3.824,0.7,2.6767998,20369,11619,0,-
15:16:28.454,snap,default,com.taobao.idlefish,discharging,1,42.3,64.1,85,95,1,19.99,0.01,0,53,3.695,2.934,10.84113,20369,11619,0,-
15:16:29.459,snap,default,com.taobao.idlefish,discharging,1,42.3,64.1,85,95,1,23.07,0,0.18,82,3.688,3.214,11.853231,29256,18441,0,-
15:16:30.459,snap,default,com.taobao.idlefish,discharging,1,42.3,64.1,85,95,1,23.07,0,0.18,70,3.705,3.112,11.52996,29256,18441,0,-
15:16:31.460,snap,default,com.taobao.idlefish,discharging,1,42.3,64.1,85,95,1,24.5,0,0.32,81,3.693,2.872,10.606297,28412,16649,0,-
15:16:32.464,snap,default,com.taobao.idlefish,discharging,1,42.3,64.1,85,95,1,24.5,0,0.32,77,3.706,2.776,10.287856,28412,16649,0,-
15:16:33.464,snap,default,com.taobao.idlefish,discharging,1,42.3,64.1,85,95,1,25.14,0,0.26,82,3.693,2.91,10.746631,27388,16029,0,-
15:16:34.464,snap,default,com.taobao.idlefish,discharging,1,42.3,64.1,85,95,1,25.14,0,0.26,77,3.713,2.734,10.151342,27388,16029,0,-
15:16:35.493,snap,default,com.taobao.idlefish,discharging,1,42.3,64.1,85,95,1,25.84,0,0.76,78,3.698,2.78,10.280439,27142,16399,0,-
15:16:36.494,snap,default,com.taobao.idlefish,discharging,1,42.3,64.1,85,95,1,25.84,0,0.76,82,3.701,2.88,10.65888,27142,16399,0,-
15:16:37.494,snap,default,com.taobao.idlefish,discharging,1,42.3,67.1,85,95,1,30.94,0,1.35,77,3.767,1.872,7.0518236,26364,13462,0,-
15:16:38.499,snap,default,com.taobao.idlefish,discharging,1,42.3,67.1,85,95,1,30.94,0,1.35,24,3.748,1.392,5.2172155,26364,13462,0,-
15:16:39.496,snap,default,com.taobao.idlefish,discharging,1,42.3,67.1,85,95,1,30.22,0,1.1,70,3.708,2.684,9.952271,29759,18591,0,-
15:16:40.495,snap,default,com.taobao.idlefish,discharging,1,42.3,67.1,85,95,1,30.22,0,1.1,74,3.716,2.656,9.869696,29759,18591,0,-
15:16:41.504,snap,default,com.taobao.idlefish,discharging,1,42.3,67.1,85,95,1,29.28,0,0.9,83,3.706,2.716,10.065496,29728,18777,0,-
15:16:42.506,snap,default,com.taobao.idlefish,discharging,1,42.3,70.1,85,95,1,29.28,0,0.9,80,3.739,2.37,8.86143,29728,18777,0,-
15:16:43.503,snap,default,com.taobao.idlefish,discharging,1,42.3,73.1,85,95,1,28.5,0,0.74,0,3.797,0.936,3.5539918,16860,9112,0,-
15:16:44.504,snap,default,com.taobao.idlefish,discharging,1,42.2,72.6,85,95,1,28.5,0,0.74,34,3.8,1.064,4.0432,16860,9112,0,-
15:16:45.504,snap,default,com.taobao.idlefish,discharging,1,42.2,71.4,85,95,1,26.23,0,0.6,31,3.77,1.232,4.64464,16860,9112,0,-
15:16:46.505,snap,default,com.taobao.idlefish,discharging,1,42.2,68.4,85,95,1,26.23,0,0.6,0,3.814,0.742,2.8299878,18048,10120,0,-
15:16:47.505,snap,default,com.taobao.idlefish,discharging,1,42.2,65.4,85,95,1,23.65,0,0.49,0,3.821,0.424,1.6201041,18048,10120,0,-
15:16:48.505,snap,default,com.taobao.idlefish,discharging,1,42.2,62.4,85,95,1,23.65,0,0.49,0,3.826,0.408,1.561008,7747,2757,0,-
15:16:49.506,snap,default,com.taobao.idlefish,discharging,1,42.2,59.6,85,95,1,20.82,0,0.4,0,3.822,0.44,1.68168,7747,2757,0,-
15:16:50.506,snap,default,com.taobao.idlefish,discharging,1,42.3,59.2,85,95,1,20.82,0,0.4,0,3.82,0.472,1.80304,7913,2838,0,-
15:16:51.507,snap,default,com.taobao.idlefish,discharging,1,42.3,58.4,85,95,1,18.86,0,0.33,0,3.827,0.44,1.68388,7913,2838,0,-
15:16:52.507,snap,default,com.taobao.idlefish,discharging,1,42.3,57.6,85,95,1,18.86,0,0.33,0,3.827,0.386,1.477222,7623,2981,0,-
15:16:53.507,snap,default,com.taobao.idlefish,discharging,1,42.3,56.8,85,95,1,17.07,0,0.27,0,3.827,0.386,1.477222,7623,2981,0,-
15:16:54.509,snap,default,com.taobao.idlefish,discharging,1,42.3,56.8,85,95,1,17.07,0,0.27,0,3.827,0.388,1.484876,6415,2411,0,-
15:16:55.509,snap,default,com.taobao.idlefish,discharging,1,42.3,56.8,85,95,1,17.07,0,0.27,18,3.815,0.674,2.57131,6415,2411,0,-
15:16:56.510,snap,default,com.taobao.idlefish,discharging,1,42.3,56.8,85,95,1,16.69,0,0.22,18,3.826,0.644,2.463944,13104,6615,0,-
15:16:57.512,snap,default,com.taobao.idlefish,discharging,1,42.3,56.8,85,95,1,15.12,0,0.18,0,3.829,0.444,1.700076,13104,6615,0,-
15:16:58.513,snap,default,com.taobao.idlefish,discharging,1,42.3,58.4,85,95,1,15.12,0,0.18,0,3.791,0.734,2.782594,12362,6871,0,-
15:16:59.513,snap,default,com.taobao.idlefish,discharging,1,42.3,58.4,85,95,1,15.46,0,0.14,51,3.817,0.866,3.305522,12362,6871,0,-
15:17:00.514,snap,default,com.taobao.idlefish,discharging,1,42.3,57.2,85,95,1,15.46,0,0.14,51,3.824,0.406,1.5525439,8334,3471,0,-
15:17:01.514,snap,default,com.taobao.idlefish,discharging,1,42.3,56,85,95,1,14.47,0,0.12,0,3.821,0.464,1.772944,8334,3471,0,-
15:17:02.514,snap,default,com.taobao.idlefish,discharging,1,42.3,56,85,95,1,14.47,0,0.12,0,3.82,0.404,1.54328,6950,2379,0,-
15:17:03.515,snap,default,com.taobao.idlefish,discharging,1,42.3,55.2,85,95,1,13.11,0,0.09,0,3.82,0.476,1.81832,6950,2379,0,-
15:17:04.515,snap,default,com.taobao.idlefish,discharging,1,42.3,55.2,85,95,1,13.11,0,0.09,0,3.826,0.38,1.45388,6490,2394,0,-
15:17:05.515,snap,default,com.taobao.idlefish,discharging,1,42.3,54.4,85,95,1,12.37,0,0.08,0,3.824,0.464,1.7743359,6490,2394,0,-
15:17:06.516,snap,default,com.taobao.idlefish,discharging,1,42.3,54,85,95,1,12.37,0,0.08,0,3.823,0.482,1.8426859,9381,3815,0,-
15:17:07.516,snap,default,com.taobao.idlefish,discharging,1,42.3,54,85,95,1,12.48,0,0.06,23,3.798,0.672,2.552256,9381,3815,0,-
15:17:08.517,snap,default,com.taobao.idlefish,discharging,1,42.3,54,85,95,1,12.48,0,0.06,23,3.818,0.608,2.321344,13501,6872,0,-
15:17:09.517,snap,default,com.taobao.idlefish,discharging,1,42.3,54.4,85,95,1,12.94,0,0.05,23,3.822,0.574,2.193828,13501,6872,0,-
15:17:10.517,snap,default,com.taobao.idlefish,discharging,1,42.2,54.4,85,95,1,12.94,0,0.05,23,3.826,0.5,1.913,9681,4088,0,-
15:17:11.517,snap,default,com.taobao.idlefish,discharging,1,42.2,54.4,85,95,1,12.59,0,0.04,23,3.825,0.514,1.96605,9681,4088,0,-
15:17:12.518,snap,default,com.taobao.idlefish,discharging,1,42.2,54.4,85,95,1,12.59,0,0.04,0,3.822,0.506,1.933932,9681,4088,0,-
15:17:13.518,snap,default,com.taobao.idlefish,discharging,1,42.2,55.6,85,95,1,12.3,0,0.03,12,3.815,0.5,1.9075,11403,4777,0,-
15:17:14.518,snap,default,com.taobao.idlefish,discharging,1,42.2,55.6,85,95,1,12.3,0,0.03,0,3.813,0.702,2.676726,11403,4777,0,-
15:17:15.518,snap,default,com.taobao.idlefish,discharging,1,42.2,54.4,85,95,1,12.79,0,0.02,0,3.821,0.49,1.8722901,12704,5538,0,-
15:17:16.518,snap,default,com.taobao.idlefish,discharging,1,42.2,54.4,85,95,1,12.79,0,0.02,0,3.821,0.552,2.109192,12704,5538,0,-
15:17:17.519,snap,default,com.taobao.idlefish,discharging,1,42.2,54,85,95,1,11.74,0,0.02,0,3.809,0.574,2.186366,6718,2508,0,-
15:17:18.519,snap,default,com.taobao.idlefish,discharging,1,42.2,53.6,85,95,1,11.74,0,0.02,0,3.823,0.52,1.9879599,6718,2508,0,-
15:17:19.519,snap,default,com.taobao.idlefish,discharging,1,42.2,54,85,95,1,11.42,0,0.01,0,3.826,0.436,1.668136,8804,3546,0,-
15:17:20.519,snap,default,com.taobao.idlefish,discharging,1,42.2,53.2,85,95,1,11.42,0,0.01,0,3.828,0.572,2.1896162,8804,3546,0,-
15:17:21.520,snap,default,com.taobao.idlefish,discharging,1,42.2,53.2,85,95,1,12.07,0,0.01,0,3.829,0.446,1.707734,11397,4290,0,-
15:17:22.520,snap,default,com.taobao.idlefish,discharging,1,42.2,53.2,85,95,1,12.07,0,0.01,0,3.829,0.446,1.707734,11397,4290,0,-
15:17:23.520,snap,default,com.taobao.idlefish,discharging,1,42.2,56,85,95,1,12.07,0,0.01,0,3.822,0.514,1.964508,8456,3351,0,-
15:17:24.520,snap,default,com.taobao.idlefish,discharging,1,42.2,56,85,95,1,11.69,0,0.01,0,3.801,0.836,3.1776361,8456,3351,0,-
15:17:25.521,snap,default,com.taobao.idlefish,discharging,1,42.2,57.2,85,95,1,11.69,0,0.01,20,3.731,1.916,7.148596,39181,13824,0,-
15:17:26.521,snap,default,com.taobao.idlefish,discharging,1,42.2,58,85,95,1,16.1,0.72,0.91,0,3.795,1.316,4.9942203,39181,13824,0,-
15:17:27.521,snap,default,com.taobao.idlefish,discharging,1,42.2,58,85,95,1,15.35,0.59,0.75,0,3.825,0.5,1.9125,9184,4211,0,-
15:17:28.523,snap,default,com.taobao.idlefish,discharging,1,42.2,55.2,85,95,1,15.35,0.59,0.75,0,3.825,0.468,1.7901,9184,4211,0,-
15:17:29.522,snap,default,com.taobao.idlefish,discharging,1,42.2,54,85,95,1,14.02,0.48,0.61,0,3.826,0.47,1.79822,6585,2326,0,-
15:17:30.523,snap,default,com.taobao.idlefish,discharging,1,42.1,53.6,85,95,1,14.02,0.48,0.61,0,3.829,0.444,1.700076,6585,2326,0,-
15:17:31.523,snap,default,com.taobao.idlefish,discharging,1,42.1,52.8,85,95,1,13.11,0.39,0.5,0,3.829,0.448,1.715392,5771,1990,0,-
15:17:32.524,snap,default,com.taobao.idlefish,discharging,1,42.1,52.8,85,95,1,13.11,0.39,0.5,0,3.831,0.42,1.60902,5771,1990,0,-
15:17:33.524,snap,default,com.taobao.idlefish,discharging,1,42.1,52.8,85,95,1,12.91,0.32,0.41,0,3.823,0.592,2.263216,10737,5052,0,-
15:17:34.524,snap,default,com.taobao.idlefish,discharging,1,42.1,53.2,85,95,1,12.91,0.32,0.41,0,3.815,0.572,2.1821802,10737,5052,0,-
15:17:35.525,snap,default,com.taobao.idlefish,discharging,1,42.1,53.2,85,95,1,13.1,0.26,0.33,0,3.823,0.634,2.4237819,13454,6245,0,-
15:17:36.525,snap,default,com.taobao.idlefish,discharging,1,42.1,53.2,85,95,1,13.1,0.26,0.33,25,3.811,0.714,2.721054,13454,6245,0,-
15:17:37.526,snap,default,com.taobao.idlefish,discharging,1,42.1,53.2,85,95,1,12.72,0.21,0.27,25,3.828,0.49,1.87572,13454,6245,0,-
15:17:38.526,snap,default,com.taobao.idlefish,discharging,1,42.1,53.2,85,95,1,12.72,0.21,0.27,0,3.828,0.488,1.868064,8934,3660,0,-
15:17:39.526,snap,default,com.taobao.idlefish,discharging,1,42.1,53.2,85,95,1,12.23,0.17,0.22,0,3.825,0.532,2.0349,8934,3660,0,-
15:17:40.527,snap,default,com.taobao.idlefish,discharging,1,42,53.6,85,95,1,12.23,0.17,0.22,0,3.821,0.558,2.1321182,8844,3627,0,-
15:17:41.527,snap,default,com.taobao.idlefish,discharging,1,42,56.6,85,95,1,13.09,0.32,0.18,28,3.778,1.318,4.979404,8844,3627,0,-
15:17:42.527,snap,default,com.taobao.idlefish,discharging,1,42,59.6,85,95,1,13.09,0.32,0.18,63,3.784,1.456,5.509504,34693,20105,0,-
15:17:43.527,snap,default,com.taobao.idlefish,discharging,1,42,61.9,85,95,1,13.98,0.26,0.15,64,3.807,0.934,3.555738,34693,20105,0,-
15:17:44.528,snap,default,com.taobao.idlefish,discharging,1,42,62.3,85,95,1,13.98,0.26,0.15,47,3.779,1.31,4.95049,21267,13001,0,-
15:17:45.527,snap,default,com.taobao.idlefish,discharging,1,42,64.3,85,95,1,16.52,0.21,0.12,70,3.762,1.624,6.109488,21267,13001,0,-
15:17:46.528,snap,default,com.taobao.idlefish,discharging,1,42,64.3,85,95,1,16.52,0.21,0.12,55,3.78,1.132,4.2789598,29871,16392,0,-
15:17:47.530,snap,default,com.taobao.idlefish,discharging,1,42,61.300003,85,95,1,18.24,0.17,0.28,0,3.82,0.606,2.31492,29871,16392,0,-
15:17:48.529,snap,default,com.taobao.idlefish,discharging,1,42,58.300003,85,95,1,18.24,0.17,0.28,0,3.813,0.664,2.531832,14580,7420,0,-
15:17:49.530,snap,default,com.taobao.idlefish,discharging,1,42,57.2,85,95,1,17.47,0.14,0.23,46,3.815,0.652,2.48738,14580,7420,0,-
15:17:50.531,snap,default,com.taobao.idlefish,discharging,1,41.9,56,85,95,1,17.47,0.14,0.23,46,3.82,0.588,2.24616,19284,9510,0,-
15:17:51.530,snap,default,com.taobao.idlefish,discharging,1,41.9,55.6,85,95,1,16.66,0.11,0.18,0,3.82,0.598,2.28436,19284,9510,0,-
15:17:52.530,snap,default,com.taobao.idlefish,discharging,1,41.9,55.6,85,95,1,16.66,0.11,0.18,0,3.79,0.978,3.70662,16994,7627,0,-
15:17:53.532,snap,default,com.taobao.idlefish,discharging,1,41.9,58.6,85,95,1,17.99,0.27,0.15,44,3.786,1.572,5.951592,16994,7627,0,-
15:17:54.532,snap,default,com.taobao.idlefish,discharging,1,41.9,60.7,85,95,1,17.99,0.27,0.15,44,3.786,1.572,5.951592,34971,20390,0,-
15:17:55.532,snap,default,com.taobao.idlefish,discharging,1,41.9,60.3,85,95,1,17.99,0.27,0.15,44,3.773,1.366,5.1539183,34971,20390,0,-
15:17:56.533,snap,default,com.taobao.idlefish,discharging,1,41.9,59.2,85,95,1,18.71,0.22,0.12,50,3.806,0.882,3.356892,24354,12694,0,-
15:17:57.533,snap,default,com.taobao.idlefish,discharging,1,41.9,56.8,85,95,1,18.71,0.22,0.12,50,3.81,0.614,2.33934,24354,12694,0,-
15:17:58.533,snap,default,com.taobao.idlefish,discharging,1,41.9,56.4,85,95,1,18.04,0.18,0.1,50,3.812,0.634,2.4168081,15339,7131,0,-
15:17:59.534,snap,default,com.taobao.idlefish,discharging,1,41.9,55.6,85,95,1,18.04,0.18,0.1,17,3.808,0.676,2.574208,15339,7131,0,-
15:18:00.534,snap,default,com.taobao.idlefish,discharging,1,41.9,55.2,85,95,1,17.12,0.15,0.08,17,3.811,0.7,2.6677,16551,8203,0,-
15:18:01.534,snap,default,com.taobao.idlefish,discharging,1,41.9,54,85,95,1,16.56,0.12,0.06,21,3.817,0.598,2.2825658,16551,8203,0,-
15:18:02.534,snap,default,com.taobao.idlefish,discharging,1,41.9,54,85,95,1,16.56,0.12,0.06,0,3.821,0.564,2.155044,13660,6381,0,-
15:18:03.534,snap,default,com.taobao.idlefish,discharging,1,41.9,54,85,95,1,15.55,0.1,0.05,0,3.814,0.608,2.3189118,13660,6381,0,-
15:18:04.535,snap,default,com.taobao.idlefish,discharging,1,41.9,54,85,95,1,15.55,0.1,0.05,0,3.815,0.568,2.1669202,13660,6381,0,-
15:18:05.535,snap,default,com.taobao.idlefish,discharging,1,41.9,54,85,95,1,14.91,0.08,0.04,0,3.82,0.598,2.28436,14347,6631,0,-
15:18:06.535,snap,default,com.taobao.idlefish,discharging,1,41.9,54,85,95,1,14.91,0.08,0.04,14,3.818,0.616,2.351888,14347,6631,0,-
15:18:07.536,snap,default,com.taobao.idlefish,discharging,1,41.9,54,85,95,1,14.2,0.06,0.03,0,3.82,0.574,2.19268,13003,6147,0,-
15:18:08.536,snap,default,com.taobao.idlefish,discharging,1,41.9,53.2,85,95,1,14.2,0.06,0.03,0,3.819,0.55,2.10045,13003,6147,0,-
15:18:09.537,snap,default,com.taobao.idlefish,discharging,1,41.9,54,85,95,1,13.62,0.05,0.03,0,3.819,0.554,2.115726,12847,5756,0,-
15:18:10.537,snap,default,com.taobao.idlefish,discharging,1,41.9,53.2,85,95,1,13.62,0.05,0.03,16,3.816,0.57,2.1751199,12847,5756,0,-
15:18:11.537,snap,default,com.taobao.idlefish,discharging,1,41.9,53.6,85,95,1,13.14,0.04,0.02,16,3.816,0.656,2.5032961,13889,6211,0,-
15:18:12.538,snap,default,com.taobao.idlefish,discharging,1,41.9,53.6,85,95,1,13.14,0.04,0.02,16,3.819,0.696,2.6580238,13889,6211,0,-
15:18:13.537,snap,default,com.taobao.idlefish,discharging,1,41.9,53.6,85,95,1,14.56,0.03,0.01,33,3.8,1.728,6.5664,21096,11408,0,-
15:18:14.542,snap,default,com.taobao.idlefish,discharging,1,41.9,53.6,85,95,1,14.56,0.03,0.01,72,3.689,3.042,11.221938,21096,11408,0,-
15:18:15.543,snap,default,com.taobao.idlefish,discharging,1,41.9,53.6,85,95,1,20.62,0.02,0.01,77,3.671,3.336,12.246456,32735,19033,0,-
15:18:16.543,snap,default,com.taobao.idlefish,discharging,1,41.9,53.6,85,95,1,20.62,0.02,0.01,79,3.679,3.152,11.596208,32735,19033,0,-
15:18:17.543,snap,default,com.taobao.idlefish,discharging,1,41.9,53.6,85,95,1,23.59,0.02,0.01,72,3.762,2.292,8.622504,28387,16649,0,-
15:18:18.544,snap,default,com.taobao.idlefish,discharging,1,41.9,53.6,85,95,1,23.59,0.02,0.01,53,3.792,1.166,4.421472,28387,16649,0,-
15:18:19.544,snap,default,com.taobao.idlefish,discharging,1,41.9,53.6,85,95,1,22.39,0.01,0.01,53,3.801,1.05,3.99105,19935,12295,0,-
15:18:20.545,snap,default,com.taobao.idlefish,discharging,1,41.9,56.6,85,95,1,22.39,0.01,0.01,53,3.812,0.544,2.073728,19935,12295,0,-
15:18:21.545,snap,default,com.taobao.idlefish,discharging,1,41.9,59.2,85,95,1,20.15,0.01,0,0,3.814,0.52,1.9832798,7690,2592,0,-
15:18:22.546,snap,default,com.taobao.idlefish,discharging,1,41.9,57.6,85,95,1,20.15,0.01,0,0,3.816,0.512,1.9537921,7690,2592,0,-
15:18:23.546,snap,default,com.taobao.idlefish,discharging,1,41.9,56.4,85,95,1,17.95,0.01,0,0,3.816,0.514,1.961424,8061,2861,0,-
15:18:24.547,snap,default,com.taobao.idlefish,discharging,1,41.9,54.8,85,95,1,17.95,0.01,0,0,3.818,0.496,1.893728,8061,2861,0,-
15:18:25.547,snap,default,com.taobao.idlefish,discharging,1,41.9,54.4,85,95,1,16.69,0.01,0,0,3.818,0.474,1.8097321,6300,1991,0,-
15:18:26.547,snap,default,com.taobao.idlefish,discharging,1,41.9,54.4,85,95,1,16.69,0.01,0,0,3.818,0.474,1.8097321,6300,1991,0,-
15:18:27.548,snap,default,com.taobao.idlefish,discharging,1,41.9,53.2,85,95,1,16.69,0.01,0,0,3.819,0.524,2.0011559,7043,2134,0,-
15:18:28.548,snap,default,com.taobao.idlefish,discharging,1,41.9,53.2,85,95,1,15.11,0,0.18,0,3.822,0.474,1.811628,7043,2134,0,-
15:18:29.549,snap,default,com.taobao.idlefish,discharging,1,41.9,53.2,85,95,1,15.11,0,0.18,0,3.821,0.466,1.780586,7043,2134,0,-
15:18:30.549,snap,default,com.taobao.idlefish,discharging,1,41.9,53.2,85,95,1,13.64,0,0.15,0,3.823,0.446,1.705058,6256,2336,0,-
15:18:31.550,snap,default,com.taobao.idlefish,discharging,1,41.9,53.6,85,95,1,13.64,0,0.15,0,3.813,0.638,2.432694,6256,2336,0,-
15:18:32.550,snap,default,com.taobao.idlefish,discharging,1,41.8,53.6,85,95,1,13.16,0,0.12,0,3.816,0.652,2.488032,11698,6175,0,-
15:18:33.551,snap,default,com.taobao.idlefish,discharging,1,41.8,53.6,85,95,1,13.16,0,0.12,0,3.824,0.504,1.9272959,11698,6175,0,-
15:18:34.551,snap,default,com.taobao.idlefish,discharging,1,41.8,54.4,85,95,1,13.13,0,0.1,27,3.791,0.872,3.3057518,12988,7406,0,-
15:18:35.551,snap,default,com.taobao.idlefish,discharging,1,41.8,54.4,85,95,1,13.83,0,0.08,27,3.821,0.728,2.781688,12988,7406,0,-
15:18:36.552,snap,default,com.taobao.idlefish,discharging,1,41.8,52.8,85,95,1,13.83,0,0.08,0,3.824,0.446,1.705504,9697,5050,0,-
15:18:37.617,snap,default,com.taobao.idlefish,discharging,1,41.8,52.8,85,95,1,12.77,0,0.06,0,3.823,0.466,1.781518,9697,5050,0,-
15:18:38.618,snap,default,com.taobao.idlefish,discharging,1,41.8,52.8,85,95,1,12.77,0,0.06,48,3.737,1.626,6.076362,18164,8511,0,-
15:18:39.617,snap,default,com.taobao.idlefish,discharging,1,41.8,52.8,85,95,1,18.61,0,0.05,60,3.676,3.3,12.1308,18164,8511,0,-
15:18:40.618,snap,default,com.taobao.idlefish,discharging,1,41.8,52.8,85,95,1,18.61,0,0.05,76,3.698,3.144,11.626513,30993,20255,0,-
15:18:41.620,snap,default,com.taobao.idlefish,discharging,1,41.8,52.8,85,95,1,21.94,0,0.22,77,3.678,3.124,11.490072,30993,20255,0,-
15:18:42.618,snap,default,com.taobao.idlefish,discharging,1,41.8,52.8,85,95,1,21.94,0,0.22,72,3.708,3.026,11.2204075,34120,20093,0,-
15:18:43.618,snap,default,com.taobao.idlefish,discharging,1,41.8,52.8,85,95,1,25.76,0,0.36,0,3.771,2.206,8.318826,34120,20093,0,-
15:18:44.619,snap,default,com.taobao.idlefish,discharging,1,41.8,55.8,85,95,1,25.76,0,0.36,0,3.813,0.56,2.13528,14517,6967,0,-
15:18:45.619,snap,default,com.taobao.idlefish,discharging,1,41.8,58.8,85,95,1,22.54,0,0.29,0,3.818,0.528,2.015904,14517,6967,0,-
15:18:46.619,snap,default,com.taobao.idlefish,discharging,1,41.8,59.6,85,95,1,22.54,0,0.29,0,3.812,0.552,2.104224,8619,3116,0,-
15:18:47.620,snap,default,com.taobao.idlefish,discharging,1,41.8,58.8,85,95,1,20.08,0,0.24,0,3.818,0.534,2.038812,8619,3116,0,-
15:18:48.620,snap,default,com.taobao.idlefish,discharging,1,41.7,58.8,85,95,1,20.08,0,0.24,57,3.82,0.53,2.0245998,6695,2421,0,-
15:18:49.620,snap,default,com.taobao.idlefish,discharging,1,41.7,58,85,95,1,18.44,0,0.2,57,3.772,1.11,4.18692,6695,2421,0,-
15:18:50.621,snap,default,com.taobao.idlefish,discharging,1,41.7,58,85,95,1,18.44,0,0.2,37,3.817,0.59,2.25203,13769,7889,0,-
15:18:51.621,snap,default,com.taobao.idlefish,discharging,1,41.7,56.8,85,95,1,17.27,0,0.16,0,3.821,0.512,1.9563521,13769,7889,0,-
15:18:52.621,snap,default,com.taobao.idlefish,discharging,1,41.7,56.8,85,95,1,17.27,0,0.16,0,3.779,0.918,3.469122,13667,7199,0,-
15:18:53.622,snap,default,com.taobao.idlefish,discharging,1,41.7,55.6,85,95,1,16.5,0,0.13,0,3.823,0.476,1.819748,13667,7199,0,-
15:18:54.622,snap,default,com.taobao.idlefish,discharging,1,41.7,56.4,85,95,1,16.5,0,0.13,0,3.819,0.514,1.962966,6686,2465,0,-
15:18:55.622,snap,default,com.taobao.idlefish,discharging,1,41.7,55.2,85,95,1,15.14,0,0.1,0,3.823,0.468,1.789164,6686,2465,0,-
15:18:56.622,snap,default,com.taobao.idlefish,discharging,1,41.7,55.2,85,95,1,15.14,0,0.1,0,3.817,0.664,2.534488,5774,1912,0,-
15:18:57.623,snap,default,com.taobao.idlefish,discharging,1,41.7,54.8,85,95,1,13.48,0,0.08,0,3.82,0.476,1.81832,5774,1912,0,-
15:18:58.637,snap,default,com.taobao.idlefish,discharging,1,41.7,54.4,85,95,1,13.48,0,0.08,0,3.821,0.508,1.941068,5774,1912,0,-
15:18:59.638,snap,default,com.taobao.idlefish,discharging,1,41.7,53.6,85,95,1,12.85,0,0.07,0,3.821,0.508,1.941068,7854,3197,0,-
15:19:00.638,snap,default,com.taobao.idlefish,discharging,1,41.7,53.2,85,95,1,12.85,0,0.07,0,3.823,0.448,1.7127041,7854,3197,0,-
15:19:01.638,snap,default,com.taobao.idlefish,discharging,1,41.7,53.2,85,95,1,12.85,0,0.07,0,3.822,0.472,1.803984,7861,2796,0,-
15:19:02.639,snap,default,com.taobao.idlefish,discharging,1,41.7,53.2,85,95,1,12.33,0,0.05,0,3.818,0.574,2.1915321,7861,2796,0,-
15:19:03.639,snap,default,com.taobao.idlefish,discharging,1,41.7,53.2,85,95,1,12.33,0,0.05,0,3.817,0.554,2.114618,9522,4705,0,-
15:19:04.639,snap,default,com.taobao.idlefish,discharging,1,41.7,52.4,85,95,1,12.09,0,0.04,0,3.821,0.534,2.0404139,9522,4705,0,-
15:19:05.639,snap,default,com.taobao.idlefish,discharging,1,41.7,52.4,85,95,1,11.89,0,0.03,0,3.82,0.522,1.99404,9288,4074,0,-
15:19:06.639,snap,default,com.taobao.idlefish,discharging,1,41.7,52.1,85,95,1,11.89,0,0.03,22,3.817,0.514,1.9619379,9288,4074,0,-
15:19:07.640,snap,default,com.taobao.idlefish,discharging,1,41.7,51.7,85,95,1,11.37,0,0.03,0,3.824,0.476,1.8202239,7122,2613,0,-
15:19:08.640,snap,default,com.taobao.idlefish,discharging,1,41.6,51.3,85,95,1,11.37,0,0.03,0,3.821,0.42,1.60482,7122,2613,0,-
15:19:09.640,snap,default,com.taobao.idlefish,discharging,1,41.6,51.7,85,95,1,10.39,0,0.02,0,3.821,0.478,1.826438,5340,1739,0,-
15:19:10.640,snap,default,com.taobao.idlefish,discharging,1,41.6,52.1,85,95,1,10.39,0,0.02,0,3.819,0.538,2.054622,5340,1739,0,-
15:19:11.641,snap,default,com.taobao.idlefish,discharging,1,41.6,52.1,85,95,1,10.32,0,0.02,0,3.822,0.456,1.7428321,8876,3619,0,-
15:19:12.641,snap,default,com.taobao.idlefish,discharging,1,41.6,51.7,85,95,1,10.32,0,0.02,0,3.828,0.368,1.408704,8876,3619,0,-
15:19:13.641,snap,default,com.taobao.idlefish,discharging,1,41.6,51.7,85,95,1,9.72,0,0.01,0,3.827,0.364,1.3930279,5192,1741,0,-
15:19:14.641,snap,default,com.taobao.idlefish,discharging,1,41.6,51.3,85,95,1,9.72,0,0.01,0,3.824,0.478,1.8278719,5192,1741,0,-
15:19:15.642,snap,default,com.taobao.idlefish,discharging,1,41.6,51.7,85,95,1,9.95,0,0.01,0,3.823,0.434,1.659182,8230,2875,0,-
15:19:16.642,snap,default,com.taobao.idlefish,discharging,1,41.6,50.9,85,95,1,9.95,0,0.01,0,3.826,0.452,1.729352,8230,2875,0,-
15:19:17.642,snap,default,com.taobao.idlefish,discharging,1,41.6,50.9,85,95,1,9.41,0,0.01,0,3.827,0.36,1.37772,5470,1833,0,-
15:19:18.642,snap,default,com.taobao.idlefish,discharging,1,41.6,50.9,85,95,1,9.41,0,0.01,0,3.816,0.76,2.9001598,5470,1833,0,-
15:19:19.642,snap,default,com.taobao.idlefish,discharging,1,41.6,50.9,85,95,1,10.24,0,0,61,3.762,1.588,5.9740562,24592,11186,0,-
15:19:20.644,snap,default,com.taobao.idlefish,discharging,1,41.6,50.9,85,95,1,10.24,0,0,22,3.737,2.108,7.877596,24592,11186,0,-
15:19:21.642,snap,default,com.taobao.idlefish,discharging,1,41.6,50.9,85,95,1,15.63,0.9,0.18,21,3.777,1.454,5.491758,44909,23573,0,-
15:19:22.643,snap,default,com.taobao.idlefish,discharging,1,41.6,53.9,85,95,1,15.63,0.9,0.18,21,3.796,1.494,5.6712236,44909,23573,0,-
15:19:23.644,snap,default,com.taobao.idlefish,discharging,1,41.6,56.9,85,95,1,18.24,0.74,0.33,20,3.786,0.828,3.134808,24799,13675,0,-
15:19:24.643,snap,default,com.taobao.idlefish,discharging,1,41.6,59.9,85,95,1,18.24,0.74,0.33,76,3.771,1.388,5.234148,24799,13675,0,-
15:19:25.644,snap,default,com.taobao.idlefish,discharging,1,41.6,62.3,85,95,1,18.92,0.6,0.27,69,3.771,1.406,5.302026,24799,13675,0,-
15:19:26.644,snap,default,com.taobao.idlefish,discharging,1,41.6,61.9,85,95,1,18.92,0.6,0.27,49,3.794,0.868,3.293192,29653,19092,0,-
15:19:27.644,snap,default,com.taobao.idlefish,discharging,1,41.6,59.9,85,95,1,18.57,0.49,0.22,49,3.792,0.792,3.003264,29653,19092,0,-
15:19:28.644,snap,default,com.taobao.idlefish,discharging,1,41.5,58.8,85,95,1,18.57,0.49,0.22,50,3.802,0.78,2.96556,15861,9289,0,-
15:19:29.645,snap,default,com.taobao.idlefish,discharging,1,41.5,57.2,85,95,1,18.57,0.49,0.22,50,3.802,0.78,2.96556,15861,9289,0,-
15:19:30.645,snap,default,com.taobao.idlefish,discharging,1,41.5,56.8,85,95,1,18.28,0.4,0.18,50,3.811,0.584,2.225624,21035,10697,0,-
15:19:31.645,snap,default,com.taobao.idlefish,discharging,1,41.5,54.8,85,95,1,18.28,0.4,0.18,0,3.813,0.542,2.0666459,21035,10697,0,-
15:19:32.650,snap,default,com.taobao.idlefish,discharging,1,41.5,54.4,85,95,1,17.14,0.33,0.15,14,3.813,0.49,1.86837,13211,6297,0,-
15:19:33.648,snap,default,com.taobao.idlefish,discharging,1,41.5,54,85,95,1,17.14,0.33,0.15,0,3.816,0.498,1.900368,13211,6297,0,-
15:19:34.648,snap,default,com.taobao.idlefish,discharging,1,41.5,53.6,85,95,1,16.03,0.27,0.12,0,3.815,0.534,2.03721,13204,5866,0,-
15:19:35.649,snap,default,com.taobao.idlefish,discharging,1,41.5,53.6,85,95,1,16.03,0.27,0.12,0,3.817,0.524,2.000108,13204,5866,0,-
15:19:36.649,snap,default,com.taobao.idlefish,discharging,1,41.5,53.2,85,95,1,15.3,0.22,0.1,0,3.824,0.476,1.8202239,13699,6274,0,-
15:19:37.650,snap,default,com.taobao.idlefish,discharging,1,41.5,52.4,85,95,1,15.3,0.22,0.1,17,3.822,0.494,1.888068,13699,6274,0,-
15:19:38.650,snap,default,com.taobao.idlefish,discharging,1,41.5,52.4,85,95,1,14.52,0.18,0.08,17,3.82,0.506,1.9329199,15464,7263,0,-
15:19:39.650,snap,default,com.taobao.idlefish,discharging,1,41.5,52.8,85,95,1,14.24,0.14,0.06,17,3.812,0.648,2.470176,15464,7263,0,-
15:19:40.650,snap,default,com.taobao.idlefish,discharging,1,41.5,52.8,85,95,1,14.24,0.14,0.06,17,3.817,0.548,2.0917158,15651,7114,0,-
15:19:41.651,snap,default,com.taobao.idlefish,discharging,1,41.5,52.1,85,95,1,14.02,0.12,0.05,17,3.821,0.48,1.83408,15651,7114,0,-
15:19:42.652,snap,default,com.taobao.idlefish,discharging,1,41.5,52.1,85,95,1,14.02,0.12,0.05,0,3.821,0.426,1.627746,8208,3307,0,-
15:19:43.652,snap,default,com.taobao.idlefish,discharging,1,41.5,53.2,85,95,1,13.65,0.09,0.04,25,3.779,0.996,3.763884,8208,3307,0,-
15:19:44.653,snap,default,com.taobao.idlefish,discharging,1,41.5,53.2,85,95,1,13.65,0.09,0.04,25,3.828,0.37,1.41636,12396,6469,0,-
15:19:45.653,snap,default,com.taobao.idlefish,discharging,1,41.5,52.1,85,95,1,12.81,0.08,0.03,0,3.831,0.39,1.49409,12396,6469,0,-
15:19:46.654,snap,default,com.taobao.idlefish,discharging,1,41.5,51.3,85,95,1,12.81,0.08,0.03,0,3.83,0.36,1.3788,5184,1775,0,-
15:19:47.654,snap,default,com.taobao.idlefish,discharging,1,41.5,50.5,85,95,1,11.75,0.06,0.02,0,3.827,0.336,1.285872,5184,1775,0,-
15:19:48.655,snap,default,com.taobao.idlefish,discharging,1,41.5,50.5,85,95,1,11.75,0.06,0.02,0,3.825,0.37,1.4152501,5503,1944,0,-
15:19:49.656,snap,default,com.taobao.idlefish,discharging,1,41.5,50.5,85,95,1,10.89,0.05,0.02,0,3.822,0.442,1.689324,5503,1944,0,-
15:19:50.656,snap,default,com.taobao.idlefish,discharging,1,41.5,50.1,85,95,1,10.89,0.05,0.02,0,3.828,0.346,1.3244879,5503,1944,0,-
15:19:51.656,snap,default,com.taobao.idlefish,discharging,1,41.5,50.1,85,95,1,10.37,0.04,0.01,0,3.827,0.346,1.3241419,5639,1855,0,-
15:19:52.657,snap,default,com.taobao.idlefish,discharging,1,41.5,50.1,85,95,1,10.37,0.04,0.01,0,3.829,0.36,1.37844,5639,1855,0,-
15:19:53.657,snap,default,com.taobao.idlefish,discharging,1,41.5,50.9,85,95,1,10.12,0.03,0.01,66,3.829,0.53,2.0293698,6854,2915,0,-
15:19:54.657,snap,default,com.taobao.idlefish,discharging,1,41.5,50.9,85,95,1,10.12,0.03,0.01,23,3.758,1.59,5.9752197,6854,2915,0,-
15:19:55.657,snap,default,com.taobao.idlefish,discharging,1,41.5,53.9,85,95,1,14.62,0.02,0.37,23,3.798,1.284,4.876632,25158,12831,0,-
15:19:56.657,snap,default,com.taobao.idlefish,discharging,1,41.5,56.9,85,95,1,14.62,0.02,0.37,28,3.771,1.088,4.102848,25158,12831,0,-
15:19:57.657,snap,default,com.taobao.idlefish,discharging,1,41.5,59.9,85,95,1,15.96,0.02,0.3,65,3.766,1.606,6.048196,29191,18597,0,-
15:19:58.658,snap,default,com.taobao.idlefish,discharging,1,41.5,60.3,85,95,1,15.96,0.02,0.3,69,3.775,1.204,4.5451,29191,18597,0,-
15:19:59.658,snap,default,com.taobao.idlefish,discharging,1,41.5,57.3,85,95,1,16.15,0.01,0.25,69,3.817,0.528,2.0153759,23164,14302,0,-
15:20:00.659,snap,default,com.taobao.idlefish,discharging,1,41.5,55.6,85,95,1,16.15,0.01,0.25,35,3.8,0.906,3.4428,23164,14302,0,-
15:20:01.659,snap,default,com.taobao.idlefish,discharging,1,41.5,54.4,85,95,1,16.3,0.01,0.2,0,3.8,0.906,3.4428,19657,10788,0,-
15:20:02.659,snap,default,com.taobao.idlefish,discharging,1,41.5,54.4,85,95,1,16.3,0.01,0.2,0,3.81,0.684,2.60604,19657,10788,0,-
15:20:03.659,snap,default,com.taobao.idlefish,discharging,1,41.4,54,85,95,1,16.3,0.01,0.2,0,3.817,0.522,1.992474,14618,6838,0,-
15:20:04.659,snap,default,com.taobao.idlefish,discharging,1,41.4,54,85,95,1,15.52,0.01,0.16,26,3.819,0.506,1.9324139,14618,6838,0,-
15:20:05.660,snap,default,com.taobao.idlefish,discharging,1,41.4,52.8,85,95,1,15.52,0.01,0.16,0,3.819,0.542,2.069898,17704,7737,0,-
15:20:06.660,snap,default,com.taobao.idlefish,discharging,1,41.4,53.6,85,95,1,15.06,0,0.13,0,3.821,0.594,2.269674,17704,7737,0,-
15:20:07.661,snap,default,com.taobao.idlefish,discharging,1,41.4,53.6,85,95,1,15.06,0,0.13,0,3.809,0.608,2.315872,13752,5419,0,-
15:20:08.660,snap,default,com.taobao.idlefish,discharging,1,41.4,53.6,85,95,1,13.78,0,0.11,16,3.818,0.598,2.283164,13752,5419,0,-
15:20:09.660,snap,default,com.taobao.idlefish,discharging,1,41.4,53.6,85,95,1,13.78,0,0.11,0,3.807,0.62,2.3603399,15742,5793,0,-
15:20:10.661,snap,default,com.taobao.idlefish,discharging,1,41.4,53.2,85,95,1,12.37,0,0.09,0,3.817,0.564,2.152788,15742,5793,0,-
15:20:11.661,snap,default,com.taobao.idlefish,discharging,1,41.4,52.8,85,95,1,12.37,0,0.09,0,3.812,0.598,2.279576,14169,5481,0,-
15:20:12.661,snap,default,com.taobao.idlefish,discharging,1,41.4,52.8,85,95,1,11.22,0,0.07,0,3.813,0.61,2.32593,14169,5481,0,-
15:20:13.662,snap,default,com.taobao.idlefish,discharging,1,41.5,53.2,85,95,1,10.27,0,0.06,15,3.811,0.59,2.2484899,15167,5504,0,-
15:20:14.663,snap,default,com.taobao.idlefish,discharging,1,41.5,53.2,85,95,1,10.27,0,0.06,0,3.809,0.672,2.559648,15167,5504,0,-
15:20:15.663,snap,default,com.taobao.idlefish,discharging,1,41.5,53.2,85,95,1,10.22,0,0.04,0,3.822,0.51,1.94922,14110,6217,0,-
15:20:16.663,snap,default,com.taobao.idlefish,discharging,1,41.5,56.2,85,95,1,10.22,0,0.04,0,3.817,0.556,2.122252,14110,6217,0,-
15:20:17.663,snap,default,com.taobao.idlefish,discharging,1,41.5,59.2,85,95,1,12.35,0,0.04,31,3.76,1.214,4.56464,14110,6217,0,-
15:20:18.664,snap,default,com.taobao.idlefish,discharging,1,41.5,59.2,85,95,1,12.35,0,0.04,68,3.687,2.592,9.5567045,21104,12565,0,-
15:20:19.664,snap,default,com.taobao.idlefish,discharging,1,41.5,59.2,85,95,1,17.54,0,0.75,80,3.654,3.374,12.328596,21104,12565,0,-
15:20:20.664,snap,default,com.taobao.idlefish,discharging,1,41.5,59.2,85,95,1,17.54,0,0.75,74,3.7,2.912,10.7744,28383,18073,0,-
15:20:21.667,snap,default,com.taobao.idlefish,discharging,1,41.5,59.2,85,95,1,19.44,0,0.62,75,3.678,2.896,10.651487,28383,18073,0,-
15:20:22.667,snap,default,com.taobao.idlefish,discharging,1,41.5,59.2,85,95,1,19.44,0,0.62,82,3.697,2.914,10.773058,27517,18247,0,-
15:20:23.668,snap,default,com.taobao.idlefish,discharging,1,41.4,62.2,85,95,1,22.62,0,1.05,75,3.692,2.646,9.769032,27517,18247,0,-
15:20:24.668,snap,default,com.taobao.idlefish,discharging,1,41.4,65.2,85,95,1,22.62,0,1.05,0,3.799,0.782,2.970818,23511,12926,0,-
15:20:25.669,snap,default,com.taobao.idlefish,discharging,1,41.4,68.2,85,95,1,21.42,0,0.86,56,3.769,1.408,5.306752,23511,12926,0,-
15:20:26.678,snap,default,com.taobao.idlefish,discharging,1,41.4,68.2,85,95,1,21.42,0,0.86,64,3.704,2.588,9.585952,24976,16311,0,-
15:20:27.672,snap,default,com.taobao.idlefish,discharging,1,41.4,68.2,85,95,1,23.7,0,0.7,84,3.68,2.958,10.88544,24976,16311,0,-
15:20:28.673,snap,default,com.taobao.idlefish,discharging,1,41.4,68.2,85,95,1,23.7,0,0.7,72,3.674,2.878,10.573772,26680,17670,0,-
15:20:29.676,snap,default,com.taobao.idlefish,discharging,1,41.4,68.2,85,95,1,24.66,0,0.57,77,3.677,2.866,10.538281,26680,17670,0,-
15:20:30.674,snap,default,com.taobao.idlefish,discharging,1,41.4,68.2,85,95,1,24.66,0,0.57,76,3.674,2.8,10.2872,26865,18023,0,-
15:20:31.674,snap,default,com.taobao.idlefish,discharging,1,41.4,68.2,85,95,1,25.26,0,0.47,75,3.676,2.826,10.388376,26865,18023,0,-
15:20:32.675,snap,default,com.taobao.idlefish,discharging,1,41.4,71.2,85,95,1,25.26,0,0.47,74,3.677,2.8,10.2956,29256,17785,0,-
15:20:33.674,snap,default,com.taobao.idlefish,discharging,1,41.4,74.2,85,95,1,26.48,0,0.38,61,3.739,1.44,5.3841605,29256,17785,0,-
15:20:34.677,snap,default,com.taobao.idlefish,discharging,1,41.5,74.2,85,95,1,26.48,0,0.38,70,3.691,2.68,9.89188,26253,16992,0,-
15:20:35.678,snap,default,com.taobao.idlefish,discharging,1,41.5,74.2,85,95,1,28.39,0,0.31,75,3.691,2.68,9.89188,26253,16992,0,-
15:20:36.678,snap,default,com.taobao.idlefish,discharging,1,41.5,74.2,85,95,1,28.39,0,0.31,75,3.692,2.91,10.74372,29378,15553,0,-
15:20:37.679,snap,default,com.taobao.idlefish,discharging,1,41.5,77.2,85,95,1,28.39,0,0.31,77,3.707,2.718,10.075625,29378,15553,0,-
15:20:38.678,snap,default,com.taobao.idlefish,discharging,1,41.5,79.3,85,95,1,27.77,0,0.25,34,3.748,1.486,5.5695276,18994,9026,0,-
15:20:39.678,snap,default,com.taobao.idlefish,discharging,1,41.5,79.3,85,95,1,27.77,0,0.25,35,3.791,1.082,4.101862,18994,9026,0,-
15:20:40.680,snap,default,com.taobao.idlefish,discharging,1,41.5,76.3,85,95,1,24.91,0,0.21,0,3.803,0.53,2.01559,12660,5211,0,-
15:20:41.680,snap,default,com.taobao.idlefish,discharging,1,41.5,73.3,85,95,1,24.91,0,0.21,0,3.798,0.716,2.7193682,12660,5211,0,-
15:20:42.681,snap,default,com.taobao.idlefish,discharging,1,41.5,72.2,85,95,1,23.66,0,0.17,43,3.717,2.22,8.25174,26231,16421,0,-
15:20:43.681,snap,default,com.taobao.idlefish,discharging,1,41.5,72.2,85,95,1,23.66,0,0.17,75,3.687,2.59,9.54933,26231,16421,0,-
15:20:44.683,snap,default,com.taobao.idlefish,discharging,1,41.5,72.2,85,95,1,22.81,0,0.14,83,3.68,2.78,10.2304,26231,16421,0,-
15:20:45.683,snap,default,com.taobao.idlefish,discharging,1,41.5,72.2,85,95,1,22.81,0,0.14,78,3.666,2.944,10.792704,27117,16300,0,-
15:20:46.683,snap,default,com.taobao.idlefish,discharging,1,41.5,72.2,85,95,1,23.21,0,0.11,75,3.675,2.982,10.95885,27117,16300,0,-
15:20:47.684,snap,default,com.taobao.idlefish,discharging,1,41.5,72.2,85,95,1,26.43,0,0.09,75,3.727,2.54,9.466579,29276,15560,0,-
15:20:48.684,snap,default,com.taobao.idlefish,discharging,1,41.5,71,85,95,1,26.43,0,0.09,0,3.797,0.552,2.095944,29276,15560,0,-
15:20:49.684,snap,default,com.taobao.idlefish,discharging,1,41.5,68,85,95,1,23.09,0,0.07,54,3.804,0.516,1.9628638,7460,2878,0,-
15:20:50.684,snap,default,com.taobao.idlefish,discharging,1,41.5,67.4,85,95,1,23.09,0,0.07,54,3.776,0.894,3.375744,7460,2878,0,-
15:20:51.684,snap,default,com.taobao.idlefish,discharging,1,41.5,67.4,85,95,1,21.44,0,0.06,30,3.788,1.04,3.93952,14156,7886,0,-
15:20:52.690,snap,default,com.taobao.idlefish,discharging,1,41.5,67.1,85,95,1,21.44,0,0.06,0,3.789,0.828,3.1372921,14156,7886,0,-
15:20:53.690,snap,default,com.taobao.idlefish,discharging,1,41.5,67.1,85,95,1,22.63,0,0.23,39,3.717,1.656,6.155352,20658,10964,0,-
15:20:54.692,snap,default,com.taobao.idlefish,discharging,1,41.5,67.1,85,95,1,22.63,0,0.23,69,3.677,2.728,10.030856,20658,10964,0,-
15:20:55.692,snap,default,com.taobao.idlefish,discharging,1,41.5,67.1,85,95,1,24.51,0,0.19,79,3.676,2.916,10.719216,30254,20042,0,-
15:20:56.692,snap,default,com.taobao.idlefish,discharging,1,41.5,67.1,85,95,1,24.51,0,0.19,77,3.678,2.92,10.73976,30254,20042,0,-
15:20:57.692,snap,default,com.taobao.idlefish,discharging,1,41.5,70.1,85,95,1,25.32,0,0.15,69,3.77,1.484,5.59468,28555,17455,0,-
15:20:58.693,snap,default,com.taobao.idlefish,discharging,1,41.5,73.1,85,95,1,25.32,0,0.15,64,3.748,1.412,5.292176,28555,17455,0,-
15:20:59.693,snap,default,com.taobao.idlefish,discharging,1,41.5,75.3,85,95,1,25.81,0,0.12,34,3.737,1.906,7.122722,28149,17330,0,-
15:21:00.693,snap,default,com.taobao.idlefish,discharging,1,41.5,72.6,85,95,1,25.81,0,0.12,20,3.754,1.324,4.970296,28149,17330,0,-
15:21:01.693,snap,default,com.taobao.idlefish,discharging,1,41.5,71.8,85,95,1,25.48,0,0.1,21,3.764,1.34,5.04376,28548,17359,0,-
15:21:02.711,snap,default,com.taobao.idlefish,discharging,1,41.5,71.8,85,95,1,25.48,0,0.1,21,3.767,1.232,4.640944,28548,17359,0,-
15:21:03.711,snap,default,com.taobao.idlefish,discharging,1,41.5,73.8,85,95,1,27.02,0.18,0.62,24,3.717,2.186,8.125362,36862,20174,0,-
15:21:04.717,snap,default,com.taobao.idlefish,discharging,1,41.5,73.8,85,95,1,27.02,0.18,0.62,20,3.759,1.476,5.548284,36862,20174,0,-
15:21:05.713,snap,default,com.taobao.idlefish,discharging,1,41.5,73.8,85,95,1,27.56,0.14,0.51,23,3.724,2.024,7.537376,34169,17686,0,-
15:21:06.713,snap,default,com.taobao.idlefish,discharging,1,41.5,72.2,85,95,1,27.56,0.14,0.51,31,3.724,2.024,7.537376,34169,17686,0,-
15:21:07.713,snap,default,com.taobao.idlefish,discharging,1,41.5,75.2,85,95,1,27.56,0.14,0.51,31,3.758,1.512,5.6820955,33283,18956,0,-
15:21:08.713,snap,default,com.taobao.idlefish,discharging,1,41.5,72.2,85,95,1,27.46,0.48,0.42,33,3.727,1.884,7.021668,33283,18956,0,-
15:21:09.713,snap,default,com.taobao.idlefish,discharging,1,41.5,75.2,85,95,1,27.46,0.48,0.42,63,3.744,1.55,5.8032,33283,18956,0,-
15:21:10.714,snap,default,com.taobao.idlefish,discharging,1,41.5,72.2,85,95,1,27.37,0.57,0.34,63,3.769,1.126,4.243894,18243,9502,0,-
15:21:11.714,snap,default,com.taobao.idlefish,discharging,1,41.5,69.2,85,95,1,27.37,0.57,0.34,0,3.795,0.918,3.48381,18243,9502,0,-
15:21:12.714,snap,default,com.taobao.idlefish,discharging,1,41.5,66.2,85,95,1,23.86,0.47,0.28,0,3.788,0.764,2.894032,15318,6888,0,-
15:21:13.715,snap,default,com.taobao.idlefish,discharging,1,41.5,63.199997,85,95,1,23.86,0.47,0.28,22,3.796,0.82,3.11272,15318,6888,0,-
15:21:14.715,snap,default,com.taobao.idlefish,discharging,1,41.5,60.3,85,95,1,22.44,0.38,0.23,0,3.803,0.584,2.220952,13983,5930,0,-
15:21:15.715,snap,default,com.taobao.idlefish,discharging,1,41.5,59.6,85,95,1,22.44,0.38,0.23,0,3.809,0.5,1.9045,13983,5930,0,-
15:21:16.715,snap,default,com.taobao.idlefish,discharging,1,41.5,57.6,85,95,1,20.18,0.31,0.18,0,3.801,0.594,2.257794,7070,2424,0,-
15:21:17.728,snap,default,com.taobao.idlefish,discharging,1,41.5,59.6,85,95,1,20.18,0.31,0.18,0,3.811,0.478,1.821658,7070,2424,0,-
15:21:18.728,snap,default,com.taobao.idlefish,discharging,1,41.5,62.6,85,95,1,17.97,0.25,0.15,36,3.742,1.246,4.6625323,18449,9772,0,-
15:21:19.728,snap,default,com.taobao.idlefish,discharging,1,41.5,64.7,85,95,1,17.97,0.25,0.15,20,3.765,1.61,6.0616503,18449,9772,0,-
15:21:20.728,snap,default,com.taobao.idlefish,discharging,1,41.5,63.9,85,95,1,21.6,0.21,0.12,27,3.758,1.406,5.283748,30606,19014,0,-
15:21:21.728,snap,default,com.taobao.idlefish,discharging,1,41.5,64.7,85,95,1,21.67,0.17,0.1,27,3.798,0.818,3.106764,30606,19014,0,-
15:21:22.728,snap,default,com.taobao.idlefish,discharging,1,41.5,66.3,85,95,1,21.67,0.17,0.1,11,3.741,1.93,7.2201295,21481,11205,0,-
15:21:23.728,snap,default,com.taobao.idlefish,discharging,1,41.5,69.3,85,95,1,21.73,0.14,0.08,47,3.79,1.048,3.9719198,21481,11205,0,-
15:21:24.729,snap,default,com.taobao.idlefish,discharging,1,41.5,66.3,85,95,1,21.73,0.14,0.08,47,3.767,1.402,5.281334,10893,4511,0,-
15:21:25.729,snap,default,com.taobao.idlefish,discharging,1,41.5,64.3,85,95,1,18.52,0.11,0.06,0,3.802,0.802,3.0492039,10893,4511,0,-
15:21:26.729,snap,default,com.taobao.idlefish,discharging,1,41.5,61.300003,85,95,1,18.52,0.11,0.06,0,3.809,0.53,2.01877,5647,1688,0,-
15:21:27.729,snap,default,com.taobao.idlefish,discharging,1,41.5,59.6,85,95,1,16.43,0.09,0.05,0,3.813,0.438,1.670094,5647,1688,0,-
15:21:28.729,snap,default,com.taobao.idlefish,discharging,1,41.6,61.9,85,95,1,16.43,0.09,0.05,15,3.763,1.242,4.673646,19994,11393,0,-
15:21:29.730,snap,default,com.taobao.idlefish,discharging,1,41.6,62.3,85,95,1,18.53,0.07,0.22,21,3.774,1.174,4.430676,19994,11393,0,-
15:21:30.730,snap,default,com.taobao.idlefish,discharging,1,41.6,62.3,85,95,1,18.53,0.07,0.22,22,3.747,1.536,5.755392,29015,17842,0,-
15:21:31.734,snap,default,com.taobao.idlefish,discharging,1,41.6,64.7,85,95,1,19.88,0.06,0.18,0,3.802,0.982,3.7335641,29015,17842,0,-
15:21:32.734,snap,default,com.taobao.idlefish,discharging,1,41.6,67.7,85,95,1,19.88,0.06,0.18,28,3.716,2.042,7.5880723,20572,10559,0,-
15:21:33.734,snap,default,com.taobao.idlefish,discharging,1,41.6,70.7,85,95,1,21.89,0.05,0.15,48,3.733,1.784,6.6596723,20572,10559,0,-
15:21:34.735,snap,default,com.taobao.idlefish,discharging,1,41.6,73.7,85,95,1,21.89,0.05,0.15,0,3.751,1.51,5.66401,15662,8583,0,-
15:21:35.735,snap,default,com.taobao.idlefish,discharging,1,41.6,70.7,85,95,1,19.19,0.04,0.12,0,3.799,0.722,2.742878,15662,8583,0,-
15:21:36.735,snap,default,com.taobao.idlefish,discharging,1,41.6,67.7,85,95,1,19.19,0.04,0.12,56,3.793,0.944,3.580592,15662,8583,0,-
15:21:37.736,snap,default,com.taobao.idlefish,discharging,1,41.6,64.7,85,95,1,18.07,0.03,0.1,0,3.811,0.45,1.71495,12123,6107,0,-
15:21:38.736,snap,default,com.taobao.idlefish,discharging,1,41.6,61.699997,85,95,1,18.07,0.03,0.1,0,3.811,0.45,1.71495,12123,6107,0,-
15:21:39.736,snap,default,com.taobao.idlefish,discharging,1,41.6,58.699997,85,95,1,18.07,0.03,0.1,0,3.809,0.5,1.9045,6136,2050,0,-
15:21:40.737,snap,default,com.taobao.idlefish,discharging,1,41.6,57.6,85,95,1,16.25,0.02,0.08,0,3.797,0.714,2.711058,6136,2050,0,-
15:21:41.737,snap,default,com.taobao.idlefish,discharging,1,41.6,59.2,85,95,1,16.25,0.02,0.08,48,3.806,0.83,3.15898,15054,7760,0,-
15:21:42.737,snap,default,com.taobao.idlefish,discharging,1,41.6,57.6,85,95,1,16.2,0.02,0.06,48,3.807,0.674,2.565918,15054,7760,0,-
15:21:43.737,snap,default,com.taobao.idlefish,discharging,1,41.6,56.8,85,95,1,16.2,0.02,0.06,48,3.805,0.834,3.1733701,15291,8968,0,-
15:21:44.738,snap,default,com.taobao.idlefish,discharging,1,41.6,55.6,85,95,1,16.53,0.01,0.05,0,3.811,0.504,1.9207441,15291,8968,0,-
15:21:45.738,snap,default,com.taobao.idlefish,discharging,1,41.6,55.2,85,95,1,16.53,0.01,0.05,0,3.812,0.538,2.0508559,10350,4817,0,-
15:21:46.738,snap,default,com.taobao.idlefish,discharging,1,41.6,54.4,85,95,1,15.7,0.01,0.04,0,3.814,0.406,1.548484,10350,4817,0,-
15:21:47.739,snap,default,com.taobao.idlefish,discharging,1,41.6,54.4,85,95,1,15.7,0.01,0.04,0,3.814,0.482,1.8383479,6170,2217,0,-
15:21:48.739,snap,default,com.taobao.idlefish,discharging,1,41.6,54.4,85,95,1,14.13,0.01,0.03,0,3.813,0.524,1.998012,6170,2217,0,-
15:21:49.739,snap,default,com.taobao.idlefish,discharging,1,41.6,54.4,85,95,1,14.13,0.01,0.03,0,3.801,0.596,2.265396,8013,2469,0,-
15:21:50.739,snap,default,com.taobao.idlefish,discharging,1,41.6,54,85,95,1,13.02,0.19,0.21,0,3.806,0.566,2.154196,8013,2469,0,-
15:21:51.739,snap,default,com.taobao.idlefish,discharging,1,41.6,54,85,95,1,13.02,0.19,0.21,24,3.809,0.572,2.1787481,11110,6052,0,-
15:21:52.740,snap,default,com.taobao.idlefish,discharging,1,41.6,54,85,95,1,13.01,0.15,0.17,24,3.8,0.598,2.2724,11110,6052,0,-
15:21:53.740,snap,default,com.taobao.idlefish,discharging,1,41.6,54,85,95,1,12.83,0.12,0.14,24,3.807,0.582,2.215674,11458,4832,0,-
15:21:54.740,snap,default,com.taobao.idlefish,discharging,1,41.6,53.2,85,95,1,12.83,0.12,0.14,24,3.812,0.482,1.837384,11458,4832,0,-
15:21:55.740,snap,default,com.taobao.idlefish,discharging,1,41.6,52.4,85,95,1,11.95,0.1,0.11,0,3.812,0.478,1.8221359,6505,2586,0,-
15:21:56.741,snap,default,com.taobao.idlefish,discharging,1,41.6,52.4,85,95,1,11.95,0.1,0.11,0,3.812,0.484,1.845008,6505,2586,0,-
15:21:57.741,snap,default,com.taobao.idlefish,discharging,1,41.6,54.4,85,95,1,12.32,0.08,0.09,0,3.777,0.94,3.55038,14136,7658,0,-
15:21:58.741,snap,default,com.taobao.idlefish,discharging,1,41.5,54.4,85,95,1,12.32,0.08,0.09,0,3.794,0.738,2.7999718,14136,7658,0,-
15:21:59.741,snap,default,com.taobao.idlefish,discharging,1,41.5,53.6,85,95,1,12.08,0.06,0.07,0,3.814,0.388,1.479832,8190,3924,0,-
15:22:00.742,snap,default,com.taobao.idlefish,discharging,1,41.5,53.6,85,95,1,12.08,0.06,0.07,0,3.8,0.576,2.1887999,8190,3924,0,-
15:22:01.742,snap,default,com.taobao.idlefish,discharging,1,41.5,52.8,85,95,1,12.07,0.05,0.06,0,3.82,0.49,1.8718,10144,5193,0,-
15:22:02.747,snap,default,com.taobao.idlefish,discharging,1,41.5,54.4,85,95,1,12.07,0.05,0.06,0,3.821,0.338,1.2914981,10144,5193,0,-
15:22:03.745,snap,default,com.taobao.idlefish,discharging,1,41.5,53.2,85,95,1,12.05,0.04,0.05,46,3.802,0.804,3.056808,10144,5193,0,-
15:22:04.746,snap,default,com.taobao.idlefish,discharging,1,41.5,53.2,85,95,1,12.05,0.04,0.05,0,3.814,0.428,1.6323919,11433,5947,0,-
15:22:05.746,snap,default,com.taobao.idlefish,discharging,1,41.5,52.4,85,95,1,10.95,0.03,0.04,0,3.819,0.336,1.2831839,11433,5947,0,-
15:22:06.747,snap,default,com.taobao.idlefish,discharging,1,41.5,51.7,85,95,1,10.95,0.03,0.04,0,3.821,0.354,1.3526341,5798,1741,0,-
15:22:07.751,snap,default,com.taobao.idlefish,discharging,1,41.5,51.7,85,95,1,10.24,0.03,0.03,0,3.821,0.354,1.3526341,5798,1741,0,-
15:22:08.752,snap,default,com.taobao.idlefish,discharging,1,41.5,51.3,85,95,1,10.24,0.03,0.03,0,3.813,0.412,1.570956,5725,1779,0,-
15:22:09.752,snap,default,com.taobao.idlefish,discharging,1,41.5,51.3,85,95,1,10.24,0.03,0.03,0,3.812,0.398,1.517176,5725,1779,0,-
15:22:10.753,snap,default,com.taobao.idlefish,discharging,1,41.5,51.3,85,95,1,10.01,0.02,0.02,0,3.823,0.308,1.177484,8098,2385,0,-
15:22:11.753,snap,default,com.taobao.idlefish,discharging,1,41.5,52.1,85,95,1,10.01,0.02,0.02,0,3.802,0.636,2.418072,8098,2385,0,-
15:22:12.753,snap,default,com.taobao.idlefish,discharging,1,41.5,52.1,85,95,1,15.99,5.63,4.18,0,3.809,0.638,2.4301422,11209,2911,0,-
15:22:13.753,snap,default,com.taobao.idlefish,discharging,1,41.5,52.4,85,95,1,15.99,5.63,4.18,0,3.805,0.624,2.37432,11209,2911,0,-
15:22:14.753,snap,default,com.taobao.idlefish,discharging,1,41.5,52.4,85,95,1,26.31,8.05,6.14,0,3.802,0.686,2.608172,12678,3300,0,-
15:22:15.754,snap,default,com.taobao.idlefish,discharging,1,41.5,54,85,95,1,26.31,8.05,6.14,0,3.806,0.692,2.6337519,12678,3300,0,-
15:22:16.754,snap,default,com.taobao.idlefish,discharging,1,41.5,57,85,95,1,33.87,6.95,6.48,49,3.745,1.6,5.992,21414,10234,0,-
15:22:17.754,snap,default,com.taobao.idlefish,discharging,1,41.5,60,85,95,1,33.87,6.95,6.48,64,3.772,1.196,4.511312,21414,10234,0,-
15:22:18.755,snap,default,com.taobao.idlefish,discharging,1,41.5,57.6,85,95,1,38.78,5.87,5.85,0,3.794,0.73,2.76962,14052,5377,0,-
15:22:19.754,snap,default,com.taobao.idlefish,discharging,1,41.5,54.6,85,95,1,38.78,5.87,5.85,0,3.807,0.61,2.32227,14052,5377,0,-
15:22:20.755,snap,default,com.taobao.idlefish,discharging,1,41.5,54,85,95,1,42.08,4.99,5.15,0,3.794,0.7,2.6557999,12668,3265,0,-
15:22:21.755,snap,default,com.taobao.idlefish,discharging,1,41.5,55.6,85,95,1,42.08,4.99,5.15,0,3.786,0.954,3.611844,12668,3265,0,-
15:22:22.755,snap,default,com.taobao.idlefish,discharging,1,41.5,56.4,85,95,1,41.52,4.45,4.21,0,3.784,1.078,4.0791516,23537,5475,0,-
15:22:23.756,snap,default,com.taobao.idlefish,discharging,1,41.5,56.8,85,95,1,45.41,4,3.45,44,3.78,1.022,3.86316,23537,5475,0,-
15:22:24.756,snap,default,com.taobao.idlefish,discharging,1,41.5,58,85,95,1,45.41,4,3.45,44,3.783,0.952,3.601416,28411,7050,0,-
15:22:25.756,snap,default,com.taobao.idlefish,discharging,1,41.5,58,85,95,1,41.71,3.28,2.82,0,3.788,0.806,3.053128,28411,7050,0,-
15:22:26.757,snap,default,com.taobao.idlefish,discharging,1,41.5,55.2,85,95,1,41.71,3.28,2.82,0,3.802,0.58,2.20516,18746,3567,0,-
15:22:27.757,snap,default,com.taobao.idlefish,discharging,1,41.5,55.2,85,95,1,37.42,2.68,2.31,0,3.808,0.536,2.041088,18746,3567,0,-
15:22:28.758,snap,default,com.taobao.idlefish,discharging,1,41.5,54,85,95,1,37.42,2.68,2.31,0,3.815,0.434,1.65571,9419,3131,0,-
15:22:29.758,snap,default,com.taobao.idlefish,discharging,1,41.5,53.2,85,95,1,32.99,2.2,1.89,0,3.812,0.506,1.928872,9419,3131,0,-
15:22:30.759,snap,default,com.taobao.idlefish,discharging,1,41.5,53.2,85,95,1,32.99,2.2,1.89,0,3.803,0.648,2.464344,9419,3131,0,-
15:22:31.759,snap,default,com.taobao.idlefish,discharging,1,41.5,53.2,85,95,1,35.35,1.98,1.91,0,3.792,0.786,2.9805121,12341,3619,0,-
15:22:32.759,snap,default,com.taobao.idlefish,discharging,1,41.5,54,85,95,1,35.35,1.98,1.91,13,3.806,0.796,3.029576,12341,3619,0,-
15:22:33.960,snap,default,com.taobao.idlefish,discharging,1,41.5,55.6,85,95,1,31.84,1.62,1.56,0,3.773,0.834,3.146682,20783,10659,0,-
15:22:34.960,snap,default,com.taobao.idlefish,discharging,1,41.5,55.6,85,95,1,31.84,1.62,1.56,8,3.706,2.2,8.1532,20783,10659,0,-
15:22:35.962,snap,default,com.tencent.mm,discharging,1,41.5,55.6,85,95,1,39.12,2.05,2.73,8,3.682,2.862,10.537884,33006,11684,0,-
15:22:36.963,snap,default,com.tencent.mm,discharging,1,41.5,55.6,85,95,1,39.12,2.05,2.73,8,3.682,2.862,10.537884,33006,11684,0,-
15:22:37.963,snap,default,com.tencent.mm,discharging,1,41.5,55.6,85,95,1,39.12,2.05,2.73,8,3.693,2.588,9.557485,33586,9709,0,-
15:22:38.974,snap,default,com.tencent.mm,discharging,1,41.5,55.6,85,95,1,42.9,4.76,5.31,8,3.692,2.67,9.85764,33586,9709,0,-
15:22:39.974,snap,default,com.tencent.mm,discharging,1,41.5,55.6,85,95,1,42.9,4.76,5.31,6,3.695,2.738,10.11691,33340,10729,0,-
15:22:40.974,snap,default,com.android.launcher,discharging,1,41.5,55.6,85,95,1,46.36,4.62,6.7,7,3.734,2.162,8.072907,33340,10729,0,-
15:22:42.089,snap,default,com.android.launcher,discharging,1,41.5,55.6,85,95,1,46.36,4.62,6.7,26,3.731,1.934,7.215754,30288,14739,0,-
15:22:43.086,snap,default,com.android.launcher,discharging,1,41.5,55.6,85,95,1,41.76,4.14,5.67,41,3.732,1.614,6.023448,30288,14739,0,-
15:22:44.086,snap,default,com.tencent.mobileqq,discharging,1,41.5,55.6,85,95,1,41.76,4.14,5.67,18,3.689,2.498,9.215121,35135,10727,0,-
15:22:45.086,snap,default,com.tencent.mobileqq,discharging,1,41.5,55.6,85,95,1,49.23,3.93,6.82,12,3.689,2.706,9.982434,35135,10727,0,-
15:22:46.086,snap,default,com.tencent.mobileqq,discharging,1,41.5,55.6,85,95,1,49.23,3.93,6.82,9,3.71,2.242,8.317821,33229,11693,0,-
15:22:47.086,snap,default,com.tencent.mobileqq,discharging,1,41.5,55.6,85,95,1,49.73,4.13,5.94,28,3.757,1.562,5.868434,33229,11693,0,-
15:22:48.087,snap,default,com.tencent.mobileqq,discharging,1,41.5,55.6,85,95,1,46.88,3.56,4.87,45,3.735,1.622,6.05817,22751,12287,0,-
15:22:49.087,snap,default,com.tencent.mobileqq,discharging,1,41.6,55.6,85,95,1,46.88,3.56,4.87,30,3.752,1.412,5.297824,22751,12287,0,-
15:22:50.087,snap,default,com.tencent.mobileqq,discharging,1,41.6,55.6,85,95,1,42.01,3.09,3.98,28,3.736,1.538,5.745968,25200,12101,0,-
15:22:51.087,snap,default,com.tencent.mobileqq,discharging,1,41.6,55.6,85,95,1,42.01,3.09,3.98,24,3.737,1.874,7.0031376,25200,12101,0,-
15:22:52.087,snap,default,com.tencent.mobileqq,discharging,1,41.6,55.6,85,95,1,44.18,2.71,3.62,25,3.721,2.254,8.387134,38431,16185,0,-
15:22:53.088,snap,default,com.tencent.mobileqq,discharging,1,41.6,55.6,85,95,1,44.18,2.71,3.62,16,3.754,1.328,4.9853115,38431,16185,0,-
15:22:54.088,snap,default,com.tencent.mobileqq,discharging,1,41.6,55.6,85,95,1,47.59,2.4,2.97,24,3.684,2.354,8.672136,32409,14727,0,-
15:22:55.088,snap,default,com.tencent.mobileqq,discharging,1,41.6,58.6,85,95,1,47.59,2.4,2.97,20,3.739,1.732,6.4759483,32409,14727,0,-
15:22:56.089,snap,default,com.taobao.idlefish,discharging,1,41.6,61.6,85,95,1,43.68,1.97,2.43,0,3.798,0.588,2.2332242,15460,7184,0,-
15:22:57.089,snap,default,com.taobao.idlefish,discharging,1,41.6,61.9,85,95,1,43.68,1.97,2.43,0,3.798,0.62,2.3547602,15460,7184,0,-
15:22:58.090,snap,default,com.taobao.idlefish,discharging,1,41.6,59.6,85,95,1,37.58,1.61,1.99,0,3.799,0.556,2.112244,7178,2559,0,-
15:22:59.090,snap,default,com.taobao.idlefish,discharging,1,41.7,58.4,85,95,1,37.58,1.61,1.99,0,3.802,0.542,2.060684,7178,2559,0,-
15:23:00.090,snap,default,com.taobao.idlefish,discharging,1,41.7,57.2,85,95,1,32.22,1.32,1.63,0,3.801,0.554,2.1057541,6817,2580,0,-
15:23:01.090,snap,default,com.taobao.idlefish,discharging,1,41.7,56.8,85,95,1,32.22,1.32,1.63,0,3.803,0.538,2.0460138,6817,2580,0,-
15:23:02.091,snap,default,com.taobao.idlefish,discharging,1,41.7,56,85,95,1,28.19,1.08,1.33,0,3.807,0.472,1.796904,9336,3775,0,-
15:23:03.091,snap,default,com.taobao.idlefish,discharging,1,41.7,55.6,85,95,1,28.19,1.08,1.33,0,3.806,0.496,1.887776,9336,3775,0,-
15:23:04.091,snap,default,com.taobao.idlefish,discharging,1,41.7,55.2,85,95,1,24.53,0.88,1.09,0,3.809,0.478,1.820702,9336,3775,0,-
15:23:05.091,snap,default,com.taobao.idlefish,discharging,1,41.7,55.6,85,95,1,24.53,0.88,1.09,0,3.802,0.562,2.136724,7241,2579,0,-
15:23:06.092,snap,default,com.taobao.idlefish,discharging,1,41.7,55.2,85,95,1,21.72,0.72,0.89,0,3.803,0.588,2.236164,7241,2579,0,-
15:23:07.092,snap,default,com.taobao.idlefish,discharging,1,41.7,54.8,85,95,1,21.72,0.72,0.89,0,3.807,0.51,1.9415699,10309,3957,0,-
15:23:08.092,snap,default,com.taobao.idlefish,discharging,1,41.7,54,85,95,1,19.41,0.59,0.73,0,3.805,0.508,1.9329401,10309,3957,0,-
15:23:09.093,snap,default,com.taobao.idlefish,discharging,1,41.7,54,85,95,1,19.41,0.59,0.73,0,3.804,0.59,2.2443597,6312,2155,0,-
15:23:10.092,snap,default,com.taobao.idlefish,discharging,1,41.7,54.4,85,95,1,19.7,0.48,0.78,0,3.804,0.59,2.2443597,6312,2155,0,-
15:23:11.093,snap,default,com.taobao.idlefish,discharging,1,41.7,55.2,85,95,1,19.7,0.48,0.78,0,3.789,0.754,2.8569062,9494,2967,0,-
15:23:12.093,snap,default,com.taobao.idlefish,discharging,1,41.7,56,85,95,1,19.7,0.48,0.78,0,3.791,0.868,3.290588,9494,2967,0,-
15:23:13.093,snap,default,com.taobao.idlefish,discharging,1,41.7,56,85,95,1,21.56,0.57,0.63,0,3.798,0.796,3.0232081,11314,2902,0,-
15:23:14.093,snap,default,com.taobao.idlefish,discharging,1,41.7,54,85,95,1,21.56,0.57,0.63,0,3.805,0.546,2.0775301,11314,2902,0,-
15:23:15.094,snap,default,com.taobao.idlefish,discharging,1,41.7,54,85,95,1,19.29,0.47,0.52,0,3.805,0.588,2.23734,7863,2611,0,-
15:23:16.094,snap,default,com.taobao.idlefish,discharging,1,41.7,54,85,95,1,19.29,0.47,0.52,0,3.81,0.506,1.9278599,7863,2611,0,-
15:23:17.094,snap,default,com.taobao.idlefish,discharging,1,41.7,53.2,85,95,1,17.6,0.38,0.42,0,3.792,0.782,2.965344,9286,3174,0,-
15:23:18.094,snap,default,com.taobao.idlefish,discharging,1,41.7,53.2,85,95,1,17.6,0.38,0.42,0,3.804,0.524,1.9932959,9286,3174,0,-
15:23:19.095,snap,default,com.taobao.idlefish,discharging,1,41.7,53.2,85,95,1,16.23,0.31,0.35,0,3.809,0.53,2.01877,6476,2294,0,-
15:23:20.095,snap,default,com.taobao.idlefish,discharging,1,41.7,53.6,85,95,1,14.92,0.25,0.28,0,3.794,0.618,2.3446918,6476,2294,0,-
15:23:21.097,snap,default,com.taobao.idlefish,discharging,1,41.7,53.6,85,95,1,14.92,0.25,0.28,0,3.799,0.674,2.5605261,12084,5557,0,-
15:23:22.096,snap,default,com.taobao.idlefish,discharging,1,41.7,53.6,85,95,1,14.39,0.21,0.23,0,3.803,0.656,2.4947681,12084,5557,0,-
15:23:23.096,snap,default,com.taobao.idlefish,discharging,1,41.7,53.6,85,95,1,14.39,0.21,0.23,0,3.806,0.53,2.01718,12424,4851,0,-
15:23:24.097,snap,default,com.taobao.idlefish,discharging,1,41.7,53.2,85,95,1,13.41,0.17,0.19,23,3.812,0.428,1.631536,12424,4851,0,-
15:23:25.097,snap,default,com.taobao.idlefish,discharging,1,41.7,52.4,85,95,1,13.41,0.17,0.19,0,3.808,0.456,1.736448,6118,2121,0,-
15:23:26.098,snap,default,com.taobao.idlefish,discharging,1,41.7,52.1,85,95,1,12.43,0.14,0.15,0,3.806,0.47,1.78882,6118,2121,0,-
15:23:27.098,snap,default,com.taobao.idlefish,discharging,1,41.7,52.1,85,95,1,12.43,0.14,0.15,0,3.812,0.414,1.578168,8148,3011,0,-
15:23:28.099,snap,default,com.taobao.idlefish,discharging,1,41.7,52.4,85,95,1,12.35,0.11,0.12,0,3.801,0.566,2.151366,8148,3011,0,-
15:23:29.099,snap,default,com.taobao.idlefish,discharging,1,41.7,52.4,85,95,1,12.35,0.11,0.12,0,3.801,0.614,2.3338141,10843,5696,0,-
15:23:30.099,snap,default,com.taobao.idlefish,discharging,1,41.7,52.4,85,95,1,12.47,0.09,0.1,0,3.798,0.606,2.301588,10843,5696,0,-
15:23:31.099,snap,default,com.taobao.idlefish,discharging,1,41.6,52.1,85,95,1,12.47,0.09,0.1,0,3.8,0.67,2.546,10843,5696,0,-
15:23:32.100,snap,default,com.taobao.idlefish,discharging,1,41.6,52.1,85,95,1,12.93,0.07,0.08,0,3.801,0.598,2.272998,12443,6358,0,-
15:23:33.100,snap,default,com.taobao.idlefish,discharging,1,41.6,51.3,85,95,1,12.93,0.07,0.08,0,3.808,0.504,1.9192321,12443,6358,0,-
15:23:34.101,snap,default,com.taobao.idlefish,discharging,1,41.6,51.3,85,95,1,12.03,0.06,0.06,0,3.81,0.498,1.89738,7464,2770,0,-
15:23:35.101,snap,default,com.taobao.idlefish,discharging,1,41.6,50.9,85,95,1,12.03,0.06,0.06,0,3.813,0.452,1.7234759,7464,2770,0,-
15:23:36.101,snap,default,com.taobao.idlefish,discharging,1,41.6,50.9,85,95,1,11.48,0.05,0.05,0,3.807,0.504,1.918728,5518,1942,0,-
15:23:37.102,snap,default,com.taobao.idlefish,discharging,1,41.6,50.9,85,95,1,11.48,0.05,0.05,0,3.812,0.468,1.784016,5518,1942,0,-
15:23:38.102,snap,default,com.taobao.idlefish,discharging,1,41.6,51.3,85,95,1,10.67,0.04,0.04,0,3.809,0.504,1.919736,5162,1531,0,-
15:23:39.102,snap,default,com.taobao.idlefish,discharging,1,41.6,50.9,85,95,1,10.67,0.04,0.04,0,3.812,0.476,1.814512,5162,1531,0,-
15:23:40.103,snap,default,com.taobao.idlefish,discharging,1,41.6,50.9,85,95,1,9.82,0.03,0.03,0,3.812,0.476,1.814512,5383,1686,0,-
15:23:41.103,snap,default,com.taobao.idlefish,discharging,1,41.6,50.5,85,95,1,9.82,0.03,0.03,0,3.808,0.526,2.0030081,5383,1686,0,-
15:23:42.104,snap,default,com.taobao.idlefish,discharging,1,41.5,50.5,85,95,1,9.82,0.03,0.03,0,3.808,0.528,2.010624,5795,1904,0,-
15:23:43.104,snap,default,com.taobao.idlefish,discharging,1,41.5,50.5,85,95,1,9.49,0.02,0.03,0,3.808,0.518,1.9725441,5795,1904,0,-
15:23:44.104,snap,default,com.taobao.idlefish,discharging,1,41.5,50.5,85,95,1,9.49,0.02,0.03,0,3.808,0.516,1.9649279,4857,1432,0,-
15:23:45.104,snap,default,com.taobao.idlefish,discharging,1,41.5,50.9,85,95,1,9.04,0.02,0.02,0,3.809,0.544,2.072096,4857,1432,0,-
15:23:46.105,snap,default,com.taobao.idlefish,discharging,1,41.5,52.8,85,95,1,9.04,0.02,0.02,0,3.789,0.818,3.0994022,17674,7587,0,-
15:23:47.105,snap,default,com.taobao.idlefish,discharging,1,41.5,52.8,85,95,1,10.12,0.38,0.02,0,3.787,1.02,3.8627398,17674,7587,0,-
15:23:48.105,snap,default,com.taobao.idlefish,discharging,1,41.5,51.3,85,95,1,10.12,0.38,0.02,0,3.805,0.616,2.34388,8031,3055,0,-
15:23:49.106,snap,default,com.taobao.idlefish,discharging,1,41.5,50.9,85,95,1,9.91,0.31,0.01,0,3.807,0.55,2.09385,8031,3055,0,-
15:23:50.106,snap,default,com.taobao.idlefish,discharging,1,41.5,50.9,85,95,1,9.39,0.25,0.01,0,3.813,0.47,1.79211,5801,2161,0,-
15:23:51.107,snap,default,com.taobao.idlefish,discharging,1,41.5,51.3,85,95,1,9.39,0.25,0.01,0,3.808,0.472,1.797376,5801,2161,0,-
15:23:52.107,snap,default,com.taobao.idlefish,discharging,1,41.5,51.3,85,95,1,13.84,0.2,0.01,0,3.8,0.688,2.6144001,10318,3330,0,-
15:23:53.107,snap,default,com.taobao.idlefish,discharging,1,41.4,50.9,85,95,1,13.84,0.2,0.01,0,3.806,0.538,2.047628,10318,3330,0,-
15:23:54.108,snap,default,com.taobao.idlefish,discharging,1,41.4,50.9,85,95,1,15.86,0.16,0,0,3.808,0.514,1.957312,5940,1748,0,-
15:23:55.108,snap,default,com.taobao.idlefish,discharging,1,41.4,50.9,85,95,1,15.86,0.16,0,0,3.81,0.482,1.8364199,5940,1748,0,-
15:23:56.109,snap,default,com.taobao.idlefish,discharging,1,41.4,50.9,85,95,1,15.89,0.13,0,0,3.808,0.504,1.9192321,5940,1748,0,-
15:23:57.109,snap,default,com.taobao.idlefish,discharging,1,41.4,50.9,85,95,1,15.89,0.13,0,0,3.804,0.556,2.1150239,5659,1608,0,-
15:23:58.109,snap,default,com.taobao.idlefish,discharging,1,41.4,51.3,85,95,1,17.72,0.11,0,0,3.803,0.658,2.502374,5659,1608,0,-
15:23:59.110,snap,default,com.taobao.idlefish,discharging,1,41.4,54.3,85,95,1,17.72,0.11,0,22,3.753,1.104,4.143312,10817,3956,0,-
15:24:00.110,snap,default,com.taobao.idlefish,discharging,1,41.4,56.4,85,95,1,22.3,0.09,0,66,3.754,1.516,5.691064,10817,3956,0,-
15:24:01.110,snap,default,com.taobao.idlefish,discharging,1,41.4,56.4,85,95,1,22.3,0.09,0,66,3.796,0.93,3.53028,24076,12383,0,-
15:24:02.111,snap,default,com.taobao.idlefish,discharging,1,41.4,54.8,85,95,1,22.42,0.07,0,0,3.801,0.702,2.668302,24076,12383,0,-
15:24:03.112,snap,default,com.taobao.idlefish,discharging,1,41.3,53.2,85,95,1,22.42,0.07,0,0,3.805,0.548,2.08514,8583,3213,0,-
15:24:04.112,snap,default,com.taobao.idlefish,discharging,1,41.3,52.1,85,95,1,19.99,0.06,0,0,3.808,0.464,1.766912,8583,3213,0,-
15:24:05.113,snap,default,com.taobao.idlefish,discharging,1,41.3,52.1,85,95,1,19.99,0.06,0,0,3.807,0.544,2.071008,10995,4164,0,-
15:24:06.113,snap,default,com.taobao.idlefish,discharging,1,41.3,51.7,85,95,1,18,0.05,0,0,3.805,0.504,1.9177201,10995,4164,0,-
15:24:07.114,snap,default,com.taobao.idlefish,discharging,1,41.3,51.3,85,95,1,18,0.05,0,0,3.811,0.502,1.9131219,8537,3662,0,-
15:24:08.113,snap,default,com.taobao.idlefish,discharging,1,41.3,51.3,85,95,1,16.73,0.04,0,0,3.804,0.564,2.145456,8537,3662,0,-
15:24:09.114,snap,default,com.taobao.idlefish,discharging,1,41.3,51.7,85,95,1,16.73,0.04,0,54,3.761,0.954,3.5879939,14255,6326,0,-
15:24:10.114,snap,default,com.taobao.idlefish,discharging,1,41.3,54,85,95,1,18.23,0.03,0,54,3.761,0.954,3.5879939,14255,6326,0,-
15:24:11.114,snap,default,com.taobao.idlefish,discharging,1,41.3,54,85,95,1,18.23,0.03,0,54,3.802,0.82,3.11764,19276,10498,0,-
15:24:12.115,snap,default,com.taobao.idlefish,discharging,1,41.3,52.4,85,95,1,18.23,0.03,0,0,3.806,0.552,2.1009119,19276,10498,0,-
15:24:13.115,snap,default,com.taobao.idlefish,discharging,1,41.3,52.1,85,95,1,16.56,0.02,0,50,3.805,0.642,2.44281,8025,3465,0,-
15:24:14.115,snap,default,com.taobao.idlefish,discharging,1,41.2,51.3,85,95,1,16.56,0.02,0,0,3.81,0.474,1.80594,8025,3465,0,-
15:24:15.116,snap,default,com.taobao.idlefish,discharging,1,41.2,51.3,85,95,1,15.19,0.02,0,0,3.806,0.534,2.032404,8988,2721,0,-
15:24:16.116,snap,default,com.taobao.idlefish,discharging,1,41.2,51.3,85,95,1,15.19,0.02,0,0,3.812,0.468,1.784016,8988,2721,0,-
15:24:17.117,snap,default,com.taobao.idlefish,discharging,1,41.2,51.3,85,95,1,14.25,0.01,0,0,3.808,0.558,2.124864,6555,2259,0,-
15:24:18.117,snap,default,com.taobao.idlefish,discharging,1,41.2,50.9,85,95,1,14.25,0.01,0,0,3.812,0.474,1.806888,6555,2259,0,-
15:24:19.117,snap,default,com.taobao.idlefish,discharging,1,41.2,50.9,85,95,1,13.29,0.01,0,0,3.812,0.448,1.7077761,5411,1616,0,-
15:24:20.117,snap,default,com.taobao.idlefish,discharging,1,41.2,51.7,85,95,1,13.29,0.01,0,0,3.798,0.558,2.1192842,5411,1616,0,-
15:24:21.117,snap,default,com.taobao.idlefish,discharging,1,41.2,52.8,85,95,1,12.52,0.01,0,0,3.805,0.552,2.10036,9269,2791,0,-
15:24:22.118,snap,default,com.taobao.idlefish,discharging,1,41.2,51.7,85,95,1,11.33,0,0,0,3.8,0.644,2.4472,9269,2791,0,-
15:24:23.118,snap,default,com.taobao.idlefish,discharging,1,41.2,51.7,85,95,1,11.33,0,0,0,3.809,0.48,1.8283199,9269,2791,0,-
15:24:24.119,snap,default,com.taobao.idlefish,discharging,1,41.2,50.9,85,95,1,10.55,0,0,0,3.803,0.616,2.342648,8254,3264,0,-
15:24:25.119,snap,default,com.taobao.idlefish,discharging,1,41.1,50.9,85,95,1,10.55,0,0,0,3.81,0.464,1.7678399,8254,3264,0,-
15:24:26.120,snap,default,com.taobao.idlefish,discharging,1,41.1,50.1,85,95,1,10.27,0,0,0,3.806,0.478,1.819268,7057,2661,0,-
15:24:27.120,snap,default,com.taobao.idlefish,discharging,1,41.1,49.7,85,95,1,10.27,0,0,0,3.812,0.43,1.63916,7057,2661,0,-
15:24:28.120,snap,default,com.taobao.idlefish,discharging,1,41.1,49.7,85,95,1,9.67,0,0,0,3.812,0.456,1.7382721,5171,1710,0,-
15:24:29.122,snap,default,com.taobao.idlefish,discharging,1,41.1,49.7,85,95,1,9.67,0,0,0,3.812,0.434,1.654408,5171,1710,0,-
15:24:30.123,snap,default,com.taobao.idlefish,discharging,1,41.1,49.7,85,95,1,9.19,0,0,0,3.811,0.448,1.7073281,4877,1525,0,-
15:24:31.123,snap,default,com.taobao.idlefish,discharging,1,41.1,49.7,85,95,1,9.19,0,0,0,3.811,0.446,1.6997061,4877,1525,0,-
15:24:32.124,snap,default,com.taobao.idlefish,discharging,1,41.1,49.3,85,95,1,8.79,0,0,0,3.811,0.442,1.6844621,5561,1696,0,-
15:24:33.124,snap,default,com.taobao.idlefish,discharging,1,41.1,48.9,85,95,1,8.79,0,0,0,3.811,0.434,1.6539739,5561,1696,0,-
15:24:34.124,snap,default,com.taobao.idlefish,discharging,1,41.1,48.9,85,95,1,8.46,0,0,0,3.808,0.458,1.7440641,4758,1455,0,-
15:24:35.124,snap,default,com.taobao.idlefish,discharging,1,41,48.9,85,95,1,8.46,0,0,0,3.812,0.402,1.5324241,4758,1455,0,-
15:24:36.125,snap,default,com.taobao.idlefish,discharging,1,41,48.9,85,95,1,8.56,0,0,0,3.809,0.338,1.287442,6802,2632,0,-
15:24:37.126,snap,default,com.taobao.idlefish,discharging,1,41,48.9,85,95,1,8.56,0,0,0,3.817,0.296,1.129832,6802,2632,0,-
15:24:38.126,snap,default,com.taobao.idlefish,discharging,1,41,49.3,85,95,1,9,0,0,27,3.792,0.564,2.138688,7803,3285,0,-
15:24:39.126,snap,default,com.taobao.idlefish,discharging,1,41,52.3,85,95,1,9,0,0,70,3.792,0.564,2.138688,7803,3285,0,-
15:24:40.126,snap,default,com.taobao.idlefish,discharging,1,41,52.3,85,95,1,9,0,0,70,3.768,1.354,5.101872,35238,21231,0,-
15:24:41.126,snap,default,com.taobao.idlefish,discharging,1,41,55.3,85,95,1,11.54,0.18,0,69,3.737,1.744,6.517328,35238,21231,0,-
15:24:42.127,snap,default,com.taobao.idlefish,discharging,1,41,58.3,85,95,1,11.54,0.18,0,67,3.758,1.488,5.591904,31462,20901,0,-
15:24:43.127,snap,default,com.taobao.idlefish,discharging,1,41,61.3,85,95,1,14.16,0.14,0,68,3.76,1.396,5.24896,31462,20901,0,-
15:24:44.127,snap,default,com.taobao.idlefish,discharging,1,41,61.5,85,95,1,14.16,0.14,0,69,3.747,1.41,5.28327,25611,16368,0,-
15:24:45.128,snap,default,com.taobao.idlefish,discharging,1,41,58.5,85,95,1,15.58,0.12,0,59,3.773,1.19,4.48987,25611,16368,0,-
15:24:46.128,snap,default,com.taobao.idlefish,discharging,1,40.9,55.5,85,95,1,15.58,0.12,0,0,3.804,0.488,1.856352,7364,3101,0,-
15:24:47.129,snap,default,com.taobao.idlefish,discharging,1,40.9,52.5,85,95,1,14.75,0.09,0,0,3.801,0.506,1.923306,7364,3101,0,-
15:24:48.129,snap,default,com.taobao.idlefish,discharging,1,40.9,51.3,85,95,1,14.75,0.09,0,0,3.805,0.468,1.78074,5295,1646,0,-
15:24:49.129,snap,default,com.taobao.idlefish,discharging,1,40.9,51.3,85,95,1,13.34,0.08,0,0,3.807,0.49,1.86543,5295,1646,0,-
15:24:50.129,snap,default,com.taobao.idlefish,discharging,1,40.9,54.3,85,95,1,13.34,0.08,0,0,3.787,0.68,2.57516,5295,1646,0,-
15:24:51.130,snap,default,com.taobao.idlefish,discharging,1,40.9,56,85,95,1,12.56,0.06,0,0,3.791,0.948,3.593868,11812,5263,0,-
15:24:52.131,snap,default,com.taobao.idlefish,discharging,1,40.9,53,85,95,1,13.36,0.05,0,0,3.799,0.684,2.598516,11812,5263,0,-
15:24:53.131,snap,default,com.taobao.idlefish,discharging,1,40.9,52.1,85,95,1,13.36,0.05,0,0,3.8,0.586,2.2268,13216,5761,0,-
15:24:54.131,snap,default,com.taobao.idlefish,discharging,1,40.9,51.3,85,95,1,12.75,0.04,0,0,3.805,0.488,1.85684,13216,5761,0,-
15:24:55.131,snap,default,com.taobao.idlefish,discharging,1,40.9,50.9,85,95,1,12.75,0.04,0,0,3.815,0.366,1.3962901,7558,3042,0,-
15:24:56.132,snap,default,com.taobao.idlefish,discharging,1,40.9,50.1,85,95,1,11.89,0.03,0,0,3.811,0.372,1.4176921,7558,3042,0,-
15:24:57.132,snap,default,com.taobao.idlefish,discharging,1,40.9,49.7,85,95,1,11.89,0.03,0,0,3.816,0.332,1.266912,6609,2589,0,-
15:24:58.133,snap,default,com.taobao.idlefish,discharging,1,40.9,49.7,85,95,1,11.36,0.02,0,0,3.817,0.4,1.5268,6609,2589,0,-
15:24:59.133,snap,default,com.taobao.idlefish,discharging,1,40.9,49.7,85,95,1,11.36,0.02,0,0,3.816,0.35,1.3356,7070,2434,0,-
15:25:00.133,snap,default,com.taobao.idlefish,discharging,1,40.9,49.7,85,95,1,10.57,0.02,0,0,3.814,0.414,1.578996,7070,2434,0,-
15:25:01.134,snap,default,com.taobao.idlefish,discharging,1,40.9,49.3,85,95,1,10.57,0.02,0,0,3.817,0.408,1.557336,6401,2184,0,-
15:25:02.135,snap,default,com.taobao.idlefish,discharging,1,40.9,49.7,85,95,1,10.29,0.01,0,0,3.818,0.412,1.573016,6401,2184,0,-
15:25:03.134,snap,default,com.taobao.idlefish,discharging,1,40.9,49.3,85,95,1,10.29,0.01,0,0,3.814,0.35,1.3348999,7153,2595,0,-
15:25:04.135,snap,default,com.taobao.idlefish,discharging,1,40.9,49.7,85,95,1,9.87,0.01,0,0,3.814,0.368,1.4035519,7153,2595,0,-
15:25:05.135,snap,default,com.taobao.idlefish,discharging,1,40.9,48.9,85,95,1,9.87,0.01,0,0,3.815,0.372,1.41918,5125,1818,0,-
15:25:06.135,snap,default,com.taobao.idlefish,discharging,1,40.9,48.9,85,95,1,9.35,0.01,0,0,3.813,0.374,1.426062,5125,1818,0,-
15:25:07.136,snap,default,com.taobao.idlefish,discharging,1,40.8,48.9,85,95,1,9.35,0.01,0,0,3.816,0.376,1.434816,5536,1813,0,-
15:25:08.136,snap,default,com.taobao.idlefish,discharging,1,40.8,48.9,85,95,1,8.92,0,0,0,3.815,0.412,1.57178,5536,1813,0,-
15:25:09.137,snap,default,com.taobao.idlefish,discharging,1,40.8,49.3,85,95,1,8.92,0,0,0,3.814,0.434,1.655276,8695,3487,0,-
15:25:10.137,snap,default,com.taobao.idlefish,discharging,1,40.8,49.3,85,95,1,9.3,0,0,0,3.814,0.434,1.655276,8695,3487,0,-
15:25:11.137,snap,default,com.taobao.idlefish,discharging,1,40.8,49.3,85,95,1,9.3,0,0,0,3.818,0.386,1.4737481,9127,3265,0,-
15:25:12.138,snap,default,com.taobao.idlefish,discharging,1,40.8,49.3,85,95,1,9.3,0,0,0,3.792,0.566,2.146272,9127,3265,0,-
15:25:13.138,snap,default,com.taobao.idlefish,discharging,1,40.8,49.3,85,95,1,9.43,0,0,0,3.811,0.414,1.577754,6349,2179,0,-
15:25:14.138,snap,default,com.taobao.idlefish,discharging,1,40.8,49.3,85,95,1,9.43,0,0,0,3.816,0.362,1.381392,6349,2179,0,-
15:25:15.139,snap,default,com.taobao.idlefish,discharging,1,40.8,48.9,85,95,1,8.98,0,0,0,3.811,0.436,1.6615961,6349,2179,0,-
15:25:16.139,snap,default,com.taobao.idlefish,discharging,1,40.8,49.7,85,95,1,8.98,0,0,0,3.815,0.344,1.31236,6484,2125,0,-
15:25:17.139,snap,default,com.taobao.idlefish,discharging,1,40.8,48.9,85,95,1,8.99,0,0,0,3.802,0.442,1.680484,6484,2125,0,-
15:25:18.140,snap,default,com.taobao.idlefish,discharging,1,40.8,48.9,85,95,1,8.99,0,0,0,3.811,0.396,1.509156,6834,2595,0,-
15:25:19.140,snap,default,com.taobao.idlefish,discharging,1,40.8,48.5,85,95,1,9.17,0,0,0,3.814,0.35,1.3348999,6834,2595,0,-
15:25:20.141,snap,default,com.taobao.idlefish,discharging,1,40.8,48.5,85,95,1,9.17,0,0,0,3.809,0.42,1.59978,5043,1643,0,-
15:25:21.141,snap,default,com.taobao.idlefish,discharging,1,40.8,48.5,85,95,1,8.78,0,0,0,3.813,0.436,1.662468,5043,1643,0,-
15:25:22.141,snap,default,com.taobao.idlefish,discharging,1,40.8,48.9,85,95,1,8.78,0,0,0,3.815,0.354,1.35051,6006,1906,0,-
15:25:23.142,snap,default,com.taobao.idlefish,discharging,1,40.8,48.9,85,95,1,8.63,0,0,0,3.82,0.362,1.3828399,6006,1906,0,-
15:25:24.143,snap,default,com.taobao.idlefish,discharging,1,40.8,48.5,85,95,1,8.52,0,0,0,3.819,0.346,1.3213739,5428,1771,0,-
15:25:25.143,snap,default,com.taobao.idlefish,discharging,1,40.8,48.5,85,95,1,8.52,0,0,0,3.82,0.42,1.6043999,5428,1771,0,-
15:25:26.143,snap,default,com.taobao.idlefish,discharging,1,40.8,48.5,85,95,1,8.24,0,0,0,3.813,0.452,1.7234759,6017,2077,0,-
15:25:27.144,snap,default,com.taobao.idlefish,discharging,1,40.8,48.5,85,95,1,8.24,0,0,0,3.814,0.398,1.517972,6017,2077,0,-
15:25:28.144,snap,default,com.taobao.idlefish,discharging,1,40.8,48.5,85,95,1,8.02,0,0,0,3.813,0.35,1.33455,5786,1810,0,-
15:25:29.145,snap,default,com.taobao.idlefish,discharging,1,40.7,48.1,85,95,1,8.02,0,0,0,3.818,0.32,1.22176,5786,1810,0,-
15:25:30.145,snap,default,com.taobao.idlefish,discharging,1,40.7,48.1,85,95,1,8.01,0,0,0,3.807,0.444,1.690308,4925,1553,0,-
15:25:31.145,snap,default,com.taobao.idlefish,discharging,1,40.7,48.1,85,95,1,8.01,0,0,0,3.811,0.44,1.6768401,4925,1553,0,-
15:25:32.145,snap,default,com.taobao.idlefish,discharging,1,40.7,48.1,85,95,1,8.73,0,0,0,3.81,0.504,1.92024,7253,2322,0,-
15:25:33.147,snap,default,com.taobao.idlefish,discharging,1,40.7,48.5,85,95,1,8.73,0,0,0,3.812,0.498,1.898376,7253,2322,0,-
15:25:34.146,snap,default,com.taobao.idlefish,discharging,1,40.7,48.5,85,95,1,8.96,0,0,0,3.803,0.638,2.426314,8911,4339,0,-
15:25:35.146,snap,default,com.taobao.idlefish,discharging,1,40.7,49.3,85,95,1,8.96,0,0,0,3.789,0.702,2.659878,8911,4339,0,-
15:25:36.146,snap,default,com.taobao.idlefish,discharging,1,40.7,50.1,85,95,1,10.6,0,0,0,3.799,0.75,2.84925,15638,8150,0,-
15:25:37.147,snap,default,com.taobao.idlefish,discharging,1,40.7,50.1,85,95,1,10.6,0,0,22,3.806,0.618,2.352108,15638,8150,0,-
15:25:38.147,snap,default,com.taobao.idlefish,discharging,1,40.7,48.9,85,95,1,10.31,0,0,0,3.808,0.488,1.858304,9805,4125,0,-
15:25:39.148,snap,default,com.taobao.idlefish,discharging,1,40.6,48.5,85,95,1,10.31,0,0,0,3.808,0.488,1.858304,9805,4125,0,-
15:25:40.148,snap,default,com.taobao.idlefish,discharging,1,40.6,48.5,85,95,1,10.31,0,0,0,3.811,0.484,1.844524,5627,1901,0,-
15:25:41.148,snap,default,com.taobao.idlefish,discharging,1,40.6,48.5,85,95,1,9.89,0,0,0,3.807,0.47,1.78929,5627,1901,0,-
15:25:42.148,snap,default,com.taobao.idlefish,discharging,1,40.6,48.5,85,95,1,9.89,0,0,0,3.805,0.51,1.94055,5627,1901,0,-
15:25:43.149,snap,default,com.taobao.idlefish,discharging,1,40.6,50.1,85,95,1,9.91,0,0,0,3.749,1.216,4.558784,13337,7514,0,-
15:25:44.149,snap,default,com.taobao.idlefish,discharging,1,40.6,50.1,85,95,1,9.91,0,0,0,3.806,0.508,1.9334481,13337,7514,0,-
15:25:45.149,snap,default,com.taobao.idlefish,discharging,1,40.6,50.1,85,95,1,11.74,0,0,0,3.804,0.56,2.13024,10606,4215,0,-
15:25:46.151,snap,default,com.taobao.idlefish,discharging,1,40.6,50.1,85,95,1,11.74,0,0,0,3.809,0.452,1.721668,10606,4215,0,-
15:25:47.150,snap,default,com.taobao.idlefish,discharging,1,40.6,50.1,85,95,1,11.24,0,0,50,3.717,1.48,5.50116,16562,8777,0,-
15:25:48.150,snap,default,com.taobao.idlefish,discharging,1,40.6,50.1,85,95,1,11.24,0,0,66,3.644,3.428,12.491632,16562,8777,0,-
15:25:49.150,snap,default,com.taobao.idlefish,discharging,1,40.6,50.1,85,95,1,17.72,0.18,0.72,74,3.662,3.384,12.392208,35501,19331,0,-
15:25:50.150,snap,default,com.taobao.idlefish,discharging,1,40.6,50.1,85,95,1,17.72,0.18,0.72,73,3.787,0.896,3.393152,35501,19331,0,-
15:25:51.151,snap,default,com.taobao.idlefish,discharging,1,40.6,53.1,85,95,1,17.95,0.14,0.59,0,3.8,0.484,1.8392,9829,4285,0,-
15:25:52.151,snap,default,com.taobao.idlefish,discharging,1,40.6,55.2,85,95,1,17.95,0.14,0.59,0,3.798,0.526,1.9977481,9829,4285,0,-
15:25:53.169,snap,default,com.taobao.idlefish,discharging,1,40.6,55.2,85,95,1,16.15,0.12,0.48,0,3.803,0.48,1.8254399,7787,3323,0,-
15:25:54.174,snap,default,com.taobao.idlefish,discharging,1,40.6,55.2,85,95,1,16.15,0.12,0.48,21,3.716,1.62,6.0199203,7787,3323,0,-
15:25:55.174,snap,default,com.taobao.idlefish,discharging,1,40.6,55.2,85,95,1,18.47,0.09,0.39,68,3.648,2.994,10.9221115,34384,19475,0,-
15:25:56.174,snap,default,com.taobao.idlefish,discharging,1,40.5,55.2,85,95,1,22.55,0.08,0.32,76,3.64,3.284,11.95376,34384,19475,0,-
15:25:57.175,snap,default,com.taobao.idlefish,discharging,1,40.5,55.2,85,95,1,22.55,0.08,0.32,75,3.656,3.01,11.0045595,28741,16742,0,-
15:25:58.176,snap,default,com.taobao.idlefish,discharging,1,40.5,55.2,85,95,1,22.63,0.06,0.26,78,3.643,2.916,10.622987,28741,16742,0,-
15:25:59.176,snap,default,com.taobao.idlefish,discharging,1,40.5,55.2,85,95,1,22.63,0.06,0.26,78,3.649,2.832,10.333968,26837,16038,0,-
15:26:00.176,snap,default,com.taobao.idlefish,discharging,1,40.5,55.2,85,95,1,24.33,0.05,0.58,74,3.661,2.974,10.887814,26837,16038,0,-
15:26:01.176,snap,default,com.taobao.idlefish,discharging,1,40.5,55.2,85,95,1,24.33,0.05,0.58,74,3.769,1.588,5.9851723,27049,14314,0,-
15:26:02.177,snap,default,com.taobao.idlefish,discharging,1,40.5,58.2,85,95,1,23.73,0.22,0.83,41,3.742,1.148,4.295816,27049,14314,0,-
15:26:03.178,snap,default,com.taobao.idlefish,discharging,1,40.5,61.2,85,95,1,23.73,0.22,0.83,41,3.775,0.92,3.473,16603,9140,0,-
15:26:04.178,snap,default,com.taobao.idlefish,discharging,1,40.5,61.5,85,95,1,21.96,0.18,0.68,0,3.775,0.95,3.58625,16603,9140,0,-
15:26:05.178,snap,default,com.taobao.idlefish,discharging,1,40.5,61.5,85,95,1,21.96,0.18,0.68,40,3.768,0.946,3.5645278,18603,10170,0,-
15:26:06.178,snap,default,com.taobao.idlefish,discharging,1,40.5,61.9,85,95,1,21.42,0.15,0.56,33,3.777,1.12,4.23024,18603,10170,0,-
15:26:07.178,snap,default,com.taobao.idlefish,discharging,1,40.5,63.5,85,95,1,21.42,0.15,0.56,51,3.776,1.21,4.56896,20583,12204,0,-
15:26:08.178,snap,default,com.taobao.idlefish,discharging,1,40.5,63.5,85,95,1,21.17,0.12,0.45,51,3.783,1.172,4.4336762,20583,12204,0,-
15:26:09.179,snap,default,com.taobao.idlefish,discharging,1,40.5,60.5,85,95,1,21.17,0.12,0.45,0,3.798,0.522,1.9825561,20583,12204,0,-
15:26:10.179,snap,default,com.taobao.idlefish,discharging,1,40.5,57.5,85,95,1,18.42,0.1,0.37,0,3.797,0.528,2.004816,9084,4089,0,-
15:26:11.179,snap,default,com.taobao.idlefish,discharging,1,40.5,54.5,85,95,1,18.42,0.1,0.37,0,3.797,0.528,2.004816,9084,4089,0,-
15:26:12.180,snap,default,com.taobao.idlefish,discharging,1,40.5,54.4,85,95,1,18.42,0.1,0.37,0,3.797,0.544,2.065568,6851,2275,0,-
15:26:13.180,snap,default,com.taobao.idlefish,discharging,1,40.5,54.4,85,95,1,17.8,0.08,0.3,0,3.794,0.652,2.473688,6851,2275,0,-
15:26:14.181,snap,default,com.taobao.idlefish,discharging,1,40.5,54.4,85,95,1,17.8,0.08,0.3,0,3.798,0.528,2.0053442,8927,2408,0,-
15:26:15.181,snap,default,com.taobao.idlefish,discharging,1,40.5,52.8,85,95,1,19.46,0.06,0.25,0,3.785,0.73,2.76305,8927,2408,0,-
15:26:16.181,snap,default,com.taobao.idlefish,discharging,1,40.5,53.6,85,95,1,19.46,0.06,0.25,0,3.797,0.598,2.2706058,13053,5266,0,-
15:26:17.181,snap,default,com.taobao.idlefish,discharging,1,40.5,52.8,85,95,1,17.75,0.05,0.2,0,3.8,0.592,2.2496,13053,5266,0,-
15:26:18.182,snap,default,com.taobao.idlefish,discharging,1,40.5,52.8,85,95,1,17.75,0.05,0.2,0,3.806,0.554,2.108524,11291,5699,0,-
15:26:19.182,snap,default,com.taobao.idlefish,discharging,1,40.5,51.7,85,95,1,16.52,0.04,0.16,0,3.808,0.372,1.416576,11291,5699,0,-
15:26:20.183,snap,default,com.taobao.idlefish,discharging,1,40.5,50.9,85,95,1,16.52,0.04,0.16,0,3.809,0.336,1.279824,5464,1858,0,-
15:26:21.183,snap,default,com.taobao.idlefish,discharging,1,40.5,50.9,85,95,1,14.98,0.03,0.13,0,3.804,0.39,1.48356,5464,1858,0,-
15:26:22.184,snap,default,com.taobao.idlefish,discharging,1,40.5,51.7,85,95,1,14.98,0.03,0.13,0,3.799,0.432,1.641168,9278,3656,0,-
15:26:23.184,snap,default,com.taobao.idlefish,discharging,1,40.5,51.7,85,95,1,14.44,0.02,0.11,0,3.797,0.504,1.913688,9278,3656,0,-
15:26:24.185,snap,default,com.taobao.idlefish,discharging,1,40.5,52.1,85,95,1,14.44,0.02,0.11,0,3.783,0.614,2.322762,12544,5692,0,-
15:26:25.185,snap,default,com.taobao.idlefish,discharging,1,40.5,52.1,85,95,1,14.36,0.02,0.09,0,3.779,0.796,3.008084,12544,5692,0,-
15:26:26.185,snap,default,com.taobao.idlefish,discharging,1,40.4,52.1,85,95,1,14.36,0.02,0.09,0,3.799,0.594,2.2566059,14436,6287,0,-
15:26:27.185,snap,default,com.taobao.idlefish,discharging,1,40.4,52.1,85,95,1,13.75,0.01,0.07,0,3.795,0.594,2.25423,14436,6287,0,-
15:26:28.186,snap,default,com.taobao.idlefish,discharging,1,40.4,52.1,85,95,1,12.16,0.01,0.06,0,3.797,0.628,2.384516,10533,4159,0,-
15:26:29.186,snap,default,com.taobao.idlefish,discharging,1,40.4,52.1,85,95,1,12.16,0.01,0.06,0,3.807,0.506,1.9263419,10533,4159,0,-
15:26:30.187,snap,default,com.taobao.idlefish,discharging,1,40.4,50.9,85,95,1,11.23,0.01,0.04,0,3.803,0.404,1.536412,6616,2445,0,-
15:26:31.187,snap,default,com.taobao.idlefish,discharging,1,40.4,50.5,85,95,1,11.23,0.01,0.04,0,3.809,0.4,1.5236,6616,2445,0,-
15:26:32.187,snap,default,com.taobao.idlefish,discharging,1,40.4,50.1,85,95,1,10.82,0.01,0.04,0,3.809,0.362,1.378858,6394,2099,0,-
15:26:33.187,snap,default,com.taobao.idlefish,discharging,1,40.4,50.1,85,95,1,10.82,0.01,0.04,20,3.811,0.376,1.432936,6394,2099,0,-
15:26:34.188,snap,default,com.taobao.idlefish,discharging,1,40.4,50.1,85,95,1,10.31,0,0.03,0,3.808,0.406,1.546048,6394,2099,0,-
15:26:35.188,snap,default,com.taobao.idlefish,discharging,1,40.4,49.7,85,95,1,10.31,0,0.03,0,3.808,0.378,1.439424,5536,1868,0,-
15:26:36.188,snap,default,com.taobao.idlefish,discharging,1,40.4,49.7,85,95,1,10.07,0,0.02,0,3.813,0.4,1.5252,5536,1868,0,-
15:26:37.189,snap,default,com.taobao.idlefish,discharging,1,40.4,49.3,85,95,1,10.07,0,0.02,0,3.809,0.434,1.653106,6001,2156,0,-
15:26:38.189,snap,default,com.taobao.idlefish,discharging,1,40.4,49.3,85,95,1,9.51,0,0.02,0,3.805,0.474,1.80357,6001,2156,0,-
15:26:39.189,snap,default,com.taobao.idlefish,discharging,1,40.4,52.3,85,95,1,9.51,0,0.02,0,3.772,1.162,4.383064,10723,4677,0,-
15:26:40.189,snap,default,com.taobao.idlefish,discharging,1,40.4,55.3,85,95,1,12.68,0.18,0.01,8,3.772,1.162,4.383064,10723,4677,0,-
15:26:41.189,snap,default,com.taobao.idlefish,discharging,1,40.4,55.6,85,95,1,12.68,0.18,0.01,8,3.767,1.16,4.36972,23634,13721,0,-
15:26:42.189,snap,default,com.taobao.idlefish,discharging,1,40.4,55.6,85,95,1,12.68,0.18,0.01,18,3.777,1.076,4.0640516,23634,13721,0,-
15:26:43.190,snap,default,com.taobao.idlefish,discharging,1,40.4,55.6,85,95,1,13.46,0.15,0.01,25,3.786,0.79,2.99094,19634,12226,0,-
15:26:44.190,snap,default,com.android.launcher,discharging,1,40.4,58.6,85,95,1,13.46,0.15,0.01,24,3.744,1.384,5.181696,19634,12226,0,-
15:26:45.245,snap,default,com.android.launcher,discharging,1,40.4,61.5,85,95,1,16.64,0.12,0.01,18,3.753,1.364,5.119092,30285,16213,0,-
15:26:46.246,snap,default,com.android.launcher,discharging,1,40.3,61.5,85,95,1,16.64,0.12,0.01,26,3.729,1.534,5.7202864,30285,16213,0,-
15:26:47.246,snap,default,com.tencent.mm,discharging,1,40.3,61.5,85,95,1,21.78,0.28,0.19,26,3.7,1.962,7.2594004,29646,13468,0,-
15:26:48.247,snap,default,com.tencent.mm,discharging,1,40.3,61.5,85,95,1,21.78,0.28,0.19,14,3.678,2.566,9.437748,29646,13468,0,-
15:26:49.250,snap,default,com.tencent.mm,discharging,1,40.3,61.5,85,95,1,29.06,0.59,1.96,14,3.664,2.708,9.9221115,30669,12347,0,-
15:26:50.250,snap,default,com.tencent.mm,discharging,1,40.3,64.3,85,95,1,29.06,0.59,1.96,26,3.699,2.538,9.3880625,30669,12347,0,-
15:26:51.250,snap,default,com.tencent.mm,discharging,1,40.3,64.3,85,95,1,32.85,1.03,4.5,26,3.795,0.538,2.04171,17698,9274,0,-
15:26:52.251,snap,default,com.tencent.mm,discharging,1,40.3,63.5,85,95,1,29.8,0.84,3.69,12,3.774,1.02,3.84948,17698,9274,0,-
15:26:53.251,snap,default,com.tencent.mm,discharging,1,40.3,63.5,85,95,1,29.8,0.84,3.69,12,3.773,1.116,4.210668,26551,16854,0,-
15:26:54.252,snap,default,com.tencent.mm,discharging,1,40.3,63.5,85,95,1,28.2,0.69,3.02,12,3.77,1.054,3.9735801,26551,16854,0,-
15:26:55.252,snap,default,com.tencent.mm,discharging,1,40.3,63.1,85,95,1,28.2,0.69,3.02,11,3.773,1.04,3.92392,25405,16797,0,-
15:26:56.252,snap,default,com.tencent.mm,discharging,1,40.4,61.1,85,95,1,26.9,0.56,2.47,12,3.773,0.968,3.6522639,25405,16797,0,-
15:26:57.252,snap,default,com.tencent.mm,discharging,1,40.4,61.1,85,95,1,26.9,0.56,2.47,10,3.741,1.118,4.182438,23275,13888,0,-
15:26:58.254,snap,default,com.tencent.mm,discharging,1,40.4,61.1,85,95,1,27.28,0.46,2.02,10,3.735,1.424,5.3186398,23275,13888,0,-
15:26:59.254,snap,default,com.tencent.mm,discharging,1,40.4,61.1,85,95,1,27.28,0.46,2.02,43,3.647,3.092,11.276525,23275,13888,0,-
15:27:00.258,snap,default,com.tencent.mm,discharging,1,40.4,61.1,85,95,1,33.39,0.56,3.83,78,3.639,3.468,12.620051,33732,15488,0,-
15:27:01.255,snap,default,com.tencent.mm,discharging,1,40.4,61.1,85,95,1,33.39,0.56,3.83,78,3.697,2.94,10.869181,33732,15488,0,-
15:27:02.256,snap,default,com.tencent.mm,discharging,1,40.4,64.1,85,95,1,33.32,0.45,3.86,58,3.758,1.48,5.56184,30356,14875,0,-
15:27:03.256,snap,default,com.tencent.mm,discharging,1,40.4,67.1,85,95,1,33.32,0.45,3.86,14,3.781,0.858,3.244098,30356,14875,0,-
15:27:04.256,snap,default,com.tencent.mm,discharging,1,40.4,65.9,85,95,1,28.73,0.37,3.16,0,3.755,1.006,3.7775302,11940,5289,0,-
15:27:05.256,snap,default,com.tencent.mm,discharging,1,40.4,63.5,85,95,1,28.73,0.37,3.16,0,3.784,0.516,1.9525439,11940,5289,0,-
15:27:06.256,snap,default,com.tencent.mm,discharging,1,40.4,60.5,85,95,1,25.7,0.3,2.59,0,3.784,0.516,1.9525439,12214,6477,0,-
15:27:07.257,snap,default,com.tencent.mm,discharging,1,40.4,57.5,85,95,1,25.7,0.3,2.59,0,3.795,0.518,1.9658101,12214,6477,0,-
15:27:08.257,snap,default,com.tencent.mm,discharging,1,40.4,56.4,85,95,1,25.7,0.3,2.59,0,3.79,0.546,2.06934,8275,3460,0,-
15:27:09.257,snap,default,com.tencent.mm,discharging,1,40.4,54.4,85,95,1,22.85,0.25,2.12,0,3.798,0.488,1.8534241,8275,3460,0,-
15:27:10.259,snap,default,com.tencent.mm,discharging,1,40.4,53.2,85,95,1,22.85,0.25,2.12,0,3.8,0.438,1.6644,5928,2233,0,-
15:27:11.260,snap,default,com.tencent.mm,discharging,1,40.4,53.2,85,95,1,20.34,0.2,1.73,0,3.799,0.484,1.838716,5928,2233,0,-
15:27:12.260,snap,default,com.tencent.mm,discharging,1,40.4,52.8,85,95,1,20.34,0.2,1.73,32,3.788,0.72,2.7273602,8830,4007,0,-
15:27:13.260,snap,default,com.tencent.mm,discharging,1,40.4,52.4,85,95,1,18.29,0.16,1.42,32,3.801,0.492,1.8700922,8830,4007,0,-
15:27:14.261,snap,default,com.tencent.mm,discharging,1,40.4,52.1,85,95,1,18.29,0.16,1.42,0,3.801,0.444,1.6876441,5056,1670,0,-
15:27:15.262,snap,default,com.tencent.mm,discharging,1,40.4,51.7,85,95,1,16.24,0.13,1.16,0,3.802,0.496,1.885792,5056,1670,0,-
15:27:16.263,snap,default,com.tencent.mm,discharging,1,40.4,51.3,85,95,1,16.24,0.13,1.16,0,3.804,0.424,1.612896,4495,1474,0,-
15:27:17.264,snap,default,com.tencent.mm,discharging,1,40.4,51.3,85,95,1,14.57,0.11,0.95,0,3.803,0.442,1.680926,4495,1474,0,-
15:27:18.264,snap,default,com.tencent.mm,charging,1,40.4,51.3,85,95,1,14.57,0.11,0.95,0,3.802,0.482,1.832564,6293,2180,0,-
15:27:19.264,snap,default,com.tencent.mm,charging,1,40.4,51.3,85,95,1,13.92,0.09,0.78,0,3.805,0.414,1.57527,6293,2180,0,-
15:27:20.265,snap,default,com.tencent.mm,charging,1,40.4,53.6,85,95,1,13.92,0.09,0.78,6,3.806,0.438,1.667028,36329,8016,0,-
15:27:21.267,snap,default,com.tencent.mm,charging,1,40.4,56,85,95,1,20.82,0.98,3.53,6,3.857,-0.628,2.4221961,36329,8016,0,-
15:27:22.266,snap,default,com.tencent.mm,charging,1,40.4,56,85,95,1,28.28,1.16,7.96,5,3.809,-0.152,0.578968,16440,5509,0,-
15:27:23.270,snap,default,com.tencent.mm,charging,1,40.4,56,85,95,1,28.28,1.16,7.96,4,3.932,-1.606,6.3147917,16440,5509,0,-
15:27:24.270,snap,default,com.tencent.mm,charging,1,40.4,56.4,85,95,1,33.66,1.31,8.69,4,4.005,-3.164,12.671821,16440,5509,0,-
15:27:25.270,snap,default,com.tencent.mm,charging,1,40.4,59.2,85,95,1,33.66,1.31,8.69,0,4.096,-5.038,20.635649,21060,4262,0,-
15:27:26.273,snap,default,com.tencent.mm,charging,1,40.4,59.2,85,95,1,39.34,1.62,9.29,2,4.215,-7.848,33.079323,21060,4262,0,-
15:27:27.273,snap,default,com.tencent.mm,charging,1,40.4,57.2,85,95,1,39.34,1.62,9.29,2,4.242,-8.984,38.11013,24111,5240,0,-
15:27:28.273,snap,default,com.tencent.mm,charging,1,40.4,56.4,85,95,1,44.53,1.5,9.6,0,4.243,-8.956,38.00031,24111,5240,0,-
15:27:29.273,snap,default,com.tencent.mm,charging,1,40.4,56.4,85,95,1,44.53,1.5,9.6,0,4.251,-8.962,38.09746,18130,5207,0,-
15:27:30.273,snap,default,com.tencent.mm,charging,1,40.4,56.4,85,95,1,48.78,1.77,8.95,0,4.249,-8.85,37.603653,18130,5207,0,-
15:27:31.274,snap,default,com.tencent.mm,charging,1,40.4,55.2,85,95,1,48.78,1.77,8.95,0,4.251,-8.832,37.54483,16878,3537,0,-
15:27:32.274,snap,default,com.tencent.mm,charging,1,40.4,55.2,85,95,1,52.44,2.54,8.59,0,4.255,-8.886,37.80993,16878,3537,0,-
15:27:33.274,snap,default,com.tencent.mm,charging,1,40.4,55.2,85,95,1,52.44,2.54,8.59,0,4.26,-8.84,37.6584,15627,2720,0,-
15:27:34.275,snap,default,com.tencent.mm,charging,1,40.4,55.2,85,95,1,55.44,2.62,7.04,0,4.265,-8.942,38.13763,15627,2720,0,-
15:27:35.276,snap,default,com.tencent.mm,charging,1,40.4,54.4,85,95,1,55.44,2.62,7.04,0,4.267,-9.006,38.4286,14729,3239,0,-
15:27:36.276,snap,default,com.tencent.mm,charging,1,40.4,54.4,85,95,1,58.8,2.33,5.94,0,4.267,-9.006,38.4286,14729,3239,0,-
15:27:37.276,snap,default,com.tencent.mm,charging,1,40.4,54,85,95,1,58.8,2.33,5.94,0,4.27,-9.016,38.498318,10473,2444,0,-
15:27:38.277,snap,default,com.tencent.mm,charging,1,40.4,53.6,85,95,1,58.8,2.33,5.94,0,4.272,-9.01,38.49072,10473,2444,0,-
15:27:39.278,snap,default,com.tencent.mm,charging,1,40.4,53.6,85,95,1,61.01,2.09,4.86,0,4.279,-9.114,38.998806,8750,1902,0,-
15:27:40.278,snap,default,com.tencent.mm,charging,1,40.4,54,85,95,1,61.01,2.09,4.86,0,4.276,-9.098,38.903046,8750,1902,0,-
15:27:41.278,snap,default,com.tencent.mm,charging,1,40.4,54.4,85,95,1,57.39,2.25,4.16,0,4.271,-8.92,38.09732,17577,4984,0,-
15:27:42.279,snap,default,com.tencent.mm,charging,1,40.5,54.8,85,95,1,57.39,2.25,4.16,0,4.275,-8.89,38.004753,17577,4984,0,-
15:27:43.280,snap,default,com.tencent.mm,charging,1,40.5,54.8,85,95,1,57.68,2.02,4.13,0,4.284,-9.08,38.89872,9906,2809,0,-
15:27:44.280,snap,default,com.tencent.mm,charging,1,40.5,54.4,85,95,1,57.68,2.02,4.13,0,4.289,-9.254,39.690407,9906,2809,0,-
15:27:45.281,snap,default,com.tencent.mm,charging,1,40.5,52.4,85,95,1,49.04,1.66,3.38,0,4.292,-9.29,39.872677,6977,2175,0,-
15:27:46.283,snap,default,com.tencent.mm,charging,1,40.5,52.1,85,95,1,49.04,1.66,3.38,0,4.292,-9.328,40.035774,6977,2175,0,-
15:27:47.284,snap,default,com.tencent.mm,charging,1,40.6,51.7,85,95,1,41.6,1.35,2.77,0,4.282,-9.082,38.889122,4571,1597,0,-
15:27:48.284,snap,default,com.tencent.mm,charging,1,40.6,52.1,85,95,1,41.6,1.35,2.77,0,4.246,-8.168,34.681328,4571,1597,0,-
15:27:49.284,snap,default,com.tencent.mm,charging,1,40.6,52.1,85,95,1,35.15,1.11,2.27,0,4.199,-6.68,28.049318,5145,1602,0,-
15:27:50.287,snap,default,com.tencent.mm,charging,1,40.6,52.1,85,95,1,35.15,1.11,2.27,0,4.149,-5.748,23.848454,5145,1602,0,-
15:27:51.288,snap,default,com.tencent.mm,charging,1,40.6,50.9,85,95,1,30.23,0.91,1.85,0,4.142,-5.354,22.17627,5145,1602,0,-
15:27:52.288,snap,default,com.tencent.mm,charging,1,40.6,50.5,85,95,1,30.23,0.91,1.85,0,4.142,-5.422,22.457924,4352,1337,0,-
15:27:53.289,snap,default,com.tencent.mm,charging,1,40.7,50.1,85,95,1,26.2,0.74,1.52,0,4.142,-5.32,22.035442,4352,1337,0,-
15:27:54.289,snap,default,com.tencent.mm,charging,1,40.7,50.1,85,95,1,22.72,0.61,1.24,0,4.142,-5.35,22.1597,4620,1526,0,-
15:27:55.290,snap,default,com.tencent.mm,charging,1,40.7,50.1,85,95,1,22.72,0.61,1.24,0,4.139,-5.308,21.969812,4620,1526,0,-
15:27:56.290,snap,default,com.tencent.mm,charging,1,40.7,50.5,85,95,1,20.42,0.49,1.02,0,4.139,-5.336,22.085703,6348,2144,0,-
15:27:57.290,snap,default,com.tencent.mm,charging,1,40.7,50.5,85,95,1,20.42,0.49,1.02,0,4.14,-5.366,22.21524,6348,2144,0,-
15:27:58.290,snap,default,com.tencent.mm,charging,1,40.7,50.5,85,95,1,17.81,0.4,0.83,0,4.136,-5.29,21.87944,5796,1937,0,-
15:27:59.291,snap,default,com.tencent.mm,charging,1,40.8,51.3,85,95,1,17.81,0.4,0.83,0,4.14,-5.328,22.05792,5796,1937,0,-
15:28:00.291,snap,default,com.tencent.mm,charging,1,40.8,51.3,85,95,1,16.21,0.51,2.13,0,4.134,-5.258,21.73657,9762,2913,0,-
15:28:01.291,snap,default,com.tencent.mm,charging,1,40.8,51.3,85,95,1,16.21,0.51,2.13,0,4.14,-5.374,22.24836,9762,2913,0,-
15:28:02.291,snap,default,com.tencent.mm,charging,1,40.8,52.4,85,95,1,15.08,0.78,1.74,0,4.131,-5.186,21.423367,9198,2844,0,-
15:28:03.292,snap,default,com.tencent.mm,charging,1,40.8,52.4,85,95,1,15.08,0.78,1.74,0,4.13,-5.096,21.046482,9198,2844,0,-
15:28:04.293,snap,default,com.tencent.mm,charging,1,40.9,52.4,85,95,1,13.98,2.09,2.51,0,4.095,-4.846,19.84437,14826,2549,0,-
15:28:05.294,snap,default,com.tencent.mm,charging,1,40.9,52.4,85,95,1,13.98,2.09,2.51,16,4.157,-5.5,22.8635,14826,2549,0,-
15:28:06.294,snap,default,com.tencent.mm,charging,1,40.9,52.4,85,95,1,24.49,2.43,4.95,45,4.198,-6.93,29.092138,51824,24769,0,-
15:28:07.304,snap,default,com.tencent.mm,charging,1,40.9,52.4,85,95,1,24.49,2.43,4.95,38,4.198,-6.93,29.092138,51824,24769,0,-
15:28:08.304,snap,default,com.tencent.mm,charging,1,41,52.4,85,95,1,24.49,2.43,4.95,38,4.196,-6.864,28.801344,51207,16099,0,-
15:28:09.305,snap,default,com.taobao.idlefish,charging,1,41,52.4,85,95,1,33.1,3.08,8.4,48,4.241,-7.432,31.519114,51207,16099,0,-
15:28:10.305,snap,default,com.taobao.idlefish,charging,1,41,54.4,85,95,1,33.1,3.08,8.4,42,4.257,-8.462,36.02273,23326,11952,0,-
15:28:11.305,snap,default,com.taobao.idlefish,charging,1,41,57.4,85,95,1,30.36,2.52,7.06,42,4.279,-8.744,37.415577,23326,11952,0,-
15:28:12.305,snap,default,com.taobao.idlefish,charging,1,41,57.4,85,95,1,30.36,2.52,7.06,0,4.282,-9.1,38.9662,17514,9544,0,-
15:28:13.305,snap,default,com.taobao.idlefish,charging,1,41,60.4,85,95,1,28.3,2.06,5.96,44,4.229,-7.986,33.772797,17514,9544,0,-
15:28:14.305,snap,default,com.taobao.idlefish,charging,1,41,61.9,85,95,1,28.3,2.06,5.96,44,4.288,-9.064,38.866432,17514,9544,0,-
15:28:15.306,snap,default,com.taobao.idlefish,charging,1,41,59.9,85,95,1,25.71,1.69,5.61,48,4.256,-8.212,34.95027,16405,8681,0,-
15:28:16.309,snap,default,com.taobao.idlefish,charging,1,41,59.9,85,95,1,25.71,1.69,5.61,48,4.292,-9.112,39.108704,16405,8681,0,-
15:28:17.309,snap,default,com.taobao.idlefish,charging,1,41,59.9,85,95,1,26.12,1.38,5.13,58,4.208,-7.188,30.247107,22378,10752,0,-
15:28:18.310,snap,default,com.taobao.idlefish,charging,1,41,59.9,85,95,1,26.12,1.38,5.13,81,4.198,-6.422,26.959555,22378,10752,0,-
15:28:19.310,snap,default,com.taobao.idlefish,charging,1,41.1,59.9,85,95,1,32.26,1.13,7.28,74,4.214,-6.774,28.545639,30691,15931,0,-
15:28:20.310,snap,default,com.taobao.idlefish,charging,1,41.1,59.9,85,95,1,32.26,1.13,7.28,79,4.206,-6.984,29.374704,30691,15931,0,-
15:28:21.310,snap,default,com.taobao.idlefish,charging,1,41.1,59.9,85,95,1,36.56,0.92,8.32,76,4.224,-7.182,30.33677,31573,17284,0,-
15:28:22.310,snap,default,com.taobao.idlefish,charging,1,41.1,62.9,85,95,1,36.56,0.92,8.32,41,4.264,-8.142,34.717487,31573,17284,0,-
15:28:23.310,snap,default,com.taobao.idlefish,charging,1,41.1,65.9,85,95,1,34.65,0.76,6.81,41,4.285,-8.926,38.247906,18502,9302,0,-
15:28:24.311,snap,default,com.taobao.idlefish,charging,1,41.1,68.9,85,95,1,34.65,0.76,6.81,55,4.265,-8.258,35.22037,18502,9302,0,-
15:28:25.311,snap,default,com.taobao.idlefish,charging,1,41.3,69,85,95,1,31.63,0.62,5.57,70,4.288,-8.704,37.322754,29541,17446,0,-
15:28:26.311,snap,default,com.taobao.idlefish,charging,1,41.3,66,85,95,1,31.63,0.62,5.57,0,4.28,-8.904,38.109123,29541,17446,0,-
15:28:27.312,snap,default,com.taobao.idlefish,charging,1,41.3,63,85,95,1,29.34,0.5,4.74,52,4.268,-8.708,37.165745,14954,8323,0,-
15:28:28.312,snap,default,com.taobao.idlefish,charging,1,41.3,62.7,85,95,1,26.92,0.41,3.88,52,4.294,-8.892,38.18225,14954,8323,0,-
15:28:29.312,snap,default,com.taobao.idlefish,charging,1,41.3,63.5,85,95,1,26.92,0.41,3.88,0,4.29,-9.148,39.24492,13340,6250,0,-
15:28:30.315,snap,default,com.taobao.idlefish,charging,1,41.3,63.5,85,95,1,27.3,0.34,3.36,77,4.224,-7.066,29.846785,13340,6250,0,-
15:28:31.315,snap,default,com.taobao.idlefish,charging,1,41.3,63.5,85,95,1,27.3,0.34,3.36,76,4.216,-6.896,29.073536,29470,19033,0,-
15:28:32.316,snap,default,com.taobao.idlefish,charging,1,41.3,66.5,85,95,1,29.42,0.27,3.29,76,4.223,-7.128,30.101543,29470,19033,0,-
15:28:33.315,snap,default,com.taobao.idlefish,charging,1,41.3,69.5,85,95,1,29.42,0.27,3.29,73,4.263,-8.562,36.499805,25360,14633,0,-
15:28:34.316,snap,default,com.taobao.idlefish,charging,1,41.3,72.5,85,95,1,28.07,0.22,2.7,54,4.242,-8,33.936,25360,14633,0,-
15:28:35.316,snap,default,com.taobao.idlefish,charging,1,41.3,72.5,85,95,1,28.07,0.22,2.7,75,4.218,-7.306,30.816708,27670,17521,0,-
15:28:36.316,snap,default,com.taobao.idlefish,charging,1,41.5,72.5,85,95,1,28.06,0.18,2.21,76,4.224,-7.254,30.640896,27670,17521,0,-
15:28:37.316,snap,default,com.taobao.idlefish,charging,1,41.5,72.5,85,95,1,28.06,0.18,2.21,80,4.223,-7.24,30.57452,27607,17887,0,-
15:28:38.316,snap,default,com.taobao.idlefish,charging,1,41.5,72.5,85,95,1,28.23,0.15,1.81,76,4.22,-7.16,30.215199,27607,17887,0,-
15:28:39.317,snap,default,com.taobao.idlefish,charging,1,41.5,75.3,85,95,1,28.23,0.15,1.81,72,4.22,-7.16,30.215199,27106,15871,0,-
15:28:40.317,snap,default,com.taobao.idlefish,charging,1,41.6,75.3,85,95,1,28.23,0.15,1.81,72,4.253,-7.808,33.207424,27106,15871,0,-
15:28:41.318,snap,default,com.taobao.idlefish,charging,1,41.6,73.8,85,95,1,28.73,0.12,1.66,41,4.269,-8.452,36.08159,27106,15871,0,-
15:28:42.318,snap,default,com.taobao.idlefish,charging,1,41.6,70.8,85,95,1,28.73,0.12,1.66,0,4.294,-8.91,38.25954,15717,8542,0,-
15:28:43.318,snap,default,com.taobao.idlefish,charging,1,41.6,67.8,85,95,1,25.7,0.1,1.36,0,4.29,-8.882,38.10378,15717,8542,0,-
15:28:44.320,snap,default,com.taobao.idlefish,charging,1,41.6,65.1,85,95,1,25.7,0.1,1.36,40,4.296,-9.022,38.758514,10852,5494,0,-
15:28:45.319,snap,default,com.taobao.idlefish,charging,1,41.6,63.5,85,95,1,23.58,0.08,1.11,40,4.288,-8.886,38.10317,10852,5494,0,-
15:28:46.322,snap,default,com.taobao.idlefish,charging,1,41.7,63.5,85,95,1,23.58,0.08,1.11,35,4.293,-8.844,37.967293,15003,7175,0,-
15:28:47.320,snap,default,com.taobao.idlefish,charging,1,41.7,63.5,85,95,1,23.83,0.06,0.91,59,4.245,-7.622,32.35539,15003,7175,0,-
15:28:48.320,snap,default,com.taobao.idlefish,charging,1,41.7,63.5,85,95,1,23.83,0.06,0.91,80,4.227,-7.264,30.70493,29458,19040,0,-
15:28:49.321,snap,default,com.taobao.idlefish,charging,1,41.7,63.5,85,95,1,24.23,0.05,0.74,76,4.227,-7.194,30.409039,29458,19040,0,-
15:28:50.321,snap,default,com.taobao.idlefish,charging,1,41.7,66.5,85,95,1,24.23,0.05,0.74,76,4.28,-8.108,34.70224,26542,15302,0,-
15:28:51.321,snap,default,com.taobao.idlefish,charging,1,41.8,69.5,85,95,1,24.55,0.04,0.61,60,4.288,-8.694,37.279873,26542,15302,0,-
15:28:52.321,snap,default,com.taobao.idlefish,charging,1,41.8,69.5,85,95,1,24.55,0.04,0.61,42,4.248,-7.892,33.52522,23468,14749,0,-
15:28:53.322,snap,default,com.taobao.idlefish,charging,1,41.8,72.5,85,95,1,25.35,0.03,0.5,81,4.224,-7.184,30.345217,23468,14749,0,-
15:28:54.322,snap,default,com.taobao.idlefish,charging,1,41.8,73.8,85,95,1,25.35,0.03,0.5,64,4.294,-8.508,36.533356,24674,13210,0,-
15:28:55.322,snap,default,com.taobao.idlefish,charging,1,41.8,70.8,85,95,1,24.2,0.03,0.4,64,4.299,-9.114,39.181084,24674,13210,0,-
15:28:56.322,snap,default,com.taobao.idlefish,charging,1,41.8,67.8,85,95,1,24.2,0.03,0.4,64,4.298,-8.97,38.55306,11847,3701,0,-
15:28:57.323,snap,default,com.taobao.idlefish,charging,1,41.9,64.8,85,95,1,26.52,0.02,1.78,64,4.3,-9.016,38.768803,11847,3701,0,-
15:28:58.323,snap,default,com.taobao.idlefish,charging,1,41.9,64.3,85,95,1,26.52,0.02,1.78,21,4.3,-9.09,39.087,10177,3628,0,-
15:28:59.327,snap,default,com.taobao.idlefish,charging,1,41.9,64.3,85,95,1,24.43,0.01,1.46,21,4.258,-8.144,34.67715,10177,3628,0,-
15:29:00.326,snap,default,com.taobao.idlefish,charging,1,41.9,64.3,85,95,1,24.43,0.01,1.46,75,4.236,-7.24,30.66864,30287,19323,0,-
15:29:01.326,snap,default,com.taobao.idlefish,charging,1,41.9,64.3,85,95,1,25.08,0.01,1.19,76,4.239,-7.118,30.1732,30287,19323,0,-
15:29:02.326,snap,default,com.taobao.idlefish,charging,1,42,64.3,85,95,1,26.69,0.01,0.97,80,4.23,-7.034,29.75382,31056,19252,0,-
15:29:03.327,snap,default,com.taobao.idlefish,charging,1,42,64.3,85,95,1,26.69,0.01,0.97,80,4.239,-7.29,30.90231,31056,19252,0,-
15:29:04.327,snap,default,com.taobao.idlefish,charging,1,42,64.3,85,95,1,27.83,0.01,0.8,73,4.263,-8.138,34.69229,27553,15658,0,-
15:29:05.327,snap,default,com.taobao.idlefish,charging,1,42,65.5,85,95,1,27.83,0.01,0.8,0,4.288,-8.592,36.8425,27553,15658,0,-
15:29:06.327,snap,default,com.taobao.idlefish,charging,1,42,68.5,85,95,1,25.33,0,0.65,0,4.27,-8.794,37.550377,27553,15658,0,-
15:29:07.327,snap,default,com.taobao.idlefish,charging,1,42,68.5,85,95,1,25.33,0,0.65,32,4.25,-7.918,33.6515,16848,8674,0,-
15:29:08.327,snap,default,com.taobao.idlefish,charging,1,42.2,68.5,85,95,1,25.63,0,0.71,66,4.226,-7.136,30.156736,16848,8674,0,-
15:29:09.328,snap,default,com.taobao.idlefish,charging,1,42.2,71.5,85,95,1,25.63,0,0.71,66,4.213,-6.798,28.639973,28629,17673,0,-
15:29:10.328,snap,default,com.taobao.idlefish,charging,1,42.2,74.2,85,95,1,23.88,0,0.58,53,4.213,-6.798,28.639973,28629,17673,0,-
15:29:11.328,snap,default,com.taobao.idlefish,charging,1,42.2,74.2,85,95,1,23.88,0,0.58,53,4.198,-6.316,26.514568,21866,12778,0,-
15:29:12.328,snap,default,com.taobao.idlefish,charging,1,42.2,71.2,85,95,1,23.88,0,0.58,67,4.225,-6.588,27.8343,21866,12778,0,-
15:29:13.328,snap,default,com.taobao.idlefish,charging,1,42.3,68.2,85,95,1,21.73,0,0.48,25,4.234,-7.192,30.45093,14206,7499,0,-
15:29:14.329,snap,default,com.taobao.idlefish,charging,1,42.3,65.5,85,95,1,21.73,0,0.48,27,4.222,-7.008,29.587776,14206,7499,0,-
15:29:15.329,snap,default,com.taobao.idlefish,charging,1,42.3,64.3,85,95,1,21.42,0,0.39,27,4.238,-7.072,29.971136,17064,7922,0,-
15:29:16.329,snap,default,com.taobao.idlefish,charging,1,42.3,62.3,85,95,1,21.42,0,0.39,24,4.227,-7.32,30.941643,17064,7922,0,-
15:29:17.331,snap,default,com.taobao.idlefish,charging,1,42.3,62.3,85,95,1,19.89,0,0.32,24,4.24,-7.258,30.773918,11726,5849,0,-
15:29:18.331,snap,default,com.taobao.idlefish,charging,1,42.3,62.3,85,95,1,19.89,0,0.32,25,4.189,-6.394,26.784468,11726,5849,0,-
15:29:19.343,snap,default,com.taobao.idlefish,charging,1,42.4,62.3,85,95,1,23.53,0,0.98,76,4.15,-4.916,20.4014,32592,20328,0,-
15:29:20.336,snap,default,com.taobao.idlefish,charging,1,42.4,62.3,85,95,1,23.53,0,0.98,80,4.152,-5.002,20.768303,32592,20328,0,-
15:29:21.336,snap,default,com.taobao.idlefish,charging,1,42.4,62.3,85,95,1,29.05,0,1.17,75,4.154,-5.06,21.01924,36555,16722,0,-
15:29:22.338,snap,default,com.taobao.idlefish,charging,1,42.4,62.3,85,95,1,29.05,0,1.17,75,4.175,-5.458,22.787151,36555,16722,0,-
15:29:23.336,snap,default,com.taobao.idlefish,charging,1,42.5,62.3,85,95,1,36.47,0.18,1.32,47,4.19,-6.216,26.04504,24033,11009,0,-
15:29:24.337,snap,default,com.taobao.idlefish,charging,1,42.5,62.3,85,95,1,36.47,0.18,1.32,41,4.208,-6.312,26.560896,24033,11009,0,-
15:29:25.337,snap,default,com.taobao.idlefish,charging,1,42.5,62.3,85,95,1,32.76,0.14,1.08,42,4.213,-6.614,27.86478,18662,9762,0,-
15:29:26.337,snap,default,com.taobao.idlefish,charging,1,42.5,62.3,85,95,1,32.76,0.14,1.08,36,4.213,-6.638,27.965893,18662,9762,0,-
15:29:27.337,snap,default,com.taobao.idlefish,charging,1,42.5,62.3,85,95,1,30.81,0.12,0.88,57,4.19,-6.11,25.6009,24371,15320,0,-
15:29:28.337,snap,default,com.taobao.idlefish,charging,1,42.5,62.3,85,95,1,30.81,0.12,0.88,64,4.195,-6.21,26.050951,24371,15320,0,-
15:29:29.338,snap,default,com.taobao.idlefish,charging,1,42.5,62.3,85,95,1,29.57,0.09,0.72,57,4.185,-6.224,26.04744,25151,15950,0,-
15:29:30.338,snap,default,com.taobao.idlefish,charging,1,42.5,65.3,85,95,1,29.57,0.09,0.72,25,4.22,-6.696,28.257118,25151,15950,0,-
15:29:31.339,snap,default,com.taobao.idlefish,charging,1,42.5,67.1,85,95,1,27.11,0.08,0.59,16,4.223,-6.968,29.425863,11238,6159,0,-
15:29:32.339,snap,default,com.taobao.idlefish,charging,1,42.5,64.3,85,95,1,27.11,0.08,0.59,17,4.224,-7.14,30.159359,11238,6159,0,-
15:29:33.339,snap,default,com.taobao.idlefish,charging,1,42.5,63.5,85,95,1,24.37,0.06,0.48,14,4.227,-7.21,30.476671,11238,6159,0,-
15:29:34.342,snap,default,com.taobao.idlefish,charging,1,42.6,63.5,85,95,1,24.37,0.06,0.48,13,4.234,-7.216,30.552546,11533,5703,0,-
15:29:35.343,snap,default,com.taobao.idlefish,charging,1,42.6,62.7,85,95,1,21.95,0.05,0.39,14,4.23,-7.254,30.684422,11533,5703,0,-
15:29:36.344,snap,default,com.taobao.idlefish,charging,1,42.6,62.7,85,95,1,21.95,0.05,0.39,24,4.237,-7.05,29.870852,11765,5879,0,-
15:29:37.344,snap,default,com.taobao.idlefish,charging,1,42.6,62.7,85,95,1,20.87,0.04,0.32,46,4.219,-6.838,28.84952,11765,5879,0,-
15:29:38.344,snap,default,com.taobao.idlefish,charging,1,42.6,62.7,85,95,1,20.89,0.03,0.26,25,4.223,-6.99,29.51877,16519,9155,0,-
15:29:39.344,snap,default,com.taobao.idlefish,charging,1,42.6,64.3,85,95,1,20.89,0.03,0.26,58,4.216,-6.544,27.589504,16519,9155,0,-
15:29:40.344,snap,default,com.taobao.idlefish,charging,1,42.7,67.1,85,95,1,21.09,0.21,0.21,47,4.211,-6.526,27.480986,23516,14784,0,-
15:29:41.344,snap,default,com.taobao.idlefish,charging,1,42.7,69,85,95,1,21.09,0.21,0.21,46,4.204,-6.36,26.73744,23516,14784,0,-
15:29:42.345,snap,default,com.taobao.idlefish,charging,1,42.7,69,85,95,1,20.71,0.17,0.17,57,4.209,-6.524,27.459517,24837,13670,0,-
15:29:43.345,snap,default,com.taobao.idlefish,charging,1,42.7,67.1,85,95,1,20.71,0.17,0.17,33,4.209,-6.524,27.459517,24837,13670,0,-
15:29:44.345,snap,default,com.taobao.idlefish,charging,1,42.7,64.1,85,95,1,20.71,0.17,0.17,33,4.233,-7.06,29.88498,14577,8347,0,-
15:29:45.346,snap,default,com.taobao.idlefish,charging,1,42.7,62.7,85,95,1,19.5,0.14,0.14,17,4.229,-7.096,30.008986,14577,8347,0,-
15:29:46.346,snap,default,com.taobao.idlefish,charging,1,42.7,61.9,85,95,1,19.5,0.14,0.14,16,4.245,-7.196,30.54702,11141,5407,0,-
15:29:47.347,snap,default,com.taobao.idlefish,charging,1,42.7,60.7,85,95,1,17.96,0.11,0.11,14,4.228,-7.126,30.128729,11141,5407,0,-
15:29:48.347,snap,default,com.taobao.idlefish,charging,1,42.7,59.6,85,95,1,17.96,0.11,0.11,13,4.24,-7.302,30.960478,9394,4445,0,-
15:29:49.347,snap,default,com.taobao.idlefish,charging,1,42.7,59.2,85,95,1,16.69,0.09,0.09,13,4.242,-7.258,30.788437,9394,4445,0,-
15:29:50.347,snap,default,com.taobao.idlefish,charging,1,42.8,58.4,85,95,1,16.69,0.09,0.09,13,4.239,-7.328,31.06339,9179,4398,0,-
15:29:51.348,snap,default,com.taobao.idlefish,charging,1,42.8,58.4,85,95,1,15.66,0.07,0.07,13,4.246,-7.264,30.842943,9179,4398,0,-
15:29:52.348,snap,default,com.taobao.idlefish,charging,1,42.8,58,85,95,1,15.66,0.07,0.07,13,4.243,-7.266,30.829638,10118,4867,0,-
15:29:53.348,snap,default,com.taobao.idlefish,charging,1,42.8,58,85,95,1,15,0.06,0.06,13,4.244,-7.296,30.964224,10118,4867,0,-
15:29:54.348,snap,default,com.taobao.idlefish,charging,1,42.8,58,85,95,1,15,0.06,0.06,13,4.25,-7.242,30.7785,11672,5725,0,-
15:29:55.349,snap,default,com.taobao.idlefish,charging,1,42.9,58,85,95,1,14.63,0.05,0.05,13,4.235,-7.092,30.03462,11672,5725,0,-
15:29:56.349,snap,default,com.taobao.idlefish,charging,1,42.9,58.4,85,95,1,14.63,0.05,0.05,20,4.249,-7.252,30.813747,9396,4500,0,-
15:29:57.349,snap,default,com.taobao.idlefish,charging,1,42.9,58,85,95,1,13.97,0.04,0.04,13,4.241,-7.26,30.789661,9396,4500,0,-
15:29:58.349,snap,default,com.taobao.idlefish,charging,1,42.9,56.8,85,95,1,13.97,0.04,0.04,13,4.246,-7.274,30.885403,9396,4500,0,-
15:29:59.349,snap,default,com.taobao.idlefish,charging,1,42.9,56.8,85,95,1,13.43,0.03,0.03,13,4.243,-7.236,30.702349,9065,4125,0,-
15:30:00.351,snap,default,com.taobao.idlefish,charging,1,42.9,56.8,85,95,1,13.43,0.03,0.03,13,4.251,-7.244,30.794243,9065,4125,0,-
15:30:01.351,snap,default,com.taobao.idlefish,charging,1,42.9,58,85,95,1,13.17,0.02,0.02,13,4.232,-7.018,29.700176,11097,4790,0,-
15:30:02.351,snap,default,com.taobao.idlefish,charging,1,42.9,58,85,95,1,13.17,0.02,0.02,13,4.234,-7.232,30.620289,11097,4790,0,-
15:30:03.352,snap,default,com.taobao.idlefish,charging,1,42.9,57.2,85,95,1,12.42,0.2,0.02,13,4.251,-7.236,30.760235,11404,4750,0,-
15:30:04.352,snap,default,com.taobao.idlefish,charging,1,42.9,56.8,85,95,1,12.42,0.2,0.02,14,4.236,-7.26,30.75336,11404,4750,0,-
15:30:05.352,snap,default,com.taobao.idlefish,charging,1,42.9,56.8,85,95,1,12.16,0.16,0.01,14,4.247,-7.074,30.04328,9709,4404,0,-
15:30:06.352,snap,default,com.taobao.idlefish,charging,1,43,57.2,85,95,1,12.16,0.16,0.01,35,4.222,-6.75,28.4985,9709,4404,0,-
15:30:07.352,snap,default,com.taobao.idlefish,charging,1,43,60.2,85,95,1,12.85,0.13,0.01,64,4.217,-6.384,26.921328,30730,18119,0,-
15:30:08.353,snap,default,com.taobao.idlefish,charging,1,43,63.2,85,95,1,12.85,0.13,0.01,64,4.215,-6.342,26.731531,30730,18119,0,-
15:30:09.353,snap,default,com.taobao.idlefish,charging,1,43,65.9,85,95,1,14.33,0.11,0.01,48,4.224,-6.548,27.65875,26754,17077,0,-
15:30:10.353,snap,default,com.taobao.idlefish,charging,1,43,64.7,85,95,1,14.81,0.09,0,44,4.244,-6.744,28.621536,26754,17077,0,-
15:30:11.353,snap,default,com.taobao.idlefish,charging,1,43,61.699997,85,95,1,14.81,0.09,0,15,4.249,-7.182,30.51632,17112,9565,0,-
15:30:12.354,snap,default,com.taobao.idlefish,charging,1,43,59.6,85,95,1,13.58,0.07,0,16,4.247,-7.102,30.162197,17112,9565,0,-
15:30:13.354,snap,default,com.taobao.idlefish,charging,1,43,58.8,85,95,1,13.58,0.07,0,16,4.238,-7.198,30.505123,10576,5131,0,-
15:30:14.354,snap,default,com.taobao.idlefish,charging,1,43,58.4,85,95,1,13.11,0.06,0,14,4.249,-7.176,30.490826,10576,5131,0,-
15:30:15.354,snap,default,com.taobao.idlefish,charging,1,43,58.4,85,95,1,13.11,0.06,0,13,4.249,-7.176,30.490826,9809,4840,0,-
15:30:16.354,snap,default,com.taobao.idlefish,charging,1,43,59.9,85,95,1,13.11,0.06,0,13,4.251,-7.156,30.420156,9809,4840,0,-
15:30:17.354,snap,default,com.taobao.idlefish,charging,1,43.2,62.9,85,95,1,13.45,0.23,0,16,4.229,-6.932,29.31543,29971,17459,0,-
15:30:18.354,snap,default,com.taobao.idlefish,charging,1,43.2,63.1,85,95,1,13.45,0.23,0,49,4.22,-6.354,26.813879,29971,17459,0,-
15:30:19.356,snap,default,com.taobao.idlefish,charging,1,43.2,62.7,85,95,1,14.09,0.18,0,65,4.181,-5.462,22.836622,24723,14872,0,-
15:30:20.356,snap,default,com.taobao.idlefish,charging,1,43.2,61.5,85,95,1,14.09,0.18,0,31,4.18,-5.046,21.09228,24723,14872,0,-
15:30:21.356,snap,default,com.taobao.idlefish,charging,1,43.2,61.1,85,95,1,13.89,0.15,0,28,4.166,-5.058,21.071629,18439,10353,0,-
15:30:22.356,snap,default,com.taobao.idlefish,charging,1,43.2,59.9,85,95,1,13.89,0.15,0,31,4.175,-5.148,21.4929,18439,10353,0,-
15:30:23.356,snap,default,com.taobao.idlefish,charging,1,43.2,59.9,85,95,1,13.55,0.12,0,16,4.179,-5.236,21.881245,18855,9731,0,-
15:30:24.359,snap,default,com.taobao.idlefish,charging,1,43.2,59.6,85,95,1,13.55,0.12,0,15,4.163,-5.11,21.272932,18855,9731,0,-
15:30:25.358,snap,default,com.taobao.idlefish,charging,1,43.2,59.6,85,95,1,13.63,0.1,0,15,4.171,-5.334,22.248114,18855,9731,0,-
15:30:26.358,snap,default,com.taobao.idlefish,charging,1,43.2,58.8,85,95,1,13.63,0.1,0,16,4.185,-5.302,22.18887,15682,8428,0,-
15:30:27.358,snap,default,com.taobao.idlefish,charging,1,43.2,58.4,85,95,1,13.52,0.08,0,16,4.184,-5.338,22.334192,15682,8428,0,-
15:30:28.358,snap,default,com.taobao.idlefish,charging,1,43.2,58.4,85,95,1,13.52,0.08,0,16,4.177,-5.34,22.305182,15656,8425,0,-
15:30:29.359,snap,default,com.taobao.idlefish,charging,1,43.2,57.6,85,95,1,13.78,0.06,0,15,4.163,-5.212,21.697556,15656,8425,0,-
15:30:30.359,snap,default,com.taobao.idlefish,charging,1,43.2,58,85,95,1,13.78,0.06,0,16,4.18,-5.34,22.3212,16428,8650,0,-
15:30:31.360,snap,default,com.taobao.idlefish,charging,1,43.2,57.6,85,95,1,13.64,0.05,0,15,4.185,-5.342,22.35627,16428,8650,0,-
15:30:32.359,snap,default,com.taobao.idlefish,charging,1,43.2,58,85,95,1,13.64,0.05,0,16,4.173,-5.308,22.150284,16097,8351,0,-
15:30:33.360,snap,default,com.taobao.idlefish,charging,1,43.3,57.2,85,95,1,13.7,0.04,0,16,4.175,-5.252,21.927101,16097,8351,0,-
15:30:34.360,snap,default,com.taobao.idlefish,charging,1,43.3,57.2,85,95,1,13.7,0.04,0,17,4.184,-5.338,22.334192,17226,8885,0,-
15:30:35.360,snap,default,com.taobao.idlefish,charging,1,43.3,57.2,85,95,1,13.94,0.03,0,15,4.172,-5.268,21.978096,17226,8885,0,-
15:30:36.366,snap,default,com.taobao.idlefish,charging,1,43.3,57.2,85,95,1,13.94,0.03,0,27,4.171,-4.442,18.527582,21094,11691,0,-
15:30:37.366,snap,default,com.taobao.idlefish,charging,1,43.3,57.2,85,95,1,17.21,0.03,0,65,4.124,-3.604,14.862897,21094,11691,0,-
15:30:38.366,snap,default,com.taobao.idlefish,charging,1,43.3,57.2,85,95,1,17.21,0.03,0,78,4.087,-2.862,11.696994,33109,20019,0,-
15:30:39.367,snap,default,com.taobao.idlefish,charging,1,43.3,57.2,85,95,1,22.97,0.02,0,81,4.084,-2.878,11.753753,33109,20019,0,-
15:30:40.366,snap,default,com.taobao.idlefish,charging,1,43.3,57.2,85,95,1,22.97,0.02,0,79,4.092,-3.08,12.60336,32832,19642,0,-
15:30:41.367,snap,default,com.taobao.idlefish,charging,1,43.3,57.2,85,95,1,26.78,0.01,0,74,4.152,-4.168,17.305536,32832,19642,0,-
15:30:42.367,snap,default,com.taobao.idlefish,charging,1,43.3,57.2,85,95,1,26.78,0.01,0,32,4.16,-4.772,19.851519,21136,12712,0,-
15:30:43.367,snap,default,com.taobao.idlefish,charging,1,43.3,57.2,85,95,1,26.09,0.01,0,44,4.142,-4.562,18.895803,21136,12712,0,-
15:30:44.368,snap,default,com.taobao.idlefish,charging,1,43.4,57.2,85,95,1,26.09,0.01,0,48,4.15,-4.386,18.2019,23491,13249,0,-
15:30:45.368,snap,default,com.taobao.idlefish,charging,1,43.4,57.2,85,95,1,25.89,0.01,0,77,4.108,-3.408,14.000063,23491,13249,0,-
15:30:46.381,snap,default,com.taobao.idlefish,charging,1,43.4,57.2,85,95,1,27.72,0.01,0,82,4.093,-2.992,12.246256,31360,21007,0,-
15:30:47.393,snap,default,com.taobao.idlefish,charging,1,43.4,57.2,85,95,1,27.72,0.01,0,80,4.095,-3.068,12.563459,31360,21007,0,-
15:30:48.393,snap,default,com.taobao.idlefish,charging,1,43.5,57.2,85,95,1,29.58,0,0,76,4.1,-3.1,12.709999,31040,18391,0,-
15:30:49.422,snap,default,com.taobao.idlefish,charging,1,43.5,57.2,85,95,1,29.58,0,0,75,4.088,-3.154,12.893552,31040,18391,0,-
15:30:50.424,snap,default,com.taobao.idlefish,charging,1,43.5,57.2,85,95,1,32.92,0,0,37,4.088,-3.154,12.893552,26747,14234,0,-
15:30:51.425,snap,default,com.taobao.idlefish,charging,1,43.5,57.2,85,95,1,32.92,0,0,37,4.152,-4.392,18.235584,26747,14234,0,-
15:30:52.432,snap,default,com.taobao.idlefish,charging,1,43.5,57.2,85,95,1,32.92,0,0,44,4.144,-4.414,18.291616,26747,14234,0,-
15:30:53.426,snap,default,com.taobao.idlefish,charging,1,43.5,57.2,85,95,1,30.4,0,0,36,4.157,-4.784,19.887089,21674,13040,0,-
15:30:54.426,snap,default,com.taobao.idlefish,charging,1,43.5,57.2,85,95,1,30.4,0,0,72,4.098,-3.64,14.91672,21674,13040,0,-
15:30:55.426,snap,default,com.taobao.idlefish,charging,1,43.5,57.2,85,95,1,31.95,0,0,80,4.095,-3.012,12.33414,32300,20194,0,-
15:30:56.426,snap,default,com.taobao.idlefish,charging,1,43.5,57.2,85,95,1,31.95,0,0,76,4.099,-3.104,12.723296,32300,20194,0,-
15:30:57.427,snap,default,com.taobao.idlefish,charging,1,43.5,57.2,85,95,1,32.51,0,0,77,4.093,-3.224,13.195831,30509,19443,0,-
15:30:58.427,snap,default,com.taobao.idlefish,charging,1,43.5,57.2,85,95,1,32.51,0,0,76,4.085,-3.252,13.284421,30509,19443,0,-
15:30:59.427,snap,default,com.taobao.idlefish,charging,1,43.6,57.2,85,95,1,35.13,0,0,61,4.132,-3.836,15.850351,29139,16774,0,-
15:31:00.428,snap,default,com.taobao.idlefish,charging,1,43.6,57.2,85,95,1,35.13,0,0,50,4.111,-3.876,15.934236,29139,16774,0,-
15:31:01.428,snap,default,com.taobao.idlefish,charging,1,43.6,57.2,85,95,1,34.02,0,0,76,4.086,-2.998,12.249827,31275,20379,0,-
15:31:02.428,snap,default,com.taobao.idlefish,charging,1,43.6,57.2,85,95,1,34.02,0,0,77,4.104,-3.356,13.773025,31275,20379,0,-
15:31:03.428,snap,default,com.taobao.idlefish,charging,1,43.6,57.2,85,95,1,33.83,0,0,77,4.104,-3.182,13.058928,27932,18530,0,-
15:31:04.428,snap,default,com.taobao.idlefish,charging,1,43.6,57.2,85,95,1,33.83,0,0,76,4.119,-3.488,14.367071,27932,18530,0,-
15:31:05.429,snap,default,com.taobao.idlefish,charging,1,43.6,57.2,85,95,1,34.41,0,0,80,4.109,-3.352,13.773369,27661,17804,0,-
15:31:06.431,snap,default,com.taobao.idlefish,charging,1,43.6,57.2,85,95,1,34.41,0,0,80,4.108,-3.406,13.991847,27661,17804,0,-
15:31:07.430,snap,default,com.taobao.idlefish,charging,1,43.6,57.2,85,95,1,36.87,0,0,70,4.109,-3.448,14.167832,30152,17477,0,-
15:31:08.431,snap,default,com.taobao.idlefish,charging,1,43.6,57.2,85,95,1,36.87,0,0,61,4.136,-4.22,17.45392,30152,17477,0,-
15:31:09.433,snap,default,com.taobao.idlefish,charging,1,43.6,57.2,85,95,1,36.35,0,0,36,4.161,-4.926,20.497086,14983,7772,0,-
15:31:10.433,snap,default,com.taobao.idlefish,charging,1,43.7,57.2,85,95,1,36.35,0,0,36,4.176,-5.09,21.25584,14983,7772,0,-
15:31:11.433,snap,default,com.taobao.idlefish,charging,1,43.7,57.2,85,95,1,31.94,0,0,0,4.194,-5.456,22.882462,8762,3755,0,-
15:31:12.433,snap,default,com.taobao.idlefish,charging,1,43.7,60.2,85,95,1,31.94,0,0,36,4.168,-4.88,20.339842,8762,3755,0,-
15:31:13.434,snap,default,com.taobao.idlefish,charging,1,43.7,63.2,85,95,1,28.32,0,0,36,4.174,-5.382,22.464466,12577,6360,0,-
15:31:14.434,snap,default,com.taobao.idlefish,charging,1,43.7,66.2,85,95,1,28.32,0,0,0,4.175,-5.302,22.13585,12577,6360,0,-
15:31:15.434,snap,default,com.taobao.idlefish,charging,1,43.7,67.4,85,95,1,24.82,0,0,37,4.15,-4.644,19.2726,18328,11411,0,-
15:31:16.435,snap,default,com.taobao.idlefish,charging,1,43.7,68.6,85,95,1,24.82,0,0,60,4.173,-5.016,20.931767,18328,11411,0,-
15:31:17.436,snap,default,com.taobao.idlefish,charging,1,43.7,68.6,85,95,1,23.77,0,0,18,4.16,-4.806,19.99296,25682,16055,0,-
15:31:18.436,snap,default,com.taobao.idlefish,charging,1,43.7,71.6,85,95,1,23.81,0,0,63,4.158,-4.452,18.511417,25682,16055,0,-
15:31:19.437,snap,default,com.taobao.idlefish,charging,1,43.7,73.4,85,95,1,23.81,0,0,63,4.173,-5.022,20.956804,25682,16055,0,-
15:31:20.441,snap,default,com.taobao.idlefish,charging,1,43.8,70.4,85,95,1,21.85,0,0,0,4.19,-5.336,22.35784,21285,12496,0,-
15:31:21.437,snap,default,com.taobao.idlefish,charging,1,43.8,67.4,85,95,1,21.85,0,0,0,4.19,-5.336,22.35784,21285,12496,0,-
15:31:22.437,snap,default,com.taobao.idlefish,charging,1,43.8,64.4,85,95,1,21.85,0,0,0,4.194,-5.17,21.68298,11737,5807,0,-
15:31:23.438,snap,default,com.taobao.idlefish,charging,1,43.8,61.4,85,95,1,20.24,0,0,0,4.196,-5.448,22.859808,11737,5807,0,-
15:31:24.451,snap,default,com.taobao.idlefish,charging,1,43.8,60.7,85,95,1,20.24,0,0,0,4.189,-5.434,22.763027,5560,1825,0,-
15:31:25.476,snap,default,com.taobao.idlefish,charging,1,43.9,63.7,85,95,1,18.03,0,0,50,4.181,-5.294,22.134216,5560,1825,0,-
15:31:26.482,snap,default,com.taobao.idlefish,charging,1,43.9,63.7,85,95,1,18.03,0,0,50,4.167,-4.44,18.50148,21792,12620,0,-
15:31:27.478,snap,default,com.taobao.idlefish,charging,1,43.9,63.7,85,95,1,21.46,0,0,71,4.109,-3.432,14.102088,21792,12620,0,-
15:31:28.480,snap,default,com.taobao.idlefish,charging,1,43.9,63.7,85,95,1,21.46,0,0,74,4.097,-2.976,12.192673,27906,17917,0,-
15:31:29.481,snap,default,com.taobao.idlefish,charging,1,43.9,63.7,85,95,1,23.37,0,0,81,4.112,-3.148,12.944576,27906,17917,0,-
15:31:30.490,snap,default,com.taobao.idlefish,charging,1,43.9,63.7,85,95,1,23.37,0,0,78,4.11,-3.23,13.275301,28037,18247,0,-
15:31:31.492,snap,default,com.taobao.idlefish,charging,1,43.9,63.7,85,95,1,26.38,0,0,70,4.107,-3.138,12.887766,28037,18247,0,-
15:31:32.491,snap,default,com.taobao.idlefish,charging,1,43.9,63.7,85,95,1,26.38,0,0,70,4.143,-3.604,14.931373,26549,13644,0,-
15:31:33.493,snap,default,com.taobao.idlefish,charging,1,43.9,63.7,85,95,1,28.67,0,0,0,4.166,-4.848,20.196768,26549,13644,0,-
15:31:34.493,snap,default,com.taobao.idlefish,charging,1,43.9,63.7,85,95,1,28.67,0,0,48,4.145,-4.58,18.9841,23972,14926,0,-
15:31:35.496,snap,default,com.taobao.idlefish,charging,1,43.9,63.7,85,95,1,28.73,0,0,75,4.139,-3.744,15.496415,23972,14926,0,-
15:31:36.506,snap,default,com.taobao.idlefish,charging,1,44,63.7,85,95,1,28.73,0,0,76,4.114,-3.234,13.304675,29176,18681,0,-
15:31:37.505,snap,default,com.taobao.idlefish,charging,1,44,63.7,85,95,1,30.77,0,0,76,4.106,-3.282,13.475892,29176,18681,0,-
15:31:38.505,snap,default,com.taobao.idlefish,charging,1,44,63.7,85,95,1,30.77,0,0,65,4.169,-4.366,18.201855,27691,11530,0,-
15:31:39.506,snap,default,com.taobao.idlefish,charging,1,44,66.7,85,95,1,36.24,0,0,65,4.171,-4.712,19.653751,27691,11530,0,-
15:31:40.506,snap,default,com.taobao.idlefish,charging,1,44,69.7,85,95,1,36.24,0,0,0,4.195,-5.342,22.40969,9708,4124,0,-
15:31:41.506,snap,default,com.taobao.idlefish,charging,1,44.1,70.6,85,95,1,31.31,0,0,41,4.16,-4.904,20.400639,9708,4124,0,-
15:31:42.507,snap,default,com.taobao.idlefish,charging,1,44.1,70.6,85,95,1,31.31,0,0,64,3.941,0.93,3.66513,28906,18034,0,-
15:31:43.507,snap,default,com.taobao.idlefish,charging,1,44.1,73.6,85,95,1,31.43,0,0,77,3.92,1.344,5.26848,28906,18034,0,-
15:31:44.507,snap,default,com.taobao.idlefish,charging,1,44.1,76.6,85,95,1,31.43,0,0,54,3.968,0.214,0.84915197,21160,11705,0,-
15:31:45.508,snap,default,com.taobao.idlefish,charging,1,44.1,73.6,85,95,1,30.08,0,0,21,3.969,0.07,0.27783,21160,11705,0,-
15:31:46.508,snap,default,com.taobao.idlefish,charging,1,44.1,72.2,85,95,1,30.08,0,0,47,3.957,0.172,0.68060404,21160,11705,0,-
15:31:47.508,snap,default,com.taobao.idlefish,charging,1,44.1,72.2,85,95,1,28.26,0,0,47,3.961,0.12,0.47531998,18102,11136,0,-
15:31:48.509,snap,default,com.taobao.idlefish,charging,1,44.1,69.8,85,95,1,28.26,0,0,58,3.992,-0.388,1.5488961,18102,11136,0,-
15:31:49.509,snap,default,com.taobao.idlefish,charging,1,44.1,67.4,85,95,1,26.04,0,0,0,4.002,-0.782,3.1295638,17575,10051,0,-
15:31:50.510,snap,default,com.taobao.idlefish,charging,1,44.1,64.4,85,95,1,26.04,0,0,0,4.001,-0.862,3.4488618,17575,10051,0,-
15:31:51.510,snap,default,com.taobao.idlefish,charging,1,44.1,63.1,85,95,1,22.77,0,0,0,4.004,-0.944,3.779776,6122,2212,0,-
15:31:52.510,snap,default,com.taobao.idlefish,charging,1,44.1,61.1,85,95,1,20.09,0,0,0,4.004,-0.932,3.731728,6122,2212,0,-
15:31:53.511,snap,default,com.taobao.idlefish,charging,1,44.1,61.1,85,95,1,20.09,0,0,0,4.003,-0.902,3.6107059,6056,2008,0,-
15:31:54.511,snap,default,com.taobao.idlefish,charging,1,44.1,60.3,85,95,1,17.9,0,0,0,4.001,-0.944,3.776944,6056,2008,0,-
15:31:55.511,snap,default,com.taobao.idlefish,charging,1,44.1,59.6,85,95,1,17.9,0,0,0,4.003,-0.95,3.8028498,5803,1977,0,-
15:31:56.511,snap,default,com.taobao.idlefish,charging,1,44.1,59.6,85,95,1,16.65,0,0,0,4.003,-0.95,3.8028498,5803,1977,0,-
15:31:57.513,snap,default,com.taobao.idlefish,charging,1,44.1,59.9,85,95,1,16.65,0,0,0,3.98,-0.704,2.80192,9133,4429,0,-
15:31:58.513,snap,default,com.taobao.idlefish,charging,1,44.2,59.9,85,95,1,16.65,0,0,43,4,-0.848,3.392,9133,4429,0,-
15:31:59.514,snap,default,com.taobao.idlefish,charging,1,44.2,59.6,85,95,1,15.26,0,0,0,3.995,-0.838,3.3478098,6920,2428,0,-
15:32:00.514,snap,default,com.taobao.idlefish,charging,1,44.2,59.2,85,95,1,15.26,0,0,0,4.001,-0.968,3.872968,6920,2428,0,-
15:32:01.514,snap,default,com.taobao.idlefish,charging,1,44.2,59.2,85,95,1,13.95,0,0,0,3.991,-0.846,3.376386,7703,2945,0,-
15:32:02.514,snap,default,com.taobao.idlefish,charging,1,44.2,59.2,85,95,1,13.95,0,0,0,3.987,-0.828,3.301236,7703,2945,0,-
15:32:03.515,snap,default,com.taobao.idlefish,charging,1,44.2,58.4,85,95,1,13.23,0,0,0,3.996,-0.904,3.612384,11016,4923,0,-
15:32:04.514,snap,default,com.taobao.idlefish,charging,1,44.2,58.4,85,95,1,13.23,0,0,0,3.995,-0.798,3.1880097,11016,4923,0,-
15:32:05.515,snap,default,com.taobao.idlefish,charging,1,44.2,61.4,85,95,1,13.19,0,0,32,3.968,-0.498,1.976064,21057,12671,0,-
15:32:06.517,snap,default,com.taobao.idlefish,charging,1,44.2,63.1,85,95,1,13.19,0,0,65,3.968,-0.18,0.71424,21057,12671,0,-
15:32:07.515,snap,default,com.taobao.idlefish,charging,1,44.2,63.9,85,95,1,13.88,0,0,65,3.961,-0.402,1.592322,18005,11080,0,-
15:32:08.515,snap,default,com.taobao.idlefish,charging,1,44.1,63.9,85,95,1,13.88,0,0,57,3.972,-0.49,1.94628,18005,11080,0,-
15:32:09.516,snap,default,com.taobao.idlefish,charging,1,44.1,60.9,85,95,1,13.9,0,0,0,3.995,-0.872,3.4836397,8874,4170,0,-
15:32:10.516,snap,default,com.taobao.idlefish,charging,1,44.1,58.8,85,95,1,13.9,0,0,0,3.999,-0.944,3.7750561,8874,4170,0,-
15:32:11.517,snap,default,com.taobao.idlefish,charging,1,44.1,58,85,95,1,12.83,0,0,0,3.998,-0.94,3.7581198,8591,3486,0,-
15:32:12.517,snap,default,com.taobao.idlefish,charging,1,44.1,58,85,95,1,12.83,0,0,0,3.998,-0.88,3.51824,8591,3486,0,-
15:32:13.517,snap,default,com.taobao.idlefish,charging,1,44.1,58.4,85,95,1,12.86,0,0,0,3.995,-0.794,3.17203,8591,3486,0,-
15:32:14.518,snap,default,com.taobao.idlefish,charging,1,44.1,59.6,85,95,1,12.86,0,0,45,3.983,-0.298,1.186934,15456,7809,0,-
15:32:15.518,snap,default,com.taobao.idlefish,charging,1,44.1,59.6,85,95,1,12.88,0,0,0,3.994,-0.86,3.43484,15456,7809,0,-
15:32:16.519,snap,default,com.taobao.idlefish,charging,1,44.1,58.4,85,95,1,12.88,0,0,0,3.99,-0.924,3.6867602,7124,2704,0,-
15:32:17.519,snap,default,com.taobao.idlefish,charging,1,44.1,57.6,85,95,1,12.72,0,0,0,3.996,-0.888,3.548448,7124,2704,0,-
15:32:18.519,snap,default,com.taobao.idlefish,charging,1,44.1,57.2,85,95,1,12.72,0,0,0,3.998,-0.916,3.662168,9243,2945,0,-
15:32:19.520,snap,default,com.taobao.idlefish,charging,1,44.1,57.2,85,95,1,12.23,0,0,24,3.995,-0.696,2.7805197,9243,2945,0,-
15:32:20.520,snap,default,com.taobao.idlefish,charging,1,44.1,57.2,85,95,1,12.23,0,0,80,3.897,1.206,4.699782,20176,9297,0,-
15:32:21.524,snap,default,com.taobao.idlefish,charging,1,44.1,57.2,85,95,1,17.98,0,0.18,76,3.894,1.586,6.175884,20176,9297,0,-
15:32:22.523,snap,default,com.taobao.idlefish,charging,1,44.1,57.2,85,95,1,17.98,0,0.18,75,3.905,1.406,5.49043,30123,18665,0,-
15:32:23.524,snap,default,com.taobao.idlefish,charging,1,44.1,57.2,85,95,1,21.25,0,0.14,74,3.898,1.278,4.981644,30123,18665,0,-
15:32:24.525,snap,default,com.taobao.idlefish,charging,1,44,57.2,85,95,1,21.25,0,0.14,47,3.955,-0.282,1.11531,26130,14614,0,-
15:32:25.525,snap,default,com.taobao.idlefish,charging,1,44,57.2,85,95,1,23.01,0,0.12,47,3.977,-0.45,1.78965,26130,14614,0,-
15:32:26.526,snap,default,com.taobao.idlefish,charging,1,44,60.2,85,95,1,23.01,0,0.12,47,3.963,-0.618,2.4491339,14216,8103,0,-
15:32:27.526,snap,default,com.taobao.idlefish,charging,1,44,63.2,85,95,1,21.2,0,0.09,37,3.979,-0.512,2.0372481,14216,8103,0,-
15:32:28.526,snap,default,com.taobao.idlefish,charging,1,44,65.5,85,95,1,19.71,0,0.08,19,3.982,-0.434,1.728188,14533,7387,0,-
15:32:29.527,snap,default,com.taobao.idlefish,charging,1,44,65.9,85,95,1,19.71,0,0.08,0,3.983,-0.682,2.7164059,14533,7387,0,-
15:32:30.527,snap,default,com.taobao.idlefish,charging,1,44,64.3,85,95,1,18.86,0,0.06,43,3.983,-0.682,2.7164059,14222,8279,0,-
15:32:31.527,snap,default,com.taobao.idlefish,charging,1,44,63.1,85,95,1,18.86,0,0.06,43,3.982,-0.478,1.903396,14222,8279,0,-
15:32:32.527,snap,default,com.taobao.idlefish,charging,1,44,63.1,85,95,1,18.86,0,0.06,43,3.964,-0.42,1.6648799,16709,9976,0,-
15:32:33.527,snap,default,com.taobao.idlefish,charging,1,44,66.1,85,95,1,18.88,0,0.05,39,3.951,-0.028,0.110628,16709,9976,0,-
15:32:34.528,snap,default,com.taobao.idlefish,charging,1,44,66.1,85,95,1,18.88,0,0.05,78,3.921,0.868,3.4034278,30595,19704,0,-
15:32:35.528,snap,default,com.taobao.idlefish,charging,1,44,66.1,85,95,1,21.08,0,0.04,81,3.887,1.348,5.2396765,30595,19704,0,-
15:32:36.528,snap,default,com.taobao.idlefish,charging,1,44,66.1,85,95,1,21.08,0,0.04,77,3.904,1.258,4.911232,27861,19013,0,-
15:32:37.528,snap,default,com.taobao.idlefish,charging,1,44,66.1,85,95,1,22.15,0,0.03,80,3.899,1.174,4.577426,27861,19013,0,-
15:32:38.529,snap,default,com.taobao.idlefish,charging,1,44,69.1,85,95,1,22.15,0,0.03,73,3.9,1.204,4.6956,25424,14137,0,-
15:32:39.529,snap,default,com.taobao.idlefish,charging,1,44,72.1,85,95,1,23.21,0,0.02,57,3.973,-0.172,0.68335605,25424,14137,0,-
15:32:40.529,snap,default,com.taobao.idlefish,charging,1,44,74.2,85,95,1,23.21,0,0.02,57,3.981,-0.234,0.93155396,25424,14137,0,-
15:32:41.530,snap,default,com.taobao.idlefish,charging,1,44,71.2,85,95,1,21.9,0,0.02,57,3.977,-0.782,3.110014,15736,9205,0,-
15:32:42.530,snap,default,com.taobao.idlefish,charging,1,44,68.2,85,95,1,21.9,0,0.02,0,3.987,-0.904,3.6042478,15736,9205,0,-
15:32:43.530,snap,default,com.taobao.idlefish,charging,1,44,65.2,85,95,1,19.38,0,0.01,0,3.986,-0.88,3.50768,5641,1918,0,-
15:32:44.531,snap,default,com.taobao.idlefish,charging,1,44,62.199997,85,95,1,19.38,0,0.01,0,3.988,-0.926,3.692888,5641,1918,0,-
15:32:45.531,snap,default,com.taobao.idlefish,charging,1,44,60.7,85,95,1,17.32,0,0.01,0,3.979,-0.866,3.4458141,6178,1765,0,-
15:32:46.531,snap,default,com.taobao.idlefish,charging,1,44,60.3,85,95,1,17.32,0,0.01,0,3.985,-0.744,2.96484,6178,1765,0,-
15:32:47.531,snap,default,com.taobao.idlefish,charging,1,44,59.9,85,95,1,17.44,0,0.01,0,3.985,-0.804,3.20394,9212,2956,0,-
15:32:48.532,snap,default,com.taobao.idlefish,charging,1,44,59.6,85,95,1,17.44,0,0.01,0,3.989,-0.87,3.4704301,9212,2956,0,-
15:32:49.532,snap,default,com.taobao.idlefish,charging,1,44,59.2,85,95,1,14.82,0,0,0,3.989,-0.828,3.3028922,5820,1761,0,-
15:32:50.599,snap,default,com.taobao.idlefish,charging,1,44,59.2,85,95,1,14.82,0,0,54,3.945,-0.336,1.3255199,5820,1761,0,-
15:32:51.599,snap,default,com.taobao.idlefish,charging,1,43.9,59.2,85,95,1,17.75,0.18,0,24,3.893,1.018,3.963074,35591,13686,0,-
15:32:52.604,snap,default,com.taobao.idlefish,charging,1,43.9,59.2,85,95,1,17.75,0.18,0,24,3.905,1.14,4.4516997,35591,13686,0,-
15:32:53.604,snap,default,com.taobao.idlefish,charging,1,43.9,59.2,85,95,1,27.4,0.87,1.99,17,3.9,1.232,4.8048,41296,13482,0,-
15:32:54.604,snap,default,com.android.launcher,charging,1,43.9,59.2,85,95,1,27.4,0.87,1.99,21,3.908,1.06,4.14248,41296,13482,0,-
15:32:55.605,snap,default,com.android.launcher,charging,1,43.9,59.2,85,95,1,34.57,1.07,3.63,25,3.898,1.018,3.968164,41735,16963,0,-
15:32:56.608,snap,default,com.android.launcher,charging,1,43.9,59.2,85,95,1,34.57,1.07,3.63,21,3.901,1.032,4.0258317,41735,16963,0,-
15:32:57.635,snap,default,com.android.launcher,charging,1,43.9,59.2,85,95,1,42.44,1.24,7.13,28,3.898,1.09,4.2488203,43384,12978,0,-
15:32:58.635,snap,default,com.android.launcher,charging,1,43.9,59.2,85,95,1,42.44,1.24,7.13,23,3.901,0.898,3.503098,43384,12978,0,-
15:32:59.635,snap,default,com.android.launcher,charging,1,43.9,59.2,85,95,1,44.53,1.56,7.29,20,3.924,0.204,0.800496,34525,12536,0,-
15:33:00.635,snap,default,com.android.launcher,charging,1,43.9,59.2,85,95,1,44.53,1.56,7.29,20,3.934,0.682,2.682988,34525,12536,0,-
15:33:01.635,snap,default,com.taobao.idlefish,charging,1,43.9,59.6,85,95,1,48.6,1.82,6.87,15,3.963,-0.458,1.815054,24855,9927,0,-
15:33:02.636,snap,default,com.taobao.idlefish,charging,1,43.9,59.6,85,95,1,44.51,1.49,5.63,15,3.976,-0.676,2.687776,24855,9927,0,-
15:33:03.636,snap,default,com.taobao.idlefish,charging,1,43.9,59.6,85,95,1,44.51,1.49,5.63,34,3.94,0.066,0.26004001,23425,12142,0,-
15:33:04.636,snap,default,com.taobao.idlefish,charging,1,43.9,59.6,85,95,1,39.16,1.22,4.61,35,3.943,0.068,0.268124,23425,12142,0,-
15:33:05.636,snap,default,com.taobao.idlefish,charging,1,43.9,59.6,85,95,1,39.16,1.22,4.61,39,3.949,-0.06,0.23693998,26661,14275,0,-
15:33:06.636,snap,default,com.taobao.idlefish,charging,1,43.9,62.6,85,95,1,34.06,1,3.77,39,3.978,-0.554,2.2038121,26661,14275,0,-
15:33:07.636,snap,default,com.taobao.idlefish,charging,1,43.9,65.6,85,95,1,34.06,1,3.77,39,3.978,-0.554,2.2038121,9822,3569,0,-
15:33:08.640,snap,default,com.taobao.idlefish,charging,1,43.9,65.1,85,95,1,34.06,1,3.77,39,3.988,-0.936,3.7327678,9822,3569,0,-
15:33:09.639,snap,default,com.taobao.idlefish,charging,1,43.9,65.1,85,95,1,30.06,0.81,3.09,26,3.982,-0.802,3.193564,9822,3569,0,-
15:33:10.639,snap,default,com.taobao.idlefish,charging,1,43.9,65.1,85,95,1,30.06,0.81,3.09,26,3.975,-0.154,0.61214995,13303,6864,0,-
15:33:11.640,snap,default,com.taobao.idlefish,charging,1,43.9,65.1,85,95,1,30.77,0.67,2.53,45,3.903,0.488,1.904664,13303,6864,0,-
15:33:12.639,snap,default,com.taobao.idlefish,charging,1,43.9,65.1,85,95,1,30.77,0.67,2.53,81,3.891,1.438,5.5952578,28708,17753,0,-
15:33:13.640,snap,default,com.taobao.idlefish,charging,1,43.9,65.1,85,95,1,31.54,0.54,2.07,76,3.896,1.312,5.1115522,28708,17753,0,-
15:33:14.640,snap,default,com.taobao.idlefish,charging,1,43.9,65.1,85,95,1,31.54,0.54,2.07,22,3.97,-0.39,1.5482999,22627,11723,0,-
15:33:15.640,snap,default,com.taobao.idlefish,charging,1,43.9,65.1,85,95,1,30.17,0.44,1.69,60,3.894,0.97,3.7771802,22627,11723,0,-
15:33:16.644,snap,default,com.taobao.idlefish,charging,1,43.9,65.1,85,95,1,30.17,0.44,1.69,78,3.89,1.138,4.4268203,26806,16517,0,-
15:33:17.644,snap,default,com.taobao.idlefish,charging,1,43.9,65.1,85,95,1,29.41,0.36,1.38,78,3.895,1.276,4.9700203,26806,16517,0,-
15:33:18.644,snap,default,com.taobao.idlefish,charging,1,43.9,68.1,85,95,1,29.41,0.36,1.38,78,3.972,0.168,0.667296,26214,15237,0,-
15:33:19.645,snap,default,com.taobao.idlefish,charging,1,43.9,71.1,85,95,1,29.16,0.3,1.13,66,3.975,-0.308,1.2242999,26214,15237,0,-
15:33:20.644,snap,default,com.taobao.idlefish,charging,1,43.9,69,85,95,1,29.16,0.3,1.13,0,3.981,-0.758,3.017598,12037,6363,0,-
15:33:21.645,snap,default,com.taobao.idlefish,charging,1,43.9,66.7,85,95,1,25.87,0.24,0.93,0,3.98,-0.794,3.1601202,12037,6363,0,-
15:33:22.645,snap,default,com.taobao.idlefish,charging,1,43.9,64.7,85,95,1,25.87,0.24,0.93,0,3.982,-0.844,3.3608081,7620,3059,0,-
15:33:23.645,snap,default,com.taobao.idlefish,charging,1,43.9,63.9,85,95,1,23.17,0.2,0.76,0,3.984,-0.882,3.5138881,7620,3059,0,-
15:33:24.646,snap,default,com.taobao.idlefish,charging,1,43.9,62.3,85,95,1,23.17,0.2,0.76,29,3.986,-0.882,3.5156522,7500,2828,0,-
15:33:25.646,snap,default,com.taobao.idlefish,charging,1,43.9,61.9,85,95,1,20.42,0.16,0.62,29,3.978,-0.824,3.2778718,7500,2828,0,-
15:33:26.655,snap,default,com.taobao.idlefish,charging,1,43.9,61.1,85,95,1,20.42,0.16,0.62,29,3.989,-0.948,3.781572,7064,2557,0,-
15:33:27.656,snap,default,com.taobao.idlefish,charging,1,43.9,61.1,85,95,1,18.17,0.13,0.51,29,3.987,-0.916,3.652092,7064,2557,0,-
15:33:28.656,snap,default,com.taobao.idlefish,charging,1,43.9,60.7,85,95,1,18.17,0.13,0.51,29,3.987,-0.884,3.524508,7525,2720,0,-
15:33:29.657,snap,default,com.taobao.idlefish,charging,1,43.9,60.3,85,95,1,16.51,0.11,0.41,29,3.988,-0.882,3.517416,7525,2720,0,-
15:33:30.657,snap,default,com.taobao.idlefish,charging,1,43.9,59.6,85,95,1,16.51,0.11,0.41,0,3.982,-0.868,3.456376,7390,2816,0,-
15:33:31.659,snap,default,com.taobao.idlefish,charging,1,43.9,58.8,85,95,1,14.97,0.09,0.34,0,3.99,-0.908,3.62292,7390,2816,0,-
15:33:32.659,snap,default,com.taobao.idlefish,charging,1,43.9,58.4,85,95,1,14.97,0.09,0.34,0,3.988,-0.946,3.7726479,7308,2686,0,-
15:33:33.663,snap,default,com.taobao.idlefish,charging,1,43.9,58.4,85,95,1,13.88,0.07,0.27,18,3.989,-0.956,3.813484,7308,2686,0,-
15:33:34.665,snap,default,com.taobao.idlefish,charging,1,43.9,59.2,85,95,1,13.88,0.07,0.27,0,3.931,-0.144,0.566064,7308,2686,0,-
15:33:35.664,snap,default,com.taobao.idlefish,charging,1,43.9,59.2,85,95,1,14.99,0.06,0.22,57,3.88,1.312,5.0905604,17259,10463,0,-
15:33:36.664,snap,default,com.taobao.idlefish,charging,1,43.9,59.2,85,95,1,14.99,0.06,0.22,82,3.895,1.29,5.02455,17259,10463,0,-
15:33:37.665,snap,default,com.taobao.idlefish,charging,1,43.9,62.2,85,95,1,19.34,0.04,0.18,46,3.974,-0.446,1.7724041,30724,18586,0,-
15:33:38.665,snap,default,com.taobao.idlefish,charging,1,43.9,65.2,85,95,1,19.1,0.03,0.15,48,3.941,-0.178,0.70149803,30724,18586,0,-
15:33:39.665,snap,default,com.taobao.idlefish,charging,1,43.9,68.2,85,95,1,19.1,0.03,0.15,72,3.941,-0.178,0.70149803,24217,15913,0,-
15:33:40.665,snap,default,com.taobao.idlefish,charging,1,43.9,69.4,85,95,1,19.1,0.03,0.15,72,3.932,0.132,0.519024,24217,15913,0,-
15:33:41.666,snap,default,com.taobao.idlefish,charging,1,43.9,66.4,85,95,1,18.35,0.03,0.12,72,3.976,-0.76,3.02176,15414,8773,0,-
15:33:42.666,snap,default,com.taobao.idlefish,charging,1,43.9,65.5,85,95,1,18.35,0.03,0.12,60,3.957,-0.348,1.377036,15414,8773,0,-
15:33:43.666,snap,default,com.taobao.idlefish,charging,1,43.9,62.5,85,95,1,16.84,0.02,0.1,60,3.983,-0.882,3.5130062,10496,5075,0,-
15:33:44.666,snap,default,com.taobao.idlefish,charging,1,43.9,60.3,85,95,1,16.84,0.02,0.1,0,3.987,-0.924,3.683988,10496,5075,0,-
15:33:45.667,snap,default,com.taobao.idlefish,charging,1,43.9,59.9,85,95,1,15.24,0.02,0.08,0,3.985,-0.88,3.5068,5998,1822,0,-
15:33:46.667,snap,default,com.taobao.idlefish,charging,1,43.9,58.8,85,95,1,15.24,0.02,0.08,0,3.989,-0.94,3.74966,5998,1822,0,-
15:33:47.667,snap,default,com.taobao.idlefish,charging,1,43.9,58.4,85,95,1,13.92,0.01,0.06,0,3.988,-0.928,3.7008638,5404,1801,0,-
15:33:48.668,snap,default,com.taobao.idlefish,charging,1,43.9,58.4,85,95,1,13.92,0.01,0.06,0,3.989,-0.93,3.7097702,5404,1801,0,-
15:33:49.669,snap,default,com.taobao.idlefish,charging,1,43.9,58.4,85,95,1,13.03,0.01,0.05,0,3.981,-0.844,3.359964,8279,3383,0,-
15:33:50.668,snap,default,com.taobao.idlefish,charging,1,43.9,58,85,95,1,13.03,0.01,0.05,0,3.988,-0.914,3.645032,8279,3383,0,-
15:33:51.669,snap,default,com.taobao.idlefish,charging,1,43.9,57.2,85,95,1,12.48,0.01,0.04,0,3.988,-0.91,3.62908,6119,2114,0,-
15:33:52.669,snap,default,com.taobao.idlefish,charging,1,43.9,56.8,85,95,1,12.48,0.01,0.04,0,3.987,-0.936,3.731832,6119,2114,0,-
15:33:53.669,snap,default,com.taobao.idlefish,charging,1,43.9,56.8,85,95,1,11.67,0,0.03,0,3.987,-0.92,3.66804,5841,1950,0,-
15:33:54.670,snap,default,com.taobao.idlefish,charging,1,43.9,56.4,85,95,1,11.67,0,0.03,0,3.989,-0.938,3.741682,5841,1950,0,-
15:33:55.670,snap,default,com.taobao.idlefish,charging,1,43.9,56.4,85,95,1,11,0,0.03,0,3.99,-0.928,3.70272,5413,1723,0,-
15:33:56.671,snap,default,com.taobao.idlefish,charging,1,43.9,55.6,85,95,1,11,0,0.03,0,3.992,-0.952,3.8003843,5413,1723,0,-
15:33:57.671,snap,default,com.taobao.idlefish,charging,1,43.9,55.6,85,95,1,10.28,0,0.02,0,3.992,-0.91,3.6327202,6864,2277,0,-
15:33:58.671,snap,default,com.taobao.idlefish,charging,1,43.9,56,85,95,1,10.28,0,0.02,0,3.989,-0.854,3.406606,6864,2277,0,-
15:33:59.671,snap,default,com.taobao.idlefish,charging,1,43.9,56,85,95,1,10.22,0,0.01,0,3.987,-0.856,3.412872,6897,2618,0,-
15:34:00.672,snap,default,com.taobao.idlefish,charging,1,43.9,56,85,95,1,10.22,0,0.01,0,3.993,-0.928,3.705504,6897,2618,0,-
15:34:01.672,snap,default,com.taobao.idlefish,charging,1,43.9,56,85,95,1,10,0,0.01,0,3.99,-0.862,3.43938,6897,2618,0,-
15:34:02.672,snap,default,com.taobao.idlefish,charging,1,43.9,56,85,95,1,10,0,0.01,0,3.994,-0.956,3.8182638,8417,3619,0,-
15:34:03.672,snap,default,com.taobao.idlefish,charging,1,43.9,55.2,85,95,1,9.82,0,0.01,0,3.994,-0.964,3.850216,8417,3619,0,-
15:34:04.673,snap,default,com.taobao.idlefish,charging,1,43.9,55.2,85,95,1,9.82,0,0.01,0,3.992,-0.954,3.808368,5498,1822,0,-
15:34:05.673,snap,default,com.taobao.idlefish,charging,1,43.9,55.2,85,95,1,9.49,0,0.01,0,3.992,-0.938,3.744496,5498,1822,0,-
15:34:06.673,snap,default,com.taobao.idlefish,charging,1,43.9,55.2,85,95,1,9.49,0,0.01,0,3.984,-0.85,3.3864,5362,1803,0,-
15:34:07.674,snap,default,com.taobao.idlefish,charging,1,43.9,55.2,85,95,1,11.57,0,0,0,3.991,-0.878,3.504098,5362,1803,0,-
15:34:08.674,snap,default,com.taobao.idlefish,charging,1,43.9,55.2,85,95,1,11.57,0,0,0,3.99,-0.892,3.5590801,7629,2103,0,-
15:34:09.674,snap,default,com.taobao.idlefish,charging,1,43.9,55.2,85,95,1,18.17,0,0,0,3.991,-0.866,3.4562058,7629,2103,0,-
15:34:10.674,snap,default,com.taobao.idlefish,charging,1,43.9,55.6,85,95,1,16.15,0,0,0,3.984,-0.772,3.075648,6734,1926,0,-
15:34:11.675,snap,default,com.taobao.idlefish,charging,1,43.8,55.6,85,95,1,16.15,0,0,0,3.984,-0.772,3.075648,6734,1926,0,-
15:34:12.675,snap,default,com.taobao.idlefish,charging,1,43.8,55.2,85,95,1,16.15,0,0,0,3.993,-0.868,3.465924,6702,2267,0,-
15:34:13.676,snap,default,com.taobao.idlefish,charging,1,43.8,55.2,85,95,1,14.49,0,0,0,3.992,-0.934,3.7285283,6702,2267,0,-
15:34:14.676,snap,default,com.taobao.idlefish,charging,1,43.8,54.8,85,95,1,14.49,0,0,0,3.994,-0.972,3.882168,4944,1506,0,-
15:34:15.677,snap,default,com.taobao.idlefish,charging,1,43.8,54.8,85,95,1,13.31,0,0,0,3.992,-0.942,3.760464,4944,1506,0,-
15:34:16.678,snap,default,com.taobao.idlefish,charging,1,43.8,54.8,85,95,1,13.31,0,0,0,3.994,-0.942,3.762348,6092,2058,0,-
15:34:17.678,snap,default,com.taobao.idlefish,charging,1,43.8,54.8,85,95,1,12.17,0,0,0,3.988,-0.898,3.581224,6092,2058,0,-
15:34:18.678,snap,default,com.taobao.idlefish,charging,1,43.8,54.4,85,95,1,12.17,0,0,0,3.994,-0.918,3.666492,5238,1578,0,-
15:34:19.679,snap,default,com.taobao.idlefish,charging,1,43.8,54.4,85,95,1,11.05,0,0,0,3.992,-0.92,3.67264,5238,1578,0,-
15:34:20.679,snap,default,com.taobao.idlefish,charging,1,43.8,54.4,85,95,1,11.05,0,0,0,3.992,-0.886,3.536912,7193,2587,0,-
15:34:21.679,snap,default,com.taobao.idlefish,charging,1,43.8,56,85,95,1,10.86,0,0,0,3.989,-0.85,3.3906503,7193,2587,0,-
15:34:22.680,snap,default,com.taobao.idlefish,charging,1,43.8,56,85,95,1,10.86,0,0,0,3.991,-0.904,3.607864,6650,2241,0,-
15:34:23.681,snap,default,com.taobao.idlefish,charging,1,43.8,54.8,85,95,1,10.52,0,0,0,3.992,-0.924,3.6886082,6650,2241,0,-
15:34:24.681,snap,default,com.taobao.idlefish,charging,1,43.8,54.4,85,95,1,10.52,0,0,0,3.993,-0.938,3.745434,5389,1862,0,-
15:34:25.681,snap,default,com.taobao.idlefish,charging,1,43.8,54.4,85,95,1,9.88,0,0,0,3.99,-0.894,3.56706,5389,1862,0,-
15:34:26.681,snap,default,com.taobao.idlefish,charging,1,43.8,55.2,85,95,1,9.88,0,0,0,3.992,-0.79,3.15368,10372,4989,0,-
15:34:27.682,snap,default,com.taobao.idlefish,charging,1,43.8,55.2,85,95,1,10.08,0,0,0,3.989,-0.822,3.278958,10372,4989,0,-
15:34:28.682,snap,default,com.taobao.idlefish,charging,1,43.8,54.4,85,95,1,10.08,0,0,0,3.995,-0.91,3.63545,10372,4989,0,-
15:34:29.682,snap,default,com.taobao.idlefish,charging,1,43.8,54.4,85,95,1,9.89,0,0,0,3.996,-0.966,3.860136,7152,2900,0,-
15:34:30.683,snap,default,com.taobao.idlefish,charging,1,43.8,54.4,85,95,1,9.89,0,0,0,3.996,-0.952,3.804192,7152,2900,0,-
15:34:31.683,snap,default,com.taobao.idlefish,charging,1,43.8,54,85,95,1,9.54,0,0,2,3.997,-0.922,3.6852338,5443,1781,0,-
15:34:32.684,snap,default,com.taobao.idlefish,charging,1,43.8,54.4,85,95,1,9.54,0,0,0,3.989,-0.884,3.526276,5443,1781,0,-
15:34:33.683,snap,default,com.taobao.idlefish,charging,1,43.8,55.2,85,95,1,10.17,0.18,0,0,3.984,-0.556,2.2151039,12283,4663,0,-
15:34:34.684,snap,default,com.taobao.idlefish,charging,1,43.8,55.2,85,95,1,10.17,0.18,0,0,3.984,-0.726,2.892384,12283,4663,0,-
15:34:35.684,snap,default,com.taobao.idlefish,charging,1,43.8,55.2,85,95,1,10.5,0.14,0,0,3.993,-0.856,3.418008,11784,5314,0,-
15:34:36.685,snap,default,com.taobao.idlefish,charging,1,43.8,54.8,85,95,1,10.5,0.14,0,0,3.996,-0.958,3.8281682,11784,5314,0,-
15:34:37.685,snap,default,com.taobao.idlefish,charging,1,43.8,54.4,85,95,1,9.86,0.12,0,0,3.996,-0.932,3.724272,5298,1778,0,-
15:34:38.685,snap,default,com.taobao.idlefish,charging,1,43.7,54,85,95,1,9.86,0.12,0,0,3.996,-0.942,3.764232,5298,1778,0,-
15:34:39.685,snap,default,com.taobao.idlefish,charging,1,43.7,54,85,95,1,9.34,0.09,0,0,3.997,-0.962,3.845114,4896,1623,0,-
15:34:40.686,snap,default,com.taobao.idlefish,charging,1,43.7,54,85,95,1,9.34,0.09,0,0,3.996,-0.94,3.7562401,4896,1623,0,-
15:34:41.686,snap,default,com.taobao.idlefish,charging,1,43.7,54,85,95,1,9.28,0.08,0,0,3.991,-0.842,3.360422,7853,3265,0,-
15:34:42.687,snap,default,com.taobao.idlefish,charging,1,43.7,54.4,85,95,1,9.28,0.08,0,0,3.991,-0.77,3.0730698,7853,3265,0,-
15:34:43.687,snap,default,com.taobao.idlefish,charging,1,43.7,54.4,85,95,1,9.77,0.06,0,0,3.995,-0.898,3.5875099,9705,3864,0,-
15:34:44.688,snap,default,com.taobao.idlefish,charging,1,43.7,54.4,85,95,1,9.27,0.05,0,0,3.995,-0.898,3.5875099,9705,3864,0,-
15:34:45.688,snap,default,com.taobao.idlefish,charging,1,43.7,54.4,85,95,1,9.27,0.05,0,0,3.996,-0.93,3.71628,5053,1634,0,-
15:34:46.688,snap,default,com.taobao.idlefish,charging,1,43.7,54.4,85,95,1,9.27,0.05,0,0,3.997,-0.944,3.773168,5053,1634,0,-
15:34:47.689,snap,default,com.taobao.idlefish,charging,1,43.7,54,85,95,1,9.04,0.04,0,0,3.995,-0.922,3.68339,6155,2154,0,-
15:34:48.689,snap,default,com.taobao.idlefish,charging,1,43.6,54,85,95,1,9.04,0.04,0,0,3.994,-0.946,3.778324,6155,2154,0,-
15:34:49.690,snap,default,com.taobao.idlefish,charging,1,43.6,53.2,85,95,1,8.85,0.03,0,0,3.992,-0.922,3.680624,5459,1804,0,-
15:34:50.690,snap,default,com.taobao.idlefish,charging,1,43.6,53.6,85,95,1,8.85,0.03,0,0,3.994,-0.948,3.786312,5459,1804,0,-
15:34:51.691,snap,default,com.taobao.idlefish,charging,1,43.6,53.6,85,95,1,8.69,0.02,0,0,3.992,-0.914,3.648688,5318,1763,0,-
15:34:52.691,snap,default,com.taobao.idlefish,charging,1,43.6,53.6,85,95,1,8.69,0.02,0,0,3.992,-0.938,3.744496,5318,1763,0,-
15:34:53.691,snap,default,com.taobao.idlefish,charging,1,43.5,53.6,85,95,1,8.57,0.02,0,0,3.989,-0.884,3.526276,5318,1763,0,-
15:34:54.692,snap,default,com.taobao.idlefish,charging,1,43.5,53.6,85,95,1,8.57,0.02,0,0,3.995,-0.948,3.78726,6064,2220,0,-
15:34:55.692,snap,default,com.taobao.idlefish,charging,1,43.5,53.6,85,95,1,8.28,0.01,0,0,3.994,-0.936,3.738384,6064,2220,0,-
15:34:56.692,snap,default,com.taobao.idlefish,charging,1,43.5,53.6,85,95,1,8.28,0.01,0,0,3.995,-0.938,3.74731,5268,1675,0,-
15:34:57.693,snap,default,com.taobao.idlefish,charging,1,43.5,52.8,85,95,1,8.23,0.01,0,0,3.995,-0.906,3.61947,5268,1675,0,-
15:34:58.693,snap,default,com.taobao.idlefish,charging,1,43.5,53.2,85,95,1,8.23,0.01,0,0,3.998,-0.946,3.7821078,5454,1718,0,-
15:34:59.694,snap,default,com.taobao.idlefish,charging,1,43.5,52.8,85,95,1,8.01,0.01,0,0,3.999,-0.944,3.7750561,5454,1718,0,-
15:35:00.693,snap,default,com.taobao.idlefish,charging,1,43.5,53.2,85,95,1,8.01,0.01,0,0,3.999,-0.968,3.871032,4921,1547,0,-
15:35:01.694,snap,default,com.taobao.idlefish,charging,1,43.5,53.2,85,95,1,8.55,0,0,0,3.994,-0.844,3.370936,4921,1547,0,-
15:35:02.694,snap,default,com.taobao.idlefish,charging,1,43.5,53.2,85,95,1,8.55,0,0,0,3.997,-0.948,3.789156,8332,3479,0,-
15:35:03.696,snap,default,com.taobao.idlefish,charging,1,43.5,53.2,85,95,1,8.27,0,0,0,3.996,-0.94,3.7562401,8332,3479,0,-
15:35:04.695,snap,default,com.taobao.idlefish,charging,1,43.5,53.2,85,95,1,8.27,0,0,0,3.996,-0.95,3.7962,5205,1668,0,-
15:35:05.695,snap,default,com.taobao.idlefish,charging,1,43.4,53.6,85,95,1,8.22,0,0,0,3.994,-0.888,3.546672,5205,1668,0,-
15:35:06.696,snap,default,com.taobao.idlefish,charging,1,43.4,53.6,85,95,1,8.22,0,0,0,3.998,-0.94,3.7581198,5712,1819,0,-
15:35:07.696,snap,default,com.taobao.idlefish,charging,1,43.4,52.8,85,95,1,8,0,0,0,3.996,-0.936,3.740256,5712,1819,0,-
15:35:08.696,snap,default,com.taobao.idlefish,charging,1,43.4,52.8,85,95,1,8,0,0,0,3.999,-0.958,3.831042,5071,1597,0,-
15:35:09.698,snap,default,com.taobao.idlefish,charging,1,43.4,52.8,85,95,1,7.81,0,0,0,3.998,-0.934,3.734132,5071,1597,0,-
15:35:10.698,snap,default,com.taobao.idlefish,charging,1,43.4,53.2,85,95,1,7.81,0,0,0,3.996,-0.936,3.740256,6345,2263,0,-
15:35:11.698,snap,default,com.taobao.idlefish,charging,1,43.4,53.2,85,95,1,7.67,0,0,0,3.998,-0.962,3.846076,6345,2263,0,-
15:35:12.699,snap,default,com.taobao.idlefish,charging,1,43.4,53.2,85,95,1,7.67,0,0,0,3.993,-0.932,3.7214758,5825,1897,0,-
15:35:13.699,snap,default,com.taobao.idlefish,charging,1,43.4,53.2,85,95,1,7.54,0,0,0,3.998,-0.948,3.790104,5825,1897,0,-
15:35:14.700,snap,default,com.taobao.idlefish,charging,1,43.4,53.2,85,95,1,7.54,0,0,0,3.998,-0.942,3.766116,5294,1748,0,-
15:35:15.700,snap,default,com.taobao.idlefish,charging,1,43.4,53.2,85,95,1,7.63,0,0,0,3.998,-0.942,3.766116,5294,1748,0,-
15:35:16.701,snap,default,com.taobao.idlefish,charging,1,43.4,53.2,85,95,1,7.63,0,0,0,4,-0.956,3.824,5543,1849,0,-
15:35:17.700,snap,default,com.taobao.idlefish,charging,1,43.4,52.8,85,95,1,7.63,0,0,0,3.997,-0.93,3.71721,5543,1849,0,-
15:35:18.700,snap,default,com.taobao.idlefish,charging,1,43.4,52.8,85,95,1,7.69,0,0,0,3.999,-0.954,3.815046,5526,1772,0,-
15:35:19.701,snap,default,com.taobao.idlefish,charging,1,43.4,52.8,85,95,1,7.2,0,0,0,3.996,-0.894,3.572424,5526,1772,0,-
15:35:20.702,snap,default,com.taobao.idlefish,charging,1,43.4,53.2,85,95,1,7.2,0,0,0,3.99,-0.86,3.4314,5526,1772,0,-
15:35:21.702,snap,default,com.taobao.idlefish,charging,1,43.4,53.2,85,95,1,7.53,0,0,0,3.996,-0.938,3.748248,6825,2384,0,-
15:35:22.702,snap,default,com.taobao.idlefish,charging,1,43.4,52.8,85,95,1,7.53,0,0,0,3.999,-0.954,3.815046,6825,2384,0,-
15:35:23.702,snap,default,com.taobao.idlefish,charging,1,43.4,52.8,85,95,1,8.16,0,0,0,3.998,-0.926,3.702148,5970,2057,0,-
15:35:24.703,snap,default,com.taobao.idlefish,charging,1,43.4,52.8,85,95,1,8.16,0,0,0,3.999,-0.954,3.815046,5970,2057,0,-
15:35:25.703,snap,default,com.taobao.idlefish,charging,1,43.3,53.2,85,95,1,7.95,0,0,0,3.998,-0.942,3.766116,5056,1717,0,-
15:35:26.703,snap,default,com.taobao.idlefish,charging,1,43.3,54.8,85,95,1,7.95,0,0,0,3.989,-0.76,3.03164,5056,1717,0,-
15:35:27.703,snap,default,com.taobao.idlefish,charging,1,43.3,54.8,85,95,1,8.68,0,0,0,3.992,-0.746,2.978032,12507,5685,0,-
15:35:28.703,snap,default,com.taobao.idlefish,charging,1,43.3,54.8,85,95,1,8.68,0,0,0,3.988,-0.712,2.839456,12507,5685,0,-
15:35:29.724,snap,default,com.taobao.idlefish,charging,1,43.3,55.6,85,95,1,9.64,0,0,0,3.989,-0.71,2.83219,14598,7293,0,-
15:35:30.722,snap,default,com.taobao.idlefish,charging,1,43.3,56.4,85,95,1,9.64,0,0,4,3.964,-0.49,1.94236,14598,7293,0,-
15:35:31.723,snap,default,com.taobao.idlefish,charging,1,43.3,59.4,85,95,1,19.13,0.18,2.71,19,3.937,0.174,0.685038,28760,10413,0,-
15:35:32.723,snap,default,com.android.launcher,charging,1,43.3,62.4,85,95,1,19.13,0.18,2.71,48,3.94,0.532,2.09608,28760,10413,0,-
15:35:33.723,snap,default,com.android.launcher,charging,1,43.3,65.4,85,95,1,25.08,0.32,2.76,18,3.956,0.062,0.245272,33583,12853,0,-
15:35:34.723,snap,default,com.android.launcher,charging,1,43.3,65.9,85,95,1,25.08,0.32,2.76,18,3.964,-0.15,0.5946,33583,12853,0,-
15:35:35.723,snap,default,com.android.launcher,charging,1,43.3,64.7,85,95,1,24.52,0.63,2.26,15,3.955,-0.072,0.28475997,25349,11710,0,-
15:35:36.725,snap,default,com.android.launcher,charging,1,43.3,65.1,85,95,1,24.52,0.63,2.26,10,3.983,-0.388,1.5454041,25349,11710,0,-
15:35:37.725,snap,default,com.android.launcher,charging,1,43.3,65.1,85,95,1,25.88,0.69,1.85,17,3.939,0.014,0.055146,24483,12364,0,-
15:35:38.725,snap,default,com.android.launcher,charging,1,43.3,65.1,85,95,1,25.88,0.69,1.85,0,3.906,0.898,3.507588,24483,12364,0,-
15:35:39.725,snap,default,com.coloros.note,charging,1,43.3,65.1,85,95,1,30.79,1.29,2.42,11,3.901,0.91,3.54991,32333,12248,0,-
15:35:40.726,snap,default,com.coloros.note,charging,1,43.3,65.1,85,95,1,30.79,1.29,2.42,0,3.97,0.008,0.031760003,32333,12248,0,-
15:35:41.727,snap,default,com.coloros.note,charging,1,43.3,65.1,85,95,1,29.38,1.6,2.16,0,3.991,-0.778,3.1049979,12540,4948,0,-
15:35:42.727,snap,default,com.coloros.note,charging,1,43.3,62.1,85,95,1,29.38,1.6,2.16,0,3.988,-0.91,3.62908,12540,4948,0,-
15:35:43.727,snap,default,com.coloros.note,charging,1,43.3,59.2,85,95,1,25.68,1.31,1.77,0,3.99,-0.888,3.5431201,7670,3468,0,-
15:35:44.729,snap,default,com.coloros.note,charging,1,43.3,58.4,85,95,1,25.68,1.31,1.77,0,3.996,-0.932,3.724272,7670,3468,0,-
15:35:45.729,snap,default,com.coloros.note,charging,1,43.3,57.2,85,95,1,22.84,1.07,1.45,0,3.996,-0.936,3.740256,7209,2737,0,-
15:35:46.729,snap,default,com.coloros.note,charging,1,43.3,57.2,85,95,1,22.84,1.07,1.45,0,3.988,-0.79,3.15052,7209,2737,0,-
15:35:47.730,snap,default,com.coloros.note,charging,1,43.3,56.4,85,95,1,20.88,1.06,1.18,0,4,-0.944,3.776,7209,2737,0,-
15:35:48.731,snap,default,com.coloros.note,charging,1,43.3,56.4,85,95,1,20.88,1.06,1.18,0,4.001,-0.996,3.9849958,6472,2253,0,-
15:35:49.731,snap,default,com.coloros.note,charging,1,43.3,56.4,85,95,1,18.54,0.86,0.97,4,4.001,-0.996,3.9849958,6472,2253,0,-
15:35:50.732,snap,default,com.coloros.note,charging,1,43.3,56.4,85,95,1,18.54,0.86,0.97,4,3.994,-0.836,3.338984,8630,3866,0,-
15:35:51.734,snap,default,com.coloros.note,charging,1,43.3,56.4,85,95,1,18.54,0.86,0.97,0,3.979,-0.754,3.0001662,8630,3866,0,-
15:35:52.734,snap,default,com.coloros.note,charging,1,43.3,54.8,85,95,1,17.18,1.07,0.79,0,3.993,-0.96,3.8332798,7718,2319,0,-
15:35:53.735,snap,default,com.coloros.note,charging,1,43.3,54,85,95,1,15.33,0.87,0.65,0,3.996,-0.99,3.9560401,7718,2319,0,-
15:35:54.735,snap,default,com.coloros.note,charging,1,43.3,54,85,95,1,15.33,0.87,0.65,0,4.001,-0.996,3.9849958,4529,1374,0,-
15:35:55.735,snap,default,com.coloros.note,charging,1,43.3,53.6,85,95,1,13.82,0.72,0.53,0,4.001,-1.016,4.0650163,4529,1374,0,-
15:35:56.736,snap,default,com.coloros.note,charging,1,43.3,54,85,95,1,13.82,0.72,0.53,0,4.003,-1.026,4.107078,4794,1615,0,-
15:35:57.737,snap,default,com.coloros.note,charging,1,43.3,53.2,85,95,1,12.77,0.58,0.43,0,3.998,-0.986,3.9420278,4794,1615,0,-
15:35:58.738,snap,default,com.coloros.note,charging,1,43.3,53.2,85,95,1,12.77,0.58,0.43,0,4.003,-0.972,3.8909159,4616,1548,0,-
15:35:59.739,snap,default,com.coloros.note,charging,1,43.3,52.8,85,95,1,11.54,0.48,0.35,0,4.004,-1.034,4.1401362,4616,1548,0,-
15:36:00.740,snap,default,com.coloros.note,charging,1,43.3,53.2,85,95,1,11.54,0.48,0.35,0,4.004,-1.032,4.132128,4074,1384,0,-
15:36:01.742,snap,default,com.coloros.note,charging,1,43.3,53.6,85,95,1,11.26,0.39,0.29,0,3.995,-0.876,3.49962,4074,1384,0,-
15:36:02.742,snap,default,com.coloros.note,charging,1,43.3,53.6,85,95,1,11.26,0.39,0.29,0,3.997,-0.942,3.765174,8767,4295,0,-
15:36:03.744,snap,default,com.coloros.note,charging,1,43.2,53.6,85,95,1,11.57,0.32,0.23,0,4.003,-0.92,3.6827598,8767,4295,0,-
15:36:04.745,snap,default,com.coloros.note,charging,1,43.2,52.8,85,95,1,11.57,0.32,0.23,0,4.001,-1.016,4.0650163,5859,2248,0,-
15:36:05.747,snap,default,com.coloros.note,charging,1,43.2,52.8,85,95,1,10.56,0.26,0.19,0,4.002,-1.016,4.066032,5859,2248,0,-
15:36:06.748,snap,default,com.coloros.note,charging,1,43.2,52.8,85,95,1,10.56,0.26,0.19,0,4.002,-1.044,4.178088,3810,1202,0,-
15:36:07.749,snap,default,com.coloros.note,charging,1,43.2,52.4,85,95,1,9.92,0.21,0.16,0,4.003,-1.012,4.0510354,3810,1202,0,-
15:36:08.749,snap,default,com.coloros.note,charging,1,43.2,52.8,85,95,1,9.92,0.21,0.16,0,4.002,-1.038,4.1540756,3628,1030,0,-
15:36:09.749,snap,default,com.coloros.note,charging,1,43.2,52.8,85,95,1,9.39,0.17,0.13,0,4.003,-0.942,3.7708256,3628,1030,0,-
15:36:10.750,snap,default,com.coloros.note,charging,1,43.2,52.8,85,95,1,9.39,0.17,0.13,0,4.002,-0.978,3.9139557,5163,1689,0,-
15:36:11.751,snap,default,com.coloros.note,charging,1,43.2,52.4,85,95,1,8.95,0.14,0.1,0,4.002,-0.98,3.9219599,5163,1689,0,-
15:36:12.751,snap,default,com.coloros.note,charging,1,43.2,52.4,85,95,1,8.95,0.14,0.1,0,4.003,-0.996,3.9869878,5163,1689,0,-
15:36:13.752,snap,default,com.coloros.note,charging,1,43.2,52.1,85,95,1,8.6,0.11,0.08,0,4.003,-0.984,3.938952,3893,1192,0,-
15:36:14.752,snap,default,com.coloros.note,charging,1,43.2,52.1,85,95,1,8.6,0.11,0.08,0,4.003,-1.004,4.0190115,3893,1192,0,-
15:36:15.753,snap,default,com.coloros.note,charging,1,43.2,52.1,85,95,1,8.13,0.09,0.07,0,4.003,-0.98,3.9229398,3210,931,0,-
15:36:16.754,snap,default,com.coloros.note,charging,1,43.2,52.1,85,95,1,8.13,0.09,0.07,0,4.004,-0.988,3.9559522,3210,931,0,-
15:36:17.755,snap,default,com.coloros.note,charging,1,43.2,52.1,85,95,1,8.1,0.07,0.05,0,4.005,-0.998,3.9969902,3620,1280,0,-
15:36:18.755,snap,default,com.coloros.note,charging,1,43.1,52.1,85,95,1,8.1,0.07,0.05,0,4.003,-0.98,3.9229398,3620,1280,0,-
15:36:19.756,snap,default,com.coloros.note,charging,1,43.1,51.7,85,95,1,7.9,0.06,0.04,0,4.004,-0.99,3.9639602,3616,1166,0,-
15:36:20.756,snap,default,com.coloros.note,charging,1,43.1,51.7,85,95,1,7.9,0.06,0.04,0,4.004,-0.99,3.9639602,3616,1166,0,-
15:36:21.757,snap,default,com.coloros.note,charging,1,43.1,51.7,85,95,1,7.9,0.06,0.04,0,4.003,-0.98,3.9229398,4864,1534,0,-
15:36:22.757,snap,default,com.coloros.note,charging,1,43.1,52.4,85,95,1,7.92,0.05,0.03,0,3.993,-0.806,3.218358,4864,1534,0,-
15:36:23.757,snap,default,com.coloros.note,charging,1,43.1,53.2,85,95,1,7.92,0.05,0.03,0,3.991,-0.804,3.208764,9244,2238,0,-
15:36:24.758,snap,default,com.coloros.note,charging,1,43.1,53.2,85,95,1,18.26,0.22,3.29,0,3.988,-0.66,2.63208,9244,2238,0,-
15:36:25.760,snap,default,com.coloros.note,charging,1,43.1,53.2,85,95,1,18.26,0.22,3.29,0,4,-0.916,3.664,7688,1593,0,-
15:36:26.761,snap,default,com.coloros.note,charging,1,43.1,52.4,85,95,1,21.47,0.18,3.6,2,4.003,-0.92,3.6827598,7688,1593,0,-
15:36:27.761,snap,default,com.coloros.note,charging,1,43.1,52.4,85,95,1,18.85,0.14,2.94,0,4.003,-0.976,3.9069278,5582,1981,0,-
15:36:28.762,snap,default,com.coloros.note,charging,1,43.1,53.2,85,95,1,18.85,0.14,2.94,0,3.989,-0.828,3.3028922,5582,1981,0,-
15:36:29.762,snap,default,com.coloros.note,charging,1,43.1,54,85,95,1,18.15,0.12,2.41,0,3.997,-0.816,3.2615519,12730,5578,0,-
15:36:30.763,snap,default,com.coloros.note,charging,1,43.1,54.4,85,95,1,18.15,0.12,2.41,0,3.994,-0.792,3.163248,12730,5578,0,-
15:36:31.763,snap,default,com.coloros.note,charging,1,43.1,54.4,85,95,1,17.22,0.1,1.97,0,3.982,-0.654,2.604228,13185,6646,0,-
15:36:32.763,snap,default,com.coloros.note,charging,1,43.1,54.4,85,95,1,17.22,0.1,1.97,0,4.003,-0.78,3.1223397,13185,6646,0,-
15:36:33.764,snap,default,com.coloros.note,charging,1,43.1,54,85,95,1,15.36,0.08,1.61,0,4.005,-0.932,3.73266,5043,1581,0,-
15:36:34.764,snap,default,com.coloros.note,charging,1,43.1,52.4,85,95,1,15.36,0.08,1.61,0,4.007,-1.048,4.199336,5043,1581,0,-
15:36:35.781,snap,default,com.coloros.note,charging,1,43.1,52.1,85,95,1,14.39,0.06,1.32,0,4.007,-1.032,4.135224,6210,2278,0,-
15:36:36.782,snap,default,com.coloros.note,charging,1,43.1,52.1,85,95,1,14.39,0.06,1.32,0,4.007,-1.024,4.103168,6210,2278,0,-
15:36:37.783,snap,default,com.coloros.note,charging,1,43.1,52.4,85,95,1,13.59,0.05,1.08,0,4.008,-1.038,4.160304,5054,1458,0,-
15:36:38.783,snap,default,com.coloros.note,charging,1,43.1,52.4,85,95,1,13.59,0.05,1.08,0,4,-0.924,3.696,5054,1458,0,-
15:36:39.784,snap,default,com.coloros.note,charging,1,43.1,52.4,85,95,1,13.3,0.04,0.88,0,4.004,-0.97,3.8838804,5054,1458,0,-
15:36:40.785,snap,default,com.coloros.note,charging,1,43,52.1,85,95,1,13.3,0.04,0.88,0,4.009,-1.016,4.073144,8992,3969,0,-
15:36:41.785,snap,default,com.coloros.note,charging,1,43,52.1,85,95,1,12.7,0.03,0.72,0,4.005,-0.966,3.8688302,8992,3969,0,-
15:36:42.786,snap,default,com.coloros.note,charging,1,43,52.1,85,95,1,12.7,0.03,0.72,0,4.005,-1.028,4.1171403,5313,1756,0,-
15:36:43.787,snap,default,com.coloros.note,charging,1,43,51.7,85,95,1,11.67,0.02,0.59,0,4.006,-1.06,4.24636,5313,1756,0,-
15:36:44.787,snap,default,com.coloros.note,charging,1,43,51.3,85,95,1,11.67,0.02,0.59,0,4.007,-0.952,3.8146641,4907,1467,0,-
15:36:45.788,snap,default,com.coloros.note,charging,1,43,51.3,85,95,1,11,0.02,0.48,0,3.941,0.37,1.45817,4907,1467,0,-
15:36:46.790,snap,default,com.coloros.note,charging,1,43,51.3,85,95,1,11,0.02,0.48,0,3.98,-0.086,0.34228,5679,1961,0,-
15:36:47.791,snap,default,com.coloros.note,charging,1,43,51.3,85,95,1,10.64,0.01,0.39,0,4.005,-0.984,3.94092,5679,1961,0,-
15:36:48.792,snap,default,com.coloros.note,charging,1,43,50.9,85,95,1,10.64,0.01,0.39,0,4.006,-1.022,4.094132,6040,2044,0,-
15:36:49.792,snap,default,com.coloros.note,charging,1,43,50.9,85,95,1,10.52,0.01,0.32,0,4.046,-1.34,5.42164,6040,2044,0,-
15:36:50.794,snap,default,com.coloros.note,charging,1,43,50.9,85,95,1,10.52,0.01,0.32,0,4.052,-2.01,8.14452,5356,1851,0,-
15:36:51.796,snap,default,com.coloros.note,charging,1,43,50.9,85,95,1,10.25,0.01,0.26,0,4.054,-2.014,8.164756,5356,1851,0,-
15:36:52.797,snap,default,com.coloros.note,charging,1,43,50.9,85,95,1,10.25,0.01,0.26,0,4.071,-2.294,9.338874,5410,2013,0,-
15:36:53.797,snap,default,com.coloros.note,charging,1,43,50.9,85,95,1,10.02,0,0.21,0,4.07,-2.194,8.929581,5410,2013,0,-
15:36:54.798,snap,default,com.coloros.note,charging,1,43,51.3,85,95,1,10.02,0,0.21,0,4.07,-2.194,8.929581,5784,2157,0,-
15:36:55.798,snap,default,com.coloros.note,charging,1,43,51.3,85,95,1,10.02,0,0.21,0,4.061,-2.038,8.276319,5784,2157,0,-
15:36:56.799,snap,default,com.coloros.note,charging,1,43,51.3,85,95,1,9.65,0,0.17,0,4.059,-2.2,8.9298,5431,1911,0,-
15:36:57.800,snap,default,com.coloros.note,charging,1,43,50.5,85,95,1,9.65,0,0.17,0,4.059,-2.316,9.400644,5431,1911,0,-
15:36:58.800,snap,default,com.coloros.note,charging,1,43,50.5,85,95,1,9.35,0,0.14,0,4.079,-2.332,9.512228,5146,1687,0,-
15:36:59.801,snap,default,com.coloros.note,charging,1,43,50.5,85,95,1,9.35,0,0.14,0,4.064,-2.296,9.330944,5146,1687,0,-
15:37:00.801,snap,default,com.coloros.note,charging,1,43,50.5,85,95,1,9.29,0,0.11,0,4.078,-2.254,9.191812,5922,2142,0,-
15:37:01.801,snap,default,com.coloros.note,charging,1,43,50.9,85,95,1,9.42,0,0.09,0,4.075,-2.164,8.818299,5922,2142,0,-
15:37:02.802,snap,default,com.coloros.note,charging,1,43,50.9,85,95,1,9.42,0,0.09,0,4.077,-2.156,8.790012,5495,1875,0,-
15:37:03.802,snap,default,com.coloros.note,charging,1,43,50.5,85,95,1,8.98,0,0.07,0,4.072,-2.32,9.44704,5495,1875,0,-
15:37:04.803,snap,default,com.coloros.note,charging,1,42.9,50.5,85,95,1,8.98,0,0.07,0,4.077,-1.938,7.901226,4106,1437,0,-
15:37:05.803,snap,default,com.coloros.note,charging,1,42.9,50.5,85,95,1,8.8,0,0.06,0,3.969,0.006,0.023814,4106,1437,0,-
15:37:06.804,snap,default,com.coloros.note,charging,1,42.9,50.5,85,95,1,8.8,0,0.06,0,3.967,0,0,4106,1437,0,-
15:37:07.805,snap,default,com.coloros.note,charging,1,42.9,49.7,85,95,1,8.29,0,0.05,0,3.965,0,0,3857,1248,0,-
15:37:08.805,snap,default,com.coloros.note,charging,1,42.9,49.7,85,95,1,8.29,0,0.05,0,3.964,0,0,3857,1248,0,-
15:37:09.807,snap,default,com.coloros.note,charging,1,42.9,49.7,85,95,1,8.06,0,0.04,0,3.999,-0.422,1.687578,3452,1019,0,-
15:37:10.807,snap,default,com.coloros.note,charging,1,42.9,49.7,85,95,1,8.06,0,0.04,0,4.016,-1.072,4.305152,3452,1019,0,-
15:37:11.807,snap,default,com.coloros.note,charging,1,42.9,49.7,85,95,1,8.04,0,0.03,0,4.012,-1.006,4.0360723,4154,1509,0,-
15:37:12.808,snap,default,com.coloros.note,charging,1,42.9,49.7,85,95,1,8.04,0,0.03,0,4.012,-1.058,4.244696,4154,1509,0,-
15:37:13.810,snap,default,com.coloros.note,charging,1,42.9,49.7,85,95,1,7.85,0,0.02,0,4.014,-1.074,4.311036,3601,1080,0,-
15:37:14.811,snap,default,com.coloros.note,charging,1,42.9,49.7,85,95,1,7.85,0,0.02,0,4.013,-0.836,3.3548682,3601,1080,0,-
15:37:15.811,snap,default,com.coloros.note,charging,1,42.9,49.7,85,95,1,7.52,0,0.02,0,3.945,0.366,1.44387,3218,978,0,-
15:37:16.811,snap,default,com.coloros.note,charging,1,42.9,49.7,85,95,1,7.52,0,0.02,0,3.993,-0.178,0.71075404,3218,978,0,-
15:37:17.812,snap,default,com.coloros.note,charging,1,42.8,49.7,85,95,1,7.42,0,0.01,0,4.009,-0.988,3.9608917,3899,1413,0,-
15:37:18.813,snap,default,com.coloros.note,charging,1,42.8,50.1,85,95,1,7.42,0,0.01,0,4.011,-1,4.011,3899,1413,0,-
15:37:19.815,snap,default,com.coloros.note,charging,1,42.8,50.1,85,95,1,6.98,0,0.01,0,4.007,-0.93,3.72651,3929,1228,0,-
15:37:20.817,snap,default,com.coloros.note,charging,1,42.8,50.1,85,95,1,6.98,0,0.01,0,4.009,-0.99,3.96891,3929,1228,0,-
15:37:21.817,snap,default,com.coloros.note,charging,1,42.8,50.1,85,95,1,6.62,0,0.37,0,3.999,-0.802,3.207198,7775,2845,0,-
15:37:22.817,snap,default,com.coloros.note,charging,1,42.8,51.3,85,95,1,6.62,0,0.37,0,4.102,-2.65,10.870301,7775,2845,0,-
15:37:23.818,snap,default,com.coloros.note,charging,1,42.8,51.7,85,95,1,8.68,0,0.3,0,4.197,-4.952,20.783545,11259,5167,0,-
15:37:24.818,snap,default,com.coloros.note,charging,1,42.8,52.1,85,95,1,8.68,0,0.3,0,4.249,-6.816,28.961184,11259,5167,0,-
15:37:25.819,snap,default,com.coloros.note,charging,1,42.8,52.1,85,95,1,10.01,0,0.25,0,4.249,-6.816,28.961184,13782,5774,0,-
15:37:26.820,snap,default,com.coloros.note,charging,1,42.8,52.1,85,95,1,10.01,0,0.25,0,4.265,-7.224,30.810358,13782,5774,0,-
15:37:27.820,snap,default,com.coloros.note,charging,1,42.8,52.1,85,95,1,10.01,0,0.25,0,4.273,-7.164,30.61177,10744,4679,0,-
15:37:28.820,snap,default,com.coloros.note,charging,1,42.8,52.1,85,95,1,10,0,0.2,0,4.275,-7.182,30.70305,10744,4679,0,-
15:37:29.821,snap,default,com.coloros.note,charging,1,42.8,51.3,85,95,1,10,0,0.2,0,4.271,-7.316,31.246635,3989,1372,0,-
15:37:30.822,snap,default,com.coloros.note,charging,1,42.8,50.9,85,95,1,10,0,0.16,0,4.287,-7.4,31.723803,3989,1372,0,-
15:37:31.823,snap,default,com.coloros.note,charging,1,42.8,50.9,85,95,1,10,0,0.16,0,4.289,-7.354,31.541307,3344,1129,0,-
15:37:32.824,snap,default,com.coloros.note,charging,1,42.8,50.5,85,95,1,9.28,0,0.13,0,4.29,-7.352,31.540081,3344,1129,0,-
15:37:33.826,snap,default,com.coloros.note,charging,1,42.8,50.1,85,95,1,8.5,0,0.11,0,4.291,-7.318,31.401537,3344,1129,0,-
15:37:34.827,snap,default,com.coloros.note,charging,1,42.8,50.1,85,95,1,8.5,0,0.11,0,4.295,-7.388,31.73146,3865,1297,0,-
15:37:35.827,snap,default,com.coloros.note,charging,1,42.8,50.1,85,95,1,8.23,0,0.09,0,4.296,-7.396,31.773216,3865,1297,0,-
15:37:36.827,snap,default,com.coloros.note,charging,1,42.8,50.1,85,95,1,8.23,0,0.09,0,4.309,-7.53,32.44677,3589,1260,0,-
15:37:37.828,snap,default,com.coloros.note,charging,1,42.8,51.7,85,95,1,11.45,0,0.07,0,4.293,-7.254,31.141424,3589,1260,0,-
15:37:38.828,snap,default,com.coloros.note,charging,1,42.8,51.7,85,95,1,11.45,0,0.07,2,4.31,-7.39,31.850899,7086,2072,0,-
15:37:39.829,snap,default,com.coloros.note,charging,1,42.9,51.7,85,95,1,15.17,0.18,0.06,0,4.301,-7.316,31.466116,7086,2072,0,-
15:37:40.829,snap,default,com.coloros.note,charging,1,42.9,51.7,85,95,1,15.17,0.18,0.06,0,4.302,-7.432,31.972466,6031,1397,0,-
15:37:41.830,snap,default,com.coloros.note,charging,1,42.9,51.3,85,95,1,17.13,0.14,0.04,0,4.307,-7.482,32.224976,6031,1397,0,-
15:37:42.831,snap,default,com.coloros.note,charging,1,42.9,51.3,85,95,1,17.13,0.14,0.04,0,4.303,-7.45,32.05735,4399,1090,0,-
15:37:43.832,snap,default,com.coloros.note,charging,1,42.9,50.9,85,95,1,18.01,0.12,0.04,0,4.315,-7.504,32.37976,4399,1090,0,-
15:37:44.832,snap,default,com.coloros.note,charging,1,43,50.9,85,95,1,18.01,0.12,0.04,0,4.317,-7.524,32.48111,4438,851,0,-
15:37:45.833,snap,default,com.coloros.note,charging,1,43,50.9,85,95,1,22.36,0.09,0.03,0,4.318,-7.47,32.25546,4438,851,0,-
15:37:46.833,snap,default,com.coloros.note,charging,1,43,50.9,85,95,1,22.36,0.09,0.03,0,4.319,-7.492,32.35795,4387,964,0,-
15:37:47.833,snap,default,com.coloros.note,charging,1,43,50.9,85,95,1,23.74,0.26,0.02,0,4.288,-7.136,30.599169,4387,964,0,-
15:37:48.835,snap,default,com.coloros.note,charging,1,43,50.9,85,95,1,23.74,0.26,0.02,14,4.272,-6.23,26.61456,29826,13678,0,-
15:37:49.836,snap,default,com.coloros.note,charging,1,43,53.9,85,95,1,28.86,0.39,0.02,18,4.261,-5.844,24.901285,29826,13678,0,-
15:37:50.836,snap,default,com.taobao.idlefish,charging,1,43,56.9,85,95,1,28.86,0.39,0.02,0,4.293,-7.026,30.16262,26423,12295,0,-
15:37:51.836,snap,default,com.taobao.idlefish,charging,1,43,59.9,85,95,1,27.8,0.68,0.01,0,4.29,-6.758,28.99182,26423,12295,0,-
15:37:52.836,snap,default,com.taobao.idlefish,charging,1,43,58,85,95,1,27.8,0.68,0.01,0,4.316,-7.29,31.46364,12877,3667,0,-
15:37:53.836,snap,default,com.taobao.idlefish,charging,1,43,55.6,85,95,1,23.67,0.56,0.01,0,4.306,-7.396,31.847178,12877,3667,0,-
15:37:54.836,snap,default,com.taobao.idlefish,charging,1,43.1,55.6,85,95,1,23.67,0.56,0.01,29,4.299,-7.114,30.583084,13474,4963,0,-
15:37:55.837,snap,default,com.taobao.idlefish,charging,1,43.1,55.2,85,95,1,22.1,0.64,0.01,0,4.261,-6.204,26.435246,13474,4963,0,-
15:37:56.837,snap,default,com.taobao.idlefish,charging,1,43.1,54.8,85,95,1,22.1,0.64,0.01,0,4.261,-6.204,26.435246,10112,3956,0,-
15:37:57.837,snap,default,com.taobao.idlefish,charging,1,43.1,54,85,95,1,22.1,0.64,0.01,0,4.245,-5.464,23.194681,10112,3956,0,-
15:37:58.837,snap,default,com.taobao.idlefish,charging,1,43.1,52.8,85,95,1,19.54,0.52,0,0,4.233,-5.43,22.985188,6405,2134,0,-
15:37:59.838,snap,default,com.taobao.idlefish,charging,1,43.1,52.4,85,95,1,19.54,0.52,0,0,4.238,-5.47,23.181858,6405,2134,0,-
15:38:00.838,snap,default,com.taobao.idlefish,charging,1,43.2,52.8,85,95,1,17.45,0.43,0,0,4.247,-5.446,23.129164,6405,2134,0,-
15:38:01.838,snap,default,com.taobao.idlefish,charging,1,43.2,53.2,85,95,1,17.45,0.43,0,0,4.229,-5.208,22.024633,11478,4382,0,-
15:38:02.838,snap,default,com.taobao.idlefish,charging,1,43.2,53.2,85,95,1,15.92,0.53,0,0,4.246,-5.378,22.834986,11478,4382,0,-
15:38:03.838,snap,default,com.taobao.idlefish,charging,1,43.2,52.8,85,95,1,15.92,0.53,0,0,4.24,-5.416,22.963839,7384,2546,0,-
15:38:04.839,snap,default,com.taobao.idlefish,charging,1,43.2,52.4,85,95,1,14.3,0.43,0,15,4.243,-5.46,23.16678,7384,2546,0,-
15:38:05.839,snap,default,com.taobao.idlefish,charging,1,43.3,52.4,85,95,1,14.3,0.43,0,15,4.245,-5.5,23.3475,6928,2449,0,-
15:38:06.839,snap,default,com.taobao.idlefish,charging,1,43.3,52.4,85,95,1,13.16,0.35,0,0,4.247,-5.45,23.14615,6928,2449,0,-
15:38:07.839,snap,default,com.taobao.idlefish,charging,1,43.3,51.7,85,95,1,12.22,0.29,0,0,4.238,-5.462,23.147955,6906,2368,0,-
15:38:08.839,snap,default,com.taobao.idlefish,charging,1,43.3,50.9,85,95,1,12.22,0.29,0,0,4.247,-5.422,23.027235,6906,2368,0,-
15:38:09.839,snap,default,com.taobao.idlefish,charging,1,43.3,50.9,85,95,1,11.82,0.23,0,0,4.245,-5.456,23.160719,7109,2704,0,-
15:38:10.840,snap,default,com.taobao.idlefish,charging,1,43.3,51.3,85,95,1,11.82,0.23,0,10,4.249,-5.468,23.233532,7109,2704,0,-
15:38:11.840,snap,default,com.taobao.idlefish,charging,1,43.3,51.3,85,95,1,11.13,0.19,0,0,4.248,-5.402,22.947697,6875,2701,0,-
15:38:12.840,snap,default,com.taobao.idlefish,charging,1,43.3,51.3,85,95,1,11.13,0.19,0,0,4.249,-5.482,23.293018,6875,2701,0,-
15:38:13.841,snap,default,com.taobao.idlefish,charging,1,43.3,51.3,85,95,1,10.56,0.16,0,0,4.235,-5.422,22.96217,6439,2313,0,-
15:38:14.841,snap,default,com.taobao.idlefish,charging,1,43.3,51.3,85,95,1,10.56,0.16,0,0,4.243,-5.446,23.107378,6439,2313,0,-
15:38:15.841,snap,default,com.taobao.idlefish,charging,1,43.3,51.3,85,95,1,10.09,0.13,0,0,4.234,-5.378,22.770452,7825,2962,0,-
15:38:16.842,snap,default,com.taobao.idlefish,charging,1,43.3,51.3,85,95,1,10.09,0.13,0,0,4.245,-5.312,22.549438,7825,2962,0,-
15:38:17.842,snap,default,com.taobao.idlefish,charging,1,43.3,51.3,85,95,1,9.89,0.1,0,0,4.246,-5.416,22.996334,7902,3093,0,-
15:38:18.842,snap,default,com.taobao.idlefish,charging,1,43.3,51.3,85,95,1,9.89,0.1,0,0,4.242,-5.44,23.07648,7902,3093,0,-
15:38:19.842,snap,default,com.taobao.idlefish,charging,1,43.3,50.9,85,95,1,9.55,0.08,0,0,4.249,-5.458,23.191044,6654,2383,0,-
15:38:20.843,snap,default,com.taobao.idlefish,charging,1,43.3,50.9,85,95,1,9.55,0.08,0,0,4.249,-5.412,22.995588,6654,2383,0,-
15:38:21.843,snap,default,com.taobao.idlefish,charging,1,43.3,50.5,85,95,1,9.27,0.07,0,0,4.251,-5.42,23.04042,7604,2867,0,-
15:38:22.843,snap,default,com.taobao.idlefish,charging,1,43.3,50.9,85,95,1,9.27,0.07,0,0,4.251,-5.392,22.921392,7604,2867,0,-
15:38:23.843,snap,default,com.taobao.idlefish,charging,1,43.3,51.3,85,95,1,9.04,0.05,0,20,4.247,-5.302,22.517595,7675,2951,0,-
15:38:24.843,snap,default,com.taobao.idlefish,charging,1,43.3,51.3,85,95,1,9.04,0.05,0,20,4.205,-4.734,19.906471,7675,2951,0,-
15:38:25.848,snap,default,com.taobao.idlefish,charging,1,43.3,51.3,85,95,1,14.1,0.04,0.9,73,4.157,-3.152,13.102864,7675,2951,0,-
15:38:26.847,snap,default,com.taobao.idlefish,charging,1,43.3,51.3,85,95,1,14.1,0.04,0.9,79,4.185,-3.414,14.28759,28330,16157,0,-
15:38:27.847,snap,default,com.taobao.idlefish,charging,1,43.3,51.3,85,95,1,16.98,0.03,0.92,20,4.247,-5.33,22.63651,28330,16157,0,-
15:38:28.848,snap,default,com.taobao.idlefish,charging,1,43.3,54.3,85,95,1,16.98,0.03,0.92,20,4.247,-5.33,22.63651,16426,8390,0,-
15:38:29.849,snap,default,com.taobao.idlefish,charging,1,43.3,57.3,85,95,1,16.98,0.03,0.92,20,4.249,-5.37,22.81713,16426,8390,0,-
15:38:30.849,snap,default,com.taobao.idlefish,charging,1,43.3,57.6,85,95,1,15.53,0.03,0.75,13,4.219,-5.108,21.55065,8425,3583,0,-
15:38:31.850,snap,default,com.taobao.idlefish,charging,1,43.3,56,85,95,1,15.53,0.03,0.75,0,4.247,-5.344,22.695969,8425,3583,0,-
15:38:32.851,snap,default,com.taobao.idlefish,charging,1,43.4,54,85,95,1,14.53,0.02,0.61,0,4.251,-5.432,23.091433,8058,3153,0,-
15:38:33.851,snap,default,com.taobao.idlefish,charging,1,43.4,54,85,95,1,14.53,0.02,0.61,0,4.251,-5.44,23.12544,8058,3153,0,-
15:38:34.851,snap,default,com.taobao.idlefish,charging,1,43.4,54,85,95,1,13.35,0.02,0.5,14,4.251,-5.432,23.091433,8567,3793,0,-
15:38:35.852,snap,default,com.taobao.idlefish,charging,1,43.4,54,85,95,1,13.35,0.02,0.5,14,4.245,-5.066,21.505169,8567,3793,0,-
15:38:36.853,snap,default,com.taobao.idlefish,charging,1,43.4,53.2,85,95,1,13.1,0.01,0.41,0,4.253,-5.382,22.889645,8837,4223,0,-
15:38:37.853,snap,default,com.taobao.idlefish,charging,1,43.4,52.8,85,95,1,13.1,0.01,0.41,0,4.254,-5.446,23.167286,8837,4223,0,-
15:38:38.853,snap,default,com.taobao.idlefish,charging,1,43.4,52.4,85,95,1,12.18,0.01,0.33,0,4.254,-5.456,23.209824,6191,1988,0,-
15:38:39.854,snap,default,com.taobao.idlefish,charging,1,43.4,52.4,85,95,1,11.24,0.01,0.27,0,4.253,-5.394,22.940681,6191,1988,0,-
15:38:40.854,snap,default,com.taobao.idlefish,charging,1,43.4,52.1,85,95,1,11.24,0.01,0.27,0,4.254,-5.428,23.090714,6051,2007,0,-
15:38:41.855,snap,default,com.taobao.idlefish,charging,1,43.4,52.1,85,95,1,10.65,0,0.22,0,4.255,-5.356,22.78978,6051,2007,0,-
15:38:42.855,snap,default,com.taobao.idlefish,charging,1,43.4,51.7,85,95,1,10.65,0,0.22,0,4.256,-5.426,23.093058,6780,2419,0,-
15:38:43.855,snap,default,com.taobao.idlefish,charging,1,43.4,51.7,85,95,1,10.17,0,0.18,0,4.256,-5.416,23.050495,6780,2419,0,-
15:38:44.856,snap,default,com.taobao.idlefish,charging,1,43.4,51.7,85,95,1,10.17,0,0.18,0,4.258,-5.426,23.103909,6180,2292,0,-
15:38:45.856,snap,default,com.taobao.idlefish,charging,1,43.4,51.3,85,95,1,9.59,0,0.15,0,4.255,-5.382,22.90041,6180,2292,0,-
15:38:46.856,snap,default,com.taobao.idlefish,charging,1,43.4,51.7,85,95,1,9.59,0,0.15,0,4.257,-5.41,23.030369,6613,2353,0,-
15:38:47.857,snap,default,com.taobao.idlefish,charging,1,43.4,51.3,85,95,1,9.48,0,0.12,0,4.256,-5.392,22.948353,6613,2353,0,-
15:38:48.857,snap,default,com.taobao.idlefish,charging,1,43.4,51.7,85,95,1,9.48,0,0.12,0,4.258,-5.33,22.695139,9757,3612,0,-
15:38:49.857,snap,default,com.taobao.idlefish,charging,1,43.5,52.1,85,95,1,9.76,0,0.1,0,4.255,-5.142,21.879211,9757,3612,0,-
15:38:50.857,snap,default,com.taobao.idlefish,charging,1,43.5,52.1,85,95,1,9.76,0,0.1,0,4.258,-5.382,22.916555,7212,2597,0,-
15:38:51.858,snap,default,com.taobao.idlefish,charging,1,43.5,52.1,85,95,1,9.62,0,0.08,0,4.259,-5.372,22.879349,7212,2597,0,-
15:38:52.858,snap,default,com.taobao.idlefish,charging,1,43.5,52.1,85,95,1,9.62,0,0.08,0,4.245,-5.174,21.963629,7212,2597,0,-
15:38:53.860,snap,default,com.taobao.idlefish,charging,1,43.5,53.2,85,95,1,9.87,0,0.06,27,4.242,-4.932,20.921545,9247,3817,0,-
15:38:54.861,snap,default,com.taobao.idlefish,charging,1,43.5,56.2,85,95,1,9.87,0,0.06,51,4.242,-4.714,19.99679,9247,3817,0,-
15:38:55.861,snap,default,com.taobao.idlefish,charging,1,43.5,57.2,85,95,1,10.98,0,0.05,51,4.257,-5.26,22.39182,19436,10982,0,-
15:38:56.862,snap,default,com.taobao.idlefish,charging,1,43.5,54.4,85,95,1,10.98,0,0.05,0,4.259,-5.336,22.726023,19436,10982,0,-
15:38:57.862,snap,default,com.taobao.idlefish,charging,1,43.5,53.2,85,95,1,10.62,0,0.04,0,4.259,-5.336,22.726023,6122,2193,0,-
15:38:58.863,snap,default,com.taobao.idlefish,charging,1,43.5,52.8,85,95,1,10.62,0,0.04,0,4.261,-5.354,22.813395,6122,2193,0,-
15:38:59.863,snap,default,com.taobao.idlefish,charging,1,43.5,52.4,85,95,1,10.14,0,0.03,0,4.261,-5.348,22.787828,5509,1912,0,-
15:39:00.863,snap,default,com.taobao.idlefish,charging,1,43.5,52.1,85,95,1,10.14,0,0.03,0,4.261,-5.348,22.787828,5509,1912,0,-
15:39:01.863,snap,default,com.taobao.idlefish,charging,1,43.5,51.7,85,95,1,9.94,0,0.02,0,4.261,-5.348,22.787828,5491,2118,0,-
15:39:02.864,snap,default,com.taobao.idlefish,charging,1,43.5,51.7,85,95,1,9.94,0,0.02,0,4.262,-5.36,22.84432,5491,2118,0,-
15:39:03.864,snap,default,com.taobao.idlefish,charging,1,43.5,51.7,85,95,1,9.94,0,0.02,0,4.262,-5.354,22.818748,4616,1331,0,-
15:39:04.865,snap,default,com.taobao.idlefish,charging,1,43.5,51.7,85,95,1,9.58,0,0.02,0,4.262,-5.354,22.818748,4616,1331,0,-
15:39:05.866,snap,default,com.taobao.idlefish,charging,1,43.5,51.3,85,95,1,9.58,0,0.02,0,4.262,-5.34,22.75908,4951,1564,0,-
15:39:06.866,snap,default,com.taobao.idlefish,charging,1,43.5,51.7,85,95,1,9.3,0,0.01,0,4.262,-5.342,22.767605,4951,1564,0,-
15:39:07.866,snap,default,com.taobao.idlefish,charging,1,43.5,51.3,85,95,1,9.3,0,0.01,0,4.261,-5.314,22.642956,5543,2045,0,-
15:39:08.866,snap,default,com.taobao.idlefish,charging,1,43.5,51.7,85,95,1,9.06,0,0.01,0,4.267,-5.5,23.468502,5543,2045,0,-
15:39:09.866,snap,default,com.taobao.idlefish,charging,1,43.5,51.3,85,95,1,9.06,0,0.01,0,4.271,-5.646,24.114065,6159,2169,0,-
15:39:10.867,snap,default,com.taobao.idlefish,charging,1,43.5,50.9,85,95,1,8.87,0,0.01,0,4.271,-5.614,23.977392,6159,2169,0,-
15:39:11.868,snap,default,com.taobao.idlefish,charging,1,43.5,50.9,85,95,1,8.87,0,0.01,0,4.268,-5.56,23.73008,6455,2298,0,-
15:39:12.868,snap,default,com.taobao.idlefish,charging,1,43.5,50.9,85,95,1,8.89,0,0.01,0,4.267,-5.632,24.031746,6455,2298,0,-
15:39:13.868,snap,default,com.taobao.idlefish,charging,1,43.5,50.5,85,95,1,8.55,0,0,0,4.28,-5.656,24.207682,4673,1344,0,-
15:39:14.868,snap,default,com.taobao.idlefish,charging,1,43.5,50.5,85,95,1,8.55,0,0,0,4.283,-5.624,24.087593,4673,1344,0,-
15:39:15.869,snap,default,com.taobao.idlefish,charging,1,43.5,50.5,85,95,1,8.81,0,0,0,4.273,-5.348,22.852003,7500,2749,0,-
15:39:16.869,snap,default,com.taobao.idlefish,charging,1,43.5,51.3,85,95,1,8.81,0,0,0,4.268,-5.472,23.354498,7500,2749,0,-
15:39:17.870,snap,default,com.taobao.idlefish,charging,1,43.5,50.5,85,95,1,8.84,0,0,0,4.271,-5.534,23.635714,7500,2749,0,-
15:39:18.870,snap,default,com.taobao.idlefish,charging,1,43.5,50.9,85,95,1,8.84,0,0,0,4.271,-5.618,23.994478,5086,1567,0,-
15:39:19.871,snap,default,com.taobao.idlefish,charging,1,43.5,50.5,85,95,1,8.69,0,0,0,4.284,-5.588,23.938992,5086,1567,0,-
15:39:20.871,snap,default,com.taobao.idlefish,charging,1,43.6,50.5,85,95,1,8.69,0,0,0,4.284,-5.624,24.093216,5875,1967,0,-
15:39:21.871,snap,default,com.taobao.idlefish,charging,1,43.6,50.5,85,95,1,8.56,0,0,0,4.282,-5.518,23.628077,5875,1967,0,-
15:39:22.872,snap,default,com.taobao.idlefish,charging,1,43.6,51.3,85,95,1,8.56,0,0,0,4.27,-5.414,23.11778,7793,3146,0,-
15:39:23.872,snap,default,com.taobao.idlefish,charging,1,43.6,51.3,85,95,1,9.55,0,0,0,4.278,-5.388,23.049864,7793,3146,0,-
15:39:24.872,snap,default,com.taobao.idlefish,charging,1,43.6,50.5,85,95,1,9.55,0,0,0,4.281,-5.416,23.185896,7933,3112,0,-
15:39:25.873,snap,default,com.taobao.idlefish,charging,1,43.6,50.5,85,95,1,9.99,0,0,0,4.285,-5.496,23.550358,7933,3112,0,-
15:39:26.883,snap,default,com.taobao.idlefish,charging,1,43.6,50.9,85,95,1,9.99,0,0,0,4.278,-5.556,23.768568,6106,2110,0,-
15:39:27.883,snap,default,com.taobao.idlefish,charging,1,43.6,52.1,85,95,1,9.63,0,0,0,4.284,-5.486,23.502024,6106,2110,0,-
15:39:28.887,snap,default,com.taobao.idlefish,charging,1,43.6,52.1,85,95,1,9.63,0,0,39,4.234,-4.49,19.01066,12651,6998,0,-
15:39:29.884,snap,default,com.taobao.idlefish,charging,1,43.6,52.1,85,95,1,14.41,0,0,67,4.178,-3.142,13.127275,12651,6998,0,-
15:39:30.887,snap,default,com.taobao.idlefish,charging,1,43.6,52.1,85,95,1,14.41,0,0,78,4.176,-3.038,12.686688,32069,19398,0,-
15:39:31.885,snap,default,com.taobao.idlefish,charging,1,43.6,52.1,85,95,1,16.87,0,0.36,65,4.228,-4.438,18.763866,32069,19398,0,-
15:39:32.886,snap,default,com.taobao.idlefish,charging,1,43.6,52.1,85,95,1,16.87,0,0.36,56,4.228,-4.438,18.763866,22022,13409,0,-
15:39:33.886,snap,default,com.taobao.idlefish,charging,1,43.6,55.1,85,95,1,16.87,0,0.36,56,4.252,-4.83,20.537159,22022,13409,0,-
15:39:34.886,snap,default,com.taobao.idlefish,charging,1,43.6,58,85,95,1,16.53,0,0.29,0,4.267,-5.368,22.905256,6609,2523,0,-
15:39:35.887,snap,default,com.taobao.idlefish,charging,1,43.6,57.2,85,95,1,16.53,0,0.29,0,4.269,-5.38,22.96722,6609,2523,0,-
15:39:36.887,snap,default,com.taobao.idlefish,charging,1,43.6,54.8,85,95,1,14.98,0,0.24,0,4.282,-5.578,23.884996,5284,1751,0,-
15:39:37.887,snap,default,com.taobao.idlefish,charging,1,43.6,54,85,95,1,14.98,0,0.24,0,4.274,-5.414,23.139437,5284,1751,0,-
15:39:38.888,snap,default,com.taobao.idlefish,charging,1,43.6,53.2,85,95,1,13.72,0,0.19,0,4.283,-5.57,23.85631,5876,2028,0,-
15:39:39.888,snap,default,com.taobao.idlefish,charging,1,43.6,52.8,85,95,1,13.72,0,0.19,0,4.288,-5.51,23.62688,5876,2028,0,-
15:39:40.889,snap,default,com.taobao.idlefish,charging,1,43.6,53.2,85,95,1,12.86,0,0.16,0,4.282,-5.432,23.259825,6770,2572,0,-
15:39:41.890,snap,default,com.taobao.idlefish,charging,1,43.6,52.4,85,95,1,12.86,0,0.16,0,4.285,-5.46,23.3961,6770,2572,0,-
15:39:42.890,snap,default,com.taobao.idlefish,charging,1,43.6,52.8,85,95,1,12.34,0,0.13,0,4.274,-5.432,23.21637,6952,2377,0,-
15:39:43.891,snap,default,com.taobao.idlefish,charging,1,43.6,52.4,85,95,1,12.34,0,0.13,0,4.285,-5.392,23.10472,6952,2377,0,-
15:39:44.891,snap,default,com.taobao.idlefish,charging,1,43.6,52.1,85,95,1,11.73,0,0.1,0,4.279,-5.532,23.671427,6952,2377,0,-
15:39:45.892,snap,default,com.taobao.idlefish,charging,1,43.6,51.7,85,95,1,11.73,0,0.1,0,4.289,-5.478,23.495142,6084,2036,0,-
15:39:46.892,snap,default,com.taobao.idlefish,charging,1,43.6,51.7,85,95,1,10.88,0,0.08,0,4.278,-5.506,23.554668,6084,2036,0,-
15:39:47.892,snap,default,com.taobao.idlefish,charging,1,43.6,51.7,85,95,1,10.17,0,0.25,0,4.289,-5.452,23.383629,5987,1935,0,-
15:39:48.892,snap,default,com.taobao.idlefish,charging,1,43.6,51.7,85,95,1,10.17,0,0.25,0,4.283,-5.478,23.462275,5987,1935,0,-
15:39:49.893,snap,default,com.taobao.idlefish,charging,1,43.6,51.7,85,95,1,10.14,0,0.2,0,4.284,-5.356,22.945103,7340,2599,0,-
15:39:50.893,snap,default,com.taobao.idlefish,charging,1,43.6,51.7,85,95,1,10.14,0,0.2,0,4.283,-5.504,23.573633,7340,2599,0,-
15:39:51.893,snap,default,com.taobao.idlefish,charging,1,43.6,51.7,85,95,1,9.57,0,0.16,0,4.29,-5.408,23.20032,5639,1971,0,-
15:39:52.894,snap,default,com.taobao.idlefish,charging,1,43.7,52.1,85,95,1,9.57,0,0.16,0,4.28,-5.438,23.274643,5639,1971,0,-
15:39:53.894,snap,default,com.taobao.idlefish,charging,1,43.7,52.1,85,95,1,9.47,0,0.13,0,4.292,-5.432,23.314144,6918,2662,0,-
15:39:54.895,snap,default,com.taobao.idlefish,charging,1,43.7,52.1,85,95,1,9.47,0,0.13,0,4.287,-5.432,23.286985,6918,2662,0,-
15:39:55.895,snap,default,com.taobao.idlefish,charging,1,43.7,51.7,85,95,1,8.66,0,0.11,0,4.289,-5.454,23.392206,5476,1598,0,-
15:39:56.895,snap,default,com.taobao.idlefish,charging,1,43.7,51.7,85,95,1,8.66,0,0.11,0,4.294,-5.446,23.385126,5476,1598,0,-
15:39:57.895,snap,default,com.taobao.idlefish,charging,1,43.7,51.7,85,95,1,8.54,0,0.09,0,4.278,-5.47,23.400658,5691,1853,0,-
15:39:58.896,snap,default,com.taobao.idlefish,charging,1,43.7,51.7,85,95,1,8.54,0,0.09,0,4.295,-5.422,23.28749,5691,1853,0,-
15:39:59.896,snap,default,com.taobao.idlefish,charging,1,43.7,50.9,85,95,1,8.44,0,0.07,0,4.283,-5.462,23.393745,4856,1397,0,-
15:40:00.897,snap,default,com.taobao.idlefish,charging,1,43.7,50.9,85,95,1,8.44,0,0.07,0,4.295,-5.398,23.18441,4856,1397,0,-
15:40:01.897,snap,default,com.taobao.idlefish,charging,1,43.7,51.3,85,95,1,8.54,0,0.06,0,4.288,-5.404,23.172352,6127,2217,0,-
15:40:02.898,snap,default,com.taobao.idlefish,charging,1,43.7,52.1,85,95,1,8.54,0,0.06,0,4.291,-5.4,23.1714,6127,2217,0,-
15:40:03.898,snap,default,com.taobao.idlefish,charging,1,43.7,51.3,85,95,1,8.44,0,0.05,0,4.285,-5.436,23.293259,6866,2583,0,-
15:40:04.899,snap,default,com.taobao.idlefish,charging,1,43.7,51.3,85,95,1,8.44,0,0.05,0,4.285,-5.436,23.293259,6866,2583,0,-
15:40:05.899,snap,default,com.taobao.idlefish,charging,1,43.7,50.9,85,95,1,8.44,0,0.05,0,4.295,-5.382,23.11569,5709,1832,0,-
15:40:06.900,snap,default,com.taobao.idlefish,charging,1,43.7,50.9,85,95,1,8.36,0,0.04,0,4.293,-5.446,23.379679,5709,1832,0,-
15:40:07.900,snap,default,com.taobao.idlefish,charging,1,43.7,50.1,85,95,1,8.36,0,0.04,0,4.28,-5.47,23.4116,4664,1339,0,-
15:40:08.900,snap,default,com.taobao.idlefish,charging,1,43.7,50.1,85,95,1,8.11,0,0.03,0,4.297,-5.488,23.581936,4664,1339,0,-
15:40:09.901,snap,default,com.taobao.idlefish,charging,1,43.7,50.1,85,95,1,8.11,0,0.03,0,4.295,-5.398,23.18441,5318,1702,0,-
15:40:10.902,snap,default,com.taobao.idlefish,charging,1,43.7,50.5,85,95,1,8.09,0,0.02,0,4.298,-5.458,23.458485,5318,1702,0,-
15:40:11.902,snap,default,com.taobao.idlefish,charging,1,43.7,50.1,85,95,1,8.09,0,0.02,0,4.297,-5.39,23.16083,5318,1702,0,-
15:40:12.903,snap,default,com.taobao.idlefish,charging,1,43.7,50.5,85,95,1,8.07,0,0.02,0,4.297,-5.408,23.238176,5319,1632,0,-
15:40:13.904,snap,default,com.taobao.idlefish,charging,1,43.7,50.5,85,95,1,8.07,0,0.02,0,4.298,-5.398,23.200602,5319,1632,0,-
15:40:14.904,snap,default,com.taobao.idlefish,charging,1,43.7,50.5,85,95,1,7.88,0,0.01,0,4.299,-5.416,23.283382,5227,1645,0,-
15:40:15.904,snap,default,com.taobao.idlefish,charging,1,43.7,50.5,85,95,1,7.88,0,0.01,0,4.302,-5.508,23.695415,5227,1645,0,-
15:40:16.905,snap,default,com.taobao.idlefish,charging,1,43.7,50.5,85,95,1,7.72,0,0.01,0,4.304,-5.612,24.154047,6029,2091,0,-
15:40:17.905,snap,default,com.taobao.idlefish,charging,1,43.7,50.1,85,95,1,7.72,0,0.01,0,4.304,-5.608,24.136831,6029,2091,0,-
15:40:18.906,snap,default,com.taobao.idlefish,charging,1,43.7,50.5,85,95,1,7.77,0,0.01,0,4.303,-5.612,24.148436,4875,1516,0,-
15:40:19.906,snap,default,com.taobao.idlefish,charging,1,43.8,50.5,85,95,1,8.35,0,0,0,4.299,-5.458,23.463942,4875,1516,0,-
15:40:20.906,snap,default,com.taobao.idlefish,charging,1,43.8,50.9,85,95,1,8.35,0,0,14,4.299,-5.294,22.758905,9360,3985,0,-
15:40:21.907,snap,default,com.taobao.idlefish,charging,1,43.8,50.9,85,95,1,8.65,0,0,0,4.3,-5.336,22.944801,9360,3985,0,-
15:40:22.907,snap,default,com.taobao.idlefish,charging,1,43.8,51.3,85,95,1,8.65,0,0,0,4.301,-5.378,23.130777,8427,3455,0,-
15:40:23.908,snap,default,com.taobao.idlefish,charging,1,43.8,54.3,85,95,1,9.98,0,0,49,4.27,-4.836,20.64972,8427,3455,0,-
15:40:24.908,snap,default,com.taobao.idlefish,charging,1,43.8,57.3,85,95,1,9.98,0,0,63,4.263,-4.486,19.123817,32531,20903,0,-
15:40:25.908,snap,default,com.taobao.idlefish,charging,1,43.7,60.3,85,95,1,12.7,0,0,62,4.268,-4.636,19.78645,32531,20903,0,-
15:40:26.911,snap,default,com.taobao.idlefish,charging,1,43.7,62.7,85,95,1,12.7,0,0,65,4.268,-4.662,19.897417,26338,17200,0,-
15:40:27.909,snap,default,com.taobao.idlefish,charging,1,43.7,62.7,85,95,1,14.2,0,0,65,4.283,-4.856,20.798248,26338,17200,0,-
15:40:28.909,snap,default,com.taobao.idlefish,charging,1,43.7,62.7,85,95,1,14.2,0,0,64,4.271,-4.956,21.167074,25015,16443,0,-
15:40:29.909,snap,default,com.taobao.idlefish,charging,1,43.7,59.7,85,95,1,14.53,0,0,64,4.3,-5.19,22.317001,25015,16443,0,-
15:40:30.909,snap,default,com.taobao.idlefish,charging,1,43.8,56.7,85,95,1,14.53,0,0,0,4.299,-5.308,22.819092,8567,3481,0,-
15:40:31.910,snap,default,com.taobao.idlefish,charging,1,43.8,55.6,85,95,1,13.35,0,0,0,4.303,-5.446,23.434137,8567,3481,0,-
15:40:32.910,snap,default,com.taobao.idlefish,charging,1,43.8,54,85,95,1,13.35,0,0,0,4.3,-5.404,23.2372,5507,1677,0,-
15:40:33.911,snap,default,com.taobao.idlefish,charging,1,43.8,53.2,85,95,1,12.19,0,0,0,4.304,-5.454,23.474016,5507,1677,0,-
15:40:34.911,snap,default,com.taobao.idlefish,charging,1,43.8,52.8,85,95,1,12.19,0,0,0,4.305,-5.466,23.53113,5135,1570,0,-
15:40:35.911,snap,default,com.taobao.idlefish,charging,1,43.8,52.1,85,95,1,11.25,0,0,0,4.303,-5.412,23.287836,5135,1570,0,-
15:40:36.911,snap,default,com.taobao.idlefish,charging,1,43.8,52.1,85,95,1,11.25,0,0,0,4.303,-5.412,23.287836,5135,1570,0,-
15:40:37.912,snap,default,com.taobao.idlefish,charging,1,43.8,52.1,85,95,1,11.25,0,0,0,4.306,-5.452,23.476315,5389,1825,0,-
15:40:38.912,snap,default,com.taobao.idlefish,charging,1,43.8,51.3,85,95,1,10.66,0,0,0,4.305,-5.444,23.436419,5389,1825,0,-
15:40:39.913,snap,default,com.taobao.idlefish,charging,1,43.8,51.3,85,95,1,10.66,0,0,0,4.306,-5.44,23.42464,5089,1576,0,-
15:40:40.913,snap,default,com.taobao.idlefish,charging,1,43.8,51.3,85,95,1,10.18,0,0,0,4.304,-5.418,23.319073,5089,1576,0,-
15:40:41.913,snap,default,com.taobao.idlefish,charging,1,43.9,50.9,85,95,1,10.18,0,0,0,4.304,-5.376,23.138304,5749,1999,0,-
15:40:42.914,snap,default,com.taobao.idlefish,charging,1,43.9,51.3,85,95,1,9.96,0,0,0,4.306,-5.394,23.226566,5749,1999,0,-
15:40:43.914,snap,default,com.taobao.idlefish,charging,1,43.9,51.3,85,95,1,9.96,0,0,0,4.303,-5.354,23.038261,5430,1748,0,-
15:40:44.915,snap,default,com.taobao.idlefish,charging,1,43.9,51.3,85,95,1,9.79,0,0,0,4.305,-5.354,23.04897,5430,1748,0,-
15:40:45.915,snap,default,com.taobao.idlefish,charging,1,43.9,51.3,85,95,1,9.79,0,0,0,4.305,-5.338,22.98009,5293,1640,0,-
15:40:46.914,snap,default,com.taobao.idlefish,charging,1,43.9,51.3,85,95,1,9.46,0,0,0,4.307,-5.382,23.180275,5293,1640,0,-
15:40:47.915,snap,default,com.taobao.idlefish,charging,1,43.9,50.9,85,95,1,9.46,0,0,0,4.306,-5.366,23.105997,5559,1886,0,-
15:40:48.915,snap,default,com.taobao.idlefish,charging,1,43.9,52.1,85,95,1,9.38,0,0,0,4.308,-5.38,23.17704,5559,1886,0,-
15:40:49.916,snap,default,com.taobao.idlefish,charging,1,43.9,51.3,85,95,1,9.38,0,0,0,4.305,-5.25,22.60125,6771,2224,0,-
15:40:50.916,snap,default,com.taobao.idlefish,charging,1,43.9,51.7,85,95,1,9.31,0,0,0,4.307,-5.34,22.999382,6771,2224,0,-
15:40:51.916,snap,default,com.taobao.idlefish,charging,1,43.9,51.7,85,95,1,9.31,0,0,0,4.307,-5.278,22.732346,5784,1823,0,-
15:40:52.916,snap,default,com.taobao.idlefish,charging,1,43.9,54,85,95,1,9.07,0,0,32,4.265,-4.63,19.74695,5784,1823,0,-
15:40:53.917,snap,default,com.taobao.idlefish,charging,1,43.9,54,85,95,1,10.32,0,0,32,4.299,-5.124,22.028074,13352,7135,0,-
15:40:54.917,snap,default,com.taobao.idlefish,charging,1,43.9,54,85,95,1,10.32,0,0,41,4.305,-5.104,21.97272,13352,7135,0,-
15:40:55.917,snap,default,com.taobao.idlefish,charging,1,43.9,54,85,95,1,13.89,0,0,80,4.223,-3.266,13.792318,25648,15498,0,-
15:40:56.917,snap,default,com.taobao.idlefish,charging,1,43.9,54,85,95,1,13.89,0,0,75,4.225,-3.228,13.638299,25648,15498,0,-
15:40:57.918,snap,default,com.taobao.idlefish,charging,1,43.9,54,85,95,1,17.35,0,0,75,4.28,-3.998,17.11144,27093,15080,0,-
15:40:58.918,snap,default,com.taobao.idlefish,charging,1,43.9,54,85,95,1,17.35,0,0,66,4.298,-4.738,20.363922,27093,15080,0,-
15:40:59.920,snap,default,com.taobao.idlefish,charging,1,43.9,54,85,95,1,18.73,0,0,62,4.245,-3.992,16.94604,26968,16733,0,-
15:41:00.920,snap,default,com.taobao.idlefish,charging,1,43.9,54,85,95,1,18.73,0,0,79,4.228,-3.182,13.453496,26968,16733,0,-
15:41:01.920,snap,default,com.taobao.idlefish,charging,1,43.9,54,85,95,1,20.77,0,0,71,4.234,-3.33,14.09922,28995,18460,0,-
15:41:02.922,snap,default,com.taobao.idlefish,charging,1,43.9,54,85,95,1,20.77,0,0,80,4.227,-3.378,14.278807,28995,18460,0,-
15:41:03.922,snap,default,com.taobao.idlefish,charging,1,44,54,85,95,1,21.72,0,0,75,4.23,-3.274,13.84902,28995,18460,0,-
15:41:04.922,snap,default,com.taobao.idlefish,charging,1,44,54,85,95,1,21.72,0,0,75,4.289,-4.35,18.65715,30061,18524,0,-
15:41:05.923,snap,default,com.taobao.idlefish,charging,1,44,54,85,95,1,21.41,0,0,0,4.284,-5.142,22.028328,30061,18524,0,-
15:41:06.923,snap,default,com.taobao.idlefish,charging,1,44,54,85,95,1,21.41,0,0,28,4.284,-4.894,20.965897,12308,5849,0,-
15:41:07.924,snap,default,com.taobao.idlefish,charging,1,44,54,85,95,1,23.51,0,0.18,28,4.294,-4.908,21.074953,12308,5849,0,-
15:41:08.924,snap,default,com.taobao.idlefish,charging,1,44,54,85,95,1,23.51,0,0.18,28,4.294,-4.908,21.074953,16244,7638,0,-
15:41:09.925,snap,default,com.taobao.idlefish,charging,1,44,54,85,95,1,23.51,0,0.18,26,4.279,-4.664,19.957254,16244,7638,0,-
15:41:10.930,snap,default,com.taobao.idlefish,charging,1,44,54,85,95,1,30.48,0,0.87,62,4.24,-3.53,14.967199,33035,17317,0,-
15:41:11.926,snap,default,com.taobao.idlefish,charging,1,44,54,85,95,1,30.48,0,0.87,80,4.218,-3.196,13.480728,33035,17317,0,-
15:41:12.926,snap,default,com.taobao.idlefish,charging,1,44,54,85,95,1,35.46,0,0.71,68,4.233,-3.53,14.94249,27457,14259,0,-
15:41:13.927,snap,default,com.taobao.idlefish,charging,1,44,54,85,95,1,35.46,0,0.71,65,4.311,-4.846,20.891106,27457,14259,0,-
15:41:14.927,snap,default,com.taobao.idlefish,charging,1,44,57,85,95,1,31.76,0,0.58,0,4.311,-5.434,23.425974,9790,4699,0,-
15:41:15.927,snap,default,com.taobao.idlefish,charging,1,44,60,85,95,1,31.76,0,0.58,0,4.318,-5.4,23.3172,9790,4699,0,-
15:41:16.927,snap,default,com.taobao.idlefish,charging,1,44,59.9,85,95,1,27.81,0,0.47,0,4.316,-5.442,23.48767,6984,2647,0,-
15:41:17.929,snap,default,com.taobao.idlefish,charging,1,44,59.9,85,95,1,27.81,0,0.47,12,4.311,-5.446,23.477705,6984,2647,0,-
15:41:18.929,snap,default,com.taobao.idlefish,charging,1,44,59.9,85,95,1,26.22,0,0.57,78,4.246,-4.022,17.07741,27484,15657,0,-
15:41:19.929,snap,default,com.taobao.idlefish,charging,1,44,59.9,85,95,1,26.22,0,0.57,76,4.242,-3.514,14.906388,27484,15657,0,-
15:41:20.929,snap,default,com.taobao.idlefish,charging,1,44.1,59.9,85,95,1,27.81,0,0.46,76,4.278,-4.044,17.300232,24129,14684,0,-
15:41:21.929,snap,default,com.taobao.idlefish,charging,1,44.1,62.9,85,95,1,27.81,0,0.46,58,4.302,-4.918,21.157238,24129,14684,0,-
15:41:22.930,snap,default,com.taobao.idlefish,charging,1,44.1,63.9,85,95,1,25.12,0,0.38,23,4.287,-4.92,21.092041,15964,9115,0,-
15:41:23.930,snap,default,com.taobao.idlefish,charging,1,44.1,63.5,85,95,1,25.12,0,0.38,23,4.295,-4.668,20.04906,15964,9115,0,-
15:41:24.931,snap,default,com.taobao.idlefish,charging,1,44.1,61.5,85,95,1,23.83,0,0.31,0,4.309,-5.198,22.398182,11311,5716,0,-
15:41:25.931,snap,default,com.taobao.idlefish,charging,1,44.1,59.9,85,95,1,23.83,0,0.31,0,4.312,-5.232,22.560383,11311,5716,0,-
15:41:26.932,snap,default,com.taobao.idlefish,charging,1,44.1,59.9,85,95,1,21.14,0,0.25,0,4.313,-5.256,22.669128,5778,1892,0,-
15:41:27.932,snap,default,com.taobao.idlefish,charging,1,44.1,57.6,85,95,1,18.76,0,0.2,0,4.313,-5.264,22.703632,5778,1892,0,-
15:41:28.932,snap,default,com.taobao.idlefish,charging,1,44.1,56.4,85,95,1,18.76,0,0.2,0,4.316,-5.392,23.271873,5416,1623,0,-
15:41:29.933,snap,default,com.taobao.idlefish,charging,1,44.1,56.4,85,95,1,16.81,0,0.17,0,4.314,-5.332,23.002247,5416,1623,0,-
15:41:30.934,snap,default,com.taobao.idlefish,charging,1,44.1,56.4,85,95,1,16.81,0,0.17,0,4.332,-5.57,24.12924,5416,1623,0,-
15:41:31.933,snap,default,com.taobao.idlefish,charging,1,44.1,56.8,85,95,1,15.39,0,0.14,0,4.312,-5.23,22.55176,7649,2862,0,-
15:41:32.934,snap,default,com.taobao.idlefish,charging,1,44.1,56.8,85,95,1,15.39,0,0.14,0,4.316,-5.29,22.83164,7649,2862,0,-
15:41:33.934,snap,default,com.taobao.idlefish,charging,1,44.1,55.6,85,95,1,13.87,0,0.11,0,4.328,-5.556,24.04637,5789,1764,0,-
15:41:34.935,snap,default,com.taobao.idlefish,charging,1,44.1,54.8,85,95,1,13.87,0,0.11,0,4.33,-5.424,23.485918,5789,1764,0,-
15:41:35.935,snap,default,com.taobao.idlefish,charging,1,44.1,54.4,85,95,1,12.99,0,0.09,0,4.326,-5.512,23.844913,5403,1745,0,-
15:41:36.935,snap,default,com.taobao.idlefish,charging,1,44.1,54.4,85,95,1,12.99,0,0.09,0,4.334,-5.554,24.071035,5403,1745,0,-
15:41:37.936,snap,default,com.taobao.idlefish,charging,1,44.1,54,85,95,1,12.27,0,0.07,0,4.322,-5.57,24.073542,6941,2568,0,-
15:41:38.936,snap,default,com.taobao.idlefish,charging,1,44.1,54,85,95,1,12.27,0,0.07,0,4.335,-5.526,23.95521,6941,2568,0,-
15:41:39.936,snap,default,com.taobao.idlefish,charging,1,44.1,54,85,95,1,11.67,0,0.06,0,4.335,-5.526,23.95521,6853,2554,0,-
15:41:40.937,snap,default,com.taobao.idlefish,charging,1,44.1,54,85,95,1,11.67,0,0.06,0,4.32,-5.474,23.64768,6853,2554,0,-
15:41:41.937,snap,default,com.taobao.idlefish,charging,1,44.1,53.2,85,95,1,11.67,0,0.06,0,4.322,-5.474,23.658628,5944,2031,0,-
15:41:42.938,snap,default,com.taobao.idlefish,charging,1,44.1,53.6,85,95,1,11.01,0,0.05,0,4.321,-5.446,23.532167,5944,2031,0,-
15:41:43.938,snap,default,com.taobao.idlefish,charging,1,44.1,53.2,85,95,1,11.01,0,0.05,0,4.327,-5.504,23.81581,5436,1800,0,-
15:41:44.938,snap,default,com.taobao.idlefish,charging,1,44.1,53.2,85,95,1,10.46,0,0.04,0,4.337,-5.512,23.905544,5436,1800,0,-
15:41:45.938,snap,default,com.taobao.idlefish,charging,1,44.1,52.8,85,95,1,10.46,0,0.04,0,4.325,-5.564,24.064299,5205,1648,0,-
15:41:46.939,snap,default,com.taobao.idlefish,charging,1,44.1,52.8,85,95,1,10.01,0,0.03,0,4.322,-5.51,23.81422,5205,1648,0,-
15:41:47.939,snap,default,com.taobao.idlefish,charging,1,44.1,52.8,85,95,1,10.01,0,0.03,0,4.337,-5.5,23.8535,5599,1938,0,-
15:41:48.940,snap,default,com.taobao.idlefish,charging,1,44.1,52.8,85,95,1,9.65,0,0.02,0,4.325,-5.546,23.986448,5599,1938,0,-
15:41:49.940,snap,default,com.taobao.idlefish,charging,1,44.1,52.4,85,95,1,9.65,0,0.02,0,4.328,-5.372,23.250017,6814,2256,0,-
15:41:50.940,snap,default,com.taobao.idlefish,charging,1,44.1,52.8,85,95,1,9.53,0,0.02,0,4.338,-5.498,23.850323,6814,2256,0,-
15:41:51.941,snap,default,com.taobao.idlefish,charging,1,44.1,52.4,85,95,1,9.53,0,0.02,0,4.329,-5.482,23.731577,5406,1843,0,-
15:41:52.941,snap,default,com.taobao.idlefish,charging,1,44.1,52.8,85,95,1,9.43,0,0.01,0,4.339,-5.496,23.847145,5406,1843,0,-
15:41:54.040,snap,default,com.taobao.idlefish,charging,1,44,53.2,85,95,1,9.43,0,0.01,0,4.327,-5.51,23.841772,5406,1843,0,-
15:41:55.040,snap,default,com.taobao.idlefish,charging,1,44,56.2,85,95,1,10.44,0,0.01,8,4.307,-4.714,20.3032,12009,5330,0,-
15:41:56.040,snap,default,com.taobao.idlefish,charging,1,44,59.2,85,95,1,10.44,0,0.01,25,4.296,-4.526,19.443697,27717,13270,0,-
15:41:57.040,snap,default,com.android.launcher,charging,1,44,59.9,85,95,1,18.33,0.18,0.01,61,4.306,-4.572,19.687033,27717,13270,0,-
15:41:58.040,snap,default,com.android.launcher,charging,1,44,62.7,85,95,1,18.33,0.18,0.01,19,4.309,-4.872,20.993448,23194,11470,0,-
15:41:59.040,snap,default,com.android.launcher,charging,1,44,64.3,85,95,1,17.91,0.32,0,21,4.303,-4.662,20.060587,23194,11470,0,-
15:42:00.041,snap,default,com.android.launcher,charging,1,44,64.3,85,95,1,23.18,0.26,0.73,17,4.3,-4.366,18.773802,23194,11470,0,-
15:42:01.041,snap,default,com.android.launcher,charging,1,44,64.7,85,95,1,23.18,0.26,0.73,14,4.311,-4.844,20.882483,33516,12041,0,-
15:42:02.041,snap,default,com.android.launcher,charging,1,44,64.3,85,95,1,26.4,0.22,0.59,13,4.311,-4.796,20.675556,33516,12041,0,-
15:42:03.044,snap,default,com.android.launcher,charging,1,44,64.3,85,95,1,26.4,0.22,0.59,14,4.312,-4.888,21.077055,24664,10242,0,-
15:42:04.043,snap,default,com.android.launcher,charging,1,44,63.1,85,95,1,27.42,0.18,0.49,24,4.307,-4.744,20.43241,24664,10242,0,-
15:42:05.043,snap,default,com.android.launcher,charging,1,44,63.1,85,95,1,27.42,0.18,0.49,25,4.312,-4.82,20.78384,31716,12851,0,-
15:42:06.045,snap,default,com.android.launcher,charging,1,44.1,61.5,85,95,1,25.89,0.14,0.4,21,4.313,-5.006,21.59088,31716,12851,0,-
15:42:07.044,snap,default,com.android.launcher,charging,1,44.1,60.7,85,95,1,25.89,0.14,0.4,26,4.338,-5.298,22.982723,21988,10232,0,-
15:42:08.044,snap,default,com.android.launcher,charging,1,44.1,60.7,85,95,1,23.19,0.12,0.32,11,4.314,-5.264,22.708897,21988,10232,0,-
15:42:09.045,snap,default,com.android.launcher,charging,1,44.1,57.7,85,95,1,23.19,0.12,0.32,11,4.337,-5.276,22.882011,9646,4506,0,-
15:42:10.045,snap,default,com.android.launcher,charging,1,44.1,56.8,85,95,1,20.08,0.09,0.26,0,4.329,-5.488,23.757551,9646,4506,0,-
15:42:11.046,snap,default,com.android.launcher,charging,1,44.1,54.8,85,95,1,20.08,0.09,0.26,0,4.329,-5.488,23.757551,6214,2466,0,-
15:42:12.047,snap,default,com.android.launcher,charging,1,44.1,54.4,85,95,1,20.08,0.09,0.26,0,4.338,-5.47,23.728859,6214,2466,0,-
15:42:13.049,snap,default,com.android.launcher,charging,1,44.1,54,85,95,1,17.53,0.08,0.22,0,4.342,-5.49,23.83758,3637,1114,0,-
15:42:14.049,snap,default,com.android.launcher,charging,1,44.1,53.6,85,95,1,17.53,0.08,0.22,0,4.327,-5.468,23.660036,3637,1114,0,-
15:42:15.050,snap,default,com.android.launcher,charging,1,44.1,52.8,85,95,1,15.07,0.06,0.18,0,4.346,-5.48,23.816082,3715,1082,0,-
15:42:16.051,snap,default,com.android.launcher,charging,1,44.1,52.8,85,95,1,15.07,0.06,0.18,0,4.327,-5.478,23.703308,3715,1082,0,-
15:42:17.052,snap,default,com.android.launcher,charging,1,44.1,52.8,85,95,1,13.79,0.05,0.14,0,4.346,-5.476,23.798697,4112,1415,0,-
15:42:18.053,snap,default,com.android.launcher,charging,1,44.1,52.4,85,95,1,13.79,0.05,0.14,0,4.345,-5.5,23.8975,4112,1415,0,-
15:42:19.055,snap,default,com.android.launcher,charging,1,44.1,52.4,85,95,1,12.92,0.04,0.12,0,4.344,-5.454,23.692175,6111,2675,0,-
15:42:20.057,snap,default,com.android.launcher,charging,1,44.1,52.4,85,95,1,12.92,0.04,0.12,0,4.342,-5.47,23.75074,6111,2675,0,-
15:42:21.057,snap,default,com.android.launcher,charging,1,44.1,52.4,85,95,1,11.67,0.03,0.09,0,4.337,-5.478,23.758085,4566,1506,0,-
15:42:22.058,snap,default,com.android.launcher,charging,1,44.1,52.8,85,95,1,11.67,0.03,0.09,0,4.336,-5.374,23.301664,4566,1506,0,-
15:42:23.059,snap,default,com.android.launcher,charging,1,44.1,53.6,85,95,1,12.27,0.02,0.08,0,4.336,-5.43,23.54448,7991,2672,0,-
15:42:24.061,snap,default,com.android.launcher,charging,1,44.1,52.8,85,95,1,12.27,0.02,0.08,0,4.345,-5.388,23.410858,7991,2672,0,-
15:42:25.061,snap,default,com.android.launcher,charging,1,44.1,52.4,85,95,1,10.95,0.02,0.06,0,4.348,-5.442,23.661816,7991,2672,0,-
15:42:26.061,snap,default,com.android.launcher,charging,1,44.1,52.4,85,95,1,10.95,0.02,0.06,0,4.348,-5.436,23.635727,4105,1337,0,-
15:42:27.063,snap,default,com.android.launcher,charging,1,44.1,53.2,85,95,1,10.6,0.01,0.05,0,4.346,-5.486,23.842157,4105,1337,0,-
15:42:28.065,snap,default,com.android.launcher,charging,1,44.1,53.2,85,95,1,10.6,0.01,0.05,0,4.329,-5.404,23.393915,5902,2441,0,-
15:42:29.066,snap,default,com.android.launcher,charging,1,44.1,52.1,85,95,1,10.49,0.01,0.04,0,4.349,-5.448,23.693352,5902,2441,0,-
15:42:30.067,snap,default,com.android.launcher,charging,1,44.1,51.7,85,95,1,9.67,0.01,0.03,0,4.348,-5.514,23.974873,3405,971,0,-
15:42:31.068,snap,default,com.android.launcher,charging,1,44.1,51.7,85,95,1,9.67,0.01,0.03,0,4.35,-5.484,23.8554,3405,971,0,-
15:42:32.068,snap,default,com.android.launcher,charging,1,44.1,51.7,85,95,1,9.37,0,0.02,0,4.349,-5.456,23.728144,3228,926,0,-
15:42:33.068,snap,default,com.android.launcher,charging,1,44.1,52.8,85,95,1,9.37,0,0.02,15,4.334,-5.154,22.337437,3228,926,0,-
15:42:34.068,snap,default,com.android.launcher,charging,1,44.1,55.2,85,95,1,13.65,0,0.02,46,4.303,-4.468,19.225803,19262,10607,0,-
15:42:35.069,snap,default,com.android.launcher,charging,1,44.1,55.2,85,95,1,13.65,0,0.02,46,4.345,-5.14,22.333298,19262,10607,0,-
15:42:36.069,snap,default,com.taobao.idlefish,charging,1,44.1,57.2,85,95,1,13.35,0,0.01,8,4.341,-5.274,22.894436,15222,6731,0,-
15:42:37.069,snap,default,com.taobao.idlefish,charging,1,44.1,56,85,95,1,13.35,0,0.01,8,4.341,-5.14,22.31274,15222,6731,0,-
15:42:38.070,snap,default,com.taobao.idlefish,charging,1,44.1,56,85,95,1,13.47,0,0.01,19,4.342,-5.32,23.099442,19191,8773,0,-
15:42:39.070,snap,default,com.taobao.idlefish,charging,1,44.1,56,85,95,1,13.47,0,0.01,19,4.349,-5.238,22.780062,19191,8773,0,-
15:42:40.071,snap,default,com.taobao.idlefish,charging,1,44.1,54.4,85,95,1,12.84,0,0.01,0,4.351,-5.384,23.425783,13378,5966,0,-
15:42:41.071,snap,default,com.taobao.idlefish,charging,1,44.1,53.6,85,95,1,12.84,0,0.01,0,4.35,-5.382,23.4117,13378,5966,0,-
15:42:42.071,snap,default,com.taobao.idlefish,charging,1,44.1,53.6,85,95,1,11.96,0,0,0,4.338,-5.408,23.459904,6591,2235,0,-
15:42:43.071,snap,default,com.taobao.idlefish,charging,1,44.1,53.6,85,95,1,11.96,0,0,0,4.34,-5.392,23.401281,6591,2235,0,-
15:42:44.072,snap,default,com.taobao.idlefish,charging,1,44.1,52.8,85,95,1,11.24,0,0,0,4.34,-5.392,23.401281,6017,2222,0,-
15:42:45.072,snap,default,com.taobao.idlefish,charging,1,44.1,52.4,85,95,1,11.24,0,0,0,4.35,-5.354,23.2899,6017,2222,0,-
15:42:46.072,snap,default,com.taobao.idlefish,charging,1,44.1,52.4,85,95,1,11.24,0,0,0,4.35,-5.41,23.533499,5111,1560,0,-
15:42:47.072,snap,default,com.taobao.idlefish,charging,1,44.1,52.4,85,95,1,10.65,0,0,0,4.353,-5.4,23.5062,5111,1560,0,-
15:42:48.072,snap,default,com.taobao.idlefish,charging,1,44.1,52.4,85,95,1,10.65,0,0,0,4.341,-5.39,23.39799,9131,3267,0,-
15:42:49.073,snap,default,com.taobao.idlefish,charging,1,44.1,53.2,85,95,1,11.44,0,0,0,4.349,-5.324,23.154076,9131,3267,0,-
15:42:50.073,snap,default,com.taobao.idlefish,charging,1,44.1,53.2,85,95,1,11.44,0,0,0,4.344,-5.284,22.953695,7503,2452,0,-
15:42:51.074,snap,default,com.taobao.idlefish,charging,1,44.1,52.4,85,95,1,10.63,0,0,0,4.354,-5.348,23.285192,7503,2452,0,-
15:42:52.075,snap,default,com.taobao.idlefish,charging,1,44.1,52.4,85,95,1,10.63,0,0,0,4.345,-5.362,23.29789,7503,2452,0,-
15:42:53.075,snap,default,com.taobao.idlefish,charging,1,44.1,52.4,85,95,1,10.52,0,0,0,4.354,-5.37,23.38098,7846,3325,0,-
15:42:54.075,snap,default,com.taobao.idlefish,charging,1,44.1,52.4,85,95,1,10.52,0,0,0,4.346,-5.41,23.51186,7846,3325,0,-
15:42:55.075,snap,default,com.taobao.idlefish,charging,1,44.1,51.7,85,95,1,9.88,0,0,0,4.356,-5.408,23.557247,5615,1844,0,-
15:42:56.076,snap,default,com.taobao.idlefish,charging,1,44.1,51.7,85,95,1,9.88,0,0,0,4.355,-5.408,23.55184,5615,1844,0,-
15:42:57.076,snap,default,com.taobao.idlefish,charging,1,44.1,51.7,85,95,1,9.54,0,0,0,4.357,-5.49,23.919928,5222,1680,0,-
15:42:58.076,snap,default,com.taobao.idlefish,charging,1,44.1,52.8,85,95,1,9.54,0,0,0,4.352,-5.388,23.448578,5222,1680,0,-
15:42:59.077,snap,default,com.taobao.idlefish,charging,1,44.1,52.8,85,95,1,9.26,0,0,0,4.352,-5.278,22.969856,5451,1728,0,-
15:43:00.077,snap,default,com.taobao.idlefish,charging,1,44.1,53.2,85,95,1,9.26,0,0,0,4.356,-5.314,23.147785,5451,1728,0,-
15:43:01.077,snap,default,com.taobao.idlefish,charging,1,44.1,53.2,85,95,1,8.3,0,0,0,4.356,-5.446,23.722776,7746,2576,0,-
15:43:02.078,snap,default,com.taobao.idlefish,charging,1,44.1,52.1,85,95,1,8.3,0,0,0,4.356,-5.448,23.731487,7746,2576,0,-
15:43:03.078,snap,default,com.taobao.idlefish,charging,1,44.1,52.1,85,95,1,8.25,0,0,0,4.358,-5.424,23.63779,5616,1841,0,-
15:43:04.078,snap,default,com.taobao.idlefish,charging,1,44.1,52.4,85,95,1,8.2,0,0,0,4.351,-5.342,23.243042,5616,1841,0,-
15:43:05.078,snap,default,com.taobao.idlefish,charging,1,44.1,52.4,85,95,1,8.2,0,0,0,4.348,-5.298,23.035704,8657,2410,0,-
15:43:06.079,snap,default,com.taobao.idlefish,charging,1,44.1,52.4,85,95,1,9.61,0.18,0.9,0,4.356,-5.368,23.383007,8657,2410,0,-
15:43:07.079,snap,default,com.taobao.idlefish,charging,1,44.1,52.8,85,95,1,9.61,0.18,0.9,0,4.358,-5.4,23.5332,7851,2658,0,-
15:43:08.080,snap,default,com.taobao.idlefish,charging,1,44.1,52.8,85,95,1,9.86,0.14,0.74,11,4.359,-5.32,23.189882,7851,2658,0,-
15:43:09.080,snap,default,com.taobao.idlefish,charging,1,44.1,52.1,85,95,1,9.86,0.14,0.74,0,4.36,-5.438,23.709682,7675,3157,0,-
15:43:10.080,snap,default,com.taobao.idlefish,charging,1,44,51.7,85,95,1,9.89,0.12,0.6,0,4.36,-5.412,23.596321,7675,3157,0,-
15:43:11.081,snap,default,com.taobao.idlefish,charging,1,44,51.7,85,95,1,9.89,0.12,0.6,0,4.359,-5.414,23.599627,7116,2489,0,-
15:43:12.081,snap,default,com.taobao.idlefish,charging,1,44,51.7,85,95,1,9.91,0.09,0.49,0,4.36,-5.43,23.6748,7116,2489,0,-
15:43:13.081,snap,default,com.taobao.idlefish,charging,1,44,52.1,85,95,1,9.91,0.09,0.49,0,4.36,-5.406,23.570162,6392,2028,0,-
15:43:14.082,snap,default,com.taobao.idlefish,charging,1,44,52.1,85,95,1,10.29,0.08,0.4,0,4.358,-5.302,23.106115,6392,2028,0,-
15:43:15.082,snap,default,com.taobao.idlefish,charging,1,44,54.8,85,95,1,10.29,0.08,0.4,45,4.358,-5.302,23.106115,23416,13622,0,-
15:43:16.082,snap,default,com.taobao.idlefish,charging,1,44,57.8,85,95,1,10.29,0.08,0.4,45,4.325,-4.694,20.301548,23416,13622,0,-
15:43:17.082,snap,default,com.taobao.idlefish,charging,1,44,60.8,85,95,1,12.59,0.06,0.33,62,4.343,-4.704,20.429472,24504,16013,0,-
15:43:18.083,snap,default,com.taobao.idlefish,charging,1,44,58.4,85,95,1,12.59,0.06,0.33,60,4.345,-4.85,21.073248,24504,16013,0,-
15:43:19.083,snap,default,com.taobao.idlefish,charging,1,44,55.4,85,95,1,13.21,0.05,0.27,60,4.359,-5.334,23.250908,24504,16013,0,-
15:43:20.083,snap,default,com.taobao.idlefish,charging,1,44,54,85,95,1,13.21,0.05,0.27,0,4.359,-5.334,23.250908,6354,2224,0,-
15:43:21.084,snap,default,com.taobao.idlefish,charging,1,44,53.2,85,95,1,12.26,0.04,0.22,0,4.359,-5.336,23.259624,6354,2224,0,-
15:43:22.085,snap,default,com.taobao.idlefish,charging,1,44,52.8,85,95,1,12.26,0.04,0.22,0,4.359,-5.332,23.242188,6347,2204,0,-
15:43:23.086,snap,default,com.taobao.idlefish,charging,1,44,52.4,85,95,1,11.49,0.03,0.18,0,4.361,-5.354,23.348795,6347,2204,0,-
15:43:24.087,snap,default,com.taobao.idlefish,charging,1,44,52.4,85,95,1,11.49,0.03,0.18,0,4.36,-5.322,23.20392,5664,1674,0,-
15:43:25.087,snap,default,com.taobao.idlefish,charging,1,44,55.4,85,95,1,10.86,0.02,0.14,0,4.333,-4.936,21.387688,5664,1674,0,-
15:43:26.088,snap,default,com.taobao.idlefish,charging,1,44,55.6,85,95,1,10.86,0.02,0.14,53,4.355,-5.046,21.97533,13555,7542,0,-
15:43:27.093,snap,default,com.taobao.idlefish,charging,1,44,55.6,85,95,1,12.33,0.02,0.12,53,4.375,-5.426,23.73875,13555,7542,0,-
15:43:28.088,snap,default,com.taobao.idlefish,charging,1,44,55.6,85,95,1,12.33,0.02,0.12,63,4.303,-4.318,18.580353,19356,10796,0,-
15:43:29.088,snap,default,com.taobao.idlefish,charging,1,44,55.6,85,95,1,15.89,0.01,0.09,78,4.281,-3.128,13.390968,19356,10796,0,-
15:43:30.089,snap,default,com.taobao.idlefish,charging,1,44,55.6,85,95,1,15.89,0.01,0.09,75,4.291,-3.34,14.33194,29334,17443,0,-
15:43:31.092,snap,default,com.taobao.idlefish,charging,1,44,55.6,85,95,1,18.09,0.01,0.08,76,4.273,-3.196,13.6565075,29334,17443,0,-
15:43:32.092,snap,default,com.taobao.idlefish,charging,1,44,55.6,85,95,1,18.09,0.01,0.08,71,4.316,-4.178,18.032248,30155,17708,0,-
15:43:33.092,snap,default,com.taobao.idlefish,charging,1,44,55.6,85,95,1,20.61,0.01,0.06,71,4.358,-5.086,22.164787,30155,17708,0,-
15:43:34.093,snap,default,com.taobao.idlefish,charging,1,44,58.6,85,95,1,20.61,0.01,0.06,31,4.363,-5.254,22.923203,11412,5864,0,-
15:43:35.092,snap,default,com.taobao.idlefish,charging,1,44,61.6,85,95,1,19.23,0,0.05,31,4.361,-5.02,21.89222,11412,5864,0,-
15:43:36.093,snap,default,com.taobao.idlefish,charging,1,44,63.1,85,95,1,19.23,0,0.05,57,4.34,-5.076,22.029842,16500,9518,0,-
15:43:37.093,snap,default,com.taobao.idlefish,charging,1,44,62.3,85,95,1,18.28,0,0.04,0,4.345,-5.086,22.09867,16500,9518,0,-
15:43:38.093,snap,default,com.taobao.idlefish,charging,1,44,61.9,85,95,1,18.28,0,0.03,31,4.333,-4.858,21.049713,16664,9561,0,-
15:43:39.096,snap,default,com.taobao.idlefish,charging,1,44,60.7,85,95,1,18.05,0,0.03,31,4.37,-5.34,23.3358,16664,9561,0,-
15:43:40.096,snap,default,com.taobao.idlefish,charging,1,44,60.7,85,95,1,18.4,0,0.02,42,4.33,-4.796,20.76668,18154,10695,0,-
15:43:41.097,snap,default,com.taobao.idlefish,charging,1,44,60.7,85,95,1,18.4,0,0.02,82,4.29,-3.594,15.418261,18154,10695,0,-
15:43:42.097,snap,default,com.taobao.idlefish,charging,1,44,63.7,85,95,1,21.95,0,0.02,73,4.285,-3.316,14.20906,27448,15664,0,-
15:43:43.097,snap,default,com.taobao.idlefish,charging,1,44,66.7,85,95,1,21.95,0,0.02,0,4.369,-5.24,22.893559,27448,15664,0,-
15:43:44.098,snap,default,com.taobao.idlefish,charging,1,44,65.1,85,95,1,19.96,0,0.01,43,4.346,-4.914,21.356245,27448,15664,0,-
15:43:45.098,snap,default,com.taobao.idlefish,charging,1,44,65.1,85,95,1,19.96,0,0.01,43,4.355,-5,21.775,13578,7327,0,-
15:43:46.098,snap,default,com.taobao.idlefish,charging,1,44,62.1,85,95,1,18.52,0,0.01,0,4.368,-5.364,23.42995,13578,7327,0,-
15:43:47.099,snap,default,com.taobao.idlefish,charging,1,44,59.6,85,95,1,18.52,0,0.01,0,4.359,-5.396,23.521164,8551,3658,0,-
15:43:48.099,snap,default,com.taobao.idlefish,charging,1,44,59.2,85,95,1,16.61,0,0.01,0,4.359,-5.396,23.521164,8551,3658,0,-
15:43:49.099,snap,default,com.taobao.idlefish,charging,1,44,58,85,95,1,16.61,0,0.01,0,4.377,-5.472,23.950943,6797,2457,0,-
15:43:50.100,snap,default,com.taobao.idlefish,charging,1,44,58,85,95,1,16.61,0,0.01,33,4.375,-5.342,23.37125,6797,2457,0,-
15:43:51.101,snap,default,com.taobao.idlefish,charging,1,44,58,85,95,1,15.23,0,0,33,4.373,-5.2,22.7396,15961,8439,0,-
15:43:52.101,snap,default,com.taobao.idlefish,charging,1,44,58,85,95,1,15.23,0,0,69,4.311,-3.984,17.175024,15961,8439,0,-
15:43:53.101,snap,default,com.taobao.idlefish,charging,1,44,58,85,95,1,17.55,0,0,80,4.3,-3.49,15.007001,27139,16822,0,-
15:43:54.103,snap,default,com.taobao.idlefish,charging,1,44,58,85,95,1,17.55,0,0,79,4.297,-3.326,14.2918215,27139,16822,0,-
15:43:55.103,snap,default,com.taobao.idlefish,charging,1,44,58,85,95,1,18.53,0,0,75,4.3,-3.446,14.817801,26868,16348,0,-
15:43:56.103,snap,default,com.taobao.idlefish,charging,1,44,58,85,95,1,18.53,0,0,80,4.292,-3.46,14.85032,26868,16348,0,-
15:43:57.107,snap,default,com.taobao.idlefish,charging,1,44,58,85,95,1,19.34,0,0,77,4.28,-3.232,13.832961,26605,16170,0,-
15:43:58.107,snap,default,com.taobao.idlefish,charging,1,44,58,85,95,1,19.34,0,0,74,4.291,-3.354,14.392014,26605,16170,0,-
15:43:59.108,snap,default,com.taobao.idlefish,charging,1,44,58,85,95,1,23.08,0,0,74,4.323,-3.742,16.176666,25901,14648,0,-
15:44:00.108,snap,default,com.taobao.idlefish,charging,1,44,61,85,95,1,23.08,0,0,30,4.349,-4.878,21.21442,25901,14648,0,-
15:44:01.108,snap,default,com.taobao.idlefish,charging,1,44,61,85,95,1,21.07,0,0,30,4.361,-5.004,21.822445,18072,9928,0,-
15:44:02.115,snap,default,com.taobao.idlefish,charging,1,44,61,85,95,1,21.07,0,0,43,4.31,-4.192,18.06752,18072,9928,0,-
15:44:03.111,snap,default,com.taobao.idlefish,charging,1,44,64,85,95,1,21.24,0,0,74,4.302,-3.92,16.86384,28004,16720,0,-
15:44:04.112,snap,default,com.taobao.idlefish,charging,1,43.9,67,85,95,1,21.24,0,0,74,4.363,-5.01,21.858631,28004,16720,0,-
15:44:05.112,snap,default,com.taobao.idlefish,charging,1,43.9,64.7,85,95,1,20.29,0,0,41,4.375,-5.376,23.52,8164,3226,0,-
15:44:06.112,snap,default,com.taobao.idlefish,charging,1,43.9,62.3,85,95,1,20.29,0,0,0,4.373,-5.304,23.194393,8164,3226,0,-
15:44:07.112,snap,default,com.taobao.idlefish,charging,1,43.9,60.3,85,95,1,18.24,0,0,0,4.373,-5.282,23.098186,7694,2918,0,-
15:44:08.112,snap,default,com.taobao.idlefish,charging,1,43.9,59.9,85,95,1,18.24,0,0,0,4.372,-5.276,23.066673,7694,2918,0,-
15:44:09.113,snap,default,com.taobao.idlefish,charging,1,43.9,58,85,95,1,16.57,0,0,0,4.376,-5.34,23.36784,6949,2815,0,-
15:44:10.113,snap,default,com.taobao.idlefish,charging,1,43.9,58,85,95,1,16.57,0,0,0,4.374,-5.312,23.234688,6949,2815,0,-
15:44:11.114,snap,default,com.taobao.idlefish,charging,1,43.9,57.2,85,95,1,15.2,0,0,0,4.376,-5.328,23.315329,6949,2815,0,-
15:44:12.114,snap,default,com.taobao.idlefish,charging,1,43.9,56.8,85,95,1,13.89,0,0,0,4.377,-5.306,23.224361,6725,2308,0,-
15:44:13.115,snap,default,com.taobao.idlefish,charging,1,43.9,57.2,85,95,1,13.89,0,0,0,4.373,-5.266,23.028217,6725,2308,0,-
15:44:14.115,snap,default,com.taobao.idlefish,charging,1,43.9,55.6,85,95,1,13.19,0,0,0,4.377,-5.236,22.91797,8058,3084,0,-
15:44:15.115,snap,default,com.taobao.idlefish,charging,1,43.9,55.2,85,95,1,13.19,0,0,0,4.378,-5.29,23.159618,8058,3084,0,-
15:44:16.116,snap,default,com.taobao.idlefish,charging,1,43.9,55.2,85,95,1,12.25,0,0,0,4.378,-5.272,23.080814,6441,2110,0,-
15:44:17.116,snap,default,com.taobao.idlefish,charging,1,43.9,54.4,85,95,1,12.25,0,0,21,4.379,-5.284,23.138638,6441,2110,0,-
15:44:18.116,snap,default,com.taobao.idlefish,charging,1,43.9,54.4,85,95,1,11.66,0,0,21,4.379,-5.37,23.51523,6662,2540,0,-
15:44:19.117,snap,default,com.taobao.idlefish,charging,1,43.9,54,85,95,1,11.66,0,0,0,4.38,-5.316,23.28408,6662,2540,0,-
15:44:20.117,snap,default,com.taobao.idlefish,charging,1,43.9,54,85,95,1,11.17,0,0,0,4.38,-5.316,23.28408,6783,2449,0,-
15:44:21.117,snap,default,com.taobao.idlefish,charging,1,43.9,54,85,95,1,11.17,0,0,0,4.383,-5.334,23.378922,6783,2449,0,-
15:44:22.118,snap,default,com.taobao.idlefish,charging,1,43.9,54,85,95,1,11.17,0,0,0,4.382,-5.316,23.294712,6778,2583,0,-
15:44:23.118,snap,default,com.taobao.idlefish,charging,1,43.9,54,85,95,1,10.78,0,0,0,4.383,-5.334,23.378922,6778,2583,0,-
15:44:24.118,snap,default,com.taobao.idlefish,charging,1,43.9,53.2,85,95,1,10.78,0,0,0,4.383,-5.324,23.33509,6600,2505,0,-
15:44:25.119,snap,default,com.taobao.idlefish,charging,1,43.9,53.2,85,95,1,10.46,0,0,0,4.385,-5.328,23.363281,6600,2505,0,-
15:44:26.119,snap,default,com.taobao.idlefish,charging,1,43.9,53.2,85,95,1,10.46,0,0,0,4.384,-5.324,23.340414,6570,2479,0,-
15:44:27.119,snap,default,com.taobao.idlefish,charging,1,43.9,53.2,85,95,1,10.55,0,0,0,4.385,-5.31,23.284351,6570,2479,0,-
15:44:28.120,snap,default,com.taobao.idlefish,charging,1,43.9,52.8,85,95,1,10.55,0,0,0,4.385,-5.352,23.468523,6927,2581,0,-
15:44:29.120,snap,default,com.taobao.idlefish,charging,1,43.9,52.8,85,95,1,10.27,0,0,0,4.386,-5.33,23.37738,6927,2581,0,-
15:44:30.120,snap,default,com.taobao.idlefish,charging,1,43.9,52.8,85,95,1,10.27,0,0,0,4.386,-5.302,23.254574,6451,2348,0,-
15:44:31.122,snap,default,com.taobao.idlefish,charging,1,43.9,53.2,85,95,1,9.86,0,0,22,4.386,-5.342,23.430014,6451,2348,0,-
15:44:32.121,snap,default,com.taobao.idlefish,charging,1,43.9,52.8,85,95,1,9.86,0,0,0,4.386,-5.32,23.33352,6167,2232,0,-
15:44:33.121,snap,default,com.taobao.idlefish,charging,1,43.9,52.4,85,95,1,9.52,0,0,0,4.386,-5.326,23.359838,6167,2232,0,-
15:44:34.122,snap,default,com.taobao.idlefish,charging,1,43.9,52.4,85,95,1,9.52,0,0,0,4.387,-5.318,23.330067,6791,2635,0,-
15:44:35.122,snap,default,com.taobao.idlefish,charging,1,43.9,52.4,85,95,1,9.43,0,0,0,4.388,-5.306,23.282728,6791,2635,0,-
15:44:36.122,snap,default,com.taobao.idlefish,charging,1,43.9,52.8,85,95,1,9.43,0,0,0,4.387,-5.294,23.22478,6516,2269,0,-
15:44:37.123,snap,default,com.taobao.idlefish,charging,1,43.9,52.8,85,95,1,9.17,0,0,0,4.389,-5.392,23.66549,6516,2269,0,-
15:44:38.124,snap,default,com.taobao.idlefish,charging,1,43.9,54.4,85,95,1,9.17,0,0,0,4.385,-5.166,22.65291,6516,2269,0,-
15:44:39.124,snap,default,com.taobao.idlefish,charging,1,43.9,54.4,85,95,1,9.86,0,0,0,4.386,-5.222,22.903694,9389,3346,0,-
15:44:40.124,snap,default,com.taobao.idlefish,charging,1,43.9,54.4,85,95,1,9.86,0,0,14,4.387,-5.228,22.935238,9389,3346,0,-
15:44:41.125,snap,default,com.taobao.idlefish,charging,1,43.9,53.2,85,95,1,8.98,0,0,14,4.388,-5.288,23.203745,6953,2394,0,-
15:44:42.125,snap,default,com.taobao.idlefish,charging,1,43.9,53.2,85,95,1,8.98,0,0,14,4.39,-5.308,23.30212,6953,2394,0,-
15:44:43.126,snap,default,com.taobao.idlefish,charging,1,43.9,52.4,85,95,1,8.98,0,0,14,4.391,-5.388,23.658707,7304,2908,0,-
15:44:44.125,snap,default,com.taobao.idlefish,charging,1,43.9,52.4,85,95,1,8.98,0,0,14,4.389,-5.254,23.059807,7304,2908,0,-
15:44:45.126,snap,default,com.taobao.idlefish,charging,1,43.9,52.4,85,95,1,8.98,0,0,0,4.391,-5.254,23.070314,8331,3194,0,-
15:44:46.126,snap,default,com.taobao.idlefish,charging,1,43.9,52.4,85,95,1,9.17,0,0,0,4.391,-5.262,23.105442,8331,3194,0,-
15:44:47.127,snap,default,com.taobao.idlefish,charging,1,43.9,52.4,85,95,1,9.17,0,0,0,4.406,-5.362,23.624973,7074,2635,0,-
15:44:48.127,snap,default,com.taobao.idlefish,charging,1,43.9,52.4,85,95,1,9.14,0,0,0,4.393,-5.396,23.704628,7074,2635,0,-
15:44:49.127,snap,default,com.taobao.idlefish,charging,1,43.9,52.4,85,95,1,9.14,0,0,14,4.384,-5.17,22.66528,7634,2831,0,-
15:44:50.127,snap,default,com.taobao.idlefish,charging,1,43.9,52.8,85,95,1,9.11,0,0,14,4.388,-5.204,22.835152,7634,2831,0,-
15:44:51.128,snap,default,com.taobao.idlefish,charging,1,43.9,52.8,85,95,1,9.11,0,0,0,4.388,-5.204,22.835152,7672,2798,0,-
15:44:52.128,snap,default,com.taobao.idlefish,charging,1,43.9,52.8,85,95,1,9.11,0,0,0,4.39,-5.228,22.95092,7672,2798,0,-
15:44:53.128,snap,default,com.taobao.idlefish,charging,1,43.9,52.1,85,95,1,9.09,0,0,0,4.392,-5.26,23.101923,6999,2584,0,-
15:44:54.128,snap,default,com.taobao.idlefish,charging,1,43.9,52.1,85,95,1,9.09,0,0,0,4.392,-5.392,23.681665,6999,2584,0,-
15:44:55.129,snap,default,com.taobao.idlefish,charging,1,43.9,53.2,85,95,1,9.07,0,0,0,4.385,-5.292,23.20542,12678,5619,0,-
15:44:56.129,snap,default,com.taobao.idlefish,charging,1,43.9,53.2,85,95,1,9.07,0,0,0,4.39,-5.148,22.599718,12678,5619,0,-
15:44:57.129,snap,default,com.taobao.idlefish,charging,1,43.9,53.2,85,95,1,9.96,0,0,0,4.387,-5.124,22.478989,15160,7445,0,-
15:44:58.129,snap,default,com.taobao.idlefish,charging,1,43.9,54,85,95,1,9.96,0,0,0,4.388,-5.074,22.264711,15160,7445,0,-
15:44:59.131,snap,default,com.taobao.idlefish,charging,1,43.9,54,85,95,1,10.69,0,0,0,4.404,-5.144,22.654175,13022,6045,0,-
15:45:00.130,snap,default,com.taobao.idlefish,charging,1,43.9,53.6,85,95,1,10.69,0,0,0,4.39,-5.142,22.57338,13022,6045,0,-
15:45:01.130,snap,default,com.taobao.idlefish,charging,1,43.9,53.2,85,95,1,10.93,0,0,0,4.391,-5.14,22.569738,12328,5401,0,-
15:45:02.130,snap,default,com.taobao.idlefish,charging,1,43.9,53.2,85,95,1,10.93,0,0,19,4.39,-5.124,22.49436,12328,5401,0,-
15:45:03.130,snap,default,com.taobao.idlefish,charging,1,43.9,53.2,85,95,1,10.4,0,0,19,4.392,-5.148,22.610016,12328,5401,0,-
15:45:04.131,snap,default,com.taobao.idlefish,charging,1,43.9,53.2,85,95,1,10.4,0,0,19,4.377,-4.884,21.377266,16506,7390,0,-
15:45:05.131,snap,default,com.taobao.idlefish,charging,1,43.9,56.2,85,95,1,15.94,0.72,0.9,10,4.376,-4.466,19.543217,16506,7390,0,-
15:45:06.131,snap,default,com.taobao.idlefish,charging,1,43.9,57.6,85,95,1,15.94,0.72,0.9,10,4.392,-5.046,22.162033,33890,9665,0,-
15:45:07.132,snap,default,com.taobao.idlefish,charging,1,43.9,55.2,85,95,1,16.86,0.77,0.92,0,4.394,-5.202,22.85759,33890,9665,0,-
15:45:08.132,snap,default,com.taobao.idlefish,charging,1,43.9,54,85,95,1,16.86,0.77,0.92,0,4.4,-5.49,24.156,4753,1613,0,-
15:45:09.132,snap,default,com.taobao.idlefish,charging,1,43.9,54,85,95,1,15.61,0.81,0.75,0,4.397,-5.422,23.840532,4753,1613,0,-
15:45:10.134,snap,default,com.taobao.idlefish,charging,1,43.9,53.6,85,95,1,15.61,0.81,0.75,12,4.393,-5.064,22.246153,7161,3009,0,-
15:45:11.135,snap,default,com.taobao.idlefish,charging,1,43.9,53.6,85,95,1,15.32,0.84,0.61,0,4.404,-5.502,24.230806,7161,3009,0,-
15:45:12.134,snap,default,com.taobao.idlefish,charging,1,43.9,52.8,85,95,1,15.32,0.84,0.61,0,4.404,-5.572,24.539087,6459,2708,0,-
15:45:13.135,snap,default,com.taobao.idlefish,charging,1,43.9,52.8,85,95,1,14.54,0.69,0.5,0,4.4,-5.468,24.0592,6459,2708,0,-
15:45:14.136,snap,default,com.taobao.idlefish,charging,1,43.9,52.4,85,95,1,14.54,0.69,0.5,0,4.414,-5.458,24.091614,5869,2119,0,-
15:45:15.136,snap,default,com.taobao.idlefish,charging,1,43.9,52.4,85,95,1,13.53,0.75,0.41,0,4.412,-5.586,24.645433,5869,2119,0,-
15:45:16.137,snap,default,com.taobao.idlefish,charging,1,43.9,52.1,85,95,1,13.53,0.75,0.41,0,4.42,-5.582,24.67244,3875,1162,0,-
15:45:17.138,snap,default,com.taobao.idlefish,charging,1,43.9,52.1,85,95,1,12.53,0.79,0.33,0,4.416,-5.558,24.544128,3875,1162,0,-
15:45:18.139,snap,default,com.taobao.idlefish,charging,1,43.9,51.7,85,95,1,12.53,0.79,0.33,0,4.416,-5.528,24.411648,3543,913,0,-
15:45:19.140,snap,default,com.taobao.idlefish,charging,1,43.9,51.7,85,95,1,11.53,0.83,0.27,0,4.413,-5.594,24.686321,3543,913,0,-
15:45:20.140,snap,default,com.taobao.idlefish,charging,1,43.9,51.7,85,95,1,10.89,0.86,0.22,0,4.419,-5.55,24.525452,4009,1268,0,-
15:45:21.141,snap,default,com.taobao.idlefish,charging,1,43.9,51.7,85,95,1,10.89,0.86,0.22,0,4.406,-5.544,24.426865,4009,1268,0,-
15:45:22.141,snap,default,com.taobao.idlefish,charging,1,43.9,51.7,85,95,1,10.72,1.06,0.18,0,4.421,-5.538,24.483498,3601,1065,0,-
15:45:23.141,snap,default,com.taobao.idlefish,charging,1,43.9,51.7,85,95,1,10.72,1.06,0.18,0,4.412,-5.552,24.495424,3601,1065,0,-
15:45:24.142,snap,default,com.taobao.idlefish,charging,1,43.9,51.7,85,95,1,10.41,1.05,0.15,0,4.421,-5.512,24.368553,4676,1515,0,-
15:45:25.142,snap,default,com.taobao.idlefish,charging,1,43.9,51.7,85,95,1,10.41,1.05,0.15,0,4.421,-5.512,24.368553,4676,1515,0,-
15:45:26.142,snap,default,com.taobao.idlefish,charging,1,43.9,51.7,85,95,1,10.41,1.05,0.15,0,4.417,-5.532,24.434843,3913,1118,0,-
15:45:27.142,snap,default,com.taobao.idlefish,charging,1,43.9,52.1,85,95,1,10.15,0.86,0.12,0,4.418,-5.554,24.537573,3913,1118,0,-
15:45:28.143,snap,default,com.taobao.idlefish,charging,1,43.9,52.8,85,95,1,10.15,0.86,0.12,0,4.424,-5.502,24.340847,11132,4295,0,-
15:45:29.143,snap,default,com.taobao.idlefish,charging,1,43.9,52.8,85,95,1,13.75,0.88,0.1,0,4.414,-5.472,24.153408,11132,4295,0,-
15:45:30.143,snap,default,com.taobao.idlefish,charging,1,43.9,52.4,85,95,1,13.75,0.88,0.1,0,4.423,-5.478,24.229195,11132,4295,0,-
15:45:31.144,snap,default,com.taobao.idlefish,charging,1,43.9,51.7,85,95,1,14.16,0.9,0.08,0,4.413,-5.584,24.642193,7628,2120,0,-
15:45:32.144,snap,default,com.taobao.idlefish,charging,1,43.9,51.7,85,95,1,14.16,0.9,0.08,0,4.426,-5.548,24.555449,7628,2120,0,-
15:45:33.144,snap,default,com.taobao.idlefish,charging,1,43.9,51.3,85,95,1,13.22,0.92,0.06,0,4.417,-5.56,24.55852,3828,1194,0,-
15:45:34.145,snap,default,com.taobao.idlefish,charging,1,43.9,51.3,85,95,1,13.22,0.92,0.06,0,4.424,-5.562,24.606285,3828,1194,0,-
15:45:35.146,snap,default,com.taobao.idlefish,charging,1,43.8,51.3,85,95,1,12.45,0.93,0.05,0,4.427,-5.55,24.56985,4152,1308,0,-
15:45:36.147,snap,default,com.taobao.idlefish,charging,1,43.8,51.3,85,95,1,12.45,0.93,0.05,0,4.412,-5.554,24.504248,4152,1308,0,-
15:45:37.147,snap,default,com.taobao.idlefish,charging,1,43.8,50.9,85,95,1,11.65,0.95,0.04,0,4.427,-5.518,24.428186,3607,880,0,-
15:45:38.148,snap,default,com.taobao.idlefish,charging,1,43.8,50.9,85,95,1,11.65,0.95,0.04,0,4.411,-5.544,24.454584,3607,880,0,-
15:45:39.148,snap,default,com.taobao.idlefish,charging,1,43.8,51.3,85,95,1,10.99,0.96,0.03,0,4.428,-5.51,24.398281,3562,856,0,-
15:45:40.148,snap,default,com.taobao.idlefish,charging,1,43.8,51.3,85,95,1,10.99,0.96,0.03,0,4.414,-5.536,24.435904,3562,856,0,-
15:45:41.282,snap,default,com.taobao.idlefish,charging,1,43.8,51.3,85,95,1,12.62,0.96,0.21,14,4.419,-5.238,23.146723,13891,5771,0,-
15:45:42.282,snap,default,com.taobao.idlefish,charging,1,43.8,51.3,85,95,1,12.62,0.96,0.21,23,4.349,-3.998,17.387302,13891,5771,0,-
15:45:43.283,snap,default,com.taobao.idlefish,charging,1,43.8,51.3,85,95,1,21.2,1.33,0.89,23,4.382,-4.182,18.325525,35348,13570,0,-
15:45:44.283,snap,default,com.taobao.idlefish,charging,1,43.7,52.8,85,95,1,21.2,1.33,0.89,52,4.383,-4.544,19.916351,35348,13570,0,-
15:45:45.283,snap,default,com.taobao.idlefish,charging,1,43.7,55.8,85,95,1,22.07,1.09,0.73,0,4.412,-4.884,21.548208,23638,14588,0,-
15:45:46.284,snap,default,com.taobao.idlefish,charging,1,43.7,57.6,85,95,1,22.07,1.09,0.73,0,4.426,-5.27,23.32502,23638,14588,0,-
15:45:47.284,snap,default,com.taobao.idlefish,charging,1,43.7,55.2,85,95,1,20.06,0.89,0.6,0,4.413,-5.488,24.218544,9676,4835,0,-
15:45:48.284,snap,default,com.taobao.idlefish,charging,1,43.7,54,85,95,1,20.06,0.89,0.6,0,4.429,-5.476,24.253202,9676,4835,0,-
15:45:49.285,snap,default,com.taobao.idlefish,charging,1,43.7,54,85,95,1,18.06,0.73,0.49,0,4.409,-5.32,23.455881,8409,2801,0,-
15:45:50.284,snap,default,com.taobao.idlefish,charging,1,43.7,54,85,95,1,18.06,0.73,0.49,0,4.418,-5.284,23.344713,8409,2801,0,-
15:45:51.285,snap,default,com.taobao.idlefish,charging,1,43.7,53.2,85,95,1,16.6,0.6,0.4,0,4.427,-5.474,24.233398,5929,2084,0,-
15:45:52.285,snap,default,com.taobao.idlefish,charging,1,43.7,52.4,85,95,1,16.6,0.6,0.4,0,4.43,-5.43,24.0549,5929,2084,0,-
15:45:53.287,snap,default,com.taobao.idlefish,charging,1,43.7,52.1,85,95,1,15.04,0.49,0.32,0,4.428,-5.462,24.185736,5914,2034,0,-
15:45:54.286,snap,default,com.taobao.idlefish,charging,1,43.7,52.1,85,95,1,13.76,0.4,0.26,0,4.431,-5.428,24.05147,5914,2034,0,-
15:45:55.287,snap,default,com.taobao.idlefish,charging,1,43.7,52.1,85,95,1,13.76,0.4,0.26,0,4.415,-5.44,24.0176,5946,2050,0,-
15:45:56.287,snap,default,com.taobao.idlefish,charging,1,43.7,52.1,85,95,1,13.08,0.32,0.22,0,4.432,-5.37,23.79984,5946,2050,0,-
15:45:57.287,snap,default,com.taobao.idlefish,charging,1,43.7,53.2,85,95,1,13.08,0.32,0.22,0,4.414,-5.31,23.43834,15540,5476,0,-
15:45:58.288,snap,default,com.taobao.idlefish,charging,1,43.7,53.2,85,95,1,12.52,0.81,0.9,0,4.431,-5.394,23.900816,15540,5476,0,-
15:45:59.288,snap,default,com.taobao.idlefish,charging,1,43.7,52.1,85,95,1,12.52,0.81,0.9,0,4.42,-5.448,24.08016,15540,5476,0,-
15:46:00.288,snap,default,com.taobao.idlefish,charging,1,43.7,52.1,85,95,1,11.7,0.66,0.74,47,4.42,-5.448,24.08016,5439,1664,0,-
15:46:01.288,snap,default,com.taobao.idlefish,charging,1,43.7,51.7,85,95,1,11.7,0.66,0.74,47,4.428,-5.408,23.946625,5439,1664,0,-
15:46:02.288,snap,default,com.taobao.idlefish,charging,1,43.7,50.9,85,95,1,11.7,0.66,0.74,47,4.433,-5.426,24.05346,6423,2117,0,-
15:46:03.289,snap,default,com.taobao.idlefish,charging,1,43.7,50.9,85,95,1,11.03,0.54,0.6,47,4.434,-5.404,23.961336,6423,2117,0,-
15:46:04.289,snap,default,com.taobao.idlefish,charging,1,43.7,50.9,85,95,1,11.03,0.54,0.6,0,4.421,-5.41,23.91761,5300,1731,0,-
15:46:05.289,snap,default,com.taobao.idlefish,charging,1,43.7,50.9,85,95,1,9.75,0.44,0.49,0,4.433,-5.398,23.929333,5300,1731,0,-
15:46:06.289,snap,default,com.taobao.idlefish,charging,1,43.7,50.9,85,95,1,9.75,0.44,0.49,0,4.434,-5.376,23.837183,7878,3059,0,-
15:46:07.291,snap,default,com.taobao.idlefish,charging,1,43.7,50.9,85,95,1,9.8,0.36,0.4,0,4.433,-5.4,23.9382,7878,3059,0,-
15:46:08.290,snap,default,com.taobao.idlefish,charging,1,43.7,50.9,85,95,1,9.8,0.36,0.4,0,4.429,-5.394,23.890026,5699,1970,0,-
15:46:09.291,snap,default,com.taobao.idlefish,charging,1,43.7,50.9,85,95,1,9.47,0.29,0.33,0,4.433,-5.478,24.283976,5699,1970,0,-
15:46:10.291,snap,default,com.taobao.idlefish,charging,1,43.7,50.9,85,95,1,9.47,0.29,0.33,0,4.429,-5.43,24.049469,4990,1570,0,-
15:46:11.291,snap,default,com.taobao.idlefish,charging,1,43.7,53.9,85,95,1,9.2,0.24,0.27,0,4.402,-4.914,21.631428,4990,1570,0,-
15:46:12.291,snap,default,com.taobao.idlefish,charging,1,43.6,56.9,85,95,1,9.2,0.24,0.27,41,4.422,-4.99,22.065779,19049,10790,0,-
15:46:13.291,snap,default,com.taobao.idlefish,charging,1,43.6,56.8,85,95,1,11.7,0.19,0.22,41,4.422,-5.264,23.277407,19049,10790,0,-
15:46:14.292,snap,default,com.taobao.idlefish,charging,1,43.6,54.4,85,95,1,11.7,0.19,0.22,48,4.413,-4.95,21.844349,12159,6715,0,-
15:46:15.292,snap,default,com.taobao.idlefish,charging,1,43.6,54.4,85,95,1,11.76,0.16,0.18,0,4.437,-5.39,23.915428,12159,6715,0,-
15:46:16.293,snap,default,com.taobao.idlefish,charging,1,43.6,52.8,85,95,1,11.76,0.16,0.18,0,4.44,-5.422,24.07368,6531,2576,0,-
15:46:17.293,snap,default,com.taobao.idlefish,charging,1,43.6,52.4,85,95,1,11.07,0.13,0.14,0,4.423,-5.416,23.954967,6531,2576,0,-
15:46:18.293,snap,default,com.taobao.idlefish,charging,1,43.6,52.4,85,95,1,11.07,0.13,0.14,0,4.433,-5.324,23.601292,10755,4840,0,-
15:46:19.294,snap,default,com.taobao.idlefish,charging,1,43.6,52.8,85,95,1,11.42,0.1,0.12,22,4.433,-5.118,22.688095,10755,4840,0,-
15:46:20.294,snap,default,com.taobao.idlefish,charging,1,43.6,53.2,85,95,1,11.42,0.1,0.12,0,4.437,-5.36,23.78232,9200,4487,0,-
15:46:21.294,snap,default,com.taobao.idlefish,charging,1,43.6,52.8,85,95,1,11.16,0.08,0.09,0,4.424,-5.342,23.633007,9200,4487,0,-
15:46:22.295,snap,default,com.taobao.idlefish,charging,1,43.7,51.3,85,95,1,11.16,0.08,0.09,0,4.438,-5.41,24.00958,6445,2214,0,-
15:46:23.295,snap,default,com.taobao.idlefish,charging,1,43.7,51.3,85,95,1,10.41,0.07,0.08,0,4.443,-5.444,24.18769,6445,2214,0,-
15:46:24.295,snap,default,com.taobao.idlefish,charging,1,43.7,51.7,85,95,1,10.41,0.07,0.08,0,4.437,-5.374,23.844437,7438,2949,0,-
15:46:25.296,snap,default,com.taobao.idlefish,charging,1,43.7,51.7,85,95,1,10.33,0.05,0.06,0,4.442,-5.41,24.03122,7438,2949,0,-
15:46:26.296,snap,default,com.taobao.idlefish,charging,1,43.7,52.1,85,95,1,12.26,0.22,0.95,0,4.438,-5.352,23.752178,7438,2949,0,-
15:46:27.296,snap,default,com.taobao.idlefish,charging,1,43.6,52.8,85,95,1,12.26,0.22,0.95,0,4.424,-5.138,22.73051,10074,2564,0,-
15:46:28.297,snap,default,com.taobao.idlefish,charging,1,43.6,52.8,85,95,1,22,0.36,1.32,0,4.441,-5.28,23.44848,10074,2564,0,-
15:46:29.297,snap,default,com.taobao.idlefish,charging,1,43.6,52.8,85,95,1,22,0.36,1.32,0,4.438,-5.286,23.459269,10900,2796,0,-
15:46:30.297,snap,default,com.taobao.idlefish,charging,1,43.6,51.7,85,95,1,24.35,0.3,1.26,0,4.429,-5.398,23.90774,10900,2796,0,-
15:46:31.298,snap,default,com.taobao.idlefish,charging,1,43.6,51.3,85,95,1,24.35,0.3,1.26,0,4.435,-5.334,23.65629,7662,1929,0,-
15:46:32.303,snap,default,com.taobao.idlefish,charging,1,43.6,51.3,85,95,1,21.03,0.24,1.03,0,4.435,-5.334,23.65629,7662,1929,0,-
15:46:33.303,snap,default,com.taobao.idlefish,charging,1,43.6,50.9,85,95,1,21.03,0.24,1.03,0,4.438,-5.204,23.095352,6997,1925,0,-
15:46:34.304,snap,default,com.taobao.idlefish,charging,1,43.6,50.9,85,95,1,21.03,0.24,1.03,0,4.438,-5.216,23.14861,6997,1925,0,-
15:46:35.304,snap,default,com.taobao.idlefish,charging,1,43.6,50.9,85,95,1,18.85,0.2,0.85,0,4.443,-5.298,23.539013,6660,2293,0,-
15:46:36.304,snap,default,com.taobao.idlefish,charging,1,43.6,50.9,85,95,1,18.85,0.2,0.85,0,4.444,-5.432,24.139807,6660,2293,0,-
15:46:37.304,snap,default,com.taobao.idlefish,charging,1,43.6,50.9,85,95,1,16.7,0.16,0.69,0,4.441,-5.368,23.839289,7889,2451,0,-
15:46:38.304,snap,default,com.taobao.idlefish,charging,1,43.7,50.5,85,95,1,16.7,0.16,0.69,0,4.446,-5.472,24.328512,7889,2451,0,-
15:46:39.305,snap,default,com.taobao.idlefish,charging,1,43.7,50.9,85,95,1,15.49,0.13,0.57,0,4.446,-5.47,24.31962,6806,2377,0,-
15:46:40.305,snap,default,com.taobao.idlefish,charging,1,43.7,50.9,85,95,1,15.49,0.13,0.57,0,4.446,-5.476,24.346296,6806,2377,0,-
15:46:41.305,snap,default,com.taobao.idlefish,charging,1,43.7,50.9,85,95,1,14.31,0.11,0.46,0,4.446,-5.406,24.035078,6941,2495,0,-
15:46:42.306,snap,default,com.taobao.idlefish,charging,1,43.7,50.5,85,95,1,14.31,0.11,0.46,0,4.447,-5.452,24.245045,6941,2495,0,-
15:46:43.306,snap,default,com.taobao.idlefish,charging,1,43.7,50.5,85,95,1,13.53,0.09,0.38,0,4.446,-5.406,24.035078,7460,2613,0,-
15:46:44.306,snap,default,com.taobao.idlefish,charging,1,43.6,50.5,85,95,1,13.53,0.09,0.38,0,4.448,-5.428,24.143744,7460,2613,0,-
15:46:45.307,snap,default,com.taobao.idlefish,charging,1,43.6,50.5,85,95,1,12.89,0.07,0.31,0,4.449,-5.442,24.211456,6518,2035,0,-
15:46:46.307,snap,default,com.taobao.idlefish,charging,1,43.6,50.5,85,95,1,12.89,0.07,0.31,0,4.449,-5.44,24.20256,6518,2035,0,-
15:46:47.307,snap,default,com.taobao.idlefish,charging,1,43.6,50.5,85,95,1,12.18,0.06,0.25,0,4.448,-5.422,24.117056,6424,2278,0,-
15:46:48.307,snap,default,com.taobao.idlefish,charging,1,43.6,50.9,85,95,1,12.18,0.06,0.25,0,4.449,-5.406,24.051294,6424,2278,0,-
15:46:49.308,snap,default,com.taobao.idlefish,charging,1,43.6,51.7,85,95,1,11.97,0.04,0.2,0,4.446,-5.306,23.590477,9942,3595,0,-
15:46:50.309,snap,default,com.taobao.idlefish,charging,1,43.6,52.4,85,95,1,11.97,0.04,0.2,0,4.447,-5.4,24.0138,9942,3595,0,-
15:46:51.309,snap,default,com.taobao.idlefish,charging,1,43.6,51.7,85,95,1,11.61,0.03,0.17,0,4.45,-5.408,24.0656,9942,3595,0,-
15:46:52.309,snap,default,com.taobao.idlefish,charging,1,43.6,50.9,85,95,1,11.61,0.03,0.17,0,4.449,-5.404,24.042395,7406,2664,0,-
15:46:53.309,snap,default,com.taobao.idlefish,charging,1,43.6,50.9,85,95,1,11.32,0.03,0.14,0,4.449,-5.408,24.060192,7406,2664,0,-
15:46:54.309,snap,default,com.taobao.idlefish,charging,1,43.6,50.9,85,95,1,11.32,0.03,0.14,0,4.449,-5.372,23.900028,7052,2316,0,-
15:46:55.310,snap,default,com.taobao.idlefish,charging,1,43.6,50.9,85,95,1,11.08,0.02,0.11,0,4.452,-5.392,24.005186,7052,2316,0,-
15:46:56.310,snap,default,com.taobao.idlefish,charging,1,43.6,50.5,85,95,1,11.08,0.02,0.11,0,4.45,-5.382,23.9499,7057,2307,0,-
15:46:57.310,snap,default,com.taobao.idlefish,charging,1,43.6,50.5,85,95,1,10.88,0.02,0.09,0,4.452,-5.388,23.987377,7057,2307,0,-
15:46:58.311,snap,default,com.taobao.idlefish,charging,1,43.6,50.5,85,95,1,10.88,0.02,0.09,0,4.45,-5.356,23.834198,7071,2337,0,-
15:46:59.311,snap,default,com.taobao.idlefish,charging,1,43.6,50.5,85,95,1,10.36,0.01,0.07,0,4.453,-5.36,23.86808,7071,2337,0,-
15:47:00.311,snap,default,com.taobao.idlefish,charging,1,43.6,50.5,85,95,1,10.29,0.01,0.06,0,4.451,-5.358,23.848457,6814,2211,0,-
15:47:01.312,snap,default,com.taobao.idlefish,charging,1,43.6,50.5,85,95,1,10.29,0.01,0.06,0,4.452,-5.364,23.880527,6814,2211,0,-
15:47:02.312,snap,default,com.taobao.idlefish,charging,1,43.6,50.5,85,95,1,10.24,0.01,0.05,0,4.454,-5.364,23.891254,7814,2838,0,-
15:47:03.313,snap,default,com.taobao.idlefish,charging,1,43.6,50.5,85,95,1,10.24,0.01,0.05,0,4.453,-5.362,23.876986,7814,2838,0,-
15:47:04.312,snap,default,com.taobao.idlefish,charging,1,43.6,50.5,85,95,1,9.83,0,0.04,0,4.453,-5.362,23.876986,6928,2235,0,-
15:47:05.313,snap,default,com.taobao.idlefish,charging,1,43.6,50.5,85,95,1,9.83,0,0.04,0,4.453,-5.332,23.743395,6928,2235,0,-
15:47:06.314,snap,default,com.taobao.idlefish,charging,1,43.6,50.5,85,95,1,9.83,0,0.04,0,4.453,-5.326,23.716679,7299,2250,0,-
15:47:07.314,snap,default,com.taobao.idlefish,charging,1,43.6,50.5,85,95,1,9.32,0,0.03,0,4.454,-5.328,23.730913,7299,2250,0,-
15:47:08.314,snap,default,com.taobao.idlefish,charging,1,43.6,50.5,85,95,1,9.32,0,0.03,0,4.455,-5.352,23.84316,6934,2283,0,-
15:47:09.314,snap,default,com.taobao.idlefish,charging,1,43.6,50.5,85,95,1,9.26,0,0.02,0,4.456,-5.346,23.821775,6934,2283,0,-
15:47:10.315,snap,default,com.taobao.idlefish,charging,1,43.7,51.7,85,95,1,9.26,0,0.02,0,4.437,-5.216,23.14339,11728,5012,0,-
15:47:11.315,snap,default,com.taobao.idlefish,charging,1,43.7,51.7,85,95,1,10.3,0,0.02,0,4.449,-5.242,23.321657,11728,5012,0,-
15:47:12.315,snap,default,com.taobao.idlefish,charging,1,43.7,51.7,85,95,1,10.3,0,0.02,0,4.451,-5.222,23.243124,15109,7820,0,-
15:47:13.316,snap,default,com.taobao.idlefish,charging,1,43.7,51.7,85,95,1,11.15,0,0.01,0,4.45,-5.166,22.988699,15109,7820,0,-
15:47:14.316,snap,default,com.taobao.idlefish,charging,1,43.7,51.3,85,95,1,11.15,0,0.01,0,4.451,-5.264,23.430065,8602,3100,0,-
15:47:15.316,snap,default,com.taobao.idlefish,charging,1,43.7,51.3,85,95,1,10.58,0,0.01,23,4.457,-5.294,23.595358,8602,3100,0,-
15:47:16.317,snap,default,com.taobao.idlefish,charging,1,43.7,50.9,85,95,1,10.58,0,0.01,23,4.455,-5.268,23.46894,8615,3226,0,-
15:47:17.317,snap,default,com.taobao.idlefish,charging,1,43.7,50.5,85,95,1,10.47,0,0.01,0,4.457,-5.312,23.675581,8615,3226,0,-
15:47:18.318,snap,default,com.taobao.idlefish,charging,1,43.7,50.5,85,95,1,10.47,0,0.01,0,4.458,-5.32,23.716562,8615,3226,0,-
15:47:19.318,snap,default,com.taobao.idlefish,charging,1,43.7,50.9,85,95,1,10.2,0,0,0,4.458,-5.302,23.636316,6322,1976,0,-
15:47:20.318,snap,default,com.taobao.idlefish,charging,1,43.7,50.9,85,95,1,10.2,0,0,0,4.456,-5.29,23.572239,6322,1976,0,-
15:47:21.319,snap,default,com.taobao.idlefish,charging,1,43.7,50.9,85,95,1,9.8,0,0,0,4.455,-5.258,23.424389,6735,2283,0,-
15:47:22.320,snap,default,com.taobao.idlefish,charging,1,43.7,50.9,85,95,1,9.8,0,0,0,4.457,-5.288,23.568615,6735,2283,0,-
15:47:23.320,snap,default,com.taobao.idlefish,charging,1,43.7,50.5,85,95,1,10.56,0,0,0,4.456,-5.218,23.251408,10452,3818,0,-
15:47:24.320,snap,default,com.taobao.idlefish,charging,1,43.7,50.5,85,95,1,10.56,0,0,0,4.458,-5.256,23.43125,10452,3818,0,-
15:47:25.321,snap,default,com.taobao.idlefish,charging,1,43.7,50.1,85,95,1,10.64,0,0,0,4.459,-5.28,23.543522,7804,2753,0,-
15:47:26.321,snap,default,com.taobao.idlefish,charging,1,43.7,50.1,85,95,1,10.64,0,0,0,4.458,-5.258,23.440165,7804,2753,0,-
15:47:27.321,snap,default,com.taobao.idlefish,charging,1,43.7,50.1,85,95,1,10.52,0,0,0,4.472,-5.384,24.077248,7059,2509,0,-
15:47:28.321,snap,default,com.taobao.idlefish,charging,1,43.7,50.1,85,95,1,10.52,0,0,0,4.463,-5.334,23.805641,7059,2509,0,-
15:47:29.322,snap,default,com.taobao.idlefish,charging,1,43.7,49.7,85,95,1,10.79,0,0,0,4.473,-5.398,24.145254,7076,2468,0,-
15:47:30.322,snap,default,com.taobao.idlefish,charging,1,43.7,49.7,85,95,1,10.79,0,0,0,4.476,-5.566,24.913416,7076,2468,0,-
15:47:31.323,snap,default,com.taobao.idlefish,charging,1,43.7,49.7,85,95,1,10.47,0,0,0,4.462,-5.432,24.237585,6393,1988,0,-
15:47:32.323,snap,default,com.taobao.idlefish,charging,1,43.7,49.7,85,95,1,10.47,0,0,0,4.44,-4.93,21.8892,6393,1988,0,-
15:47:33.323,snap,default,com.taobao.idlefish,charging,1,43.7,49.7,85,95,1,12.92,0,0,37,4.405,-4.128,18.18384,20227,10152,0,-
15:47:34.323,snap,default,com.taobao.idlefish,charging,1,43.7,49.7,85,95,1,12.92,0,0,69,4.365,-3.15,13.74975,20227,10152,0,-
15:47:35.323,snap,default,com.taobao.idlefish,charging,1,43.7,49.7,85,95,1,17.82,0,0.36,75,4.381,-3.284,14.387204,30076,18901,0,-
15:47:36.329,snap,default,com.taobao.idlefish,charging,1,43.7,49.7,85,95,1,20.39,0,0.29,76,4.383,-3.322,14.560326,30076,18901,0,-
15:47:37.327,snap,default,com.taobao.idlefish,charging,1,43.7,49.7,85,95,1,20.39,0,0.29,77,4.438,-4.42,19.615961,28052,16769,0,-
15:47:38.327,snap,default,com.taobao.idlefish,charging,1,43.7,49.7,85,95,1,19.96,0,0.24,35,4.438,-4.42,19.615961,28052,16769,0,-
15:47:39.327,snap,default,com.taobao.idlefish,charging,1,43.7,49.7,85,95,1,19.96,0,0.24,35,4.437,-4.806,21.324223,14221,7252,0,-
15:47:40.328,snap,default,com.taobao.idlefish,charging,1,43.7,49.7,85,95,1,19.96,0,0.24,0,4.469,-5.158,23.051102,14221,7252,0,-
15:47:41.328,snap,default,com.taobao.idlefish,charging,1,43.7,52.7,85,95,1,18.69,0,0.19,0,4.457,-5.122,22.828754,13371,6957,0,-
15:47:42.331,snap,default,com.taobao.idlefish,charging,1,43.7,55.7,85,95,1,18.69,0,0.19,33,4.449,-5.008,22.28059,13371,6957,0,-
15:47:43.331,snap,default,com.taobao.idlefish,charging,1,43.7,58.7,85,95,1,17.84,0,0.16,29,4.446,-4.786,21.278555,15260,8364,0,-
15:47:44.332,snap,default,com.taobao.idlefish,charging,1,43.7,59.9,85,95,1,17.84,0,0.16,29,4.457,-5.01,22.32957,15260,8364,0,-
15:47:45.332,snap,default,com.taobao.idlefish,charging,1,43.7,59.9,85,95,1,17.51,0,0.13,29,4.436,-4.78,21.20408,15260,8364,0,-
15:47:46.332,snap,default,com.taobao.idlefish,charging,1,43.7,56.9,85,95,1,17.51,0,0.13,0,4.469,-5.298,23.67676,14569,8138,0,-
15:47:47.333,snap,default,com.taobao.idlefish,charging,1,43.7,56.4,85,95,1,16.69,0,0.1,43,4.473,-5.436,24.315228,14569,8138,0,-
15:47:48.333,snap,default,com.taobao.idlefish,charging,1,43.8,55.6,85,95,1,16.69,0,0.1,43,4.458,-5.204,23.199432,13871,5321,0,-
15:47:49.333,snap,default,com.taobao.idlefish,charging,1,43.8,56.8,85,95,1,18.38,0,0.27,43,4.461,-5.34,23.821741,13871,5321,0,-
15:47:50.333,snap,default,com.taobao.idlefish,charging,1,43.8,56.8,85,95,1,18.38,0,0.27,50,4.407,-3.978,17.531046,21023,10660,0,-
15:47:51.333,snap,default,com.taobao.idlefish,charging,1,43.8,56.8,85,95,1,20.12,0,0.58,76,4.396,-3.668,16.124527,21023,10660,0,-
15:47:52.333,snap,default,com.taobao.idlefish,charging,1,43.8,56.8,85,95,1,20.12,0,0.58,77,4.383,-3.302,14.472666,28761,17086,0,-
15:47:53.333,snap,default,com.taobao.idlefish,charging,1,43.8,56.8,85,95,1,23.18,0,1.2,78,4.394,-3.308,14.535353,28761,17086,0,-
15:47:54.338,snap,default,com.taobao.idlefish,charging,1,43.8,56.8,85,95,1,23.18,0,1.2,79,4.395,-3.602,15.83079,28894,17297,0,-
15:47:55.336,snap,default,com.taobao.idlefish,charging,1,43.8,56.8,85,95,1,23.32,0,0.98,80,4.379,-3.342,14.634619,28894,17297,0,-
15:47:56.336,snap,default,com.taobao.idlefish,charging,1,43.8,56.8,85,95,1,23.32,0,0.98,80,4.374,-3.236,14.154264,28940,18206,0,-
15:47:57.338,snap,default,com.taobao.idlefish,charging,1,43.8,56.8,85,95,1,24.9,0,1.53,76,4.396,-3.594,15.799224,28940,18206,0,-
15:47:58.340,snap,default,com.taobao.idlefish,charging,1,43.8,56.8,85,95,1,24.9,0,1.53,78,4.398,-3.57,15.700859,27999,17664,0,-
15:47:59.340,snap,default,com.taobao.idlefish,charging,1,43.8,56.8,85,95,1,24.91,0,1.25,80,4.394,-3.456,15.185664,27999,17664,0,-
15:48:00.340,snap,default,com.taobao.idlefish,charging,1,43.8,56.8,85,95,1,24.91,0,1.25,59,4.418,-4.08,18.02544,28375,15916,0,-
15:48:01.340,snap,default,com.taobao.idlefish,charging,1,43.8,59.8,85,95,1,26.2,0,1.02,59,4.474,-5.296,23.694304,28375,15916,0,-
15:48:02.341,snap,default,com.taobao.idlefish,charging,1,43.8,62.8,85,95,1,26.2,0,1.02,0,4.466,-5.422,24.214653,8730,3498,0,-
15:48:03.341,snap,default,com.taobao.idlefish,charging,1,43.8,63.1,85,95,1,23.26,0,0.83,0,4.447,-4.888,21.736937,8730,3498,0,-
15:48:04.341,snap,default,com.taobao.idlefish,charging,1,43.8,61.1,85,95,1,23.26,0,0.83,0,4.461,-4.944,22.055183,7438,2746,0,-
15:48:05.341,snap,default,com.taobao.idlefish,charging,1,43.8,59.6,85,95,1,20.68,0,0.68,0,4.457,-4.862,21.669933,7438,2746,0,-
15:48:06.341,snap,default,com.taobao.idlefish,charging,1,43.8,58.8,85,95,1,20.68,0,0.68,0,4.453,-4.768,21.231905,8246,2855,0,-
15:48:07.341,snap,default,com.taobao.idlefish,charging,1,43.8,58.8,85,95,1,18.02,0,0.56,36,4.457,-4.872,21.714504,8246,2855,0,-
15:48:08.341,snap,default,com.taobao.idlefish,charging,1,43.8,58.8,85,95,1,18.02,0,0.56,36,4.451,-4.388,19.530989,12082,6086,0,-
15:48:09.342,snap,default,com.taobao.idlefish,charging,1,43.8,58.8,85,95,1,16.93,0,0.46,0,4.451,-4.388,19.530989,12082,6086,0,-
15:48:10.342,snap,default,com.taobao.idlefish,charging,1,43.8,57.2,85,95,1,16.93,0,0.46,0,4.451,-4.82,21.453821,12082,6086,0,-
15:48:11.342,snap,default,com.taobao.idlefish,charging,1,43.8,56,85,95,1,15.67,0,0.37,0,4.455,-4.838,21.55329,7852,3045,0,-
15:48:12.343,snap,default,com.taobao.idlefish,charging,1,43.8,55.2,85,95,1,15.67,0,0.37,0,4.459,-4.896,21.831264,7852,3045,0,-
15:48:13.343,snap,default,com.taobao.idlefish,charging,1,43.8,54.8,85,95,1,14.46,0,0.3,0,4.46,-4.87,21.7202,6561,2120,0,-
15:48:14.344,snap,default,com.taobao.idlefish,charging,1,43.7,54.4,85,95,1,14.46,0,0.3,0,4.46,-4.832,21.550718,6561,2120,0,-
15:48:15.344,snap,default,com.taobao.idlefish,charging,1,43.7,54.4,85,95,1,13.65,0,0.25,0,4.464,-4.872,21.74861,7719,2891,0,-
15:48:16.345,snap,default,com.taobao.idlefish,charging,1,43.7,56,85,95,1,13.65,0,0.25,0,4.446,-4.602,20.460493,7719,2891,0,-
15:48:17.345,snap,default,com.taobao.idlefish,charging,1,43.7,56,85,95,1,13.89,0,0.2,53,4.453,-4.472,19.913816,13378,7525,0,-
15:48:18.345,snap,default,com.taobao.idlefish,charging,1,43.7,54,85,95,1,13.89,0,0.2,0,4.46,-4.85,21.631,13378,7525,0,-
15:48:19.345,snap,default,com.taobao.idlefish,charging,1,43.7,54,85,95,1,13.01,0,0.16,0,4.461,-4.86,21.68046,8246,3002,0,-
15:48:20.346,snap,default,com.taobao.idlefish,charging,1,43.7,53.6,85,95,1,13.01,0,0.16,0,4.459,-4.682,20.877039,8246,3002,0,-
15:48:21.347,snap,default,com.taobao.idlefish,charging,1,43.7,53.6,85,95,1,12.46,0,0.13,0,4.461,-4.85,21.635849,7796,3011,0,-
15:48:22.347,snap,default,com.taobao.idlefish,charging,1,43.7,53.2,85,95,1,12.46,0,0.13,0,4.455,-4.8,21.384,7796,3011,0,-
15:48:23.348,snap,default,com.taobao.idlefish,charging,1,43.7,53.2,85,95,1,11.83,0,0.11,0,4.462,-4.824,21.524687,6408,2117,0,-
15:48:24.348,snap,default,com.taobao.idlefish,charging,1,43.7,53.2,85,95,1,11.83,0,0.11,0,4.463,-4.882,21.788364,6408,2117,0,-
15:48:25.348,snap,default,com.taobao.idlefish,charging,1,43.6,53.2,85,95,1,11.32,0,0.09,0,4.458,-4.72,21.04176,9224,3978,0,-
15:48:26.348,snap,default,com.taobao.idlefish,charging,1,43.6,53.6,85,95,1,11.32,0,0.09,46,4.444,-4.53,20.131319,9224,3978,0,-
15:48:27.348,snap,default,com.taobao.idlefish,charging,1,43.6,53.6,85,95,1,11.8,0,0.07,46,4.462,-4.796,21.399752,11563,5541,0,-
15:48:28.349,snap,default,com.taobao.idlefish,charging,1,43.6,53.6,85,95,1,11.8,0,0.07,0,4.463,-4.78,21.33314,11563,5541,0,-
15:48:29.349,snap,default,com.taobao.idlefish,charging,1,43.6,53.6,85,95,1,11.66,0,0.24,0,4.464,-4.802,21.436129,11006,5263,0,-
15:48:30.349,snap,default,com.taobao.idlefish,charging,1,43.6,56.6,85,95,1,11.66,0,0.24,0,4.453,-4.198,18.693693,11006,5263,0,-
15:48:31.349,snap,default,com.taobao.idlefish,charging,1,43.6,56.6,85,95,1,14.44,0,0.19,54,4.383,-3.2,14.0255995,24542,15295,0,-
15:48:32.349,snap,default,com.taobao.idlefish,charging,1,43.6,56.6,85,95,1,14.44,0,0.19,79,4.37,-2.634,11.51058,24542,15295,0,-
15:48:33.349,snap,default,com.taobao.idlefish,charging,1,43.6,56.6,85,95,1,17.98,0,0.34,75,4.417,-3.222,14.231573,29986,17806,0,-
15:48:34.350,snap,default,com.taobao.idlefish,charging,1,43.6,59.6,85,95,1,17.98,0,0.34,61,4.439,-4.41,19.57599,29986,17806,0,-
15:48:35.350,snap,default,com.taobao.idlefish,charging,1,43.6,62.6,85,95,1,16.89,0,0.28,0,4.46,-4.74,21.1404,15149,7649,0,-
15:48:36.350,snap,default,com.taobao.idlefish,charging,1,43.6,63.9,85,95,1,16.89,0,0.28,38,4.426,-4.046,17.907597,15149,7649,0,-
15:48:37.438,snap,default,com.taobao.idlefish,charging,1,43.6,63.9,85,95,1,19.09,0,0.23,19,4.41,-3.7,16.317,15149,7649,0,-
15:48:38.439,snap,default,com.taobao.idlefish,charging,1,43.6,63.9,85,95,1,19.09,0,0.23,19,4.406,-3.25,14.3195,37996,16448,0,-
15:48:39.442,snap,default,com.taobao.idlefish,charging,1,43.6,63.9,85,95,1,29.4,0.54,1.09,15,4.381,-2.844,12.459564,37996,16448,0,-
15:48:40.459,snap,default,com.tencent.mm,charging,1,43.5,63.9,85,95,1,29.4,0.54,1.09,15,4.39,-3.136,13.767039,34127,9460,0,-
15:48:41.463,snap,default,com.tencent.mm,charging,1,43.5,63.9,85,95,1,37.11,1.16,4.33,25,4.37,-2.632,11.50184,34127,9460,0,-
15:48:42.470,snap,default,com.tencent.mm,charging,1,43.5,63.9,85,95,1,44.7,1.32,8.26,75,4.376,-2.566,11.228816,31473,10922,0,-
15:48:43.467,snap,default,com.tencent.mm,charging,1,43.5,63.9,85,95,1,44.7,1.32,8.26,78,4.374,-2.706,11.836044,31473,10922,0,-
15:48:44.467,snap,default,com.tencent.mm,charging,1,43.5,63.9,85,95,1,49.65,1.08,9.66,77,4.373,-2.812,12.296877,29896,13046,0,-
15:48:45.468,snap,default,com.tencent.mm,charging,1,43.5,63.9,85,95,1,49.65,1.08,9.66,0,4.373,-2.812,12.296877,29896,13046,0,-
15:48:46.468,snap,default,com.tencent.mm,charging,1,43.5,66.9,85,95,1,49.65,1.08,9.66,0,4.418,-3.782,16.708878,18890,7020,0,-
15:48:47.468,snap,default,com.tencent.mm,charging,1,43.5,67.1,85,95,1,42.28,0.88,7.91,53,4.459,-4.594,20.484646,18890,7020,0,-
15:48:48.468,snap,default,com.tencent.mm,charging,1,43.5,65.5,85,95,1,42.28,0.88,7.91,53,4.463,-4.598,20.520874,14142,7516,0,-
15:48:49.468,snap,default,com.tencent.mm,charging,1,43.5,64.7,85,95,1,37.52,0.72,6.47,34,4.454,-4.464,19.882656,14142,7516,0,-
15:48:50.469,snap,default,com.tencent.mm,charging,1,43.5,62.7,85,95,1,37.52,0.72,6.47,34,4.446,-4.57,20.318222,15288,6963,0,-
15:48:51.469,snap,default,com.tencent.mm,charging,1,43.5,62.7,85,95,1,32.17,0.59,5.3,34,4.463,-4.672,20.851135,15288,6963,0,-
15:48:52.469,snap,default,com.tencent.mm,charging,1,43.5,62.7,85,95,1,32.17,0.59,5.3,36,4.403,-3.666,16.141397,22436,11741,0,-
15:48:53.469,snap,default,com.tencent.mm,charging,1,43.5,62.7,85,95,1,33.04,0.48,4.7,77,4.373,-2.552,11.159897,22436,11741,0,-
15:48:54.470,snap,default,com.tencent.mm,charging,1,43.5,62.7,85,95,1,33.04,0.48,4.7,81,4.395,-2.87,12.613649,30039,17427,0,-
15:48:55.471,snap,default,com.tencent.mm,charging,1,43.5,62.7,85,95,1,33.04,0.39,4.03,79,4.396,-3.06,13.451759,30039,17427,0,-
15:48:56.471,snap,default,com.tencent.mm,charging,1,43.5,65.7,85,95,1,33.04,0.39,4.03,79,4.443,-4.602,20.446686,15656,8116,0,-
15:48:57.472,snap,default,com.tencent.mm,charging,1,43.5,66.7,85,95,1,29.4,0.32,3.3,27,4.453,-4.526,20.154278,15656,8116,0,-
15:48:58.472,snap,default,com.tencent.mm,charging,1,43.5,64.7,85,95,1,29.4,0.32,3.3,25,4.443,-4.428,19.673603,14236,7573,0,-
15:48:59.472,snap,default,com.tencent.mm,charging,1,43.5,63.9,85,95,1,26.61,0.26,2.7,25,4.463,-4.434,19.78894,14236,7573,0,-
15:49:00.473,snap,default,com.tencent.mm,charging,1,43.5,62.7,85,95,1,26.61,0.26,2.7,23,4.455,-4.482,19.96731,16700,9699,0,-
15:49:01.474,snap,default,com.tencent.mm,charging,1,43.4,61.5,85,95,1,25.23,0.21,2.21,20,4.459,-4.55,20.288452,16700,9699,0,-
15:49:02.474,snap,default,com.tencent.mm,charging,1,43.4,61.5,85,95,1,25.23,0.21,2.21,0,4.47,-4.65,20.7855,13656,6522,0,-
15:49:03.475,snap,default,com.tencent.mm,charging,1,43.4,59.6,85,95,1,23.2,0.17,1.81,0,4.454,-4.558,20.301332,13656,6522,0,-
15:49:04.475,snap,default,com.tencent.mm,charging,1,43.4,61.5,85,95,1,23.2,0.17,1.81,0,4.464,-4.678,20.882593,10534,5158,0,-
15:49:05.475,snap,default,com.tencent.mm,charging,1,43.4,61.5,85,95,1,21.17,0.14,1.48,23,4.452,-4.35,19.3662,10534,5158,0,-
15:49:06.482,snap,default,com.tencent.mm,charging,1,43.4,61.5,85,95,1,21.17,0.14,1.48,50,4.41,-3.43,15.1263,10534,5158,0,-
15:49:07.482,snap,default,com.tencent.mm,charging,1,43.4,61.5,85,95,1,22.22,0.11,1.21,81,4.396,-3.028,13.311089,27441,17250,0,-
15:49:08.478,snap,default,com.tencent.mm,charging,1,43.4,61.5,85,95,1,22.22,0.11,1.21,75,4.4,-2.814,12.381599,27441,17250,0,-
15:49:09.479,snap,default,com.tencent.mm,charging,1,43.4,61.5,85,95,1,23.27,0.09,0.99,72,4.378,-2.964,12.976391,27902,17303,0,-
15:49:10.478,snap,default,com.tencent.mm,charging,1,43.4,61.5,85,95,1,23.27,0.09,0.99,78,4.398,-3.024,13.299551,27902,17303,0,-
15:49:11.596,snap,default,com.tencent.mm,charging,1,43.4,61.5,85,95,1,24.13,0.07,0.81,82,4.381,-2.866,12.555945,26786,17120,0,-
15:49:12.606,snap,default,com.tencent.mm,charging,1,43.4,61.5,85,95,1,24.13,0.07,0.81,81,4.379,-2.732,11.963429,26786,17120,0,-
15:49:13.607,snap,default,com.tencent.mm,charging,1,43.4,61.5,85,95,1,29.54,0.06,1.75,69,4.411,-3.22,14.20342,30178,16200,0,-
15:49:14.609,snap,default,com.tencent.mm,charging,1,43.4,64.5,85,95,1,29.54,0.06,1.75,69,4.469,-4.726,21.120493,30178,16200,0,-
15:49:15.611,snap,default,com.tencent.mm,charging,1,43.4,67.5,85,95,1,27.81,0.05,1.43,0,4.471,-4.766,21.308786,11137,5235,0,-
15:49:16.611,snap,default,com.tencent.mm,charging,1,43.4,64.5,85,95,1,27.81,0.05,1.43,0,4.461,-4.698,20.957777,11137,5235,0,-
15:49:17.611,snap,default,com.tencent.mm,charging,1,43.4,63.9,85,95,1,24.94,0.04,1.17,35,4.458,-4.462,19.891596,10973,5362,0,-
15:49:18.611,snap,default,com.tencent.mm,charging,1,43.4,63.9,85,95,1,22.96,0.03,0.96,24,4.462,-4.44,19.81128,10973,5362,0,-
15:49:19.612,snap,default,com.tencent.mm,charging,1,43.4,63.9,85,95,1,22.96,0.03,0.96,27,4.448,-4.458,19.829185,12913,6774,0,-
15:49:20.612,snap,default,com.tencent.mm,charging,1,43.4,61.5,85,95,1,21.34,0.02,0.78,27,4.469,-4.656,20.807665,12913,6774,0,-
15:49:21.612,snap,default,com.tencent.mm,charging,1,43.4,59.6,85,95,1,21.34,0.02,0.78,17,4.469,-4.656,20.807665,11562,6224,0,-
15:49:22.613,snap,default,com.tencent.mm,charging,1,43.4,59.6,85,95,1,21.34,0.02,0.78,17,4.471,-4.692,20.977932,11562,6224,0,-
15:49:23.613,snap,default,com.tencent.mm,charging,1,43.3,61.5,85,95,1,20.37,0.02,0.64,28,4.461,-4.276,19.075235,18899,10979,0,-
15:49:24.613,snap,default,com.tencent.mm,charging,1,43.3,64.5,85,95,1,20.37,0.02,0.64,28,4.467,-4.338,19.377846,18899,10979,0,-
15:49:25.613,snap,default,com.tencent.mm,charging,1,43.3,61.5,85,95,1,20.12,0.01,0.52,40,4.458,-4.238,18.893003,16678,9751,0,-
15:49:26.614,snap,default,com.tencent.mm,charging,1,43.3,60.7,85,95,1,20.12,0.01,0.52,40,4.465,-4.304,19.21736,16678,9751,0,-
15:49:27.614,snap,default,com.tencent.mm,charging,1,43.3,60.7,85,95,1,19.37,0.01,0.43,38,4.443,-4.326,19.220419,15689,8468,0,-
15:49:28.614,snap,default,com.tencent.mm,charging,1,43.3,59.6,85,95,1,19.37,0.01,0.43,38,4.473,-4.57,20.44161,15689,8468,0,-
15:49:29.615,snap,default,com.tencent.mm,charging,1,43.3,59.2,85,95,1,18.4,0.01,0.35,38,4.472,-4.61,20.615921,11149,6043,0,-
15:49:30.616,snap,default,com.tencent.mm,charging,1,43.3,57.2,85,95,1,18.4,0.01,0.35,0,4.478,-4.692,21.010777,11149,6043,0,-
15:49:31.618,snap,default,com.tencent.mm,charging,1,43.3,56.4,85,95,1,17.06,0,0.28,0,4.491,-4.846,21.763388,5494,1870,0,-
15:49:32.619,snap,default,com.tencent.mm,charging,1,43.3,54.8,85,95,1,17.06,0,0.28,0,4.478,-4.692,21.010777,5494,1870,0,-
15:49:33.620,snap,default,com.tencent.mm,charging,1,43.3,54,85,95,1,15.96,0,0.23,0,4.457,-4.218,18.799625,6468,2259,0,-
15:49:34.620,snap,default,com.tencent.mm,charging,1,43.3,54,85,95,1,15.96,0,0.23,0,4.461,-4.268,19.039549,6468,2259,0,-
15:49:35.622,snap,default,com.tencent.mm,charging,1,43.3,53.6,85,95,1,14.88,0,0.19,0,4.465,-4.316,19.27094,6468,2259,0,-
15:49:36.622,snap,default,com.tencent.mm,charging,1,43.3,53.6,85,95,1,14.88,0,0.19,0,4.464,-4.324,19.302336,6194,2048,0,-
15:49:37.622,snap,default,com.tencent.mm,charging,1,43.3,53.2,85,95,1,12.91,0,0.15,0,4.466,-4.34,19.38244,6194,2048,0,-
15:49:38.625,snap,default,com.tencent.mm,charging,1,43.2,53.2,85,95,1,12.91,0,0.15,0,4.463,-4.308,19.226604,6255,1808,0,-
15:49:39.628,snap,default,com.tencent.mm,charging,1,43.2,53.2,85,95,1,13.1,0,0.12,0,4.437,-3.816,16.931591,6255,1808,0,-
15:49:40.626,snap,default,com.tencent.mm,charging,1,43.2,56.2,85,95,1,13.1,0,0.12,21,4.418,-3.048,13.466065,32240,15274,0,-
15:49:41.626,snap,default,com.taobao.idlefish,charging,1,43.2,59.2,85,95,1,20.33,0.18,0.1,0,4.454,-3.962,17.646748,32240,15274,0,-
15:49:42.626,snap,default,com.taobao.idlefish,charging,1,43.2,58.4,85,95,1,20.33,0.18,0.1,0,4.461,-4.106,18.316866,15941,6746,0,-
15:49:43.626,snap,default,com.taobao.idlefish,charging,1,43.2,56.4,85,95,1,20.27,0.15,0.08,0,4.461,-4.206,18.762964,15941,6746,0,-
15:49:44.627,snap,default,com.taobao.idlefish,charging,1,43.2,55.6,85,95,1,20.27,0.15,0.08,0,4.457,-4.106,18.300442,11548,5086,0,-
15:49:45.627,snap,default,com.taobao.idlefish,charging,1,43.2,55.6,85,95,1,18.41,0.12,0.07,0,4.455,-4.15,18.48825,11548,5086,0,-
15:49:46.627,snap,default,com.taobao.idlefish,charging,1,43.2,54.4,85,95,1,18.41,0.12,0.07,0,4.463,-4.132,18.441114,11388,5562,0,-
15:49:47.627,snap,default,com.taobao.idlefish,charging,1,43.2,54,85,95,1,17.06,0.1,0.05,0,4.465,-4.212,18.80658,11388,5562,0,-
15:49:48.627,snap,default,com.taobao.idlefish,charging,1,43.2,53.2,85,95,1,17.06,0.1,0.05,0,4.464,-4.25,18.972,9751,3738,0,-
15:49:49.628,snap,default,com.taobao.idlefish,charging,1,43.2,53.2,85,95,1,15.42,0.08,0.04,0,4.463,-4.186,18.682117,9751,3738,0,-
15:49:50.628,snap,default,com.taobao.idlefish,charging,1,43.1,55.2,85,95,1,14.26,0.06,0.03,7,4.459,-4.026,17.951935,11450,4634,0,-
15:49:51.628,snap,default,com.taobao.idlefish,charging,1,43.1,55.2,85,95,1,14.26,0.06,0.03,0,4.466,-4.26,19.025162,11450,4634,0,-
15:49:52.628,snap,default,com.taobao.idlefish,charging,1,43.1,55.2,85,95,1,13.67,0.05,0.03,0,4.466,-4.26,19.025162,9306,3772,0,-
15:49:53.628,snap,default,com.taobao.idlefish,charging,1,43.1,56.4,85,95,1,13.67,0.05,0.03,0,4.43,-3.74,16.5682,9306,3772,0,-
15:49:54.629,snap,default,com.taobao.idlefish,charging,1,43.1,56.4,85,95,1,13.67,0.05,0.03,0,4.458,-3.914,17.448612,17081,8853,0,-
15:49:55.630,snap,default,com.taobao.idlefish,charging,1,43.1,56.4,85,95,1,13.36,0.04,0.02,0,4.464,-4.116,18.373825,17081,8853,0,-
15:49:56.629,snap,default,com.taobao.idlefish,charging,1,43.1,58,85,95,1,13.36,0.04,0.02,36,4.448,-3.99,17.74752,22779,12949,0,-
15:49:57.630,snap,default,com.taobao.idlefish,charging,1,43.1,58.8,85,95,1,13.66,0.03,0.02,39,4.423,-3.338,14.763974,22779,12949,0,-
15:49:58.630,snap,default,com.taobao.idlefish,charging,1,43.1,58.8,85,95,1,13.66,0.03,0.02,39,4.447,-3.662,16.284914,17773,7643,0,-
15:49:59.630,snap,default,com.taobao.idlefish,charging,1,43.1,58.8,85,95,1,12.81,0.02,0.01,25,4.462,-4.18,18.65116,17773,7643,0,-
15:50:00.644,snap,default,com.taobao.idlefish,charging,1,43,59.2,85,95,1,12.81,0.02,0.01,0,4.449,-3.986,17.733713,19155,10332,0,-
15:50:01.644,snap,default,com.taobao.idlefish,charging,1,43,62.2,85,95,1,14.11,0.02,0.01,57,4.42,-3.158,13.958361,19155,10332,0,-
15:50:02.645,snap,default,com.taobao.idlefish,charging,1,43,63.5,85,95,1,14.11,0.02,0.01,43,4.434,-3.22,14.27748,19155,10332,0,-
15:50:03.647,snap,default,com.taobao.idlefish,charging,1,43,62.3,85,95,1,17.17,0.2,0.01,19,4.438,-3.542,15.719397,32890,20141,0,-
15:50:04.645,snap,default,com.taobao.idlefish,charging,1,43,61.9,85,95,1,17.17,0.2,0.01,25,4.445,-3.622,16.09979,32890,20141,0,-
15:50:05.645,snap,default,com.taobao.idlefish,charging,1,43,61.9,85,95,1,18.41,0.16,0,23,4.448,-3.682,16.377535,27174,19154,0,-
15:50:06.647,snap,default,com.taobao.idlefish,charging,1,43,61.9,85,95,1,18.41,0.16,0,21,4.433,-3.684,16.331173,27174,19154,0,-
15:50:07.647,snap,default,com.taobao.idlefish,charging,1,43,60.7,85,95,1,18.88,0.13,0,21,4.446,-3.606,16.032276,25685,17638,0,-
15:50:08.647,snap,default,com.taobao.idlefish,charging,1,43,59.9,85,95,1,18.88,0.13,0,29,4.447,-3.596,15.991412,25685,17638,0,-
15:50:09.647,snap,default,com.taobao.idlefish,charging,1,43,57.2,85,95,1,18.36,0.1,0,0,4.475,-4.2,18.794998,17237,8037,0,-
15:50:10.648,snap,default,com.taobao.idlefish,charging,1,43,56.8,85,95,1,18.36,0.1,0,0,4.476,-4.312,19.30051,17237,8037,0,-
15:50:11.648,snap,default,com.taobao.idlefish,charging,1,43,56.8,85,95,1,16.84,0.08,0,0,4.439,-3.886,17.249954,13380,5926,0,-
15:50:12.648,snap,default,com.taobao.idlefish,charging,1,43,56.8,85,95,1,16.84,0.08,0,19,4.416,-3.216,14.201856,13380,5926,0,-
15:50:13.648,snap,default,com.taobao.idlefish,charging,1,43,59.8,85,95,1,19.04,0.43,0,69,4.444,-3.45,15.3317995,28140,12279,0,-
15:50:14.649,snap,default,com.taobao.idlefish,charging,1,43,62.8,85,95,1,19.04,0.43,0,69,4.444,-3.552,15.785088,28140,12279,0,-
15:50:15.649,snap,default,com.taobao.idlefish,charging,1,43,59.8,85,95,1,17.22,0.71,0,0,4.466,-4.152,18.542831,12694,5823,0,-
15:50:16.649,snap,default,com.taobao.idlefish,charging,1,43,56.8,85,95,1,17.22,0.71,0,0,4.479,-4.25,19.035751,12694,5823,0,-
15:50:17.650,snap,default,com.taobao.idlefish,charging,1,43,54.8,85,95,1,15.91,0.58,0,0,4.481,-4.374,19.599894,7248,2797,0,-
15:50:18.650,snap,default,com.taobao.idlefish,charging,1,43,54.4,85,95,1,15.91,0.58,0,0,4.476,-4.396,19.676495,7248,2797,0,-
15:50:19.650,snap,default,com.taobao.idlefish,charging,1,43,54,85,95,1,14.84,0.48,0,0,4.481,-4.358,19.528196,7421,2793,0,-
15:50:20.651,snap,default,com.taobao.idlefish,charging,1,43,52.8,85,95,1,14.84,0.48,0,0,4.479,-4.36,19.52844,7421,2793,0,-
15:50:21.651,snap,default,com.taobao.idlefish,charging,1,43,52.8,85,95,1,13.96,0.39,0,0,4.484,-4.354,19.523336,6747,2523,0,-
15:50:22.651,snap,default,com.taobao.idlefish,charging,1,43,52.8,85,95,1,13.96,0.39,0,0,4.475,-4.378,19.591549,6747,2523,0,-
15:50:23.651,snap,default,com.taobao.idlefish,charging,1,43,52.4,85,95,1,13.24,0.32,0,0,4.484,-4.32,19.370882,7382,2697,0,-
15:50:24.651,snap,default,com.taobao.idlefish,charging,1,43,52.8,85,95,1,12.47,0.26,0,0,4.48,-4.332,19.407358,7382,2697,0,-
15:50:25.652,snap,default,com.taobao.idlefish,charging,1,43,52.4,85,95,1,12.47,0.26,0,0,4.485,-4.32,19.375202,6676,2146,0,-
15:50:26.652,snap,default,com.taobao.idlefish,charging,1,43,52.1,85,95,1,12.02,0.21,0,0,4.485,-4.32,19.375202,6676,2146,0,-
15:50:27.652,snap,default,com.taobao.idlefish,charging,1,42.9,52.1,85,95,1,12.02,0.21,0,0,4.478,-4.346,19.46139,7031,2572,0,-
15:50:28.653,snap,default,com.taobao.idlefish,charging,1,42.9,51.7,85,95,1,12.02,0.21,0,0,4.473,-4.316,19.305468,7031,2572,0,-
15:50:29.653,snap,default,com.taobao.idlefish,charging,1,42.9,51.7,85,95,1,12.02,0.17,0,0,4.486,-4.302,19.298773,7031,2572,0,-
15:50:30.653,snap,default,com.taobao.idlefish,charging,1,42.9,51.3,85,95,1,12.02,0.17,0,0,4.487,-4.354,19.536398,7874,2860,0,-
15:50:31.654,snap,default,com.taobao.idlefish,charging,1,42.9,51.3,85,95,1,11.47,0.14,0,0,4.48,-4.334,19.41632,7874,2860,0,-
15:50:32.654,snap,default,com.taobao.idlefish,charging,1,42.9,51.7,85,95,1,11.47,0.14,0,0,4.483,-4.296,19.258966,8300,3124,0,-
15:50:33.655,snap,default,com.taobao.idlefish,charging,1,42.9,52.1,85,95,1,11.02,0.11,0,0,4.459,-4.018,17.916264,8300,3124,0,-
15:50:34.655,snap,default,com.taobao.idlefish,charging,1,42.9,52.1,85,95,1,11.02,0.11,0,0,4.485,-4.344,19.48284,8061,3040,0,-
15:50:35.655,snap,default,com.taobao.idlefish,charging,1,42.9,51.7,85,95,1,10.84,0.09,0,0,4.487,-4.322,19.392815,8061,3040,0,-
15:50:36.656,snap,default,com.taobao.idlefish,charging,1,42.9,51.3,85,95,1,10.84,0.09,0,0,4.484,-4.35,19.5054,6840,2453,0,-
15:50:37.656,snap,default,com.taobao.idlefish,charging,1,42.9,51.3,85,95,1,10.5,0.07,0,0,4.471,-4.11,18.37581,6840,2453,0,-
15:50:38.657,snap,default,com.taobao.idlefish,charging,1,42.9,51.3,85,95,1,10.5,0.07,0,0,4.475,-4.248,19.0098,6511,2181,0,-
15:50:39.657,snap,default,com.taobao.idlefish,charging,1,42.9,51.3,85,95,1,10.23,0.06,0,0,4.449,-3.522,15.669378,6511,2181,0,-
15:50:40.657,snap,default,com.taobao.idlefish,charging,1,42.9,51.3,85,95,1,10.23,0.06,0,0,4.451,-3.486,15.516187,8230,2446,0,-
15:50:41.658,snap,default,com.taobao.idlefish,charging,1,42.9,51.3,85,95,1,9.82,0.05,0,0,4.449,-3.488,15.518111,8230,2446,0,-
15:50:42.658,snap,default,com.taobao.idlefish,charging,1,42.8,50.9,85,95,1,9.82,0.05,0,0,4.45,-3.488,15.521599,7355,2742,0,-
15:50:43.659,snap,default,com.taobao.idlefish,charging,1,42.8,50.9,85,95,1,10.04,0.04,0,0,4.451,-3.496,15.560697,7355,2742,0,-
15:50:44.659,snap,default,com.taobao.idlefish,charging,1,42.8,50.9,85,95,1,10.04,0.04,0,0,4.45,-3.5,15.574999,8323,2979,0,-
15:50:45.659,snap,default,com.taobao.idlefish,charging,1,42.8,50.9,85,95,1,10.03,0.03,0,0,4.45,-3.502,15.5838995,8323,2979,0,-
15:50:46.659,snap,default,com.taobao.idlefish,charging,1,42.8,50.9,85,95,1,10.03,0.03,0,27,4.45,-3.49,15.530499,6635,2067,0,-
15:50:47.660,snap,default,com.taobao.idlefish,charging,1,42.8,50.9,85,95,1,9.84,0.02,0,0,4.452,-3.494,15.555288,6635,2067,0,-
15:50:48.660,snap,default,com.taobao.idlefish,charging,1,42.8,50.5,85,95,1,9.84,0.02,0,0,4.452,-3.492,15.546385,7376,2601,0,-
15:50:49.661,snap,default,com.taobao.idlefish,charging,1,42.8,50.5,85,95,1,9.69,0.02,0,0,4.448,-3.468,15.425664,7376,2601,0,-
15:50:50.660,snap,default,com.taobao.idlefish,charging,1,42.8,50.5,85,95,1,9.69,0.02,0,0,4.453,-3.498,15.576593,7951,2968,0,-
15:50:51.661,snap,default,com.taobao.idlefish,charging,1,42.8,50.5,85,95,1,9.92,0.01,0,0,4.451,-3.42,15.222421,7951,2968,0,-
15:50:52.661,snap,default,com.taobao.idlefish,charging,1,42.8,50.9,85,95,1,9.92,0.01,0,0,4.448,-3.4,15.1232,8263,2568,0,-
15:50:53.662,snap,default,com.taobao.idlefish,charging,1,42.8,50.9,85,95,1,9.58,0.01,0,0,4.452,-3.49,15.53748,8263,2568,0,-
15:50:54.662,snap,default,com.taobao.idlefish,charging,1,42.8,50.5,85,95,1,9.58,0.01,0,0,4.452,-3.48,15.492961,8263,2568,0,-
15:50:55.663,snap,default,com.taobao.idlefish,charging,1,42.8,50.5,85,95,1,9.47,0.01,0,0,4.453,-3.486,15.523158,7082,2557,0,-
15:50:56.662,snap,default,com.taobao.idlefish,charging,1,42.8,50.5,85,95,1,9.47,0.01,0,0,4.452,-3.47,15.448441,7082,2557,0,-
15:50:57.663,snap,default,com.taobao.idlefish,charging,1,42.8,50.5,85,95,1,9.38,0,0,0,4.452,-3.47,15.448441,6477,2150,0,-
15:50:58.663,snap,default,com.taobao.idlefish,charging,1,42.8,52.8,85,95,1,9.38,0,0,0,4.451,-3.408,15.169008,6477,2150,0,-
15:50:59.663,snap,default,com.taobao.idlefish,charging,1,42.8,55.8,85,95,1,10.94,0,0,41,4.423,-3.014,13.330921,19795,10826,0,-
15:51:00.663,snap,default,com.taobao.idlefish,charging,1,42.8,58.8,85,95,1,10.94,0,0,42,4.413,-2.94,12.97422,19795,10826,0,-
15:51:01.677,snap,default,com.taobao.idlefish,charging,1,42.8,61.8,85,95,1,14.76,0,0,34,4.421,-2.604,11.512284,28497,14885,0,-
15:51:02.677,snap,default,com.taobao.idlefish,charging,1,42.8,61.8,85,95,1,14.76,0,0,26,4.402,-2.548,11.216296,28497,14885,0,-
15:51:03.687,snap,default,com.taobao.idlefish,charging,1,42.8,64.8,85,95,1,20.78,0.18,0.9,26,4.376,-2.002,8.760753,31517,11888,0,-
15:51:04.678,snap,default,com.tencent.mm,charging,1,42.8,67.8,85,95,1,20.78,0.18,0.9,0,4.434,-2.702,11.980668,31517,11888,0,-
15:51:05.678,snap,default,com.tencent.mm,charging,1,42.8,67.4,85,95,1,26.25,0.15,0.74,23,4.389,-2.188,9.603131,34887,15464,0,-
15:51:06.678,snap,default,com.tencent.mm,charging,1,42.8,64.4,85,95,1,26.25,0.15,0.74,23,4.424,-2.714,12.006736,34887,15464,0,-
15:51:07.679,snap,default,com.taobao.idlefish,charging,1,42.8,61.4,85,95,1,24.39,0.12,0.6,0,4.447,-3.41,15.16427,13952,5988,0,-
15:51:08.679,snap,default,com.taobao.idlefish,charging,1,42.8,58.4,85,95,1,24.39,0.12,0.6,0,4.448,-3.4,15.1232,13952,5988,0,-
15:51:09.679,snap,default,com.taobao.idlefish,charging,1,42.7,56,85,95,1,22.87,0.1,0.49,0,4.446,-3.338,14.840749,10935,3753,0,-
15:51:10.679,snap,default,com.taobao.idlefish,charging,1,42.7,54.8,85,95,1,22.87,0.1,0.49,0,4.447,-3.292,14.639524,10935,3753,0,-
15:51:11.679,snap,default,com.taobao.idlefish,charging,1,42.7,53.6,85,95,1,19.81,0.08,0.4,0,4.455,-3.34,14.8797,8700,2856,0,-
15:51:12.684,snap,default,com.taobao.idlefish,charging,1,42.7,53.6,85,95,1,19.81,0.08,0.4,0,4.451,-3.472,15.453873,8700,2856,0,-
15:51:13.684,snap,default,com.taobao.idlefish,charging,1,42.7,52.4,85,95,1,18.04,0.06,0.33,0,4.449,-3.426,15.242274,7306,2566,0,-
15:51:14.685,snap,default,com.taobao.idlefish,charging,1,42.7,52.4,85,95,1,18.04,0.06,0.33,0,4.45,-3.404,15.1477995,7306,2566,0,-
15:51:15.685,snap,default,com.taobao.idlefish,charging,1,42.7,52.4,85,95,1,16.4,0.05,0.27,0,4.448,-3.492,15.532416,8250,2788,0,-
15:51:16.686,snap,default,com.taobao.idlefish,charging,1,42.7,52.1,85,95,1,16.4,0.05,0.27,0,4.455,-3.536,15.75288,8250,2788,0,-
15:51:17.686,snap,default,com.taobao.idlefish,charging,1,42.7,51.7,85,95,1,14.87,0.04,0.22,0,4.452,-3.506,15.608713,7276,2568,0,-
15:51:18.686,snap,default,com.taobao.idlefish,charging,1,42.7,52.1,85,95,1,14.87,0.04,0.22,0,4.449,-3.32,14.770679,7276,2568,0,-
15:51:19.686,snap,default,com.taobao.idlefish,charging,1,42.7,52.4,85,95,1,13.63,0.03,0.18,0,4.454,-3.372,15.0188875,8082,2895,0,-
15:51:20.687,snap,default,com.taobao.idlefish,charging,1,42.7,52.4,85,95,1,13.63,0.03,0.18,0,4.45,-3.32,14.773999,8082,2895,0,-
15:51:21.687,snap,default,com.taobao.idlefish,charging,1,42.7,51.7,85,95,1,12.97,0.02,0.14,0,4.465,-3.434,15.33281,8082,2895,0,-
15:51:22.687,snap,default,com.taobao.idlefish,charging,1,42.7,51.3,85,95,1,12.97,0.02,0.14,0,4.452,-3.36,14.95872,7410,2700,0,-
15:51:23.688,snap,default,com.taobao.idlefish,charging,1,42.7,51.3,85,95,1,12.25,0.02,0.12,0,4.454,-3.358,14.9565325,7410,2700,0,-
15:51:24.688,snap,default,com.taobao.idlefish,charging,1,42.7,51.7,85,95,1,12.25,0.02,0.12,0,4.454,-3.354,14.938716,9146,3724,0,-
15:51:25.689,snap,default,com.taobao.idlefish,charging,1,42.7,51.7,85,95,1,12.2,0.01,0.09,0,4.454,-3.352,14.929808,9146,3724,0,-
15:51:26.689,snap,default,com.taobao.idlefish,charging,1,42.6,51.3,85,95,1,12.2,0.01,0.09,0,4.454,-3.352,14.929808,7198,2546,0,-
15:51:27.689,snap,default,com.taobao.idlefish,charging,1,42.6,50.9,85,95,1,11.8,0.01,0.08,0,4.455,-3.362,14.97771,7198,2546,0,-
15:51:28.690,snap,default,com.taobao.idlefish,charging,1,42.6,50.9,85,95,1,11.8,0.01,0.08,0,4.455,-3.362,14.97771,7933,3111,0,-
15:51:29.690,snap,default,com.taobao.idlefish,charging,1,42.6,50.9,85,95,1,11.8,0.01,0.08,0,4.455,-3.358,14.95989,7933,3111,0,-
15:51:30.690,snap,default,com.taobao.idlefish,charging,1,42.6,50.5,85,95,1,11.84,0.01,0.06,0,4.455,-3.384,15.07572,7302,2775,0,-
15:51:31.691,snap,default,com.taobao.idlefish,charging,1,42.6,50.1,85,95,1,11.5,0.01,0.05,0,4.456,-3.37,15.016719,7302,2775,0,-
15:51:32.692,snap,default,com.taobao.idlefish,charging,1,42.6,50.1,85,95,1,11.5,0.01,0.05,0,4.456,-3.49,15.551439,6606,2266,0,-
15:51:33.693,snap,default,com.taobao.idlefish,charging,1,42.6,50.5,85,95,1,11.23,0,0.04,0,4.455,-3.364,14.98662,6606,2266,0,-
15:51:34.693,snap,default,com.taobao.idlefish,charging,1,42.6,50.5,85,95,1,11.23,0,0.04,0,4.455,-3.368,15.00444,7241,2586,0,-
15:51:35.693,snap,default,com.taobao.idlefish,charging,1,42.6,50.1,85,95,1,11.01,0,0.03,0,4.456,-3.36,14.972159,7241,2586,0,-
15:51:36.693,snap,default,com.taobao.idlefish,charging,1,42.6,50.1,85,95,1,11.01,0,0.03,0,4.457,-3.448,15.367735,7053,2487,0,-
15:51:37.696,snap,default,com.taobao.idlefish,charging,1,42.6,52.4,85,95,1,10.64,0,0.02,0,4.45,-3.248,14.453599,7053,2487,0,-
15:51:38.695,snap,default,com.taobao.idlefish,charging,1,42.6,52.4,85,95,1,10.64,0,0.02,0,4.456,-3.34,14.883039,9213,3505,0,-
15:51:39.695,snap,default,com.taobao.idlefish,charging,1,42.6,50.9,85,95,1,10.34,0,0.02,0,4.457,-3.346,14.913121,9213,3505,0,-
15:51:40.695,snap,default,com.taobao.idlefish,charging,1,42.6,50.9,85,95,1,10.34,0,0.02,0,4.462,-3.474,15.500987,8853,3775,0,-
15:51:41.696,snap,default,com.taobao.idlefish,charging,1,42.6,50.9,85,95,1,10.46,0,0.01,0,4.456,-3.254,14.499824,8853,3775,0,-
15:51:42.697,snap,default,com.taobao.idlefish,charging,1,42.6,50.9,85,95,1,10.46,0,0.01,0,4.457,-3.322,14.806153,8969,3182,0,-
15:51:43.697,snap,default,com.taobao.idlefish,charging,1,42.6,50.9,85,95,1,9.83,0,0.01,0,4.457,-3.312,14.761583,8969,3182,0,-
15:51:44.698,snap,default,com.taobao.idlefish,charging,1,42.6,51.3,85,95,1,9.83,0,0.01,0,4.457,-3.348,14.922035,9492,4238,0,-
15:51:45.700,snap,default,com.taobao.idlefish,charging,1,42.6,51.3,85,95,1,10.41,0,0.01,17,4.45,-3.242,14.4269,9492,4238,0,-
15:51:46.700,snap,default,com.taobao.idlefish,charging,1,42.6,54.3,85,95,1,10.41,0,0.01,63,4.429,-2.638,11.6837015,28762,18569,0,-
15:51:47.700,snap,default,com.taobao.idlefish,charging,1,42.6,57.3,85,95,1,13.23,0,0,63,4.457,-3.048,13.584936,28762,18569,0,-
15:51:48.706,snap,default,com.taobao.idlefish,charging,1,42.6,57.6,85,95,1,13.23,0,0,64,4.426,-2.908,12.870809,28762,18569,0,-
15:51:49.707,snap,default,com.taobao.idlefish,charging,1,42.6,56.4,85,95,1,14.09,0,0,0,4.447,-3.254,14.470538,18465,11260,0,-
15:51:50.707,snap,default,com.taobao.idlefish,charging,1,42.6,53.4,85,95,1,14.09,0,0,0,4.458,-3.356,14.961048,18465,11260,0,-
15:51:51.707,snap,default,com.taobao.idlefish,charging,1,42.6,53.2,85,95,1,13.53,0,0,0,4.46,-3.358,14.976681,9328,3662,0,-
15:51:52.707,snap,default,com.taobao.idlefish,charging,1,42.5,53.6,85,95,1,13.53,0,0,0,4.455,-3.198,14.247089,9328,3662,0,-
15:51:53.708,snap,default,com.taobao.idlefish,charging,1,42.5,53.6,85,95,1,13.8,0,0,0,4.462,-3.346,14.929852,12832,4986,0,-
15:51:54.708,snap,default,com.taobao.idlefish,charging,1,42.5,52.1,85,95,1,13.8,0,0,0,4.462,-3.368,15.028016,12832,4986,0,-
15:51:55.708,snap,default,com.taobao.idlefish,charging,1,42.5,51.7,85,95,1,13.11,0,0,0,4.462,-3.344,14.920928,6627,2194,0,-
15:51:56.709,snap,default,com.taobao.idlefish,charging,1,42.5,51.3,85,95,1,13.11,0,0,0,4.462,-3.348,14.938776,6627,2194,0,-
15:51:57.709,snap,default,com.taobao.idlefish,charging,1,42.5,50.9,85,95,1,12.91,0,0,0,4.462,-3.348,14.938776,8812,3843,0,-
15:51:58.709,snap,default,com.taobao.idlefish,charging,1,42.5,50.5,85,95,1,12.91,0,0,0,4.463,-3.354,14.968902,8812,3843,0,-
15:51:59.710,snap,default,com.taobao.idlefish,charging,1,42.5,50.5,85,95,1,12.91,0,0,48,4.463,-3.406,15.200977,8070,3316,0,-
15:52:00.709,snap,default,com.taobao.idlefish,charging,1,42.5,50.5,85,95,1,12.38,0,0,48,4.479,-3.638,16.294601,8070,3316,0,-
15:52:01.710,snap,default,com.taobao.idlefish,charging,1,42.5,50.5,85,95,1,11.95,0,0,48,4.472,-3.514,15.714608,7037,2656,0,-
15:52:02.710,snap,default,com.taobao.idlefish,charging,1,42.5,50.1,85,95,1,11.95,0,0,0,4.473,-3.51,15.700231,7037,2656,0,-
15:52:03.711,snap,default,com.taobao.idlefish,charging,1,42.4,50.1,85,95,1,11.59,0,0,0,4.474,-3.544,15.855856,6356,2304,0,-
15:52:04.711,snap,default,com.taobao.idlefish,charging,1,42.4,50.1,85,95,1,11.59,0,0,0,4.474,-3.566,15.954284,6356,2304,0,-
15:52:05.711,snap,default,com.taobao.idlefish,charging,1,42.4,49.3,85,95,1,11.48,0,0,0,4.473,-3.446,15.413959,6811,2498,0,-
15:52:06.712,snap,default,com.taobao.idlefish,charging,1,42.4,49.3,85,95,1,11.48,0,0,0,4.474,-3.5,15.659,6811,2498,0,-
15:52:07.712,snap,default,com.taobao.idlefish,charging,1,42.4,49.7,85,95,1,11.03,0,0,0,4.472,-3.508,15.687776,6578,2415,0,-
15:52:08.712,snap,default,com.taobao.idlefish,charging,1,42.4,50.5,85,95,1,11.03,0,0,0,4.472,-3.436,15.365793,6578,2415,0,-
15:52:09.713,snap,default,com.taobao.idlefish,charging,1,42.4,50.5,85,95,1,10.66,0,0,0,4.476,-3.44,15.39744,7512,2787,0,-
15:52:10.714,snap,default,com.taobao.idlefish,charging,1,42.4,50.5,85,95,1,10.66,0,0,0,4.475,-3.5,15.662499,7512,2787,0,-
15:52:11.714,snap,default,com.taobao.idlefish,charging,1,42.4,50.1,85,95,1,10.36,0,0,0,4.475,-3.476,15.5551,7050,2402,0,-
15:52:12.714,snap,default,com.taobao.idlefish,charging,1,42.4,49.7,85,95,1,10.36,0,0,0,4.463,-3.482,15.540166,7050,2402,0,-
15:52:13.716,snap,default,com.taobao.idlefish,charging,1,42.4,50.1,85,95,1,10.84,0,0.36,0,4.461,-3.37,15.033569,7050,2402,0,-
15:52:14.716,snap,default,com.taobao.idlefish,charging,1,42.4,50.5,85,95,1,10.84,0,0.36,0,4.471,-3.298,14.745359,9703,3353,0,-
15:52:15.717,snap,default,com.taobao.idlefish,charging,1,42.4,52.1,85,95,1,20.65,0.18,2.1,0,4.461,-3.292,14.685612,9703,3353,0,-
15:52:16.717,snap,default,com.taobao.idlefish,charging,1,42.4,52.1,85,95,1,20.65,0.18,2.1,0,4.474,-3.398,15.202652,19031,9293,0,-
15:52:17.717,snap,default,com.taobao.idlefish,charging,1,42.4,52.1,85,95,1,19.81,0.14,1.72,14,4.462,-3.254,14.519347,19031,9293,0,-
15:52:18.717,snap,default,com.taobao.idlefish,charging,1,42.4,50.9,85,95,1,19.81,0.14,1.72,0,4.474,-3.332,14.907368,17666,8769,0,-
15:52:19.718,snap,default,com.taobao.idlefish,charging,1,42.4,52.1,85,95,1,18.39,0.12,1.41,0,4.478,-3.468,15.529704,17666,8769,0,-
15:52:20.718,snap,default,com.taobao.idlefish,charging,1,42.4,51.7,85,95,1,18.39,0.12,1.41,0,4.474,-3.396,15.193704,11471,4599,0,-
15:52:21.719,snap,default,com.taobao.idlefish,charging,1,42.4,51.7,85,95,1,17.23,0.09,1.15,0,4.467,-3.41,15.2324705,11471,4599,0,-
15:52:22.719,snap,default,com.taobao.idlefish,charging,1,42.4,51.7,85,95,1,17.23,0.09,1.15,0,4.479,-3.464,15.515256,9313,3552,0,-
15:52:23.720,snap,default,com.taobao.idlefish,charging,1,42.4,51.3,85,95,1,16.1,0.08,0.94,0,4.477,-3.434,15.374019,9313,3552,0,-
15:52:24.720,snap,default,com.taobao.idlefish,charging,1,42.3,51.3,85,95,1,16.1,0.08,0.94,0,4.477,-3.382,15.141214,11981,4315,0,-
15:52:25.719,snap,default,com.taobao.idlefish,charging,1,42.3,51.3,85,95,1,15.18,0.06,0.77,0,4.479,-3.456,15.479424,11981,4315,0,-
15:52:26.720,snap,default,com.taobao.idlefish,charging,1,42.3,49.7,85,95,1,15.18,0.06,0.77,0,4.479,-3.456,15.479424,9782,3784,0,-
15:52:27.720,snap,default,com.taobao.idlefish,charging,1,42.3,49.7,85,95,1,15.18,0.06,0.77,0,4.479,-3.448,15.443592,9782,3784,0,-
15:52:28.720,snap,default,com.taobao.idlefish,charging,1,42.3,49.7,85,95,1,14.42,0.05,0.63,0,4.48,-3.504,15.69792,7485,2771,0,-
15:52:29.720,snap,default,com.taobao.idlefish,charging,1,42.3,49.7,85,95,1,14.42,0.05,0.63,0,4.472,-3.36,15.02592,7485,2771,0,-
15:52:30.721,snap,default,com.taobao.idlefish,charging,1,42.3,49.3,85,95,1,13.8,0.04,0.51,0,4.482,-3.492,15.651144,8054,3218,0,-
15:52:31.721,snap,default,com.taobao.idlefish,charging,1,42.3,49.3,85,95,1,13.11,0.03,0.42,0,4.482,-3.492,15.651144,8054,3218,0,-
15:52:32.721,snap,default,com.taobao.idlefish,charging,1,42.3,49.3,85,95,1,13.11,0.03,0.42,0,4.467,-3.47,15.50049,8129,3018,0,-
15:52:33.721,snap,default,com.taobao.idlefish,charging,1,42.3,50.1,85,95,1,12.91,0.02,0.34,0,4.482,-3.472,15.561503,8129,3018,0,-
15:52:34.722,snap,default,com.taobao.idlefish,charging,1,42.3,52.1,85,95,1,12.91,0.02,0.34,0,4.476,-3.316,14.842416,10041,4163,0,-
15:52:35.722,snap,default,com.taobao.idlefish,charging,1,42.3,52.1,85,95,1,12.74,0.02,0.28,0,4.476,-3.368,15.075168,10041,4163,0,-
15:52:36.723,snap,default,com.taobao.idlefish,charging,1,42.3,50.1,85,95,1,12.74,0.02,0.28,0,4.484,-3.46,15.514641,8089,2690,0,-
15:52:37.723,snap,default,com.taobao.idlefish,charging,1,42.3,49.7,85,95,1,12.06,0.01,0.23,0,4.483,-3.558,15.950514,8089,2690,0,-
15:52:38.723,snap,default,com.taobao.idlefish,charging,1,42.3,49.3,85,95,1,12.06,0.01,0.23,0,4.483,-3.544,15.887751,6481,2046,0,-
15:52:39.723,snap,default,com.taobao.idlefish,charging,1,42.3,48.9,85,95,1,11.69,0.01,0.19,0,4.484,-3.55,15.9182005,6481,2046,0,-
15:52:40.724,snap,default,com.taobao.idlefish,charging,1,42.3,48.5,85,95,1,11.69,0.01,0.19,0,4.485,-3.55,15.92175,6481,2046,0,-
15:52:41.724,snap,default,com.taobao.idlefish,charging,1,42.3,48.5,85,95,1,11.56,0.01,0.15,0,4.484,-3.512,15.747809,7076,2509,0,-
15:52:42.724,snap,default,com.taobao.idlefish,charging,1,42.3,48.5,85,95,1,11.56,0.01,0.15,0,4.481,-3.452,15.468411,7076,2509,0,-
15:52:43.725,snap,default,com.taobao.idlefish,charging,1,42.3,48.9,85,95,1,10.92,0,0.12,0,4.482,-3.47,15.55254,7335,2334,0,-
15:52:44.725,snap,default,com.taobao.idlefish,charging,1,42.3,48.9,85,95,1,10.92,0,0.12,0,4.485,-3.488,15.64368,7335,2334,0,-
15:52:45.725,snap,default,com.taobao.idlefish,charging,1,42.3,48.9,85,95,1,10.2,0,0.1,0,4.485,-3.49,15.652651,6655,2152,0,-
15:52:46.726,snap,default,com.taobao.idlefish,charging,1,42.3,48.9,85,95,1,10.2,0,0.1,0,4.484,-3.478,15.595352,6655,2152,0,-
15:52:47.726,snap,default,com.taobao.idlefish,charging,1,42.3,49.7,85,95,1,10.35,0,0.08,0,4.485,-3.432,15.39252,8611,3151,0,-
15:52:48.727,snap,default,com.taobao.idlefish,charging,1,42.3,50.1,85,95,1,10.35,0,0.08,0,4.482,-3.388,15.185016,8611,3151,0,-
15:52:49.727,snap,default,com.taobao.idlefish,charging,1,42.3,52.8,85,95,1,15.9,0,0.06,0,4.473,-3.254,14.555142,16973,5057,0,-
15:52:50.727,snap,default,com.taobao.idlefish,charging,1,42.3,53.2,85,95,1,15.9,0,0.06,8,4.463,-3.082,13.754966,16973,5057,0,-
15:52:51.727,snap,default,com.taobao.idlefish,charging,1,42.3,53.6,85,95,1,15.92,0.18,0.05,0,4.452,-2.894,12.8840885,23948,7314,0,-
15:52:52.728,snap,default,com.taobao.idlefish,charging,1,42.3,56.6,85,95,1,15.92,0.18,0.05,0,4.447,-2.71,12.051371,23948,7314,0,-
15:52:53.728,snap,default,com.taobao.idlefish,charging,1,42.3,58.8,85,95,1,18.11,0.87,0.77,0,4.446,-2.6,11.5596,36142,10715,0,-
15:52:54.728,snap,default,com.taobao.idlefish,charging,1,42.3,57.6,85,95,1,18.11,0.87,0.77,0,4.468,-3.006,13.430808,36142,10715,0,-
15:52:55.729,snap,default,com.taobao.idlefish,charging,1,42.3,55.6,85,95,1,24.79,1.08,1.17,0,4.47,-3.1,13.856999,21058,5852,0,-
15:52:56.729,snap,default,com.taobao.idlefish,charging,1,42.3,55.2,85,95,1,24.79,1.08,1.17,0,4.474,-3.164,14.155736,21058,5852,0,-
15:52:57.729,snap,default,com.taobao.idlefish,charging,1,42.3,54.4,85,95,1,24.64,1.06,0.96,0,4.483,-3.356,15.044947,11702,3822,0,-
15:52:58.729,snap,default,com.taobao.idlefish,charging,1,42.3,53.6,85,95,1,24.64,1.06,0.96,0,4.48,-3.368,15.08864,11702,3822,0,-
15:52:59.729,snap,default,com.taobao.idlefish,charging,1,42.3,53.2,85,95,1,21.27,0.87,0.78,0,4.48,-3.368,15.08864,12606,5181,0,-
15:53:00.730,snap,default,com.taobao.idlefish,charging,1,42.3,52.1,85,95,1,21.27,0.87,0.78,0,4.479,-3.342,14.968819,12606,5181,0,-
15:53:01.730,snap,default,com.taobao.idlefish,charging,1,42.4,52.1,85,95,1,21.27,0.87,0.78,8,4.478,-3.238,14.499764,15887,9171,0,-
15:53:02.731,snap,default,com.taobao.idlefish,charging,1,42.4,51.3,85,95,1,20.85,0.71,0.64,0,4.487,-3.41,15.300671,15887,9171,0,-
15:53:03.731,snap,default,com.taobao.idlefish,charging,1,42.4,50.9,85,95,1,20.85,0.71,0.64,0,4.485,-3.378,15.150331,10053,4237,0,-
15:53:04.731,snap,default,com.taobao.idlefish,charging,1,42.4,50.5,85,95,1,19.43,0.58,0.52,0,4.488,-3.456,15.510529,10053,4237,0,-
15:53:05.731,snap,default,com.taobao.idlefish,charging,1,42.4,50.5,85,95,1,19.43,0.58,0.52,0,4.486,-3.332,14.947352,10574,5152,0,-
15:53:06.732,snap,default,com.taobao.idlefish,charging,1,42.4,50.9,85,95,1,17.9,0.47,0.43,16,4.483,-3.332,14.937355,10574,5152,0,-
15:53:07.732,snap,default,com.taobao.idlefish,charging,1,42.4,51.7,85,95,1,16.65,0.39,0.35,0,4.48,-3.314,14.84672,10574,5152,0,-
15:53:08.732,snap,default,com.taobao.idlefish,charging,1,42.4,52.4,85,95,1,16.65,0.39,0.35,0,4.486,-3.378,15.153708,9626,3602,0,-
15:53:09.732,snap,default,com.taobao.idlefish,charging,1,42.4,52.8,85,95,1,15.99,0.32,0.28,0,4.476,-3.082,13.795032,9626,3602,0,-
15:53:10.733,snap,default,com.taobao.idlefish,charging,1,42.4,52.8,85,95,1,15.99,0.32,0.28,0,4.485,-3.306,14.827411,15290,6380,0,-
15:53:11.733,snap,default,com.taobao.idlefish,charging,1,42.4,52.8,85,95,1,15.81,0.26,0.23,0,4.479,-3.23,14.467171,15290,6380,0,-
15:53:12.733,snap,default,com.taobao.idlefish,charging,1,42.3,52.4,85,95,1,15.81,0.26,0.23,0,4.481,-3.244,14.536364,17193,8692,0,-
15:53:13.734,snap,default,com.taobao.idlefish,charging,1,42.3,52.4,85,95,1,14.75,0.21,0.19,0,4.476,-3.254,14.564903,17193,8692,0,-
15:53:14.734,snap,default,com.taobao.idlefish,charging,1,42.3,50.9,85,95,1,14.75,0.21,0.19,0,4.49,-3.448,15.481519,9619,3429,0,-
15:53:15.735,snap,default,com.taobao.idlefish,charging,1,42.3,50.5,85,95,1,13.89,0.17,0.15,0,4.491,-3.41,15.314311,9619,3429,0,-
15:53:16.735,snap,default,com.taobao.idlefish,charging,1,42.3,50.5,85,95,1,13.89,0.17,0.15,0,4.49,-3.42,15.3558,8047,3110,0,-
15:53:17.735,snap,default,com.taobao.idlefish,charging,1,42.3,50.5,85,95,1,13.55,0.14,0.12,0,4.479,-3.286,14.717995,8047,3110,0,-
15:53:18.736,snap,default,com.taobao.idlefish,charging,1,42.3,50.5,85,95,1,13.55,0.14,0.12,0,4.49,-3.42,15.3558,9871,3714,0,-
15:53:19.736,snap,default,com.taobao.idlefish,charging,1,42.3,50.5,85,95,1,13.09,0.11,0.1,0,4.491,-3.446,15.475987,9871,3714,0,-
15:53:20.736,snap,default,com.taobao.idlefish,charging,1,42.3,50.5,85,95,1,13.09,0.11,0.1,0,4.474,-3.376,15.104223,7048,2331,0,-
15:53:21.737,snap,default,com.taobao.idlefish,charging,1,42.3,50.5,85,95,1,12.71,0.09,0.08,0,4.491,-3.428,15.395148,7048,2331,0,-
15:53:22.738,snap,default,com.taobao.idlefish,charging,1,42.3,50.1,85,95,1,12.71,0.09,0.08,0,4.49,-3.424,15.373759,7325,2634,0,-
15:53:23.738,snap,default,com.taobao.idlefish,charging,1,42.3,49.7,85,95,1,12.4,0.07,0.07,0,4.491,-3.424,15.377185,7325,2634,0,-
15:53:24.739,snap,default,com.taobao.idlefish,charging,1,42.3,49.7,85,95,1,12.4,0.07,0.07,0,4.489,-3.414,15.325445,8353,3128,0,-
15:53:25.739,snap,default,com.taobao.idlefish,charging,1,42.3,49.7,85,95,1,12.14,0.06,0.05,0,4.491,-3.426,15.386168,8353,3128,0,-
15:53:26.739,snap,default,com.taobao.idlefish,charging,1,42.3,49.7,85,95,1,12.14,0.06,0.05,0,4.49,-3.404,15.283959,6878,2196,0,-
15:53:27.740,snap,default,com.taobao.idlefish,charging,1,42.3,49.7,85,95,1,11.75,0.05,0.04,0,4.49,-3.398,15.257019,6878,2196,0,-
15:53:28.740,snap,default,com.taobao.idlefish,charging,1,42.3,49.7,85,95,1,11.75,0.05,0.04,0,4.492,-3.402,15.281784,8438,3120,0,-
15:53:29.740,snap,default,com.taobao.idlefish,charging,1,42.3,49.7,85,95,1,11.98,0.04,0.03,0,4.491,-3.374,15.152635,8438,3120,0,-
15:53:30.741,snap,default,com.taobao.idlefish,charging,1,42.3,49.7,85,95,1,11.98,0.04,0.03,0,4.492,-3.398,15.263817,8412,3321,0,-
15:53:31.741,snap,default,com.taobao.idlefish,charging,1,42.3,48.9,85,95,1,12.16,0.03,0.03,0,4.495,-3.39,15.23805,8412,3321,0,-
15:53:32.742,snap,default,com.taobao.idlefish,charging,1,42.3,48.9,85,95,1,12.16,0.03,0.03,0,4.495,-3.39,15.23805,8412,3321,0,-
15:53:33.743,snap,default,com.taobao.idlefish,charging,1,42.3,48.9,85,95,1,12.16,0.03,0.03,0,4.493,-3.352,15.060536,7931,3136,0,-
15:53:34.744,snap,default,com.taobao.idlefish,charging,1,42.3,49.7,85,95,1,12.5,0.02,0.02,20,4.45,-2.72,12.103999,7931,3136,0,-
15:53:35.744,snap,default,com.taobao.idlefish,charging,1,42.3,52.4,85,95,1,12.5,0.02,0.02,20,4.487,-2.882,12.931534,23188,12166,0,-
15:53:36.745,snap,default,com.taobao.idlefish,charging,1,42.3,52.4,85,95,1,13.13,0.2,0.02,0,4.492,-3.362,15.102104,23188,12166,0,-
15:53:37.745,snap,default,com.taobao.idlefish,charging,1,42.3,50.9,85,95,1,13.13,0.2,0.02,25,4.495,-3.396,15.265019,8540,3340,0,-
15:53:38.746,snap,default,com.taobao.idlefish,charging,1,42.3,50.5,85,95,1,13.1,0.16,0.01,0,4.493,-3.382,15.195326,8540,3340,0,-
15:53:39.746,snap,default,com.taobao.idlefish,charging,1,42.3,50.1,85,95,1,13.1,0.16,0.01,0,4.494,-3.374,15.162756,9033,3826,0,-
15:53:40.747,snap,default,com.taobao.idlefish,charging,1,42.3,50.1,85,95,1,13.08,0.13,0.01,0,4.495,-3.386,15.220069,9033,3826,0,-
15:53:41.747,snap,default,com.taobao.idlefish,charging,1,42.3,50.1,85,95,1,12.52,0.11,0.01,0,4.495,-3.39,15.23805,7848,2907,0,-
15:53:42.747,snap,default,com.taobao.idlefish,charging,1,42.3,50.1,85,95,1,12.52,0.11,0.01,0,4.495,-3.334,14.98633,7848,2907,0,-
15:53:43.748,snap,default,com.taobao.idlefish,charging,1,42.3,50.1,85,95,1,11.89,0.09,0,0,4.495,-3.376,15.175119,8279,3234,0,-
15:53:44.748,snap,default,com.taobao.idlefish,charging,1,42.3,50.1,85,95,1,11.89,0.09,0,0,4.496,-3.38,15.19648,8279,3234,0,-
15:53:45.748,snap,default,com.taobao.idlefish,charging,1,42.3,49.7,85,95,1,11,0.07,0,0,4.496,-3.372,15.160511,8329,2482,0,-
15:53:46.749,snap,default,com.taobao.idlefish,charging,1,42.3,50.1,85,95,1,11,0.07,0,0,4.497,-3.344,15.03797,8329,2482,0,-
15:53:47.750,snap,default,com.taobao.idlefish,charging,1,42.3,49.7,85,95,1,10.45,0.06,0,0,4.497,-3.366,15.136903,7427,2482,0,-
15:53:48.751,snap,default,com.taobao.idlefish,charging,1,42.3,49.7,85,95,1,10.45,0.06,0,0,4.496,-3.348,15.052608,7427,2482,0,-
15:53:49.751,snap,default,com.taobao.idlefish,charging,1,42.3,49.7,85,95,1,10.73,0.04,0,0,4.497,-3.34,15.01998,10371,4387,0,-
15:53:50.752,snap,default,com.taobao.idlefish,charging,1,42.3,49.7,85,95,1,10.73,0.04,0,20,4.498,-3.362,15.122276,10371,4387,0,-
15:53:51.752,snap,default,com.taobao.idlefish,charging,1,42.3,49.3,85,95,1,10.96,0.04,0,0,4.496,-3.368,15.142528,8125,2878,0,-
15:53:52.752,snap,default,com.taobao.idlefish,charging,1,42.3,49.3,85,95,1,10.96,0.04,0,0,4.497,-3.37,15.15489,8125,2878,0,-
15:53:53.753,snap,default,com.taobao.idlefish,charging,1,42.3,49.7,85,95,1,10.97,0.03,0,0,4.494,-3.258,14.641452,8775,3425,0,-
15:53:54.754,snap,default,com.taobao.idlefish,charging,1,42.3,49.7,85,95,1,10.97,0.03,0,0,4.497,-3.368,15.145897,8775,3425,0,-
15:53:55.754,snap,default,com.taobao.idlefish,charging,1,42.3,49.7,85,95,1,10.79,0.02,0,0,4.497,-3.36,15.1099205,7095,2401,0,-
15:53:56.756,snap,default,com.taobao.idlefish,charging,1,42.3,48.9,85,95,1,10.79,0.02,0,0,4.499,-3.368,15.152633,7095,2401,0,-
15:53:57.756,snap,default,com.taobao.idlefish,charging,1,42.3,48.9,85,95,1,10.83,0.02,0,0,4.498,-3.352,15.077296,7922,2885,0,-
15:53:58.757,snap,default,com.taobao.idlefish,charging,1,42.3,48.9,85,95,1,10.83,0.02,0,0,4.5,-3.352,15.084,7922,2885,0,-
15:53:59.757,snap,default,com.taobao.idlefish,charging,1,42.3,49.7,85,95,1,10.86,0.01,0,0,4.498,-3.332,14.987336,7922,2885,0,-
15:54:00.758,snap,default,com.taobao.idlefish,charging,1,42.2,50.1,85,95,1,10.86,0.01,0,0,4.495,-3.27,14.698649,8839,3662,0,-
15:54:01.758,snap,default,com.taobao.idlefish,charging,1,42.2,51.3,85,95,1,10.7,0.01,0,0,4.498,-3.264,14.681472,8839,3662,0,-
15:54:02.758,snap,default,com.taobao.idlefish,charging,1,42.2,52.8,85,95,1,10.7,0.01,0,20,4.498,-3.264,14.681472,8718,3367,0,-
15:54:03.758,snap,default,com.taobao.idlefish,charging,1,42.2,51.3,85,95,1,10.7,0.01,0,20,4.486,-3.168,14.211648,8718,3367,0,-
15:54:04.759,snap,default,com.taobao.idlefish,charging,1,42.2,50.5,85,95,1,11.66,0.01,0,20,4.499,-3.272,14.720729,13859,7357,0,-
15:54:05.759,snap,default,com.taobao.idlefish,charging,1,42.2,50.1,85,95,1,11.66,0.01,0,0,4.501,-3.342,15.042342,13859,7357,0,-
15:54:06.760,snap,default,com.taobao.idlefish,charging,1,42.2,49.7,85,95,1,11.54,0,0,0,4.499,-3.276,14.738725,7778,2866,0,-
15:54:07.760,snap,default,com.taobao.idlefish,charging,1,42.2,50.1,85,95,1,11.54,0,0,0,4.501,-3.338,15.024338,7778,2866,0,-
15:54:08.760,snap,default,com.taobao.idlefish,charging,1,42.2,49.7,85,95,1,11.44,0,0,0,4.499,-3.318,14.927683,8251,3388,0,-
15:54:09.760,snap,default,com.taobao.idlefish,charging,1,42.2,49.3,85,95,1,11.44,0,0,0,4.501,-3.33,14.98833,8251,3388,0,-
15:54:10.761,snap,default,com.taobao.idlefish,charging,1,42.2,48.9,85,95,1,11.36,0,0,0,4.501,-3.33,14.98833,6718,2255,0,-
15:54:11.761,snap,default,com.taobao.idlefish,charging,1,42.2,48.9,85,95,1,11.11,0,0,0,4.501,-3.318,14.934319,6718,2255,0,-
15:54:12.762,snap,default,com.taobao.idlefish,charging,1,42.2,49.3,85,95,1,11.11,0,0,0,4.501,-3.324,14.961323,7211,2624,0,-
15:54:13.762,snap,default,com.taobao.idlefish,charging,1,42.2,49.3,85,95,1,10.91,0,0,0,4.5,-3.306,14.877,7211,2624,0,-
15:54:14.763,snap,default,com.taobao.idlefish,charging,1,42.2,49.3,85,95,1,10.91,0,0,0,4.5,-3.298,14.841001,8103,2723,0,-
15:54:15.764,snap,default,com.taobao.idlefish,charging,1,42.2,49.3,85,95,1,10.2,0,0,0,4.502,-3.322,14.955644,8103,2723,0,-
15:54:16.765,snap,default,com.taobao.idlefish,charging,1,42.2,49.3,85,95,1,10.2,0,0,0,4.517,-3.506,15.836603,6788,2250,0,-
15:54:17.765,snap,default,com.taobao.idlefish,charging,1,42.2,49.3,85,95,1,10.16,0,0,0,4.502,-3.322,14.955644,6788,2250,0,-
15:54:18.765,snap,default,com.taobao.idlefish,charging,1,42.2,48.9,85,95,1,10.16,0,0,0,4.5,-3.268,14.705999,7637,2785,0,-
15:54:19.766,snap,default,com.taobao.idlefish,charging,1,42.2,48.9,85,95,1,10.13,0,0,0,4.503,-3.374,15.193122,7637,2785,0,-
15:54:20.766,snap,default,com.taobao.idlefish,charging,1,42.2,48.9,85,95,1,10.13,0,0,0,4.503,-3.31,14.904929,7075,2409,0,-
15:54:21.767,snap,default,com.taobao.idlefish,charging,1,42.2,48.9,85,95,1,10.11,0,0,0,4.501,-3.296,14.835296,7075,2409,0,-
15:54:22.767,snap,default,com.taobao.idlefish,charging,1,42.2,48.9,85,95,1,10.11,0,0,0,4.502,-3.31,14.901619,7174,2513,0,-
15:54:23.767,snap,default,com.taobao.idlefish,charging,1,42.2,48.9,85,95,1,10.09,0,0,0,4.502,-3.394,15.279788,7174,2513,0,-
15:54:24.767,snap,default,com.taobao.idlefish,charging,1,42.2,48.5,85,95,1,10.09,0,0,0,4.511,-3.556,16.041117,7375,2800,0,-
15:54:25.768,snap,default,com.taobao.idlefish,charging,1,42.2,48.5,85,95,1,10.07,0,0,0,4.507,-3.474,15.657318,7375,2800,0,-
15:54:26.769,snap,default,com.taobao.idlefish,charging,1,42.2,48.5,85,95,1,10.07,0,0,0,4.516,-3.398,15.345367,7375,2800,0,-
15:54:27.768,snap,default,com.taobao.idlefish,charging,1,42.2,48.5,85,95,1,10.06,0,0,0,4.504,-3.328,14.989313,6804,2175,0,-
15:54:28.768,snap,default,com.taobao.idlefish,charging,1,42.2,48.9,85,95,1,10.06,0,0,0,4.504,-3.334,15.016337,6804,2175,0,-
15:54:29.769,snap,default,com.taobao.idlefish,charging,1,42.2,48.9,85,95,1,10.23,0,0,0,4.505,-3.438,15.488191,8186,3217,0,-
15:54:30.769,snap,default,com.taobao.idlefish,charging,1,42.2,48.9,85,95,1,10.23,0,0,0,4.505,-3.38,15.226901,8186,3217,0,-
15:54:31.770,snap,default,com.taobao.idlefish,charging,1,42.2,48.9,85,95,1,10.55,0,0,0,4.505,-3.38,15.226901,7272,2716,0,-
15:54:32.769,snap,default,com.taobao.idlefish,charging,1,42.2,48.9,85,95,1,10.55,0,0,0,4.505,-3.474,15.650371,7272,2716,0,-
15:54:33.770,snap,default,com.taobao.idlefish,charging,1,42.2,48.9,85,95,1,10.55,0,0,0,4.513,-3.558,16.057255,8749,3507,0,-
15:54:34.770,snap,default,com.taobao.idlefish,charging,1,42.2,48.9,85,95,1,10.63,0,0,0,4.523,-3.53,15.966189,8749,3507,0,-
15:54:35.770,snap,default,com.taobao.idlefish,charging,1,42.2,49.3,85,95,1,10.63,0,0,0,4.511,-3.524,15.896764,7030,2578,0,-
15:54:36.771,snap,default,com.taobao.idlefish,charging,1,42.2,49.7,85,95,1,10.51,0,0,0,4.503,-3.218,14.490653,7030,2578,0,-
15:54:37.771,snap,default,com.taobao.idlefish,charging,1,42.2,50.1,85,95,1,10.51,0,0,0,4.501,-3.338,15.024338,11070,3144,0,-
15:54:38.771,snap,default,com.taobao.idlefish,charging,1,42.2,50.1,85,95,1,14.59,0,0,0,4.494,-3.214,14.443716,11070,3144,0,-
15:54:39.772,snap,default,com.taobao.idlefish,charging,1,42.2,50.9,85,95,1,14.59,0,0,0,4.516,-3.356,15.155695,8489,2583,0,-
15:54:40.772,snap,default,com.taobao.idlefish,charging,1,42.2,50.1,85,95,1,13.57,0,0,23,4.392,-2.054,9.021168,8489,2583,0,-
15:54:41.772,snap,default,com.taobao.idlefish,charging,1,42.2,49.3,85,95,1,13.57,0,0,0,4.343,0,0,8464,3059,0,-
15:54:42.772,snap,default,com.taobao.idlefish,charging,1,42.2,49.3,85,95,1,12.92,0,0,0,4.34,0,0,8464,3059,0,-
15:54:43.774,snap,default,com.taobao.idlefish,charging,1,42.1,48.9,85,95,1,12.58,0,0,0,4.337,0,0,8345,3295,0,-
15:54:44.774,snap,default,com.taobao.idlefish,charging,1,42.1,48.5,85,95,1,12.58,0,0,0,4.335,0,0,8345,3295,0,-
15:54:45.774,snap,default,com.taobao.idlefish,charging,1,42.1,48.5,85,95,1,12.11,0,0,0,4.333,0,0,7071,2432,0,-
15:54:46.775,snap,default,com.taobao.idlefish,charging,1,42.1,48.9,85,95,1,12.11,0,0,0,4.332,0,0,7071,2432,0,-
15:54:47.775,snap,default,com.taobao.idlefish,charging,1,42.1,49.3,85,95,1,11,0,0,0,4.331,0,0,6848,2205,0,-
15:54:48.775,snap,default,com.taobao.idlefish,charging,1,42.1,49.3,85,95,1,11,0,0,0,4.33,0,0,6848,2205,0,-
15:54:49.776,snap,default,com.taobao.idlefish,charging,1,42.1,49.3,85,95,1,11.54,0,0,0,4.329,0,0,15354,5001,0,-
15:54:50.776,snap,default,com.taobao.idlefish,charging,1,42.1,52.1,85,95,1,11.54,0,0,0,4.328,0,0,15354,5001,0,-
15:54:51.776,snap,default,com.taobao.idlefish,charging,1,42.1,52.4,85,95,1,12.71,1.08,0.18,0,4.327,0.006,0.025962,15354,5001,0,-
15:54:52.777,snap,default,com.taobao.idlefish,charging,1,42.1,52.1,85,95,1,12.71,1.08,0.18,0,4.326,0,0,21381,6023,0,-
15:54:53.777,snap,default,com.taobao.idlefish,charging,1,42.1,52.4,85,95,1,12.58,1.61,0.14,0,4.325,0.006,0.02595,21381,6023,0,-
15:54:54.777,snap,default,com.taobao.idlefish,charging,1,42.1,52.8,85,95,1,12.58,1.61,0.14,0,4.324,0.026,0.112424,15395,5360,0,-
15:54:55.778,snap,default,com.taobao.idlefish,charging,1,42.1,53.2,85,95,1,12.29,1.32,0.12,0,4.324,0,0,15395,5360,0,-
15:54:56.779,snap,default,com.taobao.idlefish,charging,1,42.1,52.8,85,95,1,12.29,1.32,0.12,0,4.323,0,0,14678,5927,0,-
15:54:57.779,snap,default,com.taobao.idlefish,charging,1,42.1,53.2,85,95,1,12.06,1.08,0.09,0,4.323,0,0,14678,5927,0,-
15:54:58.779,snap,default,com.taobao.idlefish,charging,1,42,53.2,85,95,1,12.06,1.08,0.09,0,4.343,-0.142,0.616706,14075,5604,0,-
15:54:59.780,snap,default,com.taobao.idlefish,charging,1,42,53.2,85,95,1,12.05,1.06,0.08,0,4.348,-0.45,1.9566,14075,5604,0,-
15:55:00.780,snap,default,com.taobao.idlefish,charging,1,42,53.2,85,95,1,12.05,1.06,0.08,0,4.35,-0.538,2.3402998,12802,4792,0,-
15:55:01.780,snap,default,com.taobao.idlefish,charging,1,42,52.4,85,95,1,11.13,0.87,0.06,0,4.346,-0.508,2.2077682,12802,4792,0,-
15:55:02.780,snap,default,com.taobao.idlefish,charging,1,42,52.4,85,95,1,11.13,0.87,0.06,0,4.329,-0.37,1.60173,13124,4819,0,-
15:55:03.781,snap,default,com.taobao.idlefish,charging,1,42,55.4,85,95,1,14.91,1.07,0.05,5,4.292,0.226,0.9699919,13124,4819,0,-
15:55:04.781,snap,default,com.taobao.idlefish,charging,1,42,58,85,95,1,14.91,1.07,0.05,5,4.383,-1.146,5.022918,36473,11827,0,-
15:55:05.781,snap,default,com.taobao.idlefish,charging,1,42,55.6,85,95,1,15.47,1.06,0.04,0,4.383,-1.146,5.022918,36473,11827,0,-
15:55:06.782,snap,default,com.taobao.idlefish,charging,1,42,55.2,85,95,1,15.47,1.06,0.04,0,4.394,-1.356,5.958264,7358,1699,0,-
15:55:07.782,snap,default,com.taobao.idlefish,charging,1,42,53.2,85,95,1,15.47,1.06,0.04,0,4.397,-1.338,5.883186,7358,1699,0,-
15:55:08.783,snap,default,com.taobao.idlefish,charging,1,42,53.2,85,95,1,13.39,0.87,0.03,0,4.399,-1.416,6.2289844,8640,2592,0,-
15:55:09.783,snap,default,com.taobao.idlefish,charging,1,42,54.4,85,95,1,13.39,0.87,0.03,13,4.373,-1.048,4.582904,8640,2592,0,-
15:55:10.783,snap,default,com.taobao.idlefish,charging,1,42,54.4,85,95,1,12.78,0.71,0.02,0,4.4,-1.396,6.1424003,8335,2514,0,-
15:55:11.784,snap,default,com.taobao.idlefish,charging,1,42,53.6,85,95,1,12.78,0.71,0.02,0,4.404,-1.512,6.6588473,8335,2514,0,-
15:55:12.784,snap,default,com.taobao.idlefish,charging,1,42,52.8,85,95,1,11.55,0.58,0.02,0,4.41,-1.574,6.94134,5734,2010,0,-
15:55:13.785,snap,default,com.taobao.idlefish,charging,1,42,52.4,85,95,1,11.55,0.58,0.02,0,4.409,-1.574,6.939766,5734,2010,0,-
15:55:14.785,snap,default,com.taobao.idlefish,charging,1,42,52.1,85,95,1,11.63,0.47,0.01,0,4.412,-1.608,7.0944963,5125,1625,0,-
15:55:15.786,snap,default,com.taobao.idlefish,charging,1,42,52.1,85,95,1,11.63,0.47,0.01,0,4.377,-1.218,5.3311863,5125,1625,0,-
15:55:16.786,snap,default,com.taobao.idlefish,charging,1,42,52.1,85,95,1,10.79,0.39,0.01,0,4.411,-1.572,6.9340916,5323,1619,0,-
15:55:17.788,snap,default,com.taobao.idlefish,charging,1,42,51.7,85,95,1,10.79,0.39,0.01,0,4.414,-1.64,7.23896,5323,1619,0,-
15:55:18.788,snap,default,com.taobao.idlefish,charging,1,42,51.3,85,95,1,10.64,0.5,0.01,0,4.414,-1.636,7.2213044,5323,1619,0,-
15:55:19.789,snap,default,com.taobao.idlefish,charging,1,42,51.3,85,95,1,10.64,0.5,0.01,0,4.414,-1.642,7.247788,5041,1694,0,-
15:55:20.789,snap,default,com.taobao.idlefish,charging,1,42,51.7,85,95,1,10.53,0.59,0,0,4.415,-1.634,7.21411,5041,1694,0,-
15:55:21.790,snap,default,com.taobao.idlefish,charging,1,41.9,51.7,85,95,1,11.16,0.66,0,0,4.414,-1.636,7.2213044,5882,2162,0,-
15:55:22.790,snap,default,com.taobao.idlefish,charging,1,41.9,51.3,85,95,1,11.16,0.66,0,0,4.412,-1.562,6.8915443,5882,2162,0,-
15:55:23.791,snap,default,com.taobao.idlefish,charging,1,41.9,51.3,85,95,1,12.03,0.72,0,0,4.414,-1.578,6.965292,7665,2959,0,-
15:55:24.791,snap,default,com.taobao.idlefish,charging,1,41.9,51.3,85,95,1,12.03,0.72,0,0,4.416,-1.642,7.2510715,7665,2959,0,-
15:55:25.792,snap,default,com.taobao.idlefish,charging,1,41.9,50.9,85,95,1,11.84,0.77,0,0,4.415,-1.608,7.09932,4551,1481,0,-
15:55:26.792,snap,default,com.taobao.idlefish,charging,1,41.9,51.3,85,95,1,11.84,0.77,0,0,4.405,-1.242,5.47101,4551,1481,0,-
15:55:27.792,snap,default,com.taobao.idlefish,charging,1,41.9,50.9,85,95,1,11.87,0.81,0,0,4.414,-1.61,7.10654,4820,1681,0,-
15:55:28.793,snap,default,com.taobao.idlefish,charging,1,41.9,50.9,85,95,1,11.87,0.81,0,0,4.416,-1.608,7.100928,4820,1681,0,-
15:55:29.793,snap,default,com.taobao.idlefish,charging,1,41.9,50.9,85,95,1,11.89,0.66,0,0,4.417,-1.632,7.208544,4538,1649,0,-
15:55:30.793,snap,default,com.taobao.idlefish,charging,1,41.9,51.3,85,95,1,11.89,0.66,0,0,4.416,-1.602,7.074432,4538,1649,0,-
15:55:31.794,snap,default,com.taobao.idlefish,charging,1,41.9,51.3,85,95,1,11.91,0.72,0,0,4.417,-1.624,7.1732073,5776,2306,0,-
15:55:32.794,snap,default,com.taobao.idlefish,charging,1,41.9,50.9,85,95,1,11.91,0.72,0,0,4.416,-1.618,7.1450877,5776,2306,0,-
15:55:33.794,snap,default,com.taobao.idlefish,charging,1,41.9,50.9,85,95,1,12.11,0.77,0,0,4.417,-1.618,7.1467056,5886,2421,0,-
15:55:34.795,snap,default,com.taobao.idlefish,charging,1,41.9,51.3,85,95,1,12.11,0.77,0,0,4.414,-1.594,7.035916,5886,2421,0,-
15:55:35.795,snap,default,com.taobao.idlefish,charging,1,41.9,51.3,85,95,1,13.18,0.63,0,0,4.411,-1.472,6.4929914,10067,4437,0,-
15:55:36.795,snap,default,com.taobao.idlefish,charging,1,41.9,51.3,85,95,1,13.18,0.63,0,15,4.293,0.226,0.97021806,10067,4437,0,-
15:55:37.796,snap,default,com.taobao.idlefish,charging,1,41.9,51.3,85,95,1,23.11,0.7,1.45,32,4.305,0.432,1.8597599,44441,19474,0,-
15:55:38.797,snap,default,com.taobao.idlefish,charging,1,41.9,51.3,85,95,1,23.11,0.7,1.45,25,4.265,0.974,4.15411,44441,19474,0,-
15:55:39.796,snap,default,com.taobao.idlefish,charging,1,41.9,51.3,85,95,1,30.15,0.75,1.36,56,4.265,0.974,4.15411,44258,20355,0,-
15:55:40.796,snap,default,com.taobao.idlefish,charging,1,41.9,51.3,85,95,1,30.15,0.75,1.36,56,4.228,1.426,6.029128,44258,20355,0,-
15:55:41.797,snap,default,com.taobao.idlefish,charging,1,41.9,51.3,85,95,1,30.15,0.75,1.36,78,4.238,1.566,6.636708,34025,19631,0,-
15:55:42.797,snap,default,com.taobao.idlefish,charging,1,41.9,51.3,85,95,1,33.57,0.62,2.38,72,4.247,1.394,5.9203186,34025,19631,0,-
15:55:43.798,snap,default,com.taobao.idlefish,charging,1,41.9,51.3,85,95,1,33.57,0.62,2.38,70,4.308,0.022,0.094776005,28577,16821,0,-
15:55:44.799,snap,default,com.taobao.idlefish,charging,1,41.9,51.3,85,95,1,32.74,0.5,1.95,61,4.282,0.61,2.61202,28577,16821,0,-
15:55:45.801,snap,default,com.taobao.idlefish,charging,1,41.9,51.3,85,95,1,32.74,0.5,1.95,77,4.244,1.24,5.26256,28577,16821,0,-
15:55:46.802,snap,default,com.taobao.idlefish,charging,1,41.9,51.3,85,95,1,32.6,0.41,1.6,78,4.245,1.244,5.28078,28440,18601,0,-
15:55:47.802,snap,default,com.taobao.idlefish,charging,1,41.9,51.3,85,95,1,32.6,0.41,1.6,80,4.259,1.03,4.38677,28440,18601,0,-
15:55:48.802,snap,default,com.taobao.idlefish,charging,1,41.9,51.3,85,95,1,32.13,0.33,1.31,64,4.307,0.562,2.420534,29806,16543,0,-
15:55:49.802,snap,default,com.taobao.idlefish,charging,1,41.9,51.3,85,95,1,32.13,0.33,1.31,0,4.306,0.01,0.04306,29806,16543,0,-
15:55:50.803,snap,default,com.taobao.idlefish,charging,1,41.9,51.3,85,95,1,31.38,0.27,1.07,56,4.269,1.026,4.379994,28455,16013,0,-
15:55:51.802,snap,default,com.taobao.idlefish,charging,1,41.9,51.3,85,95,1,31.38,0.27,1.07,79,4.254,1.204,5.121816,28455,16013,0,-
15:55:52.805,snap,default,com.taobao.idlefish,charging,1,41.9,51.3,85,95,1,30.77,0.22,0.87,76,4.24,1.164,4.93536,28479,17704,0,-
15:55:53.805,snap,default,com.taobao.idlefish,charging,1,41.9,51.3,85,95,1,30.77,0.22,0.87,76,4.243,1.116,4.7351885,28479,17704,0,-
15:55:54.805,snap,default,com.taobao.idlefish,charging,1,41.9,51.3,85,95,1,31.17,0.18,0.71,47,4.338,-0.478,2.0735638,20785,10732,0,-
15:55:55.806,snap,default,com.taobao.idlefish,charging,1,41.9,51.3,85,95,1,29.33,0.15,0.58,47,4.304,-0.118,0.507872,20785,10732,0,-
15:55:56.805,snap,default,com.taobao.idlefish,charging,1,41.9,51.3,85,95,1,29.33,0.15,0.58,47,4.35,-0.676,2.9406,18081,10281,0,-
15:55:57.807,snap,default,com.taobao.idlefish,charging,1,41.9,51.3,85,95,1,27.09,0.12,0.48,56,4.319,-0.334,1.4425459,18081,10281,0,-
15:55:58.806,snap,default,com.taobao.idlefish,charging,1,41.8,51.3,85,95,1,27.09,0.12,0.48,38,4.33,-0.274,1.18642,19170,11099,0,-
15:55:59.806,snap,default,com.taobao.idlefish,charging,1,41.8,51.3,85,95,1,24.72,0.1,0.39,20,4.351,-0.566,2.4626658,19170,11099,0,-
15:56:00.807,snap,default,com.taobao.idlefish,charging,1,41.8,51.3,85,95,1,24.72,0.1,0.39,20,4.333,-0.098,0.424634,20126,11506,0,-
15:56:01.807,snap,default,com.taobao.idlefish,charging,1,41.8,51.3,85,95,1,24.95,0.08,0.32,58,4.268,0.874,3.7302322,20126,11506,0,-
15:56:02.807,snap,default,com.taobao.idlefish,charging,1,41.8,51.3,85,95,1,24.95,0.08,0.32,74,4.248,1.346,5.7178082,29346,18729,0,-
15:56:03.808,snap,default,com.taobao.idlefish,charging,1,41.8,51.3,85,95,1,28.04,0.06,0.26,76,4.237,1.39,5.88943,29346,18729,0,-
15:56:04.808,snap,default,com.taobao.idlefish,charging,1,41.8,51.3,85,95,1,28.04,0.06,0.26,76,4.293,0.392,1.6828561,29081,16021,0,-
15:56:05.808,snap,default,com.taobao.idlefish,charging,1,41.8,51.3,85,95,1,26.4,0.05,0.21,62,4.349,-0.65,2.82685,29081,16021,0,-
15:56:06.808,snap,default,com.taobao.idlefish,charging,1,41.8,53.6,85,95,1,26.4,0.05,0.21,62,4.351,-0.682,2.9673817,9687,4249,0,-
15:56:07.809,snap,default,com.taobao.idlefish,charging,1,41.8,56.6,85,95,1,23.61,0.04,0.17,62,4.354,-0.712,3.100048,9687,4249,0,-
15:56:08.809,snap,default,com.taobao.idlefish,charging,1,41.8,59.6,85,95,1,23.61,0.04,0.17,62,4.354,-0.7,3.0478,8802,3975,0,-
15:56:09.809,snap,default,com.taobao.idlefish,charging,1,41.8,58.8,85,95,1,21.51,0.03,0.14,62,4.352,-0.712,3.0986242,8802,3975,0,-
15:56:10.809,snap,default,com.taobao.idlefish,charging,1,41.8,58.8,85,95,1,21.51,0.03,0.14,62,4.358,-0.726,3.163908,8802,3975,0,-
15:56:11.809,snap,default,com.taobao.idlefish,charging,1,41.8,57.2,85,95,1,19.6,0.02,0.11,0,4.36,-0.774,3.37464,8888,3806,0,-
15:56:12.810,snap,default,com.taobao.idlefish,charging,1,41.8,56.8,85,95,1,19.6,0.02,0.11,0,4.362,-0.81,3.53322,8888,3806,0,-
15:56:13.810,snap,default,com.taobao.idlefish,charging,1,41.8,56.4,85,95,1,18.04,0.02,0.09,0,4.364,-0.814,3.552296,9158,3789,0,-
15:56:14.810,snap,default,com.taobao.idlefish,charging,1,41.8,56,85,95,1,18.04,0.02,0.09,0,4.364,-0.814,3.552296,9158,3789,0,-
15:56:15.811,snap,default,com.taobao.idlefish,charging,1,41.8,55.2,85,95,1,18.04,0.02,0.09,0,4.364,-0.844,3.6832159,7807,3138,0,-
15:56:16.811,snap,default,com.taobao.idlefish,charging,1,41.8,54.8,85,95,1,16.77,0.01,0.07,0,4.368,-0.864,3.773952,7807,3138,0,-
15:56:17.811,snap,default,com.taobao.idlefish,charging,1,41.8,54.8,85,95,1,16.77,0.01,0.07,0,4.362,-0.8,3.4896,8151,3019,0,-
15:56:18.812,snap,default,com.taobao.idlefish,charging,1,41.8,54.4,85,95,1,15,0.01,0.06,0,4.366,-0.862,3.763492,8151,3019,0,-
15:56:19.812,snap,default,com.taobao.idlefish,charging,1,41.8,54,85,95,1,15,0.01,0.06,0,4.365,-0.816,3.5618398,8456,3636,0,-
15:56:20.813,snap,default,com.taobao.idlefish,charging,1,41.8,54,85,95,1,14.27,0.01,0.05,22,4.367,-0.846,3.694482,8456,3636,0,-
15:56:21.816,snap,default,com.taobao.idlefish,charging,1,41.8,54,85,95,1,14.27,0.01,0.05,0,4.369,-0.898,3.923362,8841,3957,0,-
15:56:22.816,snap,default,com.taobao.idlefish,charging,1,41.8,54,85,95,1,13.86,0.01,0.04,0,4.294,-0.088,0.37787202,8841,3957,0,-
15:56:23.819,snap,default,com.taobao.idlefish,charging,1,41.8,54,85,95,1,13.86,0.01,0.04,66,4.263,0.906,3.862278,29404,17726,0,-
15:56:24.820,snap,default,com.taobao.idlefish,charging,1,41.8,54,85,95,1,18.77,0,0.03,78,4.245,1.234,5.23833,29404,17726,0,-
15:56:25.820,snap,default,com.taobao.idlefish,charging,1,41.8,54,85,95,1,18.77,0,0.03,80,4.247,1.054,4.4763384,29958,18115,0,-
15:56:26.820,snap,default,com.taobao.idlefish,charging,1,41.8,54,85,95,1,20.99,0,0.02,74,4.264,0.938,3.9996321,29958,18115,0,-
15:56:27.826,snap,default,com.taobao.idlefish,charging,1,41.8,54,85,95,1,20.99,0,0.02,79,4.255,1.204,5.12302,28957,17573,0,-
15:56:28.826,snap,default,com.taobao.idlefish,charging,1,41.8,54,85,95,1,21.9,0,0.02,76,4.254,1.298,5.5216923,28957,17573,0,-
15:56:29.827,snap,default,com.taobao.idlefish,charging,1,41.7,54,85,95,1,21.9,0,0.02,71,4.253,1.226,5.2141776,34278,20467,0,-
15:56:30.828,snap,default,com.taobao.idlefish,charging,1,41.7,54,85,95,1,24.27,0,0.01,71,4.307,0.85,3.6609502,34278,20467,0,-
15:56:31.828,snap,default,com.taobao.idlefish,charging,1,41.7,54,85,95,1,24.27,0,0.01,70,4.292,-0.18,0.77256,19566,10622,0,-
15:56:32.828,snap,default,com.taobao.idlefish,charging,1,41.7,57,85,95,1,24.58,0,0.01,46,4.308,-0.346,1.4905679,19566,10622,0,-
15:56:33.828,snap,default,com.taobao.idlefish,charging,1,41.7,60,85,95,1,22.66,0,0.01,46,4.349,-0.724,3.148676,13055,7022,0,-
15:56:34.828,snap,default,com.taobao.idlefish,charging,1,41.7,61.9,85,95,1,22.66,0,0.01,0,4.355,-0.782,3.40561,13055,7022,0,-
15:56:35.829,snap,default,com.taobao.idlefish,charging,1,41.7,59.9,85,95,1,20.37,0,0,0,4.355,-0.788,3.43174,6926,2719,0,-
15:56:36.830,snap,default,com.taobao.idlefish,charging,1,41.7,58.4,85,95,1,20.37,0,0,0,4.357,-0.786,3.424602,6926,2719,0,-
15:56:37.830,snap,default,com.taobao.idlefish,charging,1,41.7,57.6,85,95,1,18.49,0,0,0,4.358,-0.8,3.4864,6926,2719,0,-
15:56:38.830,snap,default,com.taobao.idlefish,charging,1,41.7,56.8,85,95,1,18.49,0,0,0,4.357,-0.796,3.4681718,7529,3154,0,-
15:56:39.830,snap,default,com.taobao.idlefish,charging,1,41.7,56.4,85,95,1,17.49,0,0,0,4.357,-0.758,3.3026059,7529,3154,0,-
15:56:40.831,snap,default,com.taobao.idlefish,charging,1,41.7,56.4,85,95,1,17.49,0,0,0,4.365,-0.86,3.7538998,10544,4679,0,-
15:56:41.833,snap,default,com.taobao.idlefish,charging,1,41.7,56.4,85,95,1,18.13,0,0,38,4.294,-0.022,0.094468005,10544,4679,0,-
15:56:42.835,snap,default,com.taobao.idlefish,charging,1,41.7,56.4,85,95,1,18.13,0,0,68,4.238,1.124,4.7635117,22303,13286,0,-
15:56:43.834,snap,default,com.taobao.idlefish,charging,1,41.7,56.4,85,95,1,20.64,0,0,79,4.225,1.408,5.9487996,22303,13286,0,-
15:56:44.834,snap,default,com.taobao.idlefish,charging,1,41.7,56.4,85,95,1,20.64,0,0,77,4.254,1.228,5.2239122,29725,19062,0,-
15:56:45.835,snap,default,com.taobao.idlefish,charging,1,41.7,56.4,85,95,1,21.61,0,0,79,4.24,1.264,5.3593597,29725,19062,0,-
15:56:46.834,snap,default,com.taobao.idlefish,charging,1,41.7,56.4,85,95,1,21.61,0,0,77,4.24,1.264,5.3593597,27794,17444,0,-
15:56:47.836,snap,default,com.taobao.idlefish,charging,1,41.7,56.4,85,95,1,21.61,0,0,77,4.239,1.13,4.7900696,27794,17444,0,-
15:56:48.836,snap,default,com.taobao.idlefish,charging,1,41.7,56.4,85,95,1,23.85,0,0,79,4.229,1.35,5.7091503,31044,17998,0,-
15:56:49.836,snap,default,com.taobao.idlefish,charging,1,41.7,56.4,85,95,1,23.85,0,0,79,4.309,0.558,2.404422,31044,17998,0,-
15:56:50.837,snap,default,com.taobao.idlefish,charging,1,41.7,56.4,85,95,1,25.69,0,0.36,59,4.337,0.054,0.234198,25305,13642,0,-
15:56:51.837,snap,default,com.taobao.idlefish,charging,1,41.7,56.4,85,95,1,25.69,0,0.36,60,4.261,0.948,4.039428,25305,13642,0,-
15:56:52.837,snap,default,com.taobao.idlefish,charging,1,41.7,56.4,85,95,1,25.93,0,0.29,74,4.249,1.248,5.302752,28888,18480,0,-
15:56:53.837,snap,default,com.taobao.idlefish,charging,1,41.7,56.4,85,95,1,25.93,0,0.29,77,4.245,1.194,5.06853,28888,18480,0,-
15:56:54.838,snap,default,com.taobao.idlefish,charging,1,41.7,56.4,85,95,1,25.94,0,0.24,73,4.247,1.102,4.6801944,28399,17972,0,-
15:56:55.841,snap,default,com.taobao.idlefish,charging,1,41.7,56.4,85,95,1,25.94,0,0.24,79,4.243,1.166,4.947338,28399,17972,0,-
15:56:56.841,snap,default,com.taobao.idlefish,charging,1,41.7,56.4,85,95,1,27.04,0,0.19,79,4.239,1.226,5.1970134,30355,18604,0,-
15:56:57.841,snap,default,com.taobao.idlefish,charging,1,41.7,56.4,85,95,1,27.04,0,0.19,73,4.237,1.18,4.9996595,30355,18604,0,-
15:56:58.841,snap,default,com.taobao.idlefish,charging,1,41.7,56.4,85,95,1,31.92,0,0.7,73,4.332,0.028,0.121295996,22163,11149,0,-
15:56:59.841,snap,default,com.taobao.idlefish,charging,1,41.7,59.4,85,95,1,31.92,0,0.7,53,4.307,-0.088,0.379016,22163,11149,0,-
15:57:00.842,snap,default,com.taobao.idlefish,charging,1,41.7,62.4,85,95,1,29.04,0,0.57,53,4.347,-0.676,2.9385722,15756,7102,0,-
15:57:01.842,snap,default,com.taobao.idlefish,charging,1,41.6,65.4,85,95,1,29.04,0,0.57,0,4.344,-0.524,2.2762558,15756,7102,0,-
15:57:02.842,snap,default,com.taobao.idlefish,charging,1,41.6,63.9,85,95,1,25.95,0.18,0.47,0,4.351,-0.692,3.0108917,9968,4610,0,-
15:57:03.843,snap,default,com.taobao.idlefish,charging,1,41.6,63.1,85,95,1,25.95,0.18,0.47,0,4.345,-0.732,3.1805398,9968,4610,0,-
15:57:04.843,snap,default,com.taobao.idlefish,charging,1,41.6,61.5,85,95,1,23.24,0.14,0.38,0,4.349,-0.548,2.383252,9968,4610,0,-
15:57:05.844,snap,default,com.taobao.idlefish,charging,1,41.6,59.9,85,95,1,20.84,0.12,0.31,0,4.354,-0.804,3.500616,10367,4372,0,-
15:57:06.844,snap,default,com.taobao.idlefish,charging,1,41.6,58.8,85,95,1,20.84,0.12,0.31,0,4.354,-0.79,3.43966,10367,4372,0,-
15:57:07.844,snap,default,com.taobao.idlefish,charging,1,41.6,58,85,95,1,18.88,0.09,0.25,0,4.355,-0.802,3.4927099,7064,2799,0,-
15:57:08.845,snap,default,com.taobao.idlefish,charging,1,41.6,57.2,85,95,1,18.88,0.09,0.25,0,4.349,-0.736,3.200864,7064,2799,0,-
15:57:09.845,snap,default,com.taobao.idlefish,charging,1,41.6,56.8,85,95,1,17.45,0.08,0.21,0,4.357,-0.788,3.4333158,8029,3416,0,-
15:57:10.845,snap,default,com.taobao.idlefish,charging,1,41.6,56.8,85,95,1,17.45,0.08,0.21,0,4.356,-0.804,3.502224,8029,3416,0,-
15:57:11.848,snap,default,com.taobao.idlefish,charging,1,41.6,56,85,95,1,16.1,0.06,0.17,0,4.356,-0.802,3.493512,7666,3264,0,-
15:57:12.848,snap,default,com.taobao.idlefish,charging,1,41.6,55.6,85,95,1,16.1,0.06,0.17,0,4.354,-0.818,3.561572,7666,3264,0,-
15:57:13.848,snap,default,com.taobao.idlefish,charging,1,41.6,55.2,85,95,1,14.99,0.05,0.14,0,4.355,-0.824,3.58852,7834,3102,0,-
15:57:14.849,snap,default,com.taobao.idlefish,charging,1,41.6,54.8,85,95,1,14.99,0.05,0.14,0,4.357,-0.83,3.61631,7834,3102,0,-
15:57:15.849,snap,default,com.taobao.idlefish,charging,1,41.6,54.8,85,95,1,13.91,0.04,0.11,0,4.355,-0.822,3.5798101,6539,2617,0,-
15:57:16.850,snap,default,com.taobao.idlefish,charging,1,41.6,54.8,85,95,1,13.91,0.04,0.11,0,4.358,-0.812,3.5386958,6539,2617,0,-
15:57:17.850,snap,default,com.taobao.idlefish,charging,1,41.6,54.8,85,95,1,13.2,0.03,0.09,0,4.36,-0.816,3.55776,7457,2881,0,-
15:57:18.850,snap,default,com.taobao.idlefish,charging,1,41.6,54.4,85,95,1,13.2,0.03,0.09,0,4.353,-0.734,3.1951022,7457,2881,0,-
15:57:19.850,snap,default,com.taobao.idlefish,charging,1,41.6,54.8,85,95,1,12.44,0.02,0.07,0,4.355,-0.746,3.24883,10470,3873,0,-
15:57:20.851,snap,default,com.taobao.idlefish,charging,1,41.6,54.4,85,95,1,12.44,0.02,0.07,0,4.355,-0.746,3.24883,10470,3873,0,-
15:57:21.851,snap,default,com.taobao.idlefish,charging,1,41.6,56.4,85,95,1,12.44,0.02,0.07,0,4.361,-0.796,3.4713562,14021,7366,0,-
15:57:22.856,snap,default,com.taobao.idlefish,charging,1,41.6,57.2,85,95,1,12.54,0.02,0.06,25,4.331,-0.414,1.793034,14021,7366,0,-
15:57:23.856,snap,default,com.taobao.idlefish,charging,1,41.5,57.2,85,95,1,12.54,0.02,0.06,17,4.328,-0.35,1.5148,20604,10985,0,-
15:57:24.857,snap,default,com.taobao.idlefish,charging,1,41.5,55.6,85,95,1,12.8,0.01,0.05,17,4.358,-0.662,2.884996,20604,10985,0,-
15:57:25.858,snap,default,com.taobao.idlefish,charging,1,41.5,54.4,85,95,1,12.8,0.01,0.05,12,4.358,-0.792,3.451536,7305,2882,0,-
15:57:27.539,snap,default,com.taobao.idlefish,charging,1,41.5,54.4,85,95,1,12.11,0.01,0.04,0,4.323,-0.392,1.694616,7305,2882,0,-
15:57:29.251,snap,default,com.taobao.idlefish,charging,1,41.5,57.4,85,95,1,19.16,0.19,0.03,15,4.325,-0.256,1.1072,7305,2882,0,-
15:57:30.252,snap,default,com.tencent.mm,charging,1,41.5,57.4,85,95,1,30,0.34,0.57,15,4.28,0.294,1.2583201,36122,15059,0,-
15:57:31.256,snap,default,com.tencent.mm,charging,1,41.5,57.4,85,95,1,30,0.34,0.57,0,4.255,1.116,4.7485805,33535,10926,0,-
15:57:32.256,snap,default,com.tencent.mm,charging,1,41.5,57.4,85,95,1,37.42,0.45,1.55,0,4.255,1.116,4.7485805,33535,10926,0,-
15:57:33.257,snap,default,com.tencent.mm,charging,1,41.5,57.4,85,95,1,37.42,0.45,1.55,0,4.253,1.024,4.355072,27244,7129,0,-
15:57:34.257,snap,default,com.tencent.mm,charging,1,41.5,60.4,85,95,1,37.42,0.45,1.55,0,4.276,0.632,2.7024322,27244,7129,0,-
15:57:35.257,snap,default,com.tencent.mm,charging,1,41.5,62.3,85,95,1,38.98,0.73,3.08,0,4.357,-0.8,3.4856,8665,3537,0,-
15:57:36.258,snap,default,com.tencent.mm,charging,1,41.5,59.9,85,95,1,38.98,0.73,3.08,0,4.358,-0.812,3.5386958,8665,3537,0,-
15:57:37.259,snap,default,com.tencent.mm,charging,1,41.5,57.6,85,95,1,33.73,0.6,2.52,12,4.358,-0.812,3.5386958,6785,2776,0,-
15:57:38.259,snap,default,com.tencent.mm,charging,1,41.5,57.2,85,95,1,33.73,0.6,2.52,0,4.36,-0.848,3.6972802,6785,2776,0,-
15:57:39.259,snap,default,com.tencent.mm,charging,1,41.5,56,85,95,1,29.61,0.49,2.06,0,4.356,-0.806,3.510936,7829,3226,0,-
