timestamp,type,mode,package,charge,screen_on,batt_temp,cpu_temp,thermal_cap_pct,thermal_free_pct,clg_active,psi_cpu_some,psi_io_some,psi_mem_some,gpu_busy_pct,batt_voltage_v,batt_current_ma,batt_power_w,wakeups,migrations,freq_trans,fps
15:18:24.872,snap,default,,discharging,1,29.6,81.2,100,95,1,35.47,2.66,3.21,4,3.756,2.604,9.780624,0,0,0,-
15:18:25.872,snap,default,com.miui.home,discharging,1,29.7,81.2,100,95,1,35.47,2.66,3.21,0,3.797,2.595,9.853215,0,0,0,-
15:18:26.873,snap,default,com.miui.home,discharging,1,29.7,81.2,100,95,1,41.36,2.54,3.54,0,3.782,1.659,6.2743382,33571,12898,0,-
15:18:27.873,snap,default,com.miui.home,discharging,1,29.7,81.2,100,95,1,41.36,2.54,3.54,0,3.795,1.827,6.933465,33571,12898,0,-
15:18:28.873,snap,default,com.miui.home,discharging,1,29.7,81.2,100,95,1,35.32,2.26,3.62,0,3.799,1.362,5.174238,11869,3852,0,-
15:18:27.521,snap,default,com.miui.home,discharging,1,29.7,81.2,100,95,1,35.32,2.26,3.62,0,3.799,1.118,4.247282,11869,3852,0,-
15:18:28.521,snap,default,com.miui.home,discharging,1,29.7,81.2,100,95,1,30.91,2.03,3.33,0,3.777,1.118,4.2226863,39040,19520,0,-
15:18:29.522,snap,default,com.miui.home,discharging,1,29.7,81.2,100,95,1,30.91,2.03,3.33,0,3.784,1.824,6.9020157,39040,19520,0,-
15:18:30.522,snap,default,com.miui.home,discharging,1,29.9,81.2,100,95,1,32.56,1.84,2.9,0,3.799,1.809,6.872391,21053,10182,0,-
15:18:31.522,snap,default,com.miui.home,discharging,1,29.9,81.2,100,95,1,32.56,1.84,2.9,0,3.803,1.232,4.685296,21053,10182,0,-
15:18:32.522,snap,default,com.miui.home,discharging,1,29.9,81.2,100,95,1,28.47,1.69,2.74,0,3.793,0.997,3.781621,21390,7693,0,-
15:18:33.522,snap,default,com.miui.home,discharging,1,29.9,81.2,100,95,1,28.47,1.69,2.74,0,3.801,1.337,5.0819373,21390,7693,0,-
15:18:34.523,snap,default,com.miui.home,discharging,1,30,81.2,100,95,1,24.94,1.74,2.6,0,3.798,1.1,4.1778,12354,2633,0,-
15:18:35.525,snap,default,com.miui.home,discharging,1,30,81.2,100,95,1,24.94,1.74,2.6,0,3.808,1.043,3.971744,12354,2633,0,-
15:18:36.523,snap,default,com.miui.home,discharging,1,30,81.2,100,95,1,21.87,1.79,2.49,0,3.805,0.815,3.101075,22431,10165,0,-
15:18:37.525,snap,default,com.miui.home,discharging,1,30,81.2,100,95,1,21.87,1.79,2.49,5,3.79,1.096,4.1538396,22431,10165,0,-
15:18:38.526,snap,default,com.miui.home,discharging,1,30,81.2,100,95,1,22.26,1.65,2.22,20,3.792,1.76,6.67392,35176,17618,0,-
15:18:39.523,snap,default,com.miui.home,discharging,1,30,78.2,100,95,1,22.26,1.65,2.22,16,3.794,1.575,5.97555,35176,17618,0,-
15:18:40.524,snap,default,com.miui.home,discharging,1,30,78.1,100,95,1,25.29,1.71,2.18,13,3.764,1.718,6.4665523,55914,17233,0,-
15:18:41.526,snap,default,com.miui.home,discharging,1,30,78.9,100,95,1,25.29,1.71,2.18,5,3.761,2.505,9.421306,55914,17233,0,-
15:18:42.530,snap,default,com.miui.home,discharging,1,30,81.9,100,95,1,36.1,2.49,3.23,17,3.763,2.627,9.885402,55914,17233,0,-
15:18:43.524,snap,default,com.miui.personalassistant,discharging,1,30.1,83.6,100,95,1,36.1,2.49,3.23,23,3.759,2.694,10.126746,48586,12238,0,-
15:18:44.525,snap,default,com.miui.personalassistant,discharging,1,30.2,85.6,100,95,1,44.96,2.58,3.37,22,3.761,2.672,10.049392,48586,12238,0,-
15:18:45.525,snap,default,com.miui.personalassistant,discharging,1,30.2,85.6,100,95,1,44.96,2.58,3.37,25,3.757,2.681,10.072516,61037,13573,0,-
15:18:46.527,snap,default,com.miui.personalassistant,discharging,1,30.2,84.4,100,95,1,51.49,2.47,2.76,18,3.76,2.699,10.148239,61037,13573,0,-
15:18:47.527,snap,default,com.miui.personalassistant,discharging,1,30.2,84.4,100,95,1,51.49,2.47,2.76,20,3.774,2.031,7.6649933,50206,23731,0,-
15:18:48.528,snap,default,com.miui.personalassistant,discharging,1,30.3,84.4,100,95,1,49.23,2.39,2.44,20,3.774,2.039,7.695186,50206,23731,0,-
15:18:49.527,snap,default,com.miui.personalassistant,discharging,1,30.3,81.4,100,95,1,49.23,2.39,2.44,19,3.777,1.868,7.055436,45580,22895,0,-
15:18:50.528,snap,default,com.miui.personalassistant,discharging,1,30.3,78.4,100,95,1,45.56,2.31,2.18,20,3.757,2.291,8.607286,45580,22895,0,-
15:18:51.529,snap,default,com.miui.personalassistant,discharging,1,30.4,75.7,100,95,1,45.56,2.31,2.18,20,3.773,2.204,8.315692,48155,20743,0,-
15:18:52.528,snap,default,com.miui.personalassistant,discharging,1,30.4,75.7,100,95,1,45.46,2.44,2.33,17,3.761,2.208,8.304288,48155,20743,0,-
15:18:53.528,snap,default,com.miui.personalassistant,discharging,1,30.5,76.1,100,95,1,45.46,2.44,2.33,16,3.773,1.945,7.3384852,45570,20050,0,-
15:18:54.531,snap,default,com.miui.personalassistant,discharging,1,30.5,76.1,100,95,1,43.38,2.18,2.08,24,3.773,2.037,7.6856008,45570,20050,0,-
15:18:55.528,snap,default,com.miui.personalassistant,discharging,1,30.5,76.5,100,95,1,43.38,2.18,2.08,28,3.756,2.329,8.747725,44024,16124,0,-
15:18:56.529,snap,default,com.miui.personalassistant,discharging,1,30.5,76.5,100,95,1,41.86,2.33,1.89,16,3.755,2.623,9.849365,44024,16124,0,-
15:18:57.531,snap,default,com.miui.personalassistant,discharging,1,30.5,73.5,100,95,1,41.86,2.33,1.89,13,3.791,1.783,6.7593527,50427,23524,0,-
15:18:58.533,snap,default,com.miui.personalassistant,discharging,1,30.6,73.5,100,95,1,41.7,2.27,1.54,50,3.777,1.456,5.499312,50427,23524,0,-
15:18:59.530,snap,default,com.miui.personalassistant,discharging,1,30.6,73.5,100,95,1,41.7,2.27,1.54,30,3.795,1.179,4.474305,28252,14708,0,-
15:19:00.532,snap,default,com.miui.personalassistant,discharging,1,30.6,73.5,100,95,1,38.13,2.4,1.26,30,3.8,0.878,3.3364,28252,14708,0,-
15:19:01.532,snap,default,com.miui.personalassistant,discharging,1,30.7,73.5,100,95,1,38.13,2.4,1.26,0,3.814,0.494,1.8841159,10753,4933,0,-
15:19:02.532,snap,default,com.miui.personalassistant,discharging,1,30.7,73.5,100,95,1,34.49,2.69,1.03,0,3.814,0.439,1.674346,10753,4933,0,-
15:19:03.532,snap,default,com.miui.personalassistant,discharging,1,30.7,73.5,100,95,1,34.49,2.69,1.03,0,3.814,0.442,1.6857879,9828,4411,0,-
15:19:04.533,snap,default,com.miui.personalassistant,discharging,1,30.7,73.5,100,95,1,31.14,2.92,0.85,0,3.813,0.518,1.975134,9828,4411,0,-
15:19:05.536,snap,default,com.miui.personalassistant,discharging,1,30.7,73.5,100,95,1,31.14,2.92,0.85,0,3.818,0.411,1.5691981,5204,2265,0,-
15:19:06.533,snap,default,com.miui.personalassistant,discharging,1,30.7,73.5,100,95,1,26.94,3.48,0.69,22,3.812,0.6,2.2872002,5204,2265,0,-
15:19:07.537,snap,default,com.miui.personalassistant,discharging,1,30.8,73.5,100,95,1,26.94,3.48,0.69,22,3.817,0.594,2.267298,5204,2265,0,-
15:19:08.534,snap,default,com.miui.home,discharging,1,30.8,73.5,100,95,1,26.77,3.57,0.75,0,3.819,0.34,1.29846,17851,7910,0,-
15:19:09.532,snap,default,com.miui.home,discharging,1,30.8,73.5,100,95,1,26.77,3.57,0.75,0,3.815,0.562,2.1440299,17851,7910,0,-
15:19:10.535,snap,default,com.miui.home,discharging,1,30.8,73.5,100,95,1,24.82,3.47,0.61,6,3.792,1.55,5.8775997,32054,13399,0,-
15:19:11.532,snap,default,com.miui.home,discharging,1,30.8,73.5,100,95,1,24.82,3.47,0.61,25,3.809,1.113,4.239417,32054,13399,0,-
15:19:12.532,snap,default,com.miui.home,discharging,1,30.9,73.5,100,95,1,23.58,3.02,0.5,27,3.811,0.96,3.65856,25317,10295,0,-
15:19:13.533,snap,default,com.miui.home,discharging,1,30.9,73.5,100,95,1,23.58,3.02,0.5,38,3.81,0.847,3.2270699,25317,10295,0,-
15:19:14.535,snap,default,com.miui.home,discharging,1,30.9,73.5,100,95,1,20.4,2.65,0.41,21,3.807,0.777,2.958039,18712,7310,0,-
15:19:15.533,snap,default,com.miui.home,discharging,1,30.9,73.5,100,95,1,20.4,2.65,0.41,39,3.801,1.373,5.2187734,18712,7310,0,-
15:19:16.535,snap,default,com.omarea.vtools,discharging,1,30.9,73.5,100,95,1,20.32,2.35,0.33,5,3.8,1.04,3.952,31196,17497,0,-
15:19:17.547,snap,default,com.omarea.vtools,discharging,1,30.9,73.5,100,95,1,20.32,2.35,0.33,0,3.816,0.6,2.2896001,31196,17497,0,-
15:19:18.534,snap,default,com.omarea.vtools,discharging,1,30.9,73.5,100,95,1,18.27,2.29,0.27,0,3.818,0.504,1.9242721,10609,3571,0,-
15:19:19.534,snap,default,com.omarea.vtools,discharging,1,30.9,73.5,100,95,1,18.27,2.29,0.27,8,3.817,0.589,2.2482128,10609,3571,0,-
15:19:20.534,snap,default,com.omarea.vtools,discharging,1,30.9,73.5,100,95,1,16.77,2.23,0.22,0,3.807,0.801,3.049407,17319,7301,0,-
15:19:21.535,snap,default,com.omarea.vtools,discharging,1,30.9,73.5,100,95,1,16.77,2.23,0.22,12,3.814,0.86,3.28004,17319,7301,0,-
15:19:22.534,snap,default,com.omarea.vtools,discharging,1,30.9,73.5,100,95,1,15,2.19,0.18,12,3.803,1.011,3.8448331,21887,9587,0,-
15:19:23.535,snap,default,com.omarea.vtools,discharging,1,30.9,73.5,100,95,1,15,2.19,0.18,11,3.817,0.616,2.3512719,21887,9587,0,-
15:19:24.535,snap,default,com.omarea.vtools,discharging,1,30.9,73.5,100,95,1,14.64,1.97,0.15,11,3.816,0.762,2.907792,15381,5863,0,-
15:19:25.535,snap,default,com.omarea.vtools,discharging,1,30.9,73.5,100,95,1,14.64,1.97,0.15,12,3.815,0.633,2.414895,15381,5863,0,-
15:19:26.535,snap,default,com.omarea.vtools,discharging,1,30.9,73.5,100,95,1,13.43,1.98,0.12,4,3.815,0.546,2.08299,15431,6272,0,-
15:19:27.536,snap,default,com.omarea.vtools,discharging,1,30.9,73.5,100,95,1,13.43,1.98,0.12,4,3.817,0.528,2.0153759,15431,6272,0,-
15:19:28.535,snap,default,com.omarea.vtools,discharging,1,30.9,73.5,100,95,1,12.45,1.98,0.1,4,3.818,0.626,2.390068,11254,4234,0,-
15:19:29.536,snap,default,com.omarea.vtools,discharging,1,30.9,73.5,100,95,1,12.45,1.98,0.1,5,3.814,0.638,2.433332,11254,4234,0,-
15:19:30.538,snap,default,com.omarea.vtools,discharging,1,30.9,73.5,100,95,1,11.46,1.98,0.08,14,3.812,0.625,2.3825,12062,5212,0,-
15:19:31.537,snap,default,com.omarea.vtools,discharging,1,30.9,73.5,100,95,1,11.46,1.98,0.08,14,3.818,0.683,2.6076941,12062,5212,0,-
15:19:32.538,snap,default,com.miui.home,discharging,1,31,73.5,100,95,1,12.1,1.8,0.06,0,3.822,0.306,1.169532,12963,5503,0,-
15:19:33.537,snap,default,com.miui.home,charging,1,31,73.5,100,95,1,12.1,1.8,0.06,0,3.829,0.293,1.1218971,12963,5503,0,-
15:19:34.537,snap,default,com.miui.home,charging,1,31,73.5,100,95,1,13.71,2.38,0.05,0,3.824,0.184,0.70361596,12963,5503,0,-
15:19:35.536,snap,default,com.miui.home,charging,1,31,73.5,100,95,1,13.71,2.38,0.05,23,3.824,0.152,0.581248,31293,12663,0,-
15:19:36.536,snap,default,com.miui.home,charging,1,31,73.5,100,95,1,17.39,2.31,0.04,24,3.862,-0.663,2.5605059,31293,12663,0,-
15:19:37.537,snap,default,com.miui.home,charging,1,31,73.5,100,95,1,17.39,2.31,0.04,0,3.864,-1.372,5.301408,22342,10084,0,-
15:19:38.537,snap,default,com.miui.home,charging,1,31,73.5,100,95,1,17.86,2.25,0.03,0,3.866,-1.375,5.31575,22342,10084,0,-
15:19:39.538,snap,default,com.miui.home,charging,1,31,73.5,100,95,1,17.86,2.25,0.03,0,3.867,-1.375,5.3171253,13618,6198,0,-
15:19:40.539,snap,default,com.miui.home,charging,1,31,73.5,100,95,1,18.07,2.21,0.02,0,3.868,-1.38,5.33784,13618,6198,0,-
15:19:41.541,snap,default,com.miui.home,charging,1,31,73.5,100,95,1,18.07,2.21,0.02,0,3.869,-1.382,5.3469577,12976,4995,0,-
15:19:42.539,snap,default,com.miui.home,charging,1,31,73.5,100,95,1,17.69,2.17,0.02,0,3.87,-1.382,5.3483396,12976,4995,0,-
15:19:43.542,snap,default,com.miui.home,charging,1,31,73.5,100,95,1,17.69,2.17,0.02,0,3.871,-1.382,5.349722,4729,1212,0,-
15:19:44.540,snap,default,com.miui.home,charging,1,31,73.5,100,95,1,16.84,3.22,0.01,0,3.871,-1.382,5.349722,4729,1212,0,-
15:19:45.541,snap,default,com.miui.home,charging,1,31,73.5,100,95,1,16.14,3.91,0.01,0,3.872,-1.382,5.351104,4247,885,0,-
15:19:46.545,snap,default,com.miui.home,charging,1,31,73.5,100,95,1,16.14,3.91,0.01,0,3.873,-1.383,5.356359,4247,885,0,-
15:19:47.543,snap,default,com.miui.home,charging,1,31,73.5,100,95,1,15.57,4.65,0.01,0,3.873,-1.383,5.356359,4068,778,0,-
15:19:48.545,snap,default,com.miui.home,charging,1,31,73.5,100,95,1,15.57,4.65,0.01,0,3.874,-1.383,5.3577423,4068,778,0,-
15:19:49.544,snap,default,com.miui.home,charging,1,31,73.5,100,95,1,15.47,5.25,0.01,0,3.875,-1.383,5.359125,3973,791,0,-
15:19:50.545,snap,default,com.miui.home,charging,1,31,73.5,100,95,1,15.47,5.25,0.01,0,3.875,-1.383,5.359125,3973,791,0,-
15:19:51.544,snap,default,com.miui.home,charging,1,31,73.5,100,95,1,15.38,5.39,0,0,3.875,-1.382,5.35525,5282,1496,0,-
15:19:52.545,snap,default,com.miui.home,charging,1,31,73.5,100,95,1,15.38,5.39,0,0,3.875,-1.382,5.35525,5282,1496,0,-
15:19:53.547,snap,default,com.miui.home,charging,1,31,73.5,100,95,1,15.31,6.04,0,0,3.876,-1.383,5.360508,3689,647,0,-
15:19:54.546,snap,default,com.miui.home,charging,1,31,73.5,100,95,1,15.31,6.04,0,0,3.876,-1.383,5.360508,3689,647,0,-
15:19:55.546,snap,default,com.miui.home,charging,1,31,73.5,100,95,1,15.25,6.76,0,0,3.877,-1.383,5.3618913,3768,649,0,-
15:19:56.546,snap,default,com.miui.home,charging,1,31,73.5,100,95,1,15.25,6.76,0,0,3.877,-1.383,5.3618913,3768,649,0,-
15:19:57.547,snap,default,com.miui.home,charging,1,31,73.5,100,95,1,14.66,6.8,0,0,3.877,-1.383,5.3618913,3953,707,0,-
15:19:58.548,snap,default,com.miui.home,charging,1,31,73.5,100,95,1,14.66,6.8,0,0,3.878,-1.383,5.363274,3953,707,0,-
15:19:59.548,snap,default,com.miui.home,charging,1,31,73.5,100,95,1,14.36,6.84,0,0,3.878,-1.383,5.363274,4248,693,0,-
15:20:00.552,snap,default,com.miui.home,charging,1,31,73.5,100,95,1,14.36,6.84,0,0,3.878,-1.383,5.363274,4248,693,0,-
15:20:01.552,snap,default,com.miui.home,charging,1,31,73.5,100,95,1,14.29,7.05,0,0,3.879,-1.383,5.364657,4248,693,0,-
15:20:02.551,snap,default,com.miui.home,charging,1,31,73.5,100,95,1,14.29,7.05,0,0,3.879,-1.383,5.364657,4009,678,0,-
15:20:03.552,snap,default,com.miui.home,charging,1,31,73.5,100,95,1,14.24,7.4,0,0,3.88,-1.383,5.36604,4009,678,0,-
15:20:04.552,snap,default,com.miui.home,charging,1,31,73.5,100,95,1,14.24,7.4,0,0,3.846,-1.139,4.3805943,4707,1452,0,-
15:20:05.552,snap,default,com.miui.home,charging,1,31,73.5,100,95,1,14.92,7.33,0,0,3.848,0,0,4707,1452,0,-
15:20:06.553,snap,default,com.miui.home,charging,1,31,73.5,100,95,1,14.92,7.33,0,0,3.872,-0.014,0.054208003,5341,1438,0,-
15:20:07.557,snap,default,com.miui.home,charging,1,31,73.5,100,95,1,15.12,7.45,0,0,3.893,-1.572,6.119796,5341,1438,0,-
15:20:08.552,snap,default,com.miui.home,charging,1,31,73.5,100,95,1,15.12,7.45,0,0,3.893,-2.081,8.101333,4722,1199,0,-
15:20:09.554,snap,default,com.miui.home,charging,1,31,73.5,100,95,1,15.09,7.18,0,0,3.919,-3.093,12.121467,4722,1199,0,-
15:20:10.553,snap,default,com.miui.home,charging,1,31,73.5,100,95,1,15.09,7.18,0,0,3.937,-3.788,14.913357,5606,1665,0,-
15:20:11.553,snap,default,com.miui.home,charging,1,31,73.5,100,95,1,15.08,6.97,0,0,3.953,-4.361,17.239033,5606,1665,0,-
15:20:12.556,snap,default,com.miui.home,charging,1,31,73.5,100,95,1,15.08,6.97,0,0,3.945,-4.571,18.032595,6403,2076,0,-
15:20:13.560,snap,default,com.miui.home,charging,1,31,73.5,100,95,1,15.06,6.79,0,0,3.86,-3.398,13.11628,6403,2076,0,-
15:20:14.556,snap,default,com.miui.home,charging,1,31,73.5,100,95,1,15.06,6.79,0,0,3.887,-0.586,2.2777822,5553,1262,0,-
15:20:15.556,snap,default,com.miui.home,charging,1,31,73.5,100,95,1,14.5,6.47,0,0,3.886,-1.331,5.172266,5553,1262,0,-
15:20:16.558,snap,default,com.miui.home,charging,1,31,73.5,100,95,1,14.5,6.47,0,0,3.887,-1.327,5.158049,3875,788,0,-
15:20:17.557,snap,default,com.miui.home,charging,1,31,73.5,100,95,1,14.23,6.56,0,0,3.885,-1.328,5.15928,3875,788,0,-
15:20:18.557,snap,default,com.miui.home,charging,1,31,73.5,100,95,1,14.23,6.56,0,0,3.884,-1.336,5.189024,4021,751,0,-
15:20:19.559,snap,default,com.miui.home,charging,1,31,73.5,100,95,1,14.19,6.82,0,0,3.886,-1.335,5.18781,4021,751,0,-
15:20:20.557,snap,default,com.miui.home,charging,1,31,73.5,100,95,1,14.19,6.82,0,0,3.885,-1.331,5.1709347,4256,797,0,-
15:20:21.558,snap,default,com.miui.home,charging,1,31,73.5,100,95,1,14.15,6.85,0,0,3.886,-1.331,5.172266,4256,797,0,-
15:20:22.559,snap,default,com.miui.home,charging,1,31,73.5,100,95,1,14.15,6.85,0,0,3.885,-1.334,5.18259,4306,634,0,-
15:20:23.558,snap,default,com.miui.home,charging,1,31,73.5,100,95,1,13.76,7.06,0,0,3.886,-1.335,5.18781,4306,634,0,-
15:20:24.558,snap,default,com.miui.home,charging,1,31,73.5,100,95,1,13.76,7.06,0,0,3.884,-1.33,5.1657205,5629,1383,0,-
15:20:25.558,snap,default,com.miui.home,charging,1,31,73.5,100,95,1,13.44,6.51,0,0,3.886,-1.331,5.172266,5629,1383,0,-
15:20:26.559,snap,default,com.miui.home,charging,1,31,73.5,100,95,1,13.44,6.51,0,0,3.886,-1.342,5.215012,5629,1383,0,-
15:20:27.559,snap,default,com.miui.home,charging,1,31,73.5,100,95,1,13.36,6.59,0,0,3.885,-1.346,5.22921,4839,540,0,-
15:20:28.560,snap,default,com.miui.home,charging,1,31,73.5,100,95,1,13.36,6.59,0,0,3.886,-1.352,5.253872,4839,540,0,-
15:20:29.560,snap,default,com.miui.home,charging,1,31,73.5,100,95,1,13.11,6.49,0,0,3.885,-1.351,5.248635,4414,783,0,-
15:20:30.565,snap,default,com.miui.home,charging,1,31,73.5,100,95,1,13.11,6.49,0,0,3.886,-1.351,5.2499857,4414,783,0,-
15:20:31.565,snap,default,com.miui.home,charging,1,31,73.5,100,95,1,13.27,6.76,0,0,3.886,-1.351,5.2499857,3959,761,0,-
15:20:32.565,snap,default,com.miui.home,charging,1,30.9,73.5,100,95,1,13.27,6.76,0,0,3.886,-1.352,5.253872,3959,761,0,-
15:20:33.564,snap,default,com.miui.home,charging,1,30.9,73.5,100,95,1,13.27,6.76,0,0,3.887,-1.35,5.2474504,3952,618,0,-
15:20:34.565,snap,default,com.miui.home,charging,1,30.9,73.5,100,95,1,13.04,6.62,0,0,3.887,-1.35,5.2474504,3952,618,0,-
15:20:35.564,snap,default,com.miui.home,charging,1,30.9,73.5,100,95,1,13.04,6.62,0,0,3.887,-1.352,5.255224,6598,666,0,-
15:20:36.565,snap,default,com.miui.home,charging,1,30.9,73.5,100,95,1,12.67,6.51,0,0,3.888,-1.352,5.256576,6598,666,0,-
15:20:37.566,snap,default,com.miui.home,charging,1,30.9,73.5,100,95,1,12.67,6.51,0,0,3.888,-1.348,5.241024,3827,676,0,-
15:20:38.564,snap,default,com.miui.home,charging,1,30.9,73.5,100,95,1,12.55,6.41,0,0,3.888,-1.348,5.241024,3827,676,0,-
15:20:39.564,snap,default,com.miui.home,charging,1,30.9,73.5,100,95,1,12.55,6.41,0,0,3.887,-1.35,5.2474504,5194,893,0,-
15:20:44.241,snap,default,com.miui.home,charging,1,30.9,73.5,100,95,1,12.27,6.34,0,0,3.886,-1.354,5.261644,5194,893,0,-
15:20:45.242,snap,default,com.miui.home,charging,1,30.9,73.5,100,95,1,12.27,6.34,0,0,3.888,-1.359,5.283792,18619,4541,0,-
15:20:56.319,snap,default,com.miui.home,charging,1,30.9,73.5,100,95,1,13.12,5.73,0,0,3.889,-1.361,5.2929287,18619,4541,0,-
15:21:05.570,snap,default,com.miui.home,charging,1,30.8,73.5,100,95,1,13.12,5.73,0,0,3.891,-1.387,5.3968167,14261,4759,0,-
15:21:21.634,snap,default,com.miui.home,charging,1,30.8,73.5,100,95,1,13.64,5.24,0,0,3.892,-1.38,5.3709598,14261,4759,0,-
15:21:32.490,snap,default,com.miui.home,charging,1,30.7,73.5,100,95,1,13.64,5.24,0,0,3.895,-1.38,5.3751,15121,5030,0,-
15:21:33.490,snap,default,com.miui.home,charging,1,30.6,73.5,100,95,1,14.07,4.47,0,0,3.897,-1.387,5.405139,15121,5030,0,-
15:21:34.491,snap,default,com.miui.home,charging,1,30.6,73.5,100,95,1,14.07,4.47,0,0,3.897,-1.37,5.33889,10477,2933,0,-
15:21:41.480,snap,default,com.miui.home,charging,1,30.6,73.5,100,95,1,14.6,4.02,0,0,3.897,-1.366,5.3233023,10477,2933,0,-
15:21:50.684,snap,default,com.miui.home,charging,1,30.5,73.5,100,95,1,14.6,4.02,0,0,3.899,-1.387,5.4079127,10711,2982,0,-
15:21:51.685,snap,default,com.miui.home,charging,1,30.4,73.5,100,95,1,15.03,4.01,0,0,3.9,-1.387,5.4093,10711,2982,0,-
15:21:52.687,snap,default,com.miui.home,charging,1,30.4,73.5,100,95,1,15.03,4.01,0,0,3.9,-1.383,5.3937,5582,1823,0,-
15:21:53.688,snap,default,com.miui.home,charging,1,30.4,73.5,100,95,1,14.66,3.47,0,0,3.9,-1.383,5.3937,5582,1823,0,-
15:21:54.686,snap,default,com.miui.home,charging,1,30.4,73.5,100,95,1,14.66,3.47,0,0,3.9,-1.382,5.3898,3629,760,0,-
15:21:55.687,snap,default,com.miui.home,charging,1,30.4,73.5,100,95,1,14,3.2,0,0,3.901,-1.382,5.391182,3629,760,0,-
15:21:56.687,snap,default,com.miui.home,charging,1,30.4,73.5,100,95,1,14,3.2,0,0,3.901,-1.383,5.395083,3629,760,0,-
15:21:57.687,snap,default,com.miui.home,charging,1,30.4,73.5,100,95,1,13.27,2.98,0,0,3.901,-1.383,5.395083,8647,702,0,-
15:21:58.689,snap,default,com.miui.home,charging,1,30.4,73.5,100,95,1,13.27,2.98,0,0,3.901,-1.382,5.391182,8647,702,0,-
15:21:59.688,snap,default,com.miui.home,charging,1,30.4,73.5,100,95,1,12.32,2.62,0,0,3.902,-1.382,5.392564,3461,505,0,-
15:22:00.688,snap,default,com.miui.home,charging,1,30.3,73.5,100,95,1,12.32,2.62,0,0,3.901,-1.382,5.391182,3461,505,0,-
15:22:01.688,snap,default,com.miui.home,charging,1,30.3,73.5,100,95,1,12.08,2.51,0.18,0,3.902,-1.382,5.392564,3586,679,0,-
15:22:02.689,snap,default,com.miui.home,charging,1,30.3,73.5,100,95,1,12.08,2.51,0.18,0,3.902,-1.382,5.392564,3586,679,0,-
15:22:03.690,snap,default,com.miui.home,charging,1,30.3,73.5,100,95,1,11.7,2.23,0.14,0,3.902,-1.382,5.392564,10007,570,0,-
15:22:04.689,snap,default,com.miui.home,charging,1,30.3,73.5,100,95,1,11.7,2.23,0.14,0,3.902,-1.382,5.392564,10007,570,0,-
15:22:05.689,snap,default,com.miui.home,charging,1,30.3,73.5,100,95,1,11.39,2.01,0.12,0,3.903,-1.382,5.393946,3817,868,0,-
15:22:06.690,snap,default,com.miui.home,charging,1,30.3,73.5,100,95,1,11.39,2.01,0.12,0,3.903,-1.382,5.393946,3817,868,0,-
15:22:07.690,snap,default,com.miui.home,charging,1,30.3,73.5,100,95,1,11.14,1.82,0.09,0,3.903,-1.382,5.393946,3635,635,0,-
15:22:08.691,snap,default,com.miui.home,charging,1,30.3,73.5,100,95,1,11.14,1.82,0.09,0,3.903,-1.382,5.393946,3635,635,0,-
15:22:09.690,snap,default,com.miui.home,charging,1,30.3,73.5,100,95,1,10.93,1.86,0.08,0,3.904,-1.382,5.395328,3843,760,0,-
15:22:10.693,snap,default,com.miui.home,charging,1,30.3,73.5,100,95,1,10.93,1.86,0.08,0,3.903,-1.382,5.393946,3843,760,0,-
15:22:11.691,snap,default,com.miui.home,charging,1,30.3,73.5,100,95,1,10.76,1.88,0.06,0,3.904,-1.382,5.395328,3627,618,0,-
15:22:12.692,snap,default,com.miui.home,charging,1,30.3,73.5,100,95,1,10.76,1.88,0.06,0,3.904,-1.382,5.395328,3627,618,0,-
15:22:13.692,snap,default,com.miui.home,charging,1,30.3,73.5,100,95,1,10.62,1.72,0.05,0,3.904,-1.382,5.395328,3748,616,0,-
15:22:14.691,snap,default,com.miui.home,charging,1,30.3,73.5,100,95,1,10.62,1.72,0.05,0,3.904,-1.382,5.395328,3748,616,0,-
15:22:15.693,snap,default,com.miui.home,charging,1,30.3,73.5,100,95,1,10.87,2.31,0.04,0,3.904,-1.383,5.399232,4552,1031,0,-
15:22:16.692,snap,default,com.miui.home,charging,1,30.3,73.5,100,95,1,10.87,2.31,0.04,0,3.904,-1.383,5.399232,4552,1031,0,-
15:22:17.696,snap,default,com.miui.home,charging,1,30.3,73.5,100,95,1,11.07,2.8,0.03,0,3.904,-1.383,5.399232,4307,963,0,-
15:22:18.701,snap,default,com.miui.home,charging,1,30.3,73.5,100,95,1,11.07,2.8,0.03,0,3.905,-1.383,5.400615,4307,963,0,-
15:22:19.697,snap,default,com.miui.home,charging,1,30.3,73.5,100,95,1,11.24,3.38,0.02,0,3.905,-1.383,5.400615,3941,718,0,-
15:22:20.700,snap,default,com.miui.home,charging,1,30.3,73.5,100,95,1,11.24,3.38,0.02,0,3.905,-1.384,5.4045196,3941,718,0,-
15:22:21.698,snap,default,com.miui.home,charging,1,30.3,73.5,100,95,1,11.38,3.85,0.02,0,3.905,-1.384,5.4045196,5417,1045,0,-
15:22:22.700,snap,default,com.miui.home,charging,1,30.3,73.5,100,95,1,11.38,3.85,0.02,0,3.905,-1.384,5.4045196,5417,1045,0,-
15:22:23.700,snap,default,com.miui.home,charging,1,30.3,73.5,100,95,1,10.77,3.52,0.01,0,3.905,-1.384,5.4045196,5417,1045,0,-
15:22:24.699,snap,default,com.miui.home,charging,1,30.3,73.5,100,95,1,10.77,3.52,0.01,0,3.906,-1.384,5.405904,2841,200,0,-
15:22:25.701,snap,default,com.miui.home,charging,1,30.3,73.5,100,95,1,10.44,2.88,0.01,0,3.906,-1.384,5.405904,2841,200,0,-
15:22:26.701,snap,default,com.miui.home,charging,1,30.3,73.5,100,95,1,10.44,2.88,0.01,0,3.906,-1.384,5.405904,2196,125,0,-
15:22:27.700,snap,default,com.miui.home,charging,1,30.3,73.5,100,95,1,10,2.36,0.01,0,3.906,-1.383,5.401998,2196,125,0,-
15:22:28.702,snap,default,com.miui.home,charging,1,30.3,73.5,100,95,1,10,2.36,0.01,0,3.906,-1.383,5.401998,4572,207,0,-
15:22:29.702,snap,default,com.miui.home,charging,1,30.3,73.5,100,95,1,10,3.02,0,0,3.906,-1.383,5.401998,4572,207,0,-
15:22:30.702,snap,default,com.miui.home,charging,1,30.3,73.5,100,95,1,10,3.02,0,0,3.906,-1.383,5.401998,6100,210,0,-
15:22:31.702,snap,default,com.miui.home,charging,1,30.2,73.5,100,95,1,9.64,2.65,0,0,3.907,-1.383,5.4033813,6100,210,0,-
15:22:32.703,snap,default,com.miui.home,charging,1,30.2,73.5,100,95,1,9.64,2.65,0,0,3.907,-1.383,5.4033813,2221,132,0,-
15:22:33.703,snap,default,com.miui.home,charging,1,30.2,73.5,100,95,1,9.52,2.17,0,0,3.907,-1.383,5.4033813,2221,132,0,-
15:22:34.703,snap,default,com.miui.home,charging,1,30.2,73.5,100,95,1,9.52,2.17,0,0,3.906,-1.381,5.394186,2522,237,0,-
15:22:35.704,snap,default,com.miui.home,charging,1,30.2,73.5,100,95,1,9.42,1.77,0,0,3.907,-1.381,5.3955674,2522,237,0,-
15:22:36.704,snap,default,com.miui.home,charging,1,30.2,73.5,100,95,1,9.42,1.77,0,0,3.907,-1.382,5.399474,2507,250,0,-
15:22:37.703,snap,default,com.miui.home,charging,1,30.2,73.5,100,95,1,9.35,1.45,0,0,3.908,-1.382,5.400856,2507,250,0,-
15:22:38.704,snap,default,com.miui.home,charging,1,30.2,73.5,100,95,1,9.35,1.45,0,0,3.908,-1.382,5.400856,2207,141,0,-
15:22:39.705,snap,default,com.miui.home,charging,1,30.2,73.5,100,95,1,9.28,1.19,0,0,3.908,-1.383,5.404764,2207,141,0,-
15:22:40.711,snap,default,com.miui.home,charging,1,30.2,73.5,100,95,1,9.28,1.19,0,0,3.909,-1.38,5.3944197,2644,235,0,-
15:22:41.711,snap,default,com.miui.home,charging,1,30.2,73.5,100,95,1,9.23,0.97,0,0,3.909,-1.381,5.3983293,2644,235,0,-
15:22:42.712,snap,default,com.miui.home,charging,1,30.2,73.5,100,95,1,9.23,0.97,0,0,3.908,-1.382,5.400856,2837,369,0,-
15:22:43.712,snap,default,com.miui.home,charging,1,30.2,73.5,100,95,1,9.01,0.79,0,0,3.909,-1.382,5.402238,2837,369,0,-
15:22:44.711,snap,default,com.miui.home,charging,1,30.2,73.5,100,95,1,9.01,0.79,0,0,3.909,-1.382,5.402238,2310,183,0,-
15:22:45.714,snap,default,com.miui.home,charging,1,30.2,73.5,100,95,1,9,0.65,0,0,3.909,-1.379,5.3905106,2310,183,0,-
15:22:46.714,snap,default,com.miui.home,charging,1,30.2,73.5,100,95,1,9,0.65,0,0,3.909,-1.381,5.3983293,2636,223,0,-
15:22:47.714,snap,default,com.miui.home,charging,1,30.2,73.5,100,95,1,9,0.53,0,0,3.909,-1.382,5.402238,2636,223,0,-
15:22:48.714,snap,default,com.miui.home,charging,1,30.2,73.5,100,95,1,9,0.53,0,0,3.91,-1.383,5.4075303,2240,115,0,-
15:22:49.713,snap,default,com.miui.home,charging,1,30.2,73.5,100,95,1,9,0.43,0,0,3.909,-1.383,5.406147,2240,115,0,-
15:22:50.714,snap,default,com.miui.home,charging,1,30.2,73.5,100,95,1,9,0.43,0,0,3.909,-1.382,5.402238,2240,115,0,-
15:22:51.715,snap,default,com.miui.home,charging,1,30.2,73.5,100,95,1,8.64,0.35,0,0,3.91,-1.382,5.40362,3140,283,0,-
15:22:52.715,snap,default,com.miui.home,charging,1,30.2,73.5,100,95,1,8.64,0.35,0,0,3.911,-1.383,5.408913,3140,283,0,-
15:22:53.715,snap,default,com.miui.home,charging,1,30.2,73.5,100,95,1,8.7,0.29,0,0,3.91,-1.383,5.4075303,2402,160,0,-
15:22:54.716,snap,default,com.miui.home,charging,1,30.2,73.5,100,95,1,8.39,0.24,0,0,3.911,-1.383,5.408913,2402,160,0,-
15:22:55.718,snap,default,com.miui.home,charging,1,30.2,73.5,100,95,1,8.39,0.24,0,0,3.911,-1.383,5.408913,2277,125,0,-
15:22:56.717,snap,default,com.miui.home,charging,1,30.1,73.5,100,95,1,8.5,0.19,0,0,3.911,-1.382,5.405002,2277,125,0,-
15:22:57.718,snap,default,com.miui.home,charging,1,30.1,73.5,100,95,1,8.5,0.19,0,0,3.911,-1.383,5.408913,4095,279,0,-
15:22:58.717,snap,default,com.miui.home,charging,1,30.1,73.5,100,95,1,8.23,0.16,0,0,3.911,-1.383,5.408913,4095,279,0,-
15:22:59.717,snap,default,com.miui.home,charging,1,30.1,73.5,100,95,1,8.23,0.16,0,0,3.911,-1.383,5.408913,2173,97,0,-
15:23:00.718,snap,default,com.miui.home,charging,1,30.1,73.5,100,95,1,8.37,0.13,0,0,3.911,-1.383,5.408913,2173,97,0,-
15:23:01.718,snap,default,com.miui.home,charging,1,30.1,73.5,100,95,1,8.37,0.13,0,0,3.912,-1.38,5.39856,2641,150,0,-
15:23:02.719,snap,default,com.miui.home,charging,1,30.1,73.5,100,95,1,8.3,0.28,0,0,3.912,-1.381,5.402472,2641,150,0,-
15:23:03.718,snap,default,com.miui.home,charging,1,30.1,73.5,100,95,1,8.3,0.28,0,0,3.912,-1.382,5.406384,2409,168,0,-
15:23:04.718,snap,default,com.miui.home,charging,1,30.1,73.5,100,95,1,8.61,0.23,0,0,3.912,-1.382,5.406384,2409,168,0,-
15:23:05.719,snap,default,com.miui.home,charging,1,30.1,73.5,100,95,1,8.61,0.23,0,0,3.912,-1.382,5.406384,2431,307,0,-
15:23:06.719,snap,default,com.miui.home,charging,1,30.1,73.5,100,95,1,8.68,0.37,0,0,3.912,-1.383,5.410296,2431,307,0,-
15:23:07.720,snap,default,com.miui.home,charging,1,30.1,73.5,100,95,1,8.68,0.37,0,0,3.913,-1.383,5.4116793,2419,163,0,-
15:23:08.719,snap,default,com.miui.home,charging,1,30.1,73.5,100,95,1,8.92,0.3,0,0,3.913,-1.383,5.4116793,2419,163,0,-
15:23:09.718,snap,default,com.miui.home,charging,1,30.1,73.5,100,95,1,8.92,0.3,0,0,3.913,-1.383,5.4116793,2222,175,0,-
15:23:10.720,snap,default,com.miui.home,charging,1,30.1,73.5,100,95,1,8.93,0.25,0,0,3.913,-1.383,5.4116793,2222,175,0,-
15:23:11.720,snap,default,com.miui.home,charging,1,30.1,73.5,100,95,1,8.93,0.25,0,0,3.913,-1.383,5.4116793,2246,176,0,-
15:23:12.721,snap,default,com.miui.home,charging,1,30.1,73.5,100,95,1,9.12,0.2,0,0,3.913,-1.383,5.4116793,2246,176,0,-
15:23:13.721,snap,default,com.miui.home,charging,1,30.1,73.5,100,95,1,9.12,0.2,0,0,3.914,-1.383,5.413062,2211,159,0,-
15:23:14.722,snap,default,com.miui.home,charging,1,30.1,73.5,100,95,1,9.1,0.16,0,0,3.913,-1.383,5.4116793,2211,159,0,-
15:23:15.721,snap,default,com.miui.home,charging,1,30.1,73.5,100,95,1,9.1,0.16,0,0,3.914,-1.383,5.413062,2211,159,0,-
15:23:16.722,snap,default,com.miui.home,charging,1,30,73.5,100,95,1,9.26,0.13,0,0,3.914,-1.383,5.413062,2306,203,0,-
15:23:17.722,snap,default,com.miui.home,charging,1,30,73.5,100,95,1,9.26,0.13,0,0,3.914,-1.383,5.413062,2306,203,0,-
15:23:18.723,snap,default,com.miui.home,charging,1,30,73.5,100,95,1,9.03,0.11,0,0,3.914,-1.383,5.413062,2255,111,0,-
15:23:19.723,snap,default,com.miui.home,charging,1,30,73.5,100,95,1,9.03,0.11,0,0,3.915,-1.383,5.414445,2255,111,0,-
15:23:20.724,snap,default,com.miui.home,charging,1,30,73.5,100,95,1,9.03,0.09,0,0,3.914,-1.383,5.413062,2184,135,0,-
15:23:21.723,snap,default,com.miui.home,charging,1,30,73.5,100,95,1,9.03,0.09,0,0,3.914,-1.383,5.413062,2184,135,0,-
15:23:22.725,snap,default,com.miui.home,charging,1,30,73.5,100,95,1,8.84,0.07,0,0,3.915,-1.383,5.414445,2299,152,0,-
15:23:23.724,snap,default,com.miui.home,charging,1,30,73.5,100,95,1,8.84,0.07,0,0,3.915,-1.383,5.414445,2299,152,0,-
15:23:24.726,snap,default,com.miui.home,charging,1,30,73.5,100,95,1,8.5,0.06,0,0,3.915,-1.383,5.414445,2245,151,0,-
15:23:25.726,snap,default,com.miui.home,charging,1,30,73.5,100,95,1,8.5,0.06,0,0,3.915,-1.383,5.414445,2245,151,0,-
15:23:26.736,snap,default,com.miui.home,charging,1,30,73.5,100,95,1,8.59,0.04,0,0,3.916,-1.383,5.4158278,2173,114,0,-
15:23:27.727,snap,default,com.miui.home,charging,1,30,73.5,100,95,1,8.59,0.04,0,0,3.916,-1.383,5.4158278,2173,114,0,-
15:23:28.729,snap,default,com.miui.home,charging,1,30,73.5,100,95,1,8.59,0.04,0,0,3.916,-1.383,5.4158278,2264,160,0,-
15:23:29.730,snap,default,com.miui.home,charging,1,30,73.5,100,95,1,8.67,0.04,0,0,3.916,-1.383,5.4158278,2264,160,0,-
15:23:30.730,snap,default,com.miui.home,charging,1,30,73.5,100,95,1,8.67,0.04,0,0,3.915,-1.383,5.414445,2478,184,0,-
15:23:31.729,snap,default,com.miui.home,charging,1,29.9,73.5,100,95,1,8.54,0.03,0,0,3.916,-1.383,5.4158278,2478,184,0,-
15:23:32.730,snap,default,com.miui.home,charging,1,29.9,73.5,100,95,1,8.54,0.03,0,0,3.916,-1.383,5.4158278,2689,295,0,-
15:23:33.738,snap,default,com.miui.home,charging,1,29.9,73.5,100,95,1,8.44,0.02,0,0,3.917,-1.383,5.417211,2689,295,0,-
15:23:34.737,snap,default,com.miui.home,charging,1,29.9,73.5,100,95,1,8.44,0.02,0,0,3.916,-1.383,5.4158278,2389,182,0,-
15:23:35.743,snap,default,com.miui.home,charging,1,29.9,73.5,100,95,1,8.54,0.02,0,0,3.917,-1.383,5.417211,2389,182,0,-
15:23:36.737,snap,default,com.miui.home,charging,1,29.9,73.5,100,95,1,8.54,0.02,0,0,3.917,-1.383,5.417211,2386,276,0,-
15:23:37.739,snap,default,com.miui.home,charging,1,29.9,73.5,100,95,1,8.63,0.01,0,0,3.917,-1.384,5.421128,2386,276,0,-
15:23:38.738,snap,default,com.miui.home,charging,1,29.9,73.5,100,95,1,8.63,0.01,0,0,3.917,-1.384,5.421128,2217,115,0,-
15:23:39.739,snap,default,com.miui.home,charging,1,29.9,73.5,100,95,1,8.69,0.01,0,0,3.917,-1.384,5.421128,2217,115,0,-
15:23:40.740,snap,default,com.miui.home,charging,1,29.9,73.5,100,95,1,8.69,0.01,0,0,3.918,-1.384,5.4225116,2233,146,0,-
15:23:41.744,snap,default,com.miui.home,charging,1,29.9,73.5,100,95,1,8.57,0.01,0,0,3.918,-1.384,5.4225116,2233,146,0,-
15:23:42.742,snap,default,com.miui.home,charging,1,29.9,73.5,100,95,1,8.57,0.01,0,0,3.918,-1.384,5.4225116,2233,146,0,-
15:23:43.741,snap,default,com.miui.home,charging,1,29.9,73.5,100,95,1,8.46,0,0,0,3.918,-1.383,5.418594,2225,146,0,-
15:23:44.742,snap,default,com.miui.home,charging,1,29.9,73.5,100,95,1,8.46,0,0,0,3.918,-1.383,5.418594,2225,146,0,-
15:23:45.743,snap,default,com.miui.home,charging,1,29.9,73.5,100,95,1,8.56,0,0,0,3.918,-1.383,5.418594,2288,177,0,-
15:23:46.746,snap,default,com.miui.home,charging,1,29.9,73.5,100,95,1,8.56,0,0,0,3.918,-1.383,5.418594,2288,177,0,-
15:23:47.744,snap,default,com.miui.home,charging,1,29.9,73.5,100,95,1,8.64,0,0,0,3.918,-1.383,5.418594,2213,109,0,-
15:23:48.746,snap,default,com.miui.home,charging,1,29.9,73.5,100,95,1,8.64,0,0,0,3.919,-1.383,5.4199767,2213,109,0,-
15:23:49.745,snap,default,com.miui.home,charging,1,29.8,73.5,100,95,1,8.7,0,0,0,3.919,-1.383,5.4199767,2254,133,0,-
15:23:50.748,snap,default,com.miui.home,charging,1,29.8,73.5,100,95,1,8.7,0,0,0,3.919,-1.383,5.4199767,2254,133,0,-
15:23:51.748,snap,default,com.miui.home,charging,1,29.8,73.5,100,95,1,8.94,0,0,0,3.92,-1.383,5.42136,2266,179,0,-
15:23:52.748,snap,default,com.miui.home,charging,1,29.8,73.5,100,95,1,8.94,0,0,0,3.919,-1.383,5.4199767,2266,179,0,-
15:23:53.748,snap,default,com.miui.home,charging,1,29.8,73.5,100,95,1,9.13,0,0,0,3.919,-1.383,5.4199767,2269,126,0,-
15:23:54.750,snap,default,com.miui.home,charging,1,29.8,73.5,100,95,1,9.13,0,0,0,3.92,-1.383,5.42136,2269,126,0,-
15:23:55.750,snap,default,com.miui.home,charging,1,29.8,73.5,100,95,1,8.92,0,0,0,3.92,-1.383,5.42136,2273,145,0,-
15:23:56.751,snap,default,com.miui.home,charging,1,29.8,73.5,100,95,1,8.92,0,0,0,3.92,-1.383,5.42136,2273,145,0,-
15:23:57.751,snap,default,com.miui.home,charging,1,29.8,73.5,100,95,1,8.94,0,0,0,3.92,-1.383,5.42136,2220,146,0,-
15:23:58.754,snap,default,com.miui.home,charging,1,29.8,73.5,100,95,1,8.94,0,0,0,3.92,-1.383,5.42136,2220,146,0,-
15:23:59.753,snap,default,com.miui.home,charging,1,29.8,73.5,100,95,1,8.77,0,0,0,3.92,-1.383,5.42136,2648,164,0,-
15:24:00.753,snap,default,com.miui.home,charging,1,29.8,73.5,100,95,1,8.77,0,0,0,3.92,-1.383,5.42136,2648,164,0,-
15:24:01.761,snap,default,com.miui.home,charging,1,29.8,73.5,100,95,1,8.45,0,0,0,3.921,-1.383,5.422743,2127,78,0,-
15:24:02.755,snap,default,com.miui.home,charging,1,29.8,73.5,100,95,1,8.45,0,0,0,3.921,-1.383,5.422743,2127,78,0,-
15:24:03.756,snap,default,com.miui.home,charging,1,29.8,73.5,100,95,1,8.54,0,0,0,3.921,-1.383,5.422743,2340,252,0,-
15:24:04.755,snap,default,com.miui.home,charging,1,29.8,73.5,100,95,1,8.54,0,0,0,3.921,-1.383,5.422743,2340,252,0,-
15:24:05.755,snap,default,com.miui.home,charging,1,29.8,73.5,100,95,1,8.99,0,0,0,3.922,-1.383,5.424126,4118,1276,0,-
15:24:06.757,snap,default,com.miui.home,charging,1,29.7,73.5,100,95,1,8.99,0,0,0,3.921,-1.383,5.422743,4118,1276,0,-
15:24:07.757,snap,default,com.miui.home,charging,1,29.7,73.5,100,95,1,8.81,0,0,0,3.922,-1.383,5.424126,2266,145,0,-
15:24:08.758,snap,default,com.miui.home,charging,1,29.7,73.5,100,95,1,8.81,0,0,0,3.922,-1.383,5.424126,2266,145,0,-
15:24:09.758,snap,default,com.miui.home,charging,1,29.7,73.5,100,95,1,8.66,0,0,0,3.922,-1.383,5.424126,2266,145,0,-
15:24:10.762,snap,default,com.miui.home,charging,1,29.7,73.5,100,95,1,8.66,0,0,0,3.922,-1.383,5.424126,2208,130,0,-
15:24:11.765,snap,default,com.miui.home,charging,1,29.7,73.5,100,95,1,8.72,0,0,0,3.922,-1.383,5.424126,2208,130,0,-
15:24:12.763,snap,default,com.miui.home,charging,1,29.7,73.5,100,95,1,8.72,0,0,0,3.922,-1.383,5.424126,2506,221,0,-
15:24:13.760,snap,default,com.miui.home,charging,1,29.7,73.5,100,95,1,8.59,0,0,0,3.923,-1.383,5.425509,2506,221,0,-
15:24:14.763,snap,default,com.miui.home,charging,1,29.7,73.5,100,95,1,8.59,0,0,0,3.923,-1.383,5.425509,2223,180,0,-
15:24:15.763,snap,default,com.miui.home,charging,1,29.7,73.5,100,95,1,8.48,0,0,0,3.923,-1.383,5.425509,2223,180,0,-
15:24:16.764,snap,default,com.miui.home,charging,1,29.7,73.5,100,95,1,8.48,0,0,0,3.923,-1.383,5.425509,2240,167,0,-
15:24:17.766,snap,default,com.miui.home,charging,1,29.7,73.5,100,95,1,8.58,0,0,0,3.923,-1.383,5.425509,2240,167,0,-
15:24:18.769,snap,default,com.miui.home,charging,1,29.7,73.5,100,95,1,8.58,0,0,0,3.923,-1.383,5.425509,2205,101,0,-
15:24:19.769,snap,default,com.miui.home,charging,1,29.7,73.5,100,95,1,8.47,0,0,0,3.924,-1.383,5.4268923,2205,101,0,-
15:24:20.769,snap,default,com.miui.home,charging,1,29.7,73.5,100,95,1,8.47,0,0,0,3.923,-1.383,5.425509,2283,109,0,-
15:24:21.773,snap,default,com.miui.home,charging,1,29.7,73.5,100,95,1,8.57,0,0,0,3.923,-1.383,5.425509,2283,109,0,-
15:24:22.772,snap,default,com.miui.home,charging,1,29.7,73.5,100,95,1,8.57,0,0,0,3.924,-1.383,5.4268923,2238,157,0,-
15:24:23.769,snap,default,com.miui.home,charging,1,29.7,73.5,100,95,1,8.64,0,0,0,3.924,-1.383,5.4268923,2238,157,0,-
15:24:24.769,snap,default,com.miui.home,charging,1,29.7,73.5,100,95,1,8.64,0,0,0,3.924,-1.383,5.4268923,2236,124,0,-
15:24:25.771,snap,default,com.miui.home,charging,1,29.7,73.5,100,95,1,8.53,0,0,0,3.924,-1.383,5.4268923,2236,124,0,-
15:24:26.774,snap,default,com.miui.home,charging,1,29.6,73.5,100,95,1,8.53,0,0,0,3.924,-1.383,5.4268923,2222,128,0,-
15:24:27.782,snap,default,com.miui.home,charging,1,29.6,73.5,100,95,1,8.61,0,0,0,3.925,-1.383,5.428275,2222,128,0,-
15:24:28.774,snap,default,com.miui.home,charging,1,29.6,73.5,100,95,1,8.61,0,0,0,3.925,-1.383,5.428275,2196,105,0,-
15:24:29.773,snap,default,com.miui.home,charging,1,29.6,73.5,100,95,1,8.5,0,0,0,3.925,-1.383,5.428275,2196,105,0,-
15:24:30.776,snap,default,com.miui.home,charging,1,29.6,73.5,100,95,1,8.5,0,0,0,3.925,-1.383,5.428275,2225,76,0,-
15:24:31.775,snap,default,com.miui.home,charging,1,29.6,73.5,100,95,1,8.41,0,0,0,3.925,-1.383,5.428275,2225,76,0,-
15:24:32.776,snap,default,com.miui.home,charging,1,29.6,73.5,100,95,1,8.41,0,0,0,3.925,-1.383,5.428275,2151,78,0,-
15:24:33.776,snap,default,com.miui.home,charging,1,29.6,73.5,100,95,1,8.33,0,0,0,3.925,-1.383,5.428275,2151,78,0,-
15:24:34.778,snap,default,com.miui.home,charging,1,29.6,73.5,100,95,1,8.33,0,0,0,3.925,-1.383,5.428275,2151,78,0,-
15:24:35.776,snap,default,com.miui.home,charging,1,29.6,73.5,100,95,1,8.63,0,0,0,3.926,-1.383,5.4296584,2391,196,0,-
15:24:36.777,snap,default,com.miui.home,charging,1,29.6,73.5,100,95,1,8.63,0,0,0,3.926,-1.383,5.4296584,2391,196,0,-
15:24:37.778,snap,default,com.miui.home,charging,1,29.6,73.5,100,95,1,8.52,0,0,0,3.926,-1.383,5.4296584,2232,182,0,-
15:24:38.777,snap,default,com.miui.home,charging,1,29.6,73.5,100,95,1,8.52,0,0,0,3.926,-1.383,5.4296584,2232,182,0,-
15:24:39.778,snap,default,com.miui.home,charging,1,29.6,73.5,100,95,1,8.6,0,0,0,3.926,-1.383,5.4296584,2337,198,0,-
15:24:40.782,snap,default,com.miui.home,charging,1,29.6,73.5,100,95,1,8.6,0,0,0,3.926,-1.383,5.4296584,2337,198,0,-
15:24:41.785,snap,default,com.miui.home,charging,1,29.6,73.5,100,95,1,8.68,0,0,0,3.927,-1.383,5.4310412,2241,105,0,-
15:24:42.783,snap,default,com.miui.home,charging,1,29.6,73.5,100,95,1,8.68,0,0,0,3.927,-1.383,5.4310412,2241,105,0,-
15:24:43.781,snap,default,com.miui.home,charging,1,29.6,73.5,100,95,1,8.73,0,0,0,3.927,-1.383,5.4310412,2702,277,0,-
15:24:44.780,snap,default,com.miui.home,charging,1,29.6,73.5,100,95,1,8.73,0,0,0,3.927,-1.383,5.4310412,2702,277,0,-
15:24:45.782,snap,default,com.miui.home,charging,1,29.5,73.5,100,95,1,8.96,0,0,0,3.927,-1.383,5.4310412,2359,164,0,-
15:24:46.785,snap,default,com.miui.home,charging,1,29.5,73.5,100,95,1,8.96,0,0,0,3.927,-1.383,5.4310412,2359,164,0,-
15:24:47.784,snap,default,com.miui.home,charging,1,29.5,73.5,100,95,1,8.61,0,0,0,3.927,-1.383,5.4310412,2324,197,0,-
15:24:48.784,snap,default,com.miui.home,charging,1,29.5,73.5,100,95,1,8.61,0,0,0,3.927,-1.383,5.4310412,2324,197,0,-
15:24:49.784,snap,default,com.miui.home,charging,1,29.5,73.5,100,95,1,8.5,0,0,0,3.928,-1.383,5.432424,2183,121,0,-
15:24:50.785,snap,default,com.miui.home,charging,1,29.5,73.5,100,95,1,8.5,0,0,0,3.928,-1.383,5.432424,2183,121,0,-
15:24:51.789,snap,default,com.miui.home,charging,1,29.5,73.5,100,95,1,8.77,0,0,0,3.928,-1.383,5.432424,2224,121,0,-
15:24:52.786,snap,default,com.miui.home,charging,1,29.5,73.5,100,95,1,8.77,0,0,0,3.928,-1.383,5.432424,2224,121,0,-
15:24:53.784,snap,default,com.miui.home,charging,1,29.5,73.5,100,95,1,8.81,0,0,0,3.928,-1.383,5.432424,2199,119,0,-
15:24:54.789,snap,default,com.miui.home,charging,1,29.5,73.5,100,95,1,8.81,0,0,0,3.928,-1.383,5.432424,2199,119,0,-
15:24:55.786,snap,default,com.miui.home,charging,1,29.5,73.5,100,95,1,8.66,0,0,0,3.928,-1.383,5.432424,2316,193,0,-
15:24:56.787,snap,default,com.miui.home,charging,1,29.5,73.5,100,95,1,8.66,0,0,0,3.929,-1.383,5.433807,2316,193,0,-
15:24:57.788,snap,default,com.miui.home,charging,1,29.5,73.5,100,95,1,8.54,0,0,0,3.928,-1.383,5.432424,2150,90,0,-
15:24:58.791,snap,default,com.miui.home,charging,1,29.5,73.5,100,95,1,8.54,0,0,0,3.928,-1.383,5.432424,2150,90,0,-
15:24:59.788,snap,default,com.miui.home,charging,1,29.5,73.5,100,95,1,8.62,0,0,0,3.929,-1.383,5.433807,2307,140,0,-
15:25:00.787,snap,default,com.miui.home,charging,1,29.5,73.5,100,95,1,8.62,0,0,0,3.929,-1.383,5.433807,2307,140,0,-
15:25:01.794,snap,default,com.miui.home,charging,1,29.5,73.5,100,95,1,8.51,0,0,0,3.929,-1.383,5.433807,2307,140,0,-
15:25:02.791,snap,default,com.miui.home,charging,1,29.5,73.5,100,95,1,8.51,0,0,0,3.929,-1.383,5.433807,2190,109,0,-
15:25:03.789,snap,default,com.miui.home,charging,1,29.5,73.5,100,95,1,8.42,0,0,0,3.93,-1.383,5.43519,2190,109,0,-
15:25:04.791,snap,default,com.miui.home,charging,1,29.5,73.5,100,95,1,8.42,0,0,0,3.93,-1.383,5.43519,2232,108,0,-
15:25:05.790,snap,default,com.miui.home,charging,1,29.5,73.5,100,95,1,8.34,0,0,0,3.93,-1.383,5.43519,2232,108,0,-
15:25:06.793,snap,default,com.miui.home,charging,1,29.5,73.5,100,95,1,8.34,0,0,0,3.93,-1.383,5.43519,2494,344,0,-
15:25:07.798,snap,default,com.miui.home,charging,1,29.5,73.5,100,95,1,8.46,0,0,0,3.93,-1.383,5.43519,2494,344,0,-
15:25:08.792,snap,default,com.miui.home,charging,1,29.4,73.5,100,95,1,8.46,0,0,0,3.93,-1.383,5.43519,2214,147,0,-
15:25:09.791,snap,default,com.miui.home,charging,1,29.4,73.5,100,95,1,8.37,0,0,0,3.93,-1.383,5.43519,2214,147,0,-
15:25:10.793,snap,default,com.miui.home,charging,1,29.4,73.5,100,95,1,8.49,0,0,0,3.93,-1.383,5.43519,2252,112,0,-
15:25:11.792,snap,default,com.miui.home,charging,1,29.4,73.5,100,95,1,8.49,0,0,0,3.93,-1.383,5.43519,2252,112,0,-
15:25:12.792,snap,default,com.miui.home,charging,1,29.4,73.5,100,95,1,8.22,0,0,0,3.93,-1.383,5.43519,2179,113,0,-
15:25:13.791,snap,default,com.miui.home,charging,1,29.4,73.5,100,95,1,8.22,0,0,0,3.931,-1.383,5.436573,2179,113,0,-
15:25:14.794,snap,default,com.miui.home,charging,1,29.4,73.5,100,95,1,8.36,0,0,0,3.931,-1.383,5.436573,2254,172,0,-
15:25:15.792,snap,default,com.miui.home,charging,1,29.4,73.5,100,95,1,8.36,0,0,0,3.931,-1.383,5.436573,2254,172,0,-
15:25:16.792,snap,default,com.miui.home,charging,1,29.4,73.5,100,95,1,8.29,0,0,0,3.931,-1.383,5.436573,2272,165,0,-
15:25:17.793,snap,default,com.miui.home,charging,1,29.4,73.5,100,95,1,8.29,0,0,0,3.931,-1.383,5.436573,2272,165,0,-
15:25:18.792,snap,default,com.miui.home,charging,1,29.4,73.5,100,95,1,8.42,0,0,0,3.931,-1.383,5.436573,2184,138,0,-
15:25:19.794,snap,default,com.miui.home,charging,1,29.4,73.5,100,95,1,8.42,0,0,0,3.932,-1.383,5.437956,2184,138,0,-
15:25:20.792,snap,default,com.miui.home,charging,1,29.4,73.5,100,95,1,8.7,0,0,0,3.931,-1.383,5.436573,2182,122,0,-
15:25:21.794,snap,default,com.miui.home,charging,1,29.4,73.5,100,95,1,8.7,0,0,0,3.932,-1.383,5.437956,2182,122,0,-
15:25:22.794,snap,default,com.miui.home,charging,1,29.4,73.5,100,95,1,8.76,0,0,0,3.932,-1.383,5.437956,2228,119,0,-
15:25:23.799,snap,default,com.miui.home,charging,1,29.4,73.5,100,95,1,8.76,0,0,0,3.932,-1.383,5.437956,2228,119,0,-
15:25:24.795,snap,default,com.miui.home,charging,1,29.4,73.5,100,95,1,8.76,0,0,0,3.932,-1.383,5.437956,2166,105,0,-
15:25:25.795,snap,default,com.miui.home,charging,1,29.4,73.5,100,95,1,8.8,0,0,0,3.932,-1.383,5.437956,2166,105,0,-
15:25:26.795,snap,default,com.miui.home,charging,1,29.4,73.5,100,95,1,8.8,0,0,0,3.933,-1.383,5.439339,2187,104,0,-
15:25:27.795,snap,default,com.miui.home,charging,1,29.4,73.5,100,95,1,8.84,0,0,0,3.932,-1.383,5.437956,2187,104,0,-
15:25:28.796,snap,default,com.miui.home,charging,1,29.4,73.5,100,95,1,8.84,0,0,0,3.932,-1.383,5.437956,2187,104,0,-
15:25:29.796,snap,default,com.miui.home,charging,1,29.3,73.5,100,95,1,8.68,0,0,0,3.933,-1.383,5.439339,2177,131,0,-
15:25:30.796,snap,default,com.miui.home,charging,1,29.3,73.5,100,95,1,8.68,0,0,0,3.933,-1.383,5.439339,2177,131,0,-
15:25:31.796,snap,default,com.miui.home,charging,1,29.3,73.5,100,95,1,8.92,0.18,0,0,3.933,-1.383,5.439339,2232,121,0,-
15:25:32.796,snap,default,com.miui.home,charging,1,29.3,73.5,100,95,1,8.92,0.18,0,0,3.933,-1.383,5.439339,2232,121,0,-
15:25:33.794,snap,default,com.miui.home,charging,1,29.3,73.5,100,95,1,8.75,0.14,0,0,3.933,-1.383,5.439339,2207,88,0,-
15:25:34.797,snap,default,com.miui.home,charging,1,29.3,73.5,100,95,1,8.75,0.14,0,0,3.934,-1.383,5.440722,2207,88,0,-
15:25:35.798,snap,default,com.miui.home,charging,1,29.3,73.5,100,95,1,8.98,0.12,0,0,3.934,-1.383,5.440722,2471,287,0,-
15:25:36.798,snap,default,com.miui.home,charging,1,29.3,73.5,100,95,1,8.98,0.12,0,0,3.933,-1.383,5.439339,2471,287,0,-
15:25:37.798,snap,default,com.miui.home,charging,1,29.3,73.5,100,95,1,8.98,0.09,0,0,3.934,-1.383,5.440722,2146,116,0,-
15:25:38.798,snap,default,com.miui.home,charging,1,29.3,73.5,100,95,1,8.98,0.09,0,0,3.934,-1.383,5.440722,2146,116,0,-
15:25:39.798,snap,default,com.miui.home,charging,1,29.3,73.5,100,95,1,8.98,0.08,0,0,3.933,-1.383,5.439339,2160,119,0,-
15:25:40.799,snap,default,com.miui.home,charging,1,29.3,73.5,100,95,1,8.98,0.08,0,0,3.934,-1.383,5.440722,2160,119,0,-
15:25:41.797,snap,default,com.miui.home,charging,1,29.3,73.5,100,95,1,8.8,0.06,0,0,3.934,-1.383,5.440722,2277,179,0,-
15:25:42.799,snap,default,com.miui.home,charging,1,29.3,73.5,100,95,1,8.8,0.06,0,0,3.935,-1.383,5.442105,2277,179,0,-
15:25:43.799,snap,default,com.miui.home,charging,1,29.3,73.5,100,95,1,9.02,0.05,0,0,3.935,-1.383,5.442105,2228,172,0,-
15:25:44.799,snap,default,com.miui.home,charging,1,29.3,73.5,100,95,1,9.02,0.05,0,0,3.935,-1.383,5.442105,2228,172,0,-
15:25:45.799,snap,default,com.miui.home,charging,1,29.3,73.5,100,95,1,9.02,0.04,0,0,3.935,-1.383,5.442105,2203,169,0,-
15:25:46.800,snap,default,com.miui.home,charging,1,29.3,73.5,100,95,1,9.02,0.04,0,0,3.935,-1.383,5.442105,2203,169,0,-
15:25:47.800,snap,default,com.miui.home,charging,1,29.3,73.5,100,95,1,9.01,0.03,0,0,3.935,-1.383,5.442105,2230,166,0,-
15:25:48.800,snap,default,com.miui.home,charging,1,29.3,73.5,100,95,1,9.01,0.03,0,0,3.935,-1.383,5.442105,2230,166,0,-
15:25:49.801,snap,default,com.miui.home,charging,1,29.3,73.5,100,95,1,9.01,0.02,0,0,3.935,-1.383,5.442105,2145,137,0,-
15:25:50.800,snap,default,com.miui.home,charging,1,29.3,73.5,100,95,1,9.01,0.02,0,0,3.935,-1.383,5.442105,2145,137,0,-
15:25:51.801,snap,default,com.miui.home,charging,1,29.2,73.5,100,95,1,9.19,0.02,0,0,3.936,-1.383,5.443488,2200,152,0,-
15:25:52.801,snap,default,com.miui.home,charging,1,29.2,73.5,100,95,1,9.19,0.02,0,0,3.935,-1.383,5.442105,2200,152,0,-
15:25:53.801,snap,default,com.miui.home,charging,1,29.2,73.5,100,95,1,9.15,0.01,0,0,3.936,-1.383,5.443488,2200,152,0,-
15:25:54.801,snap,default,com.miui.home,charging,1,29.2,73.5,100,95,1,9.15,0.01,0,0,3.936,-1.383,5.443488,2267,184,0,-
15:25:55.802,snap,default,com.miui.home,charging,1,29.2,73.5,100,95,1,9.12,0.01,0,0,3.936,-1.383,5.443488,2267,184,0,-
15:25:56.802,snap,default,com.miui.home,charging,1,29.2,73.5,100,95,1,9.12,0.01,0,0,3.936,-1.383,5.443488,2214,168,0,-
15:25:57.804,snap,default,com.miui.home,charging,1,29.2,73.5,100,95,1,9.1,0.01,0,0,3.936,-1.383,5.443488,2214,168,0,-
15:25:58.803,snap,default,com.miui.home,charging,1,29.2,73.5,100,95,1,9.1,0.01,0,0,3.937,-1.383,5.444871,2138,115,0,-
15:25:59.804,snap,default,com.miui.home,charging,1,29.2,73.5,100,95,1,8.9,0,0,0,3.937,-1.383,5.444871,2138,115,0,-
15:26:00.804,snap,default,com.miui.home,charging,1,29.2,73.5,100,95,1,8.9,0,0,0,3.937,-1.383,5.444871,2232,120,0,-
15:26:01.804,snap,default,com.miui.home,charging,1,29.2,73.5,100,95,1,8.92,0.18,0,0,3.937,-1.383,5.444871,2232,120,0,-
15:26:02.805,snap,default,com.miui.home,charging,1,29.2,73.5,100,95,1,8.92,0.18,0,0,3.937,-1.383,5.444871,2222,116,0,-
15:26:03.804,snap,default,com.miui.home,charging,1,29.2,73.5,100,95,1,8.93,0.15,0,0,3.937,-1.383,5.444871,2222,116,0,-
15:26:04.805,snap,default,com.miui.home,charging,1,29.2,73.5,100,95,1,8.93,0.15,0,0,3.937,-1.383,5.444871,2209,155,0,-
15:26:05.805,snap,default,com.miui.home,charging,1,29.2,73.5,100,95,1,8.94,0.12,0,0,3.937,-1.383,5.444871,2209,155,0,-
15:26:06.807,snap,default,com.miui.home,charging,1,29.2,73.5,100,95,1,8.94,0.12,0,0,3.937,-1.383,5.444871,2483,304,0,-
15:26:07.808,snap,default,com.miui.home,charging,1,29.2,73.5,100,95,1,8.77,0.1,0,0,3.938,-1.383,5.446254,2483,304,0,-
15:26:08.808,snap,default,com.miui.home,charging,1,29.2,73.5,100,95,1,8.77,0.1,0,0,3.938,-1.383,5.446254,2138,107,0,-
15:26:09.807,snap,default,com.miui.home,charging,1,29.2,73.5,100,95,1,8.81,0.08,0,0,3.938,-1.383,5.446254,2138,107,0,-
15:26:10.809,snap,default,com.miui.home,charging,1,29.2,73.5,100,95,1,8.81,0.08,0,0,3.938,-1.383,5.446254,2250,134,0,-
15:26:11.809,snap,default,com.miui.home,charging,1,29.2,73.5,100,95,1,9.03,0.06,0,0,3.938,-1.383,5.446254,2250,134,0,-
15:26:12.810,snap,default,com.miui.home,charging,1,29.2,73.5,100,95,1,9.03,0.06,0,0,3.938,-1.383,5.446254,2204,75,0,-
15:26:13.809,snap,default,com.miui.home,charging,1,29.2,73.5,100,95,1,8.84,0.05,0,0,3.938,-1.383,5.446254,2204,75,0,-
15:26:14.811,snap,default,com.miui.home,charging,1,29.2,73.5,100,95,1,8.84,0.05,0,0,3.938,-1.383,5.446254,3060,697,0,-
15:26:15.812,snap,default,com.miui.home,charging,1,29.1,73.5,100,95,1,9.23,0.04,0,0,3.938,-1.383,5.446254,3060,697,0,-
15:26:16.811,snap,default,com.miui.home,charging,1,29.1,73.5,100,95,1,9.23,0.04,0,0,3.938,-1.383,5.446254,3046,663,0,-
15:26:17.811,snap,default,com.miui.home,charging,1,29.1,73.5,100,95,1,9.19,0.03,0,0,3.938,-1.383,5.446254,3046,663,0,-
15:26:18.813,snap,default,com.miui.home,charging,1,29.1,73.5,100,95,1,9.19,0.03,0,0,3.938,-1.383,5.446254,2175,96,0,-
15:26:19.814,snap,default,com.miui.home,charging,1,29.1,73.5,100,95,1,8.97,0.03,0,0,3.938,-1.383,5.446254,2175,96,0,-
15:26:20.817,snap,default,com.miui.home,charging,1,29.1,73.5,100,95,1,8.97,0.03,0,0,3.939,-1.383,5.447637,2175,96,0,-
15:26:21.814,snap,default,com.miui.home,charging,1,29.1,73.5,100,95,1,8.79,0.02,0,0,3.939,-1.383,5.447637,2260,137,0,-
15:26:22.814,snap,default,com.miui.home,charging,1,29.1,73.5,100,95,1,8.79,0.02,0,0,3.939,-1.383,5.447637,2260,137,0,-
15:26:23.814,snap,default,com.miui.home,charging,1,29.1,73.5,100,95,1,8.65,0.01,0,0,3.939,-1.383,5.447637,2280,133,0,-
15:26:24.816,snap,default,com.miui.home,charging,1,29.1,73.5,100,95,1,8.65,0.01,0,0,3.94,-1.383,5.44902,2280,133,0,-
15:26:25.816,snap,default,com.miui.home,charging,1,29.1,73.5,100,95,1,8.53,0.01,0,0,3.939,-1.383,5.447637,2199,105,0,-
15:26:26.816,snap,default,com.miui.home,charging,1,29.1,73.5,100,95,1,8.53,0.01,0,0,3.94,-1.383,5.44902,2199,105,0,-
15:26:27.816,snap,default,com.miui.home,charging,1,29.1,73.5,100,95,1,8.61,0.01,0,0,3.94,-1.383,5.44902,2234,117,0,-
15:26:28.817,snap,default,com.miui.home,charging,1,29.1,73.5,100,95,1,8.61,0.01,0,0,3.94,-1.383,5.44902,2234,117,0,-
15:26:29.817,snap,default,com.miui.home,charging,1,29.1,73.5,100,95,1,8.32,0.01,0,0,3.94,-1.383,5.44902,2220,86,0,-
15:26:30.816,snap,default,com.miui.home,charging,1,29.1,73.5,100,95,1,8.32,0.01,0,0,3.94,-1.383,5.44902,2220,86,0,-
15:26:31.818,snap,default,com.miui.home,charging,1,29.1,73.5,100,95,1,8.44,0,0,0,3.941,-1.383,5.450403,2179,132,0,-
15:26:32.818,snap,default,com.miui.home,charging,1,29.1,73.5,100,95,1,8.44,0,0,0,3.94,-1.383,5.44902,2179,132,0,-
15:26:33.818,snap,default,com.miui.home,charging,1,29.1,73.5,100,95,1,8.36,0,0,0,3.941,-1.384,5.454344,2395,137,0,-
15:26:34.820,snap,default,com.miui.home,charging,1,29.1,73.5,100,95,1,8.36,0,0,0,3.941,-1.384,5.454344,2395,137,0,-
15:26:35.820,snap,default,com.miui.home,charging,1,29.1,73.5,100,95,1,8.29,0,0,0,3.941,-1.384,5.454344,2301,210,0,-
15:26:36.820,snap,default,com.miui.home,charging,1,29.1,73.5,100,95,1,8.29,0,0,0,3.941,-1.384,5.454344,2301,210,0,-
15:26:37.819,snap,default,com.miui.home,charging,1,29.1,73.5,100,95,1,8.42,0,0,0,3.941,-1.384,5.454344,2183,96,0,-
15:26:38.824,snap,default,com.miui.home,charging,1,29.1,73.5,100,95,1,8.42,0,0,0,3.941,-1.384,5.454344,2183,96,0,-
15:26:39.820,snap,default,com.miui.home,charging,1,29.1,73.5,100,95,1,8.53,0,0,0,3.941,-1.384,5.454344,3901,873,0,-
15:26:40.821,snap,default,com.miui.home,charging,1,29.1,73.5,100,95,1,8.53,0,0,0,3.941,-1.384,5.454344,3901,873,0,-
15:26:41.822,snap,default,com.miui.home,charging,1,29.1,73.5,100,95,1,8.79,0.72,0.18,0,3.94,-1.379,5.43326,6078,2019,0,-
15:26:42.822,snap,default,com.miui.home,charging,1,29,73.5,100,95,1,8.79,0.72,0.18,0,3.941,-1.38,5.43858,6078,2019,0,-
15:26:43.821,snap,default,com.miui.home,charging,1,29,73.5,100,95,1,9.37,1.32,0.14,0,3.942,-1.382,5.4478436,5408,1478,0,-
15:26:44.824,snap,default,com.miui.home,charging,1,29,73.5,100,95,1,9.37,1.32,0.14,0,3.941,-1.383,5.450403,5408,1478,0,-
15:26:45.824,snap,default,com.miui.home,charging,1,29,73.5,100,95,1,9.67,1.44,0.12,0,3.942,-1.383,5.451786,5408,1478,0,-
15:26:46.827,snap,default,com.miui.home,charging,1,29,73.5,100,95,1,9.67,1.44,0.12,0,3.942,-1.383,5.451786,6334,1687,0,-
15:26:47.837,snap,default,com.miui.home,charging,1,29,73.5,100,95,1,10.09,2.08,0.09,0,3.942,-1.383,5.451786,6334,1687,0,-
15:26:48.831,snap,default,com.miui.home,charging,1,29,73.5,100,95,1,10.09,2.08,0.09,0,3.942,-1.383,5.451786,4486,859,0,-
15:26:49.832,snap,default,com.miui.home,charging,1,29,73.5,100,95,1,9.53,1.7,0.08,0,3.942,-1.383,5.451786,4486,859,0,-
15:26:50.831,snap,default,com.miui.home,charging,1,29,73.5,100,95,1,9.53,1.7,0.08,0,3.942,-1.383,5.451786,2197,134,0,-
15:26:51.832,snap,default,com.miui.home,charging,1,29,73.5,100,95,1,9.25,1.39,0.06,0,3.943,-1.383,5.4531693,2197,134,0,-
15:26:52.833,snap,default,com.miui.home,charging,1,29,73.5,100,95,1,9.25,1.39,0.06,0,3.943,-1.383,5.4531693,2179,110,0,-
15:26:53.831,snap,default,com.miui.home,charging,1,29,73.5,100,95,1,9.2,1.14,0.05,0,3.943,-1.383,5.4531693,2179,110,0,-
15:26:54.832,snap,default,com.miui.home,charging,1,29,73.5,100,95,1,9.2,1.14,0.05,0,3.943,-1.383,5.4531693,2256,134,0,-
15:26:55.832,snap,default,com.miui.home,charging,1,29,73.5,100,95,1,8.8,0.93,0.04,0,3.943,-1.383,5.4531693,2256,134,0,-
15:26:56.833,snap,default,com.miui.home,charging,1,29,73.5,100,95,1,8.8,0.93,0.04,0,3.943,-1.383,5.4531693,2163,118,0,-
15:26:57.833,snap,default,com.miui.home,charging,1,29,73.5,100,95,1,8.84,0.76,0.03,0,3.943,-1.383,5.4531693,2163,118,0,-
15:26:58.834,snap,default,com.miui.home,charging,1,29,73.5,100,95,1,8.84,0.76,0.03,0,3.943,-1.383,5.4531693,2248,130,0,-
15:26:59.837,snap,default,com.miui.home,charging,1,29,73.5,100,95,1,8.69,0.62,0.02,0,3.943,-1.383,5.4531693,2248,130,0,-
15:27:00.834,snap,default,com.miui.home,charging,1,29,73.5,100,95,1,8.69,0.62,0.02,0,3.944,-1.383,5.454552,2178,78,0,-
15:27:01.834,snap,default,com.miui.home,charging,1,29,73.5,100,95,1,8.56,0.51,0.02,0,3.943,-1.383,5.4531693,2178,78,0,-
15:27:02.836,snap,default,com.miui.home,charging,1,29,73.5,100,95,1,8.56,0.51,0.02,0,3.944,-1.383,5.454552,2287,191,0,-
15:27:03.834,snap,default,com.miui.home,charging,1,29,73.5,100,95,1,8.64,0.42,0.01,0,3.944,-1.383,5.454552,2287,191,0,-
15:27:04.833,snap,default,com.miui.home,charging,1,29,73.5,100,95,1,8.64,0.42,0.01,0,3.943,-1.383,5.4531693,2298,205,0,-
15:27:05.836,snap,default,com.miui.home,charging,1,29,73.5,100,95,1,8.89,0.34,0.01,0,3.944,-1.383,5.454552,2298,205,0,-
15:27:06.836,snap,default,com.miui.home,charging,1,29,73.5,100,95,1,8.89,0.34,0.01,0,3.944,-1.383,5.454552,2523,339,0,-
15:27:07.836,snap,default,com.miui.home,charging,1,29,73.5,100,95,1,8.72,0.28,0.01,0,3.944,-1.383,5.454552,2523,339,0,-
15:27:08.836,snap,default,com.miui.home,charging,1,29,73.5,100,95,1,8.72,0.28,0.01,0,3.944,-1.383,5.454552,2240,135,0,-
15:27:09.839,snap,default,com.miui.home,charging,1,29,73.5,100,95,1,8.77,0.23,0,0,3.944,-1.383,5.454552,2240,135,0,-
15:27:10.839,snap,default,com.miui.home,charging,1,29,73.5,100,95,1,8.77,0.23,0,0,3.944,-1.383,5.454552,2337,215,0,-
15:27:11.839,snap,default,com.miui.home,charging,1,29,73.5,100,95,1,8.81,0.18,0,0,3.945,-1.382,5.4519897,2337,215,0,-
15:27:12.839,snap,default,com.miui.home,charging,1,28.9,73.5,100,95,1,8.81,0.18,0,0,3.945,-1.382,5.4519897,2337,215,0,-
15:27:13.839,snap,default,com.miui.home,charging,1,28.9,73.5,100,95,1,9.03,0.33,0,0,3.945,-1.383,5.455935,2408,195,0,-
15:27:14.840,snap,default,com.miui.home,charging,1,28.9,73.5,100,95,1,9.03,0.33,0,0,3.945,-1.383,5.455935,2408,195,0,-
15:27:15.841,snap,default,com.miui.home,charging,1,28.9,73.5,100,95,1,8.66,0.27,0,0,3.946,-1.383,5.4573183,2226,152,0,-
15:27:16.848,snap,default,com.miui.home,charging,1,28.9,73.5,100,95,1,8.66,0.27,0,0,3.945,-1.383,5.455935,2226,152,0,-
15:27:17.846,snap,default,com.miui.home,charging,1,28.9,73.5,100,95,1,8.18,0.22,0,0,3.945,-1.383,5.455935,2470,273,0,-
15:27:18.846,snap,default,com.miui.home,charging,1,28.9,73.5,100,95,1,8.18,0.22,0,0,3.945,-1.383,5.455935,2470,273,0,-
15:27:19.847,snap,default,com.miui.home,charging,1,28.9,73.5,100,95,1,8.18,0.22,0,0,3.945,-1.383,5.455935,2205,174,0,-
15:27:20.847,snap,default,com.miui.home,charging,1,28.9,73.5,100,95,1,8.14,0.18,0,0,3.945,-1.383,5.455935,2205,174,0,-
15:27:21.846,snap,default,com.miui.home,charging,1,28.9,73.5,100,95,1,8.14,0.18,0,0,3.946,-1.383,5.4573183,2167,114,0,-
15:27:22.847,snap,default,com.miui.home,charging,1,28.9,73.5,100,95,1,8.3,0.15,0,0,3.946,-1.383,5.4573183,2167,114,0,-
15:27:23.847,snap,default,com.miui.home,charging,1,28.9,73.5,100,95,1,8.3,0.15,0,0,3.946,-1.383,5.4573183,2264,133,0,-
15:27:24.846,snap,default,com.miui.home,charging,1,28.9,73.5,100,95,1,8.24,0.12,0,0,3.946,-1.383,5.4573183,2264,133,0,-
15:27:25.851,snap,default,com.miui.home,charging,1,28.9,73.5,100,95,1,8.24,0.12,0,0,3.946,-1.383,5.4573183,2211,115,0,-
15:27:26.852,snap,default,com.miui.home,charging,1,28.9,73.5,100,95,1,8.2,0.1,0,0,3.946,-1.383,5.4573183,2211,115,0,-
15:27:27.850,snap,default,com.miui.home,charging,1,28.9,73.5,100,95,1,8.2,0.1,0,0,3.946,-1.383,5.4573183,2447,257,0,-
15:27:28.849,snap,default,com.miui.home,charging,1,28.9,73.5,100,95,1,8.16,0.08,0,0,3.947,-1.383,5.458701,2447,257,0,-
15:27:29.854,snap,default,com.miui.home,charging,1,28.9,73.5,100,95,1,8.13,0.06,0,0,3.946,-1.383,5.4573183,2181,111,0,-
15:27:30.852,snap,default,com.miui.home,charging,1,28.9,73.5,100,95,1,8.13,0.06,0,0,3.947,-1.383,5.458701,2181,111,0,-
15:27:31.853,snap,default,com.miui.home,charging,1,28.9,73.5,100,95,1,8.11,0.05,0,0,3.947,-1.383,5.458701,2214,129,0,-
15:27:32.853,snap,default,com.miui.home,charging,1,28.9,73.5,100,95,1,8.11,0.05,0,0,3.947,-1.383,5.458701,2214,129,0,-
15:27:33.855,snap,default,com.miui.home,charging,1,28.9,73.5,100,95,1,8.09,0.04,0,0,3.947,-1.383,5.458701,2423,275,0,-
15:27:34.853,snap,default,com.miui.home,charging,1,28.9,73.5,100,95,1,8.09,0.04,0,0,3.947,-1.383,5.458701,2423,275,0,-
15:27:35.855,snap,default,com.miui.home,charging,1,28.9,73.5,100,95,1,8.25,0.03,0,0,3.947,-1.383,5.458701,2290,201,0,-
15:27:36.856,snap,default,com.miui.home,charging,1,28.9,73.5,100,95,1,8.25,0.03,0,0,3.947,-1.383,5.458701,2290,201,0,-
15:27:37.859,snap,default,com.miui.home,charging,1,28.9,73.5,100,95,1,8.2,0.02,0,0,3.947,-1.383,5.458701,2234,102,0,-
15:27:38.857,snap,default,com.miui.home,charging,1,28.9,73.5,100,95,1,8.2,0.02,0,0,3.947,-1.383,5.458701,2234,102,0,-
15:27:39.858,snap,default,com.miui.home,charging,1,28.8,73.5,100,95,1,8.17,0.02,0,0,3.947,-1.383,5.458701,2234,102,0,-
15:27:40.858,snap,default,com.miui.home,charging,1,28.8,73.5,100,95,1,8.17,0.02,0,0,3.947,-1.383,5.458701,2197,117,0,-
15:27:41.861,snap,default,com.miui.home,charging,1,28.8,73.5,100,95,1,8.32,0.01,0,0,3.948,-1.383,5.460084,2197,117,0,-
15:27:42.860,snap,default,com.miui.home,charging,1,28.8,73.5,100,95,1,8.32,0.01,0,0,3.948,-1.382,5.4561357,2235,100,0,-
15:27:43.859,snap,default,com.miui.home,charging,1,28.8,73.5,100,95,1,8.26,0.01,0,0,3.948,-1.382,5.4561357,2235,100,0,-
15:27:44.859,snap,default,com.miui.home,charging,1,28.8,73.5,100,95,1,8.26,0.01,0,0,3.948,-1.382,5.4561357,2210,147,0,-
15:27:45.861,snap,default,com.miui.home,charging,1,28.8,73.5,100,95,1,8.21,0.01,0,0,3.948,-1.382,5.4561357,2210,147,0,-
15:27:46.860,snap,default,com.miui.home,charging,1,28.8,73.5,100,95,1,8.21,0.01,0,0,3.948,-1.383,5.460084,2258,146,0,-
15:27:47.862,snap,default,com.miui.home,charging,1,28.8,73.5,100,95,1,8.35,0.01,0,0,3.948,-1.383,5.460084,2258,146,0,-
15:27:48.864,snap,default,com.miui.home,charging,1,28.8,73.5,100,95,1,8.35,0.01,0,0,3.948,-1.383,5.460084,2226,114,0,-
15:27:49.865,snap,default,com.miui.home,charging,1,28.8,73.5,100,95,1,8.47,0,0,0,3.949,-1.383,5.461467,2226,114,0,-
15:27:50.865,snap,default,com.miui.home,charging,1,28.8,73.5,100,95,1,8.47,0,0,0,3.948,-1.383,5.460084,2221,167,0,-
15:27:51.865,snap,default,com.miui.home,charging,1,28.8,73.5,100,95,1,8.56,0,0,0,3.949,-1.383,5.461467,2221,167,0,-
15:27:52.866,snap,default,com.miui.home,charging,1,28.8,73.5,100,95,1,8.56,0,0,0,3.949,-1.383,5.461467,2233,166,0,-
15:27:53.868,snap,default,com.miui.home,charging,1,28.8,73.5,100,95,1,8.64,0,0,0,3.949,-1.383,5.461467,2233,166,0,-
15:27:54.867,snap,default,com.miui.home,charging,1,28.8,73.5,100,95,1,8.64,0,0,0,3.949,-1.383,5.461467,2246,206,0,-
15:27:55.868,snap,default,com.miui.home,charging,1,28.8,73.5,100,95,1,8.34,0,0,0,3.949,-1.383,5.461467,2246,206,0,-
15:27:56.872,snap,default,com.miui.home,charging,1,28.8,73.5,100,95,1,8.34,0,0,0,3.949,-1.383,5.461467,2210,113,0,-
15:27:57.871,snap,default,com.miui.home,charging,1,28.8,73.5,100,95,1,8.46,0,0,0,3.949,-1.383,5.461467,2210,113,0,-
15:27:58.868,snap,default,com.miui.home,charging,1,28.8,73.5,100,95,1,8.46,0,0,0,3.95,-1.383,5.46285,2233,98,0,-
15:27:59.870,snap,default,com.miui.home,charging,1,28.8,73.5,100,95,1,8.38,0,0,0,3.95,-1.383,5.46285,2233,98,0,-
15:28:00.869,snap,default,com.miui.home,charging,1,28.8,73.5,100,95,1,8.38,0,0,0,3.949,-1.383,5.461467,2201,104,0,-
15:28:01.872,snap,default,com.miui.home,charging,1,28.8,73.5,100,95,1,8.49,0,0,0,3.95,-1.383,5.46285,2201,104,0,-
15:28:02.872,snap,default,com.miui.home,charging,1,28.8,73.5,100,95,1,8.49,0,0,0,3.95,-1.383,5.46285,2262,117,0,-
15:28:03.872,snap,default,com.miui.home,charging,1,28.8,73.5,100,95,1,8.4,0,0,0,3.95,-1.383,5.46285,2262,117,0,-
15:28:04.872,snap,default,com.miui.home,charging,1,28.8,73.5,100,95,1,8.4,0,0,0,3.951,-1.383,5.464233,2202,157,0,-
15:28:05.874,snap,default,com.miui.home,charging,1,28.8,73.5,100,95,1,8.51,0,0,0,3.95,-1.384,5.4667997,2202,157,0,-
15:28:06.877,snap,default,com.miui.home,charging,1,28.8,73.5,100,95,1,8.51,0,0,0,3.95,-1.384,5.4667997,2202,157,0,-
15:28:07.873,snap,default,com.miui.home,charging,1,28.8,73.5,100,95,1,8.41,0,0,0,3.951,-1.384,5.4681835,2563,376,0,-
15:28:08.874,snap,default,com.miui.home,charging,1,28.7,73.5,100,95,1,8.41,0,0,0,3.95,-1.384,5.4667997,2563,376,0,-
15:28:09.884,snap,default,com.miui.home,charging,1,28.7,73.5,100,95,1,8.34,0,0,0,3.951,-1.383,5.464233,2184,105,0,-
15:28:10.884,snap,default,com.miui.home,charging,1,28.7,73.5,100,95,1,8.34,0,0,0,3.951,-1.383,5.464233,2184,105,0,-
15:28:11.884,snap,default,com.miui.home,charging,1,28.7,73.5,100,95,1,8.64,0,0,0,3.951,-1.383,5.464233,2578,321,0,-
15:28:12.885,snap,default,com.miui.home,charging,1,28.7,73.5,100,95,1,8.64,0,0,0,3.951,-1.383,5.464233,2578,321,0,-
15:28:13.885,snap,default,com.miui.home,charging,1,28.7,73.5,100,95,1,8.34,0,0,0,3.951,-1.383,5.464233,2249,131,0,-
15:28:14.885,snap,default,com.miui.home,charging,1,28.7,73.5,100,95,1,8.34,0,0,0,3.951,-1.383,5.464233,2249,131,0,-
15:28:15.885,snap,default,com.miui.home,charging,1,28.7,73.5,100,95,1,8.46,0,0,0,3.951,-1.383,5.464233,2274,180,0,-
15:28:16.885,snap,default,com.miui.home,charging,1,28.7,73.5,100,95,1,8.46,0,0,0,3.951,-1.383,5.464233,2274,180,0,-
15:28:17.886,snap,default,com.miui.home,charging,1,28.7,73.5,100,95,1,8.56,0,0,0,3.951,-1.383,5.464233,2197,124,0,-
15:28:18.886,snap,default,com.miui.home,charging,1,28.7,73.5,100,95,1,8.56,0,0,0,3.951,-1.383,5.464233,2197,124,0,-
15:28:19.886,snap,default,com.miui.home,charging,1,28.7,73.5,100,95,1,8.64,0,0,0,3.951,-1.383,5.464233,2182,88,0,-
15:28:20.886,snap,default,com.miui.home,charging,1,28.7,73.5,100,95,1,8.64,0,0,0,3.951,-1.383,5.464233,2182,88,0,-
15:28:21.887,snap,default,com.miui.home,charging,1,28.7,73.5,100,95,1,8.88,0,0,0,3.952,-1.383,5.4656157,2215,125,0,-
15:28:22.887,snap,default,com.miui.home,charging,1,28.7,73.5,100,95,1,8.88,0,0,0,3.952,-1.383,5.4656157,2215,125,0,-
15:28:23.887,snap,default,com.miui.home,charging,1,28.7,73.5,100,95,1,8.9,0,0,0,3.952,-1.383,5.4656157,2136,98,0,-
15:28:24.887,snap,default,com.miui.home,charging,1,28.7,73.5,100,95,1,8.9,0,0,0,3.952,-1.383,5.4656157,2136,98,0,-
15:28:25.887,snap,default,com.miui.home,charging,1,28.7,73.5,100,95,1,8.74,0,0,0,3.952,-1.383,5.4656157,2341,161,0,-
15:28:26.888,snap,default,com.miui.home,charging,1,28.7,73.5,100,95,1,8.74,0,0,0,3.952,-1.383,5.4656157,2341,161,0,-
15:28:27.888,snap,default,com.miui.home,charging,1,28.7,73.5,100,95,1,9.15,0,0,0,3.952,-1.383,5.4656157,3544,951,0,-
15:28:28.886,snap,default,com.miui.home,charging,1,28.7,73.5,100,95,1,9.15,0,0,0,3.952,-1.383,5.4656157,3544,951,0,-
15:28:29.888,snap,default,com.miui.home,charging,1,28.7,73.5,100,95,1,9.3,0,0,0,3.953,-1.383,5.466999,2256,153,0,-
15:28:30.888,snap,default,com.miui.home,charging,1,28.7,73.5,100,95,1,9.3,0,0,0,3.952,-1.383,5.4656157,2256,153,0,-
15:28:31.889,snap,default,com.miui.home,charging,1,28.7,73.5,100,95,1,9.06,0,0,0,3.953,-1.383,5.466999,2256,153,0,-
15:28:32.890,snap,default,com.miui.home,charging,1,28.7,73.5,100,95,1,9.06,0,0,0,3.953,-1.383,5.466999,2170,118,0,-
15:28:33.889,snap,default,com.miui.home,charging,1,28.7,73.5,100,95,1,9.05,0,0,0,3.953,-1.383,5.466999,2170,118,0,-
15:28:34.888,snap,default,com.miui.home,charging,1,28.6,73.5,100,95,1,9.05,0,0,0,3.953,-1.383,5.466999,2325,166,0,-
15:28:35.889,snap,default,com.miui.home,charging,1,28.6,73.5,100,95,1,9.04,0,0,0,3.954,-1.383,5.468382,2325,166,0,-
15:28:36.890,snap,default,com.miui.home,charging,1,28.6,73.5,100,95,1,9.04,0,0,0,3.954,-1.383,5.468382,2269,190,0,-
15:28:37.889,snap,default,com.miui.home,charging,1,28.6,73.5,100,95,1,9.03,0,0,0,3.954,-1.383,5.468382,2269,190,0,-
15:28:38.890,snap,default,com.miui.home,charging,1,28.6,73.5,100,95,1,9.03,0,0,0,3.954,-1.384,5.472336,2186,110,0,-
15:28:39.890,snap,default,com.miui.home,charging,1,28.6,73.5,100,95,1,9.03,0,0,0,3.954,-1.384,5.472336,2186,110,0,-
15:28:40.890,snap,default,com.miui.home,charging,1,28.6,73.5,100,95,1,9.03,0,0,0,3.954,-1.384,5.472336,2293,161,0,-
15:28:41.891,snap,default,com.miui.home,charging,1,28.6,73.5,100,95,1,9.02,0,0,0,3.954,-1.384,5.472336,2293,161,0,-
15:28:42.891,snap,default,com.miui.home,charging,1,28.6,73.5,100,95,1,9.02,0,0,0,3.954,-1.384,5.472336,2191,95,0,-
15:28:43.891,snap,default,com.miui.home,charging,1,28.6,73.5,100,95,1,9.02,0,0,0,3.954,-1.384,5.472336,2191,95,0,-
15:28:44.891,snap,default,com.miui.home,charging,1,28.6,73.5,100,95,1,9.02,0,0,0,3.955,-1.384,5.4737196,2167,127,0,-
15:28:45.891,snap,default,com.miui.home,charging,1,28.6,73.5,100,95,1,9.01,0,0,0,3.954,-1.384,5.472336,2167,127,0,-
15:28:46.892,snap,default,com.miui.home,charging,1,28.6,73.5,100,95,1,9.01,0,0,0,3.954,-1.383,5.468382,2230,136,0,-
15:28:47.892,snap,default,com.miui.home,charging,1,28.6,73.5,100,95,1,9.01,0,0,0,3.955,-1.383,5.469765,2230,136,0,-
15:28:48.891,snap,default,com.miui.home,charging,1,28.6,73.5,100,95,1,9.01,0,0,0,3.955,-1.383,5.469765,2154,153,0,-
15:28:49.893,snap,default,com.miui.home,charging,1,28.6,73.5,100,95,1,9.01,0,0,0,3.955,-1.383,5.469765,2154,153,0,-
15:28:50.892,snap,default,com.miui.home,charging,1,28.6,73.5,100,95,1,9.01,0,0,0,3.955,-1.383,5.469765,2218,141,0,-
15:28:51.892,snap,default,com.miui.home,charging,1,28.6,73.5,100,95,1,9.55,0.54,0,0,3.955,-1.383,5.469765,2218,141,0,-
15:28:52.892,snap,default,com.miui.home,charging,1,28.6,73.5,100,95,1,9.55,0.54,0,0,3.955,-1.383,5.469765,4983,1155,0,-
15:28:53.895,snap,default,com.miui.home,charging,1,28.6,73.5,100,95,1,10.9,2.61,0,0,3.955,-1.383,5.469765,4983,1155,0,-
15:28:54.895,snap,default,com.miui.home,charging,1,28.6,73.5,100,95,1,10.9,2.61,0,0,3.955,-1.383,5.469765,4705,1161,0,-
15:28:55.892,snap,default,com.miui.home,charging,1,28.6,73.5,100,95,1,11.82,4.31,0,0,3.956,-1.383,5.471148,4705,1161,0,-
15:28:56.895,snap,default,com.miui.home,charging,1,28.6,73.5,100,95,1,11.82,4.31,0,0,3.956,-1.383,5.471148,4522,1063,0,-
15:28:57.895,snap,default,com.miui.home,charging,1,28.6,73.5,100,95,1,12.21,5.34,0,0,3.955,-1.383,5.469765,4522,1063,0,-
15:28:58.896,snap,default,com.miui.home,charging,1,28.6,73.5,100,95,1,12.21,5.34,0,0,3.956,-1.383,5.471148,4522,1063,0,-
15:28:59.897,snap,default,com.miui.home,charging,1,28.6,73.5,100,95,1,11.45,4.37,0,0,3.956,-1.383,5.471148,2314,229,0,-
15:29:01.685,snap,default,com.miui.home,charging,1,28.6,73.5,100,95,1,11.45,4.37,0,0,3.956,-1.384,5.475104,2314,229,0,-
15:29:20.070,snap,default,com.miui.home,charging,1,28.6,73.5,100,95,1,11.19,3.58,0,0,3.958,-1.386,5.485788,3690,1076,0,-
15:29:34.766,snap,default,com.miui.home,charging,1,28.5,73.5,100,95,1,11.19,3.58,0,0,3.959,-1.385,5.4832153,15960,6179,0,-
15:29:35.770,snap,default,com.miui.home,charging,1,28.5,73.5,100,95,1,12.24,3.11,0,0,3.959,-1.385,5.4832153,15960,6179,0,-
15:29:38.431,snap,default,com.miui.home,charging,1,28.5,73.5,100,95,1,11.65,2.55,0,0,3.959,-1.384,5.479256,15960,6179,0,-
15:30:04.950,snap,default,com.miui.home,charging,1,28.5,73.5,100,95,1,11.65,2.55,0,0,3.959,-1.384,5.479256,4644,1467,0,-
15:30:05.953,snap,default,com.miui.home,charging,1,28.4,73.5,100,95,1,11.65,2.55,0,0,3.962,-1.386,5.491332,11770,4193,0,-
15:30:14.266,snap,default,com.miui.home,charging,1,28.4,73.5,100,95,1,12.08,2.08,0,0,3.962,-1.385,5.48737,11770,4193,0,-
15:30:32.891,snap,default,com.miui.home,charging,1,28.4,73.5,100,95,1,12.08,2.08,0,0,3.963,-1.386,5.492718,11770,4193,0,-
15:30:38.934,snap,default,com.miui.home,charging,1,28.3,73.5,100,95,1,12.97,1.71,0,0,3.965,-1.387,5.499455,10362,4048,0,-
15:31:00.271,snap,default,com.miui.home,charging,1,28.3,73.5,100,95,1,12.97,1.71,0,0,3.965,-1.387,5.499455,10362,4048,0,-
15:31:18.580,snap,default,com.miui.home,charging,1,28.2,73.5,100,95,1,13.88,1.58,0,0,3.967,-1.387,5.5022287,17458,6734,0,-
15:31:35.901,snap,default,com.miui.home,charging,1,28.2,73.5,100,95,1,14.44,1.47,0,0,3.969,-1.387,5.505003,17458,6734,0,-
15:31:54.333,snap,default,com.miui.home,charging,1,28.1,73.5,100,95,1,14.44,1.47,0,0,3.971,-1.386,5.503806,15539,5689,0,-
15:32:20.871,snap,default,com.miui.home,charging,1,28.1,73.5,100,95,1,14.44,1.47,0,0,3.972,-1.387,5.509164,15539,5689,0,-
15:32:34.148,snap,default,com.miui.home,charging,1,28,73.5,100,95,1,14.72,1.2,0,0,3.974,-1.387,5.5119376,15552,5024,0,-
15:32:39.244,snap,default,com.miui.home,charging,1,27.9,73.5,100,95,1,14.77,1.17,0,0,3.975,-1.385,5.505375,15552,5024,0,-
15:32:50.494,snap,default,com.miui.home,charging,1,27.9,73.5,100,95,1,14.77,1.17,0,0,3.976,-1.386,5.5107365,16287,6276,0,-
15:33:14.432,snap,default,com.miui.home,charging,1,27.9,73.5,100,95,1,15.36,1.13,0,0,3.977,-1.386,5.512122,16287,6276,0,-
15:33:15.428,snap,default,com.miui.home,charging,1,27.9,73.5,100,95,1,15.36,1.13,0,0,3.979,-1.386,5.5148945,17621,6315,0,-
15:33:16.429,snap,default,com.miui.home,charging,1,27.9,73.5,100,95,1,15.36,1.13,0,0,3.979,-1.385,5.5109153,17621,6315,0,-
15:33:17.429,snap,default,com.miui.home,charging,1,27.9,73.5,100,95,1,15.84,1.11,0,0,3.979,-1.383,5.5029573,9015,3467,0,-
15:33:18.429,snap,default,com.miui.home,charging,1,27.9,73.5,100,95,1,15.84,1.11,0,0,3.946,-1.451,5.725646,9015,3467,0,-
15:33:20.049,snap,default,com.miui.home,charging,1,27.9,73.5,100,95,1,15.87,1.09,0,0,3.944,-0.143,0.563992,8262,2724,0,-
15:33:23.681,snap,default,com.miui.home,charging,1,27.9,73.5,100,95,1,15.87,1.09,0,0,3.999,-2.241,8.961759,8262,2724,0,-
15:33:26.048,snap,default,com.miui.home,charging,1,27.9,73.5,100,95,1,16.25,0.89,0,0,4.062,-4.3,17.4666,19112,7501,0,-
15:33:29.674,snap,default,com.miui.home,charging,1,27.9,73.5,100,95,1,16.25,0.89,0,0,4.099,-6.238,25.569561,19112,7501,0,-
15:33:31.576,snap,default,com.miui.home,charging,1,28,73.5,100,95,1,17.29,0.91,0,0,4.15,-7.94,32.951,19907,6809,0,-
15:33:32.577,snap,default,com.miui.home,charging,1,28.2,73.5,100,95,1,17.29,0.91,0,0,4.159,-8.53,35.47627,19907,6809,0,-
15:33:34.560,snap,default,com.miui.home,charging,1,28.3,73.5,100,95,1,17.06,0.74,0,0,4.168,-8.808,36.711746,5051,1635,0,-
15:33:38.271,snap,default,com.miui.home,charging,1,28.5,73.5,100,95,1,17.06,0.74,0,0,4.187,-9.663,40.45898,5051,1635,0,-
15:33:40.720,snap,default,com.miui.home,charging,1,28.9,73.5,100,95,1,17.59,0.79,0,0,4.212,-10.533,44.364994,19372,7425,0,-
15:33:43.192,snap,default,com.miui.home,charging,1,29.4,73.5,100,95,1,17.59,0.79,0,0,4.232,-11.394,48.219406,19372,7425,0,-
15:33:44.182,snap,default,com.miui.home,charging,1,29.7,73.5,100,95,1,18.57,0.64,0,0,4.242,-11.708,49.665337,17629,7081,0,-
15:33:45.182,snap,default,com.miui.home,charging,1,29.8,73.5,100,95,1,18.57,0.64,0,0,4.062,-11.985,48.683067,17629,7081,0,-
15:33:59.924,snap,default,com.miui.home,charging,1,29.8,73.5,100,95,1,17.56,0.53,0,0,4.016,-1.387,5.5701914,9697,3495,0,-
15:34:15.438,snap,default,com.miui.home,charging,1,29.3,73.5,100,95,1,17.56,0.53,0,0,3.997,-1.387,5.543839,9697,3495,0,-
15:34:34.435,snap,default,com.miui.home,charging,1,28.6,73.5,100,95,1,17.82,0.61,0,0,3.993,-1.387,5.538291,15326,5554,0,-
15:34:45.147,snap,default,com.miui.home,charging,1,28.3,73.5,100,95,1,17.49,0.68,0,0,3.993,-1.385,5.530305,15326,5554,0,-
15:35:03.230,snap,default,com.miui.home,charging,1,28.3,73.5,100,95,1,17.49,0.68,0,0,3.993,-1.387,5.538291,14003,4902,0,-
15:35:17.545,snap,default,com.miui.home,charging,1,28.2,73.5,100,95,1,17.4,0.74,0,0,3.995,-1.387,5.5410647,14003,4902,0,-
15:35:34.444,snap,default,com.miui.home,charging,1,28.1,73.5,100,95,1,17.4,0.74,0,0,3.995,-1.387,5.5410647,16639,6170,0,-
15:35:48.167,snap,default,com.miui.home,charging,1,28.1,73.5,100,95,1,17.69,0.79,0,0,3.996,-1.387,5.542452,16639,6170,0,-
15:36:14.723,snap,default,com.miui.home,charging,1,28.1,73.5,100,95,1,17.69,0.79,0,0,3.997,-1.387,5.543839,15898,6515,0,-
15:36:32.097,snap,default,com.miui.home,charging,1,28,73.5,100,95,1,17.56,0.82,0,0,3.999,-1.387,5.5466127,15898,6515,0,-
15:36:33.097,snap,default,com.miui.home,charging,1,27.9,73.5,100,95,1,17.56,0.82,0,0,3.999,-1.387,5.5466127,14558,4933,0,-
15:36:42.294,snap,default,com.miui.home,charging,1,27.9,73.5,100,95,1,17.28,0.85,0,0,3.999,-1.385,5.538615,14558,4933,0,-
15:36:58.422,snap,default,com.miui.home,charging,1,27.9,73.5,100,95,1,17.28,0.85,0,0,4.001,-1.387,5.549387,13733,5054,0,-
15:37:18.010,snap,default,com.miui.home,charging,1,27.9,73.5,100,95,1,17.41,0.88,0,0,4,-1.387,5.548,13733,5054,0,-
15:37:19.013,snap,default,com.miui.home,charging,1,27.9,73.5,100,95,1,17.41,0.88,0,0,4.002,-1.387,5.5507736,13485,4628,0,-
15:37:27.388,snap,default,com.miui.home,charging,1,27.9,73.5,100,95,1,16.97,0.9,0,0,4.002,-1.385,5.54277,13485,4628,0,-
15:37:36.462,snap,default,com.miui.home,charging,1,27.8,73.5,100,95,1,16.97,0.9,0,0,4.003,-1.387,5.5521607,11864,4541,0,-
15:37:54.757,snap,default,com.miui.home,charging,1,27.8,73.5,100,95,1,16.98,0.92,0,0,4.004,-1.387,5.5535483,11864,4541,0,-
15:38:22.378,snap,default,com.miui.home,charging,1,27.8,73.5,100,95,1,16.98,0.92,0,0,4.005,-1.388,5.5589404,11864,4541,0,-
15:38:32.238,snap,default,com.miui.home,charging,1,27.7,73.5,100,95,1,16.8,0.93,0,0,4.007,-1.387,5.5577087,16197,5403,0,-
15:38:39.745,snap,default,com.miui.home,charging,1,27.7,73.5,100,95,1,16.8,0.93,0,0,4.007,-1.385,5.549695,16197,5403,0,-
15:38:58.130,snap,default,com.miui.home,charging,1,27.7,73.5,100,95,1,16.29,0.94,0,0,4.008,-1.387,5.559096,8896,3147,0,-
15:39:24.451,snap,default,com.miui.home,charging,1,27.7,73.5,100,95,1,16.29,0.94,0,0,4.009,-1.387,5.5604825,8896,3147,0,-
15:39:43.028,snap,default,com.miui.home,charging,1,27.6,73.5,100,95,1,16.6,0.95,0,0,4.011,-1.387,5.563257,16069,6453,0,-
15:40:01.425,snap,default,com.miui.home,charging,1,27.6,73.5,100,95,1,16.67,0.96,0,0,4.012,-1.388,5.568656,16069,6453,0,-
15:40:27.445,snap,default,com.miui.home,charging,1,27.6,73.5,100,95,1,16.67,0.96,0,0,4.013,-1.387,5.566031,18076,6889,0,-
15:40:37.195,snap,default,com.miui.home,charging,1,27.5,73.5,100,95,1,16.73,0.97,0,0,4.014,-1.387,5.5674176,18076,6889,0,-
15:40:58.449,snap,default,com.miui.home,charging,1,27.5,73.5,100,95,1,16.73,0.97,0,0,4.016,-1.387,5.5701914,15775,5496,0,-
15:41:22.162,snap,default,com.miui.home,charging,1,27.5,73.5,100,95,1,16.42,0.97,0,0,4.017,-1.387,5.571579,15775,5496,0,-
15:41:31.633,snap,default,com.miui.home,charging,1,27.5,73.5,100,95,1,16.42,0.97,0,0,4.019,-1.387,5.5743527,15719,5918,0,-
15:41:32.634,snap,default,com.miui.home,charging,1,27.5,73.5,100,95,1,16.52,0.98,0,0,4.018,-1.386,5.5689483,15719,5918,0,-
15:41:48.712,snap,default,com.miui.home,charging,1,27.5,73.5,100,95,1,16.52,0.98,0,0,4.018,-1.383,5.5568943,9608,3332,0,-
15:42:01.432,snap,default,com.miui.home,charging,1,27.5,73.5,100,95,1,15.7,0.8,0,0,4.02,-1.387,5.57574,9608,3332,0,-
15:42:25.458,snap,default,com.miui.home,charging,1,27.4,73.5,100,95,1,15.7,0.8,0,0,4.021,-1.387,5.5771265,13791,4503,0,-
15:42:26.462,snap,default,com.miui.home,charging,1,27.4,73.5,100,95,1,16.12,0.83,0,0,4.023,-1.387,5.5799007,13791,4503,0,-
15:42:27.463,snap,default,com.miui.home,charging,1,27.4,73.5,100,95,1,16.12,0.83,0,0,4.022,-1.385,5.57047,10694,3772,0,-
15:42:30.283,snap,default,com.miui.home,charging,1,27.4,73.5,100,95,1,15.37,0.68,0,0,4.023,-1.385,5.5718546,10694,3772,0,-
15:42:31.283,snap,default,com.miui.home,charging,1,27.4,73.5,100,95,1,15.37,0.68,0,0,4.023,-1.38,5.5517397,6760,1794,0,-
15:42:32.284,snap,default,com.miui.home,charging,1,27.4,73.5,100,95,1,14.94,0.56,0,0,4.022,-1.382,5.5584035,6760,1794,0,-
15:42:33.602,snap,default,com.miui.home,charging,1,27.4,73.5,100,95,1,14.94,0.56,0,0,4.023,-1.383,5.563809,4594,1748,0,-
15:42:43.965,snap,default,com.miui.home,charging,1,27.4,73.5,100,95,1,14.41,0.46,0,0,4.023,-1.385,5.5718546,4594,1748,0,-
15:43:01.445,snap,default,com.miui.home,charging,1,27.4,73.5,100,95,1,14.41,0.46,0,0,4.024,-1.387,5.581288,10630,3546,0,-
15:43:19.740,snap,default,com.miui.home,charging,1,27.4,73.5,100,95,1,15.24,0.55,0,0,4.025,-1.387,5.582675,10630,3546,0,-
15:43:32.897,snap,default,com.miui.home,charging,1,27.4,73.5,100,95,1,15.24,0.55,0,0,4.026,-1.387,5.584062,15757,5193,0,-
15:43:56.340,snap,default,com.miui.home,charging,1,27.4,73.5,100,95,1,15.56,0.45,0,0,4.027,-1.387,5.5854487,15757,5193,0,-
15:44:05.730,snap,default,com.miui.home,charging,1,27.3,73.5,100,95,1,15.56,0.45,0,0,4.029,-1.387,5.5882225,13954,5329,0,-
15:44:32.226,snap,default,com.miui.home,charging,1,27.3,73.5,100,95,1,15.82,0.55,0,0,4.03,-1.387,5.58961,13954,5329,0,-
15:44:33.277,snap,default,com.miui.home,charging,1,27.3,73.5,100,95,1,16.03,0.45,0,0,4.031,-1.385,5.5829353,14912,5721,0,-
15:44:50.498,snap,default,com.miui.home,charging,1,27.3,73.5,100,95,1,16.03,0.45,0,0,4.031,-1.384,5.578904,14912,5721,0,-
15:45:07.868,snap,default,com.miui.home,charging,1,27.3,73.5,100,95,1,15.84,0.55,0,0,4.033,-1.387,5.593771,11312,3704,0,-
15:45:34.432,snap,default,com.miui.home,charging,1,27.2,73.5,100,95,1,15.84,0.55,0,0,4.034,-1.386,5.591124,11312,3704,0,-
15:45:52.787,snap,default,com.miui.home,charging,1,27.2,73.5,100,95,1,15.87,0.45,0,0,4.035,-1.385,5.5884748,15991,5496,0,-
15:46:11.140,snap,default,com.miui.home,charging,1,27.2,73.5,100,95,1,15.87,0.45,0,0,4.037,-1.387,5.599319,15991,5496,0,-
15:46:29.561,snap,default,com.miui.home,charging,1,27.2,73.5,100,95,1,16.07,0.55,0,0,4.038,-1.386,5.5966682,16269,6076,0,-
15:46:35.092,snap,default,com.miui.home,charging,1,27.2,73.5,100,95,1,16.07,0.55,0,0,4.039,-1.387,5.6020927,16269,6076,0,-
15:46:46.907,snap,default,com.miui.home,charging,1,27.2,73.5,100,95,1,16.24,0.63,0,0,4.039,-1.386,5.5980544,12197,4470,0,-
15:46:56.730,snap,default,com.miui.home,charging,1,27.2,73.5,100,95,1,16.24,0.63,0,0,4.04,-1.387,5.60348,12197,4470,0,-
15:47:14.538,snap,default,com.miui.home,charging,1,27.2,73.5,100,95,1,16.2,0.51,0,0,4.041,-1.387,5.6048665,13451,6174,0,-
15:47:32.159,snap,default,com.miui.home,charging,1,27.2,73.5,100,95,1,16.2,0.51,0,0,4.043,-1.387,5.607641,13451,6174,0,-
15:47:36.439,snap,default,com.miui.home,charging,1,27.2,73.5,100,95,1,17.25,0.6,0,0,4.043,-1.387,5.607641,13290,5145,0,-
15:47:59.455,snap,default,com.miui.home,charging,1,27.1,73.5,100,95,1,17.25,0.6,0,0,4.044,-1.387,5.609028,13290,5145,0,-
15:48:16.944,snap,default,com.miui.home,charging,1,27.1,73.5,100,95,1,16.66,0.67,0,0,4.046,-1.387,5.6118016,11325,4339,0,-
15:48:33.536,snap,default,com.miui.home,charging,1,27.1,73.5,100,95,1,16.66,0.67,0,0,4.047,-1.386,5.609142,11325,4339,0,-
15:48:39.834,snap,default,com.miui.home,charging,1,27.1,73.5,100,95,1,17.08,0.73,0,0,4.048,-1.387,5.614576,16544,6224,0,-
15:48:40.836,snap,default,com.miui.home,charging,1,27.1,73.5,100,95,1,16.88,0.78,0,0,4.047,-1.386,5.609142,16544,6224,0,-
15:49:01.720,snap,default,com.miui.home,charging,1,27.1,73.5,100,95,1,16.88,0.78,0,0,4.048,-1.387,5.614576,10058,2877,0,-
15:49:20.102,snap,default,com.miui.home,charging,1,27.1,73.5,100,95,1,16.9,0.82,0,0,4.049,-1.387,5.6159625,10058,2877,0,-
15:49:38.482,snap,default,com.miui.home,charging,1,27.1,73.5,100,95,1,16.9,0.82,0,0,4.052,-1.386,5.616072,14138,5063,0,-
15:49:39.482,snap,default,com.miui.home,charging,1,27.1,73.5,100,95,1,17.1,0.85,0,0,4.051,-1.386,5.6146865,14138,5063,0,-
15:49:40.485,snap,default,com.miui.home,charging,1,27.1,73.5,100,95,1,17.1,0.85,0,0,4.052,-1.384,5.607968,11139,3195,0,-
15:50:05.017,snap,default,com.miui.home,charging,1,27.1,73.5,100,95,1,15.81,0.7,0,0,4.054,-1.387,5.6228976,11139,3195,0,-
15:50:14.621,snap,default,com.miui.home,charging,1,27.1,73.5,100,95,1,15.81,0.7,0,0,4.054,-1.387,5.6228976,11120,4484,0,-
15:50:15.625,snap,default,com.miui.home,charging,1,27.1,73.5,100,95,1,17.66,0.75,0,0,4.054,-1.385,5.61479,11120,4484,0,-
15:50:23.418,snap,default,com.miui.home,charging,1,27.1,73.5,100,95,1,17.66,0.75,0,0,4.055,-1.384,5.6121197,15745,5908,0,-
15:50:39.767,snap,default,com.miui.home,charging,1,27,73.5,100,95,1,17.9,0.79,0,0,4.055,-1.387,5.6242847,15745,5908,0,-
15:50:40.765,snap,default,com.miui.home,charging,1,27,73.5,100,95,1,17.9,0.79,0,0,4.056,-1.386,5.6216164,15107,6807,0,-
15:50:41.763,snap,default,com.miui.home,charging,1,27,73.5,100,95,1,18.1,0.65,0,0,4.056,-1.384,5.613504,15107,6807,0,-
15:50:51.028,snap,default,com.miui.home,charging,1,27,73.5,100,95,1,18.1,0.65,0,0,4.056,-1.376,5.5810566,16392,6018,0,-
15:51:09.768,snap,default,com.miui.home,charging,1,27,73.5,100,95,1,19.71,1.08,0,0,4.058,-1.387,5.628446,16392,6018,0,-
15:51:10.769,snap,default,com.miui.home,charging,1,27,73.5,100,95,1,19.71,1.08,0,0,4.058,-1.384,5.616272,20031,6391,0,-
15:51:18.524,snap,default,com.miui.home,charging,1,27,73.5,100,95,1,18.86,1.42,0.18,0,4.058,-1.384,5.616272,20031,6391,0,-
15:51:35.874,snap,default,com.miui.home,charging,1,27,73.5,100,95,1,18.86,1.42,0.18,0,4.06,-1.386,5.62716,12400,4073,0,-
15:51:54.248,snap,default,com.miui.home,charging,1,27,73.5,100,95,1,18.7,2.43,0.14,0,4.06,-1.387,5.63122,12400,4073,0,-
15:52:11.946,snap,default,com.miui.home,charging,1,27,73.5,100,95,1,18.7,2.43,0.14,0,4.062,-1.387,5.6339936,17811,6349,0,-
15:52:20.974,snap,default,com.miui.home,charging,1,27,73.5,100,95,1,18.57,2.35,0.12,0,4.063,-1.387,5.635381,17811,6349,0,-
15:52:39.232,snap,default,com.miui.home,charging,1,27,73.5,100,95,1,18.57,2.35,0.12,0,4.065,-1.387,5.638155,12421,5099,0,-
15:52:50.454,snap,default,com.miui.home,charging,1,27,73.5,100,95,1,18.29,1.93,0.09,0,4.065,-1.387,5.638155,12421,5099,0,-
15:53:14.930,snap,default,com.miui.home,charging,1,27,73.5,100,95,1,17.87,1.76,0.08,0,4.067,-1.387,5.6409287,17100,5942,0,-
15:53:31.642,snap,default,com.miui.home,charging,1,27,73.5,100,95,1,17.87,1.76,0.08,0,4.068,-1.387,5.642316,17100,5942,0,-
15:53:32.645,snap,default,com.miui.home,charging,1,26.9,73.5,100,95,1,16.99,1.62,0.06,0,4.068,-1.385,5.6341796,11664,4313,0,-
15:53:36.419,snap,default,com.miui.home,charging,1,26.9,73.5,100,95,1,16.99,1.62,0.06,0,4.069,-1.387,5.6437025,11664,4313,0,-
15:53:39.469,snap,default,com.miui.home,charging,1,26.9,73.5,100,95,1,16.99,1.51,0.05,0,4.07,-1.386,5.6410203,11872,3870,0,-
15:53:43.563,snap,default,com.miui.home,charging,1,27,73.5,100,95,1,16.99,1.51,0.05,0,4.07,-1.386,5.6410203,11872,3870,0,-
15:53:44.545,snap,default,com.miui.home,charging,1,27,73.5,100,95,1,16.99,1.51,0.05,0,4.07,-1.386,5.6410203,14105,4701,0,-
15:53:47.626,snap,default,com.miui.home,charging,1,26.9,73.5,100,95,1,17.17,1.41,0.04,0,4.069,-1.385,5.635565,14105,4701,0,-
15:54:00.031,snap,default,com.miui.home,charging,1,26.9,73.5,100,95,1,17.17,1.41,0.04,0,4.07,-1.386,5.6410203,11395,4107,0,-
15:54:18.337,snap,default,com.miui.home,charging,1,26.9,73.5,100,95,1,17.14,1.34,0.03,0,4.071,-1.387,5.646477,11395,4107,0,-
15:54:35.649,snap,default,com.miui.home,charging,1,26.9,73.5,100,95,1,17.14,1.34,0.03,0,4.073,-1.387,5.649251,16098,5809,0,-
15:54:42.828,snap,default,com.miui.home,charging,1,26.9,73.5,100,95,1,17.11,1.27,0.02,0,4.073,-1.387,5.649251,16098,5809,0,-
15:54:44.466,snap,default,com.miui.home,charging,1,26.9,73.5,100,95,1,17.11,1.27,0.02,0,4.074,-1.387,5.6506376,14835,4472,0,-
15:54:45.468,snap,default,com.miui.home,charging,1,26.9,73.5,100,95,1,16.91,1.22,0.02,0,4.074,-1.385,5.64249,14835,4472,0,-
15:54:49.955,snap,default,com.miui.home,charging,1,26.9,73.5,100,95,1,16.91,1.22,0.02,0,4.074,-1.384,5.638416,14835,4472,0,-
15:55:12.338,snap,default,com.miui.home,charging,1,27,73.5,100,95,1,16.2,1,0.01,0,4.074,-1.387,5.6506376,9027,3534,0,-
15:55:29.701,snap,default,com.miui.home,charging,1,27,73.5,100,95,1,16.71,1,0.01,0,4.076,-1.387,5.6534123,9027,3534,0,-
15:55:47.436,snap,default,com.miui.home,charging,1,27,73.5,100,95,1,16.71,1,0.01,0,4.077,-1.387,5.654799,17395,6838,0,-
15:56:06.514,snap,default,com.miui.home,charging,1,27,73.5,100,95,1,16.58,1,0.01,0,4.079,-1.387,5.6575727,17395,6838,0,-
15:56:23.850,snap,default,com.miui.home,charging,1,27.1,73.5,100,95,1,16.58,1,0.01,0,4.08,-1.386,5.65488,16104,5997,0,-
15:56:50.437,snap,default,com.miui.home,charging,1,27.1,73.5,100,95,1,16.65,1,0,0,4.081,-1.387,5.6603465,16104,5997,0,-
15:57:08.768,snap,default,com.miui.home,charging,1,27.1,73.5,100,95,1,16.65,1,0,0,4.082,-1.386,5.657652,16137,5842,0,-
15:57:21.416,snap,default,com.miui.home,charging,1,27.2,73.5,100,95,1,16.35,0.82,0,0,4.084,-1.387,5.664508,16137,5842,0,-
15:57:36.339,snap,default,com.miui.home,charging,1,27.2,73.5,100,95,1,16.35,0.82,0,0,4.085,-1.387,5.665895,17326,5849,0,-
15:57:53.674,snap,default,com.miui.home,charging,1,27.2,73.5,100,95,1,16.83,0.85,0,0,4.086,-1.387,5.6672816,17326,5849,0,-
15:58:21.264,snap,default,com.miui.home,charging,1,27.3,73.5,100,95,1,16.83,0.85,0,0,4.087,-1.387,5.6686687,16252,6138,0,-
15:58:22.265,snap,default,com.miui.home,charging,1,27.3,73.5,100,95,1,16.68,0.88,0,0,4.088,-1.386,5.665968,16252,6138,0,-
15:58:34.525,snap,default,com.miui.home,charging,1,27.3,73.5,100,95,1,16.68,0.88,0,0,4.088,-1.387,5.6700554,11975,3534,0,-
15:58:53.428,snap,default,com.miui.home,charging,1,27.3,73.5,100,95,1,16.19,0.72,0,0,4.09,-1.387,5.67283,11975,3534,0,-
15:59:15.375,snap,default,com.miui.home,charging,1,27.4,73.5,100,95,1,16.34,0.77,0,0,4.091,-1.387,5.6742167,13615,5602,0,-
15:59:32.770,snap,default,com.miui.home,charging,1,27.4,73.5,100,95,1,16.34,0.77,0,0,4.092,-1.387,5.675604,13615,5602,0,-
15:59:51.149,snap,default,com.miui.home,charging,1,27.4,73.5,100,95,1,17,0.81,0,0,4.093,-1.387,5.676991,16170,6223,0,-
16:00:09.508,snap,default,com.miui.home,charging,1,27.5,73.5,100,95,1,17,0.81,0,0,4.094,-1.387,5.6783776,16170,6223,0,-
16:00:26.879,snap,default,com.miui.home,charging,1,27.5,73.5,100,95,1,16.64,0.84,0,0,4.097,-1.387,5.682539,16950,7136,0,-
16:00:45.262,snap,default,com.miui.home,charging,1,27.5,73.5,100,95,1,16.64,0.84,0,0,4.097,-1.387,5.682539,16950,7136,0,-
16:00:55.055,snap,default,com.miui.home,charging,1,27.6,73.5,100,95,1,16.88,0.87,0,0,4.098,-1.387,5.683926,15790,6455,0,-
16:00:56.056,snap,default,com.miui.home,charging,1,27.6,73.5,100,95,1,16.88,0.87,0,0,4.098,-1.386,5.679828,15790,6455,0,-
16:01:11.816,snap,default,com.miui.home,charging,1,27.6,73.5,100,95,1,15.64,0.71,0,0,4.099,-1.387,5.6853127,7482,2316,0,-
16:01:30.166,snap,default,com.miui.home,charging,1,27.6,73.5,100,95,1,15.64,0.71,0,0,4.1,-1.387,5.6867,11280,4060,0,-
16:01:39.377,snap,default,com.miui.home,charging,1,27.7,73.5,100,95,1,16.06,0.58,0,0,4.101,-1.387,5.6880865,11280,4060,0,-
16:01:57.009,snap,default,com.miui.home,charging,1,27.7,73.5,100,95,1,16.06,0.58,0,0,4.102,-1.387,5.689474,16958,6883,0,-
16:01:58.009,snap,default,com.miui.home,charging,1,27.7,73.5,100,95,1,16.41,0.66,0,0,4.102,-1.386,5.6853724,16958,6883,0,-
16:02:15.377,snap,default,com.miui.home,charging,1,27.7,73.5,100,95,1,16.41,0.66,0,0,4.103,-1.387,5.690861,11293,4755,0,-
16:02:28.581,snap,default,com.miui.home,charging,1,27.8,73.5,100,95,1,16.16,0.54,0,0,4.104,-1.387,5.692248,11293,4755,0,-
16:02:50.938,snap,default,com.miui.home,charging,1,27.8,73.5,100,95,1,16.16,0.54,0,0,4.106,-1.387,5.6950216,15573,5371,0,-
16:03:09.271,snap,default,com.miui.home,charging,1,27.8,73.5,100,95,1,16.31,0.44,0,0,4.107,-1.387,5.6964087,15573,5371,0,-
16:03:30.424,snap,default,com.miui.home,charging,1,27.9,73.5,100,95,1,16.25,0.54,0,0,4.108,-1.387,5.6977954,13859,5047,0,-
16:03:43.009,snap,default,com.miui.home,charging,1,27.9,73.5,100,95,1,16.25,0.54,0,0,4.109,-1.387,5.699183,13859,5047,0,-
16:03:54.205,snap,default,com.miui.home,charging,1,28,73.5,100,95,1,16.57,0.62,0,0,4.11,-1.387,5.70057,16492,7443,0,-
16:04:12.629,snap,default,com.miui.home,charging,1,28,73.5,100,95,1,16.57,0.62,0,0,4.112,-1.385,5.69512,16492,7443,0,-
16:04:33.439,snap,default,com.miui.home,charging,1,28,73.5,100,95,1,17.19,0.69,0,0,4.113,-1.387,5.7047305,17563,7593,0,-
16:04:57.505,snap,default,com.miui.home,charging,1,28.1,73.5,100,95,1,17.19,0.69,0,0,4.115,-1.387,5.7075047,17563,7593,0,-
16:05:14.889,snap,default,com.miui.home,charging,1,28.1,73.5,100,95,1,16.97,0.75,0,0,4.115,-1.385,5.6992745,14975,5047,0,-
16:05:33.597,snap,default,com.miui.home,charging,1,28.1,73.5,100,95,1,16.97,0.75,0,0,4.118,-1.387,5.711666,14975,5047,0,-
16:05:42.467,snap,default,com.miui.home,charging,1,28.2,73.5,100,95,1,16.98,0.79,0,0,4.117,-1.386,5.7061625,12028,4418,0,-
16:06:00.059,snap,default,com.miui.home,charging,1,28.2,73.5,100,95,1,16.98,0.79,0,0,4.119,-1.387,5.7130527,12028,4418,0,-
16:06:05.585,snap,default,com.miui.home,charging,1,28.2,73.5,100,95,1,16.25,0.65,0,0,4.12,-1.387,5.71444,13503,4545,0,-
16:06:27.538,snap,default,com.miui.home,charging,1,28.2,73.5,100,95,1,16.25,0.65,0,0,4.121,-1.387,5.7158265,13503,4545,0,-
16:06:31.647,snap,default,com.miui.home,charging,1,28.3,73.5,100,95,1,16.57,0.53,0,0,4.122,-1.385,5.70897,17008,6097,0,-
16:06:32.648,snap,default,com.miui.home,charging,1,28.3,73.5,100,95,1,16.57,0.53,0,0,4.122,-1.384,5.7048483,17008,6097,0,-
16:06:36.568,snap,default,com.miui.home,charging,1,28.3,73.5,100,95,1,15.56,0.43,0,0,4.122,-1.384,5.7048483,3957,956,0,-
16:06:54.228,snap,default,com.miui.home,charging,1,28.3,73.5,100,95,1,15.82,0.35,0,0,4.123,-1.387,5.718601,3957,956,0,-
16:07:07.572,snap,default,com.miui.home,charging,1,28.3,73.5,100,95,1,15.82,0.35,0,0,4.125,-1.386,5.7172503,13742,4508,0,-
16:07:29.706,snap,default,com.miui.home,charging,1,28.4,73.5,100,95,1,16.03,0.47,0,0,4.125,-1.386,5.7172503,13742,4508,0,-
16:07:38.890,snap,default,com.miui.home,charging,1,28.4,73.5,100,95,1,16.03,0.47,0,0,4.127,-1.387,5.7241488,15390,5329,0,-
16:08:06.453,snap,default,com.miui.home,charging,1,28.4,73.5,100,95,1,15.84,0.56,0,0,4.127,-1.387,5.7241488,15390,5329,0,-
16:08:07.457,snap,default,com.miui.home,charging,1,28.5,73.5,100,95,1,15.84,0.56,0,0,4.129,-1.386,5.7227945,14215,4964,0,-
16:08:08.454,snap,default,com.miui.home,charging,1,28.5,73.5,100,95,1,15.84,0.56,0,0,4.129,-1.385,5.718665,14215,4964,0,-
16:08:23.832,snap,default,com.miui.home,charging,1,28.5,73.5,100,95,1,14.97,0.46,0,0,4.129,-1.384,5.714536,7378,2443,0,-
16:08:33.002,snap,default,com.miui.home,charging,1,28.5,73.5,100,95,1,15.51,0.56,0,0,4.131,-1.387,5.7296968,7378,2443,0,-
16:08:42.218,snap,default,com.miui.home,charging,1,28.5,73.5,100,95,1,15.51,0.56,0,0,4.132,-1.386,5.726952,15994,5276,0,-
16:09:01.272,snap,default,com.miui.home,charging,1,28.5,73.5,100,95,1,15.6,0.64,0,0,4.132,-1.386,5.726952,15994,5276,0,-
16:09:10.144,snap,default,com.miui.home,charging,1,28.6,73.5,100,95,1,15.6,0.64,0,0,4.134,-1.387,5.7338576,15914,5426,0,-
16:09:28.204,snap,default,com.miui.home,charging,1,28.6,73.5,100,95,1,15.85,0.7,0,0,4.134,-1.387,5.7338576,15914,5426,0,-
16:09:37.617,snap,default,com.miui.home,charging,1,28.6,73.5,100,95,1,15.85,0.7,0,0,4.136,-1.387,5.736632,13624,4958,0,-
16:09:55.878,snap,default,com.miui.home,charging,1,28.6,73.5,100,95,1,16.24,0.76,0,0,4.137,-1.387,5.738019,13624,4958,0,-
16:10:14.196,snap,default,com.miui.home,charging,1,28.7,73.5,100,95,1,16.24,0.76,0,0,4.139,-1.387,5.7407928,14279,5359,0,-
16:10:31.566,snap,default,com.miui.home,charging,1,28.7,73.5,100,95,1,16.38,0.8,0,0,4.141,-1.387,5.7435665,14279,5359,0,-
16:10:32.568,snap,default,com.miui.home,charging,1,28.7,73.5,100,95,1,16.38,0.8,0,0,4.141,-1.387,5.7435665,15026,5966,0,-
16:10:41.162,snap,default,com.miui.home,charging,1,28.7,73.5,100,95,1,16.31,0.65,0,0,4.141,-1.384,5.7311435,15026,5966,0,-
16:10:42.162,snap,default,com.miui.home,charging,1,28.7,73.5,100,95,1,16.31,0.65,0,0,4.142,-1.387,5.744954,6755,2342,0,-
16:10:59.136,snap,default,com.miui.home,charging,1,28.7,73.5,100,95,1,15.89,0.53,0,0,4.142,-1.385,5.73667,6755,2342,0,-
16:11:13.634,snap,default,com.miui.home,charging,1,28.8,73.5,100,95,1,15.89,0.53,0,0,4.143,-1.387,5.746341,10266,4381,0,-
16:11:34.476,snap,default,com.miui.home,charging,1,28.8,73.5,100,95,1,15.91,0.62,0,0,4.145,-1.386,5.7449703,10266,4381,0,-
16:11:53.245,snap,default,com.miui.home,charging,1,28.8,73.5,100,95,1,15.91,0.62,0,0,4.146,-1.386,5.746356,14378,5352,0,-
16:12:15.413,snap,default,com.miui.home,charging,1,28.9,73.5,100,95,1,16.29,0.69,0,0,4.149,-1.387,5.754663,14378,5352,0,-
16:12:33.430,snap,default,com.miui.home,charging,1,28.9,73.5,100,95,1,16.29,0.69,0,0,4.15,-1.386,5.7519,14737,5678,0,-
16:12:37.930,snap,default,com.miui.home,charging,1,28.9,73.5,100,95,1,16.42,0.74,0,0,4.152,-1.387,5.758824,14737,5678,0,-
16:12:38.930,snap,default,com.miui.home,charging,1,28.9,73.5,100,95,1,16.42,0.74,0,0,4.152,-1.386,5.754672,10099,3852,0,-
16:12:39.931,snap,default,com.miui.home,charging,1,28.9,73.5,100,95,1,16.34,0.97,0,0,4.152,-1.385,5.7505198,10099,3852,0,-
16:12:40.931,snap,default,com.miui.home,charging,1,28.9,73.5,100,95,1,16.34,0.97,0,0,4.152,-1.385,5.7505198,12922,1316,0,-
16:12:41.932,snap,default,com.miui.home,charging,1,28.9,73.5,100,95,1,15.91,1.7,0.18,0,4.152,-1.385,5.7505198,12922,1316,0,-
16:12:42.933,snap,default,com.miui.home,charging,1,28.9,73.5,100,95,1,15.91,1.7,0.18,0,4.152,-1.385,5.7505198,3854,548,0,-
16:12:43.932,snap,default,com.miui.home,charging,1,28.9,73.5,100,95,1,14.84,2.12,0.14,0,4.152,-1.384,5.746368,3854,548,0,-
16:12:44.933,snap,default,com.miui.home,charging,1,28.9,73.5,100,95,1,14.84,2.12,0.14,0,4.152,-1.384,5.746368,3854,548,0,-
16:12:45.938,snap,default,com.miui.home,charging,1,28.9,73.5,100,95,1,13.96,2.09,0.12,0,4.152,-1.384,5.746368,10694,624,0,-
16:12:46.936,snap,default,com.miui.home,charging,1,28.9,73.5,100,95,1,13.96,2.09,0.12,0,4.152,-1.384,5.746368,10694,624,0,-
16:12:47.942,snap,default,com.miui.home,charging,1,29,73.5,100,95,1,13.43,2.26,0.09,0,4.152,-1.384,5.746368,3747,663,0,-
16:12:48.943,snap,default,com.miui.home,charging,1,29,73.5,100,95,1,13.43,2.26,0.09,0,4.152,-1.384,5.746368,3747,663,0,-
16:12:49.937,snap,default,com.miui.home,charging,1,29,73.5,100,95,1,12.62,2.39,0.26,0,4.152,-1.384,5.746368,3617,567,0,-
16:12:50.936,snap,default,com.miui.home,charging,1,29,73.5,100,95,1,12.62,2.39,0.26,0,4.152,-1.384,5.746368,3617,567,0,-
16:12:51.939,snap,default,com.miui.home,charging,1,29,73.5,100,95,1,12.33,2.5,0.39,0,4.153,-1.384,5.7477517,3819,544,0,-
16:12:52.937,snap,default,com.miui.home,charging,1,29,73.5,100,95,1,12.33,2.5,0.39,0,4.153,-1.384,5.7477517,3819,544,0,-
16:12:53.937,snap,default,com.miui.home,charging,1,29,73.5,100,95,1,11.54,2.59,0.32,0,4.153,-1.384,5.7477517,3374,412,0,-
16:12:54.937,snap,default,com.miui.home,charging,1,29,73.5,100,95,1,11.54,2.59,0.32,0,4.153,-1.384,5.7477517,3374,412,0,-
16:12:55.937,snap,default,com.miui.home,charging,1,29,73.5,100,95,1,10.9,2.48,0.44,0,4.154,-1.384,5.7491355,3548,538,0,-
16:12:56.937,snap,default,com.miui.home,charging,1,29,73.5,100,95,1,10.9,2.48,0.44,0,4.153,-1.384,5.7477517,3548,538,0,-
16:12:57.938,snap,default,com.miui.home,charging,1,29,73.5,100,95,1,10.55,2.58,0.36,0,4.154,-1.383,5.744982,5552,1685,0,-
16:12:58.939,snap,default,com.miui.home,charging,1,29,73.5,100,95,1,10.55,2.58,0.36,0,4.154,-1.383,5.744982,5552,1685,0,-
16:12:59.939,snap,default,com.miui.home,charging,1,29,73.5,100,95,1,10.27,2.47,0.29,0,4.154,-1.383,5.744982,3977,771,0,-
16:13:00.940,snap,default,com.miui.home,charging,1,29,73.5,100,95,1,10.27,2.47,0.29,0,4.154,-1.383,5.744982,3977,771,0,-
16:13:01.940,snap,default,com.miui.home,charging,1,29,73.5,100,95,1,9.86,2.57,0.24,0,4.154,-1.383,5.744982,3597,473,0,-
16:13:02.940,snap,default,com.miui.home,charging,1,29,73.5,100,95,1,9.86,2.57,0.24,0,4.154,-1.383,5.744982,3597,473,0,-
16:13:03.942,snap,default,com.miui.home,charging,1,29,73.5,100,95,1,9.7,2.64,0.2,0,4.155,-1.383,5.7463655,3620,537,0,-
16:13:04.941,snap,default,com.miui.home,charging,1,29,73.5,100,95,1,9.7,2.64,0.2,0,4.154,-1.383,5.744982,3620,537,0,-
16:13:05.942,snap,default,com.miui.home,charging,1,29,73.5,100,95,1,9.39,2.71,0.16,0,4.154,-1.383,5.744982,3391,392,0,-
16:13:06.944,snap,default,com.miui.home,charging,1,29,73.5,100,95,1,9.39,2.71,0.16,0,4.155,-1.383,5.7463655,3391,392,0,-
16:13:07.943,snap,default,com.miui.home,charging,1,29,73.5,100,95,1,9.14,2.76,0.13,0,4.154,-1.383,5.744982,3578,430,0,-
16:13:09.096,snap,default,com.miui.home,charging,1,29,73.5,100,95,1,9.11,2.62,0.1,0,4.155,-1.383,5.7463655,3578,430,0,-
16:13:10.097,snap,default,com.miui.home,charging,1,29,73.5,100,95,1,9.11,2.62,0.1,0,4.155,-1.383,5.7463655,16168,1237,0,-
16:13:11.097,snap,default,com.miui.home,charging,1,29,73.5,100,95,1,9.82,2.33,0.08,0,4.155,-1.384,5.75052,16168,1237,0,-
16:13:12.098,snap,default,com.miui.home,charging,1,29,73.5,100,95,1,9.82,2.33,0.08,0,4.155,-1.384,5.75052,12405,687,0,-
16:13:13.097,snap,default,com.miui.home,charging,1,29,73.5,100,95,1,11.12,2.81,0.07,0,4.155,-1.384,5.75052,12405,687,0,-
16:13:14.100,snap,default,com.miui.home,charging,1,29,73.5,100,95,1,11.12,2.81,0.07,0,4.155,-1.384,5.75052,12247,1532,0,-
16:13:15.102,snap,default,com.miui.home,charging,1,29,73.5,100,95,1,11.09,2.66,0.05,0,4.154,-1.382,5.7408276,12247,1532,0,-
16:13:16.100,snap,default,com.miui.home,charging,1,29,73.5,100,95,1,11.09,2.66,0.05,0,4.155,-1.382,5.7422104,12247,1532,0,-
16:13:17.103,snap,default,com.miui.home,charging,1,29,73.5,100,95,1,11.26,2.54,0.04,0,4.155,-1.383,5.7463655,13985,1132,0,-
16:13:18.103,snap,default,com.miui.home,charging,1,29,73.5,100,95,1,11.26,2.54,0.04,0,4.155,-1.383,5.7463655,13985,1132,0,-
16:13:19.103,snap,default,com.miui.home,charging,1,29,73.5,100,95,1,10.49,2.08,0.03,0,4.156,-1.383,5.7477484,2965,220,0,-
16:13:20.103,snap,default,com.miui.home,charging,1,29,73.5,100,95,1,10.49,2.08,0.03,0,4.155,-1.384,5.75052,2965,220,0,-
16:13:21.104,snap,default,com.miui.home,charging,1,29.1,73.5,100,95,1,10.22,1.7,0.03,0,4.156,-1.384,5.751904,2177,127,0,-
16:13:22.103,snap,default,com.miui.home,charging,1,29.1,73.5,100,95,1,10.22,1.7,0.03,0,4.155,-1.384,5.75052,2177,127,0,-
16:13:23.104,snap,default,com.miui.home,charging,1,29.1,73.5,100,95,1,9.99,1.39,0.02,0,4.156,-1.383,5.7477484,2211,145,0,-
16:13:24.104,snap,default,com.miui.home,charging,1,29.1,73.5,100,95,1,9.99,1.39,0.02,0,4.155,-1.383,5.7463655,2211,145,0,-
16:13:25.106,snap,default,com.miui.home,charging,1,29.1,73.5,100,95,1,9.81,1.14,0.02,0,4.156,-1.383,5.7477484,2168,148,0,-
16:13:26.105,snap,default,com.miui.home,charging,1,29.1,73.5,100,95,1,9.81,1.14,0.02,0,4.157,-1.384,5.753288,2168,148,0,-
16:13:27.105,snap,default,com.miui.home,charging,1,29.1,73.5,100,95,1,9.66,0.93,0.01,0,4.156,-1.384,5.751904,2281,190,0,-
16:13:28.105,snap,default,com.miui.home,charging,1,29.1,73.5,100,95,1,9.66,0.93,0.01,0,4.156,-1.384,5.751904,2281,190,0,-
16:13:29.105,snap,default,com.miui.home,charging,1,29.1,73.5,100,95,1,9.36,0.76,0.01,0,4.156,-1.384,5.751904,2159,97,0,-
16:13:30.106,snap,default,com.miui.home,charging,1,29.1,73.5,100,95,1,9.36,0.76,0.01,0,4.156,-1.384,5.751904,2159,97,0,-
16:13:31.105,snap,default,com.miui.home,charging,1,29.1,73.5,100,95,1,9.29,0.62,0.01,0,4.156,-1.384,5.751904,2143,140,0,-
16:13:32.107,snap,default,com.miui.home,charging,1,29.1,73.5,100,95,1,9.29,0.62,0.01,0,4.157,-1.384,5.753288,2143,140,0,-
16:13:33.108,snap,default,com.miui.home,charging,1,29.1,73.5,100,95,1,9.24,0.51,0,0,4.156,-1.384,5.751904,2252,143,0,-
16:13:34.108,snap,default,com.miui.home,charging,1,29.1,73.5,100,95,1,9.24,0.51,0,0,4.157,-1.384,5.753288,2252,143,0,-
16:13:35.109,snap,default,com.miui.home,charging,1,29.1,73.5,100,95,1,9.2,0.41,0,0,4.157,-1.384,5.753288,2260,153,0,-
16:13:36.111,snap,default,com.miui.home,charging,1,29.1,73.5,100,95,1,9.2,0.41,0,0,4.156,-1.384,5.751904,2260,153,0,-
16:13:37.110,snap,default,com.miui.home,charging,1,29.1,73.5,100,95,1,8.98,0.34,0,0,4.158,-1.384,5.7546716,2204,92,0,-
16:13:38.110,snap,default,com.miui.home,charging,1,29.1,73.5,100,95,1,8.98,0.34,0,0,4.157,-1.384,5.753288,2204,92,0,-
16:13:39.111,snap,default,com.miui.home,charging,1,29.1,73.5,100,95,1,8.98,0.28,0,0,4.158,-1.384,5.7546716,2305,187,0,-
16:13:40.113,snap,default,com.miui.home,charging,1,29.1,73.5,100,95,1,8.98,0.28,0,0,4.157,-1.384,5.753288,2305,187,0,-
16:13:41.113,snap,default,com.miui.home,charging,1,29.1,73.5,100,95,1,8.98,0.22,0,0,4.158,-1.383,5.750514,2194,110,0,-
16:13:42.113,snap,default,com.miui.home,charging,1,29.1,73.5,100,95,1,8.98,0.22,0,0,4.158,-1.383,5.750514,2194,110,0,-
16:13:43.114,snap,default,com.miui.home,charging,1,29.2,73.5,100,95,1,8.8,0.18,0,0,4.158,-1.383,5.750514,2194,110,0,-
16:13:44.115,snap,default,com.miui.home,charging,1,29.2,73.5,100,95,1,8.8,0.18,0,0,4.158,-1.383,5.750514,2190,130,0,-
16:13:45.113,snap,default,com.miui.home,charging,1,29.2,73.5,100,95,1,8.84,0.15,0,0,4.158,-1.383,5.750514,2190,130,0,-
16:13:46.116,snap,default,com.miui.home,charging,1,29.2,73.5,100,95,1,8.84,0.15,0,0,4.158,-1.364,5.6715117,4145,243,0,-
16:13:47.115,snap,default,com.miui.home,charging,1,29.2,73.5,100,95,1,9.59,0.85,0,0,4.158,-1.372,5.704776,4145,243,0,-
16:13:48.116,snap,default,com.miui.home,charging,1,29.2,73.5,100,95,1,9.59,0.85,0,0,4.158,-1.379,5.733882,4025,485,0,-
16:13:49.116,snap,default,com.miui.home,charging,1,29.2,73.5,100,95,1,10.75,3.05,0,0,4.158,-1.381,5.742198,4025,485,0,-
16:13:50.117,snap,default,com.miui.home,charging,1,29.2,73.5,100,95,1,10.75,3.05,0,0,4.159,-1.382,5.747738,3212,297,0,-
16:13:51.115,snap,default,com.miui.home,charging,1,29.2,73.5,100,95,1,11.7,4.49,0,0,4.158,-1.383,5.750514,3212,297,0,-
16:13:52.117,snap,default,com.miui.home,charging,1,29.2,73.5,100,95,1,11.7,4.49,0,0,4.158,-1.383,5.750514,3230,365,0,-
16:13:53.117,snap,default,com.miui.home,charging,1,29.2,73.5,100,95,1,12.12,5.67,0,0,4.158,-1.383,5.750514,3230,365,0,-
16:13:54.118,snap,default,com.miui.home,charging,1,29.2,73.5,100,95,1,12.12,5.67,0,0,4.159,-1.383,5.751897,3227,364,0,-
16:13:55.120,snap,default,com.miui.home,charging,1,29.2,73.5,100,95,1,12.82,6.81,0,0,4.158,-1.383,5.750514,3227,364,0,-
16:13:56.119,snap,default,com.miui.home,charging,1,29.2,73.5,100,95,1,12.82,6.81,0,0,4.16,-1.383,5.7532797,3171,299,0,-
16:13:57.120,snap,default,com.miui.home,charging,1,29.2,73.5,100,95,1,12.67,6.85,0,0,4.159,-1.383,5.751897,3171,299,0,-
16:13:58.121,snap,default,com.miui.home,charging,1,29.2,73.5,100,95,1,12.67,6.85,0,0,4.159,-1.383,5.751897,2457,246,0,-
16:13:59.121,snap,default,com.miui.home,charging,1,29.2,73.5,100,95,1,12,5.6,0,0,4.159,-1.384,5.756056,2457,246,0,-
16:14:00.121,snap,default,com.miui.home,charging,1,29.2,73.5,100,95,1,12,5.6,0,0,4.159,-1.384,5.756056,2163,114,0,-
16:14:01.122,snap,default,com.miui.home,charging,1,29.2,73.5,100,95,1,11.28,4.59,0,0,4.159,-1.384,5.756056,2163,114,0,-
16:14:02.124,snap,default,com.miui.home,charging,1,29.2,73.5,100,95,1,11.28,4.59,0,0,4.159,-1.383,5.751897,2152,133,0,-
16:14:03.123,snap,default,com.miui.home,charging,1,29.2,73.5,100,95,1,10.68,3.76,0,0,4.16,-1.383,5.7532797,2152,133,0,-
16:14:04.124,snap,default,com.miui.home,charging,1,29.2,73.5,100,95,1,10.68,3.76,0,0,4.159,-1.383,5.751897,2295,175,0,-
16:14:05.124,snap,default,com.miui.home,charging,1,29.2,73.5,100,95,1,10.01,3.07,0,0,4.16,-1.383,5.7532797,2295,175,0,-
16:14:06.125,snap,default,com.miui.home,charging,1,29.2,73.5,100,95,1,10.01,3.07,0,0,4.16,-1.383,5.7532797,2196,84,0,-
16:14:07.127,snap,default,com.miui.home,charging,1,29.2,73.5,100,95,1,9.65,2.52,0,0,4.16,-1.383,5.7532797,2196,84,0,-
16:14:08.127,snap,default,com.miui.home,charging,1,29.2,73.5,100,95,1,9.65,2.52,0,0,4.16,-1.383,5.7532797,2196,84,0,-
16:14:09.128,snap,default,com.miui.home,charging,1,29.2,73.5,100,95,1,9.35,2.06,0,0,4.16,-1.383,5.7532797,2246,166,0,-
16:14:10.129,snap,default,com.miui.home,charging,1,29.2,73.5,100,95,1,9.35,2.06,0,0,4.16,-1.383,5.7532797,2246,166,0,-
16:14:11.129,snap,default,com.miui.home,charging,1,29.2,73.5,100,95,1,9.1,1.68,0,0,4.16,-1.383,5.7532797,2198,143,0,-
16:14:12.129,snap,default,com.miui.home,charging,1,29.3,73.5,100,95,1,9.1,1.68,0,0,4.16,-1.383,5.7532797,2198,143,0,-
16:14:13.129,snap,default,com.miui.home,charging,1,29.3,73.5,100,95,1,8.9,1.38,0,0,4.16,-1.384,5.7574396,2198,101,0,-
16:14:14.133,snap,default,com.miui.home,charging,1,29.3,73.5,100,95,1,8.9,1.38,0,0,4.16,-1.384,5.7574396,2198,101,0,-
16:14:15.131,snap,default,com.miui.home,charging,1,29.3,73.5,100,95,1,8.74,1.13,0,0,4.16,-1.384,5.7574396,2262,159,0,-
16:14:16.129,snap,default,com.miui.home,charging,1,29.3,73.5,100,95,1,8.74,1.13,0,0,4.16,-1.384,5.7574396,2262,159,0,-
16:14:17.134,snap,default,com.miui.home,charging,1,29.3,73.5,100,95,1,10.23,1.1,0,0,4.16,-1.381,5.74496,6297,1782,0,-
16:14:18.132,snap,default,com.miui.home,charging,1,29.3,73.5,100,95,1,10.23,1.1,0,0,4.16,-1.381,5.74496,6297,1782,0,-
16:14:19.131,snap,default,com.miui.home,charging,1,29.3,73.5,100,95,1,10.23,1.1,0,0,4.161,-1.383,5.754663,6274,1263,0,-
16:14:20.134,snap,default,com.miui.home,charging,1,29.3,73.5,100,95,1,9.28,1.08,0.18,0,4.16,-1.383,5.7532797,6274,1263,0,-
16:14:21.136,snap,default,com.miui.home,charging,1,29.3,73.5,100,95,1,9.28,1.08,0.18,0,4.161,-1.383,5.754663,2356,256,0,-
16:14:22.135,snap,default,com.miui.home,charging,1,29.3,73.5,100,95,1,8.87,0.89,0.14,0,4.161,-1.383,5.754663,2356,256,0,-
16:14:23.137,snap,default,com.miui.home,charging,1,29.3,73.5,100,95,1,8.87,0.89,0.14,0,4.161,-1.383,5.754663,2363,272,0,-
16:14:24.139,snap,default,com.miui.home,charging,1,29.3,73.5,100,95,1,8.89,0.72,0.12,0,4.161,-1.383,5.754663,2363,272,0,-
16:14:25.143,snap,default,com.miui.home,charging,1,29.3,73.5,100,95,1,8.89,0.72,0.12,0,4.161,-1.383,5.754663,2328,267,0,-
16:14:26.140,snap,default,com.miui.home,charging,1,29.3,73.5,100,95,1,8.73,0.59,0.09,0,4.162,-1.383,5.7560463,2328,267,0,-
16:14:27.140,snap,default,com.miui.home,charging,1,29.3,73.5,100,95,1,8.73,0.59,0.09,0,4.162,-1.384,5.760208,2226,184,0,-
16:14:28.142,snap,default,com.miui.home,charging,1,29.3,73.5,100,95,1,8.78,0.48,0.08,0,4.161,-1.384,5.7588234,2226,184,0,-
16:14:29.141,snap,default,com.miui.home,charging,1,29.3,73.5,100,95,1,8.78,0.48,0.08,0,4.162,-1.384,5.760208,2289,191,0,-
16:14:30.141,snap,default,com.miui.home,charging,1,29.3,73.5,100,95,1,8.45,0.39,0.06,0,4.162,-1.384,5.760208,2289,191,0,-
16:14:31.141,snap,default,com.miui.home,charging,1,29.3,73.5,100,95,1,8.45,0.39,0.06,0,4.162,-1.384,5.760208,2197,142,0,-
16:14:32.139,snap,default,com.miui.home,charging,1,29.3,73.5,100,95,1,8.55,0.32,0.05,0,4.162,-1.384,5.760208,2197,142,0,-
16:14:33.141,snap,default,com.miui.home,charging,1,29.3,73.5,100,95,1,8.55,0.32,0.05,0,4.162,-1.384,5.760208,2648,298,0,-
16:14:34.142,snap,default,com.miui.home,charging,1,29.3,73.5,100,95,1,7.73,0.26,0.04,0,4.162,-1.384,5.760208,2648,298,0,-
16:14:35.144,snap,default,com.miui.home,charging,1,29.4,73.5,100,95,1,7.73,0.26,0.04,0,4.163,-1.384,5.761592,2648,298,0,-
16:14:36.144,snap,default,com.miui.home,charging,1,29.4,73.5,100,95,1,7.78,0.21,0.03,0,4.163,-1.384,5.761592,2243,127,0,-
16:14:37.145,snap,default,com.miui.home,charging,1,29.4,73.5,100,95,1,7.78,0.21,0.03,0,4.162,-1.384,5.760208,2243,127,0,-
16:14:38.147,snap,default,com.miui.home,charging,1,29.4,73.5,100,95,1,7.63,0.17,0.02,0,4.163,-1.384,5.761592,2181,101,0,-
16:14:39.145,snap,default,com.miui.home,charging,1,29.4,73.5,100,95,1,7.63,0.17,0.02,0,4.163,-1.384,5.761592,2181,101,0,-
16:14:40.145,snap,default,com.miui.home,charging,1,29.4,73.5,100,95,1,7.88,0.14,0.02,0,4.163,-1.384,5.761592,2223,163,0,-
16:14:41.145,snap,default,com.miui.home,charging,1,29.4,73.5,100,95,1,7.88,0.14,0.02,0,4.163,-1.384,5.761592,2223,163,0,-
16:14:42.145,snap,default,com.miui.home,charging,1,29.4,73.5,100,95,1,7.9,0.11,0.01,0,4.163,-1.384,5.761592,2173,137,0,-
16:14:43.146,snap,default,com.miui.home,charging,1,29.4,73.5,100,95,1,7.9,0.11,0.01,0,4.163,-1.384,5.761592,2173,137,0,-
16:14:44.147,snap,default,com.miui.home,charging,1,29.4,73.5,100,95,1,8.1,0.09,0.01,0,4.163,-1.384,5.761592,2346,216,0,-
16:14:45.146,snap,default,com.miui.home,charging,1,29.4,73.5,100,95,1,8.1,0.09,0.01,0,4.163,-1.384,5.761592,2346,216,0,-
16:14:46.147,snap,default,com.miui.home,charging,1,29.4,73.5,100,95,1,8.26,0.07,0.01,0,4.163,-1.384,5.761592,2284,158,0,-
16:14:47.147,snap,default,com.miui.home,charging,1,29.4,73.5,100,95,1,8.26,0.07,0.01,0,4.163,-1.384,5.761592,2284,158,0,-
16:14:48.148,snap,default,com.miui.home,charging,1,29.4,73.5,100,95,1,8.03,0.06,0,0,4.163,-1.384,5.761592,2539,421,0,-
16:14:49.148,snap,default,com.miui.home,charging,1,29.4,73.5,100,95,1,8.03,0.06,0,0,4.164,-1.384,5.7629757,2539,421,0,-
16:14:50.152,snap,default,com.miui.home,charging,1,29.4,73.5,100,95,1,8.39,0.23,0,0,4.164,-1.384,5.7629757,2257,166,0,-
16:14:51.148,snap,default,com.miui.home,charging,1,29.4,73.5,100,95,1,8.39,0.23,0,0,4.164,-1.384,5.7629757,2257,166,0,-
16:14:52.148,snap,default,com.miui.home,charging,1,29.4,73.5,100,95,1,9.22,0.37,0,0,4.164,-1.384,5.7629757,4616,1287,0,-
16:14:53.149,snap,default,com.miui.home,charging,1,29.4,73.5,100,95,1,9.22,0.37,0,0,4.164,-1.384,5.7629757,4616,1287,0,-
16:14:54.149,snap,default,com.miui.home,charging,1,29.4,73.5,100,95,1,7.73,0.3,0,0,4.164,-1.384,5.7629757,2719,337,0,-
16:14:55.150,snap,default,com.miui.home,charging,1,29.4,73.5,100,95,1,7.73,0.3,0,0,4.164,-1.384,5.7629757,2719,337,0,-
16:14:56.152,snap,default,com.miui.home,charging,1,29.4,73.5,100,95,1,7.6,0.25,0,0,4.165,-1.384,5.76436,2224,174,0,-
16:14:57.152,snap,default,com.miui.home,charging,1,29.4,73.5,100,95,1,7.6,0.25,0,0,4.165,-1.384,5.76436,2224,174,0,-
16:14:58.151,snap,default,com.miui.home,charging,1,29.4,73.5,100,95,1,7.67,0.2,0,0,4.164,-1.384,5.7629757,2323,196,0,-
16:14:59.154,snap,default,com.miui.home,charging,1,29.4,73.5,100,95,1,7.67,0.2,0,0,4.164,-1.384,5.7629757,2323,196,0,-
16:15:00.152,snap,default,com.miui.home,charging,1,29.4,73.5,100,95,1,8.27,0.34,0,0,4.165,-1.384,5.76436,2229,160,0,-
16:15:01.153,snap,default,com.miui.home,charging,1,29.4,73.5,100,95,1,8.27,0.34,0,0,4.165,-1.384,5.76436,2229,160,0,-
16:15:02.157,snap,default,com.miui.home,charging,1,29.4,73.5,100,95,1,8.4,0.28,0,0,4.165,-1.384,5.76436,2229,160,0,-
16:15:03.155,snap,default,com.miui.home,charging,1,29.4,73.5,100,95,1,8.4,0.28,0,0,4.165,-1.384,5.76436,2221,167,0,-
16:15:04.157,snap,default,com.miui.home,charging,1,29.4,73.5,100,95,1,8.33,0.23,0,0,4.166,-1.384,5.7657437,2221,167,0,-
16:15:05.155,snap,default,com.miui.home,charging,1,29.4,73.5,100,95,1,8.33,0.23,0,0,4.165,-1.384,5.76436,2248,126,0,-
16:15:06.155,snap,default,com.miui.home,charging,1,29.4,73.5,100,95,1,8.27,0.19,0,0,4.165,-1.384,5.76436,2248,126,0,-
16:15:07.156,snap,default,com.miui.home,charging,1,29.4,73.5,100,95,1,8.27,0.19,0,0,4.165,-1.384,5.76436,2198,96,0,-
16:15:08.157,snap,default,com.miui.home,charging,1,29.4,73.5,100,95,1,8.22,0.15,0,0,4.166,-1.384,5.7657437,2198,96,0,-
16:15:09.157,snap,default,com.miui.home,charging,1,29.4,73.5,100,95,1,8.22,0.15,0,0,4.166,-1.384,5.7657437,2251,171,0,-
16:15:10.157,snap,default,com.miui.home,charging,1,29.4,73.5,100,95,1,8.36,0.12,0,0,4.165,-1.384,5.76436,2251,171,0,-
16:15:11.157,snap,default,com.miui.home,charging,1,29.4,73.5,100,95,1,8.36,0.12,0,0,4.166,-1.384,5.7657437,2181,84,0,-
16:15:12.159,snap,default,com.miui.home,charging,1,29.4,73.5,100,95,1,8.29,0.1,0,0,4.166,-1.384,5.7657437,2181,84,0,-
16:15:13.159,snap,default,com.miui.home,charging,1,29.4,73.5,100,95,1,8.29,0.1,0,0,4.166,-1.384,5.7657437,2173,91,0,-
16:15:14.160,snap,default,com.miui.home,charging,1,29.4,73.5,100,95,1,8.06,0.08,0,0,4.166,-1.384,5.7657437,2173,91,0,-
16:15:15.158,snap,default,com.miui.home,charging,1,29.4,73.5,100,95,1,8.06,0.08,0,0,4.166,-1.384,5.7657437,2301,167,0,-
16:15:16.162,snap,default,com.miui.home,charging,1,29.4,73.5,100,95,1,8.05,0.06,0,0,4.167,-1.384,5.7671275,2301,167,0,-
16:15:17.161,snap,default,com.miui.home,charging,1,29.4,73.5,100,95,1,8.05,0.06,0,0,4.166,-1.384,5.7657437,2416,274,0,-
16:15:18.162,snap,default,com.miui.home,charging,1,29.4,73.5,100,95,1,8.04,0.05,0,0,4.166,-1.384,5.7657437,2416,274,0,-
16:15:19.161,snap,default,com.miui.home,charging,1,29.4,73.5,100,95,1,8.04,0.05,0,0,4.167,-1.384,5.7671275,2370,184,0,-
16:15:20.165,snap,default,com.miui.home,charging,1,29.4,73.5,100,95,1,8.03,0.04,0,0,4.167,-1.384,5.7671275,2370,184,0,-
16:15:21.163,snap,default,com.miui.home,charging,1,29.4,73.5,100,95,1,8.03,0.04,0,0,4.167,-1.384,5.7671275,2298,277,0,-
16:15:22.163,snap,default,com.miui.home,charging,1,29.4,73.5,100,95,1,8.2,0.03,0,0,4.167,-1.384,5.7671275,2298,277,0,-
16:15:23.163,snap,default,com.miui.home,charging,1,29.4,73.5,100,95,1,8.2,0.03,0,0,4.167,-1.384,5.7671275,2212,140,0,-
16:15:24.167,snap,default,com.miui.home,charging,1,29.5,73.5,100,95,1,8.17,0.03,0,0,4.167,-1.384,5.7671275,2212,140,0,-
16:15:25.166,snap,default,com.miui.home,charging,1,29.5,73.5,100,95,1,8.17,0.03,0,0,4.167,-1.384,5.7671275,2305,168,0,-
16:15:26.168,snap,default,com.miui.home,charging,1,29.5,73.5,100,95,1,7.95,0.02,0,0,4.168,-1.384,5.7685122,2305,168,0,-
16:15:27.166,snap,default,com.miui.home,charging,1,29.5,73.5,100,95,1,7.95,0.02,0,0,4.167,-1.384,5.7671275,2305,168,0,-
16:15:28.169,snap,default,com.miui.home,charging,1,29.5,73.5,100,95,1,7.96,0.02,0,0,4.167,-1.384,5.7671275,2222,122,0,-
16:15:29.168,snap,default,com.miui.home,charging,1,29.5,73.5,100,95,1,7.79,0.01,0,0,4.168,-1.384,5.7685122,2222,122,0,-
16:15:30.168,snap,default,com.miui.home,charging,1,29.5,73.5,100,95,1,7.79,0.01,0,0,4.168,-1.384,5.7685122,2250,137,0,-
16:15:31.168,snap,default,com.miui.home,charging,1,29.5,73.5,100,95,1,8.01,0.01,0,0,4.168,-1.384,5.7685122,2250,137,0,-
16:15:32.171,snap,default,com.miui.home,charging,1,29.5,73.5,100,95,1,8.01,0.01,0,0,4.168,-1.384,5.7685122,2197,116,0,-
16:15:33.171,snap,default,com.miui.home,charging,1,29.5,73.5,100,95,1,7.82,0.01,0,0,4.168,-1.384,5.7685122,2197,116,0,-
16:15:34.172,snap,default,com.miui.home,charging,1,29.5,73.5,100,95,1,7.82,0.01,0,0,4.168,-1.384,5.7685122,2349,224,0,-
16:15:35.172,snap,default,com.miui.home,charging,1,29.5,73.5,100,95,1,8.04,0,0,0,4.169,-1.384,5.769896,2349,224,0,-
16:15:36.176,snap,default,com.miui.home,charging,1,29.5,73.5,100,95,1,8.04,0,0,0,4.168,-1.384,5.7685122,2205,91,0,-
16:15:37.174,snap,default,com.miui.home,charging,1,29.5,73.5,100,95,1,7.85,0,0,0,4.168,-1.384,5.7685122,2205,91,0,-
16:15:38.175,snap,default,com.miui.home,charging,1,29.5,73.5,100,95,1,7.85,0,0,0,4.168,-1.384,5.7685122,2171,82,0,-
16:15:39.175,snap,default,com.miui.home,charging,1,29.5,73.5,100,95,1,7.87,0,0,0,4.169,-1.384,5.769896,2171,82,0,-
16:15:40.178,snap,default,com.miui.home,charging,1,29.5,73.5,100,95,1,7.87,0,0,0,4.169,-1.384,5.769896,2295,169,0,-
16:15:41.177,snap,default,com.miui.home,charging,1,29.5,73.5,100,95,1,7.71,0,0,0,4.169,-1.384,5.769896,2295,169,0,-
16:15:42.177,snap,default,com.miui.home,charging,1,29.5,73.5,100,95,1,7.71,0,0,0,4.169,-1.384,5.769896,2185,102,0,-
16:15:43.177,snap,default,com.miui.home,charging,1,29.5,73.5,100,95,1,7.77,0,0,0,4.169,-1.384,5.769896,2185,102,0,-
16:15:44.179,snap,default,com.miui.home,charging,1,29.5,73.5,100,95,1,7.77,0,0,0,4.17,-1.384,5.77128,2304,158,0,-
16:15:45.178,snap,default,com.miui.home,charging,1,29.5,73.5,100,95,1,7.63,0,0,0,4.169,-1.384,5.769896,2304,158,0,-
16:15:46.179,snap,default,com.miui.home,charging,1,29.5,73.5,100,95,1,7.63,0,0,0,4.169,-1.384,5.769896,2298,199,0,-
16:15:47.183,snap,default,com.miui.home,charging,1,29.5,73.5,100,95,1,7.87,0,0,0,4.17,-1.384,5.77128,2298,199,0,-
16:15:48.185,snap,default,com.miui.home,charging,1,29.5,73.5,100,95,1,7.87,0,0,0,4.169,-1.384,5.769896,2191,113,0,-
16:15:49.187,snap,default,com.miui.home,charging,1,29.5,73.5,100,95,1,7.9,0,0,0,4.169,-1.384,5.769896,2191,113,0,-
16:15:50.188,snap,default,com.miui.home,charging,1,29.5,73.5,100,95,1,7.9,0,0,0,4.17,-1.384,5.77128,4930,1921,0,-
16:15:51.185,snap,default,com.miui.home,charging,1,29.5,73.5,100,95,1,10.09,0.36,0,0,4.168,-1.367,5.697656,4930,1921,0,-
16:15:52.186,snap,default,com.miui.home,charging,1,29.5,73.5,100,95,1,10.09,0.36,0,0,4.17,-1.359,5.66703,27066,6189,0,-
16:15:53.186,snap,default,com.miui.home,charging,1,29.5,73.5,100,95,1,10.25,0.66,0,0,4.17,-1.371,5.71707,27066,6189,0,-
16:15:54.192,snap,default,com.miui.home,charging,1,29.5,73.5,100,95,1,10.25,0.66,0,0,4.169,-1.357,5.6573334,27066,6189,0,-
16:15:55.189,snap,default,com.miui.home,charging,1,29.5,73.5,100,95,1,12.02,0.54,0,0,4.17,-1.369,5.7087297,10956,6892,0,-
16:15:56.189,snap,default,com.miui.home,charging,1,29.5,73.5,100,95,1,12.02,0.54,0,0,4.161,-1.148,4.776828,10956,6892,0,-
16:15:57.188,snap,default,com.miui.home,charging,1,29.5,73.5,100,95,1,12.74,0.62,0,0,4.17,-1.364,5.68788,14561,8831,0,-
16:15:58.189,snap,default,com.miui.home,charging,1,29.5,73.5,100,95,1,12.74,0.62,0,0,4.171,-1.375,5.735125,14561,8831,0,-
16:15:59.192,snap,default,com.miui.home,charging,1,29.5,73.5,100,95,1,11.7,0.87,0,0,4.171,-1.381,5.7601514,5036,1405,0,-
16:16:00.190,snap,default,com.miui.home,charging,1,29.5,73.5,100,95,1,11.7,0.87,0,0,4.171,-1.383,5.768493,5036,1405,0,-
16:16:01.189,snap,default,com.miui.home,charging,1,29.5,73.5,100,95,1,12.11,0.71,0,0,4.171,-1.384,5.7726636,6224,2781,0,-
16:16:02.191,snap,default,com.miui.home,charging,1,29.5,73.5,100,95,1,12.11,0.71,0,0,4.171,-1.363,5.6850734,6224,2781,0,-
16:16:03.192,snap,default,com.miui.home,charging,1,29.5,73.5,100,95,1,11.91,0.94,0,0,4.171,-1.371,5.718441,6303,2467,0,-
16:16:04.194,snap,default,com.miui.home,charging,1,29.5,73.5,100,95,1,11.91,0.94,0,0,4.171,-1.379,5.7518086,6303,2467,0,-
16:16:05.191,snap,default,com.miui.home,charging,1,29.5,73.5,100,95,1,11.38,1.31,0,0,4.171,-1.382,5.764322,5409,1770,0,-
16:16:06.193,snap,default,com.miui.home,charging,1,29.5,73.5,100,95,1,11.38,1.31,0,0,4.171,-1.383,5.768493,5409,1770,0,-
16:16:07.195,snap,default,com.miui.home,charging,1,29.5,73.5,100,95,1,11.13,1.62,0,0,4.172,-1.384,5.774048,5411,1505,0,-
16:16:08.194,snap,default,com.miui.home,charging,1,29.6,73.5,100,95,1,11.13,1.62,0,0,4.172,-1.384,5.774048,5411,1505,0,-
16:16:09.199,snap,default,com.miui.home,charging,1,29.6,73.5,100,95,1,10.56,1.87,0,0,4.172,-1.384,5.774048,5626,1094,0,-
16:16:10.195,snap,default,com.miui.home,charging,1,29.6,73.5,100,95,1,10.56,1.87,0,0,4.172,-1.384,5.774048,5626,1094,0,-
16:16:11.196,snap,default,com.miui.home,charging,1,29.6,73.5,100,95,1,10.64,1.71,0,0,4.172,-1.384,5.774048,6961,2679,0,-
16:16:12.195,snap,default,com.miui.home,charging,1,29.6,73.5,100,95,1,10.64,1.71,0,0,4.172,-1.384,5.774048,6961,2679,0,-
16:16:13.196,snap,default,com.miui.home,charging,1,29.6,73.5,100,95,1,10.89,1.58,0,0,4.172,-1.384,5.774048,8316,2942,0,-
16:16:14.196,snap,default,com.miui.home,charging,1,29.6,73.5,100,95,1,10.89,1.58,0,0,4.172,-1.384,5.774048,8316,2942,0,-
16:16:15.196,snap,default,com.miui.home,charging,1,29.6,73.5,100,95,1,10.54,1.84,0,0,4.172,-1.384,5.774048,5232,1359,0,-
16:16:16.214,snap,default,com.miui.home,charging,1,29.6,73.5,100,95,1,10.54,1.84,0,0,4.172,-1.384,5.774048,5232,1359,0,-
16:16:17.215,snap,default,com.miui.home,charging,1,29.6,73.5,100,95,1,10.81,1.87,0,0,4.173,-1.384,5.7754316,5300,1730,0,-
16:16:18.215,snap,default,com.miui.home,charging,1,29.6,73.5,100,95,1,10.81,1.87,0,0,4.173,-1.384,5.7754316,5300,1730,0,-
16:16:19.213,snap,default,com.miui.home,charging,1,29.6,73.5,100,95,1,11.02,1.53,0,0,4.174,-1.354,5.6515956,8712,4600,0,-
16:16:20.218,snap,default,com.miui.home,charging,1,29.6,73.5,100,95,1,11.02,1.53,0,0,4.167,-1.16,4.8337197,8712,4600,0,-
16:16:21.216,snap,default,com.miui.home,charging,1,29.7,73.5,100,95,1,11.02,1.53,0,0,4.167,-1.16,4.8337197,8712,4600,0,-
16:16:22.216,snap,default,com.miui.home,charging,1,29.7,73.5,100,95,1,10.84,1.61,0,0,4.173,-1.367,5.7044907,7328,2847,0,-
16:16:23.217,snap,default,com.miui.home,charging,1,29.7,73.5,100,95,1,10.84,1.61,0,0,4.173,-1.38,5.75874,7328,2847,0,-
16:16:24.218,snap,default,com.miui.home,charging,1,29.7,73.5,100,95,1,11.59,1.5,0,0,4.173,-1.383,5.771259,10061,4932,0,-
16:16:25.218,snap,default,com.miui.home,charging,1,29.7,73.5,100,95,1,11.59,1.5,0,0,4.173,-1.383,5.771259,10061,4932,0,-
16:16:26.219,snap,default,com.miui.home,charging,1,29.7,73.5,100,95,1,11.66,1.59,0,0,4.174,-1.384,5.7768154,7345,2893,0,-
16:16:27.218,snap,default,com.miui.home,charging,1,29.7,73.5,100,95,1,11.66,1.59,0,0,4.173,-1.384,5.7754316,7345,2893,0,-
16:16:28.218,snap,default,com.miui.home,charging,1,29.7,73.5,100,95,1,11.91,1.66,0,0,4.174,-1.384,5.7768154,8239,3512,0,-
16:16:29.220,snap,default,com.miui.home,charging,1,29.7,73.5,100,95,1,11.91,1.66,0,0,4.174,-1.385,5.7809896,8239,3512,0,-
16:16:30.221,snap,default,com.miui.home,charging,1,29.7,73.5,100,95,1,12.1,1.72,0,0,4.174,-1.385,5.7809896,5699,1902,0,-
16:16:31.223,snap,default,com.miui.home,charging,1,29.7,73.5,100,95,1,12.1,1.72,0,0,4.174,-1.385,5.7809896,5699,1902,0,-
16:16:32.223,snap,default,com.miui.home,charging,1,29.7,73.5,100,95,1,11.9,1.95,0,0,4.173,-1.385,5.779605,5060,1272,0,-
16:16:33.221,snap,default,com.miui.home,charging,1,29.7,73.5,100,95,1,11.9,1.95,0,0,4.174,-1.385,5.7809896,5060,1272,0,-
16:16:34.223,snap,default,com.miui.home,charging,1,29.7,73.5,100,95,1,11.56,2.32,0,0,4.174,-1.384,5.7768154,5924,1947,0,-
16:16:35.222,snap,default,com.miui.home,charging,1,29.7,73.5,100,95,1,11.56,2.32,0,0,4.174,-1.384,5.7768154,5924,1947,0,-
16:16:36.222,snap,default,com.miui.home,charging,1,29.8,73.5,100,95,1,11.82,2.81,0,0,4.174,-1.384,5.7768154,5632,1820,0,-
16:16:37.223,snap,default,com.miui.home,charging,1,29.8,73.5,100,95,1,11.82,2.81,0,0,4.174,-1.384,5.7768154,5632,1820,0,-
16:16:38.224,snap,default,com.miui.home,charging,1,29.8,73.5,100,95,1,11.49,2.66,0,0,4.175,-1.384,5.7782,5328,1686,0,-
16:16:39.223,snap,default,com.miui.home,charging,1,29.8,73.5,100,95,1,11.49,2.66,0,0,4.175,-1.384,5.7782,5328,1686,0,-
16:16:40.224,snap,default,com.miui.home,charging,1,29.8,73.5,100,95,1,11.04,2.54,0,0,4.174,-1.384,5.7768154,8861,4654,0,-
16:16:41.224,snap,default,com.miui.home,charging,1,29.8,73.5,100,95,1,11.04,2.54,0,0,4.175,-1.386,5.7865505,8861,4654,0,-
16:16:42.225,snap,default,com.miui.home,charging,1,29.8,73.5,100,95,1,12.48,2.26,0,0,4.175,-1.372,5.7281003,7039,2488,0,-
16:16:43.227,snap,default,com.miui.home,charging,1,29.8,73.5,100,95,1,12.48,2.26,0,0,4.174,-1.382,5.7684674,7039,2488,0,-
16:16:44.226,snap,default,com.miui.home,charging,1,29.8,73.5,100,95,1,12.39,2.57,0,0,4.175,-1.383,5.7740254,6433,2258,0,-
16:16:45.226,snap,default,com.miui.home,charging,1,29.8,73.5,100,95,1,12.39,2.57,0,0,4.176,-1.384,5.779584,6433,2258,0,-
16:16:46.224,snap,default,com.miui.home,charging,1,29.8,73.5,100,95,1,11.96,2.83,0,0,4.175,-1.384,5.7782,5623,1591,0,-
16:16:47.227,snap,default,com.miui.home,charging,1,29.8,73.5,100,95,1,11.96,2.83,0,0,4.175,-1.384,5.7782,5623,1591,0,-
16:16:48.227,snap,default,com.miui.home,charging,1,29.8,73.5,100,95,1,11.42,3.22,0,0,4.175,-1.384,5.7782,5623,1591,0,-
16:16:49.227,snap,default,com.miui.home,charging,1,29.8,73.5,100,95,1,11.42,3.22,0,0,4.176,-1.384,5.779584,5145,1464,0,-
16:16:50.227,snap,default,com.miui.home,charging,1,29.8,73.5,100,95,1,11.52,3.18,0,0,4.176,-1.384,5.779584,5145,1464,0,-
16:16:51.228,snap,default,com.miui.home,charging,1,29.8,73.5,100,95,1,11.52,3.18,0,0,4.176,-1.384,5.779584,7098,2890,0,-
16:16:52.232,snap,default,com.miui.home,charging,1,29.8,73.5,100,95,1,11.97,3.15,0,0,4.176,-1.384,5.779584,7098,2890,0,-
16:16:53.230,snap,default,com.miui.home,charging,1,29.8,73.5,100,95,1,11.97,3.15,0,0,4.176,-1.384,5.779584,7637,2989,0,-
16:16:54.231,snap,default,com.miui.home,charging,1,29.8,73.5,100,95,1,12.52,3.3,0,0,4.176,-1.384,5.779584,7637,2989,0,-
16:16:55.229,snap,default,com.miui.home,charging,1,29.8,73.5,100,95,1,12.52,3.3,0,0,4.176,-1.385,5.78376,5964,2072,0,-
16:16:56.231,snap,default,com.miui.home,charging,1,29.8,73.5,100,95,1,12.61,3.61,0,0,4.176,-1.385,5.78376,5964,2072,0,-
16:16:57.231,snap,default,com.miui.home,charging,1,29.9,73.5,100,95,1,12.61,3.61,0,0,4.176,-1.385,5.78376,5643,1813,0,-
16:16:58.229,snap,default,com.miui.home,charging,1,29.9,73.5,100,95,1,12.5,3.86,0,0,4.176,-1.385,5.78376,5643,1813,0,-
16:16:59.234,snap,default,com.miui.home,charging,1,29.9,73.5,100,95,1,12.5,3.86,0,0,4.177,-1.385,5.785145,5175,1500,0,-
16:17:00.233,snap,default,com.miui.home,charging,1,29.9,73.5,100,95,1,11.86,3.89,0,0,4.177,-1.385,5.785145,5175,1500,0,-
16:17:01.230,snap,default,com.miui.home,charging,1,29.9,73.5,100,95,1,11.86,3.89,0,0,4.177,-1.384,5.7809677,5139,1445,0,-
16:17:02.231,snap,default,com.miui.home,charging,1,29.9,73.5,100,95,1,11.89,4.09,0,0,4.178,-1.384,5.7823515,5139,1445,0,-
16:17:03.231,snap,default,com.miui.home,charging,1,29.9,73.5,100,95,1,11.89,4.09,0,0,4.177,-1.384,5.7809677,7645,3021,0,-
16:17:04.231,snap,default,com.miui.home,charging,1,29.9,73.5,100,95,1,12.81,4.43,0,0,4.177,-1.384,5.7809677,7645,3021,0,-
16:17:05.234,snap,default,com.miui.home,charging,1,29.9,73.5,100,95,1,12.81,4.43,0,0,4.177,-1.384,5.7809677,6618,2563,0,-
16:17:06.231,snap,default,com.miui.home,charging,1,29.9,73.5,100,95,1,13.21,4.53,0,0,4.178,-1.384,5.7823515,6618,2563,0,-
16:17:07.232,snap,default,com.miui.home,charging,1,29.9,73.5,100,95,1,13.21,4.53,0,0,4.177,-1.384,5.7809677,9034,4915,0,-
16:17:08.233,snap,default,com.miui.home,charging,1,29.9,73.5,100,95,1,13.53,3.71,0.36,0,4.178,-1.384,5.7823515,9034,4915,0,-
16:17:09.234,snap,default,com.miui.home,charging,1,29.9,73.5,100,95,1,13.53,3.71,0.36,0,4.178,-1.385,5.78653,8709,4227,0,-
16:17:10.235,snap,default,com.miui.home,charging,1,29.9,73.5,100,95,1,13.62,3.22,0.29,0,4.178,-1.385,5.78653,8709,4227,0,-
16:17:11.235,snap,default,com.miui.home,charging,1,29.9,73.5,100,95,1,13.62,3.22,0.29,0,4.178,-1.385,5.78653,6939,2551,0,-
16:17:12.234,snap,default,com.miui.home,charging,1,29.9,73.5,100,95,1,13.14,3,0.24,0,4.178,-1.385,5.78653,6939,2551,0,-
16:17:13.235,snap,default,com.miui.home,charging,1,29.9,73.5,100,95,1,13.14,3,0.24,0,4.178,-1.385,5.78653,6939,2551,0,-
16:17:14.236,snap,default,com.miui.home,charging,1,29.9,73.5,100,95,1,13.66,3,0.19,0,4.178,-1.385,5.78653,11172,5277,0,-
16:17:15.235,snap,default,com.miui.home,charging,1,29.9,73.5,100,95,1,13.66,3,0.19,0,4.179,-1.385,5.7879148,11172,5277,0,-
16:17:16.235,snap,default,com.miui.home,charging,1,29.9,73.5,100,95,1,12.27,2.82,0.16,0,4.178,-1.385,5.78653,4876,904,0,-
16:17:17.237,snap,default,com.miui.home,charging,1,29.9,73.5,100,95,1,12.27,2.82,0.16,0,4.178,-1.385,5.78653,4876,904,0,-
16:17:18.235,snap,default,com.miui.home,charging,1,29.9,73.5,100,95,1,10.77,2.85,0.31,0,4.179,-1.385,5.7879148,3735,460,0,-
16:17:19.235,snap,default,com.miui.home,charging,1,29.9,73.5,100,95,1,10.77,2.85,0.31,0,4.179,-1.385,5.7879148,3735,460,0,-
16:17:20.236,snap,default,com.miui.home,charging,1,29.9,70.5,100,95,1,11.54,2.69,0.25,0,4.177,-1.385,5.785145,19595,13915,0,-
16:17:21.237,snap,default,com.miui.home,charging,1,30,67.5,100,95,1,11.54,2.69,0.25,0,4.179,-1.322,5.524638,19595,13915,0,-
16:17:22.237,snap,default,com.miui.home,charging,1,30,65.8,100,95,1,14.52,2.2,0.2,0,4.176,-1.376,5.7461762,14155,10383,0,-
16:17:23.236,snap,default,com.miui.home,charging,1,30,68.5,100,95,1,14.52,2.2,0.2,0,4.174,-1.253,5.230022,14155,10383,0,-
16:17:24.238,snap,default,com.miui.home,charging,1,30,68.5,100,95,1,16.6,1.8,0.17,0,4.176,-1.229,5.132304,11339,8684,0,-
16:17:25.237,snap,default,com.miui.home,charging,1,30,68.5,100,95,1,16.6,1.8,0.17,0,4.179,-1.237,5.1694226,11339,8684,0,-
16:17:26.239,snap,default,com.miui.home,charging,1,30,68.5,100,95,1,15.58,1.48,0.14,0,4.179,-1.386,5.792094,4373,1435,0,-
16:17:27.239,snap,default,com.miui.home,charging,1,30,68.5,100,95,1,15.58,1.48,0.14,0,4.179,-1.386,5.792094,4373,1435,0,-
16:17:28.238,snap,default,com.miui.home,charging,1,30,65.5,100,95,1,15.66,1.39,0.11,0,4.179,-1.386,5.792094,14923,8544,0,-
16:17:29.239,snap,default,com.miui.home,charging,1,30,64.2,100,95,1,15.66,1.39,0.11,0,4.174,-1.262,5.2675877,14923,8544,0,-
16:17:30.239,snap,default,com.miui.home,charging,1,30,64.2,100,95,1,17.89,1.32,0.09,0,4.171,-1.124,4.688204,18196,11030,0,-
16:17:31.241,snap,default,com.miui.home,charging,1,30,64.2,100,95,1,17.89,1.32,0.09,0,4.179,-1.21,5.05659,18196,11030,0,-
16:17:32.241,snap,default,com.miui.home,charging,1,30,64.2,100,95,1,16.46,1.44,0.07,0,4.179,-1.386,5.792094,2859,177,0,-
16:17:33.241,snap,default,com.miui.home,charging,1,30.1,64.2,100,95,1,16.46,1.44,0.07,0,4.179,-1.386,5.792094,2859,177,0,-
16:17:34.247,snap,default,com.miui.home,charging,1,30.1,64.2,100,95,1,13.66,1.54,0.06,0,4.18,-1.386,5.79348,10582,588,0,-
16:17:35.246,snap,default,com.miui.home,charging,1,30.1,61.199997,100,95,1,13.66,1.54,0.06,0,4.18,-1.385,5.7892995,10582,588,0,-
16:17:36.246,snap,default,com.miui.home,charging,1,30.1,58.199997,100,95,1,13.18,3.25,0.05,0,4.181,-1.385,5.790685,9106,4877,0,-
16:17:37.247,snap,default,com.miui.home,charging,1,30.1,58.6,100,95,1,13.18,3.25,0.05,0,4.17,-1.311,5.46687,9106,4877,0,-
16:17:38.251,snap,default,com.miui.home,charging,1,30.1,58.6,100,95,1,13.69,2.66,0.04,0,4.18,-1.112,4.64816,6826,2883,0,-
16:17:39.250,snap,default,com.miui.home,charging,1,30.1,58.6,100,95,1,13.69,2.66,0.04,0,4.181,-1.387,5.799047,6826,2883,0,-
16:17:40.250,snap,default,com.miui.home,charging,1,30.2,58.6,100,95,1,13.02,2.54,0.03,0,4.18,-1.385,5.7892995,6826,2883,0,-
16:17:41.250,snap,default,com.miui.home,charging,1,30.2,58.6,100,95,1,13.02,2.54,0.03,0,4.181,-1.385,5.790685,4880,1349,0,-
16:17:42.250,snap,default,com.miui.home,charging,1,30.2,58.6,100,95,1,12.83,2.26,0.02,0,4.178,-1.385,5.78653,4880,1349,0,-
16:17:43.250,snap,default,com.miui.home,charging,1,30.2,58.6,100,95,1,12.83,2.26,0.02,0,4.181,-1.362,5.6945224,9183,4441,0,-
16:17:44.250,snap,default,com.miui.home,charging,1,30.2,58.6,100,95,1,12.68,2.21,0.02,0,4.181,-1.378,5.7614183,9183,4441,0,-
16:17:45.252,snap,default,com.miui.home,charging,1,30.2,58.6,100,95,1,12.68,2.21,0.02,0,4.181,-1.381,5.7739615,5367,1103,0,-
16:17:46.251,snap,default,com.miui.home,charging,1,30.3,58.6,100,95,1,11.29,2.17,0.01,0,4.181,-1.383,5.7823234,5367,1103,0,-
16:17:47.251,snap,default,com.miui.home,charging,1,30.3,58.6,100,95,1,11.29,2.17,0.01,0,4.181,-1.384,5.7865043,4656,1198,0,-
16:17:48.252,snap,default,com.miui.home,charging,1,30.3,55.6,100,95,1,11.42,1.96,0.01,0,4.179,-1.386,5.792094,4656,1198,0,-
16:17:49.252,snap,default,com.miui.home,charging,1,30.3,54.3,100,95,1,11.42,1.96,0.01,0,4.182,-1.362,5.695884,13302,9409,0,-
16:17:50.252,snap,default,com.miui.home,charging,1,30.3,54.3,100,95,1,13.51,1.6,0.01,0,4.181,-1.379,5.7655993,13302,9409,0,-
16:17:51.253,snap,default,com.miui.home,charging,1,30.3,57.3,100,95,1,13.51,1.6,0.01,0,4.181,-1.362,5.6945224,23343,15487,0,-
16:17:52.253,snap,default,com.miui.home,charging,1,30.3,60.3,100,95,1,15.96,1.49,0.19,0,4.181,-1.357,5.6736174,23343,15487,0,-
16:17:53.254,snap,default,com.miui.home,charging,1,30.4,57.3,100,95,1,15.96,1.49,0.19,0,4.182,-1.295,5.41569,9756,5117,0,-
16:17:54.258,snap,default,com.miui.home,charging,1,30.4,57.3,100,95,1,14.15,1.58,0.15,0,4.182,-1.386,5.7962523,9756,5117,0,-
16:17:55.258,snap,default,com.miui.home,charging,1,30.4,54.3,100,95,1,14.15,1.58,0.15,0,4.182,-1.386,5.7962523,5115,773,0,-
16:17:56.256,snap,default,com.miui.home,charging,1,30.4,51.3,100,95,1,12.86,2.2,0.12,0,4.182,-1.386,5.7962523,5115,773,0,-
16:17:57.256,snap,default,com.miui.home,charging,1,30.4,49.1,100,95,1,12.86,2.2,0.12,0,4.182,-1.386,5.7962523,11205,6620,0,-
16:17:58.255,snap,default,com.miui.home,charging,1,30.4,49.1,100,95,1,13.79,1.98,0.1,0,4.181,-1.386,5.7948666,11205,6620,0,-
16:17:59.255,snap,default,com.miui.home,charging,1,30.4,49.1,100,95,1,13.79,1.98,0.1,0,4.172,-1.218,5.0814962,13038,7205,0,-
16:18:00.256,snap,default,com.miui.home,charging,1,30.5,49.1,100,95,1,15.45,1.62,0.08,0,4.18,-0.945,3.9500997,13038,7205,0,-
16:18:01.261,snap,default,com.miui.home,charging,1,30.5,49.1,100,95,1,15.45,1.62,0.08,0,4.182,-1.169,4.888758,5701,2066,0,-
16:18:02.258,snap,default,com.miui.home,charging,1,30.5,49.1,100,95,1,13.56,1.51,0.06,0,4.182,-1.387,5.800434,5701,2066,0,-
16:18:03.260,snap,default,com.miui.home,charging,1,30.5,46.1,100,95,1,13.56,1.51,0.06,0,4.182,-1.386,5.7962523,5496,1241,0,-
16:18:04.259,snap,default,com.miui.home,charging,1,30.5,45.1,100,95,1,12.91,1.78,0.05,0,4.182,-1.386,5.7962523,5496,1241,0,-
16:18:05.261,snap,default,com.miui.home,charging,1,30.5,43.2,100,95,1,12.91,1.78,0.05,0,4.183,-1.386,5.7976384,5496,1241,0,-
16:18:06.260,snap,default,com.miui.home,charging,1,30.5,42.8,100,95,1,12.2,1.82,0.04,0,4.183,-1.385,5.793455,5110,1410,0,-
16:18:07.260,snap,default,com.miui.home,charging,1,30.6,41.2,100,95,1,12.2,1.82,0.04,0,4.183,-1.385,5.793455,5110,1410,0,-
16:18:08.267,snap,default,com.miui.home,charging,1,30.6,40.4,100,95,1,12.53,1.85,0.03,0,4.183,-1.386,5.7976384,9426,4158,0,-
16:18:09.261,snap,default,com.miui.home,charging,1,30.6,40.4,100,95,1,12.53,1.85,0.03,0,4.151,-1.386,5.7532864,9426,4158,0,-
16:18:10.262,snap,default,com.miui.home,charging,1,30.6,40.4,100,95,1,12.61,1.7,0.03,0,4.151,-0.588,2.440788,10934,4549,0,-
16:18:11.264,snap,default,com.miui.home,charging,1,30.6,40.8,100,95,1,12.61,1.7,0.03,0,4.182,-0.4,1.6728001,10934,4549,0,-
16:18:12.265,snap,default,com.miui.home,charging,1,30.6,40,100,95,1,12.86,1.57,0.02,0,4.199,-1.753,7.360847,8983,3670,0,-
16:18:13.263,snap,default,com.miui.home,charging,1,30.6,40.8,100,95,1,12.86,1.57,0.02,0,4.224,-2.276,9.613824,8983,3670,0,-
16:18:14.264,snap,default,com.miui.home,charging,1,30.7,42,100,95,1,12.53,1.46,0.01,0,4.24,-3.801,16.11624,8891,3438,0,-
16:18:15.264,snap,default,com.miui.home,charging,1,30.7,42,100,95,1,12.53,1.46,0.01,0,4.246,-4.067,17.26848,8891,3438,0,-
16:18:16.264,snap,default,com.miui.home,charging,1,30.7,42,100,95,1,13.15,1.2,0.19,0,4.272,-4.898,20.924253,14282,10279,0,-
16:18:17.263,snap,default,com.miui.home,charging,1,30.7,42,100,95,1,13.15,1.2,0.19,0,4.284,-5.358,22.95367,14282,10279,0,-
16:18:18.264,snap,default,com.miui.home,charging,1,30.7,42,100,95,1,14.03,0.98,0.16,0,4.283,-5.348,22.905483,13132,6897,0,-
16:18:19.264,snap,default,com.miui.home,charging,1,30.8,42,100,95,1,14.03,0.98,0.16,0,4.293,-5.72,24.55596,13132,6897,0,-
16:18:20.265,snap,default,com.miui.home,charging,1,30.8,44,100,95,1,15.29,0.98,0.13,0,4.309,-6.618,28.516962,12938,7161,0,-
16:18:21.276,snap,default,com.miui.home,charging,1,30.9,47,100,95,1,13.06,1.17,0.1,0,4.319,-6.921,29.891798,12938,7161,0,-
16:18:22.265,snap,default,com.miui.home,charging,1,30.9,49.5,100,95,1,13.06,1.17,0.1,0,4.33,-7.429,32.16757,6100,1693,0,-
16:18:23.267,snap,default,com.miui.home,charging,1,31,46.5,100,95,1,13.78,1.5,0.08,0,4.339,-7.734,33.557827,6100,1693,0,-
16:18:24.266,snap,default,com.miui.home,charging,1,31.1,43.6,100,95,1,13.78,1.5,0.08,0,4.348,-8.032,34.923134,9861,4015,0,-
16:18:25.268,snap,default,com.miui.home,charging,1,31.1,43.6,100,95,1,14,1.59,0.07,0,4.356,-8.312,36.207073,9861,4015,0,-
16:18:26.267,snap,default,com.miui.home,charging,1,31.3,41.6,100,95,1,14,1.59,0.07,0,4.359,-8.58,37.400223,7274,2413,0,-
16:18:27.267,snap,default,com.miui.home,charging,1,31.4,41.2,100,95,1,14.18,1.84,0.05,0,4.367,-8.912,38.918705,7274,2413,0,-
16:18:28.266,snap,default,com.miui.home,charging,1,31.5,41.2,100,95,1,14.18,1.84,0.05,0,4.371,-9.06,39.60126,9666,3363,0,-
16:18:29.267,snap,default,com.miui.home,charging,1,31.6,41.2,100,95,1,14.33,1.69,0.04,0,4.382,-9.25,40.5335,9666,3363,0,-
16:18:30.268,snap,default,com.miui.home,charging,1,31.7,41.2,100,95,1,14.33,1.69,0.04,0,4.184,-2.704,11.313536,12801,7810,0,-
16:18:31.268,snap,default,com.miui.home,charging,1,31.9,44.2,100,95,1,14.81,1.93,0.03,0,4.223,-0.914,3.859822,12801,7810,0,-
16:18:32.269,snap,default,com.miui.home,charging,1,32,47.2,100,95,1,14.81,1.93,0.03,0,4.221,-1.384,5.841864,12801,7810,0,-
16:18:33.268,snap,default,com.miui.home,charging,1,32,44.2,100,95,1,15.75,2.3,0.03,0,4.219,-1.384,5.8390956,12683,3276,0,-
16:18:34.269,snap,default,com.miui.home,charging,1,32.1,44,100,95,1,15.75,2.3,0.03,0,4.216,-1.373,5.788568,12683,3276,0,-
16:18:35.269,snap,default,com.miui.home,charging,1,32.1,44,100,95,1,14.89,2.25,0.02,0,4.215,-1.357,5.719755,21390,3231,0,-
16:18:36.270,snap,default,com.miui.home,charging,1,32.1,42.8,100,95,1,14.89,2.25,0.02,0,4.213,-1.37,5.7718096,21390,3231,0,-
16:18:37.276,snap,default,com.miui.home,charging,1,32.1,42,100,95,1,14.73,2.38,0.02,0,4.213,-1.37,5.7718096,11172,2237,0,-
16:18:38.271,snap,default,com.miui.home,charging,1,32.1,41.6,100,95,1,14.73,2.38,0.02,0,4.211,-1.379,5.8069687,11172,2237,0,-
16:18:39.273,snap,default,com.miui.home,charging,1,32.1,40.8,100,95,1,14.73,2.38,0.02,0,4.21,-1.382,5.81822,6646,1869,0,-
16:18:40.272,snap,default,com.miui.home,charging,1,32,40.4,100,95,1,13.87,2.31,0.01,0,4.208,-1.384,5.823872,6646,1869,0,-
16:18:41.273,snap,default,com.miui.home,charging,1,32,40.4,100,95,1,13.87,2.31,0.01,0,4.207,-1.385,5.8266945,5443,1759,0,-
16:18:42.273,snap,default,com.miui.home,charging,1,31.9,39.6,100,95,1,13.53,2.25,0.01,0,4.206,-1.385,5.8253098,5443,1759,0,-
16:18:43.276,snap,default,com.miui.home,charging,1,31.9,40.8,100,95,1,13.53,2.25,0.01,0,4.205,-1.386,5.8281302,5907,1686,0,-
16:18:44.274,snap,default,com.miui.home,charging,1,31.8,40.4,100,95,1,12.71,2.21,0.01,0,4.205,-1.386,5.8281302,5907,1686,0,-
16:18:45.274,snap,default,com.miui.home,charging,1,31.8,40.4,100,95,1,12.71,2.21,0.01,0,4.204,-1.385,5.82254,8870,2301,0,-
16:18:46.276,snap,default,com.miui.home,charging,1,31.8,39.2,100,95,1,13.3,2.53,0,0,4.204,-1.386,5.826744,8870,2301,0,-
16:18:47.274,snap,default,com.miui.home,charging,1,31.8,38.8,100,95,1,13.3,2.53,0,0,4.203,-1.386,5.8253584,7283,2424,0,-
16:18:48.274,snap,default,com.miui.home,charging,1,31.7,38.8,100,95,1,13.79,3.16,0,0,4.203,-1.386,5.8253584,7283,2424,0,-
16:18:49.274,snap,default,com.miui.home,charging,1,31.7,38.8,100,95,1,13.79,3.16,0,0,4.203,-1.386,5.8253584,8710,3174,0,-
16:18:50.277,snap,default,com.miui.home,charging,1,31.7,38.8,100,95,1,14.73,3.49,0,0,4.202,-1.386,5.823972,8710,3174,0,-
16:18:51.276,snap,default,com.miui.home,charging,1,31.6,38.8,100,95,1,14.73,3.49,0,0,4.202,-1.386,5.823972,8926,3299,0,-
16:18:52.277,snap,default,com.miui.home,charging,1,31.6,38.8,100,95,1,14.96,3.58,0,0,4.201,-1.386,5.8225865,8926,3299,0,-
16:18:53.278,snap,default,com.miui.home,charging,1,31.6,38.8,100,95,1,14.96,3.58,0,0,4.201,-1.386,5.8225865,6064,1517,0,-
16:18:54.278,snap,default,com.miui.home,charging,1,31.6,38.8,100,95,1,14.24,3.84,0,0,4.201,-1.386,5.8225865,6064,1517,0,-
16:18:55.278,snap,default,com.miui.home,charging,1,31.5,39.6,100,95,1,14.24,3.84,0,0,4.201,-1.386,5.8225865,9584,1244,0,-
16:18:56.279,snap,default,com.miui.home,charging,1,31.5,39.6,100,95,1,12.93,4.77,0,0,4.201,-1.386,5.8225865,9584,1244,0,-
16:18:57.278,snap,default,com.miui.home,charging,1,31.5,40,100,95,1,12.93,4.77,0,0,4.2,-1.386,5.8212,13029,595,0,-
16:18:58.279,snap,default,com.miui.home,charging,1,31.5,40.8,100,95,1,12.22,5.9,0,0,4.201,-1.386,5.8225865,13029,595,0,-
16:18:59.279,snap,default,com.miui.home,charging,1,31.5,42,100,95,1,12.22,5.9,0,0,4.2,-1.386,5.8212,13029,595,0,-
16:19:00.279,snap,default,com.miui.home,charging,1,31.5,42.8,100,95,1,11.27,5.37,0,0,4.2,-1.386,5.8212,15695,1194,0,-
16:19:01.279,snap,default,com.miui.home,charging,1,31.5,42.8,100,95,1,11.27,5.37,0,0,4.2,-1.387,5.8253994,15695,1194,0,-
16:19:02.280,snap,default,com.miui.home,charging,1,31.5,42.8,100,95,1,10.5,4.76,0,0,4.2,-1.385,5.817,17877,1073,0,-
16:19:03.279,snap,default,com.miui.home,charging,1,31.5,43.6,100,95,1,10.5,4.76,0,0,4.2,-1.386,5.8212,17877,1073,0,-
16:19:04.280,snap,default,com.miui.home,charging,1,31.4,43.6,100,95,1,9.86,4.62,0,0,4.2,-1.387,5.8253994,15389,1322,0,-
16:19:05.280,snap,default,com.miui.home,charging,1,31.4,44.8,100,95,1,9.86,4.62,0,0,4.199,-1.387,5.8240128,15389,1322,0,-
16:19:06.280,snap,default,com.miui.home,charging,1,31.4,43.6,100,95,1,9.34,4.87,0.18,0,4.199,-1.387,5.8240128,15628,688,0,-
16:19:07.281,snap,default,com.miui.home,charging,1,31.4,44.8,100,95,1,9.34,4.87,0.18,0,4.2,-1.387,5.8253994,15628,688,0,-
16:19:08.281,snap,default,com.miui.home,charging,1,31.4,45.1,100,95,1,8.74,4.35,0.14,0,4.199,-1.387,5.8240128,16389,1094,0,-
16:19:09.286,snap,default,com.miui.home,charging,1,31.4,47.9,100,95,1,8.74,4.35,0.14,0,4.199,-1.387,5.8240128,16389,1094,0,-
16:19:10.282,snap,default,com.miui.home,charging,1,31.4,50.9,100,95,1,8.6,4.65,0.3,0,4.2,-1.387,5.8253994,14831,697,0,-
16:19:11.282,snap,default,com.miui.home,charging,1,31.4,53.9,100,95,1,8.6,4.65,0.3,0,4.2,-1.387,5.8253994,14831,697,0,-
16:19:12.282,snap,default,com.miui.home,charging,1,31.4,52.3,100,95,1,8.49,5.8,0.42,0,4.199,-1.387,5.8240128,13876,590,0,-
16:19:13.282,snap,default,com.miui.home,charging,1,31.4,49.3,100,95,1,8.49,5.8,0.42,0,4.199,-1.387,5.8240128,13876,590,0,-
16:19:14.282,snap,default,com.miui.home,charging,1,31.4,49.1,100,95,1,8.04,5.65,0.53,0,4.2,-1.387,5.8253994,13000,737,0,-
16:19:15.282,snap,default,com.miui.home,charging,1,31.4,49.1,100,95,1,8.04,5.65,0.53,0,4.2,-1.387,5.8253994,13000,737,0,-
16:19:16.283,snap,default,com.miui.home,charging,1,31.4,46.7,100,95,1,8.03,5.9,0.61,0,4.199,-1.387,5.8240128,13105,580,0,-
16:19:17.287,snap,default,com.miui.home,charging,1,31.4,46.7,100,95,1,8.03,5.9,0.61,0,4.2,-1.387,5.8253994,13105,580,0,-
16:19:18.283,snap,default,com.miui.home,charging,1,31.4,45.1,100,95,1,7.66,5.55,0.5,0,4.199,-1.386,5.819814,10658,792,0,-
16:19:19.283,snap,default,com.miui.home,charging,1,31.4,48.1,100,95,1,7.66,5.55,0.5,0,4.2,-1.386,5.8212,10658,792,0,-
16:19:20.284,snap,default,com.miui.home,charging,1,31.4,51.1,100,95,1,7.36,4.91,0.59,0,4.2,-1.386,5.8212,10109,737,0,-
16:19:21.283,snap,default,com.miui.home,charging,1,31.4,54.1,100,95,1,7.36,4.91,0.59,0,4.2,-1.386,5.8212,10109,737,0,-
16:19:22.284,snap,default,com.miui.home,charging,1,31.5,51.1,100,95,1,6.93,4.2,0.66,0,4.2,-1.387,5.8253994,10565,1438,0,-
16:19:23.283,snap,default,com.miui.home,charging,1,31.5,50.3,100,95,1,6.93,4.2,0.66,0,4.2,-1.386,5.8212,10565,1438,0,-
16:19:24.284,snap,default,com.miui.home,charging,1,31.5,50.3,100,95,1,7.12,3.44,0.54,0,4.2,-1.387,5.8253994,10565,1438,0,-
16:19:25.284,snap,default,com.miui.home,charging,1,31.5,53.3,100,95,1,7.12,3.44,0.54,0,4.2,-1.387,5.8253994,14802,2281,0,-
16:19:26.285,snap,default,com.miui.home,charging,1,31.5,55.5,100,95,1,6.92,2.99,0.44,0,4.2,-1.387,5.8253994,14802,2281,0,-
16:19:27.285,snap,default,com.miui.home,charging,1,31.5,56.3,100,95,1,6.92,2.99,0.44,0,4.2,-1.387,5.8253994,10059,1464,0,-
16:19:28.286,snap,default,com.miui.home,charging,1,31.5,59.3,100,95,1,6.57,2.63,0.54,0,4.2,-1.387,5.8253994,10059,1464,0,-
16:19:29.285,snap,default,com.miui.home,charging,1,31.5,61,100,95,1,6.57,2.63,0.54,0,4.2,-1.387,5.8253994,9466,685,0,-
16:19:30.286,snap,default,com.miui.home,charging,1,31.5,61,100,95,1,6.47,2.33,0.44,0,4.2,-1.387,5.8253994,9466,685,0,-
16:19:31.285,snap,default,com.miui.home,charging,1,31.5,61,100,95,1,6.47,2.33,0.44,0,4.2,-1.387,5.8253994,9295,657,0,-
16:19:32.286,snap,default,com.miui.home,charging,1,31.5,61.8,100,95,1,6.38,2.09,0.36,0,4.2,-1.387,5.8253994,9295,657,0,-
16:19:33.287,snap,default,com.miui.home,charging,1,31.5,61.8,100,95,1,6.38,2.09,0.36,0,4.2,-1.387,5.8253994,9246,713,0,-
16:19:34.287,snap,default,com.miui.home,charging,1,31.5,61.8,100,95,1,6.13,1.71,0.29,0,4.2,-1.387,5.8253994,9246,713,0,-
16:19:35.285,snap,default,com.miui.home,charging,1,31.5,60.6,100,95,1,6.13,1.71,0.29,0,4.2,-1.387,5.8253994,10203,1283,0,-
16:19:36.288,snap,default,com.miui.home,charging,1,31.5,57.6,100,95,1,6.1,1.4,0.24,0,4.2,-1.382,5.8043995,10203,1283,0,-
16:19:37.288,snap,default,com.miui.home,charging,1,31.5,60.6,100,95,1,6.1,1.4,0.24,0,4.2,-1.386,5.8212,10137,1159,0,-
16:19:38.289,snap,default,com.miui.home,charging,1,31.6,61,100,95,1,6.45,1.51,0.38,0,4.2,-1.385,5.817,10137,1159,0,-
16:19:39.313,snap,default,com.miui.home,charging,1,31.6,61,100,95,1,6.45,1.51,0.38,0,4.2,-1.386,5.8212,10278,829,0,-
16:19:40.315,snap,default,com.miui.home,charging,1,31.6,61,100,95,1,6.55,1.96,1.21,0,4.201,-1.386,5.8225865,10278,829,0,-
16:19:41.315,snap,default,com.miui.home,charging,1,31.6,61,100,95,1,6.55,1.96,1.21,0,4.201,-1.386,5.8225865,10286,800,0,-
16:19:42.315,snap,default,com.miui.home,charging,1,31.6,61,100,95,1,6.63,2.33,2.08,0,4.201,-1.386,5.8225865,10286,800,0,-
16:19:43.319,snap,default,com.miui.home,charging,1,31.6,60.2,100,95,1,6.63,2.33,2.08,0,4.201,-1.386,5.8225865,10124,733,0,-
16:19:44.318,snap,default,com.miui.home,charging,1,31.6,59.4,100,95,1,6.88,2.63,2.97,0,4.201,-1.386,5.8225865,10124,733,0,-
16:19:45.318,snap,default,com.miui.home,charging,1,31.6,59.4,100,95,1,6.88,2.63,2.97,0,4.201,-1.387,5.826787,10037,783,0,-
16:19:46.319,snap,default,com.miui.home,charging,1,31.6,61,100,95,1,6.9,2.7,3.34,0,4.201,-1.387,5.826787,10037,783,0,-
16:19:47.319,snap,default,com.miui.home,charging,1,31.7,62.6,100,95,1,6.9,2.7,3.34,0,4.2,-1.387,5.8253994,9292,804,0,-
16:19:48.319,snap,default,com.miui.home,charging,1,31.7,62.6,100,95,1,6.92,2.39,2.91,0,4.201,-1.387,5.826787,9292,804,0,-
16:19:49.318,snap,default,com.miui.home,charging,1,31.7,62.6,100,95,1,6.92,2.39,2.91,0,4.201,-1.387,5.826787,9262,744,0,-
16:19:50.321,snap,default,com.miui.home,charging,1,31.7,62.6,100,95,1,6.75,2.14,2.57,0,4.201,-1.387,5.826787,9262,744,0,-
16:19:51.319,snap,default,com.miui.home,charging,1,31.7,62.6,100,95,1,6.75,2.14,2.57,0,4.201,-1.387,5.826787,9262,744,0,-
16:19:52.320,snap,default,com.miui.home,charging,1,31.7,62.6,100,95,1,6.79,1.75,2.1,0,4.201,-1.384,5.814184,10105,1461,0,-
16:19:53.320,snap,default,com.miui.home,charging,1,31.7,62.6,100,95,1,6.79,1.75,2.1,0,4.201,-1.387,5.826787,10105,1461,0,-
16:19:54.319,snap,default,com.miui.home,charging,1,31.7,62.6,100,95,1,6.65,1.61,1.9,0,4.201,-1.387,5.826787,12530,666,0,-
16:19:55.320,snap,default,com.miui.home,charging,1,31.8,62.6,100,95,1,6.65,1.61,1.9,0,4.166,-1.4,5.8324,12530,666,0,-
16:19:56.320,snap,default,com.miui.home,charging,1,31.8,62.6,100,95,1,6.71,1.5,1.74,0,4.16,0.045,0.1872,10400,1622,0,-
16:19:57.321,snap,default,com.miui.home,charging,1,31.8,59.6,100,95,1,6.71,1.5,1.74,0,4.195,-0.215,0.901925,10400,1622,0,-
16:19:58.321,snap,default,com.miui.home,charging,1,31.8,58.2,100,95,1,6.94,1.77,1.42,0,4.2,-1.269,5.3298,18183,1389,0,-
16:19:59.321,snap,default,com.miui.home,charging,1,31.8,55.5,100,95,1,6.94,1.77,1.42,0,4.208,-1.608,6.766464,18183,1389,0,-
16:20:00.321,snap,default,com.miui.home,charging,1,31.8,52.5,100,95,1,7.14,1.81,1.16,0,4.215,-1.903,8.021145,14011,1676,0,-
16:20:01.321,snap,default,com.miui.home,charging,1,31.8,49.5,100,95,1,7.14,1.81,1.16,0,4.232,-2.181,9.229992,14011,1676,0,-
16:20:02.321,snap,default,com.miui.home,charging,1,31.8,47.1,100,95,1,7.29,2.21,0.95,0,4.235,-2.829,11.980815,17045,1688,0,-
16:20:03.322,snap,default,com.miui.home,charging,1,31.8,47.1,100,95,1,7.29,2.21,0.95,0,4.24,-2.913,12.35112,17045,1688,0,-
16:20:04.323,snap,default,com.miui.home,charging,1,31.8,47.9,100,95,1,7.42,2.53,0.78,0,4.243,-3.043,12.911449,17737,1644,0,-
16:20:05.323,snap,default,com.miui.home,charging,1,31.9,50.9,100,95,1,7.42,2.53,0.78,0,4.245,-3.183,13.511835,17737,1644,0,-
16:20:06.322,snap,default,com.miui.home,charging,1,31.9,51.1,100,95,1,7.89,3.7,0.63,0,4.249,-3.29,13.97921,16160,1543,0,-
16:20:07.323,snap,default,com.miui.home,charging,1,31.9,51.1,100,95,1,7.89,3.7,0.63,0,4.253,-3.373,14.345367,16160,1543,0,-
16:20:08.323,snap,default,com.miui.home,charging,1,32,48.7,100,95,1,7.91,3.39,0.52,0,4.257,-3.513,14.954841,15665,1932,0,-
16:20:09.327,snap,default,com.miui.home,charging,1,32,46.7,100,95,1,7.91,3.39,0.52,0,4.26,-3.606,15.361561,15665,1932,0,-
16:20:10.323,snap,default,com.miui.home,charging,1,32,46.7,100,95,1,7.74,3.5,0.42,0,4.265,-3.768,16.070518,16046,1347,0,-
16:20:11.333,snap,default,com.miui.home,charging,1,32,49.7,100,95,1,7.74,3.5,0.42,0,4.267,-3.887,16.58583,16046,1347,0,-
16:20:12.323,snap,default,com.miui.home,charging,1,32.1,52.7,100,95,1,8.33,3.41,0.53,0,4.268,-3.956,16.884209,17885,3168,0,-
16:20:13.325,snap,default,com.miui.home,charging,1,32.1,54.7,100,95,1,8.33,3.41,0.53,0,4.271,-4.096,17.494017,17885,3168,0,-
16:20:14.326,snap,default,com.miui.home,charging,1,32.1,54.7,100,95,1,8.27,3.33,0.43,0,4.275,-4.206,17.98065,15709,1531,0,-
16:20:15.325,snap,default,com.miui.home,charging,1,32.1,54.7,100,95,1,8.27,3.33,0.43,0,4.278,-4.288,18.344065,15709,1531,0,-
16:20:16.326,snap,default,com.miui.home,charging,1,32.1,57.7,100,95,1,8.58,3.82,0.35,0,4.279,-4.306,18.425375,14292,1617,0,-
16:20:17.325,snap,default,com.miui.home,charging,1,32.2,58.6,100,95,1,8.58,3.82,0.35,0,4.28,-4.364,18.67792,14292,1617,0,-
16:20:18.325,snap,default,com.miui.home,charging,1,32.2,58.6,100,95,1,8.48,3.85,0.29,0,4.284,-4.428,18.969551,14292,1617,0,-
16:20:19.326,snap,default,com.miui.home,charging,1,32.3,55.6,100,95,1,8.48,3.85,0.29,0,4.287,-4.495,19.270065,15832,1199,0,-
16:20:21.101,snap,default,com.miui.home,charging,1,32.3,52.6,100,95,1,8.57,4.96,0.41,0,4.288,-4.589,19.677633,15832,1199,0,-
16:20:23.784,snap,default,com.miui.home,charging,1,32.4,52.6,100,95,1,8.57,4.96,0.41,0,4.3,-5.081,21.8483,16894,2812,0,-
16:20:26.024,snap,default,com.miui.home,charging,1,32.5,49.6,100,95,1,10.46,4.42,0.34,0,4.302,-5.145,22.133791,16894,2812,0,-
16:20:29.668,snap,default,com.miui.home,charging,1,32.5,46.6,100,95,1,10.46,4.42,0.34,0,4.31,-5.382,23.196419,17472,6820,0,-
16:20:31.475,snap,default,com.miui.home,charging,1,32.7,43.6,100,95,1,12.37,3.8,0.28,0,4.314,-5.468,23.588953,17472,6820,0,-
16:20:32.476,snap,default,com.miui.home,charging,1,32.7,40.6,100,95,1,12.37,3.8,0.28,0,4.318,-5.534,23.895811,15658,6094,0,-
16:20:33.476,snap,default,com.miui.home,charging,1,32.7,40,100,95,1,13.02,3.11,0.22,0,4.319,-5.637,24.346203,15658,6094,0,-
16:20:35.805,snap,default,com.miui.home,charging,1,32.8,39.6,100,95,1,13.02,3.11,0.22,0,4.323,-5.844,25.26361,5836,1791,0,-
16:20:38.406,snap,default,com.miui.home,charging,1,32.9,39.2,100,95,1,13.56,2.55,0.18,0,4.331,-6.109,26.458078,5836,1791,0,-
16:20:40.737,snap,default,com.miui.home,charging,1,32.9,39.2,100,95,1,13.56,2.55,0.18,0,4.338,-6.419,27.845621,17165,6932,0,-
16:20:44.324,snap,default,com.miui.home,charging,1,33,39.2,100,95,1,15.09,2.27,0.15,0,4.349,-6.787,29.516665,17165,6932,0,-
16:20:45.314,snap,default,com.miui.home,charging,1,33.2,39.2,100,95,1,15.09,2.27,0.15,0,4.355,-7.004,30.50242,19231,7145,0,-
16:20:46.314,snap,default,com.miui.home,charging,1,33.2,39.2,100,95,1,16.16,2.04,0.12,0,4.359,-7.097,30.935825,19231,7145,0,-
16:20:49.621,snap,default,com.miui.home,charging,1,33.2,38.4,100,95,1,16.16,2.04,0.12,0,4.367,-7.554,32.98832,7987,2867,0,-
16:20:55.128,snap,default,com.miui.home,charging,1,33.4,38.8,100,95,1,16.49,1.67,0.1,0,4.244,-1.388,5.890672,7987,2867,0,-
16:20:59.100,snap,default,com.miui.home,charging,1,33.4,38.4,100,95,1,16.49,1.67,0.1,0,4.209,-1.573,6.620757,18079,7272,0,-
16:21:02.779,snap,default,com.miui.home,charging,1,33.2,38.8,100,95,1,18.03,1.36,0.08,0,4.267,-3.187,13.598929,18079,7272,0,-
16:21:05.190,snap,default,com.miui.home,charging,1,33.1,38,100,95,1,18.03,1.36,0.08,0,4.281,-3.618,15.488659,20956,8078,0,-
16:21:07.863,snap,default,com.miui.home,charging,1,33,38.4,100,95,1,18.57,1.3,0.06,0,4.29,-4.117,17.66193,20956,8078,0,-
16:21:11.404,snap,default,com.miui.home,charging,1,32.9,38,100,95,1,19.55,1.24,0.05,0,4.306,-4.704,20.255424,19435,7418,0,-
16:21:14.658,snap,default,com.miui.home,charging,1,32.9,38,100,95,1,19.55,1.24,0.05,0,4.306,-4.704,20.255424,19435,7418,0,-
16:21:15.653,snap,default,com.miui.home,charging,1,33,38,100,95,1,19.55,1.24,0.05,0,4.317,-5.189,22.400913,18957,7043,0,-
16:21:17.527,snap,default,com.miui.home,charging,1,33,38,100,95,1,19.45,1.2,0.04,0,4.321,-5.282,22.823523,18957,7043,0,-
16:21:21.198,snap,default,com.miui.home,charging,1,33,38,100,95,1,18.83,1.16,0.21,0,4.324,-5.497,23.769028,7863,3030,0,-
16:21:23.624,snap,default,com.miui.home,charging,1,33.1,38,100,95,1,18.83,1.16,0.21,0,4.336,-5.876,25.478336,7863,3030,0,-
16:21:27.292,snap,default,com.miui.home,charging,1,33.1,38.8,100,95,1,19.22,1.13,0.17,0,4.354,-6.563,28.575304,18962,6816,0,-
16:21:29.724,snap,default,com.miui.home,charging,1,33.2,38.8,100,95,1,19.22,1.13,0.17,0,4.362,-6.947,30.302814,18962,6816,0,-
16:21:31.694,snap,default,com.miui.home,charging,1,33.3,38.8,100,95,1,19.22,1.13,0.17,0,4.362,-6.947,30.302814,19267,7545,0,-
16:21:32.696,snap,default,com.miui.home,charging,1,33.4,38.4,100,95,1,19.36,1.11,0.14,0,4.234,-1.947,8.243599,19267,7545,0,-
16:21:35.324,snap,default,com.miui.home,charging,1,33.4,38,100,95,1,18.03,0.9,0.11,0,4.256,-1.271,5.409376,8537,3085,0,-
16:21:37.936,snap,default,com.miui.home,charging,1,33.4,37.6,100,95,1,18.03,0.9,0.11,0,4.256,-0.287,1.221472,8537,3085,0,-
16:21:40.843,snap,default,com.miui.home,charging,1,33.4,37.6,100,95,1,18.03,0.9,0.11,0,4.266,-2.382,10.161612,20277,7007,0,-
16:21:43.912,snap,default,com.miui.home,charging,1,33.2,37.6,100,95,1,19.11,0.74,0.09,0,4.292,-3.643,15.635755,20277,7007,0,-
16:21:45.774,snap,default,com.miui.home,charging,1,33.2,37.6,100,95,1,19.11,0.74,0.09,0,4.3,-4.046,17.3978,19741,8001,0,-
16:21:47.672,snap,default,com.miui.home,charging,1,33.1,37.2,100,95,1,19.63,0.79,0.07,0,4.305,-4.26,18.3393,19741,8001,0,-
16:21:49.980,snap,default,com.miui.home,charging,1,33.1,37.2,100,95,1,19.63,0.79,0.07,0,4.311,-4.525,19.507275,14739,5953,0,-
16:21:53.663,snap,default,com.miui.home,charging,1,33.1,37.2,100,95,1,19.52,0.64,0.06,0,4.327,-5.181,22.418188,14739,5953,0,-
16:21:56.726,snap,default,com.miui.home,charging,1,33.2,37.2,100,95,1,19.52,0.64,0.06,0,4.338,-5.704,24.743952,14739,5953,0,-
16:21:59.757,snap,default,com.miui.home,charging,1,33.2,37.2,100,95,1,19.6,0.71,0.05,0,4.348,-6.012,26.140177,18946,6598,0,-
16:22:01.205,snap,default,com.miui.home,charging,1,33.3,37.2,100,95,1,19.6,0.71,0.05,0,4.356,-6.379,27.786924,18946,6598,0,-
16:22:04.688,snap,default,com.miui.home,charging,1,33.4,37.2,100,95,1,19.49,0.76,0.04,0,4.363,-6.587,28.73908,18290,6426,0,-
16:22:07.111,snap,default,com.miui.home,charging,1,33.5,37.6,100,95,1,19.95,0.8,0.03,0,4.375,-7.072,30.94,18290,6426,0,-
16:22:09.592,snap,default,com.miui.home,charging,1,33.6,37.6,100,95,1,19.95,0.8,0.03,0,4.382,-7.273,31.870285,18376,7352,0,-
16:22:12.880,snap,default,com.miui.home,charging,1,33.7,37.6,100,95,1,20.14,0.84,0.02,0,4.39,-7.637,33.52643,18376,7352,0,-
16:22:18.927,snap,default,com.miui.home,charging,1,33.8,37.6,100,95,1,20.14,0.84,0.02,0,4.263,-1.388,5.917044,19441,8054,0,-
16:22:21.947,snap,default,com.miui.home,charging,1,33.8,38,100,95,1,20.11,0.87,0.02,0,4.237,-1.104,4.677648,19441,8054,0,-
16:22:25.625,snap,default,com.miui.home,charging,1,33.6,38,100,95,1,20.11,0.87,0.02,0,4.276,-2.315,9.89894,18317,6927,0,-
16:22:28.080,snap,default,com.miui.home,charging,1,33.4,38,100,95,1,20.27,0.71,0.01,0,4.298,-3.529,15.167642,18317,6927,0,-
16:22:31.758,snap,default,com.miui.home,charging,1,33.3,37.6,100,95,1,20.27,0.71,0.01,0,4.305,-3.754,16.160969,18846,7251,0,-
16:22:32.764,snap,default,com.miui.home,charging,1,33.3,37.6,100,95,1,20.22,0.76,0.01,0,4.313,-4.141,17.860132,18846,7251,0,-
16:22:35.423,snap,default,com.miui.home,charging,1,33.3,37.6,100,95,1,20.22,0.76,0.01,0,4.315,-4.237,18.282656,13817,4849,0,-
16:22:37.809,snap,default,com.miui.home,charging,1,33.3,38.4,100,95,1,19.45,0.8,0.01,0,4.327,-4.613,19.960451,13817,4849,0,-
16:22:41.624,snap,default,com.miui.home,charging,1,33.3,38.4,100,95,1,19.45,0.8,0.01,0,4.334,-4.954,21.470636,18660,7482,0,-
16:22:43.977,snap,default,com.miui.home,charging,1,33.3,38.8,100,95,1,20.1,0.84,0,0,4.344,-5.423,23.55751,18660,7482,0,-
16:22:46.432,snap,default,com.miui.home,charging,1,33.3,38.4,100,95,1,20.1,0.84,0,0,4.352,-5.66,24.63232,19648,7659,0,-
16:22:47.463,snap,default,com.miui.home,charging,1,33.4,37.6,100,95,1,20.08,0.87,0,0,4.356,-5.854,25.500025,19648,7659,0,-
16:22:51.296,snap,default,com.miui.home,charging,1,33.4,37.6,100,95,1,20.08,0.87,0,0,4.36,-5.979,26.068441,12586,5114,0,-
16:22:53.775,snap,default,com.miui.home,charging,1,33.5,38.8,100,95,1,19.7,0.89,0,0,4.367,-6.1,26.6387,12586,5114,0,-
16:22:56.196,snap,default,com.miui.home,charging,1,33.6,39.2,100,95,1,19.7,0.89,0,0,4.371,-6.274,27.423653,20128,6396,0,-
16:22:58.327,snap,default,com.miui.home,charging,1,33.7,38.8,100,95,1,19.94,0.91,0,0,4.266,-3.664,15.630624,20128,6396,0,-
16:23:03.336,snap,default,com.miui.home,charging,1,33.7,39.2,100,95,1,19.94,0.91,0,0,4.275,-1.389,5.9379754,17561,7227,0,-
16:23:05.878,snap,default,com.miui.home,charging,1,33.6,38,100,95,1,20.67,0.74,0,0,4.245,-1.043,4.4275346,17561,7227,0,-
16:23:09.474,snap,default,com.miui.home,charging,1,33.6,38,100,95,1,20.67,0.74,0,0,4.277,-2.041,8.729357,20133,7404,0,-
16:23:12.331,snap,default,com.miui.home,charging,1,33.4,37.2,100,95,1,21.09,0.61,0,0,4.303,-3.336,14.354808,20133,7404,0,-
16:23:15.590,snap,default,com.miui.home,charging,1,33.3,37.6,100,95,1,21.09,0.61,0,0,4.311,-3.596,15.502356,18303,6359,0,-
16:23:16.583,snap,default,com.miui.home,charging,1,33.3,37.6,100,95,1,21.26,0.5,0,0,4.316,-3.924,16.935984,18303,6359,0,-
16:23:17.584,snap,default,com.miui.home,charging,1,33.3,37.6,100,95,1,21.26,0.5,0,0,4.32,-4.023,17.37936,8114,2665,0,-
16:23:20.585,snap,default,com.miui.home,charging,1,33.3,37.6,100,95,1,19.94,0.41,0,0,4.324,-4.209,18.199717,8114,2665,0,-
16:23:24.195,snap,default,com.miui.home,charging,1,33.3,36.8,100,95,1,19.94,0.41,0,0,4.335,-4.509,19.546515,8114,2665,0,-
16:23:25.528,snap,default,com.miui.home,charging,1,33.3,37.6,100,95,1,19.59,0.33,0,0,4.344,-4.896,21.268223,18434,7658,0,-
16:23:29.155,snap,default,com.miui.home,charging,1,33.3,37.6,100,95,1,19.59,0.33,0,0,4.35,-5.212,22.6722,18434,7658,0,-
16:23:31.530,snap,default,com.miui.home,charging,1,33.4,38,100,95,1,20.02,0.27,0,0,4.36,-5.579,24.32444,18060,7283,0,-
16:23:32.530,snap,default,com.miui.home,charging,1,33.5,37.6,100,95,1,20.02,0.27,0,0,4.366,-5.79,25.27914,18060,7283,0,-
16:23:33.670,snap,default,com.miui.home,charging,1,33.5,38.4,100,95,1,20.2,0.4,0,0,4.368,-5.929,25.897871,12630,4300,0,-
16:23:36.432,snap,default,com.miui.home,charging,1,33.5,38.4,100,95,1,19.62,0.33,0,0,4.371,-6.041,26.405209,12630,4300,0,-
16:23:38.864,snap,default,com.miui.home,charging,1,33.6,38.4,100,95,1,19.62,0.33,0,0,4.38,-6.257,27.40566,14552,6099,0,-
16:23:52.753,snap,default,com.miui.home,charging,1,33.7,38.4,100,95,1,19.87,0.45,0,0,4.385,-6.442,28.24817,14552,6099,0,-
16:23:56.477,snap,default,com.miui.home,charging,1,34,38.4,100,95,1,19.87,0.45,0,0,4.391,-6.379,28.01019,18803,8462,0,-
16:24:07.095,snap,default,com.miui.home,charging,1,34.1,38.4,100,95,1,20.25,0.37,0,0,4.396,-6.398,28.125607,18803,8462,0,-
16:24:09.693,snap,default,com.miui.home,charging,1,34.3,38.4,100,95,1,20.25,0.37,0,0,4.401,-6.494,28.580093,18229,7688,0,-
16:24:11.496,snap,default,com.miui.home,charging,1,34.3,38.8,100,95,1,20.75,0.48,0,0,4.298,-3.093,13.293714,18229,7688,0,-
16:24:14.945,snap,default,com.miui.home,charging,1,34.3,37.6,100,95,1,20.75,0.48,0,0,4.309,-1.996,8.600764,18782,7231,0,-
16:24:17.208,snap,default,com.miui.home,charging,1,34.1,37.6,100,95,1,20.8,0.57,0,0,4.329,-3.306,14.311674,18782,7231,0,-
16:24:18.209,snap,default,com.miui.home,charging,1,34.1,37.6,100,95,1,20.8,0.57,0,0,4.333,-3.462,15.000846,17037,6286,0,-
16:24:20.613,snap,default,com.miui.home,charging,1,34,38.4,100,95,1,19.74,0.47,0,0,4.338,-3.707,16.080965,17037,6286,0,-
16:24:24.171,snap,default,com.miui.home,charging,1,33.9,38.4,100,95,1,19.74,0.47,0,0,4.346,-4.097,17.805563,12714,5292,0,-
16:24:27.965,snap,default,com.miui.home,charging,1,33.9,38.4,100,95,1,20.33,0.56,0,0,4.355,-4.408,19.19684,12714,5292,0,-
16:24:31.146,snap,default,com.miui.home,charging,1,33.8,38.4,100,95,1,20.33,0.56,0,0,4.366,-4.916,21.463257,18756,6692,0,-
16:24:32.147,snap,default,com.miui.home,charging,1,33.8,38.8,100,95,1,20.27,0.64,0,0,4.368,-5.012,21.892416,18756,6692,0,-
16:24:33.381,snap,default,com.miui.home,charging,1,33.8,38.8,100,95,1,20.27,0.64,0,0,4.373,-5.117,22.376642,12667,4276,0,-
16:24:35.423,snap,default,com.miui.home,charging,1,33.8,38,100,95,1,19.68,0.52,0,0,4.376,-5.396,23.612896,12667,4276,0,-
16:24:39.056,snap,default,com.miui.home,charging,1,33.8,37.6,100,95,1,19.68,0.52,0,0,4.387,-5.743,25.194542,13772,5134,0,-
16:24:41.668,snap,default,com.miui.home,charging,1,33.9,37.6,100,95,1,19.92,0.61,0,0,4.393,-5.972,26.234997,13772,5134,0,-
16:24:45.092,snap,default,com.miui.home,charging,1,34,38.4,100,95,1,19.92,0.61,0,0,4.395,-6.093,26.778734,17549,6676,0,-
16:24:46.961,snap,default,com.miui.home,charging,1,34,38.8,100,95,1,20.29,0.68,0,0,4.402,-6.257,27.543314,17549,6676,0,-
16:24:47.962,snap,default,com.miui.home,charging,1,34.1,38.4,100,95,1,19.7,0.74,0,0,4.404,-6.304,27.762814,16408,6260,0,-
16:24:49.541,snap,default,com.miui.home,charging,1,34.1,39.2,100,95,1,19.7,0.74,0,0,4.299,-3.854,16.568346,16408,6260,0,-
16:25:00.003,snap,default,com.miui.home,charging,1,34.1,38,100,95,1,19.03,0.6,0,0,4.298,-1.387,5.9613256,9424,3521,0,-
16:25:21.731,snap,default,com.miui.home,charging,1,33.8,37.6,100,95,1,19.03,0.6,0,0,4.289,-1.387,5.948843,9424,3521,0,-
16:25:35.717,snap,default,com.miui.home,charging,1,33.4,36.8,100,95,1,19.02,0.67,0,0,4.289,-1.388,5.953132,15770,5224,0,-
16:25:45.017,snap,default,com.miui.home,charging,1,33.2,37.2,100,95,1,19.02,0.67,0,0,4.288,-1.387,5.947456,15770,5224,0,-
16:25:53.069,snap,default,com.miui.home,charging,1,33.2,36.8,100,95,1,19.01,0.73,0,0,4.288,-1.386,5.943168,16648,6137,0,-
16:26:03.446,snap,default,com.miui.home,charging,1,33.1,36.4,100,95,1,19.01,0.73,0,0,4.288,-1.386,5.943168,16648,6137,0,-
16:26:20.443,snap,default,com.miui.home,charging,1,33.1,36.4,100,95,1,19.19,0.6,0,0,4.29,-1.387,5.9502296,16048,5894,0,-
16:26:39.041,snap,default,com.miui.home,charging,1,33,36.4,100,95,1,19.19,0.6,0,0,4.29,-1.387,5.9502296,16048,5894,0,-
16:26:46.401,snap,default,com.miui.home,charging,1,32.9,36.4,100,95,1,19.34,0.49,0,0,4.291,-1.387,5.951617,17100,6752,0,-
16:27:03.758,snap,default,com.miui.home,charging,1,32.9,36.4,100,95,1,19.34,0.49,0,0,4.291,-1.387,5.951617,17100,6752,0,-
16:27:07.477,snap,default,com.miui.home,charging,1,32.9,36.8,100,95,1,19.28,0.58,0,0,4.293,-1.386,5.9500985,18197,6220,0,-
16:27:23.963,snap,default,com.miui.home,charging,1,32.9,36,100,95,1,19.28,0.58,0,0,4.293,-1.386,5.9500985,18197,6220,0,-
16:27:42.360,snap,default,com.miui.home,charging,1,32.8,35.6,100,95,1,19.95,0.47,0,0,4.293,-1.387,5.954391,16754,5833,0,-
16:27:51.098,snap,default,com.miui.home,charging,1,32.8,35.6,100,95,1,19.95,0.47,0,0,4.295,-1.387,5.957165,16754,5833,0,-
16:27:59.670,snap,default,com.miui.home,charging,1,32.7,35.6,100,95,1,19.78,0.57,0,0,4.295,-1.385,5.948575,13393,4589,0,-
16:28:01.152,snap,default,com.miui.home,charging,1,32.7,36,100,95,1,19.78,0.57,0,0,4.296,-1.387,5.958552,13393,4589,0,-
16:28:05.212,snap,default,com.miui.home,charging,1,32.7,36,100,95,1,19.09,0.65,0,0,4.3,-0.728,3.1304002,14849,6541,0,-
16:28:08.907,snap,default,com.miui.home,charging,1,32.7,36.8,100,95,1,19.09,0.65,0,0,4.355,-4.172,18.16906,14849,6541,0,-
16:28:12.622,snap,default,com.miui.home,charging,1,32.7,37.2,100,95,1,20.7,0.53,0,0,4.406,-6.008,26.471249,21156,7533,0,-
16:28:15.061,snap,default,com.miui.home,charging,1,32.9,37.2,100,95,1,20.7,0.53,0,0,4.416,-6.529,28.832062,21156,7533,0,-
16:28:17.679,snap,default,com.miui.home,charging,1,33,37.2,100,95,1,20.76,0.61,0,0,4.422,-6.593,29.154245,17765,7006,0,-
16:28:19.168,snap,default,com.miui.home,charging,1,33.2,36.8,100,95,1,20.62,0.68,0,0,4.428,-6.724,29.773872,17765,7006,0,-
16:28:20.551,snap,default,com.miui.home,charging,1,33.2,36.8,100,95,1,20.62,0.68,0,0,4.431,-6.728,29.81177,17604,7519,0,-
16:28:21.551,snap,default,com.miui.home,charging,1,33.4,37.2,100,95,1,20.32,0.56,0,0,4.433,-6.754,29.940483,17604,7519,0,-
16:28:27.308,snap,default,com.miui.home,charging,1,33.4,37.2,100,95,1,20.32,0.56,0,0,4.323,-1.388,6.000324,10191,3889,0,-
16:28:35.609,snap,default,com.miui.home,charging,1,33.4,36.4,100,95,1,20.45,0.64,0,0,4.315,-1.387,5.984905,10191,3889,0,-
16:28:47.509,snap,default,com.miui.home,charging,1,33.4,36.4,100,95,1,20.45,0.64,0,0,4.31,-1.387,5.9779696,16784,7141,0,-
16:28:57.525,snap,default,com.miui.home,charging,1,32.9,36.4,100,95,1,20.55,0.52,0,0,4.307,-1.386,5.9695024,16784,7141,0,-
16:29:23.459,snap,default,com.miui.home,charging,1,32.9,36.4,100,95,1,20.55,0.52,0,0,4.308,-1.387,5.975196,16512,6278,0,-
16:29:29.212,snap,default,com.miui.home,charging,1,32.8,35.2,100,95,1,19.9,0.61,0,0,4.308,-1.386,5.970888,16512,6278,0,-
16:29:32.595,snap,default,com.miui.home,charging,1,32.7,36,100,95,1,19.9,0.61,0,0,4.309,-1.387,5.976583,16464,5743,0,-
16:29:37.635,snap,default,com.miui.home,charging,1,32.7,36,100,95,1,19.92,0.5,0,0,4.309,-1.384,5.963656,16464,5743,0,-
16:29:54.546,snap,default,com.miui.home,charging,1,32.7,36,100,95,1,19.92,0.5,0,0,4.309,-1.387,5.976583,12773,4176,0,-
16:30:17.852,snap,default,com.miui.home,charging,1,32.6,36,100,95,1,19.93,0.59,0,0,4.311,-1.386,5.975046,12773,4176,0,-
16:30:33.412,snap,default,com.miui.home,charging,1,32.5,35.6,100,95,1,19.93,0.59,0,0,4.312,-1.387,5.9807434,17759,6473,0,-
16:30:56.390,snap,default,com.miui.home,charging,1,32.5,34.8,100,95,1,19.94,0.48,0,0,4.314,-1.387,5.983518,17759,6473,0,-
16:31:18.027,snap,default,com.miui.home,charging,1,32.5,34.8,100,95,1,19.94,0.48,0,0,4.315,-1.386,5.9805903,16565,5575,0,-
16:31:33.391,snap,default,com.miui.home,charging,1,32.4,35.2,100,95,1,19.23,0.57,0,0,4.317,-1.387,5.9876785,16565,5575,0,-
16:31:58.197,snap,default,com.miui.home,charging,1,32.4,35.2,100,95,1,19.23,0.57,0,0,4.319,-1.387,5.9904523,16122,5804,0,-
16:32:28.324,snap,default,com.miui.home,charging,1,32.3,35.6,100,95,1,18.64,0.47,0,0,4.32,-1.387,5.99184,16122,5804,0,-
16:32:33.122,snap,default,com.miui.home,charging,1,32.2,35.6,100,95,1,18.64,0.47,0,0,4.322,-1.387,5.9946136,15252,5658,0,-
16:32:35.206,snap,default,com.miui.home,charging,1,32.2,35.6,100,95,1,18.71,0.56,0,0,4.323,-1.384,5.9830317,15252,5658,0,-
16:32:58.548,snap,default,com.miui.home,charging,1,32.2,35.2,100,95,1,18.71,0.56,0,0,4.323,-1.387,5.996001,15634,6288,0,-
16:33:28.573,snap,default,com.miui.home,charging,1,32.2,35.2,100,95,1,18.58,0.46,0,0,4.325,-1.387,5.9987745,15634,6288,0,-
16:33:48.679,snap,default,com.miui.home,charging,1,32.2,34.8,100,95,1,18.58,0.46,0,0,4.328,-1.387,6.002936,14744,5533,0,-
16:34:18.788,snap,default,com.miui.home,charging,1,32.2,35.2,100,95,1,18.47,0.56,0,0,4.33,-1.387,6.0057096,14744,5533,0,-
16:34:38.869,snap,default,com.miui.home,charging,1,32.1,35.6,100,95,1,18.2,0.64,0,0,4.332,-1.386,6.004152,15181,6030,0,-
16:34:50.202,snap,default,com.miui.home,charging,1,32.1,35.6,100,95,1,18.2,0.64,0,0,4.333,-1.386,6.0055385,15181,6030,0,-
16:35:09.202,snap,default,com.miui.home,charging,1,32,35.6,100,95,1,18.71,0.7,0,0,4.333,-1.384,5.996872,18757,7003,0,-
16:35:29.114,snap,default,com.miui.home,charging,1,32,35.2,100,95,1,18.71,0.7,0,0,4.336,-1.385,6.00536,18757,7003,0,-
16:35:49.175,snap,default,com.miui.home,charging,1,32,35.2,100,95,1,18.76,0.76,0,0,4.338,-1.386,6.012468,15178,5663,0,-
16:36:19.338,snap,default,com.miui.home,charging,1,31.9,35.2,100,95,1,18.76,0.76,0,0,4.34,-1.387,6.01958,15178,5663,0,-
16:36:37.690,snap,default,com.miui.home,charging,1,31.9,35.2,100,95,1,18.26,0.8,0,0,4.343,-1.386,6.019398,16224,5312,0,-
16:36:45.935,snap,default,com.miui.home,charging,1,31.9,34.4,100,95,1,18.26,0.8,0,0,4.343,-1.386,6.019398,16224,5312,0,-
16:36:54.626,snap,default,com.miui.home,charging,1,31.9,35.6,100,95,1,18.94,0.83,0,0,4.344,-1.386,6.020784,17483,7425,0,-
16:37:19.640,snap,default,com.miui.home,charging,1,31.9,35.6,100,95,1,18.94,0.83,0,0,4.345,-1.386,6.02217,17483,7425,0,-
16:37:39.662,snap,default,com.miui.home,charging,1,31.8,35.6,100,95,1,19.49,0.86,0,0,4.348,-1.386,6.026328,17908,6846,0,-
16:38:09.776,snap,default,com.miui.home,charging,1,31.8,35.2,100,95,1,19.49,0.86,0,0,4.349,-1.387,6.032063,17908,6846,0,-
16:38:33.381,snap,default,com.miui.home,charging,1,31.8,34.8,100,95,1,19.22,0.89,0,0,4.352,-1.387,6.0362244,15862,5336,0,-
16:39:00.048,snap,default,com.miui.home,charging,1,31.8,35.2,100,95,1,19.22,0.89,0,0,4.354,-1.386,6.034644,15862,5336,0,-
16:39:20.116,snap,default,com.miui.home,charging,1,31.7,35.6,100,95,1,19.18,0.73,0,0,4.356,-1.386,6.037416,17245,6847,0,-
16:39:40.217,snap,default,com.miui.home,charging,1,31.7,35.6,100,95,1,19.18,0.73,0,0,4.358,-1.387,6.0445457,17245,6847,0,-
16:40:10.353,snap,default,com.miui.home,charging,1,31.7,35.2,100,95,1,19.33,0.77,0,0,4.36,-1.386,6.04296,16720,5509,0,-
16:40:34.402,snap,default,com.miui.home,charging,1,31.7,35.2,100,95,1,19.33,0.77,0,0,4.362,-1.386,6.045732,16720,5509,0,-
16:41:00.573,snap,default,com.miui.home,charging,1,31.6,35.2,100,95,1,19.08,0.81,0,0,4.364,-1.386,6.048504,16521,5592,0,-
16:41:20.637,snap,default,com.miui.home,charging,1,31.6,35.2,100,95,1,18.71,0.85,0,0,4.366,-1.386,6.051276,16521,5592,0,-
16:41:40.732,snap,default,com.miui.home,charging,1,31.6,35.6,100,95,1,18.71,0.85,0,0,4.368,-1.387,6.058416,17535,6692,0,-
16:42:10.886,snap,default,com.miui.home,charging,1,31.6,35.6,100,95,1,18.94,0.87,0,0,4.369,-1.386,6.055434,17535,6692,0,-
16:42:31.318,snap,default,com.miui.home,charging,1,31.5,35.6,100,95,1,18.94,0.87,0,0,4.372,-1.387,6.0639644,16198,5520,0,-
16:42:32.316,snap,default,com.miui.home,charging,1,31.5,34,100,95,1,18.77,0.9,0,0,4.373,-1.387,6.065351,16198,5520,0,-
16:42:41.013,snap,default,com.miui.home,charging,1,31.5,35.2,100,95,1,18.77,0.9,0,0,4.373,-1.384,6.052232,5932,1753,0,-
16:43:01.700,snap,default,com.miui.home,charging,1,31.5,35.2,100,95,1,17.18,0.73,0,0,4.375,-1.386,6.0637503,5932,1753,0,-
16:43:21.272,snap,default,com.miui.home,charging,1,31.5,35.2,100,95,1,17.18,0.73,0,0,4.375,-1.384,6.055,15113,5956,0,-
16:43:31.590,snap,default,com.miui.home,charging,1,31.5,35.2,100,95,1,17.51,0.78,0,0,4.377,-1.387,6.0708985,15113,5956,0,-
16:43:32.591,snap,default,com.miui.home,charging,1,31.5,34,100,95,1,17.51,0.78,0,0,4.378,-1.385,6.0635295,13053,4676,0,-
16:43:41.471,snap,default,com.miui.home,charging,1,31.5,34,100,95,1,17.05,0.64,0,0,4.378,-1.383,6.054774,13053,4676,0,-
16:44:11.372,snap,default,com.miui.home,charging,1,31.5,34,100,95,1,17.05,0.64,0,0,4.379,-1.387,6.0736732,9194,3609,0,-
16:44:31.783,snap,default,com.miui.home,charging,1,31.4,34,100,95,1,17.22,0.7,0,0,4.382,-1.386,6.073452,9194,3609,0,-
16:44:32.783,snap,default,com.miui.home,charging,1,31.4,34.8,100,95,1,17.22,0.7,0,0,4.382,-1.386,6.073452,13240,4844,0,-
16:44:46.611,snap,default,com.miui.home,charging,1,31.4,34.8,100,95,1,17.18,0.76,0,0,4.383,-1.383,6.061689,13240,4844,0,-
16:45:11.633,snap,default,com.miui.home,charging,1,31.4,34,100,95,1,17.18,0.76,0,0,4.384,-1.387,6.0806074,13240,4844,0,-
16:45:17.376,snap,default,com.miui.home,charging,1,31.4,34,100,95,1,17.33,0.8,0,0,4.386,-1.386,6.078996,14402,5800,0,-
16:45:18.373,snap,default,com.miui.home,charging,1,31.4,34,100,95,1,17.33,0.8,0,0,4.386,-1.386,6.078996,14402,5800,0,-
16:45:19.374,snap,default,com.miui.home,charging,1,31.4,34.8,100,95,1,17.27,1.38,0,0,4.386,-1.383,6.0658383,10414,2581,0,-
16:45:20.375,snap,default,com.miui.home,charging,1,31.4,34.8,100,95,1,17.27,1.38,0,0,4.387,-1.382,6.062834,10414,2581,0,-
16:45:21.376,snap,default,com.miui.home,charging,1,31.4,34.4,100,95,1,16.31,2.03,0.18,0,4.386,-1.382,6.061452,8425,1206,0,-
16:45:22.377,snap,default,com.miui.home,charging,1,31.4,34.4,100,95,1,16.31,2.03,0.18,0,4.387,-1.382,6.062834,8425,1206,0,-
16:45:23.376,snap,default,com.miui.home,charging,1,31.4,34.8,100,95,1,16.26,2.39,0.14,0,4.386,-1.38,6.05268,9116,1397,0,-
16:45:24.377,snap,default,com.miui.home,charging,1,31.4,35.2,100,95,1,16.26,2.39,0.14,0,4.387,-1.381,6.0584474,9116,1397,0,-
16:45:25.378,snap,default,com.miui.home,charging,1,31.4,35.2,100,95,1,16.03,2.86,0.12,0,4.387,-1.379,6.049673,10065,1756,0,-
16:45:26.378,snap,default,com.miui.home,charging,1,31.4,35.2,100,95,1,16.03,2.86,0.12,0,4.387,-1.375,6.032125,10065,1756,0,-
16:45:27.377,snap,default,com.miui.home,charging,1,31.4,35.2,100,95,1,15.3,2.7,0.09,0,4.387,-1.364,5.983868,4275,706,0,-
16:45:28.379,snap,default,com.miui.home,charging,1,31.4,35.6,100,95,1,15.3,2.7,0.09,0,4.387,-1.377,6.040899,4275,706,0,-
16:45:29.380,snap,default,com.miui.home,charging,1,31.4,35.6,100,95,1,15.42,2.94,0.08,0,4.387,-1.374,6.027738,10532,2315,0,-
16:45:30.380,snap,default,com.miui.home,charging,1,31.4,35.2,100,95,1,15.42,2.94,0.08,0,4.387,-1.366,5.9926424,10532,2315,0,-
16:45:31.380,snap,default,com.miui.home,charging,1,31.4,35.2,100,95,1,14.26,2.41,0.06,0,4.387,-1.373,6.023351,2440,341,0,-
16:45:32.380,snap,default,com.miui.home,charging,1,31.4,35.2,100,95,1,14.26,2.41,0.06,0,4.388,-1.379,6.0510516,2440,341,0,-
16:45:33.383,snap,default,com.miui.home,charging,1,31.4,35.2,100,95,1,13.49,1.97,0.05,0,4.388,-1.381,6.0598283,2617,502,0,-
16:45:34.382,snap,default,com.miui.home,charging,1,31.4,35.2,100,95,1,13.49,1.97,0.05,0,4.388,-1.382,6.0642157,2617,502,0,-
16:45:35.384,snap,default,com.miui.home,charging,1,31.4,35.6,100,95,1,12.67,1.61,0.04,0,4.387,-1.382,6.062834,2471,298,0,-
16:45:36.384,snap,default,com.miui.home,charging,1,31.4,35.6,100,95,1,12.67,1.61,0.04,0,4.388,-1.382,6.0642157,2471,298,0,-
16:45:41.749,snap,default,com.miui.home,charging,1,31.4,35.6,100,95,1,11.82,1.32,0.03,0,4.388,-1.382,6.0642157,2470,331,0,-
16:46:01.978,snap,default,com.miui.home,charging,1,31.4,34.8,100,95,1,11.82,1.32,0.03,0,4.389,-1.387,6.0875425,2470,331,0,-
16:46:21.901,snap,default,com.miui.home,charging,1,31.4,34,100,95,1,12.58,1.08,0.02,0,4.39,-1.386,6.08454,14129,6530,0,-
16:46:32.613,snap,default,com.miui.home,charging,1,31.4,34,100,95,1,12.58,1.08,0.02,0,4.392,-1.386,6.087312,14129,6530,0,-
16:46:52.034,snap,default,com.miui.home,charging,1,31.4,33.7,100,95,1,13.92,1.06,0.02,0,4.392,-1.384,6.078528,11698,4073,0,-
16:47:12.279,snap,default,com.miui.home,charging,1,31.4,33.7,100,95,1,14.12,1.05,0.01,0,4.394,-1.387,6.094478,11698,4073,0,-
16:47:32.593,snap,default,com.miui.home,charging,1,31.4,33.7,100,95,1,14.12,1.05,0.01,0,4.396,-1.387,6.097252,13764,5617,0,-
16:47:52.292,snap,default,com.miui.home,charging,1,31.4,34.4,100,95,1,14.82,0.86,0.01,0,4.397,-1.384,6.0854473,13764,5617,0,-
16:48:22.397,snap,default,com.miui.home,charging,1,31.4,34.4,100,95,1,14.82,0.86,0.01,0,4.399,-1.386,6.0970144,14178,5222,0,-
16:48:33.082,snap,default,com.miui.home,charging,1,31.3,34.4,100,95,1,15.21,0.7,0.01,0,4.402,-1.387,6.1055737,14178,5222,0,-
16:48:52.586,snap,default,com.miui.home,charging,1,31.3,34.4,100,95,1,15.21,0.7,0.01,0,4.403,-1.387,6.106961,14928,4663,0,-
16:49:22.664,snap,default,com.miui.home,charging,1,31.3,34.4,100,95,1,15.9,0.76,0,0,4.404,-1.387,6.1083474,14928,4663,0,-
16:49:33.351,snap,default,com.miui.home,charging,1,31.3,34.4,100,95,1,15.9,0.76,0,0,4.407,-1.386,6.1081023,15445,5844,0,-
16:50:02.914,snap,default,com.miui.home,charging,1,31.3,34.4,100,95,1,16.46,0.8,0,0,4.407,-1.387,6.112509,15445,5844,0,-
16:50:12.414,snap,default,com.miui.home,charging,1,31.3,34,100,95,1,16.46,0.8,0,0,4.41,-1.386,6.11226,14817,5879,0,-
16:50:32.983,snap,default,com.miui.home,charging,1,31.3,34.8,100,95,1,17.64,0.83,0,0,4.409,-1.385,6.106465,14817,5879,0,-
16:51:03.102,snap,default,com.miui.home,charging,1,31.3,34.8,100,95,1,17.64,0.83,0,0,4.412,-1.387,6.119444,15469,5919,0,-
16:51:30.308,snap,default,com.miui.home,charging,1,31.3,34.8,100,95,1,17.53,0.86,0,0,4.414,-1.386,6.117804,15469,5919,0,-
16:51:33.387,snap,default,com.miui.home,charging,1,31.2,34.4,100,95,1,17.53,0.86,0,0,4.415,-1.384,6.1103597,17857,7004,0,-
16:52:03.368,snap,default,com.miui.home,charging,1,31.2,34.4,100,95,1,17.79,0.71,0,0,4.417,-1.386,6.121962,17857,7004,0,-
16:52:33.489,snap,default,com.miui.home,charging,1,31.2,34,100,95,1,17.79,0.71,0,0,4.419,-1.386,6.1247344,13637,5147,0,-
16:53:03.633,snap,default,com.miui.home,charging,1,31.2,35.2,100,95,1,18.01,0.76,0,0,4.421,-1.386,6.1275063,13637,5147,0,-
16:53:33.749,snap,default,com.miui.home,charging,1,31.2,34,100,95,1,18.01,0.76,0,0,4.423,-1.386,6.130278,16402,5942,0,-
16:54:03.877,snap,default,com.miui.home,charging,1,31.2,35.2,100,95,1,18.01,0.8,0,0,4.425,-1.386,6.1330504,16402,5942,0,-
16:54:23.977,snap,default,com.miui.home,charging,1,31.2,34.4,100,95,1,18.01,0.8,0,0,4.428,-1.386,6.137208,16219,5845,0,-
16:54:29.885,snap,default,com.miui.home,charging,1,31.2,34.8,100,95,1,17.82,0.84,0,0,4.428,-1.385,6.13278,16219,5845,0,-
16:54:34.092,snap,default,com.miui.home,charging,1,31.2,34.8,100,95,1,17.82,0.84,0,0,4.43,-1.385,6.1355495,15759,6459,0,-
16:55:04.163,snap,default,com.miui.home,charging,1,31.2,34.8,100,95,1,19.12,0.68,0,0,4.43,-1.386,6.13998,15759,6459,0,-
16:55:34.277,snap,default,com.miui.home,charging,1,31.2,34.8,100,95,1,19.12,0.68,0,0,4.432,-1.385,6.13832,15786,5548,0,-
16:56:04.399,snap,default,com.miui.home,charging,1,31.2,34.4,100,95,1,19.1,0.74,0,0,4.435,-1.386,6.14691,15786,5548,0,-
16:56:14.555,snap,default,com.miui.home,charging,1,31.2,34.4,100,95,1,19.1,0.74,0,0,4.436,-1.385,6.14386,15208,5578,0,-
16:56:24.469,snap,default,com.miui.home,charging,1,31.2,33.7,100,95,1,18.9,0.79,0,0,4.437,-1.385,6.1452446,15208,5578,0,-
16:56:33.030,snap,default,com.miui.home,charging,1,31.2,33.7,100,95,1,19.28,0.64,0,0,4.438,-1.385,6.1466303,15677,6797,0,-
16:56:34.030,snap,default,com.miui.home,charging,1,31.2,33.7,100,95,1,19.28,0.64,0,0,4.438,-1.377,6.111126,15677,6797,0,-
16:56:38.903,snap,default,com.miui.home,charging,1,31.2,34,100,95,1,18.68,0.53,0,0,4.438,-1.372,6.0889363,10715,3985,0,-
16:56:44.564,snap,default,com.miui.home,charging,1,31.2,34,100,95,1,18.68,0.53,0,0,4.438,-1.379,6.1200023,10715,3985,0,-
16:56:54.458,snap,default,com.miui.home,charging,1,31.2,34,100,95,1,19.28,0.43,0,0,4.439,-1.385,6.148015,14939,6083,0,-
16:57:15.729,snap,default,com.miui.home,charging,1,31.2,34.4,100,95,1,19.28,0.43,0,0,4.44,-1.385,6.1494,14939,6083,0,-
16:57:23.616,snap,default,com.miui.home,charging,1,31.2,33.7,100,95,1,19.96,0.35,0,0,4.441,-1.379,6.124139,16976,6704,0,-
16:57:33.398,snap,default,com.miui.home,charging,1,31.2,34.8,100,95,1,19.96,0.35,0,0,4.441,-1.364,6.0575237,16976,6704,0,-
16:57:34.394,snap,default,com.miui.home,charging,1,31.2,33.7,100,95,1,19.96,0.47,0,0,4.441,-1.36,6.03976,14920,5395,0,-
16:57:40.947,snap,default,com.miui.home,charging,1,31.2,34.8,100,95,1,19.96,0.47,0,0,4.442,-1.358,6.032236,14920,5395,0,-
16:57:53.060,snap,default,com.miui.home,charging,1,31.2,34,100,95,1,19.43,0.38,0,0,4.441,-1.332,5.915412,12087,4431,0,-
16:57:55.862,snap,default,com.miui.home,charging,1,31.2,34,100,95,1,19.43,0.38,0,0,4.441,-1.329,5.902089,12087,4431,0,-
16:58:03.980,snap,default,com.miui.home,charging,1,31.2,34,100,95,1,19.89,0.49,0,0,4.443,-1.316,5.8469877,16394,6274,0,-
16:58:07.159,snap,default,com.miui.home,charging,1,31.2,34.4,100,95,1,19.89,0.49,0,0,4.442,-1.316,5.8456717,16394,6274,0,-
16:58:20.743,snap,default,com.miui.home,charging,1,31.2,34.4,100,95,1,19.19,0.4,0,0,4.442,-1.3,5.7745996,10041,4004,0,-
16:58:26.635,snap,default,com.miui.home,charging,1,31.2,34.4,100,95,1,19.19,0.4,0,0,4.442,-1.287,5.7168536,10041,4004,0,-
16:58:29.788,snap,default,com.miui.home,charging,1,31.2,35.2,100,95,1,19.7,0.33,0,0,4.442,-1.283,5.6990857,17962,7278,0,-
16:58:33.559,snap,default,com.miui.home,charging,1,31.2,35.2,100,95,1,19.7,0.33,0,0,4.443,-1.28,5.68704,17962,7278,0,-
16:58:34.570,snap,default,com.miui.home,charging,1,31.2,35.2,100,95,1,19.57,0.27,0,0,4.443,-1.28,5.68704,9934,3801,0,-
16:58:39.446,snap,default,com.miui.home,charging,1,31.2,35.2,100,95,1,19.57,0.27,0,0,4.442,-1.274,5.659108,9934,3801,0,-
16:58:44.196,snap,default,com.miui.home,charging,1,31.2,35.6,100,95,1,18.74,0.22,0,0,4.443,-1.265,5.6203947,12230,5385,0,-
16:58:52.154,snap,default,com.miui.home,charging,1,31.2,35.6,100,95,1,18.74,0.22,0,0,4.443,-1.265,5.6203947,12230,5385,0,-
16:59:00.934,snap,default,com.miui.home,charging,1,31.2,34.8,100,95,1,18.79,0.18,0,0,4.443,-1.253,5.567079,12230,5385,0,-
16:59:12.327,snap,default,com.miui.home,charging,1,31.2,34.8,100,95,1,18.79,0.18,0,0,4.443,-1.241,5.513763,17075,6524,0,-
16:59:23.427,snap,default,com.miui.home,charging,1,31.2,34.8,100,95,1,19.37,0.33,0,0,4.443,-1.23,5.46489,17075,6524,0,-
16:59:34.178,snap,default,com.miui.home,charging,1,31.2,34.8,100,95,1,19.37,0.33,0,0,4.443,-1.216,5.4026875,17652,6064,0,-
16:59:35.180,snap,default,com.miui.home,charging,1,31.2,34.8,100,95,1,19.66,0.27,0,0,4.443,-1.206,5.358258,17652,6064,0,-
16:59:48.304,snap,default,com.miui.home,charging,1,31.2,34.8,100,95,1,19.66,0.27,0,0,4.443,-1.195,5.309385,11238,4479,0,-
16:59:53.988,snap,default,com.miui.home,charging,1,31.2,34.8,100,95,1,19,0.4,0,0,4.444,-1.186,5.2705836,11238,4479,0,-
16:59:58.986,snap,default,com.miui.home,charging,1,31.2,35.2,100,95,1,20.08,0.33,0,0,4.444,-1.18,5.2439194,15376,5703,0,-
16:59:59.989,snap,default,com.miui.home,charging,1,31.2,34.8,100,95,1,20.08,0.33,0,0,4.444,-1.18,5.2439194,15376,5703,0,-
17:00:03.768,snap,default,com.miui.home,charging,1,31.2,34.4,100,95,1,19.34,0.27,0,0,4.444,-1.178,5.2350316,10687,4553,0,-
17:00:04.769,snap,default,com.miui.home,charging,1,31.2,34.4,100,95,1,19.34,0.27,0,0,4.444,-1.178,5.2350316,10687,4553,0,-
17:00:12.199,snap,default,com.miui.home,charging,1,31.2,35.2,100,95,1,17.47,0.22,0,0,4.444,-1.167,5.186148,6396,1979,0,-
17:00:34.413,snap,default,com.miui.home,charging,1,31.2,35.2,100,95,1,17.47,0.22,0,0,4.444,-1.147,5.0972676,6396,1979,0,-
17:00:41.091,snap,default,com.miui.home,charging,1,31.2,34.8,100,95,1,18.11,0.18,0,0,4.444,-1.142,5.0750475,15530,6933,0,-
17:00:48.062,snap,default,com.miui.home,charging,1,31.2,34,100,95,1,18.11,0.18,0,0,4.445,-1.129,5.018405,15530,6933,0,-
17:00:57.990,snap,default,com.miui.home,charging,1,31.2,34,100,95,1,18.81,0.32,0,0,4.445,-1.121,4.9828453,12159,4264,0,-
17:01:02.195,snap,default,com.miui.home,charging,1,31.2,34,100,95,1,18.81,0.32,0,0,4.444,-1.115,4.95506,12159,4264,0,-
17:01:05.598,snap,default,com.miui.home,charging,1,31.2,34,100,95,1,19.75,0.26,0,0,4.444,-1.113,4.9461718,17159,6482,0,-
17:01:09.055,snap,default,com.miui.home,charging,1,31.2,34.8,100,95,1,19.75,0.26,0,0,4.445,-1.113,4.947285,17159,6482,0,-
17:01:25.698,snap,default,com.miui.home,charging,1,31.2,34,100,95,1,20.16,0.4,0,0,4.445,-1.099,4.885055,15085,6280,0,-
17:01:34.648,snap,default,com.miui.home,charging,1,31.2,34,100,95,1,20.16,0.4,0,0,4.445,-1.082,4.80949,15085,6280,0,-
17:01:35.722,snap,default,com.miui.home,charging,1,31.2,34,100,95,1,19.77,0.51,0,0,4.445,-1.08,4.8006005,14950,5786,0,-
17:01:45.910,snap,default,com.miui.home,charging,1,31.2,34.8,100,95,1,19.77,0.51,0,0,4.445,-1.077,4.7872653,14950,5786,0,-
17:01:55.306,snap,default,com.miui.home,charging,1,31.2,34.8,100,95,1,19.26,0.59,0,0,4.446,-1.066,4.739436,12535,4216,0,-
17:02:05.863,snap,default,com.miui.home,charging,1,31.2,34.8,100,95,1,19.26,0.59,0,0,4.446,-1.061,4.717206,12535,4216,0,-
17:02:15.805,snap,default,com.miui.home,charging,1,31.2,34.8,100,95,1,19.94,0.49,0,0,4.446,-1.054,4.6860843,17066,6926,0,-
17:02:33.373,snap,default,com.miui.home,charging,1,31.2,34.8,100,95,1,19.94,0.49,0,0,4.446,-1.035,4.60161,17066,6926,0,-
17:02:47.617,snap,default,com.miui.home,charging,1,31.2,34.4,100,95,1,20.13,0.58,0,0,4.446,-1.02,4.53492,17327,7113,0,-
17:03:06.214,snap,default,com.miui.home,charging,1,31.2,34.4,100,95,1,20.13,0.58,0,0,4.446,-1.011,4.4949064,17327,7113,0,-
17:03:15.951,snap,default,com.miui.home,charging,1,31.2,34.4,100,95,1,19.93,0.65,0,0,4.446,-0.984,4.374864,16272,6261,0,-
17:03:32.239,snap,default,com.miui.home,charging,1,31.2,33.7,100,95,1,19.93,0.65,0,0,4.445,-0.966,4.2938704,16272,6261,0,-
17:03:35.516,snap,default,com.miui.home,charging,1,31.2,34.8,100,95,1,20.66,0.72,0,0,4.445,-0.935,4.156075,17550,7265,0,-
17:03:46.316,snap,default,com.miui.home,charging,1,31.1,33.7,100,95,1,20.66,0.72,0,0,4.445,-0.933,4.1471853,17550,7265,0,-
17:03:54.333,snap,default,com.miui.home,charging,1,31.1,34,100,95,1,20.54,0.77,0,0,4.446,-0.934,4.152564,13788,4641,0,-
17:04:09.082,snap,default,com.miui.home,charging,1,31.1,34,100,95,1,20.54,0.77,0,0,4.446,-0.935,4.15701,13788,4641,0,-
17:04:34.400,snap,default,com.miui.home,charging,1,31.1,34.4,100,95,1,20.62,0.81,0,0,4.445,-0.886,3.93827,15880,5693,0,-
17:04:35.403,snap,default,com.miui.home,charging,1,31.1,34.4,100,95,1,20.62,0.81,0,0,4.445,-0.884,3.9293802,15880,5693,0,-
17:04:36.400,snap,default,com.miui.home,charging,1,31.1,34.4,100,95,1,19.42,0.66,0,0,4.445,-0.883,3.9249353,9196,2266,0,-
17:04:57.994,snap,default,com.miui.home,charging,1,31.1,34.4,100,95,1,19.42,0.66,0,0,4.446,-0.885,3.93471,9196,2266,0,-
17:05:11.517,snap,default,com.miui.home,charging,1,31.1,34.8,100,95,1,18.26,0.54,0,0,4.446,-0.885,3.93471,11437,4541,0,-
17:05:24.414,snap,default,com.miui.home,charging,1,31.1,35.6,100,95,1,18.26,0.54,0,0,4.445,-0.834,3.7071302,11437,4541,0,-
17:05:25.838,snap,default,com.miui.home,charging,1,31.1,36,100,95,1,19.12,0.44,0,0,4.445,-0.832,3.6982403,17550,6929,0,-
17:05:26.839,snap,default,com.miui.home,charging,1,31.1,39,100,95,1,19.12,0.44,0,13,4.445,-0.821,3.6493452,17550,6929,0,-
17:05:27.840,snap,default,com.miui.home,charging,1,31.1,39.6,100,95,1,19.64,0.72,0.36,10,4.443,-0.76,3.37668,34735,18239,0,-
17:05:28.840,snap,default,com.miui.home,charging,1,31.1,39.2,100,95,1,19.64,0.72,0.36,10,4.445,-0.814,3.61823,34735,18239,0,-
17:05:29.842,snap,default,com.omarea.vtools,charging,1,31.1,38.8,100,95,1,20.43,0.77,0.47,9,4.445,-0.822,3.6537902,15898,9074,0,-
17:05:30.844,snap,default,com.omarea.vtools,charging,1,31.1,38.8,100,95,1,20.43,0.77,0.47,12,4.445,-0.828,3.6804602,15898,9074,0,-
17:05:31.843,snap,default,com.omarea.vtools,charging,1,31.1,38.8,100,95,1,20.71,0.81,0.57,8,4.445,-0.821,3.6493452,22193,12136,0,-
17:05:32.850,snap,default,com.omarea.vtools,charging,1,31.1,39.2,100,95,1,20.71,0.81,0.57,8,4.445,-0.815,3.6226752,22193,12136,0,-
17:05:33.843,snap,default,com.omarea.vtools,charging,1,31.1,38.8,100,95,1,20.4,0.66,0.46,15,4.445,-0.821,3.6493452,21405,10269,0,-
17:05:34.844,snap,default,com.omarea.vtools,charging,1,31.1,40.4,100,95,1,20.4,0.66,0.46,17,4.446,-0.825,3.66795,21405,10269,0,-
17:05:35.853,snap,default,com.miui.personalassistant,discharging,1,31.1,40.4,100,95,1,21.96,0.54,0.56,22,4.445,-0.817,3.631565,18888,10023,0,-
17:05:36.843,snap,default,com.miui.personalassistant,discharging,1,31.1,40.4,100,95,1,21.96,0.54,0.56,0,4.399,-0.054,0.23754601,18888,10023,0,-
17:05:37.843,snap,default,com.miui.personalassistant,discharging,1,31.1,39.6,100,95,1,21.24,1.17,0.46,0,4.415,0.374,1.6512101,13036,5791,0,-
17:05:38.846,snap,default,com.miui.personalassistant,discharging,1,31.1,38.4,100,95,1,21.24,1.17,0.46,0,4.415,0.212,0.93597996,13036,5791,0,-
17:05:39.845,snap,default,com.miui.personalassistant,discharging,1,31.1,37.2,100,95,1,19.02,0.96,0.37,0,4.414,0.199,0.878386,13036,5791,0,-
17:05:40.844,snap,default,com.miui.personalassistant,discharging,1,31.1,37.2,100,95,1,19.02,0.96,0.31,0,4.414,0.207,0.913698,5829,2318,0,-
17:05:41.844,snap,default,com.miui.personalassistant,discharging,1,31.1,37.2,100,95,1,17.39,0.78,0.31,9,4.408,0.195,0.85955995,5829,2318,0,-
17:05:42.844,snap,default,com.miui.personalassistant,discharging,1,31.1,38,100,95,1,20.39,1.73,0.43,0,4.404,0.55,2.4222,17427,7748,0,-
17:05:43.847,snap,default,com.miui.personalassistant,discharging,1,31.1,38,100,95,1,20.39,1.73,0.43,0,4.408,0.334,1.4722719,17427,7748,0,-
17:06:05.806,snap,default,com.miui.home,discharging,1,31.1,38,100,95,1,19.05,1.77,0.35,0,4.414,0.021,0.092694,13164,3788,0,-
17:06:06.806,snap,default,com.miui.home,discharging,1,31.1,38.8,100,95,1,19.05,1.77,0.35,8,4.386,0.413,1.811418,13164,3788,0,-
17:06:07.806,snap,default,com.miui.home,discharging,1,31.2,39.6,100,95,1,19.59,1.45,0.29,8,4.399,0.724,3.184876,28541,15729,0,-
17:06:08.806,snap,default,com.miui.home,discharging,1,31.2,40.4,100,95,1,19.59,1.45,0.29,24,4.401,0.389,1.711989,28541,15729,0,-
17:06:09.806,snap,default,com.miui.home,discharging,1,31.2,40.4,100,95,1,17.49,1.37,0.41,37,4.397,0.608,2.6733758,18580,6923,0,-
17:06:10.808,snap,default,com.miui.home,discharging,1,31.2,40.4,100,95,1,17.49,1.37,0.41,36,4.389,0.734,3.2215261,18580,6923,0,-
17:06:11.806,snap,default,com.miui.personalassistant,discharging,1,31.2,40.8,100,95,1,16.49,1.48,0.52,36,4.383,0.636,2.787588,22907,10380,0,-
17:06:13.817,snap,default,com.miui.personalassistant,discharging,1,31.2,40.8,100,95,1,16.49,1.48,0.52,64,4.374,0.936,4.094064,22907,10380,0,-
17:06:14.817,snap,default,com.miui.personalassistant,discharging,1,31.2,40.8,100,95,1,23.65,1.94,0.79,27,4.348,1.679,7.300292,43913,19733,0,-
17:06:15.818,snap,default,com.miui.personalassistant,discharging,1,31.2,40.8,100,95,1,23.65,1.94,0.79,19,4.361,2.05,8.94005,43913,19733,0,-
17:06:16.817,snap,default,com.miui.personalassistant,discharging,1,31.2,40.8,100,95,1,27.33,2.13,1.19,9,4.364,1.828,7.9773917,49758,22044,0,-
17:06:17.818,snap,default,com.miui.personalassistant,discharging,1,31.2,40.8,100,95,1,27.33,2.13,1.19,0,4.356,1.491,6.4947963,49758,22044,0,-
17:06:18.817,snap,default,com.ss.android.ugc.aweme.mobile,discharging,1,31.2,40.8,100,95,1,32.16,2.47,1.15,0,4.364,1.995,8.70618,46496,21010,0,-
17:06:19.820,snap,default,com.ss.android.ugc.aweme.mobile,discharging,1,31.2,40.8,100,95,1,32.16,2.47,1.15,0,4.389,1.54,6.75906,46496,21010,0,-
17:06:20.818,snap,default,com.ss.android.ugc.aweme.mobile,discharging,1,31.2,40.8,100,95,1,31.41,2.56,0.94,0,4.367,1.093,4.7731314,29071,11869,0,-
17:06:21.818,snap,default,com.ss.android.ugc.aweme.mobile,discharging,1,31.2,40.8,100,95,1,31.41,2.56,0.94,3,4.359,1.226,5.344134,29071,11869,0,-
17:06:22.824,snap,default,com.ss.android.ugc.aweme.mobile,discharging,1,31.2,40.8,100,95,1,30.61,2.46,0.77,3,4.388,1.412,6.1958556,33211,17878,0,-
17:06:23.818,snap,default,com.ss.android.ugc.aweme.mobile,discharging,1,31.2,42.4,100,95,1,30.61,2.46,0.77,3,4.375,1.061,4.641875,33211,17878,0,-
17:06:24.818,snap,default,com.ss.android.ugc.aweme.mobile,discharging,1,31.2,45.4,100,95,1,29.23,3.64,0.81,0,4.384,1.003,4.397152,29052,13210,0,-
17:06:25.819,snap,default,com.ss.android.ugc.aweme.mobile,discharging,1,31.2,47.5,100,95,1,29.23,3.64,0.81,0,4.388,0.654,2.869752,29052,13210,0,-
17:06:26.819,snap,default,com.ss.android.ugc.aweme.mobile,discharging,1,31.2,44.5,100,95,1,26.65,2.98,0.66,0,4.378,0.537,2.350986,29052,13210,0,-
17:06:27.819,snap,default,com.ss.android.ugc.aweme.mobile,discharging,1,31.2,44.4,100,95,1,26.65,2.98,0.66,0,4.387,0.533,2.338271,12549,5028,0,-
17:06:28.819,snap,default,com.ss.android.ugc.aweme.mobile,discharging,1,31.2,43.2,100,95,1,24.36,2.44,0.54,0,4.398,0.401,1.7635978,12549,5028,0,-
17:06:29.821,snap,default,com.ss.android.ugc.aweme.mobile,discharging,1,31.2,43.2,100,95,1,24.36,2.44,0.54,7,4.391,0.299,1.3129089,11208,3569,0,-
17:06:30.822,snap,default,com.ss.android.ugc.aweme.mobile,discharging,1,31.3,44,100,95,1,22.84,3.45,0.62,7,4.391,0.539,2.3667488,11208,3569,0,-
17:06:31.821,snap,default,com.ss.android.ugc.aweme.mobile,discharging,1,31.3,44.4,100,95,1,22.84,3.45,0.62,0,4.373,0.458,2.002834,14286,4275,0,-
17:06:32.821,snap,default,com.ss.android.ugc.aweme.mobile,discharging,1,31.3,47.4,100,95,1,21.96,3.55,0.51,0,4.377,1.109,4.8540926,14286,4275,0,-
17:06:33.821,snap,default,com.ss.android.ugc.aweme.mobile,discharging,1,31.3,50.4,100,95,1,21.96,3.55,0.51,8,4.393,0.98,4.30514,22393,9793,0,-
17:06:34.822,snap,default,com.ss.android.ugc.aweme.mobile,discharging,1,31.4,49.1,100,95,1,20.88,2.9,0.42,8,4.394,0.666,2.926404,22393,9793,0,-
17:06:35.825,snap,default,com.ss.android.ugc.aweme.mobile,discharging,1,31.4,46.1,100,95,1,20.88,2.9,0.42,0,4.395,0.36,1.5822,20320,9864,0,-
17:06:36.823,snap,default,com.ss.android.ugc.aweme.mobile,discharging,1,31.4,43.1,100,95,1,20.88,2.9,0.42,0,4.395,0.36,1.5822,20320,9864,0,-
17:06:37.821,snap,default,com.ss.android.ugc.aweme.mobile,discharging,1,31.4,42.8,100,95,1,19.27,2.38,0.34,6,4.391,0.336,1.4753759,13476,5373,0,-
17:06:38.822,snap,default,com.ss.android.ugc.aweme.mobile,discharging,1,31.4,43.6,100,95,1,19.27,2.38,0.34,0,4.386,0.455,1.9956301,13476,5373,0,-
17:06:39.822,snap,default,com.ss.android.ugc.aweme.mobile,discharging,1,31.4,43.6,100,95,1,17.95,1.94,0.28,47,4.389,0.809,3.550701,20321,9050,0,-
17:06:40.822,snap,default,com.ss.android.ugc.aweme.mobile,discharging,1,31.5,42,100,95,1,17.95,1.94,0.28,47,4.396,0.581,2.5540757,20321,9050,0,-
17:06:41.822,snap,default,com.ss.android.ugc.aweme.mobile,discharging,1,31.5,42,100,95,1,16.33,1.77,0.23,0,4.396,0.306,1.345176,10349,3939,0,-
17:06:42.822,snap,default,com.ss.android.ugc.aweme.mobile,discharging,1,31.5,42.4,100,95,1,16.33,1.77,0.23,0,4.39,0.386,1.69454,10349,3939,0,-
17:06:43.822,snap,default,com.ss.android.ugc.aweme.mobile,discharging,1,31.5,42.4,100,95,1,15.55,1.45,0.18,0,4.393,0.552,2.424936,12672,4818,0,-
17:06:44.823,snap,default,com.ss.android.ugc.aweme.mobile,discharging,1,31.5,42,100,95,1,15.55,1.45,0.18,0,4.393,0.419,1.840667,12672,4818,0,-
17:06:45.822,snap,default,com.ss.android.ugc.aweme.mobile,discharging,1,31.5,41.2,100,95,1,14.9,1.19,0.15,0,4.392,0.446,1.9588321,14059,5878,0,-
17:06:46.822,snap,default,com.ss.android.ugc.aweme.mobile,discharging,1,31.5,42,100,95,1,14.9,1.19,0.15,0,4.393,0.437,1.919741,14059,5878,0,-
17:06:47.823,snap,default,com.ss.android.ugc.aweme.mobile,discharging,1,31.5,42.8,100,95,1,14.19,0.97,0.12,0,4.391,0.385,1.6905348,17525,8401,0,-
17:06:48.824,snap,default,com.ss.android.ugc.aweme.mobile,discharging,1,31.5,42.8,100,95,1,14.19,0.97,0.12,0,4.386,0.549,2.4079142,17525,8401,0,-
17:06:49.825,snap,default,com.ss.android.ugc.aweme.mobile,discharging,1,31.5,42,100,95,1,13.98,0.97,0.1,0,4.395,0.536,2.35572,12561,4139,0,-
17:06:50.824,snap,default,com.ss.android.ugc.aweme.mobile,discharging,1,31.6,40.4,100,95,1,13.98,0.97,0.1,0,4.393,0.43,1.88899,12561,4139,0,-
17:06:51.825,snap,default,com.ss.android.ugc.aweme.mobile,discharging,1,31.6,40.4,100,95,1,13.8,0.98,0.08,0,4.394,0.426,1.871844,11449,3753,0,-
17:06:52.825,snap,default,com.ss.android.ugc.aweme.mobile,discharging,1,31.6,40.8,100,95,1,13.8,0.98,0.08,0,4.394,0.421,1.849874,11449,3753,0,-
17:06:53.826,snap,default,com.ss.android.ugc.aweme.mobile,discharging,1,31.6,42,100,95,1,13.83,0.8,0.06,0,4.385,0.421,1.8460851,11449,3753,0,-
17:06:54.826,snap,default,com.ss.android.ugc.aweme.mobile,discharging,1,31.6,43.2,100,95,1,13.83,0.8,0.06,17,4.39,0.703,3.08617,19425,9447,0,-
17:06:55.826,snap,default,com.ss.android.ugc.aweme.mobile,discharging,1,31.6,42,100,95,1,15.49,0.65,0.05,0,4.395,0.417,1.8327149,19425,9447,0,-
17:06:56.826,snap,default,com.ss.android.ugc.aweme.mobile,discharging,1,31.6,41.6,100,95,1,15.49,0.65,0.05,0,4.392,0.574,2.521008,18624,8498,0,-
17:06:57.827,snap,default,com.ss.android.ugc.aweme.mobile,discharging,1,31.6,41.2,100,95,1,17.03,0.53,0.04,0,4.395,0.396,1.74042,18624,8498,0,-
17:06:58.828,snap,default,com.ss.android.ugc.aweme.mobile,discharging,1,31.6,41.2,100,95,1,17.03,0.53,0.04,0,4.39,0.394,1.7296599,13085,4747,0,-
17:06:59.827,snap,default,com.ss.android.ugc.aweme.mobile,discharging,1,31.6,41.2,100,95,1,18.84,0.62,0.03,0,4.382,0.38,1.66516,13085,4747,0,-
17:07:00.827,snap,default,com.ss.android.ugc.aweme.mobile,discharging,1,31.6,42,100,95,1,18.84,0.62,0.03,8,4.379,0.53,2.32087,17994,8254,0,-
17:07:01.827,snap,default,com.ss.android.ugc.aweme.mobile,discharging,1,31.6,42.4,100,95,1,18.69,0.5,0.03,0,4.377,0.722,3.160194,17994,8254,0,-
17:07:02.828,snap,default,com.ss.android.ugc.aweme.mobile,discharging,1,31.6,42.4,100,95,1,18.69,0.5,0.03,0,4.393,0.518,2.2755742,18353,8159,0,-
17:07:03.827,snap,default,com.ss.android.ugc.aweme.mobile,discharging,1,31.6,42.4,100,95,1,19.29,0.41,0.02,0,4.383,0.411,1.801413,18353,8159,0,-
17:07:04.828,snap,default,com.ss.android.ugc.aweme.mobile,discharging,1,31.6,44,100,95,1,19.29,0.41,0.02,6,4.39,0.685,3.00715,19737,8747,0,-
17:07:05.829,snap,default,com.ss.android.ugc.aweme.mobile,discharging,1,31.6,42,100,95,1,18.33,0.34,0.01,0,4.389,0.397,1.7424331,19737,8747,0,-
17:07:06.829,snap,default,com.ss.android.ugc.aweme.mobile,discharging,1,31.6,41.6,100,95,1,18.33,0.34,0.01,9,4.392,0.534,2.345328,15665,5450,0,-
17:07:07.828,snap,default,com.ss.android.ugc.aweme.mobile,discharging,1,31.6,41.6,100,95,1,17.72,0.64,0.01,9,4.385,0.402,1.7627702,15665,5450,0,-
17:07:08.829,snap,default,com.ss.android.ugc.aweme.mobile,discharging,1,31.6,42.8,100,95,1,17.72,0.64,0.01,13,4.377,0.487,2.131599,22008,9858,0,-
17:07:09.829,snap,default,com.ss.android.ugc.aweme.mobile,discharging,1,31.6,45.5,100,95,1,17.23,0.52,0.01,13,4.388,0.747,3.2778358,22008,9858,0,-
17:07:10.830,snap,default,com.ss.android.ugc.aweme.mobile,discharging,1,31.7,44.8,100,95,1,17.23,0.52,0.01,14,4.386,0.536,2.3508961,15029,6323,0,-
17:07:11.830,snap,default,com.ss.android.ugc.aweme.mobile,discharging,1,31.7,44.8,100,95,1,16.28,0.43,0.01,10,4.383,0.724,3.173292,15029,6323,0,-
17:07:12.830,snap,default,com.ss.android.ugc.aweme.mobile,discharging,1,31.7,42.8,100,95,1,16.28,0.43,0.01,5,4.388,0.646,2.8346481,16613,7344,0,-
17:07:13.832,snap,default,com.ss.android.ugc.aweme.mobile,discharging,1,31.7,41.2,100,95,1,14.96,0.35,0,5,4.393,0.493,2.165749,16613,7344,0,-
17:07:14.831,snap,default,com.ss.android.ugc.aweme.mobile,discharging,1,31.7,40,100,95,1,14.96,0.35,0,0,4.393,0.361,1.585873,6640,1999,0,-
17:07:15.833,snap,default,com.ss.android.ugc.aweme.mobile,discharging,1,31.7,40,100,95,1,14.06,0.28,0,0,4.395,0.25,1.09875,6640,1999,0,-
17:07:16.831,snap,default,com.ss.android.ugc.aweme.mobile,discharging,1,31.7,40.8,100,95,1,14.06,0.28,0,0,4.393,0.37,1.6254101,9983,2413,0,-
17:07:17.832,snap,default,com.ss.android.ugc.aweme.mobile,discharging,1,31.7,41.6,100,95,1,13.69,0.59,0,0,4.395,0.422,1.85469,9983,2413,0,-
17:07:18.833,snap,default,com.ss.android.ugc.aweme.mobile,discharging,1,31.7,42.8,100,95,1,13.69,0.59,0,0,4.385,0.356,1.5610601,9983,2413,0,-
17:07:19.834,snap,default,com.ss.android.ugc.aweme.mobile,discharging,1,31.7,42.8,100,95,1,13.02,0.67,0,0,4.392,0.673,2.955816,9606,3165,0,-
17:07:20.832,snap,default,com.ss.android.ugc.aweme.mobile,discharging,1,31.7,41.2,100,95,1,13.02,0.67,0,0,4.391,0.471,2.0681608,9606,3165,0,-
17:07:21.833,snap,default,com.ss.android.ugc.aweme.mobile,discharging,1,31.7,40.8,100,95,1,13.01,0.54,0,0,4.395,0.272,1.19544,7845,2159,0,-
17:07:22.833,snap,default,com.ss.android.ugc.aweme.mobile,discharging,1,31.7,40.8,100,95,1,13.01,0.54,0,0,4.393,0.478,2.099854,7845,2159,0,-
17:07:23.832,snap,default,com.ss.android.ugc.aweme.mobile,discharging,1,31.7,43.2,100,95,1,12.65,0.63,0,9,4.384,0.397,1.740448,12414,4832,0,-
17:07:24.832,snap,default,com.ss.android.ugc.aweme.mobile,discharging,1,31.7,43.2,100,95,1,12.65,0.63,0,0,4.385,0.398,1.7452301,12414,4832,0,-
17:07:25.833,snap,default,com.ss.android.ugc.aweme.mobile,discharging,1,31.7,40.4,100,95,1,12.53,0.69,0,0,4.394,0.608,2.671552,15657,7796,0,-
17:07:26.834,snap,default,com.ss.android.ugc.aweme.mobile,discharging,1,31.7,40.4,100,95,1,12.53,0.69,0,0,4.394,0.327,1.436838,15657,7796,0,-
17:07:27.833,snap,default,com.ss.android.ugc.aweme.mobile,discharging,1,31.7,40,100,95,1,12.43,0.57,0,0,4.394,0.304,1.335776,9510,3930,0,-
17:07:28.833,snap,default,com.ss.android.ugc.aweme.mobile,discharging,1,31.7,40,100,95,1,12.43,0.57,0,0,4.394,0.312,1.370928,9510,3930,0,-
17:07:29.833,snap,default,com.ss.android.ugc.aweme.mobile,discharging,1,31.7,40,100,95,1,12.72,0.46,0,0,4.391,0.34,1.49294,10579,4097,0,-
17:07:30.834,snap,default,com.ss.android.ugc.aweme.mobile,discharging,1,31.8,40,100,95,1,12.72,0.46,0,0,4.394,0.352,1.546688,10579,4097,0,-
17:07:31.833,snap,default,com.ss.android.ugc.aweme.mobile,discharging,1,31.8,42.8,100,95,1,13.31,0.56,0,0,4.388,0.299,1.312012,12371,5069,0,-
17:07:32.834,snap,default,com.ss.android.ugc.aweme.mobile,discharging,1,31.8,42.8,100,95,1,13.31,0.56,0,0,4.385,0.578,2.5345302,12371,5069,0,-
17:07:33.834,snap,default,com.ss.android.ugc.aweme.mobile,discharging,1,31.8,43.6,100,95,1,13.8,0.82,0,0,4.394,0.521,2.2892742,14232,6128,0,-
17:07:34.833,snap,default,com.ss.android.ugc.aweme.mobile,discharging,1,31.8,42.4,100,95,1,13.8,0.82,0,0,4.369,0.501,2.188869,14232,6128,0,-
17:07:35.834,snap,default,com.ss.android.ugc.aweme.mobile,discharging,1,31.8,42.4,100,95,1,13.65,0.85,0,0,4.385,0.957,4.1964455,11204,4404,0,-
17:07:36.834,snap,default,com.ss.android.ugc.aweme.mobile,discharging,1,31.8,42.4,100,95,1,13.65,0.85,0,9,4.386,0.639,2.802654,11204,4404,0,-
17:07:37.834,snap,default,com.ss.android.ugc.aweme.mobile,discharging,1,31.8,45.4,100,95,1,14.44,0.7,0,1,4.376,0.697,3.050072,23725,12166,0,-
17:07:38.834,snap,default,com.ss.android.ugc.aweme.mobile,discharging,1,31.8,48.4,100,95,1,14.44,0.7,0,1,4.362,0.997,4.3489137,23725,12166,0,-
17:07:39.835,snap,default,com.ss.android.ugc.aweme.mobile,discharging,1,31.8,49.1,100,95,1,15.08,0.93,0,7,4.378,1.066,4.666948,22357,11491,0,-
17:07:40.834,snap,default,com.ss.android.ugc.aweme.mobile,discharging,1,31.9,48.7,100,95,1,15.08,0.93,0,7,4.385,0.677,2.968645,22357,11491,0,-
17:07:41.835,snap,default,com.ss.android.ugc.aweme.mobile,discharging,1,31.9,45.7,100,95,1,15.79,0.76,0,6,4.383,0.74,3.24342,22750,11813,0,-
17:07:42.835,snap,default,com.ss.android.ugc.aweme.mobile,discharging,1,31.9,44,100,95,1,15.79,0.76,0,6,4.39,0.761,3.3407898,22750,11813,0,-
17:07:43.835,snap,default,com.ss.android.ugc.aweme.mobile,discharging,1,31.9,44,100,95,1,15.1,0.8,0,0,4.389,0.38,1.66782,17740,8734,0,-
17:07:44.836,snap,default,com.ss.android.ugc.aweme.mobile,discharging,1,31.9,43.2,100,95,1,15.1,0.8,0,7,4.383,0.491,2.1520529,17740,8734,0,-
17:07:45.838,snap,default,com.ss.android.ugc.aweme.mobile,discharging,1,31.9,45.5,100,95,1,14.54,0.84,0,0,4.389,0.667,2.927463,17740,8734,0,-
17:07:46.839,snap,default,com.ss.android.ugc.aweme.mobile,discharging,1,31.9,45.5,100,95,1,14.54,0.84,0,0,4.382,0.325,1.42415,9867,4273,0,-
17:07:47.842,snap,default,com.ss.android.ugc.aweme.mobile,discharging,1,31.9,45.5,100,95,1,14.62,0.69,0,6,4.381,0.705,3.088605,9867,4273,0,-
17:07:48.842,snap,default,com.ss.android.ugc.aweme.mobile,discharging,1,31.9,45.5,100,95,1,14.62,0.69,0,3,4.384,0.839,3.6781757,27217,14653,0,-
17:07:49.843,snap,default,com.ss.android.ugc.aweme.mobile,discharging,1,31.9,44.4,100,95,1,14.33,0.56,0,4,4.381,0.659,2.887079,27217,14653,0,-
17:07:50.843,snap,default,com.ss.android.ugc.aweme.mobile,discharging,1,31.9,44,100,95,1,14.33,0.56,0,4,4.379,0.718,3.1441221,21621,11031,0,-
17:07:51.843,snap,default,com.ss.android.ugc.aweme.mobile,discharging,1,31.9,42.4,100,95,1,13.9,0.64,0,0,4.391,0.837,3.675267,21621,11031,0,-
17:07:52.844,snap,default,com.ss.android.ugc.aweme.mobile,discharging,1,31.9,41.6,100,95,1,13.9,0.64,0,0,4.389,0.314,1.378146,8447,2446,0,-
17:07:53.843,snap,default,com.ss.android.ugc.aweme.mobile,discharging,1,31.9,41.6,100,95,1,13.38,0.52,0,0,4.391,0.338,1.4841579,8447,2446,0,-
17:07:54.848,snap,default,com.ss.android.ugc.aweme.mobile,discharging,1,31.9,41.6,100,95,1,13.38,0.52,0,0,4.368,0.392,1.712256,14383,6611,0,-
17:07:55.844,snap,default,com.ss.android.ugc.aweme.mobile,discharging,1,31.9,44.4,100,95,1,13.31,0.61,0,8,4.383,0.973,4.264659,14383,6611,0,-
17:07:56.844,snap,default,com.ss.android.ugc.aweme.mobile,discharging,1,31.9,44.4,100,95,1,13.31,0.61,0,9,4.369,0.7,3.0583,22205,11229,0,-
17:07:57.845,snap,default,com.ss.android.ugc.aweme.mobile,discharging,1,31.9,44.4,100,95,1,15.79,0.86,0,0,4.346,1.131,4.9153266,22205,11229,0,-
17:07:58.845,snap,default,com.ss.android.ugc.aweme.mobile,discharging,1,32,44.4,100,95,1,15.79,0.86,0,7,4.335,1.74,7.5429,40715,23155,0,-
17:07:59.845,snap,default,com.ss.android.ugc.aweme.mobile,discharging,1,32,44.4,100,95,1,21.08,1.25,0.18,32,4.36,1.443,6.29148,40715,23155,0,-
17:08:00.845,snap,default,com.ss.android.ugc.aweme.mobile,discharging,1,32,47.4,100,95,1,21.08,1.25,0.18,9,4.383,0.905,3.9666147,27263,14993,0,-
17:08:01.846,snap,default,com.ss.android.ugc.aweme.mobile,discharging,1,32,50.4,100,95,1,19.61,1.02,0.14,9,4.381,0.543,2.378883,27263,14993,0,-
17:08:02.846,snap,default,com.ss.android.ugc.aweme.mobile,discharging,1,32,47.4,100,95,1,19.61,1.02,0.14,0,4.386,0.334,1.464924,9870,4300,0,-
17:08:03.846,snap,default,com.ss.android.ugc.aweme.mobile,discharging,1,32,44.4,100,95,1,17.69,0.83,0.12,0,4.388,0.321,1.408548,9870,4300,0,-
17:08:04.846,snap,default,com.ss.android.ugc.aweme.mobile,discharging,1,32,42.4,100,95,1,17.69,0.83,0.12,0,4.388,0.324,1.421712,9370,3992,0,-
17:08:05.846,snap,default,com.ss.android.ugc.aweme.mobile,discharging,1,32,42.4,100,95,1,16.48,0.68,0.09,0,4.385,0.372,1.6312201,9370,3992,0,-
17:08:06.846,snap,default,com.ss.android.ugc.aweme.mobile,discharging,1,32,42.4,100,95,1,16.48,0.68,0.09,0,4.388,0.307,1.347116,11398,4625,0,-
17:08:07.846,snap,default,com.ss.android.ugc.aweme.mobile,discharging,1,32,44,100,95,1,15.3,0.56,0.08,0,4.379,0.713,3.1222272,11398,4625,0,-
17:08:08.847,snap,default,com.ss.android.ugc.aweme.mobile,discharging,1,32.1,44,100,95,1,15.3,0.56,0.08,0,4.387,0.547,2.399689,9475,3745,0,-
17:08:09.847,snap,default,com.ss.android.ugc.aweme.mobile,discharging,1,32.1,42.8,100,95,1,13.62,0.45,0.24,8,4.385,0.382,1.67507,9475,3745,0,-
17:08:10.847,snap,default,com.ss.android.ugc.aweme.mobile,discharging,1,32.1,42.8,100,95,1,13.62,0.45,0.24,0,4.389,0.311,1.3649789,9475,3745,0,-
17:08:11.849,snap,default,com.ss.android.ugc.aweme.mobile,discharging,1,32.1,43.2,100,95,1,12.96,0.37,0.2,0,4.385,0.511,2.240735,12032,5400,0,-
17:08:12.847,snap,default,com.ss.android.ugc.aweme.mobile,discharging,1,32.1,44.8,100,95,1,12.96,0.37,0.2,0,4.384,0.646,2.832064,12032,5400,0,-
17:08:13.847,snap,default,com.ss.android.ugc.aweme.mobile,discharging,1,32.1,44.8,100,95,1,11.34,0.3,0.16,15,4.377,0.668,2.9238358,10318,4183,0,-
17:08:14.849,snap,default,com.ss.android.ugc.aweme.mobile,discharging,1,32.1,43.6,100,95,1,11.34,0.3,0.16,15,4.382,0.475,2.08145,10318,4183,0,-
17:08:15.847,snap,default,com.ss.android.ugc.aweme.mobile,discharging,1,32.1,42.4,100,95,1,10.91,0.25,0.13,0,4.391,0.379,1.664189,10381,3870,0,-
17:08:16.849,snap,default,com.ss.android.ugc.aweme.mobile,discharging,1,32.1,42.4,100,95,1,10.91,0.25,0.13,0,4.385,0.378,1.6575301,10381,3870,0,-
17:08:17.858,snap,default,com.ss.android.ugc.aweme.mobile,discharging,1,32.1,42.8,100,95,1,11.29,0.2,0.11,15,4.383,0.615,2.695545,14416,7729,0,-
17:08:18.853,snap,default,com.ss.android.ugc.aweme.mobile,discharging,1,32.1,42.8,100,95,1,11.29,0.2,0.11,9,4.376,0.562,2.459312,14416,7729,0,-
17:08:19.849,snap,default,com.ss.android.ugc.aweme.mobile,discharging,1,32.2,43.2,100,95,1,11.24,0.16,0.09,9,4.391,0.313,1.3743829,13248,6153,0,-
17:08:20.849,snap,default,com.ss.android.ugc.aweme.mobile,discharging,1,32.2,44,100,95,1,11.24,0.16,0.09,0,4.388,0.516,2.2642078,13248,6153,0,-
17:08:21.849,snap,default,com.ss.android.ugc.aweme.mobile,discharging,1,32.2,44,100,95,1,12.46,0.31,0.07,9,4.377,0.731,3.1995869,20161,11549,0,-
17:08:22.855,snap,default,com.ss.android.ugc.aweme.mobile,discharging,1,32.2,43.2,100,95,1,12.46,0.31,0.07,9,4.387,0.429,1.882023,20161,11549,0,-
17:08:23.850,snap,default,com.ss.android.ugc.aweme.mobile,discharging,1,32.2,42.8,100,95,1,12.74,0.26,0.06,0,4.386,0.431,1.8903661,13600,5597,0,-
17:08:24.850,snap,default,com.ss.android.ugc.aweme.mobile,discharging,1,32.2,41.2,100,95,1,12.74,0.26,0.06,0,4.386,0.43,1.8859801,13600,5597,0,-
17:08:25.850,snap,default,com.ss.android.ugc.aweme.mobile,discharging,1,32.2,41.2,100,95,1,12.97,0.21,0.04,0,4.385,0.428,1.8767802,13072,5071,0,-
17:08:26.850,snap,default,com.ss.android.ugc.aweme.mobile,discharging,1,32.2,41.2,100,95,1,12.97,0.21,0.04,0,4.385,0.437,1.9162451,13072,5071,0,-
17:08:27.852,snap,default,com.ss.android.ugc.aweme.mobile,discharging,1,32.2,41.6,100,95,1,13.7,0.17,0.03,0,4.383,0.654,2.8664818,18044,8104,0,-
17:08:28.852,snap,default,com.ss.android.ugc.aweme.mobile,discharging,1,32.2,44.4,100,95,1,13.7,0.17,0.03,0,4.382,0.444,1.945608,18044,8104,0,-
17:08:29.850,snap,default,com.ss.android.ugc.aweme.mobile,discharging,1,32.2,44.4,100,95,1,12.66,0.14,0.03,0,4.384,0.635,2.78384,8082,2224,0,-
17:08:30.851,snap,default,com.ss.android.ugc.aweme.mobile,discharging,1,32.3,47.4,100,95,1,12.66,0.14,0.03,12,4.362,0.936,4.082832,8082,2224,0,-
17:08:31.851,snap,default,com.ss.android.ugc.aweme.mobile,discharging,1,32.3,47.5,100,95,1,15.08,0.66,0.2,12,4.385,0.791,3.4685352,29695,13317,0,-
17:08:32.851,snap,default,com.ss.android.ugc.aweme.mobile,discharging,1,32.3,47.5,100,95,1,15.08,0.66,0.2,12,4.384,0.353,1.5475519,29695,13317,0,-
17:08:33.853,snap,default,com.ss.android.ugc.aweme.mobile,discharging,1,32.3,44.5,100,95,1,14.34,0.54,0.16,10,4.379,0.671,2.9383092,12031,4769,0,-
17:08:34.856,snap,default,com.ss.android.ugc.aweme.mobile,discharging,1,32.3,44.4,100,95,1,14.34,0.54,0.16,10,4.388,0.366,1.6060079,12031,4769,0,-
17:08:35.854,snap,default,com.ss.android.ugc.aweme.mobile,discharging,1,32.3,43.6,100,95,1,14.1,0.44,0.13,10,4.39,0.421,1.84819,11798,4409,0,-
17:08:36.854,snap,default,com.ss.android.ugc.aweme.mobile,discharging,1,32.3,42,100,95,1,14.1,0.44,0.13,10,4.386,0.4,1.7544001,11798,4409,0,-
17:08:37.854,snap,default,com.ss.android.ugc.aweme.mobile,discharging,1,32.3,42,100,95,1,14.98,0.36,0.11,10,4.386,0.381,1.6710662,11798,4409,0,-
17:08:38.855,snap,default,com.ss.android.ugc.aweme.mobile,discharging,1,32.3,41.6,100,95,1,14.98,0.36,0.11,10,4.388,0.367,1.610396,11569,4040,0,-
17:08:39.855,snap,default,com.ss.android.ugc.aweme.mobile,discharging,1,32.3,40.8,100,95,1,15.35,0.29,0.09,0,4.387,0.37,1.62319,11569,4040,0,-
17:08:40.856,snap,default,com.ss.android.ugc.aweme.mobile,discharging,1,32.4,40.8,100,95,1,15.35,0.29,0.09,2,4.387,0.367,1.6100291,11718,4312,0,-
17:08:41.854,snap,default,com.ss.android.ugc.aweme.mobile,discharging,1,32.4,41.2,100,95,1,15.65,0.24,0.07,2,4.386,0.376,1.649136,11718,4312,0,-
17:08:42.854,snap,default,com.ss.android.ugc.aweme.mobile,discharging,1,32.4,42,100,95,1,15.65,0.24,0.07,0,4.386,0.508,2.2280881,13054,5159,0,-
17:08:43.858,snap,default,com.ss.android.ugc.aweme.mobile,discharging,1,32.4,43.6,100,95,1,17.7,0.19,0.06,0,4.377,0.787,3.4446988,13054,5159,0,-
17:08:44.856,snap,default,com.ss.android.ugc.aweme.mobile,discharging,1,32.4,43.6,100,95,1,17.7,0.19,0.06,1,4.385,0.396,1.7364601,20604,6658,0,-
17:08:45.856,snap,default,com.ss.android.ugc.aweme.mobile,discharging,1,32.4,40.8,100,95,1,17.76,0.16,0.05,1,4.385,0.323,1.4163551,20604,6658,0,-
17:08:46.856,snap,default,com.ss.android.ugc.aweme.mobile,discharging,1,32.4,40.8,100,95,1,17.76,0.16,0.05,1,4.387,0.324,1.421388,10494,3748,0,-
17:08:47.857,snap,default,com.ss.android.ugc.aweme.mobile,discharging,1,32.4,40.8,100,95,1,16.89,0.13,0.04,4,4.388,0.391,1.715708,10494,3748,0,-
17:08:48.856,snap,default,com.ss.android.ugc.aweme.mobile,discharging,1,32.4,40.4,100,95,1,16.89,0.13,0.04,4,4.387,0.321,1.4082271,11290,4480,0,-
17:08:49.856,snap,default,com.ss.android.ugc.aweme.mobile,discharging,1,32.4,40.4,100,95,1,16.19,0.1,0.03,4,4.389,0.311,1.3649789,11290,4480,0,-
17:08:50.857,snap,default,com.ss.android.ugc.aweme.mobile,discharging,1,32.4,40.4,100,95,1,16.19,0.1,0.03,0,4.389,0.31,1.36059,9735,3394,0,-
17:08:51.857,snap,default,com.ss.android.ugc.aweme.mobile,discharging,1,32.4,40.4,100,95,1,15.61,0.08,0.02,0,4.389,0.319,1.400091,9735,3394,0,-
17:08:52.857,snap,default,com.ss.android.ugc.aweme.mobile,discharging,1,32.4,40.4,100,95,1,15.61,0.08,0.02,0,4.387,0.334,1.465258,10686,4125,0,-
17:08:53.858,snap,default,com.ss.android.ugc.aweme.mobile,discharging,1,32.4,39.2,100,95,1,15.32,0.07,0.02,1,4.389,0.324,1.4220359,10686,4125,0,-
17:08:54.858,snap,default,com.ss.android.ugc.aweme.mobile,discharging,1,32.4,40,100,95,1,15.32,0.07,0.02,1,4.388,0.329,1.443652,10477,3702,0,-
17:08:55.858,snap,default,com.ss.android.ugc.aweme.mobile,discharging,1,32.4,40,100,95,1,15.08,0.05,0.01,1,4.386,0.326,1.429836,10477,3702,0,-
17:08:56.858,snap,default,com.ss.android.ugc.aweme.mobile,discharging,1,32.4,40.8,100,95,1,15.08,0.05,0.01,2,4.383,0.491,2.1520529,13198,5132,0,-
17:08:57.858,snap,default,com.ss.android.ugc.aweme.mobile,discharging,1,32.4,41.2,100,95,1,14.52,0.04,0.01,0,4.385,0.328,1.4382801,13198,5132,0,-
17:08:58.858,snap,default,com.ss.android.ugc.aweme.mobile,discharging,1,32.4,40.8,100,95,1,14.52,0.04,0.01,0,4.389,0.424,1.8609359,10882,4467,0,-
17:08:59.858,snap,default,com.ss.android.ugc.aweme.mobile,discharging,1,32.4,40.8,100,95,1,13.52,0.03,0.01,0,4.389,0.292,1.281588,10882,4467,0,-
17:09:00.859,snap,default,com.ss.android.ugc.aweme.mobile,discharging,1,32.5,40.8,100,95,1,13.52,0.03,0.01,6,4.379,0.461,2.018719,14563,6345,0,-
17:09:01.859,snap,default,com.ss.android.ugc.aweme.mobile,discharging,1,32.5,40.8,100,95,1,13.06,0.03,0,10,4.385,0.518,2.2714303,14563,6345,0,-
17:09:02.859,snap,default,com.ss.android.ugc.aweme.mobile,discharging,1,32.5,40.8,100,95,1,13.06,0.03,0,10,4.388,0.338,1.483144,11391,4680,0,-
17:09:03.859,snap,default,com.ss.android.ugc.aweme.mobile,discharging,1,32.5,40.8,100,95,1,12.14,0.02,0,0,4.388,0.306,1.342728,11391,4680,0,-
17:09:04.860,snap,default,com.ss.android.ugc.aweme.mobile,discharging,1,32.5,39.6,100,95,1,12.14,0.02,0,0,4.388,0.303,1.329564,11391,4680,0,-
17:09:05.860,snap,default,com.ss.android.ugc.aweme.mobile,discharging,1,32.5,39.6,100,95,1,11.93,0.02,0,0,4.388,0.304,1.333952,8320,3227,0,-
17:09:06.860,snap,default,com.ss.android.ugc.aweme.mobile,discharging,1,32.5,39.6,100,95,1,11.93,0.02,0,0,4.388,0.293,1.2856841,8320,3227,0,-
17:09:07.860,snap,default,com.ss.android.ugc.aweme.mobile,discharging,1,32.5,39.6,100,95,1,11.76,0.01,0,0,4.388,0.298,1.307624,8279,2904,0,-
17:09:08.861,snap,default,com.ss.android.ugc.aweme.mobile,discharging,1,32.5,39.6,100,95,1,11.76,0.01,0,0,4.388,0.299,1.312012,8279,2904,0,-
17:09:09.861,snap,default,com.ss.android.ugc.aweme.mobile,discharging,1,32.5,39.2,100,95,1,11.81,0.01,0,0,4.389,0.301,1.321089,8317,3003,0,-
17:09:10.861,snap,default,com.ss.android.ugc.aweme.mobile,discharging,1,32.5,39.2,100,95,1,11.81,0.01,0,0,4.387,0.299,1.311713,8317,3003,0,-
17:09:11.861,snap,default,com.ss.android.ugc.aweme.mobile,discharging,1,32.5,39.2,100,95,1,11.66,0.01,0,0,4.387,0.304,1.333648,8084,2755,0,-
17:09:12.861,snap,default,com.ss.android.ugc.aweme.mobile,discharging,1,32.5,39.2,100,95,1,11.66,0.01,0,0,4.388,0.304,1.333952,8084,2755,0,-
17:09:13.861,snap,default,com.ss.android.ugc.aweme.mobile,discharging,1,32.5,38.4,100,95,1,11.72,0,0,0,4.389,0.295,1.294755,8282,2978,0,-
17:09:14.861,snap,default,com.ss.android.ugc.aweme.mobile,discharging,1,32.5,38.4,100,95,1,11.72,0,0,0,4.389,0.285,1.250865,8282,2978,0,-
17:09:15.861,snap,default,com.ss.android.ugc.aweme.mobile,discharging,1,32.5,39.6,100,95,1,11.77,0,0,0,4.387,0.403,1.767961,11242,4405,0,-
17:09:16.861,snap,default,com.ss.android.ugc.aweme.mobile,discharging,1,32.5,42.6,100,95,1,11.77,0,0,9,4.378,0.703,3.077734,11242,4405,0,-
17:09:17.861,snap,default,com.ss.android.ugc.aweme.mobile,discharging,1,32.5,44.8,100,95,1,11.09,0,0,6,4.378,0.714,3.1258917,22299,8732,0,-
17:09:18.863,snap,default,com.ss.android.ugc.aweme.mobile,discharging,1,32.5,44.8,100,95,1,11.09,0,0,6,4.385,0.531,2.3284352,22299,8732,0,-
17:09:19.862,snap,default,com.ss.android.ugc.aweme.mobile,discharging,1,32.5,42.4,100,95,1,10.71,0,0,6,4.387,0.328,1.4389361,13588,6509,0,-
17:09:20.864,snap,default,com.ss.android.ugc.aweme.mobile,discharging,1,32.5,41.2,100,95,1,10.71,0,0,6,4.388,0.322,1.412936,13588,6509,0,-
17:09:21.863,snap,default,com.ss.android.ugc.aweme.mobile,discharging,1,32.5,41.2,100,95,1,10.4,0,0,0,4.386,0.337,1.4780821,10695,4640,0,-
17:09:22.864,snap,default,com.ss.android.ugc.aweme.mobile,discharging,1,32.5,40,100,95,1,10.4,0,0,0,4.386,0.506,2.219316,10695,4640,0,-
17:09:23.864,snap,default,com.ss.android.ugc.aweme.mobile,discharging,1,32.5,40,100,95,1,10.69,0,0,0,4.388,0.284,1.2461921,14422,7376,0,-
17:09:24.865,snap,default,com.ss.android.ugc.aweme.mobile,discharging,1,32.5,40,100,95,1,10.69,0,0,0,4.388,0.292,1.281296,14422,7376,0,-
17:09:25.864,snap,default,com.ss.android.ugc.aweme.mobile,discharging,1,32.5,40,100,95,1,10.56,0,0,0,4.383,0.31,1.35873,11657,4894,0,-
17:09:26.865,snap,default,com.ss.android.ugc.aweme.mobile,discharging,1,32.5,40,100,95,1,10.56,0,0,4,4.388,0.326,1.430488,11657,4894,0,-
17:09:27.866,snap,default,com.ss.android.ugc.aweme.mobile,discharging,1,32.5,41.2,100,95,1,10.82,0,0,4,4.378,0.571,2.4998379,17425,8786,0,-
17:09:28.865,snap,default,com.ss.android.ugc.aweme.mobile,discharging,1,32.5,41.2,100,95,1,10.82,0,0,4,4.386,0.436,1.912296,17425,8786,0,-
17:09:29.865,snap,default,com.ss.android.ugc.aweme.mobile,discharging,1,32.5,40.8,100,95,1,10.49,0,0,1,4.387,0.345,1.513515,17425,8786,0,-
17:09:30.865,snap,default,com.ss.android.ugc.aweme.mobile,discharging,1,32.6,40.8,100,95,1,10.49,0,0,0,4.386,0.344,1.508784,10853,4727,0,-
17:09:31.865,snap,default,com.ss.android.ugc.aweme.mobile,discharging,1,32.6,40.8,100,95,1,10.22,0,0,1,4.385,0.331,1.4514351,10853,4727,0,-
17:09:32.866,snap,default,com.ss.android.ugc.aweme.mobile,discharging,1,32.6,40.4,100,95,1,10.22,0,0,0,4.385,0.331,1.4514351,9787,4370,0,-
17:09:33.866,snap,default,com.ss.android.ugc.aweme.mobile,discharging,1,32.6,40,100,95,1,10.22,0,0,0,4.387,0.336,1.474032,9787,4370,0,-
17:09:34.866,snap,default,com.ss.android.ugc.aweme.mobile,discharging,1,32.6,40.4,100,95,1,10.36,0,0,0,4.385,0.317,1.390045,9565,4196,0,-
17:09:35.866,snap,default,com.ss.android.ugc.aweme.mobile,discharging,1,32.6,40,100,95,1,10.36,0,0,0,4.386,0.328,1.438608,9565,4196,0,-
17:09:36.866,snap,default,com.ss.android.ugc.aweme.mobile,discharging,1,32.6,41.6,100,95,1,10.66,0,0,0,4.386,0.521,2.2851062,12847,5909,0,-
17:09:37.867,snap,default,com.ss.android.ugc.aweme.mobile,discharging,1,32.6,41.2,100,95,1,10.66,0,0,13,4.382,0.396,1.7352719,12847,5909,0,-
17:09:38.867,snap,default,com.ss.android.ugc.aweme.mobile,discharging,1,32.6,41.2,100,95,1,10.54,0,0,19,4.384,0.49,2.14816,11762,5219,0,-
17:09:39.867,snap,default,com.ss.android.ugc.aweme.mobile,discharging,1,32.6,41.2,100,95,1,10.54,0,0,16,4.385,0.405,1.775925,11762,5219,0,-
17:09:40.868,snap,default,com.ss.android.ugc.aweme.mobile,discharging,1,32.6,40.8,100,95,1,10.44,0,0,13,4.372,0.462,2.019864,13836,6208,0,-
17:09:41.867,snap,default,com.ss.android.ugc.aweme.mobile,discharging,1,32.6,41.6,100,95,1,10.44,0,0,13,4.386,0.437,1.9166821,13836,6208,0,-
17:09:42.867,snap,default,com.ss.android.ugc.aweme.mobile,discharging,1,32.6,41.6,100,95,1,10,0,0,20,4.38,0.371,1.62498,11591,4034,0,-
17:09:43.869,snap,default,com.ss.android.ugc.aweme.mobile,discharging,1,32.6,42,100,95,1,10,0,0,20,4.381,0.396,1.734876,11591,4034,0,-
17:09:44.868,snap,default,com.ss.android.ugc.aweme.mobile,discharging,1,32.6,42.8,100,95,1,9.81,0,0,20,4.385,0.403,1.767155,13324,6306,0,-
17:09:45.868,snap,default,com.ss.android.ugc.aweme.mobile,discharging,1,32.6,42.8,100,95,1,9.81,0,0,20,4.379,0.567,2.482893,13324,6306,0,-
17:09:46.868,snap,default,com.ss.android.ugc.aweme.mobile,discharging,1,32.6,43.2,100,95,1,10.21,0,0,20,4.382,0.493,2.160326,15924,6872,0,-
17:09:47.869,snap,default,com.ss.android.ugc.aweme.mobile,discharging,1,32.6,42.4,100,95,1,10.21,0,0,17,4.37,0.585,2.55645,15924,6872,0,-
17:09:48.870,snap,default,com.ss.android.ugc.aweme.mobile,discharging,1,32.6,42,100,95,1,10.9,0,0,0,4.383,0.612,2.682396,13565,6530,0,-
17:09:49.871,snap,default,com.ss.android.ugc.aweme.mobile,discharging,1,32.6,41.2,100,95,1,10.9,0,0,0,4.383,0.331,1.450773,13565,6530,0,-
17:09:50.871,snap,default,com.ss.android.ugc.aweme.mobile,discharging,1,32.6,40.4,100,95,1,10.55,0,0,0,4.384,0.322,1.4116479,8401,3071,0,-
17:09:51.872,snap,default,com.ss.android.ugc.aweme.mobile,discharging,1,32.6,40,100,95,1,10.55,0,0,0,4.387,0.305,1.3380351,8401,3071,0,-
17:09:52.871,snap,default,com.ss.android.ugc.aweme.mobile,discharging,1,32.6,40,100,95,1,10.99,0,0,0,4.385,0.304,1.33304,8530,3098,0,-
17:09:53.874,snap,default,com.ss.android.ugc.aweme.mobile,discharging,1,32.6,38.8,100,95,1,10.99,0,0,0,4.386,0.298,1.307028,8530,3098,0,-
17:09:54.871,snap,default,com.ss.android.ugc.aweme.mobile,discharging,1,32.6,38.8,100,95,1,11.18,0,0,0,4.387,0.294,1.289778,7784,2502,0,-
17:09:55.872,snap,default,com.ss.android.ugc.aweme.mobile,discharging,1,32.6,38.8,100,95,1,11.18,0,0,0,4.386,0.277,1.2149221,7784,2502,0,-
17:09:56.872,snap,default,com.ss.android.ugc.aweme.mobile,discharging,1,32.6,39.6,100,95,1,11.14,0,0,0,4.387,0.282,1.2371341,7784,2502,0,-
17:09:57.872,snap,default,com.ss.android.ugc.aweme.mobile,discharging,1,32.6,38.4,100,95,1,11.14,0,0,0,4.387,0.334,1.465258,8694,3046,0,-
17:09:58.873,snap,default,com.ss.android.ugc.aweme.mobile,discharging,1,32.6,40.4,100,95,1,11.3,0,0,0,4.385,0.313,1.3725051,8694,3046,0,-
17:09:59.873,snap,default,com.ss.android.ugc.aweme.mobile,discharging,1,32.6,40.4,100,95,1,11.3,0,0,0,4.385,0.366,1.60491,9411,3414,0,-
17:10:00.873,snap,default,com.ss.android.ugc.aweme.mobile,discharging,1,32.7,40.4,100,95,1,11.97,0,0,0,4.385,0.358,1.5698302,9411,3414,0,-
17:10:01.873,snap,default,com.ss.android.ugc.aweme.mobile,discharging,1,32.7,40.4,100,95,1,11.97,0,0,0,4.385,0.37,1.6224501,11014,3698,0,-
17:10:02.873,snap,default,com.ss.android.ugc.aweme.mobile,discharging,1,32.7,41.2,100,95,1,12.88,0,0,0,4.38,0.362,1.58556,11014,3698,0,-
17:10:03.874,snap,default,com.ss.android.ugc.aweme.mobile,discharging,1,32.7,41.2,100,95,1,12.88,0,0,0,4.38,0.489,2.14182,9804,3769,0,-
17:10:04.874,snap,default,com.ss.android.ugc.aweme.mobile,discharging,1,32.7,40,100,95,1,12.36,0,0,0,4.387,0.355,1.557385,9804,3769,0,-
17:10:05.874,snap,default,com.ss.android.ugc.aweme.mobile,discharging,1,32.7,40,100,95,1,12.36,0,0,0,4.386,0.278,1.219308,8025,2663,0,-
17:10:06.874,snap,default,com.ss.android.ugc.aweme.mobile,discharging,1,32.7,40.8,100,95,1,12.29,0,0,14,4.386,0.28,1.22808,8025,2663,0,-
17:10:07.874,snap,default,com.ss.android.ugc.aweme.mobile,discharging,1,32.7,40.8,100,95,1,12.29,0,0,14,4.38,0.46,2.0148,13919,6043,0,-
17:10:08.875,snap,default,com.ss.android.ugc.aweme.mobile,discharging,1,32.7,39.6,100,95,1,11.69,0,0,0,4.387,0.438,1.921506,13919,6043,0,-
17:10:09.875,snap,default,com.ss.android.ugc.aweme.mobile,discharging,1,32.7,39.6,100,95,1,11.69,0,0,0,4.381,0.273,1.196013,9987,4227,0,-
17:10:10.875,snap,default,com.ss.android.ugc.aweme.mobile,discharging,1,32.7,39.6,100,95,1,11.2,0,0,7,4.369,0.606,2.647614,9987,4227,0,-
17:10:11.875,snap,default,com.ss.android.ugc.aweme.mobile,discharging,1,32.7,40.4,100,95,1,11.2,0,0,0,4.387,0.503,2.2066612,9711,3865,0,-
17:10:12.875,snap,default,com.ss.android.ugc.aweme.mobile,discharging,1,32.7,42.4,100,95,1,10.44,0,0,0,4.375,0.275,1.203125,9711,3865,0,-
17:10:13.875,snap,default,com.ss.android.ugc.aweme.mobile,discharging,1,32.7,44,100,95,1,10.44,0,0,6,4.377,0.643,2.814411,18714,7447,0,-
17:10:14.875,snap,default,com.ss.android.ugc.aweme.mobile,discharging,1,32.7,44,100,95,1,9.82,0,0,7,4.375,0.588,2.5725,18714,7447,0,-
17:10:15.876,snap,default,com.ss.android.ugc.aweme.mobile,discharging,1,32.7,44,100,95,1,10.21,0,0,7,4.376,0.737,3.225112,26547,13563,0,-
17:10:16.876,snap,default,com.ss.android.ugc.aweme.mobile,discharging,1,32.7,42.8,100,95,1,10.21,0,0,14,4.381,0.684,2.9966042,26547,13563,0,-
17:10:17.877,snap,default,com.ss.android.ugc.aweme.mobile,discharging,1,32.7,42.8,100,95,1,10.17,0,0,7,4.381,0.475,2.080975,15934,7000,0,-
17:10:18.877,snap,default,com.ss.android.ugc.aweme.mobile,discharging,1,32.7,42,100,95,1,10.17,0,0,8,4.379,0.479,2.097541,15934,7000,0,-
17:10:19.877,snap,default,com.ss.android.ugc.aweme.mobile,discharging,1,32.7,42,100,95,1,10.5,0,0,14,4.383,0.707,3.098781,18835,9933,0,-
17:10:20.877,snap,default,com.ss.android.ugc.aweme.mobile,discharging,1,32.7,41.2,100,95,1,10.5,0,0,1,4.384,0.377,1.6527679,18835,9933,0,-
17:10:21.878,snap,default,com.ss.android.ugc.aweme.mobile,discharging,1,32.7,41.2,100,95,1,9.87,0,0,0,4.383,0.297,1.3017509,18835,9933,0,-
17:10:22.878,snap,default,com.ss.android.ugc.aweme.mobile,discharging,1,32.7,39.6,100,95,1,9.87,0,0,0,4.384,0.291,1.275744,9608,4538,0,-
17:10:23.878,snap,default,com.ss.android.ugc.aweme.mobile,discharging,1,32.7,39.6,100,95,1,9.71,0,0,0,4.385,0.297,1.302345,9608,4538,0,-
17:10:24.878,snap,default,com.ss.android.ugc.aweme.mobile,discharging,1,32.7,39.6,100,95,1,9.71,0,0,0,4.384,0.296,1.2976639,9468,4405,0,-
17:10:25.879,snap,default,com.ss.android.ugc.aweme.mobile,discharging,1,32.7,40,100,95,1,9.76,0,0,1,4.386,0.296,1.298256,9468,4405,0,-
17:10:26.878,snap,default,com.ss.android.ugc.aweme.mobile,discharging,1,32.7,39.2,100,95,1,9.76,0,0,0,4.385,0.322,1.41197,9765,4470,0,-
17:10:27.878,snap,default,com.ss.android.ugc.aweme.mobile,discharging,1,32.7,40,100,95,1,9.98,0,0,0,4.385,0.304,1.33304,9765,4470,0,-
17:10:28.879,snap,default,com.ss.android.ugc.aweme.mobile,discharging,1,32.7,40,100,95,1,9.98,0,0,0,4.384,0.286,1.253824,9714,3877,0,-
17:10:29.879,snap,default,com.ss.android.ugc.aweme.mobile,discharging,1,32.7,40,100,95,1,10.17,0,0,0,4.386,0.297,1.302642,9714,3877,0,-
17:10:30.879,snap,default,com.ss.android.ugc.aweme.mobile,discharging,1,32.8,40,100,95,1,10.17,0,0,0,4.385,0.288,1.26288,9418,3812,0,-
17:10:31.879,snap,default,com.ss.android.ugc.aweme.mobile,discharging,1,32.8,40,100,95,1,10.5,0,0,0,4.386,0.302,1.324572,9418,3812,0,-
17:10:32.879,snap,default,com.ss.android.ugc.aweme.mobile,discharging,1,32.8,40,100,95,1,10.5,0,0,1,4.386,0.294,1.289484,9911,3863,0,-
17:10:33.883,snap,default,com.ss.android.ugc.aweme.mobile,discharging,1,32.8,40,100,95,1,10.95,0,0,0,4.385,0.321,1.4075851,9911,3863,0,-
17:10:34.880,snap,default,com.ss.android.ugc.aweme.mobile,discharging,1,32.8,40,100,95,1,10.95,0,0,0,4.386,0.343,1.504398,10000,4126,0,-
17:10:35.881,snap,default,com.ss.android.ugc.aweme.mobile,discharging,1,32.8,40,100,95,1,10.96,0,0,2,4.384,0.321,1.407264,10000,4126,0,-
17:10:36.880,snap,default,com.ss.android.ugc.aweme.mobile,discharging,1,32.8,40,100,95,1,10.96,0,0,1,4.385,0.342,1.4996701,10533,4813,0,-
17:10:37.881,snap,default,com.ss.android.ugc.aweme.mobile,discharging,1,32.8,39.2,100,95,1,11.15,0,0,1,4.385,0.321,1.4075851,10533,4813,0,-
17:10:38.880,snap,default,com.ss.android.ugc.aweme.mobile,discharging,1,32.8,39.2,100,95,1,11.15,0,0,0,4.384,0.305,1.3371199,9420,3601,0,-
17:10:39.881,snap,default,com.ss.android.ugc.aweme.mobile,discharging,1,32.8,39.6,100,95,1,11.12,0,0,0,4.38,0.299,1.30962,9420,3601,0,-
17:10:40.883,snap,default,com.ss.android.ugc.aweme.mobile,discharging,1,32.8,39.6,100,95,1,11.12,0,0,0,4.386,0.462,2.0263321,10949,4505,0,-
17:10:41.882,snap,default,com.ss.android.ugc.aweme.mobile,discharging,1,32.8,39.6,100,95,1,10.92,0,0,0,4.385,0.267,1.170795,10949,4505,0,-
17:10:42.882,snap,default,com.ss.android.ugc.aweme.mobile,discharging,1,32.8,40,100,95,1,10.92,0,0,0,4.385,0.283,1.240955,11451,4981,0,-
17:10:43.883,snap,default,com.ss.android.ugc.aweme.mobile,discharging,1,32.8,40,100,95,1,11.11,0,0,3,4.383,0.387,1.696221,11451,4981,0,-
17:10:44.883,snap,default,com.ss.android.ugc.aweme.mobile,discharging,1,32.8,38.8,100,95,1,11.11,0,0,3,4.385,0.389,1.7057651,9773,3773,0,-
17:10:45.883,snap,default,com.ss.android.ugc.aweme.mobile,discharging,1,32.8,38.8,100,95,1,10.73,0,0,0,4.385,0.284,1.2453401,9773,3773,0,-
17:10:46.883,snap,default,com.ss.android.ugc.aweme.mobile,discharging,1,32.8,38.8,100,95,1,10.73,0,0,0,4.385,0.302,1.32427,12527,5467,0,-
17:10:47.883,snap,default,com.ss.android.ugc.aweme.mobile,discharging,1,32.8,41.6,100,95,1,10.78,0,0,0,4.377,0.29,1.2693299,12527,5467,0,-
17:10:48.883,snap,default,com.ss.android.ugc.aweme.mobile,discharging,1,32.8,41.6,100,95,1,10.78,0,0,2,4.379,0.542,2.373418,12527,5467,0,-
17:10:49.884,snap,default,com.ss.android.ugc.aweme.mobile,discharging,1,32.8,41.6,100,95,1,11,0,0,0,4.381,0.403,1.765543,19669,8874,0,-
17:10:50.884,snap,default,com.ss.android.ugc.aweme.mobile,discharging,1,32.9,41.6,100,95,1,11,0,0,4,4.383,0.544,2.384352,19669,8874,0,-
17:10:51.884,snap,default,com.ss.android.ugc.aweme.mobile,discharging,1,32.9,40.8,100,95,1,10.82,0,0,1,4.384,0.387,1.696608,15259,7921,0,-
17:10:52.883,snap,default,com.ss.android.ugc.aweme.mobile,discharging,1,32.9,40.4,100,95,1,10.82,0,0,0,4.385,0.329,1.4426651,15259,7921,0,-
17:10:53.895,snap,default,com.ss.android.ugc.aweme.mobile,discharging,1,32.9,40.8,100,95,1,10.67,0,0,0,4.385,0.31,1.3593501,9346,3808,0,-
17:10:54.884,snap,default,com.ss.android.ugc.aweme.mobile,discharging,1,32.9,40.4,100,95,1,10.67,0,0,0,4.379,0.313,1.370627,9346,3808,0,-
17:10:55.885,snap,default,com.ss.android.ugc.aweme.mobile,discharging,1,32.9,40.4,100,95,1,10.54,0,0,0,4.385,0.479,2.1004152,12008,5422,0,-
17:10:56.885,snap,default,com.ss.android.ugc.aweme.mobile,discharging,1,32.9,40,100,95,1,10.54,0,0,0,4.386,0.257,1.127202,12008,5422,0,-
17:10:57.885,snap,default,com.ss.android.ugc.aweme.mobile,discharging,1,32.9,40,100,95,1,10.08,0,0,0,4.376,0.237,1.037112,8325,3027,0,-
17:10:58.887,snap,default,com.ss.android.ugc.aweme.mobile,discharging,1,32.9,40,100,95,1,10.08,0,0,0,4.385,0.451,1.9776351,8325,3027,0,-
17:10:59.885,snap,default,com.ss.android.ugc.aweme.mobile,discharging,1,32.9,40.4,100,95,1,9.34,0,0,0,4.387,0.255,1.118685,7277,2296,0,-
17:11:00.885,snap,default,com.ss.android.ugc.aweme.mobile,discharging,1,32.9,39.6,100,95,1,9.34,0,0,9,4.382,0.282,1.235724,7277,2296,0,-
17:11:01.886,snap,default,com.ss.android.ugc.aweme.mobile,discharging,1,32.9,41.2,100,95,1,9.46,0,0,0,4.384,0.473,2.0736318,15601,7505,0,-
17:11:02.886,snap,default,com.ss.android.ugc.aweme.mobile,discharging,1,32.9,40.8,100,95,1,9.46,0,0,0,4.379,0.278,1.217362,15601,7505,0,-
17:11:03.886,snap,default,com.ss.android.ugc.aweme.mobile,discharging,1,32.9,40.8,100,95,1,9.92,0,0,0,4.381,0.513,2.247453,14768,6133,0,-
17:11:04.887,snap,default,com.ss.android.ugc.aweme.mobile,discharging,1,32.9,40.4,100,95,1,9.92,0,0,0,4.378,0.351,1.536678,14768,6133,0,-
17:11:05.887,snap,default,com.ss.android.ugc.aweme.mobile,discharging,1,32.9,40.4,100,95,1,10.66,0.18,0,0,4.382,0.579,2.537178,16665,6429,0,-
17:11:06.887,snap,default,com.ss.android.ugc.aweme.mobile,discharging,1,32.9,40.4,100,95,1,10.66,0.18,0,0,4.382,0.451,1.976282,16665,6429,0,-
17:11:07.887,snap,default,com.ss.android.ugc.aweme.mobile,discharging,1,32.9,40.4,100,95,1,11.99,0.14,0,0,4.375,0.378,1.65375,11415,3897,0,-
17:11:08.888,snap,default,com.ss.android.ugc.aweme.mobile,discharging,1,32.9,40.4,100,95,1,11.99,0.14,0,0,4.381,0.432,1.8925921,11415,3897,0,-
17:11:09.888,snap,default,com.ss.android.ugc.aweme.mobile,discharging,1,32.9,40.4,100,95,1,11.99,0.12,0,0,4.383,0.431,1.8890729,12601,5246,0,-
17:11:10.894,snap,default,com.ss.android.ugc.aweme.mobile,discharging,1,32.9,40.4,100,95,1,11.99,0.12,0,0,4.383,0.327,1.4332409,12601,5246,0,-
17:11:11.888,snap,default,com.ss.android.ugc.aweme.mobile,discharging,1,32.9,39.6,100,95,1,11.63,0.09,0,0,4.385,0.255,1.118175,7930,2628,0,-
17:11:12.888,snap,default,com.ss.android.ugc.aweme.mobile,discharging,1,32.9,39.2,100,95,1,11.63,0.09,0,0,4.385,0.254,1.11379,7930,2628,0,-
17:11:13.889,snap,default,com.ss.android.ugc.aweme.mobile,discharging,1,32.9,39.2,100,95,1,11.33,0.08,0,0,4.385,0.254,1.11379,7930,2628,0,-
17:11:14.889,snap,default,com.ss.android.ugc.aweme.mobile,discharging,1,32.9,38.4,100,95,1,11.33,0.08,0,0,4.385,0.256,1.1225601,8204,2840,0,-
17:11:15.889,snap,default,com.ss.android.ugc.aweme.mobile,discharging,1,32.9,38.8,100,95,1,11.27,0.06,0,0,4.385,0.302,1.32427,8204,2840,0,-
17:11:16.890,snap,default,com.ss.android.ugc.aweme.mobile,discharging,1,32.9,38.8,100,95,1,11.27,0.06,0,9,4.384,0.289,1.266976,9002,3384,0,-
17:11:17.889,snap,default,com.ss.android.ugc.aweme.mobile,discharging,1,32.9,39.6,100,95,1,11.04,0.05,0,9,4.384,0.339,1.4861759,9002,3384,0,-
17:11:18.889,snap,default,com.ss.android.ugc.aweme.mobile,discharging,1,32.9,39.6,100,95,1,11.04,0.05,0,0,4.382,0.396,1.7352719,12159,5062,0,-
17:11:19.889,snap,default,com.ss.android.ugc.aweme.mobile,discharging,1,32.9,39.6,100,95,1,11.21,0.04,0,0,4.383,0.332,1.455156,12159,5062,0,-
17:11:20.890,snap,default,com.ss.android.ugc.aweme.mobile,discharging,1,32.9,39.2,100,95,1,11.21,0.04,0,0,4.383,0.396,1.735668,14999,6014,0,-
17:11:21.890,snap,default,com.ss.android.ugc.aweme.mobile,discharging,1,32.9,39.6,100,95,1,11.17,0.03,0,9,4.371,0.442,1.9319819,14999,6014,0,-
17:11:22.890,snap,default,com.ss.android.ugc.aweme.mobile,discharging,1,32.9,39.6,100,95,1,11.17,0.03,0,9,4.383,0.296,1.2973679,11699,5280,0,-
17:11:23.890,snap,default,com.ss.android.ugc.aweme.mobile,discharging,1,32.9,40.4,100,95,1,10.78,0.02,0,0,4.38,0.46,2.0148,11699,5280,0,-
17:11:24.891,snap,default,com.ss.android.ugc.aweme.mobile,discharging,1,32.9,40.4,100,95,1,10.78,0.02,0,0,4.382,0.304,1.3321279,12938,5457,0,-
17:11:25.891,snap,default,com.ss.android.ugc.aweme.mobile,discharging,1,32.9,40.4,100,95,1,10.09,0.02,0,0,4.383,0.357,1.5647309,12938,5457,0,-
17:11:26.891,snap,default,com.ss.android.ugc.aweme.mobile,discharging,1,32.9,40.4,100,95,1,10.09,0.02,0,0,4.383,0.356,1.560348,12273,5160,0,-
17:11:27.890,snap,default,com.ss.android.ugc.aweme.mobile,discharging,1,32.9,40.4,100,95,1,9.89,0.01,0,7,4.379,0.41,1.79539,12273,5160,0,-
17:11:28.893,snap,default,com.ss.android.ugc.aweme.mobile,discharging,1,32.9,40.4,100,95,1,9.89,0.01,0,7,4.38,0.546,2.39148,16430,7778,0,-
17:11:29.892,snap,default,com.ss.android.ugc.aweme.mobile,discharging,1,32.9,40.4,100,95,1,9.55,0.01,0,7,4.384,0.276,1.209984,16430,7778,0,-
17:11:30.892,snap,default,com.ss.android.ugc.aweme.mobile,discharging,1,33,40,100,95,1,9.55,0.01,0,0,4.383,0.28,1.22724,8714,3313,0,-
17:11:31.893,snap,default,com.ss.android.ugc.aweme.mobile,discharging,1,33,39.2,100,95,1,9.27,0.01,0,0,4.383,0.292,1.2798359,8714,3313,0,-
17:11:32.893,snap,default,com.ss.android.ugc.aweme.mobile,discharging,1,33,39.2,100,95,1,9.27,0.01,0,0,4.384,0.241,1.056544,8458,3172,0,-
17:11:33.894,snap,default,com.ss.android.ugc.aweme.mobile,discharging,1,33,39.2,100,95,1,9.76,0,0,0,4.384,0.3,1.3152,8458,3172,0,-
17:11:34.895,snap,default,com.ss.android.ugc.aweme.mobile,discharging,1,33,39.2,100,95,1,9.76,0,0,0,4.385,0.281,1.232185,8570,2988,0,-
17:11:35.895,snap,default,com.ss.android.ugc.aweme.mobile,discharging,1,33,38.4,100,95,1,9.99,0,0,0,4.384,0.27,1.18368,8570,2988,0,-
17:11:36.896,snap,default,com.ss.android.ugc.aweme.mobile,discharging,1,33,38.4,100,95,1,9.99,0,0,0,4.383,0.262,1.148346,8758,3081,0,-
17:11:37.895,snap,default,com.ss.android.ugc.aweme.mobile,discharging,1,33,39.2,100,95,1,10.35,0,0,0,4.384,0.275,1.2056,8758,3081,0,-
17:11:38.895,snap,default,com.ss.android.ugc.aweme.mobile,discharging,1,33,39.2,100,95,1,10.35,0,0,0,4.385,0.266,1.1664101,8300,2656,0,-
17:11:39.895,snap,default,com.ss.android.ugc.aweme.mobile,discharging,1,33,39.2,100,95,1,10.65,0,0,0,4.385,0.258,1.13133,8300,2656,0,-
17:11:40.895,snap,default,com.ss.android.ugc.aweme.mobile,discharging,1,33,38.4,100,95,1,10.65,0,0,0,4.384,0.252,1.1047679,8300,2656,0,-
17:11:41.896,snap,default,com.ss.android.ugc.aweme.mobile,discharging,1,33,38.4,100,95,1,10.71,0,0,0,4.382,0.257,1.126174,8082,2687,0,-
17:11:42.896,snap,default,com.ss.android.ugc.aweme.mobile,discharging,1,33,38.4,100,95,1,10.71,0,0,0,4.385,0.258,1.13133,8082,2687,0,-
17:11:43.896,snap,default,com.ss.android.ugc.aweme.mobile,discharging,1,33,38.4,100,95,1,10.94,0,0,0,4.385,0.268,1.1751801,8198,2618,0,-
17:11:44.896,snap,default,com.ss.android.ugc.aweme.mobile,discharging,1,33,38.8,100,95,1,10.94,0,0,0,4.383,0.278,1.2184739,8198,2618,0,-
17:11:45.896,snap,default,com.ss.android.ugc.aweme.mobile,discharging,1,33,38.8,100,95,1,11.32,0,0,0,4.383,0.277,1.2140911,8569,2594,0,-
17:11:46.896,snap,default,com.ss.android.ugc.aweme.mobile,discharging,1,33,38.8,100,95,1,11.32,0,0,0,4.385,0.269,1.1795651,8569,2594,0,-
17:11:47.897,snap,default,com.ss.android.ugc.aweme.mobile,discharging,1,33,38.8,100,95,1,11.62,0,0,0,4.385,0.259,1.1357151,8290,2670,0,-
17:11:48.897,snap,default,com.ss.android.ugc.aweme.mobile,discharging,1,33,38.8,100,95,1,11.62,0,0,0,4.384,0.258,1.1310719,8290,2670,0,-
17:11:49.897,snap,default,com.ss.android.ugc.aweme.mobile,discharging,1,33,38.8,100,95,1,11.87,0,0,0,4.385,0.259,1.1357151,8364,2560,0,-
17:11:50.898,snap,default,com.ss.android.ugc.aweme.mobile,discharging,1,33,38.8,100,95,1,11.87,0,0,0,4.384,0.261,1.1442239,8364,2560,0,-
17:11:51.898,snap,default,com.ss.android.ugc.aweme.mobile,discharging,1,33,38.8,100,95,1,11.71,0,0,0,4.385,0.254,1.11379,7794,2378,0,-
17:11:52.898,snap,default,com.ss.android.ugc.aweme.mobile,discharging,1,33,38.8,100,95,1,11.71,0,0,0,4.383,0.337,1.477071,7794,2378,0,-
17:11:53.898,snap,default,com.ss.android.ugc.aweme.mobile,discharging,1,33,38.4,100,95,1,12.31,0,0,0,4.384,0.331,1.4511039,9175,3075,0,-
17:11:54.898,snap,default,com.ss.android.ugc.aweme.mobile,discharging,1,33,39.2,100,95,1,12.31,0,0,0,4.383,0.257,1.126431,9175,3075,0,-
17:11:55.898,snap,default,com.ss.android.ugc.aweme.mobile,discharging,1,33,39.2,100,95,1,12.25,0,0,0,4.383,0.265,1.1614949,8663,2643,0,-
17:11:56.898,snap,default,com.ss.android.ugc.aweme.mobile,discharging,1,33,39.2,100,95,1,12.25,0,0,0,4.383,0.264,1.157112,8663,2643,0,-
17:11:57.898,snap,default,com.ss.android.ugc.aweme.mobile,discharging,1,33,39.2,100,95,1,12.2,0,0,0,4.381,0.271,1.187251,8185,2506,0,-
17:11:58.899,snap,default,com.ss.android.ugc.aweme.mobile,discharging,1,33,39.2,100,95,1,12.2,0,0,0,4.381,0.288,1.2617279,8185,2506,0,-
17:11:59.899,snap,default,com.ss.android.ugc.aweme.mobile,discharging,1,33,39.2,100,95,1,12.53,0,0,0,4.383,0.287,1.257921,9034,2938,0,-
17:12:00.900,snap,default,com.ss.android.ugc.aweme.mobile,discharging,1,33,39.2,100,95,1,12.53,0,0,0,4.383,0.281,1.2316229,9034,2938,0,-
17:12:01.901,snap,default,com.ss.android.ugc.aweme.mobile,discharging,1,33,39.2,100,95,1,12.43,0,0,0,4.383,0.254,1.113282,8448,2715,0,-
17:12:02.900,snap,default,com.ss.android.ugc.aweme.mobile,discharging,1,33,38.8,100,95,1,12.43,0,0,0,4.383,0.262,1.148346,8448,2715,0,-
17:12:03.899,snap,default,com.ss.android.ugc.aweme.mobile,discharging,1,33,39.2,100,95,1,12.35,0,0,0,4.382,0.267,1.169994,8254,2461,0,-
17:12:04.900,snap,default,com.ss.android.ugc.aweme.mobile,discharging,1,33,38.8,100,95,1,12.35,0,0,0,4.385,0.273,1.197105,8254,2461,0,-
17:12:05.900,snap,default,com.ss.android.ugc.aweme.mobile,discharging,1,33,38.4,100,95,1,12.47,0,0,0,4.384,0.282,1.236288,8960,2921,0,-
17:12:06.901,snap,default,com.ss.android.ugc.aweme.mobile,discharging,1,33,38.4,100,95,1,12.47,0,0,0,4.385,0.267,1.170795,8960,2921,0,-
17:12:07.901,snap,default,com.ss.android.ugc.aweme.mobile,discharging,1,33,38.4,100,95,1,12.56,0,0,0,4.383,0.263,1.152729,8960,2921,0,-
17:12:08.900,snap,default,com.ss.android.ugc.aweme.mobile,discharging,1,33,39.2,100,95,1,12.56,0,0,0,4.384,0.342,1.499328,8247,2555,0,-
17:12:09.900,snap,default,com.ss.android.ugc.aweme.mobile,discharging,1,33,39.2,100,95,1,12.28,0,0,0,4.385,0.247,1.0830951,8247,2555,0,-
17:12:10.900,snap,default,com.ss.android.ugc.aweme.mobile,discharging,1,33,38.8,100,95,1,12.28,0,0,0,4.382,0.271,1.1875219,8266,2719,0,-
17:12:11.901,snap,default,com.ss.android.ugc.aweme.mobile,discharging,1,33,38.4,100,95,1,12.23,0,0,0,4.384,0.272,1.192448,8266,2719,0,-
17:12:12.908,snap,default,com.ss.android.ugc.aweme.mobile,discharging,1,33,38.8,100,95,1,12.23,0,0,0,4.384,0.269,1.1792959,8491,2735,0,-
17:12:13.901,snap,default,com.ss.android.ugc.aweme.mobile,discharging,1,33,38.4,100,95,1,12.23,0,0,0,4.384,0.269,1.1792959,8491,2735,0,-
17:12:14.903,snap,default,com.ss.android.ugc.aweme.mobile,discharging,1,33,38,100,95,1,12,0,0,0,4.384,0.262,1.148608,8019,2477,0,-
17:12:15.903,snap,default,com.ss.android.ugc.aweme.mobile,discharging,1,33,38,100,95,1,12,0,0,0,4.383,0.266,1.1658779,8019,2477,0,-
17:12:16.904,snap,default,com.ss.android.ugc.aweme.mobile,discharging,1,33,38,100,95,1,12,0,0,0,4.384,0.248,1.087232,8427,2496,0,-
17:12:17.904,snap,default,com.ss.android.ugc.aweme.mobile,discharging,1,33,38.8,100,95,1,12,0,0,0,4.382,0.258,1.130556,8427,2496,0,-
17:12:18.904,snap,default,com.ss.android.ugc.aweme.mobile,discharging,1,33,38.8,100,95,1,12.18,0,0,0,4.383,0.315,1.3806449,8910,2723,0,-
17:12:19.904,snap,default,com.ss.android.ugc.aweme.mobile,discharging,1,33,38.8,100,95,1,12.18,0,0,0,4.383,0.271,1.187793,8910,2723,0,-
17:12:20.906,snap,default,com.ss.android.ugc.aweme.mobile,discharging,1,33,39.2,100,95,1,12.33,0,0,0,4.383,0.266,1.1658779,8469,2429,0,-
17:12:21.905,snap,default,com.ss.android.ugc.aweme.mobile,discharging,1,33,39.2,100,95,1,12.33,0,0,0,4.383,0.255,1.1176649,8469,2429,0,-
17:12:22.905,snap,default,com.ss.android.ugc.aweme.mobile,discharging,1,33,39.6,100,95,1,12.27,0,0,0,4.383,0.248,1.0869839,9475,3169,0,-
17:12:23.905,snap,default,com.ss.android.ugc.aweme.mobile,discharging,1,33,40.4,100,95,1,12.27,0,0,0,4.382,0.329,1.4416779,9475,3169,0,-
17:12:24.907,snap,default,com.ss.android.ugc.aweme.mobile,discharging,1,33,40.4,100,95,1,11.86,0,0,8,4.376,0.504,2.205504,15604,7314,0,-
17:12:25.906,snap,default,com.ss.android.ugc.aweme.mobile,discharging,1,33,40.8,100,95,1,11.86,0,0,0,4.382,0.363,1.590666,15604,7314,0,-
17:12:26.907,snap,default,com.ss.android.ugc.aweme.mobile,discharging,1,33,41.6,100,95,1,11.52,0,0,8,4.374,0.538,2.3532119,17501,9098,0,-
17:12:27.907,snap,default,com.ss.android.ugc.aweme.mobile,discharging,1,33,42.4,100,95,1,11.52,0,0,0,4.383,0.409,1.792647,17501,9098,0,-
17:12:28.907,snap,default,com.ss.android.ugc.aweme.mobile,discharging,1,33,42.4,100,95,1,11.79,0,0,0,4.373,0.701,3.065473,14242,6868,0,-
17:12:29.907,snap,default,com.ss.android.ugc.aweme.mobile,discharging,1,33,40.4,100,95,1,11.79,0,0,0,4.383,0.437,1.915371,14242,6868,0,-
17:12:30.908,snap,default,com.ss.android.ugc.aweme.mobile,discharging,1,33,40,100,95,1,11.64,0,0,0,4.384,0.271,1.188064,7664,2535,0,-
17:12:31.908,snap,default,com.ss.android.ugc.aweme.mobile,discharging,1,33,39.2,100,95,1,11.64,0,0,0,4.384,0.248,1.087232,7664,2535,0,-
17:12:32.908,snap,default,com.ss.android.ugc.aweme.mobile,discharging,1,33,39.2,100,95,1,11.34,0,0,0,4.384,0.262,1.148608,7664,2535,0,-
17:12:33.908,snap,default,com.ss.android.ugc.aweme.mobile,discharging,1,33,38.8,100,95,1,11.34,0,0,0,4.383,0.253,1.1088989,7484,2616,0,-
17:12:34.909,snap,default,com.ss.android.ugc.aweme.mobile,discharging,1,33,39.2,100,95,1,11.1,0,0,0,4.383,0.256,1.122048,7484,2616,0,-
17:12:35.911,snap,default,com.ss.android.ugc.aweme.mobile,discharging,1,33,39.2,100,95,1,11.1,0,0,0,4.383,0.245,1.073835,7541,2399,0,-
17:12:36.909,snap,default,com.ss.android.ugc.aweme.mobile,discharging,1,33,39.2,100,95,1,11.08,0,0,0,4.384,0.255,1.1179199,7541,2399,0,-
17:12:37.910,snap,default,com.ss.android.ugc.aweme.mobile,discharging,1,33,39.6,100,95,1,11.08,0,0,0,4.383,0.238,1.043154,7362,2158,0,-
17:12:38.913,snap,default,com.ss.android.ugc.aweme.mobile,discharging,1,33,39.6,100,95,1,10.88,0,0,0,4.383,0.265,1.1614949,7362,2158,0,-
17:12:39.913,snap,default,com.ss.android.ugc.aweme.mobile,discharging,1,33,39.6,100,95,1,10.88,0,0,0,4.384,0.269,1.1792959,8792,3372,0,-
17:12:40.913,snap,default,com.ss.android.ugc.aweme.mobile,discharging,1,33,40,100,95,1,10.9,0,0,9,4.375,0.323,1.413125,8792,3372,0,-
17:12:41.914,snap,default,com.ss.android.ugc.aweme.mobile,discharging,1,33,40,100,95,1,10.9,0,0,5,4.38,0.44,1.9272001,12937,5259,0,-
17:12:42.914,snap,default,com.ss.android.ugc.aweme.mobile,discharging,1,33.1,40.8,100,95,1,10.2,0,0,3,4.38,0.378,1.65564,12937,5259,0,-
17:12:43.916,snap,default,com.ss.android.ugc.aweme.mobile,discharging,1,33.1,39.6,100,95,1,10.2,0,0,3,4.38,0.375,1.6425,12094,4426,0,-
17:12:44.915,snap,default,com.ss.android.ugc.aweme.mobile,discharging,1,33.1,40,100,95,1,9.43,0,0,3,4.381,0.383,1.677923,12094,4426,0,-
17:12:45.914,snap,default,com.ss.android.ugc.aweme.mobile,discharging,1,33.1,39.6,100,95,1,9.43,0,0,3,4.38,0.371,1.62498,11577,4071,0,-
17:12:46.915,snap,default,com.ss.android.ugc.aweme.mobile,discharging,1,33.1,40,100,95,1,8.99,0,0,3,4.38,0.362,1.58556,11577,4071,0,-
17:12:47.915,snap,default,com.ss.android.ugc.aweme.mobile,discharging,1,33.1,40,100,95,1,8.99,0,0,3,4.38,0.368,1.61184,11785,4503,0,-
17:12:48.915,snap,default,com.ss.android.ugc.aweme.mobile,discharging,1,33.1,40,100,95,1,8.63,0,0,3,4.378,0.369,1.6154819,11785,4503,0,-
17:12:49.915,snap,default,com.ss.android.ugc.aweme.mobile,discharging,1,33.1,40.4,100,95,1,8.63,0,0,3,4.38,0.372,1.6293601,14500,5932,0,-
17:12:50.916,snap,default,com.ss.android.ugc.aweme.mobile,discharging,1,33.1,41.2,100,95,1,8.33,0,0,3,4.375,0.496,2.17,14500,5932,0,-
17:12:51.918,snap,default,com.ss.android.ugc.aweme.mobile,discharging,1,33.1,41.6,100,95,1,8.33,0,0,0,4.377,0.395,1.728915,17617,8698,0,-
17:12:52.916,snap,default,com.ss.android.ugc.aweme.mobile,discharging,1,33.1,41.6,100,95,1,8.64,0,0,8,4.368,0.546,2.384928,17617,8698,0,-
17:12:53.917,snap,default,com.ss.android.ugc.aweme.mobile,discharging,1,33.1,41.6,100,95,1,8.64,0,0,8,4.377,0.573,2.5080209,14503,6500,0,-
17:12:54.917,snap,default,com.ss.android.ugc.aweme.mobile,discharging,1,33.1,40.8,100,95,1,9.06,0,0,3,4.379,0.408,1.7866321,14503,6500,0,-
17:12:55.917,snap,default,com.ss.android.ugc.aweme.mobile,discharging,1,33.1,40.8,100,95,1,9.06,0,0,4,4.378,0.423,1.8518939,15140,7429,0,-
17:12:56.917,snap,default,com.ss.android.ugc.aweme.mobile,discharging,1,33.1,40.8,100,95,1,8.87,0,0,4,4.376,0.518,2.266768,15140,7429,0,-
17:12:57.917,snap,default,com.ss.android.ugc.aweme.mobile,discharging,1,33.1,41.6,100,95,1,8.87,0,0,3,4.371,0.416,1.818336,15588,8243,0,-
17:12:58.917,snap,default,com.ss.android.ugc.aweme.mobile,discharging,1,33.1,41.6,100,95,1,9.07,0,0,4,4.376,0.499,2.183624,15588,8243,0,-
17:12:59.918,snap,default,com.ss.android.ugc.aweme.mobile,discharging,1,33.1,41.6,100,95,1,9.07,0,0,4,4.377,0.429,1.8777329,15588,8243,0,-
17:13:00.918,snap,default,com.ss.android.ugc.aweme.mobile,discharging,1,33.1,42,100,95,1,9.6,0,0,5,4.377,0.483,2.114091,15655,8018,0,-
17:13:01.918,snap,default,com.ss.android.ugc.aweme.mobile,discharging,1,33.1,42,100,95,1,9.6,0,0,9,4.369,0.458,2.001002,15655,8018,0,-
17:13:02.918,snap,default,com.ss.android.ugc.aweme.mobile,discharging,1,33.1,40.8,100,95,1,9.86,0,0,9,4.38,0.609,2.6674201,15884,8126,0,-
17:13:03.918,snap,default,com.ss.android.ugc.aweme.mobile,discharging,1,33.1,40.8,100,95,1,9.86,0,0,0,4.381,0.264,1.156584,15884,8126,0,-
17:13:04.919,snap,default,com.ss.android.ugc.aweme.mobile,discharging,1,33.1,40.4,100,95,1,9.52,0,0,0,4.379,0.262,1.147298,8019,2965,0,-
17:13:05.919,snap,default,com.ss.android.ugc.aweme.mobile,discharging,1,33.1,40,100,95,1,9.52,0,0,0,4.382,0.271,1.1875219,8019,2965,0,-
17:13:06.918,snap,default,com.ss.android.ugc.aweme.mobile,discharging,1,33.1,40,100,95,1,9.79,0,0,0,4.382,0.255,1.11741,8554,2918,0,-
17:13:07.919,snap,default,com.ss.android.ugc.aweme.mobile,discharging,1,33.1,40,100,95,1,9.79,0,0,6,4.377,0.377,1.650129,8554,2918,0,-
17:13:08.919,snap,default,com.ss.android.ugc.aweme.mobile,discharging,1,33.1,39.6,100,95,1,10,0,0,2,4.38,0.365,1.5987,11292,4982,0,-
17:13:09.919,snap,default,com.ss.android.ugc.aweme.mobile,discharging,1,33.1,39.6,100,95,1,10,0,0,1,4.38,0.304,1.33152,11292,4982,0,-
17:13:10.920,snap,default,com.ss.android.ugc.aweme.mobile,discharging,1,33.1,39.6,100,95,1,10.18,0,0,1,4.38,0.296,1.2964801,8522,3362,0,-
17:13:11.920,snap,default,com.ss.android.ugc.aweme.mobile,discharging,1,33.1,40,100,95,1,10.18,0,0,1,4.381,0.3,1.3143001,8522,3362,0,-
17:13:12.920,snap,default,com.ss.android.ugc.aweme.mobile,discharging,1,33.1,40,100,95,1,10.51,0,0,5,4.379,0.425,1.8610752,13302,6206,0,-
17:13:13.920,snap,default,com.ss.android.ugc.aweme.mobile,discharging,1,33.1,40,100,95,1,10.51,0,0,2,4.38,0.353,1.54614,13302,6206,0,-
17:13:14.920,snap,default,com.ss.android.ugc.aweme.mobile,discharging,1,33.1,40,100,95,1,10.42,0,0,3,4.38,0.368,1.61184,11298,5140,0,-
17:13:15.920,snap,default,com.ss.android.ugc.aweme.mobile,discharging,1,33.1,40.8,100,95,1,10.42,0,0,0,4.381,0.319,1.397539,11298,5140,0,-
17:13:16.920,snap,default,com.ss.android.ugc.aweme.mobile,discharging,1,33.1,42,100,95,1,10.16,0,0,0,4.371,0.264,1.1539439,11730,5036,0,-
17:13:17.920,snap,default,com.ss.android.ugc.aweme.mobile,discharging,1,33.1,42,100,95,1,10.16,0,0,0,4.374,0.436,1.907064,11730,5036,0,-
17:13:18.920,snap,default,com.ss.android.ugc.aweme.mobile,discharging,1,33.1,42.8,100,95,1,9.95,0,0,7,4.369,0.538,2.350522,19664,9785,0,-
17:13:19.921,snap,default,com.ss.android.ugc.aweme.mobile,discharging,1,33.1,42,100,95,1,9.95,0,0,7,4.367,0.617,2.694439,19664,9785,0,-
17:13:20.921,snap,default,com.ss.android.ugc.aweme.mobile,discharging,1,33.1,42,100,95,1,9.96,0,0,7,4.38,0.404,1.7695202,15730,7986,0,-
17:13:21.921,snap,default,com.ss.android.ugc.aweme.mobile,discharging,1,33.1,40.4,100,95,1,9.96,0,0,8,4.373,0.387,1.692351,15730,7986,0,-
17:13:22.922,snap,default,com.ss.android.ugc.aweme.mobile,discharging,1,33.1,40.4,100,95,1,9.96,0,0,0,4.38,0.396,1.73448,8544,3572,0,-
17:13:23.923,snap,default,com.ss.android.ugc.aweme.mobile,discharging,1,33.1,40,100,95,1,9.96,0,0,0,4.381,0.247,1.082107,8544,3572,0,-
17:13:24.923,snap,default,com.ss.android.ugc.aweme.mobile,discharging,1,33.1,39.6,100,95,1,9.43,0,0,0,4.381,0.247,1.082107,8544,3572,0,-
17:13:25.923,snap,default,com.ss.android.ugc.aweme.mobile,discharging,1,33.1,39.6,100,95,1,9.43,0,0,0,4.382,0.245,1.07359,6840,2297,0,-
17:13:26.923,snap,default,com.ss.android.ugc.aweme.mobile,discharging,1,33.1,39.6,100,95,1,9.35,0,0,0,4.38,0.246,1.0774801,6840,2297,0,-
17:13:27.923,snap,default,com.ss.android.ugc.aweme.mobile,discharging,1,33.1,39.6,100,95,1,9.35,0,0,0,4.38,0.248,1.08624,7207,2281,0,-
17:13:28.923,snap,default,com.ss.android.ugc.aweme.mobile,discharging,1,33.1,39.6,100,95,1,9.65,0,0,0,4.38,0.257,1.1256601,7207,2281,0,-
17:13:29.925,snap,default,com.ss.android.ugc.aweme.mobile,discharging,1,33.1,40.4,100,95,1,9.65,0,0,0,4.366,0.245,1.0696701,10391,4393,0,-
17:13:30.925,snap,default,com.ss.android.ugc.aweme.mobile,discharging,1,33.1,40.4,100,95,1,10.07,0,0,0,4.381,0.506,2.216786,10391,4393,0,-
17:13:31.923,snap,default,com.ss.android.ugc.aweme.mobile,discharging,1,33.1,40.4,100,95,1,10.07,0,0,0,4.382,0.232,1.016624,7476,2622,0,-
17:13:32.924,snap,default,com.ss.android.ugc.aweme.mobile,discharging,1,33.1,40,100,95,1,9.15,0,0,6,4.374,0.236,1.032264,7476,2622,0,-
17:13:33.923,snap,default,com.ss.android.ugc.aweme.mobile,discharging,1,33.1,40.4,100,95,1,9.15,0,0,0,4.377,0.396,1.733292,12950,5343,0,-
17:13:34.925,snap,default,com.ss.android.ugc.aweme.mobile,discharging,1,33.1,40.4,100,95,1,9.49,0,0,0,4.37,0.542,2.3685398,12950,5343,0,-
17:13:35.925,snap,default,com.ss.android.ugc.aweme.mobile,discharging,1,33.1,40.4,100,95,1,9.49,0,0,0,4.381,0.39,1.7085899,14826,7012,0,-
17:13:36.925,snap,default,com.ss.android.ugc.aweme.mobile,discharging,1,33.1,40,100,95,1,9.4,0,0,0,4.38,0.253,1.10814,14826,7012,0,-
17:13:37.926,snap,default,com.ss.android.ugc.aweme.mobile,discharging,1,33.1,40,100,95,1,9.4,0,0,0,4.381,0.249,1.090869,7702,2810,0,-
17:13:38.925,snap,default,com.ss.android.ugc.aweme.mobile,discharging,1,33.1,39.2,100,95,1,9.32,0,0,0,4.38,0.249,1.09062,7702,2810,0,-
17:13:39.925,snap,default,com.ss.android.ugc.aweme.mobile,discharging,1,33.1,40,100,95,1,9.32,0,0,8,4.382,0.246,1.077972,9602,3882,0,-
17:13:40.925,snap,default,com.ss.android.ugc.aweme.mobile,discharging,1,33.2,42,100,95,1,9.45,0,0,8,4.375,0.388,1.6975,9602,3882,0,-
17:13:41.925,snap,default,com.ss.android.ugc.aweme.mobile,discharging,1,33.2,42,100,95,1,9.45,0,0,0,4.372,0.385,1.68322,13206,6264,0,-
17:13:42.926,snap,default,com.ss.android.ugc.aweme.mobile,discharging,1,33.2,40.4,100,95,1,9.18,0,0,0,4.378,0.399,1.7468219,13206,6264,0,-
17:13:43.927,snap,default,com.ss.android.ugc.aweme.mobile,discharging,1,33.2,40.4,100,95,1,9.18,0,0,0,4.381,0.254,1.112774,7701,3039,0,-
17:13:44.926,snap,default,com.ss.android.ugc.aweme.mobile,discharging,1,33.2,39.6,100,95,1,8.79,0,0,0,4.38,0.251,1.09938,7701,3039,0,-
17:13:45.927,snap,default,com.ss.android.ugc.aweme.mobile,discharging,1,33.2,39.2,100,95,1,8.79,0,0,0,4.38,0.264,1.15632,7708,2829,0,-
17:13:46.926,snap,default,com.ss.android.ugc.aweme.mobile,discharging,1,33.2,39.2,100,95,1,9.01,0,0,0,4.381,0.245,1.0733451,7708,2829,0,-
17:13:47.928,snap,default,com.ss.android.ugc.aweme.mobile,discharging,1,33.2,40,100,95,1,9.01,0,0,0,4.377,0.237,1.037349,13818,6139,0,-
17:13:48.927,snap,default,com.ss.android.ugc.aweme.mobile,discharging,1,33.2,40,100,95,1,9.73,0,0,6,4.375,0.469,2.051875,13818,6139,0,-
17:13:49.935,snap,default,com.ss.android.ugc.aweme.mobile,discharging,1,33.2,40.8,100,95,1,9.73,0,0,2,4.379,0.41,1.79539,10685,4544,0,-
17:13:50.929,snap,default,com.ss.android.ugc.aweme.mobile,discharging,1,33.2,40,100,95,1,9.78,0,0,0,4.38,0.331,1.44978,10685,4544,0,-
17:13:51.929,snap,default,com.ss.android.ugc.aweme.mobile,discharging,1,33.2,40,100,95,1,9.78,0,0,0,4.377,0.332,1.4531639,10685,4544,0,-
17:13:52.929,snap,default,com.ss.android.ugc.aweme.mobile,discharging,1,33.2,40,100,95,1,10.18,0,0,0,4.379,0.355,1.554545,10470,4203,0,-
17:13:53.929,snap,default,com.ss.android.ugc.aweme.mobile,discharging,1,33.2,40,100,95,1,10.18,0,0,0,4.37,0.415,1.8135499,10470,4203,0,-
17:13:54.931,snap,default,com.ss.android.ugc.aweme.mobile,discharging,1,33.2,40,100,95,1,10.33,0,0,0,4.378,0.495,2.16711,9379,3658,0,-
17:13:55.930,snap,default,com.ss.android.ugc.aweme.mobile,discharging,1,33.2,40,100,95,1,10.33,0,0,0,4.379,0.28,1.2261201,9379,3658,0,-
17:13:56.930,snap,default,com.ss.android.ugc.aweme.mobile,discharging,1,33.2,40,100,95,1,10.45,0,0,0,4.38,0.292,1.27896,8916,3467,0,-
17:13:57.930,snap,default,com.ss.android.ugc.aweme.mobile,discharging,1,33.2,39.2,100,95,1,10.45,0,0,0,4.38,0.293,1.2833401,8916,3467,0,-
17:13:58.930,snap,default,com.ss.android.ugc.aweme.mobile,discharging,1,33.2,39.2,100,95,1,10.73,0,0,0,4.379,0.306,1.339974,9183,3507,0,-
17:13:59.931,snap,default,com.ss.android.ugc.aweme.mobile,discharging,1,33.2,39.2,100,95,1,10.73,0,0,0,4.378,0.307,1.344046,9183,3507,0,-
17:14:00.932,snap,default,com.ss.android.ugc.aweme.mobile,discharging,1,33.2,40,100,95,1,11.14,0,0,0,4.379,0.308,1.348732,9483,3814,0,-
17:14:01.931,snap,default,com.ss.android.ugc.aweme.mobile,discharging,1,33.2,40,100,95,1,11.14,0,0,0,4.38,0.306,1.34028,9483,3814,0,-
17:14:02.932,snap,default,com.ss.android.ugc.aweme.mobile,discharging,1,33.2,40.4,100,95,1,11.29,0,0,0,4.38,0.304,1.33152,9334,3534,0,-
17:14:03.931,snap,default,com.ss.android.ugc.aweme.mobile,discharging,1,33.2,40.4,100,95,1,11.29,0,0,0,4.378,0.312,1.3659359,9334,3534,0,-
17:14:04.935,snap,default,com.ss.android.ugc.aweme.mobile,discharging,1,33.2,40,100,95,1,11.6,0,0,4,4.378,0.331,1.4491179,10078,4335,0,-
17:14:05.932,snap,default,com.ss.android.ugc.aweme.mobile,discharging,1,33.2,39.6,100,95,1,11.6,0,0,1,4.379,0.39,1.70781,10078,4335,0,-
17:14:06.932,snap,default,com.ss.android.ugc.aweme.mobile,discharging,1,33.2,39.6,100,95,1,11.49,0,0,0,4.378,0.312,1.3659359,9126,3549,0,-
17:14:07.935,snap,default,com.ss.android.ugc.aweme.mobile,discharging,1,33.2,40.4,100,95,1,11.58,0,0,0,4.376,0.319,1.395944,9126,3549,0,-
17:14:08.936,snap,default,com.ss.android.ugc.aweme.mobile,discharging,1,33.2,40.4,100,95,1,11.58,0,0,0,4.379,0.312,1.3662481,9205,3588,0,-
17:14:09.936,snap,default,com.ss.android.ugc.aweme.mobile,discharging,1,33.2,39.6,100,95,1,11.3,0,0,0,4.378,0.293,1.282754,9205,3588,0,-
17:14:10.935,snap,default,com.ss.android.ugc.aweme.mobile,discharging,1,33.2,39.6,100,95,1,11.3,0,0,0,4.379,0.286,1.2523941,8822,3289,0,-
17:14:11.935,snap,default,com.ss.android.ugc.aweme.mobile,discharging,1,33.2,39.2,100,95,1,11.42,0,0,0,4.377,0.299,1.308723,8822,3289,0,-
17:14:12.936,snap,default,com.ss.android.ugc.aweme.mobile,discharging,1,33.2,39.6,100,95,1,11.42,0,0,0,4.38,0.296,1.2964801,9028,3450,0,-
17:14:13.937,snap,default,com.ss.android.ugc.aweme.mobile,discharging,1,33.2,39.6,100,95,1,11.34,0,0,0,4.379,0.288,1.261152,9028,3450,0,-
17:14:14.936,snap,default,com.ss.android.ugc.aweme.mobile,discharging,1,33.2,39.6,100,95,1,11.34,0,0,0,4.378,0.284,1.2433519,9629,3720,0,-
17:14:15.937,snap,default,com.ss.android.ugc.aweme.mobile,discharging,1,33.2,39.6,100,95,1,11.46,0,0,0,4.379,0.343,1.501997,9629,3720,0,-
17:14:16.937,snap,default,com.ss.android.ugc.aweme.mobile,discharging,1,33.2,38.8,100,95,1,11.46,0,0,0,4.378,0.295,1.2915099,9629,3720,0,-
17:14:17.939,snap,default,com.ss.android.ugc.aweme.mobile,discharging,1,33.2,40,100,95,1,11.56,0,0,0,4.379,0.297,1.300563,8723,3369,0,-
17:14:18.938,snap,default,com.ss.android.ugc.aweme.mobile,discharging,1,33.2,39.6,100,95,1,11.56,0,0,0,4.378,0.344,1.506032,8723,3369,0,-
17:14:19.938,snap,default,com.ss.android.ugc.aweme.mobile,discharging,1,33.2,39.6,100,95,1,11.64,0,0,0,4.376,0.346,1.5140959,9849,3816,0,-
17:14:20.938,snap,default,com.ss.android.ugc.aweme.mobile,discharging,1,33.2,39.6,100,95,1,11.64,0,0,0,4.378,0.323,1.414094,9849,3816,0,-
17:14:21.938,snap,default,com.ss.android.ugc.aweme.mobile,discharging,1,33.2,40,100,95,1,11.7,0,0,0,4.379,0.316,1.3837641,9317,3318,0,-
17:14:22.939,snap,default,com.ss.android.ugc.aweme.mobile,discharging,1,33.2,40,100,95,1,11.7,0,0,0,4.379,0.298,1.3049421,9317,3318,0,-
17:14:23.939,snap,default,com.ss.android.ugc.aweme.mobile,discharging,1,33.2,39.6,100,95,1,11.76,0,0,1,4.378,0.297,1.3002659,8961,3258,0,-
17:14:24.938,snap,default,com.ss.android.ugc.aweme.mobile,discharging,1,33.2,39.6,100,95,1,11.76,0,0,0,4.377,0.299,1.308723,8961,3258,0,-
17:14:25.939,snap,default,com.ss.android.ugc.aweme.mobile,discharging,1,33.2,40,100,95,1,11.26,0,0,2,4.372,0.279,1.2197881,10665,4594,0,-
17:14:26.939,snap,default,com.ss.android.ugc.aweme.mobile,discharging,1,33.2,40,100,95,1,11.26,0,0,0,4.377,0.443,1.9390109,10665,4594,0,-
17:14:27.939,snap,default,com.ss.android.ugc.aweme.mobile,discharging,1,33.2,40,100,95,1,11.75,0,0,0,4.369,0.33,1.4417701,13895,6716,0,-
17:14:28.941,snap,default,com.ss.android.ugc.aweme.mobile,discharging,1,33.2,39.6,100,95,1,11.75,0,0,0,4.38,0.579,2.53602,13895,6716,0,-
17:14:29.940,snap,default,com.ss.android.ugc.aweme.mobile,discharging,1,33.2,39.6,100,95,1,10.53,0,0,0,4.381,0.265,1.160965,7607,2510,0,-
17:14:30.940,snap,default,com.ss.android.ugc.aweme.mobile,discharging,1,33.2,39.6,100,95,1,10.53,0,0,0,4.381,0.212,0.928772,7607,2510,0,-
17:14:31.940,snap,default,com.ss.android.ugc.aweme.mobile,discharging,1,33.2,40.4,100,95,1,9.89,0,0,10,4.374,0.232,1.014768,9066,2866,0,-
17:14:32.940,snap,default,com.ss.android.ugc.aweme.mobile,discharging,1,33.2,40.4,100,95,1,9.89,0,0,0,4.378,0.472,2.066416,9066,2866,0,-
17:14:33.941,snap,default,com.ss.android.ugc.aweme.mobile,discharging,1,33.2,40,100,95,1,10.09,0,0,0,4.379,0.272,1.1910881,12542,6013,0,-
17:14:34.941,snap,default,com.ss.android.ugc.aweme.mobile,discharging,1,33.2,40,100,95,1,10.09,0,0,0,4.38,0.265,1.1607,12542,6013,0,-
17:14:35.941,snap,default,com.ss.android.ugc.aweme.mobile,discharging,1,33.2,38.8,100,95,1,9.71,0,0,0,4.379,0.256,1.1210241,7954,3255,0,-
17:14:36.942,snap,default,com.ss.android.ugc.aweme.mobile,discharging,1,33.2,38.8,100,95,1,9.71,0,0,0,4.377,0.27,1.18179,7954,3255,0,-
17:14:37.941,snap,default,com.ss.android.ugc.aweme.mobile,discharging,1,33.2,38.8,100,95,1,9.76,0,0,0,4.38,0.274,1.20012,8066,2970,0,-
17:14:38.945,snap,default,com.ss.android.ugc.aweme.mobile,discharging,1,33.2,38.8,100,95,1,9.76,0,0,0,4.38,0.261,1.14318,8066,2970,0,-
17:14:39.942,snap,default,com.ss.android.ugc.aweme.mobile,discharging,1,33.2,38.4,100,95,1,9.8,0,0,0,4.38,0.254,1.1125201,7522,2489,0,-
17:14:40.942,snap,default,com.ss.android.ugc.aweme.mobile,discharging,1,33.2,38.8,100,95,1,9.8,0,0,0,4.38,0.248,1.08624,7522,2489,0,-
17:14:41.942,snap,default,com.ss.android.ugc.aweme.mobile,discharging,1,33.2,38.8,100,95,1,9.84,0,0,0,4.376,0.331,1.4484559,9874,3865,0,-
17:14:42.942,snap,default,com.ss.android.ugc.aweme.mobile,discharging,1,33.2,39.2,100,95,1,9.84,0,0,13,4.377,0.446,1.952142,9874,3865,0,-
17:14:43.943,snap,default,com.ss.android.ugc.aweme.mobile,discharging,1,33.2,40,100,95,1,9.32,0,0,0,4.379,0.262,1.147298,9874,3865,0,-
17:14:44.945,snap,default,com.ss.android.ugc.aweme.mobile,discharging,1,33.2,40,100,95,1,9.32,0,0,0,4.379,0.255,1.116645,8700,3807,0,-
17:14:45.943,snap,default,com.ss.android.ugc.aweme.mobile,discharging,1,33.2,39.6,100,95,1,9.45,0,0,0,4.378,0.257,1.1251459,8700,3807,0,-
17:14:46.943,snap,default,com.ss.android.ugc.aweme.mobile,discharging,1,33.2,38,100,95,1,9.45,0,0,0,4.379,0.258,1.129782,7698,2838,0,-
17:14:47.944,snap,default,com.ss.android.ugc.aweme.mobile,discharging,1,33.2,38,100,95,1,9.73,0,0,0,4.378,0.26,1.1382799,7698,2838,0,-
17:14:48.943,snap,default,com.ss.android.ugc.aweme.mobile,discharging,1,33.2,38.4,100,95,1,9.73,0,0,0,4.378,0.315,1.3790699,7961,2780,0,-
17:14:49.946,snap,default,com.ss.android.ugc.aweme.mobile,discharging,1,33.2,39.2,100,95,1,9.77,0,0,0,4.38,0.265,1.1607,7961,2780,0,-
17:14:50.944,snap,default,com.ss.android.ugc.aweme.mobile,discharging,1,33.2,39.2,100,95,1,9.77,0,0,0,4.38,0.277,1.21326,8966,3361,0,-
17:14:51.945,snap,default,com.ss.android.ugc.aweme.mobile,discharging,1,33.2,39.2,100,95,1,10,0,0,0,4.378,0.279,1.221462,8966,3361,0,-
17:14:52.945,snap,default,com.ss.android.ugc.aweme.mobile,discharging,1,33.2,39.2,100,95,1,10,0,0,0,4.379,0.273,1.1954671,7694,2347,0,-
17:14:53.946,snap,default,com.ss.android.ugc.aweme.mobile,discharging,1,33.2,39.2,100,95,1,10.18,0,0,0,4.378,0.28,1.22584,7694,2347,0,-
17:14:54.946,snap,default,com.ss.android.ugc.aweme.mobile,discharging,1,33.2,40.4,100,95,1,10.18,0,0,0,4.373,0.492,2.1515162,11713,4868,0,-
17:14:55.946,snap,default,com.ss.android.ugc.aweme.mobile,discharging,1,33.2,40.4,100,95,1,10.33,0,0,8,4.375,0.501,2.191875,11713,4868,0,-
17:14:56.947,snap,default,com.ss.android.ugc.aweme.mobile,discharging,1,33.2,40.4,100,95,1,10.33,0,0,0,4.379,0.249,1.090371,13730,6214,0,-
17:14:57.948,snap,default,com.ss.android.ugc.aweme.mobile,discharging,1,33.2,38.4,100,95,1,9.36,0,0,0,4.38,0.227,0.99426,13730,6214,0,-
17:14:58.948,snap,default,com.ss.android.ugc.aweme.mobile,discharging,1,33.2,38.4,100,95,1,9.36,0,0,0,4.379,0.226,0.989654,4420,748,0,-
17:14:59.948,snap,default,com.ss.android.ugc.aweme.mobile,discharging,1,33.2,38.4,100,95,1,9.11,0,0,0,4.38,0.216,0.94608,4420,748,0,-
17:15:00.946,snap,default,com.ss.android.ugc.aweme.mobile,discharging,1,33.2,38.4,100,95,1,9.11,0,0,0,4.363,0.621,2.7094228,10832,5139,0,-
17:15:01.947,snap,default,com.ss.android.ugc.aweme.mobile,discharging,1,33.2,41.4,100,95,1,10.36,0,0,8,4.375,0.442,1.93375,10832,5139,0,-
17:15:02.949,snap,default,com.ss.android.ugc.aweme.mobile,discharging,1,33.2,42,100,95,1,10.36,0,0,3,4.373,0.496,2.169008,19547,9320,0,-
17:15:03.947,snap,default,com.ss.android.ugc.aweme.mobile,discharging,1,33.2,42,100,95,1,10.36,0,0,3,4.373,0.496,2.169008,19547,9320,0,-
17:15:04.948,snap,default,com.ss.android.ugc.aweme.mobile,discharging,1,33.2,42.4,100,95,1,10.11,0,0,8,4.365,0.631,2.7543147,17669,8516,0,-
17:15:05.947,snap,default,com.ss.android.ugc.aweme.mobile,discharging,1,33.2,43.2,100,95,1,10.11,0,0,4,4.374,0.684,2.991816,17669,8516,0,-
17:15:06.948,snap,default,com.ss.android.ugc.aweme.mobile,discharging,1,33.2,42.4,100,95,1,9.73,0,0,3,4.37,0.429,1.8747299,17420,8602,0,-
17:15:07.948,snap,default,com.ss.android.ugc.aweme.mobile,discharging,1,33.2,40.8,100,95,1,9.73,0,0,3,4.376,0.483,2.1136081,17420,8602,0,-
17:15:08.948,snap,default,com.ss.android.ugc.aweme.mobile,discharging,1,33.2,40.8,100,95,1,9.78,0,0,0,4.378,0.272,1.190816,8444,3532,0,-
17:15:09.953,snap,default,com.ss.android.ugc.aweme.mobile,discharging,1,33.2,40.4,100,95,1,9.78,0,0,0,4.379,0.265,1.160435,8444,3532,0,-
17:15:10.949,snap,default,com.ss.android.ugc.aweme.mobile,discharging,1,33.3,40,100,95,1,9.63,0,0,0,4.379,0.258,1.129782,8444,3532,0,-
17:15:11.950,snap,default,com.ss.android.ugc.aweme.mobile,discharging,1,33.3,39.2,100,95,1,9.63,0,0,0,4.378,0.255,1.1163899,7683,2769,0,-
17:15:12.949,snap,default,com.ss.android.ugc.aweme.mobile,discharging,1,33.3,39.6,100,95,1,10.06,0,0,0,4.377,0.262,1.1467739,7683,2769,0,-
17:15:13.951,snap,default,com.ss.android.ugc.aweme.mobile,discharging,1,33.3,39.6,100,95,1,10.06,0,0,0,4.378,0.27,1.18206,8347,2861,0,-
17:15:14.950,snap,default,com.ss.android.ugc.aweme.mobile,discharging,1,33.3,39.6,100,95,1,10.23,0,0,0,4.38,0.263,1.1519401,8347,2861,0,-
17:15:15.953,snap,default,com.ss.android.ugc.aweme.mobile,discharging,1,33.3,39.6,100,95,1,10.23,0,0,0,4.378,0.254,1.112012,7776,2564,0,-
17:15:16.950,snap,default,com.ss.android.ugc.aweme.mobile,discharging,1,33.3,39.6,100,95,1,10.19,0,0,0,4.378,0.254,1.112012,7776,2564,0,-
17:15:17.953,snap,default,com.ss.android.ugc.aweme.mobile,discharging,1,33.3,38.4,100,95,1,10.19,0,0,0,4.379,0.254,1.1122661,8074,2778,0,-
17:15:18.952,snap,default,com.ss.android.ugc.aweme.mobile,discharging,1,33.3,38.4,100,95,1,10.34,0,0,0,4.379,0.259,1.1341611,8074,2778,0,-
17:15:19.952,snap,default,com.ss.android.ugc.aweme.mobile,discharging,1,33.3,38.4,100,95,1,10.34,0,0,0,4.378,0.271,1.186438,7983,2714,0,-
17:15:20.952,snap,default,com.ss.android.ugc.aweme.mobile,discharging,1,33.3,39.2,100,95,1,10.45,0,0,0,4.378,0.265,1.1601698,7983,2714,0,-
17:15:21.952,snap,default,com.ss.android.ugc.aweme.mobile,discharging,1,33.3,39.2,100,95,1,10.45,0,0,0,4.38,0.266,1.1650801,10106,3643,0,-
17:15:22.952,snap,default,com.ss.android.ugc.aweme.mobile,discharging,1,33.3,40,100,95,1,10.55,0,0,6,4.377,0.443,1.9390109,10106,3643,0,-
17:15:23.953,snap,default,com.ss.android.ugc.aweme.mobile,discharging,1,33.3,40.8,100,95,1,10.55,0,0,0,4.377,0.339,1.4838029,13213,6198,0,-
17:15:24.956,snap,default,com.ss.android.ugc.aweme.mobile,discharging,1,33.3,40,100,95,1,10.45,0,0,0,4.369,0.477,2.084013,13213,6198,0,-
17:15:25.953,snap,default,com.ss.android.ugc.aweme.mobile,discharging,1,33.3,39.6,100,95,1,10.45,0,0,0,4.377,0.28,1.22556,10307,4398,0,-
17:15:26.953,snap,default,com.ss.android.ugc.aweme.mobile,discharging,1,33.3,39.6,100,95,1,9.83,0,0,0,4.379,0.254,1.1122661,10307,4398,0,-
17:15:27.957,snap,default,com.ss.android.ugc.aweme.mobile,discharging,1,33.3,39.6,100,95,1,9.83,0,0,0,4.378,0.256,1.120768,7840,2889,0,-
17:15:28.954,snap,default,com.ss.android.ugc.aweme.mobile,discharging,1,33.3,39.2,100,95,1,10.04,0,0,0,4.379,0.256,1.1210241,7840,2889,0,-
17:15:29.954,snap,default,com.ss.android.ugc.aweme.mobile,discharging,1,33.3,38.8,100,95,1,10.04,0,0,0,4.378,0.252,1.103256,7601,2583,0,-
17:15:30.954,snap,default,com.ss.android.ugc.aweme.mobile,discharging,1,33.3,38.8,100,95,1,10.03,0,0,0,4.378,0.247,1.081366,7601,2583,0,-
17:15:31.954,snap,default,com.ss.android.ugc.aweme.mobile,discharging,1,33.3,38.4,100,95,1,10.03,0,0,0,4.378,0.25,1.0945,7942,2652,0,-
17:15:32.954,snap,default,com.ss.android.ugc.aweme.mobile,discharging,1,33.3,38.4,100,95,1,10.2,0,0,0,4.378,0.255,1.1163899,7942,2652,0,-
17:15:33.955,snap,default,com.ss.android.ugc.aweme.mobile,discharging,1,33.3,39.6,100,95,1,10.2,0,0,0,4.379,0.244,1.0684761,14312,6720,0,-
17:15:34.956,snap,default,com.ss.android.ugc.aweme.mobile,discharging,1,33.3,39.6,100,95,1,10.89,0,0,7,4.368,0.504,2.201472,14312,6720,0,-
17:15:35.956,snap,default,com.ss.android.ugc.aweme.mobile,discharging,1,33.3,39.6,100,95,1,10.89,0,0,7,4.379,0.321,1.4056591,14312,6720,0,-
17:15:36.956,snap,default,com.ss.android.ugc.aweme.mobile,discharging,1,33.3,39.2,100,95,1,10.37,0,0,0,4.378,0.258,1.1295239,8853,3842,0,-
17:15:37.956,snap,default,com.ss.android.ugc.aweme.mobile,discharging,1,33.3,39.6,100,95,1,10.37,0,0,0,4.378,0.287,1.2564859,8853,3842,0,-
17:15:38.957,snap,default,com.ss.android.ugc.aweme.mobile,discharging,1,33.3,40.4,100,95,1,10.66,0,0,0,4.366,0.351,1.532466,12078,5550,0,-
17:15:39.956,snap,default,com.ss.android.ugc.aweme.mobile,discharging,1,33.3,40.4,100,95,1,10.66,0,0,0,4.375,0.465,2.034375,12078,5550,0,-
17:15:40.956,snap,default,com.ss.android.ugc.aweme.mobile,discharging,1,33.3,39.6,100,95,1,10.54,0,0,0,4.377,0.29,1.2693299,9822,4552,0,-
17:15:41.957,snap,default,com.ss.android.ugc.aweme.mobile,discharging,1,33.3,39.6,100,95,1,10.54,0,0,0,4.378,0.268,1.173304,9822,4552,0,-
17:15:42.957,snap,default,com.ss.android.ugc.aweme.mobile,discharging,1,33.3,39.6,100,95,1,10.26,0,0,0,4.378,0.279,1.221462,8029,2772,0,-
17:15:43.957,snap,default,com.ss.android.ugc.aweme.mobile,discharging,1,33.3,39.6,100,95,1,10.26,0,0,0,4.377,0.263,1.1511511,8029,2772,0,-
17:15:44.958,snap,default,com.ss.android.ugc.aweme.mobile,discharging,1,33.3,38.8,100,95,1,10.39,0,0,0,4.379,0.262,1.147298,7737,2664,0,-
17:15:45.958,snap,default,com.ss.android.ugc.aweme.mobile,discharging,1,33.3,39.6,100,95,1,10.39,0,0,0,4.378,0.282,1.234596,7737,2664,0,-
17:15:46.958,snap,default,com.ss.android.ugc.aweme.mobile,discharging,1,33.3,40,100,95,1,10.5,0,0,0,4.377,0.268,1.173036,8065,2857,0,-
17:15:47.958,snap,default,com.ss.android.ugc.aweme.mobile,discharging,1,33.3,40,100,95,1,10.5,0,0,0,4.372,0.288,1.259136,8065,2857,0,-
17:15:48.958,snap,default,com.ss.android.ugc.aweme.mobile,discharging,1,33.3,40,100,95,1,10.41,0,0,0,4.377,0.487,2.131599,10972,4920,0,-
17:15:49.959,snap,default,com.ss.android.ugc.aweme.mobile,discharging,1,33.3,39.6,100,95,1,10.41,0,0,0,4.378,0.272,1.190816,10972,4920,0,-
17:15:50.959,snap,default,com.ss.android.ugc.aweme.mobile,discharging,1,33.3,39.2,100,95,1,10.33,0,0,0,4.378,0.271,1.186438,7693,2456,0,-
17:15:51.959,snap,default,com.ss.android.ugc.aweme.mobile,discharging,1,33.3,39.6,100,95,1,10.33,0,0,0,4.377,0.27,1.18179,7693,2456,0,-
17:15:52.959,snap,default,com.ss.android.ugc.aweme.mobile,discharging,1,33.3,39.6,100,95,1,10.45,0,0,0,4.377,0.27,1.18179,8399,2851,0,-
17:15:53.959,snap,default,com.ss.android.ugc.aweme.mobile,discharging,1,33.3,40.8,100,95,1,10.45,0,0,6,4.37,0.376,1.6431199,8399,2851,0,-
17:15:54.959,snap,default,com.ss.android.ugc.aweme.mobile,discharging,1,33.3,41.2,100,95,1,10.55,0,0,10,4.367,0.552,2.410584,21246,10349,0,-
17:15:55.960,snap,default,com.ss.android.ugc.aweme.mobile,discharging,1,33.3,41.2,100,95,1,10.55,0,0,10,4.363,0.581,2.5349028,21246,10349,0,-
17:15:56.960,snap,default,com.ss.android.ugc.aweme.mobile,discharging,1,33.3,41.6,100,95,1,10.27,0,0,5,4.373,0.44,1.9241201,13337,5719,0,-
17:15:57.961,snap,default,com.ss.android.ugc.aweme.mobile,discharging,1,33.3,41.2,100,95,1,10.27,0,0,3,4.374,0.387,1.692738,13337,5719,0,-
17:15:58.965,snap,default,com.ss.android.ugc.aweme.mobile,discharging,1,33.3,40.4,100,95,1,9.68,0,0,4,4.374,0.405,1.7714701,12418,4919,0,-
17:15:59.963,snap,default,com.ss.android.ugc.aweme.mobile,discharging,1,33.3,40,100,95,1,9.68,0,0,5,4.375,0.45,1.96875,12418,4919,0,-
17:16:00.961,snap,default,com.ss.android.ugc.aweme.mobile,discharging,1,33.3,40,100,95,1,9.01,0,0,0,4.377,0.228,0.997956,5725,1306,0,-
17:16:01.961,snap,default,com.ss.android.ugc.aweme.mobile,discharging,1,33.3,40,100,95,1,9.01,0,0,0,4.376,0.22,0.96272,5725,1306,0,-
17:16:02.961,snap,default,com.ss.android.ugc.aweme.mobile,discharging,1,33.3,40,100,95,1,8.64,0,0,8,4.373,0.417,1.823541,5725,1306,0,-
17:16:03.963,snap,default,com.ss.android.ugc.aweme.mobile,discharging,1,33.3,41.2,100,95,1,8.64,0,0,5,4.372,0.439,1.9193082,14674,6198,0,-
17:16:04.963,snap,default,com.ss.android.ugc.aweme.mobile,discharging,1,33.3,41.2,100,95,1,8.71,0,0,4,4.372,0.417,1.823124,14674,6198,0,-
17:16:05.962,snap,default,com.ss.android.ugc.aweme.mobile,discharging,1,33.3,41.2,100,95,1,8.71,0,0,4,4.374,0.396,1.7321041,15531,8620,0,-
17:16:06.962,snap,default,com.ss.android.ugc.aweme.mobile,discharging,1,33.3,41.6,100,95,1,8.76,0,0,4,4.373,0.392,1.714216,15531,8620,0,-
17:16:07.965,snap,default,com.ss.android.ugc.aweme.mobile,discharging,1,33.3,40.8,100,95,1,8.76,0,0,4,4.374,0.512,2.2394881,16439,8319,0,-
17:16:08.965,snap,default,com.ss.android.ugc.aweme.mobile,discharging,1,33.3,40.8,100,95,1,8.8,0,0,0,4.376,0.325,1.4222,16439,8319,0,-
17:16:09.964,snap,default,com.ss.android.ugc.aweme.mobile,discharging,1,33.3,39.6,100,95,1,8.8,0,0,0,4.378,0.206,0.901868,5253,1289,0,-
17:16:10.963,snap,default,com.ss.android.ugc.aweme.mobile,discharging,1,33.3,39.6,100,95,1,8.48,0,0,0,4.376,0.223,0.975848,5253,1289,0,-
17:16:11.963,snap,default,com.ss.android.ugc.aweme.mobile,discharging,1,33.3,39.6,100,95,1,8.48,0,0,0,4.378,0.207,0.90624595,4156,721,0,-
17:16:12.963,snap,default,com.ss.android.ugc.aweme.mobile,discharging,1,33.3,39.6,100,95,1,8.21,0,0,0,4.373,0.26,1.1369799,4156,721,0,-
17:16:13.963,snap,default,com.ss.android.ugc.aweme.mobile,discharging,1,33.3,39.2,100,95,1,8.21,0,0,0,4.377,0.314,1.374378,10961,4719,0,-
17:16:14.964,snap,default,com.ss.android.ugc.aweme.mobile,discharging,1,33.3,39.2,100,95,1,8.89,0,0,0,4.377,0.289,1.264953,10961,4719,0,-
17:16:15.964,snap,default,com.ss.android.ugc.aweme.mobile,discharging,1,33.3,40.4,100,95,1,8.89,0,0,0,4.37,0.396,1.7305199,12951,5803,0,-
17:16:16.964,snap,default,com.ss.android.ugc.aweme.mobile,discharging,1,33.3,41.6,100,95,1,9.27,0,0,10,4.371,0.393,1.717803,12951,5803,0,-
17:16:17.965,snap,default,com.ss.android.ugc.aweme.mobile,discharging,1,33.3,41.6,100,95,1,9.27,0,0,5,4.371,0.615,2.688165,18616,9412,0,-
17:16:18.965,snap,default,com.ss.android.ugc.aweme.mobile,discharging,1,33.3,40.4,100,95,1,9.59,0,0,0,4.372,0.314,1.3728081,18616,9412,0,-
17:16:19.965,snap,default,com.ss.android.ugc.aweme.mobile,discharging,1,33.3,39.6,100,95,1,9.59,0,0,0,4.371,0.334,1.4599138,10633,4972,0,-
17:16:20.965,snap,default,com.ss.android.ugc.aweme.mobile,discharging,1,33.3,39.6,100,95,1,9.3,0,0,0,4.376,0.355,1.5534799,10633,4972,0,-
17:16:21.966,snap,default,com.ss.android.ugc.aweme.mobile,discharging,1,33.3,39.2,100,95,1,9.3,0,0,0,4.375,0.332,1.4525,10134,4746,0,-
17:16:22.965,snap,default,com.ss.android.ugc.aweme.mobile,discharging,1,33.3,39.2,100,95,1,9.42,0,0,0,4.375,0.319,1.395625,10134,4746,0,-
17:16:23.965,snap,default,com.ss.android.ugc.aweme.mobile,discharging,1,33.3,40,100,95,1,9.42,0,0,0,4.376,0.303,1.325928,8845,3734,0,-
17:16:24.965,snap,default,com.ss.android.ugc.aweme.mobile,discharging,1,33.3,40,100,95,1,9.53,0,0,0,4.375,0.295,1.290625,8845,3734,0,-
17:16:25.966,snap,default,com.ss.android.ugc.aweme.mobile,discharging,1,33.3,40,100,95,1,9.53,0,0,0,4.375,0.291,1.273125,9156,3605,0,-
17:16:26.966,snap,default,com.ss.android.ugc.aweme.mobile,discharging,1,33.3,40,100,95,1,9.79,0,0,0,4.375,0.3,1.3125,9156,3605,0,-
17:16:27.967,snap,default,com.ss.android.ugc.aweme.mobile,discharging,1,33.3,40,100,95,1,9.79,0,0,0,4.375,0.323,1.413125,9156,3605,0,-
17:16:28.966,snap,default,com.ss.android.ugc.aweme.mobile,discharging,1,33.3,40,100,95,1,10.19,0,0,0,4.372,0.312,1.3640641,9655,3953,0,-
17:16:29.968,snap,default,com.ss.android.ugc.aweme.mobile,discharging,1,33.3,39.6,100,95,1,10.19,0,0,0,4.376,0.3,1.3128,9655,3953,0,-
17:16:30.968,snap,default,com.ss.android.ugc.aweme.mobile,discharging,1,33.3,39.2,100,95,1,10.34,0,0,0,4.369,0.301,1.315069,9284,3687,0,-
17:16:31.969,snap,default,com.ss.android.ugc.aweme.mobile,discharging,1,33.3,39.2,100,95,1,10.34,0,0,0,4.375,0.427,1.868125,9284,3687,0,-
17:16:32.969,snap,default,com.ss.android.ugc.aweme.mobile,discharging,1,33.3,39.2,100,95,1,10.46,0,0,0,4.376,0.283,1.238408,9844,3697,0,-
17:16:33.973,snap,default,com.ss.android.ugc.aweme.mobile,discharging,1,33.3,39.2,100,95,1,10.46,0,0,5,4.376,0.347,1.518472,9844,3697,0,-
17:16:34.971,snap,default,com.ss.android.ugc.aweme.mobile,discharging,1,33.3,39.2,100,95,1,10.56,0,0,1,4.375,0.331,1.448125,10550,4453,0,-
17:16:35.974,snap,default,com.ss.android.ugc.aweme.mobile,discharging,1,33.3,40,100,95,1,10.56,0,0,0,4.376,0.31,1.35656,10550,4453,0,-
17:16:36.974,snap,default,com.ss.android.ugc.aweme.mobile,discharging,1,33.3,40,100,95,1,10.82,0,0,0,4.376,0.294,1.286544,8958,3508,0,-
17:16:37.972,snap,default,com.ss.android.ugc.aweme.mobile,discharging,1,33.3,40,100,95,1,10.82,0,0,0,4.377,0.297,1.299969,8958,3508,0,-
17:16:38.972,snap,default,com.ss.android.ugc.aweme.mobile,discharging,1,33.3,40,100,95,1,11.21,0,0,0,4.375,0.312,1.365,9837,3801,0,-
17:16:39.973,snap,default,com.ss.android.ugc.aweme.mobile,discharging,1,33.3,40,100,95,1,11.21,0,0,0,4.377,0.3,1.3131,9837,3801,0,-
17:16:40.972,snap,default,com.ss.android.ugc.aweme.mobile,discharging,1,33.4,39.6,100,95,1,11.35,0,0,0,4.376,0.301,1.317176,9069,3401,0,-
17:16:41.975,snap,default,com.ss.android.ugc.aweme.mobile,discharging,1,33.4,39.2,100,95,1,11.35,0,0,0,4.374,0.284,1.2422161,9069,3401,0,-
17:16:42.974,snap,default,com.ss.android.ugc.aweme.mobile,discharging,1,33.4,39.2,100,95,1,11.29,0,0,0,4.373,0.287,1.255051,9140,3483,0,-
17:16:43.979,snap,default,com.ss.android.ugc.aweme.mobile,discharging,1,33.4,40,100,95,1,11.29,0,0,0,4.375,0.305,1.334375,9140,3483,0,-
17:16:44.976,snap,default,com.ss.android.ugc.aweme.mobile,discharging,1,33.4,40,100,95,1,11.42,0,0,0,4.375,0.295,1.290625,9186,3398,0,-
17:16:45.977,snap,default,com.ss.android.ugc.aweme.mobile,discharging,1,33.4,39.2,100,95,1,11.42,0,0,0,4.376,0.304,1.3303039,9186,3398,0,-
17:16:46.976,snap,default,com.ss.android.ugc.aweme.mobile,discharging,1,33.4,39.2,100,95,1,11.52,0,0,0,4.376,0.299,1.308424,9450,3891,0,-
17:16:47.978,snap,default,com.ss.android.ugc.aweme.mobile,discharging,1,33.4,39.6,100,95,1,11.52,0,0,0,4.372,0.314,1.3728081,9450,3891,0,-
17:16:48.979,snap,default,com.ss.android.ugc.aweme.mobile,discharging,1,33.4,40,100,95,1,11.61,0,0,0,4.374,0.307,1.342818,9831,3683,0,-
17:16:49.978,snap,default,com.ss.android.ugc.aweme.mobile,discharging,1,33.4,40,100,95,1,11.61,0,0,0,4.376,0.303,1.325928,9831,3683,0,-
17:16:50.979,snap,default,com.ss.android.ugc.aweme.mobile,discharging,1,33.4,40,100,95,1,11.68,0,0,0,4.374,0.286,1.250964,11278,4893,0,-
17:16:51.979,snap,default,com.ss.android.ugc.aweme.mobile,discharging,1,33.4,40,100,95,1,11.68,0,0,0,4.375,0.451,1.973125,11278,4893,0,-
17:16:52.979,snap,default,com.ss.android.ugc.aweme.mobile,discharging,1,33.4,40.8,100,95,1,11.37,0,0,3,4.363,0.387,1.688481,17158,8846,0,-
17:16:53.979,snap,default,com.ss.android.ugc.aweme.mobile,discharging,1,33.4,40.8,100,95,1,11.37,0,0,0,4.375,0.552,2.415,17158,8846,0,-
17:16:54.979,snap,default,com.ss.android.ugc.aweme.mobile,discharging,1,33.4,40.8,100,95,1,11.49,0,0,0,4.376,0.3,1.3128,17158,8846,0,-
17:16:55.980,snap,default,com.ss.android.ugc.aweme.mobile,discharging,1,33.4,40.8,100,95,1,11.49,0,0,0,4.375,0.318,1.3912499,11048,4475,0,-
17:16:56.981,snap,default,com.ss.android.ugc.aweme.mobile,discharging,1,33.4,40.8,100,95,1,11.22,0,0,0,4.375,0.312,1.365,11048,4475,0,-
17:16:57.983,snap,default,com.ss.android.ugc.aweme.mobile,discharging,1,33.4,40.4,100,95,1,11.22,0,0,6,4.373,0.287,1.255051,10312,4044,0,-
17:16:58.982,snap,default,com.ss.android.ugc.aweme.mobile,discharging,1,33.4,40.4,100,95,1,11.36,0,0,0,4.372,0.395,1.7269402,10312,4044,0,-
17:16:59.982,snap,default,com.ss.android.ugc.aweme.mobile,discharging,1,33.4,39.6,100,95,1,11.36,0,0,0,4.376,0.282,1.234032,10201,4161,0,-
17:17:00.991,snap,default,com.ss.android.ugc.aweme.mobile,discharging,1,33.4,39.6,100,95,1,11.29,0,0,0,4.375,0.274,1.1987499,10201,4161,0,-
17:17:01.983,snap,default,com.ss.android.ugc.aweme.mobile,discharging,1,33.4,39.6,100,95,1,11.29,0,0,0,4.375,0.288,1.26,8751,2802,0,-
17:17:02.984,snap,default,com.ss.android.ugc.aweme.mobile,discharging,1,33.4,39.6,100,95,1,11.42,0,0,0,4.375,0.27,1.1812501,8751,2802,0,-
17:17:03.984,snap,default,com.ss.android.ugc.aweme.mobile,discharging,1,33.4,39.6,100,95,1,11.42,0,0,0,4.376,0.271,1.1858959,8250,2774,0,-
17:17:04.983,snap,default,com.ss.android.ugc.aweme.mobile,discharging,1,33.4,39.6,100,95,1,11.52,0,0,0,4.376,0.272,1.1902721,8250,2774,0,-
17:17:05.986,snap,default,com.ss.android.ugc.aweme.mobile,discharging,1,33.4,39.6,100,95,1,11.52,0,0,0,4.375,0.264,1.155,8508,2439,0,-
17:17:06.985,snap,default,com.ss.android.ugc.aweme.mobile,discharging,1,33.4,40,100,95,1,11.43,0,0,0,4.366,0.273,1.191918,8508,2439,0,-
17:17:07.985,snap,default,com.ss.android.ugc.aweme.mobile,discharging,1,33.4,40,100,95,1,11.43,0,0,0,4.374,0.515,2.25261,14677,6913,0,-
17:17:08.986,snap,default,com.ss.android.ugc.aweme.mobile,discharging,1,33.4,40,100,95,1,11.35,0,0,0,4.374,0.287,1.2553381,14677,6913,0,-
17:17:09.986,snap,default,com.ss.android.ugc.aweme.mobile,discharging,1,33.4,39.2,100,95,1,11.35,0,0,0,4.375,0.27,1.1812501,7773,2742,0,-
17:17:10.986,snap,default,com.ss.android.ugc.aweme.mobile,discharging,1,33.4,39.2,100,95,1,10.92,0,0,0,4.376,0.271,1.1858959,7773,2742,0,-
17:17:11.989,snap,default,com.ss.android.ugc.aweme.mobile,discharging,1,33.4,39.6,100,95,1,10.92,0,0,0,4.374,0.258,1.128492,7901,2656,0,-
17:17:12.986,snap,default,com.ss.android.ugc.aweme.mobile,discharging,1,33.4,39.6,100,95,1,10.57,0,0,0,4.375,0.278,1.21625,7901,2656,0,-
17:17:13.988,snap,default,com.ss.android.ugc.aweme.mobile,discharging,1,33.4,39.6,100,95,1,10.57,0,0,0,4.376,0.273,1.194648,7776,2614,0,-
17:17:14.988,snap,default,com.ss.android.ugc.aweme.mobile,discharging,1,33.4,39.2,100,95,1,10.47,0,0,0,4.375,0.273,1.194375,7776,2614,0,-
17:17:15.988,snap,default,com.ss.android.ugc.aweme.mobile,discharging,1,33.4,39.6,100,95,1,10.47,0,0,0,4.376,0.264,1.155264,7513,2216,0,-
17:17:16.988,snap,default,com.ss.android.ugc.aweme.mobile,discharging,1,33.4,42.4,100,95,1,11.11,0,0,7,4.372,0.345,1.5083401,7513,2216,0,-
17:17:17.990,snap,default,com.ss.android.ugc.aweme.mobile,discharging,1,33.4,42.4,100,95,1,11.11,0,0,7,4.374,0.569,2.488806,16192,7985,0,-
17:17:18.990,snap,default,com.ss.android.ugc.aweme.mobile,discharging,1,33.4,42.8,100,95,1,10.72,0,0,8,4.368,0.384,1.677312,16192,7985,0,-
17:17:19.991,snap,default,com.ss.android.ugc.aweme.mobile,discharging,1,33.4,40.8,100,95,1,10.72,0,0,8,4.373,0.544,2.3789122,16277,7665,0,-
17:17:20.991,snap,default,com.ss.android.ugc.aweme.mobile,discharging,1,33.4,41.2,100,95,1,10.77,0,0,8,4.374,0.421,1.841454,16277,7665,0,-
17:17:21.991,snap,default,com.ss.android.ugc.aweme.mobile,discharging,1,33.4,40.8,100,95,1,10.77,0,0,0,4.373,0.302,1.3206459,16277,7665,0,-
17:17:22.991,snap,default,com.ss.android.ugc.aweme.mobile,discharging,1,33.4,40.8,100,95,1,10.45,0,0,0,4.373,0.329,1.438717,8456,2954,0,-
17:17:23.991,snap,default,com.ss.android.ugc.aweme.mobile,discharging,1,33.4,40.8,100,95,1,10.45,0,0,0,4.374,0.412,1.802088,8456,2954,0,-
17:17:24.992,snap,default,com.ss.android.ugc.aweme.mobile,discharging,1,33.4,40.8,100,95,1,11.09,0,0,0,4.373,0.357,1.561161,10493,3681,0,-
17:17:25.992,snap,default,com.ss.android.ugc.aweme.mobile,discharging,1,33.4,40,100,95,1,11.09,0,0,4,4.367,0.287,1.253329,10493,3681,0,-
17:17:26.992,snap,default,com.ss.android.ugc.aweme.mobile,discharging,1,33.4,40,100,95,1,11.26,0,0,0,4.373,0.455,1.9897151,10199,3749,0,-
17:17:27.992,snap,default,com.ss.android.ugc.aweme.mobile,discharging,1,33.4,40.4,100,95,1,11.26,0,0,0,4.373,0.317,1.3862411,10199,3749,0,-
17:17:28.992,snap,default,com.ss.android.ugc.aweme.mobile,discharging,1,33.4,41.6,100,95,1,11.03,0,0,0,4.374,0.514,2.248236,15831,7485,0,-
17:17:29.992,snap,default,com.ss.android.ugc.aweme.mobile,discharging,1,33.4,41.6,100,95,1,11.03,0,0,0,4.375,0.405,1.771875,15831,7485,0,-
17:17:30.993,snap,default,com.ss.android.ugc.aweme.mobile,discharging,1,33.4,40.4,100,95,1,10.66,0,0,0,4.375,0.258,1.12875,9612,3695,0,-
17:17:31.993,snap,default,com.ss.android.ugc.aweme.mobile,discharging,1,33.4,39.2,100,95,1,10.66,0,0,0,4.375,0.246,1.0762501,9612,3695,0,-
17:17:32.993,snap,default,com.ss.android.ugc.aweme.mobile,discharging,1,33.4,39.2,100,95,1,10.54,0,0,0,4.374,0.252,1.1022481,7549,2515,0,-
17:17:33.994,snap,default,com.ss.android.ugc.aweme.mobile,discharging,1,33.4,39.2,100,95,1,10.54,0,0,0,4.375,0.246,1.0762501,7549,2515,0,-
17:17:34.994,snap,default,com.ss.android.ugc.aweme.mobile,discharging,1,33.4,39.2,100,95,1,10.62,0,0,0,4.376,0.268,1.172768,7881,2588,0,-
17:17:35.994,snap,default,com.ss.android.ugc.aweme.mobile,discharging,1,33.4,38.8,100,95,1,10.62,0,0,0,4.376,0.256,1.1202561,7881,2588,0,-
17:17:36.994,snap,default,com.ss.android.ugc.aweme.mobile,discharging,1,33.4,39.2,100,95,1,10.69,0,0,0,4.376,0.249,1.0896239,7440,2401,0,-
17:17:37.994,snap,default,com.ss.android.ugc.aweme.mobile,discharging,1,33.4,39.2,100,95,1,10.69,0,0,0,4.375,0.242,1.05875,7440,2401,0,-
17:17:38.994,snap,default,com.ss.android.ugc.aweme.mobile,discharging,1,33.4,39.6,100,95,1,10.93,0,0,0,4.374,0.248,1.084752,7620,2381,0,-
17:17:39.994,snap,default,com.ss.android.ugc.aweme.mobile,discharging,1,33.4,39.6,100,95,1,10.93,0,0,0,4.375,0.248,1.085,7620,2381,0,-
17:17:40.995,snap,default,com.ss.android.ugc.aweme.mobile,discharging,1,33.4,38.8,100,95,1,10.76,0,0,0,4.375,0.244,1.0675,7791,2458,0,-
17:17:41.995,snap,default,com.ss.android.ugc.aweme.mobile,discharging,1,33.4,38.8,100,95,1,10.76,0,0,0,4.375,0.24,1.05,7791,2458,0,-
17:17:42.994,snap,default,com.ss.android.ugc.aweme.mobile,discharging,1,33.4,39.2,100,95,1,10.8,0,0,0,4.375,0.245,1.071875,7522,2263,0,-
17:17:43.995,snap,default,com.ss.android.ugc.aweme.mobile,discharging,1,33.4,39.2,100,95,1,10.8,0,0,0,4.376,0.237,1.037112,7522,2263,0,-
17:17:44.995,snap,default,com.ss.android.ugc.aweme.mobile,discharging,1,33.4,39.6,100,95,1,10.84,0,0,5,4.374,0.292,1.277208,11158,4812,0,-
17:17:45.995,snap,default,com.ss.android.ugc.aweme.mobile,discharging,1,33.4,40,100,95,1,10.84,0,0,5,4.375,0.424,1.855,11158,4812,0,-
17:17:46.996,snap,default,com.ss.android.ugc.aweme.mobile,discharging,1,33.4,40,100,95,1,10.5,0,0,0,4.376,0.271,1.1858959,11158,4812,0,-
17:17:48.006,snap,default,com.ss.android.ugc.aweme.mobile,discharging,1,33.4,40,100,95,1,10.5,0,0,0,4.372,0.278,1.2154161,7909,2868,0,-
17:17:49.008,snap,default,com.ss.android.ugc.aweme.mobile,discharging,1,33.4,41.2,100,95,1,11.14,0,0,5,4.372,0.613,2.680036,7909,2868,0,-
17:17:50.007,snap,default,com.ss.android.ugc.aweme.mobile,discharging,1,33.4,41.2,100,95,1,11.14,0,0,0,4.372,0.329,1.4383881,18078,9038,0,-
17:17:51.008,snap,default,com.ss.android.ugc.aweme.mobile,discharging,1,33.4,41.2,100,95,1,10.93,0,0,0,4.375,0.317,1.386875,18078,9038,0,-
17:17:52.008,snap,default,com.ss.android.ugc.aweme.mobile,discharging,1,33.4,39.6,100,95,1,10.93,0,0,0,4.375,0.266,1.16375,10506,3814,0,-
17:17:53.008,snap,default,com.ss.android.ugc.aweme.mobile,discharging,1,33.4,39.6,100,95,1,10.94,0,0,0,4.374,0.266,1.163484,10506,3814,0,-
17:17:54.007,snap,default,com.ss.android.ugc.aweme.mobile,discharging,1,33.4,39.6,100,95,1,10.94,0,0,0,4.374,0.287,1.2553381,9588,3451,0,-
17:17:55.008,snap,default,com.ss.android.ugc.aweme.mobile,discharging,1,33.4,40,100,95,1,11.13,0,0,0,4.373,0.28,1.2244401,9588,3451,0,-
17:17:56.008,snap,default,com.ss.android.ugc.aweme.mobile,discharging,1,33.4,40,100,95,1,11.13,0,0,0,4.373,0.284,1.241932,9141,3228,0,-
17:17:57.015,snap,default,com.ss.android.ugc.aweme.mobile,discharging,1,33.4,40,100,95,1,11.47,0,0,0,4.373,0.291,1.2725431,9141,3228,0,-
17:17:58.009,snap,default,com.ss.android.ugc.aweme.mobile,discharging,1,33.4,40,100,95,1,11.47,0,0,0,4.373,0.291,1.2725431,9874,3302,0,-
17:17:59.009,snap,default,com.ss.android.ugc.aweme.mobile,discharging,1,33.4,40,100,95,1,11.47,0,0,0,4.374,0.284,1.2422161,9874,3302,0,-
17:18:00.011,snap,default,com.ss.android.ugc.aweme.mobile,discharging,1,33.4,39.2,100,95,1,11.57,0,0,0,4.374,0.279,1.2203461,9738,3128,0,-
17:18:01.010,snap,default,com.ss.android.ugc.aweme.mobile,discharging,1,33.4,40,100,95,1,11.57,0,0,0,4.372,0.271,1.1848121,9738,3128,0,-
17:18:02.010,snap,default,com.ss.android.ugc.aweme.mobile,discharging,1,33.4,38.8,100,95,1,11.82,0,0,0,4.372,0.287,1.2547641,9414,3120,0,-
17:18:03.010,snap,default,com.ss.android.ugc.aweme.mobile,discharging,1,33.4,40,100,95,1,11.82,0,0,0,4.373,0.289,1.263797,9414,3120,0,-
17:18:04.011,snap,default,com.ss.android.ugc.aweme.mobile,discharging,1,33.4,40,100,95,1,11.86,0,0,0,4.375,0.273,1.194375,9049,3045,0,-
17:18:05.012,snap,default,com.ss.android.ugc.aweme.mobile,discharging,1,33.4,40,100,95,1,11.86,0,0,0,4.373,0.282,1.233186,9049,3045,0,-
17:18:06.012,snap,default,com.ss.android.ugc.aweme.mobile,discharging,1,33.4,39.6,100,95,1,11.7,0,0,0,4.375,0.368,1.61,10898,4266,0,-
17:18:07.013,snap,default,com.ss.android.ugc.aweme.mobile,discharging,1,33.4,39.6,100,95,1,11.7,0,0,0,4.374,0.29,1.26846,10898,4266,0,-
17:18:08.014,snap,default,com.ss.android.ugc.aweme.mobile,discharging,1,33.4,39.2,100,95,1,11.75,0,0,0,4.375,0.28,1.225,9060,2925,0,-
17:18:09.013,snap,default,com.ss.android.ugc.aweme.mobile,discharging,1,33.4,39.2,100,95,1,11.8,0,0,0,4.373,0.287,1.255051,9060,2925,0,-
17:18:10.019,snap,default,com.ss.android.ugc.aweme.mobile,discharging,1,33.4,39.2,100,95,1,11.8,0,0,0,4.374,0.286,1.250964,9231,2996,0,-
17:18:11.015,snap,default,com.ss.android.ugc.aweme.mobile,discharging,1,33.4,39.2,100,95,1,11.83,0,0,0,4.373,0.289,1.263797,9231,2996,0,-
17:18:12.014,snap,default,com.ss.android.ugc.aweme.mobile,discharging,1,33.4,39.2,100,95,1,11.83,0,0,7,4.372,0.278,1.2154161,9191,2890,0,-
17:18:13.013,snap,default,com.ss.android.ugc.aweme.mobile,discharging,1,33.4,38.4,100,95,1,12.04,0,0,0,4.373,0.271,1.185083,9191,2890,0,-
17:18:14.014,snap,default,com.ss.android.ugc.aweme.mobile,discharging,1,33.4,38.4,100,95,1,12.04,0,0,0,4.375,0.269,1.176875,9191,2890,0,-
17:18:15.015,snap,default,com.ss.android.ugc.aweme.mobile,discharging,1,33.4,39.2,100,95,1,12.03,0,0,0,4.374,0.275,1.2028501,9226,3128,0,-
17:18:16.020,snap,default,com.ss.android.ugc.aweme.mobile,discharging,1,33.4,39.2,100,95,1,12.03,0,0,0,4.375,0.279,1.220625,9226,3128,0,-
17:18:17.015,snap,default,com.ss.android.ugc.aweme.mobile,discharging,1,33.4,38.8,100,95,1,12.21,0,0,0,4.373,0.28,1.2244401,9247,2910,0,-
17:18:18.016,snap,default,com.ss.android.ugc.aweme.mobile,discharging,1,33.4,38.8,100,95,1,12.21,0,0,0,4.374,0.278,1.2159721,9247,2910,0,-
17:18:19.018,snap,default,com.ss.android.ugc.aweme.mobile,discharging,1,33.4,40.4,100,95,1,12.35,0,0,0,4.375,0.327,1.430625,9782,3424,0,-
17:18:20.017,snap,default,com.ss.android.ugc.aweme.mobile,discharging,1,33.4,40.4,100,95,1,12.35,0,0,0,4.374,0.324,1.417176,9782,3424,0,-
17:18:21.017,snap,default,com.ss.android.ugc.aweme.mobile,discharging,1,33.5,39.6,100,95,1,12.29,0,0,0,4.373,0.303,1.325019,9383,3130,0,-
17:18:22.017,snap,default,com.ss.android.ugc.aweme.mobile,discharging,1,33.5,39.6,100,95,1,12.29,0,0,0,4.375,0.286,1.25125,9383,3130,0,-
17:18:23.017,snap,default,com.ss.android.ugc.aweme.mobile,discharging,1,33.5,39.6,100,95,1,12.23,0,0,0,4.375,0.273,1.194375,9022,2935,0,-
17:18:24.017,snap,default,com.ss.android.ugc.aweme.mobile,discharging,1,33.5,39.6,100,95,1,12.23,0,0,0,4.373,0.289,1.263797,9022,2935,0,-
17:18:25.017,snap,default,com.ss.android.ugc.aweme.mobile,discharging,1,33.5,40,100,95,1,12.37,0,0,0,4.373,0.293,1.2812891,9874,3456,0,-
17:18:26.018,snap,default,com.ss.android.ugc.aweme.mobile,discharging,1,33.5,39.6,100,95,1,12.37,0,0,0,4.374,0.284,1.2422161,9874,3456,0,-
17:18:27.018,snap,default,com.ss.android.ugc.aweme.mobile,discharging,1,33.5,40,100,95,1,12.3,0,0,0,4.374,0.29,1.26846,9230,3063,0,-
17:18:28.018,snap,default,com.ss.android.ugc.aweme.mobile,discharging,1,33.5,40,100,95,1,12.3,0,0,0,4.373,0.279,1.2200671,9230,3063,0,-
17:18:29.019,snap,default,com.ss.android.ugc.aweme.mobile,discharging,1,33.5,40,100,95,1,12.25,0,0,0,4.374,0.278,1.2159721,9195,3045,0,-
17:18:30.018,snap,default,com.ss.android.ugc.aweme.mobile,discharging,1,33.5,40,100,95,1,12.25,0,0,0,4.373,0.278,1.2156941,9195,3045,0,-
17:18:31.019,snap,default,com.ss.android.ugc.aweme.mobile,discharging,1,33.4,40,100,95,1,12.38,0,0,0,4.373,0.285,1.246305,9416,3000,0,-
17:18:32.018,snap,default,com.ss.android.ugc.aweme.mobile,discharging,1,33.4,39.6,100,95,1,12.38,0,0,0,4.374,0.279,1.2203461,9416,3000,0,-
17:18:33.019,snap,default,com.ss.android.ugc.aweme.mobile,discharging,1,33.4,39.2,100,95,1,12.31,0,0,0,4.372,0.275,1.2023001,9093,3029,0,-
17:18:34.019,snap,default,com.ss.android.ugc.aweme.mobile,discharging,1,33.4,38.8,100,95,1,12.31,0,0,0,4.374,0.271,1.185354,9093,3029,0,-
17:18:35.019,snap,default,com.ss.android.ugc.aweme.mobile,discharging,1,33.4,39.2,100,95,1,12.25,0,0,0,4.372,0.279,1.2197881,9223,3083,0,-
17:18:36.019,snap,default,com.ss.android.ugc.aweme.mobile,discharging,1,33.4,38.8,100,95,1,12.25,0,0,0,4.374,0.287,1.2553381,9223,3083,0,-
17:18:37.019,snap,default,com.ss.android.ugc.aweme.mobile,discharging,1,33.4,39.2,100,95,1,12.39,0,0,0,4.373,0.292,1.276916,9499,3189,0,-
17:18:38.019,snap,default,com.ss.android.ugc.aweme.mobile,discharging,1,33.4,39.2,100,95,1,12.39,0,0,0,4.374,0.287,1.2553381,9499,3189,0,-
17:18:39.019,snap,default,com.ss.android.ugc.aweme.mobile,discharging,1,33.4,39.6,100,95,1,12.32,0,0,0,4.373,0.286,1.2506781,9140,2790,0,-
17:18:40.019,snap,default,com.ss.android.ugc.aweme.mobile,discharging,1,33.4,39.6,100,95,1,12.32,0,0,0,4.374,0.28,1.22472,9140,2790,0,-
17:18:41.020,snap,default,com.ss.android.ugc.aweme.mobile,discharging,1,33.5,39.6,100,95,1,12.44,0,0,0,4.373,0.283,1.237559,9140,2790,0,-
17:18:42.020,snap,default,com.ss.android.ugc.aweme.mobile,discharging,1,33.5,39.6,100,95,1,12.44,0,0,5,4.369,0.3,1.3107,10162,3713,0,-
17:18:43.020,snap,default,com.ss.android.ugc.aweme.mobile,discharging,1,33.5,40,100,95,1,12.54,0,0,0,4.373,0.294,1.285662,10162,3713,0,-
17:18:44.020,snap,default,com.ss.android.ugc.aweme.mobile,discharging,1,33.5,40,100,95,1,12.54,0,0,0,4.373,0.312,1.3643761,10835,3970,0,-
17:18:45.021,snap,default,com.ss.android.ugc.aweme.mobile,discharging,1,33.5,40,100,95,1,12.8,0,0,0,4.374,0.307,1.342818,10835,3970,0,-
17:18:46.022,snap,default,com.ss.android.ugc.aweme.mobile,discharging,1,33.5,40,100,95,1,12.8,0,0,0,4.372,0.292,1.2766241,9891,3427,0,-
17:18:47.022,snap,default,com.ss.android.ugc.aweme.mobile,discharging,1,33.5,40,100,95,1,12.48,0,0,0,4.372,0.282,1.2329041,9891,3427,0,-
17:18:48.025,snap,default,com.ss.android.ugc.aweme.mobile,discharging,1,33.5,39.6,100,95,1,12.48,0,0,0,4.372,0.278,1.2154161,8942,2991,0,-
17:18:49.023,snap,default,com.ss.android.ugc.aweme.mobile,discharging,1,33.5,39.6,100,95,1,12.57,0,0,0,4.373,0.28,1.2244401,8942,2991,0,-
17:18:50.023,snap,default,com.ss.android.ugc.aweme.mobile,discharging,1,33.5,39.6,100,95,1,12.57,0,0,0,4.373,0.29,1.26817,9623,3347,0,-
17:18:51.023,snap,default,com.ss.android.ugc.aweme.mobile,discharging,1,33.5,39.6,100,95,1,12.65,0,0,0,4.373,0.292,1.276916,9623,3347,0,-
17:18:52.023,snap,default,com.ss.android.ugc.aweme.mobile,discharging,1,33.5,40,100,95,1,12.65,0,0,0,4.373,0.289,1.263797,9482,3101,0,-
17:18:53.023,snap,default,com.ss.android.ugc.aweme.mobile,discharging,1,33.5,39.6,100,95,1,12.53,0,0,0,4.373,0.286,1.2506781,9482,3101,0,-
17:18:54.023,snap,default,com.ss.android.ugc.aweme.mobile,discharging,1,33.5,39.6,100,95,1,12.53,0,0,0,4.372,0.285,1.2460201,9616,3302,0,-
17:18:55.023,snap,default,com.ss.android.ugc.aweme.mobile,discharging,1,33.5,39.6,100,95,1,12.61,0,0,0,4.372,0.279,1.2197881,9616,3302,0,-
17:18:56.023,snap,default,com.ss.android.ugc.aweme.mobile,discharging,1,33.5,39.6,100,95,1,12.61,0,0,0,4.373,0.284,1.241932,9310,3190,0,-
17:18:57.025,snap,default,com.ss.android.ugc.aweme.mobile,discharging,1,33.5,39.6,100,95,1,12.68,0,0,0,4.371,0.293,1.280703,9310,3190,0,-
17:18:58.024,snap,default,com.ss.android.ugc.aweme.mobile,discharging,1,33.5,39.6,100,95,1,12.68,0,0,0,4.374,0.28,1.22472,9514,3220,0,-
17:18:59.024,snap,default,com.ss.android.ugc.aweme.mobile,discharging,1,33.5,39.2,100,95,1,12.74,0,0,0,4.373,0.293,1.2812891,9514,3220,0,-
17:19:00.025,snap,default,com.ss.android.ugc.aweme.mobile,discharging,1,33.5,39.2,100,95,1,12.74,0,0,0,4.373,0.299,1.3075271,9524,3109,0,-
17:19:01.025,snap,default,com.ss.android.ugc.aweme.mobile,discharging,1,33.5,39.2,100,95,1,12.79,0,0,0,4.372,0.278,1.2154161,9524,3109,0,-
17:19:02.029,snap,default,com.ss.android.ugc.aweme.mobile,discharging,1,33.5,39.2,100,95,1,12.79,0,0,0,4.373,0.288,1.259424,9137,3189,0,-
17:19:03.026,snap,default,com.ss.android.ugc.aweme.mobile,discharging,1,33.5,40,100,95,1,12.64,0,0,0,4.373,0.269,1.176337,9137,3189,0,-
17:19:04.026,snap,default,com.ss.android.ugc.aweme.mobile,discharging,1,33.5,38.8,100,95,1,12.64,0,0,0,4.373,0.265,1.158845,9165,2891,0,-
17:19:05.032,snap,default,com.ss.android.ugc.aweme.mobile,discharging,1,33.5,39.6,100,95,1,12.52,0,0,0,4.372,0.261,1.1410921,9165,2891,0,-
17:19:06.032,snap,default,com.ss.android.ugc.aweme.mobile,discharging,1,33.5,39.6,100,95,1,12.52,0,0,0,4.372,0.278,1.2154161,9165,2891,0,-
17:19:07.028,snap,default,com.ss.android.ugc.aweme.mobile,discharging,1,33.5,39.6,100,95,1,12.43,0,0,0,4.373,0.27,1.1807101,9436,3215,0,-
17:19:08.029,snap,default,com.ss.android.ugc.aweme.mobile,discharging,1,33.5,39.6,100,95,1,12.43,0,0,0,4.372,0.284,1.2416481,9436,3215,0,-
17:19:09.029,snap,default,com.ss.android.ugc.aweme.mobile,discharging,1,33.5,38.8,100,95,1,12.35,0,0,0,4.372,0.279,1.2197881,9404,3147,0,-
17:19:10.029,snap,default,com.ss.android.ugc.aweme.mobile,discharging,1,33.5,39.6,100,95,1,12.35,0,0,0,4.372,0.299,1.3072281,9404,3147,0,-
17:19:11.031,snap,default,com.ss.android.ugc.aweme.mobile,discharging,1,33.5,39.2,100,95,1,12.47,0,0,0,4.373,0.279,1.2200671,9469,3181,0,-
17:19:12.031,snap,default,com.ss.android.ugc.aweme.mobile,discharging,1,33.5,39.6,100,95,1,12.47,0,0,0,4.371,0.272,1.188912,9469,3181,0,-
17:19:13.031,snap,default,com.ss.android.ugc.aweme.mobile,discharging,1,33.5,39.6,100,95,1,12.38,0,0,0,4.374,0.271,1.185354,9153,2979,0,-
17:19:14.035,snap,default,com.ss.android.ugc.aweme.mobile,discharging,1,33.5,39.6,100,95,1,12.38,0,0,0,4.374,0.263,1.150362,9153,2979,0,-
17:19:15.033,snap,default,com.ss.android.ugc.aweme.mobile,discharging,1,33.5,38.8,100,95,1,12.31,0,0,6,4.374,0.263,1.150362,9180,3022,0,-
17:19:16.031,snap,default,com.ss.android.ugc.aweme.mobile,discharging,1,33.5,38.8,100,95,1,12.31,0,0,0,4.372,0.277,1.2110441,9180,3022,0,-
17:19:17.032,snap,default,com.ss.android.ugc.aweme.mobile,discharging,1,33.5,38.8,100,95,1,12.25,0,0,0,4.373,0.271,1.185083,9052,2974,0,-
17:19:18.032,snap,default,com.ss.android.ugc.aweme.mobile,discharging,1,33.5,40,100,95,1,12.25,0,0,0,4.373,0.271,1.185083,9052,2974,0,-
17:19:19.032,snap,default,com.ss.android.ugc.aweme.mobile,discharging,1,33.5,39.6,100,95,1,12.21,0,0,0,4.373,0.285,1.246305,9459,3477,0,-
17:19:20.032,snap,default,com.ss.android.ugc.aweme.mobile,discharging,1,33.5,40,100,95,1,12.21,0,0,0,4.373,0.282,1.233186,9459,3477,0,-
17:19:21.033,snap,default,com.ss.android.ugc.aweme.mobile,discharging,1,33.5,39.6,100,95,1,11.99,0,0,0,4.372,0.267,1.1673241,9148,3058,0,-
17:19:22.033,snap,default,com.ss.android.ugc.aweme.mobile,discharging,1,33.5,40,100,95,1,11.99,0,0,0,4.373,0.262,1.145726,9148,3058,0,-
17:19:23.034,snap,default,com.ss.android.ugc.aweme.mobile,discharging,1,33.5,39.6,100,95,1,11.99,0,0,0,4.372,0.271,1.1848121,9305,3330,0,-
17:19:24.033,snap,default,com.ss.android.ugc.aweme.mobile,discharging,1,33.5,39.6,100,95,1,11.99,0,0,0,4.372,0.284,1.2416481,9305,3330,0,-
17:19:25.033,snap,default,com.ss.android.ugc.aweme.mobile,discharging,1,33.5,38.8,100,95,1,12.17,0,0,0,4.371,0.285,1.2457349,9459,3324,0,-
17:19:26.034,snap,default,com.ss.android.ugc.aweme.mobile,discharging,1,33.5,38.4,100,95,1,12.17,0,0,0,4.373,0.268,1.171964,9459,3324,0,-
17:19:27.035,snap,default,com.ss.android.ugc.aweme.mobile,discharging,1,33.5,38.8,100,95,1,12.14,0,0,0,4.373,0.279,1.2200671,9207,2911,0,-
17:19:28.035,snap,default,com.ss.android.ugc.aweme.mobile,discharging,1,33.5,38.8,100,95,1,12.14,0,0,0,4.372,0.283,1.2372761,9207,2911,0,-
17:19:29.035,snap,default,com.ss.android.ugc.aweme.mobile,discharging,1,33.5,40,100,95,1,12.11,0,0,0,4.371,0.28,1.2238799,9374,3232,0,-
17:19:30.036,snap,default,com.ss.android.ugc.aweme.mobile,discharging,1,33.5,40,100,95,1,12.11,0,0,0,4.373,0.278,1.2156941,9374,3232,0,-
17:19:31.036,snap,default,com.ss.android.ugc.aweme.mobile,discharging,1,33.5,39.6,100,95,1,12.09,0,0,0,4.372,0.283,1.2372761,9325,3097,0,-
17:19:32.035,snap,default,com.ss.android.ugc.aweme.mobile,discharging,1,33.5,39.6,100,95,1,12.09,0,0,0,4.373,0.272,1.1894561,9325,3097,0,-
17:19:33.039,snap,default,com.ss.android.ugc.aweme.mobile,discharging,1,33.5,38.8,100,95,1,11.89,0,0,0,4.372,0.264,1.1542081,9325,3097,0,-
17:19:34.036,snap,default,com.ss.android.ugc.aweme.mobile,discharging,1,33.5,38.8,100,95,1,11.89,0,0,0,4.373,0.273,1.193829,9247,3122,0,-
17:19:35.036,snap,default,com.ss.android.ugc.aweme.mobile,discharging,1,33.5,38.8,100,95,1,11.91,0,0,0,4.373,0.266,1.163218,9247,3122,0,-
17:19:36.037,snap,default,com.ss.android.ugc.aweme.mobile,discharging,1,33.5,38.8,100,95,1,11.91,0,0,0,4.374,0.265,1.15911,9188,3170,0,-
17:19:37.038,snap,default,com.ss.android.ugc.aweme.mobile,discharging,1,33.5,39.2,100,95,1,12.11,0,0,0,4.373,0.284,1.241932,9188,3170,0,-
17:19:38.041,snap,default,com.ss.android.ugc.aweme.mobile,discharging,1,33.5,39.2,100,95,1,12.11,0,0,0,4.373,0.27,1.1807101,9444,3048,0,-
17:19:39.042,snap,default,com.ss.android.ugc.aweme.mobile,discharging,1,33.5,39.2,100,95,1,11.91,0,0,0,4.371,0.263,1.149573,9444,3048,0,-
17:19:40.039,snap,default,com.ss.android.ugc.aweme.mobile,discharging,1,33.5,39.2,100,95,1,11.91,0,0,0,4.373,0.266,1.163218,9146,3130,0,-
17:19:41.039,snap,default,com.ss.android.ugc.aweme.mobile,discharging,1,33.5,39.6,100,95,1,11.74,0,0,6,4.369,0.494,2.1582859,9146,3130,0,-
17:19:42.039,snap,default,com.ss.android.ugc.aweme.mobile,discharging,1,33.5,42.6,100,95,1,11.74,0,0,0,4.372,0.313,1.3684361,11858,4949,0,-
17:19:43.042,snap,default,com.ss.android.ugc.aweme.mobile,discharging,1,33.5,41.2,100,95,1,11.97,0,0,10,4.361,0.588,2.564268,11858,4949,0,-
17:19:44.040,snap,default,com.ss.android.ugc.aweme.mobile,discharging,1,33.5,41.2,100,95,1,11.97,0,0,10,4.372,0.409,1.7881482,18454,9932,0,-
17:19:45.041,snap,default,com.ss.android.ugc.aweme.mobile,discharging,1,33.5,40.8,100,95,1,11.43,0,0,0,4.372,0.26,1.1367201,18454,9932,0,-
17:19:46.042,snap,default,com.ss.android.ugc.aweme.mobile,discharging,1,33.5,40.4,100,95,1,11.43,0,0,0,4.371,0.281,1.2282509,9261,3639,0,-
17:19:47.040,snap,default,com.ss.android.ugc.aweme.mobile,discharging,1,33.5,40.4,100,95,1,11.17,0,0,0,4.372,0.292,1.2766241,9261,3639,0,-
17:19:48.043,snap,default,com.ss.android.ugc.aweme.mobile,discharging,1,33.5,40.4,100,95,1,11.17,0,0,0,4.368,0.287,1.253616,11448,4399,0,-
17:19:49.041,snap,default,com.ss.android.ugc.aweme.mobile,discharging,1,33.5,40.4,100,95,1,11.32,0,0,0,4.37,0.408,1.7829599,11448,4399,0,-
17:19:50.041,snap,default,com.ss.android.ugc.aweme.mobile,discharging,1,33.5,41.2,100,95,1,11.32,0,0,0,4.372,0.32,1.39904,10731,4657,0,-
17:19:51.041,snap,default,com.ss.android.ugc.aweme.mobile,discharging,1,33.5,40.8,100,95,1,11.44,0,0,0,4.365,0.323,1.409895,10731,4657,0,-
17:19:52.043,snap,default,com.ss.android.ugc.aweme.mobile,discharging,1,33.5,40.8,100,95,1,11.44,0,0,19,4.367,0.481,2.100527,16031,7750,0,-
17:19:53.046,snap,default,com.ss.android.ugc.aweme.mobile,discharging,1,33.5,40,100,95,1,11.18,0,0,0,4.37,0.391,1.70867,16031,7750,0,-
17:19:54.049,snap,default,com.ss.android.ugc.aweme.mobile,discharging,1,33.5,40,100,95,1,11.18,0,0,0,4.371,0.288,1.2588478,9142,3875,0,-
17:19:55.046,snap,default,com.ss.android.ugc.aweme.mobile,discharging,1,33.5,40,100,95,1,10.78,0,0,0,4.371,0.272,1.188912,9142,3875,0,-
17:19:56.045,snap,default,com.ss.android.ugc.aweme.mobile,discharging,1,33.5,40,100,95,1,10.78,0,0,0,4.367,0.272,1.1878241,12885,6207,0,-
17:19:57.045,snap,default,com.ss.android.ugc.aweme.mobile,discharging,1,33.5,40.4,100,95,1,10.64,0,0,0,4.366,0.473,2.065118,12885,6207,0,-
17:19:58.045,snap,default,com.ss.android.ugc.aweme.mobile,discharging,1,33.5,42,100,95,1,10.64,0,0,14,4.366,0.36,1.5717602,12885,6207,0,-
17:19:59.046,snap,default,com.ss.android.ugc.aweme.mobile,discharging,1,33.5,40.4,100,95,1,10.34,0,0,0,4.371,0.532,2.325372,15513,7433,0,-
17:20:00.047,snap,default,com.ss.android.ugc.aweme.mobile,discharging,1,33.5,40.4,100,95,1,10.34,0,0,0,4.373,0.258,1.128234,15513,7433,0,-
17:20:01.047,snap,default,com.ss.android.ugc.aweme.mobile,discharging,1,33.5,40,100,95,1,10.1,0,0,0,4.371,0.275,1.2020249,8772,3810,0,-
17:20:02.047,snap,default,com.ss.android.ugc.aweme.mobile,discharging,1,33.5,40,100,95,1,10.1,0,0,0,4.372,0.285,1.2460201,8772,3810,0,-
17:20:03.049,snap,default,com.ss.android.ugc.aweme.mobile,discharging,1,33.5,40,100,95,1,10.08,0,0,0,4.372,0.232,1.014304,8614,3400,0,-
17:20:04.047,snap,default,com.ss.android.ugc.aweme.mobile,discharging,1,33.5,40,100,95,1,10.08,0,0,0,4.368,0.283,1.236144,8614,3400,0,-
17:20:05.049,snap,default,com.ss.android.ugc.aweme.mobile,discharging,1,33.5,40,100,95,1,9.88,0,0,0,4.372,0.44,1.9236801,10895,4282,0,-
17:20:06.047,snap,default,com.ss.android.ugc.aweme.mobile,discharging,1,33.5,40,100,95,1,9.88,0,0,0,4.37,0.265,1.15805,10895,4282,0,-
17:20:07.048,snap,default,com.ss.android.ugc.aweme.mobile,discharging,1,33.5,40,100,95,1,10.08,0,0,0,4.372,0.273,1.1935561,8086,2962,0,-
17:20:08.048,snap,default,com.ss.android.ugc.aweme.mobile,discharging,1,33.5,40,100,95,1,10.08,0,0,0,4.371,0.262,1.1452019,8086,2962,0,-
17:20:09.048,snap,default,com.ss.android.ugc.aweme.mobile,discharging,1,33.5,40.8,100,95,1,10.07,0,0,0,4.37,0.314,1.37218,7904,2719,0,-
17:20:10.048,snap,default,com.ss.android.ugc.aweme.mobile,discharging,1,33.5,40.8,100,95,1,10.07,0,0,0,4.371,0.365,1.595415,7904,2719,0,-
17:20:11.048,snap,default,com.ss.android.ugc.aweme.mobile,discharging,1,33.5,39.6,100,95,1,10.42,0,0,0,4.37,0.347,1.51639,11717,4891,0,-
17:20:12.048,snap,default,com.ss.android.ugc.aweme.mobile,discharging,1,33.5,39.6,100,95,1,10.42,0,0,0,4.372,0.246,1.075512,11717,4891,0,-
17:20:13.048,snap,default,com.ss.android.ugc.aweme.mobile,discharging,1,33.5,40.4,100,95,1,10.88,0,0,5,4.366,0.409,1.7856941,14001,6233,0,-
17:20:14.048,snap,default,com.ss.android.ugc.aweme.mobile,discharging,1,33.5,42.4,100,95,1,10.88,0,0,0,4.371,0.389,1.7003189,14001,6233,0,-
17:20:15.048,snap,default,com.ss.android.ugc.aweme.mobile,discharging,1,33.5,40.8,100,95,1,10.54,0,0,0,4.37,0.404,1.76548,13251,5406,0,-
17:20:16.049,snap,default,com.ss.android.ugc.aweme.mobile,discharging,1,33.5,42,100,95,1,10.54,0,0,10,4.368,0.306,1.3366079,13251,5406,0,-
17:20:17.049,snap,default,com.ss.android.ugc.aweme.mobile,discharging,1,33.5,41.2,100,95,1,10.99,0,0,10,4.371,0.491,2.1461608,15579,7382,0,-
17:20:18.049,snap,default,com.ss.android.ugc.aweme.mobile,discharging,1,33.5,41.2,100,95,1,10.99,0,0,0,4.369,0.293,1.280117,15579,7382,0,-
17:20:19.051,snap,default,com.ss.android.ugc.aweme.mobile,discharging,1,33.5,40.4,100,95,1,10.44,0,0,0,4.371,0.311,1.3593808,8827,3471,0,-
17:20:20.050,snap,default,com.ss.android.ugc.aweme.mobile,discharging,1,33.5,40.4,100,95,1,10.44,0,0,0,4.372,0.29,1.2678801,8827,3471,0,-
17:20:21.050,snap,default,com.ss.android.ugc.aweme.mobile,discharging,1,33.5,39.2,100,95,1,10.54,0,0,0,4.369,0.272,1.1883681,8373,2893,0,-
17:20:22.050,snap,default,com.ss.android.ugc.aweme.mobile,discharging,1,33.5,39.2,100,95,1,10.54,0,0,0,4.371,0.269,1.1757989,8373,2893,0,-
17:20:23.050,snap,default,com.ss.android.ugc.aweme.mobile,discharging,1,33.5,39.2,100,95,1,10.63,0,0,0,4.372,0.255,1.11486,7584,2535,0,-
17:20:24.050,snap,default,com.ss.android.ugc.aweme.mobile,discharging,1,33.5,39.6,100,95,1,10.63,0,0,0,4.372,0.258,1.127976,7584,2535,0,-
17:20:25.051,snap,default,com.ss.android.ugc.aweme.mobile,discharging,1,33.5,39.6,100,95,1,10.87,0,0,0,4.371,0.252,1.1014919,7584,2535,0,-
17:20:26.053,snap,default,com.ss.android.ugc.aweme.mobile,discharging,1,33.5,38.8,100,95,1,10.87,0,0,0,4.372,0.247,1.079884,7733,2409,0,-
17:20:27.051,snap,default,com.ss.android.ugc.aweme.mobile,discharging,1,33.5,38.8,100,95,1,11.08,0,0,0,4.371,0.267,1.1670569,7733,2409,0,-
17:20:28.051,snap,default,com.ss.android.ugc.aweme.mobile,discharging,1,33.5,39.2,100,95,1,11.08,0,0,0,4.372,0.253,1.106116,8024,2616,0,-
17:20:29.052,snap,default,com.ss.android.ugc.aweme.mobile,discharging,1,33.5,39.2,100,95,1,11.06,0,0,0,4.372,0.249,1.088628,8024,2616,0,-
17:20:30.055,snap,default,com.ss.android.ugc.aweme.mobile,discharging,1,33.5,39.6,100,95,1,11.06,0,0,0,4.372,0.253,1.106116,7953,2181,0,-
17:20:31.055,snap,default,com.ss.android.ugc.aweme.mobile,discharging,1,33.5,38.8,100,95,1,11.23,0,0,0,4.372,0.244,1.066768,7953,2181,0,-
17:20:32.056,snap,default,com.ss.android.ugc.aweme.mobile,discharging,1,33.5,39.6,100,95,1,11.23,0,0,0,4.372,0.241,1.053652,7682,2289,0,-
17:20:33.056,snap,default,com.ss.android.ugc.aweme.mobile,discharging,1,33.5,40,100,95,1,11.19,0,0,0,4.371,0.328,1.4336879,7682,2289,0,-
17:20:34.055,snap,default,com.ss.android.ugc.aweme.mobile,discharging,1,33.5,40,100,95,1,11.19,0,0,0,4.372,0.246,1.075512,9334,3567,0,-
17:20:35.056,snap,default,com.ss.android.ugc.aweme.mobile,discharging,1,33.5,39.6,100,95,1,11.15,0,0,0,4.372,0.251,1.097372,9334,3567,0,-
17:20:36.056,snap,default,com.ss.android.ugc.aweme.mobile,discharging,1,33.5,39.2,100,95,1,11.15,0,0,0,4.372,0.253,1.106116,7655,2383,0,-
17:20:37.058,snap,default,com.ss.android.ugc.aweme.mobile,discharging,1,33.5,38.4,100,95,1,11.12,0,0,0,4.371,0.247,1.0796369,7655,2383,0,-
17:20:38.057,snap,default,com.ss.android.ugc.aweme.mobile,discharging,1,33.5,38.4,100,95,1,11.12,0,0,5,4.365,0.246,1.07379,8858,3168,0,-
17:20:39.057,snap,default,com.ss.android.ugc.aweme.mobile,discharging,1,33.5,40.8,100,95,1,10.74,0,0,5,4.371,0.45,1.9669498,8858,3168,0,-
17:20:40.057,snap,default,com.ss.android.ugc.aweme.mobile,discharging,1,33.5,41.2,100,95,1,10.74,0,0,0,4.371,0.268,1.171428,11384,4567,0,-
17:20:41.057,snap,default,com.ss.android.ugc.aweme.mobile,discharging,1,33.5,40.8,100,95,1,10.6,0,0,0,4.371,0.387,1.691577,11384,4567,0,-
17:20:42.059,snap,default,com.ss.android.ugc.aweme.mobile,discharging,1,33.5,40.8,100,95,1,10.6,0,0,7,4.37,0.366,1.59942,13127,5653,0,-
17:20:43.058,snap,default,com.ss.android.ugc.aweme.mobile,discharging,1,33.5,40.8,100,95,1,10.6,0,0,7,4.37,0.366,1.59942,13127,5653,0,-
17:20:44.059,snap,default,com.ss.android.ugc.aweme.mobile,discharging,1,33.5,41.2,100,95,1,10.31,0,0,0,4.369,0.338,1.476722,17843,9058,0,-
17:20:45.059,snap,default,com.ss.android.ugc.aweme.mobile,discharging,1,33.5,41.2,100,95,1,10.31,0,0,4,4.369,0.549,2.398581,17843,9058,0,-
17:20:46.061,snap,default,com.ss.android.ugc.aweme.mobile,discharging,1,33.5,40.8,100,95,1,10.25,0,0,0,4.369,0.393,1.717017,10257,4399,0,-
17:20:47.060,snap,default,com.ss.android.ugc.aweme.mobile,discharging,1,33.5,39.6,100,95,1,10.25,0,0,1,4.37,0.312,1.36344,10257,4399,0,-
17:20:48.059,snap,default,com.ss.android.ugc.aweme.mobile,discharging,1,33.5,40.8,100,95,1,9.66,0,0,0,4.37,0.302,1.3197399,13833,6894,0,-
17:20:49.059,snap,default,com.ss.android.ugc.aweme.mobile,discharging,1,33.5,40.8,100,95,1,9.66,0,0,0,4.361,0.281,1.225441,13833,6894,0,-
17:20:50.059,snap,default,com.ss.android.ugc.aweme.mobile,discharging,1,33.5,40.8,100,95,1,10.09,0,0,0,4.371,0.545,2.382195,9952,4080,0,-
17:20:51.060,snap,default,com.ss.android.ugc.aweme.mobile,discharging,1,33.5,40.4,100,95,1,10.09,0,0,0,4.371,0.295,1.2894449,9952,4080,0,-
17:20:52.060,snap,default,com.ss.android.ugc.aweme.mobile,discharging,1,33.5,40,100,95,1,9.71,0,0,0,4.371,0.278,1.215138,9952,4080,0,-
17:20:53.060,snap,default,com.ss.android.ugc.aweme.mobile,discharging,1,33.5,38.8,100,95,1,9.71,0,0,0,4.372,0.264,1.1542081,8047,3089,0,-
17:20:54.063,snap,default,com.ss.android.ugc.aweme.mobile,discharging,1,33.5,38.8,100,95,1,9.58,0,0,0,4.371,0.248,1.084008,8047,3089,0,-
17:20:55.061,snap,default,com.ss.android.ugc.aweme.mobile,discharging,1,33.5,40,100,95,1,9.58,0,0,0,4.371,0.242,1.0577819,8128,2746,0,-
17:20:56.061,snap,default,com.ss.android.ugc.aweme.mobile,discharging,1,33.5,40,100,95,1,9.83,0,0,0,4.371,0.247,1.0796369,8128,2746,0,-
17:20:57.061,snap,default,com.ss.android.ugc.aweme.mobile,discharging,1,33.5,38.4,100,95,1,9.83,0,0,0,4.372,0.243,1.062396,7372,2338,0,-
17:20:58.061,snap,default,com.ss.android.ugc.aweme.mobile,discharging,1,33.5,38.4,100,95,1,9.86,0,0,0,4.372,0.257,1.123604,7372,2338,0,-
17:20:59.062,snap,default,com.ss.android.ugc.aweme.mobile,discharging,1,33.5,39.6,100,95,1,9.86,0,0,2,4.372,0.255,1.11486,9949,3756,0,-
17:21:00.065,snap,default,com.ss.android.ugc.aweme.mobile,discharging,1,33.5,39.6,100,95,1,9.89,0,0,2,4.369,0.352,1.5378879,9949,3756,0,-
17:21:01.062,snap,default,com.ss.android.ugc.aweme.mobile,discharging,1,33.5,39.6,100,95,1,9.89,0,0,0,4.371,0.381,1.665351,10627,3939,0,-
17:21:02.062,snap,default,com.ss.android.ugc.aweme.mobile,discharging,1,33.5,40.4,100,95,1,9.73,0,0,0,4.371,0.291,1.271961,10627,3939,0,-
17:21:03.062,snap,default,com.ss.android.ugc.aweme.mobile,discharging,1,33.5,40.4,100,95,1,9.73,0,0,5,4.362,0.342,1.491804,16650,7635,0,-
17:21:04.062,snap,default,com.ss.android.ugc.aweme.mobile,discharging,1,33.5,40.4,100,95,1,9.77,0,0,0,4.371,0.51,2.22921,16650,7635,0,-
17:21:05.063,snap,default,com.ss.android.ugc.aweme.mobile,discharging,1,33.5,39.6,100,95,1,9.77,0,0,0,4.371,0.282,1.232622,8161,2778,0,-
17:21:06.064,snap,default,com.ss.android.ugc.aweme.mobile,discharging,1,33.5,39.6,100,95,1,9.45,0,0,0,4.371,0.265,1.158315,8161,2778,0,-
17:21:07.063,snap,default,com.ss.android.ugc.aweme.mobile,discharging,1,33.5,39.6,100,95,1,9.45,0,0,0,4.372,0.249,1.088628,7819,2651,0,-
17:21:08.064,snap,default,com.ss.android.ugc.aweme.mobile,discharging,1,33.5,39.6,100,95,1,9.73,0,0,0,4.371,0.257,1.1233469,7819,2651,0,-
17:21:09.063,snap,default,com.ss.android.ugc.aweme.mobile,discharging,1,33.5,39.2,100,95,1,9.73,0,0,0,4.37,0.261,1.14057,7855,2723,0,-
17:21:10.063,snap,default,com.ss.android.ugc.aweme.mobile,discharging,1,33.5,38.8,100,95,1,9.96,0,0,0,4.371,0.258,1.1277179,7855,2723,0,-
17:21:11.063,snap,default,com.ss.android.ugc.aweme.mobile,discharging,1,33.5,39.2,100,95,1,9.96,0,0,0,4.371,0.255,1.114605,10060,3522,0,-
17:21:12.064,snap,default,com.ss.android.ugc.aweme.mobile,discharging,1,33.5,40.4,100,95,1,10.33,0,0,0,4.364,0.258,1.125912,10060,3522,0,-
17:21:13.064,snap,default,com.ss.android.ugc.aweme.mobile,discharging,1,33.5,40.4,100,95,1,10.33,0,0,0,4.37,0.455,1.98835,8987,3316,0,-
17:21:14.064,snap,default,com.ss.android.ugc.aweme.mobile,discharging,1,33.5,39.6,100,95,1,9.91,0,0,0,4.371,0.285,1.2457349,8987,3316,0,-
17:21:15.064,snap,default,com.ss.android.ugc.aweme.mobile,discharging,1,33.5,39.2,100,95,1,9.91,0,0,0,4.37,0.285,1.2454499,7915,2682,0,-
17:21:16.065,snap,default,com.ss.android.ugc.aweme.mobile,discharging,1,33.5,38.4,100,95,1,9.92,0,0,0,4.37,0.279,1.21923,7915,2682,0,-
17:21:17.065,snap,default,com.ss.android.ugc.aweme.mobile,discharging,1,33.5,38.4,100,95,1,9.92,0,0,0,4.37,0.284,1.24108,7915,2682,0,-
17:21:18.065,snap,default,com.ss.android.ugc.aweme.mobile,discharging,1,33.5,39.6,100,95,1,10.3,0,0,0,4.37,0.275,1.20175,7653,2462,0,-
17:21:19.065,snap,default,com.ss.android.ugc.aweme.mobile,discharging,1,33.5,40.4,100,95,1,10.3,0,0,6,4.37,0.266,1.16242,7653,2462,0,-
17:21:20.065,snap,default,com.ss.android.ugc.aweme.mobile,discharging,1,33.5,40.4,100,95,1,10.61,0,0,6,4.37,0.397,1.73489,9465,3648,0,-
17:21:21.066,snap,default,com.ss.android.ugc.aweme.mobile,discharging,1,33.5,39.6,100,95,1,10.61,0,0,0,4.369,0.283,1.236427,9465,3648,0,-
17:21:22.065,snap,default,com.ss.android.ugc.aweme.mobile,discharging,1,33.5,39.6,100,95,1,11.04,0,0,0,4.369,0.277,1.2102131,8260,2666,0,-
17:21:23.066,snap,default,com.ss.android.ugc.aweme.mobile,discharging,1,33.5,40,100,95,1,11.04,0,0,0,4.369,0.382,1.668958,8260,2666,0,-
17:21:24.066,snap,default,com.ss.android.ugc.aweme.mobile,discharging,1,33.5,40,100,95,1,11.03,0,0,0,4.371,0.254,1.110234,10523,4242,0,-
17:21:25.066,snap,default,com.ss.android.ugc.aweme.mobile,discharging,1,33.5,38.8,100,95,1,11.03,0,0,0,4.371,0.253,1.1058629,10523,4242,0,-
17:21:26.066,snap,default,com.ss.android.ugc.aweme.mobile,discharging,1,33.5,38.8,100,95,1,10.66,0,0,0,4.371,0.255,1.114605,7854,2526,0,-
17:21:27.068,snap,default,com.ss.android.ugc.aweme.mobile,discharging,1,33.5,38.8,100,95,1,10.66,0,0,0,4.372,0.257,1.123604,7854,2526,0,-
17:21:28.067,snap,default,com.ss.android.ugc.aweme.mobile,discharging,1,33.5,39.2,100,95,1,10.72,0,0,0,4.371,0.278,1.215138,8108,2706,0,-
17:21:29.068,snap,default,com.ss.android.ugc.aweme.mobile,discharging,1,33.5,39.2,100,95,1,10.72,0,0,0,4.369,0.365,1.5946851,8108,2706,0,-
17:21:30.067,snap,default,com.ss.android.ugc.aweme.mobile,discharging,1,33.5,39.2,100,95,1,10.77,0,0,0,4.37,0.29,1.2672999,11948,4663,0,-
17:21:31.068,snap,default,com.ss.android.ugc.aweme.mobile,discharging,1,33.5,40.8,100,95,1,10.77,0,0,8,4.36,0.582,2.5375202,11948,4663,0,-
17:21:32.068,snap,default,com.ss.android.ugc.aweme.mobile,discharging,1,33.5,40.8,100,95,1,10.81,0,0,0,4.37,0.279,1.21923,15606,7526,0,-
17:21:33.068,snap,default,com.ss.android.ugc.aweme.mobile,discharging,1,33.5,40,100,95,1,10.81,0,0,0,4.369,0.288,1.2582719,15606,7526,0,-
17:21:34.068,snap,default,com.ss.android.ugc.aweme.mobile,discharging,1,33.5,40,100,95,1,10.66,0,0,0,4.369,0.299,1.3063309,14769,7115,0,-
17:21:35.074,snap,default,com.ss.android.ugc.aweme.mobile,discharging,1,33.5,40.4,100,95,1,10.66,0,0,0,4.366,0.546,2.383836,14769,7115,0,-
17:21:36.070,snap,default,com.ss.android.ugc.aweme.mobile,discharging,1,33.5,40.8,100,95,1,10.91,0,0,0,4.37,0.275,1.20175,10649,4665,0,-
17:21:37.070,snap,default,com.ss.android.ugc.aweme.mobile,discharging,1,33.5,40.8,100,95,1,10.91,0,0,0,4.369,0.287,1.253903,10649,4665,0,-
17:21:38.071,snap,default,com.ss.android.ugc.aweme.mobile,discharging,1,33.5,41.2,100,95,1,10.2,0,0,6,4.357,0.559,2.435563,15456,8115,0,-
17:21:39.071,snap,default,com.ss.android.ugc.aweme.mobile,discharging,1,33.5,44,100,95,1,10.2,0,0,0,4.369,0.337,1.472353,15456,8115,0,-
17:21:40.072,snap,default,com.ss.android.ugc.aweme.mobile,discharging,1,33.5,41.2,100,95,1,10.52,0,0,2,4.355,0.46,2.0033,13729,6124,0,-
17:21:41.072,snap,default,com.ss.android.ugc.aweme.mobile,discharging,1,33.6,40,100,95,1,10.52,0,0,0,4.37,0.245,1.07065,13729,6124,0,-
17:21:42.071,snap,default,com.ss.android.ugc.aweme.mobile,discharging,1,33.6,40,100,95,1,10.06,0,0,0,4.37,0.224,0.97888,7397,2227,0,-
17:21:43.074,snap,default,com.ss.android.ugc.aweme.mobile,discharging,1,33.6,40,100,95,1,10.06,0,0,0,4.363,0.402,1.753926,7397,2227,0,-
17:21:44.074,snap,default,com.ss.android.ugc.aweme.mobile,discharging,1,33.6,39.6,100,95,1,9.33,0,0,0,4.37,0.23,1.0051,7397,2227,0,-
17:21:45.072,snap,default,com.ss.android.ugc.aweme.mobile,discharging,1,33.6,39.6,100,95,1,9.33,0,0,0,4.372,0.223,0.9749561,5097,1173,0,-
17:21:46.074,snap,default,com.ss.android.ugc.aweme.mobile,discharging,1,33.6,39.2,100,95,1,8.72,0,0,0,4.37,0.224,0.97888,5097,1173,0,-
17:21:47.072,snap,default,com.ss.android.ugc.aweme.mobile,discharging,1,33.6,38.8,100,95,1,8.72,0,0,0,4.37,0.215,0.93955,3925,592,0,-
17:21:48.072,snap,default,com.ss.android.ugc.aweme.mobile,discharging,1,33.6,38.8,100,95,1,8.23,0,0,6,4.37,0.207,0.90459,3925,592,0,-
17:21:49.072,snap,default,com.ss.android.ugc.aweme.mobile,discharging,1,33.6,40.4,100,95,1,8.23,0,0,6,4.369,0.458,2.001002,9735,3650,0,-
17:21:50.075,snap,default,com.ss.android.ugc.aweme.mobile,discharging,1,33.6,40.8,100,95,1,8.55,0,0,11,4.362,0.552,2.407824,9735,3650,0,-
17:21:51.076,snap,default,com.ss.android.ugc.aweme.mobile,discharging,1,33.6,40.8,100,95,1,8.55,0,0,11,4.367,0.333,1.454211,14371,5792,0,-
17:21:52.076,snap,default,com.ss.android.ugc.aweme.mobile,discharging,1,33.6,40.8,100,95,1,8.45,0,0,11,4.369,0.35,1.52915,14371,5792,0,-
17:21:53.075,snap,default,com.ss.android.ugc.aweme.mobile,discharging,1,33.6,40.8,100,95,1,8.45,0,0,8,4.364,0.424,1.850336,13919,5688,0,-
17:21:54.075,snap,default,com.ss.android.ugc.aweme.mobile,discharging,1,33.6,41.6,100,95,1,8.37,0,0,11,4.36,0.512,2.23232,13919,5688,0,-
17:21:55.078,snap,default,com.ss.android.ugc.aweme.mobile,discharging,1,33.6,41.6,100,95,1,8.37,0,0,12,4.364,0.434,1.8939759,14599,5963,0,-
17:21:56.076,snap,default,com.ss.android.ugc.aweme.mobile,discharging,1,33.6,40,100,95,1,8.12,0,0,0,4.369,0.246,1.074774,14599,5963,0,-
17:21:57.076,snap,default,com.ss.android.ugc.aweme.mobile,discharging,1,33.6,40,100,95,1,8.12,0,0,12,4.369,0.293,1.280117,6238,1896,0,-
17:21:58.077,snap,default,com.ss.android.ugc.aweme.mobile,discharging,1,33.6,40.4,100,95,1,7.55,0,0,0,4.361,0.354,1.543794,6238,1896,0,-
17:21:59.077,snap,default,com.ss.android.ugc.aweme.mobile,discharging,1,33.6,40.4,100,95,1,7.55,0,0,0,4.366,0.503,2.196098,16034,7297,0,-
17:22:00.078,snap,default,com.ss.android.ugc.aweme.mobile,discharging,1,33.6,42,100,95,1,7.99,0,0,0,4.368,0.262,1.144416,16034,7297,0,-
17:22:01.078,snap,default,com.ss.android.ugc.aweme.mobile,discharging,1,33.6,42,100,95,1,7.99,0,0,0,4.365,0.488,2.1301198,20601,8627,0,-
17:22:02.080,snap,default,com.ss.android.ugc.aweme.mobile,discharging,1,33.6,42,100,95,1,11.44,0,0,0,4.363,0.507,2.2120411,20601,8627,0,-
17:22:10.743,snap,default,com.miui.home,discharging,1,33.6,41.6,100,95,1,15.52,0.36,0.18,0,4.375,0.014,0.06125,15359,6144,0,-
17:22:11.743,snap,default,com.miui.home,discharging,1,33.6,41.6,100,95,1,15.52,0.36,0.18,6,4.351,0.036,0.15663598,15359,6144,0,-
17:22:12.743,snap,default,com.miui.home,discharging,1,33.6,41.6,100,95,1,18.51,0.29,0.14,3,4.356,1.146,4.9919763,30096,14335,0,-
17:22:13.744,snap,default,com.ss.android.ugc.aweme.mobile,discharging,1,33.6,42.4,100,95,1,18.51,0.29,0.14,0,4.365,0.871,3.8019147,30096,14335,0,-
17:22:14.746,snap,default,com.ss.android.ugc.aweme.mobile,discharging,1,33.6,42.4,100,95,1,17.51,0.24,0.12,1,4.365,0.521,2.274165,15571,7597,0,-
17:22:15.745,snap,default,com.ss.android.ugc.aweme.mobile,discharging,1,33.6,42.4,100,95,1,17.51,0.24,0.12,2,4.367,0.377,1.6463591,15571,7597,0,-
17:22:16.745,snap,default,com.ss.android.ugc.aweme.mobile,discharging,1,33.6,41.6,100,95,1,16.51,0.19,0.09,2,4.367,0.486,2.1223621,15571,7597,0,-
17:22:17.746,snap,default,com.ss.android.ugc.aweme.mobile,discharging,1,33.6,41.2,100,95,1,16.51,0.19,0.09,0,4.367,0.425,1.8559752,16961,8467,0,-
17:22:18.746,snap,default,com.ss.android.ugc.aweme.mobile,discharging,1,33.6,40.8,100,95,1,15.51,0.16,0.08,0,4.368,0.302,1.3191359,16961,8467,0,-
17:22:19.746,snap,default,com.ss.android.ugc.aweme.mobile,discharging,1,33.6,40.4,100,95,1,15.51,0.16,0.08,0,4.369,0.282,1.232058,10614,4251,0,-
17:22:20.746,snap,default,com.ss.android.ugc.aweme.mobile,discharging,1,33.6,40.8,100,95,1,15.24,0.13,0.06,0,4.361,0.39,1.7007899,10614,4251,0,-
17:22:21.746,snap,default,com.ss.android.ugc.aweme.mobile,discharging,1,33.6,40.8,100,95,1,15.24,0.13,0.06,0,4.368,0.456,1.991808,16075,7798,0,-
17:22:22.747,snap,default,com.ss.android.ugc.aweme.mobile,discharging,1,33.6,40.8,100,95,1,14.47,0.1,0.05,0,4.368,0.287,1.253616,16075,7798,0,-
17:22:23.746,snap,default,com.ss.android.ugc.aweme.mobile,discharging,1,33.6,40.8,100,95,1,14.47,0.1,0.05,0,4.369,0.275,1.201475,11343,4990,0,-
17:22:24.747,snap,default,com.ss.android.ugc.aweme.mobile,discharging,1,33.6,40,100,95,1,13.84,0.08,0.04,0,4.368,0.262,1.144416,11343,4990,0,-
17:22:25.747,snap,default,com.ss.android.ugc.aweme.mobile,discharging,1,33.6,40.8,100,95,1,13.84,0.08,0.04,0,4.369,0.278,1.214582,10438,4317,0,-
17:22:26.747,snap,default,com.ss.android.ugc.aweme.mobile,discharging,1,33.6,40.4,100,95,1,13.68,0.07,0.03,0,4.368,0.282,1.231776,10438,4317,0,-
17:22:27.748,snap,default,com.ss.android.ugc.aweme.mobile,discharging,1,33.6,40.4,100,95,1,13.68,0.07,0.03,0,4.369,0.334,1.4592459,10902,4447,0,-
17:22:28.748,snap,default,com.ss.android.ugc.aweme.mobile,discharging,1,33.6,40.4,100,95,1,13.56,0.05,0.02,0,4.368,0.262,1.144416,10902,4447,0,-
17:22:29.748,snap,default,com.ss.android.ugc.aweme.mobile,discharging,1,33.6,40.4,100,95,1,13.56,0.05,0.02,0,4.369,0.254,1.1097261,9216,2897,0,-
17:22:30.752,snap,default,com.ss.android.ugc.aweme.mobile,discharging,1,33.6,40.4,100,95,1,13.46,0.04,0.02,0,4.368,0.247,1.0788959,9216,2897,0,-
17:22:31.749,snap,default,com.ss.android.ugc.aweme.mobile,discharging,1,33.6,39.6,100,95,1,13.46,0.04,0.02,0,4.368,0.251,1.096368,9263,2982,0,-
17:22:32.749,snap,default,com.ss.android.ugc.aweme.mobile,discharging,1,33.6,39.6,100,95,1,13.37,0.03,0.01,0,4.367,0.34,1.4847801,9263,2982,0,-
17:22:33.749,snap,default,com.ss.android.ugc.aweme.mobile,discharging,1,33.6,40.4,100,95,1,13.37,0.03,0.01,5,4.365,0.414,1.80711,10953,4107,0,-
17:22:34.750,snap,default,com.ss.android.ugc.aweme.mobile,discharging,1,33.6,40.4,100,95,1,12.94,0.03,0.01,5,4.367,0.48,2.09616,10953,4107,0,-
17:22:35.749,snap,default,com.ss.android.ugc.aweme.mobile,discharging,1,33.6,40.8,100,95,1,12.94,0.03,0.01,0,4.359,0.465,2.026935,14463,6340,0,-
17:22:36.751,snap,default,com.ss.android.ugc.aweme.mobile,discharging,1,33.6,42,100,95,1,12.59,0.02,0.01,9,4.361,0.637,2.7779572,14463,6340,0,-
17:22:37.750,snap,default,com.ss.android.ugc.aweme.mobile,discharging,1,33.6,42,100,95,1,12.59,0.02,0.01,7,4.364,0.425,1.8547,18499,8493,0,-
17:22:38.751,snap,default,com.ss.android.ugc.aweme.mobile,discharging,1,33.6,41.2,100,95,1,12.12,0.02,0,1,4.366,0.373,1.6285181,18499,8493,0,-
17:22:39.751,snap,default,com.ss.android.ugc.aweme.mobile,discharging,1,33.6,41.2,100,95,1,12.12,0.02,0,2,4.352,0.662,2.8810241,18943,9646,0,-
17:22:40.752,snap,default,com.ss.android.ugc.aweme.mobile,discharging,1,33.6,42,100,95,1,12.28,0.01,0,2,4.366,0.433,1.890478,18943,9646,0,-
17:22:41.752,snap,default,com.ss.android.ugc.aweme.mobile,discharging,1,33.6,42,100,95,1,12.28,0.01,0,0,4.364,0.414,1.8066959,10665,3819,0,-
17:22:42.752,snap,default,com.ss.android.ugc.aweme.mobile,discharging,1,33.6,41.2,100,95,1,12.05,0.01,0,0,4.367,0.348,1.519716,10665,3819,0,-
17:22:43.752,snap,default,com.ss.android.ugc.aweme.mobile,discharging,1,33.6,40.8,100,95,1,12.05,0.01,0,0,4.367,0.335,1.4629451,10665,3819,0,-
17:22:44.752,snap,default,com.ss.android.ugc.aweme.mobile,discharging,1,33.6,40.8,100,95,1,12.22,0.01,0,0,4.366,0.328,1.4320481,9374,3261,0,-
17:22:45.753,snap,default,com.ss.android.ugc.aweme.mobile,discharging,1,33.6,40.4,100,95,1,12.22,0.01,0,0,4.368,0.329,1.437072,9374,3261,0,-
17:22:46.752,snap,default,com.ss.android.ugc.aweme.mobile,discharging,1,33.6,40.4,100,95,1,12.36,0,0,0,4.369,0.254,1.1097261,9768,3097,0,-
17:22:47.757,snap,default,com.ss.android.ugc.aweme.mobile,discharging,1,33.6,40.4,100,95,1,12.36,0,0,0,4.368,0.25,1.092,9768,3097,0,-
17:22:48.754,snap,default,com.ss.android.ugc.aweme.mobile,discharging,1,33.6,39.6,100,95,1,12.47,0,0,0,4.368,0.252,1.100736,9158,2892,0,-
17:22:49.756,snap,default,com.ss.android.ugc.aweme.mobile,discharging,1,33.6,40,100,95,1,12.47,0,0,0,4.368,0.252,1.100736,9158,2892,0,-
17:22:50.754,snap,default,com.ss.android.ugc.aweme.mobile,discharging,1,33.6,40,100,95,1,12.75,0,0,0,4.367,0.263,1.1485211,9551,3170,0,-
17:22:51.754,snap,default,com.ss.android.ugc.aweme.mobile,discharging,1,33.6,40,100,95,1,12.75,0,0,0,4.367,0.314,1.3712381,9551,3170,0,-
17:22:52.754,snap,default,com.ss.android.ugc.aweme.mobile,discharging,1,33.6,40,100,95,1,12.98,0,0,0,4.368,0.308,1.345344,9635,2990,0,-
17:22:53.754,snap,default,com.ss.android.ugc.aweme.mobile,discharging,1,33.6,40,100,95,1,12.98,0,0,5,4.361,0.412,1.7967321,9635,2990,0,-
17:22:54.756,snap,default,com.ss.android.ugc.aweme.mobile,discharging,1,33.6,40.8,100,95,1,12.62,0,0,5,4.367,0.404,1.7642682,13233,5378,0,-
17:22:55.756,snap,default,com.ss.android.ugc.aweme.mobile,discharging,1,33.6,40.8,100,95,1,12.62,0,0,0,4.366,0.311,1.357826,13233,5378,0,-
17:22:56.760,snap,default,com.ss.android.ugc.aweme.mobile,discharging,1,33.6,41.2,100,95,1,12.87,0,0,0,4.368,0.29,1.2667199,9993,3281,0,-
17:22:57.756,snap,default,com.ss.android.ugc.aweme.mobile,discharging,1,33.6,40.8,100,95,1,12.87,0,0,0,4.364,0.434,1.8939759,9993,3281,0,-
17:22:58.757,snap,default,com.ss.android.ugc.aweme.mobile,discharging,1,33.6,41.6,100,95,1,13.07,0,0,0,4.365,0.443,1.9336948,19424,9007,0,-
17:22:59.758,snap,default,com.ss.android.ugc.aweme.mobile,discharging,1,33.6,42.4,100,95,1,13.07,0,0,0,4.366,0.457,1.995262,19424,9007,0,-
17:23:00.757,snap,default,com.ss.android.ugc.aweme.mobile,discharging,1,33.6,42.4,100,95,1,12.7,0,0,10,4.361,0.462,2.0147822,20603,9982,0,-
17:23:01.758,snap,default,com.ss.android.ugc.aweme.mobile,discharging,1,33.6,42.4,100,95,1,12.7,0,0,0,4.36,0.453,1.9750801,20603,9982,0,-
17:23:02.758,snap,default,com.ss.android.ugc.aweme.mobile,discharging,1,33.6,42.4,100,95,1,12.21,0,0,9,4.359,0.555,2.4192452,19302,9570,0,-
17:23:03.760,snap,default,com.ss.android.ugc.aweme.mobile,discharging,1,33.6,43.6,100,95,1,12.21,0,0,0,4.36,0.571,2.48956,19302,9570,0,-
17:23:04.758,snap,default,com.ss.android.ugc.aweme.mobile,discharging,1,33.6,43.6,100,95,1,11.62,0.18,0,0,4.361,0.563,2.455243,20020,9356,0,-
17:23:05.759,snap,default,com.ss.android.ugc.aweme.mobile,discharging,1,33.6,43.6,100,95,1,11.62,0.18,0,9,4.363,0.404,1.762652,20020,9356,0,-
17:23:06.759,snap,default,com.ss.android.ugc.aweme.mobile,discharging,1,33.6,41.6,100,95,1,10.97,0.14,0,5,4.364,0.344,1.501216,14822,6820,0,-
17:23:07.759,snap,default,com.ss.android.ugc.aweme.mobile,discharging,1,33.6,40.8,100,95,1,10.97,0.14,0,5,4.366,0.404,1.7638642,14822,6820,0,-
17:23:08.765,snap,default,com.ss.android.ugc.aweme.mobile,discharging,1,33.6,41.2,100,95,1,10.61,0.12,0,5,4.356,0.377,1.642212,14822,6820,0,-
17:23:09.765,snap,default,com.ss.android.ugc.aweme.mobile,discharging,1,33.6,41.2,100,95,1,10.61,0.12,0,5,4.364,0.385,1.6801399,15445,7437,0,-
17:23:10.765,snap,default,com.ss.android.ugc.aweme.mobile,discharging,1,33.6,42,100,95,1,10.14,0.09,0,5,4.364,0.405,1.7674199,15445,7437,0,-
17:23:11.765,snap,default,com.ss.android.ugc.aweme.mobile,discharging,1,33.6,42,100,95,1,10.14,0.09,0,6,4.366,0.583,2.5453782,16117,7107,0,-
17:23:12.765,snap,default,com.ss.android.ugc.aweme.mobile,discharging,1,33.6,42.4,100,95,1,10.47,0.08,0,0,4.35,0.404,1.7574,16117,7107,0,-
17:23:13.765,snap,default,com.ss.android.ugc.aweme.mobile,discharging,1,33.6,45.1,100,95,1,10.47,0.08,0,19,4.354,0.938,4.084052,21348,11507,0,-
17:23:14.766,snap,default,com.ss.android.ugc.aweme.mobile,discharging,1,33.6,46.3,100,95,1,14.19,0.06,0.36,10,4.354,0.865,3.76621,21348,11507,0,-
17:23:15.768,snap,default,com.ss.android.ugc.aweme.mobile,discharging,1,33.6,46.3,100,95,1,14.19,0.06,0.36,49,4.362,0.623,2.7175262,34845,19462,0,-
17:23:16.767,snap,default,com.miui.home,discharging,1,33.7,44.8,100,95,1,13.25,0.05,0.29,35,4.356,0.546,2.378376,34845,19462,0,-
17:23:17.768,snap,default,com.miui.home,discharging,1,33.7,44.4,100,95,1,13.25,0.05,0.29,35,4.364,0.359,1.5666759,14175,6271,0,-
17:23:18.767,snap,default,com.miui.home,discharging,1,33.7,42.4,100,95,1,12.12,0.76,0.24,0,4.364,0.37,1.6146799,14175,6271,0,-
17:23:19.767,snap,default,com.miui.home,discharging,1,33.7,42,100,95,1,12.12,0.76,0.24,28,4.359,0.458,1.9964222,8363,2958,0,-
17:23:20.769,snap,default,com.miui.home,discharging,1,33.7,42,100,95,1,11.91,0.81,0.19,29,4.359,0.458,1.9964222,8363,2958,0,-
17:23:21.774,snap,default,com.miui.home,discharging,1,33.7,41.6,100,95,1,11.91,0.81,0.19,29,4.356,0.474,2.064744,12318,5719,0,-
17:23:22.773,snap,default,com.miui.personalassistant,discharging,1,33.7,40.8,100,95,1,11.91,0.81,0.19,0,4.364,0.271,1.1826439,12318,5719,0,-
17:23:23.769,snap,default,com.miui.personalassistant,discharging,1,33.7,39.6,100,95,1,10.48,0.66,0.16,0,4.368,0.167,0.729456,1425,299,0,-
17:23:24.768,snap,default,com.miui.personalassistant,discharging,1,33.7,39.6,100,95,1,10.48,0.66,0.16,0,4.366,0.167,0.729122,1425,299,0,-
17:23:40.391,snap,default,com.miui.personalassistant,discharging,1,33.7,39.2,100,95,1,10.03,0.54,0.13,0,4.356,0.337,1.467972,15247,7920,0,-
17:24:13.121,snap,default,com.miui.home,discharging,1,33.7,42.2,100,95,1,10.03,0.54,0.13,0,4.374,0.034,0.14871602,15247,7920,0,-
17:24:14.121,snap,default,com.miui.home,discharging,1,33.6,42.8,100,95,1,11.65,0.62,0.1,0,4.374,0.037,0.16183801,24659,13657,0,-
17:24:15.121,snap,default,com.miui.home,discharging,1,33.6,44,100,95,1,11.65,0.62,0.1,7,4.348,0.59,2.56532,24659,13657,0,-
17:24:16.122,snap,default,com.miui.home,discharging,1,33.6,44,100,95,1,13.89,0.51,0.08,7,4.368,0.795,3.4725602,28944,15080,0,-
17:24:58.633,snap,default,com.miui.home,discharging,1,33.6,41,100,95,1,14.45,0.41,0.07,0,4.372,0.064,0.279808,28944,15080,0,-
17:24:59.629,snap,default,com.miui.home,discharging,1,33.6,38,100,95,1,14.45,0.41,0.07,0,4.372,0.064,0.279808,11150,4738,0,-
17:26:14.379,snap,default,com.miui.home,discharging,1,33.6,36.8,100,95,1,14.45,0.41,0.07,0,4.374,0.073,0.319302,11150,4738,0,-
17:29:11.274,snap,default,com.miui.home,discharging,1,33.6,37.6,100,95,1,13.46,0.34,0.05,0,4.372,0.091,0.397852,15602,7586,0,-
17:29:12.278,snap,default,com.miui.home,discharging,1,33.6,37.6,100,95,1,13.92,0.46,0.04,0,4.367,0.209,0.91270304,15602,7586,0,-
17:30:14.578,snap,default,com.miui.home,discharging,1,33.6,36.8,100,95,1,13.92,0.46,0.04,0,4.376,0.02,0.087519996,18406,9060,0,-
17:32:12.331,snap,default,com.miui.home,discharging,1,33.6,36.8,100,95,1,13.39,0.56,0.03,0,4.376,0.014,0.061264,18406,9060,0,-
17:32:13.333,snap,default,com.miui.home,discharging,1,32.8,36.4,100,95,1,13.39,0.56,0.03,0,4.374,0.087,0.380538,7183,2167,0,-
17:34:38.992,snap,default,com.miui.home,discharging,1,32.8,36,100,95,1,12.23,0.45,0.03,0,4.376,0.014,0.061264,7183,2167,0,-
17:35:51.948,snap,default,com.miui.home,discharging,1,32.8,36,100,95,1,12.23,0.45,0.03,0,4.375,0.017,0.074375,16255,8677,0,-
17:35:52.948,snap,default,com.miui.home,discharging,1,32.5,38.8,100,95,1,12.91,0.55,0.02,12,4.346,0.832,3.6158721,16255,8677,0,-
17:35:53.948,snap,default,com.miui.personalassistant,discharging,1,32.5,41.8,100,95,1,12.91,0.55,0.02,15,4.349,0.977,4.248973,35598,17639,0,-
17:35:54.948,snap,default,com.miui.personalassistant,discharging,1,32.5,44,100,95,1,14.2,0.63,0.02,41,4.356,0.71,3.0927598,35598,17639,0,-
17:35:55.948,snap,default,com.miui.personalassistant,discharging,1,32.5,44,100,95,1,14.2,0.63,0.02,41,4.356,0.537,2.339172,27332,12737,0,-
17:35:56.948,snap,default,com.miui.personalassistant,discharging,1,32.5,47,100,95,1,15.61,0.7,0.01,12,4.332,1.379,5.9738274,27332,12737,0,-
17:35:57.949,snap,default,com.miui.personalassistant,discharging,1,32.5,50,100,95,1,15.61,0.7,0.01,34,4.333,1.392,6.031536,27332,12737,0,-
17:35:58.949,snap,default,com.miui.personalassistant,discharging,1,32.5,49.5,100,95,1,17.13,0.57,0.01,53,4.348,0.762,3.3131762,42273,24485,0,-
17:35:59.949,snap,default,com.miui.personalassistant,discharging,1,32.5,46.5,100,95,1,17.13,0.57,0.01,0,4.353,0.454,1.9762621,42273,24485,0,-
17:36:00.949,snap,default,com.miui.personalassistant,discharging,1,32.5,43.5,100,95,1,15.29,0.47,0.01,26,4.363,0.403,1.758289,15183,6357,0,-
17:36:01.951,snap,default,com.miui.personalassistant,discharging,1,32.5,41.6,100,95,1,15.29,0.47,0.01,26,4.362,0.449,1.958538,15183,6357,0,-
17:36:02.950,snap,default,com.miui.personalassistant,discharging,1,32.5,41.6,100,95,1,13.61,0.38,0,26,4.361,0.329,1.434769,10933,4313,0,-
17:36:03.952,snap,default,com.miui.personalassistant,discharging,1,32.5,40,100,95,1,13.61,0.38,0,26,4.364,0.488,2.129632,10933,4313,0,-
17:36:04.953,snap,default,com.miui.personalassistant,discharging,1,32.5,39.6,100,95,1,12.59,0.31,0,29,4.359,0.347,1.5125731,14044,6387,0,-
17:36:05.955,snap,default,com.miui.personalassistant,discharging,1,32.5,39.6,100,95,1,12.59,0.31,0,29,4.364,0.341,1.4881239,14044,6387,0,-
17:36:06.952,snap,default,com.miui.personalassistant,discharging,1,32.5,40.4,100,95,1,12.3,0.25,0,14,4.345,0.569,2.4723048,13106,6823,0,-
17:36:07.953,snap,default,com.miui.personalassistant,discharging,1,32.5,40.4,100,95,1,12.3,0.25,0,8,4.341,1.251,5.430591,13106,6823,0,-
17:36:08.952,snap,default,com.miui.personalassistant,discharging,1,32.5,40.4,100,95,1,16.23,1.11,0,0,4.318,1.649,7.120382,38205,21110,0,-
17:36:09.952,snap,default,com.miui.personalassistant,discharging,1,32.5,40.4,100,95,1,16.23,1.11,0,0,4.311,2.121,9.143631,38205,21110,0,-
17:36:10.951,snap,default,com.miui.personalassistant,discharging,1,32.5,40.4,100,95,1,20.9,1.27,0,0,4.329,1.479,6.4025908,41066,23944,0,-
17:36:11.951,snap,default,com.phoenix.read,discharging,1,32.6,40.4,100,95,1,20.9,1.27,0,0,4.337,1.774,7.693838,41066,23944,0,-
17:36:12.951,snap,default,com.phoenix.read,discharging,1,32.6,40.4,100,95,1,23.45,1.77,0,0,4.325,1.61,6.9632497,43926,22641,0,-
17:36:13.954,snap,default,com.phoenix.read,discharging,1,32.6,40.4,100,95,1,23.45,1.77,0,4,4.34,1.412,6.12808,43926,22641,0,-
17:36:14.952,snap,default,com.phoenix.read,discharging,1,32.6,40.4,100,95,1,23.37,1.99,0,34,4.334,0.904,3.917936,36037,16487,0,-
17:36:15.952,snap,default,com.phoenix.read,discharging,1,32.6,40.4,100,95,1,23.37,1.99,0,23,4.344,1.116,4.847904,36037,16487,0,-
17:36:16.953,snap,default,com.phoenix.read,discharging,1,32.6,40.4,100,95,1,24.57,1.99,0,34,4.315,1.382,5.96333,40770,22529,0,-
17:36:17.953,snap,default,com.phoenix.read,discharging,1,32.6,40.4,100,95,1,24.57,1.99,0,20,4.315,2.284,9.85546,40770,22529,0,-
17:36:18.954,snap,default,com.phoenix.read,discharging,1,32.6,40.4,100,95,1,27.36,1.81,0,20,4.334,1.447,6.2712984,42013,24184,0,-
17:36:19.960,snap,default,com.phoenix.read,discharging,1,32.7,40.4,100,95,1,27.36,1.81,0,41,4.331,1.235,5.348785,42013,24184,0,-
17:36:20.953,snap,default,com.phoenix.read,discharging,1,32.7,40.4,100,95,1,29.11,1.84,0,27,4.328,1.51,6.53528,40061,20175,0,-
17:36:21.953,snap,default,com.phoenix.read,discharging,1,32.7,43.4,100,95,1,29.11,1.84,0,27,4.349,1.009,4.3881407,40061,20175,0,-
17:36:22.955,snap,default,com.phoenix.read,discharging,1,32.7,46.4,100,95,1,26.91,1.69,0,27,4.349,0.518,2.252782,23321,9201,0,-
17:36:23.953,snap,default,com.phoenix.read,discharging,1,32.7,48.7,100,95,1,26.91,1.69,0,0,4.355,0.417,1.816035,23321,9201,0,-
17:36:24.955,snap,default,com.phoenix.read,discharging,1,32.7,47.1,100,95,1,24.57,1.75,0,0,4.358,0.39,1.6996199,23321,9201,0,-
17:36:25.955,snap,default,com.phoenix.read,discharging,1,32.7,44.8,100,95,1,24.57,1.75,0,0,4.361,0.265,1.1556649,12711,3819,0,-
17:36:26.955,snap,default,com.phoenix.read,discharging,1,32.8,43.6,100,95,1,21.93,1.43,0,0,4.36,0.214,0.93304,12711,3819,0,-
17:36:27.955,snap,default,com.phoenix.read,discharging,1,32.8,42,100,95,1,21.93,1.43,0,0,4.363,0.225,0.98167497,6564,1426,0,-
17:36:28.956,snap,default,com.phoenix.read,discharging,1,32.8,41.6,100,95,1,19.77,1.17,0,0,4.363,0.199,0.86823696,6564,1426,0,-
17:36:29.956,snap,default,com.phoenix.read,discharging,1,32.8,41.6,100,95,1,19.77,1.17,0,0,4.361,0.191,0.832951,6485,1500,0,-
17:36:30.954,snap,default,com.phoenix.read,discharging,1,32.8,44.6,100,95,1,18.18,0.95,0,0,4.347,0.603,2.621241,6485,1500,0,-
17:36:31.955,snap,default,com.phoenix.read,discharging,1,32.8,47.6,100,95,1,18.18,0.95,0,4,4.343,0.996,4.325628,19282,7735,0,-
17:36:32.955,snap,default,com.phoenix.read,discharging,1,32.8,47.9,100,95,1,17.6,1.32,0,26,4.347,0.825,3.586275,19282,7735,0,-
17:36:33.955,snap,default,com.phoenix.read,discharging,1,32.8,44.9,100,95,1,17.6,1.32,0,26,4.359,0.518,2.2579622,20717,8163,0,-
17:36:34.958,snap,default,com.phoenix.read,discharging,1,32.8,44,100,95,1,16.41,1.08,0,26,4.352,0.512,2.2282243,20717,8163,0,-
17:36:35.955,snap,default,com.phoenix.read,discharging,1,32.8,44,100,95,1,16.41,1.08,0,0,4.356,0.348,1.515888,13202,4436,0,-
17:36:36.955,snap,default,com.phoenix.read,discharging,1,32.8,44,100,95,1,15.06,0.89,0,23,4.359,0.558,2.4323223,13202,4436,0,-
17:36:37.958,snap,default,com.phoenix.read,discharging,1,32.8,43.6,100,95,1,15.06,0.89,0,23,4.361,0.347,1.513267,15963,6935,0,-
17:36:38.956,snap,default,com.phoenix.read,discharging,1,32.8,43.6,100,95,1,13.78,0.72,0,0,4.361,0.254,1.107694,15963,6935,0,-
17:36:39.957,snap,default,com.phoenix.read,discharging,1,32.9,41.6,100,95,1,13.78,0.72,0,0,4.361,0.335,1.4609351,7343,2271,0,-
17:36:40.959,snap,default,com.phoenix.read,discharging,1,32.9,41.6,100,95,1,14,0.59,0,0,4.364,0.229,0.999356,7343,2271,0,-
17:36:41.956,snap,default,com.phoenix.read,discharging,1,32.9,41.6,100,95,1,14,0.59,0,20,4.353,0.338,1.4713141,9923,3550,0,-
17:36:42.956,snap,default,com.phoenix.read,discharging,1,32.9,41.6,100,95,1,13.28,0.48,0,20,4.354,0.489,2.129106,9923,3550,0,-
17:36:43.959,snap,default,com.phoenix.read,discharging,1,32.9,41.6,100,95,1,13.28,0.48,0,20,4.361,0.513,2.237193,16137,6667,0,-
17:36:44.957,snap,default,com.phoenix.read,discharging,1,32.9,42,100,95,1,12.32,0.39,0,21,4.358,0.294,1.2812519,16137,6667,0,-
17:36:45.957,snap,default,com.phoenix.read,discharging,1,32.9,43.6,100,95,1,12.32,0.39,0,21,4.356,0.621,2.705076,17665,7514,0,-
17:36:46.958,snap,default,com.phoenix.read,discharging,1,32.9,43.6,100,95,1,12.08,0.32,0,21,4.361,0.498,2.171778,17665,7514,0,-
17:36:47.957,snap,default,com.phoenix.read,discharging,1,32.9,43.6,100,95,1,12.08,0.32,0,16,4.338,0.587,2.546406,19491,9593,0,-
17:36:48.957,snap,default,com.phoenix.read,discharging,1,32.9,46.6,100,95,1,12.79,0.26,0,0,4.352,0.849,3.694848,19491,9593,0,-
17:36:49.958,snap,default,com.phoenix.read,discharging,1,32.9,47.1,100,95,1,12.79,0.26,0,4,4.346,0.86,3.7375603,19491,9593,0,-
17:36:50.958,snap,default,com.phoenix.read,discharging,1,32.9,46.7,100,95,1,12.64,0.4,0,2,4.357,0.596,2.596772,21166,10004,0,-
17:36:51.958,snap,default,com.phoenix.read,discharging,1,32.9,44.8,100,95,1,12.64,0.4,0,4,4.359,0.341,1.4864191,21166,10004,0,-
17:36:52.958,snap,default,com.phoenix.read,discharging,1,32.9,44,100,95,1,12.16,0.32,0,3,4.356,0.461,2.008116,12034,4613,0,-
17:36:53.958,snap,default,com.phoenix.read,discharging,1,32.9,44,100,95,1,12.16,0.32,0,0,4.359,0.404,1.7610362,12034,4613,0,-
17:36:54.958,snap,default,com.phoenix.read,discharging,1,32.9,43.2,100,95,1,11.59,0.26,0,4,4.361,0.406,1.770566,20490,6650,0,-
17:36:55.958,snap,default,com.phoenix.read,discharging,1,32.9,42.4,100,95,1,11.59,0.26,0,3,4.361,0.297,1.295217,20490,6650,0,-
17:36:56.960,snap,default,com.phoenix.read,discharging,1,32.9,41.6,100,95,1,10.76,0.21,0,3,4.361,0.312,1.3606321,10915,4256,0,-
17:36:57.959,snap,default,com.phoenix.read,discharging,1,32.9,41.6,100,95,1,10.76,0.21,0,3,4.361,0.312,1.3606321,10915,4256,0,-
17:36:58.959,snap,default,com.phoenix.read,discharging,1,32.9,41.6,100,95,1,10.76,0.21,0,3,4.359,0.302,1.316418,10839,4825,0,-
17:36:59.959,snap,default,com.phoenix.read,discharging,1,32.8,40.8,100,95,1,10.08,0.17,0,3,4.36,0.356,1.55216,10839,4825,0,-
17:37:00.959,snap,default,com.phoenix.read,discharging,1,32.8,40.8,100,95,1,10.08,0.17,0,3,4.359,0.361,1.5735991,10946,5151,0,-
17:37:01.960,snap,default,com.phoenix.read,discharging,1,32.8,40.8,100,95,1,9.7,0.14,0,3,4.36,0.369,1.60884,10946,5151,0,-
17:37:02.959,snap,default,com.phoenix.read,discharging,1,32.8,40.4,100,95,1,9.7,0.14,0,3,4.357,0.318,1.385526,10765,4718,0,-
17:37:03.960,snap,default,com.phoenix.read,discharging,1,32.8,40.8,100,95,1,9.39,0.11,0,3,4.359,0.325,1.416675,10765,4718,0,-
17:37:04.960,snap,default,com.phoenix.read,discharging,1,32.8,41.2,100,95,1,9.39,0.11,0,3,4.355,0.376,1.6374799,10596,4506,0,-
17:37:05.960,snap,default,com.phoenix.read,discharging,1,32.8,41.2,100,95,1,9.14,0.09,0,3,4.353,0.576,2.507328,10596,4506,0,-
17:37:06.960,snap,default,com.phoenix.read,discharging,1,32.8,40.8,100,95,1,9.14,0.09,0,3,4.36,0.445,1.9402,10578,4427,0,-
17:37:07.960,snap,default,com.phoenix.read,discharging,1,32.8,40.8,100,95,1,9.11,0.07,0,3,4.359,0.321,1.3992391,10578,4427,0,-
17:37:08.960,snap,default,com.phoenix.read,discharging,1,32.8,40.8,100,95,1,9.11,0.07,0,3,4.356,0.33,1.4374801,11078,5025,0,-
17:37:09.961,snap,default,com.phoenix.read,discharging,1,32.8,42,100,95,1,9.09,0.06,0,3,4.356,0.348,1.515888,11078,5025,0,-
17:37:10.962,snap,default,com.phoenix.read,discharging,1,32.8,42,100,95,1,9.09,0.06,0,3,4.351,0.569,2.475719,12170,5453,0,-
17:37:11.961,snap,default,com.phoenix.read,discharging,1,32.8,42,100,95,1,9.25,0.23,0,3,4.357,0.522,2.274354,12170,5453,0,-
17:37:12.961,snap,default,com.phoenix.read,discharging,1,32.8,41.6,100,95,1,9.25,0.23,0,3,4.359,0.387,1.686933,11591,4497,0,-
17:37:13.962,snap,default,com.phoenix.read,discharging,1,32.8,41.2,100,95,1,9.39,0.19,0,3,4.356,0.38,1.65528,11591,4497,0,-
17:37:14.962,snap,default,com.phoenix.read,discharging,1,32.8,41.2,100,95,1,9.39,0.19,0,3,4.359,0.396,1.7261641,10654,4173,0,-
17:37:15.962,snap,default,com.phoenix.read,discharging,1,32.8,40.8,100,95,1,9.68,0.15,0,3,4.36,0.309,1.34724,10654,4173,0,-
17:37:16.962,snap,default,com.phoenix.read,discharging,1,32.8,40.8,100,95,1,9.68,0.15,0,3,4.36,0.319,1.39084,10654,4173,0,-
17:37:17.962,snap,default,com.phoenix.read,discharging,1,32.8,40.8,100,95,1,9.56,0.12,0,3,4.359,0.302,1.316418,10465,4275,0,-
17:37:18.962,snap,default,com.phoenix.read,discharging,1,32.8,40,100,95,1,9.56,0.12,0,3,4.358,0.327,1.4250659,10465,4275,0,-
17:37:19.962,snap,default,com.phoenix.read,discharging,1,32.8,40,100,95,1,9.64,0.1,0,3,4.356,0.379,1.650924,11903,4947,0,-
17:37:20.964,snap,default,com.phoenix.read,discharging,1,32.8,40.8,100,95,1,9.64,0.1,0,3,4.359,0.389,1.695651,11903,4947,0,-
17:37:21.963,snap,default,com.phoenix.read,discharging,1,32.8,42,100,95,1,9.7,0.08,0,0,4.361,0.486,2.119446,18329,5180,0,-
17:37:22.963,snap,default,com.phoenix.read,discharging,1,32.8,42.8,100,95,1,9.7,0.08,0,0,4.35,0.247,1.0744499,18329,5180,0,-
17:37:23.963,snap,default,com.phoenix.read,discharging,1,32.7,42.8,100,95,1,9.21,0.06,0,7,4.359,0.512,2.2318082,16249,6868,0,-
17:37:24.966,snap,default,com.phoenix.read,discharging,1,32.7,41.6,100,95,1,9.21,0.06,0,7,4.352,0.426,1.853952,16249,6868,0,-
17:37:25.963,snap,default,com.phoenix.read,discharging,1,32.7,41.6,100,95,1,9.17,0.05,0,5,4.358,0.605,2.63659,18762,6010,0,-
17:37:26.963,snap,default,com.phoenix.read,discharging,1,32.7,43.2,100,95,1,9.17,0.05,0,0,4.343,0.377,1.637311,18762,6010,0,-
17:37:27.964,snap,default,com.phoenix.read,discharging,1,32.7,43.2,100,95,1,9.5,0.04,0,0,4.354,0.729,3.1740658,25775,10168,0,-
17:37:28.965,snap,default,com.phoenix.read,discharging,1,32.7,41.2,100,95,1,9.5,0.04,0,0,4.36,0.433,1.8878801,25775,10168,0,-
17:37:29.964,snap,default,com.phoenix.read,discharging,1,32.7,40.8,100,95,1,9.23,0.03,0,7,4.359,0.352,1.534368,13227,5341,0,-
17:37:30.965,snap,default,com.phoenix.read,discharging,1,32.7,40.8,100,95,1,9.23,0.03,0,4,4.36,0.334,1.45624,13227,5341,0,-
17:37:31.964,snap,default,com.phoenix.read,discharging,1,32.7,40.8,100,95,1,8.82,0.03,0,4,4.359,0.317,1.381803,10754,4283,0,-
17:37:32.971,snap,default,com.phoenix.read,discharging,1,32.7,40.8,100,95,1,8.82,0.03,0,4,4.36,0.329,1.43444,10754,4283,0,-
17:37:33.972,snap,default,com.phoenix.read,discharging,1,32.7,40.8,100,95,1,8.49,0.02,0,4,4.358,0.348,1.5165839,11059,4809,0,-
17:37:34.971,snap,default,com.phoenix.read,discharging,1,32.7,40.8,100,95,1,8.49,0.02,0,4,4.359,0.287,1.2510331,11059,4809,0,-
17:37:35.973,snap,default,com.phoenix.read,discharging,1,32.7,40.4,100,95,1,8.22,0.02,0,4,4.358,0.351,1.529658,11062,4619,0,-
17:37:36.973,snap,default,com.phoenix.read,discharging,1,32.7,40,100,95,1,8.22,0.02,0,4,4.358,0.361,1.5732379,11062,4619,0,-
17:37:37.973,snap,default,com.phoenix.read,discharging,1,32.7,40.4,100,95,1,8,0.01,0,4,4.36,0.368,1.60448,10807,4295,0,-
17:37:38.973,snap,default,com.phoenix.read,discharging,1,32.7,39.6,100,95,1,8,0.01,0,4,4.359,0.347,1.5125731,10807,4295,0,-
17:37:39.974,snap,default,com.phoenix.read,discharging,1,32.6,40,100,95,1,7.82,0.01,0,4,4.359,0.327,1.425393,10974,4992,0,-
17:37:40.974,snap,default,com.phoenix.read,discharging,1,32.6,40,100,95,1,7.82,0.01,0,4,4.359,0.315,1.373085,10974,4992,0,-
17:37:41.975,snap,default,com.phoenix.read,discharging,1,32.6,40,100,95,1,7.67,0.01,0,4,4.36,0.306,1.33416,10974,4992,0,-
17:37:42.974,snap,default,com.phoenix.read,discharging,1,32.6,40,100,95,1,7.67,0.01,0,4,4.359,0.323,1.4079571,11198,5585,0,-
17:37:43.974,snap,default,com.phoenix.read,discharging,1,32.6,40.4,100,95,1,7.55,0,0,4,4.357,0.318,1.385526,11198,5585,0,-
17:37:44.974,snap,default,com.phoenix.read,discharging,1,32.6,40.8,100,95,1,7.55,0,0,4,4.359,0.332,1.447188,11069,5349,0,-
17:37:45.976,snap,default,com.phoenix.read,discharging,1,32.6,42,100,95,1,7.63,0,0,4,4.345,0.304,1.3208799,11069,5349,0,-
17:37:46.974,snap,default,com.phoenix.read,discharging,1,32.6,42,100,95,1,7.63,0,0,4,4.354,0.771,3.3569343,17840,7489,0,-
17:37:47.978,snap,default,com.phoenix.read,discharging,1,32.6,40.4,100,95,1,9.14,0,0,0,4.355,0.354,1.54167,17840,7489,0,-
17:37:48.976,snap,default,com.phoenix.read,discharging,1,32.6,40.4,100,95,1,9.14,0,0,0,4.36,0.349,1.5216401,9413,3579,0,-
17:37:49.975,snap,default,com.phoenix.read,discharging,1,32.6,41.2,100,95,1,9.48,0,0,0,4.352,0.344,1.4970881,9413,3579,0,-
17:37:50.975,snap,default,com.phoenix.read,discharging,1,32.6,41.2,100,95,1,9.48,0,0,1,4.359,0.508,2.2143722,18651,9319,0,-
17:37:51.975,snap,default,com.phoenix.read,discharging,1,32.6,41.6,100,95,1,10.12,0,0,1,4.354,0.435,1.89399,18651,9319,0,-
17:37:52.975,snap,default,com.phoenix.read,discharging,1,32.6,41.6,100,95,1,10.12,0,0,2,4.346,0.438,1.903548,21819,6507,0,-
17:37:53.976,snap,default,com.phoenix.read,discharging,1,32.6,41.6,100,95,1,9.73,0,0,0,4.347,0.422,1.834434,21819,6507,0,-
17:37:54.976,snap,default,com.phoenix.read,discharging,1,32.6,41.2,100,95,1,9.73,0,0,4,4.355,0.556,2.42138,23741,9984,0,-
17:37:55.976,snap,default,com.phoenix.read,discharging,1,32.6,40.8,100,95,1,10.5,0,0,1,4.356,0.538,2.343528,23741,9984,0,-
17:37:56.977,snap,default,com.phoenix.read,discharging,1,32.6,40.8,100,95,1,10.5,0,0,1,4.354,0.478,2.081212,16609,7284,0,-
17:37:57.977,snap,default,com.phoenix.read,discharging,1,32.6,40.8,100,95,1,10.77,0,0,1,4.358,0.482,2.100556,16609,7284,0,-
17:37:58.977,snap,default,com.phoenix.read,discharging,1,32.6,40.8,100,95,1,10.77,0,0,1,4.355,0.401,1.7463549,14459,6511,0,-
17:37:59.977,snap,default,com.phoenix.read,discharging,1,32.5,40.4,100,95,1,10.63,0,0,1,4.354,0.401,1.745954,14459,6511,0,-
17:38:00.978,snap,default,com.phoenix.read,discharging,1,32.5,40.8,100,95,1,10.63,0,0,1,4.359,0.396,1.7261641,14289,6648,0,-
17:38:01.978,snap,default,com.phoenix.read,discharging,1,32.5,40,100,95,1,10.52,0,0,1,4.359,0.307,1.3382131,14289,6648,0,-
17:38:02.979,snap,default,com.phoenix.read,discharging,1,32.5,40,100,95,1,10.52,0,0,1,4.358,0.304,1.3248318,13350,6568,0,-
17:38:03.979,snap,default,com.phoenix.read,discharging,1,32.5,39.6,100,95,1,10.24,0,0,1,4.36,0.304,1.32544,13350,6568,0,-
17:38:04.979,snap,default,com.phoenix.read,discharging,1,32.5,39.6,100,95,1,10.24,0,0,1,4.358,0.296,1.289968,13028,6063,0,-
17:38:05.980,snap,default,com.phoenix.read,discharging,1,32.5,39.6,100,95,1,10.38,0,0,1,4.36,0.317,1.38212,13028,6063,0,-
17:38:06.979,snap,default,com.phoenix.read,discharging,1,32.5,40,100,95,1,10.38,0,0,1,4.359,0.328,1.4297521,12520,5743,0,-
17:38:07.980,snap,default,com.phoenix.read,discharging,1,32.5,39.6,100,95,1,10.85,0,0,1,4.36,0.315,1.3734,12520,5743,0,-
17:38:08.981,snap,default,com.phoenix.read,discharging,1,32.5,39.2,100,95,1,10.85,0,0,1,4.359,0.297,1.294623,12520,5743,0,-
17:38:09.980,snap,default,com.phoenix.read,discharging,1,32.5,39.2,100,95,1,11.24,0,0,1,4.356,0.299,1.302444,13932,6481,0,-
17:38:10.980,snap,default,com.phoenix.read,discharging,1,32.5,40.4,100,95,1,11.24,0,0,1,4.35,0.469,2.04015,13932,6481,0,-
17:38:11.980,snap,default,com.phoenix.read,discharging,1,32.5,42.4,100,95,1,12.1,1.26,0,1,4.35,0.625,2.71875,28177,9298,0,-
17:38:12.980,snap,default,com.phoenix.read,discharging,1,32.5,42.4,100,95,1,12.1,1.26,0,1,4.351,0.626,2.7237258,28177,9298,0,-
17:38:13.980,snap,default,com.phoenix.read,discharging,1,32.5,42.8,100,95,1,12.99,3.93,0.18,1,4.351,0.603,2.623653,32704,9449,0,-
17:38:14.981,snap,default,com.phoenix.read,discharging,1,32.5,42.4,100,95,1,12.99,3.93,0.18,1,4.356,0.592,2.578752,32704,9449,0,-
17:38:15.981,snap,default,com.phoenix.read,discharging,1,32.5,41.6,100,95,1,14.08,5.57,0.14,1,4.356,0.425,1.8513,20895,6599,0,-
17:38:16.982,snap,default,com.phoenix.read,discharging,1,32.5,41.2,100,95,1,14.08,5.57,0.14,1,4.357,0.371,1.616447,20895,6599,0,-
17:38:17.982,snap,default,com.phoenix.read,discharging,1,32.5,40.8,100,95,1,14.06,4.56,0.12,1,4.359,0.343,1.4951371,12675,5362,0,-
17:38:18.983,snap,default,com.phoenix.read,discharging,1,32.5,40.8,100,95,1,14.06,4.56,0.12,1,4.355,0.322,1.40231,12675,5362,0,-
17:38:19.983,snap,default,com.phoenix.read,discharging,1,32.4,40.8,100,95,1,14.23,3.74,0.09,1,4.358,0.376,1.6386079,13100,5246,0,-
17:38:20.983,snap,default,com.phoenix.read,discharging,1,32.4,40.8,100,95,1,14.23,3.74,0.09,1,4.353,0.296,1.288488,13100,5246,0,-
17:38:21.984,snap,default,com.phoenix.read,discharging,1,32.4,40,100,95,1,14.37,3.06,0.08,1,4.357,0.364,1.5859479,13515,5784,0,-
17:38:22.986,snap,default,com.phoenix.read,discharging,1,32.4,40,100,95,1,14.37,3.06,0.08,1,4.357,0.362,1.5772339,13515,5784,0,-
17:38:23.985,snap,default,com.phoenix.read,discharging,1,32.4,40,100,95,1,14.66,2.5,0.06,1,4.357,0.362,1.5772339,12261,5157,0,-
17:38:24.985,snap,default,com.phoenix.read,discharging,1,32.4,39.2,100,95,1,14.54,2.05,0.05,1,4.356,0.37,1.61172,12261,5157,0,-
17:38:25.985,snap,default,com.phoenix.read,discharging,1,32.4,39.2,100,95,1,14.54,2.05,0.05,1,4.359,0.352,1.534368,12602,5154,0,-
17:38:26.987,snap,default,com.phoenix.read,discharging,1,32.4,39.6,100,95,1,14.62,1.68,0.04,1,4.358,0.345,1.5035099,12602,5154,0,-
17:38:27.993,snap,default,com.phoenix.read,discharging,1,32.4,40,100,95,1,14.62,1.68,0.04,1,4.356,0.344,1.498464,12765,5318,0,-
17:38:28.997,snap,default,com.phoenix.read,discharging,1,32.4,40,100,95,1,14.51,1.37,0.03,1,4.359,0.314,1.3687261,12765,5318,0,-
17:38:29.988,snap,default,com.phoenix.read,discharging,1,32.4,40,100,95,1,14.51,1.37,0.03,1,4.358,0.309,1.3466219,12458,5470,0,-
17:38:30.988,snap,default,com.phoenix.read,discharging,1,32.4,39.2,100,95,1,14.6,1.12,0.02,1,4.359,0.328,1.4297521,12458,5470,0,-
17:38:31.990,snap,default,com.phoenix.read,discharging,1,32.4,38.8,100,95,1,14.6,1.12,0.02,1,4.356,0.314,1.367784,13323,5993,0,-
17:38:32.989,snap,default,com.phoenix.read,discharging,1,32.4,39.2,100,95,1,15.4,0.92,0.02,1,4.357,0.421,1.834297,13323,5993,0,-
17:38:33.989,snap,default,com.phoenix.read,discharging,1,32.4,39.2,100,95,1,15.4,0.92,0.02,1,4.357,0.37,1.61209,13418,5882,0,-
17:38:34.989,snap,default,com.phoenix.read,discharging,1,32.4,39.2,100,95,1,15.32,0.75,0.01,1,4.356,0.37,1.61172,13418,5882,0,-
17:38:35.992,snap,default,com.phoenix.read,discharging,1,32.4,39.6,100,95,1,15.32,0.75,0.01,1,4.357,0.368,1.6033759,13418,5882,0,-
17:38:36.990,snap,default,com.phoenix.read,discharging,1,32.4,39.2,100,95,1,15.08,0.61,0.01,1,4.357,0.365,1.590305,12292,5098,0,-
17:38:37.994,snap,default,com.phoenix.read,discharging,1,32.4,38.8,100,95,1,15.08,0.61,0.01,1,4.357,0.346,1.5075219,12292,5098,0,-
17:38:38.990,snap,default,com.phoenix.read,discharging,1,32.4,38.4,100,95,1,15.25,0.5,0.01,1,4.358,0.335,1.45993,12663,5336,0,-
17:38:39.992,snap,default,com.phoenix.read,discharging,1,32.3,38.4,100,95,1,15.25,0.5,0.01,1,4.357,0.337,1.468309,12663,5336,0,-
17:38:40.991,snap,default,com.phoenix.read,discharging,1,32.3,38.4,100,95,1,15.38,0.41,0,1,4.356,0.33,1.4374801,12672,5407,0,-
17:38:41.991,snap,default,com.phoenix.read,discharging,1,32.3,38.4,100,95,1,15.38,0.41,0,1,4.357,0.331,1.4421669,12672,5407,0,-
17:38:42.991,snap,default,com.phoenix.read,discharging,1,32.3,39.2,100,95,1,15.31,0.33,0,1,4.359,0.323,1.4079571,12206,5183,0,-
17:38:43.991,snap,default,com.phoenix.read,discharging,1,32.3,39.2,100,95,1,15.31,0.33,0,1,4.358,0.307,1.337906,12206,5183,0,-
17:38:44.992,snap,default,com.phoenix.read,discharging,1,32.3,38.4,100,95,1,15.07,0.27,0,1,4.358,0.327,1.4250659,12252,5345,0,-
17:38:45.991,snap,default,com.phoenix.read,discharging,1,32.3,38.4,100,95,1,15.07,0.27,0,1,4.356,0.297,1.2937319,12252,5345,0,-
17:38:46.994,snap,default,com.phoenix.read,discharging,1,32.3,38.4,100,95,1,14.88,0.22,0,1,4.356,0.376,1.6378559,12339,5267,0,-
17:38:47.992,snap,default,com.phoenix.read,discharging,1,32.3,38.4,100,95,1,14.88,0.22,0,1,4.357,0.361,1.5728769,12339,5267,0,-
17:38:48.994,snap,default,com.phoenix.read,discharging,1,32.3,38.4,100,95,1,14.72,0.18,0,1,4.358,0.357,1.5558059,12701,5162,0,-
17:38:49.993,snap,default,com.phoenix.read,discharging,1,32.3,39.2,100,95,1,14.72,0.18,0,1,4.359,0.337,1.4689832,12701,5162,0,-
17:38:50.993,snap,default,com.phoenix.read,discharging,1,32.3,39.2,100,95,1,14.77,0.15,0,1,4.356,0.333,1.450548,12599,5394,0,-
17:38:51.992,snap,default,com.phoenix.read,discharging,1,32.3,39.2,100,95,1,14.77,0.15,0,1,4.355,0.379,1.650545,12599,5394,0,-
17:38:52.995,snap,default,com.phoenix.read,discharging,1,32.3,39.2,100,95,1,14.63,0.12,0,1,4.358,0.32,1.3945599,13188,5572,0,-
17:38:53.993,snap,default,com.phoenix.read,discharging,1,32.3,39.2,100,95,1,14.63,0.12,0,1,4.356,0.339,1.476684,13188,5572,0,-
17:38:54.993,snap,default,com.phoenix.read,discharging,1,32.3,39.2,100,95,1,14.69,0.1,0,1,4.358,0.292,1.2725359,12797,5681,0,-
17:38:55.994,snap,default,com.phoenix.read,discharging,1,32.3,38.8,100,95,1,14.69,0.1,0,1,4.358,0.299,1.3030419,12797,5681,0,-
17:38:56.994,snap,default,com.phoenix.read,discharging,1,32.3,38.8,100,95,1,14.57,0.08,0,1,4.359,0.304,1.3251361,12531,5307,0,-
17:38:57.994,snap,default,com.phoenix.read,discharging,1,32.3,38.4,100,95,1,14.57,0.08,0,1,4.355,0.407,1.772485,12531,5307,0,-
17:38:58.994,snap,default,com.phoenix.read,discharging,1,32.3,38.4,100,95,1,14.83,0.06,0,1,4.356,0.387,1.685772,13299,5805,0,-
17:38:59.995,snap,default,com.phoenix.read,discharging,1,32.2,38.4,100,95,1,14.83,0.06,0,1,4.357,0.371,1.616447,13299,5805,0,-
17:39:00.995,snap,default,com.phoenix.read,discharging,1,32.2,39.2,100,95,1,14.86,0.05,0,1,4.357,0.316,1.376812,13299,5805,0,-
17:39:01.996,snap,default,com.phoenix.read,discharging,1,32.2,39.2,100,95,1,14.86,0.05,0,1,4.356,0.3,1.3068,12584,5592,0,-
17:39:02.996,snap,default,com.phoenix.read,discharging,1,32.2,39.2,100,95,1,14.7,0.04,0,1,4.359,0.29,1.26411,12584,5592,0,-
17:39:03.997,snap,default,com.phoenix.read,discharging,1,32.2,40.4,100,95,1,14.7,0.04,0,1,4.355,0.506,2.20363,13912,6217,0,-
17:39:04.996,snap,default,com.phoenix.read,discharging,1,32.2,40.4,100,95,1,14.21,0.03,0,5,4.355,0.396,1.72458,13912,6217,0,-
17:39:05.997,snap,default,com.phoenix.read,discharging,1,32.2,38.8,100,95,1,14.21,0.03,0,1,4.358,0.33,1.43814,14793,7183,0,-
17:39:06.998,snap,default,com.phoenix.read,discharging,1,32.2,38.8,100,95,1,13.45,0.02,0,1,4.356,0.342,1.489752,14793,7183,0,-
17:39:07.997,snap,default,com.phoenix.read,discharging,1,32.2,39.2,100,95,1,13.45,0.02,0,1,4.356,0.361,1.572516,12645,6015,0,-
17:39:08.998,snap,default,com.phoenix.read,discharging,1,32.2,39.6,100,95,1,13.36,0.02,0,1,4.354,0.374,1.628396,12645,6015,0,-
17:39:09.997,snap,default,com.phoenix.read,discharging,1,32.2,39.6,100,95,1,13.36,0.02,0,1,4.354,0.43,1.87222,13033,6138,0,-
17:39:10.997,snap,default,com.phoenix.read,discharging,1,32.2,38.8,100,95,1,13.48,0.01,0,1,4.355,0.385,1.676675,13033,6138,0,-
17:39:11.997,snap,default,com.phoenix.read,discharging,1,32.2,38.8,100,95,1,13.48,0.01,0,1,4.356,0.333,1.450548,13662,6009,0,-
17:39:12.998,snap,default,com.phoenix.read,discharging,1,32.2,38.8,100,95,1,13.21,0.01,0,2,4.358,0.387,1.6865458,13662,6009,0,-
17:39:13.998,snap,default,com.phoenix.read,discharging,1,32.2,38.8,100,95,1,13.21,0.01,0,0,4.361,0.246,1.072806,17963,4587,0,-
17:39:15.002,snap,default,com.phoenix.read,discharging,1,32.2,38.8,100,95,1,11.9,0.01,0,0,4.359,0.236,1.0287241,17963,4587,0,-
17:39:15.999,snap,default,com.phoenix.read,discharging,1,32.2,38,100,95,1,11.9,0.01,0,0,4.359,0.23,1.00257,7636,2370,0,-
17:39:17.001,snap,default,com.phoenix.read,discharging,1,32.1,37.2,100,95,1,11.19,0.01,0,0,4.361,0.235,1.024835,7636,2370,0,-
17:39:18.000,snap,default,com.phoenix.read,discharging,1,32.1,37.2,100,95,1,11.19,0.01,0,0,4.358,0.233,1.0154139,6754,1721,0,-
17:39:19.001,snap,default,com.phoenix.read,discharging,1,32.1,37.6,100,95,1,10.43,0,0,0,4.359,0.231,1.006929,6754,1721,0,-
17:39:20.000,snap,default,com.phoenix.read,discharging,1,32.1,37.6,100,95,1,10.43,0,0,0,4.359,0.228,0.993852,6288,1572,0,-
17:39:21.007,snap,default,com.phoenix.read,discharging,1,32.1,38.4,100,95,1,9.81,0,0,0,4.359,0.239,1.041801,6288,1572,0,-
17:39:22.000,snap,default,com.phoenix.read,discharging,1,32.1,37.6,100,95,1,9.81,0,0,0,4.356,0.419,1.825164,12429,4959,0,-
17:39:23.001,snap,default,com.phoenix.read,discharging,1,32.1,38.4,100,95,1,10.03,0,0,1,4.356,0.371,1.616076,12429,4959,0,-
17:39:24.009,snap,default,com.phoenix.read,discharging,1,32.1,38.4,100,95,1,10.03,0,0,1,4.358,0.356,1.551448,13476,6774,0,-
17:39:25.002,snap,default,com.phoenix.read,discharging,1,32.1,38.8,100,95,1,10.02,0,0,1,4.358,0.306,1.333548,13476,6774,0,-
17:39:26.003,snap,default,com.phoenix.read,discharging,1,32.1,38.8,100,95,1,10.02,0,0,1,4.358,0.29,1.2638199,12645,6212,0,-
17:39:27.005,snap,default,com.phoenix.read,discharging,1,32.1,38.8,100,95,1,10.38,0,0,1,4.355,0.392,1.70716,12645,6212,0,-
17:39:28.002,snap,default,com.phoenix.read,discharging,1,32.1,38.8,100,95,1,10.38,0,0,1,4.358,0.325,1.4163499,12645,6212,0,-
17:39:29.004,snap,default,com.phoenix.read,discharging,1,32.1,38.8,100,95,1,10.85,0,0,1,4.358,0.315,1.37277,13788,6605,0,-
17:39:30.002,snap,default,com.phoenix.read,discharging,1,32.1,38.8,100,95,1,10.85,0,0,1,4.358,0.316,1.377128,13788,6605,0,-
17:39:31.003,snap,default,com.phoenix.read,discharging,1,32.1,38.8,100,95,1,11.42,0,0,1,4.357,0.311,1.355027,12757,5562,0,-
17:39:32.003,snap,default,com.phoenix.read,discharging,1,32.1,38.4,100,95,1,11.42,0,0,1,4.357,0.339,1.4770229,12757,5562,0,-
17:39:33.003,snap,default,com.phoenix.read,discharging,1,32.1,38.4,100,95,1,11.89,0,0,1,4.356,0.362,1.5768719,12990,6082,0,-
17:39:34.004,snap,default,com.phoenix.read,discharging,1,32.1,38.4,100,95,1,11.89,0,0,1,4.356,0.363,1.581228,12990,6082,0,-
17:39:35.003,snap,default,com.phoenix.read,discharging,1,32.1,38,100,95,1,12.27,0,0,1,4.356,0.342,1.489752,13052,5727,0,-
17:39:36.004,snap,default,com.phoenix.read,discharging,1,32.1,38,100,95,1,12.27,0,0,1,4.358,0.321,1.398918,13052,5727,0,-
17:39:37.003,snap,default,com.phoenix.read,discharging,1,32.1,38.4,100,95,1,12.58,0,0,1,4.354,0.303,1.319262,12235,5391,0,-
17:39:38.005,snap,default,com.phoenix.read,discharging,1,32.1,38.4,100,95,1,12.58,0,0,1,4.356,0.396,1.724976,12235,5391,0,-
17:39:39.005,snap,default,com.phoenix.read,discharging,1,32.1,38.8,100,95,1,13.38,0,0,1,4.357,0.318,1.385526,13454,6071,0,-
17:39:40.007,snap,default,com.phoenix.read,discharging,1,32,38.8,100,95,1,13.38,0,0,1,4.356,0.299,1.302444,13454,6071,0,-
17:39:41.006,snap,default,com.phoenix.read,discharging,1,32,38.8,100,95,1,13.49,0,0,1,4.356,0.299,1.302444,12281,5489,0,-
17:39:42.006,snap,default,com.phoenix.read,discharging,1,32,38.8,100,95,1,13.49,0,0,1,4.358,0.307,1.337906,12281,5489,0,-
17:39:43.006,snap,default,com.phoenix.read,discharging,1,32,37.6,100,95,1,13.49,0,0,1,4.359,0.304,1.3251361,12188,5192,0,-
17:39:44.008,snap,default,com.phoenix.read,discharging,1,32,38.8,100,95,1,13.58,0,0,1,4.356,0.322,1.402632,12188,5192,0,-
17:39:45.006,snap,default,com.phoenix.read,discharging,1,32,37.6,100,95,1,13.58,0,0,1,4.356,0.342,1.489752,12684,5591,0,-
17:39:46.008,snap,default,com.phoenix.read,discharging,1,32,38.8,100,95,1,13.84,0,0,1,4.355,0.354,1.54167,12684,5591,0,-
17:39:47.008,snap,default,com.phoenix.read,discharging,1,32,38.8,100,95,1,13.84,0,0,1,4.354,0.356,1.550024,12219,5396,0,-
17:39:48.007,snap,default,com.phoenix.read,discharging,1,32,38.8,100,95,1,13.87,0,0,1,4.358,0.355,1.5470899,12219,5396,0,-
17:39:49.008,snap,default,com.phoenix.read,discharging,1,32,38,100,95,1,13.87,0,0,1,4.359,0.326,1.4210341,12173,5334,0,-
17:39:50.008,snap,default,com.phoenix.read,discharging,1,32,38,100,95,1,13.89,0,0,1,4.356,0.33,1.4374801,12173,5334,0,-
17:39:51.010,snap,default,com.phoenix.read,discharging,1,32,38,100,95,1,13.89,0,0,1,4.356,0.316,1.3764961,12361,5227,0,-
17:39:52.010,snap,default,com.phoenix.read,discharging,1,32,38,100,95,1,13.91,0,0,1,4.356,0.321,1.398276,12361,5227,0,-
17:39:53.010,snap,default,com.phoenix.read,discharging,1,32,38,100,95,1,13.91,0,0,1,4.356,0.333,1.450548,12361,5227,0,-
17:39:54.010,snap,default,com.phoenix.read,discharging,1,32,38,100,95,1,14.11,0,0,1,4.355,0.315,1.371825,12493,5446,0,-
17:39:55.011,snap,default,com.phoenix.read,discharging,1,32,38.8,100,95,1,14.11,0,0,1,4.356,0.314,1.367784,12493,5446,0,-
17:39:56.011,snap,default,com.phoenix.read,discharging,1,31.9,38.8,100,95,1,14.27,0,0,1,4.355,0.309,1.3456949,12743,5350,0,-
17:39:57.012,snap,default,com.phoenix.read,discharging,1,31.9,37.6,100,95,1,14.27,0,0,1,4.356,0.329,1.433124,12743,5350,0,-
17:39:58.014,snap,default,com.phoenix.read,discharging,1,31.9,37.6,100,95,1,14.22,0,0,1,4.355,0.347,1.511185,12175,5213,0,-
17:39:59.014,snap,default,com.phoenix.read,discharging,1,31.9,38,100,95,1,14.22,0,0,1,4.356,0.36,1.56816,12175,5213,0,-
17:40:00.013,snap,default,com.phoenix.read,discharging,1,31.9,38.4,100,95,1,14.36,0,0,1,4.355,0.354,1.54167,13083,5829,0,-
17:40:01.015,snap,default,com.phoenix.read,discharging,1,31.9,38,100,95,1,14.36,0,0,1,4.357,0.333,1.450881,13083,5829,0,-
17:40:02.014,snap,default,com.phoenix.read,discharging,1,31.9,38.4,100,95,1,14.47,0,0,1,4.356,0.315,1.3721399,12370,5324,0,-
17:40:03.016,snap,default,com.phoenix.read,discharging,1,31.9,38,100,95,1,14.47,0,0,1,4.357,0.304,1.3245279,12370,5324,0,-
17:40:04.014,snap,default,com.phoenix.read,discharging,1,31.9,37.6,100,95,1,14.57,0,0,1,4.357,0.317,1.381169,12399,5314,0,-
17:40:05.015,snap,default,com.phoenix.read,discharging,1,31.9,37.6,100,95,1,14.57,0,0,1,4.355,0.329,1.432795,12399,5314,0,-
17:40:06.015,snap,default,com.phoenix.read,discharging,1,31.9,38,100,95,1,14.46,0,0,1,4.355,0.395,1.7202251,12627,5338,0,-
17:40:07.015,snap,default,com.phoenix.read,discharging,1,31.9,38,100,95,1,14.46,0,0,1,4.356,0.298,1.2980881,12627,5338,0,-
17:40:08.016,snap,default,com.phoenix.read,discharging,1,31.9,38,100,95,1,14.56,0,0,1,4.356,0.329,1.433124,12438,5254,0,-
17:40:09.015,snap,default,com.phoenix.read,discharging,1,31.9,38,100,95,1,14.56,0,0,1,4.355,0.335,1.458925,12438,5254,0,-
17:40:10.015,snap,default,com.phoenix.read,discharging,1,31.9,38,100,95,1,14.82,0,0,1,4.352,0.38,1.6537601,12763,5744,0,-
17:40:11.015,snap,default,com.phoenix.read,discharging,1,31.9,38,100,95,1,14.82,0,0,1,4.356,0.372,1.620432,12763,5744,0,-
17:40:12.019,snap,default,com.phoenix.read,discharging,1,31.9,38.4,100,95,1,14.85,0,0,1,4.356,0.322,1.402632,12287,5206,0,-
17:40:13.020,snap,default,com.phoenix.read,discharging,1,31.9,38.4,100,95,1,14.85,0,0,1,4.356,0.329,1.433124,12287,5206,0,-
17:40:14.020,snap,default,com.phoenix.read,discharging,1,31.9,38.4,100,95,1,14.7,0,0,1,4.356,0.306,1.3329359,12156,5344,0,-
17:40:15.017,snap,default,com.phoenix.read,discharging,1,31.9,38.4,100,95,1,14.7,0,0,1,4.354,0.296,1.288784,12156,5344,0,-
17:40:16.017,snap,default,com.phoenix.read,discharging,1,31.9,38.4,100,95,1,14.57,0,0,1,4.349,0.369,1.6047809,13077,5658,0,-
17:40:17.020,snap,default,com.phoenix.read,discharging,1,31.9,39.2,100,95,1,14.57,0,0,1,4.348,0.526,2.287048,13077,5658,0,-
17:40:18.017,snap,default,com.phoenix.read,discharging,1,31.9,39.6,100,95,1,14.65,0,0,1,4.353,0.661,2.8773332,16354,7533,0,-
17:40:19.018,snap,default,com.phoenix.read,discharging,1,31.9,39.6,100,95,1,14.65,0,0,1,4.353,0.469,2.041557,16354,7533,0,-
17:40:20.018,snap,default,com.phoenix.read,discharging,1,31.8,39.6,100,95,1,15.07,0,0,0,4.344,0.442,1.920048,16354,7533,0,-
17:40:21.020,snap,default,com.phoenix.read,discharging,1,31.8,39.6,100,95,1,15.07,0,0,0,4.355,0.425,1.850875,13919,5807,0,-
17:40:22.018,snap,default,com.phoenix.read,discharging,1,31.8,38.8,100,95,1,15.06,0,0,1,4.352,0.35,1.5232,13919,5807,0,-
17:40:23.020,snap,default,com.phoenix.read,discharging,1,31.8,38.8,100,95,1,15.06,0,0,0,4.356,0.354,1.542024,13287,5487,0,-
17:40:24.019,snap,default,com.phoenix.read,discharging,1,31.8,38.8,100,95,1,15.05,0,0,0,4.356,0.295,1.2850199,13287,5487,0,-
17:40:25.019,snap,default,com.phoenix.read,discharging,1,31.8,38.8,100,95,1,15.05,0,0,1,4.356,0.296,1.289376,12209,5148,0,-
17:40:26.019,snap,default,com.phoenix.read,discharging,1,31.8,38.8,100,95,1,14.86,0,0,0,4.357,0.289,1.259173,12209,5148,0,-
17:40:27.019,snap,default,com.phoenix.read,discharging,1,31.8,38.4,100,95,1,14.86,0,0,1,4.357,0.289,1.259173,11813,4890,0,-
17:40:28.020,snap,default,com.phoenix.read,discharging,1,31.8,38.4,100,95,1,14.52,0,0,0,4.354,0.308,1.341032,11813,4890,0,-
17:40:29.019,snap,default,com.phoenix.read,discharging,1,31.8,38,100,95,1,14.52,0,0,1,4.353,0.329,1.432137,12782,5227,0,-
17:40:30.021,snap,default,com.phoenix.read,discharging,1,31.8,38.4,100,95,1,14.42,0,0,0,4.356,0.329,1.433124,12782,5227,0,-
17:40:31.020,snap,default,com.phoenix.read,discharging,1,31.8,38.4,100,95,1,14.42,0,0,0,4.354,0.311,1.354094,12267,5391,0,-
17:40:32.020,snap,default,com.phoenix.read,discharging,1,31.8,38.4,100,95,1,14.16,0,0,0,4.354,0.335,1.45859,12267,5391,0,-
17:40:33.021,snap,default,com.phoenix.read,discharging,1,31.8,38.4,100,95,1,14.16,0,0,1,4.353,0.358,1.558374,12390,5180,0,-
17:40:34.022,snap,default,com.phoenix.read,discharging,1,31.8,37.6,100,95,1,13.95,0,0,1,4.354,0.343,1.493422,12390,5180,0,-
17:40:35.022,snap,default,com.phoenix.read,discharging,1,31.8,37.6,100,95,1,13.95,0,0,0,4.354,0.349,1.519546,12191,5201,0,-
17:40:36.023,snap,default,com.phoenix.read,discharging,1,31.8,37.6,100,95,1,13.78,0,0,0,4.357,0.331,1.4421669,12191,5201,0,-
17:40:37.022,snap,default,com.phoenix.read,discharging,1,31.8,37.6,100,95,1,13.78,0,0,1,4.354,0.305,1.32797,12324,5049,0,-
17:40:38.022,snap,default,com.phoenix.read,discharging,1,31.8,38.4,100,95,1,13.64,0,0,1,4.356,0.306,1.3329359,12324,5049,0,-
17:40:39.022,snap,default,com.phoenix.read,discharging,1,31.8,38.4,100,95,1,13.64,0,0,1,4.355,0.322,1.40231,12443,5239,0,-
17:40:40.023,snap,default,com.phoenix.read,discharging,1,31.7,38.4,100,95,1,13.52,0,0,1,4.355,0.346,1.50683,12443,5239,0,-
17:40:41.023,snap,default,com.phoenix.read,discharging,1,31.7,38,100,95,1,13.52,0,0,0,4.356,0.32,1.39392,12232,4956,0,-
17:40:42.023,snap,default,com.phoenix.read,discharging,1,31.7,38,100,95,1,13.61,0,0,0,4.357,0.312,1.359384,12232,4956,0,-
17:40:43.026,snap,default,com.phoenix.read,discharging,1,31.7,37.6,100,95,1,13.61,0,0,1,4.355,0.303,1.319565,12392,5348,0,-
17:40:44.025,snap,default,com.phoenix.read,discharging,1,31.7,37.6,100,95,1,13.5,0,0,1,4.355,0.321,1.3979551,12392,5348,0,-
17:40:45.025,snap,default,com.phoenix.read,discharging,1,31.7,38,100,95,1,13.5,0,0,1,4.354,0.371,1.615334,17306,6031,0,-
17:40:46.025,snap,default,com.phoenix.read,discharging,1,31.7,38.4,100,95,1,13.4,0,0,0,4.351,0.374,1.627274,17306,6031,0,-
17:40:47.025,snap,default,com.phoenix.read,discharging,1,31.7,38.4,100,95,1,13.4,0,0,0,4.356,0.393,1.711908,17306,6031,0,-
17:40:48.028,snap,default,com.phoenix.read,discharging,1,31.7,38.4,100,95,1,12.24,0,0,0,4.356,0.241,1.049796,9838,2480,0,-
17:40:49.027,snap,default,com.phoenix.read,discharging,1,31.7,37.6,100,95,1,12.24,0,0,0,4.359,0.223,0.97205704,9838,2480,0,-
17:40:50.028,snap,default,com.phoenix.read,discharging,1,31.7,37.2,100,95,1,11.47,0,0,0,4.359,0.227,0.989493,7347,2218,0,-
17:40:51.031,snap,default,com.phoenix.read,discharging,1,31.7,36.8,100,95,1,11.47,0,0,0,4.358,0.227,0.9892659,7347,2218,0,-
17:40:52.029,snap,default,com.phoenix.read,discharging,1,31.7,36.4,100,95,1,10.48,0,0,0,4.358,0.241,1.050278,7186,1714,0,-
17:40:53.030,snap,default,com.phoenix.read,discharging,1,31.7,36.4,100,95,1,10.48,0,0,0,4.357,0.236,1.028252,7186,1714,0,-
17:40:54.028,snap,default,com.phoenix.read,discharging,1,31.7,36.8,100,95,1,9.67,0,0,0,4.359,0.232,1.011288,6593,1826,0,-
17:40:55.029,snap,default,com.phoenix.read,discharging,1,31.7,38,100,95,1,9.67,0,0,0,4.345,0.23,0.99934995,6593,1826,0,-
17:40:56.028,snap,default,com.phoenix.read,discharging,1,31.7,38,100,95,1,9.55,0,0,2,4.354,0.384,1.671936,14065,6020,0,-
17:40:57.029,snap,default,com.phoenix.read,discharging,1,31.7,38,100,95,1,9.55,0,0,0,4.354,0.369,1.606626,14065,6020,0,-
17:40:58.030,snap,default,com.phoenix.read,discharging,1,31.7,37.6,100,95,1,9.26,0,0,0,4.355,0.354,1.54167,12410,5732,0,-
17:40:59.029,snap,default,com.phoenix.read,discharging,1,31.7,37.6,100,95,1,9.26,0,0,0,4.356,0.338,1.472328,12410,5732,0,-
17:41:00.029,snap,default,com.phoenix.read,discharging,1,31.6,37.6,100,95,1,9.03,0,0,0,4.357,0.329,1.433453,12622,5931,0,-
17:41:01.030,snap,default,com.phoenix.read,discharging,1,31.6,37.2,100,95,1,9.03,0,0,0,4.356,0.309,1.3460039,12622,5931,0,-
17:41:02.030,snap,default,com.phoenix.read,discharging,1,31.6,37.2,100,95,1,8.85,0,0,0,4.357,0.31,1.35067,12671,5975,0,-
17:41:03.031,snap,default,com.phoenix.read,discharging,1,31.6,37.2,100,95,1,8.85,0,0,0,4.353,0.301,1.310253,12671,5975,0,-
17:41:04.030,snap,default,com.phoenix.read,discharging,1,31.6,37.2,100,95,1,8.69,0,0,0,4.354,0.322,1.401988,12490,6277,0,-
17:41:05.032,snap,default,com.phoenix.read,discharging,1,31.6,37.2,100,95,1,8.69,0,0,0,4.355,0.301,1.310855,12490,6277,0,-
17:41:06.030,snap,default,com.phoenix.read,discharging,1,31.6,37.6,100,95,1,8.57,0,0,0,4.356,0.31,1.35036,12060,5868,0,-
17:41:07.030,snap,default,com.phoenix.read,discharging,1,31.6,37.2,100,95,1,8.57,0,0,0,4.355,0.288,1.2542399,12060,5868,0,-
17:41:08.032,snap,default,com.phoenix.read,discharging,1,31.6,38.4,100,95,1,8.82,0,0,0,4.353,0.32,1.3929601,13441,6680,0,-
17:41:09.030,snap,default,com.phoenix.read,discharging,1,31.6,38.4,100,95,1,8.82,0,0,0,4.353,0.386,1.6802582,13441,6680,0,-
17:41:10.034,snap,default,com.phoenix.read,discharging,1,31.6,38.4,100,95,1,9.94,0,0,0,4.353,0.396,1.723788,15570,6800,0,-
17:41:11.033,snap,default,com.phoenix.read,discharging,1,31.6,38,100,95,1,9.94,0,0,0,4.353,0.392,1.7063761,15570,6800,0,-
17:41:12.035,snap,default,com.phoenix.read,discharging,1,31.6,37.6,100,95,1,11.22,0,0,0,4.352,0.383,1.666816,15570,6800,0,-
17:41:13.033,snap,default,com.phoenix.read,discharging,1,31.6,37.6,100,95,1,11.22,0,0,0,4.354,0.334,1.454236,13008,5271,0,-
17:41:14.034,snap,default,com.phoenix.read,discharging,1,31.6,37.6,100,95,1,11.9,0,0,0,4.354,0.305,1.32797,13008,5271,0,-
17:41:15.034,snap,default,com.phoenix.read,discharging,1,31.6,37.2,100,95,1,11.9,0,0,0,4.353,0.314,1.3668422,12455,5143,0,-
17:41:16.035,snap,default,com.phoenix.read,discharging,1,31.6,37.6,100,95,1,12.28,0,0,0,4.354,0.32,1.39328,12455,5143,0,-
17:41:17.034,snap,default,com.phoenix.read,discharging,1,31.6,37.6,100,95,1,12.28,0,0,0,4.354,0.31,1.34974,12550,5154,0,-
17:41:18.037,snap,default,com.phoenix.read,discharging,1,31.6,37.6,100,95,1,12.41,0,0,0,4.355,0.326,1.4197301,12550,5154,0,-
17:41:19.035,snap,default,com.phoenix.read,discharging,1,31.6,38.4,100,95,1,12.41,0,0,0,4.353,0.327,1.423431,12551,5243,0,-
17:41:20.040,snap,default,com.phoenix.read,discharging,1,31.6,37.6,100,95,1,12.52,0,0,0,4.351,0.392,1.7055919,12551,5243,0,-
17:41:21.035,snap,default,com.phoenix.read,discharging,1,31.6,38.4,100,95,1,12.52,0,0,0,4.352,0.441,1.9192321,12425,5353,0,-
17:41:22.036,snap,default,com.phoenix.read,discharging,1,31.6,40,100,95,1,12.97,0,0,0,4.35,0.364,1.5833999,12425,5353,0,-
17:41:23.035,snap,default,com.phoenix.read,discharging,1,31.6,40,100,95,1,12.97,0,0,0,4.353,0.462,2.0110862,21082,8024,0,-
17:41:24.036,snap,default,com.phoenix.read,discharging,1,31.6,39.2,100,95,1,16.96,0,0,0,4.352,0.407,1.7712641,21082,8024,0,-
17:41:25.035,snap,default,com.phoenix.read,discharging,1,31.6,38.8,100,95,1,16.96,0,0,0,4.355,0.4,1.742,16311,6365,0,-
17:41:26.037,snap,default,com.phoenix.read,discharging,1,31.6,38.4,100,95,1,17.33,0,0,0,4.355,0.337,1.467635,16311,6365,0,-
17:41:27.037,snap,default,com.phoenix.read,discharging,1,31.6,38,100,95,1,17.33,0,0,0,4.353,0.325,1.414725,12288,5117,0,-
17:41:28.037,snap,default,com.phoenix.read,discharging,1,31.6,38,100,95,1,16.54,0,0,0,4.353,0.371,1.614963,12288,5117,0,-
17:41:29.040,snap,default,com.phoenix.read,discharging,1,31.6,37.6,100,95,1,16.54,0,0,0,4.352,0.34,1.4796801,12249,4952,0,-
17:41:30.038,snap,default,com.phoenix.read,discharging,1,31.5,37.6,100,95,1,15.9,0,0,0,4.351,0.362,1.5750619,12249,4952,0,-
17:41:31.039,snap,default,com.phoenix.read,discharging,1,31.5,37.6,100,95,1,15.9,0,0,0,4.35,0.429,1.8661499,12564,5285,0,-
17:41:32.037,snap,default,com.phoenix.read,discharging,1,31.5,37.6,100,95,1,15.55,0,0,0,4.351,0.346,1.5054458,12564,5285,0,-
17:41:33.038,snap,default,com.phoenix.read,discharging,1,31.5,37.6,100,95,1,15.55,0,0,0,4.352,0.349,1.5188481,12930,5518,0,-
17:41:34.038,snap,default,com.phoenix.read,discharging,1,31.5,38.4,100,95,1,15.27,0,0,0,4.35,0.362,1.5746999,12930,5518,0,-
17:41:35.038,snap,default,com.phoenix.read,discharging,1,31.5,38.4,100,95,1,15.27,0,0,0,4.355,0.373,1.624415,12125,5180,0,-
17:41:36.038,snap,default,com.phoenix.read,discharging,1,31.5,38,100,95,1,14.86,0,0,0,4.354,0.287,1.249598,12125,5180,0,-
17:41:37.039,snap,default,com.phoenix.read,discharging,1,31.5,38,100,95,1,14.86,0,0,0,4.352,0.287,1.249024,12409,5023,0,-
17:41:38.039,snap,default,com.phoenix.read,discharging,1,31.5,38.4,100,95,1,14.52,0,0,0,4.352,0.309,1.344768,12409,5023,0,-
17:41:39.039,snap,default,com.phoenix.read,discharging,1,31.5,38.4,100,95,1,14.52,0,0,0,4.351,0.337,1.466287,12409,5023,0,-
17:41:40.039,snap,default,com.phoenix.read,discharging,1,31.5,36.8,100,95,1,13.7,0,0,0,4.354,0.407,1.772078,17720,5131,0,-
17:41:41.038,snap,default,com.phoenix.read,discharging,1,31.5,36.8,100,95,1,13.7,0,0,0,4.355,0.305,1.3282751,17720,5131,0,-
17:41:42.039,snap,default,com.phoenix.read,discharging,1,31.5,37.6,100,95,1,12.49,0,0,0,4.353,0.309,1.345077,8641,2653,0,-
17:41:43.040,snap,default,com.phoenix.read,discharging,1,31.5,37.6,100,95,1,12.49,0,0,0,4.354,0.316,1.3758641,8641,2653,0,-
17:41:44.041,snap,default,com.phoenix.read,discharging,1,31.5,37.6,100,95,1,11.49,0,0,0,4.352,0.315,1.37088,7839,2179,0,-
17:41:45.040,snap,default,com.phoenix.read,discharging,1,31.5,36.8,100,95,1,11.49,0,0,0,4.354,0.259,1.127686,7839,2179,0,-
17:41:46.041,snap,default,com.phoenix.read,discharging,1,31.5,36.8,100,95,1,10.68,0,0,0,4.355,0.273,1.188915,7560,1994,0,-
17:41:47.041,snap,default,com.phoenix.read,discharging,1,31.5,36.4,100,95,1,10.68,0,0,0,4.356,0.271,1.180476,7560,1994,0,-
17:41:48.042,snap,default,com.phoenix.read,discharging,1,31.5,36.4,100,95,1,10.19,0,0,0,4.355,0.269,1.171495,6909,1906,0,-
17:41:49.043,snap,default,com.phoenix.read,discharging,1,31.5,36.4,100,95,1,10.19,0,0,0,4.357,0.25,1.08925,6909,1906,0,-
17:41:50.041,snap,default,com.phoenix.read,discharging,1,31.5,36.8,100,95,1,9.61,0,0,0,4.357,0.199,0.86704296,6197,1500,0,-
17:41:51.042,snap,default,com.phoenix.read,discharging,1,31.5,36.8,100,95,1,8.96,0,0,0,4.358,0.197,0.85852593,6197,1500,0,-
17:41:52.043,snap,default,com.phoenix.read,discharging,1,31.5,36.8,100,95,1,8.96,0,0,0,4.355,0.193,0.840515,6753,1784,0,-
17:41:53.043,snap,default,com.phoenix.read,discharging,1,31.5,36.8,100,95,1,8.6,0,0,0,4.358,0.188,0.81930393,6753,1784,0,-
17:41:54.044,snap,default,com.phoenix.read,discharging,1,31.5,36.8,100,95,1,8.6,0,0,0,4.357,0.263,1.1458911,6755,1954,0,-
17:41:55.044,snap,default,com.phoenix.read,discharging,1,31.5,36.8,100,95,1,8.31,0,0,0,4.356,0.185,0.80586,6755,1954,0,-
17:41:56.044,snap,default,com.phoenix.read,discharging,1,31.5,36.8,100,95,1,8.31,0,0,0,4.358,0.189,0.8236619,6012,1497,0,-
17:41:57.044,snap,default,com.phoenix.read,discharging,1,31.5,36.4,100,95,1,7.89,0,0,0,4.357,0.188,0.81911594,6012,1497,0,-
17:41:58.044,snap,default,com.phoenix.read,discharging,1,31.5,36.4,100,95,1,7.89,0,0,0,4.359,0.18,0.78462005,5938,1585,0,-
17:41:59.044,snap,default,com.phoenix.read,discharging,1,31.5,36.4,100,95,1,7.55,0,0,0,4.359,0.182,0.793338,5938,1585,0,-
17:42:00.044,snap,default,com.phoenix.read,discharging,1,31.4,35.6,100,95,1,7.55,0,0,0,4.359,0.18,0.78462005,6121,1604,0,-
17:42:01.044,snap,default,com.phoenix.read,discharging,1,31.4,35.6,100,95,1,7.27,0,0,0,4.359,0.182,0.793338,6121,1604,0,-
17:42:02.046,snap,default,com.phoenix.read,discharging,1,31.4,35.6,100,95,1,7.27,0,0,0,4.357,0.187,0.814759,6098,1413,0,-
17:42:03.045,snap,default,com.phoenix.read,discharging,1,31.4,36,100,95,1,7.03,0,0,0,4.359,0.176,0.767184,6098,1413,0,-
17:42:04.044,snap,default,com.phoenix.read,discharging,1,31.4,36,100,95,1,7.03,0,0,0,4.358,0.234,1.0197719,6098,1413,0,-
17:42:05.044,snap,default,com.phoenix.read,discharging,1,31.4,36.4,100,95,1,7.39,0,0,0,4.347,0.329,1.430163,6633,1775,0,-
17:42:06.046,snap,default,com.phoenix.read,discharging,1,31.4,36.8,100,95,1,7.39,0,0,2,4.356,0.312,1.359072,6633,1775,0,-
17:42:07.045,snap,default,com.phoenix.read,discharging,1,31.4,37.6,100,95,1,7.5,0,0,0,4.354,0.299,1.301846,14240,6277,0,-
17:42:08.045,snap,default,com.phoenix.read,discharging,1,31.4,36.8,100,95,1,7.5,0,0,0,4.355,0.285,1.2411749,14240,6277,0,-
17:42:09.044,snap,default,com.phoenix.read,discharging,1,31.4,37.6,100,95,1,7.59,0,0,0,4.355,0.29,1.26295,12726,5901,0,-
17:42:10.045,snap,default,com.phoenix.read,discharging,1,31.4,38,100,95,1,7.59,0,0,0,4.355,0.307,1.3369851,12726,5901,0,-
17:42:11.048,snap,default,com.phoenix.read,discharging,1,31.4,38,100,95,1,7.66,0,0,0,4.354,0.308,1.341032,13014,6197,0,-
17:42:12.046,snap,default,com.phoenix.read,discharging,1,31.4,37.2,100,95,1,7.66,0,0,0,4.354,0.308,1.341032,13014,6197,0,-
17:42:13.045,snap,default,com.phoenix.read,discharging,1,31.4,37.2,100,95,1,7.66,0,0,0,4.356,0.295,1.2850199,12016,5829,0,-
17:42:14.045,snap,default,com.phoenix.read,discharging,1,31.4,36.8,100,95,1,7.72,0,0,0,4.354,0.283,1.232182,12016,5829,0,-
17:42:15.046,snap,default,com.phoenix.read,discharging,1,31.4,36.8,100,95,1,7.72,0,0,0,4.354,0.279,1.2147661,11691,5725,0,-
17:42:16.046,snap,default,com.phoenix.read,discharging,1,31.4,36.8,100,95,1,7.95,0,0,0,4.353,0.28,1.21884,11691,5725,0,-
17:42:17.046,snap,default,com.phoenix.read,discharging,1,31.4,37.2,100,95,1,7.95,0,0,0,4.355,0.289,1.258595,12084,5682,0,-
17:42:18.047,snap,default,com.phoenix.read,discharging,1,31.4,37.2,100,95,1,8.69,0,0,0,4.354,0.292,1.271368,12084,5682,0,-
17:42:19.048,snap,default,com.phoenix.read,discharging,1,31.4,37.2,100,95,1,8.69,0,0,0,4.354,0.298,1.297492,12370,5904,0,-
17:42:20.048,snap,default,com.phoenix.read,discharging,1,31.3,37.2,100,95,1,9.29,0,0,0,4.353,0.309,1.345077,12370,5904,0,-
17:42:21.049,snap,default,com.phoenix.read,discharging,1,31.3,37.6,100,95,1,9.29,0,0,0,4.354,0.304,1.323616,12088,5501,0,-
17:42:22.047,snap,default,com.phoenix.read,discharging,1,31.3,38.4,100,95,1,9.6,0,0,0,4.355,0.301,1.310855,12088,5501,0,-
17:42:23.048,snap,default,com.phoenix.read,discharging,1,31.3,38.4,100,95,1,9.6,0,0,0,4.352,0.303,1.3186561,18822,5739,0,-
17:42:24.048,snap,default,com.phoenix.read,discharging,1,31.3,37.6,100,95,1,9.31,0,0,0,4.354,0.386,1.680644,18822,5739,0,-
17:42:25.050,snap,default,com.phoenix.read,discharging,1,31.3,37.2,100,95,1,9.31,0,0,0,4.359,0.193,0.8412871,6889,1702,0,-
17:42:26.049,snap,default,com.phoenix.read,discharging,1,31.3,36.8,100,95,1,8.71,0,0,0,4.357,0.202,0.880114,6889,1702,0,-
17:42:27.049,snap,default,com.phoenix.read,discharging,1,31.3,36.8,100,95,1,8.71,0,0,0,4.357,0.212,0.92368394,7935,2673,0,-
17:42:28.049,snap,default,com.phoenix.read,discharging,1,31.3,37.2,100,95,1,8.58,0,0,0,4.355,0.232,1.01036,7935,2673,0,-
17:42:29.049,snap,default,com.phoenix.read,discharging,1,31.3,37.2,100,95,1,8.58,0,0,0,4.355,0.25,1.08875,8151,2402,0,-
17:42:30.050,snap,default,com.phoenix.read,discharging,1,31.3,37.2,100,95,1,8.29,0,0,0,4.357,0.225,0.9803249,8151,2402,0,-
17:42:31.051,snap,default,com.phoenix.read,discharging,1,31.3,36.4,100,95,1,8.29,0,0,0,4.357,0.237,1.032609,8151,2402,0,-
17:42:32.051,snap,default,com.phoenix.read,discharging,1,31.3,36.4,100,95,1,8.06,0,0,0,4.358,0.217,0.9456859,7818,2257,0,-
17:42:33.051,snap,default,com.phoenix.read,discharging,1,31.3,36,100,95,1,8.06,0,0,0,4.358,0.196,0.85416794,7818,2257,0,-
17:42:34.051,snap,default,com.phoenix.read,discharging,1,31.3,36,100,95,1,7.86,0,0,0,4.357,0.195,0.8496149,6286,1626,0,-
17:42:35.053,snap,default,com.phoenix.read,discharging,1,31.3,36,100,95,1,7.86,0,0,0,4.355,0.204,0.88842,6286,1626,0,-
17:42:36.054,snap,default,com.phoenix.read,discharging,1,31.3,36,100,95,1,7.89,0,0,0,4.357,0.208,0.906256,6205,1637,0,-
17:42:37.053,snap,default,com.phoenix.read,discharging,1,31.3,36,100,95,1,7.89,0,0,0,4.358,0.2,0.8716,6205,1637,0,-
17:42:38.055,snap,default,com.phoenix.read,discharging,1,31.3,36.4,100,95,1,7.54,0,0,0,4.358,0.178,0.775724,6226,1513,0,-
17:42:39.053,snap,default,com.phoenix.read,discharging,1,31.3,36.8,100,95,1,7.54,0,0,0,4.356,0.241,1.049796,6226,1513,0,-
17:42:40.053,snap,default,com.phoenix.read,discharging,1,31.2,36.8,100,95,1,7.44,0,0,0,4.357,0.229,0.99775296,7471,2071,0,-
17:42:41.055,snap,default,com.phoenix.read,discharging,1,31.2,36.4,100,95,1,7.44,0,0,0,4.357,0.206,0.897542,7471,2071,0,-
17:42:42.054,snap,default,com.phoenix.read,discharging,1,31.2,36.4,100,95,1,7.36,0,0,0,4.358,0.217,0.9456859,6722,1873,0,-
17:42:43.053,snap,default,com.phoenix.read,discharging,1,31.2,35.2,100,95,1,7.36,0,0,0,4.356,0.212,0.923472,6722,1873,0,-
17:42:44.053,snap,default,com.phoenix.read,discharging,1,31.2,35.2,100,95,1,7.12,0,0,0,4.358,0.21,0.9151799,6249,1613,0,-
17:42:45.056,snap,default,com.phoenix.read,discharging,1,31.2,35.6,100,95,1,7.12,0,0,0,4.355,0.203,0.884065,6249,1613,0,-
17:42:46.057,snap,default,com.phoenix.read,discharging,1,31.2,36,100,95,1,7.09,0,0,0,4.358,0.187,0.814946,7095,2045,0,-
17:42:47.055,snap,default,com.phoenix.read,discharging,1,31.2,36,100,95,1,7.09,0,0,0,4.356,0.202,0.879912,7095,2045,0,-
17:42:48.054,snap,default,com.phoenix.read,discharging,1,31.2,36,100,95,1,7.44,0,0,0,4.355,0.293,1.276015,12483,5091,0,-
17:42:49.054,snap,default,com.phoenix.read,discharging,1,31.2,36,100,95,1,7.44,0,0,2,4.356,0.287,1.250172,12483,5091,0,-
17:42:50.058,snap,default,com.phoenix.read,discharging,1,31.2,36.4,100,95,1,7.54,0,0,0,4.354,0.291,1.267014,12296,5616,0,-
17:42:51.056,snap,default,com.phoenix.read,discharging,1,31.2,37.6,100,95,1,7.54,0,0,0,4.354,0.298,1.297492,12296,5616,0,-
17:42:52.055,snap,default,com.phoenix.read,discharging,1,31.2,40,100,95,1,8.17,0,0,0,4.333,0.483,2.0928392,19320,7570,0,-
17:42:53.059,snap,default,com.phoenix.read,discharging,1,31.2,40,100,95,1,8.17,0,0,2,4.352,0.47,2.0454402,19320,7570,0,-
17:42:54.056,snap,default,com.phoenix.read,discharging,1,31.2,37.6,100,95,1,8.13,0,0,0,4.353,0.294,1.279782,12455,5689,0,-
17:42:55.062,snap,default,com.phoenix.read,discharging,1,31.2,36.4,100,95,1,8.13,0,0,0,4.354,0.28,1.21912,12455,5689,0,-
17:42:56.059,snap,default,com.phoenix.read,discharging,1,31.2,36.4,100,95,1,8.11,0,0,0,4.354,0.279,1.2147661,12455,5689,0,-
17:42:57.057,snap,default,com.phoenix.read,discharging,1,31.2,37.2,100,95,1,8.11,0,0,0,4.352,0.275,1.1968001,13300,6246,0,-
17:42:58.057,snap,default,com.phoenix.read,discharging,1,31.2,37.2,100,95,1,8.27,0.72,0,0,4.354,0.421,1.833034,13300,6246,0,-
17:42:59.057,snap,default,com.phoenix.read,discharging,1,31.2,37.2,100,95,1,8.27,0.72,0,0,4.352,0.302,1.314304,16098,7274,0,-
17:43:00.057,snap,default,com.phoenix.read,discharging,1,31.1,37.2,100,95,1,8.76,0.59,0,0,4.354,0.294,1.280076,16098,7274,0,-
17:43:01.057,snap,default,com.phoenix.read,discharging,1,31.1,37.6,100,95,1,8.76,0.59,0,0,4.349,0.341,1.483009,13320,6239,0,-
17:43:02.059,snap,default,com.phoenix.read,discharging,1,31.1,37.6,100,95,1,9.35,0.48,0,0,4.354,0.35,1.5239,13320,6239,0,-
17:43:03.058,snap,default,com.phoenix.read,discharging,1,31.1,37.6,100,95,1,9.35,0.48,0,0,4.354,0.291,1.267014,12134,5036,0,-
17:43:04.060,snap,default,com.phoenix.read,discharging,1,31.1,37.2,100,95,1,9.83,0.39,0,0,4.354,0.296,1.288784,12134,5036,0,-
17:43:05.058,snap,default,com.phoenix.read,discharging,1,31.1,37.2,100,95,1,9.83,0.39,0,0,4.354,0.287,1.249598,11663,4814,0,-
17:43:06.061,snap,default,com.phoenix.read,discharging,1,31.1,37.2,100,95,1,10.04,0.32,0,0,4.353,0.299,1.301547,11663,4814,0,-
17:43:07.060,snap,default,com.phoenix.read,discharging,1,31.1,37.2,100,95,1,10.04,0.32,0,0,4.353,0.287,1.2493111,11854,5308,0,-
17:43:08.061,snap,default,com.phoenix.read,discharging,1,31.1,36.8,100,95,1,10.39,0.26,0,0,4.352,0.288,1.253376,11854,5308,0,-
17:43:09.061,snap,default,com.phoenix.read,discharging,1,31.1,37.2,100,95,1,10.39,0.26,0,0,4.35,0.285,1.2397499,12396,5372,0,-
17:43:10.060,snap,default,com.phoenix.read,discharging,1,31.1,36.8,100,95,1,11.05,0.21,0,0,4.352,0.362,1.5754241,12396,5372,0,-
17:43:11.060,snap,default,com.phoenix.read,discharging,1,31.1,37.2,100,95,1,11.05,0.21,0,0,4.349,0.312,1.356888,12614,5546,0,-
17:43:12.062,snap,default,com.phoenix.read,discharging,1,31.1,37.2,100,95,1,11.22,0.17,0,0,4.352,0.317,1.3795841,12614,5546,0,-
17:43:13.061,snap,default,com.phoenix.read,discharging,1,31.1,37.2,100,95,1,11.22,0.17,0,0,4.353,0.31,1.3494301,11808,5031,0,-
17:43:14.062,snap,default,com.phoenix.read,discharging,1,31.1,36.8,100,95,1,11.36,0.14,0,0,4.354,0.297,1.293138,11808,5031,0,-
17:43:15.061,snap,default,com.phoenix.read,discharging,1,31.1,36.8,100,95,1,11.36,0.14,0,0,4.354,0.288,1.253952,11680,4869,0,-
17:43:16.061,snap,default,com.phoenix.read,discharging,1,31.1,38,100,95,1,11.66,0.11,0,0,4.352,0.312,1.3578241,11680,4869,0,-
17:43:17.061,snap,default,com.phoenix.read,discharging,1,31.1,39.2,100,95,1,11.66,0.11,0,0,4.351,0.377,1.640327,13883,6201,0,-
17:43:18.062,snap,default,com.phoenix.read,discharging,1,31.1,39.2,100,95,1,12.08,0.27,0,0,4.35,0.479,2.0836499,13883,6201,0,-
17:43:19.062,snap,default,com.phoenix.read,discharging,1,31.1,37.6,100,95,1,12.08,0.27,0,0,4.353,0.434,1.889202,14318,5479,0,-
17:43:20.061,snap,default,com.phoenix.read,discharging,1,31.1,37.6,100,95,1,12.43,0.22,0,0,4.352,0.328,1.4274561,14318,5479,0,-
17:43:21.065,snap,default,com.phoenix.read,discharging,1,31.1,37.6,100,95,1,12.43,0.22,0,0,4.351,0.339,1.4749889,11985,4944,0,-
17:43:22.062,snap,default,com.phoenix.read,discharging,1,31.1,37.6,100,95,1,12.71,0.18,0,0,4.35,0.343,1.4920499,11985,4944,0,-
17:43:23.064,snap,default,com.phoenix.read,discharging,1,31.1,38,100,95,1,12.71,0.18,0,0,4.351,0.402,1.749102,11985,4944,0,-
17:43:24.064,snap,default,com.phoenix.read,discharging,1,31.1,37.2,100,95,1,12.4,0.15,0,0,4.35,0.536,2.3316,19331,7863,0,-
17:43:25.063,snap,default,com.phoenix.read,discharging,1,31.1,37.6,100,95,1,12.4,0.15,0,2,4.352,0.36,1.5667201,19331,7863,0,-
17:43:26.064,snap,default,com.phoenix.read,discharging,1,31.1,37.2,100,95,1,11.42,0.12,0,0,4.352,0.337,1.4666241,12195,5060,0,-
17:43:27.064,snap,default,com.phoenix.read,discharging,1,31.1,37.2,100,95,1,11.42,0.12,0,0,4.351,0.335,1.457585,12195,5060,0,-
17:43:28.065,snap,default,com.phoenix.read,discharging,1,31.1,37.2,100,95,1,10.8,0.1,0,0,4.352,0.337,1.4666241,12090,5324,0,-
17:43:29.064,snap,default,com.phoenix.read,discharging,1,31.1,37.2,100,95,1,10.8,0.1,0,0,4.35,0.338,1.4703,12090,5324,0,-
17:43:30.065,snap,default,com.phoenix.read,discharging,1,31,37.2,100,95,1,10.29,0.08,0,0,4.351,0.354,1.540254,12306,6161,0,-
17:43:31.065,snap,default,com.phoenix.read,discharging,1,31,37.6,100,95,1,10.29,0.08,0,0,4.351,0.349,1.518499,12306,6161,0,-
17:43:32.065,snap,default,com.phoenix.read,discharging,1,31,37.6,100,95,1,9.88,0.06,0,0,4.351,0.343,1.4923929,12319,6223,0,-
17:43:33.066,snap,default,com.phoenix.read,discharging,1,31,37.6,100,95,1,9.88,0.06,0,0,4.352,0.343,1.4927361,12319,6223,0,-
17:43:34.066,snap,default,com.phoenix.read,discharging,1,31,37.2,100,95,1,9.72,0.05,0,0,4.351,0.338,1.4706379,11894,5688,0,-
17:43:35.070,snap,default,com.phoenix.read,discharging,1,31,37.2,100,95,1,9.72,0.05,0,0,4.351,0.334,1.453234,11894,5688,0,-
17:43:36.066,snap,default,com.phoenix.read,discharging,1,31,36.8,100,95,1,9.77,0.04,0,0,4.351,0.337,1.466287,11631,5415,0,-
17:43:37.067,snap,default,com.phoenix.read,discharging,1,31,37.6,100,95,1,9.77,0.04,0,0,4.351,0.337,1.466287,11631,5415,0,-
17:43:38.067,snap,default,com.phoenix.read,discharging,1,31,36.8,100,95,1,9.99,0.03,0,0,4.351,0.335,1.457585,12065,5518,0,-
17:43:39.067,snap,default,com.phoenix.read,discharging,1,31,37.6,100,95,1,9.99,0.03,0,0,4.351,0.337,1.466287,12065,5518,0,-
17:43:40.067,snap,default,com.phoenix.read,discharging,1,31,37.6,100,95,1,10.35,0.02,0,0,4.35,0.332,1.4441999,12182,5530,0,-
17:43:41.067,snap,default,com.phoenix.read,discharging,1,31,37.6,100,95,1,10.35,0.02,0,0,4.351,0.337,1.466287,12182,5530,0,-
17:43:42.068,snap,default,com.phoenix.read,discharging,1,31,39.2,100,95,1,10.83,0.02,0,1,4.338,0.417,1.8089459,15613,7306,0,-
17:43:43.068,snap,default,com.phoenix.read,discharging,1,31,39.2,100,95,1,10.83,0.02,0,0,4.345,0.583,2.533135,15613,7306,0,-
17:43:44.067,snap,default,com.phoenix.read,discharging,1,31,38.8,100,95,1,11.95,0.01,0,0,4.349,0.436,1.896164,13866,6209,0,-
17:43:45.068,snap,default,com.phoenix.read,discharging,1,31,38,100,95,1,11.95,0.01,0,0,4.351,0.346,1.5054458,13866,6209,0,-
17:43:46.068,snap,default,com.phoenix.read,discharging,1,31,37.6,100,95,1,12.5,0.01,0,1,4.35,0.345,1.50075,12348,5597,0,-
17:43:47.069,snap,default,com.phoenix.read,discharging,1,31,38,100,95,1,12.5,0.01,0,1,4.351,0.342,1.488042,12348,5597,0,-
17:43:48.069,snap,default,com.phoenix.read,discharging,1,31,36.8,100,95,1,12.95,0.01,0,0,4.349,0.343,1.491707,12574,5726,0,-
17:43:49.075,snap,default,com.phoenix.read,discharging,1,31,37.6,100,95,1,12.95,0.01,0,0,4.352,0.337,1.4666241,12574,5726,0,-
17:43:50.075,snap,default,com.phoenix.read,discharging,1,31,37.2,100,95,1,13.14,0.01,0,1,4.353,0.32,1.3929601,12574,5726,0,-
17:43:51.075,snap,default,com.phoenix.read,discharging,1,31,37.6,100,95,1,13.14,0.01,0,2,4.335,0.299,1.296165,12642,5697,0,-
17:43:52.076,snap,default,com.phoenix.read,discharging,1,31,38,100,95,1,13.3,0,0,2,4.352,0.498,2.1672962,12642,5697,0,-
17:43:53.076,snap,default,com.phoenix.read,discharging,1,31,38,100,95,1,13.3,0,0,1,4.353,0.306,1.332018,15158,6822,0,-
17:43:54.079,snap,default,com.phoenix.read,discharging,1,31,38,100,95,1,12.88,0,0,1,4.351,0.301,1.3096509,15158,6822,0,-
17:43:55.080,snap,default,com.phoenix.read,discharging,1,31,37.6,100,95,1,12.88,0,0,0,4.352,0.293,1.2751361,12216,5251,0,-
17:43:56.078,snap,default,com.phoenix.read,discharging,1,31,37.6,100,95,1,12.9,0,0,0,4.351,0.276,1.2008759,12216,5251,0,-
17:43:57.077,snap,default,com.phoenix.read,discharging,1,31,36.8,100,95,1,12.9,0,0,0,4.351,0.329,1.431479,11968,5506,0,-
17:43:58.078,snap,default,com.phoenix.read,discharging,1,31,36.8,100,95,1,13.28,0,0,1,4.352,0.301,1.309952,11968,5506,0,-
17:43:59.078,snap,default,com.phoenix.read,discharging,1,31,37.6,100,95,1,13.28,0,0,0,4.353,0.321,1.3973131,12641,5667,0,-
17:44:00.080,snap,default,com.phoenix.read,discharging,1,31,37.6,100,95,1,13.59,0,0,1,4.352,0.308,1.3404161,12641,5667,0,-
17:44:01.077,snap,default,com.phoenix.read,discharging,1,31,37.6,100,95,1,13.59,0,0,1,4.353,0.303,1.3189591,12295,5511,0,-
17:44:02.079,snap,default,com.phoenix.read,discharging,1,31,37.2,100,95,1,13.66,0,0,1,4.352,0.307,1.3360641,12295,5511,0,-
17:44:03.078,snap,default,com.phoenix.read,discharging,1,31,37.2,100,95,1,13.66,0,0,0,4.35,0.299,1.30065,12016,5150,0,-
17:44:04.079,snap,default,com.phoenix.read,discharging,1,31,37.2,100,95,1,13.72,0,0,1,4.348,0.289,1.256572,12016,5150,0,-
17:44:05.078,snap,default,com.phoenix.read,discharging,1,31,37.6,100,95,1,13.72,0,0,0,4.352,0.29,1.2620801,11949,5049,0,-
17:44:06.078,snap,default,com.phoenix.read,discharging,1,31,37.6,100,95,1,13.59,0,0,0,4.352,0.304,1.3230081,11949,5049,0,-
17:44:07.080,snap,default,com.phoenix.read,discharging,1,31,38,100,95,1,13.59,0,0,0,4.351,0.283,1.2313329,11877,5326,0,-
17:44:08.079,snap,default,com.phoenix.read,discharging,1,31,36.4,100,95,1,13.67,0,0,1,4.351,0.29,1.2617899,11877,5326,0,-
17:44:09.080,snap,default,com.phoenix.read,discharging,1,31,38,100,95,1,13.67,0,0,0,4.352,0.291,1.266432,12265,5709,0,-
17:44:10.080,snap,default,com.phoenix.read,discharging,1,30.9,37.6,100,95,1,13.91,0,0,0,4.353,0.337,1.4669611,12265,5709,0,-
17:44:11.080,snap,default,com.phoenix.read,discharging,1,30.9,38,100,95,1,13.91,0,0,1,4.348,0.319,1.387012,12891,6016,0,-
17:44:12.080,snap,default,com.phoenix.read,discharging,1,30.9,37.6,100,95,1,14.1,0,0,0,4.349,0.369,1.6047809,12891,6016,0,-
17:44:13.081,snap,default,com.phoenix.read,discharging,1,30.9,37.2,100,95,1,14.1,0,0,1,4.352,0.302,1.314304,12441,5235,0,-
17:44:14.081,snap,default,com.phoenix.read,discharging,1,30.9,37.2,100,95,1,14.08,0,0,0,4.353,0.296,1.288488,12441,5235,0,-
17:44:15.081,snap,default,com.phoenix.read,discharging,1,30.9,37.2,100,95,1,14.08,0,0,1,4.351,0.288,1.2530879,12441,5235,0,-
17:44:16.082,snap,default,com.phoenix.read,discharging,1,30.9,37.2,100,95,1,13.71,0,0,1,4.351,0.317,1.379267,15399,5859,0,-
17:44:17.081,snap,default,com.phoenix.read,discharging,1,30.9,37.2,100,95,1,13.71,0,0,0,4.354,0.334,1.454236,15399,5859,0,-
17:44:18.082,snap,default,com.phoenix.read,discharging,1,30.9,37.2,100,95,1,12.49,0,0,0,4.354,0.218,0.949172,12328,3014,0,-
17:44:19.084,snap,default,com.phoenix.read,discharging,1,30.9,36.8,100,95,1,12.49,0,0,0,4.352,0.238,1.0357761,12328,3014,0,-
17:44:20.082,snap,default,com.phoenix.read,discharging,1,30.9,36.4,100,95,1,11.68,0,0,0,4.353,0.246,1.0708381,9011,3057,0,-
17:44:21.083,snap,default,com.phoenix.read,discharging,1,30.9,36.8,100,95,1,11.68,0,0,0,4.353,0.23,1.0011901,9011,3057,0,-
17:44:22.083,snap,default,com.phoenix.read,discharging,1,30.9,36.4,100,95,1,10.83,0,0,0,4.354,0.229,0.997066,7778,2270,0,-
17:44:23.084,snap,default,com.phoenix.read,discharging,1,30.9,36.4,100,95,1,10.83,0,0,0,4.354,0.236,1.027544,7778,2270,0,-
17:44:24.084,snap,default,com.phoenix.read,discharging,1,30.9,36,100,95,1,10.13,0,0,0,4.354,0.219,0.953526,8249,2452,0,-
17:44:25.084,snap,default,com.phoenix.read,discharging,1,30.9,36,100,95,1,10.13,0,0,0,4.354,0.222,0.966588,8249,2452,0,-
17:44:26.084,snap,default,com.phoenix.read,discharging,1,30.9,35.2,100,95,1,9.56,0,0,0,4.354,0.213,0.927402,7642,2249,0,-
17:44:27.084,snap,default,com.phoenix.read,discharging,1,30.9,35.2,100,95,1,9.56,0,0,0,4.353,0.227,0.98813105,7642,2249,0,-
17:44:28.084,snap,default,com.phoenix.read,discharging,1,30.9,35.2,100,95,1,9.1,0,0,0,4.351,0.224,0.974624,7929,2419,0,-
17:44:29.085,snap,default,com.phoenix.read,discharging,1,30.9,35.2,100,95,1,9.1,0,0,0,4.354,0.245,1.06673,7929,2419,0,-
17:44:30.084,snap,default,com.phoenix.read,discharging,1,30.9,35.2,100,95,1,8.72,0,0,0,4.354,0.223,0.970942,7659,2281,0,-
17:44:31.089,snap,default,com.phoenix.read,discharging,1,30.9,35.2,100,95,1,8.72,0,0,0,4.354,0.215,0.93611,7659,2281,0,-
17:44:32.085,snap,default,com.phoenix.read,discharging,1,30.9,35.2,100,95,1,8.22,0,0,0,4.354,0.213,0.927402,7095,2028,0,-
17:44:33.086,snap,default,com.phoenix.read,discharging,1,30.9,36,100,95,1,8.22,0,0,0,4.354,0.216,0.940464,7095,2028,0,-
17:44:34.086,snap,default,com.phoenix.read,discharging,1,30.9,36,100,95,1,8,0,0,0,4.354,0.213,0.927402,7653,2267,0,-
17:44:35.086,snap,default,com.phoenix.read,discharging,1,30.9,35.2,100,95,1,8,0,0,0,4.354,0.205,0.89257,7653,2267,0,-
17:44:36.087,snap,default,com.phoenix.read,discharging,1,30.9,35.2,100,95,1,7.64,0,0,0,4.354,0.205,0.89257,7095,1976,0,-
17:44:37.088,snap,default,com.phoenix.read,discharging,1,30.9,35.2,100,95,1,7.64,0,0,0,4.353,0.207,0.9010711,7095,1976,0,-
17:44:38.086,snap,default,com.phoenix.read,discharging,1,30.9,36.4,100,95,1,7.34,0,0,0,4.349,0.366,1.5917339,12250,4979,0,-
17:44:39.088,snap,default,com.phoenix.read,discharging,1,30.8,36.4,100,95,1,7.34,0,0,0,4.352,0.312,1.3578241,12250,4979,0,-
17:44:40.087,snap,default,com.phoenix.read,discharging,1,30.8,36.8,100,95,1,7.64,0,0,0,4.351,0.308,1.3401079,13970,7114,0,-
17:44:41.087,snap,default,com.phoenix.read,discharging,1,30.8,37.2,100,95,1,7.64,0,0,1,4.338,0.487,2.1126058,13970,7114,0,-
17:44:42.089,snap,default,com.phoenix.read,discharging,1,30.8,37.2,100,95,1,8.25,0,0,4,4.351,0.299,1.300949,13970,7114,0,-
17:44:43.088,snap,default,com.phoenix.read,discharging,1,30.8,37.2,100,95,1,8.25,0,0,0,4.351,0.308,1.3401079,16722,9039,0,-
17:44:44.089,snap,default,com.phoenix.read,discharging,1,30.8,37.6,100,95,1,8.38,0,0,0,4.35,0.307,1.33545,16722,9039,0,-
17:44:45.088,snap,default,com.phoenix.read,discharging,1,30.8,36.8,100,95,1,8.38,0,0,1,4.349,0.301,1.309049,13510,6986,0,-
17:44:46.089,snap,default,com.phoenix.read,discharging,1,30.8,36.8,100,95,1,8.68,0,0,0,4.352,0.29,1.2620801,13510,6986,0,-
17:44:47.089,snap,default,com.phoenix.read,discharging,1,30.8,36.4,100,95,1,8.68,0,0,1,4.352,0.287,1.249024,12163,5978,0,-
17:44:48.089,snap,default,com.phoenix.read,discharging,1,30.8,36.4,100,95,1,9.28,0,0,0,4.352,0.287,1.249024,12163,5978,0,-
17:44:49.090,snap,default,com.phoenix.read,discharging,1,30.8,37.2,100,95,1,9.28,0,0,0,4.349,0.358,1.556942,12352,5787,0,-
17:44:50.089,snap,default,com.phoenix.read,discharging,1,30.8,37.2,100,95,1,9.28,0,0,1,4.35,0.336,1.4616,12352,5787,0,-
17:44:51.090,snap,default,com.phoenix.read,discharging,1,30.8,37.2,100,95,1,9.95,0,0,0,4.352,0.271,1.1793921,12162,5558,0,-
17:44:52.090,snap,default,com.phoenix.read,discharging,1,30.8,36.8,100,95,1,9.95,0,0,1,4.351,0.285,1.2400349,12162,5558,0,-
17:44:53.092,snap,default,com.phoenix.read,discharging,1,30.8,36.4,100,95,1,10.5,0,0,0,4.352,0.287,1.249024,11968,5412,0,-
17:44:54.090,snap,default,com.phoenix.read,discharging,1,30.8,36,100,95,1,10.5,0,0,1,4.351,0.283,1.2313329,11968,5412,0,-
17:44:55.102,snap,default,com.phoenix.read,discharging,1,30.8,36,100,95,1,10.95,0,0,0,4.351,0.28,1.21828,11874,5412,0,-
17:44:56.092,snap,default,com.phoenix.read,discharging,1,30.8,36,100,95,1,10.95,0,0,0,4.352,0.279,1.2142081,11874,5412,0,-
17:44:57.095,snap,default,com.phoenix.read,discharging,1,30.8,36.4,100,95,1,11.51,0,0,0,4.351,0.276,1.2008759,11731,5244,0,-
17:44:58.093,snap,default,com.phoenix.read,discharging,1,30.8,36.4,100,95,1,11.51,0,0,0,4.352,0.327,1.423104,11731,5244,0,-
17:44:59.099,snap,default,com.phoenix.read,discharging,1,30.8,36.4,100,95,1,11.96,0,0,0,4.35,0.343,1.4920499,13514,6366,0,-
17:45:00.093,snap,default,com.phoenix.read,discharging,1,30.8,36.8,100,95,1,11.96,0,0,0,4.352,0.28,1.2185601,13514,6366,0,-
17:45:01.094,snap,default,com.phoenix.read,discharging,1,30.8,36.4,100,95,1,12.51,0,0,1,4.351,0.281,1.2226309,12009,5432,0,-
17:45:02.094,snap,default,com.phoenix.read,discharging,1,30.8,36.4,100,95,1,12.51,0,0,0,4.352,0.289,1.2577281,12009,5432,0,-
17:45:03.095,snap,default,com.phoenix.read,discharging,1,30.8,36.4,100,95,1,12.78,0,0,0,4.35,0.287,1.2484499,12419,5637,0,-
17:45:04.094,snap,default,com.phoenix.read,discharging,1,30.8,36.8,100,95,1,12.78,0,0,1,4.348,0.292,1.269616,12419,5637,0,-
17:45:05.094,snap,default,com.phoenix.read,discharging,1,30.8,36.8,100,95,1,13,0,0,1,4.35,0.29,1.2614999,11992,5361,0,-
17:45:06.095,snap,default,com.phoenix.read,discharging,1,30.8,36.8,100,95,1,13,0,0,1,4.352,0.288,1.253376,11992,5361,0,-
17:45:07.095,snap,default,com.phoenix.read,discharging,1,30.8,36.8,100,95,1,13,0,0,0,4.351,0.288,1.2530879,11992,5361,0,-
17:45:08.096,snap,default,com.phoenix.read,discharging,1,30.8,36.8,100,95,1,13,0,0,0,4.352,0.291,1.266432,12070,5255,0,-
17:45:09.095,snap,default,com.phoenix.read,discharging,1,30.8,36.8,100,95,1,13,0,0,1,4.349,0.31,1.34819,12070,5255,0,-
17:45:10.102,snap,default,com.phoenix.read,discharging,1,30.7,36.8,100,95,1,13,0,0,0,4.349,0.319,1.387331,13013,5843,0,-
17:45:11.098,snap,default,com.phoenix.read,discharging,1,30.7,36.8,100,95,1,13.36,0,0,0,4.351,0.304,1.322704,13013,5843,0,-
17:45:12.096,snap,default,com.phoenix.read,discharging,1,30.7,36.8,100,95,1,13.36,0,0,1,4.349,0.304,1.322096,12138,5295,0,-
17:45:13.097,snap,default,com.phoenix.read,discharging,1,30.7,36.8,100,95,1,13.47,0,0,1,4.35,0.3,1.3050001,12138,5295,0,-
17:45:14.097,snap,default,com.phoenix.read,discharging,1,30.7,36.8,100,95,1,13.47,0,0,1,4.351,0.3,1.3053,12301,5414,0,-
17:45:15.097,snap,default,com.phoenix.read,discharging,1,30.7,36.8,100,95,1,13.75,0,0,0,4.35,0.289,1.2571499,12301,5414,0,-
17:45:16.099,snap,default,com.phoenix.read,discharging,1,30.7,36.4,100,95,1,13.75,0,0,1,4.351,0.284,1.235684,11908,5286,0,-
17:45:17.098,snap,default,com.phoenix.read,discharging,1,30.7,36.4,100,95,1,13.61,0,0,0,4.349,0.274,1.191626,11908,5286,0,-
17:45:18.098,snap,default,com.phoenix.read,discharging,1,30.7,36.4,100,95,1,13.61,0,0,0,4.35,0.291,1.2658501,12078,5490,0,-
17:45:19.099,snap,default,com.phoenix.read,discharging,1,30.7,36.4,100,95,1,13.5,0,0,0,4.351,0.298,1.296598,12078,5490,0,-
17:45:20.100,snap,default,com.phoenix.read,discharging,1,30.7,36.4,100,95,1,13.5,0,0,1,4.35,0.308,1.3398,12326,5547,0,-
17:45:21.101,snap,default,com.phoenix.read,discharging,1,30.7,36.8,100,95,1,13.41,0,0,0,4.351,0.288,1.2530879,12326,5547,0,-
17:45:22.100,snap,default,com.phoenix.read,discharging,1,30.7,36.8,100,95,1,13.52,0,0,0,4.351,0.296,1.2878959,12440,5808,0,-
17:45:23.104,snap,default,com.phoenix.read,discharging,1,30.7,37.2,100,95,1,13.52,0,0,1,4.352,0.292,1.270784,12440,5808,0,-
17:45:24.101,snap,default,com.phoenix.read,discharging,1,30.7,37.2,100,95,1,13.42,0,0,0,4.35,0.279,1.21365,12041,5271,0,-
17:45:25.102,snap,default,com.phoenix.read,discharging,1,30.7,37.2,100,95,1,13.42,0,0,0,4.35,0.283,1.2310499,12041,5271,0,-
17:45:26.102,snap,default,com.phoenix.read,discharging,1,30.7,37.2,100,95,1,13.34,0,0,0,4.35,0.274,1.1918999,11697,5199,0,-
17:45:27.102,snap,default,com.phoenix.read,discharging,1,30.7,36.8,100,95,1,13.34,0,0,1,4.351,0.288,1.2530879,11697,5199,0,-
17:45:28.101,snap,default,com.phoenix.read,discharging,1,30.7,36.8,100,95,1,13.28,0,0,1,4.351,0.295,1.2835449,12197,5661,0,-
17:45:29.103,snap,default,com.phoenix.read,discharging,1,30.7,37.2,100,95,1,13.28,0,0,0,4.35,0.314,1.3659,12197,5661,0,-
17:45:30.102,snap,default,com.phoenix.read,discharging,1,30.7,37.2,100,95,1,13.41,0,0,0,4.352,0.319,1.3882881,12173,5211,0,-
17:45:31.102,snap,default,com.phoenix.read,discharging,1,30.7,37.2,100,95,1,13.41,0,0,0,4.351,0.298,1.296598,12173,5211,0,-
17:45:32.102,snap,default,com.phoenix.read,discharging,1,30.7,37.2,100,95,1,13.33,0,0,0,4.351,0.29,1.2617899,11569,5052,0,-
17:45:33.102,snap,default,com.phoenix.read,discharging,1,30.7,37.2,100,95,1,13.33,0,0,0,4.351,0.282,1.226982,11569,5052,0,-
17:45:34.103,snap,default,com.phoenix.read,discharging,1,30.7,38.4,100,95,1,13.45,0,0,0,4.342,0.396,1.719432,11569,5052,0,-
17:45:35.103,snap,default,com.phoenix.read,discharging,1,30.7,38.4,100,95,1,13.45,0,0,2,4.343,0.582,2.527626,14723,6695,0,-
17:45:36.103,snap,default,com.phoenix.read,discharging,1,30.7,37.6,100,95,1,13.37,0,0,1,4.35,0.313,1.36155,14723,6695,0,-
17:45:37.104,snap,default,com.phoenix.read,discharging,1,30.7,37.6,100,95,1,13.37,0,0,1,4.351,0.293,1.274843,10487,4165,0,-
17:45:38.107,snap,default,com.phoenix.read,discharging,1,30.7,37.2,100,95,1,12.76,0,0,1,4.351,0.318,1.3836179,10487,4165,0,-
17:45:39.105,snap,default,com.phoenix.read,discharging,1,30.7,37.2,100,95,1,12.76,0,0,2,4.351,0.312,1.357512,9910,3717,0,-
17:45:40.105,snap,default,com.phoenix.read,discharging,1,30.6,36.8,100,95,1,12.44,0,0,1,4.351,0.292,1.270492,9910,3717,0,-
17:45:41.106,snap,default,com.phoenix.read,discharging,1,30.6,36.8,100,95,1,12.44,0,0,1,4.351,0.297,1.2922469,9731,3807,0,-
17:45:42.106,snap,default,com.phoenix.read,discharging,1,30.6,36.8,100,95,1,11.82,0,0,2,4.351,0.299,1.300949,9731,3807,0,-
17:45:43.106,snap,default,com.phoenix.read,discharging,1,30.6,36.8,100,95,1,11.82,0,0,1,4.35,0.288,1.2527999,9827,3911,0,-
17:45:44.106,snap,default,com.phoenix.read,discharging,1,30.6,36.8,100,95,1,11.3,0,0,1,4.351,0.279,1.213929,9827,3911,0,-
17:45:45.106,snap,default,com.phoenix.read,discharging,1,30.6,36.8,100,95,1,11.3,0,0,1,4.351,0.287,1.248737,9498,3603,0,-
17:45:46.107,snap,default,com.phoenix.read,discharging,1,30.6,36.4,100,95,1,10.89,0,0,1,4.351,0.287,1.248737,9498,3603,0,-
17:45:47.106,snap,default,com.phoenix.read,discharging,1,30.6,36.4,100,95,1,10.89,0,0,1,4.351,0.28,1.21828,9641,3862,0,-
17:45:48.107,snap,default,com.phoenix.read,discharging,1,30.6,36.8,100,95,1,10.72,0,0,1,4.35,0.337,1.46595,9641,3862,0,-
17:45:49.107,snap,default,com.phoenix.read,discharging,1,30.6,36.8,100,95,1,10.72,0,0,1,4.349,0.309,1.343841,9604,3589,0,-
17:45:50.108,snap,default,com.phoenix.read,discharging,1,30.6,36.4,100,95,1,10.41,0,0,1,4.35,0.303,1.31805,9604,3589,0,-
17:45:51.107,snap,default,com.phoenix.read,discharging,1,30.6,36.4,100,95,1,10.41,0,0,1,4.351,0.301,1.3096509,9999,4120,0,-
17:45:52.107,snap,default,com.phoenix.read,discharging,1,30.6,36.4,100,95,1,10.15,0,0,1,4.349,0.287,1.248163,9999,4120,0,-
17:45:53.107,snap,default,com.phoenix.read,discharging,1,30.6,36.8,100,95,1,10.15,0,0,1,4.349,0.305,1.326445,10486,3886,0,-
17:45:54.107,snap,default,com.phoenix.read,discharging,1,30.6,36.8,100,95,1,10.12,0,0,1,4.347,0.354,1.538838,10486,3886,0,-
17:45:55.108,snap,default,com.phoenix.read,discharging,1,30.6,36.8,100,95,1,10.12,0,0,1,4.348,0.34,1.47832,9642,3790,0,-
17:45:56.108,snap,default,com.phoenix.read,discharging,1,30.6,36.8,100,95,1,9.92,0,0,1,4.351,0.286,1.244386,9642,3790,0,-
17:45:57.109,snap,default,com.phoenix.read,discharging,1,30.6,36.8,100,95,1,9.92,0,0,1,4.351,0.294,1.279194,9794,3643,0,-
17:45:58.109,snap,default,com.phoenix.read,discharging,1,30.6,36.8,100,95,1,9.93,0,0,1,4.348,0.313,1.360924,9794,3643,0,-
17:45:59.108,snap,default,com.phoenix.read,discharging,1,30.6,36.8,100,95,1,9.93,0,0,1,4.35,0.302,1.3137,10195,4231,0,-
17:46:00.109,snap,default,com.phoenix.read,discharging,1,30.6,36.8,100,95,1,9.94,0,0,1,4.351,0.292,1.270492,10195,4231,0,-
17:46:01.109,snap,default,com.phoenix.read,discharging,1,30.6,36.4,100,95,1,9.94,0,0,1,4.351,0.285,1.2400349,10195,4231,0,-
17:46:02.109,snap,default,com.phoenix.read,discharging,1,30.6,36.8,100,95,1,9.77,0,0,1,4.35,0.283,1.2310499,9419,3614,0,-
17:46:03.109,snap,default,com.phoenix.read,discharging,1,30.6,36.8,100,95,1,9.77,0,0,1,4.349,0.285,1.239465,9419,3614,0,-
17:46:04.111,snap,default,com.phoenix.read,discharging,1,30.6,36.8,100,95,1,9.63,0,0,1,4.351,0.286,1.244386,9291,3554,0,-
17:46:05.110,snap,default,com.phoenix.read,discharging,1,30.6,37.2,100,95,1,9.63,0,0,1,4.349,0.291,1.2655591,9291,3554,0,-
17:46:06.110,snap,default,com.phoenix.read,discharging,1,30.6,37.2,100,95,1,9.52,0,0,1,4.351,0.35,1.5228499,10090,4133,0,-
17:46:07.110,snap,default,com.phoenix.read,discharging,1,30.6,37.6,100,95,1,9.52,0,0,1,4.349,0.304,1.322096,10090,4133,0,-
17:46:08.112,snap,default,com.phoenix.read,discharging,1,30.6,37.6,100,95,1,9.42,0,0,1,4.349,0.291,1.2655591,9740,3798,0,-
17:46:09.110,snap,default,com.phoenix.read,discharging,1,30.6,39.2,100,95,1,9.42,0,0,1,4.342,0.412,1.788904,9740,3798,0,-
17:46:10.111,snap,default,com.phoenix.read,discharging,1,30.6,40.8,100,95,1,8.8,0,0,1,4.34,0.671,2.9121401,11252,4211,0,-
17:46:11.112,snap,default,com.phoenix.read,discharging,1,30.6,40.8,100,95,1,8.8,0,0,1,4.345,0.656,2.8503199,11252,4211,0,-
17:46:12.111,snap,default,com.phoenix.read,discharging,1,30.6,39.2,100,95,1,8.84,0,0,1,4.343,0.385,1.6720549,10619,3919,0,-
17:46:13.112,snap,default,com.phoenix.read,discharging,1,30.6,37.6,100,95,1,8.84,0,0,1,4.349,0.322,1.400378,10619,3919,0,-
17:46:14.111,snap,default,com.phoenix.read,discharging,1,30.6,36.8,100,95,1,8.87,0,0,1,4.35,0.3,1.3050001,9990,3966,0,-
17:46:15.112,snap,default,com.phoenix.read,discharging,1,30.6,37.6,100,95,1,8.87,0,0,1,4.348,0.311,1.3522279,9990,3966,0,-
17:46:16.115,snap,default,com.phoenix.read,discharging,1,30.6,38,100,95,1,9.25,0,0,1,4.349,0.321,1.396029,10609,4294,0,-
17:46:17.112,snap,default,com.phoenix.read,discharging,1,30.6,38.8,100,95,1,9.25,0,0,1,4.336,0.3,1.3008001,10609,4294,0,-
17:46:18.114,snap,default,com.phoenix.read,discharging,1,30.6,38.8,100,95,1,10.65,0,0,2,4.346,0.685,2.9770103,18059,8299,0,-
17:46:19.113,snap,default,com.phoenix.read,discharging,1,30.6,37.6,100,95,1,10.65,0,0,1,4.349,0.321,1.396029,18059,8299,0,-
17:46:20.114,snap,default,com.phoenix.read,discharging,1,30.5,37.6,100,95,1,10.35,0,0,1,4.349,0.311,1.352539,10433,4223,0,-
17:46:21.114,snap,default,com.phoenix.read,discharging,1,30.5,37.6,100,95,1,10.35,0,0,1,4.349,0.294,1.2786059,10433,4223,0,-
17:46:22.114,snap,default,com.phoenix.read,discharging,1,30.5,37.2,100,95,1,10.29,0,0,1,4.35,0.3,1.3050001,10609,4301,0,-
17:46:23.114,snap,default,com.phoenix.read,discharging,1,30.5,37.2,100,95,1,10.29,0,0,1,4.35,0.288,1.2527999,10609,4301,0,-
17:46:24.115,snap,default,com.phoenix.read,discharging,1,30.5,37.2,100,95,1,10.05,0,0,1,4.348,0.298,1.295704,10199,3846,0,-
17:46:25.116,snap,default,com.phoenix.read,discharging,1,30.5,37.2,100,95,1,10.05,0,0,1,4.35,0.423,1.84005,10199,3846,0,-
17:46:26.116,snap,default,com.phoenix.read,discharging,1,30.5,37.2,100,95,1,9.86,0,0,1,4.349,0.287,1.248163,10199,3846,0,-
17:46:27.116,snap,default,com.phoenix.read,discharging,1,30.5,37.2,100,95,1,9.86,0,0,1,4.35,0.293,1.2745501,9447,3582,0,-
17:46:28.116,snap,default,com.phoenix.read,discharging,1,30.5,37.2,100,95,1,9.52,0,0,1,4.35,0.282,1.2267,9447,3582,0,-
17:46:29.116,snap,default,com.phoenix.read,discharging,1,30.5,37.2,100,95,1,9.52,0,0,1,4.349,0.296,1.287304,9789,3618,0,-
17:46:30.116,snap,default,com.phoenix.read,discharging,1,30.5,37.2,100,95,1,9.61,0,0,1,4.348,0.294,1.278312,9789,3618,0,-
17:46:31.117,snap,default,com.phoenix.read,discharging,1,30.5,36.8,100,95,1,9.61,0,0,1,4.35,0.302,1.3137,9976,3993,0,-
17:46:32.118,snap,default,com.phoenix.read,discharging,1,30.5,35.6,100,95,1,9.5,0,0,1,4.347,0.295,1.282365,9976,3993,0,-
17:46:33.118,snap,default,com.phoenix.read,discharging,1,30.5,35.6,100,95,1,9.5,0,0,1,4.351,0.288,1.2530879,9486,3699,0,-
17:46:34.119,snap,default,com.phoenix.read,discharging,1,30.5,36.8,100,95,1,9.41,0,0,1,4.348,0.285,1.23918,9486,3699,0,-
17:46:35.118,snap,default,com.phoenix.read,discharging,1,30.5,36.8,100,95,1,9.41,0,0,1,4.351,0.286,1.244386,9349,3690,0,-
17:46:36.118,snap,default,com.phoenix.read,discharging,1,30.5,36.8,100,95,1,9.15,0,0,1,4.349,0.287,1.248163,9349,3690,0,-
17:46:37.118,snap,default,com.phoenix.read,discharging,1,30.5,36.4,100,95,1,9.15,0,0,1,4.35,0.28,1.2179999,9500,3704,0,-
17:46:38.118,snap,default,com.phoenix.read,discharging,1,30.5,36.8,100,95,1,9.3,0,0,1,4.348,0.299,1.300052,9500,3704,0,-
17:46:39.119,snap,default,com.phoenix.read,discharging,1,30.5,36.8,100,95,1,9.3,0,0,1,4.35,0.282,1.2267,9886,3923,0,-
17:46:40.119,snap,default,com.phoenix.read,discharging,1,30.5,36.8,100,95,1,9.25,0,0,1,4.348,0.282,1.2261361,9886,3923,0,-
17:46:41.119,snap,default,com.phoenix.read,discharging,1,30.5,36.8,100,95,1,9.25,0,0,1,4.345,0.346,1.5033698,17589,4618,0,-
17:46:42.119,snap,default,com.phoenix.read,discharging,1,30.5,36.8,100,95,1,8.66,0,0,0,4.351,0.297,1.2922469,17589,4618,0,-
17:46:43.123,snap,default,com.phoenix.read,discharging,1,30.5,36.4,100,95,1,8.66,0,0,0,4.351,0.214,0.93111396,7593,2493,0,-
17:46:44.121,snap,default,com.phoenix.read,discharging,1,30.5,35.6,100,95,1,8.36,0,0,0,4.349,0.205,0.891545,7593,2493,0,-
17:46:45.121,snap,default,com.phoenix.read,discharging,1,30.5,36.4,100,95,1,8.36,0,0,0,4.353,0.214,0.93154204,5842,1589,0,-
17:46:46.122,snap,default,com.phoenix.read,discharging,1,30.5,35.6,100,95,1,8.11,0,0,0,4.353,0.2,0.87060004,5842,1589,0,-
17:46:47.122,snap,default,com.phoenix.read,discharging,1,30.5,36.4,100,95,1,8.11,0,0,0,4.347,0.191,0.830277,6539,1918,0,-
17:46:48.122,snap,default,com.phoenix.read,discharging,1,30.5,36,100,95,1,7.91,0,0,0,4.352,0.267,1.161984,6539,1918,0,-
17:46:49.122,snap,default,com.phoenix.read,discharging,1,30.5,36,100,95,1,7.91,0,0,0,4.351,0.211,0.91806096,6771,1901,0,-
17:46:50.122,snap,default,com.phoenix.read,discharging,1,30.5,36,100,95,1,7.92,0,0,0,4.351,0.218,0.9485179,6771,1901,0,-
17:46:51.122,snap,default,com.phoenix.read,discharging,1,30.5,35.6,100,95,1,7.92,0,0,0,4.352,0.221,0.96179205,6403,1625,0,-
17:46:52.123,snap,default,com.phoenix.read,discharging,1,30.5,36,100,95,1,7.76,0,0,0,4.352,0.192,0.83558404,6403,1625,0,-
17:46:53.124,snap,default,com.phoenix.read,discharging,1,30.5,35.6,100,95,1,7.76,0,0,0,4.353,0.212,0.922836,6403,1625,0,-
17:46:54.124,snap,default,com.phoenix.read,discharging,1,30.5,35.6,100,95,1,7.62,0,0,0,4.352,0.204,0.887808,6684,1762,0,-
17:46:55.125,snap,default,com.phoenix.read,discharging,1,30.5,35.2,100,95,1,7.62,0,0,0,4.353,0.204,0.888012,6684,1762,0,-
17:46:56.124,snap,default,com.phoenix.read,discharging,1,30.5,35.2,100,95,1,7.32,0,0,0,4.354,0.204,0.888216,6420,1745,0,-
17:46:57.124,snap,default,com.phoenix.read,discharging,1,30.5,34.8,100,95,1,7.32,0,0,0,4.351,0.18,0.78318,6420,1745,0,-
17:46:58.124,snap,default,com.phoenix.read,discharging,1,30.5,34.8,100,95,1,7.45,0,0,0,4.349,0.234,1.017666,6535,1726,0,-
17:46:59.127,snap,default,com.phoenix.read,discharging,1,30.5,34.8,100,95,1,7.45,0,0,0,4.353,0.244,1.062132,6535,1726,0,-
17:47:00.126,snap,default,com.phoenix.read,discharging,1,30.4,34.8,100,95,1,7.36,0,0,0,4.354,0.196,0.853384,6731,1751,0,-
17:47:01.128,snap,default,com.phoenix.read,discharging,1,30.4,34.8,100,95,1,7.36,0,0,0,4.352,0.208,0.90521604,6731,1751,0,-
17:47:02.125,snap,default,com.phoenix.read,discharging,1,30.4,34.8,100,95,1,7.3,0,0,0,4.352,0.202,0.8791041,6417,1708,0,-
17:47:03.131,snap,default,com.phoenix.read,discharging,1,30.4,36,100,95,1,7.3,0,0,0,4.354,0.207,0.901278,6417,1708,0,-
17:47:04.129,snap,default,com.phoenix.read,discharging,1,30.4,34.4,100,95,1,7.24,0,0,0,4.353,0.194,0.84448206,6482,1913,0,-
17:47:05.126,snap,default,com.phoenix.read,discharging,1,30.4,35.6,100,95,1,7.24,0,0,0,4.352,0.195,0.84864,6482,1913,0,-
17:47:06.126,snap,default,com.phoenix.read,discharging,1,30.4,35.2,100,95,1,6.83,0,0,0,4.352,0.193,0.8399361,5581,1300,0,-
17:47:07.130,snap,default,com.phoenix.read,discharging,1,30.4,35.6,100,95,1,6.83,0,0,0,4.351,0.183,0.79623294,5581,1300,0,-
17:47:08.127,snap,default,com.phoenix.read,discharging,1,30.4,35.6,100,95,1,6.68,0,0,0,4.353,0.186,0.80965805,5505,1244,0,-
17:47:09.127,snap,default,com.phoenix.read,discharging,1,30.4,35.6,100,95,1,6.68,0,0,0,4.354,0.196,0.853384,5505,1244,0,-
17:47:10.128,snap,default,com.phoenix.read,discharging,1,30.4,34.8,100,95,1,6.92,0,0,0,4.351,0.254,1.105154,7423,2444,0,-
17:47:11.130,snap,default,com.phoenix.read,discharging,1,30.4,34.8,100,95,1,6.92,0,0,0,4.35,0.251,1.0918499,7423,2444,0,-
17:47:12.129,snap,default,com.phoenix.read,discharging,1,30.4,34.8,100,95,1,7.12,0,0,0,4.352,0.25,1.088,6668,1761,0,-
17:47:13.128,snap,default,com.phoenix.read,discharging,1,30.4,35.2,100,95,1,7.12,0,0,0,4.351,0.22,0.95721996,6668,1761,0,-
17:47:14.129,snap,default,com.phoenix.read,discharging,1,30.4,35.2,100,95,1,6.91,0,0,0,4.353,0.213,0.92718905,6350,1715,0,-
17:47:15.128,snap,default,com.phoenix.read,discharging,1,30.4,35.2,100,95,1,6.91,0,0,0,4.353,0.196,0.85318804,6350,1715,0,-
17:47:16.129,snap,default,com.phoenix.read,discharging,1,30.4,35.2,100,95,1,6.75,0,0,0,4.352,0.202,0.8791041,6105,1488,0,-
17:47:17.128,snap,default,com.phoenix.read,discharging,1,30.4,34.4,100,95,1,6.75,0,0,0,4.353,0.187,0.81401104,6105,1488,0,-
17:47:18.128,snap,default,com.phoenix.read,discharging,1,30.4,34.4,100,95,1,6.79,0,0,0,4.35,0.214,0.9309,6105,1488,0,-
17:47:19.131,snap,default,com.phoenix.read,discharging,1,30.4,35.2,100,95,1,6.79,0,0,0,4.354,0.208,0.905632,7251,2169,0,-
17:47:20.130,snap,default,com.phoenix.read,discharging,1,30.4,35.2,100,95,1,6.83,0,0,0,4.351,0.191,0.831041,7251,2169,0,-
17:47:21.129,snap,default,com.phoenix.read,discharging,1,30.4,35.2,100,95,1,6.83,0,0,0,4.351,0.2,0.8702,6480,1757,0,-
17:47:22.129,snap,default,com.phoenix.read,discharging,1,30.4,35.2,100,95,1,7.04,0,0,0,4.354,0.187,0.814198,6480,1757,0,-
17:47:23.133,snap,default,com.phoenix.read,discharging,1,30.4,35.2,100,95,1,7.04,0,0,0,4.35,0.186,0.8091,6360,1950,0,-
17:47:24.130,snap,default,com.phoenix.read,discharging,1,30.4,35.2,100,95,1,6.85,0,0,0,4.35,0.186,0.8091,6360,1950,0,-
17:47:25.130,snap,default,com.phoenix.read,discharging,1,30.4,34.8,100,95,1,6.85,0,0,0,4.353,0.178,0.77483404,5551,1253,0,-
17:47:26.131,snap,default,com.phoenix.read,discharging,1,30.4,34.8,100,95,1,6.85,0,0,0,4.352,0.181,0.78771204,5551,1253,0,-
17:47:27.131,snap,default,com.phoenix.read,discharging,1,30.4,34.8,100,95,1,6.69,0,0,0,4.351,0.186,0.809286,6364,1778,0,-
17:47:28.132,snap,default,com.phoenix.read,discharging,1,30.4,35.2,100,95,1,6.69,0,0,0,4.353,0.186,0.80965805,6364,1778,0,-
17:47:29.130,snap,default,com.phoenix.read,discharging,1,30.4,35.2,100,95,1,6.75,0,0,0,4.347,0.231,1.0041571,6326,1820,0,-
17:47:30.131,snap,default,com.phoenix.read,discharging,1,30.3,35.2,100,95,1,6.75,0,0,0,4.353,0.221,0.96201307,6326,1820,0,-
17:47:31.130,snap,default,com.phoenix.read,discharging,1,30.3,34.8,100,95,1,6.98,0,0,0,4.352,0.221,0.96179205,6606,1728,0,-
17:47:32.132,snap,default,com.phoenix.read,discharging,1,30.3,34.4,100,95,1,6.98,0,0,0,4.352,0.212,0.92262405,6606,1728,0,-
17:47:33.130,snap,default,com.phoenix.read,discharging,1,30.3,34.8,100,95,1,6.98,0,0,0,4.353,0.203,0.883659,6381,1561,0,-
17:47:34.132,snap,default,com.phoenix.read,discharging,1,30.3,34.4,100,95,1,6.98,0,0,0,4.349,0.217,0.943733,6381,1561,0,-
17:47:35.130,snap,default,com.phoenix.read,discharging,1,30.3,35.6,100,95,1,6.98,0,0,2,4.349,0.346,1.504754,12668,5050,0,-
17:47:36.130,snap,default,com.phoenix.read,discharging,1,30.3,35.6,100,95,1,6.98,0,0,1,4.35,0.293,1.2745501,12668,5050,0,-
17:47:37.131,snap,default,com.phoenix.read,discharging,1,30.3,35.6,100,95,1,7.17,0,0,1,4.35,0.283,1.2310499,10119,4392,0,-
17:47:38.131,snap,default,com.phoenix.read,discharging,1,30.3,35.6,100,95,1,7.17,0,0,1,4.348,0.29,1.2609199,10119,4392,0,-
17:47:39.131,snap,default,com.phoenix.read,discharging,1,30.3,35.6,100,95,1,7.32,0,0,1,4.349,0.284,1.235116,10168,4329,0,-
17:47:40.132,snap,default,com.phoenix.read,discharging,1,30.3,35.2,100,95,1,7.32,0,0,1,4.348,0.287,1.247876,10168,4329,0,-
17:47:41.131,snap,default,com.phoenix.read,discharging,1,30.3,35.2,100,95,1,7.62,0,0,1,4.348,0.284,1.234832,9668,4044,0,-
17:47:42.133,snap,default,com.phoenix.read,discharging,1,30.3,35.2,100,95,1,7.62,0,0,1,4.347,0.289,1.256283,9668,4044,0,-
17:47:43.132,snap,default,com.phoenix.read,discharging,1,30.3,35.2,100,95,1,7.69,0,0,1,4.35,0.29,1.2614999,10247,4269,0,-
17:47:44.132,snap,default,com.phoenix.read,discharging,1,30.3,35.2,100,95,1,7.69,0,0,1,4.349,0.287,1.248163,10247,4269,0,-
17:47:45.133,snap,default,com.phoenix.read,discharging,1,30.3,36.8,100,95,1,7.93,0,0,1,4.348,0.294,1.278312,10247,4269,0,-
17:47:46.136,snap,default,com.phoenix.read,discharging,1,30.3,36.8,100,95,1,7.93,0,0,1,4.35,0.293,1.2745501,10595,4461,0,-
17:47:47.136,snap,default,com.phoenix.read,discharging,1,30.3,36.4,100,95,1,8.12,0,0,1,4.347,0.289,1.256283,10595,4461,0,-
17:47:48.135,snap,default,com.phoenix.read,discharging,1,30.3,35.6,100,95,1,8.12,0,0,1,4.35,0.295,1.28325,10386,4188,0,-
17:47:49.136,snap,default,com.phoenix.read,discharging,1,30.3,35.6,100,95,1,8.28,0,0,1,4.348,0.291,1.2652681,10386,4188,0,-
17:47:50.136,snap,default,com.phoenix.read,discharging,1,30.2,35.6,100,95,1,8.28,0,0,1,4.348,0.29,1.2609199,10274,4041,0,-
17:47:51.135,snap,default,com.phoenix.read,discharging,1,30.2,35.6,100,95,1,8.59,0,0,1,4.348,0.341,1.4826679,10274,4041,0,-
17:47:52.136,snap,default,com.phoenix.read,discharging,1,30.2,36.4,100,95,1,8.59,0,0,1,4.348,0.275,1.1957,10168,4089,0,-
17:47:53.136,snap,default,com.phoenix.read,discharging,1,30.2,35.6,100,95,1,8.66,0,0,1,4.349,0.282,1.226418,10168,4089,0,-
17:47:54.139,snap,default,com.phoenix.read,discharging,1,30.2,36.4,100,95,1,8.66,0,0,1,4.348,0.295,1.28266,9457,3583,0,-
17:47:55.137,snap,default,com.phoenix.read,discharging,1,30.2,37.6,100,95,1,8.54,0,0,1,4.338,0.412,1.7872559,9457,3583,0,-
17:47:56.142,snap,default,com.phoenix.read,discharging,1,30.2,37.6,100,95,1,8.54,0,0,2,4.343,0.521,2.2627032,17259,8413,0,-
17:47:57.138,snap,default,com.phoenix.read,discharging,1,30.2,37.2,100,95,1,10.44,0,0,0,4.344,0.413,1.7940719,17259,8413,0,-
17:47:58.138,snap,default,com.phoenix.read,discharging,1,30.2,36.8,100,95,1,10.44,0,0,0,4.348,0.336,1.460928,13655,6351,0,-
17:47:59.138,snap,default,com.phoenix.read,discharging,1,30.2,36.8,100,95,1,11.26,0,0,0,4.347,0.318,1.382346,13655,6351,0,-
17:48:00.139,snap,default,com.phoenix.read,discharging,1,30.2,36,100,95,1,11.26,0,0,0,4.339,0.44,1.9091601,17113,5395,0,-
17:48:01.140,snap,default,com.phoenix.read,discharging,1,30.2,36,100,95,1,11.39,0,0,0,4.35,0.257,1.11795,17113,5395,0,-
17:48:02.139,snap,default,com.phoenix.read,discharging,1,30.2,36,100,95,1,11.39,0,0,1,4.346,0.357,1.551522,14309,5793,0,-
17:48:03.139,snap,default,com.phoenix.read,discharging,1,30.2,36.4,100,95,1,10.78,0,0,0,4.346,0.304,1.321184,14309,5793,0,-
17:48:04.139,snap,default,com.phoenix.read,discharging,1,30.2,36.8,100,95,1,10.78,0,0,0,4.344,0.384,1.668096,14565,6696,0,-
17:48:05.139,snap,default,com.phoenix.read,discharging,1,30.2,36.8,100,95,1,11,0,0,0,4.343,0.334,1.450562,14565,6696,0,-
17:48:06.141,snap,default,com.phoenix.read,discharging,1,30.2,36,100,95,1,11,0,0,0,4.347,0.317,1.3779991,12814,5828,0,-
17:48:07.140,snap,default,com.phoenix.read,discharging,1,30.2,36,100,95,1,11.36,0,0,0,4.345,0.329,1.4295049,12814,5828,0,-
17:48:08.142,snap,default,com.phoenix.read,discharging,1,30.2,36.8,100,95,1,11.36,0,0,0,4.346,0.32,1.39072,12840,5840,0,-
17:48:09.141,snap,default,com.phoenix.read,discharging,1,30.2,36.8,100,95,1,11.66,0,0,0,4.345,0.304,1.3208799,12840,5840,0,-
17:48:10.142,snap,default,com.phoenix.read,discharging,1,30.2,36.8,100,95,1,11.66,0,0,0,4.346,0.337,1.4646021,12840,5840,0,-
17:48:11.141,snap,default,com.phoenix.read,discharging,1,30.2,36.8,100,95,1,12.08,0,0,0,4.344,0.337,1.463928,13780,6122,0,-
17:48:12.143,snap,default,com.phoenix.read,discharging,1,30.2,37.2,100,95,1,12.08,0,0,0,4.34,0.341,1.47994,13780,6122,0,-
17:48:13.143,snap,default,com.phoenix.read,discharging,1,30.2,36.8,100,95,1,12.43,0,0,0,4.344,0.325,1.4117999,13072,5833,0,-
17:48:14.143,snap,default,com.phoenix.read,discharging,1,30.2,36.8,100,95,1,12.43,0,0,0,4.344,0.298,1.294512,13072,5833,0,-
17:48:15.143,snap,default,com.phoenix.read,discharging,1,30.2,36.8,100,95,1,12.53,0,0,0,4.347,0.31,1.3475701,12246,5373,0,-
17:48:16.146,snap,default,com.phoenix.read,discharging,1,30.2,36.8,100,95,1,12.53,0,0,0,4.347,0.315,1.369305,12246,5373,0,-
17:48:17.144,snap,default,com.phoenix.read,discharging,1,30.2,36.4,100,95,1,12.8,0,0,0,4.345,0.322,1.3990899,12249,5347,0,-
17:48:18.144,snap,default,com.phoenix.read,discharging,1,30.2,36,100,95,1,12.8,0,0,0,4.346,0.301,1.308146,12249,5347,0,-
17:48:19.143,snap,default,com.phoenix.read,discharging,1,30.2,35.6,100,95,1,13.01,0,0,0,4.346,0.29,1.26034,11957,5202,0,-
17:48:20.144,snap,default,com.phoenix.read,discharging,1,30.2,35.6,100,95,1,13.01,0,0,0,4.346,0.3,1.3038001,11957,5202,0,-
17:48:21.144,snap,default,com.phoenix.read,discharging,1,30.2,35.6,100,95,1,13.19,0,0,0,4.348,0.296,1.287008,12253,5262,0,-
17:48:22.144,snap,default,com.phoenix.read,discharging,1,30.2,35.6,100,95,1,13.19,0,0,0,4.344,0.293,1.272792,12253,5262,0,-
17:48:23.147,snap,default,com.phoenix.read,discharging,1,30.2,36,100,95,1,13.34,0,0,0,4.346,0.279,1.2125341,11837,5234,0,-
17:48:24.145,snap,default,com.phoenix.read,discharging,1,30.2,36,100,95,1,13.34,0,0,0,4.346,0.308,1.3385681,11837,5234,0,-
17:48:25.147,snap,default,com.phoenix.read,discharging,1,30.2,36,100,95,1,13.64,0,0,0,4.347,0.287,1.247589,11989,5128,0,-
17:48:26.145,snap,default,com.phoenix.read,discharging,1,30.2,36,100,95,1,13.64,0,0,0,4.346,0.283,1.229918,11989,5128,0,-
17:48:27.147,snap,default,com.phoenix.read,discharging,1,30.2,35.6,100,95,1,13.52,0,0,0,4.346,0.277,1.203842,11702,4983,0,-
17:48:28.147,snap,default,com.phoenix.read,discharging,1,30.2,36,100,95,1,13.52,0,0,0,4.345,0.287,1.247015,11702,4983,0,-
17:48:29.148,snap,default,com.phoenix.read,discharging,1,30.2,36.4,100,95,1,13.43,0,0,0,4.346,0.309,1.342914,12235,5572,0,-
17:48:30.147,snap,default,com.phoenix.read,discharging,1,30.2,36.4,100,95,1,13.43,0,0,0,4.343,0.307,1.3333011,12235,5572,0,-
17:48:31.147,snap,default,com.phoenix.read,discharging,1,30.2,36.4,100,95,1,13.53,0,0,0,4.345,0.296,1.2861199,12469,5431,0,-
17:48:32.147,snap,default,com.phoenix.read,discharging,1,30.2,36.4,100,95,1,13.53,0,0,0,4.341,0.312,1.354392,12469,5431,0,-
17:48:33.148,snap,default,com.phoenix.read,discharging,1,30.2,36.8,100,95,1,14.16,0,0,0,4.343,0.335,1.454905,17993,8523,0,-
17:48:34.148,snap,default,com.phoenix.read,discharging,1,30.2,36.8,100,95,1,14.16,0,0,0,4.342,0.347,1.506674,17993,8523,0,-
17:48:35.148,snap,default,com.phoenix.read,discharging,1,30.2,36.4,100,95,1,15.76,0,0,0,4.343,0.355,1.541765,17725,8324,0,-
17:48:36.148,snap,default,com.phoenix.read,discharging,1,30.2,36,100,95,1,15.76,0,0,0,4.342,0.341,1.4806219,17725,8324,0,-
17:48:37.148,snap,default,com.phoenix.read,discharging,1,30.2,36,100,95,1,16.71,0,0,0,4.345,0.311,1.3512949,17725,8324,0,-
17:48:38.149,snap,default,com.phoenix.read,discharging,1,30.2,36.4,100,95,1,16.71,0,0,0,4.345,0.287,1.247015,12636,5455,0,-
17:48:39.150,snap,default,com.phoenix.read,discharging,1,30.2,37.2,100,95,1,16.22,0,0,1,4.33,0.401,1.7363299,12636,5455,0,-
17:48:40.149,snap,default,com.phoenix.read,discharging,1,30.2,37.2,100,95,1,16.22,0,0,6,4.344,0.526,2.284944,15545,7693,0,-
17:48:41.149,snap,default,com.phoenix.read,discharging,1,30.2,37.2,100,95,1,15.81,0,0,5,4.346,0.306,1.3298761,15545,7693,0,-
17:48:42.149,snap,default,com.phoenix.read,discharging,1,30.2,36.4,100,95,1,15.81,0,0,5,4.344,0.337,1.463928,11581,5057,0,-
17:48:43.150,snap,default,com.phoenix.read,discharging,1,30.2,36.4,100,95,1,14.76,0,0,5,4.343,0.315,1.368045,11581,5057,0,-
17:48:44.151,snap,default,com.phoenix.read,discharging,1,30.2,37.2,100,95,1,14.76,0,0,4,4.343,0.33,1.43319,12363,5358,0,-
17:48:45.150,snap,default,com.phoenix.read,discharging,1,30.2,37.2,100,95,1,14.08,0,0,5,4.345,0.372,1.6163399,12363,5358,0,-
17:48:46.150,snap,default,com.phoenix.read,discharging,1,30.2,36.8,100,95,1,14.08,0,0,5,4.343,0.289,1.255127,11168,4988,0,-
17:48:47.151,snap,default,com.phoenix.read,discharging,1,30.2,36,100,95,1,13.34,0,0,5,4.345,0.312,1.3556399,11168,4988,0,-
17:48:48.151,snap,default,com.phoenix.read,discharging,1,30.2,36.8,100,95,1,13.34,0,0,5,4.346,0.303,1.316838,10932,4526,0,-
17:48:49.150,snap,default,com.phoenix.read,discharging,1,30.2,36.8,100,95,1,12.73,0,0,5,4.346,0.3,1.3038001,10932,4526,0,-
17:48:50.151,snap,default,com.phoenix.read,discharging,1,30.2,36.8,100,95,1,12.73,0,0,5,4.344,0.31,1.34664,13525,5473,0,-
17:48:51.152,snap,default,com.phoenix.read,discharging,1,30.2,36.4,100,95,1,12.05,0,0,5,4.348,0.434,1.8870319,13525,5473,0,-
17:48:52.154,snap,default,com.phoenix.read,discharging,1,30.2,36,100,95,1,12.05,0,0,5,4.348,0.202,0.878296,11948,2961,0,-
17:48:53.153,snap,default,com.phoenix.read,discharging,1,30.2,36,100,95,1,11.14,0,0,0,4.349,0.2,0.86980003,11948,2961,0,-
17:48:54.155,snap,default,com.phoenix.read,discharging,1,30.2,36,100,95,1,11.14,0,0,0,4.349,0.221,0.961129,7019,1930,0,-
17:48:55.156,snap,default,com.phoenix.read,discharging,1,30.2,36,100,95,1,10.75,0,0,0,4.351,0.204,0.88760394,7019,1930,0,-
17:48:56.155,snap,default,com.phoenix.read,discharging,1,30.2,35.6,100,95,1,10.07,0,0,0,4.349,0.21,0.91328996,6303,1605,0,-
17:48:57.155,snap,default,com.phoenix.read,discharging,1,30.2,35.6,100,95,1,10.07,0,0,0,4.348,0.208,0.904384,6303,1605,0,-
17:48:58.155,snap,default,com.phoenix.read,discharging,1,30.2,34.8,100,95,1,9.69,0,0,0,4.35,0.213,0.92655,7257,2225,0,-
17:48:59.154,snap,default,com.phoenix.read,discharging,1,30.2,34.8,100,95,1,9.69,0,0,0,4.349,0.224,0.97417605,7257,2225,0,-
17:49:00.155,snap,default,com.phoenix.read,discharging,1,30.1,35.2,100,95,1,10.83,0,0,0,4.349,0.244,1.061156,11317,4024,0,-
17:49:01.156,snap,default,com.phoenix.read,discharging,1,30.1,35.6,100,95,1,10.83,0,0,0,4.349,0.246,1.069854,11317,4024,0,-
17:49:02.155,snap,default,com.phoenix.read,discharging,1,30.1,35.6,100,95,1,11.77,0,0,0,4.347,0.237,1.030239,10135,3280,0,-
17:49:03.156,snap,default,com.phoenix.read,discharging,1,30.1,35.6,100,95,1,11.77,0,0,0,4.351,0.229,0.99637896,10135,3280,0,-
17:49:04.156,snap,default,com.phoenix.read,discharging,1,30.1,34.4,100,95,1,10.72,0,0,0,4.35,0.223,0.97005,10135,3280,0,-
17:49:05.155,snap,default,com.phoenix.read,discharging,1,30.1,34.4,100,95,1,10.72,0,0,0,4.349,0.172,0.74802804,6387,1853,0,-
17:49:06.155,snap,default,com.phoenix.read,discharging,1,30.1,36,100,95,1,10.05,0,0,4,4.346,0.329,1.429834,6387,1853,0,-
17:49:07.156,snap,default,com.phoenix.read,discharging,1,30.1,36,100,95,1,10.05,0,0,5,4.346,0.315,1.3689901,13309,5513,0,-
17:49:08.156,snap,default,com.phoenix.read,discharging,1,30.1,36,100,95,1,9.68,0,0,5,4.347,0.312,1.3562641,13309,5513,0,-
17:49:09.157,snap,default,com.phoenix.read,discharging,1,30.1,36,100,95,1,9.68,0,0,5,4.345,0.401,1.7423449,12297,5220,0,-
17:49:10.157,snap,default,com.phoenix.read,discharging,1,30.1,36.4,100,95,1,9.19,0,0,4,4.344,0.393,1.707192,12297,5220,0,-
17:49:11.156,snap,default,com.phoenix.read,discharging,1,30.1,36.4,100,95,1,9.19,0,0,5,4.345,0.366,1.5902699,12388,5576,0,-
17:49:12.156,snap,default,com.phoenix.read,discharging,1,30.1,36.4,100,95,1,8.79,0,0,4,4.342,0.354,1.537068,12388,5576,0,-
17:49:13.157,snap,default,com.phoenix.read,discharging,1,30.1,36,100,95,1,8.79,0,0,4,4.345,0.362,1.5728899,11993,4866,0,-
17:49:14.156,snap,default,com.phoenix.read,discharging,1,30.1,36,100,95,1,8.47,0,0,4,4.346,0.299,1.2994541,11993,4866,0,-
17:49:15.157,snap,default,com.phoenix.read,discharging,1,30.1,36.4,100,95,1,8.47,0,0,4,4.345,0.294,1.2774299,10641,4443,0,-
17:49:16.157,snap,default,com.phoenix.read,discharging,1,30.1,36.4,100,95,1,8.2,0,0,5,4.338,0.296,1.284048,10641,4443,0,-
17:49:17.158,snap,default,com.phoenix.read,discharging,1,30.1,36.4,100,95,1,8.2,0,0,4,4.345,0.414,1.7988299,10603,5062,0,-
17:49:18.158,snap,default,com.phoenix.read,discharging,1,30.1,36,100,95,1,8.34,0,0,5,4.345,0.313,1.3599849,10603,5062,0,-
17:49:19.158,snap,default,com.phoenix.read,discharging,1,30.1,36.8,100,95,1,8.34,0,0,5,4.346,0.305,1.32553,10744,4990,0,-
17:49:20.159,snap,default,com.phoenix.read,discharging,1,30.1,37.2,100,95,1,8.28,0,0,4,4.343,0.323,1.402789,10744,4990,0,-
17:49:21.159,snap,default,com.phoenix.read,discharging,1,30.1,37.2,100,95,1,8.28,0,0,0,4.349,0.38,1.65262,16202,4682,0,-
17:49:22.160,snap,default,com.phoenix.read,discharging,1,30.1,36.4,100,95,1,8.05,0,0,0,4.349,0.2,0.86980003,16202,4682,0,-
17:49:23.159,snap,default,com.phoenix.read,discharging,1,30.1,36,100,95,1,8.05,0,0,0,4.349,0.201,0.874149,6258,1737,0,-
17:49:24.161,snap,default,com.phoenix.read,discharging,1,30.1,35.6,100,95,1,8.04,0,0,0,4.348,0.197,0.856556,6258,1737,0,-
17:49:25.162,snap,default,com.phoenix.read,discharging,1,30.1,34.4,100,95,1,8.04,0,0,0,4.351,0.188,0.8179879,6099,1736,0,-
17:49:26.161,snap,default,com.phoenix.read,discharging,1,30.1,34.4,100,95,1,7.67,0,0,0,4.349,0.204,0.887196,6099,1736,0,-
17:49:27.162,snap,default,com.phoenix.read,discharging,1,30.1,35.2,100,95,1,7.67,0,0,0,4.351,0.186,0.809286,5603,1271,0,-
17:49:28.169,snap,default,com.phoenix.read,discharging,1,30.1,35.2,100,95,1,7.55,0,0,0,4.35,0.188,0.8177999,5603,1271,0,-
17:49:29.160,snap,default,com.phoenix.read,discharging,1,30.1,35.2,100,95,1,7.55,0,0,0,4.342,0.197,0.855374,5603,1271,0,-
17:49:30.161,snap,default,com.phoenix.read,discharging,1,30.1,36.4,100,95,1,7.81,0,0,4,4.345,0.353,1.5337849,10444,3907,0,-
17:49:31.161,snap,default,com.phoenix.read,discharging,1,30.1,36.4,100,95,1,7.81,0,0,4,4.348,0.327,1.421796,10444,3907,0,-
17:49:32.162,snap,default,com.phoenix.read,discharging,1,30.1,36.4,100,95,1,7.84,0,0,5,4.347,0.31,1.3475701,11278,4873,0,-
17:49:33.162,snap,default,com.phoenix.read,discharging,1,30.1,36.4,100,95,1,7.84,0,0,4,4.348,0.303,1.3174441,11278,4873,0,-
17:49:34.163,snap,default,com.phoenix.read,discharging,1,30.1,35.2,100,95,1,7.87,0,0,5,4.347,0.304,1.321488,11277,4996,0,-
17:49:35.162,snap,default,com.phoenix.read,discharging,1,30.1,36.8,100,95,1,7.87,0,0,5,4.347,0.305,1.3258351,11277,4996,0,-
17:49:36.163,snap,default,com.phoenix.read,discharging,1,30.1,35.6,100,95,1,7.71,0,0,5,4.347,0.296,1.286712,11202,5869,0,-
17:49:37.163,snap,default,com.phoenix.read,discharging,1,30.1,36.8,100,95,1,7.71,0,0,5,4.346,0.303,1.316838,11202,5869,0,-
17:49:38.163,snap,default,com.phoenix.read,discharging,1,30.1,36.4,100,95,1,7.58,0,0,5,4.347,0.29,1.26063,10860,5482,0,-
17:49:39.165,snap,default,com.phoenix.read,discharging,1,30.1,36.8,100,95,1,7.58,0,0,5,4.346,0.316,1.3733361,10860,5482,0,-
17:49:40.163,snap,default,com.phoenix.read,discharging,1,30.1,36.8,100,95,1,7.66,0,0,4,4.346,0.309,1.342914,11220,5498,0,-
17:49:41.164,snap,default,com.phoenix.read,discharging,1,30.1,36.8,100,95,1,7.66,0,0,5,4.344,0.327,1.4204879,11220,5498,0,-
17:49:42.164,snap,default,com.phoenix.read,discharging,1,30.1,35.6,100,95,1,8.26,0,0,5,4.346,0.315,1.3689901,11855,5386,0,-
17:49:43.165,snap,default,com.phoenix.read,discharging,1,30.1,35.6,100,95,1,8.26,0,0,5,4.345,0.313,1.3599849,11855,5386,0,-
17:49:44.165,snap,default,com.phoenix.read,discharging,1,30.1,35.6,100,95,1,8.39,0,0,4,4.346,0.302,1.312492,11280,4926,0,-
17:49:45.165,snap,default,com.phoenix.read,discharging,1,30.1,35.6,100,95,1,8.39,0,0,4,4.336,0.295,1.27912,11280,4926,0,-
17:49:46.165,snap,default,com.phoenix.read,discharging,1,30.1,36.4,100,95,1,9.59,0,0,5,4.346,0.537,2.3338022,15909,7575,0,-
17:49:47.168,snap,default,com.phoenix.read,discharging,1,30.1,36.8,100,95,1,9.59,0,0,1,4.345,0.376,1.6337199,15909,7575,0,-
17:49:48.166,snap,default,com.phoenix.read,discharging,1,30.1,36.8,100,95,1,9.66,0,0,1,4.344,0.296,1.285824,10637,4515,0,-
17:49:49.166,snap,default,com.phoenix.read,discharging,1,30.1,36.8,100,95,1,9.66,0,0,1,4.341,0.285,1.237185,10637,4515,0,-
17:49:50.168,snap,default,com.phoenix.read,discharging,1,30.1,36.4,100,95,1,9.36,0,0,0,4.348,0.441,1.9174681,17820,4453,0,-
17:49:51.168,snap,default,com.phoenix.read,discharging,1,30.1,36.4,100,95,1,9.36,0,0,0,4.348,0.246,1.0696081,17820,4453,0,-
17:49:52.170,snap,default,com.phoenix.read,discharging,1,30.1,36,100,95,1,9.11,0,0,0,4.348,0.216,0.93916804,6720,1858,0,-
17:49:53.168,snap,default,com.phoenix.read,discharging,1,30,36,100,95,1,9.11,0,0,0,4.349,0.194,0.843706,6720,1858,0,-
17:49:54.167,snap,default,com.phoenix.read,discharging,1,30,36,100,95,1,8.73,0,0,0,4.349,0.255,1.108995,6582,1852,0,-
17:49:55.169,snap,default,com.phoenix.read,discharging,1,30,36,100,95,1,8.73,0,0,0,4.349,0.25,1.08725,6582,1852,0,-
17:49:56.169,snap,default,com.phoenix.read,discharging,1,30,35.6,100,95,1,8.41,0,0,0,4.348,0.204,0.886992,6582,1852,0,-
17:49:57.167,snap,default,com.phoenix.read,discharging,1,30,35.6,100,95,1,8.41,0,0,0,4.349,0.185,0.804565,5674,1491,0,-
17:49:58.167,snap,default,com.phoenix.read,discharging,1,30,35.6,100,95,1,8.34,0,0,2,4.345,0.188,0.81685996,5674,1491,0,-
17:49:59.168,snap,default,com.phoenix.read,discharging,1,30,36,100,95,1,8.34,0,0,1,4.346,0.353,1.534138,11107,3827,0,-
17:50:00.168,snap,default,com.phoenix.read,discharging,1,30,36,100,95,1,8.1,0,0,1,4.346,0.28,1.2168801,11107,3827,0,-
17:50:01.169,snap,default,com.phoenix.read,discharging,1,30,36,100,95,1,8.1,0,0,1,4.346,0.28,1.2168801,10158,4161,0,-
17:50:02.168,snap,default,com.phoenix.read,discharging,1,30,35.2,100,95,1,8.1,0,0,1,4.346,0.28,1.2168801,10158,4161,0,-
17:50:03.169,snap,default,com.phoenix.read,discharging,1,30,35.2,100,95,1,7.9,0,0,1,4.345,0.277,1.203565,9667,3996,0,-
17:50:04.170,snap,default,com.phoenix.read,discharging,1,30,35.2,100,95,1,7.9,0,0,1,4.346,0.271,1.1777661,9667,3996,0,-
17:50:05.169,snap,default,com.phoenix.read,discharging,1,30,35.2,100,95,1,8.09,0,0,1,4.346,0.272,1.1821121,9355,4059,0,-
17:50:06.171,snap,default,com.phoenix.read,discharging,1,30,35.2,100,95,1,8.09,0,0,1,4.343,0.27,1.17261,9355,4059,0,-
17:50:07.170,snap,default,com.phoenix.read,discharging,1,30,36.4,100,95,1,8.26,0,0,1,4.343,0.326,1.415818,9818,4123,0,-
17:50:08.169,snap,default,com.phoenix.read,discharging,1,30,36.4,100,95,1,8.26,0,0,1,4.344,0.297,1.2901679,9818,4123,0,-
17:50:09.170,snap,default,com.phoenix.read,discharging,1,30,36.4,100,95,1,8.21,0,0,1,4.346,0.293,1.2733781,9621,3996,0,-
17:50:10.170,snap,default,com.phoenix.read,discharging,1,30,36.8,100,95,1,8.21,0,0,1,4.34,0.379,1.6448601,9621,3996,0,-
17:50:11.172,snap,default,com.phoenix.read,discharging,1,30,36.8,100,95,1,8.53,0,0,1,4.347,0.301,1.308447,10202,4127,0,-
17:50:12.172,snap,default,com.phoenix.read,discharging,1,30,36.8,100,95,1,8.53,0,0,1,4.343,0.301,1.307243,10202,4127,0,-
17:50:13.170,snap,default,com.phoenix.read,discharging,1,30,36.4,100,95,1,8.62,0,0,1,4.346,0.357,1.551522,10612,3998,0,-
17:50:14.171,snap,default,com.phoenix.read,discharging,1,30,36.4,100,95,1,8.62,0,0,1,4.343,0.354,1.537422,10612,3998,0,-
17:50:15.173,snap,default,com.phoenix.read,discharging,1,30,35.6,100,95,1,8.69,0,0,1,4.346,0.334,1.4515641,10663,4241,0,-
17:50:16.171,snap,default,com.phoenix.read,discharging,1,30,35.6,100,95,1,8.69,0,0,1,4.344,0.312,1.355328,10663,4241,0,-
17:50:17.174,snap,default,com.phoenix.read,discharging,1,30,35.6,100,95,1,8.38,0,0,1,4.346,0.31,1.3472601,10054,4181,0,-
17:50:18.173,snap,default,com.phoenix.read,discharging,1,30,35.6,100,95,1,8.38,0,0,1,4.343,0.302,1.3115859,10054,4181,0,-
17:50:19.174,snap,default,com.phoenix.read,discharging,1,30,36.4,100,95,1,8.49,0,0,1,4.344,0.299,1.2988559,9888,4116,0,-
17:50:20.174,snap,default,com.phoenix.read,discharging,1,30,36.4,100,95,1,8.49,0,0,1,4.344,0.287,1.246728,9888,4116,0,-
17:50:21.173,snap,default,com.phoenix.read,discharging,1,30,35.6,100,95,1,8.58,0,0,2,4.343,0.346,1.5026779,9888,4116,0,-
17:50:22.174,snap,default,com.phoenix.read,discharging,1,30,35.2,100,95,1,8.58,0,0,0,4.346,0.299,1.2994541,16125,4326,0,-
17:50:23.174,snap,default,com.phoenix.read,discharging,1,30,34.8,100,95,1,8.11,0,0,0,4.347,0.202,0.8780941,16125,4326,0,-
17:50:24.175,snap,default,com.phoenix.read,discharging,1,30,34.4,100,95,1,8.11,0,0,0,4.349,0.196,0.852404,6432,1903,0,-
17:50:25.174,snap,default,com.phoenix.read,discharging,1,30,34.4,100,95,1,8.09,0,0,0,4.347,0.196,0.852012,6432,1903,0,-
17:50:26.177,snap,default,com.phoenix.read,discharging,1,30,34.4,100,95,1,8.09,0,0,0,4.347,0.241,1.047627,6571,1794,0,-
17:50:27.174,snap,default,com.phoenix.read,discharging,1,30,34.4,100,95,1,7.89,0,0,0,4.348,0.223,0.969604,6571,1794,0,-
17:50:28.176,snap,default,com.phoenix.read,discharging,1,30,34.4,100,95,1,7.89,0,0,0,4.345,0.209,0.90810496,6389,1530,0,-
17:50:29.180,snap,default,com.phoenix.read,discharging,1,30,34.4,100,95,1,7.91,0,0,0,4.35,0.189,0.82215,6389,1530,0,-
17:50:30.175,snap,default,com.phoenix.read,discharging,1,30,34.4,100,95,1,7.91,0,0,0,4.349,0.203,0.88284695,6424,1707,0,-
17:50:31.174,snap,default,com.phoenix.read,discharging,1,30,34.4,100,95,1,7.75,0,0,0,4.349,0.207,0.900243,6424,1707,0,-
17:50:32.177,snap,default,com.phoenix.read,discharging,1,30,34.4,100,95,1,7.75,0,0,0,4.347,0.196,0.852012,5887,1512,0,-
17:50:33.177,snap,default,com.phoenix.read,discharging,1,30,34.4,100,95,1,7.61,0,0,0,4.348,0.195,0.84786,5887,1512,0,-
17:50:34.178,snap,default,com.phoenix.read,discharging,1,30,34.4,100,95,1,7.61,0,0,0,4.348,0.186,0.80872804,6226,1737,0,-
17:50:35.178,snap,default,com.phoenix.read,discharging,1,30,35.6,100,95,1,7.32,0,0,0,4.349,0.19,0.82631,6226,1737,0,-
17:50:36.177,snap,default,com.phoenix.read,discharging,1,30,34,100,95,1,7.32,0,0,0,4.349,0.196,0.852404,5622,1544,0,-
17:50:37.179,snap,default,com.phoenix.read,discharging,1,30,34,100,95,1,7.26,0,0,0,4.349,0.184,0.800216,5622,1544,0,-
17:50:38.177,snap,default,com.phoenix.read,discharging,1,30,34,100,95,1,7.26,0,0,0,4.349,0.182,0.791518,5474,1418,0,-
17:50:39.179,snap,default,com.phoenix.read,discharging,1,30,34,100,95,1,7.21,0,0,0,4.35,0.175,0.76124996,5474,1418,0,-
17:50:40.176,snap,default,com.phoenix.read,discharging,1,30,34.8,100,95,1,7.21,0,0,0,4.35,0.178,0.7743,5664,1412,0,-
17:50:41.180,snap,default,com.phoenix.read,discharging,1,30,34.8,100,95,1,7.17,0,0,0,4.348,0.18,0.78264004,5664,1412,0,-
17:50:42.178,snap,default,com.phoenix.read,discharging,1,30,34.8,100,95,1,7.17,0,0,0,4.35,0.196,0.8526,6547,1891,0,-
17:50:43.179,snap,default,com.phoenix.read,discharging,1,30,33.7,100,95,1,7.32,0,0,0,4.348,0.214,0.930472,6547,1891,0,-
17:50:44.179,snap,default,com.phoenix.read,discharging,1,30,33.7,100,95,1,7.32,0,0,0,4.349,0.206,0.895894,6643,1845,0,-
17:50:45.177,snap,default,com.phoenix.read,discharging,1,30,35.2,100,95,1,7.26,0,0,0,4.349,0.209,0.90894103,6643,1845,0,-
17:50:46.177,snap,default,com.phoenix.read,discharging,1,30,35.2,100,95,1,7.26,0,0,0,4.34,0.231,1.0025401,11232,3924,0,-
17:50:47.177,snap,default,com.phoenix.read,discharging,1,29.9,36,100,95,1,7.39,0,0,2,4.345,0.342,1.4859899,11232,3924,0,-
17:50:48.178,snap,default,com.phoenix.read,discharging,1,29.9,35.2,100,95,1,7.39,0,0,1,4.346,0.29,1.26034,11232,3924,0,-
17:50:49.178,snap,default,com.phoenix.read,discharging,1,29.9,35.6,100,95,1,7.32,0,0,1,4.345,0.282,1.22529,9826,3679,0,-
17:50:50.178,snap,default,com.phoenix.read,discharging,1,29.9,34.8,100,95,1,7.32,0,0,1,4.345,0.275,1.194875,9826,3679,0,-
17:50:51.178,snap,default,com.phoenix.read,discharging,1,29.9,34.8,100,95,1,7.26,0,0,1,4.346,0.3,1.3038001,9662,4198,0,-
17:50:52.178,snap,default,com.phoenix.read,discharging,1,29.9,34.8,100,95,1,7.26,0,0,1,4.345,0.296,1.2861199,9662,4198,0,-
17:50:53.181,snap,default,com.phoenix.read,discharging,1,29.9,35.6,100,95,1,7.39,0,0,1,4.346,0.296,1.286416,10548,4691,0,-
17:50:54.179,snap,default,com.phoenix.read,discharging,1,29.9,35.6,100,95,1,7.39,0,0,1,4.346,0.278,1.208188,10548,4691,0,-
17:50:55.180,snap,default,com.phoenix.read,discharging,1,29.9,35.6,100,95,1,7.5,0,0,1,4.345,0.286,1.2426699,9288,3664,0,-
17:50:56.181,snap,default,com.phoenix.read,discharging,1,29.9,35.2,100,95,1,7.5,0,0,1,4.346,0.269,1.169074,9288,3664,0,-
17:50:57.180,snap,default,com.phoenix.read,discharging,1,29.9,35.2,100,95,1,7.77,0,0,1,4.344,0.289,1.255416,9467,3761,0,-
17:50:58.181,snap,default,com.phoenix.read,discharging,1,29.9,34.8,100,95,1,7.77,0,0,1,4.343,0.273,1.185639,9467,3761,0,-
17:50:59.182,snap,default,com.phoenix.read,discharging,1,29.9,34.8,100,95,1,8,0,0,1,4.345,0.28,1.2166,9774,3830,0,-
17:51:00.181,snap,default,com.phoenix.read,discharging,1,29.9,34.8,100,95,1,8,0,0,1,4.346,0.281,1.221226,9774,3830,0,-
17:51:01.184,snap,default,com.phoenix.read,discharging,1,29.9,37.6,100,95,1,8.72,0,0,2,4.334,0.537,2.327358,15540,7979,0,-
17:51:02.183,snap,default,com.phoenix.read,discharging,1,29.9,37.6,100,95,1,8.72,0,0,1,4.343,0.387,1.680741,15540,7979,0,-
17:51:03.184,snap,default,com.phoenix.read,discharging,1,29.9,36.8,100,95,1,10.4,0,0,1,4.344,0.308,1.3379519,12928,5858,0,-
17:51:04.184,snap,default,com.phoenix.read,discharging,1,29.9,36,100,95,1,10.4,0,0,0,4.345,0.303,1.316535,12928,5858,0,-
17:51:05.183,snap,default,com.phoenix.read,discharging,1,29.9,35.2,100,95,1,11.23,0,0,0,4.344,0.29,1.2597599,12117,5343,0,-
17:51:06.183,snap,default,com.phoenix.read,discharging,1,29.9,35.2,100,95,1,11.23,0,0,0,4.343,0.294,1.276842,12117,5343,0,-
17:51:07.183,snap,default,com.phoenix.read,discharging,1,29.9,36,100,95,1,11.91,0,0,0,4.346,0.29,1.26034,11965,5496,0,-
17:51:08.184,snap,default,com.phoenix.read,discharging,1,29.9,36,100,95,1,11.91,0,0,0,4.342,0.287,1.246154,11965,5496,0,-
17:51:09.184,snap,default,com.phoenix.read,discharging,1,29.9,36.4,100,95,1,12.65,0,0,1,4.343,0.396,1.719828,13270,5952,0,-
17:51:10.188,snap,default,com.phoenix.read,discharging,1,29.9,36,100,95,1,12.65,0,0,0,4.331,0.387,1.6760969,13270,5952,0,-
17:51:11.186,snap,default,com.phoenix.read,discharging,1,29.9,36.4,100,95,1,13.08,0,0,4,4.338,0.533,2.3121538,16788,8352,0,-
17:51:12.186,snap,default,com.phoenix.read,discharging,1,29.9,36,100,95,1,13.08,0,0,0,4.342,0.373,1.619566,16788,8352,0,-
17:51:13.185,snap,default,com.phoenix.read,discharging,1,29.9,36.4,100,95,1,13.06,0,0,0,4.341,0.352,1.5280321,12318,5759,0,-
17:51:14.186,snap,default,com.phoenix.read,discharging,1,29.9,35.6,100,95,1,13.06,0,0,0,4.342,0.297,1.2895739,12318,5759,0,-
17:51:15.186,snap,default,com.phoenix.read,discharging,1,29.9,36.4,100,95,1,13.05,0,0,0,4.343,0.281,1.2203829,12318,5759,0,-
17:51:16.187,snap,default,com.phoenix.read,discharging,1,29.9,36.4,100,95,1,13.05,0,0,1,4.344,0.33,1.43352,12230,5282,0,-
17:51:17.187,snap,default,com.phoenix.read,discharging,1,29.9,36.4,100,95,1,13.22,0,0,0,4.344,0.284,1.233696,12230,5282,0,-
17:51:18.187,snap,default,com.phoenix.read,discharging,1,29.9,36,100,95,1,13.22,0,0,1,4.343,0.304,1.320272,12052,5312,0,-
17:51:19.188,snap,default,com.phoenix.read,discharging,1,29.9,35.6,100,95,1,13.54,0,0,0,4.342,0.355,1.54141,12052,5312,0,-
17:51:20.187,snap,default,com.phoenix.read,discharging,1,29.9,35.6,100,95,1,13.54,0,0,1,4.344,0.294,1.277136,12903,5379,0,-
17:51:21.188,snap,default,com.phoenix.read,discharging,1,29.9,36.4,100,95,1,13.62,0,0,0,4.342,0.299,1.298258,12903,5379,0,-
17:51:22.188,snap,default,com.phoenix.read,discharging,1,29.9,36.4,100,95,1,13.62,0,0,1,4.342,0.312,1.354704,12267,5320,0,-
17:51:23.192,snap,default,com.phoenix.read,discharging,1,29.9,36.4,100,95,1,13.87,0,0,0,4.34,0.298,1.2933201,12267,5320,0,-
17:51:24.189,snap,default,com.phoenix.read,discharging,1,29.9,36,100,95,1,13.87,0,0,0,4.344,0.287,1.246728,12149,5094,0,-
17:51:25.188,snap,default,com.phoenix.read,discharging,1,29.9,36,100,95,1,13.71,0,0,0,4.344,0.29,1.2597599,12149,5094,0,-
17:51:26.188,snap,default,com.phoenix.read,discharging,1,29.9,35.2,100,95,1,13.71,0,0,0,4.345,0.283,1.2296349,11812,5081,0,-
17:51:27.188,snap,default,com.phoenix.read,discharging,1,29.9,35.2,100,95,1,13.58,0,0,0,4.342,0.287,1.246154,11812,5081,0,-
17:51:28.189,snap,default,com.phoenix.read,discharging,1,29.9,35.2,100,95,1,13.58,0,0,0,4.344,0.286,1.2423841,11834,5429,0,-
17:51:29.190,snap,default,com.phoenix.read,discharging,1,29.9,36,100,95,1,13.66,0,0,0,4.34,0.296,1.2846401,11834,5429,0,-
17:51:30.189,snap,default,com.phoenix.read,discharging,1,29.9,36,100,95,1,13.66,0,0,1,4.345,0.319,1.386055,12146,5415,0,-
17:51:31.189,snap,default,com.phoenix.read,discharging,1,29.9,36,100,95,1,13.9,0,0,0,4.342,0.316,1.3720721,12146,5415,0,-
17:51:32.192,snap,default,com.phoenix.read,discharging,1,29.9,36,100,95,1,13.9,0,0,0,4.345,0.304,1.3208799,12215,5271,0,-
17:51:33.191,snap,default,com.phoenix.read,discharging,1,29.9,36,100,95,1,13.92,0,0,0,4.342,0.3,1.3026,12215,5271,0,-
17:51:34.191,snap,default,com.phoenix.read,discharging,1,29.9,36,100,95,1,13.92,0,0,0,4.343,0.3,1.3029001,12292,5582,0,-
17:51:35.191,snap,default,com.phoenix.read,discharging,1,29.9,36,100,95,1,13.93,0,0,0,4.344,0.309,1.3422959,12292,5582,0,-
17:51:36.194,snap,default,com.phoenix.read,discharging,1,29.9,36.4,100,95,1,13.93,0,0,0,4.342,0.301,1.306942,11831,5163,0,-
17:51:37.191,snap,default,com.phoenix.read,discharging,1,29.9,36.4,100,95,1,14.12,0,0,0,4.342,0.297,1.2895739,11831,5163,0,-
17:51:38.191,snap,default,com.phoenix.read,discharging,1,29.9,36.4,100,95,1,14.12,0,0,4,4.34,0.357,1.5493801,14814,6732,0,-
17:51:39.191,snap,default,com.phoenix.read,discharging,1,29.9,36,100,95,1,13.74,0,0,0,4.343,0.38,1.65034,14814,6732,0,-
17:51:40.191,snap,default,com.phoenix.read,discharging,1,29.8,35.6,100,95,1,13.74,0,0,1,4.342,0.329,1.4285179,14814,6732,0,-
17:51:41.196,snap,default,com.phoenix.read,discharging,1,29.8,35.6,100,95,1,13.6,0,0,0,4.342,0.308,1.337336,12144,5579,0,-
17:51:42.192,snap,default,com.phoenix.read,discharging,1,29.8,35.2,100,95,1,13.6,0,0,0,4.343,0.308,1.337644,12144,5579,0,-
17:51:43.194,snap,default,com.phoenix.read,discharging,1,29.8,36.4,100,95,1,13.49,0,0,0,4.345,0.315,1.3686749,12367,5717,0,-
17:51:44.192,snap,default,com.phoenix.read,discharging,1,29.8,36.4,100,95,1,13.49,0,0,0,4.344,0.299,1.2988559,12367,5717,0,-
17:51:45.193,snap,default,com.phoenix.read,discharging,1,29.8,36.4,100,95,1,13.58,0,0,0,4.341,0.292,1.267572,12168,5532,0,-
17:51:46.194,snap,default,com.phoenix.read,discharging,1,29.8,36.4,100,95,1,13.58,0,0,0,4.344,0.288,1.2510719,12168,5532,0,-
17:51:47.193,snap,default,com.phoenix.read,discharging,1,29.8,36,100,95,1,13.48,0,0,1,4.345,0.291,1.264395,12189,5425,0,-
17:51:48.194,snap,default,com.phoenix.read,discharging,1,29.8,36.4,100,95,1,13.48,0,0,0,4.343,0.289,1.255127,12189,5425,0,-
17:51:49.195,snap,default,com.phoenix.read,discharging,1,29.8,36.8,100,95,1,13.57,0,0,0,4.343,0.336,1.459248,12138,5249,0,-
17:51:50.196,snap,default,com.phoenix.read,discharging,1,29.8,36.8,100,95,1,13.57,0,0,1,4.341,0.321,1.3934611,12138,5249,0,-
17:51:51.195,snap,default,com.phoenix.read,discharging,1,29.8,36.4,100,95,1,13.83,0,0,1,4.342,0.312,1.354704,12492,5387,0,-
17:51:52.195,snap,default,com.phoenix.read,discharging,1,29.8,36.4,100,95,1,13.83,0,0,0,4.342,0.313,1.359046,12492,5387,0,-
17:51:53.196,snap,default,com.phoenix.read,discharging,1,29.8,38,100,95,1,14.4,0,0,2,4.338,0.632,2.741616,19230,9463,0,-
17:51:54.196,snap,default,com.phoenix.read,discharging,1,29.8,38,100,95,1,14.4,0,0,0,4.343,0.46,1.99778,19230,9463,0,-
17:51:55.197,snap,default,com.phoenix.read,discharging,1,29.8,36.8,100,95,1,14.87,0,0,0,4.342,0.391,1.697722,14135,6361,0,-
17:51:56.197,snap,default,com.phoenix.read,discharging,1,29.8,36.8,100,95,1,14.87,0,0,0,4.342,0.33,1.43286,14135,6361,0,-
17:51:57.197,snap,default,com.phoenix.read,discharging,1,29.8,36.4,100,95,1,14.9,0,0,0,4.343,0.305,1.324615,12295,5336,0,-
17:51:58.197,snap,default,com.phoenix.read,discharging,1,29.8,36.4,100,95,1,14.9,0,0,0,4.342,0.298,1.293916,12295,5336,0,-
17:51:59.198,snap,default,com.phoenix.read,discharging,1,29.8,36.4,100,95,1,14.91,0,0,0,4.344,0.298,1.294512,12130,5280,0,-
17:52:00.198,snap,default,com.phoenix.read,discharging,1,29.8,36.4,100,95,1,14.91,0,0,0,4.343,0.288,1.2507839,12130,5280,0,-
17:52:01.199,snap,default,com.phoenix.read,discharging,1,29.8,36.4,100,95,1,14.75,0,0,0,4.344,0.292,1.268448,11894,5346,0,-
17:52:02.198,snap,default,com.phoenix.read,discharging,1,29.8,36.4,100,95,1,14.75,0,0,0,4.343,0.292,1.2681559,11894,5346,0,-
17:52:03.200,snap,default,com.phoenix.read,discharging,1,29.8,36.4,100,95,1,14.43,0,0,0,4.343,0.281,1.2203829,11566,4878,0,-
17:52:04.200,snap,default,com.phoenix.read,discharging,1,29.8,35.6,100,95,1,14.43,0,0,0,4.344,0.277,1.203288,11566,4878,0,-
17:52:05.198,snap,default,com.phoenix.read,discharging,1,29.8,35.6,100,95,1,14.17,0,0,0,4.343,0.278,1.207354,11872,5210,0,-
17:52:06.199,snap,default,com.phoenix.read,discharging,1,29.8,36.8,100,95,1,14.17,0,0,0,4.343,0.306,1.3289579,11872,5210,0,-
17:52:07.199,snap,default,com.phoenix.read,discharging,1,29.8,36.8,100,95,1,13.96,0,0,0,4.341,0.292,1.267572,11872,5210,0,-
17:52:08.199,snap,default,com.phoenix.read,discharging,1,29.8,36.8,100,95,1,13.96,0,0,0,4.335,0.297,1.287495,12272,5078,0,-
17:52:09.201,snap,default,com.phoenix.read,discharging,1,29.8,36.8,100,95,1,14.14,0,0,0,4.34,0.361,1.56674,12272,5078,0,-
17:52:10.202,snap,default,com.phoenix.read,discharging,1,29.8,36.8,100,95,1,14.14,0,0,0,4.344,0.368,1.5985919,12857,5923,0,-
17:52:11.200,snap,default,com.phoenix.read,discharging,1,29.8,35.6,100,95,1,14.3,0,0,0,4.343,0.3,1.3029001,12857,5923,0,-
17:52:12.200,snap,default,com.phoenix.read,discharging,1,29.8,35.6,100,95,1,14.3,0,0,0,4.34,0.292,1.26728,12162,5096,0,-
17:52:13.200,snap,default,com.phoenix.read,discharging,1,29.8,36,100,95,1,14.61,0,0,0,4.342,0.371,1.6108819,12162,5096,0,-
17:52:14.202,snap,default,com.phoenix.read,discharging,1,29.8,36.8,100,95,1,14.61,0,0,0,4.344,0.305,1.3249199,12283,5175,0,-
17:52:15.200,snap,default,com.phoenix.read,discharging,1,29.8,36,100,95,1,14.5,0,0,0,4.343,0.287,1.246441,12283,5175,0,-
17:52:16.201,snap,default,com.phoenix.read,discharging,1,29.8,36.4,100,95,1,14.5,0,0,0,4.344,0.288,1.2510719,11867,5167,0,-
17:52:17.201,snap,default,com.phoenix.read,discharging,1,29.8,36,100,95,1,14.41,0,0,0,4.343,0.287,1.246441,11867,5167,0,-
17:52:18.210,snap,default,com.phoenix.read,discharging,1,29.8,35.2,100,95,1,14.41,0,0,0,4.344,0.292,1.268448,12004,5396,0,-
17:52:19.202,snap,default,com.phoenix.read,discharging,1,29.8,35.2,100,95,1,14.33,0,0,0,4.344,0.294,1.277136,12004,5396,0,-
17:52:20.202,snap,default,com.phoenix.read,discharging,1,29.8,35.6,100,95,1,14.33,0,0,0,4.341,0.287,1.245867,12357,5638,0,-
17:52:21.202,snap,default,com.phoenix.read,discharging,1,29.8,35.6,100,95,1,14.27,0,0,0,4.34,0.332,1.44088,12357,5638,0,-
17:52:22.202,snap,default,com.phoenix.read,discharging,1,29.8,35.6,100,95,1,14.27,0,0,0,4.343,0.329,1.428847,12250,5512,0,-
17:52:23.202,snap,default,com.phoenix.read,discharging,1,29.8,35.6,100,95,1,14.4,0,0,0,4.338,0.3,1.3014,12250,5512,0,-
17:52:24.203,snap,default,com.phoenix.read,discharging,1,29.8,35.2,100,95,1,14.4,0,0,0,4.343,0.372,1.615596,12960,5517,0,-
17:52:25.205,snap,default,com.phoenix.read,discharging,1,29.8,35.2,100,95,1,14.69,0,0,0,4.343,0.296,1.285528,12960,5517,0,-
17:52:26.203,snap,default,com.phoenix.read,discharging,1,29.8,35.2,100,95,1,14.69,0,0,0,4.343,0.283,1.229069,11802,5044,0,-
17:52:27.207,snap,default,com.phoenix.read,discharging,1,29.8,36,100,95,1,14.56,0,0,0,4.343,0.304,1.320272,11802,5044,0,-
17:52:28.203,snap,default,com.phoenix.read,discharging,1,29.8,36,100,95,1,14.46,0,0,0,4.342,0.296,1.2852321,12006,5333,0,-
17:52:29.205,snap,default,com.phoenix.read,discharging,1,29.8,36,100,95,1,14.46,0,0,0,4.341,0.288,1.250208,12006,5333,0,-
17:52:30.203,snap,default,com.phoenix.read,discharging,1,29.8,35.6,100,95,1,14.2,0,0,0,4.342,0.3,1.3026,11949,5139,0,-
17:52:31.209,snap,default,com.phoenix.read,discharging,1,29.8,35.6,100,95,1,14.2,0,0,0,4.344,0.287,1.246728,11949,5139,0,-
17:52:32.203,snap,default,com.phoenix.read,discharging,1,29.8,35.6,100,95,1,14.16,0,0,0,4.341,0.288,1.250208,11949,5139,0,-
17:52:33.208,snap,default,com.phoenix.read,discharging,1,29.8,36,100,95,1,14.16,0,0,0,4.341,0.288,1.250208,11909,5133,0,-
17:52:34.207,snap,default,com.phoenix.read,discharging,1,29.8,36,100,95,1,14.16,0,0,0,4.343,0.3,1.3029001,11909,5133,0,-
17:52:35.207,snap,default,com.phoenix.read,discharging,1,29.8,35.2,100,95,1,14.13,0,0,0,4.341,0.298,1.2936181,11985,5109,0,-
17:52:36.205,snap,default,com.phoenix.read,discharging,1,29.8,35.2,100,95,1,14.13,0,0,0,4.343,0.288,1.2507839,11985,5109,0,-
17:52:37.207,snap,default,com.phoenix.read,discharging,1,29.8,37.2,100,95,1,14.1,0,0,0,4.344,0.287,1.246728,14795,7327,0,-
17:52:38.206,snap,default,com.phoenix.read,discharging,1,29.8,37.6,100,95,1,14.1,0,0,2,4.336,0.482,2.089952,14795,7327,0,-
17:52:39.206,snap,default,com.phoenix.read,discharging,1,29.8,37.2,100,95,1,14.81,0,0,0,4.341,0.432,1.8753121,14468,6047,0,-
17:52:40.207,snap,default,com.phoenix.read,discharging,1,29.8,36.8,100,95,1,14.81,0,0,0,4.341,0.404,1.7537642,14468,6047,0,-
17:52:41.206,snap,default,com.phoenix.read,discharging,1,29.8,36.8,100,95,1,15.02,0,0,0,4.343,0.325,1.411475,12247,5680,0,-
17:52:42.207,snap,default,com.phoenix.read,discharging,1,29.8,36.4,100,95,1,15.02,0,0,0,4.343,0.309,1.3419869,12247,5680,0,-
17:52:43.207,snap,default,com.phoenix.read,discharging,1,29.8,36.4,100,95,1,14.84,0,0,0,4.343,0.292,1.2681559,11992,5214,0,-
17:52:44.209,snap,default,com.phoenix.read,discharging,1,29.8,36.4,100,95,1,14.84,0,0,0,4.342,0.304,1.319968,11992,5214,0,-
17:52:45.208,snap,default,com.phoenix.read,discharging,1,29.8,36.4,100,95,1,14.68,0,0,0,4.342,0.307,1.3329941,12065,5349,0,-
17:52:46.209,snap,default,com.phoenix.read,discharging,1,29.8,36.4,100,95,1,14.68,0,0,0,4.343,0.304,1.320272,12065,5349,0,-
17:52:47.207,snap,default,com.phoenix.read,discharging,1,29.8,36.4,100,95,1,14.56,0,0,0,4.343,0.291,1.263813,11647,4983,0,-
17:52:48.208,snap,default,com.phoenix.read,discharging,1,29.8,36.4,100,95,1,14.56,0,0,0,4.342,0.292,1.267864,11647,4983,0,-
17:52:49.208,snap,default,com.phoenix.read,discharging,1,29.8,36,100,95,1,14.64,0,0,0,4.342,0.355,1.54141,12188,5171,0,-
17:52:50.209,snap,default,com.phoenix.read,discharging,1,29.8,36.8,100,95,1,14.64,0,0,0,4.342,0.292,1.267864,12188,5171,0,-
17:52:51.209,snap,default,com.phoenix.read,discharging,1,29.8,36.4,100,95,1,14.7,0,0,0,4.343,0.3,1.3029001,12169,5238,0,-
17:52:52.209,snap,default,com.phoenix.read,discharging,1,29.8,36.8,100,95,1,14.7,0,0,0,4.343,0.299,1.2985569,12169,5238,0,-
17:52:53.210,snap,default,com.phoenix.read,discharging,1,29.8,36.4,100,95,1,14.76,0,0,0,4.34,0.312,1.3540801,11816,5097,0,-
17:52:54.209,snap,default,com.phoenix.read,discharging,1,29.8,36,100,95,1,14.76,0,0,0,4.342,0.307,1.3329941,11816,5097,0,-
17:52:55.209,snap,default,com.phoenix.read,discharging,1,29.8,36,100,95,1,14.44,0,0,0,4.342,0.307,1.3329941,11887,5058,0,-
17:52:56.209,snap,default,com.phoenix.read,discharging,1,29.8,36.8,100,95,1,14.44,0,0,0,4.343,0.304,1.320272,11887,5058,0,-
17:52:57.212,snap,default,com.phoenix.read,discharging,1,29.8,36.8,100,95,1,14.18,0,0,0,4.341,0.306,1.328346,11889,5355,0,-
17:52:58.210,snap,default,com.phoenix.read,discharging,1,29.8,35.6,100,95,1,14.18,0,0,0,4.342,0.304,1.319968,11889,5355,0,-
17:52:59.210,snap,default,com.phoenix.read,discharging,1,29.8,35.6,100,95,1,14.32,0,0,0,4.343,0.296,1.285528,11889,5355,0,-
17:53:00.220,snap,default,com.phoenix.read,discharging,1,29.8,35.6,100,95,1,14.32,0,0,1,4.342,0.294,1.276548,12138,5328,0,-
17:53:01.219,snap,default,com.phoenix.read,discharging,1,29.8,35.6,100,95,1,14.26,0,0,0,4.342,0.306,1.328652,12138,5328,0,-
17:53:02.220,snap,default,com.phoenix.read,discharging,1,29.8,36,100,95,1,14.26,0,0,0,4.343,0.303,1.3159289,12089,5222,0,-
17:53:03.220,snap,default,com.phoenix.read,discharging,1,29.8,35.6,100,95,1,14.03,0,0,0,4.342,0.287,1.246154,12089,5222,0,-
17:53:04.220,snap,default,com.phoenix.read,discharging,1,29.8,36,100,95,1,14.03,0,0,0,4.343,0.295,1.2811849,11886,5129,0,-
17:53:05.221,snap,default,com.phoenix.read,discharging,1,29.8,36.4,100,95,1,14.03,0,0,0,4.343,0.291,1.263813,11886,5129,0,-
17:53:06.221,snap,default,com.phoenix.read,discharging,1,29.8,36.4,100,95,1,14.03,0,0,0,4.343,0.288,1.2507839,11781,5181,0,-
17:53:07.223,snap,default,com.phoenix.read,discharging,1,29.8,36,100,95,1,14.02,0,0,0,4.343,0.287,1.246441,11781,5181,0,-
17:53:08.221,snap,default,com.phoenix.read,discharging,1,29.8,36,100,95,1,14.02,0,0,0,4.343,0.288,1.2507839,11777,5236,0,-
17:53:09.222,snap,default,com.phoenix.read,discharging,1,29.8,36,100,95,1,14.02,0,0,0,4.342,0.363,1.576146,11777,5236,0,-
17:53:10.222,snap,default,com.phoenix.read,discharging,1,29.7,36.4,100,95,1,14.02,0,0,0,4.34,0.359,1.55806,12841,5982,0,-
17:53:11.223,snap,default,com.phoenix.read,discharging,1,29.7,36.4,100,95,1,14.19,0,0,0,4.342,0.302,1.311284,12841,5982,0,-
17:53:12.223,snap,default,com.phoenix.read,discharging,1,29.7,36.4,100,95,1,14.19,0,0,0,4.343,0.311,1.350673,12114,5368,0,-
17:53:13.224,snap,default,com.phoenix.read,discharging,1,29.7,36.4,100,95,1,14.34,0,0,0,4.34,0.366,1.5884401,12114,5368,0,-
17:53:14.223,snap,default,com.phoenix.read,discharging,1,29.7,36.8,100,95,1,14.34,0,0,0,4.343,0.303,1.3159289,12348,5406,0,-
17:53:15.227,snap,default,com.phoenix.read,discharging,1,29.7,36.4,100,95,1,14.28,0,0,0,4.343,0.297,1.289871,12348,5406,0,-
17:53:16.226,snap,default,com.phoenix.read,discharging,1,29.7,35.6,100,95,1,14.28,0,0,0,4.343,0.286,1.2420981,11759,4973,0,-
17:53:17.227,snap,default,com.phoenix.read,discharging,1,29.7,35.6,100,95,1,14.23,0,0,0,4.34,0.296,1.2846401,11759,4973,0,-
17:53:18.227,snap,default,com.phoenix.read,discharging,1,29.7,36,100,95,1,14.23,0,0,0,4.34,0.3,1.302,12020,5085,0,-
17:53:19.227,snap,default,com.phoenix.read,discharging,1,29.7,36,100,95,1,14.18,0,0,0,4.342,0.297,1.2895739,12020,5085,0,-
17:53:20.229,snap,default,com.phoenix.read,discharging,1,29.7,36,100,95,1,14.18,0,0,0,4.342,0.291,1.263522,11996,5165,0,-
17:53:21.227,snap,default,com.phoenix.read,discharging,1,29.7,36,100,95,1,14.33,0,0,0,4.343,0.297,1.289871,11996,5165,0,-
17:53:22.227,snap,default,com.phoenix.read,discharging,1,29.7,37.2,100,95,1,14.33,0,0,1,4.321,0.546,2.359266,17552,7803,0,-
17:53:23.228,snap,default,com.phoenix.read,discharging,1,29.7,37.2,100,95,1,15,0,0,1,4.339,0.446,1.9351941,17552,7803,0,-
17:53:24.228,snap,default,com.phoenix.read,discharging,1,29.7,36,100,95,1,15,0,0,1,4.342,0.304,1.319968,10309,4097,0,-
17:53:25.229,snap,default,com.phoenix.read,discharging,1,29.7,36,100,95,1,14.09,0,0,1,4.34,0.3,1.302,10309,4097,0,-
17:53:26.228,snap,default,com.phoenix.read,discharging,1,29.7,36,100,95,1,14.09,0,0,1,4.341,0.287,1.245867,10309,4097,0,-
17:53:27.228,snap,default,com.phoenix.read,discharging,1,29.7,36,100,95,1,13.17,0,0,1,4.343,0.276,1.198668,9552,3642,0,-
17:53:28.228,snap,default,com.phoenix.read,discharging,1,29.7,36,100,95,1,13.17,0,0,1,4.34,0.277,1.20218,9552,3642,0,-
17:53:29.229,snap,default,com.phoenix.read,discharging,1,29.7,35.6,100,95,1,12.59,0,0,1,4.343,0.364,1.5808519,10359,3902,0,-
17:53:30.231,snap,default,com.phoenix.read,discharging,1,29.7,36.8,100,95,1,12.59,0,0,1,4.342,0.288,1.2504959,10359,3902,0,-
17:53:31.229,snap,default,com.phoenix.read,discharging,1,29.7,36,100,95,1,12.12,0,0,1,4.343,0.283,1.229069,9667,3910,0,-
17:53:32.230,snap,default,com.phoenix.read,discharging,1,29.7,36,100,95,1,12.12,0,0,1,4.34,0.282,1.22388,9667,3910,0,-
17:53:33.230,snap,default,com.phoenix.read,discharging,1,29.7,34.8,100,95,1,11.55,0,0,1,4.341,0.29,1.25889,9578,3578,0,-
17:53:34.232,snap,default,com.phoenix.read,discharging,1,29.7,34.8,100,95,1,11.55,0,0,1,4.338,0.272,1.179936,9578,3578,0,-
17:53:35.231,snap,default,com.phoenix.read,discharging,1,29.7,35.2,100,95,1,11.09,0,0,1,4.341,0.278,1.206798,9920,3903,0,-
17:53:36.231,snap,default,com.phoenix.read,discharging,1,29.7,35.6,100,95,1,11.09,0,0,1,4.342,0.276,1.1983919,9920,3903,0,-
17:53:37.232,snap,default,com.phoenix.read,discharging,1,29.7,35.6,100,95,1,10.71,0,0,1,4.341,0.275,1.193775,9300,3573,0,-
17:53:38.232,snap,default,com.phoenix.read,discharging,1,29.7,35.6,100,95,1,10.71,0,0,1,4.342,0.28,1.21576,9300,3573,0,-
17:53:39.233,snap,default,com.phoenix.read,discharging,1,29.7,35.2,100,95,1,10.4,0,0,1,4.342,0.273,1.185366,9619,3662,0,-
17:53:40.233,snap,default,com.phoenix.read,discharging,1,29.7,36,100,95,1,10.4,0,0,1,4.342,0.274,1.189708,9619,3662,0,-
17:53:41.233,snap,default,com.phoenix.read,discharging,1,29.7,35.6,100,95,1,10.14,0,0,1,4.342,0.273,1.185366,9289,3616,0,-
17:53:42.233,snap,default,com.phoenix.read,discharging,1,29.7,36,100,95,1,10.14,0,0,1,4.343,0.28,1.21604,9289,3616,0,-
17:53:43.233,snap,default,com.phoenix.read,discharging,1,29.7,36,100,95,1,9.94,0,0,1,4.338,0.279,1.210302,9677,3628,0,-
17:53:44.234,snap,default,com.phoenix.read,discharging,1,29.7,36,100,95,1,9.94,0,0,1,4.341,0.325,1.410825,9677,3628,0,-
17:53:45.233,snap,default,com.phoenix.read,discharging,1,29.7,36,100,95,1,9.77,0,0,1,4.34,0.298,1.2933201,9759,3735,0,-
17:53:46.234,snap,default,com.phoenix.read,discharging,1,29.7,35.2,100,95,1,9.77,0,0,1,4.342,0.276,1.1983919,9759,3735,0,-
17:53:47.234,snap,default,com.phoenix.read,discharging,1,29.7,35.2,100,95,1,9.81,0,0,1,4.341,0.279,1.2111391,9484,3532,0,-
17:53:48.235,snap,default,com.phoenix.read,discharging,1,29.7,35.2,100,95,1,9.81,0,0,1,4.341,0.281,1.219821,9484,3532,0,-
17:53:49.235,snap,default,com.phoenix.read,discharging,1,29.7,36,100,95,1,9.66,0,0,1,4.342,0.287,1.246154,9787,3674,0,-
17:53:50.235,snap,default,com.phoenix.read,discharging,1,29.7,35.6,100,95,1,9.66,0,0,1,4.343,0.279,1.2116971,9787,3674,0,-
17:53:51.235,snap,default,com.phoenix.read,discharging,1,29.7,35.6,100,95,1,9.72,0,0,1,4.341,0.299,1.297959,9787,3674,0,-
17:53:52.235,snap,default,com.phoenix.read,discharging,1,29.7,35.6,100,95,1,9.72,0,0,1,4.34,0.287,1.2455801,10011,3831,0,-
17:53:53.237,snap,default,com.phoenix.read,discharging,1,29.7,36,100,95,1,9.59,0,0,1,4.341,0.287,1.245867,10011,3831,0,-
17:53:54.237,snap,default,com.phoenix.read,discharging,1,29.7,36,100,95,1,9.59,0,0,1,4.342,0.284,1.2331281,9861,3839,0,-
17:53:55.236,snap,default,com.phoenix.read,discharging,1,29.7,34.8,100,95,1,9.48,0,0,1,4.343,0.269,1.168267,9861,3839,0,-
17:53:56.237,snap,default,com.phoenix.read,discharging,1,29.7,34.8,100,95,1,9.48,0,0,1,4.342,0.272,1.1810241,9334,3501,0,-
17:53:57.237,snap,default,com.phoenix.read,discharging,1,29.7,34.8,100,95,1,9.39,0,0,1,4.34,0.267,1.15878,9334,3501,0,-
17:53:58.238,snap,default,com.phoenix.read,discharging,1,29.7,34.8,100,95,1,9.39,0,0,1,4.342,0.278,1.207076,9539,3610,0,-
17:53:59.237,snap,default,com.phoenix.read,discharging,1,29.7,35.2,100,95,1,9.68,0,0,1,4.34,0.307,1.33238,9539,3610,0,-
17:54:00.238,snap,default,com.phoenix.read,discharging,1,29.7,36.8,100,95,1,9.68,0,0,1,4.341,0.361,1.567101,12837,5141,0,-
17:54:01.238,snap,default,com.phoenix.read,discharging,1,29.7,39.6,100,95,1,10.46,0,0,0,4.338,0.441,1.913058,12837,5141,0,-
17:54:02.238,snap,default,com.phoenix.read,discharging,1,29.7,40,100,95,1,10.46,0,0,0,4.327,0.762,3.2971742,33259,10094,0,-
17:54:03.238,snap,default,com.miui.home,discharging,1,29.7,40.4,100,95,1,20.52,0.72,2.53,0,4.33,0.698,3.02234,33259,10094,0,-
17:54:04.458,snap,default,com.miui.home,discharging,1,29.7,41.6,100,95,1,20.52,0.72,2.53,0,4.328,0.614,2.657392,24250,3428,0,-
17:54:08.216,snap,default,com.miui.home,discharging,1,29.7,41.6,100,95,1,23.51,0.95,3.52,0,4.331,0.599,2.5942688,24250,3428,0,-
17:54:09.580,snap,default,com.miui.home,discharging,1,29.7,38.6,100,95,1,23.51,0.95,3.52,0,4.335,0.085,0.36847502,27742,9498,0,-
17:54:10.890,snap,default,com.miui.home,discharging,1,29.7,37.6,100,95,1,24.5,1.14,2.88,0,4.348,0.251,1.0913479,27742,9498,0,-
17:54:11.890,snap,default,com.miui.home,discharging,1,29.7,38.4,100,95,1,24.5,1.14,2.88,0,4.33,0.527,2.28191,19225,6628,0,-
17:54:13.245,snap,default,com.miui.home,discharging,1,29.7,38.4,100,95,1,22.96,1.11,2.36,0,4.346,0.361,1.5689061,19225,6628,0,-
17:54:19.978,snap,default,com.miui.home,discharging,1,29.7,36.4,100,95,1,22.96,1.11,2.36,0,4.342,0.26,1.12892,20084,7491,0,-
17:54:21.169,snap,default,com.miui.home,discharging,1,29.7,34.8,100,95,1,22.6,1.09,1.93,0,4.346,0.148,0.643208,20084,7491,0,-
17:54:25.979,snap,default,com.miui.home,discharging,1,29.7,34.4,100,95,1,22.6,1.09,1.93,0,4.348,0.088,0.382624,19527,7081,0,-
17:54:32.316,snap,default,com.miui.home,discharging,1,29.7,33.7,100,95,1,21.77,0.89,1.58,0,4.349,0.056,0.24354401,19527,7081,0,-
17:54:34.419,snap,default,com.miui.home,discharging,1,29.7,33.7,100,95,1,21.77,0.89,1.58,0,4.35,0.131,0.56984997,21338,8464,0,-
17:54:48.171,snap,default,com.miui.home,discharging,1,29.7,34,100,95,1,21.45,0.91,1.29,0,4.35,0.053,0.23054999,21338,8464,0,-
17:54:49.170,snap,default,com.miui.home,discharging,1,29.7,34,100,95,1,21.45,0.91,1.29,0,4.35,0.099,0.43065,14441,5869,0,-
17:55:38.344,snap,default,com.miui.home,discharging,1,29.7,33.3,100,95,1,20.1,0.75,1.06,0,4.351,0.018,0.07831799,14441,5869,0,-
17:59:03.113,snap,default,com.miui.home,discharging,1,29.7,33.3,100,95,1,20.1,0.75,1.06,0,4.353,0.025,0.108825006,12970,5175,0,-
17:59:17.242,snap,default,com.miui.home,discharging,1,29.7,33.7,100,95,1,19.72,0.61,0.86,0,4.351,0.096,0.417696,12970,5175,0,-
17:59:44.805,snap,default,com.miui.home,discharging,1,30.3,33.7,100,95,1,19.72,0.61,0.86,0,4.351,0.079,0.343729,10149,4223,0,-
17:59:47.842,snap,default,com.miui.home,discharging,1,30.3,34,100,95,1,18.5,0.5,0.71,0,4.354,0.02,0.08708,10149,4223,0,-
17:59:48.842,snap,default,com.miui.home,discharging,1,30.3,33.7,100,95,1,18.5,0.5,0.71,0,4.352,0.035,0.15232001,15862,6504,0,-
17:59:49.844,snap,default,com.miui.home,discharging,1,30.4,34,100,95,1,19.31,0.41,0.58,0,4.353,0.176,0.766128,15862,6504,0,-
17:59:50.844,snap,default,com.miui.home,discharging,1,30.4,34,100,95,1,19.31,0.41,0.58,0,4.353,0.054,0.23506202,15862,6504,0,-
17:59:51.845,snap,default,com.miui.home,discharging,1,30.4,34,100,95,1,17.44,0.33,0.47,0,4.352,0.062,0.269824,2701,403,0,-
17:59:52.844,snap,default,com.miui.home,discharging,1,30.4,34,100,95,1,15.73,0.27,0.39,0,4.353,0.062,0.26988602,2701,403,0,-
18:00:39.570,snap,default,com.miui.home,discharging,1,30.4,34,100,95,1,15.73,0.27,0.39,0,4.354,0.021,0.091434,2261,187,0,-
18:00:40.570,snap,default,com.miui.home,discharging,1,30.4,34,100,95,1,15.96,0.4,0.31,0,4.351,0.088,0.382888,2261,187,0,-
18:00:58.257,snap,default,com.miui.home,discharging,1,30.4,34,100,95,1,15.96,0.4,0.31,0,4.353,0.06,0.26118,9082,3204,0,-
18:00:59.255,snap,default,com.miui.home,discharging,1,30.5,34,100,95,1,16.51,0.69,0.26,1,4.328,0.367,1.588376,9082,3204,0,-
18:01:00.255,snap,default,com.miui.home,discharging,1,30.5,35.2,100,95,1,16.51,0.69,0.26,2,4.321,1.535,6.632735,39909,22401,0,-
18:01:01.255,snap,default,com.miui.home,discharging,1,30.5,38.2,100,95,1,18.05,0.56,0.21,6,4.312,0.943,4.066216,39909,22401,0,-
18:01:02.257,snap,default,com.miui.home,discharging,1,30.5,41.2,100,95,1,18.05,0.56,0.21,6,4.307,1.299,5.5947933,33267,16670,0,-
18:01:03.256,snap,default,com.miui.home,discharging,1,30.5,44.2,100,95,1,18.05,0.56,0.21,6,4.307,1.299,5.5947933,33267,16670,0,-
18:01:04.256,snap,default,com.miui.home,discharging,1,30.5,42.8,100,95,1,18.4,0.46,0.17,24,4.327,0.857,3.708239,30963,15941,0,-
18:01:05.256,snap,default,com.miui.home,discharging,1,30.5,44.4,100,95,1,18.4,0.46,0.17,38,4.324,0.746,3.225704,30963,15941,0,-
18:01:06.257,snap,default,com.miui.personalassistant,discharging,1,30.5,47.4,100,95,1,19.05,0.38,0.14,36,4.299,0.868,3.7315316,38090,21069,0,-
18:01:07.256,snap,default,com.miui.personalassistant,discharging,1,30.5,50.4,100,95,1,19.05,0.38,0.14,29,4.307,1.217,5.241619,38090,21069,0,-
18:01:08.256,snap,default,com.miui.personalassistant,discharging,1,30.5,51.1,100,95,1,22.48,0.31,0.11,63,4.304,1.785,7.6826396,43986,20856,0,-
18:01:09.257,snap,default,com.miui.personalassistant,discharging,1,30.6,48.1,100,95,1,22.48,0.31,0.11,20,4.333,1.283,5.5592394,43986,20856,0,-
18:01:10.257,snap,default,com.miui.personalassistant,discharging,1,30.6,45.1,100,95,1,20.04,0.25,0.09,33,4.327,0.741,3.2063072,19892,8429,0,-
18:01:11.257,snap,default,com.miui.personalassistant,discharging,1,30.6,44,100,95,1,20.04,0.25,0.09,33,4.324,0.747,3.230028,19892,8429,0,-
18:01:12.258,snap,default,com.miui.personalassistant,discharging,1,30.6,45.1,100,95,1,18.22,0.2,0.07,0,4.314,0.588,2.536632,29803,15994,0,-
18:01:13.259,snap,default,com.miui.personalassistant,discharging,1,30.6,45.1,100,95,1,18.22,0.2,0.07,25,4.32,1.151,4.97232,29803,15994,0,-
18:01:14.259,snap,default,com.miui.personalassistant,discharging,1,30.6,42.4,100,95,1,17.64,0.17,0.06,44,4.325,0.744,3.2178,10955,4203,0,-
18:01:15.259,snap,default,com.miui.personalassistant,discharging,1,30.6,40.4,100,95,1,17.64,0.17,0.06,0,4.336,0.425,1.8428,10955,4203,0,-
18:01:16.263,snap,default,com.miui.personalassistant,discharging,1,30.6,40,100,95,1,15.35,0.13,0.05,0,4.337,0.369,1.6003529,6681,3056,0,-
18:01:17.258,snap,default,com.miui.personalassistant,discharging,1,30.6,40,100,95,1,15.35,0.13,0.05,0,4.332,0.276,1.1956319,6681,3056,0,-
18:01:18.258,snap,default,com.miui.personalassistant,discharging,1,30.6,40.4,100,95,1,14.19,0.11,0.04,27,4.326,0.499,2.1586742,6681,3056,0,-
18:01:19.260,snap,default,com.miui.personalassistant,discharging,1,30.7,40.8,100,95,1,14.19,0.11,0.04,35,4.328,0.493,2.133704,14242,6470,0,-
18:01:20.259,snap,default,com.miui.personalassistant,discharging,1,30.7,43.8,100,95,1,13.98,0.09,0.03,15,4.317,0.548,2.3657157,14242,6470,0,-
18:01:21.259,snap,default,com.ss.android.ugc.aweme.mobile,discharging,1,30.7,46.8,100,95,1,13.98,0.09,0.03,15,4.322,1.059,4.576998,18614,9722,0,-
18:01:22.259,snap,default,com.ss.android.ugc.aweme.mobile,discharging,1,30.7,49.8,100,95,1,15.61,0.98,0.2,4,4.312,1.052,4.536224,18614,9722,0,-
18:01:23.259,snap,default,com.ss.android.ugc.aweme.mobile,discharging,1,30.7,51.9,100,95,1,15.61,0.98,0.2,2,4.314,1.234,5.323476,28310,16597,0,-
18:01:24.258,snap,default,com.ss.android.ugc.aweme.mobile,discharging,1,30.7,52.3,100,95,1,16.41,1.34,0.53,2,4.317,0.968,4.178856,28310,16597,0,-
18:01:25.258,snap,default,com.ss.android.ugc.aweme.mobile,discharging,1,30.7,52.3,100,95,1,16.41,1.34,0.53,1,4.297,1.096,4.7095118,28015,15765,0,-
18:01:26.259,snap,default,com.ss.android.ugc.aweme.mobile,discharging,1,30.7,52.3,100,95,1,19.23,1.82,0.61,1,4.324,1.584,6.849216,28015,15765,0,-
18:01:27.259,snap,default,com.ss.android.ugc.aweme.mobile,discharging,1,30.7,49.3,100,95,1,19.23,1.82,0.61,0,4.331,0.676,2.9277558,18283,9514,0,-
18:01:28.259,snap,default,com.ss.android.ugc.aweme.mobile,discharging,1,30.7,47.9,100,95,1,18.82,2.22,0.5,0,4.313,0.567,2.445471,18283,9514,0,-
18:01:29.259,snap,default,com.ss.android.ugc.aweme.mobile,discharging,1,30.8,46.3,100,95,1,18.82,2.22,0.5,7,4.33,0.909,3.9359698,22759,10443,0,-
18:01:30.259,snap,default,com.ss.android.ugc.aweme.mobile,discharging,1,30.8,45.9,100,95,1,17.95,2.54,0.41,0,4.332,0.721,3.1233718,22759,10443,0,-
18:01:31.260,snap,default,com.ss.android.ugc.aweme.mobile,discharging,1,30.8,44.4,100,95,1,17.95,2.54,0.41,0,4.32,0.718,3.1017601,18381,8832,0,-
18:01:32.260,snap,default,com.ss.android.ugc.aweme.mobile,discharging,1,30.8,45.9,100,95,1,17.6,2.26,0.33,5,4.333,0.768,3.3277442,18381,8832,0,-
18:01:33.260,snap,default,com.ss.android.ugc.aweme.mobile,discharging,1,30.8,47.1,100,95,1,17.6,2.26,0.33,6,4.318,0.701,3.0269177,20774,11018,0,-
18:01:34.260,snap,default,com.ss.android.ugc.aweme.mobile,discharging,1,30.8,47.1,100,95,1,17.12,2.03,0.27,4,4.322,0.941,4.067002,20774,11018,0,-
18:01:35.260,snap,default,com.ss.android.ugc.aweme.mobile,discharging,1,30.8,47.1,100,95,1,17.12,2.03,0.27,7,4.332,0.775,3.3572998,22375,11608,0,-
18:01:36.260,snap,default,com.ss.android.ugc.aweme.mobile,discharging,1,30.8,47.1,100,95,1,18.37,1.84,0.22,7,4.283,1.021,4.372943,22375,11608,0,-
18:01:37.260,snap,default,com.ss.android.ugc.aweme.mobile,discharging,1,30.8,47.1,100,95,1,18.37,1.84,0.22,5,4.286,2.005,8.59343,35109,20131,0,-
18:01:38.260,snap,default,com.ss.android.ugc.aweme.mobile,discharging,1,31,47.1,100,95,1,20.66,1.87,0.18,5,4.317,1.83,7.9001102,35109,20131,0,-
18:01:39.263,snap,default,com.ss.android.ugc.aweme.mobile,discharging,1,31,49.1,100,95,1,20.66,1.87,0.18,6,4.306,1.258,5.4169483,22536,12994,0,-
18:01:40.263,snap,default,com.ss.android.ugc.aweme.mobile,discharging,1,31,49.1,100,95,1,21.62,1.53,0.15,0,4.33,0.924,4.00092,22536,12994,0,-
18:01:41.262,snap,default,com.ss.android.ugc.aweme.mobile,discharging,1,31,46.1,100,95,1,21.62,1.53,0.15,0,4.333,0.437,1.8935211,8281,3103,0,-
18:01:42.262,snap,default,com.ss.android.ugc.aweme.mobile,discharging,1,31,44.8,100,95,1,19.34,1.25,0.12,0,4.335,0.411,1.7816851,8281,3103,0,-
18:01:43.263,snap,default,com.ss.android.ugc.aweme.mobile,discharging,1,31,42.8,100,95,1,19.34,1.25,0.12,0,4.335,0.393,1.703655,9357,4298,0,-
18:01:44.263,snap,default,com.ss.android.ugc.aweme.mobile,discharging,1,31,41.6,100,95,1,17.64,1.02,0.1,0,4.333,0.389,1.6855371,9357,4298,0,-
18:01:45.262,snap,default,com.ss.android.ugc.aweme.mobile,discharging,1,31,41.6,100,95,1,17.64,1.02,0.1,0,4.335,0.393,1.703655,9357,4298,0,-
18:01:46.263,snap,default,com.ss.android.ugc.aweme.mobile,discharging,1,31.1,41.6,100,95,1,16.08,0.84,0.08,0,4.335,0.407,1.764345,8073,3212,0,-
18:01:47.263,snap,default,com.ss.android.ugc.aweme.mobile,discharging,1,31.1,40.4,100,95,1,16.08,0.84,0.08,0,4.333,0.401,1.7375331,8073,3212,0,-
18:01:48.263,snap,default,com.ss.android.ugc.aweme.mobile,discharging,1,31.1,40.4,100,95,1,14.97,0.68,0.06,0,4.333,0.355,1.538215,7923,2688,0,-
18:01:49.263,snap,default,com.ss.android.ugc.aweme.mobile,discharging,1,31.1,40.8,100,95,1,14.97,0.68,0.06,0,4.329,0.433,1.874457,7923,2688,0,-
18:01:50.263,snap,default,com.ss.android.ugc.aweme.mobile,discharging,1,31.1,41.6,100,95,1,14.25,0.56,0.05,0,4.333,0.643,2.7861192,11568,4934,0,-
18:01:51.263,snap,default,com.ss.android.ugc.aweme.mobile,discharging,1,31.1,43.6,100,95,1,14.25,0.56,0.05,0,4.335,0.426,1.84671,11568,4934,0,-
18:01:52.265,snap,default,com.ss.android.ugc.aweme.mobile,discharging,1,31.1,43.6,100,95,1,13.84,0.46,0.04,0,4.332,0.497,2.153004,11602,5084,0,-
18:01:53.264,snap,default,com.ss.android.ugc.aweme.mobile,discharging,1,31.1,43.2,100,95,1,13.84,0.46,0.04,5,4.323,0.649,2.8056269,11602,5084,0,-
18:01:54.264,snap,default,com.ss.android.ugc.aweme.mobile,discharging,1,31.1,43.2,100,95,1,13.33,0.37,0.03,0,4.332,0.558,2.417256,13617,6221,0,-
18:01:55.265,snap,default,com.ss.android.ugc.aweme.mobile,discharging,1,31.1,41.6,100,95,1,13.33,0.37,0.03,0,4.331,0.507,2.195817,13617,6221,0,-
18:01:56.266,snap,default,com.ss.android.ugc.aweme.mobile,discharging,1,31.1,41.6,100,95,1,13.81,0.49,0.02,0,4.333,0.521,2.2574933,14500,5040,0,-
18:01:57.276,snap,default,com.ss.android.ugc.aweme.mobile,discharging,1,31.1,41.2,100,95,1,13.81,0.49,0.02,0,4.331,0.413,1.7887028,14500,5040,0,-
18:01:58.266,snap,default,com.ss.android.ugc.aweme.mobile,discharging,1,31.1,40.8,100,95,1,14.93,0.4,0.02,0,4.332,0.478,2.0706959,12320,4622,0,-
18:01:59.266,snap,default,com.ss.android.ugc.aweme.mobile,discharging,1,31.2,40.8,100,95,1,14.93,0.4,0.02,0,4.333,0.474,2.053842,12320,4622,0,-
18:02:00.266,snap,default,com.ss.android.ugc.aweme.mobile,discharging,1,31.2,40,100,95,1,16.21,0.32,0.01,0,4.332,0.449,1.9450679,12046,4511,0,-
18:02:01.266,snap,default,com.ss.android.ugc.aweme.mobile,discharging,1,31.2,40,100,95,1,16.21,0.32,0.01,0,4.333,0.444,1.9238521,12046,4511,0,-
18:02:02.266,snap,default,com.ss.android.ugc.aweme.mobile,discharging,1,31.2,40.8,100,95,1,16.9,0.26,0.01,0,4.329,0.433,1.874457,16436,8134,0,-
18:02:03.266,snap,default,com.ss.android.ugc.aweme.mobile,discharging,1,31.2,43.6,100,95,1,16.9,0.26,0.01,0,4.318,0.731,3.156458,16436,8134,0,-
18:02:04.269,snap,default,com.ss.android.ugc.aweme.mobile,discharging,1,31.2,43.6,100,95,1,17.64,0.22,0.01,0,4.326,0.816,3.5300162,19377,9331,0,-
18:02:05.267,snap,default,com.ss.android.ugc.aweme.mobile,discharging,1,31.2,43.2,100,95,1,17.64,0.22,0.01,0,4.328,0.666,2.8824482,19377,9331,0,-
18:02:06.267,snap,default,com.ss.android.ugc.aweme.mobile,discharging,1,31.2,42.4,100,95,1,18.07,0.18,0.01,0,4.325,0.657,2.8415248,18838,6584,0,-
18:02:07.267,snap,default,com.ss.android.ugc.aweme.mobile,discharging,1,31.2,42,100,95,1,18.07,0.18,0.01,0,4.33,0.653,2.8274899,18838,6584,0,-
18:02:08.267,snap,default,com.ss.android.ugc.aweme.mobile,discharging,1,31.2,42.4,100,95,1,17.69,0.14,0,0,4.331,0.57,2.46867,19685,8764,0,-
18:02:09.269,snap,default,com.ss.android.ugc.aweme.mobile,discharging,1,31.3,41.2,100,95,1,17.69,0.14,0,0,4.323,0.633,2.736459,19685,8764,0,-
18:02:10.271,snap,default,com.ss.android.ugc.aweme.mobile,discharging,1,31.3,41.2,100,95,1,17.38,0.3,0,4,4.334,0.623,2.700082,10750,4029,0,-
18:02:11.269,snap,default,com.ss.android.ugc.aweme.mobile,discharging,1,31.4,40.8,100,95,1,17.38,0.3,0,4,4.327,0.419,1.8130131,10750,4029,0,-
18:02:12.269,snap,default,com.ss.android.ugc.aweme.mobile,discharging,1,31.4,40.4,100,95,1,15.86,0.24,0,2,4.333,0.447,1.936851,10750,4029,0,-
18:02:13.270,snap,default,com.ss.android.ugc.aweme.mobile,discharging,1,31.4,40,100,95,1,15.86,0.24,0,2,4.338,0.371,1.6093979,7873,2780,0,-
18:02:14.269,snap,default,com.ss.android.ugc.aweme.mobile,discharging,1,31.4,40,100,95,1,14.26,0.38,0,0,4.335,0.265,1.148775,7873,2780,0,-
18:02:15.269,snap,default,com.ss.android.ugc.aweme.mobile,discharging,1,31.4,40,100,95,1,14.26,0.38,0,3,4.333,0.321,1.3908931,6000,1600,0,-
18:02:16.269,snap,default,com.ss.android.ugc.aweme.mobile,discharging,1,31.4,40.4,100,95,1,13.12,0.67,0,7,4.333,0.521,2.2574933,6000,1600,0,-
18:02:17.270,snap,default,com.ss.android.ugc.aweme.mobile,discharging,1,31.4,41.2,100,95,1,13.12,0.67,0,5,4.328,0.462,1.999536,10939,4918,0,-
18:02:18.269,snap,default,com.ss.android.ugc.aweme.mobile,discharging,1,31.4,44,100,95,1,12.37,0.55,0,9,4.32,0.485,2.0952,10939,4918,0,-
18:02:19.270,snap,default,com.ss.android.ugc.aweme.mobile,discharging,1,31.4,44,100,95,1,12.37,0.55,0,8,4.332,0.686,2.9717517,17399,9253,0,-
18:02:20.270,snap,default,com.ss.android.ugc.aweme.mobile,discharging,1,31.4,42.8,100,95,1,12.12,0.45,0,10,4.327,0.603,2.609181,17399,9253,0,-
18:02:21.270,snap,default,com.ss.android.ugc.aweme.mobile,discharging,1,31.4,42.8,100,95,1,12.12,0.45,0,9,4.33,0.548,2.37284,17899,8616,0,-
18:02:22.271,snap,default,com.ss.android.ugc.aweme.mobile,discharging,1,31.4,42.8,100,95,1,11.92,0.37,0,10,4.325,0.617,2.6685247,17899,8616,0,-
18:02:23.270,snap,default,com.ss.android.ugc.aweme.mobile,discharging,1,31.4,44.8,100,95,1,11.92,0.37,0,12,4.327,0.704,3.0462081,21275,10411,0,-
18:02:24.271,snap,default,com.ss.android.ugc.aweme.mobile,discharging,1,31.4,42.8,100,95,1,11.39,0.3,0,5,4.321,0.627,2.709267,21275,10411,0,-
18:02:25.271,snap,default,com.ss.android.ugc.aweme.mobile,discharging,1,31.4,42.8,100,95,1,11.39,0.3,0,6,4.33,0.627,2.7149098,10726,4515,0,-
18:02:26.272,snap,default,com.ss.android.ugc.aweme.mobile,discharging,1,31.4,42.4,100,95,1,10.96,0.24,0,6,4.324,0.5,2.162,10726,4515,0,-
18:02:27.272,snap,default,com.ss.android.ugc.aweme.mobile,discharging,1,31.4,42.4,100,95,1,10.96,0.24,0,7,4.322,0.629,2.718538,12438,5533,0,-
18:02:28.272,snap,default,com.ss.android.ugc.aweme.mobile,discharging,1,31.4,42.4,100,95,1,11.14,0.38,0,6,4.326,0.763,3.300738,12438,5533,0,-
18:02:29.272,snap,default,com.ss.android.ugc.aweme.mobile,discharging,1,31.5,42.4,100,95,1,11.14,0.38,0,3,4.328,0.612,2.648736,24478,9695,0,-
18:02:30.273,snap,default,com.ss.android.ugc.aweme.mobile,discharging,1,31.5,42,100,95,1,15.1,0.67,1.08,4,4.328,0.607,2.627096,24478,9695,0,-
18:02:31.273,snap,default,com.ss.android.ugc.aweme.mobile,discharging,1,31.5,42,100,95,1,15.1,0.67,1.08,6,4.329,0.533,2.307357,16070,6919,0,-
18:02:32.273,snap,default,com.ss.android.ugc.aweme.mobile,discharging,1,31.5,42.8,100,95,1,14.54,0.55,0.88,7,4.327,0.532,2.301964,16070,6919,0,-
18:02:33.275,snap,default,com.ss.android.ugc.aweme.mobile,discharging,1,31.5,42.8,100,95,1,14.54,0.55,0.88,5,4.325,0.548,2.3700998,11979,5322,0,-
18:02:34.274,snap,default,com.ss.android.ugc.aweme.mobile,discharging,1,31.5,41.2,100,95,1,13.54,0.45,0.72,3,4.331,0.448,1.940288,11979,5322,0,-
18:02:35.275,snap,default,com.ss.android.ugc.aweme.mobile,discharging,1,31.5,40.8,100,95,1,13.54,0.45,0.72,4,4.326,0.428,1.851528,9890,4172,0,-
18:02:36.274,snap,default,com.ss.android.ugc.aweme.mobile,discharging,1,31.5,41.2,100,95,1,12.71,0.37,0.59,6,4.33,0.509,2.20397,9890,4172,0,-
18:02:37.274,snap,default,com.ss.android.ugc.aweme.mobile,discharging,1,31.5,42.8,100,95,1,12.71,0.37,0.59,6,4.331,0.44,1.9056399,9890,4172,0,-
18:02:38.274,snap,default,com.ss.android.ugc.aweme.mobile,discharging,1,31.5,45.8,100,95,1,12.22,0.48,0.48,5,4.315,0.552,2.38188,13045,5894,0,-
18:02:39.276,snap,default,com.ss.android.ugc.aweme.mobile,discharging,1,31.6,47.9,100,95,1,12.22,0.48,0.48,8,4.297,1.002,4.305594,13045,5894,0,-
18:02:40.276,snap,default,com.ss.android.ugc.aweme.mobile,discharging,1,31.6,46.7,100,95,1,14.9,0.75,0.76,12,4.32,1.291,5.5771203,30429,15261,0,-
18:02:41.275,snap,default,com.ss.android.ugc.aweme.mobile,discharging,1,31.6,46.7,100,95,1,14.9,0.75,0.76,9,4.33,0.699,3.02667,30429,15261,0,-
18:02:42.275,snap,default,com.ss.android.ugc.aweme.mobile,discharging,1,31.6,45.1,100,95,1,14.73,0.8,0.62,10,4.33,0.521,2.2559302,19362,9604,0,-
18:02:43.275,snap,default,com.ss.android.ugc.aweme.mobile,discharging,1,31.6,43.2,100,95,1,14.73,0.8,0.62,4,4.328,0.526,2.2765281,19362,9604,0,-
18:02:44.277,snap,default,com.ss.android.ugc.aweme.mobile,discharging,1,31.6,43.2,100,95,1,13.69,0.83,0.51,4,4.32,0.681,2.94192,15158,5453,0,-
18:02:45.276,snap,default,com.ss.android.ugc.aweme.mobile,discharging,1,31.6,46.2,100,95,1,13.69,0.83,0.51,15,4.322,0.887,3.833614,15158,5453,0,-
18:02:46.276,snap,default,com.ss.android.ugc.aweme.mobile,discharging,1,31.6,49.2,100,95,1,14.11,1.04,0.41,0,4.303,1.257,5.4088707,23124,12772,0,-
18:02:47.275,snap,default,com.ss.android.ugc.aweme.mobile,discharging,1,31.6,52.2,100,95,1,14.11,1.04,0.41,0,4.31,0.915,3.94365,23124,12772,0,-
18:02:48.275,snap,default,com.ss.android.ugc.aweme.mobile,discharging,1,31.6,50.7,100,95,1,14.09,1.22,0.34,28,4.327,0.657,2.842839,20711,9099,0,-
18:02:49.277,snap,default,com.ss.android.ugc.aweme.mobile,discharging,1,31.6,48.3,100,95,1,14.09,1.22,0.34,0,4.332,0.523,2.265636,20711,9099,0,-
18:02:50.278,snap,default,com.ss.android.ugc.aweme.mobile,discharging,1,31.6,45.3,100,95,1,13.35,1,0.27,0,4.336,0.286,1.2400961,12603,5666,0,-
18:02:51.277,snap,default,com.ss.android.ugc.aweme.mobile,discharging,1,31.6,42.3,100,95,1,13.35,1,0.27,0,4.324,0.358,1.547992,12603,5666,0,-
18:02:52.278,snap,default,com.ss.android.ugc.aweme.mobile,discharging,1,31.6,41.6,100,95,1,13.1,1,0.22,0,4.332,0.336,1.4555519,6116,1310,0,-
18:02:53.279,snap,default,com.ss.android.ugc.aweme.mobile,discharging,1,31.6,40.4,100,95,1,13.1,1,0.22,0,4.335,0.314,1.3611901,6116,1310,0,-
18:02:54.279,snap,default,com.ss.android.ugc.aweme.mobile,discharging,1,31.6,40.4,100,95,1,12.54,0.81,0.18,0,4.332,0.327,1.4165639,6147,1643,0,-
18:02:55.280,snap,default,com.ss.android.ugc.aweme.mobile,discharging,1,31.6,40,100,95,1,12.54,0.81,0.18,6,4.33,0.395,1.71035,6147,1643,0,-
18:02:56.278,snap,default,com.ss.android.ugc.aweme.mobile,discharging,1,31.6,40.8,100,95,1,11.9,0.67,0.15,0,4.335,0.296,1.28316,6624,1898,0,-
18:02:57.280,snap,default,com.ss.android.ugc.aweme.mobile,discharging,1,31.6,41.6,100,95,1,11.9,0.67,0.15,0,4.314,0.705,3.04137,6624,1898,0,-
18:02:58.279,snap,default,com.ss.android.ugc.aweme.mobile,discharging,1,31.6,41.6,100,95,1,11.55,0.54,0.12,0,4.333,0.455,1.9715152,13351,6205,0,-
18:02:59.280,snap,default,com.ss.android.ugc.aweme.mobile,discharging,1,31.7,40.8,100,95,1,11.55,0.54,0.12,4,4.334,0.381,1.651254,13351,6205,0,-
18:03:00.280,snap,default,com.ss.android.ugc.aweme.mobile,discharging,1,31.7,39.6,100,95,1,11.09,0.44,0.1,0,4.333,0.363,1.5728791,7145,2281,0,-
18:03:01.280,snap,default,com.ss.android.ugc.aweme.mobile,discharging,1,31.7,39.6,100,95,1,11.09,0.44,0.1,0,4.317,0.694,2.995998,7145,2281,0,-
18:03:02.281,snap,default,com.ss.android.ugc.aweme.mobile,discharging,1,31.7,40.8,100,95,1,11.62,0.36,0.08,7,4.332,0.582,2.521224,18545,8773,0,-
18:03:03.280,snap,default,com.ss.android.ugc.aweme.mobile,discharging,1,31.7,42.4,100,95,1,11.62,0.36,0.08,9,4.318,0.763,3.2946339,18545,8773,0,-
18:03:04.281,snap,default,com.ss.android.ugc.aweme.mobile,discharging,1,31.8,45.4,100,95,1,11.87,0.3,0.06,9,4.309,1.344,5.791296,18545,8773,0,-
18:03:05.281,snap,default,com.ss.android.ugc.aweme.mobile,discharging,1,31.8,48.4,100,95,1,11.87,0.3,0.06,8,4.329,0.776,3.3593042,22270,12456,0,-
18:03:06.282,snap,default,com.ss.android.ugc.aweme.mobile,discharging,1,31.8,45.4,100,95,1,12.61,0.24,0.05,3,4.329,0.47,2.03463,22270,12456,0,-
18:03:07.281,snap,default,com.ss.android.ugc.aweme.mobile,discharging,1,31.8,42.4,100,95,1,12.61,0.24,0.05,2,4.328,0.474,2.051472,11019,4366,0,-
18:03:08.283,snap,default,com.ss.android.ugc.aweme.mobile,discharging,1,31.8,41.6,100,95,1,12.5,0.2,0.04,3,4.331,0.46,1.99226,11019,4366,0,-
18:03:09.282,snap,default,com.ss.android.ugc.aweme.mobile,discharging,1,31.8,40.8,100,95,1,12.5,0.2,0.04,3,4.331,0.328,1.420568,8614,3180,0,-
18:03:10.282,snap,default,com.ss.android.ugc.aweme.mobile,discharging,1,31.8,40.8,100,95,1,11.87,0.16,0.03,0,4.326,0.503,2.1759782,8614,3180,0,-
18:03:11.282,snap,default,com.ss.android.ugc.aweme.mobile,discharging,1,31.8,42.4,100,95,1,11.87,0.16,0.03,6,4.329,0.555,2.402595,11641,4709,0,-
18:03:12.282,snap,default,com.ss.android.ugc.aweme.mobile,discharging,1,31.8,43.6,100,95,1,11.16,0.13,0.03,5,4.329,0.688,2.978352,11641,4709,0,-
18:03:13.284,snap,default,com.ss.android.ugc.aweme.mobile,discharging,1,31.8,44,100,95,1,11.16,0.13,0.03,10,4.328,0.682,2.951696,16799,8356,0,-
18:03:14.284,snap,default,com.ss.android.ugc.aweme.mobile,discharging,1,31.8,44,100,95,1,10.77,0.29,0.02,8,4.323,0.807,3.4886608,16799,8356,0,-
18:03:15.283,snap,default,com.ss.android.ugc.aweme.mobile,discharging,1,31.8,47,100,95,1,10.77,0.29,0.02,5,4.322,0.941,4.067002,28207,10409,0,-
18:03:16.283,snap,default,com.ss.android.ugc.aweme.mobile,discharging,1,31.8,49.1,100,95,1,13.17,0.41,0.01,6,4.314,0.954,4.1155562,28207,10409,0,-
18:03:17.284,snap,default,com.ss.android.ugc.aweme.mobile,discharging,1,31.8,46.1,100,95,1,13.17,0.41,0.01,7,4.328,0.562,2.4323359,16525,7407,0,-
18:03:18.283,snap,default,com.ss.android.ugc.aweme.mobile,discharging,1,31.8,45.1,100,95,1,12.41,0.34,0.01,3,4.33,0.489,2.11737,16525,7407,0,-
18:03:19.285,snap,default,com.ss.android.ugc.aweme.mobile,discharging,1,31.9,42.8,100,95,1,12.41,0.34,0.01,3,4.317,0.705,3.043485,18763,6055,0,-
18:03:20.284,snap,default,com.ss.android.ugc.aweme.mobile,discharging,1,31.9,42.8,100,95,1,15.42,0.28,0.01,3,4.333,0.355,1.538215,18763,6055,0,-
18:03:21.284,snap,default,com.ss.android.ugc.aweme.mobile,discharging,1,31.9,42.8,100,95,1,15.42,0.28,0.01,3,4.329,0.373,1.614717,8379,2298,0,-
18:03:22.285,snap,default,com.ss.android.ugc.aweme.mobile,discharging,1,31.9,41.6,100,95,1,13.71,0.22,0.01,3,4.331,0.396,1.715076,8379,2298,0,-
18:03:23.285,snap,default,com.ss.android.ugc.aweme.mobile,discharging,1,31.9,40.8,100,95,1,13.71,0.22,0.01,3,4.33,0.387,1.67571,8465,3021,0,-
18:03:24.285,snap,default,com.ss.android.ugc.aweme.mobile,discharging,1,31.9,40.8,100,95,1,12.67,0.18,0,3,4.332,0.361,1.563852,8465,3021,0,-
18:03:25.287,snap,default,com.ss.android.ugc.aweme.mobile,discharging,1,31.9,41.2,100,95,1,12.67,0.18,0,0,4.331,0.448,1.940288,10531,3905,0,-
18:03:26.286,snap,default,com.ss.android.ugc.aweme.mobile,discharging,1,31.9,41.2,100,95,1,12.01,0.15,0,4,4.331,0.428,1.853668,10531,3905,0,-
18:03:27.286,snap,default,com.ss.android.ugc.aweme.mobile,discharging,1,31.9,41.6,100,95,1,12.01,0.15,0,5,4.321,0.647,2.7956872,12882,5581,0,-
18:03:28.287,snap,default,com.ss.android.ugc.aweme.mobile,discharging,1,31.9,41.6,100,95,1,11.1,0.12,0,11,4.327,0.561,2.427447,12882,5581,0,-
18:03:29.286,snap,default,com.ss.android.ugc.aweme.mobile,discharging,1,32,42,100,95,1,11.1,0.12,0,6,4.324,0.573,2.477652,12882,5581,0,-
18:03:30.287,snap,default,com.ss.android.ugc.aweme.mobile,discharging,1,32,41.2,100,95,1,10.72,0.1,0,11,4.324,0.669,2.892756,14880,6687,0,-
18:03:31.286,snap,default,com.ss.android.ugc.aweme.mobile,discharging,1,32,42.4,100,95,1,10.72,0.1,0,6,4.327,0.619,2.6784132,14880,6687,0,-
18:03:32.287,snap,default,com.ss.android.ugc.aweme.mobile,discharging,1,32,42.8,100,95,1,10.22,0.08,0,11,4.322,0.719,3.107518,16429,7885,0,-
18:03:33.286,snap,default,com.ss.android.ugc.aweme.mobile,discharging,1,32,44,100,95,1,10.22,0.08,0,11,4.331,0.467,2.022577,16429,7885,0,-
18:03:34.287,snap,default,com.ss.android.ugc.aweme.mobile,discharging,1,32,44,100,95,1,10.18,0.06,0,11,4.33,0.524,2.26892,17328,7734,0,-
18:03:35.287,snap,default,com.ss.android.ugc.aweme.mobile,discharging,1,32,41.6,100,95,1,10.18,0.06,0,11,4.333,0.31,1.34323,17328,7734,0,-
18:03:36.287,snap,default,com.ss.android.ugc.aweme.mobile,discharging,1,32,41.6,100,95,1,9.79,0.05,0,9,4.33,0.386,1.67138,11572,5061,0,-
18:03:37.287,snap,default,com.ss.android.ugc.aweme.mobile,discharging,1,32,40,100,95,1,9.79,0.05,0,9,4.333,0.385,1.668205,11572,5061,0,-
18:03:38.289,snap,default,com.ss.android.ugc.aweme.mobile,discharging,1,32,39.6,100,95,1,10.01,0.22,0,0,4.332,0.382,1.6548239,9860,4086,0,-
18:03:39.287,snap,default,com.ss.android.ugc.aweme.mobile,discharging,1,32,39.6,100,95,1,10.01,0.22,0,0,4.328,0.385,1.66628,9860,4086,0,-
18:03:40.289,snap,default,com.ss.android.ugc.aweme.mobile,discharging,1,32,38.8,100,95,1,10.18,0.18,0,0,4.334,0.354,1.5342361,10298,4181,0,-
18:03:41.290,snap,default,com.ss.android.ugc.aweme.mobile,discharging,1,32,40.4,100,95,1,10.18,0.18,0,0,4.329,0.37,1.60173,10298,4181,0,-
18:03:42.289,snap,default,com.ss.android.ugc.aweme.mobile,discharging,1,32,40,100,95,1,10.51,0.15,0,0,4.332,0.392,1.6981438,10533,4353,0,-
18:03:43.288,snap,default,com.ss.android.ugc.aweme.mobile,discharging,1,32,40,100,95,1,10.51,0.15,0,0,4.327,0.542,2.3452342,10533,4353,0,-
18:03:44.288,snap,default,com.ss.android.ugc.aweme.mobile,discharging,1,32,40,100,95,1,10.96,0.12,0,9,4.322,0.572,2.4721842,11193,4359,0,-
18:03:45.290,snap,default,com.ss.android.ugc.aweme.mobile,discharging,1,32,41.2,100,95,1,10.96,0.12,0,9,4.329,0.616,2.666664,11193,4359,0,-
18:03:46.288,snap,default,com.ss.android.ugc.aweme.mobile,discharging,1,32,42.8,100,95,1,10.96,0.12,0,9,4.329,0.616,2.666664,17368,8556,0,-
18:03:47.289,snap,default,com.ss.android.ugc.aweme.mobile,discharging,1,32.1,45.8,100,95,1,11.15,0.1,0,8,4.316,0.769,3.319004,17368,8556,0,-
18:03:48.290,snap,default,com.ss.android.ugc.aweme.mobile,discharging,1,32.1,45.9,100,95,1,11.15,0.1,0,7,4.32,1.086,4.69152,21938,12321,0,-
18:03:49.289,snap,default,com.ss.android.ugc.aweme.mobile,discharging,1,32.1,45.1,100,95,1,11.85,0.08,0,18,4.317,0.771,3.328407,21938,12321,0,-
18:03:50.289,snap,default,com.ss.android.ugc.aweme.mobile,discharging,1,32.1,44.8,100,95,1,11.85,0.08,0,17,4.327,0.671,2.903417,22160,10429,0,-
18:03:51.290,snap,default,com.ss.android.ugc.aweme.mobile,discharging,1,32.1,43.6,100,95,1,11.51,0.06,0,14,4.326,0.683,2.9546583,22160,10429,0,-
18:03:52.292,snap,default,com.ss.android.ugc.aweme.mobile,discharging,1,32.1,42.4,100,95,1,11.51,0.06,0,17,4.329,0.607,2.627703,13500,5453,0,-
18:03:53.290,snap,default,com.ss.android.ugc.aweme.mobile,discharging,1,32.1,40.8,100,95,1,11.06,0.05,0,0,4.334,0.354,1.5342361,13500,5453,0,-
18:03:54.290,snap,default,com.ss.android.ugc.aweme.mobile,discharging,1,32.1,40.8,100,95,1,11.06,0.05,0,0,4.33,0.325,1.4072499,10525,4081,0,-
18:03:55.290,snap,default,com.ss.android.ugc.aweme.mobile,discharging,1,32.1,43.6,100,95,1,11.04,0.22,0,3,4.33,0.388,1.68004,10525,4081,0,-
18:03:56.290,snap,default,com.ss.android.ugc.aweme.mobile,discharging,1,32.1,43.6,100,95,1,11.04,0.22,0,6,4.322,0.571,2.467862,10525,4081,0,-
18:03:57.290,snap,default,com.ss.android.ugc.aweme.mobile,discharging,1,32.1,43.6,100,95,1,11.03,0.18,0,4,4.326,0.546,2.3619962,16296,7431,0,-
18:03:58.293,snap,default,com.ss.android.ugc.aweme.mobile,discharging,1,32.1,46.6,100,95,1,11.03,0.18,0,12,4.31,0.868,3.7410798,16296,7431,0,-
18:03:59.290,snap,default,com.ss.android.ugc.aweme.mobile,discharging,1,32.2,47.1,100,95,1,11.75,0.15,0,12,4.308,0.849,3.657492,21748,11755,0,-
18:04:00.291,snap,default,com.ss.android.ugc.aweme.mobile,discharging,1,32.2,45.5,100,95,1,12.7,0.12,0,7,4.314,0.8,3.4512002,21748,11755,0,-
18:04:01.291,snap,default,com.ss.android.ugc.aweme.mobile,discharging,1,32.2,45.5,100,95,1,12.7,0.12,0,11,4.326,0.625,2.7037501,18161,10122,0,-
18:04:02.290,snap,default,com.ss.android.ugc.aweme.mobile,discharging,1,32.2,44.4,100,95,1,12.21,0.1,0,11,4.33,0.571,2.4724298,18161,10122,0,-
18:04:03.291,snap,default,com.ss.android.ugc.aweme.mobile,discharging,1,32.2,44,100,95,1,12.21,0.1,0,9,4.321,0.571,2.4672909,14911,7497,0,-
18:04:04.292,snap,default,com.ss.android.ugc.aweme.mobile,discharging,1,32.2,44,100,95,1,11.45,0.08,0,9,4.323,0.546,2.360358,14911,7497,0,-
18:04:05.292,snap,default,com.ss.android.ugc.aweme.mobile,discharging,1,32.2,44.8,100,95,1,11.45,0.08,0,9,4.325,0.714,3.08805,16809,9517,0,-
18:04:06.292,snap,default,com.ss.android.ugc.aweme.mobile,discharging,1,32.2,45.9,100,95,1,11.55,0.06,0,9,4.313,0.7,3.0191002,16809,9517,0,-
18:04:07.292,snap,default,com.ss.android.ugc.aweme.mobile,discharging,1,32.2,45.9,100,95,1,11.55,0.06,0,11,4.322,0.654,2.826588,18886,9707,0,-
18:04:08.297,snap,default,com.ss.android.ugc.aweme.mobile,discharging,1,32.2,45.9,100,95,1,11.08,0.05,0,12,4.324,0.825,3.5672998,18886,9707,0,-
18:04:09.293,snap,default,com.ss.android.ugc.aweme.mobile,discharging,1,32.3,45.9,100,95,1,11.08,0.05,0,12,4.315,0.796,3.43474,18874,9156,0,-
18:04:10.293,snap,default,com.ss.android.ugc.aweme.mobile,discharging,1,32.3,43.2,100,95,1,10.52,0.04,0,10,4.328,0.549,2.3760722,18874,9156,0,-
18:04:11.293,snap,default,com.ss.android.ugc.aweme.mobile,discharging,1,32.3,42.8,100,95,1,10.52,0.04,0,6,4.325,0.525,2.2706249,13858,5932,0,-
18:04:12.294,snap,default,com.ss.android.ugc.aweme.mobile,discharging,1,32.3,42.8,100,95,1,10.25,0.03,0,5,4.323,0.519,2.2436368,13858,5932,0,-
18:04:13.294,snap,default,com.ss.android.ugc.aweme.mobile,discharging,1,32.3,42.8,100,95,1,10.25,0.03,0,8,4.325,0.541,2.339825,18774,8309,0,-
18:04:14.296,snap,default,com.ss.android.ugc.aweme.mobile,discharging,1,32.3,42.8,100,95,1,10.02,0.02,0,10,4.325,0.551,2.383075,18774,8309,0,-
18:04:15.294,snap,default,com.ss.android.ugc.aweme.mobile,discharging,1,32.3,43.2,100,95,1,10.02,0.02,0,9,4.325,0.569,2.4609249,21670,10391,0,-
18:04:16.294,snap,default,com.ss.android.ugc.aweme.mobile,discharging,1,32.3,42.8,100,95,1,10.38,0.02,0,8,4.316,0.54,2.33064,21670,10391,0,-
18:04:17.296,snap,default,com.ss.android.ugc.aweme.mobile,discharging,1,32.3,42.8,100,95,1,10.38,0.02,0,8,4.32,0.779,3.3652802,15244,7195,0,-
18:04:18.295,snap,default,com.ss.android.ugc.aweme.mobile,discharging,1,32.3,41.6,100,95,1,9.77,0.01,0,11,4.326,0.412,1.782312,15244,7195,0,-
18:04:19.295,snap,default,com.ss.android.ugc.aweme.mobile,discharging,1,32.4,40.8,100,95,1,9.77,0.01,0,0,4.329,0.312,1.350648,6872,2171,0,-
18:04:20.295,snap,default,com.ss.android.ugc.aweme.mobile,discharging,1,32.4,40.8,100,95,1,9.08,0.01,0,3,4.329,0.368,1.593072,6872,2171,0,-
18:04:21.295,snap,default,com.ss.android.ugc.aweme.mobile,discharging,1,32.4,41.2,100,95,1,9.08,0.01,0,4,4.327,0.454,1.964458,6872,2171,0,-
18:04:22.296,snap,default,com.ss.android.ugc.aweme.mobile,discharging,1,32.4,41.2,100,95,1,8.7,0.01,0,4,4.331,0.424,1.8363439,9178,3885,0,-
18:04:23.296,snap,default,com.ss.android.ugc.aweme.mobile,discharging,1,32.4,41.2,100,95,1,8.7,0.01,0,1,4.331,0.443,1.9186329,9178,3885,0,-
18:04:24.296,snap,default,com.ss.android.ugc.aweme.mobile,discharging,1,32.4,40.4,100,95,1,8.58,0.01,0,8,4.327,0.552,2.388504,11395,4950,0,-
18:04:25.301,snap,default,com.ss.android.ugc.aweme.mobile,discharging,1,32.4,40.4,100,95,1,8.58,0.01,0,4,4.329,0.446,1.930734,11395,4950,0,-
18:04:26.302,snap,default,com.ss.android.ugc.aweme.mobile,discharging,1,32.4,41.6,100,95,1,8.65,0,0,8,4.323,0.524,2.2652519,14510,6462,0,-
18:04:27.304,snap,default,com.ss.android.ugc.aweme.mobile,discharging,1,32.4,42,100,95,1,8.65,0,0,8,4.327,0.581,2.513987,14510,6462,0,-
18:04:28.301,snap,default,com.ss.android.ugc.aweme.mobile,discharging,1,32.4,42,100,95,1,8.53,0,0,0,4.327,0.397,1.7178191,13406,5202,0,-
18:04:29.301,snap,default,com.ss.android.ugc.aweme.mobile,discharging,1,32.4,42,100,95,1,8.53,0,0,6,4.323,0.483,2.088009,13406,5202,0,-
18:04:30.301,snap,default,com.ss.android.ugc.aweme.mobile,discharging,1,32.4,42.4,100,95,1,8.62,0,0,4,4.328,0.636,2.752608,14269,5905,0,-
18:04:31.301,snap,default,com.ss.android.ugc.aweme.mobile,discharging,1,32.4,45.4,100,95,1,8.62,0,0,5,4.315,0.508,2.1920202,14269,5905,0,-
18:04:32.302,snap,default,com.ss.android.ugc.aweme.mobile,discharging,1,32.4,47.5,100,95,1,10.5,0,0,12,4.311,0.846,3.647106,23369,12914,0,-
18:04:33.303,snap,default,com.ss.android.ugc.aweme.mobile,discharging,1,32.4,44.5,100,95,1,10.5,0,0,12,4.331,0.762,3.300222,23369,12914,0,-
18:04:34.301,snap,default,com.ss.android.ugc.aweme.mobile,discharging,1,32.4,41.5,100,95,1,10.22,0,0,12,4.329,0.376,1.6277039,11328,4242,0,-
18:04:35.302,snap,default,com.ss.android.ugc.aweme.mobile,discharging,1,32.4,41.2,100,95,1,10.22,0,0,12,4.33,0.352,1.5241599,11328,4242,0,-
18:04:36.302,snap,default,com.ss.android.ugc.aweme.mobile,discharging,1,32.4,40.8,100,95,1,10.73,0,0,0,4.328,0.412,1.783136,10387,3769,0,-
18:04:37.304,snap,default,com.ss.android.ugc.aweme.mobile,discharging,1,32.4,41.6,100,95,1,10.73,0,0,0,4.331,0.435,1.8839849,10387,3769,0,-
18:04:38.303,snap,default,com.ss.android.ugc.aweme.mobile,discharging,1,32.4,41.2,100,95,1,11.14,0,0,0,4.328,0.379,1.6403121,9147,3169,0,-
18:04:39.303,snap,default,com.ss.android.ugc.aweme.mobile,discharging,1,32.5,41.2,100,95,1,11.14,0,0,0,4.33,0.433,1.87489,9147,3169,0,-
18:04:40.303,snap,default,com.ss.android.ugc.aweme.mobile,discharging,1,32.5,40,100,95,1,11.47,0,0,0,4.33,0.428,1.85324,8666,2850,0,-
18:04:41.305,snap,default,com.ss.android.ugc.aweme.mobile,discharging,1,32.5,40,100,95,1,11.47,0,0,0,4.33,0.403,1.74499,8666,2850,0,-
18:04:42.305,snap,default,com.ss.android.ugc.aweme.mobile,discharging,1,32.5,40.4,100,95,1,11.57,0,0,0,4.331,0.404,1.749724,9767,3323,0,-
18:04:43.305,snap,default,com.ss.android.ugc.aweme.mobile,discharging,1,32.5,40.4,100,95,1,11.57,0,0,0,4.331,0.387,1.6760969,9767,3323,0,-
18:04:44.305,snap,default,com.ss.android.ugc.aweme.mobile,discharging,1,32.5,40.8,100,95,1,11.46,0,0,0,4.33,0.338,1.46354,10422,3747,0,-
18:04:45.306,snap,default,com.ss.android.ugc.aweme.mobile,discharging,1,32.5,40.4,100,95,1,11.46,0,0,0,4.33,0.395,1.71035,10422,3747,0,-
18:04:46.307,snap,default,com.ss.android.ugc.aweme.mobile,discharging,1,32.5,40.4,100,95,1,11.92,0,0,0,4.33,0.392,1.6973599,11120,3959,0,-
18:04:47.305,snap,default,com.ss.android.ugc.aweme.mobile,discharging,1,32.5,40.4,100,95,1,11.92,0,0,0,4.331,0.392,1.6977519,11120,3959,0,-
18:04:48.307,snap,default,com.ss.android.ugc.aweme.mobile,discharging,1,32.5,41.2,100,95,1,11.39,0,0,0,4.32,0.403,1.74096,11120,3959,0,-
18:04:49.306,snap,default,com.ss.android.ugc.aweme.mobile,discharging,1,32.5,41.2,100,95,1,11.39,0,0,0,4.328,0.546,2.3630881,9038,3338,0,-
18:04:50.312,snap,default,com.ss.android.ugc.aweme.mobile,discharging,1,32.5,41.2,100,95,1,11.5,0,0,0,4.33,0.402,1.7406601,9038,3338,0,-
18:04:51.307,snap,default,com.ss.android.ugc.aweme.mobile,discharging,1,32.5,40.4,100,95,1,11.5,0,0,0,4.329,0.39,1.6883099,10501,3686,0,-
18:04:52.308,snap,default,com.ss.android.ugc.aweme.mobile,discharging,1,32.5,41.2,100,95,1,11.95,0,0,0,4.327,0.381,1.6485871,10501,3686,0,-
18:04:53.307,snap,default,com.ss.android.ugc.aweme.mobile,discharging,1,32.5,41.6,100,95,1,11.95,0,0,0,4.33,0.559,2.42047,10839,4059,0,-
18:04:54.307,snap,default,com.ss.android.ugc.aweme.mobile,discharging,1,32.5,41.6,100,95,1,11.96,0,0,4,4.33,0.437,1.89221,10839,4059,0,-
18:04:55.307,snap,default,com.ss.android.ugc.aweme.mobile,discharging,1,32.5,40,100,95,1,11.96,0,0,4,4.331,0.385,1.6674349,10689,4001,0,-
18:04:56.308,snap,default,com.ss.android.ugc.aweme.mobile,discharging,1,32.5,40,100,95,1,11.6,0,0,4,4.331,0.298,1.290638,10689,4001,0,-
18:04:57.308,snap,default,com.ss.android.ugc.aweme.mobile,discharging,1,32.5,40,100,95,1,11.6,0,0,0,4.331,0.296,1.281976,7391,2485,0,-
18:04:58.308,snap,default,com.ss.android.ugc.aweme.mobile,discharging,1,32.5,39.6,100,95,1,11.31,0,0,0,4.332,0.278,1.2042959,7391,2485,0,-
18:04:59.307,snap,default,com.ss.android.ugc.aweme.mobile,discharging,1,32.6,39.6,100,95,1,11.31,0,0,0,4.33,0.294,1.27302,8215,2780,0,-
18:05:00.308,snap,default,com.ss.android.ugc.aweme.mobile,discharging,1,32.6,39.6,100,95,1,11.07,0,0,0,4.33,0.314,1.35962,8215,2780,0,-
18:05:01.308,snap,default,com.ss.android.ugc.aweme.mobile,discharging,1,32.6,40,100,95,1,11.07,0,0,0,4.331,0.289,1.251659,8245,2869,0,-
18:05:02.310,snap,default,com.ss.android.ugc.aweme.mobile,discharging,1,32.6,39.6,100,95,1,10.7,0,0,0,4.33,0.316,1.36828,8245,2869,0,-
18:05:03.308,snap,default,com.ss.android.ugc.aweme.mobile,discharging,1,32.6,39.6,100,95,1,10.7,0,0,0,4.332,0.3,1.2996,7746,2592,0,-
18:05:04.309,snap,default,com.ss.android.ugc.aweme.mobile,discharging,1,32.6,39.6,100,95,1,10.39,0,0,0,4.33,0.278,1.20374,7746,2592,0,-
18:05:05.309,snap,default,com.ss.android.ugc.aweme.mobile,discharging,1,32.6,40.8,100,95,1,10.39,0,0,0,4.327,0.497,2.1505191,14555,7139,0,-
18:05:06.309,snap,default,com.ss.android.ugc.aweme.mobile,discharging,1,32.6,42,100,95,1,11.04,0,0,5,4.326,0.429,1.855854,14555,7139,0,-
18:05:07.309,snap,default,com.ss.android.ugc.aweme.mobile,discharging,1,32.6,41.2,100,95,1,11.04,0,0,9,4.328,0.621,2.687688,15316,7273,0,-
18:05:08.310,snap,default,com.ss.android.ugc.aweme.mobile,discharging,1,32.6,41.2,100,95,1,10.49,0,0,10,4.328,0.413,1.787464,15316,7273,0,-
18:05:09.311,snap,default,com.ss.android.ugc.aweme.mobile,discharging,1,32.6,41.2,100,95,1,10.49,0,0,21,4.327,0.546,2.3625422,13830,6010,0,-
18:05:10.310,snap,default,com.ss.android.ugc.aweme.mobile,discharging,1,32.6,42.8,100,95,1,10.22,0,0,11,4.321,0.552,2.385192,13830,6010,0,-
18:05:11.310,snap,default,com.ss.android.ugc.aweme.mobile,discharging,1,32.6,42.8,100,95,1,10.22,0,0,17,4.318,0.681,2.940558,15258,7863,0,-
18:05:12.310,snap,default,com.ss.android.ugc.aweme.mobile,discharging,1,32.6,42,100,95,1,10.18,0,0,13,4.325,0.603,2.6079748,15258,7863,0,-
18:05:13.311,snap,default,com.ss.android.ugc.aweme.mobile,discharging,1,32.6,42,100,95,1,10.18,0,0,10,4.324,0.505,2.18362,13998,6102,0,-
18:05:14.311,snap,default,com.ss.android.ugc.aweme.mobile,discharging,1,32.6,41.2,100,95,1,9.78,0,0,19,4.326,0.522,2.2581723,13998,6102,0,-
18:05:15.310,snap,default,com.ss.android.ugc.aweme.mobile,discharging,1,32.6,42,100,95,1,9.78,0,0,9,4.325,0.45,1.9462498,13998,6102,0,-
18:05:16.311,snap,default,com.ss.android.ugc.aweme.mobile,discharging,1,32.6,40.8,100,95,1,9.64,0,0,15,4.327,0.437,1.8908991,13243,5656,0,-
18:05:17.311,snap,default,com.ss.android.ugc.aweme.mobile,discharging,1,32.6,40.8,100,95,1,9.64,0,0,13,4.328,0.45,1.9476,13243,5656,0,-
18:05:18.311,snap,default,com.ss.android.ugc.aweme.mobile,discharging,1,32.6,40.8,100,95,1,9.52,0,0,9,4.328,0.429,1.856712,13081,5630,0,-
18:05:19.311,snap,default,com.ss.android.ugc.aweme.mobile,discharging,1,32.6,42,100,95,1,9.52,0,0,18,4.327,0.43,1.8606101,13081,5630,0,-
18:05:20.312,snap,default,com.ss.android.ugc.aweme.mobile,discharging,1,32.6,42,100,95,1,9.25,0,0,8,4.314,0.432,1.863648,14936,7118,0,-
18:05:21.313,snap,default,com.ss.android.ugc.aweme.mobile,discharging,1,32.6,45,100,95,1,9.25,0,0,0,4.326,0.629,2.721054,14936,7118,0,-
18:05:22.312,snap,default,com.ss.android.ugc.aweme.mobile,discharging,1,32.6,42,100,95,1,9.74,0,0,14,4.325,0.484,2.0932999,15175,7062,0,-
18:05:23.312,snap,default,com.ss.android.ugc.aweme.mobile,discharging,1,32.6,42,100,95,1,9.74,0,0,0,4.331,0.621,2.6895509,15175,7062,0,-
18:05:24.313,snap,default,com.ss.android.ugc.aweme.mobile,discharging,1,32.6,42,100,95,1,9.97,0,0,13,4.322,0.507,2.1912541,16891,8357,0,-
18:05:25.312,snap,default,com.ss.android.ugc.aweme.mobile,discharging,1,32.6,42.8,100,95,1,9.97,0,0,0,4.322,0.529,2.2863379,16891,8357,0,-
18:05:26.312,snap,default,com.ss.android.ugc.aweme.mobile,discharging,1,32.6,42.8,100,95,1,10.16,0,0,10,4.324,0.756,3.2689438,18035,8618,0,-
18:05:27.313,snap,default,com.ss.android.ugc.aweme.mobile,discharging,1,32.6,42.4,100,95,1,10.16,0,0,7,4.328,0.616,2.666048,18035,8618,0,-
18:05:28.313,snap,default,com.ss.android.ugc.aweme.mobile,discharging,1,32.7,42.4,100,95,1,9.95,0,0,8,4.319,0.487,2.1033528,15726,6777,0,-
18:05:29.313,snap,default,com.ss.android.ugc.aweme.mobile,discharging,1,32.7,42,100,95,1,9.95,0,0,14,4.324,0.562,2.4300878,15726,6777,0,-
18:05:30.314,snap,default,com.ss.android.ugc.aweme.mobile,discharging,1,32.7,42,100,95,1,9.41,0,0,10,4.325,0.468,2.0240998,14057,6118,0,-
18:05:31.314,snap,default,com.ss.android.ugc.aweme.mobile,discharging,1,32.7,42,100,95,1,9.41,0,0,10,4.325,0.469,2.028425,14057,6118,0,-
18:05:32.314,snap,default,com.ss.android.ugc.aweme.mobile,discharging,1,32.7,42.4,100,95,1,9.34,0,0,12,4.327,0.471,2.038017,14979,6358,0,-
18:05:33.318,snap,default,com.ss.android.ugc.aweme.mobile,discharging,1,32.7,42,100,95,1,9.34,0,0,10,4.326,0.475,2.05485,14979,6358,0,-
18:05:34.320,snap,default,com.ss.android.ugc.aweme.mobile,discharging,1,32.7,43.2,100,95,1,9.09,0,0,10,4.327,0.469,2.0293632,15321,7155,0,-
18:05:35.321,snap,default,com.ss.android.ugc.aweme.mobile,discharging,1,32.7,42,100,95,1,9.09,0,0,14,4.324,0.495,2.14038,15321,7155,0,-
18:05:36.320,snap,default,com.ss.android.ugc.aweme.mobile,discharging,1,32.7,42.8,100,95,1,9.26,0,0,18,4.324,0.603,2.6073718,17157,7760,0,-
18:05:37.320,snap,default,com.ss.android.ugc.aweme.mobile,discharging,1,32.7,42.8,100,95,1,9.26,0,0,17,4.323,0.575,2.485725,17157,7760,0,-
18:05:38.320,snap,default,com.ss.android.ugc.aweme.mobile,discharging,1,32.7,44.4,100,95,1,9.57,0,0,14,4.319,0.605,2.612995,17758,7974,0,-
18:05:39.321,snap,default,com.ss.android.ugc.aweme.mobile,discharging,1,32.7,45.1,100,95,1,9.57,0,0,12,4.314,0.668,2.881752,17758,7974,0,-
18:05:40.321,snap,default,com.ss.android.ugc.aweme.mobile,discharging,1,32.7,45.1,100,95,1,9.65,0,0,11,4.324,0.87,3.76188,17758,7974,0,-
18:05:41.321,snap,default,com.ss.android.ugc.aweme.mobile,discharging,1,32.7,44,100,95,1,9.65,0,0,13,4.322,0.554,2.3943882,15734,8161,0,-
18:05:42.323,snap,default,com.ss.android.ugc.aweme.mobile,discharging,1,32.7,44,100,95,1,10.07,0,0,15,4.316,0.622,2.684552,15734,8161,0,-
18:05:43.321,snap,default,com.ss.android.ugc.aweme.mobile,discharging,1,32.7,44,100,95,1,10.07,0,0,15,4.321,0.646,2.791366,17855,8703,0,-
18:05:44.322,snap,default,com.ss.android.ugc.aweme.mobile,discharging,1,32.7,44,100,95,1,9.88,0,0,14,4.323,0.572,2.4727561,17855,8703,0,-
18:05:45.322,snap,default,com.ss.android.ugc.aweme.mobile,discharging,1,32.7,43.2,100,95,1,9.88,0,0,16,4.314,0.567,2.446038,19656,9651,0,-
18:05:46.322,snap,default,com.ss.android.ugc.aweme.mobile,discharging,1,32.7,43.2,100,95,1,10.26,0,0,16,4.33,0.742,3.2128599,19656,9651,0,-
18:05:47.323,snap,default,com.ss.android.ugc.aweme.mobile,discharging,1,32.7,43.2,100,95,1,10.26,0,0,0,4.313,0.324,1.3974121,14166,6497,0,-
18:05:48.324,snap,default,com.ss.android.ugc.aweme.mobile,discharging,1,32.8,43.2,100,95,1,10.58,0,0,0,4.329,0.743,3.2164469,14166,6497,0,-
18:05:49.324,snap,default,com.ss.android.ugc.aweme.mobile,discharging,1,32.8,43.2,100,95,1,10.58,0,0,18,4.318,0.309,1.3342619,13126,5484,0,-
18:05:50.325,snap,default,com.ss.android.ugc.aweme.mobile,discharging,1,32.8,42.4,100,95,1,9.93,0,0,0,4.331,0.509,2.204479,13126,5484,0,-
18:05:51.325,snap,default,com.ss.android.ugc.aweme.mobile,discharging,1,32.8,42.4,100,95,1,9.93,0,0,0,4.319,0.271,1.1704489,12061,5305,0,-
18:05:52.325,snap,default,com.ss.android.ugc.aweme.mobile,discharging,1,32.8,42,100,95,1,10.48,0,0,26,4.33,0.657,2.84481,12061,5305,0,-
18:05:53.326,snap,default,com.ss.android.ugc.aweme.mobile,discharging,1,32.8,42,100,95,1,10.48,0,0,0,4.329,0.525,2.2727249,13584,6050,0,-
18:05:54.324,snap,default,com.ss.android.ugc.aweme.mobile,discharging,1,32.8,42,100,95,1,9.85,0,0,0,4.327,0.331,1.432237,13584,6050,0,-
18:05:55.324,snap,default,com.ss.android.ugc.aweme.mobile,discharging,1,32.8,42,100,95,1,9.85,0,0,8,4.303,0.462,1.9879861,20020,10116,0,-
18:05:56.325,snap,default,com.ss.android.ugc.aweme.mobile,discharging,1,32.8,42,100,95,1,13.32,0.36,0,10,4.313,1.305,5.628465,20020,10116,0,-
18:05:57.324,snap,default,com.ss.android.ugc.aweme.mobile,discharging,1,32.8,45,100,95,1,13.32,0.36,0,11,4.311,1.168,5.035248,26501,16358,0,-
18:05:58.324,snap,default,com.ss.android.ugc.aweme.mobile,discharging,1,32.8,48,100,95,1,14.35,0.29,0,6,4.305,1.146,4.93353,26501,16358,0,-
18:05:59.324,snap,default,com.ss.android.ugc.aweme.mobile,discharging,1,32.8,50.3,100,95,1,14.35,0.29,0,6,4.304,1.173,5.0485916,26740,15054,0,-
18:06:00.325,snap,default,com.ss.android.ugc.aweme.mobile,discharging,1,32.8,48.7,100,95,1,15.73,0.42,0,0,4.311,0.877,3.7807467,26740,15054,0,-
18:06:01.327,snap,default,com.ss.android.ugc.aweme.mobile,discharging,1,32.8,45.7,100,95,1,15.73,0.42,0,0,4.324,0.507,2.1922681,15175,6681,0,-
18:06:02.325,snap,default,com.ss.android.ugc.aweme.mobile,discharging,1,32.8,45.5,100,95,1,15.06,0.34,0,0,4.317,0.528,2.279376,15175,6681,0,-
18:06:03.326,snap,default,com.ss.android.ugc.aweme.mobile,discharging,1,32.8,44.4,100,95,1,15.06,0.34,0,12,4.314,0.653,2.817042,15517,6573,0,-
18:06:04.326,snap,default,com.ss.android.ugc.aweme.mobile,discharging,1,32.8,44,100,95,1,14.68,0.28,0,0,4.319,0.764,3.2997158,15517,6573,0,-
18:06:05.330,snap,default,com.ss.android.ugc.aweme.mobile,discharging,1,32.8,43.6,100,95,1,14.68,0.28,0,0,4.319,0.667,2.8807728,12820,5113,0,-
18:06:06.326,snap,default,com.ss.android.ugc.aweme.mobile,discharging,1,32.8,43.6,100,95,1,14.74,0.23,0,0,4.318,0.51,2.20218,12820,5113,0,-
18:06:07.326,snap,default,com.ss.android.ugc.aweme.mobile,discharging,1,32.8,44.4,100,95,1,14.74,0.23,0,12,4.308,0.734,3.1620722,12820,5113,0,-
18:06:08.329,snap,default,com.ss.android.ugc.aweme.mobile,discharging,1,32.8,44.4,100,95,1,15.33,0.18,0,12,4.316,0.989,4.268524,23800,13085,0,-
18:06:09.327,snap,default,com.ss.android.ugc.aweme.mobile,discharging,1,32.9,44.4,100,95,1,15.33,0.18,0,0,4.324,0.654,2.8278959,23800,13085,0,-
18:06:10.329,snap,default,com.ss.android.ugc.aweme.mobile,discharging,1,32.9,43.6,100,95,1,14.91,0.15,0,0,4.328,0.448,1.9389441,10974,4416,0,-
18:06:11.328,snap,default,com.ss.android.ugc.aweme.mobile,discharging,1,32.9,42.8,100,95,1,14.91,0.15,0,0,4.32,0.342,1.4774401,10974,4416,0,-
18:06:12.330,snap,default,com.ss.android.ugc.aweme.mobile,discharging,1,32.9,42.4,100,95,1,14.56,0.12,0,0,4.328,0.403,1.744184,10376,4185,0,-
18:06:13.333,snap,default,com.ss.android.ugc.aweme.mobile,discharging,1,33,42,100,95,1,14.56,0.12,0,13,4.321,0.293,1.2660531,10376,4185,0,-
18:06:14.329,snap,default,com.ss.android.ugc.aweme.mobile,discharging,1,33,41.2,100,95,1,14.64,0.1,0,0,4.327,0.439,1.8995531,11306,5158,0,-
18:06:15.329,snap,default,com.ss.android.ugc.aweme.mobile,discharging,1,33,41.2,100,95,1,14.64,0.1,0,0,4.324,0.328,1.418272,11306,5158,0,-
18:06:16.329,snap,default,com.ss.android.ugc.aweme.mobile,discharging,1,33,41.6,100,95,1,14.7,0.08,0,0,4.315,0.545,2.351675,11255,4395,0,-
18:06:17.331,snap,default,com.ss.android.ugc.aweme.mobile,discharging,1,33,41.6,100,95,1,14.7,0.08,0,0,4.331,0.268,1.160708,11255,4395,0,-
18:06:18.330,snap,default,com.ss.android.ugc.aweme.mobile,discharging,1,33,41.6,100,95,1,13.85,0.06,0,0,4.328,0.325,1.4066,8060,2768,0,-
18:06:19.330,snap,default,com.ss.android.ugc.aweme.mobile,discharging,1,33,41.2,100,95,1,13.85,0.06,0,17,4.329,0.342,1.480518,8060,2768,0,-
18:06:20.329,snap,default,com.ss.android.ugc.aweme.mobile,discharging,1,33,41.6,100,95,1,13.7,0.05,0,0,4.329,0.345,1.493505,12911,6155,0,-
18:06:21.330,snap,default,com.ss.android.ugc.aweme.mobile,discharging,1,33,42,100,95,1,13.7,0.05,0,0,4.326,0.534,2.310084,12911,6155,0,-
18:06:22.330,snap,default,com.ss.android.ugc.aweme.mobile,discharging,1,33,44,100,95,1,13.39,0.04,0,0,4.322,0.529,2.2863379,17913,8698,0,-
18:06:23.331,snap,default,com.ss.android.ugc.aweme.mobile,discharging,1,33,42,100,95,1,13.39,0.04,0,12,4.329,0.355,1.5367949,17913,8698,0,-
18:06:24.330,snap,default,com.ss.android.ugc.aweme.mobile,discharging,1,33.1,41.2,100,95,1,12.41,0.03,0,3,4.325,0.296,1.2802,12836,5357,0,-
18:06:25.331,snap,default,com.ss.android.ugc.aweme.mobile,discharging,1,33.1,41.2,100,95,1,12.41,0.03,0,3,4.327,0.387,1.674549,12836,5357,0,-
18:06:26.332,snap,default,com.ss.android.ugc.aweme.mobile,discharging,1,33.1,40.8,100,95,1,11.79,0.03,0,5,4.33,0.392,1.6973599,11431,4259,0,-
18:06:27.332,snap,default,com.ss.android.ugc.aweme.mobile,discharging,1,33.1,40.4,100,95,1,11.79,0.03,0,1,4.331,0.287,1.2429969,11431,4259,0,-
18:06:28.334,snap,default,com.ss.android.ugc.aweme.mobile,discharging,1,33.1,40.4,100,95,1,11.1,0.02,0,1,4.33,0.287,1.24271,7496,2203,0,-
18:06:29.334,snap,default,com.ss.android.ugc.aweme.mobile,discharging,1,33.1,40.4,100,95,1,11.1,0.02,0,4,4.328,0.356,1.540768,7496,2203,0,-
18:06:30.335,snap,default,com.ss.android.ugc.aweme.mobile,discharging,1,33.1,40.4,100,95,1,10.36,0.01,0,4,4.327,0.36,1.5577201,8832,3719,0,-
18:06:31.334,snap,default,com.ss.android.ugc.aweme.mobile,discharging,1,33.1,40.4,100,95,1,10.36,0.01,0,3,4.331,0.344,1.489864,8832,3719,0,-
18:06:32.334,snap,default,com.ss.android.ugc.aweme.mobile,discharging,1,33.1,40.8,100,95,1,9.57,0.01,0,2,4.33,0.33,1.4289,8832,3719,0,-
18:06:33.334,snap,default,com.ss.android.ugc.aweme.mobile,discharging,1,33.1,41.6,100,95,1,9.57,0.01,0,7,4.326,0.424,1.8342241,7975,3328,0,-
18:06:34.335,snap,default,com.ss.android.ugc.aweme.mobile,discharging,1,33.1,41.6,100,95,1,9.46,0.01,0,4,4.329,0.352,1.523808,7975,3328,0,-
18:06:35.335,snap,default,com.ss.android.ugc.aweme.mobile,discharging,1,33.1,40.8,100,95,1,9.46,0.01,0,3,4.33,0.331,1.4332299,10354,4344,0,-
18:06:36.337,snap,default,com.ss.android.ugc.aweme.mobile,discharging,1,33.1,40,100,95,1,8.84,0.01,0,3,4.333,0.267,1.156911,10354,4344,0,-
18:06:37.335,snap,default,com.ss.android.ugc.aweme.mobile,discharging,1,33.1,40.4,100,95,1,8.84,0.01,0,0,4.332,0.216,0.935712,7484,2519,0,-
18:06:38.336,snap,default,com.ss.android.ugc.aweme.mobile,discharging,1,33.1,40.4,100,95,1,8.5,0,0,3,4.331,0.221,0.957151,7484,2519,0,-
18:06:39.335,snap,default,com.ss.android.ugc.aweme.mobile,discharging,1,33.1,40.4,100,95,1,8.5,0,0,3,4.331,0.274,1.1866939,6303,1731,0,-
18:06:40.336,snap,default,com.ss.android.ugc.aweme.mobile,discharging,1,33.1,40,100,95,1,8.41,0,0,3,4.33,0.275,1.19075,6303,1731,0,-
18:06:41.337,snap,default,com.ss.android.ugc.aweme.mobile,discharging,1,33.1,39.2,100,95,1,8.41,0,0,3,4.33,0.275,1.19075,7826,2482,0,-
18:06:42.338,snap,default,com.ss.android.ugc.aweme.mobile,discharging,1,33.1,39.2,100,95,1,8.41,0,0,3,4.328,0.357,1.545096,7826,2482,0,-
18:06:43.336,snap,default,com.ss.android.ugc.aweme.mobile,discharging,1,33.1,39.2,100,95,1,8.15,0,0,0,4.332,0.223,0.96603596,6012,1594,0,-
18:06:44.337,snap,default,com.ss.android.ugc.aweme.mobile,discharging,1,33.1,39.2,100,95,1,8.15,0,0,0,4.33,0.274,1.18642,6012,1594,0,-
18:06:45.337,snap,default,com.ss.android.ugc.aweme.mobile,discharging,1,33.1,39.2,100,95,1,8.12,0,0,3,4.33,0.275,1.19075,7720,2444,0,-
18:06:46.338,snap,default,com.ss.android.ugc.aweme.mobile,discharging,1,33.1,39.6,100,95,1,8.12,0,0,3,4.33,0.28,1.2124,7720,2444,0,-
18:06:47.338,snap,default,com.ss.android.ugc.aweme.mobile,discharging,1,33.1,39.6,100,95,1,8.1,0,0,3,4.332,0.274,1.1869678,8483,2927,0,-
18:06:48.339,snap,default,com.ss.android.ugc.aweme.mobile,discharging,1,33.1,39.6,100,95,1,8.1,0,0,0,4.33,0.339,1.4678699,8483,2927,0,-
18:06:49.338,snap,default,com.ss.android.ugc.aweme.mobile,discharging,1,33.1,40.4,100,95,1,8.08,0,0,4,4.327,0.357,1.544739,12122,5040,0,-
18:06:50.339,snap,default,com.ss.android.ugc.aweme.mobile,discharging,1,33.1,40.4,100,95,1,8.08,0,0,4,4.325,0.423,1.8294749,12122,5040,0,-
18:06:51.339,snap,default,com.ss.android.ugc.aweme.mobile,discharging,1,33.1,40.4,100,95,1,8.25,0,0,6,4.324,0.417,1.803108,12468,5056,0,-
18:06:52.338,snap,default,com.ss.android.ugc.aweme.mobile,discharging,1,33.1,40.8,100,95,1,8.25,0,0,6,4.329,0.308,1.333332,12468,5056,0,-
18:06:53.345,snap,default,com.ss.android.ugc.aweme.mobile,discharging,1,33.1,40.8,100,95,1,8.02,0,0,3,4.326,0.321,1.3886461,12542,4841,0,-
18:06:54.339,snap,default,com.ss.android.ugc.aweme.mobile,discharging,1,33.1,42.4,100,95,1,8.02,0,0,12,4.322,0.585,2.52837,12542,4841,0,-
18:06:55.339,snap,default,com.ss.android.ugc.aweme.mobile,discharging,1,33.1,43.2,100,95,1,8.38,0,0,13,4.322,0.605,2.61481,20464,9783,0,-
18:06:56.339,snap,default,com.ss.android.ugc.aweme.mobile,discharging,1,33.1,43.2,100,95,1,8.38,0,0,13,4.321,0.599,2.588279,20464,9783,0,-
18:06:57.339,snap,default,com.ss.android.ugc.aweme.mobile,discharging,1,33.1,43.2,100,95,1,8.49,0,0,13,4.318,0.452,1.9517359,14206,6326,0,-
18:06:58.339,snap,default,com.ss.android.ugc.aweme.mobile,discharging,1,33.1,43.6,100,95,1,8.49,0,0,7,4.326,0.439,1.8991141,14206,6326,0,-
18:06:59.339,snap,default,com.ss.android.ugc.aweme.mobile,discharging,1,33.2,43.6,100,95,1,8.4,0,0,8,4.325,0.523,2.2619748,14206,6326,0,-
18:07:00.339,snap,default,com.ss.android.ugc.aweme.mobile,discharging,1,33.2,43.6,100,95,1,8.4,0,0,8,4.322,0.544,2.3511682,15667,7258,0,-
18:07:01.342,snap,default,com.ss.android.ugc.aweme.mobile,discharging,1,33.2,42.4,100,95,1,9.05,0,0,12,4.319,0.653,2.8203068,15667,7258,0,-
18:07:02.340,snap,default,com.ss.android.ugc.aweme.mobile,discharging,1,33.2,43.6,100,95,1,9.05,0,0,0,4.33,0.263,1.13879,12679,5679,0,-
18:07:03.340,snap,default,com.ss.android.ugc.aweme.mobile,discharging,1,33.2,42.4,100,95,1,8.68,0,0,0,4.33,0.275,1.19075,12679,5679,0,-
18:07:04.340,snap,default,com.ss.android.ugc.aweme.mobile,discharging,1,33.2,41.6,100,95,1,8.68,0,0,8,4.327,0.521,2.254367,13092,6463,0,-
18:07:05.340,snap,default,com.ss.android.ugc.aweme.mobile,discharging,1,33.2,40.4,100,95,1,9.1,0,0,0,4.328,0.311,1.346008,13092,6463,0,-
18:07:06.341,snap,default,com.ss.android.ugc.aweme.mobile,discharging,1,33.2,40.4,100,95,1,9.1,0,0,0,4.326,0.321,1.3886461,11322,4356,0,-
18:07:07.342,snap,default,com.ss.android.ugc.aweme.mobile,discharging,1,33.2,40.4,100,95,1,9.62,0,0,0,4.327,0.317,1.371659,11322,4356,0,-
18:07:08.345,snap,default,com.ss.android.ugc.aweme.mobile,discharging,1,33.2,40.4,100,95,1,9.62,0,0,0,4.329,0.325,1.406925,10110,3847,0,-
18:07:09.345,snap,default,com.ss.android.ugc.aweme.mobile,discharging,1,33.2,40,100,95,1,10.23,0,0,1,4.327,0.327,1.414929,10110,3847,0,-
18:07:10.345,snap,default,com.ss.android.ugc.aweme.mobile,discharging,1,33.2,40,100,95,1,10.23,0,0,0,4.33,0.312,1.35096,10446,3696,0,-
18:07:11.345,snap,default,com.ss.android.ugc.aweme.mobile,discharging,1,33.2,40,100,95,1,10.73,0,0,0,4.329,0.311,1.346319,10446,3696,0,-
18:07:12.346,snap,default,com.ss.android.ugc.aweme.mobile,discharging,1,33.2,40,100,95,1,10.73,0,0,0,4.328,0.315,1.36332,9900,3544,0,-
18:07:13.345,snap,default,com.ss.android.ugc.aweme.mobile,discharging,1,33.2,39.6,100,95,1,11.14,0,0,0,4.329,0.304,1.316016,9900,3544,0,-
18:07:14.345,snap,default,com.ss.android.ugc.aweme.mobile,discharging,1,33.2,39.6,100,95,1,11.14,0,0,1,4.33,0.316,1.36828,10273,3675,0,-
18:07:15.346,snap,default,com.ss.android.ugc.aweme.mobile,discharging,1,33.2,42,100,95,1,11.66,0,0,1,4.316,0.346,1.493336,10273,3675,0,-
18:07:16.346,snap,default,com.ss.android.ugc.aweme.mobile,discharging,1,33.2,42,100,95,1,11.66,0,0,11,4.324,0.562,2.4300878,18763,8845,0,-
18:07:17.346,snap,default,com.ss.android.ugc.aweme.mobile,discharging,1,33.2,41.2,100,95,1,12.45,0.18,0,9,4.325,0.395,1.708375,18763,8845,0,-
18:07:18.346,snap,default,com.ss.android.ugc.aweme.mobile,discharging,1,33.2,41.2,100,95,1,12.45,0.18,0,10,4.324,0.419,1.8117559,12976,5236,0,-
18:07:19.346,snap,default,com.ss.android.ugc.aweme.mobile,discharging,1,33.2,41.6,100,95,1,13.09,0.14,0,10,4.325,0.337,1.457525,12976,5236,0,-
18:07:20.355,snap,default,com.ss.android.ugc.aweme.mobile,discharging,1,33.2,42,100,95,1,13.09,0.14,0,5,4.322,0.364,1.573208,14617,6523,0,-
18:07:21.355,snap,default,com.ss.android.ugc.aweme.mobile,discharging,1,33.2,42,100,95,1,13.07,0.12,0,5,4.321,0.519,2.242599,14617,6523,0,-
18:07:22.356,snap,default,com.ss.android.ugc.aweme.mobile,discharging,1,33.2,42.8,100,95,1,13.07,0.12,0,6,4.299,1.081,4.6472187,19898,11708,0,-
18:07:23.356,snap,default,com.ss.android.ugc.aweme.mobile,discharging,1,33.2,44.8,100,95,1,14.33,0.09,0,9,4.322,0.892,3.8552241,19898,11708,0,-
18:07:24.356,snap,default,com.ss.android.ugc.aweme.mobile,discharging,1,33.2,44.8,100,95,1,14.33,0.09,0,8,4.324,0.571,2.469004,13079,5750,0,-
18:07:25.358,snap,default,com.ss.android.ugc.aweme.mobile,discharging,1,33.2,44,100,95,1,13.54,0.08,0,5,4.324,0.446,1.928504,13079,5750,0,-
18:07:26.356,snap,default,com.ss.android.ugc.aweme.mobile,discharging,1,33.2,44,100,95,1,13.54,0.08,0,5,4.324,0.515,2.2268598,13079,5750,0,-
18:07:27.356,snap,default,com.ss.android.ugc.aweme.mobile,discharging,1,33.2,44.4,100,95,1,13.44,0.06,0,10,4.319,0.674,2.911006,18999,9644,0,-
18:07:28.357,snap,default,com.ss.android.ugc.aweme.mobile,discharging,1,33.2,44.4,100,95,1,13.44,0.06,0,12,4.321,0.646,2.791366,18999,9644,0,-
18:07:29.357,snap,default,com.ss.android.ugc.aweme.mobile,discharging,1,33.2,44,100,95,1,13.18,0.05,0,8,4.324,0.468,2.0236318,17885,8869,0,-
18:07:30.356,snap,default,com.ss.android.ugc.aweme.mobile,discharging,1,33.2,43.2,100,95,1,13.18,0.05,0,9,4.325,0.595,2.573375,17885,8869,0,-
18:07:31.357,snap,default,com.ss.android.ugc.aweme.mobile,discharging,1,33.2,43.2,100,95,1,12.24,0.04,0,9,4.322,0.593,2.562946,17461,8550,0,-
18:07:32.357,snap,default,com.ss.android.ugc.aweme.mobile,discharging,1,33.2,42.4,100,95,1,12.24,0.04,0,8,4.327,0.361,1.562047,17461,8550,0,-
18:07:33.357,snap,default,com.ss.android.ugc.aweme.mobile,discharging,1,33.2,41.6,100,95,1,11.65,0.03,0,8,4.328,0.296,1.281088,10320,4340,0,-
18:07:34.358,snap,default,com.ss.android.ugc.aweme.mobile,discharging,1,33.2,41.2,100,95,1,11.65,0.03,0,8,4.326,0.308,1.3324081,10320,4340,0,-
18:07:35.359,snap,default,com.ss.android.ugc.aweme.mobile,discharging,1,33.2,40,100,95,1,11.17,0.02,0,8,4.327,0.317,1.371659,10350,4282,0,-
18:07:36.359,snap,default,com.ss.android.ugc.aweme.mobile,discharging,1,33.2,40,100,95,1,11.17,0.02,0,8,4.328,0.312,1.3503361,10350,4282,0,-
18:07:37.360,snap,default,com.ss.android.ugc.aweme.mobile,discharging,1,33.2,40,100,95,1,11.14,0.02,0,0,4.328,0.309,1.3373519,10055,3750,0,-
18:07:38.359,snap,default,com.ss.android.ugc.aweme.mobile,discharging,1,33.2,39.6,100,95,1,11.14,0.02,0,0,4.327,0.304,1.315408,10055,3750,0,-
18:07:39.359,snap,default,com.ss.android.ugc.aweme.mobile,discharging,1,33.3,39.6,100,95,1,11.29,0.01,0,1,4.33,0.297,1.2860099,9702,3530,0,-
18:07:40.359,snap,default,com.ss.android.ugc.aweme.mobile,discharging,1,33.3,39.6,100,95,1,11.29,0.01,0,1,4.329,0.298,1.290042,9702,3530,0,-
18:07:41.360,snap,default,com.ss.android.ugc.aweme.mobile,discharging,1,33.3,39.6,100,95,1,11.42,0.01,0,1,4.327,0.298,1.2894461,9874,3443,0,-
18:07:42.362,snap,default,com.ss.android.ugc.aweme.mobile,discharging,1,33.3,39.6,100,95,1,11.42,0.01,0,1,4.329,0.307,1.3290031,9874,3443,0,-
18:07:43.360,snap,default,com.ss.android.ugc.aweme.mobile,discharging,1,33.3,40,100,95,1,11.71,0.01,0,0,4.33,0.3,1.299,9677,3337,0,-
18:07:44.361,snap,default,com.ss.android.ugc.aweme.mobile,discharging,1,33.3,40,100,95,1,11.71,0.01,0,1,4.33,0.304,1.31632,9677,3337,0,-
18:07:45.360,snap,default,com.ss.android.ugc.aweme.mobile,discharging,1,33.3,40.4,100,95,1,11.76,0,0,1,4.329,0.309,1.3376609,9922,3745,0,-
18:07:46.361,snap,default,com.ss.android.ugc.aweme.mobile,discharging,1,33.3,40.4,100,95,1,11.76,0,0,0,4.329,0.305,1.320345,9922,3745,0,-
18:07:47.361,snap,default,com.ss.android.ugc.aweme.mobile,discharging,1,33.3,40.4,100,95,1,11.8,0,0,0,4.329,0.333,1.441557,9821,3527,0,-
18:07:48.361,snap,default,com.ss.android.ugc.aweme.mobile,discharging,1,33.3,40.4,100,95,1,11.8,0,0,0,4.329,0.298,1.290042,9821,3527,0,-
18:07:49.361,snap,default,com.ss.android.ugc.aweme.mobile,discharging,1,33.3,40,100,95,1,11.84,0,0,0,4.322,0.409,1.767698,10207,3468,0,-
18:07:50.362,snap,default,com.ss.android.ugc.aweme.mobile,discharging,1,33.3,40,100,95,1,11.84,0,0,1,4.326,0.521,2.2538462,10207,3468,0,-
18:07:51.362,snap,default,com.ss.android.ugc.aweme.mobile,discharging,1,33.3,40,100,95,1,12.05,0,0,1,4.328,0.298,1.289744,10207,3468,0,-
18:07:52.366,snap,default,com.ss.android.ugc.aweme.mobile,discharging,1,33.3,40.4,100,95,1,12.05,0,0,1,4.33,0.309,1.3379699,9754,3463,0,-
18:07:53.364,snap,default,com.ss.android.ugc.aweme.mobile,discharging,1,33.3,40.4,100,95,1,12.22,0,0,1,4.328,0.302,1.307056,9754,3463,0,-
18:07:54.364,snap,default,com.ss.android.ugc.aweme.mobile,discharging,1,33.3,40.4,100,95,1,12.22,0,0,1,4.329,0.311,1.346319,9942,3485,0,-
18:07:55.365,snap,default,com.ss.android.ugc.aweme.mobile,discharging,1,33.3,40,100,95,1,12.36,0,0,1,4.33,0.298,1.2903401,9942,3485,0,-
18:07:56.364,snap,default,com.ss.android.ugc.aweme.mobile,discharging,1,33.3,40,100,95,1,12.36,0,0,1,4.329,0.295,1.2770549,9734,3150,0,-
18:07:57.364,snap,default,com.ss.android.ugc.aweme.mobile,discharging,1,33.3,40,100,95,1,12.47,0,0,1,4.329,0.302,1.3073579,9734,3150,0,-
18:07:58.367,snap,default,com.ss.android.ugc.aweme.mobile,discharging,1,33.3,40.4,100,95,1,12.47,0,0,1,4.329,0.296,1.281384,10121,3491,0,-
18:07:59.365,snap,default,com.ss.android.ugc.aweme.mobile,discharging,1,33.3,40.4,100,95,1,12.57,0,0,1,4.329,0.301,1.303029,10121,3491,0,-
18:08:00.365,snap,default,com.ss.android.ugc.aweme.mobile,discharging,1,33.3,40.8,100,95,1,12.57,0,0,1,4.323,0.33,1.4265901,10221,3546,0,-
18:08:01.367,snap,default,com.ss.android.ugc.aweme.mobile,discharging,1,33.3,40.8,100,95,1,12.46,0,0,1,4.328,0.326,1.410928,10221,3546,0,-
18:08:02.366,snap,default,com.ss.android.ugc.aweme.mobile,discharging,1,33.3,40,100,95,1,12.46,0,0,1,4.329,0.34,1.47186,10189,3621,0,-
18:08:03.365,snap,default,com.ss.android.ugc.aweme.mobile,discharging,1,33.3,40,100,95,1,12.56,0,0,1,4.329,0.308,1.333332,10189,3621,0,-
18:08:04.369,snap,default,com.ss.android.ugc.aweme.mobile,discharging,1,33.3,40.4,100,95,1,12.56,0,0,1,4.33,0.306,1.3249799,10160,3566,0,-
18:08:05.367,snap,default,com.ss.android.ugc.aweme.mobile,discharging,1,33.3,40.4,100,95,1,12.64,0,0,1,4.33,0.304,1.31632,10160,3566,0,-
18:08:06.365,snap,default,com.ss.android.ugc.aweme.mobile,discharging,1,33.3,40.4,100,95,1,12.52,0,0,1,4.328,0.296,1.281088,9664,3381,0,-
18:08:07.366,snap,default,com.ss.android.ugc.aweme.mobile,discharging,1,33.3,40.4,100,95,1,12.52,0,0,1,4.329,0.279,1.2077911,9664,3381,0,-
18:08:08.366,snap,default,com.ss.android.ugc.aweme.mobile,discharging,1,33.3,40.4,100,95,1,12.43,0,0,0,4.329,0.287,1.242423,9496,3133,0,-
18:08:09.366,snap,default,com.ss.android.ugc.aweme.mobile,discharging,1,33.4,40.4,100,95,1,12.43,0,0,0,4.33,0.288,1.2470399,9496,3133,0,-
18:08:10.375,snap,default,com.ss.android.ugc.aweme.mobile,discharging,1,33.4,40.4,100,95,1,12.35,0,0,1,4.328,0.287,1.242136,9433,3029,0,-
18:08:11.370,snap,default,com.ss.android.ugc.aweme.mobile,discharging,1,33.4,40,100,95,1,12.35,0,0,1,4.329,0.28,1.21212,9433,3029,0,-
18:08:12.369,snap,default,com.ss.android.ugc.aweme.mobile,discharging,1,33.4,40.4,100,95,1,12.28,0,0,4,4.322,0.294,1.270668,12295,5316,0,-
18:08:13.370,snap,default,com.ss.android.ugc.aweme.mobile,discharging,1,33.4,40,100,95,1,12.28,0,0,4,4.325,0.436,1.8856999,12295,5316,0,-
18:08:14.371,snap,default,com.ss.android.ugc.aweme.mobile,discharging,1,33.4,40,100,95,1,11.69,0,0,3,4.328,0.359,1.5537521,12137,5262,0,-
18:08:15.372,snap,default,com.ss.android.ugc.aweme.mobile,discharging,1,33.4,40,100,95,1,11.69,0,0,0,4.329,0.286,1.2380941,12137,5262,0,-
18:08:16.372,snap,default,com.ss.android.ugc.aweme.mobile,discharging,1,33.4,39.6,100,95,1,11.38,0,0,0,4.329,0.284,1.229436,8644,3275,0,-
18:08:17.371,snap,default,com.ss.android.ugc.aweme.mobile,discharging,1,33.4,39.6,100,95,1,11.38,0,0,0,4.328,0.268,1.159904,8644,3275,0,-
18:08:18.371,snap,default,com.ss.android.ugc.aweme.mobile,discharging,1,33.4,39.6,100,95,1,11.31,0,0,1,4.328,0.282,1.220496,8644,3275,0,-
18:08:19.371,snap,default,com.ss.android.ugc.aweme.mobile,discharging,1,33.4,40.4,100,95,1,11.31,0,0,1,4.329,0.529,2.290041,13326,5470,0,-
18:08:20.374,snap,default,com.ss.android.ugc.aweme.mobile,discharging,1,33.4,40.4,100,95,1,10.53,0,0,0,4.324,0.322,1.3923279,13326,5470,0,-
18:08:21.372,snap,default,com.ss.android.ugc.aweme.mobile,discharging,1,33.4,40.4,100,95,1,10.53,0,0,9,4.324,0.308,1.331792,7732,3364,0,-
18:08:22.374,snap,default,com.ss.android.ugc.aweme.mobile,discharging,1,33.4,39.6,100,95,1,10.07,0,0,0,4.328,0.415,1.79612,7732,3364,0,-
18:08:23.374,snap,default,com.ss.android.ugc.aweme.mobile,discharging,1,33.4,40.8,100,95,1,10.07,0,0,0,4.331,0.26,1.1260599,10431,4761,0,-
18:08:24.375,snap,default,com.ss.android.ugc.aweme.mobile,discharging,1,33.4,39.6,100,95,1,9.51,0,0,8,4.326,0.279,1.2069541,10431,4761,0,-
18:08:25.374,snap,default,com.ss.android.ugc.aweme.mobile,discharging,1,33.4,40.8,100,95,1,9.51,0,0,0,4.327,0.331,1.432237,10736,4198,0,-
18:08:26.378,snap,default,com.ss.android.ugc.aweme.mobile,discharging,1,33.4,42.8,100,95,1,9.24,0,0,7,4.32,0.443,1.9137601,10736,4198,0,-
18:08:27.375,snap,default,com.ss.android.ugc.aweme.mobile,discharging,1,33.4,42.8,100,95,1,9.24,0,0,7,4.301,0.685,2.946185,19217,10402,0,-
18:08:28.375,snap,default,com.ss.android.ugc.aweme.mobile,discharging,1,33.4,45.5,100,95,1,11.01,0,0,0,4.322,1.17,5.05674,19217,10402,0,-
18:08:29.378,snap,default,com.ss.android.ugc.aweme.mobile,discharging,1,33.4,47.1,100,95,1,11.01,0,0,5,4.302,0.602,2.589804,22894,12750,0,-
18:08:30.376,snap,default,com.ss.android.ugc.aweme.mobile,discharging,1,33.4,50.1,100,95,1,14.26,0.18,0.18,11,4.321,1.135,4.904335,22894,12750,0,-
18:08:31.376,snap,default,com.ss.android.ugc.aweme.mobile,discharging,1,33.4,53.1,100,95,1,14.26,0.18,0.18,12,4.306,1.009,4.344754,25538,14181,0,-
18:08:32.376,snap,default,com.ss.android.ugc.aweme.mobile,discharging,1,33.4,53.1,100,95,1,16.21,0.69,0.51,4,4.299,1.155,4.9653444,25538,14181,0,-
18:08:33.385,snap,default,com.ss.android.ugc.aweme.mobile,discharging,1,33.4,53.1,100,95,1,16.21,0.69,0.51,26,4.299,2.048,8.804352,36334,14695,0,-
18:08:34.385,snap,default,com.ss.android.ugc.aweme.mobile,discharging,1,33.4,55.5,100,95,1,24.87,1.65,1.14,37,4.282,1.674,7.1680684,36334,14695,0,-
18:08:35.386,snap,default,com.ss.android.ugc.aweme.mobile,discharging,1,33.4,55.5,100,95,1,24.87,1.65,1.14,4,4.29,1.906,8.17674,37004,12584,0,-
18:08:36.385,snap,default,com.ss.android.ugc.aweme.mobile,discharging,1,33.4,57,100,95,1,31.05,1.71,2.02,6,4.274,1.754,7.496596,37004,12584,0,-
18:08:37.385,snap,default,com.ss.android.ugc.aweme.mobile,discharging,1,33.4,60,100,95,1,31.05,1.71,2.02,6,4.315,1.379,5.950385,33028,9629,0,-
18:08:38.385,snap,default,com.ss.android.ugc.aweme.mobile,discharging,1,33.4,60,100,95,1,37.2,2.13,2.74,12,4.283,1.185,5.0753546,33028,9629,0,-
18:08:39.386,snap,default,com.ss.android.ugc.aweme.mobile,discharging,1,33.5,60,100,95,1,37.2,2.13,2.74,27,4.274,2.144,9.163457,47412,12196,0,-
18:08:40.386,snap,default,com.ss.android.ugc.aweme.mobile,discharging,1,33.5,57,100,95,1,45.13,2.65,3.33,27,4.306,2.19,9.4301405,47412,12196,0,-
18:08:41.386,snap,default,com.miui.home,discharging,1,33.5,56.3,100,95,1,45.13,2.65,3.33,0,4.314,0.797,3.4382582,28400,7161,0,-
18:08:42.386,snap,default,com.miui.home,discharging,1,33.5,55.9,100,95,1,51.09,2.53,3.27,2,4.314,0.598,2.579772,28400,7161,0,-
18:08:43.387,snap,default,com.miui.home,discharging,1,33.5,52.9,100,95,1,51.09,2.53,3.27,2,4.317,0.72,3.1082401,15512,3598,0,-
18:08:44.386,snap,default,com.miui.home,discharging,1,33.5,50.7,100,95,1,55.42,2.61,3.94,0,4.319,0.529,2.2847507,15512,3598,0,-
18:08:45.386,snap,default,com.miui.home,discharging,1,33.6,50.7,100,95,1,55.42,2.61,3.94,0,4.293,0.64,2.74752,15512,3598,0,-
18:08:46.390,snap,default,com.miui.home,discharging,1,33.6,50.7,100,95,1,58.42,2.5,5.04,2,4.272,1.976,8.441471,41048,9745,0,-
18:08:47.387,snap,default,com.tencent.mm,discharging,1,33.6,50.7,100,95,1,58.42,2.5,5.04,5,4.276,2.359,10.087084,41048,9745,0,-
18:08:48.388,snap,default,com.tencent.mm,discharging,1,33.6,50.7,100,95,1,58.71,2.95,4.85,3,4.27,2.262,9.65874,51549,20725,0,-
18:08:49.387,snap,default,com.tencent.mm,discharging,1,33.7,50.7,100,95,1,58.71,2.95,4.85,4,4.276,2.356,10.074256,51549,20725,0,-
18:08:50.388,snap,default,com.tencent.mm,discharging,1,33.7,50.7,100,95,1,54.41,3.14,3.97,3,4.278,2.147,9.184866,60283,35114,0,-
18:08:51.387,snap,default,com.tencent.mm,discharging,1,33.7,50.7,100,95,1,54.41,3.14,3.97,3,4.279,2.008,8.592231,60283,35114,0,-
18:08:52.388,snap,default,com.tencent.mm,discharging,1,33.7,50.7,100,95,1,49.81,4.02,3.25,3,4.296,1.712,7.354752,50196,27250,0,-
18:08:53.388,snap,default,com.tencent.mm,discharging,1,33.7,50.7,100,95,1,49.81,4.02,3.25,0,4.295,1.116,4.7932205,50196,27250,0,-
18:08:54.389,snap,default,com.tencent.mm,discharging,1,33.7,50.7,100,95,1,47.12,4.38,2.66,7,4.284,1.308,5.6034718,51975,27779,0,-
18:08:55.390,snap,default,com.tencent.mm,discharging,1,33.7,50.7,100,95,1,47.12,4.38,2.66,19,4.277,1.946,8.323042,51975,27779,0,-
18:08:56.389,snap,default,com.tencent.mm,discharging,1,33.7,50.7,100,95,1,44.93,5.03,2.18,19,4.293,1.879,8.066547,61348,34125,0,-
18:08:57.392,snap,default,com.tencent.mm,discharging,1,33.7,50.7,100,95,1,44.93,5.03,2.18,27,4.287,1.451,6.220437,61348,34125,0,-
18:08:58.390,snap,default,com.tencent.mm,discharging,1,33.7,50.7,100,95,1,42.58,5.39,1.78,32,4.289,1.473,6.317697,57025,31366,0,-
18:08:59.390,snap,default,com.tencent.mm,discharging,1,33.9,50.7,100,95,1,42.58,5.39,1.78,32,4.291,1.627,6.9814568,57025,31366,0,-
18:09:00.391,snap,default,com.tencent.mm,discharging,1,33.9,50.7,100,95,1,39.58,7.13,1.46,31,4.292,1.252,5.373584,57692,30419,0,-
18:09:01.391,snap,default,com.tencent.mm,discharging,1,33.9,50.7,100,95,1,39.58,7.13,1.46,25,4.287,1.498,6.4219265,57692,30419,0,-
18:09:02.391,snap,default,com.tencent.mm,discharging,1,33.9,50.7,100,95,1,39.11,7.83,2.46,38,4.278,1.499,6.4127216,58186,31615,0,-
18:09:03.391,snap,default,com.tencent.mm,discharging,1,33.9,50.7,100,95,1,39.11,7.83,2.46,38,4.291,2.056,8.822296,58186,31615,0,-
18:09:04.392,snap,default,com.tencent.mm,discharging,1,33.9,50.7,100,95,1,38.36,8.4,2.2,25,4.284,1.554,6.6573358,63331,35690,0,-
18:09:05.391,snap,default,com.tencent.mm,discharging,1,33.9,50.7,100,95,1,38.36,8.4,2.2,24,4.277,1.773,7.583121,63331,35690,0,-
18:09:06.392,snap,default,com.tencent.mm,discharging,1,33.9,50.7,100,95,1,38.48,7.97,2.16,26,4.277,1.896,8.109192,60896,37250,0,-
18:09:07.405,snap,default,com.tencent.mm,discharging,1,34.1,50.7,100,95,1,38.48,7.97,2.16,27,4.296,1.753,7.530888,60896,37250,0,-
18:09:08.392,snap,default,com.tencent.mm,discharging,1,34.1,50.7,100,95,1,38.03,7.79,1.95,27,4.286,1.531,6.561866,56862,30700,0,-
18:09:09.395,snap,default,com.tencent.mm,discharging,1,34.1,50.7,100,95,1,38.03,7.79,1.95,11,4.296,1.44,6.18624,56862,30700,0,-
18:09:10.392,snap,default,com.tencent.mm,discharging,1,34.1,50.7,100,95,1,36.03,7.83,1.77,11,4.295,1.208,5.1883597,56862,30700,0,-
18:09:11.393,snap,default,com.tencent.mm,discharging,1,34.1,50.7,100,95,1,36.03,7.83,1.77,6,4.302,1.232,5.300064,44601,21122,0,-
18:09:12.398,snap,default,com.tencent.mm,discharging,1,34.2,50.7,100,95,1,32.76,8.04,1.45,10,4.297,1.101,4.7309966,44601,21122,0,-
18:09:13.393,snap,default,com.tencent.mm,discharging,1,34.2,50.7,100,95,1,32.76,8.04,1.45,12,4.294,1.115,4.7878103,42382,19733,0,-
18:09:14.394,snap,default,com.tencent.mm,discharging,1,34.2,53.7,100,95,1,31.54,7.85,1.19,12,4.294,1.136,4.8779845,42382,19733,0,-
18:09:15.393,snap,default,com.tencent.mm,discharging,1,34.2,56.7,100,95,1,31.54,7.85,1.19,14,4.298,1.154,4.959892,45932,25185,0,-
18:09:16.393,snap,default,com.tencent.mm,discharging,1,34.2,59.7,100,95,1,32.53,7.51,0.97,18,4.291,1.154,4.951814,45932,25185,0,-
18:09:17.394,snap,default,com.tencent.mm,discharging,1,34.2,61.4,100,95,1,32.53,7.51,0.97,18,4.292,1.309,5.618228,43167,23203,0,-
18:09:18.393,snap,default,com.tencent.mm,discharging,1,34.2,60.6,100,95,1,32.43,7.24,0.79,16,4.298,1.29,5.54442,43167,23203,0,-
18:09:19.393,snap,default,com.tencent.mm,discharging,1,34.4,60.6,100,95,1,32.43,7.24,0.79,16,4.301,1.046,4.498846,42561,22391,0,-
18:09:20.394,snap,default,com.tencent.mm,discharging,1,34.4,60.6,100,95,1,31.81,7.38,0.65,23,4.293,1.057,4.5377016,42561,22391,0,-
18:09:21.394,snap,default,com.tencent.mm,discharging,1,34.4,60.2,100,95,1,31.81,7.38,0.65,0,4.302,1.246,5.3602924,42328,23289,0,-
18:09:22.394,snap,default,com.tencent.mm,discharging,1,34.4,60.6,100,95,1,30.03,7.49,0.53,0,4.294,0.929,3.9891262,42328,23289,0,-
18:09:23.394,snap,default,com.tencent.mm,discharging,1,34.4,59.4,100,95,1,30.03,7.49,0.53,16,4.298,1.162,4.9942756,36147,21159,0,-
18:09:24.394,snap,default,com.tencent.mm,discharging,1,34.4,59.4,100,95,1,28.39,6.67,0.43,16,4.305,1.011,4.352355,36147,21159,0,-
18:09:25.394,snap,default,com.tencent.mm,discharging,1,34.4,59.4,100,95,1,28.39,6.67,0.43,10,4.297,0.919,3.9489431,32757,19677,0,-
18:09:26.395,snap,default,com.tencent.mm,discharging,1,34.4,59.8,100,95,1,27.96,5.83,0.35,10,4.298,1.062,4.564476,32757,19677,0,-
18:09:27.396,snap,default,com.tencent.mm,discharging,1,34.4,59.8,100,95,1,27.96,5.83,0.35,4,4.294,0.966,4.148004,36587,23762,0,-
18:09:28.395,snap,default,com.tencent.mm,discharging,1,34.4,59.8,100,95,1,28.15,4.95,0.29,4,4.303,1.089,4.685967,36587,23762,0,-
18:09:29.395,snap,default,com.tencent.mm,discharging,1,34.5,60.6,100,95,1,28.15,4.95,0.29,3,4.299,1.087,4.6730127,33083,21062,0,-
18:09:30.396,snap,default,com.tencent.mm,discharging,1,34.5,60.6,100,95,1,29.57,4.42,0.42,4,4.295,1.221,5.244195,33083,21062,0,-
18:09:31.396,snap,default,com.tencent.mm,discharging,1,34.5,60.6,100,95,1,29.57,4.42,0.42,2,4.295,1.331,5.716645,39979,24095,0,-
18:09:32.396,snap,default,com.tencent.mm,discharging,1,34.5,60.2,100,95,1,29.1,4.52,0.34,2,4.305,1.11,4.7785497,39979,24095,0,-
18:09:33.395,snap,default,com.tencent.mm,discharging,1,34.5,57.2,100,95,1,29.1,4.52,0.34,11,4.3,0.842,3.6206002,28759,16613,0,-
18:09:34.398,snap,default,com.tencent.mm,discharging,1,34.5,56.6,100,95,1,28.18,4.06,0.28,11,4.29,0.895,3.8395498,28759,16613,0,-
18:09:35.400,snap,default,com.tencent.mm,discharging,1,34.5,57.8,100,95,1,28.18,4.06,0.28,0,4.303,1.215,5.228145,30476,18071,0,-
18:09:36.396,snap,default,com.tencent.mm,discharging,1,34.5,58.2,100,95,1,28.18,4.06,0.28,0,4.303,1.215,5.228145,30476,18071,0,-
18:09:37.396,snap,default,com.tencent.mm,discharging,1,34.5,57.8,100,95,1,25.97,3.69,0.23,22,4.296,0.872,3.7461119,30476,18071,0,-
18:09:38.398,snap,default,com.tencent.mm,discharging,1,34.5,58.2,100,95,1,25.97,3.69,0.23,22,4.301,1.074,4.619274,30438,19314,0,-
18:09:39.397,snap,default,com.tencent.mm,discharging,1,34.7,57.8,100,95,1,24.89,3.2,0.18,0,4.301,0.979,4.210679,30438,19314,0,-
18:09:40.397,snap,default,com.tencent.mm,discharging,1,34.7,57.4,100,95,1,24.89,3.2,0.18,22,4.301,0.966,4.154766,28311,17413,0,-
18:09:41.400,snap,default,com.tencent.mm,discharging,1,34.7,57.4,100,95,1,23.46,2.8,0.15,22,4.304,1.027,4.4202075,28311,17413,0,-
18:09:42.397,snap,default,com.tencent.mm,discharging,1,34.7,57.8,100,95,1,23.46,2.8,0.15,0,4.306,0.839,3.612734,26659,15697,0,-
18:09:43.397,snap,default,com.tencent.mm,discharging,1,34.7,57.8,100,95,1,23.92,2.65,0.12,22,4.294,0.867,3.722898,26659,15697,0,-
18:09:44.397,snap,default,com.tencent.mm,discharging,1,34.7,57.8,100,95,1,23.92,2.65,0.12,21,4.3,1.133,4.8719,35767,23103,0,-
18:09:45.398,snap,default,com.tencent.mm,discharging,1,34.7,58.6,100,95,1,24.84,2.53,0.1,16,4.296,1.02,4.38192,35767,23103,0,-
18:09:46.401,snap,default,com.tencent.mm,discharging,1,34.7,59.8,100,95,1,24.84,2.53,0.1,16,4.301,1.087,4.675187,27320,14750,0,-
18:09:47.404,snap,default,com.tencent.mm,discharging,1,34.7,60.2,100,95,1,22.69,2.44,0.08,3,4.3,0.838,3.6034002,27320,14750,0,-
18:09:48.401,snap,default,com.tencent.mm,discharging,1,34.7,60.2,100,95,1,22.69,2.44,0.08,3,4.305,1.045,4.4987245,35195,20750,0,-
18:09:49.402,snap,default,com.tencent.mm,discharging,1,34.8,57.2,100,95,1,24.92,2.18,0.06,22,4.303,1.061,4.565483,35195,20750,0,-
18:09:50.404,snap,default,com.tencent.mm,discharging,1,34.8,54.2,100,95,1,24.92,2.18,0.06,30,4.314,0.96,4.14144,20254,11099,0,-
18:09:51.404,snap,default,com.tencent.mm,discharging,1,34.8,51.2,100,95,1,23.12,1.78,0.05,0,4.318,0.541,2.3360379,20254,11099,0,-
18:09:52.402,snap,default,com.tencent.mm,discharging,1,34.8,48.2,100,95,1,23.12,1.78,0.05,0,4.319,0.24,1.0365599,10045,2452,0,-
18:09:53.402,snap,default,com.tencent.mm,discharging,1,34.8,47.5,100,95,1,21.47,1.64,0.04,0,4.315,0.246,1.06149,10045,2452,0,-
18:09:54.402,snap,default,com.tencent.mm,discharging,1,34.8,50.3,100,95,1,21.47,1.64,0.04,16,4.307,0.386,1.662502,31829,19236,0,-
18:09:55.404,snap,default,com.tencent.mm,discharging,1,34.9,53.3,100,95,1,21.93,1.52,0.03,19,4.299,0.671,2.8846288,31829,19236,0,-
18:09:56.403,snap,default,com.tencent.mm,discharging,1,34.9,55.9,100,95,1,21.93,1.52,0.03,15,4.312,1.047,4.514664,29541,17106,0,-
18:09:57.402,snap,default,com.tencent.mm,discharging,1,34.9,52.9,100,95,1,21.58,1.24,0.03,15,4.314,0.799,3.4468863,29541,17106,0,-
18:09:58.405,snap,default,com.tencent.mm,discharging,1,34.9,49.9,100,95,1,21.58,1.24,0.03,5,4.314,0.634,2.7350762,17306,8518,0,-
18:09:59.403,snap,default,com.tencent.mm,discharging,1,34.9,47.5,100,95,1,19.84,1.2,0.02,5,4.317,0.608,2.6247358,17306,8518,0,-
18:10:00.403,snap,default,com.tencent.mm,discharging,1,34.9,47.5,100,95,1,19.84,1.2,0.02,6,4.314,0.316,1.3632241,23236,12417,0,-
18:10:01.416,snap,default,com.tencent.mm,discharging,1,34.9,50.5,100,95,1,19.51,0.98,0.01,18,4.308,0.433,1.8653641,23236,12417,0,-
18:10:02.403,snap,default,com.tencent.mm,discharging,1,34.9,53.5,100,95,1,19.51,0.98,0.01,28,4.298,0.885,3.8037298,23236,12417,0,-
18:10:03.405,snap,default,com.tencent.mm,discharging,1,34.9,53.9,100,95,1,23.4,1.35,0.37,19,4.313,1.194,5.149722,35336,18259,0,-
18:10:04.405,snap,default,com.ss.android.ugc.aweme.mobile,discharging,1,34.9,51.9,100,95,1,23.4,1.35,0.37,1,4.313,0.454,1.9581021,35336,18259,0,-
18:10:05.405,snap,default,com.ss.android.ugc.aweme.mobile,discharging,1,34.9,48.9,100,95,1,20.43,1.1,0.3,7,4.317,0.439,1.895163,12456,4856,0,-
18:10:06.405,snap,default,com.ss.android.ugc.aweme.mobile,discharging,1,34.9,45.9,100,95,1,20.43,1.1,0.3,0,4.319,0.296,1.2784239,12456,4856,0,-
18:10:07.405,snap,default,com.ss.android.ugc.aweme.mobile,discharging,1,34.9,45.5,100,95,1,17.81,0.9,0.25,0,4.32,0.241,1.04112,6250,1920,0,-
18:10:08.406,snap,default,com.ss.android.ugc.aweme.mobile,discharging,1,35,45.5,100,95,1,17.81,0.9,0.25,3,4.317,0.323,1.3943911,6250,1920,0,-
18:10:09.406,snap,default,com.ss.android.ugc.aweme.mobile,discharging,1,35,45.5,100,95,1,16.03,0.74,0.2,3,4.317,0.323,1.3943911,8390,2784,0,-
18:10:10.406,snap,default,com.ss.android.ugc.aweme.mobile,discharging,1,35,45.5,100,95,1,16.03,0.74,0.2,3,4.318,0.405,1.7487899,8390,2784,0,-
18:10:11.406,snap,default,com.ss.android.ugc.aweme.mobile,discharging,1,35,45.1,100,95,1,14.76,0.6,0.16,3,4.316,0.406,1.752296,13589,5410,0,-
18:10:12.406,snap,default,com.ss.android.ugc.aweme.mobile,discharging,1,35,45.1,100,95,1,14.76,0.6,0.16,4,4.319,0.411,1.7751089,13589,5410,0,-
18:10:13.407,snap,default,com.ss.android.ugc.aweme.mobile,discharging,1,35,45.1,100,95,1,13.53,0.49,0.13,7,4.317,0.411,1.774287,12853,5040,0,-
18:10:14.406,snap,default,com.ss.android.ugc.aweme.mobile,discharging,1,35,45.1,100,95,1,13.53,0.49,0.13,3,4.318,0.346,1.4940279,12853,5040,0,-
18:10:15.406,snap,default,com.ss.android.ugc.aweme.mobile,discharging,1,35,44.8,100,95,1,12.35,0.4,0.11,3,4.318,0.395,1.70561,10860,3971,0,-
18:10:16.406,snap,default,com.ss.android.ugc.aweme.mobile,discharging,1,35,44.8,100,95,1,12.35,0.4,0.11,3,4.32,0.378,1.6329601,10860,3971,0,-
18:10:17.407,snap,default,com.ss.android.ugc.aweme.mobile,discharging,1,35,44.4,100,95,1,11.38,0.51,0.09,3,4.315,0.359,1.549085,11312,4211,0,-
18:10:18.407,snap,default,com.ss.android.ugc.aweme.mobile,discharging,1,35,44.4,100,95,1,11.38,0.51,0.09,3,4.319,0.356,1.5375639,11312,4211,0,-
18:10:19.408,snap,default,com.ss.android.ugc.aweme.mobile,discharging,1,35,44.4,100,95,1,10.77,0.42,0.07,3,4.317,0.368,1.588656,11562,4292,0,-
18:10:20.408,snap,default,com.ss.android.ugc.aweme.mobile,discharging,1,35,43.2,100,95,1,10.77,0.42,0.07,3,4.319,0.386,1.6671339,11562,4292,0,-
18:10:21.407,snap,default,com.ss.android.ugc.aweme.mobile,discharging,1,35,44.4,100,95,1,10.26,0.34,0.06,4,4.32,0.394,1.70208,13465,5558,0,-
18:10:22.408,snap,default,com.ss.android.ugc.aweme.mobile,discharging,1,35,44,100,95,1,10.26,0.34,0.06,6,4.313,0.496,2.1392481,13465,5558,0,-
18:10:23.408,snap,default,com.ss.android.ugc.aweme.mobile,discharging,1,35,45.5,100,95,1,10.4,0.46,0.05,6,4.318,0.502,2.167636,16183,7582,0,-
18:10:24.408,snap,default,com.ss.android.ugc.aweme.mobile,discharging,1,35,45.5,100,95,1,10.4,0.46,0.05,8,4.312,0.509,2.194808,16183,7582,0,-
18:10:25.408,snap,default,com.ss.android.ugc.aweme.mobile,discharging,1,35,45.9,100,95,1,10.14,0.37,0.04,3,4.312,0.435,1.8757199,14866,6440,0,-
18:10:26.410,snap,default,com.ss.android.ugc.aweme.mobile,discharging,1,35,45.9,100,95,1,10.14,0.37,0.04,3,4.306,0.671,2.889326,14866,6440,0,-
18:10:27.409,snap,default,com.ss.android.ugc.aweme.mobile,discharging,1,35,45.9,100,95,1,10.3,0.49,0.03,3,4.32,0.339,1.46448,9466,3736,0,-
18:10:28.409,snap,default,com.ss.android.ugc.aweme.mobile,discharging,1,35,45.9,100,95,1,10.3,0.49,0.03,0,4.314,0.412,1.7773681,9466,3736,0,-
18:10:29.409,snap,default,com.ss.android.ugc.aweme.mobile,discharging,1,35,47.5,100,95,1,9.7,0.58,0.02,8,4.304,0.617,2.655568,9466,3736,0,-
18:10:30.410,snap,default,com.ss.android.ugc.aweme.mobile,discharging,1,35,48.3,100,95,1,9.7,0.58,0.02,8,4.297,0.927,3.9833188,14559,7594,0,-
18:10:31.410,snap,default,com.ss.android.ugc.aweme.mobile,discharging,1,35,49.5,100,95,1,11.2,0.84,0.2,9,4.312,0.772,3.3288639,14559,7594,0,-
18:10:32.411,snap,default,com.ss.android.ugc.aweme.mobile,discharging,1,35,48.3,100,95,1,11.2,0.84,0.2,5,4.307,0.666,2.868462,20863,11184,0,-
18:10:33.410,snap,default,com.ss.android.ugc.aweme.mobile,discharging,1,35,45.9,100,95,1,10.62,0.68,0.16,7,4.316,0.354,1.527864,20863,11184,0,-
18:10:34.412,snap,default,com.ss.android.ugc.aweme.mobile,discharging,1,35,44.8,100,95,1,10.62,0.68,0.16,3,4.319,0.304,1.3129759,8207,2883,0,-
18:10:35.412,snap,default,com.ss.android.ugc.aweme.mobile,discharging,1,35,44.4,100,95,1,9.96,0.56,0.13,3,4.321,0.257,1.110497,8207,2883,0,-
18:10:36.413,snap,default,com.ss.android.ugc.aweme.mobile,discharging,1,35,43.2,100,95,1,9.96,0.56,0.13,0,4.318,0.267,1.152906,7196,2112,0,-
18:10:37.423,snap,default,com.ss.android.ugc.aweme.mobile,discharging,1,35,43.2,100,95,1,9.43,0.46,0.11,3,4.32,0.278,1.20096,7196,2112,0,-
18:10:38.415,snap,default,com.ss.android.ugc.aweme.mobile,discharging,1,35,42.8,100,95,1,9.43,0.46,0.11,3,4.318,0.327,1.4119859,8071,2906,0,-
18:10:39.414,snap,default,com.ss.android.ugc.aweme.mobile,discharging,1,35,43.2,100,95,1,9.17,0.37,0.09,3,4.318,0.332,1.4335759,8071,2906,0,-
18:10:40.415,snap,default,com.ss.android.ugc.aweme.mobile,discharging,1,35,42.8,100,95,1,9.17,0.37,0.09,0,4.319,0.273,1.1790869,7392,2497,0,-
18:10:41.413,snap,default,com.ss.android.ugc.aweme.mobile,discharging,1,35,43.2,100,95,1,8.95,0.3,0.07,0,4.321,0.279,1.2055591,7392,2497,0,-
18:10:42.414,snap,default,com.ss.android.ugc.aweme.mobile,discharging,1,35,42.8,100,95,1,8.95,0.3,0.07,3,4.319,0.3,1.2957,7565,2650,0,-
18:10:43.419,snap,default,com.ss.android.ugc.aweme.mobile,discharging,1,35,42.8,100,95,1,8.78,0.25,0.06,3,4.32,0.353,1.52496,7565,2650,0,-
18:10:44.421,snap,default,com.ss.android.ugc.aweme.mobile,discharging,1,35,42.4,100,95,1,8.78,0.25,0.06,3,4.32,0.3,1.2960001,7792,2694,0,-
18:10:45.422,snap,default,com.ss.android.ugc.aweme.mobile,discharging,1,35,42.4,100,95,1,8.46,0.2,0.04,0,4.322,0.222,0.95948404,7792,2694,0,-
18:10:46.422,snap,default,com.ss.android.ugc.aweme.mobile,discharging,1,35,42.4,100,95,1,8.46,0.2,0.04,0,4.321,0.226,0.976546,6218,1548,0,-
18:10:47.419,snap,default,com.ss.android.ugc.aweme.mobile,discharging,1,35,43.2,100,95,1,8.01,0.16,0.04,3,4.318,0.312,1.347216,6218,1548,0,-
18:10:48.421,snap,default,com.ss.android.ugc.aweme.mobile,discharging,1,35,44.8,100,95,1,8.01,0.16,0.04,3,4.315,0.41,1.76915,11725,4976,0,-
18:10:49.420,snap,default,com.ss.android.ugc.aweme.mobile,discharging,1,35,44.8,100,95,1,8.01,0.13,0.03,11,4.318,0.552,2.3835359,11725,4976,0,-
18:10:50.423,snap,default,com.ss.android.ugc.aweme.mobile,discharging,1,35,44,100,95,1,8.01,0.13,0.03,4,4.32,0.302,1.3046399,8039,3165,0,-
18:10:51.422,snap,default,com.ss.android.ugc.aweme.mobile,discharging,1,35,42.8,100,95,1,7.82,0.11,0.02,3,4.319,0.319,1.377761,8039,3165,0,-
18:10:52.421,snap,default,com.ss.android.ugc.aweme.mobile,discharging,1,35,42.8,100,95,1,7.82,0.11,0.02,4,4.318,0.382,1.6494759,8868,3554,0,-
18:10:53.421,snap,default,com.ss.android.ugc.aweme.mobile,discharging,1,35,42.8,100,95,1,7.67,0.09,0.02,5,4.318,0.382,1.6494759,8868,3554,0,-
18:10:54.422,snap,default,com.ss.android.ugc.aweme.mobile,discharging,1,35,44,100,95,1,7.67,0.09,0.02,5,4.318,0.393,1.6969739,8868,3554,0,-
18:10:55.423,snap,default,com.ss.android.ugc.aweme.mobile,discharging,1,35,42.8,100,95,1,7.55,0.07,0.01,4,4.313,0.461,1.988293,10561,4702,0,-
18:10:56.422,snap,default,com.ss.android.ugc.aweme.mobile,discharging,1,35,42.8,100,95,1,7.55,0.07,0.01,0,4.321,0.324,1.400004,10561,4702,0,-
18:10:57.421,snap,default,com.ss.android.ugc.aweme.mobile,discharging,1,35,42,100,95,1,7.27,0.06,0.01,7,4.319,0.297,1.2827429,9955,3003,0,-
18:10:58.423,snap,default,com.ss.android.ugc.aweme.mobile,discharging,1,35,42.8,100,95,1,7.27,0.06,0.01,3,4.318,0.32,1.3817599,9955,3003,0,-
18:10:59.424,snap,default,com.ss.android.ugc.aweme.mobile,discharging,1,35,42,100,95,1,7.4,0.05,0.01,3,4.321,0.335,1.447535,9998,4232,0,-
18:11:00.424,snap,default,com.ss.android.ugc.aweme.mobile,discharging,1,35,43.2,100,95,1,7.4,0.05,0.01,0,4.322,0.236,1.019992,9998,4232,0,-
18:11:01.424,snap,default,com.ss.android.ugc.aweme.mobile,discharging,1,35,43.2,100,95,1,7.14,0.04,0,0,4.316,0.306,1.320696,8544,2875,0,-
18:11:02.425,snap,default,com.ss.android.ugc.aweme.mobile,discharging,1,35,43.2,100,95,1,7.14,0.04,0,5,4.317,0.487,2.1023788,8544,2875,0,-
18:11:03.424,snap,default,com.ss.android.ugc.aweme.mobile,discharging,1,35,43.2,100,95,1,7.66,0.03,0,8,4.319,0.466,2.0126538,16105,7020,0,-
18:11:04.426,snap,default,com.ss.android.ugc.aweme.mobile,discharging,1,35,43.2,100,95,1,7.66,0.03,0,5,4.318,0.404,1.744472,16105,7020,0,-
18:11:05.425,snap,default,com.ss.android.ugc.aweme.mobile,discharging,1,35,43.2,100,95,1,7.36,0.02,0,0,4.32,0.29,1.2528,10007,4031,0,-
18:11:06.425,snap,default,com.ss.android.ugc.aweme.mobile,discharging,1,35,41.6,100,95,1,7.36,0.02,0,0,4.323,0.239,1.0331969,10007,4031,0,-
18:11:07.426,snap,default,com.ss.android.ugc.aweme.mobile,discharging,1,35,41.6,100,95,1,7.29,0.02,0,2,4.321,0.271,1.1709911,7577,2277,0,-
18:11:08.426,snap,default,com.ss.android.ugc.aweme.mobile,discharging,1,35,41.6,100,95,1,7.29,0.02,0,3,4.319,0.285,1.230915,7577,2277,0,-
18:11:09.425,snap,default,com.ss.android.ugc.aweme.mobile,discharging,1,35,41.6,100,95,1,7.42,0.01,0,3,4.321,0.346,1.4950659,8877,2993,0,-
18:11:10.427,snap,default,com.ss.android.ugc.aweme.mobile,discharging,1,35,42,100,95,1,7.42,0.01,0,3,4.32,0.285,1.2312,8877,2993,0,-
18:11:11.426,snap,default,com.ss.android.ugc.aweme.mobile,discharging,1,35,42,100,95,1,7.34,0.01,0,4,4.322,0.291,1.257702,11188,3139,0,-
18:11:12.427,snap,default,com.ss.android.ugc.aweme.mobile,discharging,1,35,41.6,100,95,1,7.34,0.01,0,3,4.318,0.315,1.3601699,11188,3139,0,-
18:11:13.426,snap,default,com.ss.android.ugc.aweme.mobile,discharging,1,35,41.6,100,95,1,7.64,0.01,0,3,4.32,0.316,1.3651202,10132,3736,0,-
18:11:14.427,snap,default,com.ss.android.ugc.aweme.mobile,discharging,1,35,41.6,100,95,1,7.64,0.01,0,3,4.319,0.288,1.2438719,10132,3736,0,-
18:11:15.428,snap,default,com.ss.android.ugc.aweme.mobile,discharging,1,35,41.2,100,95,1,7.34,0,0,3,4.322,0.232,1.002704,6890,1835,0,-
18:11:16.428,snap,default,com.ss.android.ugc.aweme.mobile,discharging,1,35,41.2,100,95,1,7.34,0,0,0,4.322,0.221,0.955162,6890,1835,0,-
18:11:17.427,snap,default,com.ss.android.ugc.aweme.mobile,discharging,1,35,41.2,100,95,1,7.1,0,0,3,4.321,0.246,1.0629661,6954,2160,0,-
18:11:18.427,snap,default,com.ss.android.ugc.aweme.mobile,discharging,1,35,41.2,100,95,1,7.1,0,0,3,4.318,0.271,1.1701779,6954,2160,0,-
18:11:19.429,snap,default,com.ss.android.ugc.aweme.mobile,discharging,1,34.9,41.2,100,95,1,7.08,0,0,3,4.321,0.293,1.2660531,7333,2456,0,-
18:11:20.430,snap,default,com.ss.android.ugc.aweme.mobile,discharging,1,34.9,40.8,100,95,1,7.08,0,0,0,4.322,0.243,1.050246,7333,2456,0,-
18:11:21.428,snap,default,com.ss.android.ugc.aweme.mobile,discharging,1,34.9,41.2,100,95,1,7.06,0,0,0,4.322,0.241,1.041602,7333,2456,0,-
18:11:22.431,snap,default,com.ss.android.ugc.aweme.mobile,discharging,1,34.9,44.2,100,95,1,7.06,0,0,3,4.309,0.546,2.352714,9644,3591,0,-
18:11:23.428,snap,default,com.ss.android.ugc.aweme.mobile,discharging,1,34.9,47.2,100,95,1,8.5,0,0,21,4.303,0.801,3.446703,9644,3591,0,-
18:11:24.433,snap,default,com.ss.android.ugc.aweme.mobile,discharging,1,34.9,48.7,100,95,1,8.5,0,0,20,4.315,1.071,4.621365,30267,18223,0,-
18:11:25.431,snap,default,com.ss.android.ugc.aweme.mobile,discharging,1,34.9,45.7,100,95,1,11.31,0.18,0,0,4.318,0.272,1.174496,30267,18223,0,-
18:11:26.429,snap,default,com.ss.android.ugc.aweme.mobile,discharging,1,34.9,43.6,100,95,1,11.31,0.18,0,5,4.32,0.283,1.22256,7349,2510,0,-
18:11:27.431,snap,default,com.ss.android.ugc.aweme.mobile,discharging,1,34.9,43.2,100,95,1,10.89,0.15,0,2,4.319,0.303,1.3086569,7349,2510,0,-
18:11:28.430,snap,default,com.ss.android.ugc.aweme.mobile,discharging,1,34.9,42.4,100,95,1,10.89,0.15,0,2,4.319,0.288,1.2438719,8145,3124,0,-
18:11:29.431,snap,default,com.ss.android.ugc.aweme.mobile,discharging,1,34.9,41.6,100,95,1,10.36,0.12,0,2,4.321,0.29,1.25309,8145,3124,0,-
18:11:30.432,snap,default,com.ss.android.ugc.aweme.mobile,discharging,1,34.9,41.6,100,95,1,10.36,0.12,0,0,4.322,0.196,0.847112,6220,1635,0,-
18:11:31.430,snap,default,com.ss.android.ugc.aweme.mobile,discharging,1,34.9,41.6,100,95,1,9.57,0.1,0,0,4.322,0.206,0.890332,6220,1635,0,-
18:11:32.431,snap,default,com.ss.android.ugc.aweme.mobile,discharging,1,34.9,42,100,95,1,9.57,0.1,0,3,4.32,0.278,1.20096,6243,1816,0,-
18:11:33.431,snap,default,com.ss.android.ugc.aweme.mobile,discharging,1,34.9,42,100,95,1,9.29,0.08,0,2,4.319,0.301,1.3000189,6243,1816,0,-
18:11:34.432,snap,default,com.ss.android.ugc.aweme.mobile,discharging,1,34.9,41.6,100,95,1,9.29,0.08,0,2,4.319,0.296,1.2784239,7852,2625,0,-
18:11:35.431,snap,default,com.ss.android.ugc.aweme.mobile,discharging,1,34.9,41.2,100,95,1,9.05,0.06,0,0,4.321,0.248,1.0716081,7852,2625,0,-
18:11:36.431,snap,default,com.ss.android.ugc.aweme.mobile,discharging,1,34.9,41.2,100,95,1,9.05,0.06,0,0,4.322,0.204,0.881688,4499,754,0,-
18:11:37.432,snap,default,com.ss.android.ugc.aweme.mobile,discharging,1,34.9,41.2,100,95,1,8.68,0.05,0,2,4.32,0.258,1.11456,4499,754,0,-
18:11:38.432,snap,default,com.ss.android.ugc.aweme.mobile,discharging,1,34.9,42,100,95,1,8.68,0.05,0,3,4.321,0.269,1.162349,7950,2591,0,-
18:11:39.433,snap,default,com.ss.android.ugc.aweme.mobile,discharging,1,34.9,42,100,95,1,8.56,0.04,0,3,4.32,0.276,1.19232,7950,2591,0,-
18:11:40.433,snap,default,com.ss.android.ugc.aweme.mobile,discharging,1,34.9,40.8,100,95,1,8.56,0.04,0,0,4.322,0.215,0.92923003,5920,1389,0,-
18:11:41.432,snap,default,com.ss.android.ugc.aweme.mobile,discharging,1,34.9,40.8,100,95,1,8.27,0.03,0,0,4.316,0.24,1.0358399,5920,1389,0,-
18:11:42.432,snap,default,com.ss.android.ugc.aweme.mobile,discharging,1,34.9,43.8,100,95,1,8.27,0.03,0,7,4.314,0.675,2.91195,19971,10002,0,-
18:11:43.432,snap,default,com.ss.android.ugc.aweme.mobile,discharging,1,34.9,46.8,100,95,1,9.49,0.02,0,24,4.293,0.674,2.8934822,19971,10002,0,-
18:11:44.432,snap,default,com.ss.android.ugc.aweme.mobile,discharging,1,34.9,47.5,100,95,1,9.49,0.02,0,15,4.318,0.953,4.1150537,21252,10908,0,-
18:11:45.435,snap,default,com.ss.android.ugc.aweme.mobile,discharging,1,34.9,47.5,100,95,1,12.12,0.02,0,15,4.32,0.498,2.15136,21252,10908,0,-
18:11:46.433,snap,default,com.ss.android.ugc.aweme.mobile,discharging,1,34.9,44.5,100,95,1,12.12,0.02,0,7,4.321,0.297,1.283337,10111,3778,0,-
18:11:47.433,snap,default,com.ss.android.ugc.aweme.mobile,discharging,1,34.9,42.4,100,95,1,11.37,0.01,0,3,4.315,0.35,1.51025,10111,3778,0,-
18:11:48.434,snap,default,com.ss.android.ugc.aweme.mobile,discharging,1,34.9,42,100,95,1,11.37,0.01,0,3,4.32,0.41,1.7712001,10111,3778,0,-
18:11:49.434,snap,default,com.ss.android.ugc.aweme.mobile,discharging,1,34.9,42,100,95,1,10.76,0.37,0,3,4.321,0.283,1.222843,9406,3463,0,-
18:11:50.433,snap,default,com.ss.android.ugc.aweme.mobile,discharging,1,34.9,42,100,95,1,10.26,0.3,0,3,4.322,0.257,1.110754,9406,3463,0,-
18:11:51.434,snap,default,com.ss.android.ugc.aweme.mobile,discharging,1,34.9,43.6,100,95,1,10.26,0.3,0,3,4.315,0.414,1.7864101,9690,3545,0,-
18:11:52.434,snap,default,com.miui.home,discharging,1,34.9,43.6,100,95,1,10.21,0.25,0,36,4.314,0.504,2.174256,9690,3545,0,-
18:11:53.435,snap,default,com.miui.home,discharging,1,34.9,43.6,100,95,1,10.21,0.25,0,18,4.319,0.428,1.848532,15009,6748,0,-
18:11:54.436,snap,default,com.miui.home,discharging,1,34.9,42.4,100,95,1,9.63,0.2,0,3,4.318,0.297,1.2824459,15009,6748,0,-
18:11:55.434,snap,default,com.ss.android.ugc.aweme.mobile,discharging,1,34.9,42.4,100,95,1,9.63,0.2,0,0,4.322,0.288,1.244736,7757,2433,0,-
18:11:56.437,snap,default,com.ss.android.ugc.aweme.mobile,discharging,1,34.9,42,100,95,1,9.51,0.16,0,0,4.321,0.268,1.158028,7757,2433,0,-
18:11:57.435,snap,default,com.ss.android.ugc.aweme.mobile,discharging,1,34.9,42,100,95,1,9.51,0.16,0,3,4.32,0.269,1.16208,8064,2849,0,-
18:11:58.436,snap,default,com.ss.android.ugc.aweme.mobile,discharging,1,34.9,42,100,95,1,9.24,0.13,0,3,4.318,0.274,1.1831319,8064,2849,0,-
18:11:59.437,snap,default,com.ss.android.ugc.aweme.mobile,discharging,1,34.9,41.6,100,95,1,9.24,0.13,0,3,4.318,0.299,1.2910819,8232,2872,0,-
18:12:00.437,snap,default,com.ss.android.ugc.aweme.mobile,discharging,1,34.9,41.6,100,95,1,9.19,0.11,0,0,4.32,0.278,1.20096,8232,2872,0,-
18:12:01.436,snap,default,com.ss.android.ugc.aweme.mobile,discharging,1,34.9,41.2,100,95,1,9.19,0.11,0,0,4.322,0.279,1.2058381,8366,2814,0,-
18:12:02.437,snap,default,com.ss.android.ugc.aweme.mobile,discharging,1,34.9,41.2,100,95,1,9.16,0.09,0,3,4.32,0.301,1.30032,8366,2814,0,-
18:12:03.436,snap,default,com.ss.android.ugc.aweme.mobile,discharging,1,34.9,40.8,100,95,1,9.16,0.09,0,3,4.319,0.312,1.347528,8809,2976,0,-
18:12:04.438,snap,default,com.ss.android.ugc.aweme.mobile,discharging,1,34.9,41.2,100,95,1,8.95,0.07,0,3,4.321,0.306,1.322226,8809,2976,0,-
18:12:05.440,snap,default,com.ss.android.ugc.aweme.mobile,discharging,1,34.9,41.2,100,95,1,8.95,0.07,0,5,4.316,0.237,1.022892,9187,3312,0,-
18:12:06.437,snap,default,com.ss.android.ugc.aweme.mobile,discharging,1,34.9,43.2,100,95,1,8.95,0.07,0,5,4.316,0.237,1.022892,9187,3312,0,-
18:12:07.438,snap,default,com.ss.android.ugc.aweme.mobile,discharging,1,34.9,43.2,100,95,1,9.14,0.06,0,5,4.319,0.501,2.1638188,15803,6901,0,-
18:12:08.437,snap,default,com.ss.android.ugc.aweme.mobile,discharging,1,34.9,42.8,100,95,1,9.14,0.06,0,7,4.316,0.406,1.752296,15803,6901,0,-
18:12:09.439,snap,default,com.ss.android.ugc.aweme.mobile,discharging,1,34.9,42.8,100,95,1,9.11,0.05,0,6,4.318,0.427,1.8437859,14377,5822,0,-
18:12:10.438,snap,default,com.ss.android.ugc.aweme.mobile,discharging,1,34.9,42.8,100,95,1,9.11,0.05,0,4,4.319,0.415,1.7923849,14377,5822,0,-
18:12:11.438,snap,default,com.ss.android.ugc.aweme.mobile,discharging,1,34.9,43.6,100,95,1,8.91,0.04,0,4,4.32,0.389,1.68048,13125,5723,0,-
18:12:12.437,snap,default,com.ss.android.ugc.aweme.mobile,discharging,1,34.9,45.1,100,95,1,8.91,0.04,0,4,4.319,0.275,1.187725,13125,5723,0,-
18:12:13.438,snap,default,com.ss.android.ugc.aweme.mobile,discharging,1,34.9,45.1,100,95,1,9.47,0.21,0,12,4.309,0.714,3.076626,13125,5723,0,-
18:12:14.438,snap,default,com.ss.android.ugc.aweme.mobile,discharging,1,34.9,42.8,100,95,1,9.47,0.21,0,12,4.319,0.621,2.6820989,17869,9300,0,-
18:12:15.439,snap,default,com.ss.android.ugc.aweme.mobile,discharging,1,34.9,42.8,100,95,1,9.56,0.17,0,12,4.319,0.306,1.3216139,17869,9300,0,-
18:12:16.440,snap,default,com.ss.android.ugc.aweme.mobile,discharging,1,34.9,42.4,100,95,1,9.56,0.17,0,12,4.318,0.297,1.2824459,10279,3411,0,-
18:12:17.439,snap,default,com.ss.android.ugc.aweme.mobile,discharging,1,34.9,42.4,100,95,1,10.19,0.14,0,2,4.319,0.29,1.25251,10279,3411,0,-
18:12:18.439,snap,default,com.ss.android.ugc.aweme.mobile,discharging,1,34.9,42.8,100,95,1,10.19,0.14,0,2,4.32,0.296,1.27872,12438,5493,0,-
18:12:19.439,snap,default,com.ss.android.ugc.aweme.mobile,discharging,1,34.9,42.8,100,95,1,10.69,0.11,0,0,4.319,0.454,1.9608259,12438,5493,0,-
18:12:20.440,snap,default,com.ss.android.ugc.aweme.mobile,discharging,1,34.9,42.8,100,95,1,10.69,0.11,0,6,4.313,0.464,2.0012321,15620,7425,0,-
18:12:21.440,snap,default,com.ss.android.ugc.aweme.mobile,discharging,1,34.9,42.8,100,95,1,10.75,0.09,0,0,4.319,0.455,1.965145,15620,7425,0,-
18:12:22.440,snap,default,com.ss.android.ugc.aweme.mobile,discharging,1,34.9,42.8,100,95,1,10.75,0.09,0,9,4.312,0.297,1.2806638,14566,6477,0,-
18:12:23.442,snap,default,com.ss.android.ugc.aweme.mobile,discharging,1,34.9,42.8,100,95,1,10.79,0.07,0,9,4.319,0.564,2.435916,14566,6477,0,-
18:12:24.446,snap,default,com.ss.android.ugc.aweme.mobile,discharging,1,34.9,42.4,100,95,1,10.79,0.07,0,9,4.318,0.441,1.904238,11623,5046,0,-
18:12:25.442,snap,default,com.ss.android.ugc.aweme.mobile,discharging,1,34.9,42.4,100,95,1,10.47,0.06,0,0,4.319,0.284,1.226596,11623,5046,0,-
18:12:26.443,snap,default,com.ss.android.ugc.aweme.mobile,discharging,1,34.9,42.8,100,95,1,10.47,0.06,0,0,4.313,0.285,1.229205,13026,6112,0,-
18:12:27.445,snap,default,com.ss.android.ugc.aweme.mobile,discharging,1,34.9,42.8,100,95,1,10.56,0.05,0,7,4.315,0.5,2.1575,13026,6112,0,-
18:12:28.443,snap,default,com.ss.android.ugc.aweme.mobile,discharging,1,34.9,42.8,100,95,1,10.56,0.05,0,7,4.319,0.392,1.6930479,12841,5969,0,-
18:12:29.443,snap,default,com.ss.android.ugc.aweme.mobile,discharging,1,34.9,42.8,100,95,1,10.64,0.04,0,6,4.313,0.329,1.418977,12841,5969,0,-
18:12:30.443,snap,default,com.ss.android.ugc.aweme.mobile,discharging,1,34.9,42.8,100,95,1,10.64,0.04,0,6,4.297,0.701,3.0121968,25743,14944,0,-
18:12:31.444,snap,default,com.ss.android.ugc.aweme.mobile,discharging,1,34.9,43.6,100,95,1,13.24,0.21,0,9,4.295,1.154,4.9564304,25743,14944,0,-
18:12:32.444,snap,default,com.ss.android.ugc.aweme.mobile,discharging,1,34.9,46.6,100,95,1,13.24,0.21,0,9,4.313,1.436,6.193468,16564,8332,0,-
18:12:33.444,snap,default,com.ss.android.ugc.aweme.mobile,discharging,1,34.9,49.6,100,95,1,13.2,0.35,0.18,0,4.311,0.565,2.435715,16564,8332,0,-
18:12:34.444,snap,default,com.ss.android.ugc.aweme.mobile,discharging,1,34.9,49.1,100,95,1,13.2,0.35,0.18,4,4.311,0.554,2.388294,15121,6591,0,-
18:12:35.445,snap,default,com.ss.android.ugc.aweme.mobile,discharging,1,34.9,46.3,100,95,1,12.44,0.29,0.14,4,4.31,0.509,2.19379,15121,6591,0,-
18:12:36.446,snap,default,com.ss.android.ugc.aweme.mobile,discharging,1,34.9,45.1,100,95,1,12.44,0.29,0.14,11,4.312,0.638,2.751056,14897,6785,0,-
18:12:37.446,snap,default,com.ss.android.ugc.aweme.mobile,discharging,1,34.9,43.2,100,95,1,11.63,0.24,0.12,11,4.317,0.526,2.270742,14897,6785,0,-
18:12:38.447,snap,default,com.ss.android.ugc.aweme.mobile,discharging,1,34.9,43.2,100,95,1,11.63,0.24,0.12,0,4.316,0.298,1.286168,3613,543,0,-
18:12:39.447,snap,default,com.ss.android.ugc.aweme.mobile,discharging,1,34.9,42,100,95,1,10.43,0.19,0.09,0,4.318,0.29,1.2522199,3613,543,0,-
18:12:40.446,snap,default,com.ss.android.ugc.aweme.mobile,discharging,1,34.9,42,100,95,1,10.43,0.19,0.09,0,4.318,0.288,1.2435839,3613,543,0,-
18:12:41.447,snap,default,com.ss.android.ugc.aweme.mobile,discharging,1,34.9,42,100,95,1,9.81,0.16,0.08,0,4.319,0.297,1.2827429,4757,1459,0,-
18:12:42.448,snap,default,com.ss.android.ugc.aweme.mobile,discharging,1,34.9,42,100,95,1,9.81,0.16,0.08,0,4.321,0.282,1.2185221,4757,1459,0,-
18:12:43.446,snap,default,com.ss.android.ugc.aweme.mobile,discharging,1,34.9,41.2,100,95,1,8.75,0.13,0.06,0,4.319,0.197,0.85084295,3419,459,0,-
18:12:44.448,snap,default,com.ss.android.ugc.aweme.mobile,discharging,1,34.9,41.2,100,95,1,8.75,0.13,0.06,0,4.32,0.199,0.85968006,3419,459,0,-
18:12:45.448,snap,default,com.ss.android.ugc.aweme.mobile,discharging,1,34.9,41.2,100,95,1,8.07,0.1,0.05,0,4.318,0.196,0.84632796,3621,402,0,-
18:12:46.448,snap,default,com.ss.android.ugc.aweme.mobile,discharging,1,34.9,41.2,100,95,1,8.07,0.1,0.05,0,4.322,0.195,0.84278995,3621,402,0,-
18:12:47.448,snap,default,com.ss.android.ugc.aweme.mobile,discharging,1,34.9,41.2,100,95,1,7.7,0.08,0.04,0,4.321,0.199,0.859879,3620,573,0,-
18:12:48.449,snap,default,com.ss.android.ugc.aweme.mobile,discharging,1,34.9,40.8,100,95,1,7.7,0.08,0.04,0,4.321,0.188,0.812348,3620,573,0,-
18:12:49.449,snap,default,com.ss.android.ugc.aweme.mobile,discharging,1,34.9,40,100,95,1,7.39,0.07,0.03,0,4.32,0.194,0.83808005,4399,1165,0,-
18:12:50.449,snap,default,com.ss.android.ugc.aweme.mobile,discharging,1,34.9,40.8,100,95,1,7.39,0.07,0.03,0,4.321,0.217,0.937657,4399,1165,0,-
18:12:51.448,snap,default,com.ss.android.ugc.aweme.mobile,discharging,1,34.9,41.2,100,95,1,7.14,0.05,0.02,0,4.321,0.204,0.88148403,3465,328,0,-
18:12:52.448,snap,default,com.ss.android.ugc.aweme.mobile,discharging,1,34.9,41.2,100,95,1,7.14,0.05,0.02,9,4.317,0.209,0.90225303,3465,328,0,-
18:12:53.449,snap,default,com.ss.android.ugc.aweme.mobile,discharging,1,34.9,40.8,100,95,1,7.29,0.22,0.02,0,4.318,0.314,1.355852,11865,3551,0,-
18:12:54.449,snap,default,com.ss.android.ugc.aweme.mobile,discharging,1,34.9,40.8,100,95,1,7.29,0.22,0.02,0,4.32,0.296,1.27872,11865,3551,0,-
18:12:55.448,snap,default,com.ss.android.ugc.aweme.mobile,discharging,1,34.9,42,100,95,1,7.24,0.18,0.01,0,4.317,0.247,1.066299,11560,3749,0,-
18:12:56.450,snap,default,com.ss.android.ugc.aweme.mobile,discharging,1,34.9,42,100,95,1,7.24,0.18,0.01,5,4.316,0.347,1.497652,11560,3749,0,-
18:12:57.451,snap,default,com.ss.android.ugc.aweme.mobile,discharging,1,34.9,40.8,100,95,1,7.37,0.15,0.01,0,4.322,0.341,1.473802,7321,2777,0,-
18:12:58.450,snap,default,com.ss.android.ugc.aweme.mobile,discharging,1,34.9,40.8,100,95,1,7.37,0.15,0.01,0,4.322,0.215,0.92923003,7321,2777,0,-
18:12:59.451,snap,default,com.ss.android.ugc.aweme.mobile,discharging,1,34.9,40.8,100,95,1,6.76,0.12,0.01,0,4.321,0.2,0.86420006,3606,676,0,-
18:13:00.450,snap,default,com.ss.android.ugc.aweme.mobile,discharging,1,34.9,40.8,100,95,1,6.76,0.12,0.01,0,4.322,0.19,0.82118,3606,676,0,-
18:13:01.452,snap,default,com.ss.android.ugc.aweme.mobile,discharging,1,34.9,40.4,100,95,1,6.44,0.1,0,0,4.321,0.192,0.82963204,4283,829,0,-
18:13:02.452,snap,default,com.ss.android.ugc.aweme.mobile,discharging,1,34.9,40.8,100,95,1,6.44,0.1,0,0,4.321,0.204,0.88148403,4283,829,0,-
18:13:03.452,snap,default,com.ss.android.ugc.aweme.mobile,discharging,1,34.9,40.8,100,95,1,7.09,0.08,0,0,4.321,0.223,0.96358305,5913,1432,0,-
18:13:04.452,snap,default,com.ss.android.ugc.aweme.mobile,discharging,1,34.9,40.8,100,95,1,7.09,0.08,0,0,4.322,0.267,1.1539739,5913,1432,0,-
18:13:05.454,snap,default,com.ss.android.ugc.aweme.mobile,discharging,1,34.9,40.8,100,95,1,6.71,0.06,0,0,4.321,0.188,0.812348,5913,1432,0,-
18:13:06.452,snap,default,com.ss.android.ugc.aweme.mobile,discharging,1,34.9,40.4,100,95,1,6.71,0.06,0,0,4.318,0.345,1.48971,6852,2185,0,-
18:13:07.455,snap,default,com.ss.android.ugc.aweme.mobile,discharging,1,34.9,40,100,95,1,6.4,0.05,0,0,4.321,0.24,1.03704,6852,2185,0,-
18:13:08.454,snap,default,com.ss.android.ugc.aweme.mobile,discharging,1,34.9,40,100,95,1,6.4,0.05,0,0,4.322,0.211,0.911942,3511,598,0,-
18:13:09.453,snap,default,com.ss.android.ugc.aweme.mobile,discharging,1,34.9,40,100,95,1,6.32,0.04,0,10,4.32,0.207,0.89424,3511,598,0,-
18:13:10.452,snap,default,com.ss.android.ugc.aweme.mobile,discharging,1,34.9,43,100,95,1,6.32,0.04,0,10,4.307,0.334,1.4385381,13268,6909,0,-
18:13:11.453,snap,default,com.ss.android.ugc.aweme.mobile,discharging,1,34.9,45.1,100,95,1,7.71,0.03,0,8,4.313,0.621,2.678373,13268,6909,0,-
18:13:12.452,snap,default,com.ss.android.ugc.aweme.mobile,discharging,1,34.9,44.4,100,95,1,7.71,0.03,0,6,4.316,0.431,1.860196,14598,6737,0,-
18:13:13.453,snap,default,com.ss.android.ugc.aweme.mobile,discharging,1,34.9,43.6,100,95,1,7.95,0.03,0,9,4.315,0.538,2.32147,14598,6737,0,-
18:13:14.454,snap,default,com.ss.android.ugc.aweme.mobile,discharging,1,34.9,42.8,100,95,1,7.95,0.03,0,3,4.319,0.36,1.55484,14669,6598,0,-
18:13:15.454,snap,default,com.ss.android.ugc.aweme.mobile,discharging,1,34.9,42.8,100,95,1,7.96,0.02,0,3,4.321,0.271,1.1709911,14669,6598,0,-
18:13:16.453,snap,default,com.ss.android.ugc.aweme.mobile,discharging,1,34.9,43.2,100,95,1,7.96,0.02,0,5,4.315,0.501,2.161815,11215,4630,0,-
18:13:17.453,snap,default,com.ss.android.ugc.aweme.mobile,discharging,1,34.9,43.2,100,95,1,8.14,0.01,0,7,4.315,0.496,2.14024,11215,4630,0,-
18:13:18.454,snap,default,com.ss.android.ugc.aweme.mobile,discharging,1,34.9,42.8,100,95,1,8.14,0.01,0,5,4.314,0.486,2.096604,13905,6200,0,-
18:13:19.454,snap,default,com.ss.android.ugc.aweme.mobile,discharging,1,34.9,42.8,100,95,1,8.3,0.01,0,5,4.315,0.466,2.0107899,13905,6200,0,-
18:13:20.454,snap,default,com.ss.android.ugc.aweme.mobile,discharging,1,34.9,42.8,100,95,1,8.3,0.01,0,7,4.311,0.447,1.927017,12935,5554,0,-
18:13:21.454,snap,default,com.ss.android.ugc.aweme.mobile,discharging,1,34.9,42.8,100,95,1,8.42,0.01,0,7,4.312,0.38,1.6385599,12935,5554,0,-
18:13:22.455,snap,default,com.ss.android.ugc.aweme.mobile,discharging,1,34.9,42.4,100,95,1,8.42,0.01,0,8,4.316,0.38,1.64008,12058,4598,0,-
18:13:23.456,snap,default,com.ss.android.ugc.aweme.mobile,discharging,1,34.9,42.4,100,95,1,8.35,0.01,0,3,4.317,0.362,1.5627539,12058,4598,0,-
18:13:24.456,snap,default,com.ss.android.ugc.aweme.mobile,discharging,1,34.9,42.4,100,95,1,8.35,0.01,0,3,4.319,0.296,1.2784239,8700,3286,0,-
18:13:25.457,snap,default,com.ss.android.ugc.aweme.mobile,discharging,1,34.9,42,100,95,1,7.92,0,0,0,4.32,0.246,1.0627201,8700,3286,0,-
18:13:26.455,snap,default,com.ss.android.ugc.aweme.mobile,discharging,1,34.9,42,100,95,1,7.92,0,0,0,4.32,0.263,1.1361601,7149,2195,0,-
18:13:27.456,snap,default,com.ss.android.ugc.aweme.mobile,discharging,1,34.9,41.6,100,95,1,8.12,0,0,3,4.317,0.285,1.230345,7149,2195,0,-
18:13:28.456,snap,default,com.ss.android.ugc.aweme.mobile,discharging,1,34.9,41.6,100,95,1,8.12,0,0,3,4.319,0.299,1.2913809,7817,2834,0,-
18:13:29.456,snap,default,com.ss.android.ugc.aweme.mobile,discharging,1,34.9,41.6,100,95,1,8.27,0,0,3,4.318,0.31,1.33858,7817,2834,0,-
18:13:30.456,snap,default,com.ss.android.ugc.aweme.mobile,discharging,1,34.9,42.4,100,95,1,8.27,0,0,3,4.311,0.468,2.0175478,16013,7518,0,-
18:13:31.456,snap,default,com.ss.android.ugc.aweme.mobile,discharging,1,34.9,42.8,100,95,1,8.95,0.18,0,6,4.313,0.556,2.3980281,16013,7518,0,-
18:13:32.457,snap,default,com.ss.android.ugc.aweme.mobile,discharging,1,34.9,42.8,100,95,1,8.95,0.18,0,8,4.315,0.485,2.092775,16013,7518,0,-
18:13:33.457,snap,default,com.ss.android.ugc.aweme.mobile,discharging,1,34.9,42.8,100,95,1,8.96,0.15,0,8,4.316,0.548,2.3651679,14678,5891,0,-
18:13:34.465,snap,default,com.ss.android.ugc.aweme.mobile,discharging,1,34.9,42.8,100,95,1,8.96,0.15,0,7,4.303,1.118,4.8107543,14678,5891,0,-
18:13:35.465,snap,default,com.ss.android.ugc.aweme.mobile,discharging,1,34.9,43.2,100,95,1,10.78,0.84,0,0,4.317,0.497,2.145549,24318,11823,0,-
18:13:36.466,snap,default,com.ss.android.ugc.aweme.mobile,discharging,1,34.9,43.6,100,95,1,10.78,0.84,0,0,4.317,0.28,1.20876,24318,11823,0,-
18:13:37.466,snap,default,com.ss.android.ugc.aweme.mobile,discharging,1,34.9,43.2,100,95,1,10.82,0.69,0,3,4.317,0.346,1.4936819,7607,2422,0,-
18:13:38.466,snap,default,com.ss.android.ugc.aweme.mobile,discharging,1,34.9,42.8,100,95,1,10.82,0.69,0,3,4.316,0.342,1.4760721,7607,2422,0,-
18:13:39.466,snap,default,com.ss.android.ugc.aweme.mobile,discharging,1,34.9,42.4,100,95,1,10.49,0.56,0,3,4.318,0.324,1.399032,8304,3221,0,-
18:13:40.467,snap,default,com.ss.android.ugc.aweme.mobile,discharging,1,34.9,42.4,100,95,1,10.49,0.56,0,0,4.319,0.272,1.174768,8304,3221,0,-
18:13:41.466,snap,default,com.ss.android.ugc.aweme.mobile,discharging,1,34.9,42.4,100,95,1,10.4,0.46,0,0,4.317,0.272,1.174224,7148,2294,0,-
18:13:42.467,snap,default,com.ss.android.ugc.aweme.mobile,discharging,1,34.9,42.4,100,95,1,10.4,0.46,0,4,4.316,0.368,1.588288,7148,2294,0,-
18:13:43.467,snap,default,com.ss.android.ugc.aweme.mobile,discharging,1,34.9,42,100,95,1,10.14,0.38,0,3,4.316,0.346,1.493336,8928,3392,0,-
18:13:44.467,snap,default,com.ss.android.ugc.aweme.mobile,discharging,1,34.9,42,100,95,1,10.14,0.38,0,5,4.313,0.405,1.7467651,8928,3392,0,-
18:13:45.467,snap,default,com.ss.android.ugc.aweme.mobile,discharging,1,34.9,42,100,95,1,9.93,0.31,0,0,4.308,0.458,1.9730641,13707,5818,0,-
18:13:46.467,snap,default,com.ss.android.ugc.aweme.mobile,discharging,1,34.9,43.2,100,95,1,9.93,0.31,0,6,4.316,0.398,1.717768,13707,5818,0,-
18:13:47.467,snap,default,com.ss.android.ugc.aweme.mobile,discharging,1,34.9,44,100,95,1,9.76,0.25,0,5,4.314,0.414,1.7859961,12940,5141,0,-
18:13:48.468,snap,default,com.ss.android.ugc.aweme.mobile,discharging,1,34.9,44,100,95,1,9.76,0.25,0,7,4.315,0.515,2.222225,12940,5141,0,-
18:13:49.468,snap,default,com.ss.android.ugc.aweme.mobile,discharging,1,34.9,44,100,95,1,9.81,0.2,0,6,4.317,0.389,1.679313,14031,6620,0,-
18:13:50.468,snap,default,com.ss.android.ugc.aweme.mobile,discharging,1,34.9,42.4,100,95,1,9.81,0.2,0,0,4.319,0.327,1.4123129,14031,6620,0,-
18:13:51.468,snap,default,com.ss.android.ugc.aweme.mobile,discharging,1,34.9,41.6,100,95,1,8.93,0.17,0,0,4.319,0.268,1.1574919,8284,2706,0,-
18:13:52.469,snap,default,com.ss.android.ugc.aweme.mobile,discharging,1,34.9,41.6,100,95,1,8.93,0.17,0,3,4.317,0.281,1.213077,8284,2706,0,-
18:13:53.469,snap,default,com.ss.android.ugc.aweme.mobile,discharging,1,35,41.6,100,95,1,8.76,0.13,0,3,4.318,0.305,1.31699,8120,2923,0,-
18:13:54.470,snap,default,com.ss.android.ugc.aweme.mobile,discharging,1,35,41.6,100,95,1,8.76,0.13,0,3,4.319,0.301,1.3000189,8120,2923,0,-
18:13:55.470,snap,default,com.ss.android.ugc.aweme.mobile,discharging,1,35,41.6,100,95,1,8.44,0.11,0,0,4.32,0.282,1.21824,7228,2253,0,-
18:13:56.470,snap,default,com.ss.android.ugc.aweme.mobile,discharging,1,35,41.2,100,95,1,8.44,0.11,0,0,4.321,0.264,1.140744,7228,2253,0,-
18:13:57.470,snap,default,com.ss.android.ugc.aweme.mobile,discharging,1,35,41.6,100,95,1,8.36,0.09,0,3,4.318,0.281,1.2133579,7928,2905,0,-
18:13:58.473,snap,default,com.ss.android.ugc.aweme.mobile,discharging,1,35,41.2,100,95,1,8.36,0.09,0,3,4.318,0.302,1.3040359,7928,2905,0,-
18:13:59.471,snap,default,com.ss.android.ugc.aweme.mobile,discharging,1,35,41.2,100,95,1,8.48,0.07,0,3,4.315,0.334,1.44121,7928,2905,0,-
18:14:00.471,snap,default,com.ss.android.ugc.aweme.mobile,discharging,1,35,41.2,100,95,1,8.48,0.07,0,3,4.319,0.255,1.101345,7429,2592,0,-
18:14:01.471,snap,default,com.ss.android.ugc.aweme.mobile,discharging,1,35,41.6,100,95,1,8.57,0.06,0,0,4.318,0.268,1.1572239,7429,2592,0,-
18:14:02.472,snap,default,com.ss.android.ugc.aweme.mobile,discharging,1,35,41.6,100,95,1,8.57,0.06,0,3,4.319,0.312,1.347528,7483,2334,0,-
18:14:03.473,snap,default,com.ss.android.ugc.aweme.mobile,discharging,1,35,41.6,100,95,1,8.65,0.05,0,3,4.318,0.344,1.485392,7483,2334,0,-
18:14:04.471,snap,default,com.ss.android.ugc.aweme.mobile,discharging,1,35,41.6,100,95,1,8.65,0.05,0,3,4.317,0.363,1.567071,8485,3253,0,-
18:14:05.472,snap,default,com.ss.android.ugc.aweme.mobile,discharging,1,35,41.6,100,95,1,8.71,0.04,0,0,4.32,0.278,1.20096,8485,3253,0,-
18:14:06.472,snap,default,com.ss.android.ugc.aweme.mobile,discharging,1,35,41.6,100,95,1,8.71,0.04,0,3,4.318,0.251,1.083818,8519,3155,0,-
18:14:07.472,snap,default,com.ss.android.ugc.aweme.mobile,discharging,1,35,42,100,95,1,8.76,0.03,0,3,4.319,0.353,1.5246068,8519,3155,0,-
18:14:08.472,snap,default,com.ss.android.ugc.aweme.mobile,discharging,1,35,42,100,95,1,8.76,0.03,0,8,4.317,0.543,2.344131,12228,5503,0,-
18:14:09.474,snap,default,com.ss.android.ugc.aweme.mobile,discharging,1,35,42,100,95,1,8.62,0.02,0,8,4.317,0.341,1.4720969,12228,5503,0,-
18:14:10.472,snap,default,com.ss.android.ugc.aweme.mobile,discharging,1,35,41.6,100,95,1,8.62,0.02,0,0,4.32,0.229,0.98928005,6509,2266,0,-
18:14:11.475,snap,default,com.ss.android.ugc.aweme.mobile,discharging,1,35,41.6,100,95,1,8.33,0.02,0,3,4.32,0.247,1.06704,6509,2266,0,-
18:14:12.474,snap,default,com.ss.android.ugc.aweme.mobile,discharging,1,35,41.6,100,95,1,8.33,0.02,0,5,4.317,0.336,1.4505119,8535,3054,0,-
18:14:13.475,snap,default,com.ss.android.ugc.aweme.mobile,discharging,1,35,42,100,95,1,8.27,0.01,0,2,4.318,0.363,1.567434,8535,3054,0,-
18:14:14.473,snap,default,com.ss.android.ugc.aweme.mobile,discharging,1,35,41.6,100,95,1,8.27,0.01,0,2,4.319,0.34,1.46846,8724,3448,0,-
18:14:15.473,snap,default,com.ss.android.ugc.aweme.mobile,discharging,1,35,41.6,100,95,1,8.22,0.01,0,2,4.32,0.247,1.06704,8724,3448,0,-
18:14:16.479,snap,default,com.ss.android.ugc.aweme.mobile,discharging,1,35,40.8,100,95,1,8.22,0.01,0,0,4.32,0.24,1.0368,5973,1918,0,-
18:14:17.474,snap,default,com.ss.android.ugc.aweme.mobile,discharging,1,35,40.8,100,95,1,8,0.01,0,2,4.318,0.3,1.2954,5973,1918,0,-
18:14:18.474,snap,default,com.ss.android.ugc.aweme.mobile,discharging,1,35,40.8,100,95,1,8,0.01,0,2,4.317,0.348,1.5023159,9117,3709,0,-
18:14:19.474,snap,default,com.ss.android.ugc.aweme.mobile,discharging,1,35,42,100,95,1,8.18,0,0,2,4.316,0.354,1.527864,9117,3709,0,-
18:14:20.475,snap,default,com.ss.android.ugc.aweme.mobile,discharging,1,35,42,100,95,1,8.18,0,0,0,4.32,0.261,1.1275201,6979,2402,0,-
18:14:21.474,snap,default,com.ss.android.ugc.aweme.mobile,discharging,1,35,42,100,95,1,8.33,0,0,0,4.319,0.272,1.174768,6979,2402,0,-
18:14:22.475,snap,default,com.ss.android.ugc.aweme.mobile,discharging,1,35,41.6,100,95,1,8.33,0,0,3,4.317,0.292,1.260564,7820,2851,0,-
18:14:23.476,snap,default,com.ss.android.ugc.aweme.mobile,discharging,1,35,41.6,100,95,1,8.27,0,0,2,4.318,0.315,1.3601699,7820,2851,0,-
18:14:24.479,snap,default,com.ss.android.ugc.aweme.mobile,discharging,1,35,41.6,100,95,1,8.27,0,0,2,4.318,0.3,1.2954,7820,2851,0,-
18:14:25.480,snap,default,com.ss.android.ugc.aweme.mobile,discharging,1,35,41.2,100,95,1,8.22,0,0,0,4.32,0.204,0.88128,6670,2052,0,-
18:14:26.481,snap,default,com.ss.android.ugc.aweme.mobile,discharging,1,35,41.2,100,95,1,8.22,0,0,0,4.32,0.221,0.95472,6670,2052,0,-
18:14:27.479,snap,default,com.ss.android.ugc.aweme.mobile,discharging,1,35,40.8,100,95,1,8.18,0,0,3,4.319,0.329,1.4209509,5225,1484,0,-
18:14:28.479,snap,default,com.ss.android.ugc.aweme.mobile,discharging,1,35,41.6,100,95,1,8.18,0,0,2,4.319,0.317,1.369123,5225,1484,0,-
18:14:29.485,snap,default,com.ss.android.ugc.aweme.mobile,discharging,1,35,40.8,100,95,1,8.32,0,0,2,4.316,0.323,1.394068,7589,2567,0,-
18:14:30.480,snap,default,com.ss.android.ugc.aweme.mobile,discharging,1,35,41.2,100,95,1,8.32,0,0,2,4.316,0.323,1.394068,7589,2567,0,-
18:14:31.480,snap,default,com.ss.android.ugc.aweme.mobile,discharging,1,35,40.8,100,95,1,8.32,0,0,0,4.32,0.227,0.98064005,5346,1222,0,-
18:14:32.481,snap,default,com.ss.android.ugc.aweme.mobile,discharging,1,35,41.2,100,95,1,8.08,0,0,0,4.315,0.296,1.27724,5346,1222,0,-
18:14:33.481,snap,default,com.ss.android.ugc.aweme.mobile,discharging,1,35,41.2,100,95,1,8.08,0,0,3,4.319,0.303,1.3086569,7938,2713,0,-
18:14:34.483,snap,default,com.ss.android.ugc.aweme.mobile,discharging,1,34.9,41.2,100,95,1,8.07,0,0,3,4.319,0.287,1.239553,7938,2713,0,-
18:14:35.484,snap,default,com.ss.android.ugc.aweme.mobile,discharging,1,34.9,40.8,100,95,1,8.07,0,0,3,4.319,0.287,1.239553,6156,1653,0,-
18:14:36.482,snap,default,com.ss.android.ugc.aweme.mobile,discharging,1,34.9,40.8,100,95,1,7.87,0,0,0,4.321,0.204,0.88148403,6156,1653,0,-
18:14:37.483,snap,default,com.ss.android.ugc.aweme.mobile,discharging,1,34.9,41.2,100,95,1,7.87,0,0,2,4.321,0.204,0.88148403,6227,2304,0,-
18:14:38.483,snap,default,com.ss.android.ugc.aweme.mobile,discharging,1,34.9,41.2,100,95,1,7.89,0,0,3,4.319,0.354,1.5289259,6227,2304,0,-
18:14:39.482,snap,default,com.ss.android.ugc.aweme.mobile,discharging,1,34.9,40.4,100,95,1,7.89,0,0,3,4.319,0.287,1.239553,7288,2092,0,-
18:14:40.484,snap,default,com.ss.android.ugc.aweme.mobile,discharging,1,34.9,40.4,100,95,1,7.91,0,0,3,4.32,0.282,1.21824,7288,2092,0,-
18:14:41.483,snap,default,com.ss.android.ugc.aweme.mobile,discharging,1,34.9,40.4,100,95,1,7.91,0,0,0,4.319,0.194,0.837886,4239,725,0,-
18:14:42.483,snap,default,com.ss.android.ugc.aweme.mobile,discharging,1,34.9,40.8,100,95,1,7.57,0,0,3,4.319,0.204,0.8810759,4239,725,0,-
18:14:43.490,snap,default,com.ss.android.ugc.aweme.mobile,discharging,1,34.9,41.2,100,95,1,7.57,0,0,3,4.319,0.288,1.2438719,7769,2533,0,-
18:14:44.485,snap,default,com.ss.android.ugc.aweme.mobile,discharging,1,35,41.2,100,95,1,7.64,0,0,3,4.318,0.282,1.2176759,7769,2533,0,-
18:14:45.484,snap,default,com.ss.android.ugc.aweme.mobile,discharging,1,35,41.2,100,95,1,7.64,0,0,3,4.319,0.302,1.3043379,10896,3725,0,-
18:14:46.485,snap,default,com.ss.android.ugc.aweme.mobile,discharging,1,35,41.2,100,95,1,8.79,0,0,0,4.319,0.24,1.0365599,10896,3725,0,-
18:14:47.485,snap,default,com.ss.android.ugc.aweme.mobile,discharging,1,35,41.2,100,95,1,8.79,0,0,2,4.317,0.364,1.5713879,10525,3630,0,-
18:14:48.487,snap,default,com.ss.android.ugc.aweme.mobile,discharging,1,35,41.2,100,95,1,9.74,0,0,3,4.319,0.314,1.356166,10525,3630,0,-
18:14:49.485,snap,default,com.ss.android.ugc.aweme.mobile,discharging,1,35,40.8,100,95,1,9.74,0,0,3,4.319,0.307,1.325933,8113,2510,0,-
18:14:50.485,snap,default,com.ss.android.ugc.aweme.mobile,discharging,1,35,40,100,95,1,10.15,0,0,3,4.321,0.294,1.2703741,8113,2510,0,-
18:14:51.485,snap,default,com.ss.android.ugc.aweme.mobile,discharging,1,35,40,100,95,1,10.15,0,0,3,4.317,0.208,0.897936,8113,2510,0,-
18:14:52.487,snap,default,com.ss.android.ugc.aweme.mobile,discharging,1,35,40.4,100,95,1,9.39,0,0,3,4.319,0.229,0.989051,6112,1776,0,-
18:14:53.487,snap,default,com.ss.android.ugc.aweme.mobile,discharging,1,35,40.8,100,95,1,9.39,0,0,3,4.317,0.294,1.269198,6112,1776,0,-
18:14:54.486,snap,default,com.ss.android.ugc.aweme.mobile,discharging,1,35,40.8,100,95,1,9.14,0,0,2,4.318,0.307,1.325626,7780,2619,0,-
18:14:55.488,snap,default,com.ss.android.ugc.aweme.mobile,discharging,1,34.9,40.8,100,95,1,9.14,0,0,2,4.318,0.325,1.4033499,7780,2619,0,-
18:14:56.487,snap,default,com.ss.android.ugc.aweme.mobile,discharging,1,34.9,40.8,100,95,1,8.75,0,0,0,4.321,0.208,0.89876807,5555,1555,0,-
18:14:57.488,snap,default,com.ss.android.ugc.aweme.mobile,discharging,1,34.9,40.8,100,95,1,8.25,0,0,0,4.318,0.208,0.898144,5555,1555,0,-
18:14:58.487,snap,default,com.ss.android.ugc.aweme.mobile,discharging,1,34.9,41.2,100,95,1,8.25,0,0,3,4.319,0.266,1.1488539,6493,1812,0,-
18:14:59.488,snap,default,com.ss.android.ugc.aweme.mobile,discharging,1,34.9,41.2,100,95,1,8.2,0,0,3,4.319,0.277,1.196363,6493,1812,0,-
18:15:00.488,snap,default,com.ss.android.ugc.aweme.mobile,discharging,1,34.9,40.8,100,95,1,8.2,0,0,2,4.319,0.283,1.2222769,6554,1993,0,-
18:15:01.487,snap,default,com.ss.android.ugc.aweme.mobile,discharging,1,34.9,40,100,95,1,7.8,0,0,0,4.319,0.204,0.8810759,6554,1993,0,-
18:15:02.488,snap,default,com.ss.android.ugc.aweme.mobile,discharging,1,34.9,40,100,95,1,7.8,0,0,0,4.318,0.21,0.90677994,5784,1545,0,-
18:15:03.488,snap,default,com.ss.android.ugc.aweme.mobile,discharging,1,34.9,40,100,95,1,7.66,0,0,3,4.318,0.265,1.14427,5784,1545,0,-
18:15:04.490,snap,default,com.ss.android.ugc.aweme.mobile,discharging,1,34.9,40.8,100,95,1,7.66,0,0,3,4.319,0.278,1.2006819,7457,2473,0,-
18:15:05.488,snap,default,com.ss.android.ugc.aweme.mobile,discharging,1,34.9,40.4,100,95,1,7.54,0,0,3,4.32,0.274,1.18368,7457,2473,0,-
18:15:06.490,snap,default,com.ss.android.ugc.aweme.mobile,discharging,1,34.9,40.4,100,95,1,7.54,0,0,0,4.321,0.188,0.812348,3732,597,0,-
18:15:07.488,snap,default,com.ss.android.ugc.aweme.mobile,discharging,1,34.9,40,100,95,1,7.08,0,0,3,4.316,0.186,0.80277604,3732,597,0,-
18:15:08.489,snap,default,com.ss.android.ugc.aweme.mobile,discharging,1,34.9,40,100,95,1,7.08,0,0,2,4.318,0.279,1.204722,7589,2660,0,-
18:15:09.488,snap,default,com.ss.android.ugc.aweme.mobile,discharging,1,34.9,40.8,100,95,1,7.24,0,0,2,4.319,0.278,1.2006819,7589,2660,0,-
18:15:10.490,snap,default,com.ss.android.ugc.aweme.mobile,discharging,1,34.9,40.8,100,95,1,7.24,0,0,2,4.318,0.279,1.204722,6287,1532,0,-
18:15:11.488,snap,default,com.ss.android.ugc.aweme.mobile,discharging,1,34.9,40.4,100,95,1,7.2,0,0,0,4.319,0.221,0.95449895,6287,1532,0,-
18:15:12.489,snap,default,com.ss.android.ugc.aweme.mobile,discharging,1,34.9,40.4,100,95,1,7.2,0,0,3,4.318,0.207,0.89382595,5780,1535,0,-
18:15:13.489,snap,default,com.ss.android.ugc.aweme.mobile,discharging,1,34.9,40.4,100,95,1,7.16,0,0,3,4.319,0.263,1.135897,5780,1535,0,-
18:15:14.489,snap,default,com.ss.android.ugc.aweme.mobile,discharging,1,34.9,40.4,100,95,1,7.16,0,0,2,4.318,0.276,1.1917679,7212,2278,0,-
18:15:15.489,snap,default,com.ss.android.ugc.aweme.mobile,discharging,1,34.9,40.4,100,95,1,7.49,0,0,2,4.32,0.273,1.17936,7212,2278,0,-
18:15:16.489,snap,default,com.ss.android.ugc.aweme.mobile,discharging,1,34.9,41.6,100,95,1,7.49,0,0,6,4.318,0.467,2.016506,7212,2278,0,-
18:15:17.490,snap,default,com.ss.android.ugc.aweme.mobile,discharging,1,34.9,41.6,100,95,1,7.77,0,0,4,4.317,0.394,1.7008979,16548,7324,0,-
18:15:18.490,snap,default,com.ss.android.ugc.aweme.mobile,discharging,1,34.9,42,100,95,1,7.77,0,0,3,4.318,0.346,1.4940279,16548,7324,0,-
18:15:19.490,snap,default,com.ss.android.ugc.aweme.mobile,discharging,1,34.9,41.2,100,95,1,7.81,0,0,6,4.315,0.365,1.574975,11144,4483,0,-
18:15:20.490,snap,default,com.ss.android.ugc.aweme.mobile,discharging,1,34.9,42,100,95,1,7.81,0,0,3,4.313,0.423,1.8243991,11144,4483,0,-
18:15:21.490,snap,default,com.ss.android.ugc.aweme.mobile,discharging,1,34.9,41.6,100,95,1,7.48,0,0,2,4.316,0.552,2.382432,7490,2692,0,-
18:15:22.490,snap,default,com.ss.android.ugc.aweme.mobile,discharging,1,34.9,42,100,95,1,7.48,0,0,3,4.317,0.447,1.929699,7490,2692,0,-
18:15:23.491,snap,default,com.ss.android.ugc.aweme.mobile,discharging,1,34.9,42,100,95,1,7.21,0,0,5,4.316,0.324,1.398384,8363,3558,0,-
18:15:24.492,snap,default,com.ss.android.ugc.aweme.mobile,discharging,1,34.9,42,100,95,1,7.21,0,0,5,4.317,0.336,1.4505119,8363,3558,0,-
18:15:25.491,snap,default,com.ss.android.ugc.aweme.mobile,discharging,1,34.9,41.2,100,95,1,6.99,0,0,3,4.318,0.335,1.44653,8336,3599,0,-
18:15:26.491,snap,default,com.ss.android.ugc.aweme.mobile,discharging,1,34.9,41.2,100,95,1,6.99,0,0,2,4.317,0.268,1.156956,8336,3599,0,-
18:15:27.492,snap,default,com.ss.android.ugc.aweme.mobile,discharging,1,34.9,41.2,100,95,1,6.81,0,0,4,4.317,0.289,1.247613,7717,3149,0,-
18:15:28.492,snap,default,com.ss.android.ugc.aweme.mobile,discharging,1,34.9,41.6,100,95,1,6.81,0,0,5,4.316,0.332,1.432912,7717,3149,0,-
18:15:29.491,snap,default,com.ss.android.ugc.aweme.mobile,discharging,1,34.9,42,100,95,1,6.84,0,0,5,4.316,0.337,1.4544921,9162,4238,0,-
18:15:30.492,snap,default,com.ss.android.ugc.aweme.mobile,discharging,1,34.9,44,100,95,1,6.84,0,0,9,4.311,0.346,1.4916059,9162,4238,0,-
18:15:31.492,snap,default,com.ss.android.ugc.aweme.mobile,discharging,1,34.9,44.4,100,95,1,7.6,0,0,9,4.309,0.546,2.352714,18976,9168,0,-
18:15:32.493,snap,default,com.ss.android.ugc.aweme.mobile,discharging,1,34.9,45.5,100,95,1,7.6,0,0,9,4.317,0.655,2.8276348,18976,9168,0,-
18:15:33.494,snap,default,com.ss.android.ugc.aweme.mobile,discharging,1,34.9,44.4,100,95,1,7.67,0,0,0,4.313,0.313,1.349969,7639,2804,0,-
18:15:34.496,snap,default,com.ss.android.ugc.aweme.mobile,discharging,1,34.9,42,100,95,1,7.67,0,0,0,4.32,0.308,1.3305601,7639,2804,0,-
18:15:35.496,snap,default,com.ss.android.ugc.aweme.mobile,discharging,1,34.9,41.6,100,95,1,7,0,0,0,4.319,0.196,0.84652394,3710,585,0,-
18:15:36.494,snap,default,com.ss.android.ugc.aweme.mobile,discharging,1,34.9,41.6,100,95,1,7,0,0,5,4.319,0.188,0.8119719,3710,585,0,-
18:15:37.494,snap,default,com.ss.android.ugc.aweme.mobile,discharging,1,34.9,41.2,100,95,1,7,0,0,5,4.309,0.255,1.0987949,8253,2966,0,-
18:15:38.496,snap,default,com.ss.android.ugc.aweme.mobile,discharging,1,34.9,41.2,100,95,1,7,0,0,5,4.32,0.362,1.56384,8253,2966,0,-
18:15:39.501,snap,default,com.ss.android.ugc.aweme.mobile,discharging,1,34.9,41.2,100,95,1,6.64,0,0,0,4.319,0.183,0.79037696,3707,551,0,-
18:15:40.495,snap,default,com.ss.android.ugc.aweme.mobile,discharging,1,34.9,42,100,95,1,6.64,0,0,0,4.315,0.193,0.832795,3707,551,0,-
18:15:41.497,snap,default,com.ss.android.ugc.aweme.mobile,discharging,1,34.9,42.8,100,95,1,7.43,0,0,0,4.31,0.33,1.4223,18644,9149,0,-
18:15:42.497,snap,default,com.ss.android.ugc.aweme.mobile,discharging,1,34.9,42.8,100,95,1,7.43,0,0,9,4.314,0.569,2.4546661,18644,9149,0,-
18:15:43.497,snap,default,com.ss.android.ugc.aweme.mobile,discharging,1,34.9,42,100,95,1,7.53,0,0,6,4.317,0.371,1.601607,18644,9149,0,-
18:15:44.498,snap,default,com.ss.android.ugc.aweme.mobile,discharging,1,34.9,41.6,100,95,1,7.53,0,0,5,4.318,0.35,1.5113,9925,3840,0,-
18:15:45.497,snap,default,com.ss.android.ugc.aweme.mobile,discharging,1,34.9,40.8,100,95,1,7.25,0,0,5,4.32,0.283,1.22256,9925,3840,0,-
18:15:46.497,snap,default,com.ss.android.ugc.aweme.mobile,discharging,1,34.9,40.8,100,95,1,7.25,0,0,0,4.319,0.18,0.77742,4820,1222,0,-
18:15:47.500,snap,default,com.ss.android.ugc.aweme.mobile,discharging,1,34.9,40.8,100,95,1,7.2,0,0,3,4.316,0.189,0.81572396,4820,1222,0,-
18:15:48.501,snap,default,com.ss.android.ugc.aweme.mobile,discharging,1,34.9,41.2,100,95,1,7.2,0,0,2,4.318,0.294,1.2694919,6909,2171,0,-
18:15:49.500,snap,default,com.ss.android.ugc.aweme.mobile,discharging,1,34.9,41.6,100,95,1,7.35,0,0,3,4.317,0.283,1.2217109,6909,2171,0,-
18:15:50.502,snap,default,com.ss.android.ugc.aweme.mobile,discharging,1,34.9,41.2,100,95,1,7.35,0,0,3,4.319,0.339,1.4641409,9488,3541,0,-
18:15:51.502,snap,default,com.ss.android.ugc.aweme.mobile,discharging,1,34.9,41.2,100,95,1,7.28,0,0,0,4.32,0.276,1.19232,9488,3541,0,-
18:15:52.502,snap,default,com.ss.android.ugc.aweme.mobile,discharging,1,34.9,41.2,100,95,1,7.28,0,0,6,4.318,0.204,0.88087195,7068,2628,0,-
18:15:53.502,snap,default,com.ss.android.ugc.aweme.mobile,discharging,1,34.9,41.6,100,95,1,7.96,0,0,3,4.315,0.296,1.27724,7068,2628,0,-
18:15:54.504,snap,default,com.ss.android.ugc.aweme.mobile,discharging,1,34.9,41.6,100,95,1,7.96,0,0,3,4.317,0.348,1.5023159,12982,6212,0,-
18:15:55.502,snap,default,com.ss.android.ugc.aweme.mobile,discharging,1,34.9,41.6,100,95,1,9.23,0,0,3,4.317,0.346,1.4936819,12982,6212,0,-
18:15:56.505,snap,default,com.ss.android.ugc.aweme.mobile,discharging,1,34.9,40.8,100,95,1,9.23,0,0,0,4.319,0.245,1.058155,8274,2591,0,-
18:15:57.507,snap,default,com.ss.android.ugc.aweme.mobile,discharging,1,34.9,40,100,95,1,9.19,0,0,3,4.317,0.195,0.84181494,8274,2591,0,-
18:15:58.508,snap,default,com.ss.android.ugc.aweme.mobile,discharging,1,34.9,40,100,95,1,9.19,0,0,3,4.317,0.292,1.260564,7543,2260,0,-
18:15:59.506,snap,default,com.ss.android.ugc.aweme.mobile,discharging,1,34.9,40,100,95,1,8.97,0,0,2,4.317,0.293,1.264881,7543,2260,0,-
18:16:00.506,snap,default,com.ss.android.ugc.aweme.mobile,discharging,1,34.9,41.2,100,95,1,8.97,0,0,2,4.32,0.297,1.28304,7150,2422,0,-
18:16:01.508,snap,default,com.ss.android.ugc.aweme.mobile,discharging,1,34.9,41.2,100,95,1,9.34,0,0,0,4.318,0.237,1.023366,7150,2422,0,-
18:16:02.508,snap,default,com.ss.android.ugc.aweme.mobile,discharging,1,34.9,41.6,100,95,1,9.34,0,0,2,4.302,0.643,2.766186,17257,7845,0,-
18:16:03.507,snap,default,com.ss.android.ugc.aweme.mobile,discharging,1,34.9,43.6,100,95,1,10.91,0,0,2,4.318,0.35,1.5113,17257,7845,0,-
18:16:04.507,snap,default,com.ss.android.ugc.aweme.mobile,discharging,1,34.9,43.6,100,95,1,10.91,0,0,0,4.318,0.336,1.450848,9817,2938,0,-
18:16:05.507,snap,default,com.ss.android.ugc.aweme.mobile,discharging,1,34.9,44,100,95,1,12.01,0,0,0,4.303,0.572,2.461316,9817,2938,0,-
18:16:06.508,snap,default,com.ss.android.ugc.aweme.mobile,discharging,1,34.9,44,100,95,1,12.01,0,0,0,4.319,0.364,1.5721159,18053,9395,0,-
18:16:07.508,snap,default,com.ss.android.ugc.aweme.mobile,discharging,1,34.9,44,100,95,1,12.19,0,0,7,4.311,0.535,2.306385,18053,9395,0,-
18:16:08.508,snap,default,com.ss.android.ugc.aweme.mobile,discharging,1,34.9,43.2,100,95,1,12.19,0,0,10,4.311,0.466,2.008926,15302,7468,0,-
18:16:09.510,snap,default,com.ss.android.ugc.aweme.mobile,discharging,1,34.9,43.2,100,95,1,11.43,0,0,5,4.316,0.363,1.566708,15302,7468,0,-
18:16:10.508,snap,default,com.ss.android.ugc.aweme.mobile,discharging,1,34.9,42.4,100,95,1,11.43,0,0,3,4.316,0.247,1.066052,15302,7468,0,-
18:16:11.508,snap,default,com.ss.android.ugc.aweme.mobile,discharging,1,34.9,42,100,95,1,10.44,0,0,0,4.317,0.229,0.988593,8376,2713,0,-
18:16:12.508,snap,default,com.ss.android.ugc.aweme.mobile,discharging,1,34.9,42,100,95,1,10.44,0,0,0,4.317,0.344,1.485048,8376,2713,0,-
18:16:13.509,snap,default,com.ss.android.ugc.aweme.mobile,discharging,1,34.9,41.2,100,95,1,10.18,0,0,7,4.312,0.453,1.953336,10483,4203,0,-
18:16:14.509,snap,default,com.ss.android.ugc.aweme.mobile,discharging,1,34.9,41.6,100,95,1,10.18,0,0,7,4.316,0.353,1.5235479,10483,4203,0,-
18:16:15.509,snap,default,com.ss.android.ugc.aweme.mobile,discharging,1,34.9,41.6,100,95,1,9.79,0,0,0,4.318,0.268,1.1572239,10517,3989,0,-
18:16:16.509,snap,default,com.ss.android.ugc.aweme.mobile,discharging,1,34.9,42,100,95,1,9.79,0,0,3,4.317,0.364,1.5713879,10517,3989,0,-
18:16:17.509,snap,default,com.ss.android.ugc.aweme.mobile,discharging,1,34.9,42,100,95,1,10,0,0,5,4.313,0.424,1.8287121,12857,5820,0,-
18:16:18.509,snap,default,com.ss.android.ugc.aweme.mobile,discharging,1,34.9,42,100,95,1,10,0,0,5,4.315,0.417,1.799355,12857,5820,0,-
18:16:19.511,snap,default,com.ss.android.ugc.aweme.mobile,discharging,1,34.9,42,100,95,1,9.64,0,0,5,4.315,0.415,1.790725,13275,5462,0,-
18:16:20.510,snap,default,com.ss.android.ugc.aweme.mobile,discharging,1,34.9,42.4,100,95,1,9.64,0,0,0,4.317,0.298,1.286466,13275,5462,0,-
18:16:21.513,snap,default,com.ss.android.ugc.aweme.mobile,discharging,1,34.9,42,100,95,1,9.34,0,0,0,4.316,0.371,1.601236,11157,4104,0,-
18:16:22.511,snap,default,com.ss.android.ugc.aweme.mobile,discharging,1,34.9,42,100,95,1,9.34,0,0,4,4.315,0.354,1.52751,11157,4104,0,-
18:16:23.510,snap,default,com.ss.android.ugc.aweme.mobile,discharging,1,34.9,42,100,95,1,9.28,0,0,4,4.311,0.576,2.4831357,11641,4533,0,-
18:16:24.510,snap,default,com.ss.android.ugc.aweme.mobile,discharging,1,34.9,44,100,95,1,9.28,0,0,12,4.312,0.629,2.7122478,11641,4533,0,-
18:16:25.511,snap,default,com.ss.android.ugc.aweme.mobile,discharging,1,34.9,44,100,95,1,9.59,0,0,9,4.315,0.462,1.99353,18539,9451,0,-
18:16:26.511,snap,default,com.ss.android.ugc.aweme.mobile,discharging,1,34.9,43.6,100,95,1,9.59,0,0,4,4.316,0.346,1.493336,18539,9451,0,-
18:16:27.511,snap,default,com.ss.android.ugc.aweme.mobile,discharging,1,34.9,43.6,100,95,1,9.3,0,0,7,4.311,0.562,2.422782,14981,7071,0,-
18:16:28.511,snap,default,com.ss.android.ugc.aweme.mobile,discharging,1,34.9,43.6,100,95,1,9.3,0,0,10,4.314,0.47,2.02758,14981,7071,0,-
18:16:29.511,snap,default,com.ss.android.ugc.aweme.mobile,discharging,1,34.9,43.6,100,95,1,9.25,0,0,6,4.312,0.479,2.0654478,13810,6222,0,-
18:16:30.513,snap,default,com.ss.android.ugc.aweme.mobile,discharging,1,34.9,43.6,100,95,1,9.25,0,0,0,4.308,0.585,2.52018,13810,6222,0,-
18:16:31.512,snap,default,com.ss.android.ugc.aweme.mobile,discharging,1,34.9,44,100,95,1,10.11,0,0,11,4.313,0.637,2.7473812,17019,9169,0,-
18:16:32.513,snap,default,com.ss.android.ugc.aweme.mobile,discharging,1,34.9,44,100,95,1,10.11,0,0,11,4.312,0.391,1.6859919,17019,9169,0,-
18:16:33.513,snap,default,com.ss.android.ugc.aweme.mobile,discharging,1,34.9,43.6,100,95,1,10.09,0,0,4,4.313,0.386,1.6648182,12426,5518,0,-
18:16:34.514,snap,default,com.ss.android.ugc.aweme.mobile,discharging,1,34.9,43.6,100,95,1,10.09,0,0,4,4.31,0.502,2.1636198,12426,5518,0,-
18:16:35.512,snap,default,com.ss.android.ugc.aweme.mobile,discharging,1,34.9,43.6,100,95,1,10.79,0,0,6,4.298,0.839,3.606022,12426,5518,0,-
18:16:36.513,snap,default,com.ss.android.ugc.aweme.mobile,discharging,1,34.9,44,100,95,1,10.79,0,0,8,4.293,1.258,5.400594,19599,10696,0,-
18:16:37.514,snap,default,com.ss.android.ugc.aweme.mobile,discharging,1,34.9,46.3,100,95,1,11.56,0,0,8,4.31,0.657,2.83167,19599,10696,0,-
18:16:38.513,snap,default,com.ss.android.ugc.aweme.mobile,discharging,1,34.9,46.3,100,95,1,11.56,0,0,3,4.314,0.346,1.492644,17644,9827,0,-
18:16:39.514,snap,default,com.ss.android.ugc.aweme.mobile,discharging,1,34.9,44.8,100,95,1,10.73,0,0,3,4.313,0.337,1.4534811,17644,9827,0,-
18:16:40.514,snap,default,com.ss.android.ugc.aweme.mobile,discharging,1,34.9,43.6,100,95,1,10.73,0,0,3,4.314,0.326,1.4063641,8451,3207,0,-
18:16:41.515,snap,default,com.ss.android.ugc.aweme.mobile,discharging,1,34.9,43.6,100,95,1,10.23,0,0,0,4.316,0.259,1.117844,8451,3207,0,-
18:16:42.514,snap,default,com.ss.android.ugc.aweme.mobile,discharging,1,34.9,42.8,100,95,1,10.23,0,0,0,4.314,0.331,1.427934,6973,2569,0,-
18:16:43.514,snap,default,com.ss.android.ugc.aweme.mobile,discharging,1,34.9,42.8,100,95,1,10.55,0,0,3,4.316,0.323,1.394068,6973,2569,0,-
18:16:44.514,snap,default,com.ss.android.ugc.aweme.mobile,discharging,1,34.9,42.8,100,95,1,10.55,0,0,3,4.316,0.316,1.3638561,9426,3824,0,-
18:16:45.514,snap,default,com.ss.android.ugc.aweme.mobile,discharging,1,34.9,42.8,100,95,1,10.45,0,0,2,4.312,0.361,1.5566319,9426,3824,0,-
18:16:46.517,snap,default,com.ss.android.ugc.aweme.mobile,discharging,1,34.9,42.8,100,95,1,10.45,0,0,2,4.316,0.26,1.12216,11672,4682,0,-
18:16:47.515,snap,default,com.ss.android.ugc.aweme.mobile,discharging,1,34.9,42,100,95,1,12.36,0,0,0,4.316,0.262,1.130792,11672,4682,0,-
18:16:48.516,snap,default,com.ss.android.ugc.aweme.mobile,discharging,1,34.9,42,100,95,1,12.36,0,0,3,4.315,0.344,1.4843601,12977,3561,0,-
18:16:49.515,snap,default,com.ss.android.ugc.aweme.mobile,discharging,1,34.9,42.4,100,95,1,13.38,0,0,3,4.315,0.357,1.540455,12977,3561,0,-
18:16:50.515,snap,default,com.ss.android.ugc.aweme.mobile,discharging,1,34.9,42.8,100,95,1,13.38,0,0,3,4.314,0.352,1.518528,10051,3807,0,-
18:16:51.516,snap,default,com.ss.android.ugc.aweme.mobile,discharging,1,34.9,44,100,95,1,12.59,0,0,3,4.306,0.589,2.5362341,10051,3807,0,-
18:16:52.522,snap,default,com.ss.android.ugc.aweme.mobile,discharging,1,34.9,44,100,95,1,12.59,0,0,3,4.317,0.377,1.627509,13861,6319,0,-
18:16:53.515,snap,default,com.ss.android.ugc.aweme.mobile,discharging,1,34.9,45.9,100,95,1,12.59,0,0,3,4.317,0.377,1.627509,13861,6319,0,-
18:16:54.517,snap,default,com.ss.android.ugc.aweme.mobile,discharging,1,34.9,48.9,100,95,1,13.57,0,0,13,4.293,0.897,3.8508213,28163,17838,0,-
18:16:55.517,snap,default,com.ss.android.ugc.aweme.mobile,discharging,1,34.9,51.9,100,95,1,13.57,0,0,7,4.29,1.349,5.78721,28163,17838,0,-
18:16:56.518,snap,default,com.ss.android.ugc.aweme.mobile,discharging,1,34.9,48.9,100,95,1,16,0.18,0,3,4.31,0.924,3.98244,19604,10547,0,-
18:16:57.516,snap,default,com.ss.android.ugc.aweme.mobile,discharging,1,34.9,45.9,100,95,1,16,0.18,0,0,4.311,0.563,2.427093,19604,10547,0,-
18:16:58.516,snap,default,com.ss.android.ugc.aweme.mobile,discharging,1,34.9,45.9,100,95,1,15.82,0.14,0,0,4.312,0.434,1.8714079,14046,6158,0,-
18:16:59.517,snap,default,com.ss.android.ugc.aweme.mobile,discharging,1,34.9,46.7,100,95,1,15.82,0.14,0,0,4.31,0.439,1.89209,14046,6158,0,-
18:17:00.517,snap,default,com.ss.android.ugc.aweme.mobile,discharging,1,34.9,49.7,100,95,1,16.03,0.12,0,0,4.313,0.711,3.0665433,19234,10516,0,-
18:17:01.517,snap,default,com.ss.android.ugc.aweme.mobile,discharging,1,34.9,52.3,100,95,1,16.03,0.12,0,11,4.311,0.589,2.5391788,19234,10516,0,-
18:17:02.517,snap,default,com.ss.android.ugc.aweme.mobile,discharging,1,34.9,52.3,100,95,1,16.57,0.09,0,11,4.288,1.269,5.4414725,19234,10516,0,-
18:17:03.517,snap,default,com.ss.android.ugc.aweme.mobile,discharging,1,34.9,49.3,100,95,1,16.57,0.09,0,8,4.311,0.819,3.530709,18117,10716,0,-
18:17:04.518,snap,default,com.ss.android.ugc.aweme.mobile,discharging,1,34.9,46.3,100,95,1,15.74,0.08,0,4,4.312,0.373,1.6083759,18117,10716,0,-
18:17:05.518,snap,default,com.ss.android.ugc.aweme.mobile,discharging,1,34.9,44.4,100,95,1,15.74,0.08,0,3,4.311,0.36,1.55196,8940,3510,0,-
18:17:06.518,snap,default,com.ss.android.ugc.aweme.mobile,discharging,1,34.9,44,100,95,1,14.52,0.06,0,3,4.313,0.34,1.46642,8940,3510,0,-
18:17:07.519,snap,default,com.ss.android.ugc.aweme.mobile,discharging,1,34.9,42.8,100,95,1,14.52,0.06,0,3,4.313,0.279,1.2033271,6627,2191,0,-
18:17:08.519,snap,default,com.ss.android.ugc.aweme.mobile,discharging,1,34.9,42.8,100,95,1,13.34,0.05,0,0,4.315,0.261,1.1262151,6627,2191,0,-
18:17:09.519,snap,default,com.ss.android.ugc.aweme.mobile,discharging,1,35,42.8,100,95,1,13.34,0.05,0,2,4.313,0.339,1.4621071,6868,2433,0,-
18:17:10.518,snap,default,com.ss.android.ugc.aweme.mobile,discharging,1,35,42.8,100,95,1,13.09,0.04,0,2,4.304,0.401,1.725904,6868,2433,0,-
18:17:11.520,snap,default,com.ss.android.ugc.aweme.mobile,discharging,1,35,42.4,100,95,1,13.09,0.04,0,2,4.315,0.417,1.799355,8791,3659,0,-
18:17:12.518,snap,default,com.ss.android.ugc.aweme.mobile,discharging,1,35,42.4,100,95,1,12.17,0.03,0,0,4.315,0.221,0.953615,8791,3659,0,-
18:17:13.519,snap,default,com.ss.android.ugc.aweme.mobile,discharging,1,35,43.2,100,95,1,12.17,0.03,0,0,4.302,0.285,1.22607,9678,4717,0,-
18:17:14.519,snap,default,com.ss.android.ugc.aweme.mobile,discharging,1,35,44,100,95,1,11.96,0.02,0,9,4.313,0.539,2.324707,9678,4717,0,-
18:17:15.519,snap,default,com.ss.android.ugc.aweme.mobile,discharging,1,35,44,100,95,1,11.96,0.02,0,5,4.313,0.545,2.3505852,13968,6304,0,-
18:17:16.523,snap,default,com.ss.android.ugc.aweme.mobile,discharging,1,35,44.8,100,95,1,11.78,0.02,0,5,4.302,0.458,1.970316,13968,6304,0,-
18:17:17.521,snap,default,com.ss.android.ugc.aweme.mobile,discharging,1,35,46.7,100,95,1,11.78,0.02,0,7,4.309,0.704,3.033536,22005,12518,0,-
18:17:18.521,snap,default,com.ss.android.ugc.aweme.mobile,discharging,1,35,46.7,100,95,1,12.55,0.01,0,5,4.31,0.487,2.09897,22005,12518,0,-
18:17:19.521,snap,default,com.ss.android.ugc.aweme.mobile,discharging,1,35,46.7,100,95,1,12.55,0.01,0,8,4.301,0.621,2.670921,22622,13238,0,-
18:17:20.521,snap,default,com.ss.android.ugc.aweme.mobile,discharging,1,35,46.3,100,95,1,13.17,0.01,0,8,4.305,0.8,3.444,22622,13238,0,-
18:17:21.522,snap,default,com.ss.android.ugc.aweme.mobile,discharging,1,35,45.9,100,95,1,13.17,0.01,0,11,4.312,0.498,2.1473758,17021,8037,0,-
18:17:22.526,snap,default,com.ss.android.ugc.aweme.mobile,discharging,1,35,45.1,100,95,1,13.14,0.01,0,11,4.313,0.611,2.6352432,17021,8037,0,-
18:17:23.524,snap,default,com.ss.android.ugc.aweme.mobile,discharging,1,35,44.4,100,95,1,13.14,0.01,0,14,4.313,0.381,1.6432531,13166,5634,0,-
18:17:24.526,snap,default,com.ss.android.ugc.aweme.mobile,discharging,1,35,43.2,100,95,1,12.57,0,0,0,4.305,0.467,2.0104349,13166,5634,0,-
18:17:25.526,snap,default,com.ss.android.ugc.aweme.mobile,discharging,1,35,42.8,100,95,1,12.57,0,0,0,4.315,0.327,1.411005,5301,1328,0,-
18:17:26.526,snap,default,com.ss.android.ugc.aweme.mobile,discharging,1,35,42.8,100,95,1,11.56,0,0,0,4.315,0.232,1.00108,5301,1328,0,-
18:17:27.526,snap,default,com.ss.android.ugc.aweme.mobile,discharging,1,35,41.6,100,95,1,11.56,0,0,0,4.314,0.253,1.091442,5301,1328,0,-
18:17:28.526,snap,default,com.ss.android.ugc.aweme.mobile,discharging,1,35,42,100,95,1,10.91,0,0,0,4.315,0.298,1.2858701,4944,1244,0,-
18:17:29.525,snap,default,com.ss.android.ugc.aweme.mobile,discharging,1,35,42,100,95,1,10.91,0,0,0,4.312,0.365,1.57388,4944,1244,0,-
18:17:30.525,snap,default,com.ss.android.ugc.aweme.mobile,discharging,1,35,42.4,100,95,1,10.93,0.18,0,0,4.308,0.341,1.469028,7691,2115,0,-
18:17:31.526,snap,default,com.ss.android.ugc.aweme.mobile,discharging,1,35,42.4,100,95,1,10.93,0.18,0,0,4.313,0.56,2.41528,7691,2115,0,-
18:17:32.526,snap,default,com.ss.android.ugc.aweme.mobile,discharging,1,35,43.2,100,95,1,10.76,0.33,0,0,4.316,0.255,1.10058,7259,2406,0,-
18:17:33.527,snap,default,com.ss.android.ugc.aweme.mobile,discharging,1,35,43.2,100,95,1,10.76,0.33,0,11,4.31,0.256,1.10336,7259,2406,0,-
18:17:34.526,snap,default,com.ss.android.ugc.aweme.mobile,discharging,1,35,43.2,100,95,1,10.44,0.27,0,11,4.309,0.643,2.770687,15519,7354,0,-
18:17:35.527,snap,default,com.ss.android.ugc.aweme.mobile,discharging,1,35,42,100,95,1,10.44,0.27,0,0,4.314,0.338,1.458132,15519,7354,0,-
18:17:36.527,snap,default,com.ss.android.ugc.aweme.mobile,discharging,1,35,42,100,95,1,10,0.22,0,0,4.314,0.323,1.3934221,9401,3914,0,-
18:17:37.527,snap,default,com.ss.android.ugc.aweme.mobile,discharging,1,35,42.8,100,95,1,10,0.22,0,7,4.312,0.339,1.4617679,9401,3914,0,-
18:17:38.527,snap,default,com.ss.android.ugc.aweme.mobile,discharging,1,35,43.6,100,95,1,10.18,0.18,0,7,4.315,0.363,1.5663451,10034,4023,0,-
18:17:39.527,snap,default,com.ss.android.ugc.aweme.mobile,discharging,1,35,43.2,100,95,1,10.18,0.18,0,0,4.313,0.314,1.3542821,10034,4023,0,-
18:17:40.527,snap,default,com.ss.android.ugc.aweme.mobile,discharging,1,35,44,100,95,1,11.23,0.14,0,12,4.313,0.491,2.1176832,14329,6428,0,-
18:17:41.528,snap,default,com.ss.android.ugc.aweme.mobile,discharging,1,35,43.2,100,95,1,11.23,0.14,0,8,4.312,0.395,1.7032399,14329,6428,0,-
18:17:42.528,snap,default,com.ss.android.ugc.aweme.mobile,discharging,1,35,42.4,100,95,1,12.28,0.12,0,8,4.311,0.464,2.000304,12403,5076,0,-
18:17:43.528,snap,default,com.ss.android.ugc.aweme.mobile,discharging,1,35,42,100,95,1,12.28,0.12,0,0,4.313,0.332,1.431916,12403,5076,0,-
18:17:44.528,snap,default,com.ss.android.ugc.aweme.mobile,discharging,1,35,41.6,100,95,1,12.59,0.1,0,0,4.313,0.319,1.3758471,8859,2881,0,-
18:17:45.529,snap,default,com.ss.android.ugc.aweme.mobile,discharging,1,35,41.6,100,95,1,12.59,0.1,0,0,4.313,0.339,1.4621071,8859,2881,0,-
18:17:46.530,snap,default,com.ss.android.ugc.aweme.mobile,discharging,1,35,43.2,100,95,1,12.66,0.08,0,11,4.308,0.368,1.5853441,12642,5728,0,-
18:17:47.533,snap,default,com.ss.android.ugc.aweme.mobile,discharging,1,35,43.2,100,95,1,12.66,0.08,0,9,4.311,0.425,1.832175,12642,5728,0,-
18:17:48.530,snap,default,com.ss.android.ugc.aweme.mobile,discharging,1,35,43.2,100,95,1,13.45,0.06,0,9,4.31,0.413,1.7800299,12142,5024,0,-
18:17:49.531,snap,default,com.ss.android.ugc.aweme.mobile,discharging,1,35,42.4,100,95,1,13.45,0.06,0,9,4.314,0.368,1.5875521,12142,5024,0,-
18:17:50.531,snap,default,com.ss.android.ugc.aweme.mobile,discharging,1,35,42.4,100,95,1,13.55,0.05,0,0,4.314,0.297,1.281258,10163,4042,0,-
18:17:51.531,snap,default,com.ss.android.ugc.aweme.mobile,discharging,1,35,42.4,100,95,1,13.55,0.05,0,0,4.314,0.371,1.600494,10163,4042,0,-
18:17:52.532,snap,default,com.ss.android.ugc.aweme.mobile,discharging,1,35,42.4,100,95,1,13.63,0.04,0,0,4.315,0.313,1.350595,8929,2907,0,-
18:17:53.532,snap,default,com.ss.android.ugc.aweme.mobile,discharging,1,35,42.4,100,95,1,13.63,0.04,0,0,4.313,0.303,1.3068391,8929,2907,0,-
18:17:54.533,snap,default,com.ss.android.ugc.aweme.mobile,discharging,1,35,42.4,100,95,1,13.51,0.03,0,0,4.313,0.293,1.2637091,8929,2907,0,-
18:17:55.532,snap,default,com.ss.android.ugc.aweme.mobile,discharging,1,35,42,100,95,1,13.51,0.03,0,0,4.312,0.431,1.8584719,12131,4437,0,-
18:17:56.532,snap,default,com.ss.android.ugc.aweme.mobile,discharging,1,35,42.4,100,95,1,13.06,0.02,0,6,4.311,0.377,1.625247,12131,4437,0,-
18:17:57.533,snap,default,com.ss.android.ugc.aweme.mobile,discharging,1,35,42.8,100,95,1,13.06,0.02,0,4,4.311,0.425,1.832175,12420,5381,0,-
18:17:58.533,snap,default,com.ss.android.ugc.aweme.mobile,discharging,1,35,43.2,100,95,1,12.68,0.02,0,4,4.31,0.443,1.9093299,12420,5381,0,-
18:17:59.535,snap,default,com.ss.android.ugc.aweme.mobile,discharging,1,35,43.2,100,95,1,12.68,0.02,0,3,4.31,0.446,1.92226,13764,6253,0,-
18:18:00.533,snap,default,com.ss.android.ugc.aweme.mobile,discharging,1,35,43.2,100,95,1,12.56,0.01,0,3,4.31,0.439,1.89209,13764,6253,0,-
18:18:01.533,snap,default,com.ss.android.ugc.aweme.mobile,discharging,1,35,43.6,100,95,1,12.56,0.01,0,5,4.311,0.533,2.2977629,15235,7371,0,-
18:18:02.536,snap,default,com.ss.android.ugc.aweme.mobile,discharging,1,35,43.6,100,95,1,12.09,0.01,0,5,4.307,0.434,1.869238,15235,7371,0,-
18:18:03.534,snap,default,com.ss.android.ugc.aweme.mobile,discharging,1,35,43.6,100,95,1,12.09,0.01,0,8,4.308,0.598,2.576184,17339,8735,0,-
18:18:04.534,snap,default,com.ss.android.ugc.aweme.mobile,discharging,1,35,44,100,95,1,12.08,0.01,0,8,4.289,0.846,3.628494,17339,8735,0,-
18:18:05.534,snap,default,com.ss.android.ugc.aweme.mobile,discharging,1,35,45.5,100,95,1,12.08,0.01,0,5,4.304,0.999,4.299696,19267,11183,0,-
18:18:06.535,snap,default,com.ss.android.ugc.aweme.mobile,discharging,1,35,45.5,100,95,1,12.42,0,0,3,4.311,0.532,2.293452,19267,11183,0,-
18:18:07.535,snap,default,com.ss.android.ugc.aweme.mobile,discharging,1,35,44.4,100,95,1,12.42,0,0,3,4.312,0.336,1.4488319,8960,3168,0,-
18:18:08.536,snap,default,com.ss.android.ugc.aweme.mobile,discharging,1,35,42.4,100,95,1,11.62,0,0,2,4.311,0.324,1.3967639,8960,3168,0,-
18:18:09.534,snap,default,com.ss.android.ugc.aweme.mobile,discharging,1,35,42.4,100,95,1,11.62,0,0,0,4.314,0.259,1.117326,5723,1466,0,-
18:18:10.535,snap,default,com.ss.android.ugc.aweme.mobile,discharging,1,35,42,100,95,1,10.6,0,0,0,4.314,0.179,0.77220607,5723,1466,0,-
18:18:11.535,snap,default,com.ss.android.ugc.aweme.mobile,discharging,1,35,42,100,95,1,10.6,0,0,3,4.314,0.236,1.0181041,6612,2092,0,-
18:18:12.536,snap,default,com.ss.android.ugc.aweme.mobile,discharging,1,35,41.6,100,95,1,9.77,0,0,2,4.314,0.282,1.2165481,6612,2092,0,-
18:18:13.537,snap,default,com.ss.android.ugc.aweme.mobile,discharging,1,35,41.6,100,95,1,9.77,0,0,2,4.313,0.296,1.276648,7603,2653,0,-
18:18:14.537,snap,default,com.ss.android.ugc.aweme.mobile,discharging,1,35,41.6,100,95,1,9.45,0,0,0,4.315,0.298,1.2858701,7603,2653,0,-
18:18:15.537,snap,default,com.ss.android.ugc.aweme.mobile,discharging,1,35,41.6,100,95,1,9.45,0,0,0,4.315,0.199,0.858685,4733,993,0,-
18:18:16.537,snap,default,com.ss.android.ugc.aweme.mobile,discharging,1,35,41.2,100,95,1,8.82,0,0,3,4.314,0.222,0.95770806,4733,993,0,-
18:18:17.536,snap,default,com.ss.android.ugc.aweme.mobile,discharging,1,35,41.2,100,95,1,8.82,0,0,3,4.313,0.289,1.2464571,7729,2687,0,-
18:18:18.537,snap,default,com.ss.android.ugc.aweme.mobile,discharging,1,35,42,100,95,1,8.67,0,0,2,4.314,0.291,1.2553741,7729,2687,0,-
18:18:19.537,snap,default,com.ss.android.ugc.aweme.mobile,discharging,1,35,42,100,95,1,8.67,0,0,0,4.314,0.401,1.7299141,7729,2687,0,-
18:18:20.538,snap,default,com.ss.android.ugc.aweme.mobile,discharging,1,35,42,100,95,1,8.37,0,0,0,4.315,0.199,0.858685,5568,1402,0,-
18:18:21.537,snap,default,com.ss.android.ugc.aweme.mobile,discharging,1,35,42,100,95,1,8.37,0,0,3,4.313,0.246,1.0609981,5568,1402,0,-
18:18:22.835,snap,default,com.ss.android.ugc.aweme.mobile,discharging,1,35,44.4,100,95,1,9.39,0,0,3,4.304,0.56,2.41024,18548,7767,0,-
18:18:33.377,snap,default,com.miui.home,discharging,1,35,44.4,100,95,1,9.39,0,0,0,4.316,0.374,1.614184,18548,7767,0,-
18:18:44.369,snap,default,com.miui.home,discharging,1,35,41.4,100,95,1,14.75,0.36,0,0,4.316,0.045,0.19422,18898,7216,0,-
18:18:53.471,snap,default,com.miui.home,discharging,1,35,39.2,100,95,1,15.34,0.29,0,0,4.321,0.033,0.142593,16622,6426,0,-
18:19:00.495,snap,default,com.miui.home,discharging,1,35,39.6,100,95,1,15.34,0.29,0,0,4.321,0.016,0.069136,16622,6426,0,-
18:19:22.849,snap,default,com.miui.home,discharging,1,35,39.6,100,95,1,15.46,0.24,0,0,4.319,0.094,0.40598595,15850,6445,0,-
18:19:29.312,snap,default,com.miui.home,discharging,1,34.8,39.6,100,95,1,15.46,0.24,0,0,4.319,0.104,0.44917598,15850,6445,0,-
18:19:30.314,snap,default,com.miui.home,discharging,1,34.8,39.6,100,95,1,16.64,0.19,0,0,4.313,0.163,0.703019,26543,14376,0,-
18:19:31.305,snap,default,com.miui.home,discharging,1,34.8,41.6,100,95,1,16.64,0.19,0,2,4.287,1.156,4.9557724,26543,14376,0,-
18:19:32.305,snap,default,com.ss.android.ugc.aweme.mobile,discharging,1,34.8,43.6,100,95,1,18.16,0.16,0,3,4.314,0.479,2.066406,24469,10963,0,-
18:19:33.307,snap,default,com.ss.android.ugc.aweme.mobile,discharging,1,34.8,43.6,100,95,1,18.16,0.16,0,5,4.312,0.551,2.375912,24469,10963,0,-
18:19:34.307,snap,default,com.ss.android.ugc.aweme.mobile,discharging,1,34.8,42.4,100,95,1,16.31,0.13,0,8,4.317,0.336,1.4505119,10285,3590,0,-
18:19:35.306,snap,default,com.ss.android.ugc.aweme.mobile,discharging,1,34.8,41.6,100,95,1,16.31,0.13,0,0,4.317,0.249,1.0749329,10285,3590,0,-
18:19:36.305,snap,default,com.ss.android.ugc.aweme.mobile,discharging,1,34.8,41.2,100,95,1,14.44,0.1,0,0,4.314,0.258,1.113012,10285,3590,0,-
18:19:37.306,snap,default,com.ss.android.ugc.aweme.mobile,discharging,1,34.8,40.8,100,95,1,14.44,0.1,0,2,4.315,0.283,1.221145,8911,2898,0,-
18:19:38.307,snap,default,com.ss.android.ugc.aweme.mobile,discharging,1,34.8,40.4,100,95,1,13.64,0.08,0,3,4.315,0.28,1.2082,8911,2898,0,-
18:19:39.309,snap,default,com.ss.android.ugc.aweme.mobile,discharging,1,34.8,40.4,100,95,1,13.64,0.08,0,3,4.317,0.265,1.144005,8960,3087,0,-
18:19:40.306,snap,default,com.ss.android.ugc.aweme.mobile,discharging,1,34.8,40,100,95,1,12.62,0.07,0,0,4.317,0.205,0.88498497,8960,3087,0,-
18:19:41.307,snap,default,com.ss.android.ugc.aweme.mobile,discharging,1,34.8,40,100,95,1,12.62,0.07,0,3,4.314,0.221,0.95339406,6604,1547,0,-
18:19:42.307,snap,default,com.ss.android.ugc.aweme.mobile,discharging,1,34.8,40.4,100,95,1,11.78,0.05,0,3,4.315,0.282,1.21683,6604,1547,0,-
18:19:43.307,snap,default,com.ss.android.ugc.aweme.mobile,discharging,1,34.8,40.4,100,95,1,11.78,0.05,0,3,4.315,0.286,1.2340901,9551,3338,0,-
18:19:44.307,snap,default,com.ss.android.ugc.aweme.mobile,discharging,1,34.8,40.4,100,95,1,11.27,0.04,0,3,4.316,0.255,1.10058,9551,3338,0,-
18:19:45.308,snap,default,com.ss.android.ugc.aweme.mobile,discharging,1,34.8,40.4,100,95,1,11.27,0.04,0,0,4.317,0.194,0.837498,6567,1346,0,-
18:19:46.307,snap,default,com.ss.android.ugc.aweme.mobile,discharging,1,34.8,40.4,100,95,1,10.5,0.03,0,3,4.312,0.256,1.103872,6567,1346,0,-
18:19:47.307,snap,default,com.ss.android.ugc.aweme.mobile,discharging,1,34.8,41.2,100,95,1,10.5,0.03,0,3,4.315,0.283,1.221145,8933,3050,0,-
18:19:48.307,snap,default,com.ss.android.ugc.aweme.mobile,discharging,1,34.8,41.6,100,95,1,10.23,0.03,0,4,4.314,0.303,1.307142,8933,3050,0,-
18:19:49.308,snap,default,com.ss.android.ugc.aweme.mobile,discharging,1,34.7,41.6,100,95,1,10.23,0.03,0,6,4.306,0.466,2.006596,13473,4893,0,-
18:19:50.308,snap,default,com.ss.android.ugc.aweme.mobile,discharging,1,34.7,40.4,100,95,1,9.82,0.02,0,0,4.316,0.272,1.1739521,13473,4893,0,-
18:19:51.308,snap,default,com.ss.android.ugc.aweme.mobile,discharging,1,34.7,40.4,100,95,1,9.82,0.02,0,0,4.313,0.27,1.1645101,8801,2596,0,-
18:19:52.309,snap,default,com.ss.android.ugc.aweme.mobile,discharging,1,34.7,40.8,100,95,1,9.49,0.02,0,4,4.315,0.293,1.2642951,8801,2596,0,-
18:19:53.308,snap,default,com.ss.android.ugc.aweme.mobile,discharging,1,34.7,40.8,100,95,1,9.49,0.02,0,3,4.315,0.285,1.229775,9614,3444,0,-
18:19:54.309,snap,default,com.ss.android.ugc.aweme.mobile,discharging,1,34.7,40.8,100,95,1,9.22,0.01,0,3,4.315,0.261,1.1262151,9614,3444,0,-
18:19:55.311,snap,default,com.ss.android.ugc.aweme.mobile,discharging,1,34.7,40.8,100,95,1,9.22,0.01,0,3,4.316,0.24,1.0358399,8525,2259,0,-
18:19:56.310,snap,default,com.ss.android.ugc.aweme.mobile,discharging,1,34.7,40.8,100,95,1,9.18,0.01,0,2,4.315,0.254,1.0960101,8525,2259,0,-
18:19:57.311,snap,default,com.ss.android.ugc.aweme.mobile,discharging,1,34.7,40.8,100,95,1,9.18,0.01,0,3,4.314,0.277,1.1949781,9776,3348,0,-
18:19:58.311,snap,default,com.ss.android.ugc.aweme.mobile,discharging,1,34.7,40.8,100,95,1,9.14,0.01,0,3,4.314,0.28,1.2079201,9776,3348,0,-
18:19:59.312,snap,default,com.ss.android.ugc.aweme.mobile,discharging,1,34.7,40.8,100,95,1,9.14,0.01,0,3,4.316,0.25,1.079,8566,2232,0,-
18:20:00.311,snap,default,com.ss.android.ugc.aweme.mobile,discharging,1,34.7,40,100,95,1,8.94,0,0,3,4.315,0.238,1.02697,8566,2232,0,-
18:20:01.311,snap,default,com.ss.android.ugc.aweme.mobile,discharging,1,34.7,40,100,95,1,8.94,0,0,3,4.313,0.263,1.1343191,10131,3533,0,-
18:20:02.311,snap,default,com.ss.android.ugc.aweme.mobile,discharging,1,34.7,40,100,95,1,9.13,0,0,3,4.314,0.319,1.3761661,10131,3533,0,-
18:20:03.313,snap,default,com.ss.android.ugc.aweme.mobile,discharging,1,34.7,40,100,95,1,9.13,0,0,3,4.313,0.339,1.4621071,10131,3533,0,-
18:20:04.314,snap,default,com.ss.android.ugc.aweme.mobile,discharging,1,34.7,40,100,95,1,9.1,0,0,3,4.316,0.269,1.161004,10998,3519,0,-
18:20:05.312,snap,default,com.ss.android.ugc.aweme.mobile,discharging,1,34.7,40,100,95,1,9.1,0,0,0,4.315,0.24,1.0356,10998,3519,0,-
18:20:06.312,snap,default,com.ss.android.ugc.aweme.mobile,discharging,1,34.7,40.4,100,95,1,8.9,0,0,0,4.314,0.252,1.087128,7818,2064,0,-
18:20:07.314,snap,default,com.ss.android.ugc.aweme.mobile,discharging,1,34.7,40.4,100,95,1,8.9,0,0,3,4.314,0.281,1.212234,7818,2064,0,-
18:20:08.313,snap,default,com.ss.android.ugc.aweme.mobile,discharging,1,34.7,40.4,100,95,1,8.92,0,0,3,4.314,0.299,1.289886,9903,3402,0,-
18:20:09.314,snap,default,com.ss.android.ugc.aweme.mobile,discharging,1,34.7,40,100,95,1,8.92,0,0,3,4.316,0.279,1.204164,9903,3402,0,-
18:20:10.313,snap,default,com.ss.android.ugc.aweme.mobile,discharging,1,34.7,40.4,100,95,1,8.75,0,0,0,4.314,0.216,0.931824,8001,2072,0,-
18:20:11.313,snap,default,com.ss.android.ugc.aweme.mobile,discharging,1,34.7,40.4,100,95,1,8.75,0,0,0,4.314,0.248,1.069872,8001,2072,0,-
18:20:12.314,snap,default,com.ss.android.ugc.aweme.mobile,discharging,1,34.7,40.4,100,95,1,8.8,0,0,3,4.314,0.34,1.46676,9166,3061,0,-
18:20:13.316,snap,default,com.ss.android.ugc.aweme.mobile,discharging,1,34.7,40,100,95,1,8.8,0,0,3,4.313,0.321,1.3844731,9166,3061,0,-
18:20:14.314,snap,default,com.ss.android.ugc.aweme.mobile,discharging,1,34.7,40,100,95,1,8.83,0,0,3,4.315,0.273,1.177995,10203,3602,0,-
18:20:15.314,snap,default,com.ss.android.ugc.aweme.mobile,discharging,1,34.7,40,100,95,1,8.83,0,0,3,4.316,0.269,1.161004,10203,3602,0,-
18:20:16.315,snap,default,com.ss.android.ugc.aweme.mobile,discharging,1,34.7,40,100,95,1,9.04,0,0,3,4.314,0.254,1.095756,8710,2313,0,-
18:20:17.316,snap,default,com.ss.android.ugc.aweme.mobile,discharging,1,34.7,40.4,100,95,1,9.04,0,0,3,4.314,0.308,1.328712,8710,2313,0,-
18:20:18.316,snap,default,com.ss.android.ugc.aweme.mobile,discharging,1,34.7,40.4,100,95,1,9.22,0,0,3,4.313,0.303,1.3068391,10262,3665,0,-
18:20:19.317,snap,default,com.ss.android.ugc.aweme.mobile,discharging,1,34.7,40.4,100,95,1,9.22,0,0,3,4.315,0.277,1.195255,10262,3665,0,-
18:20:20.318,snap,default,com.ss.android.ugc.aweme.mobile,discharging,1,34.7,40,100,95,1,9.18,0,0,3,4.315,0.226,0.97519,8167,2124,0,-
18:20:21.316,snap,default,com.ss.android.ugc.aweme.mobile,discharging,1,34.7,40.4,100,95,1,9.18,0,0,3,4.313,0.244,1.0523721,8167,2124,0,-
18:20:22.316,snap,default,com.ss.android.ugc.aweme.mobile,discharging,1,34.7,40.4,100,95,1,9.32,0,0,3,4.312,0.292,1.2591039,10379,3630,0,-
18:20:23.317,snap,default,com.ss.android.ugc.aweme.mobile,discharging,1,34.7,40.8,100,95,1,9.32,0,0,3,4.313,0.305,1.3154651,10379,3630,0,-
18:20:24.319,snap,default,com.ss.android.ugc.aweme.mobile,discharging,1,34.7,40.8,100,95,1,9.45,0,0,0,4.315,0.312,1.3462801,9663,3000,0,-
18:20:25.317,snap,default,com.ss.android.ugc.aweme.mobile,discharging,1,34.7,40.8,100,95,1,9.45,0,0,0,4.316,0.223,0.962468,9663,3000,0,-
18:20:26.318,snap,default,com.ss.android.ugc.aweme.mobile,discharging,1,34.7,40.8,100,95,1,9.18,0,0,3,4.314,0.246,1.061244,9290,2782,0,-
18:20:27.318,snap,default,com.ss.android.ugc.aweme.mobile,discharging,1,34.7,41.2,100,95,1,9.18,0,0,3,4.314,0.308,1.328712,9290,2782,0,-
18:20:28.320,snap,default,com.ss.android.ugc.aweme.mobile,discharging,1,34.7,41.2,100,95,1,9.15,0,0,3,4.314,0.295,1.27263,9290,2782,0,-
18:20:29.319,snap,default,com.ss.android.ugc.aweme.mobile,discharging,1,34.7,40.4,100,95,1,9.15,0,0,0,4.316,0.272,1.1739521,9740,3129,0,-
18:20:30.318,snap,default,com.ss.android.ugc.aweme.mobile,discharging,1,34.7,40.4,100,95,1,8.94,0,0,0,4.316,0.224,0.966784,9740,3129,0,-
18:20:31.318,snap,default,com.ss.android.ugc.aweme.mobile,discharging,1,34.7,40.4,100,95,1,8.94,0,0,2,4.313,0.248,1.0696241,9095,2501,0,-
18:20:32.320,snap,default,com.ss.android.ugc.aweme.mobile,discharging,1,34.7,40.4,100,95,1,8.95,0,0,3,4.314,0.314,1.3545961,9095,2501,0,-
18:20:33.321,snap,default,com.ss.android.ugc.aweme.mobile,discharging,1,34.7,40.4,100,95,1,8.95,0,0,3,4.314,0.304,1.311456,10331,3477,0,-
18:20:34.321,snap,default,com.ss.android.ugc.aweme.mobile,discharging,1,34.7,40,100,95,1,8.96,0,0,0,4.314,0.255,1.10007,10331,3477,0,-
18:20:35.320,snap,default,com.ss.android.ugc.aweme.mobile,discharging,1,34.7,40,100,95,1,8.96,0,0,0,4.316,0.207,0.893412,8466,2222,0,-
18:20:36.321,snap,default,com.ss.android.ugc.aweme.mobile,discharging,1,34.7,40.4,100,95,1,8.78,0,0,3,4.313,0.261,1.1256931,8466,2222,0,-
18:20:37.320,snap,default,com.ss.android.ugc.aweme.mobile,discharging,1,34.7,40.4,100,95,1,8.82,0,0,3,4.314,0.276,1.190664,9240,3015,0,-
18:20:38.321,snap,default,com.ss.android.ugc.aweme.mobile,discharging,1,34.7,40,100,95,1,8.82,0,0,3,4.314,0.282,1.2165481,9240,3015,0,-
18:20:39.322,snap,default,com.ss.android.ugc.aweme.mobile,discharging,1,34.6,40,100,95,1,8.85,0,0,3,4.315,0.257,1.108955,9385,2878,0,-
18:20:40.321,snap,default,com.ss.android.ugc.aweme.mobile,discharging,1,34.6,40,100,95,1,8.85,0,0,3,4.315,0.229,0.98813504,9385,2878,0,-
18:20:41.321,snap,default,com.ss.android.ugc.aweme.mobile,discharging,1,34.6,40,100,95,1,9.06,0,0,3,4.314,0.234,1.0094761,8622,2276,0,-
18:20:42.321,snap,default,com.ss.android.ugc.aweme.mobile,discharging,1,34.6,40,100,95,1,9.06,0,0,3,4.312,0.288,1.2418559,8622,2276,0,-
18:20:43.321,snap,default,com.ss.android.ugc.aweme.mobile,discharging,1,34.6,40.8,100,95,1,9.23,0,0,3,4.314,0.29,1.25106,9691,3065,0,-
18:20:44.322,snap,default,com.ss.android.ugc.aweme.mobile,discharging,1,34.6,42,100,95,1,9.23,0,0,7,4.312,0.486,2.0956318,9691,3065,0,-
18:20:45.323,snap,default,com.ss.android.ugc.aweme.mobile,discharging,1,34.6,42,100,95,1,8.82,0,0,7,4.316,0.308,1.329328,12617,5300,0,-
18:20:46.322,snap,default,com.ss.android.ugc.aweme.mobile,discharging,1,34.6,41.6,100,95,1,8.82,0,0,0,4.315,0.208,0.89752,12617,5300,0,-
18:20:47.324,snap,default,com.ss.android.ugc.aweme.mobile,discharging,1,34.6,40.8,100,95,1,8.49,0,0,0,4.315,0.2,0.86300004,5462,897,0,-
18:20:48.329,snap,default,com.ss.android.ugc.aweme.mobile,discharging,1,34.6,40.8,100,95,1,8.49,0,0,0,4.307,0.2,0.86140007,5462,897,0,-
18:20:49.323,snap,default,com.ss.android.ugc.aweme.mobile,discharging,1,34.6,43.8,100,95,1,8.49,0,0,0,4.307,0.2,0.86140007,17588,8923,0,-
18:20:50.322,snap,default,com.ss.android.ugc.aweme.mobile,discharging,1,34.6,46.8,100,95,1,10.03,0,0,7,4.304,0.812,3.4948478,17588,8923,0,-
18:20:51.322,snap,default,com.ss.android.ugc.aweme.mobile,discharging,1,34.6,49.8,100,95,1,10.03,0,0,7,4.311,0.979,4.2204685,24226,14133,0,-
18:20:52.322,snap,default,com.ss.android.ugc.aweme.mobile,discharging,1,34.6,48.3,100,95,1,11.84,0,0,10,4.301,0.755,3.247255,24226,14133,0,-
18:20:53.323,snap,default,com.ss.android.ugc.aweme.mobile,discharging,1,34.6,46.7,100,95,1,11.84,0,0,7,4.308,1.179,5.079132,16846,8389,0,-
18:20:54.324,snap,default,com.ss.android.ugc.aweme.mobile,discharging,1,34.6,44.4,100,95,1,11.87,0,0,4,4.309,0.48,2.06832,16846,8389,0,-
18:20:55.323,snap,default,com.ss.android.ugc.aweme.mobile,discharging,1,34.6,43.6,100,95,1,11.87,0,0,3,4.306,0.426,1.8343561,16846,8389,0,-
18:20:56.325,snap,default,com.ss.android.ugc.aweme.mobile,discharging,1,34.6,42,100,95,1,11.71,0,0,2,4.312,0.439,1.8929679,11644,4552,0,-
18:20:57.324,snap,default,com.ss.android.ugc.aweme.mobile,discharging,1,34.6,42,100,95,1,11.71,0,0,0,4.315,0.262,1.13053,11644,4552,0,-
18:20:58.324,snap,default,com.ss.android.ugc.aweme.mobile,discharging,1,34.6,41.2,100,95,1,10.67,0,0,0,4.314,0.176,0.759264,5795,920,0,-
18:20:59.323,snap,default,com.ss.android.ugc.aweme.mobile,discharging,1,34.6,41.2,100,95,1,10.67,0,0,3,4.312,0.201,0.866712,5795,920,0,-
18:21:00.324,snap,default,com.ss.android.ugc.aweme.mobile,discharging,1,34.6,41.6,100,95,1,10.19,0,0,3,4.313,0.296,1.276648,9647,3447,0,-
18:21:01.325,snap,default,com.ss.android.ugc.aweme.mobile,discharging,1,34.6,41.6,100,95,1,10.19,0,0,3,4.312,0.293,1.263416,9647,3447,0,-
18:21:02.326,snap,default,com.ss.android.ugc.aweme.mobile,discharging,1,34.6,41.6,100,95,1,10.15,0,0,0,4.313,0.296,1.276648,7900,2106,0,-
18:21:03.325,snap,default,com.ss.android.ugc.aweme.mobile,discharging,1,34.6,41.6,100,95,1,10.15,0,0,0,4.315,0.221,0.953615,7900,2106,0,-
18:21:04.325,snap,default,com.ss.android.ugc.aweme.mobile,discharging,1,34.6,41.2,100,95,1,9.76,0,0,3,4.313,0.228,0.98336405,9666,3531,0,-
18:21:05.328,snap,default,com.ss.android.ugc.aweme.mobile,discharging,1,34.6,41.2,100,95,1,9.76,0,0,2,4.313,0.345,1.487985,9666,3531,0,-
18:21:06.327,snap,default,com.ss.android.ugc.aweme.mobile,discharging,1,34.6,41.2,100,95,1,9.8,0,0,2,4.314,0.292,1.259688,8473,2495,0,-
18:21:07.329,snap,default,com.ss.android.ugc.aweme.mobile,discharging,1,34.6,41.2,100,95,1,9.8,0,0,0,4.315,0.264,1.13916,8473,2495,0,-
18:21:08.329,snap,default,com.ss.android.ugc.aweme.mobile,discharging,1,34.6,42.8,100,95,1,10.75,0,0,0,4.293,0.187,0.80279106,17763,9352,0,-
18:21:09.327,snap,default,com.ss.android.ugc.aweme.mobile,discharging,1,34.6,43.2,100,95,1,10.75,0,0,0,4.312,0.803,3.4625356,17763,9352,0,-
18:21:10.327,snap,default,com.ss.android.ugc.aweme.mobile,discharging,1,34.6,42.8,100,95,1,10.97,0,0,7,4.311,0.432,1.862352,11921,5159,0,-
18:21:11.328,snap,default,com.ss.android.ugc.aweme.mobile,discharging,1,34.6,41.6,100,95,1,10.97,0,0,0,4.312,0.379,1.6342479,11921,5159,0,-
18:21:12.333,snap,default,com.ss.android.ugc.aweme.mobile,discharging,1,34.6,41.6,100,95,1,10.98,0,0,0,4.313,0.286,1.2335181,8466,2644,0,-
18:21:13.332,snap,default,com.ss.android.ugc.aweme.mobile,discharging,1,34.6,42,100,95,1,10.98,0,0,0,4.313,0.281,1.211953,8466,2644,0,-
18:21:14.332,snap,default,com.ss.android.ugc.aweme.mobile,discharging,1,34.6,43.6,100,95,1,11.16,0,0,0,4.309,0.354,1.525386,16977,8131,0,-
18:21:15.334,snap,default,com.ss.android.ugc.aweme.mobile,discharging,1,34.6,45.1,100,95,1,11.16,0,0,4,4.306,0.567,2.441502,16977,8131,0,-
18:21:16.333,snap,default,com.ss.android.ugc.aweme.mobile,discharging,1,34.6,45.5,100,95,1,11.31,0,0,7,4.309,0.615,2.6500351,17878,9053,0,-
18:21:17.334,snap,default,com.ss.android.ugc.aweme.mobile,discharging,1,34.6,45.5,100,95,1,11.31,0,0,4,4.298,0.463,1.9899739,17878,9053,0,-
18:21:18.333,snap,default,com.ss.android.ugc.aweme.mobile,discharging,1,34.6,44.4,100,95,1,12.34,0,0,8,4.309,0.967,4.166803,14880,7308,0,-
18:21:19.334,snap,default,com.ss.android.ugc.aweme.mobile,discharging,1,34.6,44.4,100,95,1,12.34,0,0,0,4.311,0.329,1.418319,14880,7308,0,-
18:21:20.334,snap,default,com.ss.android.ugc.aweme.mobile,discharging,1,34.6,45.1,100,95,1,11.74,0,0,22,4.307,0.376,1.619432,16686,7713,0,-
18:21:21.333,snap,default,com.ss.android.ugc.aweme.mobile,discharging,1,34.6,45.1,100,95,1,11.74,0,0,0,4.308,0.491,2.115228,16686,7713,0,-
18:21:22.335,snap,default,com.ss.android.ugc.aweme.mobile,discharging,1,34.6,45.1,100,95,1,10.88,0,0,0,4.299,0.508,2.183892,16686,7713,0,-
18:21:23.333,snap,default,com.ss.android.ugc.aweme.mobile,discharging,1,34.6,45.1,100,95,1,10.88,0,0,30,4.311,0.513,2.211543,11670,3987,0,-
18:21:24.333,snap,default,com.ss.android.ugc.aweme.mobile,discharging,1,34.6,46.3,100,95,1,11.62,0,0,0,4.303,0.327,1.407081,11670,3987,0,-
18:21:25.333,snap,default,com.ss.android.ugc.aweme.mobile,discharging,1,34.6,46.3,100,95,1,11.62,0,0,7,4.298,0.695,2.98711,24033,13878,0,-
18:21:26.338,snap,default,com.ss.android.ugc.aweme.mobile,discharging,1,34.6,44.4,100,95,1,11.33,0,0,4,4.308,0.556,2.395248,24033,13878,0,-
18:21:27.335,snap,default,com.ss.android.ugc.aweme.mobile,discharging,1,34.6,44,100,95,1,11.33,0,0,4,4.307,0.475,2.045825,12725,4743,0,-
18:21:28.335,snap,default,com.ss.android.ugc.aweme.mobile,discharging,1,34.6,43.2,100,95,1,10.36,0,0,5,4.311,0.362,1.5605819,12725,4743,0,-
18:21:29.335,snap,default,com.ss.android.ugc.aweme.mobile,discharging,1,34.6,43.2,100,95,1,10.36,0,0,2,4.31,0.314,1.35334,9600,3542,0,-
18:21:30.335,snap,default,com.ss.android.ugc.aweme.mobile,discharging,1,34.6,44.4,100,95,1,10.11,0,0,4,4.304,0.364,1.5666559,9600,3542,0,-
18:21:31.338,snap,default,com.ss.android.ugc.aweme.mobile,discharging,1,34.6,44.4,100,95,1,10.11,0,0,11,4.304,0.561,2.4145439,16789,7297,0,-
18:21:32.336,snap,default,com.ss.android.ugc.aweme.mobile,discharging,1,34.6,45.5,100,95,1,9.55,0,0,0,4.312,0.535,2.30692,16789,7297,0,-
18:21:33.336,snap,default,com.ss.android.ugc.aweme.mobile,discharging,1,34.6,48.3,100,95,1,9.55,0,0,8,4.296,0.337,1.447752,17014,9232,0,-
18:21:34.337,snap,default,com.ss.android.ugc.aweme.mobile,discharging,1,34.6,48.3,100,95,1,11.62,0,0,9,4.301,0.988,4.249388,17014,9232,0,-
18:21:35.337,snap,default,com.ss.android.ugc.aweme.mobile,discharging,1,34.6,45.9,100,95,1,11.62,0,0,7,4.303,0.868,3.735004,15225,7526,0,-
18:21:36.337,snap,default,com.ss.android.ugc.aweme.mobile,discharging,1,34.6,43.6,100,95,1,10.96,0,0,3,4.311,0.431,1.8580409,15225,7526,0,-
18:21:37.337,snap,default,com.ss.android.ugc.aweme.mobile,discharging,1,34.6,43.2,100,95,1,10.96,0,0,3,4.31,0.316,1.36196,8791,3036,0,-
18:21:38.337,snap,default,com.ss.android.ugc.aweme.mobile,discharging,1,34.6,43.6,100,95,1,10.43,0,0,3,4.305,0.317,1.3646849,8791,3036,0,-
18:21:39.337,snap,default,com.ss.android.ugc.aweme.mobile,discharging,1,34.7,42.8,100,95,1,10.43,0,0,3,4.308,0.414,1.783512,13273,5327,0,-
18:21:40.337,snap,default,com.ss.android.ugc.aweme.mobile,discharging,1,34.7,42.8,100,95,1,10.35,0,0,9,4.309,0.353,1.5210769,13273,5327,0,-
18:21:41.338,snap,default,com.ss.android.ugc.aweme.mobile,discharging,1,34.7,42.8,100,95,1,10.35,0,0,5,4.306,0.465,2.00229,16020,6810,0,-
18:21:42.338,snap,default,com.ss.android.ugc.aweme.mobile,discharging,1,34.7,42.8,100,95,1,10.1,0,0,5,4.31,0.371,1.59901,16020,6810,0,-
18:21:43.338,snap,default,com.ss.android.ugc.aweme.mobile,discharging,1,34.7,41.2,100,95,1,10.1,0,0,5,4.313,0.236,1.017868,8691,2378,0,-
18:21:44.338,snap,default,com.ss.android.ugc.aweme.mobile,discharging,1,34.7,41.2,100,95,1,9.36,0,0,5,4.314,0.233,1.005162,8691,2378,0,-
18:21:45.338,snap,default,com.ss.android.ugc.aweme.mobile,discharging,1,34.7,41.2,100,95,1,9.36,0,0,3,4.311,0.251,1.0820609,9180,2909,0,-
18:21:46.338,snap,default,com.ss.android.ugc.aweme.mobile,discharging,1,34.7,41.2,100,95,1,9.29,0,0,3,4.311,0.307,1.323477,9180,2909,0,-
18:21:47.339,snap,default,com.ss.android.ugc.aweme.mobile,discharging,1,34.7,42.4,100,95,1,9.29,0,0,3,4.303,0.537,2.310711,9180,2909,0,-
18:21:48.339,snap,default,com.ss.android.ugc.aweme.mobile,discharging,1,34.7,45.4,100,95,1,8.88,0,0,10,4.311,0.323,1.3924531,12389,4901,0,-
18:21:49.339,snap,default,com.ss.android.ugc.aweme.mobile,discharging,1,34.7,44.8,100,95,1,8.88,0,0,4,4.3,0.649,2.7907,12389,4901,0,-
18:21:50.340,snap,default,com.ss.android.ugc.aweme.mobile,discharging,1,34.7,44.8,100,95,1,9.08,0,0,10,4.304,0.553,2.380112,18428,8575,0,-
18:21:51.339,snap,default,com.ss.android.ugc.aweme.mobile,discharging,1,34.7,44.8,100,95,1,9.08,0,0,9,4.305,0.484,2.0836198,18428,8575,0,-
18:21:52.339,snap,default,com.ss.android.ugc.aweme.mobile,discharging,1,34.7,44.8,100,95,1,9.06,0,0,8,4.31,0.477,2.05587,16860,7343,0,-
18:21:53.339,snap,default,com.ss.android.ugc.aweme.mobile,discharging,1,34.7,44.4,100,95,1,9.06,0,0,8,4.308,0.597,2.571876,16860,7343,0,-
18:21:54.340,snap,default,com.ss.android.ugc.aweme.mobile,discharging,1,34.7,44,100,95,1,9.78,0,0,9,4.302,0.473,2.034846,19939,9822,0,-
18:21:55.340,snap,default,com.ss.android.ugc.aweme.mobile,discharging,1,34.7,43.2,100,95,1,9.78,0,0,9,4.311,0.486,2.095146,19939,9822,0,-
18:21:56.341,snap,default,com.ss.android.ugc.aweme.mobile,discharging,1,34.7,43.2,100,95,1,9.63,0,0,9,4.31,0.317,1.36627,14736,6330,0,-
18:21:57.341,snap,default,com.ss.android.ugc.aweme.mobile,discharging,1,34.7,42.8,100,95,1,9.63,0,0,8,4.307,0.545,2.347315,14736,6330,0,-
18:21:58.342,snap,default,com.ss.android.ugc.aweme.mobile,discharging,1,34.7,42.8,100,95,1,9.88,0,0,0,4.31,0.268,1.15508,15761,7145,0,-
18:21:59.343,snap,default,com.ss.android.ugc.aweme.mobile,discharging,1,34.7,42.4,100,95,1,9.88,0,0,0,4.312,0.265,1.1426799,15761,7145,0,-
18:22:00.342,snap,default,com.ss.android.ugc.aweme.mobile,discharging,1,34.7,41.6,100,95,1,9.9,0,0,0,4.311,0.276,1.1898359,9251,3008,0,-
18:22:01.343,snap,default,com.ss.android.ugc.aweme.mobile,discharging,1,34.7,41.2,100,95,1,9.9,0,0,0,4.311,0.279,1.202769,9251,3008,0,-
18:22:02.342,snap,default,com.ss.android.ugc.aweme.mobile,discharging,1,34.7,41.2,100,95,1,10.46,0,0,0,4.309,0.296,1.275464,9694,3461,0,-
18:22:03.342,snap,default,com.ss.android.ugc.aweme.mobile,discharging,1,34.7,42,100,95,1,10.46,0,0,0,4.312,0.286,1.233232,9694,3461,0,-
18:22:04.342,snap,default,com.ss.android.ugc.aweme.mobile,discharging,1,34.7,42,100,95,1,10.74,0,0,0,4.303,0.436,1.8761079,11943,4766,0,-
18:22:05.342,snap,default,com.ss.android.ugc.aweme.mobile,discharging,1,34.7,42,100,95,1,10.74,0,0,0,4.31,0.358,1.5429801,11943,4766,0,-
18:22:06.342,snap,default,com.ss.android.ugc.aweme.mobile,discharging,1,34.7,41.6,100,95,1,10.97,0,0,0,4.311,0.281,1.211391,8770,2628,0,-
18:22:07.342,snap,default,com.ss.android.ugc.aweme.mobile,discharging,1,34.7,42,100,95,1,10.97,0,0,0,4.311,0.274,1.181214,8770,2628,0,-
18:22:08.343,snap,default,com.ss.android.ugc.aweme.mobile,discharging,1,34.7,41.6,100,95,1,11.15,0,0,0,4.303,0.378,1.626534,11201,3818,0,-
18:22:09.343,snap,default,com.ss.android.ugc.aweme.mobile,discharging,1,34.7,41.2,100,95,1,11.15,0,0,0,4.311,0.275,1.185525,11201,3818,0,-
18:22:10.345,snap,default,com.ss.android.ugc.aweme.mobile,discharging,1,34.7,41.2,100,95,1,11.12,0,0,0,4.312,0.269,1.159928,9387,3022,0,-
18:22:11.345,snap,default,com.ss.android.ugc.aweme.mobile,discharging,1,34.7,41.2,100,95,1,11.12,0,0,0,4.312,0.263,1.134056,9387,3022,0,-
18:22:12.350,snap,default,com.ss.android.ugc.aweme.mobile,discharging,1,34.7,41.2,100,95,1,11.46,0,0,0,4.312,0.262,1.1297439,12270,4507,0,-
18:22:13.346,snap,default,com.ss.android.ugc.aweme.mobile,discharging,1,34.7,44.2,100,95,1,11.46,0,0,10,4.302,0.596,2.563992,12270,4507,0,-
18:22:14.347,snap,default,com.ss.android.ugc.aweme.mobile,discharging,1,34.7,44.8,100,95,1,12.1,0,0,10,4.309,0.537,2.313933,12270,4507,0,-
18:22:15.348,snap,default,com.ss.android.ugc.aweme.mobile,discharging,1,34.7,44.8,100,95,1,12.1,0,0,6,4.311,0.296,1.2760559,19782,9909,0,-
18:22:16.348,snap,default,com.ss.android.ugc.aweme.mobile,discharging,1,34.7,44.4,100,95,1,11.72,0,0,6,4.3,0.699,3.0057,19782,9909,0,-
18:22:17.346,snap,default,com.ss.android.ugc.aweme.mobile,discharging,1,34.7,44.8,100,95,1,11.72,0,0,6,4.297,0.708,3.042276,19366,8569,0,-
18:22:18.348,snap,default,com.ss.android.ugc.aweme.mobile,discharging,1,34.7,44.4,100,95,1,11.59,2.53,0.18,0,4.307,0.689,2.967523,19366,8569,0,-
18:22:19.347,snap,default,com.ss.android.ugc.aweme.mobile,discharging,1,34.7,44,100,95,1,11.59,2.53,0.18,4,4.308,0.402,1.731816,18700,5805,0,-
18:22:20.349,snap,default,com.ss.android.ugc.aweme.mobile,discharging,1,34.7,43.2,100,95,1,11.48,2.07,0.14,4,4.309,0.519,2.236371,18700,5805,0,-
18:22:21.349,snap,default,com.ss.android.ugc.aweme.mobile,discharging,1,34.7,44,100,95,1,11.48,2.07,0.14,8,4.304,0.593,2.5522718,19534,9202,0,-
18:22:22.348,snap,default,com.ss.android.ugc.aweme.mobile,discharging,1,34.7,44,100,95,1,12.84,1.7,0.12,8,4.298,1.074,4.6160517,19534,9202,0,-
18:22:23.348,snap,default,com.ss.android.ugc.aweme.mobile,discharging,1,34.7,47,100,95,1,12.84,1.7,0.12,10,4.3,1.221,5.2503,23460,14351,0,-
18:22:24.348,snap,default,com.ss.android.ugc.aweme.mobile,discharging,1,34.7,50,100,95,1,13.6,1.39,0.09,10,4.303,0.684,2.943252,23460,14351,0,-
18:22:25.350,snap,default,com.ss.android.ugc.aweme.mobile,discharging,1,34.7,47,100,95,1,13.6,1.39,0.09,5,4.307,0.429,1.847703,15529,7189,0,-
18:22:26.349,snap,default,com.ss.android.ugc.aweme.mobile,discharging,1,34.7,46.3,100,95,1,12.94,1.13,0.08,8,4.302,0.547,2.353194,15529,7189,0,-
18:22:27.350,snap,default,com.ss.android.ugc.aweme.mobile,discharging,1,34.7,45.9,100,95,1,12.94,1.13,0.08,8,4.303,0.557,2.396771,21526,10222,0,-
18:22:28.350,snap,default,com.ss.android.ugc.aweme.mobile,discharging,1,34.7,45.1,100,95,1,12.41,0.93,0.06,6,4.304,0.494,2.1261759,21526,10222,0,-
18:22:29.351,snap,default,com.ss.android.ugc.aweme.mobile,discharging,1,34.7,45.1,100,95,1,12.41,0.93,0.06,7,4.308,0.475,2.0463,15853,6322,0,-
18:22:30.351,snap,default,com.ss.android.ugc.aweme.mobile,discharging,1,34.7,45.1,100,95,1,11.61,0.76,0.05,5,4.308,0.382,1.645656,15853,6322,0,-
18:22:31.350,snap,default,com.ss.android.ugc.aweme.mobile,discharging,1,34.7,45.1,100,95,1,11.61,0.76,0.05,8,4.297,0.505,2.169985,16011,7110,0,-
18:22:32.351,snap,default,com.ss.android.ugc.aweme.mobile,discharging,1,34.7,45.1,100,95,1,11.14,0.62,0.04,8,4.301,0.588,2.5289881,16011,7110,0,-
18:22:33.351,snap,default,com.ss.android.ugc.aweme.mobile,discharging,1,34.7,46.3,100,95,1,11.14,0.62,0.04,8,4.296,0.425,1.8258001,19084,9234,0,-
18:22:34.352,snap,default,com.ss.android.ugc.aweme.mobile,discharging,1,34.7,44.8,100,95,1,11.29,0.51,0.03,6,4.3,0.733,3.1519,19084,9234,0,-
18:22:35.350,snap,default,com.ss.android.ugc.aweme.mobile,discharging,1,34.7,45.1,100,95,1,11.29,0.51,0.03,9,4.307,0.475,2.045825,16641,7116,0,-
18:22:36.352,snap,default,com.ss.android.ugc.aweme.mobile,discharging,1,34.7,44.8,100,95,1,10.88,0.41,0.02,5,4.306,0.449,1.9333941,16641,7116,0,-
18:22:37.351,snap,default,com.ss.android.ugc.aweme.mobile,discharging,1,34.7,45.1,100,95,1,10.88,0.41,0.02,6,4.299,0.429,1.8442708,18273,7776,0,-
18:22:38.351,snap,default,com.ss.android.ugc.aweme.mobile,discharging,1,34.7,45.5,100,95,1,10.72,0.34,0.02,6,4.305,0.689,2.966145,18273,7776,0,-
18:22:39.352,snap,default,com.ss.android.ugc.aweme.mobile,discharging,1,34.8,45.9,100,95,1,10.72,0.34,0.02,9,4.308,0.482,2.076456,18273,7776,0,-
18:22:40.351,snap,default,com.ss.android.ugc.aweme.mobile,discharging,1,34.8,45.9,100,95,1,11.31,0.28,0.01,9,4.307,0.511,2.200877,19656,8270,0,-
18:22:41.351,snap,default,com.ss.android.ugc.aweme.mobile,discharging,1,34.8,45.5,100,95,1,11.31,0.28,0.01,5,4.306,0.387,1.666422,19656,8270,0,-
18:22:42.353,snap,default,com.ss.android.ugc.aweme.mobile,discharging,1,34.8,44.4,100,95,1,11.62,0.22,0.01,5,4.301,0.569,2.4472692,18795,7825,0,-
18:22:43.353,snap,default,com.ss.android.ugc.aweme.mobile,discharging,1,34.8,44.4,100,95,1,11.62,0.22,0.01,5,4.308,0.404,1.7404321,18795,7825,0,-
18:22:44.354,snap,default,com.ss.android.ugc.aweme.mobile,discharging,1,34.8,42.8,100,95,1,11.5,0.18,0.01,0,4.309,0.303,1.305627,16779,6937,0,-
18:22:45.353,snap,default,com.ss.android.ugc.aweme.mobile,discharging,1,34.8,42.8,100,95,1,11.5,0.18,0.01,0,4.306,0.243,1.0463581,16779,6937,0,-
18:22:46.354,snap,default,com.ss.android.ugc.aweme.mobile,discharging,1,34.8,43.2,100,95,1,11.23,0.15,0,0,4.306,0.331,1.425286,9205,3319,0,-
18:22:47.355,snap,default,com.ss.android.ugc.aweme.mobile,discharging,1,34.8,43.2,100,95,1,11.23,0.15,0,0,4.309,0.459,1.977831,9205,3319,0,-
18:22:48.353,snap,default,com.ss.android.ugc.aweme.mobile,discharging,1,34.8,43.6,100,95,1,11.19,0.12,0,5,4.309,0.308,1.327172,13810,5524,0,-
18:22:49.355,snap,default,com.ss.android.ugc.aweme.mobile,discharging,1,34.8,43.6,100,95,1,11.19,0.12,0,0,4.303,0.474,2.039622,13810,5524,0,-
18:22:50.354,snap,default,com.ss.android.ugc.aweme.mobile,discharging,1,34.8,43.6,100,95,1,11.15,0.1,0,0,4.3,0.458,1.9694,16431,6747,0,-
18:22:51.357,snap,default,com.ss.android.ugc.aweme.mobile,discharging,1,34.8,43.2,100,95,1,11.15,0.1,0,0,4.31,0.284,1.22404,16431,6747,0,-
18:22:52.357,snap,default,com.ss.android.ugc.aweme.mobile,discharging,1,34.8,42,100,95,1,10.4,0.08,0,0,4.31,0.295,1.2714499,7866,2055,0,-
18:22:53.356,snap,default,com.ss.android.ugc.aweme.mobile,discharging,1,34.8,42,100,95,1,10.4,0.08,0,0,4.309,0.225,0.969525,7866,2055,0,-
18:22:54.355,snap,default,com.ss.android.ugc.aweme.mobile,discharging,1,34.8,42,100,95,1,10.14,0.06,0,8,4.292,0.344,1.4764479,10294,2874,0,-
18:22:55.356,snap,default,com.ss.android.ugc.aweme.mobile,discharging,1,34.8,45,100,95,1,10.14,0.06,0,8,4.305,1.2,5.166,10294,2874,0,-
18:22:56.356,snap,default,com.ss.android.ugc.aweme.mobile,discharging,1,34.8,45.1,100,95,1,12.83,0.41,0,8,4.306,0.335,1.4425101,19470,10238,0,-
18:22:57.356,snap,default,com.ss.android.ugc.aweme.mobile,discharging,1,34.8,44,100,95,1,12.83,0.41,0,8,4.31,0.237,1.02147,19470,10238,0,-
18:22:58.356,snap,default,com.ss.android.ugc.aweme.mobile,discharging,1,34.8,43.6,100,95,1,11.78,0.34,0,0,4.309,0.193,0.831637,8259,2617,0,-
18:22:59.357,snap,default,com.ss.android.ugc.aweme.mobile,discharging,1,34.8,43.6,100,95,1,11.78,0.34,0,14,4.304,0.54,2.32416,8259,2617,0,-
18:23:00.356,snap,default,com.ss.android.ugc.aweme.mobile,discharging,1,34.8,44.8,100,95,1,11.82,0.28,0,16,4.307,0.515,2.218105,22233,12601,0,-
18:23:01.356,snap,default,com.ss.android.ugc.aweme.mobile,discharging,1,34.8,47.8,100,95,1,11.82,0.28,0,12,4.293,0.676,2.9020681,22233,12601,0,-
18:23:02.357,snap,default,com.ss.android.ugc.aweme.mobile,discharging,1,34.8,48.3,100,95,1,12.39,0.22,0,12,4.296,1.051,4.515096,24722,14487,0,-
18:23:03.357,snap,default,com.ss.android.ugc.aweme.mobile,discharging,1,34.8,46.7,100,95,1,12.39,0.22,0,12,4.305,0.421,1.812405,24722,14487,0,-
18:23:04.357,snap,default,com.ss.android.ugc.aweme.mobile,discharging,1,34.8,46.7,100,95,1,12.14,0.18,0,14,4.309,0.436,1.878724,19974,9339,0,-
18:23:05.359,snap,default,com.ss.android.ugc.aweme.mobile,discharging,1,34.8,46.3,100,95,1,12.14,0.18,0,14,4.292,0.95,4.0773997,19974,9339,0,-
18:23:06.358,snap,default,com.ss.android.ugc.aweme.mobile,discharging,1,34.8,45.9,100,95,1,11.93,0.15,0,14,4.308,0.586,2.5244882,19974,9339,0,-
18:23:07.358,snap,default,com.ss.android.ugc.aweme.mobile,discharging,1,34.8,45.9,100,95,1,11.93,0.15,0,0,4.31,0.311,1.34041,10586,4229,0,-
18:23:08.357,snap,default,com.ss.android.ugc.aweme.mobile,discharging,1,34.8,43.2,100,95,1,11.58,0.12,0,0,4.31,0.193,0.83183,10586,4229,0,-
18:23:09.357,snap,default,com.ss.android.ugc.aweme.mobile,discharging,1,34.8,42.4,100,95,1,11.58,0.12,0,0,4.311,0.206,0.888066,5573,721,0,-
18:23:10.358,snap,default,com.ss.android.ugc.aweme.mobile,discharging,1,34.8,42.4,100,95,1,10.75,0.1,0,5,4.31,0.187,0.80597,5573,721,0,-
18:23:11.358,snap,default,com.ss.android.ugc.aweme.mobile,discharging,1,34.8,43.2,100,95,1,10.75,0.1,0,5,4.31,0.352,1.51712,9602,2712,0,-
18:23:12.360,snap,default,com.ss.android.ugc.aweme.mobile,discharging,1,34.8,44,100,95,1,10.79,0.08,0,5,4.298,0.545,2.34241,9602,2712,0,-
18:23:13.358,snap,default,com.ss.android.ugc.aweme.mobile,discharging,1,34.8,44,100,95,1,10.79,0.08,0,0,4.307,0.445,1.916615,14646,7284,0,-
18:23:14.358,snap,default,com.ss.android.ugc.aweme.mobile,discharging,1,34.8,44,100,95,1,11.19,0.06,0,0,4.301,0.339,1.4580389,14646,7284,0,-
18:23:15.360,snap,default,com.ss.android.ugc.aweme.mobile,discharging,1,34.8,44,100,95,1,11.19,0.06,0,6,4.298,0.487,2.0931258,10606,3599,0,-
18:23:16.360,snap,default,com.ss.android.ugc.aweme.mobile,discharging,1,34.8,43.2,100,95,1,10.43,0.05,0,0,4.304,0.48,2.0659199,10606,3599,0,-
18:23:17.360,snap,default,com.ss.android.ugc.aweme.mobile,discharging,1,34.8,42.8,100,95,1,10.43,0.05,0,0,4.31,0.285,1.2283499,8863,2900,0,-
18:23:18.361,snap,default,com.ss.android.ugc.aweme.mobile,discharging,1,34.8,42.4,100,95,1,9.81,0.04,0,0,4.311,0.18,0.77598,8863,2900,0,-
18:23:19.360,snap,default,com.ss.android.ugc.aweme.mobile,discharging,1,34.8,42,100,95,1,9.81,0.04,0,0,4.308,0.2,0.86160004,5718,999,0,-
18:23:20.359,snap,default,com.ss.android.ugc.aweme.mobile,discharging,1,34.8,42,100,95,1,9.84,0.03,0,0,4.299,0.343,1.4745569,5718,999,0,-
18:23:21.359,snap,default,com.ss.android.ugc.aweme.mobile,discharging,1,34.8,44,100,95,1,9.84,0.03,0,0,4.302,0.543,2.335986,15181,6565,0,-
18:23:22.359,snap,default,com.ss.android.ugc.aweme.mobile,discharging,1,34.8,44,100,95,1,10.6,0.03,0,0,4.298,0.592,2.544416,15181,6565,0,-
18:23:23.361,snap,default,com.ss.android.ugc.aweme.mobile,discharging,1,34.8,46.3,100,95,1,10.6,0.03,0,5,4.302,0.871,3.747042,16262,7675,0,-
18:23:24.359,snap,default,com.ss.android.ugc.aweme.mobile,discharging,1,34.8,48.7,100,95,1,10.6,0.03,0,5,4.302,0.871,3.747042,16262,7675,0,-
18:23:25.361,snap,default,com.ss.android.ugc.aweme.mobile,discharging,1,34.8,46.3,100,95,1,9.76,0.02,0,0,4.298,0.547,2.3510058,8857,2419,0,-
18:23:26.360,snap,default,com.ss.android.ugc.aweme.mobile,discharging,1,34.9,48.7,100,95,1,9.76,0.02,0,0,4.308,0.492,2.1195362,8857,2419,0,-
18:23:27.361,snap,default,com.ss.android.ugc.aweme.mobile,discharging,1,34.9,47.1,100,95,1,9.44,0.01,0,0,4.296,0.471,2.023416,16091,6823,0,-
18:23:28.362,snap,default,com.ss.android.ugc.aweme.mobile,discharging,1,34.9,50.1,100,95,1,9.44,0.01,0,6,4.305,0.805,3.465525,16091,6823,0,-
18:23:29.362,snap,default,com.ss.android.ugc.aweme.mobile,discharging,1,34.9,47.1,100,95,1,9.54,0.01,0,6,4.301,0.555,2.3870552,12602,4671,0,-
18:23:30.362,snap,default,com.ss.android.ugc.aweme.mobile,discharging,1,34.9,49.9,100,95,1,9.54,0.01,0,0,4.307,0.714,3.0751982,12602,4671,0,-
18:23:31.363,snap,default,com.ss.android.ugc.aweme.mobile,discharging,1,34.9,49.1,100,95,1,9.08,0.01,0,0,4.3,0.406,1.7458,12602,4671,0,-
18:23:32.362,snap,default,com.ss.android.ugc.aweme.mobile,discharging,1,34.9,49.1,100,95,1,9.08,0.01,0,7,4.292,0.947,4.064524,24356,14381,0,-
18:23:33.363,snap,default,com.ss.android.ugc.aweme.mobile,discharging,1,34.9,46.1,100,95,1,11.24,0.01,0,3,4.303,0.771,3.3176131,24356,14381,0,-
18:23:34.368,snap,default,com.ss.android.ugc.aweme.mobile,discharging,1,34.9,44.8,100,95,1,11.24,0.01,0,3,4.306,0.396,1.7051761,14071,6360,0,-
18:23:35.364,snap,default,com.ss.android.ugc.aweme.mobile,discharging,1,34.9,44,100,95,1,11.38,0,0,0,4.306,0.394,1.6965641,14071,6360,0,-
18:23:36.363,snap,default,com.ss.android.ugc.aweme.mobile,discharging,1,34.9,44,100,95,1,11.38,0,0,0,4.305,0.523,2.251515,14899,6208,0,-
18:23:37.364,snap,default,com.ss.android.ugc.aweme.mobile,discharging,1,34.9,46.3,100,95,1,11.31,0,0,0,4.306,0.358,1.5415481,14899,6208,0,-
18:23:38.364,snap,default,com.ss.android.ugc.aweme.mobile,discharging,1,34.9,46.3,100,95,1,11.31,0,0,9,4.304,0.651,2.801904,17045,8603,0,-
18:23:39.364,snap,default,com.ss.android.ugc.aweme.mobile,discharging,1,34.9,44,100,95,1,11.79,0,0,0,4.305,0.401,1.7263049,17045,8603,0,-
18:23:40.364,snap,default,com.ss.android.ugc.aweme.mobile,discharging,1,34.9,44,100,95,1,11.79,0,0,0,4.306,0.398,1.7137882,14230,5782,0,-
18:23:41.364,snap,default,com.ss.android.ugc.aweme.mobile,discharging,1,34.9,44.4,100,95,1,12.74,0,0,0,4.301,0.508,2.1849082,14230,5782,0,-
18:23:42.365,snap,default,com.ss.android.ugc.aweme.mobile,discharging,1,34.9,44.8,100,95,1,12.74,0,0,0,4.3,0.429,1.8447001,17414,7821,0,-
18:23:43.366,snap,default,com.ss.android.ugc.aweme.mobile,discharging,1,34.9,45.1,100,95,1,12.78,0,0,4,4.299,0.566,2.4332337,17414,7821,0,-
18:23:44.366,snap,default,com.ss.android.ugc.aweme.mobile,discharging,1,34.9,46.3,100,95,1,12.78,0,0,4,4.305,0.667,2.871435,20174,10077,0,-
18:23:45.367,snap,default,com.ss.android.ugc.aweme.mobile,discharging,1,34.9,45.1,100,95,1,13.18,0,0,8,4.303,0.618,2.6592538,20174,10077,0,-
18:23:46.366,snap,default,com.ss.android.ugc.aweme.mobile,discharging,1,34.9,46.3,100,95,1,13.18,0,0,5,4.3,0.532,2.2876,21571,10200,0,-
18:23:47.468,snap,default,com.ss.android.ugc.aweme.mobile,discharging,1,34.9,44.8,100,95,1,12.97,0,0,5,4.298,0.629,2.7034419,21571,10200,0,-
18:23:48.686,snap,default,com.ss.android.ugc.aweme.mobile,discharging,1,34.9,44.8,100,95,1,12.97,0,0,5,4.304,0.559,2.405936,19734,6993,0,-
18:23:49.685,snap,default,com.miui.home,discharging,1,34.9,44,100,95,1,17.14,0.18,0,0,4.302,0.546,2.348892,19734,6993,0,-
18:23:50.686,snap,default,com.miui.home,discharging,1,34.9,42.8,100,95,1,17.14,0.18,0,0,4.306,0.404,1.7396241,16203,5380,0,-
18:23:51.688,snap,default,com.miui.home,discharging,1,34.9,42.4,100,95,1,16.39,0.14,0,0,4.307,0.258,1.1112059,16203,5380,0,-
18:23:52.688,snap,default,com.miui.home,discharging,1,34.9,42,100,95,1,16.39,0.14,0,0,4.308,0.21,0.90468,8894,2746,0,-
18:24:04.284,snap,default,com.miui.home,discharging,1,34.9,42.4,100,95,1,15.59,0.12,0,0,4.313,0.029,0.12507701,8894,2746,0,-
18:24:05.284,snap,default,com.miui.home,discharging,1,34.9,42.4,100,95,1,15.67,0.09,0,0,4.301,0.022,0.094622,27228,12279,0,-
18:24:06.284,snap,default,com.miui.home,discharging,1,34.9,43.6,100,95,1,15.67,0.09,0,2,4.276,0.777,3.322452,27228,12279,0,-
18:24:07.285,snap,default,com.ss.android.ugc.aweme.mobile,discharging,1,34.9,44.4,100,95,1,18.26,0.08,0,0,4.306,1.12,4.82272,14715,6880,0,-
18:24:08.285,snap,default,com.ss.android.ugc.aweme.mobile,discharging,1,34.9,44.4,100,95,1,18.26,0.08,0,0,4.306,0.354,1.524324,14715,6880,0,-
18:24:09.285,snap,default,com.ss.android.ugc.aweme.mobile,discharging,1,34.9,44.4,100,95,1,17.31,0.06,0,0,4.302,0.341,1.466982,11734,4687,0,-
18:24:10.286,snap,default,com.ss.android.ugc.aweme.mobile,discharging,1,34.9,44,100,95,1,17.31,0.06,0,0,4.3,0.496,2.1328,11734,4687,0,-
18:24:11.285,snap,default,com.ss.android.ugc.aweme.mobile,discharging,1,34.9,42.8,100,95,1,16.53,0.05,0,0,4.304,0.446,1.919584,11734,4687,0,-
18:24:12.285,snap,default,com.ss.android.ugc.aweme.mobile,discharging,1,34.9,42.8,100,95,1,16.53,0.05,0,0,4.304,0.417,1.794768,10760,3495,0,-
18:24:13.287,snap,default,com.ss.android.ugc.aweme.mobile,discharging,1,34.9,44.8,100,95,1,15.89,0.04,0,0,4.3,0.417,1.7931001,10760,3495,0,-
18:24:14.288,snap,default,com.ss.android.ugc.aweme.mobile,discharging,1,34.9,44.8,100,95,1,15.89,0.04,0,0,4.304,0.66,2.84064,10044,3539,0,-
18:24:15.286,snap,default,com.ss.android.ugc.aweme.mobile,discharging,1,34.9,45.1,100,95,1,14.82,0.03,0,0,4.306,0.437,1.8817221,10044,3539,0,-
18:24:16.287,snap,default,com.ss.android.ugc.aweme.mobile,discharging,1,34.9,43.6,100,95,1,14.82,0.03,0,0,4.303,0.33,1.4199901,9954,2974,0,-
18:24:17.287,snap,default,com.ss.android.ugc.aweme.mobile,discharging,1,34.9,44.4,100,95,1,14.49,0.21,0,0,4.304,0.47,2.0228798,9954,2974,0,-
18:24:18.287,snap,default,com.ss.android.ugc.aweme.mobile,discharging,1,34.9,43.6,100,95,1,14.49,0.21,0,0,4.304,0.411,1.768944,11445,3687,0,-
18:24:19.287,snap,default,com.ss.android.ugc.aweme.mobile,discharging,1,34.9,43.2,100,95,1,14.04,0.17,0,0,4.306,0.509,2.191754,11445,3687,0,-
18:24:20.288,snap,default,com.ss.android.ugc.aweme.mobile,discharging,1,34.9,42.8,100,95,1,14.04,0.17,0,0,4.306,0.369,1.588914,7830,2561,0,-
18:24:21.287,snap,default,com.ss.android.ugc.aweme.mobile,discharging,1,34.9,42.4,100,95,1,13.3,0.14,0,0,4.307,0.352,1.516064,7830,2561,0,-
18:24:22.288,snap,default,com.ss.android.ugc.aweme.mobile,discharging,1,34.9,42.4,100,95,1,13.3,0.14,0,0,4.307,0.307,1.322249,7429,2352,0,-
18:24:23.288,snap,default,com.ss.android.ugc.aweme.mobile,discharging,1,34.9,42.4,100,95,1,12.7,0.11,0,0,4.306,0.294,1.265964,7429,2352,0,-
18:24:24.288,snap,default,com.ss.android.ugc.aweme.mobile,discharging,1,34.9,42,100,95,1,12.7,0.11,0,0,4.307,0.302,1.300714,6805,1960,0,-
18:24:25.288,snap,default,com.ss.android.ugc.aweme.mobile,discharging,1,34.9,41.6,100,95,1,12.21,0.09,0,0,4.306,0.301,1.2961061,6805,1960,0,-
18:24:26.288,snap,default,com.ss.android.ugc.aweme.mobile,discharging,1,34.9,41.6,100,95,1,12.21,0.09,0,0,4.307,0.302,1.300714,6768,2149,0,-
18:24:27.288,snap,default,com.ss.android.ugc.aweme.mobile,discharging,1,34.9,42.4,100,95,1,11.63,0.07,0,0,4.307,0.306,1.317942,6768,2149,0,-
18:24:28.288,snap,default,com.ss.android.ugc.aweme.mobile,discharging,1,34.9,42.4,100,95,1,11.63,0.07,0,0,4.308,0.285,1.22778,7054,2115,0,-
18:24:29.289,snap,default,com.ss.android.ugc.aweme.mobile,discharging,1,34.9,41.6,100,95,1,11.15,0.06,0,0,4.307,0.287,1.236109,7054,2115,0,-
18:24:30.289,snap,default,com.ss.android.ugc.aweme.mobile,discharging,1,34.9,41.6,100,95,1,11.15,0.06,0,0,4.308,0.275,1.1847,6593,1839,0,-
18:24:31.290,snap,default,com.ss.android.ugc.aweme.mobile,discharging,1,34.9,41.6,100,95,1,10.94,0.05,0,0,4.307,0.277,1.1930391,6593,1839,0,-
18:24:32.290,snap,default,com.ss.android.ugc.aweme.mobile,discharging,1,34.9,41.6,100,95,1,10.94,0.05,0,0,4.308,0.276,1.189008,6680,1758,0,-
18:24:33.292,snap,default,com.ss.android.ugc.aweme.mobile,discharging,1,34.9,41.6,100,95,1,10.77,0.04,0,0,4.305,0.287,1.2355349,6680,1758,0,-
18:24:34.290,snap,default,com.ss.android.ugc.aweme.mobile,discharging,1,34.9,41.6,100,95,1,10.77,0.04,0,0,4.307,0.283,1.218881,10059,3462,0,-
18:24:35.290,snap,default,com.ss.android.ugc.aweme.mobile,discharging,1,34.9,44,100,95,1,10.63,0.03,0,5,4.295,0.307,1.3185651,10059,3462,0,-
18:24:36.290,snap,default,com.ss.android.ugc.aweme.mobile,discharging,1,34.9,44,100,95,1,10.63,0.03,0,0,4.3,0.541,2.3263001,16177,6019,0,-
18:24:37.291,snap,default,com.ss.android.ugc.aweme.mobile,discharging,1,34.9,44.8,100,95,1,10.15,0.02,0,7,4.298,0.568,2.441264,16177,6019,0,-
18:24:38.290,snap,default,com.ss.android.ugc.aweme.mobile,discharging,1,34.9,44.8,100,95,1,10.15,0.02,0,10,4.302,0.687,2.955474,16177,6019,0,-
18:24:39.291,snap,default,com.ss.android.ugc.aweme.mobile,discharging,1,34.9,44.4,100,95,1,9.94,0.02,0,7,4.3,0.51,2.193,18395,8090,0,-
18:24:40.291,snap,default,com.ss.android.ugc.aweme.mobile,discharging,1,34.9,44.4,100,95,1,9.94,0.02,0,7,4.304,0.519,2.2337759,18395,8090,0,-
18:24:41.291,snap,default,com.ss.android.ugc.aweme.mobile,discharging,1,34.9,43.2,100,95,1,9.77,0.01,0,0,4.306,0.436,1.877416,14403,5756,0,-
18:24:42.291,snap,default,com.ss.android.ugc.aweme.mobile,discharging,1,34.9,42.8,100,95,1,9.77,0.01,0,0,4.306,0.312,1.3434721,14403,5756,0,-
18:24:43.292,snap,default,com.ss.android.ugc.aweme.mobile,discharging,1,34.9,42,100,95,1,9.99,0.01,0,0,4.305,0.324,1.39482,7450,2385,0,-
18:24:44.292,snap,default,com.ss.android.ugc.aweme.mobile,discharging,1,34.9,42,100,95,1,9.99,0.01,0,0,4.304,0.347,1.493488,7450,2385,0,-
18:24:45.292,snap,default,com.ss.android.ugc.aweme.mobile,discharging,1,34.9,42.8,100,95,1,9.99,0.01,0,0,4.304,0.332,1.4289279,8263,2287,0,-
18:24:46.292,snap,default,com.ss.android.ugc.aweme.mobile,discharging,1,34.9,42.8,100,95,1,9.99,0.01,0,0,4.3,0.412,1.7716001,8263,2287,0,-
18:24:47.292,snap,default,com.ss.android.ugc.aweme.mobile,discharging,1,34.9,42.8,100,95,1,9.99,0,0,0,4.306,0.479,2.0625741,7907,2449,0,-
18:24:48.292,snap,default,com.ss.android.ugc.aweme.mobile,discharging,1,34.9,42,100,95,1,9.99,0,0,8,4.3,0.383,1.6469,7907,2449,0,-
18:24:49.293,snap,default,com.ss.android.ugc.aweme.mobile,discharging,1,34.9,42,100,95,1,9.99,0,0,0,4.306,0.482,2.0754921,14374,6455,0,-
18:24:50.293,snap,default,com.ss.android.ugc.aweme.mobile,discharging,1,34.9,41.6,100,95,1,9.99,0,0,0,4.306,0.321,1.3822261,14374,6455,0,-
18:24:51.293,snap,default,com.ss.android.ugc.aweme.mobile,discharging,1,34.9,41.6,100,95,1,10.18,0,0,0,4.305,0.387,1.6660349,8964,2829,0,-
18:24:52.293,snap,default,com.ss.android.ugc.aweme.mobile,discharging,1,34.9,42.8,100,95,1,10.18,0,0,0,4.298,0.397,1.706306,8964,2829,0,-
18:24:53.294,snap,default,com.ss.android.ugc.aweme.mobile,discharging,1,34.9,44,100,95,1,11.05,0,0,9,4.298,0.565,2.42837,18925,8915,0,-
18:24:54.293,snap,default,com.ss.android.ugc.aweme.mobile,discharging,1,34.9,44,100,95,1,11.05,0,0,9,4.305,0.671,2.888655,18925,8915,0,-
18:24:55.293,snap,default,com.ss.android.ugc.aweme.mobile,discharging,1,34.9,43.6,100,95,1,10.86,0,0,16,4.307,0.402,1.7314141,14909,5004,0,-
18:24:56.294,snap,default,com.ss.android.ugc.aweme.mobile,discharging,1,34.9,43.6,100,95,1,10.86,0,0,16,4.304,0.457,1.9669279,14909,5004,0,-
18:24:57.294,snap,default,com.ss.android.ugc.aweme.mobile,discharging,1,34.9,46.6,100,95,1,11.79,0,0,16,4.295,0.532,2.28494,21055,10921,0,-
18:24:58.294,snap,default,com.ss.android.ugc.aweme.mobile,discharging,1,34.9,47.5,100,95,1,11.79,0,0,0,4.302,0.902,3.880404,21055,10921,0,-
18:24:59.295,snap,default,com.ss.android.ugc.aweme.mobile,discharging,1,34.9,44.8,100,95,1,12.73,0,0,0,4.304,0.506,2.1778238,13219,4864,0,-
18:25:00.294,snap,default,com.ss.android.ugc.aweme.mobile,discharging,1,34.9,44.8,100,95,1,12.73,0,0,15,4.301,0.392,1.685992,13219,4864,0,-
18:25:01.294,snap,default,com.ss.android.ugc.aweme.mobile,discharging,1,34.9,45.1,100,95,1,13.14,0,0,15,4.303,0.593,2.551679,21539,11990,0,-
18:25:02.295,snap,default,com.ss.android.ugc.aweme.mobile,discharging,1,34.9,48.1,100,95,1,13.14,0,0,7,4.278,0.547,2.340066,21539,11990,0,-
18:25:03.297,snap,default,com.ss.android.ugc.aweme.mobile,discharging,1,34.9,51.1,100,95,1,15.47,0,0,10,4.283,1.121,4.8012433,21539,11990,0,-
18:25:04.295,snap,default,com.ss.android.ugc.aweme.mobile,discharging,1,34.9,52.7,100,95,1,15.47,0,0,18,4.282,1.12,4.7958403,33321,19830,0,-
18:25:05.295,snap,default,com.ss.android.ugc.aweme.mobile,discharging,1,34.9,52.7,100,95,1,17.92,0,0,18,4.301,1.227,5.277327,33321,19830,0,-
18:25:06.295,snap,default,com.ss.android.ugc.aweme.mobile,discharging,1,34.9,49.7,100,95,1,17.92,0,0,0,4.293,0.514,2.206602,25904,13195,0,-
18:25:07.296,snap,default,com.miui.home,discharging,1,34.9,47.9,100,95,1,20.47,0,0,0,4.301,0.678,2.9160779,25904,13195,0,-
18:25:08.297,snap,default,com.miui.home,discharging,1,34.9,44.9,100,95,1,20.47,0,0,0,4.305,0.315,1.3560749,20148,8272,0,-
18:25:09.297,snap,default,com.miui.home,discharging,1,34.9,43.6,100,95,1,20.38,0,0,0,4.307,0.247,1.0638291,20148,8272,0,-
18:25:10.298,snap,default,com.miui.home,discharging,1,34.9,42.4,100,95,1,20.38,0,0,0,4.307,0.142,0.611594,8176,3588,0,-
18:25:11.321,snap,default,com.miui.home,discharging,1,34.9,42.4,100,95,1,20.68,0,0,0,4.309,0.117,0.504153,8176,3588,0,-
18:25:12.321,snap,default,com.miui.home,discharging,1,34.9,42,100,95,1,20.68,0,0,0,4.309,0.114,0.491226,7021,2886,0,-
18:25:13.321,snap,default,com.miui.home,discharging,1,34.9,41.6,100,95,1,20.55,0,0,0,4.308,0.114,0.49111202,7021,2886,0,-
18:25:14.324,snap,default,com.miui.home,discharging,1,34.9,41.6,100,95,1,20.55,0,0,0,4.309,0.109,0.469681,6782,3037,0,-
18:25:15.322,snap,default,com.miui.home,discharging,1,34.9,40.8,100,95,1,20.81,0,0,0,4.31,0.124,0.53444,6782,3037,0,-
18:25:16.323,snap,default,com.miui.home,discharging,1,34.9,40.8,100,95,1,20.81,0,0,0,4.31,0.121,0.52151,6335,2726,0,-
18:25:17.326,snap,default,com.miui.home,discharging,1,34.9,41.2,100,95,1,21.03,0,0,0,4.31,0.116,0.49995998,6335,2726,0,-
18:25:18.328,snap,default,com.miui.home,discharging,1,34.9,41.2,100,95,1,21.03,0,0,0,4.309,0.131,0.564479,6439,2758,0,-
18:25:19.328,snap,default,com.miui.home,discharging,1,34.9,41.2,100,95,1,21.02,0,0,0,4.309,0.133,0.573097,6439,2758,0,-
18:25:20.327,snap,default,com.miui.home,discharging,1,35,41.2,100,95,1,21.02,0,0,0,4.31,0.125,0.53875,6536,2923,0,-
18:25:21.329,snap,default,com.miui.home,discharging,1,35,40.8,100,95,1,21.2,0,0,0,4.309,0.126,0.542934,6536,2923,0,-
18:25:22.328,snap,default,com.miui.home,discharging,1,35,40.8,100,95,1,21.2,0,0,0,4.311,0.13,0.56043,6295,2861,0,-
18:25:23.328,snap,default,com.miui.home,discharging,1,35,40,100,95,1,21.34,0,0,0,4.309,0.128,0.55155206,6295,2861,0,-
18:25:24.327,snap,default,com.miui.home,discharging,1,35,40,100,95,1,21.34,0,0,0,4.308,0.126,0.542808,6305,2588,0,-
18:25:25.329,snap,default,com.miui.home,discharging,1,35,40.4,100,95,1,21.28,0,0,0,4.311,0.128,0.551808,6305,2588,0,-
18:25:26.329,snap,default,com.miui.home,discharging,1,35,40.4,100,95,1,21.28,0,0,0,4.31,0.132,0.56892,6222,2650,0,-
18:25:27.329,snap,default,com.miui.home,discharging,1,35,40.8,100,95,1,21.23,0,0,0,4.311,0.135,0.581985,6222,2650,0,-
18:25:28.330,snap,default,com.miui.home,discharging,1,35,40.8,100,95,1,21.23,0,0,0,4.31,0.13,0.5603,6487,2727,0,-
18:25:29.330,snap,default,com.miui.home,discharging,1,35,40.8,100,95,1,21.37,0,0,0,4.311,0.128,0.551808,6487,2727,0,-
18:25:30.331,snap,default,com.miui.home,discharging,1,35,40.4,100,95,1,21.37,0,0,0,4.31,0.121,0.52151,6487,2727,0,-
18:25:31.330,snap,default,com.miui.home,discharging,1,35,40.4,100,95,1,21.48,0,0,0,4.308,0.178,0.766824,6346,2755,0,-
18:25:32.332,snap,default,com.miui.home,discharging,1,35,40.4,100,95,1,21.48,0,0,0,4.305,0.39,1.6789498,6346,2755,0,-
18:25:33.332,snap,default,com.miui.home,discharging,1,35,40.4,100,95,1,21.76,0,0,0,4.309,0.211,0.909199,6489,2846,0,-
18:25:34.332,snap,default,com.miui.home,discharging,1,35,39.6,100,95,1,21.76,0,0,0,4.311,0.118,0.508698,6489,2846,0,-
18:25:35.332,snap,default,com.miui.home,discharging,1,35,39.6,100,95,1,21.98,0,0,0,4.31,0.114,0.49133998,6306,2693,0,-
18:25:36.332,snap,default,com.miui.home,discharging,1,35,40.4,100,95,1,21.98,0,0,0,4.31,0.115,0.49565,6306,2693,0,-
18:25:37.334,snap,default,com.miui.home,discharging,1,35,40.4,100,95,1,21.98,0,0,0,4.309,0.131,0.564479,6524,2786,0,-
18:25:38.333,snap,default,com.miui.home,discharging,1,35,40.4,100,95,1,21.98,0,0,0,4.309,0.155,0.667895,6524,2786,0,-
18:25:39.334,snap,default,com.miui.home,discharging,1,35,40.4,100,95,1,22.17,0,0,0,4.309,0.159,0.68513095,6478,2710,0,-
18:25:40.334,snap,default,com.miui.home,discharging,1,34.9,40.4,100,95,1,22.17,0,0,0,4.309,0.162,0.698058,6478,2710,0,-
18:25:41.335,snap,default,com.miui.home,discharging,1,34.9,40.4,100,95,1,22.14,0,0,0,4.31,0.162,0.69822,6512,2737,0,-
18:25:42.334,snap,default,com.miui.home,discharging,1,34.9,40.4,100,95,1,22.14,0,0,0,4.309,0.169,0.728221,6512,2737,0,-
18:25:43.335,snap,default,com.miui.home,discharging,1,34.9,40.4,100,95,1,22.29,0,0,0,4.309,0.17,0.73253,6433,2642,0,-
18:25:44.335,snap,default,com.miui.home,discharging,1,34.9,40.4,100,95,1,22.29,0,0,0,4.309,0.169,0.728221,6433,2642,0,-
18:25:45.335,snap,default,com.miui.home,discharging,1,34.9,40,100,95,1,22.06,0,0,0,4.31,0.174,0.74994,6084,2637,0,-
18:25:46.335,snap,default,com.miui.home,discharging,1,34.9,40,100,95,1,22.06,0,0,0,4.31,0.179,0.77149004,6084,2637,0,-
18:25:47.336,snap,default,com.miui.home,discharging,1,34.9,40,100,95,1,22.05,0,0,0,4.31,0.169,0.72839,6368,2895,0,-
18:25:48.337,snap,default,com.miui.home,discharging,1,34.9,40.4,100,95,1,22.05,0,0,0,4.309,0.172,0.74114805,6368,2895,0,-
18:25:49.336,snap,default,com.miui.home,discharging,1,34.9,40.4,100,95,1,21.49,0,0,0,4.309,0.166,0.715294,6681,2691,0,-
18:25:50.337,snap,default,com.miui.home,discharging,1,34.9,39.6,100,95,1,21.49,0,0,0,4.309,0.165,0.710985,6681,2691,0,-
18:25:51.338,snap,default,com.miui.home,discharging,1,34.9,39.6,100,95,1,21.58,0,0,0,4.309,0.159,0.68513095,6331,2726,0,-
18:25:52.340,snap,default,com.miui.home,discharging,1,34.9,39.6,100,95,1,21.58,0,0,0,4.309,0.167,0.719603,6331,2726,0,-
18:25:53.340,snap,default,com.miui.home,discharging,1,34.9,40.4,100,95,1,21.66,0,0,0,4.304,0.189,0.81345594,8640,3616,0,-
18:25:54.340,snap,default,com.miui.home,discharging,1,34.9,40.8,100,95,1,21.66,0,0,0,4.309,0.284,1.2237561,8640,3616,0,-
18:25:55.342,snap,default,com.miui.home,discharging,1,34.9,40.8,100,95,1,22.08,0.18,0,0,4.31,0.174,0.74994,8911,3822,0,-
18:25:56.341,snap,default,com.miui.home,discharging,1,34.9,40.4,100,95,1,22.08,0.18,0,0,4.309,0.171,0.736839,8911,3822,0,-
18:25:57.343,snap,default,com.miui.home,discharging,1,34.9,39.6,100,95,1,22.07,0.14,0,0,4.31,0.175,0.75425,8911,3822,0,-
18:25:58.347,snap,default,com.miui.home,discharging,1,34.9,39.6,100,95,1,22.07,0.14,0,0,4.308,0.169,0.728052,6603,2854,0,-
18:25:59.344,snap,default,com.miui.home,discharging,1,34.9,39.6,100,95,1,22.07,0.14,0,0,4.308,0.169,0.728052,6603,2854,0,-
18:26:00.346,snap,default,com.miui.home,discharging,1,34.9,40.4,100,95,1,21.87,0.12,0,0,4.309,0.188,0.810092,6545,2637,0,-
18:26:01.344,snap,default,com.miui.home,discharging,1,34.9,40.4,100,95,1,21.87,0.12,0,0,4.309,0.175,0.754075,6545,2637,0,-
18:26:02.344,snap,default,com.miui.home,discharging,1,34.9,39.6,100,95,1,21.53,0.09,0,0,4.31,0.163,0.70253,6142,2392,0,-
18:26:03.344,snap,default,com.miui.home,discharging,1,34.9,39.6,100,95,1,21.53,0.09,0,0,4.309,0.168,0.723912,6142,2392,0,-
18:26:04.344,snap,default,com.miui.home,discharging,1,34.9,40,100,95,1,21.62,0.08,0,0,4.309,0.17,0.73253,6380,2924,0,-
18:26:05.345,snap,default,com.miui.home,discharging,1,34.9,40,100,95,1,21.62,0.08,0,0,4.31,0.171,0.73701,6380,2924,0,-
18:26:06.346,snap,default,com.miui.home,discharging,1,34.9,40,100,95,1,21.5,0.06,0,0,4.309,0.165,0.710985,6223,2354,0,-
18:26:07.345,snap,default,com.miui.home,discharging,1,34.9,40,100,95,1,21.5,0.06,0,0,4.309,0.191,0.823019,6223,2354,0,-
18:26:08.347,snap,default,com.miui.home,discharging,1,34.9,40.4,100,95,1,21.59,0.05,0,0,4.31,0.187,0.80597,7600,3228,0,-
18:26:09.346,snap,default,com.miui.home,discharging,1,34.9,40.4,100,95,1,21.59,0.05,0,0,4.307,0.204,0.878628,7600,3228,0,-
18:26:10.347,snap,default,com.miui.home,discharging,1,34.9,40.4,100,95,1,22.03,0.04,0,0,4.311,0.195,0.84064496,11080,5161,0,-
18:26:11.348,snap,default,com.miui.home,discharging,1,34.9,40.4,100,95,1,22.03,0.04,0,0,4.311,0.115,0.495765,11080,5161,0,-
18:26:12.348,snap,default,com.miui.home,discharging,1,34.9,39.6,100,95,1,22.02,0.03,0,0,4.311,0.109,0.46989897,6286,2583,0,-
18:26:13.348,snap,default,com.miui.home,discharging,1,34.9,40.4,100,95,1,22.02,0.03,0,0,4.311,0.112,0.482832,6286,2583,0,-
18:26:14.349,snap,default,com.miui.home,discharging,1,34.9,40,100,95,1,21.84,0.02,0,0,4.309,0.112,0.48260802,6428,2831,0,-
18:26:15.350,snap,default,com.miui.home,discharging,1,34.9,40,100,95,1,21.84,0.02,0,0,4.311,0.11,0.47421,6428,2831,0,-
18:26:16.350,snap,default,com.miui.home,discharging,1,34.9,39.6,100,95,1,21.86,0.02,0,0,4.311,0.099,0.426789,5958,2402,0,-
18:26:17.350,snap,default,com.miui.home,discharging,1,34.9,39.6,100,95,1,21.86,0.02,0,0,4.311,0.104,0.448344,5958,2402,0,-
18:26:18.351,snap,default,com.miui.home,discharging,1,34.9,39.2,100,95,1,21.53,0.01,0,0,4.311,0.107,0.46127698,6182,2717,0,-
18:26:19.352,snap,default,com.miui.home,discharging,1,34.9,38.8,100,95,1,21.53,0.01,0,0,4.311,0.104,0.448344,6182,2717,0,-
18:26:20.351,snap,default,com.miui.home,discharging,1,34.9,38.8,100,95,1,21.61,0.01,0,0,4.311,0.099,0.426789,5977,2393,0,-
18:26:21.351,snap,default,com.miui.home,discharging,1,34.9,39.2,100,95,1,21.61,0.01,0,0,4.311,0.105,0.45265496,5977,2393,0,-
18:26:22.353,snap,default,com.miui.home,discharging,1,34.9,39.2,100,95,1,21.5,0.01,0,0,4.31,0.104,0.44824,6123,2489,0,-
18:26:23.352,snap,default,com.miui.home,discharging,1,34.9,39.2,100,95,1,21.5,0.01,0,0,4.311,0.112,0.482832,6123,2489,0,-
18:26:24.351,snap,default,com.miui.home,discharging,1,34.9,39.2,100,95,1,21.77,0,0,0,4.312,0.104,0.448448,6123,2489,0,-
18:26:25.353,snap,default,com.miui.home,discharging,1,34.9,40,100,95,1,21.77,0,0,0,4.312,0.102,0.439824,6169,2484,0,-
18:26:26.355,snap,default,com.miui.home,discharging,1,34.9,40,100,95,1,21.81,0,0,0,4.312,0.099,0.426888,6169,2484,0,-
18:26:27.355,snap,default,com.miui.home,discharging,1,34.9,39.6,100,95,1,21.81,0,0,0,4.311,0.101,0.435411,6059,2467,0,-
18:26:28.356,snap,default,com.miui.home,discharging,1,34.9,39.6,100,95,1,21.66,0,0,0,4.311,0.108,0.465588,6059,2467,0,-
18:26:29.354,snap,default,com.miui.home,discharging,1,34.9,39.6,100,95,1,21.66,0,0,0,4.311,0.104,0.448344,6226,2579,0,-
18:26:30.356,snap,default,com.miui.home,discharging,1,34.9,39.6,100,95,1,21.36,0,0,0,4.311,0.115,0.495765,6226,2579,0,-
18:26:31.356,snap,default,com.miui.home,discharging,1,34.9,38.8,100,95,1,21.36,0,0,0,4.311,0.115,0.495765,6289,2567,0,-
18:26:32.354,snap,default,com.miui.home,discharging,1,34.9,39.2,100,95,1,21.66,0,0,0,4.311,0.111,0.478521,6289,2567,0,-
18:26:33.357,snap,default,com.miui.home,discharging,1,34.9,39.2,100,95,1,21.66,0,0,0,4.31,0.113,0.48703,6433,2596,0,-
18:26:34.357,snap,default,com.miui.home,discharging,1,34.9,39.6,100,95,1,21.9,0,0,0,4.311,0.115,0.495765,6433,2596,0,-
18:26:35.357,snap,default,com.miui.home,discharging,1,34.9,39.6,100,95,1,21.9,0,0,0,4.311,0.104,0.448344,6418,2679,0,-
18:26:36.356,snap,default,com.miui.home,discharging,1,34.9,39.6,100,95,1,22.1,0,0,0,4.311,0.112,0.482832,6418,2679,0,-
18:26:37.358,snap,default,com.miui.home,discharging,1,34.9,39.2,100,95,1,22.1,0,0,0,4.311,0.108,0.465588,6223,2642,0,-
18:26:38.356,snap,default,com.miui.home,discharging,1,34.9,39.2,100,95,1,22.26,0,0,0,4.311,0.106,0.45696598,6223,2642,0,-
18:26:39.357,snap,default,com.miui.home,discharging,1,34.9,39.2,100,95,1,22.26,0,0,0,4.305,0.097,0.417585,9291,3873,0,-
18:26:40.359,snap,default,com.miui.home,discharging,1,34.8,39.6,100,95,1,22.39,0.18,0,0,4.309,0.276,1.189284,9291,3873,0,-
18:26:41.357,snap,default,com.miui.home,discharging,1,34.8,39.6,100,95,1,22.39,0.18,0,0,4.311,0.133,0.573363,6717,2822,0,-
18:26:42.359,snap,default,com.miui.home,discharging,1,34.8,40,100,95,1,22.14,0.33,0,0,4.311,0.121,0.521631,6717,2822,0,-
18:26:43.357,snap,default,com.miui.home,discharging,1,34.8,40,100,95,1,22.14,0.33,0,0,4.31,0.131,0.56461,6515,2688,0,-
18:26:44.358,snap,default,com.miui.home,discharging,1,34.8,40,100,95,1,21.75,0.27,0,0,4.311,0.12,0.51732,6515,2688,0,-
18:26:45.362,snap,default,com.miui.home,discharging,1,34.8,39.2,100,95,1,21.75,0.27,0,0,4.311,0.125,0.538875,6648,2559,0,-
18:26:46.359,snap,default,com.miui.home,discharging,1,34.8,38.8,100,95,1,21.61,0.22,0,0,4.311,0.124,0.53456396,6648,2559,0,-
18:26:47.361,snap,default,com.miui.home,discharging,1,34.8,38.8,100,95,1,21.61,0.22,0,0,4.309,0.112,0.48260802,6239,2706,0,-
18:26:48.362,snap,default,com.miui.home,discharging,1,34.8,39.6,100,95,1,21.68,0.18,0,0,4.311,0.115,0.495765,6239,2706,0,-
18:26:49.362,snap,default,com.miui.home,discharging,1,34.8,39.6,100,95,1,21.68,0.18,0,0,4.31,0.11,0.4741,6239,2706,0,-
18:26:50.363,snap,default,com.miui.home,discharging,1,34.8,39.6,100,95,1,21.56,0.14,0,0,4.312,0.116,0.500192,6557,2589,0,-
18:26:51.363,snap,default,com.miui.home,discharging,1,34.8,39.2,100,95,1,21.56,0.14,0,0,4.311,0.111,0.478521,6557,2589,0,-
18:26:52.363,snap,default,com.miui.home,discharging,1,34.8,38.8,100,95,1,21.64,0.12,0,0,4.311,0.123,0.530253,6175,2645,0,-
18:26:53.364,snap,default,com.miui.home,discharging,1,34.8,38.8,100,95,1,21.64,0.12,0,0,4.31,0.126,0.54306,6175,2645,0,-
18:26:54.363,snap,default,com.miui.home,discharging,1,34.8,39.2,100,95,1,21.7,0.09,0,0,4.309,0.177,0.762693,6381,2698,0,-
18:26:55.365,snap,default,com.miui.home,discharging,1,34.8,39.2,100,95,1,21.7,0.09,0,0,4.307,0.203,0.874321,6381,2698,0,-
18:26:56.365,snap,default,com.miui.home,discharging,1,34.8,39.2,100,95,1,21.39,0.08,0,0,4.31,0.227,0.97836995,8092,3047,0,-
18:26:57.366,snap,default,com.miui.home,discharging,1,34.8,39.2,100,95,1,21.5,0.06,0,0,4.31,0.157,0.67667,8092,3047,0,-
18:26:58.365,snap,default,com.miui.home,discharging,1,34.8,39.2,100,95,1,21.5,0.06,0,0,4.31,0.169,0.72839,6525,2528,0,-
18:26:59.365,snap,default,com.miui.home,discharging,1,34.8,39.6,100,95,1,21.41,0.05,0,0,4.31,0.171,0.73701,6525,2528,0,-
18:27:00.367,snap,default,com.miui.home,discharging,1,34.8,40,100,95,1,21.41,0.05,0,0,4.309,0.172,0.74114805,6246,2624,0,-
18:27:01.367,snap,default,com.miui.home,discharging,1,34.8,40,100,95,1,21.33,0.04,0,0,4.309,0.18,0.77562004,6246,2624,0,-
18:27:02.366,snap,default,com.miui.home,discharging,1,34.8,39.6,100,95,1,21.33,0.04,0,0,4.31,0.171,0.73701,6139,2423,0,-
18:27:03.366,snap,default,com.miui.home,discharging,1,34.8,39.6,100,95,1,19.28,0.03,0,0,4.309,0.185,0.79716504,6139,2423,0,-
18:27:04.369,snap,default,com.miui.home,discharging,1,34.8,40.4,100,95,1,19.28,0.03,0,0,4.308,0.231,0.99514806,6845,1423,0,-
18:27:05.368,snap,default,com.miui.home,discharging,1,34.8,40.8,100,95,1,16.33,0.02,0,0,4.307,0.24,1.03368,6845,1423,0,-
18:27:06.367,snap,default,com.miui.home,discharging,1,34.8,40.8,100,95,1,16.33,0.02,0,0,4.309,0.215,0.926435,6480,1974,0,-
18:27:07.369,snap,default,com.miui.home,discharging,1,34.8,39.6,100,95,1,16.63,0.02,0,0,4.309,0.189,0.814401,6480,1974,0,-
18:27:08.369,snap,default,com.miui.home,discharging,1,34.8,39.6,100,95,1,16.63,0.02,0,0,4.309,0.183,0.788547,6457,2589,0,-
18:27:09.369,snap,default,com.miui.home,discharging,1,34.8,40.4,100,95,1,17.78,0.01,0,0,4.309,0.175,0.754075,6457,2589,0,-
18:27:10.370,snap,default,com.miui.home,discharging,1,34.8,40.4,100,95,1,17.78,0.01,0,0,4.308,0.236,1.016688,10170,4665,0,-
18:27:11.372,snap,default,com.miui.home,discharging,1,34.8,40.4,100,95,1,18.55,0.01,0,0,4.309,0.166,0.715294,10170,4665,0,-
18:27:12.372,snap,default,com.miui.home,discharging,1,34.8,40.4,100,95,1,18.55,0.01,0,0,4.309,0.166,0.715294,6429,2602,0,-
18:27:13.372,snap,default,com.miui.home,discharging,1,34.8,40.4,100,95,1,18.99,0.01,0,0,4.309,0.172,0.74114805,6429,2602,0,-
18:27:14.372,snap,default,com.miui.home,discharging,1,34.8,40.4,100,95,1,18.99,0.01,0,0,4.309,0.18,0.77562004,6022,2363,0,-
18:27:15.372,snap,default,com.miui.home,discharging,1,34.8,40.4,100,95,1,19.54,0,0,0,4.309,0.168,0.723912,6022,2363,0,-
18:27:16.374,snap,default,com.miui.home,discharging,1,34.8,40.4,100,95,1,19.54,0,0,0,4.31,0.161,0.69391,6022,2363,0,-
18:27:17.375,snap,default,com.miui.home,discharging,1,34.8,39.2,100,95,1,19.98,0,0,0,4.31,0.161,0.69391,6294,2580,0,-
18:27:18.376,snap,default,com.miui.home,discharging,1,34.8,39.2,100,95,1,19.98,0,0,0,4.31,0.167,0.71976995,6294,2580,0,-
18:27:19.377,snap,default,com.miui.home,discharging,1,34.8,39.2,100,95,1,20.89,0,0,0,4.307,0.171,0.73649704,6335,2645,0,-
18:27:20.380,snap,default,com.miui.home,discharging,1,34.8,40,100,95,1,20.89,0,0,0,4.311,0.229,0.987219,6335,2645,0,-
18:27:21.377,snap,default,com.miui.home,discharging,1,34.8,40,100,95,1,20.91,0,0,0,4.311,0.112,0.482832,10536,4987,0,-
18:27:22.377,snap,default,com.miui.home,discharging,1,34.8,40,100,95,1,20.91,0,0,0,4.312,0.106,0.45707196,10536,4987,0,-
18:27:23.380,snap,default,com.miui.home,discharging,1,34.8,39.2,100,95,1,21.11,0,0,0,4.311,0.112,0.482832,6372,2648,0,-
18:27:24.379,snap,default,com.miui.home,discharging,1,34.8,40,100,95,1,21.11,0,0,0,4.311,0.105,0.45265496,6372,2648,0,-
18:27:25.381,snap,default,com.miui.home,discharging,1,34.8,38.8,100,95,1,21.27,0,0,0,4.31,0.106,0.45685998,6345,2437,0,-
18:27:26.381,snap,default,com.miui.home,discharging,1,34.8,38.8,100,95,1,21.27,0,0,0,4.311,0.121,0.521631,6345,2437,0,-
18:27:27.381,snap,default,com.miui.home,discharging,1,34.8,38.8,100,95,1,21.4,0,0,0,4.311,0.11,0.47421,5907,2585,0,-
18:27:28.381,snap,default,com.miui.home,discharging,1,34.8,38.8,100,95,1,21.4,0,0,0,4.311,0.102,0.43972197,5907,2585,0,-
18:27:29.381,snap,default,com.miui.home,discharging,1,34.8,39.6,100,95,1,21.33,0,0,0,4.311,0.107,0.46127698,6486,2756,0,-
18:27:30.382,snap,default,com.miui.home,discharging,1,34.8,39.6,100,95,1,21.33,0,0,0,4.311,0.104,0.448344,6486,2756,0,-
18:27:31.382,snap,default,com.miui.home,discharging,1,34.8,38.4,100,95,1,21.27,0,0,0,4.312,0.104,0.448448,6389,2638,0,-
18:27:32.384,snap,default,com.miui.home,discharging,1,34.8,38.4,100,95,1,21.27,0,0,0,4.312,0.104,0.448448,6389,2638,0,-
18:27:33.385,snap,default,com.miui.home,discharging,1,34.8,38.8,100,95,1,21.22,0,0,0,4.311,0.117,0.50438696,7965,3464,0,-
18:27:34.384,snap,default,com.miui.home,discharging,1,34.8,38.8,100,95,1,21.22,0,0,0,4.311,0.126,0.543186,7965,3464,0,-
18:27:35.387,snap,default,com.miui.home,discharging,1,34.8,38.8,100,95,1,21.72,0,0,0,4.311,0.122,0.52594197,8180,3572,0,-
18:27:36.386,snap,default,com.miui.home,discharging,1,34.8,38.8,100,95,1,21.72,0,0,0,4.312,0.117,0.50450397,8180,3572,0,-
18:27:37.387,snap,default,com.miui.home,discharging,1,34.8,39.6,100,95,1,21.77,0,0,0,4.311,0.103,0.444033,6280,2534,0,-
18:27:38.388,snap,default,com.miui.home,discharging,1,34.8,38.8,100,95,1,21.77,0,0,0,4.311,0.104,0.448344,6280,2534,0,-
18:27:39.387,snap,default,com.miui.home,discharging,1,34.8,39.2,100,95,1,21.99,0,0,0,4.312,0.104,0.448448,6053,2673,0,-
18:27:40.389,snap,default,com.miui.home,discharging,1,34.8,39.2,100,95,1,21.99,0,0,0,4.312,0.106,0.45707196,6053,2673,0,-
18:27:41.388,snap,default,com.miui.home,discharging,1,34.8,39.6,100,95,1,21.81,0,0,0,4.311,0.116,0.500076,6471,2794,0,-
18:27:42.388,snap,default,com.miui.home,discharging,1,34.8,39.6,100,95,1,21.81,0,0,0,4.311,0.107,0.46127698,6471,2794,0,-
18:27:43.389,snap,default,com.miui.home,discharging,1,34.8,39.6,100,95,1,21.48,0,0,12,4.299,0.134,0.57606596,6471,2794,0,-
18:27:44.390,snap,default,com.miui.home,discharging,1,34.8,39.6,100,95,1,21.48,0,0,3,4.286,0.443,1.8986979,19878,8552,0,-
18:27:45.392,snap,default,com.ss.android.ugc.aweme.mobile,discharging,1,34.8,42.6,100,95,1,22.66,0,0,3,4.303,1.202,5.172206,19878,8552,0,-
18:27:46.391,snap,default,com.ss.android.ugc.aweme.mobile,discharging,1,34.8,45.5,100,95,1,22.66,0,0,0,4.304,0.517,2.225168,24944,11060,0,-
18:27:47.391,snap,default,com.ss.android.ugc.aweme.mobile,discharging,1,34.8,45.5,100,95,1,21.09,0,0,0,4.304,0.403,1.734512,24944,11060,0,-
18:27:48.392,snap,default,com.ss.android.ugc.aweme.mobile,discharging,1,34.8,45.5,100,95,1,21.09,0,0,6,4.306,0.661,2.8462663,23588,13372,0,-
18:27:49.392,snap,default,com.ss.android.ugc.aweme.mobile,discharging,1,34.8,42.8,100,95,1,19.99,0,0,6,4.304,0.492,2.117568,23588,13372,0,-
18:27:50.392,snap,default,com.ss.android.ugc.aweme.mobile,discharging,1,34.8,42.8,100,95,1,19.99,0,0,6,4.302,0.337,1.449774,12589,4530,0,-
18:27:51.392,snap,default,com.ss.android.ugc.aweme.mobile,discharging,1,34.8,42.8,100,95,1,19.08,0,0,1,4.305,0.425,1.829625,12589,4530,0,-
18:27:52.392,snap,default,com.ss.android.ugc.aweme.mobile,discharging,1,34.8,42.8,100,95,1,19.08,0,0,1,4.304,0.366,1.575264,13449,4911,0,-
18:27:53.392,snap,default,com.ss.android.ugc.aweme.mobile,discharging,1,34.8,43.6,100,95,1,18.52,0,0,1,4.304,0.443,1.9066719,13449,4911,0,-
18:27:54.396,snap,default,com.ss.android.ugc.aweme.mobile,discharging,1,34.8,43.6,100,95,1,18.52,0,0,1,4.306,0.431,1.8558861,13936,5395,0,-
18:27:55.392,snap,default,com.ss.android.ugc.aweme.mobile,discharging,1,34.8,43.6,100,95,1,18.25,0,0,1,4.303,0.367,1.5792011,13936,5395,0,-
18:27:56.393,snap,default,com.ss.android.ugc.aweme.mobile,discharging,1,34.8,45.5,100,95,1,18.25,0,0,1,4.292,0.381,1.635252,14455,5603,0,-
18:27:57.393,snap,default,com.ss.android.ugc.aweme.mobile,discharging,1,34.8,45.5,100,95,1,18.02,0,0,1,4.302,0.768,3.303936,14455,5603,0,-
18:27:58.394,snap,default,com.ss.android.ugc.aweme.mobile,discharging,1,34.8,43.6,100,95,1,18.02,0,0,1,4.297,0.43,1.84771,15442,5515,0,-
18:27:59.395,snap,default,com.ss.android.ugc.aweme.mobile,discharging,1,34.8,42.8,100,95,1,18.38,0,0,1,4.301,0.479,2.060179,15442,5515,0,-
18:28:00.395,snap,default,com.ss.android.ugc.aweme.mobile,discharging,1,34.8,42.8,100,95,1,18.38,0,0,1,4.303,0.35,1.50605,12402,4421,0,-
18:28:01.395,snap,default,com.ss.android.ugc.aweme.mobile,discharging,1,34.8,41.6,100,95,1,17.76,0,0,1,4.303,0.337,1.450111,12402,4421,0,-
18:28:02.396,snap,default,com.ss.android.ugc.aweme.mobile,discharging,1,34.8,41.6,100,95,1,17.76,0,0,1,4.302,0.344,1.4798881,12421,4405,0,-
18:28:03.396,snap,default,com.ss.android.ugc.aweme.mobile,discharging,1,34.8,41.6,100,95,1,17.44,0,0,1,4.304,0.352,1.515008,12421,4405,0,-
18:28:04.397,snap,default,com.ss.android.ugc.aweme.mobile,discharging,1,34.8,42,100,95,1,17.44,0,0,1,4.303,0.346,1.488838,13458,5070,0,-
18:28:05.397,snap,default,com.ss.android.ugc.aweme.mobile,discharging,1,34.8,42,100,95,1,17,0,0,3,4.303,0.407,1.751321,13458,5070,0,-
18:28:06.397,snap,default,com.ss.android.ugc.aweme.mobile,discharging,1,34.8,42.4,100,95,1,17,0,0,1,4.304,0.355,1.5279199,12386,5335,0,-
18:28:07.398,snap,default,com.ss.android.ugc.aweme.mobile,discharging,1,34.8,42,100,95,1,16.09,0,0,2,4.303,0.359,1.544777,12386,5335,0,-
18:28:08.400,snap,default,com.ss.android.ugc.aweme.mobile,discharging,1,34.8,42,100,95,1,16.09,0,0,2,4.305,0.346,1.4895298,12386,5335,0,-
18:28:09.399,snap,default,com.ss.android.ugc.aweme.mobile,discharging,1,34.8,42,100,95,1,15.53,0,0,4,4.301,0.484,2.081684,11356,4781,0,-
18:28:10.398,snap,default,com.ss.android.ugc.aweme.mobile,discharging,1,34.8,42,100,95,1,15.53,0,0,0,4.304,0.307,1.321328,11356,4781,0,-
18:28:11.403,snap,default,com.ss.android.ugc.aweme.mobile,discharging,1,34.8,43.2,100,95,1,15.25,0,0,2,4.302,0.577,2.482254,16310,7924,0,-
18:28:12.399,snap,default,com.ss.android.ugc.aweme.mobile,discharging,1,34.8,43.2,100,95,1,15.25,0,0,0,4.304,0.322,1.385888,16310,7924,0,-
18:28:13.399,snap,default,com.ss.android.ugc.aweme.mobile,discharging,1,34.8,42.8,100,95,1,14.48,0,0,0,4.305,0.32,1.3776,15883,7182,0,-
18:28:14.401,snap,default,com.ss.android.ugc.aweme.mobile,discharging,1,34.8,41.2,100,95,1,14.48,0,0,0,4.304,0.325,1.3987999,15883,7182,0,-
18:28:15.400,snap,default,com.ss.android.ugc.aweme.mobile,discharging,1,34.8,41.2,100,95,1,14.03,0,0,0,4.304,0.321,1.381584,11450,3345,0,-
18:28:16.400,snap,default,com.ss.android.ugc.aweme.mobile,discharging,1,34.8,41.2,100,95,1,14.03,0,0,0,4.305,0.304,1.3087199,11450,3345,0,-
18:28:17.400,snap,default,com.ss.android.ugc.aweme.mobile,discharging,1,34.8,41.6,100,95,1,13.84,0,0,0,4.305,0.289,1.2441449,10180,3246,0,-
18:28:18.400,snap,default,com.ss.android.ugc.aweme.mobile,discharging,1,34.8,41.6,100,95,1,13.84,0,0,0,4.3,0.389,1.6727,10180,3246,0,-
18:28:19.400,snap,default,com.ss.android.ugc.aweme.mobile,discharging,1,34.8,41.6,100,95,1,13.15,0,0,0,4.301,0.403,1.7333031,12794,5321,0,-
18:28:20.400,snap,default,com.ss.android.ugc.aweme.mobile,discharging,1,34.8,43.6,100,95,1,13.15,0,0,0,4.298,0.462,1.9856759,12794,5321,0,-
18:28:21.400,snap,default,com.ss.android.ugc.aweme.mobile,discharging,1,34.8,43.6,100,95,1,13.3,0,0,5,4.295,0.652,2.8003402,19350,9802,0,-
18:28:22.401,snap,default,com.ss.android.ugc.aweme.mobile,discharging,1,34.8,43.6,100,95,1,13.3,0,0,5,4.3,0.453,1.9479002,19350,9802,0,-
18:28:23.401,snap,default,com.ss.android.ugc.aweme.mobile,discharging,1,34.8,43.2,100,95,1,12.52,0,0,4,4.3,0.406,1.7458,17928,8709,0,-
18:28:24.401,snap,default,com.ss.android.ugc.aweme.mobile,discharging,1,34.8,42.4,100,95,1,12.52,0,0,0,4.305,0.268,1.1537399,17928,8709,0,-
18:28:25.401,snap,default,com.ss.android.ugc.aweme.mobile,discharging,1,34.8,42.4,100,95,1,11.88,0,0,0,4.305,0.263,1.132215,9633,3211,0,-
18:28:26.402,snap,default,com.ss.android.ugc.aweme.mobile,discharging,1,34.8,41.2,100,95,1,11.88,0,0,0,4.304,0.265,1.1405599,9633,3211,0,-
18:28:27.402,snap,default,com.ss.android.ugc.aweme.mobile,discharging,1,34.8,41.2,100,95,1,12.26,0,0,0,4.306,0.285,1.22721,9697,3438,0,-
18:28:28.407,snap,default,com.ss.android.ugc.aweme.mobile,discharging,1,34.8,41.2,100,95,1,12.26,0,0,0,4.305,0.272,1.1709601,9697,3438,0,-
18:28:29.402,snap,default,com.ss.android.ugc.aweme.mobile,discharging,1,34.8,41.2,100,95,1,12.26,0,0,0,4.305,0.272,1.1709601,10876,3869,0,-
18:28:30.403,snap,default,com.ss.android.ugc.aweme.mobile,discharging,1,34.8,42.8,100,95,1,12.22,0,0,0,4.301,0.396,1.703196,10876,3869,0,-
18:28:31.403,snap,default,com.ss.android.ugc.aweme.mobile,discharging,1,34.8,42.8,100,95,1,12.22,0,0,0,4.302,0.538,2.314476,12549,4858,0,-
18:28:32.403,snap,default,com.ss.android.ugc.aweme.mobile,discharging,1,34.8,41.6,100,95,1,12.36,0,0,0,4.305,0.273,1.175265,12549,4858,0,-
18:28:33.404,snap,default,com.ss.android.ugc.aweme.mobile,discharging,1,34.8,41.2,100,95,1,12.36,0,0,0,4.301,0.285,1.225785,9768,3353,0,-
18:28:34.405,snap,default,com.ss.android.ugc.aweme.mobile,discharging,1,34.8,41.6,100,95,1,12.65,0,0,0,4.305,0.289,1.2441449,9768,3353,0,-
18:28:35.405,snap,default,com.ss.android.ugc.aweme.mobile,discharging,1,34.8,41.6,100,95,1,12.65,0,0,0,4.305,0.279,1.201095,9768,3353,0,-
18:28:36.404,snap,default,com.ss.android.ugc.aweme.mobile,discharging,1,34.8,41.6,100,95,1,12.35,0,0,0,4.303,0.291,1.2521731,9247,3058,0,-
18:28:37.404,snap,default,com.ss.android.ugc.aweme.mobile,discharging,1,34.8,41.2,100,95,1,12.35,0,0,0,4.304,0.29,1.2481599,9247,3058,0,-
18:28:38.404,snap,default,com.ss.android.ugc.aweme.mobile,discharging,1,34.8,40.8,100,95,1,12.47,0,0,0,4.305,0.283,1.2183149,9347,2902,0,-
18:28:39.405,snap,default,com.ss.android.ugc.aweme.mobile,discharging,1,34.8,40.8,100,95,1,12.47,0,0,0,4.306,0.287,1.2358221,9347,2902,0,-
18:28:40.405,snap,default,com.ss.android.ugc.aweme.mobile,discharging,1,34.8,41.2,100,95,1,12.93,0,0,0,4.305,0.285,1.2269249,9386,2984,0,-
18:28:41.405,snap,default,com.ss.android.ugc.aweme.mobile,discharging,1,34.8,41.2,100,95,1,12.93,0,0,0,4.306,0.278,1.1970681,9386,2984,0,-
18:28:42.405,snap,default,com.ss.android.ugc.aweme.mobile,discharging,1,34.8,40.8,100,95,1,12.94,0,0,5,4.306,0.271,1.166926,11390,4140,0,-
18:28:43.406,snap,default,com.ss.android.ugc.aweme.mobile,discharging,1,34.8,40.8,100,95,1,12.94,0,0,5,4.304,0.402,1.730208,11390,4140,0,-
18:28:44.405,snap,default,com.ss.android.ugc.aweme.mobile,discharging,1,34.8,40.8,100,95,1,12.41,0,0,0,4.304,0.306,1.317024,12480,2844,0,-
18:28:45.406,snap,default,com.ss.android.ugc.aweme.mobile,discharging,1,34.8,42.4,100,95,1,12.41,0,0,0,4.303,0.378,1.626534,12480,2844,0,-
18:28:46.406,snap,default,com.ss.android.ugc.aweme.mobile,discharging,1,34.8,42.4,100,95,1,12.33,0,0,9,4.299,0.524,2.2526758,20369,9577,0,-
18:28:47.407,snap,default,com.ss.android.ugc.aweme.mobile,discharging,1,34.8,42,100,95,1,12.33,0,0,0,4.297,0.601,2.5824971,20369,9577,0,-
18:28:48.407,snap,default,com.ss.android.ugc.aweme.mobile,discharging,1,34.8,41.6,100,95,1,11.55,0,0,0,4.298,0.525,2.25645,10483,3857,0,-
18:28:49.407,snap,default,com.ss.android.ugc.aweme.mobile,discharging,1,34.8,41.6,100,95,1,11.55,0,0,0,4.304,0.279,1.200816,10483,3857,0,-
18:28:50.407,snap,default,com.ss.android.ugc.aweme.mobile,discharging,1,34.8,41.6,100,95,1,11.45,0,0,0,4.304,0.282,1.213728,9094,3060,0,-
18:28:51.408,snap,default,com.ss.android.ugc.aweme.mobile,discharging,1,34.8,41.2,100,95,1,11.45,0,0,0,4.305,0.288,1.2398399,9094,3060,0,-
18:28:52.407,snap,default,com.ss.android.ugc.aweme.mobile,discharging,1,34.8,41.6,100,95,1,11.55,0,0,0,4.305,0.288,1.2398399,9322,3012,0,-
18:28:53.408,snap,default,com.ss.android.ugc.aweme.mobile,discharging,1,34.8,42,100,95,1,11.55,0,0,0,4.303,0.297,1.2779909,9322,3012,0,-
18:28:54.407,snap,default,com.ss.android.ugc.aweme.mobile,discharging,1,34.8,43.2,100,95,1,11.63,0,0,8,4.298,0.43,1.84814,20516,9716,0,-
18:28:55.411,snap,default,com.ss.android.ugc.aweme.mobile,discharging,1,34.8,43.2,100,95,1,11.63,0,0,0,4.301,0.494,2.124694,20516,9716,0,-
18:28:56.410,snap,default,com.ss.android.ugc.aweme.mobile,discharging,1,34.8,42.8,100,95,1,11.69,0,0,0,4.304,0.513,2.207952,14886,6402,0,-
18:28:57.411,snap,default,com.ss.android.ugc.aweme.mobile,discharging,1,34.8,42,100,95,1,11.69,0,0,0,4.305,0.247,1.063335,14886,6402,0,-
18:28:58.410,snap,default,com.ss.android.ugc.aweme.mobile,discharging,1,34.8,42,100,95,1,10.84,0,0,0,4.303,0.248,1.0671439,12320,4348,0,-
18:28:59.410,snap,default,com.ss.android.ugc.aweme.mobile,discharging,1,34.8,42.4,100,95,1,10.84,0,0,16,4.297,0.487,2.092639,12320,4348,0,-
18:29:00.410,snap,default,com.ss.android.ugc.aweme.mobile,discharging,1,34.8,43.2,100,95,1,10.51,0,0,16,4.304,0.347,1.493488,12320,4348,0,-
18:29:01.411,snap,default,com.ss.android.ugc.aweme.mobile,discharging,1,34.8,43.6,100,95,1,10.51,0,0,0,4.301,0.435,1.8709351,15730,4883,0,-
18:29:02.410,snap,default,com.ss.android.ugc.aweme.mobile,discharging,1,34.8,44.4,100,95,1,10.96,0.36,0,13,4.301,0.436,1.875236,15730,4883,0,-
18:29:03.411,snap,default,com.ss.android.ugc.aweme.mobile,discharging,1,34.8,44,100,95,1,10.96,0.36,0,13,4.295,0.678,2.91201,20391,6784,0,-
18:29:04.410,snap,default,com.ss.android.ugc.aweme.mobile,discharging,1,34.8,44,100,95,1,11.33,0.47,0,15,4.299,0.586,2.519214,20391,6784,0,-
18:29:05.413,snap,default,com.ss.android.ugc.aweme.mobile,discharging,1,34.8,44,100,95,1,11.33,0.47,0,0,4.298,0.414,1.779372,14204,5136,0,-
18:29:06.414,snap,default,com.ss.android.ugc.aweme.mobile,discharging,1,34.8,42.4,100,95,1,11.09,0.39,0,0,4.302,0.388,1.6691761,14204,5136,0,-
18:29:07.412,snap,default,com.ss.android.ugc.aweme.mobile,discharging,1,34.8,42.4,100,95,1,11.09,0.39,0,0,4.302,0.313,1.346526,8697,2503,0,-
18:29:08.414,snap,default,com.ss.android.ugc.aweme.mobile,discharging,1,34.8,42,100,95,1,11.43,0.31,0,0,4.303,0.374,1.6093221,8697,2503,0,-
18:29:09.414,snap,default,com.ss.android.ugc.aweme.mobile,discharging,1,34.8,41.6,100,95,1,11.43,0.31,0,0,4.303,0.361,1.553383,8272,2005,0,-
18:29:10.412,snap,default,com.ss.android.ugc.aweme.mobile,discharging,1,34.8,41.6,100,95,1,12.08,0.26,0,0,4.304,0.228,0.981312,8272,2005,0,-
18:29:11.413,snap,default,com.ss.android.ugc.aweme.mobile,discharging,1,34.8,41.6,100,95,1,12.08,0.26,0,0,4.303,0.382,1.643746,10256,2937,0,-
18:29:12.413,snap,default,com.ss.android.ugc.aweme.mobile,discharging,1,34.8,42,100,95,1,11.34,0.21,0,0,4.304,0.277,1.192208,10256,2937,0,-
18:29:13.414,snap,default,com.ss.android.ugc.aweme.mobile,discharging,1,34.8,42.4,100,95,1,11.34,0.21,0,10,4.303,0.294,1.265082,13219,3778,0,-
18:29:14.414,snap,default,com.ss.android.ugc.aweme.mobile,discharging,1,34.8,43.2,100,95,1,10.91,0.17,0,10,4.298,0.475,2.04155,13219,3778,0,-
18:29:15.414,snap,default,com.ss.android.ugc.aweme.mobile,discharging,1,34.8,43.6,100,95,1,10.91,0.17,0,12,4.299,0.459,1.9732409,17771,7540,0,-
18:29:16.415,snap,default,com.ss.android.ugc.aweme.mobile,discharging,1,34.8,43.2,100,95,1,10.75,0.14,0,14,4.299,0.465,1.9990349,17771,7540,0,-
18:29:17.415,snap,default,com.ss.android.ugc.aweme.mobile,discharging,1,34.8,43.6,100,95,1,10.75,0.14,0,14,4.303,0.439,1.889017,16432,5902,0,-
18:29:18.415,snap,default,com.ss.android.ugc.aweme.mobile,discharging,1,34.8,43.6,100,95,1,10.25,0.11,0,14,4.297,0.379,1.628563,16432,5902,0,-
18:29:19.416,snap,default,com.ss.android.ugc.aweme.mobile,discharging,1,34.8,43.6,100,95,1,10.25,0.11,0,0,4.298,0.424,1.8223519,19541,8390,0,-
18:29:20.416,snap,default,com.ss.android.ugc.aweme.mobile,discharging,1,34.8,42.8,100,95,1,10.38,0.09,0,14,4.302,0.435,1.8713701,19541,8390,0,-
18:29:21.415,snap,default,com.ss.android.ugc.aweme.mobile,discharging,1,34.8,42.4,100,95,1,10.38,0.09,0,14,4.304,0.402,1.730208,16633,7138,0,-
18:29:22.416,snap,default,com.ss.android.ugc.aweme.mobile,discharging,1,34.8,42.4,100,95,1,10.31,0.07,0,0,4.3,0.436,1.8748001,16633,7138,0,-
18:29:23.416,snap,default,com.ss.android.ugc.aweme.mobile,discharging,1,34.8,43.6,100,95,1,10.31,0.07,0,12,4.294,0.605,2.59787,17274,7755,0,-
18:29:24.419,snap,default,com.ss.android.ugc.aweme.mobile,discharging,1,34.8,43.6,100,95,1,10.44,0.06,0,0,4.301,0.363,1.5612631,17274,7755,0,-
18:29:25.417,snap,default,com.ss.android.ugc.aweme.mobile,discharging,1,34.8,42.8,100,95,1,10.44,0.06,0,0,4.302,0.313,1.346526,8927,2997,0,-
18:29:26.418,snap,default,com.ss.android.ugc.aweme.mobile,discharging,1,34.8,42.8,100,95,1,10.36,0.05,0,0,4.303,0.296,1.273688,8927,2997,0,-
18:29:27.417,snap,default,com.ss.android.ugc.aweme.mobile,discharging,1,34.8,41.6,100,95,1,10.36,0.05,0,0,4.303,0.442,1.901926,8927,2997,0,-
18:29:28.419,snap,default,com.ss.android.ugc.aweme.mobile,discharging,1,34.8,41.6,100,95,1,10.47,0.04,0,0,4.304,0.301,1.295504,12804,5014,0,-
18:29:29.419,snap,default,com.ss.android.ugc.aweme.mobile,discharging,1,34.8,41.2,100,95,1,10.47,0.04,0,0,4.305,0.229,0.98584497,12804,5014,0,-
18:29:30.417,snap,default,com.ss.android.ugc.aweme.mobile,discharging,1,34.8,41.2,100,95,1,9.84,0.03,0,0,4.304,0.246,1.058784,5890,875,0,-
18:29:31.418,snap,default,com.ss.android.ugc.aweme.mobile,discharging,1,34.8,42.4,100,95,1,9.84,0.03,0,15,4.299,0.233,1.0016669,5890,875,0,-
18:29:32.418,snap,default,com.ss.android.ugc.aweme.mobile,discharging,1,34.8,42.8,100,95,1,9.51,0.02,0,15,4.298,0.496,2.1318078,15121,6348,0,-
18:29:33.418,snap,default,com.ss.android.ugc.aweme.mobile,discharging,1,34.8,42.8,100,95,1,9.51,0.02,0,15,4.302,0.51,2.19402,15121,6348,0,-
18:29:34.418,snap,default,com.ss.android.ugc.aweme.mobile,discharging,1,34.8,42.8,100,95,1,10.32,0.02,0,0,4.304,0.277,1.192208,12846,5849,0,-
18:29:35.419,snap,default,com.ss.android.ugc.aweme.mobile,discharging,1,34.8,42.4,100,95,1,10.32,0.02,0,0,4.3,0.321,1.3803,12846,5849,0,-
18:29:36.419,snap,default,com.ss.android.ugc.aweme.mobile,discharging,1,34.8,40.8,100,95,1,10.44,0.01,0,0,4.304,0.302,1.2998079,10218,3499,0,-
18:29:37.419,snap,default,com.ss.android.ugc.aweme.mobile,discharging,1,34.8,40.8,100,95,1,10.44,0.01,0,0,4.304,0.272,1.170688,10218,3499,0,-
18:29:38.419,snap,default,com.ss.android.ugc.aweme.mobile,discharging,1,34.8,40.8,100,95,1,11.09,0.01,0,0,4.303,0.295,1.269385,9465,3122,0,-
18:29:39.420,snap,default,com.ss.android.ugc.aweme.mobile,discharging,1,34.8,40.8,100,95,1,11.09,0.01,0,0,4.303,0.269,1.157507,9465,3122,0,-
18:29:40.420,snap,default,com.ss.android.ugc.aweme.mobile,discharging,1,34.8,40.8,100,95,1,11.61,0.01,0,0,4.301,0.302,1.298902,9447,2832,0,-
18:29:41.420,snap,default,com.ss.android.ugc.aweme.mobile,discharging,1,34.8,40.8,100,95,1,11.61,0.01,0,0,4.301,0.281,1.208581,9447,2832,0,-
18:29:42.419,snap,default,com.ss.android.ugc.aweme.mobile,discharging,1,34.8,41.6,100,95,1,11.86,0,0,0,4.303,0.295,1.269385,11961,4630,0,-
18:29:43.422,snap,default,com.ss.android.ugc.aweme.mobile,discharging,1,34.8,42.8,100,95,1,11.86,0,0,10,4.289,0.73,3.13097,11961,4630,0,-
18:29:44.423,snap,default,com.ss.android.ugc.aweme.mobile,discharging,1,34.8,42.8,100,95,1,11.71,0,0,0,4.3,0.347,1.4921001,11091,4156,0,-
18:29:45.420,snap,default,com.ss.android.ugc.aweme.mobile,discharging,1,34.8,42.8,100,95,1,11.71,0,0,0,4.298,0.341,1.4656179,11091,4156,0,-
18:29:46.423,snap,default,com.ss.android.ugc.aweme.mobile,discharging,1,34.8,43.2,100,95,1,12.3,0,0,0,4.294,0.751,3.2247941,17104,8006,0,-
18:29:47.422,snap,default,com.ss.android.ugc.aweme.mobile,discharging,1,34.8,43.2,100,95,1,12.3,0,0,0,4.303,0.291,1.2521731,17104,8006,0,-
18:29:48.424,snap,default,com.ss.android.ugc.aweme.mobile,discharging,1,34.9,43.2,100,95,1,11.88,0,0,14,4.297,0.412,1.7703639,15211,5590,0,-
18:29:49.421,snap,default,com.ss.android.ugc.aweme.mobile,discharging,1,34.9,43.2,100,95,1,11.88,0,0,14,4.298,0.403,1.7320939,15211,5590,0,-
18:29:50.422,snap,default,com.ss.android.ugc.aweme.mobile,discharging,1,34.9,43.2,100,95,1,11.72,0,0,11,4.292,0.662,2.8413038,19673,9124,0,-
18:29:51.422,snap,default,com.ss.android.ugc.aweme.mobile,discharging,1,34.9,43.2,100,95,1,11.72,0,0,0,4.301,0.409,1.7591091,19673,9124,0,-
18:29:52.430,snap,default,com.ss.android.ugc.aweme.mobile,discharging,1,34.9,42.8,100,95,1,11.41,0,0,0,4.301,0.266,1.1440661,19673,9124,0,-
18:29:53.424,snap,default,com.ss.android.ugc.aweme.mobile,discharging,1,34.9,42,100,95,1,11.41,0,0,0,4.301,0.263,1.1311631,9103,3364,0,-
18:29:54.424,snap,default,com.ss.android.ugc.aweme.mobile,discharging,1,34.9,42,100,95,1,11.15,0,0,0,4.302,0.261,1.122822,9103,3364,0,-
18:29:55.424,snap,default,com.ss.android.ugc.aweme.mobile,discharging,1,34.9,42,100,95,1,11.15,0,0,7,4.302,0.263,1.1314261,9242,3384,0,-
18:29:56.424,snap,default,com.ss.android.ugc.aweme.mobile,discharging,1,34.9,43.2,100,95,1,11.31,0,0,7,4.299,0.474,2.037726,9242,3384,0,-
18:29:57.424,snap,default,com.ss.android.ugc.aweme.mobile,discharging,1,34.9,43.2,100,95,1,11.31,0,0,9,4.297,0.461,1.980917,18951,8736,0,-
18:29:58.426,snap,default,com.ss.android.ugc.aweme.mobile,discharging,1,34.9,43.2,100,95,1,11.43,0,0,0,4.301,0.587,2.524687,18951,8736,0,-
18:29:59.425,snap,default,com.ss.android.ugc.aweme.mobile,discharging,1,34.9,42.4,100,95,1,11.43,0,0,0,4.301,0.255,1.096755,11504,4166,0,-
18:30:00.427,snap,default,com.ss.android.ugc.aweme.mobile,discharging,1,34.9,42,100,95,1,10.63,0,0,0,4.302,0.242,1.041084,11504,4166,0,-
18:30:01.427,snap,default,com.ss.android.ugc.aweme.mobile,discharging,1,34.9,41.6,100,95,1,10.63,0,0,0,4.303,0.254,1.092962,6872,1390,0,-
18:30:02.437,snap,default,com.ss.android.ugc.aweme.mobile,discharging,1,34.9,41.6,100,95,1,10.33,0,0,0,4.304,0.21,0.90383995,6872,1390,0,-
18:30:03.436,snap,default,com.ss.android.ugc.aweme.mobile,discharging,1,34.9,41.2,100,95,1,10.33,0,0,0,4.303,0.257,1.105871,5941,1156,0,-
18:30:04.437,snap,default,com.ss.android.ugc.aweme.mobile,discharging,1,34.9,41.2,100,95,1,10.27,0,0,0,4.304,0.244,1.050176,5941,1156,0,-
18:30:05.436,snap,default,com.ss.android.ugc.aweme.mobile,discharging,1,34.9,41.2,100,95,1,10.27,0,0,0,4.303,0.257,1.105871,5915,1105,0,-
18:30:06.436,snap,default,com.ss.android.ugc.aweme.mobile,discharging,1,34.9,41.2,100,95,1,10.04,0,0,0,4.303,0.231,0.99399304,5915,1105,0,-
18:30:07.443,snap,default,com.ss.android.ugc.aweme.mobile,discharging,1,34.9,41.2,100,95,1,10.04,0,0,0,4.303,0.24,1.03272,6589,1118,0,-
18:30:08.437,snap,default,com.ss.android.ugc.aweme.mobile,discharging,1,34.9,41.2,100,95,1,9.85,0,0,0,4.303,0.221,0.950963,6589,1118,0,-
18:30:09.437,snap,default,com.ss.android.ugc.aweme.mobile,discharging,1,34.9,41.2,100,95,1,9.85,0,0,0,4.304,0.239,1.0286559,6413,1102,0,-
18:30:10.436,snap,default,com.ss.android.ugc.aweme.mobile,discharging,1,34.9,41.2,100,95,1,9.88,0,0,0,4.305,0.237,1.020285,6413,1102,0,-
18:30:11.439,snap,default,com.ss.android.ugc.aweme.mobile,discharging,1,34.9,41.6,100,95,1,9.88,0,0,0,4.296,0.312,1.340352,9980,3047,0,-
18:30:12.438,snap,default,com.ss.android.ugc.aweme.mobile,discharging,1,34.9,41.6,100,95,1,9.72,0,0,0,4.304,0.357,1.536528,9980,3047,0,-
18:30:13.438,snap,default,com.ss.android.ugc.aweme.mobile,discharging,1,34.9,41.6,100,95,1,9.72,0,0,0,4.299,0.269,1.156431,8416,2750,0,-
18:30:14.437,snap,default,com.ss.android.ugc.aweme.mobile,discharging,1,34.9,41.2,100,95,1,9.77,0,0,0,4.303,0.336,1.4458079,8416,2750,0,-
18:30:15.438,snap,default,com.ss.android.ugc.aweme.mobile,discharging,1,34.9,41.2,100,95,1,9.77,0,0,0,4.304,0.227,0.977008,6164,1062,0,-
18:30:16.438,snap,default,com.ss.android.ugc.aweme.mobile,discharging,1,34.9,41.2,100,95,1,9.63,0,0,0,4.305,0.235,1.011675,6164,1062,0,-
18:30:17.437,snap,default,com.ss.android.ugc.aweme.mobile,discharging,1,34.9,41.6,100,95,1,9.63,0,0,0,4.303,0.238,1.024114,10479,3145,0,-
18:30:18.438,snap,default,com.ss.android.ugc.aweme.mobile,discharging,1,34.9,41.6,100,95,1,9.51,0,0,0,4.303,0.304,1.3081119,10479,3145,0,-
18:30:19.438,snap,default,com.ss.android.ugc.aweme.mobile,discharging,1,34.9,42.8,100,95,1,9.51,0,0,10,4.301,0.364,1.565564,10479,3145,0,-
18:30:20.438,snap,default,com.ss.android.ugc.aweme.mobile,discharging,1,34.9,42.8,100,95,1,9.6,0,0,13,4.302,0.489,2.103678,16206,6632,0,-
18:30:21.438,snap,default,com.ss.android.ugc.aweme.mobile,discharging,1,34.9,42.4,100,95,1,9.6,0,0,13,4.299,0.362,1.5562378,16206,6632,0,-
18:30:22.439,snap,default,com.ss.android.ugc.aweme.mobile,discharging,1,34.9,42.4,100,95,1,9.67,0,0,0,4.296,0.418,1.7957281,16714,6964,0,-
18:30:23.440,snap,default,com.ss.android.ugc.aweme.mobile,discharging,1,34.9,42.4,100,95,1,9.67,0,0,0,4.301,0.644,2.769844,16714,6964,0,-
18:30:24.441,snap,default,com.ss.android.ugc.aweme.mobile,discharging,1,34.9,43.2,100,95,1,9.91,0,0,0,4.303,0.301,1.295203,17307,7984,0,-
18:30:25.441,snap,default,com.ss.android.ugc.aweme.mobile,discharging,1,34.9,44.8,100,95,1,9.91,0,0,12,4.292,0.328,1.407776,17307,7984,0,-
18:30:26.441,snap,default,com.ss.android.ugc.aweme.mobile,discharging,1,34.9,44.8,100,95,1,10.11,0,0,12,4.301,0.44,1.8924401,15692,7471,0,-
18:30:27.440,snap,default,com.ss.android.ugc.aweme.mobile,discharging,1,34.9,42.4,100,95,1,10.11,0,0,0,4.301,0.343,1.475243,15692,7471,0,-
18:30:28.441,snap,default,com.ss.android.ugc.aweme.mobile,discharging,1,34.9,42.4,100,95,1,10.63,0,0,0,4.301,0.347,1.492447,11373,4244,0,-
18:30:29.441,snap,default,com.ss.android.ugc.aweme.mobile,discharging,1,34.9,42,100,95,1,10.63,0,0,0,4.303,0.284,1.222052,11373,4244,0,-
18:30:30.441,snap,default,com.ss.android.ugc.aweme.mobile,discharging,1,34.9,41.6,100,95,1,11.24,0,0,0,4.303,0.275,1.183325,9491,2915,0,-
18:30:31.441,snap,default,com.ss.android.ugc.aweme.mobile,discharging,1,34.9,40.4,100,95,1,11.24,0,0,0,4.303,0.271,1.166113,9491,2915,0,-
18:30:32.440,snap,default,com.ss.android.ugc.aweme.mobile,discharging,1,34.9,41.6,100,95,1,11.92,0,0,0,4.303,0.259,1.114477,9362,2759,0,-
18:30:33.441,snap,default,com.ss.android.ugc.aweme.mobile,discharging,1,34.9,40.4,100,95,1,11.92,0,0,0,4.302,0.26,1.11852,9362,2759,0,-
18:30:34.441,snap,default,com.ss.android.ugc.aweme.mobile,discharging,1,34.9,40.8,100,95,1,12.3,0,0,0,4.301,0.269,1.156969,9625,2944,0,-
18:30:35.442,snap,default,com.ss.android.ugc.aweme.mobile,discharging,1,34.9,40.8,100,95,1,12.3,0,0,0,4.303,0.254,1.092962,9625,2944,0,-
18:30:36.442,snap,default,com.ss.android.ugc.aweme.mobile,discharging,1,34.9,40.8,100,95,1,12.42,0,0,0,4.302,0.255,1.09701,9275,2803,0,-
18:30:37.442,snap,default,com.ss.android.ugc.aweme.mobile,discharging,1,34.9,40.8,100,95,1,12.42,0,0,0,4.301,0.258,1.109658,9275,2803,0,-
18:30:38.442,snap,default,com.ss.android.ugc.aweme.mobile,discharging,1,34.9,42,100,95,1,12.71,0,0,0,4.299,0.412,1.7711879,12719,4982,0,-
18:30:39.442,snap,default,com.ss.android.ugc.aweme.mobile,discharging,1,34.9,42,100,95,1,12.71,0,0,0,4.303,0.34,1.46302,12719,4982,0,-
18:30:40.442,snap,default,com.ss.android.ugc.aweme.mobile,discharging,1,34.9,41.6,100,95,1,12.22,0,0,0,4.302,0.27,1.16154,9225,3146,0,-
18:30:41.443,snap,default,com.ss.android.ugc.aweme.mobile,discharging,1,34.9,40.8,100,95,1,12.22,0,0,0,4.302,0.271,1.165842,9225,3146,0,-
18:30:42.443,snap,default,com.ss.android.ugc.aweme.mobile,discharging,1,34.9,41.6,100,95,1,12.18,0,0,0,4.301,0.346,1.488146,10924,4057,0,-
18:30:43.443,snap,default,com.ss.android.ugc.aweme.mobile,discharging,1,34.9,42,100,95,1,12.18,0,0,6,4.294,0.338,1.451372,10924,4057,0,-
18:30:44.443,snap,default,com.ss.android.ugc.aweme.mobile,discharging,1,34.9,42,100,95,1,11.96,0,0,0,4.301,0.417,1.793517,13159,5114,0,-
18:30:45.446,snap,default,com.ss.android.ugc.aweme.mobile,discharging,1,34.9,41.6,100,95,1,11.96,0,0,0,4.301,0.315,1.354815,13159,5114,0,-
18:30:46.443,snap,default,com.ss.android.ugc.aweme.mobile,discharging,1,34.9,41.6,100,95,1,11.97,0,0,0,4.297,0.334,1.435198,13159,5114,0,-
18:30:47.444,snap,default,com.ss.android.ugc.aweme.mobile,discharging,1,34.9,42.4,100,95,1,12.34,0,0,5,4.301,0.518,2.2279181,16797,7846,0,-
18:30:48.444,snap,default,com.ss.android.ugc.aweme.mobile,discharging,1,34.9,43.6,100,95,1,12.34,0,0,5,4.301,0.538,2.313938,16797,7846,0,-
18:30:49.444,snap,default,com.ss.android.ugc.aweme.mobile,discharging,1,34.9,43.6,100,95,1,11.73,0,0,0,4.302,0.321,1.3809421,17573,8403,0,-
18:30:50.444,snap,default,com.ss.android.ugc.aweme.mobile,discharging,1,34.9,42.8,100,95,1,11.73,0,0,0,4.301,0.304,1.3075039,17573,8403,0,-
18:30:51.447,snap,default,com.ss.android.ugc.aweme.mobile,discharging,1,34.9,42,100,95,1,11.96,0,0,0,4.301,0.276,1.187076,9313,2927,0,-
18:30:52.445,snap,default,com.ss.android.ugc.aweme.mobile,discharging,1,34.9,42,100,95,1,11.96,0,0,0,4.301,0.285,1.225785,9313,2927,0,-
18:30:53.444,snap,default,com.ss.android.ugc.aweme.mobile,discharging,1,34.9,42,100,95,1,12.51,0,0,0,4.301,0.29,1.24729,9874,3226,0,-
18:30:54.445,snap,default,com.ss.android.ugc.aweme.mobile,discharging,1,34.9,40.8,100,95,1,12.51,0,0,0,4.303,0.286,1.230658,9874,3226,0,-
18:30:55.445,snap,default,com.ss.android.ugc.aweme.mobile,discharging,1,34.9,40.8,100,95,1,12.6,0,0,0,4.301,0.278,1.195678,9597,3029,0,-
18:30:56.446,snap,default,com.ss.android.ugc.aweme.mobile,discharging,1,34.9,41.6,100,95,1,12.6,0,0,0,4.301,0.266,1.1440661,9597,3029,0,-
18:30:57.446,snap,default,com.ss.android.ugc.aweme.mobile,discharging,1,34.9,41.6,100,95,1,12.85,0,0,0,4.302,0.262,1.127124,9345,2589,0,-
18:30:58.447,snap,default,com.ss.android.ugc.aweme.mobile,discharging,1,34.9,41.6,100,95,1,12.85,0,0,0,4.299,0.263,1.130637,9345,2589,0,-
18:30:59.448,snap,default,com.ss.android.ugc.aweme.mobile,discharging,1,34.9,41.6,100,95,1,12.52,0,0,0,4.301,0.441,1.8967412,12432,5294,0,-
18:31:00.447,snap,default,com.ss.android.ugc.aweme.mobile,discharging,1,34.9,42,100,95,1,12.52,0,0,0,4.302,0.299,1.286298,12432,5294,0,-
18:31:01.448,snap,default,com.ss.android.ugc.aweme.mobile,discharging,1,34.9,41.6,100,95,1,12.78,0,0,0,4.3,0.287,1.2341001,9794,3357,0,-
18:31:02.447,snap,default,com.ss.android.ugc.aweme.mobile,discharging,1,34.9,41.6,100,95,1,12.78,0,0,0,4.301,0.27,1.16127,9794,3357,0,-
18:31:03.449,snap,default,com.ss.android.ugc.aweme.mobile,discharging,1,34.9,41.6,100,95,1,12.82,0,0,0,4.302,0.271,1.165842,9164,2944,0,-
18:31:04.448,snap,default,com.ss.android.ugc.aweme.mobile,discharging,1,34.9,42,100,95,1,12.82,0,0,6,4.298,0.336,1.4441279,9164,2944,0,-
