timestamp,type,mode,package,charge,screen_on,batt_temp,cpu_temp,thermal_cap_pct,thermal_free_pct,clg_active,psi_cpu_some,psi_io_some,psi_mem_some,gpu_busy_pct,batt_voltage_v,batt_current_ma,batt_power_w,wakeups,migrations,freq_trans,fps,screen_prop
22:36:36.012,snap,default,,discharging,1,42.4,60.3,100,95,1,14.86,0.06,0.43,11,3.884,0.878,3.4101522,0,0,0,-,2
22:36:37.012,snap,default,com.tencent.mobileqq,discharging,1,42.4,60.3,100,95,1,14.86,0.06,0.43,13,3.877,1.072,4.156144,0,0,0,-,2
22:36:38.013,snap,default,com.tencent.mobileqq,discharging,1,42.4,57.3,85,95,1,14.52,0.04,0.53,11,3.885,0.87,3.37995,11266,6304,0,-,2
22:36:39.013,snap,default,com.tencent.mobileqq,discharging,1,42.4,55.2,85,95,1,14.52,0.04,0.53,6,3.879,0.808,3.134232,11266,6304,0,-,2
22:36:40.013,snap,default,com.tencent.mobileqq,discharging,1,42.4,55.2,85,95,1,14.25,0.03,0.43,1,3.88,0.882,3.4221601,13924,8178,0,-,2
22:36:41.019,snap,default,com.tencent.mobileqq,discharging,1,42.4,55.6,85,95,1,14.25,0.03,0.43,11,3.882,0.874,3.392868,13924,8178,0,-,2
22:36:42.019,snap,default,com.tencent.mobileqq,discharging,1,42.4,56.4,85,95,1,14.38,0.03,0.35,11,3.877,0.794,3.0783381,18217,11259,0,-,2
22:36:43.020,snap,default,com.tencent.mobileqq,discharging,1,42.4,57.6,85,95,1,14.38,0.03,0.35,16,3.881,0.9,3.4929,18217,11259,0,-,2
22:36:44.020,snap,default,com.tencent.mobileqq,discharging,1,42.4,58,85,95,1,14.49,0.38,0.29,8,3.885,0.898,3.48873,17253,7445,0,-,2
22:36:45.020,snap,default,com.tencent.mobileqq,discharging,1,42.4,58,85,95,1,14.49,0.38,0.29,32,3.879,0.846,3.281634,17253,7445,0,-,2
22:36:46.020,snap,default,com.tencent.mobileqq,discharging,1,42.4,59.2,85,95,1,14.95,0.5,0.24,32,3.879,0.93,3.60747,23806,11911,0,-,2
22:36:47.020,snap,default,com.tencent.mobileqq,discharging,1,42.4,59.2,85,95,1,14.95,0.5,0.24,9,3.828,1.87,7.15836,23806,11911,0,-,2
22:36:48.020,snap,default,com.tencent.mobileqq,discharging,1,42.4,59.2,85,95,1,23.83,1.67,2,3,3.795,2.582,9.79869,37190,7719,0,-,2
22:36:49.021,snap,default,com.tencent.mobileqq,discharging,1,42.4,59.2,85,95,1,23.83,1.67,2,11,3.832,1.962,7.518384,37190,7719,0,-,2
22:36:50.021,snap,default,com.tencent.mobileqq,discharging,1,42.4,59.2,85,95,1,25.49,1.73,2.36,7,3.823,1.744,6.6673117,21156,8856,0,-,2
22:36:51.021,snap,default,com.tencent.mobileqq,discharging,1,42.4,59.2,85,95,1,25.49,1.73,2.36,8,3.831,1.84,7.0490403,21156,8856,0,-,2
22:36:52.022,snap,default,com.tencent.mobileqq,discharging,1,42.4,59.2,85,95,1,25.58,1.96,1.93,7,3.84,1.858,7.13472,21980,9450,0,-,2
22:36:53.022,snap,default,com.tencent.mobileqq,discharging,1,42.5,59.2,85,95,1,25.58,1.96,1.93,9,3.805,2.254,8.57647,21980,9450,0,-,2
22:36:54.022,snap,default,com.tencent.mobileqq,discharging,1,42.5,59.2,85,95,1,26.2,1.97,1.58,27,3.839,1.582,6.073298,25940,13332,0,-,2
22:36:55.022,snap,default,com.tencent.mobileqq,discharging,1,42.5,62.2,85,95,1,26.2,1.97,1.58,24,3.86,1.412,5.45032,25940,13332,0,-,2
22:36:56.023,snap,default,com.tencent.mobileqq,discharging,1,42.5,65.2,85,95,1,24.35,1.79,1.48,12,3.886,0.666,2.5880759,13419,6979,0,-,2
22:36:57.023,snap,default,com.tencent.mobileqq,discharging,1,42.5,65.5,85,95,1,24.35,1.79,1.48,10,3.84,1.31,5.0304,13419,6979,0,-,2
22:36:58.023,snap,default,com.tencent.mobileqq,discharging,1,42.4,68.5,85,95,1,24.65,2.01,2.3,17,3.853,1.628,6.272684,13419,6979,0,-,2
22:36:59.023,snap,default,com.tencent.mobileqq,discharging,1,42.4,69.4,85,95,1,24.65,2.01,2.3,36,3.837,1.548,5.939676,30135,12080,0,-,2
22:37:00.025,snap,default,com.tencent.mobileqq,discharging,1,42.4,66.4,85,95,1,23.26,2.19,3.33,35,3.878,0.756,2.931768,30135,12080,0,-,2
22:37:01.026,snap,default,com.tencent.mobileqq,discharging,1,42.4,63.9,85,95,1,23.26,2.19,3.33,10,3.871,0.89,3.44519,18245,10094,0,-,2
22:37:02.026,snap,default,com.tencent.mobileqq,discharging,1,42.4,63.1,85,95,1,21.4,1.79,2.72,15,3.888,0.726,2.822688,18245,10094,0,-,2
22:37:03.026,snap,default,com.tencent.mobileqq,discharging,1,42.4,63.1,85,95,1,20.24,1.46,2.23,10,3.889,0.822,3.196758,20660,11988,0,-,2
22:37:04.027,snap,default,com.tencent.mobileqq,discharging,1,42.4,63.1,85,95,1,20.24,1.46,2.23,12,3.852,1.19,4.5838804,20660,11988,0,-,2
22:37:05.027,snap,default,com.tencent.mobileqq,discharging,1,42.4,61.1,85,95,1,20.2,1.2,2.55,0,3.898,0.442,1.722916,16818,8415,0,-,2
22:37:06.027,snap,default,com.tencent.mobileqq,discharging,1,42.4,58.1,85,95,1,20.2,1.2,2.55,0,3.898,0.442,1.722916,16818,8415,0,-,2
22:37:07.028,snap,default,com.tencent.mobileqq,discharging,1,42.4,55.6,85,95,1,20.2,1.2,2.55,0,3.903,0.356,1.3894681,5856,2061,0,-,2
22:37:08.029,snap,default,com.tencent.mobileqq,discharging,1,42.4,54.8,85,95,1,17.62,0.98,2.09,0,3.902,0.388,1.513976,5856,2061,0,-,2
22:37:09.029,snap,default,com.tencent.mobileqq,discharging,1,42.4,54.8,85,95,1,17.62,0.98,2.09,0,3.89,0.492,1.9138801,9938,4418,0,-,2
22:37:10.029,snap,default,com.tencent.mobileqq,discharging,1,42.4,54.4,85,95,1,16.06,0.8,1.71,0,3.897,0.508,1.9796761,9938,4418,0,-,2
22:37:11.029,snap,default,com.tencent.mobileqq,discharging,1,42.4,54.4,85,95,1,16.06,0.8,1.71,9,3.893,0.502,1.9542859,9717,4923,0,-,2
22:37:12.030,snap,default,com.tencent.mobileqq,discharging,1,42.4,55.2,85,95,1,15.14,0.65,1.4,2,3.879,0.542,2.102418,9717,4923,0,-,2
22:37:13.032,snap,default,com.tencent.mobileqq,discharging,1,42.4,57.6,85,95,1,15.14,0.65,1.4,9,3.88,0.982,3.8101602,20320,11862,0,-,2
22:37:14.030,snap,default,com.tencent.mobileqq,discharging,1,42.4,59.2,85,95,1,16.93,0.54,1.14,21,3.871,1.074,4.157454,20320,11862,0,-,2
22:37:15.031,snap,default,com.tencent.mobileqq,discharging,1,42.4,59.2,85,95,1,16.93,0.54,1.14,24,3.819,1.724,6.583956,35928,16910,0,-,2
22:37:16.031,snap,default,com.tencent.mobileqq,discharging,1,42.4,59.2,85,95,1,24.19,0.98,2.02,26,3.797,2.364,8.976109,35928,16910,0,-,2
22:37:17.031,snap,default,com.tencent.mobileqq,discharging,1,42.4,62.2,85,95,1,24.19,0.98,2.02,11,3.854,2.028,7.8159127,37365,14915,0,-,2
22:37:18.078,snap,playback,tv.danmaku.bili,discharging,1,42.4,65.2,85,95,0,29.95,0.98,1.65,8,3.871,1.076,4.165196,37365,14915,0,-,2
22:37:19.078,snap,playback,tv.danmaku.bili,discharging,1,42.4,65.2,85,95,0,29.95,0.98,1.65,4,3.865,1.03,3.9809499,30167,14303,0,-,2
22:37:20.078,snap,playback,tv.danmaku.bili,discharging,1,42.4,67.1,85,95,0,31.23,0.99,1.72,30,3.812,2.54,9.68248,30167,14303,0,-,2
22:37:21.089,snap,playback,tv.danmaku.bili,discharging,1,42.4,70.1,85,95,0,31.23,0.99,1.72,12,3.82,1.986,7.5865197,44571,13447,0,-,2
22:37:22.090,snap,playback,tv.danmaku.bili,discharging,1,42.4,73.1,85,95,0,40.6,1.53,9.56,18,3.815,2.034,7.75971,44571,13447,0,-,2
22:37:23.090,snap,playback,tv.danmaku.bili,discharging,1,42.4,76.1,85,95,0,40.6,1.53,9.56,9,3.834,1.59,6.0960603,26941,8786,0,-,2
22:37:24.090,snap,playback,tv.danmaku.bili,discharging,1,42.4,73.1,85,95,0,41.94,1.43,9.45,6,3.877,0.792,3.070584,26941,8786,0,-,2
22:37:25.090,snap,playback,tv.danmaku.bili,discharging,1,42.5,70.1,85,95,0,41.94,1.43,9.45,8,3.834,1.35,5.1759005,22616,11003,0,-,2
22:37:26.092,snap,playback,tv.danmaku.bili,discharging,1,42.5,72.6,85,95,0,42.13,1.17,12.63,23,3.817,1.888,7.206496,22616,11003,0,-,2
22:37:27.092,snap,playback,tv.danmaku.bili,discharging,1,42.5,72.6,85,95,0,42.13,1.17,12.63,26,3.817,1.912,7.298104,41406,15376,0,-,2
22:37:28.092,snap,playback,tv.danmaku.bili,discharging,1,42.5,70.6,85,95,0,46.09,0.96,12.88,25,3.832,1.468,5.625376,41406,15376,0,-,2
22:37:29.092,snap,playback,tv.danmaku.bili,discharging,1,42.5,68.2,85,95,0,46.09,0.96,12.88,25,3.85,1.34,5.159,31167,17558,0,-,2
22:37:30.092,snap,playback,tv.danmaku.bili,discharging,1,42.5,68.2,85,95,0,45.17,1.15,11.27,26,3.845,1.416,5.44452,31167,17558,0,-,2
22:37:31.092,snap,playback,tv.danmaku.bili,discharging,1,42.5,67.4,85,95,0,45.17,1.15,11.27,25,3.842,1.52,5.83984,35464,19419,0,-,2
22:37:32.093,snap,playback,tv.danmaku.bili,discharging,1,42.5,67.4,85,95,0,45.68,1.3,9.95,26,3.843,1.534,5.895162,35464,19419,0,-,2
22:37:33.094,snap,playback,tv.danmaku.bili,discharging,1,42.5,66.7,85,95,0,45.68,1.3,9.95,26,3.85,1.33,5.1205,31302,16913,0,-,2
22:37:34.093,snap,playback,tv.danmaku.bili,discharging,1,42.5,66.7,85,95,0,47.73,1.25,9.05,24,3.836,1.414,5.424104,31302,16913,0,-,2
22:37:35.094,snap,playback,tv.danmaku.bili,discharging,1,42.5,65.9,85,95,0,47.73,1.25,9.05,25,3.839,1.344,5.159616,31241,19093,0,-,2
22:37:36.095,snap,playback,tv.danmaku.bili,discharging,1,42.5,65.9,85,95,0,44.16,1.2,7.77,25,3.839,1.388,5.328532,31241,19093,0,-,2
22:37:37.094,snap,playback,tv.danmaku.bili,discharging,1,42.5,65.9,85,95,0,41.23,0.98,6.55,22,3.865,1.058,4.08917,28862,16534,0,-,2
22:37:38.096,snap,playback,tv.danmaku.bili,discharging,1,42.5,64.3,85,95,0,41.23,0.98,6.55,23,3.861,1.172,4.525092,28862,16534,0,-,2
22:37:39.096,snap,playback,tv.danmaku.bili,discharging,1,42.5,64.3,85,95,0,38.11,0.8,5.36,26,3.862,1.092,4.217304,27936,17451,0,-,2
22:37:40.096,snap,playback,tv.danmaku.bili,discharging,1,42.5,64.3,85,95,0,38.11,0.8,5.36,26,3.856,1.162,4.480672,27936,17451,0,-,2
22:37:41.098,snap,playback,tv.danmaku.bili,discharging,1,42.5,63.5,85,95,0,35.55,0.66,4.39,26,3.856,1.162,4.480672,28780,18554,0,-,2
22:37:42.097,snap,playback,tv.danmaku.bili,discharging,1,42.5,63.5,85,95,0,35.55,0.66,4.39,26,3.863,1.032,3.9866157,28780,18554,0,-,2
22:37:43.098,snap,playback,tv.danmaku.bili,discharging,1,42.5,63.5,85,95,0,35.55,0.66,4.39,26,3.854,1.218,4.6941724,28780,18554,0,-,2
22:37:44.098,snap,playback,tv.danmaku.bili,discharging,1,42.5,63.9,85,95,0,33.82,0.54,3.59,26,3.863,1.06,4.0947795,29365,18212,0,-,2
22:37:45.099,snap,playback,tv.danmaku.bili,discharging,1,42.5,63.9,85,95,0,33.82,0.54,3.59,26,3.864,1.132,4.3740478,29365,18212,0,-,2
22:37:46.100,snap,playback,tv.danmaku.bili,discharging,1,42.5,64.7,85,95,0,32.58,0.44,2.94,26,3.851,1.16,4.4671597,28970,19190,0,-,2
22:37:47.099,snap,playback,tv.danmaku.bili,discharging,1,42.5,64.7,85,95,0,32.58,0.44,2.94,25,3.849,1.39,5.35011,28970,19190,0,-,2
22:37:48.099,snap,playback,tv.danmaku.bili,discharging,1,42.5,63.5,85,95,0,35.56,0.54,2.41,25,3.857,1.208,4.659256,31879,17123,0,-,2
22:37:49.100,snap,playback,tv.danmaku.bili,discharging,1,42.5,63.5,85,95,0,35.56,0.54,2.41,21,3.863,1.152,4.450176,31879,17123,0,-,2
22:37:50.099,snap,playback,tv.danmaku.bili,discharging,1,42.5,63.9,85,95,0,37.81,0.44,1.97,25,3.858,1.216,4.691328,27961,16441,0,-,2
22:37:51.100,snap,playback,tv.danmaku.bili,discharging,1,42.5,65.1,85,95,0,37.81,0.44,1.97,26,3.845,1.394,5.35993,27961,16441,0,-,2
22:37:52.100,snap,playback,tv.danmaku.bili,discharging,1,42.5,65.1,85,95,0,36.94,0.36,1.61,25,3.858,1.31,5.05398,32116,18405,0,-,2
22:37:53.100,snap,playback,tv.danmaku.bili,discharging,1,42.5,65.1,85,95,0,36.94,0.36,1.61,26,3.85,1.342,5.1667,32116,18405,0,-,2
22:37:54.100,snap,playback,tv.danmaku.bili,discharging,1,42.5,65.1,85,95,0,37.13,0.29,1.32,25,3.857,1.296,4.998672,30010,17159,0,-,2
22:37:55.101,snap,playback,tv.danmaku.bili,discharging,1,42.5,65.1,85,95,0,37.13,0.29,1.32,26,3.856,1.226,4.7274556,30010,17159,0,-,2
22:37:56.101,snap,playback,tv.danmaku.bili,discharging,1,42.5,64.3,85,95,0,39.1,0.24,1.08,26,3.856,1.23,4.74288,29220,17105,0,-,2
22:37:57.103,snap,playback,tv.danmaku.bili,discharging,1,42.6,64.3,85,95,0,39.1,0.24,1.08,26,3.856,1.214,4.681184,29220,17105,0,-,2
22:37:58.102,snap,playback,tv.danmaku.bili,discharging,1,42.6,64.3,85,95,0,40.53,0.19,0.88,26,3.855,1.218,4.69539,32125,18475,0,-,2
22:37:59.102,snap,playback,tv.danmaku.bili,discharging,1,42.6,63.9,85,95,0,40.53,0.19,0.88,22,3.862,1.054,4.070548,32125,18475,0,-,2
22:38:00.105,snap,playback,tv.danmaku.bili,discharging,1,42.6,63.9,85,95,0,36.63,0.16,0.72,23,3.867,1.062,4.1067543,24316,14916,0,-,2
22:38:01.104,snap,playback,tv.danmaku.bili,discharging,1,42.6,63.5,85,95,0,36.63,0.16,0.72,26,3.856,1.212,4.673472,24316,14916,0,-,2
22:38:02.105,snap,playback,tv.danmaku.bili,discharging,1,42.6,63.5,85,95,0,35.97,0.13,0.59,26,3.862,1.158,4.472196,30508,17666,0,-,2
22:38:03.105,snap,playback,tv.danmaku.bili,discharging,1,42.6,63.5,85,95,0,35.97,0.13,0.59,26,3.862,1.096,4.232752,30508,17666,0,-,2
22:38:04.106,snap,playback,tv.danmaku.bili,discharging,1,42.6,61.9,85,95,0,33.26,0.1,0.48,17,3.871,0.93,3.6000302,25117,15296,0,-,2
22:38:05.107,snap,playback,tv.danmaku.bili,discharging,1,42.6,60.7,85,95,0,33.26,0.1,0.48,18,3.868,0.826,3.194968,25117,15296,0,-,2
22:38:06.108,snap,playback,tv.danmaku.bili,discharging,1,42.6,60.7,85,95,0,30.31,0.08,0.39,21,3.856,0.986,3.802016,19617,11884,0,-,2
22:38:07.108,snap,playback,tv.danmaku.bili,discharging,1,42.6,59.9,85,95,0,30.31,0.08,0.39,18,3.875,0.826,3.2007499,19617,11884,0,-,2
22:38:08.108,snap,playback,tv.danmaku.bili,discharging,1,42.6,59.2,85,95,0,27.35,0.07,0.5,21,3.872,0.82,3.17504,19341,11538,0,-,2
22:38:09.108,snap,playback,tv.danmaku.bili,discharging,1,42.6,59.2,85,95,0,27.35,0.07,0.5,21,3.878,0.79,3.06362,19341,11538,0,-,2
22:38:10.109,snap,playback,tv.danmaku.bili,discharging,1,42.6,59.2,85,95,0,24.75,0.05,0.41,18,3.859,0.926,3.5734339,17690,11379,0,-,2
22:38:11.110,snap,playback,tv.danmaku.bili,discharging,1,42.6,59.2,85,95,0,24.75,0.05,0.41,21,3.881,0.798,3.097038,17690,11379,0,-,2
22:38:12.110,snap,playback,tv.danmaku.bili,discharging,1,42.6,59.2,85,95,0,24.07,0.04,0.33,21,3.868,0.862,3.3342159,17770,11551,0,-,2
22:38:13.110,snap,playback,tv.danmaku.bili,discharging,1,42.6,58.8,85,95,0,24.07,0.04,0.33,18,3.878,0.776,3.0093281,17770,11551,0,-,2
22:38:14.110,snap,playback,tv.danmaku.bili,discharging,1,42.6,58.8,85,95,0,22.79,0.03,0.27,21,3.869,0.85,3.28865,18041,11869,0,-,2
22:38:15.110,snap,playback,tv.danmaku.bili,discharging,1,42.6,58.8,85,95,0,22.79,0.03,0.27,21,3.876,0.832,3.224832,18041,11869,0,-,2
22:38:16.110,snap,playback,tv.danmaku.bili,discharging,1,42.6,59.2,85,95,0,22.65,0.03,0.22,17,3.873,0.918,3.555414,20883,12713,0,-,2
22:38:17.111,snap,playback,tv.danmaku.bili,discharging,1,42.6,59.2,85,95,0,21.98,0.02,0.18,21,3.876,0.806,3.1240559,20883,12713,0,-,2
22:38:18.111,snap,playback,tv.danmaku.bili,discharging,1,42.7,59.2,85,95,0,21.98,0.02,0.18,21,3.861,0.944,3.644784,18935,12358,0,-,2
22:38:19.113,snap,playback,tv.danmaku.bili,discharging,1,42.7,59.2,85,95,0,21.44,0.02,0.15,17,3.861,0.944,3.644784,18935,12358,0,-,2
22:38:20.112,snap,playback,tv.danmaku.bili,discharging,1,42.7,59.2,85,95,0,21.44,0.02,0.15,17,3.868,0.97,3.75196,24067,13704,0,-,2
22:38:21.112,snap,playback,tv.danmaku.bili,discharging,1,42.7,59.2,85,95,0,21.44,0.02,0.15,21,3.874,1.11,4.30014,24067,13704,0,-,2
22:38:22.113,snap,playback,tv.danmaku.bili,discharging,1,42.7,59.2,85,95,0,22.09,0.01,0.3,21,3.873,0.854,3.3075418,22294,13159,0,-,2
22:38:23.113,snap,playback,tv.danmaku.bili,discharging,1,42.7,59.2,85,95,0,22.09,0.01,0.3,17,3.873,0.898,3.477954,22294,13159,0,-,2
22:38:24.113,snap,playback,tv.danmaku.bili,discharging,1,42.7,59.2,85,95,0,21.71,0.01,0.25,21,3.871,0.822,3.1819623,19070,11733,0,-,2
22:38:25.113,snap,playback,tv.danmaku.bili,discharging,1,42.7,58.4,85,95,0,21.71,0.01,0.25,21,3.871,0.876,3.390996,19070,11733,0,-,2
22:38:26.113,snap,playback,tv.danmaku.bili,discharging,1,42.7,58.8,85,95,0,21.22,0.01,0.2,19,3.878,0.82,3.17996,19393,12637,0,-,2
22:38:27.115,snap,playback,tv.danmaku.bili,discharging,1,42.7,58.8,85,95,0,21.22,0.01,0.2,21,3.871,0.92,3.56132,19393,12637,0,-,2
22:38:28.114,snap,playback,tv.danmaku.bili,discharging,1,42.7,59.6,85,95,0,21.18,0,0.34,21,3.856,1,3.856,23704,12050,0,-,2
22:38:29.115,snap,playback,tv.danmaku.bili,discharging,1,42.7,59.6,85,95,0,21.18,0,0.34,0,3.887,0.754,2.930798,23704,12050,0,-,2
22:38:30.115,snap,playback,tv.danmaku.bili,discharging,1,42.7,56.6,85,95,0,19.51,0,0.28,0,3.892,0.404,1.572368,9605,4120,0,-,2
22:38:31.117,snap,playback,tv.danmaku.bili,discharging,1,42.7,54.8,85,95,0,19.51,0,0.28,0,3.895,0.39,1.5190499,9605,4120,0,-,2
22:38:32.117,snap,playback,tv.danmaku.bili,discharging,1,42.7,53.6,85,95,0,18.33,0,0.23,0,3.899,0.338,1.317862,9881,4152,0,-,2
22:38:33.116,snap,playback,tv.danmaku.bili,discharging,1,42.7,53.2,85,95,0,18.33,0,0.23,0,3.901,0.392,1.529192,9881,4152,0,-,2
22:38:34.118,snap,playback,tv.danmaku.bili,discharging,1,42.7,53.2,85,95,0,18.09,0,0.19,0,3.896,0.358,1.394768,11325,4784,0,-,2
22:38:35.117,snap,playback,tv.danmaku.bili,discharging,1,42.7,55.2,85,95,0,18.09,0,0.19,18,3.881,0.82,3.18242,11325,4784,0,-,2
22:38:36.117,snap,playback,tv.danmaku.bili,discharging,1,42.7,55.6,85,95,0,18.07,0,0.15,19,3.878,0.784,3.0403519,19923,11994,0,-,2
22:38:37.119,snap,playback,tv.danmaku.bili,discharging,1,42.7,56.4,85,95,0,18.07,0,0.15,21,3.877,0.848,3.2876961,19923,11994,0,-,2
22:38:38.118,snap,playback,tv.danmaku.bili,discharging,1,42.7,57.2,85,95,0,17.51,0,0.12,20,3.878,0.79,3.06362,19532,11571,0,-,2
22:38:39.118,snap,playback,tv.danmaku.bili,discharging,1,42.7,56.8,85,95,0,17.51,0,0.12,19,3.877,0.836,3.241172,19532,11571,0,-,2
22:38:40.121,snap,playback,tv.danmaku.bili,discharging,1,42.7,57.6,85,95,0,17.06,0,0.1,21,3.874,0.844,3.269656,19153,11124,0,-,2
22:38:41.119,snap,playback,tv.danmaku.bili,discharging,1,42.7,56.8,85,95,0,17.06,0,0.1,18,3.88,0.816,3.16608,19153,11124,0,-,2
22:38:42.119,snap,playback,tv.danmaku.bili,discharging,1,42.7,57.2,85,95,0,16.14,0,0.08,19,3.877,0.802,3.109354,17560,11111,0,-,2
22:38:43.120,snap,playback,tv.danmaku.bili,discharging,1,42.7,56.8,85,95,0,16.14,0,0.08,21,3.878,0.792,3.071376,17560,11111,0,-,2
22:38:44.119,snap,playback,tv.danmaku.bili,discharging,1,42.8,56.8,85,95,0,16.11,0,0.06,20,3.876,0.83,3.2170799,17895,11783,0,-,2
22:38:45.123,snap,playback,tv.danmaku.bili,discharging,1,42.8,56.8,85,95,0,16.11,0,0.06,20,3.878,0.79,3.06362,17895,11783,0,-,2
22:38:46.123,snap,playback,tv.danmaku.bili,discharging,1,42.8,57.2,85,95,0,16.27,0,0.05,21,3.874,0.876,3.393624,18312,12000,0,-,2
22:38:47.123,snap,playback,tv.danmaku.bili,discharging,1,42.8,57.2,85,95,0,16.27,0,0.05,19,3.883,0.762,2.958846,18312,12000,0,-,2
22:38:48.123,snap,playback,tv.danmaku.bili,discharging,1,42.8,57.2,85,95,0,16.22,0,0.04,21,3.871,0.834,3.228414,17720,11566,0,-,2
22:38:49.123,snap,playback,tv.danmaku.bili,discharging,1,42.8,57.2,85,95,0,16.22,0,0.04,20,3.866,0.97,3.75002,17720,11566,0,-,2
22:38:50.123,snap,playback,tv.danmaku.bili,discharging,1,42.8,57.2,85,95,0,18.17,0,0.4,18,3.87,0.908,3.51396,20003,12104,0,-,2
22:38:51.126,snap,playback,tv.danmaku.bili,discharging,1,42.8,57.2,85,95,0,18.17,0,0.4,22,3.863,0.886,3.422618,20003,12104,0,-,2
22:38:52.125,snap,playback,tv.danmaku.bili,discharging,1,42.8,57.2,85,95,0,18.32,0,0.32,22,3.863,0.936,3.615768,20081,12796,0,-,2
22:38:53.127,snap,playback,tv.danmaku.bili,discharging,1,42.8,57.2,85,95,0,18.32,0,0.32,18,3.874,0.794,3.075956,20081,12796,0,-,2
22:38:54.126,snap,playback,tv.danmaku.bili,discharging,1,42.8,57.2,85,95,0,18.45,0,0.26,20,3.874,0.794,3.075956,18545,11983,0,-,2
22:38:55.126,snap,playback,tv.danmaku.bili,discharging,1,42.8,56.8,85,95,0,18.45,0,0.26,20,3.873,0.862,3.3385258,18545,11983,0,-,2
22:38:56.127,snap,playback,tv.danmaku.bili,discharging,1,42.8,56.8,85,95,0,18.18,0,0.21,22,3.875,0.846,3.27825,18875,12509,0,-,2
22:38:57.127,snap,playback,tv.danmaku.bili,discharging,1,42.8,57.6,85,95,0,18.18,0,0.21,18,3.862,0.908,3.506696,18875,12509,0,-,2
22:38:58.128,snap,playback,tv.danmaku.bili,discharging,1,42.8,57.6,85,95,0,18.33,0,0.17,21,3.853,1.056,4.068768,20480,12436,0,-,2
22:38:59.130,snap,playback,tv.danmaku.bili,discharging,1,42.8,57.2,85,95,0,18.33,0,0.17,20,3.872,0.846,3.275712,20480,12436,0,-,2
22:39:00.129,snap,playback,tv.danmaku.bili,discharging,1,42.8,57.2,85,95,0,18.09,0,0.14,17,3.88,0.752,2.91776,20480,12436,0,-,2
22:39:01.130,snap,playback,tv.danmaku.bili,discharging,1,42.8,57.6,85,95,0,18.09,0,0.14,21,3.868,0.884,3.419312,18705,11987,0,-,2
22:39:02.130,snap,playback,tv.danmaku.bili,discharging,1,42.8,57.6,85,95,0,18.07,0,0.11,21,3.875,0.888,3.441,18705,11987,0,-,2
22:39:03.130,snap,playback,tv.danmaku.bili,discharging,1,42.8,57.6,85,95,0,18.07,0,0.11,18,3.865,0.936,3.61764,19938,12296,0,-,2
22:39:04.130,snap,playback,tv.danmaku.bili,discharging,1,42.8,57.2,85,95,0,18.24,0,0.09,21,3.866,0.878,3.3943481,19938,12296,0,-,2
22:39:05.131,snap,playback,tv.danmaku.bili,discharging,1,42.8,55.6,85,95,0,18.24,0,0.09,0,3.89,0.556,2.1628401,17772,9878,0,-,2
22:39:06.131,snap,playback,tv.danmaku.bili,discharging,1,42.8,53.6,85,95,0,17.65,0,0.07,0,3.898,0.414,1.613772,17772,9878,0,-,2
22:39:07.131,snap,playback,tv.danmaku.bili,discharging,1,42.8,53.6,85,95,0,17.65,0,0.07,0,3.885,0.58,2.2533,11306,4553,0,-,2
22:39:08.132,snap,playback,tv.danmaku.bili,discharging,1,42.8,53.6,85,95,0,21.34,0.36,2.96,0,3.884,0.782,3.037288,11306,4553,0,-,2
22:39:09.132,snap,playback,tv.danmaku.bili,discharging,1,42.8,53.6,85,95,0,21.34,0.36,2.96,0,3.898,0.446,1.738508,11988,4572,0,-,2
22:39:10.132,snap,playback,tv.danmaku.bili,discharging,1,42.8,53.6,85,95,0,20.37,0.29,2.42,0,3.896,0.482,1.8778719,11988,4572,0,-,2
22:39:11.132,snap,playback,tv.danmaku.bili,discharging,1,42.8,55.6,85,95,0,20.37,0.29,2.42,19,3.868,0.952,3.682336,15905,8710,0,-,2
22:39:12.133,snap,playback,tv.danmaku.bili,discharging,1,42.8,55.6,85,95,0,20.48,0.24,2.16,19,3.865,0.928,3.58672,15905,8710,0,-,2
22:39:13.133,snap,playback,tv.danmaku.bili,discharging,1,42.8,57.2,85,95,0,20.48,0.24,2.16,21,3.869,0.94,3.63686,19960,12749,0,-,2
22:39:14.134,snap,playback,tv.danmaku.bili,discharging,1,42.9,57.6,85,95,0,19.31,0.19,1.77,19,3.854,1.104,4.254816,19960,12749,0,-,2
22:39:15.134,snap,playback,tv.danmaku.bili,discharging,1,42.9,58.4,85,95,0,19.31,0.19,1.77,19,3.873,0.988,3.8265238,24230,14199,0,-,2
22:39:16.134,snap,playback,tv.danmaku.bili,discharging,1,42.9,58.4,85,95,0,20.16,0.16,1.45,18,3.848,1.142,4.394416,24230,14199,0,-,2
22:39:17.134,snap,playback,tv.danmaku.bili,discharging,1,42.9,58.4,85,95,0,20.16,0.16,1.45,19,3.871,0.88,3.40648,22822,14434,0,-,2
22:39:18.135,snap,playback,tv.danmaku.bili,discharging,1,42.9,57.6,85,95,0,19.95,0.13,1.18,21,3.875,0.898,3.47975,22822,14434,0,-,2
22:39:19.135,snap,playback,tv.danmaku.bili,discharging,1,42.9,57.2,85,95,0,19.95,0.13,1.18,21,3.872,0.824,3.190528,17841,11777,0,-,2
22:39:20.137,snap,playback,tv.danmaku.bili,discharging,1,42.9,56.8,85,95,0,19.23,0.1,0.97,18,3.873,0.84,3.2533197,17841,11777,0,-,2
22:39:21.138,snap,playback,tv.danmaku.bili,discharging,1,42.9,56.8,85,95,0,19.23,0.1,0.97,21,3.876,0.806,3.1240559,17459,11653,0,-,2
22:39:22.138,snap,playback,tv.danmaku.bili,discharging,1,42.9,56.8,85,95,0,18.64,0.08,0.79,17,3.866,0.876,3.386616,17459,11653,0,-,2
22:39:23.138,snap,playback,tv.danmaku.bili,discharging,1,42.9,57.2,85,95,0,18.64,0.08,0.79,21,3.876,0.854,3.310104,17283,11433,0,-,2
22:39:24.139,snap,playback,tv.danmaku.bili,discharging,1,42.9,57.2,85,95,0,17.98,0.07,0.65,21,3.866,0.872,3.371152,17283,11433,0,-,2
22:39:25.139,snap,playback,tv.danmaku.bili,discharging,1,42.9,56.4,85,95,0,17.98,0.07,0.65,17,3.874,0.76,2.94424,17233,11309,0,-,2
22:39:26.139,snap,playback,tv.danmaku.bili,discharging,1,42.9,56.4,85,95,0,17.62,0.05,0.53,21,3.869,0.864,3.342816,17233,11309,0,-,2
22:39:27.139,snap,playback,tv.danmaku.bili,discharging,1,42.9,56.4,85,95,0,17.62,0.05,0.53,22,3.87,0.916,3.54492,18361,11935,0,-,2
22:39:28.141,snap,playback,tv.danmaku.bili,discharging,1,42.9,56.4,85,95,0,17.51,0.22,0.61,19,3.868,0.916,3.543088,18361,11935,0,-,2
22:39:29.140,snap,playback,tv.danmaku.bili,discharging,1,42.9,56.4,85,95,0,17.51,0.22,0.61,22,3.875,0.808,3.131,18918,11274,0,-,2
22:39:30.139,snap,playback,tv.danmaku.bili,discharging,1,42.9,56.4,85,95,0,16.87,0.18,0.5,20,3.858,0.948,3.6573842,18918,11274,0,-,2
22:39:31.140,snap,playback,tv.danmaku.bili,discharging,1,42.9,57.6,85,95,0,16.87,0.18,0.5,18,3.858,0.948,3.6573842,20847,11735,0,-,2
22:39:32.140,snap,playback,tv.danmaku.bili,discharging,1,42.9,57.6,85,95,0,16.87,0.18,0.5,18,3.869,0.882,3.4124582,20847,11735,0,-,2
22:39:33.140,snap,playback,tv.danmaku.bili,discharging,1,42.9,57.6,85,95,0,18.16,0.15,0.41,22,3.871,0.85,3.2903502,18539,11785,0,-,2
22:39:34.141,snap,playback,tv.danmaku.bili,discharging,1,42.9,58,85,95,0,18.16,0.15,0.41,21,3.859,0.954,3.681486,18539,11785,0,-,2
22:39:35.141,snap,playback,tv.danmaku.bili,discharging,1,42.9,58,85,95,0,18.31,0.12,0.33,18,3.872,0.98,3.79456,21424,12789,0,-,2
22:39:36.141,snap,playback,tv.danmaku.bili,discharging,1,42.9,58,85,95,0,18.8,0.1,0.27,21,3.867,0.894,3.457098,21424,12789,0,-,2
22:39:37.141,snap,playback,tv.danmaku.bili,discharging,1,42.9,57.2,85,95,0,18.8,0.1,0.27,19,3.874,0.866,3.3548841,20755,12969,0,-,2
22:39:38.141,snap,playback,tv.danmaku.bili,discharging,1,42.9,57.2,85,95,0,18.65,0.08,0.22,20,3.868,0.862,3.3342159,20755,12969,0,-,2
22:39:39.141,snap,playback,tv.danmaku.bili,discharging,1,42.9,57.2,85,95,0,18.65,0.08,0.22,20,3.867,0.91,3.5189703,20522,12641,0,-,2
22:39:40.142,snap,playback,tv.danmaku.bili,discharging,1,42.9,58.4,85,95,0,18.35,0.06,0.18,20,3.867,0.966,3.7355223,20522,12641,0,-,2
22:39:41.142,snap,playback,tv.danmaku.bili,discharging,1,42.9,59.2,85,95,0,18.35,0.06,0.18,20,3.855,1.104,4.25592,21824,12535,0,-,2
22:39:42.143,snap,playback,tv.danmaku.bili,discharging,1,42.9,59.2,85,95,0,17.93,0.05,0.15,30,3.854,1.094,4.216276,21824,12535,0,-,2
22:39:43.143,snap,playback,tv.danmaku.bili,discharging,1,42.9,58,85,95,0,17.93,0.05,0.15,42,3.865,0.984,3.8031602,21755,13409,0,-,2
22:39:44.143,snap,playback,tv.danmaku.bili,discharging,1,42.9,58,85,95,0,17.58,0.04,0.12,43,3.86,1.042,4.02212,21755,13409,0,-,2
22:39:45.143,snap,playback,tv.danmaku.bili,discharging,1,42.9,58,85,95,0,17.58,0.04,0.12,43,3.862,1.006,3.8851721,20751,12616,0,-,2
22:39:46.143,snap,playback,tv.danmaku.bili,discharging,1,42.9,58,85,95,0,16.75,0.03,0.1,41,3.861,0.91,3.5135102,20751,12616,0,-,2
22:39:47.143,snap,playback,tv.danmaku.bili,discharging,1,42.9,58.4,85,95,0,16.75,0.03,0.1,44,3.861,1.072,4.1389923,21384,13550,0,-,2
22:39:48.144,snap,playback,tv.danmaku.bili,discharging,1,42.9,58.4,85,95,0,16.97,0.03,0.08,24,3.867,0.866,3.348822,21384,13550,0,-,2
22:39:49.144,snap,playback,tv.danmaku.bili,discharging,1,42.9,57.6,85,95,0,16.97,0.03,0.08,18,3.862,1.13,4.36406,19471,11666,0,-,2
22:39:50.144,snap,playback,tv.danmaku.bili,discharging,1,42.9,57.6,85,95,0,16.43,0.02,0.06,22,3.864,1.012,3.910368,19471,11666,0,-,2
22:39:51.145,snap,playback,tv.danmaku.bili,discharging,1,42.9,57.2,85,95,0,16.43,0.02,0.06,21,3.856,1.042,4.017952,19851,11370,0,-,2
22:39:52.147,snap,playback,tv.danmaku.bili,discharging,1,42.9,57.6,85,95,0,16.9,0.01,0.05,18,3.856,1.07,4.1259203,19851,11370,0,-,2
22:39:53.146,snap,playback,tv.danmaku.bili,discharging,1,42.9,57.6,85,95,0,16.9,0.01,0.05,21,3.861,1.154,4.455594,19408,11352,0,-,2
22:39:54.147,snap,playback,tv.danmaku.bili,discharging,1,42.9,57.6,85,95,0,16.91,0.01,0.04,21,3.856,1.134,4.3727036,19408,11352,0,-,2
22:39:55.236,snap,playback,tv.danmaku.bili,discharging,1,42.9,57.6,85,95,0,16.91,0.01,0.04,0,3.891,0.598,2.326818,18443,9141,0,-,2
22:39:56.244,snap,playback,tv.danmaku.bili,discharging,1,42.9,60.6,85,95,0,20.01,0.37,0.39,21,3.829,1.61,6.16469,18443,9141,0,-,2
22:39:57.442,snap,playback,tv.danmaku.bili,discharging,1,42.9,63.6,85,95,0,20.01,0.37,0.39,30,3.828,1.728,6.6147842,42087,18355,0,-,2
22:39:58.467,snap,default,com.coolapk.market,discharging,1,42.9,66.6,85,95,1,31.42,0.66,3.95,16,3.833,1.566,6.0024776,42087,18355,0,-,2
22:39:59.468,snap,default,com.coolapk.market,discharging,1,42.9,67.4,85,95,1,31.42,0.66,3.95,19,3.828,1.576,6.032928,37758,9473,0,-,2
22:40:00.468,snap,default,com.coolapk.market,discharging,1,42.9,67.4,85,95,1,42.03,0.72,8.12,50,3.776,2.742,10.353792,37758,9473,0,-,2
22:40:01.468,snap,default,com.coolapk.market,discharging,1,42.9,67.4,85,95,1,42.03,0.72,8.12,35,3.775,2.802,10.577551,45972,19697,0,-,2
22:40:02.471,snap,default,com.coolapk.market,discharging,1,42.9,67.4,85,95,1,44.92,1.32,9.19,38,3.784,2.34,8.85456,45972,19697,0,-,2
22:40:03.475,snap,default,com.coolapk.market,discharging,1,42.9,67.4,85,95,1,44.92,1.32,9.19,28,3.789,2.344,8.881416,40494,20874,0,-,2
22:40:04.473,snap,default,com.coolapk.market,discharging,1,42.9,70.4,85,95,1,43.49,1.44,9.51,17,3.81,1.932,7.36092,40494,20874,0,-,2
22:40:05.473,snap,default,com.coolapk.market,discharging,1,42.9,73.4,85,95,1,43.49,1.44,9.51,17,3.852,1.278,4.922856,33222,17769,0,-,2
22:40:06.474,snap,default,com.coolapk.market,discharging,1,42.9,73,85,95,1,42.13,1.54,7.97,17,3.845,1.45,5.57525,33222,17769,0,-,2
22:40:07.474,snap,default,com.coolapk.market,discharging,1,42.9,70,85,95,1,42.13,1.54,7.97,0,3.882,0.654,2.538828,20996,10423,0,-,2
22:40:08.476,snap,default,com.coolapk.market,discharging,1,42.9,67,85,95,1,37.39,1.26,6.53,10,3.845,0.944,3.6296802,20996,10423,0,-,2
22:40:09.476,snap,default,com.coolapk.market,discharging,1,42.9,64,85,95,1,37.39,1.26,6.53,41,3.822,1.426,5.450172,25433,10844,0,-,2
22:40:10.476,snap,default,com.android.launcher,discharging,1,42.9,62.7,85,95,1,35.51,1.21,5.89,0,3.847,0.968,3.7238958,25433,10844,0,-,2
22:40:11.477,snap,default,com.android.launcher,discharging,1,42.9,61.5,85,95,1,31.79,1.35,4.82,0,3.876,0.556,2.155056,13890,4219,0,-,2
22:40:12.477,snap,default,com.android.launcher,discharging,1,42.9,58.5,85,95,1,31.79,1.35,4.82,0,3.883,0.478,1.8560739,13890,4219,0,-,2
22:40:13.477,snap,default,com.android.launcher,discharging,1,42.9,56.8,85,95,1,27.84,1.11,3.94,0,3.886,0.404,1.569944,12914,5910,0,-,2
22:40:14.478,snap,default,com.android.launcher,discharging,1,42.9,56,85,95,1,27.84,1.11,3.94,0,3.88,0.532,2.06416,12914,5910,0,-,2
22:40:15.478,snap,default,com.android.launcher,discharging,1,42.9,55.2,85,95,1,24.61,0.91,3.23,0,3.889,0.384,1.493376,12914,5910,0,-,2
22:40:16.478,snap,default,com.android.launcher,discharging,1,42.9,54,85,95,1,24.61,0.91,3.23,0,3.889,0.384,1.493376,10217,4306,0,-,2
22:40:17.479,snap,default,com.android.launcher,discharging,1,42.9,54,85,95,1,24.61,0.91,3.23,0,3.892,0.37,1.44004,10217,4306,0,-,2
22:40:18.479,snap,default,com.android.launcher,discharging,1,42.9,53.6,85,95,1,21.6,0.74,2.64,0,3.896,0.34,1.32464,6959,2561,0,-,2
22:40:19.480,snap,default,com.android.launcher,discharging,1,42.9,53.2,85,95,1,21.6,0.74,2.64,0,3.889,0.426,1.656714,6959,2561,0,-,2
22:40:20.480,snap,default,com.android.launcher,discharging,1,42.9,52.4,85,95,1,19.5,0.61,2.16,0,3.891,0.384,1.4941441,8443,2624,0,-,2
22:40:21.480,snap,default,com.android.launcher,discharging,1,42.9,52.4,85,95,1,19.5,0.61,2.16,0,3.896,0.346,1.3480159,8443,2624,0,-,2
22:40:22.481,snap,default,com.android.launcher,discharging,1,42.9,52.4,85,95,1,17.59,0.49,1.77,0,3.895,0.326,1.26977,7160,2447,0,-,2
22:40:23.482,snap,default,com.android.launcher,discharging,1,42.9,52.1,85,95,1,17.59,0.49,1.77,0,3.893,0.382,1.487126,7160,2447,0,-,2
22:40:24.482,snap,default,com.android.launcher,discharging,1,42.9,52.1,85,95,1,16.04,0.4,1.45,0,3.893,0.328,1.276904,8404,3038,0,-,2
22:40:25.482,snap,default,com.android.launcher,discharging,1,42.9,51.7,85,95,1,16.04,0.4,1.45,0,3.897,0.306,1.192482,8404,3038,0,-,2
22:40:26.482,snap,default,com.android.launcher,discharging,1,42.8,50.9,85,95,1,14.58,0.33,1.18,0,3.897,0.306,1.192482,5225,1480,0,-,2
22:40:27.482,snap,default,com.android.launcher,discharging,1,42.8,50.9,85,95,1,14.58,0.33,1.18,0,3.9,0.332,1.2947999,5225,1480,0,-,2
22:40:28.482,snap,default,com.android.launcher,discharging,1,42.8,50.9,85,95,1,15.02,0.27,0.97,18,3.834,1.42,5.44428,20436,8918,0,-,2
22:40:29.484,snap,default,com.android.launcher,discharging,1,42.8,50.9,85,95,1,15.02,0.27,0.97,30,3.77,2.442,9.20634,20436,8918,0,-,2
22:40:30.483,snap,default,com.coolapk.market,discharging,1,42.8,50.9,85,95,1,22.08,0.58,3.69,78,3.754,3.24,12.16296,35770,17913,0,-,2
22:40:31.484,snap,default,com.coolapk.market,discharging,1,42.8,50.9,85,95,1,22.08,0.58,3.69,77,3.756,3.168,11.899008,35770,17913,0,-,2
22:40:32.499,snap,default,com.coolapk.market,discharging,1,42.8,50.9,85,95,1,28.95,0.47,5.38,80,3.755,3.134,11.76817,34799,16563,0,-,2
22:40:33.500,snap,default,com.coolapk.market,discharging,1,42.8,50.9,85,95,1,28.95,0.47,5.38,75,3.747,3.066,11.488302,34799,16563,0,-,2
22:40:34.501,snap,default,com.coolapk.market,discharging,1,42.8,50.9,85,95,1,37.29,0.57,5.85,43,3.787,2.352,8.907023,50291,19013,0,-,2
22:40:35.509,snap,default,com.coolapk.market,discharging,1,42.8,50.9,85,95,1,37.29,0.57,5.85,43,3.841,1.31,5.0317097,50291,19013,0,-,2
22:40:36.508,snap,default,com.coolapk.market,discharging,1,42.8,50.9,85,95,1,41.4,0.46,6.96,33,3.845,1.336,5.13692,26895,11011,0,-,2
22:40:37.508,snap,default,com.coolapk.market,discharging,1,42.7,50.9,85,95,1,41.4,0.46,6.96,33,3.84,0.916,3.5174398,26895,11011,0,-,2
22:40:38.508,snap,default,com.coolapk.market,discharging,1,42.7,50.9,85,95,1,38.61,0.56,6.61,33,3.842,0.9,3.4578,23110,12984,0,-,2
22:40:39.509,snap,default,com.coolapk.market,discharging,1,42.7,50.9,85,95,1,39.41,0.46,5.59,54,3.812,1.516,5.778992,23110,12984,0,-,2
22:40:40.510,snap,default,com.coolapk.market,discharging,1,42.7,50.9,85,95,1,39.41,0.46,5.59,80,3.765,2.762,10.398931,32959,18196,0,-,2
22:40:41.511,snap,default,com.coolapk.market,discharging,1,42.7,50.9,85,95,1,37.34,0.37,4.76,74,3.785,2.328,8.8114805,32959,18196,0,-,2
22:40:42.510,snap,default,com.coolapk.market,discharging,1,42.7,50.9,85,95,1,37.34,0.37,4.76,76,3.786,2.562,9.699732,32959,18196,0,-,2
22:40:43.511,snap,default,com.coolapk.market,discharging,1,42.7,50.9,85,95,1,35.28,0.31,3.89,76,3.786,2.562,9.699732,29080,18725,0,-,2
22:40:44.512,snap,default,com.coolapk.market,discharging,1,42.7,50.9,85,95,1,35.28,0.31,3.89,76,3.797,2.306,8.755882,29080,18725,0,-,2
22:40:45.512,snap,default,com.coolapk.market,discharging,1,42.7,50.9,85,95,1,35.28,0.31,3.89,77,3.777,2.654,10.0241585,27350,17224,0,-,2
22:40:46.512,snap,default,com.coolapk.market,discharging,1,42.7,50.9,85,95,1,34.14,0.25,5.18,81,3.772,2.73,10.297561,27350,17224,0,-,2
22:40:47.514,snap,default,com.coolapk.market,discharging,1,42.6,50.9,85,95,1,34.14,0.25,5.18,66,3.792,2.552,9.677184,29385,15989,0,-,2
22:40:48.513,snap,default,com.coolapk.market,discharging,1,42.6,50.9,85,95,1,33.75,0.2,4.6,66,3.853,1.182,4.554246,29385,15989,0,-,2
22:40:49.516,snap,default,com.coolapk.market,discharging,1,42.6,50.9,85,95,1,33.75,0.2,4.6,36,3.87,0.586,2.2678201,17001,9087,0,-,2
22:40:50.514,snap,default,com.coolapk.market,discharging,1,42.6,50.9,85,95,1,29.81,0.16,3.77,0,3.874,0.736,2.851264,17001,9087,0,-,2
22:40:51.515,snap,default,com.coolapk.market,discharging,1,42.6,53.9,85,95,1,29.81,0.16,3.77,0,3.862,1.082,4.178684,21228,10624,0,-,2
22:40:52.517,snap,default,com.coolapk.market,discharging,1,42.6,56.9,85,95,1,28.76,0.32,3.08,0,3.882,0.492,1.909944,21228,10624,0,-,2
22:40:53.517,snap,default,com.coolapk.market,discharging,1,42.6,59.2,85,95,1,28.76,0.32,3.08,0,3.888,0.356,1.384128,7010,2350,0,-,2
22:40:54.518,snap,default,com.coolapk.market,discharging,1,42.6,57.2,85,95,1,25,0.26,2.52,0,3.887,0.314,1.2205181,7010,2350,0,-,2
22:40:55.520,snap,default,com.coolapk.market,discharging,1,42.6,56.4,85,95,1,25,0.26,2.52,0,3.889,0.306,1.1900339,5082,1894,0,-,2
22:40:56.521,snap,default,com.coolapk.market,discharging,1,42.6,55.2,85,95,1,21.92,0.21,2.07,0,3.892,0.286,1.1131121,5082,1894,0,-,2
22:40:57.523,snap,default,com.coolapk.market,discharging,1,42.6,54.8,85,95,1,21.92,0.21,2.07,0,3.891,0.326,1.268466,5923,2428,0,-,2
22:40:58.522,snap,default,com.coolapk.market,discharging,1,42.6,54.8,85,95,1,19.58,0.17,1.69,18,3.884,0.472,1.833248,5923,2428,0,-,2
22:40:59.523,snap,default,com.coolapk.market,discharging,1,42.6,56,85,95,1,19.58,0.17,1.69,18,3.876,0.754,2.922504,15855,8837,0,-,2
22:41:00.523,snap,default,com.coolapk.market,discharging,1,42.6,58.8,85,95,1,18.93,0.14,1.38,18,3.888,0.43,1.6718401,15855,8837,0,-,2
22:41:01.523,snap,default,com.coolapk.market,discharging,1,42.6,59.2,85,95,1,18.93,0.14,1.38,30,3.873,1.148,4.4462037,20148,10960,0,-,2
22:41:02.523,snap,default,com.coolapk.market,discharging,1,42.6,59.2,85,95,1,20.93,0.11,1.13,73,3.77,2.646,9.97542,20148,10960,0,-,2
22:41:03.526,snap,default,com.coolapk.market,discharging,1,42.5,59.2,85,95,1,20.93,0.11,1.13,74,3.789,2.858,10.828962,28122,16895,0,-,2
22:41:04.527,snap,default,com.coolapk.market,discharging,1,42.5,59.2,85,95,1,22.21,0.09,1.29,79,3.751,3.042,11.410542,28122,16895,0,-,2
22:41:05.528,snap,default,com.coolapk.market,discharging,1,42.5,59.2,85,95,1,22.21,0.09,1.29,79,3.753,2.87,10.77111,28851,16078,0,-,2
22:41:06.528,snap,default,com.coolapk.market,discharging,1,42.5,59.2,85,95,1,26.16,0.07,1.23,79,3.772,2.562,9.663864,28851,16078,0,-,2
22:41:07.528,snap,default,com.coolapk.market,discharging,1,42.5,59.2,85,95,1,26.16,0.07,1.23,74,3.824,1.972,7.540928,28860,16253,0,-,2
22:41:08.529,snap,default,com.coolapk.market,discharging,1,42.5,62.2,85,95,1,26.31,0.06,1.01,22,3.869,0.908,3.513052,28860,16253,0,-,2
22:41:09.529,snap,default,com.coolapk.market,discharging,1,42.5,62.2,85,95,1,26.31,0.06,1.01,53,3.799,1.76,6.68624,28860,16253,0,-,2
22:41:10.529,snap,default,com.coolapk.market,discharging,1,42.5,62.2,85,95,1,25.35,0.05,0.83,76,3.786,2.424,9.177264,22611,13801,0,-,2
22:41:11.530,snap,default,com.coolapk.market,discharging,1,42.5,65.2,85,95,1,25.1,0.04,0.68,69,3.829,1.784,6.830936,22611,13801,0,-,2
22:41:12.531,snap,default,com.coolapk.market,discharging,1,42.5,68.2,85,95,1,25.1,0.04,0.68,69,3.878,0.502,1.9467559,24611,13999,0,-,2
22:41:13.531,snap,default,com.coolapk.market,discharging,1,42.5,65.2,85,95,1,22.55,0.03,0.55,69,3.873,0.468,1.8125639,24611,13999,0,-,2
22:41:14.533,snap,default,com.coolapk.market,discharging,1,42.5,62.3,85,95,1,22.55,0.03,0.55,34,3.873,0.468,1.8125639,9653,4776,0,-,2
22:41:15.533,snap,default,com.coolapk.market,discharging,1,42.5,59.9,85,95,1,22.55,0.03,0.55,34,3.869,0.702,2.716038,9653,4776,0,-,2
22:41:16.535,snap,default,com.coolapk.market,discharging,1,42.5,58.4,85,95,1,20.82,0.02,0.45,0,3.883,0.342,1.327986,8137,4329,0,-,2
22:41:17.535,snap,default,com.coolapk.market,discharging,1,42.5,58.4,85,95,1,20.82,0.02,0.45,0,3.885,0.33,1.28205,8137,4329,0,-,2
22:41:18.535,snap,default,com.coolapk.market,discharging,1,42.5,58.8,85,95,1,19.22,0.02,0.73,21,3.868,0.88,3.40384,11269,6438,0,-,2
22:41:19.536,snap,default,com.coolapk.market,discharging,1,42.5,59.6,85,95,1,19.22,0.02,0.73,21,3.87,0.914,3.5371797,11269,6438,0,-,2
22:41:20.537,snap,default,com.coolapk.market,discharging,1,42.5,58.8,85,95,1,18.27,0.01,0.78,26,3.875,0.664,2.573,11936,6521,0,-,2
22:41:21.537,snap,default,com.coolapk.market,discharging,1,42.5,59.6,85,95,1,18.27,0.01,0.78,26,3.863,0.936,3.615768,11936,6521,0,-,2
22:41:22.537,snap,default,com.coolapk.market,discharging,1,42.5,59.6,85,95,1,19.13,0.19,1.54,26,3.861,0.856,3.305016,17489,7305,0,-,2
22:41:23.538,snap,default,com.coolapk.market,discharging,1,42.5,59.6,85,95,1,19.13,0.19,1.54,25,3.855,0.94,3.6237,17489,7305,0,-,2
22:41:24.539,snap,default,com.coolapk.market,discharging,1,42.5,60.3,85,95,1,18.02,0.34,1.26,0,3.85,0.644,2.4794,15802,9150,0,-,2
22:41:25.540,snap,default,com.coolapk.market,discharging,1,42.5,60.3,85,95,1,18.02,0.34,1.26,37,3.838,1.1,4.2218003,15802,9150,0,-,2
22:41:26.553,snap,default,com.coolapk.market,discharging,1,42.5,60.3,85,95,1,20.01,0.28,1.03,77,3.786,2.332,8.828952,30770,20220,0,-,2
22:41:27.553,snap,default,com.coolapk.market,discharging,1,42.5,60.3,85,95,1,20.01,0.28,1.03,77,3.764,2.664,10.027296,30770,20220,0,-,2
22:41:28.554,snap,default,com.coolapk.market,discharging,1,42.5,60.3,85,95,1,23.08,0.22,1.21,76,3.752,2.87,10.76824,34922,21033,0,-,2
22:41:29.554,snap,default,com.coolapk.market,discharging,1,42.5,63.3,85,95,1,23.08,0.22,1.21,55,3.777,2.642,9.978834,34922,21033,0,-,2
22:41:30.554,snap,default,com.coolapk.market,discharging,1,42.5,66.3,85,95,1,24.88,0.18,1.35,55,3.824,1.112,4.252288,24284,14357,0,-,2
22:41:31.554,snap,default,com.coolapk.market,discharging,1,42.5,66.3,85,95,1,24.88,0.18,1.35,76,3.775,2.294,8.65985,24284,14357,0,-,2
22:41:32.557,snap,default,com.coolapk.market,discharging,1,42.5,69.3,85,95,1,26.35,0.15,1.1,76,3.798,2.122,8.059356,25756,15018,0,-,2
22:41:33.557,snap,default,com.coolapk.market,discharging,1,42.5,70.2,85,95,1,26.35,0.15,1.1,43,3.871,0.868,3.360028,25756,15018,0,-,2
22:41:34.558,snap,default,com.coolapk.market,discharging,1,42.5,67.2,85,95,1,24.11,0.12,0.9,16,3.858,0.636,2.453688,25756,15018,0,-,2
22:41:35.561,snap,default,com.coolapk.market,discharging,1,42.5,66.3,85,95,1,24.11,0.12,0.9,36,3.803,1.46,5.55238,14810,7799,0,-,2
22:41:36.560,snap,default,com.coolapk.market,discharging,1,42.5,69.3,85,95,1,23.73,0.1,0.92,77,3.781,2.272,8.590432,14810,7799,0,-,2
22:41:37.563,snap,default,com.coolapk.market,discharging,1,42.5,69.3,85,95,1,23.73,0.1,0.92,80,3.777,2.534,9.570917,25360,17270,0,-,2
22:41:38.562,snap,default,com.coolapk.market,discharging,1,42.5,72.3,85,95,1,25.04,0.08,0.75,78,3.796,2.39,9.07244,25360,17270,0,-,2
22:41:39.563,snap,default,com.coolapk.market,discharging,1,42.5,75.3,85,95,1,25.04,0.08,0.75,52,3.81,1.554,5.92074,30127,15492,0,-,2
22:41:40.562,snap,default,com.coolapk.market,discharging,1,42.5,76.5,85,95,1,26.85,0.06,0.62,73,3.773,2.436,9.191029,30127,15492,0,-,2
22:41:41.563,snap,default,com.coolapk.market,discharging,1,42.5,79.5,85,95,1,26.85,0.06,0.62,76,3.758,2.756,10.357048,28916,17605,0,-,2
22:41:42.564,snap,default,com.coolapk.market,discharging,1,42.5,82.5,85,95,1,27.06,0.05,0.5,79,3.76,2.79,10.490399,28916,17605,0,-,2
22:41:43.572,snap,default,com.coolapk.market,discharging,1,42.5,84.8,85,95,1,27.95,0.04,0.41,74,3.767,2.51,9.45517,29060,17126,0,-,2
22:41:44.567,snap,default,com.coolapk.market,discharging,1,42.5,86,85,95,1,27.95,0.04,0.41,75,3.761,2.594,9.756034,29060,17126,0,-,2
22:41:45.566,snap,default,com.coolapk.market,discharging,1,42.5,86,85,95,1,31.58,0.03,0.33,76,3.759,2.676,10.059085,28383,18553,0,-,2
22:41:46.566,snap,default,com.coolapk.market,discharging,1,42.5,86.8,85,95,1,31.58,0.03,0.33,75,3.759,2.676,10.059085,28383,18553,0,-,2
22:41:47.567,snap,default,com.coolapk.market,discharging,1,42.5,86.8,85,95,1,31.58,0.03,0.33,75,3.774,2.516,9.495384,31312,18324,0,-,2
22:41:48.567,snap,default,com.coolapk.market,discharging,1,42.5,86.8,85,95,1,33.83,0.03,1.18,77,3.768,2.448,9.224064,31312,18324,0,-,2
22:41:49.568,snap,default,com.coolapk.market,discharging,1,42.5,86.8,85,95,1,33.83,0.03,1.18,54,3.843,1.05,4.0351496,17583,9266,0,-,2
22:41:50.568,snap,default,com.coolapk.market,discharging,1,42.6,86.8,85,95,1,30.24,0.02,0.96,0,3.875,0.378,1.4647499,17583,9266,0,-,2
22:41:51.569,snap,default,com.coolapk.market,discharging,1,42.6,86.8,85,95,1,30.24,0.02,0.96,0,3.876,0.394,1.527144,5323,2255,0,-,2
22:41:52.570,snap,default,com.coolapk.market,discharging,1,42.6,86.8,85,95,1,26.39,0.01,0.79,0,3.88,0.298,1.1562401,5323,2255,0,-,2
22:41:53.570,snap,default,com.coolapk.market,discharging,1,42.6,86.8,85,95,1,26.39,0.01,0.79,0,3.878,0.368,1.427104,5264,2087,0,-,2
22:41:54.571,snap,default,com.coolapk.market,discharging,1,42.6,86.8,85,95,1,23.06,0.01,0.64,0,3.882,0.336,1.3043519,5264,2087,0,-,2
22:41:55.571,snap,default,com.coolapk.market,discharging,1,42.6,86.8,85,95,1,23.06,0.01,0.64,0,3.876,0.586,2.271336,11282,4177,0,-,2
22:41:56.571,snap,default,com.coolapk.market,discharging,1,42.6,86.8,85,95,1,23.05,0.01,0.71,33,3.862,0.736,2.842432,11282,4177,0,-,2
22:41:57.571,snap,default,com.coolapk.market,discharging,1,42.6,86.8,85,95,1,23.05,0.01,0.71,25,3.859,0.886,3.4190738,22129,11999,0,-,2
22:41:58.571,snap,default,com.coolapk.market,discharging,1,42.6,83.8,85,95,1,21.95,0.01,0.76,78,3.796,2.068,7.850128,22129,11999,0,-,2
22:41:59.580,snap,default,com.coolapk.market,discharging,1,42.6,80.9,85,95,1,21.95,0.01,0.76,78,3.772,2.584,9.746849,29608,17446,0,-,2
22:42:00.580,snap,default,com.coolapk.market,discharging,1,42.6,80.9,85,95,1,22.86,0,0.62,77,3.759,2.742,10.3071785,29608,17446,0,-,2
22:42:01.589,snap,default,com.coolapk.market,discharging,1,42.6,81.3,85,95,1,22.86,0,0.62,80,3.769,2.6,9.799399,29608,17446,0,-,2
22:42:02.614,snap,default,com.coolapk.market,discharging,1,42.6,84.3,85,95,1,25.24,0.18,0.69,77,3.74,3.096,11.57904,32786,19214,0,-,2
22:42:03.614,snap,default,com.coolapk.market,discharging,1,42.6,86,85,95,1,25.24,0.18,0.69,75,3.751,2.884,10.817884,32786,19214,0,-,2
22:42:04.614,snap,default,com.coolapk.market,discharging,1,42.6,83.6,85,95,1,33.17,0.15,1.65,44,3.827,1.608,6.153816,33190,14316,0,-,2
22:42:05.615,snap,default,com.coolapk.market,discharging,1,42.6,83.6,85,95,1,33.17,0.15,1.65,44,3.831,1.372,5.256132,33190,14316,0,-,2
22:42:06.615,snap,default,com.coolapk.market,discharging,1,42.6,83.6,85,95,1,29.88,0.12,1.35,49,3.857,0.742,2.8618941,19625,9119,0,-,2
22:42:07.615,snap,default,com.coolapk.market,discharging,1,42.6,83.6,85,95,1,29.88,0.12,1.35,0,3.866,0.546,2.110836,19625,9119,0,-,2
22:42:08.616,snap,default,com.coolapk.market,discharging,1,42.6,83.6,85,95,1,26.27,0.1,1.1,43,3.83,1.21,4.6343,12826,6127,0,-,2
22:42:09.616,snap,default,com.coolapk.market,discharging,1,42.6,83.6,85,95,1,26.27,0.1,1.1,60,3.831,1.114,4.267734,12826,6127,0,-,2
22:42:10.616,snap,default,com.coolapk.market,discharging,1,42.6,83.6,85,95,1,24.23,0.08,0.9,54,3.814,1.534,5.850676,22806,13374,0,-,2
22:42:11.617,snap,default,com.coolapk.market,discharging,1,42.6,83.6,85,95,1,24.23,0.08,0.9,55,3.874,0.602,2.332148,22806,13374,0,-,2
22:42:12.617,snap,default,com.coolapk.market,discharging,1,42.6,83.6,85,95,1,22.56,0.06,0.92,0,3.854,0.598,2.304692,15379,7824,0,-,2
22:42:13.617,snap,default,com.coolapk.market,discharging,1,42.6,83.6,85,95,1,22.56,0.06,0.92,0,3.853,0.646,2.489038,15379,7824,0,-,2
22:42:14.619,snap,default,com.coolapk.market,discharging,1,42.6,83.6,85,95,1,20.64,0.05,1.3,19,3.854,0.75,2.8905,12424,6519,0,-,2
22:42:15.619,snap,default,com.coolapk.market,discharging,1,42.6,83.6,85,95,1,20.35,0.04,1.24,29,3.838,1.198,4.5979238,12424,6519,0,-,2
22:42:16.620,snap,default,com.coolapk.market,discharging,1,42.6,83.6,85,95,1,20.35,0.04,1.24,45,3.855,0.952,3.66996,19255,10796,0,-,2
22:42:17.620,snap,default,com.coolapk.market,discharging,1,42.7,83.6,85,95,1,18.83,0.03,1.02,31,3.855,0.952,3.66996,19255,10796,0,-,2
22:42:18.623,snap,default,com.coolapk.market,discharging,1,42.7,83.6,85,95,1,18.83,0.03,1.02,31,3.864,0.664,2.565696,14610,8137,0,-,2
22:42:19.629,snap,default,com.coolapk.market,discharging,1,42.7,80.6,85,95,1,18.83,0.03,1.02,67,3.821,1.294,4.944374,14610,8137,0,-,2
22:42:20.625,snap,default,com.coolapk.market,discharging,1,42.7,79.7,85,95,1,20.67,0.03,1.01,76,3.785,2.376,8.99316,29595,19347,0,-,2
22:42:21.626,snap,default,com.coolapk.market,discharging,1,42.7,76.7,85,95,1,20.67,0.03,1.01,77,3.755,2.856,10.72428,29595,19347,0,-,2
22:42:22.626,snap,default,com.coolapk.market,discharging,1,42.7,75.7,85,95,1,24.72,0.02,0.83,54,3.804,2.408,9.160031,36927,22161,0,-,2
22:42:23.626,snap,default,com.coolapk.market,discharging,1,42.7,75.7,85,95,1,24.72,0.02,0.83,59,3.818,1.578,6.024804,36927,22161,0,-,2
22:42:24.626,snap,default,com.coolapk.market,discharging,1,42.7,74.9,85,95,1,24.77,0.01,0.68,59,3.842,1.366,5.2481723,28772,18023,0,-,2
22:42:25.628,snap,default,com.coolapk.market,discharging,1,42.7,74.9,85,95,1,24.77,0.01,0.68,73,3.782,2.156,8.153992,28772,18023,0,-,2
22:42:26.627,snap,default,com.coolapk.market,discharging,1,42.7,77.9,85,95,1,26.26,0.01,0.55,80,3.751,2.858,10.720358,36598,20278,0,-,2
22:42:27.628,snap,default,com.coolapk.market,discharging,1,42.7,80.9,85,95,1,26.26,0.01,0.55,78,3.745,3.18,11.9091,36598,20278,0,-,2
22:42:28.629,snap,default,com.coolapk.market,discharging,1,42.7,83.9,85,95,1,29.47,0.37,0.45,76,3.742,3.084,11.540329,36598,20278,0,-,2
22:42:29.631,snap,default,com.coolapk.market,discharging,1,42.7,86.9,85,95,1,29.47,0.37,0.45,81,3.741,3.072,11.492352,36755,20129,0,-,2
22:42:30.635,snap,default,com.coolapk.market,discharging,1,42.7,87.6,85,95,1,32.1,0.85,0.37,79,3.759,2.874,10.803367,36755,20129,0,-,2
22:42:31.632,snap,default,com.coolapk.market,discharging,1,42.7,88,85,95,1,32.1,0.85,0.37,80,3.766,2.622,9.874452,32296,17744,0,-,2
22:42:32.633,snap,default,com.coolapk.market,discharging,1,42.7,88,85,95,1,37.7,0.69,0.3,78,3.757,2.72,10.21904,32296,17744,0,-,2
22:42:33.636,snap,default,com.coolapk.market,discharging,1,42.8,88,85,95,1,37.7,0.69,0.3,78,3.75,2.81,10.537499,32988,16815,0,-,2
22:42:34.642,snap,default,com.coolapk.market,discharging,1,42.8,88.4,85,95,1,42.83,0.93,1.33,77,3.751,2.828,10.607828,32988,16815,0,-,2
22:42:35.645,snap,default,com.coolapk.market,discharging,1,42.8,88.8,85,95,1,42.83,0.93,1.33,74,3.749,2.802,10.504699,34917,16305,0,-,2
22:42:36.645,snap,default,com.coolapk.market,discharging,1,42.8,88.8,85,95,1,46.48,1.12,2.18,49,3.835,1.54,5.9059,34917,16305,0,-,2
22:42:37.648,snap,default,com.coolapk.market,discharging,1,42.8,87.2,85,95,1,46.48,1.12,2.18,64,3.775,2.002,7.5575504,30174,14103,0,-,2
22:42:38.699,snap,default,com.coolapk.market,discharging,1,42.8,87.2,85,95,1,44.04,0.92,1.96,79,3.746,2.94,11.013241,30174,14103,0,-,2
22:42:39.710,snap,default,com.coolapk.market,discharging,1,42.9,88,85,95,1,44.04,0.92,1.96,76,3.753,2.812,10.553436,35063,18650,0,-,2
22:42:40.731,snap,default,com.coolapk.market,discharging,1,42.9,88.4,85,95,1,48.38,0.93,1.61,75,3.764,2.666,10.034823,35063,18650,0,-,2
22:42:41.730,snap,default,com.coolapk.market,discharging,1,42.9,88.4,85,95,1,48.38,0.93,1.61,74,3.777,2.384,9.004368,33090,16981,0,-,2
22:42:42.730,snap,default,com.coolapk.market,discharging,1,42.9,85.4,85,95,1,50.3,0.76,1.31,54,3.806,1.472,5.602432,33090,16981,0,-,2
22:42:43.732,snap,default,com.coolapk.market,discharging,1,42.9,82.4,85,95,1,45.17,0.62,1.07,66,3.835,1.29,4.9471498,27843,16207,0,-,2
22:42:44.730,snap,default,com.coolapk.market,discharging,1,42.9,79.4,85,95,1,45.17,0.62,1.07,43,3.845,0.956,3.6758199,27843,16207,0,-,2
22:42:45.731,snap,default,com.coolapk.market,discharging,1,42.9,76.4,85,95,1,39.89,0.51,0.88,26,3.836,0.98,3.75928,16805,10577,0,-,2
22:42:46.731,snap,default,com.coolapk.market,discharging,1,42.9,73.4,85,95,1,39.89,0.51,0.88,41,3.836,0.98,3.75928,16805,10577,0,-,2
22:42:47.734,snap,default,com.coolapk.market,discharging,1,42.9,73.8,85,95,1,39.89,0.51,0.88,41,3.841,1.352,5.1930323,28500,15739,0,-,2
22:42:48.732,snap,default,com.coolapk.market,discharging,1,42.9,76.8,85,95,1,37.55,0.42,0.72,83,3.78,2.342,8.85276,28500,15739,0,-,2
22:42:49.736,snap,default,com.coolapk.market,discharging,1,42.9,79.8,85,95,1,37.55,0.42,0.72,79,3.774,2.56,9.66144,29376,18466,0,-,2
22:42:50.742,snap,default,com.coolapk.market,discharging,1,42.9,82.8,85,95,1,35.28,0.34,0.59,81,3.763,2.524,9.497811,29376,18466,0,-,2
22:42:51.735,snap,default,com.coolapk.market,discharging,1,42.9,85.8,85,95,1,35.28,0.34,0.59,79,3.766,2.622,9.874452,30310,18978,0,-,2
22:42:52.736,snap,default,com.coolapk.market,discharging,1,42.9,88,85,95,1,35.41,0.28,0.48,78,3.752,2.718,10.197936,30310,18978,0,-,2
22:42:53.737,snap,default,com.coolapk.market,discharging,1,42.9,88,85,95,1,35.41,0.28,0.48,72,3.77,2.584,9.74168,30752,16016,0,-,2
22:42:54.738,snap,default,com.coolapk.market,discharging,1,42.9,88,85,95,1,39.32,0.23,0.39,60,3.83,1.452,5.56116,30752,16016,0,-,2
22:42:55.738,snap,default,com.coolapk.market,discharging,1,43,88,85,95,1,39.32,0.23,0.39,60,3.851,1.036,3.9896362,14654,8646,0,-,2
22:42:56.739,snap,default,com.coolapk.market,discharging,1,43,88,85,95,1,34.91,0.18,0.32,28,3.85,0.822,3.1647,14654,8646,0,-,2
22:42:57.739,snap,default,com.coolapk.market,discharging,1,43,88,85,95,1,34.91,0.18,0.32,28,3.823,1.13,4.31999,14654,8646,0,-,2
22:42:58.740,snap,default,com.coolapk.market,discharging,1,43,88,85,95,1,32.03,0.15,0.26,29,3.829,1.014,3.8826063,16379,9969,0,-,2
22:42:59.739,snap,default,com.coolapk.market,discharging,1,43,88,85,95,1,32.03,0.15,0.26,44,3.85,0.964,3.7113998,16379,9969,0,-,2
22:43:00.739,snap,default,com.coolapk.market,discharging,1,43,85,85,95,1,30.75,0.12,0.21,82,3.76,2.712,10.19712,23074,13522,0,-,2
22:43:01.740,snap,default,com.coolapk.market,discharging,1,43,82,85,95,1,30.75,0.12,0.21,78,3.77,2.57,9.6889,23074,13522,0,-,2
22:43:02.742,snap,default,com.coolapk.market,discharging,1,43,81.7,85,95,1,29.89,0.1,0.17,76,3.775,2.42,9.135501,28837,19051,0,-,2
22:43:03.740,snap,default,com.coolapk.market,discharging,1,43,81.7,85,95,1,29.89,0.1,0.17,77,3.756,2.378,8.931768,28837,19051,0,-,2
22:43:04.740,snap,default,com.coolapk.market,discharging,1,43,78.7,85,95,1,29.55,0.08,0.14,48,3.83,1.288,4.9330397,29396,17755,0,-,2
22:43:05.740,snap,default,com.coolapk.market,discharging,1,43,76.1,85,95,1,29.55,0.08,0.14,48,3.816,1.066,4.067856,29396,17755,0,-,2
22:43:06.741,snap,default,com.coolapk.market,discharging,1,43.1,76.1,85,95,1,27.82,0.06,0.11,78,3.772,2.272,8.569984,24351,14022,0,-,2
22:43:07.741,snap,default,com.coolapk.market,discharging,1,43.1,79.1,85,95,1,27.82,0.06,0.11,77,3.773,2.516,9.492868,24351,14022,0,-,2
22:43:08.741,snap,default,com.coolapk.market,discharging,1,43.1,82.1,85,95,1,26.94,0.05,0.09,75,3.767,2.502,9.4250345,27389,16854,0,-,2
22:43:09.742,snap,default,com.coolapk.market,discharging,1,43.1,83.2,85,95,1,26.94,0.05,0.09,77,3.757,2.706,10.166442,27389,16854,0,-,2
22:43:10.742,snap,default,com.coolapk.market,discharging,1,43.1,80.5,85,95,1,27.68,0.04,0.07,77,3.848,1.056,4.063488,26148,14244,0,-,2
22:43:11.742,snap,default,com.coolapk.market,discharging,1,43.1,80.5,85,95,1,27.68,0.04,0.07,37,3.778,1.762,6.656836,26148,14244,0,-,2
22:43:12.744,snap,default,com.coolapk.market,discharging,1,43.1,83.2,85,95,1,26.47,0.03,0.06,78,3.746,3.016,11.297936,28034,15244,0,-,2
22:43:13.744,snap,default,com.coolapk.market,discharging,1,43.1,84.8,85,95,1,26.47,0.03,0.06,78,3.764,2.63,9.899321,28034,15244,0,-,2
22:43:14.744,snap,default,com.coolapk.market,discharging,1,43.1,87.6,85,95,1,30.55,0.03,1.32,74,3.757,2.554,9.595378,29836,16999,0,-,2
22:43:15.744,snap,default,com.coolapk.market,discharging,1,43.1,84.8,85,95,1,30.27,0.02,1.08,69,3.829,1.958,7.497182,29836,16999,0,-,2
22:43:16.744,snap,default,com.coolapk.market,discharging,1,43.2,81.8,85,95,1,30.27,0.02,1.08,46,3.845,1.118,4.2987103,23009,13732,0,-,2
22:43:17.745,snap,default,com.coolapk.market,discharging,1,43.2,78.8,85,95,1,28.77,0.01,0.88,47,3.845,1.118,4.2987103,23009,13732,0,-,2
22:43:18.746,snap,default,com.coolapk.market,discharging,1,43.2,75.8,85,95,1,28.77,0.01,0.88,47,3.828,1.25,4.785,19742,11213,0,-,2
22:43:19.747,snap,default,com.coolapk.market,discharging,1,43.2,72.8,85,95,1,28.77,0.01,0.88,47,3.859,0.66,2.54694,19742,11213,0,-,2
22:43:20.747,snap,default,com.coolapk.market,discharging,1,43.2,69.8,85,95,1,25.19,0.01,0.72,0,3.866,0.452,1.747432,6345,2463,0,-,2
22:43:21.749,snap,default,com.coolapk.market,discharging,1,43.2,66.8,85,95,1,25.19,0.01,0.72,0,3.863,0.458,1.769254,6345,2463,0,-,2
22:43:22.750,snap,default,com.coolapk.market,discharging,1,43.2,63.800003,85,95,1,22.07,0.01,0.59,0,3.869,0.422,1.632718,6977,2565,0,-,2
22:43:23.752,snap,default,com.coolapk.market,discharging,1,43.2,61.5,85,95,1,22.07,0.01,0.59,0,3.867,0.464,1.794288,6977,2565,0,-,2
22:43:24.753,snap,default,com.coolapk.market,discharging,1,43.2,59.9,85,95,1,20.43,0.01,0.48,0,3.861,0.62,2.39382,6977,2565,0,-,2
22:43:25.754,snap,default,com.coolapk.market,discharging,1,43.2,59.2,85,95,1,20.43,0.01,0.48,0,3.873,0.412,1.595676,5726,2119,0,-,2
22:43:26.755,snap,default,com.coolapk.market,discharging,1,43.2,58,85,95,1,17.99,0,0.39,0,3.871,0.396,1.5329161,5726,2119,0,-,2
22:43:27.754,snap,default,com.coolapk.market,discharging,1,43.2,58,85,95,1,17.99,0,0.39,0,3.871,0.46,1.78066,5375,2033,0,-,2
22:43:28.756,snap,default,com.coolapk.market,discharging,1,43.2,59.2,85,95,1,16,0,0.32,22,3.859,0.582,2.245938,5375,2033,0,-,2
22:43:29.756,snap,default,com.coolapk.market,discharging,1,43.2,60.7,85,95,1,16,0,0.32,22,3.863,0.886,3.422618,13140,7169,0,-,2
22:43:30.757,snap,default,com.coolapk.market,discharging,1,43.2,61.9,85,95,1,16,0,0.26,39,3.857,1.082,4.173274,13140,7169,0,-,2
22:43:31.757,snap,default,com.coolapk.market,discharging,1,43.2,61.9,85,95,1,16,0,0.26,63,3.775,2.402,9.06755,27202,17708,0,-,2
22:43:32.758,snap,default,com.coolapk.market,discharging,1,43.3,61.9,85,95,1,18.35,0,0.21,77,3.77,2.448,9.22896,27202,17708,0,-,2
22:43:33.757,snap,default,com.coolapk.market,discharging,1,43.3,61.9,85,95,1,18.35,0,0.21,79,3.769,2.48,9.34712,28389,17623,0,-,2
22:43:34.757,snap,default,com.coolapk.market,discharging,1,43.3,61.9,85,95,1,20.1,0,0.17,77,3.766,2.674,10.070284,28389,17623,0,-,2
22:43:35.758,snap,default,com.coolapk.market,discharging,1,43.3,61.9,85,95,1,20.1,0,0.17,77,3.763,2.356,8.865628,30392,17626,0,-,2
22:43:36.758,snap,default,com.coolapk.market,discharging,1,43.3,61.9,85,95,1,22.26,0,0.14,49,3.819,1.018,3.887742,30392,17626,0,-,2
22:43:37.758,snap,default,com.coolapk.market,discharging,1,43.3,61.9,85,95,1,22.26,0,0.14,75,3.781,2.318,8.7643585,23435,14260,0,-,2
22:43:38.759,snap,default,com.coolapk.market,discharging,1,43.3,61.9,85,95,1,23.84,0,0.11,80,3.753,2.636,9.892908,23435,14260,0,-,2
22:43:39.758,snap,default,com.coolapk.market,discharging,1,43.3,64.9,85,95,1,23.84,0,0.11,76,3.853,1.348,5.1938443,26032,14674,0,-,2
22:43:40.759,snap,default,com.coolapk.market,discharging,1,43.3,64.9,85,95,1,25.32,0,0.09,56,3.783,1.726,6.5294576,26032,14674,0,-,2
22:43:41.760,snap,default,com.coolapk.market,discharging,1,43.3,64.9,85,95,1,25.32,0,0.09,78,3.753,2.566,9.630198,29776,17812,0,-,2
22:43:42.760,snap,default,com.coolapk.market,discharging,1,43.3,64.9,85,95,1,26.71,0,0.07,75,3.747,2.868,10.746396,29776,17812,0,-,2
22:43:43.761,snap,default,com.coolapk.market,discharging,1,43.3,67.9,85,95,1,26.71,0,0.07,53,3.822,1.482,5.664204,29820,16232,0,-,2
22:43:44.761,snap,default,com.coolapk.market,discharging,1,43.3,70.9,85,95,1,28.21,0,0.06,53,3.858,0.592,2.283936,29820,16232,0,-,2
22:43:45.761,snap,default,com.coolapk.market,discharging,1,43.3,68.6,85,95,1,28.21,0,0.06,16,3.832,0.812,3.111584,14650,7954,0,-,2
22:43:46.761,snap,default,com.coolapk.market,discharging,1,43.3,68.6,85,95,1,26,0.18,0.05,16,3.832,0.812,3.111584,14650,7954,0,-,2
22:43:47.762,snap,default,com.coolapk.market,discharging,1,43.3,66.3,85,95,1,26,0.18,0.05,16,3.818,1.086,4.146348,19089,10964,0,-,2
22:43:48.762,snap,default,com.coolapk.market,discharging,1,43.4,65.1,85,95,1,25.27,0.14,0.04,31,3.847,0.802,3.0852938,19089,10964,0,-,2
22:43:49.762,snap,default,com.coolapk.market,discharging,1,43.4,62.7,85,95,1,25.27,0.14,0.04,31,3.868,0.506,1.9572079,8409,3974,0,-,2
22:43:50.762,snap,default,com.coolapk.market,discharging,1,43.4,60.3,85,95,1,22.87,0.12,0.03,0,3.874,0.322,1.247428,8409,3974,0,-,2
22:43:51.762,snap,default,com.coolapk.market,discharging,1,43.4,59.2,85,95,1,22.87,0.12,0.03,0,3.869,0.388,1.5011721,8409,3974,0,-,2
22:43:52.763,snap,default,com.coolapk.market,discharging,1,43.4,58,85,95,1,20.35,0.09,0.02,0,3.873,0.328,1.270344,5630,2095,0,-,2
22:43:53.763,snap,default,com.coolapk.market,discharging,1,43.4,57.6,85,95,1,20.35,0.09,0.02,0,3.869,0.382,1.477958,5630,2095,0,-,2
22:43:54.765,snap,default,com.coolapk.market,discharging,1,43.4,57.6,85,95,1,18.11,0.08,0.02,39,3.867,0.382,1.4771941,6949,2778,0,-,2
22:43:55.765,snap,default,com.coolapk.market,discharging,1,43.4,57.6,85,95,1,18.11,0.08,0.02,59,3.772,2.17,8.185241,6949,2778,0,-,2
22:43:56.766,snap,default,com.coolapk.market,discharging,1,43.4,57.6,85,95,1,20.63,0.06,0.38,77,3.756,2.748,10.321487,25854,15023,0,-,2
22:43:57.770,snap,default,com.coolapk.market,discharging,1,43.4,57.6,85,95,1,20.63,0.06,0.38,77,3.754,2.742,10.293468,25854,15023,0,-,2
22:43:58.770,snap,default,com.coolapk.market,discharging,1,43.4,57.6,85,95,1,21.6,0.05,0.31,79,3.775,2.534,9.56585,29920,18159,0,-,2
22:43:59.770,snap,default,com.coolapk.market,discharging,1,43.5,57.6,85,95,1,21.6,0.05,0.31,79,3.762,2.498,9.397476,29920,18159,0,-,2
22:44:00.772,snap,default,com.coolapk.market,discharging,1,43.5,57.6,85,95,1,23.85,0.04,0.43,67,3.835,1.04,3.9884,24845,13661,0,-,2
22:44:01.772,snap,default,com.coolapk.market,discharging,1,43.5,60.6,85,95,1,23.85,0.04,0.43,44,3.86,0.844,3.25784,24845,13661,0,-,2
22:44:02.772,snap,default,com.coolapk.market,discharging,1,43.5,63.6,85,95,1,22.42,0.03,0.35,0,3.866,0.498,1.9252679,14061,6989,0,-,2
22:44:03.773,snap,default,com.coolapk.market,discharging,1,43.5,62.3,85,95,1,22.42,0.03,0.35,0,3.864,0.446,1.7233441,14061,6989,0,-,2
22:44:04.774,snap,default,com.coolapk.market,discharging,1,43.5,62.3,85,95,1,20.35,0.02,0.29,25,3.85,0.82,3.1569998,11644,5938,0,-,2
22:44:05.774,snap,default,com.coolapk.market,discharging,1,43.5,62.3,85,95,1,20.35,0.02,0.29,25,3.827,0.884,3.3830678,11644,5938,0,-,2
22:44:06.779,snap,default,com.coolapk.market,discharging,1,43.5,62.3,85,95,1,19.2,0.02,0.23,25,3.85,0.87,3.3495,15093,8811,0,-,2
22:44:07.775,snap,default,com.coolapk.market,discharging,1,43.5,61.1,85,95,1,19.2,0.02,0.23,23,3.827,0.832,3.184064,15093,8811,0,-,2
22:44:08.784,snap,default,com.coolapk.market,discharging,1,43.5,61.1,85,95,1,18.08,0.01,0.19,35,3.847,0.758,2.9160259,14973,8492,0,-,2
22:44:09.779,snap,default,com.coolapk.market,discharging,1,43.5,64.1,85,95,1,18.08,0.01,0.19,61,3.791,2.066,7.832206,14973,8492,0,-,2
22:44:10.794,snap,default,com.coolapk.market,discharging,1,43.5,64.1,85,95,1,19.51,0.01,0.16,81,3.772,2.504,9.445088,29244,19012,0,-,2
22:44:11.797,snap,default,com.coolapk.market,discharging,1,43.5,67.1,85,95,1,19.51,0.01,0.16,81,3.832,1.816,6.958912,29244,19012,0,-,2
22:44:12.795,snap,default,com.coolapk.market,discharging,1,43.5,69.4,85,95,1,21.41,0.01,0.13,68,3.826,0.836,3.1985362,22253,10914,0,-,2
22:44:13.795,snap,default,com.coolapk.market,discharging,1,43.5,66.4,85,95,1,21.41,0.01,0.13,30,3.842,0.816,3.135072,22253,10914,0,-,2
22:44:14.795,snap,default,com.coolapk.market,discharging,1,43.5,65.1,85,95,1,20.07,0,0.1,24,3.841,0.954,3.664314,15795,9253,0,-,2
22:44:15.796,snap,default,com.coolapk.market,discharging,1,43.5,64.7,85,95,1,20.07,0,0.1,24,3.854,0.64,2.46656,15795,9253,0,-,2
22:44:16.798,snap,default,com.coolapk.market,discharging,1,43.5,61.699997,85,95,1,18.79,0,0.08,36,3.854,0.64,2.46656,15795,9253,0,-,2
22:44:17.798,snap,default,com.coolapk.market,discharging,1,43.5,60.7,85,95,1,18.79,0,0.08,36,3.859,0.502,1.9372178,11292,5564,0,-,2
22:44:18.798,snap,default,com.coolapk.market,discharging,1,43.5,63.7,85,95,1,19.19,0,0.07,72,3.793,2.064,7.8287516,11292,5564,0,-,2
22:44:19.798,snap,default,com.coolapk.market,discharging,1,43.5,66.7,85,95,1,19.19,0,0.07,49,3.833,1.614,6.186462,31628,17686,0,-,2
22:44:20.798,snap,default,com.coolapk.market,discharging,1,43.5,63.699997,85,95,1,20.42,0,0.05,0,3.869,0.538,2.081522,31628,17686,0,-,2
22:44:21.798,snap,default,com.coolapk.market,discharging,1,43.5,61.1,85,95,1,20.42,0,0.05,0,3.863,0.426,1.645638,9017,4281,0,-,2
22:44:22.799,snap,default,com.coolapk.market,discharging,1,43.5,60.3,85,95,1,21.07,0.18,0.59,23,3.852,0.69,2.65788,9017,4281,0,-,2
22:44:23.799,snap,default,com.coolapk.market,discharging,1,43.5,61.1,85,95,1,21.07,0.18,0.59,23,3.857,0.822,3.1704543,15511,6317,0,-,2
22:44:24.799,snap,default,com.coolapk.market,discharging,1,43.5,61.5,85,95,1,24.32,0.15,2.11,26,3.86,0.702,2.70972,15511,6317,0,-,2
22:44:25.800,snap,default,com.coolapk.market,discharging,1,43.6,63.5,85,95,1,24.32,0.15,2.11,26,3.845,1.27,4.88315,16018,6247,0,-,2
22:44:26.800,snap,default,com.coolapk.market,discharging,1,43.6,65.1,85,95,1,24.8,0.48,2.45,34,3.848,1.146,4.409808,16018,6247,0,-,2
22:44:27.801,snap,default,com.coolapk.market,discharging,1,43.6,63.5,85,95,1,24.8,0.48,2.45,39,3.822,1.248,4.769856,21694,9954,0,-,2
22:44:28.800,snap,default,com.coolapk.market,discharging,1,43.6,61.1,85,95,1,24.11,0.58,2.55,39,3.867,0.586,2.2660623,21694,9954,0,-,2
22:44:29.801,snap,default,com.coolapk.market,discharging,1,43.6,58.4,85,95,1,24.11,0.58,2.55,0,3.872,0.402,1.5565441,10280,4312,0,-,2
22:44:30.801,snap,default,com.coolapk.market,discharging,1,43.6,57.6,85,95,1,21.37,0.47,2.09,0,3.873,0.332,1.2858359,10280,4312,0,-,2
22:44:31.801,snap,default,com.coolapk.market,discharging,1,43.6,57.2,85,95,1,21.37,0.47,2.09,0,3.86,0.416,1.60576,7871,3101,0,-,2
22:44:32.802,snap,default,com.coolapk.market,discharging,1,43.6,56,85,95,1,19.13,0.38,2.61,0,3.861,0.48,1.85328,7871,3101,0,-,2
22:44:33.802,snap,default,com.coolapk.market,discharging,1,43.6,55.6,85,95,1,19.13,0.38,2.61,0,3.873,0.324,1.2548519,7935,3587,0,-,2
22:44:34.803,snap,default,com.coolapk.market,discharging,1,43.6,54.8,85,95,1,17.84,0.31,2.14,0,3.876,0.368,1.426368,7935,3587,0,-,2
22:44:35.804,snap,default,com.coolapk.market,discharging,1,43.6,54.8,85,95,1,17.84,0.31,2.14,18,3.876,0.312,1.209312,6316,2494,0,-,2
22:44:36.804,snap,default,com.coolapk.market,discharging,1,43.6,54,85,95,1,16.24,0.25,1.75,0,3.877,0.29,1.12433,6316,2494,0,-,2
22:44:37.804,snap,default,com.coolapk.market,discharging,1,43.6,54,85,95,1,16.24,0.25,1.75,0,3.877,0.34,1.3181801,5689,2125,0,-,2
22:44:38.805,snap,default,com.coolapk.market,discharging,1,43.6,53.2,85,95,1,14.74,0.21,1.43,0,3.877,0.298,1.155346,5689,2125,0,-,2
22:44:39.806,snap,default,com.coolapk.market,discharging,1,43.6,53.2,85,95,1,14.74,0.21,1.43,0,3.874,0.334,1.293916,5711,2008,0,-,2
22:44:40.806,snap,default,com.coolapk.market,discharging,1,43.6,53.2,85,95,1,13.52,0.17,1.17,0,3.876,0.35,1.3565999,5711,2008,0,-,2
22:44:41.806,snap,default,com.coolapk.market,discharging,1,43.6,52.8,85,95,1,13.52,0.17,1.17,0,3.878,0.344,1.334032,4654,1686,0,-,2
22:44:42.807,snap,default,com.coolapk.market,discharging,1,43.6,52.8,85,95,1,12.34,0.14,0.96,0,3.877,0.31,1.2018701,4654,1686,0,-,2
22:44:43.807,snap,default,com.coolapk.market,discharging,1,43.6,52.4,85,95,1,12.34,0.14,0.96,0,3.877,0.304,1.178608,4654,1686,0,-,2
22:44:44.808,snap,default,com.coolapk.market,discharging,1,43.6,52.4,85,95,1,11.55,0.11,0.78,0,3.876,0.29,1.1240399,4667,1782,0,-,2
22:44:45.808,snap,default,com.coolapk.market,discharging,1,43.6,52.4,85,95,1,11.55,0.11,0.78,0,3.876,0.29,1.1240399,4667,1782,0,-,2
22:44:46.808,snap,default,com.coolapk.market,discharging,1,43.6,52.4,85,95,1,11.55,0.11,0.78,0,3.878,0.286,1.1091081,4705,1790,0,-,2
22:44:47.809,snap,default,com.coolapk.market,discharging,1,43.6,52.4,85,95,1,11.09,0.09,0.64,0,3.878,0.3,1.1634,4705,1790,0,-,2
22:44:48.809,snap,default,com.coolapk.market,discharging,1,43.6,52.4,85,95,1,11.43,0.07,0.52,0,3.88,0.318,1.23384,9377,4050,0,-,2
22:44:49.810,snap,default,com.coolapk.market,discharging,1,43.6,55.4,85,95,1,11.43,0.07,0.52,28,3.857,0.99,3.8184302,9377,4050,0,-,2
22:44:50.809,snap,default,com.coolapk.market,discharging,1,43.6,58.4,85,95,1,12.62,0.06,0.43,38,3.845,1.042,4.00649,22782,13367,0,-,2
22:44:51.809,snap,default,com.coolapk.market,discharging,1,43.6,61.4,85,95,1,12.62,0.06,0.43,49,3.833,1.2,4.5996003,22782,13367,0,-,2
22:44:52.817,snap,default,com.coolapk.market,discharging,1,43.6,61.4,85,95,1,14.68,0.41,0.89,26,3.808,1.386,5.2778883,34606,17416,0,-,2
22:44:53.817,snap,default,com.coolapk.market,discharging,1,43.6,61.4,85,95,1,14.68,0.41,0.89,35,3.779,2.272,8.585888,34606,17416,0,-,2
22:44:54.817,snap,default,com.microsoft.emmx.beta,discharging,1,43.6,61.4,85,95,1,24.88,1.42,5.62,35,3.768,2.592,9.766656,43766,11373,0,-,2
22:44:55.817,snap,default,com.microsoft.emmx.beta,discharging,1,43.6,61.4,85,95,1,24.88,1.42,5.62,16,3.757,2.804,10.534628,43766,11373,0,-,2
22:44:56.820,snap,default,com.microsoft.emmx.beta,discharging,1,43.6,61.4,85,95,1,33.78,1.89,7.86,0,3.796,2.388,9.064848,38511,10777,0,-,2
22:44:57.821,snap,default,com.microsoft.emmx.beta,discharging,1,43.6,64.4,85,95,1,33.78,1.89,7.86,0,3.835,1.53,5.86755,38511,10777,0,-,2
22:44:58.822,snap,default,com.microsoft.emmx.beta,discharging,1,43.6,67.4,85,95,1,33.82,1.91,8.43,32,3.824,1.312,5.017088,25430,8807,0,-,2
22:44:59.823,snap,default,com.microsoft.emmx.beta,discharging,1,43.6,70.4,85,95,1,33.82,1.91,8.43,29,3.821,1.456,5.563376,25430,8807,0,-,2
22:45:00.824,snap,default,com.microsoft.emmx.beta,discharging,1,43.6,71.4,85,95,1,30.41,1.74,7.26,34,3.833,1.106,4.239298,22955,9476,0,-,2
22:45:01.824,snap,default,com.microsoft.emmx.beta,discharging,1,43.6,68.4,85,95,1,30.41,1.74,7.26,34,3.793,1.97,7.47221,22955,9476,0,-,2
22:45:02.825,snap,default,com.microsoft.emmx.beta,discharging,1,43.6,67.8,85,95,1,32.87,1.79,7.03,0,3.852,0.816,3.1432319,24779,10677,0,-,2
22:45:03.825,snap,default,com.microsoft.emmx.beta,discharging,1,43.6,64.8,85,95,1,32.87,1.79,7.03,19,3.838,0.864,3.3160322,24779,10677,0,-,2
22:45:04.826,snap,default,com.microsoft.emmx.beta,discharging,1,43.6,64.7,85,95,1,29.27,1.64,5.76,5,3.813,1.344,5.124672,22941,9443,0,-,2
22:45:05.826,snap,default,com.microsoft.emmx.beta,discharging,1,43.6,64.3,85,95,1,29.27,1.64,5.76,5,3.83,0.85,3.2555,22941,9443,0,-,2
22:45:06.826,snap,default,com.microsoft.emmx.beta,discharging,1,43.6,62.7,85,95,1,27.59,1.53,5.08,33,3.862,0.502,1.9387239,12495,5571,0,-,2
22:45:07.830,snap,default,com.microsoft.emmx.beta,discharging,1,43.6,62.7,85,95,1,27.59,1.53,5.08,33,3.821,1.108,4.2336683,12495,5571,0,-,2
22:45:08.827,snap,default,com.microsoft.emmx.beta,discharging,1,43.6,64.7,85,95,1,25.31,1.25,4.16,28,3.809,1.278,4.867902,18932,8334,0,-,2
22:45:09.827,snap,default,com.microsoft.emmx.beta,discharging,1,43.6,65.5,85,95,1,25.31,1.25,4.16,33,3.824,1.418,5.422432,18932,8334,0,-,2
22:45:10.827,snap,default,com.microsoft.emmx.beta,discharging,1,43.6,65.5,85,95,1,25.07,1.02,3.58,33,3.848,1.122,4.317456,18932,8334,0,-,2
22:45:11.828,snap,default,com.microsoft.emmx.beta,discharging,1,43.6,62.7,85,95,1,25.07,1.02,3.58,15,3.842,0.762,2.9276042,26256,11603,0,-,2
22:45:12.828,snap,default,com.microsoft.emmx.beta,discharging,1,43.6,62.7,85,95,1,22.52,0.83,3.11,9,3.853,0.816,3.144048,26256,11603,0,-,2
22:45:13.828,snap,default,com.microsoft.emmx.beta,discharging,1,43.6,62.7,85,95,1,22.52,0.83,3.11,7,3.83,1.112,4.25896,16004,8381,0,-,2
22:45:14.828,snap,default,com.microsoft.emmx.beta,discharging,1,43.6,65.7,85,95,1,23.33,1.05,2.55,29,3.759,2.02,7.59318,16004,8381,0,-,2
22:45:15.829,snap,default,com.microsoft.emmx.beta,discharging,1,43.6,67.4,85,95,1,23.33,1.05,2.55,63,3.759,2.02,7.59318,32496,13408,0,-,2
22:45:16.829,snap,default,com.android.launcher,discharging,1,43.6,66.7,85,95,1,23.33,1.05,2.55,63,3.804,1.638,6.230952,32496,13408,0,-,2
22:45:17.829,snap,default,com.android.launcher,discharging,1,43.6,66.7,85,95,1,24.9,1.22,2.27,50,3.832,0.908,3.479456,22735,11304,0,-,2
22:45:18.829,snap,default,com.android.launcher,discharging,1,43.6,67.1,85,95,1,24.9,1.22,2.27,13,3.829,1.14,4.36506,22735,11304,0,-,2
22:45:19.831,snap,default,com.android.launcher,discharging,1,43.6,67.1,85,95,1,22.74,1,1.86,44,3.808,1.614,6.146112,20843,11020,0,-,2
22:45:20.830,snap,default,com.android.launcher,discharging,1,43.6,67.1,85,95,1,21.7,1,1.52,44,3.864,0.752,2.9057279,20843,11020,0,-,2
22:45:21.830,snap,default,com.android.launcher,discharging,1,43.6,67.1,85,95,1,21.7,1,1.52,17,3.779,2.032,7.6789284,32079,11460,0,-,2
22:45:22.830,snap,default,com.zhihu.android,discharging,1,43.6,67.1,85,95,1,30.81,1.72,3.05,0,3.773,2.294,8.655262,32079,11460,0,-,2
22:45:23.830,snap,default,com.zhihu.android,discharging,1,43.6,67.1,85,95,1,30.81,1.72,3.05,11,3.773,2.348,8.859004,40833,8519,0,-,2
22:45:24.831,snap,default,com.zhihu.android,discharging,1,43.6,67.1,85,95,1,36.28,2.13,5.04,0,3.772,2.426,9.150872,40833,8519,0,-,2
22:45:25.856,snap,default,com.zhihu.android,discharging,1,43.6,67.1,85,95,1,36.28,2.13,5.04,9,3.776,2.092,7.899392,34236,12365,0,-,2
22:45:26.856,snap,default,com.zhihu.android,discharging,1,43.6,67.1,85,95,1,38.95,3.01,5.93,3,3.759,2.518,9.465161,34236,12365,0,-,2
22:45:27.856,snap,default,com.zhihu.android,discharging,1,43.6,70.1,85,95,1,38.95,3.01,5.93,1,3.815,1.548,5.90562,33973,13355,0,-,2
22:45:28.856,snap,default,com.zhihu.android,discharging,1,43.6,73.1,85,95,1,37.69,2.83,5.22,2,3.813,1.418,5.4068336,33973,13355,0,-,2
22:45:29.859,snap,default,com.zhihu.android,discharging,1,43.6,74.9,85,95,1,37.69,2.83,5.22,0,3.812,1.79,6.82348,27226,12082,0,-,2
22:45:30.860,snap,default,com.zhihu.android,discharging,1,43.6,71.9,85,95,1,35.93,2.68,4.82,22,3.803,0.92,3.49876,27226,12082,0,-,2
22:45:31.860,snap,default,com.zhihu.android,discharging,1,43.6,69.4,85,95,1,35.93,2.68,4.82,22,3.815,1.14,4.3491,23303,10698,0,-,2
22:45:32.860,snap,default,com.zhihu.android,discharging,1,43.6,69,85,95,1,33.59,2.37,4.12,28,3.816,1.31,4.9989595,23303,10698,0,-,2
22:45:33.860,snap,default,com.zhihu.android,discharging,1,43.6,66,85,95,1,33.59,2.37,4.12,0,3.851,0.766,2.949866,22502,9504,0,-,2
22:45:34.860,snap,default,com.zhihu.android,discharging,1,43.6,64.7,85,95,1,30.22,2.49,3.38,0,3.833,1.042,3.9939861,22502,9504,0,-,2
22:45:35.861,snap,default,com.zhihu.android,discharging,1,43.7,64.7,85,95,1,30.22,2.49,3.38,0,3.858,0.638,2.461404,20578,6697,0,-,2
22:45:36.867,snap,default,com.zhihu.android,discharging,1,43.7,64.7,85,95,1,27.1,2.4,2.94,0,3.857,0.678,2.615046,20578,6697,0,-,2
22:45:37.862,snap,default,com.zhihu.android,discharging,1,43.7,65.9,85,95,1,27.1,2.4,2.94,22,3.812,1.512,5.763744,20578,6697,0,-,2
22:45:38.861,snap,default,com.zhihu.android,discharging,1,43.7,66.3,85,95,1,26.35,2.32,2.59,22,3.854,0.778,2.9984121,20775,10639,0,-,2
22:45:39.861,snap,default,com.zhihu.android,discharging,1,43.7,66.3,85,95,1,26.35,2.32,2.59,14,3.856,0.854,3.2930238,20775,10639,0,-,2
22:45:40.862,snap,default,com.zhihu.android,discharging,1,43.7,63.300003,85,95,1,23.57,1.9,2.12,0,3.858,0.632,2.438256,13247,5415,0,-,2
22:45:41.862,snap,default,com.zhihu.android,discharging,1,43.7,61.1,85,95,1,23.57,1.9,2.12,0,3.866,0.478,1.847948,13247,5415,0,-,2
22:45:42.862,snap,default,com.zhihu.android,discharging,1,43.7,60.7,85,95,1,21.47,1.56,1.73,19,3.848,0.838,3.2246242,12494,6617,0,-,2
22:45:43.863,snap,default,com.zhihu.android,discharging,1,43.7,60.7,85,95,1,21.47,1.56,1.73,21,3.823,1.076,4.113548,12494,6617,0,-,2
22:45:44.863,snap,default,com.zhihu.android,discharging,1,43.7,60.7,85,95,1,20.84,1.27,1.42,21,3.861,0.43,1.66023,19521,12101,0,-,2
22:45:45.863,snap,default,com.zhihu.android,discharging,1,43.7,58,85,95,1,20.84,1.27,1.42,0,3.87,0.368,1.42416,19521,12101,0,-,2
22:45:46.864,snap,default,com.zhihu.android,discharging,1,43.7,57.6,85,95,1,18.7,1.04,1.16,0,3.87,0.368,1.42416,7854,2962,0,-,2
22:45:47.864,snap,default,com.zhihu.android,discharging,1,43.7,57.6,85,95,1,18.7,1.04,1.16,0,3.856,0.572,2.205632,7854,2962,0,-,2
22:45:48.865,snap,default,com.zhihu.android,discharging,1,43.7,58,85,95,1,18.7,1.04,1.16,0,3.871,0.386,1.4942061,16309,8148,0,-,2
22:45:49.865,snap,default,com.zhihu.android,discharging,1,43.7,58,85,95,1,18.03,0.85,0.95,33,3.847,0.908,3.4930758,16309,8148,0,-,2
22:45:50.865,snap,default,com.zhihu.android,discharging,1,43.7,58.4,85,95,1,18.03,0.85,0.95,0,3.859,0.492,1.898628,13968,7123,0,-,2
22:45:51.865,snap,default,com.zhihu.android,discharging,1,43.7,59.6,85,95,1,17.48,0.7,0.78,23,3.84,0.804,3.08736,13968,7123,0,-,2
22:45:52.866,snap,default,com.zhihu.android,discharging,1,43.7,60.3,85,95,1,17.57,0.57,0.63,23,3.826,0.834,3.1908839,19264,10068,0,-,2
22:45:53.865,snap,default,com.zhihu.android,discharging,1,43.7,60.7,85,95,1,17.57,0.57,0.63,31,3.834,1.024,3.9260163,19264,10068,0,-,2
22:45:54.866,snap,default,com.zhihu.android,discharging,1,43.7,62.3,85,95,1,18.74,0.46,0.7,26,3.828,1.114,4.264392,18511,10289,0,-,2
22:45:55.866,snap,default,com.zhihu.android,discharging,1,43.7,63.9,85,95,1,18.74,0.46,0.7,26,3.852,0.75,2.889,18511,10289,0,-,2
22:45:56.866,snap,default,com.zhihu.android,discharging,1,43.7,64.7,85,95,1,17.88,0.38,0.57,26,3.832,1.284,4.920288,18914,8824,0,-,2
22:45:57.866,snap,default,com.zhihu.android,discharging,1,43.7,65.9,85,95,1,17.88,0.38,0.57,6,3.824,1.264,4.833536,18914,8824,0,-,2
22:45:58.866,snap,default,com.zhihu.android,discharging,1,43.7,68.9,85,95,1,17.9,1.4,1.19,0,3.804,1.45,5.5158,22245,8918,0,-,2
22:45:59.866,snap,default,com.zhihu.android,discharging,1,43.7,69,85,95,1,17.9,1.4,1.19,5,3.807,1.594,6.068358,22245,8918,0,-,2
22:46:00.866,snap,default,com.zhihu.android,discharging,1,43.7,68.6,85,95,1,17.73,1.51,1.7,9,3.811,1.126,4.2911863,20973,10482,0,-,2
22:46:01.869,snap,default,com.zhihu.android,discharging,1,43.8,68.6,85,95,1,17.73,1.51,1.7,10,3.823,1.274,4.870502,20973,10482,0,-,2
22:46:02.868,snap,default,com.zhihu.android,discharging,1,43.8,71.6,85,95,1,22.49,1.96,2.66,17,3.78,2.142,8.09676,20973,10482,0,-,2
22:46:03.888,snap,default,com.zhihu.android,discharging,1,43.8,74.6,85,95,1,22.49,1.96,2.66,30,3.762,2.416,9.088992,43492,16343,0,-,2
22:46:04.887,snap,default,com.zhihu.android,discharging,1,43.8,73,85,95,1,27.84,2.33,3.81,41,3.816,1.054,4.022064,43492,16343,0,-,2
22:46:05.888,snap,default,com.zhihu.android,discharging,1,43.8,70,85,95,1,27.84,2.33,3.81,41,3.846,1.286,4.945956,31181,13190,0,-,2
22:46:06.888,snap,default,com.coolapk.market,discharging,1,43.8,67,85,95,1,30.58,2.27,4.02,12,3.837,0.802,3.0772738,31181,13190,0,-,2
22:46:07.892,snap,default,com.coolapk.market,discharging,1,43.8,66.3,85,95,1,30.58,2.27,4.02,12,3.784,1.48,5.60032,15319,5955,0,-,2
22:46:08.889,snap,default,com.coolapk.market,discharging,1,43.8,68.2,85,95,1,28.66,2.04,3.29,20,3.831,1.254,4.804074,15319,5955,0,-,2
22:46:09.889,snap,default,com.coolapk.market,discharging,1,43.8,68.2,85,95,1,28.66,2.04,3.29,26,3.838,1.12,4.29856,31226,18376,0,-,2
22:46:10.889,snap,default,com.coolapk.market,discharging,1,43.8,65.2,85,95,1,26.37,1.67,2.7,23,3.849,0.584,2.2478158,31226,18376,0,-,2
22:46:11.889,snap,default,com.coolapk.market,discharging,1,43.8,62.7,85,95,1,26.37,1.67,2.7,23,3.847,0.822,3.162234,16839,7886,0,-,2
22:46:12.890,snap,default,com.coolapk.market,discharging,1,43.8,59.9,85,95,1,23.77,1.36,2.21,23,3.864,0.394,1.522416,16839,7886,0,-,2
22:46:13.891,snap,default,com.coolapk.market,discharging,1,43.8,58,85,95,1,23.77,1.36,2.21,0,3.865,0.408,1.57692,7920,3195,0,-,2
22:46:14.890,snap,default,com.coolapk.market,discharging,1,43.8,58,85,95,1,20.91,1.3,1.81,20,3.846,0.588,2.261448,7920,3195,0,-,2
22:46:15.891,snap,default,com.coolapk.market,discharging,1,43.8,58.4,85,95,1,20.91,1.3,1.81,23,3.85,0.702,2.7027,16205,10374,0,-,2
22:46:16.891,snap,default,com.coolapk.market,discharging,1,43.8,58.4,85,95,1,20.2,1.06,1.48,23,3.867,0.364,1.407588,16205,10374,0,-,2
22:46:17.891,snap,default,com.coolapk.market,discharging,1,43.8,56.4,85,95,1,20.2,1.06,1.48,23,3.862,0.412,1.591144,8666,4838,0,-,2
22:46:18.891,snap,default,com.coolapk.market,discharging,1,43.8,56.4,85,95,1,18.17,1.05,1.21,19,3.862,0.412,1.591144,8666,4838,0,-,2
22:46:19.891,snap,default,com.coolapk.market,discharging,1,43.8,56.4,85,95,1,18.17,1.05,1.21,19,3.822,0.95,3.6309,24509,9836,0,-,2
22:46:20.892,snap,default,com.coolapk.market,discharging,1,43.8,56.4,85,95,1,18.17,1.05,1.21,0,3.801,1.6,6.0816,24509,9836,0,-,2
22:46:21.892,snap,default,com.coolapk.market,discharging,1,43.8,56.4,85,95,1,22.3,2.13,3.71,0,3.768,2.398,9.035664,36323,9712,0,-,2
22:46:22.893,snap,default,com.coolapk.market,discharging,1,43.8,56.4,85,95,1,22.3,2.13,3.71,0,3.797,1.758,6.675126,36323,9712,0,-,2
22:46:23.894,snap,default,com.coolapk.market,discharging,1,43.8,59.4,85,95,1,24.06,2.65,4.12,18,3.794,1.75,6.6394997,11774,3351,0,-,2
22:46:24.894,snap,default,com.coolapk.market,discharging,1,43.8,62.3,85,95,1,21.51,2.16,3.55,0,3.855,0.482,1.85811,11774,3351,0,-,2
22:46:25.895,snap,default,com.coolapk.market,discharging,1,43.8,60.7,85,95,1,21.51,2.16,3.55,0,3.848,0.606,2.331888,10289,3495,0,-,2
22:46:26.896,snap,default,com.coolapk.market,discharging,1,43.8,59.2,85,95,1,21.06,2.32,3.09,0,3.851,0.558,2.148858,10289,3495,0,-,2
22:46:27.897,snap,default,com.coolapk.market,discharging,1,43.8,58.4,85,95,1,21.06,2.32,3.09,0,3.856,0.58,2.23648,9711,3333,0,-,2
22:46:28.898,snap,default,com.coolapk.market,discharging,1,43.8,57.6,85,95,1,19.96,2.26,2.89,0,3.861,0.366,1.413126,9711,3333,0,-,2
22:46:29.898,snap,default,com.coolapk.market,discharging,1,43.8,56.8,85,95,1,19.96,2.26,2.89,0,3.848,0.43,1.6546401,9711,3333,0,-,2
22:46:30.899,snap,default,com.coolapk.market,discharging,1,43.8,56.4,85,95,1,17.79,1.85,2.37,0,3.862,0.4,1.5448,7079,2659,0,-,2
22:46:31.899,snap,default,com.coolapk.market,discharging,1,43.8,56,85,95,1,17.79,1.85,2.37,0,3.869,0.398,1.539862,7079,2659,0,-,2
22:46:32.900,snap,default,com.coolapk.market,discharging,1,43.8,54.4,85,95,1,16.2,1.51,1.94,0,3.869,0.312,1.207128,6907,2326,0,-,2
22:46:33.901,snap,default,com.coolapk.market,discharging,1,43.8,54.4,85,95,1,16.2,1.51,1.94,0,3.869,0.328,1.269032,6907,2326,0,-,2
22:46:34.901,snap,default,com.coolapk.market,discharging,1,43.8,53.6,85,95,1,14.71,1.24,1.58,0,3.866,0.322,1.244852,5243,1957,0,-,2
22:46:35.902,snap,default,com.coolapk.market,discharging,1,43.8,53.6,85,95,1,14.71,1.24,1.58,0,3.868,0.35,1.3537999,5243,1957,0,-,2
22:46:36.903,snap,default,com.coolapk.market,discharging,1,43.8,53.2,85,95,1,13.49,1.01,1.3,0,3.87,0.304,1.1764799,6137,2460,0,-,2
22:46:37.904,snap,default,com.coolapk.market,discharging,1,43.8,53.2,85,95,1,13.49,1.01,1.3,0,3.867,0.346,1.3379819,6137,2460,0,-,2
22:46:38.903,snap,default,com.coolapk.market,discharging,1,43.8,52.8,85,95,1,12.68,0.83,1.06,0,3.872,0.324,1.254528,5146,1860,0,-,2
22:46:39.904,snap,default,com.coolapk.market,discharging,1,43.8,52.4,85,95,1,12.68,0.83,1.06,0,3.87,0.372,1.43964,5146,1860,0,-,2
22:46:40.905,snap,default,com.coolapk.market,discharging,1,43.8,52.4,85,95,1,11.65,0.68,0.87,0,3.872,0.302,1.169344,4894,1961,0,-,2
22:46:41.905,snap,default,com.coolapk.market,discharging,1,43.8,52.4,85,95,1,11.65,0.68,0.87,0,3.876,0.322,1.2480719,4894,1961,0,-,2
22:46:42.906,snap,default,com.coolapk.market,discharging,1,43.8,52.4,85,95,1,11.35,0.55,0.71,0,3.872,0.296,1.146112,4776,1926,0,-,2
22:46:43.906,snap,default,com.coolapk.market,discharging,1,43.8,52.1,85,95,1,11.35,0.55,0.71,0,3.869,0.37,1.43153,4776,1926,0,-,2
22:46:44.906,snap,default,com.coolapk.market,discharging,1,43.8,52.4,85,95,1,11.47,0.45,0.58,0,3.866,0.416,1.608256,7425,2927,0,-,2
22:46:45.906,snap,default,com.coolapk.market,discharging,1,43.8,52.4,85,95,1,11.47,0.45,0.58,0,3.871,0.366,1.416786,7425,2927,0,-,2
22:46:46.906,snap,default,com.coolapk.market,discharging,1,43.8,52.4,85,95,1,11.38,0.55,0.47,0,3.854,0.934,3.599636,11221,6104,0,-,2
22:46:47.906,snap,default,com.coolapk.market,discharging,1,43.8,55.4,85,95,1,11.38,0.55,0.47,24,3.837,1.082,4.1516337,11221,6104,0,-,2
22:46:48.907,snap,default,com.coolapk.market,discharging,1,43.8,58.4,85,95,1,13.48,0.45,0.39,19,3.837,1.082,4.1516337,32029,20086,0,-,2
22:46:49.908,snap,default,com.coolapk.market,discharging,1,43.8,60.7,85,95,1,13.48,0.45,0.39,19,3.813,1.258,4.796754,32029,20086,0,-,2
22:46:50.909,snap,default,com.coolapk.market,discharging,1,43.8,62.7,85,95,1,13.48,0.45,0.39,0,3.853,0.838,3.228814,28954,17060,0,-,2
22:46:51.909,snap,default,com.coolapk.market,discharging,1,43.8,62.7,85,95,1,15.03,0.55,0.32,17,3.829,1.23,4.70967,28954,17060,0,-,2
22:46:52.909,snap,default,com.coolapk.market,discharging,1,43.8,62.7,85,95,1,15.03,0.55,0.32,29,3.815,1.122,4.28043,21678,12852,0,-,2
22:46:53.909,snap,default,com.coolapk.market,discharging,1,43.8,62.3,85,95,1,17.2,0.45,0.26,0,3.86,0.552,2.13072,21678,12852,0,-,2
22:46:54.910,snap,default,com.coolapk.market,discharging,1,43.8,59.9,85,95,1,17.2,0.45,0.26,50,3.831,1.112,4.260072,13693,7766,0,-,2
22:46:55.910,snap,default,com.coolapk.market,discharging,1,43.8,58.8,85,95,1,16.43,0.37,0.21,50,3.855,0.5,1.9275,13693,7766,0,-,2
22:46:56.911,snap,default,com.coolapk.market,discharging,1,43.8,57.6,85,95,1,15.63,0.3,0.17,50,3.828,0.644,2.4652321,13693,7766,0,-,2
22:46:57.913,snap,default,com.coolapk.market,discharging,1,43.8,58.8,85,95,1,15.63,0.3,0.17,14,3.854,0.73,2.81342,15979,9479,0,-,2
22:46:58.911,snap,default,com.coolapk.market,discharging,1,43.8,60.7,85,95,1,17.87,0.24,0.32,0,3.827,0.84,3.2146797,15979,9479,0,-,2
22:46:59.911,snap,default,com.coolapk.market,discharging,1,43.8,63.7,85,95,1,17.87,0.24,0.32,38,3.801,1.862,7.077462,24013,12062,0,-,2
22:47:00.911,snap,default,com.coolapk.market,discharging,1,43.8,65.9,85,95,1,20.25,0.2,0.26,51,3.826,1.188,4.5452876,24013,12062,0,-,2
22:47:01.911,snap,default,com.coolapk.market,discharging,1,43.8,65.9,85,95,1,20.25,0.2,0.26,26,3.816,1.48,5.6476803,30520,17197,0,-,2
22:47:02.912,snap,default,com.coolapk.market,discharging,1,43.8,67.1,85,95,1,21.11,0.16,0.21,45,3.79,1.796,6.80684,30520,17197,0,-,2
22:47:03.912,snap,default,com.coolapk.market,discharging,1,43.8,67.1,85,95,1,21.11,0.16,0.21,31,3.834,1.146,4.393764,32247,15920,0,-,2
22:47:04.912,snap,default,com.coolapk.market,discharging,1,43.8,67.1,85,95,1,20.72,0.13,0.17,61,3.808,1.478,5.6282244,32247,15920,0,-,2
22:47:05.913,snap,default,com.coolapk.market,discharging,1,43.8,66.7,85,95,1,20.72,0.13,0.17,54,3.803,1.766,6.7160983,33431,18665,0,-,2
22:47:06.913,snap,default,com.coolapk.market,discharging,1,43.8,69.7,85,95,1,20.59,0.11,0.14,54,3.822,1.16,4.43352,33431,18665,0,-,2
22:47:07.913,snap,default,com.coolapk.market,discharging,1,43.8,68.6,85,95,1,20.59,0.11,0.14,39,3.824,1.616,6.179584,31860,17045,0,-,2
22:47:08.913,snap,default,com.coolapk.market,discharging,1,43.8,68.6,85,95,1,21.03,0.27,0.11,59,3.842,1.03,3.95726,31860,17045,0,-,2
22:47:09.913,snap,default,com.coolapk.market,discharging,1,43.8,68.6,85,95,1,21.03,0.27,0.11,64,3.8,1.38,5.244,30605,17632,0,-,2
22:47:10.914,snap,default,com.coolapk.market,discharging,1,43.8,67.4,85,95,1,21.93,0.22,0.09,26,3.817,1.48,5.64916,30605,17632,0,-,2
22:47:11.914,snap,default,com.coolapk.market,discharging,1,43.8,67.4,85,95,1,21.93,0.22,0.09,12,3.82,1.102,4.20964,31062,19307,0,-,2
22:47:12.915,snap,default,com.coolapk.market,discharging,1,43.8,67.4,85,95,1,21.4,0.18,0.07,12,3.858,0.638,2.461404,31062,19307,0,-,2
22:47:13.917,snap,default,com.coolapk.market,discharging,1,43.8,64.4,85,95,1,21.4,0.18,0.07,0,3.866,0.344,1.3299041,11327,4925,0,-,2
22:47:14.917,snap,default,com.coolapk.market,discharging,1,43.8,61.4,85,95,1,19.15,0.14,0.06,0,3.87,0.298,1.15326,11327,4925,0,-,2
22:47:15.918,snap,default,com.coolapk.market,discharging,1,43.8,58.4,85,95,1,19.15,0.14,0.06,0,3.863,0.484,1.869692,5946,1834,0,-,2
22:47:16.918,snap,default,com.coolapk.market,discharging,1,43.8,56.4,85,95,1,24.38,0.12,0.23,0,3.859,0.428,1.651652,5946,1834,0,-,2
22:47:17.919,snap,default,com.coolapk.market,discharging,1,43.8,56.4,85,95,1,24.38,0.12,0.23,0,3.862,0.542,2.093204,7547,2273,0,-,2
22:47:18.919,snap,default,com.coolapk.market,discharging,1,43.8,56.8,85,95,1,22.86,0.09,0.19,16,3.849,0.774,2.979126,7547,2273,0,-,2
22:47:19.926,snap,default,com.coolapk.market,discharging,1,43.8,58,85,95,1,22.86,0.09,0.19,0,3.849,0.774,2.979126,14705,6846,0,-,2
22:47:20.926,snap,default,com.coolapk.market,discharging,1,43.8,61,85,95,1,22.86,0.09,0.19,0,3.864,0.694,2.681616,14705,6846,0,-,2
22:47:21.926,snap,default,com.coolapk.market,discharging,1,43.8,61.9,85,95,1,23.06,0.08,0.88,0,3.835,1.43,5.48405,17678,5627,0,-,2
22:47:22.927,snap,default,com.coolapk.market,discharging,1,43.8,59.2,85,95,1,23.06,0.08,0.88,0,3.856,0.7,2.6992,17678,5627,0,-,2
22:47:23.927,snap,default,com.coolapk.market,discharging,1,43.8,57.2,85,95,1,23.23,0.06,0.9,0,3.856,0.596,2.298176,17678,5627,0,-,2
22:47:24.927,snap,default,com.coolapk.market,discharging,1,43.8,55.2,85,95,1,23.23,0.06,0.9,0,3.866,0.372,1.438152,6996,2160,0,-,2
22:47:25.928,snap,default,com.coolapk.market,discharging,1,43.8,54.8,85,95,1,19.75,0.05,0.73,0,3.866,0.396,1.530936,6996,2160,0,-,2
22:47:26.929,snap,default,com.coolapk.market,discharging,1,43.8,54.4,85,95,1,19.75,0.05,0.73,0,3.865,0.352,1.36048,7066,2615,0,-,2
22:47:27.929,snap,default,com.coolapk.market,discharging,1,43.8,53.6,85,95,1,16.89,0.04,0.6,0,3.865,0.344,1.32956,7066,2615,0,-,2
22:47:28.930,snap,default,com.coolapk.market,discharging,1,43.8,53.2,85,95,1,15.1,0.03,0.49,0,3.867,0.296,1.1446321,5471,1947,0,-,2
22:47:29.931,snap,default,com.coolapk.market,discharging,1,43.8,53.2,85,95,1,15.1,0.03,0.49,0,3.868,0.37,1.43116,5471,1947,0,-,2
22:47:30.931,snap,default,com.coolapk.market,discharging,1,43.8,53.2,85,95,1,14.54,0.02,0.4,0,3.87,0.398,1.54026,8832,4185,0,-,2
22:47:31.931,snap,default,com.coolapk.market,discharging,1,43.8,53.6,85,95,1,14.54,0.02,0.4,20,3.864,0.552,2.132928,8832,4185,0,-,2
22:47:32.931,snap,default,com.coolapk.market,discharging,1,43.8,53.6,85,95,1,14.8,0.02,0.33,20,3.864,0.59,2.27976,11571,4917,0,-,2
22:47:33.932,snap,default,com.coolapk.market,discharging,1,43.8,53.6,85,95,1,14.8,0.02,0.33,0,3.866,0.392,1.5154719,11571,4917,0,-,2
22:47:34.932,snap,default,com.coolapk.market,discharging,1,43.8,53.2,85,95,1,12.66,0.01,0.27,0,3.864,0.4,1.5456,5746,1717,0,-,2
22:47:35.933,snap,default,com.coolapk.market,discharging,1,43.8,53.2,85,95,1,12.66,0.01,0.27,0,3.859,0.452,1.744268,5746,1717,0,-,2
22:47:36.933,snap,default,com.coolapk.market,discharging,1,43.7,53.2,85,95,1,11.45,0.01,0.22,0,3.861,0.426,1.644786,8582,3242,0,-,2
22:47:37.934,snap,default,com.coolapk.market,discharging,1,43.7,52.4,85,95,1,11.45,0.01,0.22,23,3.865,0.4,1.546,8582,3242,0,-,2
22:47:38.934,snap,default,com.coolapk.market,discharging,1,43.7,52.4,85,95,1,11.01,0.01,0.18,0,3.853,0.496,1.911088,8027,3629,0,-,2
22:47:39.935,snap,default,com.coolapk.market,discharging,1,43.7,54.4,85,95,1,11.01,0.01,0.18,21,3.853,0.762,2.935986,8027,3629,0,-,2
22:47:40.935,snap,default,com.coolapk.market,discharging,1,43.7,54.8,85,95,1,13.72,0,0.32,25,3.856,0.73,2.8148801,12457,5163,0,-,2
22:47:41.935,snap,default,com.coolapk.market,discharging,1,43.7,56.4,85,95,1,13.72,0,0.32,26,3.846,1.014,3.8998442,12457,5163,0,-,2
22:47:42.936,snap,default,com.coolapk.market,discharging,1,43.7,56.8,85,95,1,16.85,0,0.45,26,3.856,0.724,2.7917438,13712,5479,0,-,2
22:47:43.936,snap,default,com.coolapk.market,discharging,1,43.7,56.4,85,95,1,16.85,0,0.45,37,3.819,1.142,4.361298,13712,5479,0,-,2
22:47:44.936,snap,default,com.coolapk.market,discharging,1,43.7,56.4,85,95,1,20.32,0,0.55,37,3.865,0.368,1.42232,17694,8594,0,-,2
22:47:45.937,snap,default,com.coolapk.market,discharging,1,43.7,54.4,85,95,1,20.32,0,0.55,37,3.867,0.336,1.299312,17694,8594,0,-,2
22:47:46.936,snap,default,com.coolapk.market,discharging,1,43.7,54.4,85,95,1,17.72,0,0.45,0,3.851,0.65,2.50315,8688,4372,0,-,2
22:47:47.937,snap,default,com.coolapk.market,discharging,1,43.7,53.2,85,95,1,17.72,0,0.45,30,3.851,0.65,2.50315,8688,4372,0,-,2
22:47:48.942,snap,default,com.coolapk.market,discharging,1,43.7,56.2,85,95,1,17.72,0,0.45,30,3.869,0.394,1.5243859,8688,4372,0,-,2
22:47:49.944,snap,default,com.coolapk.market,discharging,1,43.7,56.2,85,95,1,17.23,0,0.36,0,3.863,0.524,2.024212,9851,4624,0,-,2
22:47:50.945,snap,default,com.coolapk.market,discharging,1,43.7,56.2,85,95,1,17.23,0,0.36,58,3.75,2.526,9.4725,9851,4624,0,-,2
22:47:51.945,snap,default,com.coolapk.market,discharging,1,43.7,56.2,85,95,1,21.54,0.18,1.57,78,3.753,2.908,10.913724,30201,16894,0,-,2
22:47:52.946,snap,default,com.coolapk.market,discharging,1,43.7,56.2,85,95,1,21.54,0.18,1.57,79,3.763,2.78,10.46114,30201,16894,0,-,2
22:47:53.946,snap,default,com.coolapk.market,discharging,1,43.7,56.2,85,95,1,23.07,0.15,1.46,80,3.751,2.826,10.600326,29000,16409,0,-,2
22:47:54.948,snap,default,com.coolapk.market,discharging,1,43.7,56.4,85,95,1,23.07,0.15,1.46,75,3.81,1.942,7.39902,29000,16409,0,-,2
22:47:55.948,snap,default,com.coolapk.market,discharging,1,43.7,59.4,85,95,1,23.78,0.12,1.2,0,3.859,0.412,1.589908,12131,5774,0,-,2
22:47:56.948,snap,default,com.coolapk.market,discharging,1,43.7,60.3,85,95,1,23.78,0.12,1.2,0,3.861,0.322,1.243242,12131,5774,0,-,2
22:47:57.948,snap,default,com.coolapk.market,discharging,1,43.7,60.3,85,95,1,20.74,0.1,0.98,28,3.835,1.006,3.8580103,14552,7975,0,-,2
22:47:58.948,snap,default,com.coolapk.market,discharging,1,43.7,60.3,85,95,1,20.24,0.26,0.98,29,3.836,0.866,3.321976,14552,7975,0,-,2
22:47:59.950,snap,default,com.coolapk.market,discharging,1,43.7,58,85,95,1,20.24,0.26,0.98,0,3.857,0.608,2.345056,17002,9865,0,-,2
22:48:00.951,snap,default,com.coolapk.market,discharging,1,43.7,58,85,95,1,18.2,0.21,0.8,28,3.857,0.694,2.676758,17002,9865,0,-,2
22:48:01.951,snap,default,com.coolapk.market,discharging,1,43.7,58,85,95,1,18.2,0.21,0.8,28,3.832,0.778,2.981296,12237,5846,0,-,2
22:48:02.951,snap,default,com.coolapk.market,discharging,1,43.7,57.6,85,95,1,16.9,0.17,0.66,20,3.864,0.512,1.9783682,12237,5846,0,-,2
22:48:03.952,snap,default,com.coolapk.market,discharging,1,43.7,56.4,85,95,1,16.9,0.17,0.66,20,3.859,0.612,2.361708,9474,4672,0,-,2
22:48:04.952,snap,default,com.coolapk.market,discharging,1,43.7,55.6,85,95,1,15.65,0.14,0.54,20,3.859,0.522,2.014398,9474,4672,0,-,2
22:48:05.952,snap,default,com.coolapk.market,discharging,1,43.7,55.2,85,95,1,15.65,0.14,0.54,15,3.857,0.418,1.6122261,7286,3273,0,-,2
22:48:06.952,snap,default,com.coolapk.market,discharging,1,43.6,55.2,85,95,1,14.26,0.11,0.44,15,3.867,0.342,1.322514,7286,3273,0,-,2
22:48:07.956,snap,default,com.coolapk.market,discharging,1,43.6,55.2,85,95,1,14.26,0.11,0.44,21,3.842,0.772,2.9660242,13125,7903,0,-,2
22:48:08.953,snap,default,com.coolapk.market,discharging,1,43.6,56.4,85,95,1,14.94,0.09,0.36,42,3.843,0.982,3.773826,13125,7903,0,-,2
22:48:09.956,snap,default,com.coolapk.market,discharging,1,43.6,56.4,85,95,1,14.94,0.09,0.36,42,3.861,0.614,2.370654,14688,8759,0,-,2
22:48:10.956,snap,default,com.coolapk.market,discharging,1,43.6,54,85,95,1,14.04,0.07,0.29,42,3.867,0.332,1.283844,14688,8759,0,-,2
22:48:11.957,snap,default,com.coolapk.market,discharging,1,43.6,53.6,85,95,1,14.04,0.07,0.29,34,3.864,0.398,1.5378721,5479,1973,0,-,2
22:48:12.958,snap,default,com.coolapk.market,discharging,1,43.6,53.6,85,95,1,13.85,0.06,0.24,34,3.854,0.586,2.258444,5479,1973,0,-,2
22:48:13.959,snap,default,com.coolapk.market,discharging,1,43.6,53.6,85,95,1,13.85,0.06,0.24,0,3.862,0.382,1.475284,8346,2419,0,-,2
22:48:14.959,snap,default,com.coolapk.market,discharging,1,43.6,53.2,85,95,1,13.33,0.23,0.19,0,3.867,0.332,1.283844,8346,2419,0,-,2
22:48:15.959,snap,default,com.coolapk.market,discharging,1,43.6,53.2,85,95,1,13.33,0.23,0.19,0,3.853,0.576,2.219328,8346,2419,0,-,2
22:48:16.959,snap,default,com.coolapk.market,discharging,1,43.5,56.2,85,95,1,13.27,0.19,0.16,27,3.834,1.166,4.470444,9009,4384,0,-,2
22:48:17.960,snap,default,com.coolapk.market,discharging,1,43.5,59.2,85,95,1,13.27,0.19,0.16,16,3.847,1.114,4.2855577,9009,4384,0,-,2
22:48:18.960,snap,default,com.coolapk.market,discharging,1,43.5,62.2,85,95,1,15.94,0.15,0.13,32,3.847,1.114,4.2855577,34226,19462,0,-,2
22:48:19.960,snap,default,com.coolapk.market,discharging,1,43.5,59.6,85,95,1,15.94,0.15,0.13,32,3.852,0.856,3.297312,34226,19462,0,-,2
22:48:20.961,snap,default,com.coolapk.market,discharging,1,43.5,59.2,85,95,1,15.94,0.15,0.13,70,3.827,1.034,3.957118,19702,11346,0,-,2
22:48:21.961,snap,default,com.coolapk.market,discharging,1,43.5,58.4,85,95,1,15.77,0.12,0.1,70,3.846,0.782,3.007572,19702,11346,0,-,2
22:48:22.961,snap,default,com.coolapk.market,discharging,1,43.5,58,85,95,1,15.77,0.12,0.1,44,3.836,0.906,3.475416,14175,8393,0,-,2
22:48:23.961,snap,default,com.coolapk.market,discharging,1,43.5,57.2,85,95,1,15.08,0.1,0.08,64,3.862,0.51,1.96962,14175,8393,0,-,2
22:48:24.961,snap,default,com.coolapk.market,discharging,1,43.5,57.2,85,95,1,15.08,0.1,0.08,56,3.835,0.872,3.34412,13600,7602,0,-,2
22:48:25.961,snap,default,com.coolapk.market,discharging,1,43.5,57.2,85,95,1,14.89,0.08,0.07,63,3.831,1.03,3.94593,13600,7602,0,-,2
22:48:26.961,snap,default,com.coolapk.market,discharging,1,43.4,58.4,85,95,1,14.89,0.08,0.07,63,3.86,0.65,2.5089998,15444,9445,0,-,2
22:48:27.962,snap,default,com.coolapk.market,discharging,1,43.4,57.6,85,95,1,14.73,0.06,0.05,65,3.822,1.132,4.3265038,15444,9445,0,-,2
22:48:28.962,snap,default,com.coolapk.market,discharging,1,43.4,59.9,85,95,1,14.73,0.06,0.05,64,3.856,0.754,2.907424,16336,9426,0,-,2
22:48:29.963,snap,default,com.coolapk.market,discharging,1,43.4,58.8,85,95,1,14.96,0.05,0.04,67,3.825,1.076,4.1157,16336,9426,0,-,2
22:48:30.963,snap,default,com.coolapk.market,discharging,1,43.4,59.6,85,95,1,15.33,0.04,0.03,64,3.83,0.926,3.5465798,15512,9652,0,-,2
22:48:31.963,snap,default,com.coolapk.market,discharging,1,43.4,59.6,85,95,1,15.33,0.04,0.03,64,3.822,0.842,3.2181242,15512,9652,0,-,2
22:48:32.963,snap,default,com.coolapk.market,discharging,1,43.4,62.6,85,95,1,16.9,0.03,0.03,50,3.802,1.246,4.7372923,28636,16327,0,-,2
22:48:33.963,snap,default,com.coolapk.market,discharging,1,43.4,63.9,85,95,1,16.9,0.03,0.03,27,3.832,0.844,3.2342079,28636,16327,0,-,2
22:48:34.963,snap,default,com.coolapk.market,discharging,1,43.4,60.9,85,95,1,17.1,0.03,0.02,27,3.856,0.544,2.097664,22203,9936,0,-,2
22:48:35.964,snap,default,com.coolapk.market,discharging,1,43.4,57.9,85,95,1,17.1,0.03,0.02,0,3.852,0.518,1.995336,22203,9936,0,-,2
22:48:36.964,snap,default,com.coolapk.market,discharging,1,43.3,56,85,95,1,17.08,0.02,0.02,0,3.857,0.43,1.6585101,17690,6150,0,-,2
22:48:37.965,snap,default,com.coolapk.market,discharging,1,43.3,54,85,95,1,17.08,0.02,0.02,0,3.863,0.39,1.5065699,17690,6150,0,-,2
22:48:38.966,snap,default,com.coolapk.market,discharging,1,43.3,53.6,85,95,1,15.25,0.02,0.01,0,3.866,0.266,1.028356,4983,1862,0,-,2
22:48:39.966,snap,default,com.coolapk.market,discharging,1,43.3,53.2,85,95,1,15.25,0.02,0.01,20,3.848,0.544,2.093312,4983,1862,0,-,2
22:48:40.966,snap,default,com.coolapk.market,discharging,1,43.3,53.6,85,95,1,14.66,0.19,0.01,0,3.857,0.432,1.6662241,11568,6428,0,-,2
22:48:41.966,snap,default,com.coolapk.market,discharging,1,43.3,54,85,95,1,14.66,0.19,0.01,0,3.843,0.682,2.620926,11568,6428,0,-,2
22:48:42.967,snap,default,com.coolapk.market,discharging,1,43.3,55.2,85,95,1,14.72,0.16,0.01,28,3.843,0.826,3.1743178,11568,6428,0,-,2
22:48:43.967,snap,default,com.coolapk.market,discharging,1,43.3,55.6,85,95,1,14.72,0.16,0.01,32,3.851,0.678,2.610978,18399,12986,0,-,2
22:48:44.967,snap,default,com.coolapk.market,discharging,1,43.3,55.6,85,95,1,14.59,0.13,0,28,3.844,0.796,3.059824,18399,12986,0,-,2
22:48:45.968,snap,default,com.coolapk.market,discharging,1,43.3,54.8,85,95,1,14.59,0.13,0,31,3.846,0.646,2.4845161,13952,9660,0,-,2
22:48:46.968,snap,default,com.coolapk.market,discharging,1,43.2,54.8,85,95,1,14.84,0.1,0,28,3.842,0.73,2.80466,13952,9660,0,-,2
22:48:47.968,snap,default,com.coolapk.market,discharging,1,43.2,54.8,85,95,1,14.84,0.1,0,28,3.842,0.73,2.80466,16748,10823,0,-,2
22:48:48.969,snap,default,com.coolapk.market,discharging,1,43.2,54.4,85,95,1,14.84,0.1,0,28,3.861,0.58,2.23938,16748,10823,0,-,2
22:48:49.969,snap,default,com.coolapk.market,discharging,1,43.2,54,85,95,1,14.33,0.08,0,14,3.855,0.59,2.2744498,8236,3600,0,-,2
22:48:50.970,snap,default,com.coolapk.market,discharging,1,43.2,52.8,85,95,1,14.33,0.08,0,0,3.863,0.354,1.367502,8236,3600,0,-,2
22:48:51.969,snap,default,com.coolapk.market,discharging,1,43.2,52.8,85,95,1,13.72,0.07,0,2,3.859,0.404,1.559036,7915,3634,0,-,2
22:48:52.970,snap,default,com.coolapk.market,discharging,1,43.2,54.4,85,95,1,13.72,0.07,0,2,3.844,0.654,2.513976,7915,3634,0,-,2
22:48:53.973,snap,default,com.coolapk.market,discharging,1,43.2,55.2,85,95,1,13.41,0.05,0,30,3.84,0.814,3.12576,18112,13323,0,-,2
22:48:54.974,snap,default,com.coolapk.market,discharging,1,43.2,56,85,95,1,13.41,0.05,0,30,3.847,0.736,2.8313918,18112,13323,0,-,2
22:48:55.973,snap,default,com.coolapk.market,discharging,1,43.2,56,85,95,1,13.7,0.04,0,32,3.839,0.838,3.217082,17659,11182,0,-,2
22:48:56.974,snap,default,com.coolapk.market,discharging,1,43.2,56,85,95,1,13.7,0.04,0,30,3.843,0.722,2.774646,17659,11182,0,-,2
22:48:57.974,snap,default,com.coolapk.market,discharging,1,43,54.8,85,95,1,13.03,0.03,0,30,3.865,0.37,1.43005,10909,5684,0,-,2
22:48:58.974,snap,default,com.coolapk.market,discharging,1,43,54.8,85,95,1,13.03,0.03,0,27,3.846,0.614,2.361444,10909,5684,0,-,2
22:48:59.975,snap,default,com.coolapk.market,discharging,1,43,54.8,85,95,1,13.2,0.03,0,34,3.838,0.936,3.5923681,16859,9584,0,-,2
22:49:00.975,snap,default,com.coolapk.market,discharging,1,43,56,85,95,1,14.8,0.02,0,34,3.85,0.43,1.6554999,16859,9584,0,-,2
22:49:01.975,snap,default,com.coolapk.market,discharging,1,43,56,85,95,1,14.8,0.02,0,29,3.844,0.786,3.0213842,18886,12989,0,-,2
22:49:02.976,snap,default,com.coolapk.market,discharging,1,43,56,85,95,1,15.38,0.02,0,33,3.838,0.84,3.2239199,18886,12989,0,-,2
22:49:03.976,snap,default,com.coolapk.market,discharging,1,43,54.4,85,95,1,15.38,0.02,0,30,3.862,0.436,1.6838319,13271,7998,0,-,2
22:49:04.976,snap,default,com.coolapk.market,discharging,1,43,54.4,85,95,1,15.31,0.01,0,0,3.842,0.612,2.351304,13271,7998,0,-,2
22:49:05.977,snap,default,com.coolapk.market,discharging,1,43,54,85,95,1,15.31,0.01,0,30,3.865,0.514,1.98661,11945,6899,0,-,2
22:49:06.977,snap,default,com.coolapk.market,discharging,1,43,54,85,95,1,14.52,0.01,0,30,3.848,0.582,2.239536,11945,6899,0,-,2
22:49:07.977,snap,default,com.coolapk.market,discharging,1,43,53.6,85,95,1,14.52,0.01,0,0,3.864,0.394,1.522416,11945,6899,0,-,2
22:49:08.979,snap,default,com.coolapk.market,discharging,1,43,52.1,85,95,1,13.52,0.01,0,0,3.864,0.298,1.1514721,9700,5421,0,-,2
22:49:09.979,snap,default,com.coolapk.market,discharging,1,43,51.7,85,95,1,13.52,0.01,0,0,3.868,0.352,1.361536,9700,5421,0,-,2
22:49:10.979,snap,default,com.coolapk.market,discharging,1,43,50.9,85,95,1,12.16,0,0,0,3.868,0.28,1.08304,5583,2156,0,-,2
22:49:11.980,snap,default,com.coolapk.market,discharging,1,43,50.5,85,95,1,12.16,0,0,0,3.864,0.308,1.190112,5583,2156,0,-,2
22:49:12.980,snap,default,com.coolapk.market,discharging,1,43,50.1,85,95,1,11.4,0,0,0,3.865,0.278,1.07447,3800,1270,0,-,2
22:49:13.981,snap,default,com.coolapk.market,discharging,1,43,50.1,85,95,1,11.4,0,0,21,3.865,0.314,1.21361,3800,1270,0,-,2
22:49:14.982,snap,default,com.coolapk.market,discharging,1,43,50.9,85,95,1,11.15,0,0,21,3.862,0.492,1.900104,7143,3987,0,-,2
22:49:15.981,snap,default,com.coolapk.market,discharging,1,43,51.7,85,95,1,11.15,0,0,29,3.847,0.52,2.00044,7143,3987,0,-,2
22:49:16.981,snap,default,com.coolapk.market,discharging,1,43,52.4,85,95,1,11.12,0,0,0,3.847,0.52,2.00044,10846,6439,0,-,2
22:49:17.981,snap,default,com.coolapk.market,discharging,1,43,52.4,85,95,1,11.12,0,0,0,3.864,0.442,1.707888,10846,6439,0,-,2
22:49:18.982,snap,default,com.coolapk.market,discharging,1,42.9,53.2,85,95,1,11.12,0,0,29,3.851,0.7,2.6957,15588,9900,0,-,2
22:49:19.992,snap,default,com.coolapk.market,discharging,1,42.9,53.2,85,95,1,11.82,0,0,26,3.832,0.988,3.786016,15588,9900,0,-,2
22:49:20.996,snap,default,com.coolapk.market,discharging,1,42.9,53.2,85,95,1,11.82,0,0,33,3.819,1.754,6.698526,32387,17459,0,-,2
22:49:21.996,snap,default,com.coolapk.market,discharging,1,42.9,53.2,85,95,1,17.29,0.18,0.36,58,3.722,3.158,11.754076,32387,17459,0,-,2
22:49:22.996,snap,default,com.coolapk.market,discharging,1,42.9,53.2,85,95,1,17.29,0.18,0.36,76,3.745,2.826,10.583369,30413,17671,0,-,2
22:49:23.996,snap,default,com.coolapk.market,discharging,1,42.9,53.2,85,95,1,21.04,0.15,0.84,76,3.72,2.998,11.152559,30413,17671,0,-,2
22:49:24.996,snap,default,com.coolapk.market,discharging,1,42.9,53.2,85,95,1,21.04,0.15,0.84,75,3.754,2.542,9.542668,27586,16492,0,-,2
22:49:25.996,snap,default,com.coolapk.market,discharging,1,42.9,53.2,85,95,1,23.21,0.12,0.68,77,3.752,2.528,9.485057,27586,16492,0,-,2
22:49:26.998,snap,default,com.coolapk.market,discharging,1,42.9,53.2,85,95,1,23.21,0.12,0.68,80,3.746,2.708,10.144168,30267,17612,0,-,2
22:49:27.999,snap,default,com.coolapk.market,discharging,1,42.9,53.2,85,95,1,24.25,0.1,0.56,82,3.731,2.82,10.52142,30267,17612,0,-,2
22:49:28.999,snap,default,com.coolapk.market,discharging,1,42.9,53.2,85,95,1,25.84,0.26,0.46,68,3.839,1.228,4.714292,24626,11896,0,-,2
22:49:29.999,snap,default,com.coolapk.market,discharging,1,42.8,56.2,85,95,1,25.84,0.26,0.46,11,3.845,0.752,2.89144,24626,11896,0,-,2
22:49:30.999,snap,default,com.coolapk.market,discharging,1,42.8,59.2,85,95,1,22.79,0.21,0.37,15,3.851,0.458,1.7637581,8531,3856,0,-,2
22:49:32.000,snap,default,com.coolapk.market,discharging,1,42.8,59.9,85,95,1,22.79,0.21,0.37,15,3.847,0.64,2.4620798,8531,3856,0,-,2
22:49:33.000,snap,default,com.coolapk.market,discharging,1,42.8,59.9,85,95,1,20.65,0.17,0.3,19,3.851,0.48,1.84848,12702,6126,0,-,2
22:49:34.001,snap,default,com.coolapk.market,discharging,1,42.8,58.8,85,95,1,20.65,0.17,0.3,15,3.843,0.762,2.928366,12702,6126,0,-,2
22:49:35.001,snap,default,com.coolapk.market,discharging,1,42.8,59.6,85,95,1,19.99,0.14,0.25,23,3.829,0.668,2.557772,12702,6126,0,-,2
22:49:36.004,snap,default,com.coolapk.market,discharging,1,42.8,57.6,85,95,1,19.99,0.14,0.25,27,3.845,0.784,3.0144799,13471,7484,0,-,2
22:49:37.002,snap,default,com.coolapk.market,discharging,1,42.8,58,85,95,1,18.36,0.11,0.2,31,3.852,0.688,2.650176,13471,7484,0,-,2
22:49:38.003,snap,default,com.coolapk.market,discharging,1,42.8,57.6,85,95,1,18.36,0.11,0.2,31,3.848,0.81,3.11688,13967,7196,0,-,2
22:49:39.004,snap,default,com.coolapk.market,discharging,1,42.8,57.2,85,95,1,17.75,0.09,0.16,26,3.853,0.632,2.435096,13967,7196,0,-,2
22:49:40.004,snap,default,com.coolapk.market,discharging,1,42.8,56.8,85,95,1,17.75,0.09,0.16,14,3.859,0.418,1.613062,13501,6489,0,-,2
22:49:41.004,snap,default,com.coolapk.market,discharging,1,42.7,54.8,85,95,1,16.16,0.07,0.13,14,3.856,0.484,1.8663039,13501,6489,0,-,2
22:49:42.005,snap,default,com.coolapk.market,discharging,1,42.7,54.8,85,95,1,16.16,0.07,0.13,15,3.86,0.394,1.5208399,7552,3687,0,-,2
22:49:43.006,snap,default,com.coolapk.market,discharging,1,42.7,54,85,95,1,14.86,0.06,0.11,6,3.858,0.444,1.712952,7552,3687,0,-,2
22:49:44.007,snap,default,com.coolapk.market,discharging,1,42.7,53.2,85,95,1,14.86,0.06,0.11,6,3.861,0.362,1.397682,8280,3762,0,-,2
22:49:45.007,snap,default,com.coolapk.market,discharging,1,42.7,53.2,85,95,1,14.34,0.05,0.09,11,3.852,0.588,2.264976,8280,3762,0,-,2
22:49:46.007,snap,default,com.coolapk.market,discharging,1,42.7,54.8,85,95,1,14.34,0.05,0.09,31,3.852,0.588,2.264976,10739,6019,0,-,2
22:49:47.007,snap,default,com.coolapk.market,discharging,1,42.7,54.8,85,95,1,14.34,0.05,0.09,31,3.827,0.9,3.4443,10739,6019,0,-,2
22:49:48.007,snap,default,com.coolapk.market,discharging,1,42.7,54.8,85,95,1,13.74,0.04,0.07,20,3.851,0.57,2.19507,11583,6571,0,-,2
22:49:49.008,snap,default,com.coolapk.market,discharging,1,42.7,54.4,85,95,1,13.74,0.04,0.07,16,3.858,0.538,2.075604,11583,6571,0,-,2
22:49:50.010,snap,default,com.coolapk.market,discharging,1,42.7,53.6,85,95,1,13.24,0.03,0.06,16,3.859,0.402,1.551318,7401,3441,0,-,2
22:49:51.010,snap,default,com.coolapk.market,discharging,1,42.7,53.2,85,95,1,13.24,0.03,0.06,5,3.867,0.362,1.399854,7401,3441,0,-,2
22:49:52.011,snap,default,com.coolapk.market,discharging,1,42.7,53.2,85,95,1,12.65,0.02,0.05,0,3.857,0.446,1.7202221,11226,5544,0,-,2
22:49:53.011,snap,default,com.coolapk.market,discharging,1,42.7,52.8,85,95,1,12.65,0.02,0.05,15,3.853,0.59,2.27327,11226,5544,0,-,2
22:49:54.012,snap,default,com.coolapk.market,discharging,1,42.7,53.6,85,95,1,13.08,0.02,0.04,17,3.856,0.568,2.190208,10724,5412,0,-,2
22:49:55.012,snap,default,com.coolapk.market,discharging,1,42.7,53.2,85,95,1,13.08,0.02,0.04,17,3.85,0.602,2.3177,10724,5412,0,-,2
22:49:56.013,snap,default,com.coolapk.market,discharging,1,42.7,53.2,85,95,1,12.88,0.01,0.03,21,3.854,0.496,1.911584,9567,4538,0,-,2
22:49:57.108,snap,default,com.coolapk.market,discharging,1,42.7,53.2,85,95,1,12.88,0.01,0.03,21,3.862,0.36,1.3903201,9567,4538,0,-,2
22:49:58.118,snap,default,com.coolapk.market,discharging,1,42.7,56.2,85,95,1,12.18,0.01,0.02,13,3.816,0.828,3.159648,16762,7304,0,-,2
22:49:59.117,snap,default,com.coolapk.market,discharging,1,42.7,56.2,85,95,1,12.18,0.01,0.02,10,3.816,1.014,3.869424,16762,7304,0,-,2
22:50:00.117,snap,default,com.coolapk.market,discharging,1,42.7,59.2,85,95,1,17.4,0.19,0.2,43,3.765,2.07,7.79355,39036,20861,0,-,2
22:50:01.117,snap,default,com.coolapk.market,discharging,1,42.7,62.2,85,95,1,20.22,0.15,0.16,49,3.806,1.438,5.4730277,39036,20861,0,-,2
22:50:02.118,snap,default,com.coolapk.market,discharging,1,42.6,64.3,85,95,1,20.22,0.15,0.16,55,3.832,1.188,4.552416,31426,16931,0,-,2
22:50:03.119,snap,default,com.coolapk.market,discharging,1,42.6,62.7,85,95,1,20.18,0.12,0.13,46,3.842,0.886,3.404012,31426,16931,0,-,2
22:50:04.119,snap,default,com.coolapk.market,discharging,1,42.6,62.7,85,95,1,20.18,0.12,0.13,46,3.805,1.17,4.45185,31426,16931,0,-,2
22:50:05.129,snap,default,com.coolapk.market,discharging,1,42.6,65.7,85,95,1,21.96,0.1,0.11,37,3.78,1.534,5.79852,28925,15122,0,-,2
22:50:06.129,snap,default,com.coolapk.market,discharging,1,42.6,68.7,85,95,1,21.96,0.1,0.11,24,3.788,1.84,6.96992,28925,15122,0,-,2
22:50:07.129,snap,default,com.android.launcher,discharging,1,42.6,69.4,85,95,1,26.13,0.63,0.27,17,3.826,1.404,5.371704,44146,19376,0,-,2
22:50:08.130,snap,default,com.android.launcher,discharging,1,42.5,66.4,85,95,1,26.13,0.63,0.27,0,3.832,0.87,3.3338401,44146,19376,0,-,2
22:50:09.130,snap,default,com.android.launcher,discharging,1,42.5,63.4,85,95,1,27.38,0.69,0.22,0,3.841,0.84,3.22644,14792,4696,0,-,2
22:50:10.131,snap,default,com.android.launcher,discharging,1,42.5,60.4,85,95,1,27.38,0.69,0.22,4,3.822,0.93,3.55446,14792,4696,0,-,2
22:50:11.131,snap,default,com.android.launcher,discharging,1,42.5,59.2,85,95,1,28.58,0.75,0.18,0,3.85,0.682,2.6256998,21231,8080,0,-,2
22:50:12.131,snap,default,com.android.launcher,discharging,1,42.5,57.2,85,95,1,28.58,0.75,0.18,0,3.852,0.492,1.895184,21231,8080,0,-,2
22:50:13.132,snap,default,com.android.launcher,discharging,1,42.5,56,85,95,1,25.75,0.61,0.14,0,3.855,0.45,1.7347499,12533,4718,0,-,2
22:50:14.134,snap,default,com.android.launcher,discharging,1,42.5,53.6,85,95,1,25.75,0.61,0.14,0,3.862,0.332,1.282184,12533,4718,0,-,2
22:50:15.135,snap,default,com.android.launcher,discharging,1,42.5,53.2,85,95,1,22.72,0.5,0.12,0,3.847,0.444,1.708068,6245,2407,0,-,2
22:50:16.137,snap,default,com.android.launcher,discharging,1,42.5,52.4,85,95,1,22.72,0.5,0.12,0,3.861,0.368,1.420848,6245,2407,0,-,2
22:50:17.136,snap,default,com.android.launcher,discharging,1,42.5,52.1,85,95,1,20.23,0.41,0.09,0,3.862,0.416,1.606592,6557,2645,0,-,2
22:50:18.138,snap,default,com.android.launcher,discharging,1,42.5,51.7,85,95,1,20.23,0.41,0.09,0,3.863,0.336,1.2979679,6557,2645,0,-,2
22:50:19.138,snap,default,com.android.launcher,discharging,1,42.5,52.1,85,95,1,17.83,0.33,0.08,0,3.863,0.336,1.2979679,4563,1704,0,-,2
22:50:20.139,snap,default,com.android.launcher,discharging,1,42.5,51.3,85,95,1,17.83,0.33,0.08,0,3.858,0.328,1.265424,4563,1704,0,-,2
22:50:21.139,snap,default,com.android.launcher,discharging,1,42.5,51.3,85,95,1,17.83,0.33,0.08,0,3.858,0.368,1.419744,6261,2152,0,-,2
22:50:22.140,snap,default,com.android.launcher,discharging,1,42.5,50.5,85,95,1,16.23,0.27,0.06,0,3.86,0.356,1.3741599,6261,2152,0,-,2
22:50:23.140,snap,default,com.android.launcher,discharging,1,42.5,50.5,85,95,1,16.23,0.27,0.06,0,3.861,0.306,1.181466,5177,1804,0,-,2
22:50:24.140,snap,default,com.android.launcher,discharging,1,42.5,50.1,85,95,1,14.56,0.22,0.05,0,3.859,0.306,1.180854,5177,1804,0,-,2
22:50:25.141,snap,default,com.android.launcher,discharging,1,42.5,50.1,85,95,1,14.56,0.22,0.05,0,3.862,0.296,1.143152,4123,1407,0,-,2
22:50:26.143,snap,default,com.android.launcher,discharging,1,42.5,50.1,85,95,1,13.37,0.18,0.04,0,3.86,0.314,1.2120401,4123,1407,0,-,2
22:50:27.143,snap,default,com.android.launcher,discharging,1,42.5,50.5,85,95,1,13.37,0.18,0.04,0,3.866,0.292,1.1288719,4627,1545,0,-,2
22:50:28.144,snap,default,com.android.launcher,discharging,1,42.5,49.7,85,95,1,12.4,0.15,0.03,0,3.857,0.354,1.365378,4627,1545,0,-,2
22:50:29.144,snap,default,com.android.launcher,discharging,1,42.5,49.3,85,95,1,11.42,0.12,0.02,0,3.864,0.294,1.136016,3877,1304,0,-,2
22:50:30.145,snap,default,com.android.launcher,discharging,1,42.5,49.3,85,95,1,11.42,0.12,0.02,0,3.859,0.302,1.1654179,3877,1304,0,-,2
22:50:31.147,snap,default,com.android.launcher,discharging,1,42.5,49.3,85,95,1,10.8,0.1,0.02,0,3.863,0.322,1.243886,3877,1304,0,-,2
22:50:32.147,snap,default,com.android.launcher,discharging,1,42.5,49.3,85,95,1,10.8,0.1,0.02,0,3.865,0.334,1.29091,3982,1314,0,-,2
22:50:33.147,snap,default,com.android.launcher,discharging,1,42.5,49.7,85,95,1,10.29,0.08,0.01,0,3.864,0.286,1.1051041,3982,1314,0,-,2
22:50:34.149,snap,default,com.android.launcher,discharging,1,42.4,48.9,85,95,1,10.29,0.08,0.01,0,3.863,0.32,1.2361599,3891,1434,0,-,2
22:50:35.149,snap,default,com.android.launcher,discharging,1,42.4,48.5,85,95,1,9.69,0.06,0.01,0,3.867,0.27,1.04409,3891,1434,0,-,2
22:50:36.150,snap,default,com.android.launcher,discharging,1,42.4,48.5,85,95,1,9.69,0.06,0.01,0,3.865,0.308,1.19042,3496,1201,0,-,2
22:50:37.150,snap,default,com.android.launcher,discharging,1,42.4,48.5,85,95,1,9.2,0.05,0.01,0,3.864,0.312,1.2055681,3496,1201,0,-,2
22:50:38.150,snap,default,com.android.launcher,discharging,1,42.4,48.9,85,95,1,9.2,0.05,0.01,0,3.867,0.34,1.31478,4293,1545,0,-,2
22:50:39.150,snap,default,com.android.launcher,discharging,1,42.4,48.9,85,95,1,8.62,0.04,0,0,3.867,0.294,1.136898,4293,1545,0,-,2
22:50:40.151,snap,default,com.android.launcher,discharging,1,42.4,48.9,85,95,1,8.62,0.04,0,0,3.868,0.296,1.144928,3739,1332,0,-,2
22:50:41.152,snap,default,com.android.launcher,discharging,1,42.4,48.9,85,95,1,8.33,0.03,0,0,3.866,0.276,1.067016,3739,1332,0,-,2
22:50:42.155,snap,default,com.android.launcher,discharging,1,42.4,48.9,85,95,1,8.33,0.03,0,0,3.866,0.328,1.268048,3254,1233,0,-,2
22:50:43.155,snap,default,com.android.launcher,discharging,1,42.4,48.9,85,95,1,8.45,0.02,0,0,3.862,0.3,1.1586001,3254,1233,0,-,2
22:50:44.157,snap,default,com.android.launcher,discharging,1,42.4,48.9,85,95,1,8.45,0.02,0,0,3.867,0.268,1.0363561,3961,1364,0,-,2
22:50:45.157,snap,default,com.android.launcher,discharging,1,42.3,48.5,85,95,1,8.18,0.02,0,0,3.867,0.268,1.0363561,3961,1364,0,-,2
22:50:46.160,snap,default,com.android.launcher,discharging,1,42.3,48.5,85,95,1,8.18,0.02,0,0,3.86,0.362,1.3973199,3851,1381,0,-,2
22:50:47.160,snap,default,com.android.launcher,discharging,1,42.3,48.5,85,95,1,8.18,0.02,0,0,3.863,0.288,1.112544,3851,1381,0,-,2
22:50:48.160,snap,default,com.android.launcher,discharging,1,42.3,48.5,85,95,1,7.97,0.01,0,0,3.862,0.318,1.2281159,5500,1645,0,-,2
22:50:49.162,snap,default,com.android.launcher,discharging,1,42.3,48.5,85,95,1,7.97,0.01,0,0,3.863,0.388,1.498844,5500,1645,0,-,2
22:50:50.164,snap,default,com.android.launcher,discharging,1,42.3,48.5,85,95,1,9.42,0.01,0,0,3.863,0.352,1.359776,4362,1471,0,-,2
22:50:51.164,snap,default,com.android.launcher,discharging,1,42.3,48.5,85,95,1,9.42,0.01,0,0,3.863,0.314,1.212982,4362,1471,0,-,2
22:50:52.165,snap,default,com.android.launcher,discharging,1,42.3,48.5,85,95,1,9.16,0.01,0,0,3.858,0.374,1.4428921,5021,2044,0,-,2
22:50:53.166,snap,default,com.android.launcher,discharging,1,42.3,48.5,85,95,1,9.16,0.01,0,0,3.866,0.296,1.144336,5021,2044,0,-,2
22:50:54.167,snap,default,com.android.launcher,discharging,1,42.3,48.1,85,95,1,9.5,0.01,0,0,3.862,0.34,1.31308,5964,1863,0,-,2
22:50:55.167,snap,default,com.android.launcher,discharging,1,42.3,48.5,85,95,1,9.5,0.01,0,0,3.865,0.29,1.12085,5964,1863,0,-,2
22:50:56.167,snap,default,com.android.launcher,discharging,1,42.3,48.5,85,95,1,9.22,0,0,0,3.858,0.336,1.296288,5638,1916,0,-,2
22:50:57.169,snap,default,com.android.launcher,discharging,1,42.3,48.9,85,95,1,9.55,0.36,0.54,0,3.854,0.496,1.911584,5638,1916,0,-,2
22:50:58.168,snap,default,com.android.launcher,discharging,1,42.3,51.3,85,95,1,9.55,0.36,0.54,0,3.851,0.77,2.96527,5638,1916,0,-,2
22:50:59.169,snap,default,com.android.launcher,discharging,1,42.3,51.3,85,95,1,10.53,0.3,1.17,0,3.852,0.634,2.442168,16993,7803,0,-,2
22:51:00.170,snap,default,com.android.launcher,discharging,1,42.3,50.9,85,95,1,10.53,0.3,1.17,0,3.855,0.524,2.02002,16993,7803,0,-,2
22:51:01.170,snap,default,com.android.launcher,discharging,1,42.3,50.5,85,95,1,10.98,0.24,0.95,0,3.851,0.57,2.19507,11774,5595,0,-,2
22:51:02.170,snap,default,com.android.launcher,discharging,1,42.3,50.5,85,95,1,10.98,0.24,0.95,0,3.841,0.66,2.5350602,11774,5595,0,-,2
22:51:03.171,snap,default,com.android.launcher,discharging,1,42.3,50.5,85,95,1,11.89,0.2,0.78,0,3.852,0.57,2.19564,13329,5887,0,-,2
22:51:04.171,snap,default,com.android.launcher,discharging,1,42.3,50.1,85,95,1,11.89,0.2,0.78,0,3.852,0.596,2.295792,13329,5887,0,-,2
22:51:05.180,snap,default,com.android.launcher,discharging,1,42.3,50.1,85,95,1,11.91,0.16,1,0,3.854,0.64,2.46656,12074,5407,0,-,2
22:51:06.447,snap,default,com.android.launcher,discharging,0,42.2,53.1,85,95,1,11.91,0.16,1,5,3.791,1.5,5.6864996,12074,5407,0,-,3
22:51:07.493,snap,default,com.android.launcher,discharging,1,42.2,54.4,85,95,1,18.63,0.86,2.99,13,3.846,1.078,4.145988,12074,5407,0,-,3
22:51:08.512,snap,default,com.android.launcher,discharging,1,42.2,54,85,95,1,18.63,0.86,2.99,0,3.849,0.458,1.762842,40304,11854,0,-,4
22:51:09.513,snap,default,com.android.launcher,discharging,1,42.2,53.2,85,95,1,19.96,0.88,2.99,0,3.855,0.422,1.62681,7906,2895,0,-,4
22:51:10.514,snap,default,com.android.launcher,discharging,1,42.2,51.3,85,95,1,19.96,0.88,2.99,0,3.862,0.39,1.5061799,7906,2895,0,-,4
22:51:11.516,snap,default,com.android.launcher,discharging,1,42.2,50.9,85,95,1,17.61,1.26,2.45,0,3.854,0.548,2.111992,7222,2508,0,-,3
22:51:12.849,snap,default,com.android.launcher,discharging,0,42.2,50.5,85,95,1,17.61,1.26,2.45,0,3.861,0.376,1.451736,7222,2508,0,-,1
22:51:13.851,snap,default,com.android.launcher,discharging,0,42.2,49.7,85,95,1,18.04,1.03,2,0,3.866,0.188,0.72680795,9399,3748,0,-,1
22:51:14.852,snap,default,com.android.launcher,discharging,0,42.2,49.3,85,95,1,18.04,1.03,2,0,3.868,0.202,0.781336,9399,3748,0,-,1
22:51:15.854,snap,default,com.android.launcher,discharging,0,42.2,48.5,85,95,1,16.04,0.85,1.64,0,3.868,0.198,0.765864,3441,1036,0,-,1
22:51:16.854,snap,default,com.android.launcher,discharging,0,42.1,48.1,85,95,1,16.04,0.85,1.64,0,3.869,0.194,0.75058603,3441,1036,0,-,1
22:51:17.855,snap,default,com.android.launcher,discharging,0,42.1,48.5,85,95,1,15.31,0.69,1.34,0,3.864,0.224,0.86553603,5485,1831,0,-,1
22:51:18.855,snap,default,com.android.launcher,discharging,0,42.1,48.1,85,95,1,15.31,0.69,1.34,0,3.863,0.298,1.151174,5485,1831,0,-,1
22:51:19.856,snap,default,com.android.launcher,discharging,0,42.1,48.1,85,95,1,15.07,0.75,1.1,0,3.868,0.276,1.067568,5651,2168,0,-,1
22:51:20.857,snap,default,com.android.launcher,discharging,0,42.1,48.1,85,95,1,15.07,0.75,1.1,0,3.867,0.272,1.0518241,5651,2168,0,-,1
22:51:21.863,snap,default,com.android.launcher,discharging,0,42.1,48.1,85,95,1,14.33,0.61,0.9,0,3.85,0.502,1.9326998,7822,3013,0,-,1
22:51:22.864,snap,default,com.android.launcher,discharging,0,42.1,49.3,85,95,1,14.33,0.61,0.9,0,3.851,0.556,2.141156,7822,3013,0,-,1
22:51:23.864,snap,default,com.android.launcher,discharging,0,42.1,49.7,85,95,1,21.34,0.86,1.28,0,3.849,0.552,2.1246479,11390,3192,0,-,1
22:51:24.865,snap,default,com.android.launcher,discharging,0,42.1,49.3,85,95,1,29.43,1.25,3.76,0,3.849,0.588,2.263212,11390,3192,0,-,1
22:51:25.865,snap,default,com.android.launcher,discharging,0,42.1,49.3,85,95,1,29.43,1.25,3.76,0,3.858,0.422,1.628076,7128,1831,0,-,1
22:51:26.866,snap,default,com.android.launcher,discharging,0,42.1,49.3,85,95,1,38.59,1.38,4.53,0,3.854,0.474,1.826796,7128,1831,0,-,1
22:51:27.866,snap,default,com.android.launcher,discharging,0,42,49.3,85,95,1,38.59,1.38,4.53,0,3.864,0.374,1.4451361,8495,1965,0,-,1
22:51:28.866,snap,default,com.android.launcher,discharging,0,42,49.7,85,95,1,39.93,1.31,4.98,0,3.857,0.376,1.450232,8495,1965,0,-,1
22:51:29.866,snap,default,com.android.launcher,discharging,0,42,49.3,85,95,1,39.93,1.31,4.98,0,3.865,0.338,1.30637,8065,3339,0,-,1
22:51:30.868,snap,default,com.android.launcher,discharging,0,42,49.3,85,95,1,34.51,1.44,4.07,0,3.869,0.242,0.936298,8065,3339,0,-,1
22:51:31.869,snap,default,com.android.launcher,discharging,0,42,49.3,85,95,1,34.51,1.44,4.07,0,3.869,0.242,0.936298,5115,2198,0,-,1
22:51:32.869,snap,default,com.android.launcher,discharging,0,42,48.9,85,95,1,34.51,1.44,4.07,0,3.873,0.198,0.766854,5115,2198,0,-,1
22:51:34.726,snap,default,com.android.launcher,discharging,1,42,49.3,85,95,1,30.43,1.36,4.24,15,3.841,0.62,2.3814201,5115,2198,0,-,2
22:51:35.727,snap,default,com.android.launcher,discharging,1,42,49.3,85,95,1,34.52,1.65,4.92,15,3.821,1.042,3.9814823,29565,10910,0,-,2
22:51:36.728,snap,default,com.android.launcher,discharging,1,42,52.3,85,95,1,34.52,1.65,4.92,20,3.764,1.946,7.3247437,29565,10910,0,-,2
22:51:37.728,snap,default,com.android.launcher,discharging,1,42,53.6,85,95,1,40.58,1.72,8.38,25,3.829,1.252,4.793908,29565,10910,0,-,2
22:51:38.728,snap,default,com.android.launcher,discharging,1,41.9,53.6,85,95,1,40.58,1.72,8.38,25,3.858,0.396,1.527768,22142,6914,0,-,2
22:51:39.728,snap,default,com.android.launcher,discharging,1,41.9,53.6,85,95,1,34.86,1.4,6.86,0,3.857,0.39,1.50423,22142,6914,0,-,2
22:51:40.728,snap,default,com.android.launcher,discharging,1,41.9,55.2,85,95,1,34.86,1.4,6.86,15,3.809,1.024,3.9004161,12584,6276,0,-,2
22:51:41.729,snap,default,com.android.launcher,discharging,1,41.9,55.6,85,95,1,30.9,1.33,6.34,41,3.81,0.976,3.71856,12584,6276,0,-,2
22:51:42.729,snap,default,com.android.launcher,discharging,1,41.9,55.6,85,95,1,30.9,1.33,6.34,20,3.767,2.102,7.918234,28031,14124,0,-,2
22:51:43.806,snap,default,com.tencent.mobileqq,discharging,1,41.9,55.6,85,95,1,36.89,1.99,7.55,20,3.757,2.322,8.723754,28031,14124,0,-,2
22:51:44.875,snap,default,com.tencent.mobileqq,discharging,1,41.9,55.6,85,95,1,36.89,1.99,7.55,8,3.761,2.254,8.477294,47670,11104,0,-,2
22:51:45.875,snap,default,com.tencent.mobileqq,discharging,1,41.9,55.6,85,95,1,44.7,3.26,12.16,5,3.756,2.306,8.661336,47670,11104,0,-,2
22:51:46.875,snap,default,com.tencent.mobileqq,discharging,1,41.9,55.6,85,95,1,44.7,3.26,12.16,3,3.745,2.388,8.94306,48063,5675,0,-,2
22:51:47.875,snap,default,com.tencent.mobileqq,discharging,1,41.9,55.6,85,95,1,49.83,4.48,13.58,14,3.773,1.91,7.20643,48063,5675,0,-,2
22:51:48.876,snap,default,com.tencent.mobileqq,discharging,1,41.9,55.6,85,95,1,49.83,4.48,13.58,12,3.772,1.714,6.465208,32583,10686,0,-,2
22:51:49.876,snap,default,com.tencent.mobileqq,discharging,1,41.9,55.6,85,95,1,49.31,4.21,11.66,17,3.798,1.492,5.666616,32583,10686,0,-,2
22:51:50.878,snap,default,com.tencent.mobileqq,discharging,1,41.9,55.6,85,95,1,49.31,4.21,11.66,28,3.77,1.93,7.2760997,46703,18167,0,-,2
22:51:51.909,snap,default,com.tencent.mobileqq,discharging,1,41.9,55.6,85,95,1,50.16,4.17,10.45,47,3.74,2.6,9.724,46703,18167,0,-,2
22:51:52.908,snap,default,com.tencent.mobileqq,discharging,1,41.9,55.6,85,95,1,50.16,4.17,10.45,67,3.711,2.974,11.036514,50514,16321,0,-,2
22:51:53.920,snap,default,com.tencent.mobileqq,discharging,1,41.9,55.6,85,95,1,54.12,4.5,10.73,74,3.706,3.216,11.918496,50514,16321,0,-,2
22:51:54.922,snap,default,com.tencent.mobileqq,discharging,1,41.9,55.6,85,95,1,58.99,4.23,11.5,80,3.707,3.19,11.825331,39240,16887,0,-,2
22:51:55.922,snap,default,com.tencent.mobileqq,discharging,1,41.9,55.6,85,95,1,58.99,4.23,11.5,75,3.708,3.044,11.287151,39240,16887,0,-,2
22:51:56.923,snap,default,com.tencent.mobileqq,discharging,1,41.9,55.6,85,95,1,57,3.82,11.05,48,3.773,1.98,7.47054,35659,14617,0,-,2
22:51:57.923,snap,default,com.tencent.mobileqq,discharging,1,41.9,55.6,85,95,1,57,3.82,11.05,54,3.779,1.656,6.258024,35659,14617,0,-,2
22:51:58.923,snap,default,com.tencent.mobileqq,discharging,1,41.9,55.6,85,95,1,50.84,3.49,9.23,54,3.777,1.688,6.3755755,29176,16721,0,-,2
22:51:59.923,snap,default,com.tencent.mobileqq,discharging,1,41.9,55.6,85,95,1,50.84,3.49,9.23,52,3.804,1.172,4.458288,29176,16721,0,-,2
22:52:00.924,snap,default,com.tencent.mobileqq,discharging,1,41.9,55.6,85,95,1,47.06,3.04,7.74,56,3.714,2.734,10.154076,30427,17911,0,-,2
22:52:01.927,snap,default,com.tencent.mobileqq,discharging,1,41.9,55.6,85,95,1,47.06,3.04,7.74,79,3.714,2.734,10.154076,30427,17911,0,-,2
22:52:02.925,snap,default,com.tencent.mobileqq,discharging,1,41.9,55.6,85,95,1,47.06,3.04,7.74,79,3.712,3.07,11.39584,34150,19621,0,-,2
22:52:03.925,snap,default,com.tencent.mobileqq,discharging,1,41.9,55.6,85,95,1,49.22,2.49,6.33,78,3.712,2.798,10.386176,34150,19621,0,-,2
22:52:04.926,snap,default,com.tencent.mobileqq,discharging,1,41.9,55.6,85,95,1,49.22,2.49,6.33,48,3.783,1.452,5.492916,22407,13506,0,-,2
22:52:05.927,snap,default,com.tencent.mobileqq,discharging,1,41.9,55.6,85,95,1,43.57,2.04,5.18,47,3.817,0.878,3.351326,22407,13506,0,-,2
22:52:06.934,snap,default,com.tencent.mobileqq,discharging,1,41.9,55.6,85,95,1,43.57,2.04,5.18,39,3.825,1.13,4.32225,24109,14616,0,-,2
22:52:07.932,snap,default,com.tencent.mobileqq,discharging,1,41.9,55.6,85,95,1,39.48,1.67,4.24,26,3.761,1.464,5.506104,24109,14616,0,-,2
22:52:08.932,snap,default,com.tencent.mobileqq,discharging,1,41.9,55.6,85,95,1,39.48,1.67,4.24,66,3.709,2.968,11.008312,24109,14616,0,-,2
22:52:09.936,snap,default,com.tencent.mobileqq,discharging,1,41.9,55.6,85,95,1,42.29,1.36,4.92,79,3.711,3.02,11.20722,30140,17939,0,-,2
22:52:10.936,snap,default,com.tencent.mobileqq,discharging,1,41.9,55.6,85,95,1,42.29,1.36,4.92,78,3.703,3.092,11.4496765,30140,17939,0,-,2
22:52:11.938,snap,default,com.tencent.mobileqq,discharging,1,41.9,55.6,85,95,1,46.76,1.48,4.39,79,3.703,3.096,11.464488,34465,17837,0,-,2
22:52:12.944,snap,default,com.tencent.mobileqq,discharging,1,41.9,55.6,85,95,1,46.76,1.48,4.39,77,3.697,3.084,11.401548,34465,17837,0,-,2
22:52:13.955,snap,default,com.tencent.mobileqq,discharging,1,41.9,55.6,85,95,1,50.79,1.57,5.05,77,3.704,3.002,11.119409,29986,15374,0,-,2
22:52:14.955,snap,default,com.tencent.mobileqq,discharging,1,41.9,55.6,85,95,1,50.79,1.57,5.05,77,3.713,2.89,10.730571,29986,15374,0,-,2
22:52:15.956,snap,default,com.tencent.mobileqq,discharging,1,42,55.6,85,95,1,55.54,1.47,6.12,80,3.708,2.94,10.90152,29480,14122,0,-,2
22:52:17.194,snap,default,com.tencent.mobileqq,discharging,1,42,55.6,85,95,1,55.54,1.47,6.12,77,3.717,2.832,10.526544,29480,14122,0,-,2
22:52:18.216,snap,default,com.tencent.mobileqq,discharging,1,42,55.6,85,95,1,60.51,1.38,7.37,77,3.708,2.892,10.723536,31293,13867,0,-,2
22:52:19.216,snap,default,com.tencent.mobileqq,discharging,1,42,55.6,85,95,1,60.51,1.38,7.37,74,3.711,2.858,10.606038,31293,13867,0,-,2
22:52:20.224,snap,default,com.tencent.mobileqq,discharging,1,42,55.6,85,95,1,64.59,1.67,6.21,78,3.708,2.92,10.82736,33104,13514,0,-,2
22:52:21.226,snap,default,com.tencent.mobileqq,discharging,1,42,55.6,85,95,1,64.59,1.67,6.21,76,3.72,2.776,10.32672,33104,13514,0,-,2
22:52:22.226,snap,default,com.tencent.mobileqq,discharging,1,42,55.6,85,95,1,67.2,2.28,5.81,60,3.772,2.26,8.52472,34409,15240,0,-,2
22:52:23.226,snap,default,com.tencent.mobileqq,discharging,1,42,55.6,85,95,1,61,1.86,4.94,35,3.794,1.452,5.508888,34409,15240,0,-,2
22:52:24.226,snap,default,com.tencent.mobileqq,discharging,1,42,55.6,85,95,1,61,1.86,4.94,39,3.807,1.146,4.362822,22536,12645,0,-,2
22:52:25.226,snap,default,com.tencent.mobileqq,discharging,1,42,55.6,85,95,1,53.03,1.7,4.22,44,3.766,1.43,5.38538,22536,12645,0,-,2
22:52:26.253,snap,default,com.tencent.mobileqq,discharging,1,42.1,55.6,85,95,1,53.03,1.7,4.22,53,3.776,1.756,6.6306562,25273,14820,0,-,2
22:52:27.253,snap,default,com.tencent.mobileqq,discharging,1,42.1,58.6,85,95,1,47.22,1.58,3.64,42,3.791,1.142,4.329322,25273,14820,0,-,2
22:52:28.254,snap,default,com.tencent.mobileqq,discharging,1,42.1,61.6,85,95,1,47.22,1.58,3.64,42,3.838,0.496,1.903648,17100,8617,0,-,2
22:52:29.254,snap,default,com.tencent.mobileqq,discharging,1,42.1,63.5,85,95,1,40.3,1.29,2.98,42,3.837,0.408,1.565496,17100,8617,0,-,2
22:52:30.254,snap,default,com.tencent.mobileqq,discharging,1,42.1,62.7,85,95,1,40.3,1.29,2.98,28,3.831,0.618,2.367558,9815,4614,0,-,2
22:52:31.254,snap,default,com.tencent.mobileqq,discharging,1,42.1,61.5,85,95,1,34.99,1.05,2.44,26,3.831,0.66,2.5284603,9815,4614,0,-,2
22:52:32.254,snap,default,com.tencent.mobileqq,discharging,1,42.1,61.1,85,95,1,34.99,1.05,2.44,26,3.833,0.592,2.269136,13055,6838,0,-,2
22:52:33.254,snap,default,com.tencent.mobileqq,discharging,1,42.1,59.2,85,95,1,30.28,0.86,2,0,3.845,0.342,1.31499,13055,6838,0,-,2
22:52:34.255,snap,default,com.tencent.mobileqq,discharging,1,42.1,58,85,95,1,30.28,0.86,2,16,3.842,0.394,1.5137479,6836,2642,0,-,2
22:52:35.255,snap,default,com.tencent.mobileqq,discharging,1,42.1,57.2,85,95,1,26.06,0.7,1.63,0,3.84,0.494,1.8969599,6836,2642,0,-,2
22:52:36.255,snap,default,com.tencent.mobileqq,discharging,1,42.1,57.2,85,95,1,26.06,0.7,1.63,18,3.84,0.494,1.8969599,9996,4756,0,-,2
22:52:37.255,snap,default,com.tencent.mobileqq,discharging,1,42.1,58,85,95,1,26.06,0.7,1.63,18,3.829,0.668,2.557772,9996,4756,0,-,2
22:52:38.256,snap,default,com.tencent.mobileqq,discharging,1,42.1,58.4,85,95,1,23.15,0.58,1.52,17,3.823,0.814,3.111922,11702,5658,0,-,2
22:52:39.256,snap,default,com.tencent.mobileqq,discharging,1,42.1,58.8,85,95,1,23.15,0.58,1.52,14,3.845,0.55,2.1147501,11702,5658,0,-,2
22:52:40.256,snap,default,com.tencent.mobileqq,discharging,1,42.1,58.4,85,95,1,20.77,0.47,1.24,19,3.829,0.652,2.4965081,12492,6516,0,-,2
22:52:41.256,snap,default,com.tencent.mobileqq,discharging,1,42.1,57.2,85,95,1,20.77,0.47,1.24,22,3.843,0.592,2.275056,12492,6516,0,-,2
22:52:42.257,snap,default,com.tencent.mobileqq,discharging,1,42.2,56.4,85,95,1,18.82,0.38,1.02,22,3.841,0.572,2.1970522,10247,4814,0,-,2
22:52:43.258,snap,default,com.tencent.mobileqq,discharging,1,42.2,56,85,95,1,18.82,0.38,1.02,22,3.847,0.436,1.6772919,10247,4814,0,-,2
22:52:44.258,snap,default,com.tencent.mobileqq,discharging,1,42.2,56,85,95,1,16.86,0.31,0.83,19,3.843,0.492,1.890756,10247,4814,0,-,2
22:52:45.257,snap,default,com.tencent.mobileqq,discharging,1,42.2,56.4,85,95,1,16.86,0.31,0.83,22,3.835,0.846,3.24441,13556,7003,0,-,2
22:52:46.259,snap,default,com.tencent.mobileqq,discharging,1,42.2,57.2,85,95,1,16.16,0.26,0.68,7,3.833,0.642,2.460786,13556,7003,0,-,2
22:52:47.260,snap,default,com.tencent.mobileqq,discharging,1,42.2,56.8,85,95,1,16.16,0.26,0.68,4,3.818,0.74,2.82532,14588,7701,0,-,2
22:52:48.260,snap,default,com.tencent.mobileqq,discharging,1,42.2,56.8,85,95,1,15.4,0.21,0.74,8,3.835,0.626,2.4007099,14588,7701,0,-,2
22:52:49.260,snap,default,com.tencent.mobileqq,discharging,1,42.2,56.8,85,95,1,15.4,0.21,0.74,5,3.843,0.498,1.913814,12076,6009,0,-,2
22:52:50.260,snap,default,com.tencent.mobileqq,discharging,1,42.2,56.8,85,95,1,14.24,0.17,0.6,7,3.816,0.7,2.6712,12076,6009,0,-,2
22:52:51.260,snap,default,com.tencent.mobileqq,discharging,1,42.2,57.2,85,95,1,14.24,0.17,0.6,26,3.835,0.728,2.79188,15786,9481,0,-,2
22:52:52.261,snap,default,com.tencent.mobileqq,discharging,1,42.2,56.8,85,95,1,14.2,0.14,0.49,15,3.819,0.912,3.482928,15786,9481,0,-,2
22:52:53.261,snap,default,com.tencent.mobileqq,discharging,1,42.2,56.8,85,95,1,14.52,0.11,0.4,17,3.838,0.65,2.4947,16480,10352,0,-,2
22:52:54.261,snap,default,com.tencent.mobileqq,discharging,1,42.2,55.6,85,95,1,14.52,0.11,0.4,4,3.842,0.52,1.9978399,16480,10352,0,-,2
22:52:55.262,snap,default,com.tencent.mobileqq,discharging,1,42.2,54.4,85,95,1,13.7,0.09,0.33,1,3.844,0.486,1.8681841,9986,5507,0,-,2
22:52:56.262,snap,default,com.tencent.mobileqq,discharging,1,42.2,54.4,85,95,1,13.7,0.09,0.33,1,3.842,0.502,1.9286839,9986,5507,0,-,2
22:52:57.262,snap,default,com.tencent.mobileqq,discharging,1,42.2,54.4,85,95,1,12.85,0.07,0.27,1,3.843,0.526,2.021418,9915,5012,0,-,2
22:52:58.262,snap,default,com.tencent.mobileqq,discharging,1,42.2,57.4,85,95,1,12.85,0.07,0.27,1,3.822,0.974,3.7226279,9915,5012,0,-,2
22:52:59.262,snap,default,com.tencent.mobileqq,discharging,1,42.2,60.4,85,95,1,11.43,0.24,0.22,1,3.813,1.112,4.240056,10489,4564,0,-,2
22:53:00.263,snap,default,com.tencent.mobileqq,discharging,1,42.2,61.1,85,95,1,11.43,0.24,0.22,1,3.806,1.16,4.41496,10489,4564,0,-,2
22:53:01.263,snap,default,com.tencent.mobileqq,discharging,1,42.2,60.7,85,95,1,10.8,0.2,0.18,2,3.841,0.56,2.15096,11061,4861,0,-,2
22:53:02.263,snap,default,com.tencent.mobileqq,discharging,1,42.2,57.7,85,95,1,10.8,0.2,0.18,6,3.833,0.528,2.023824,11061,4861,0,-,2
22:53:03.264,snap,default,com.tencent.mobileqq,discharging,1,42.3,56.8,85,95,1,11.02,0.16,0.14,5,3.84,0.54,2.0736,11455,6515,0,-,2
22:53:04.266,snap,default,com.tencent.mobileqq,discharging,1,42.3,58.4,85,95,1,11.02,0.16,0.14,17,3.811,1.232,4.6951523,11455,6515,0,-,2
22:53:05.266,snap,default,com.tencent.mobileqq,discharging,1,42.3,58.4,85,95,1,17.18,0.31,0.3,61,3.73,2.616,9.75768,28166,16389,0,-,2
22:53:06.267,snap,default,com.tencent.mobileqq,discharging,1,42.3,58.4,85,95,1,17.18,0.31,0.3,79,3.73,2.616,9.75768,28166,16389,0,-,2
22:53:07.271,snap,default,com.tencent.mobileqq,discharging,1,42.3,58.4,85,95,1,17.18,0.31,0.3,79,3.711,3.192,11.845511,32331,20826,0,-,2
22:53:08.271,snap,default,com.tencent.mobileqq,discharging,1,42.3,58.4,85,95,1,22.4,0.25,0.61,80,3.725,2.938,10.94405,32331,20826,0,-,2
22:53:09.272,snap,default,com.tencent.mobileqq,discharging,1,42.3,58.4,85,95,1,22.4,0.25,0.61,77,3.731,2.828,10.551269,32331,20826,0,-,2
22:53:10.272,snap,default,com.tencent.mobileqq,discharging,1,42.3,58.4,85,95,1,29.57,1.11,2.13,39,3.731,2.64,9.84984,46767,20539,0,-,2
22:53:11.272,snap,default,bin.mt.plus.canary,discharging,1,42.3,58.4,85,95,1,29.57,1.11,2.13,28,3.749,2.174,8.150326,46767,20539,0,-,2
22:53:12.272,snap,default,bin.mt.plus.canary,discharging,1,42.3,58.4,85,95,1,34.72,1.64,4.1,16,3.781,1.562,5.905922,31699,12128,0,-,2
22:53:13.273,snap,default,bin.mt.plus.canary,discharging,1,42.3,61.4,85,95,1,34.72,1.64,4.1,10,3.777,1.842,6.957234,31699,12128,0,-,2
22:53:14.273,snap,default,bin.mt.plus.canary,discharging,1,42.4,64.4,85,95,1,32.05,2.79,5.71,20,3.789,1.366,5.175774,33850,12194,0,-,2
22:53:15.274,snap,default,bin.mt.plus.canary,discharging,1,42.4,65.9,85,95,1,32.05,2.79,5.71,20,3.821,0.84,3.20964,33850,12194,0,-,2
22:53:16.275,snap,default,bin.mt.plus.canary,discharging,1,42.4,62.9,85,95,1,29.14,2.46,4.85,13,3.839,0.564,2.165196,16758,9388,0,-,2
22:53:17.275,snap,default,bin.mt.plus.canary,discharging,1,42.4,61.9,85,95,1,29.14,2.46,4.85,13,3.829,0.69,2.64201,16758,9388,0,-,2
22:53:18.275,snap,default,bin.mt.plus.canary,discharging,1,42.4,60.7,85,95,1,26.94,2.2,3.97,16,3.836,0.734,2.815624,15481,7586,0,-,2
22:53:19.275,snap,default,bin.mt.plus.canary,discharging,1,42.4,59.9,85,95,1,26.94,2.2,3.97,9,3.834,0.702,2.6914682,15481,7586,0,-,2
22:53:20.277,snap,default,bin.mt.plus.canary,discharging,1,42.4,57.2,85,95,1,24.23,1.98,3.25,9,3.835,0.49,1.87915,13869,7564,0,-,2
22:53:21.276,snap,default,bin.mt.plus.canary,discharging,1,42.4,56.4,85,95,1,24.23,1.98,3.25,0,3.847,0.492,1.892724,13869,7564,0,-,2
22:53:22.277,snap,default,bin.mt.plus.canary,discharging,1,42.4,56.4,85,95,1,21.65,1.62,2.66,7,3.842,0.394,1.5137479,8106,4162,0,-,2
22:53:23.277,snap,default,bin.mt.plus.canary,discharging,1,42.4,56.4,85,95,1,21.65,1.62,2.66,7,3.831,0.714,2.735334,8106,4162,0,-,2
22:53:24.278,snap,default,bin.mt.plus.canary,discharging,1,42.4,57.6,85,95,1,23.89,1.32,2.36,4,3.832,0.748,2.866336,19038,8758,0,-,2
22:53:25.278,snap,default,bin.mt.plus.canary,discharging,1,42.4,57.6,85,95,1,23.89,1.32,2.36,6,3.84,0.632,2.4268801,19038,8758,0,-,2
22:53:26.279,snap,default,bin.mt.plus.canary,discharging,1,42.4,55.2,85,95,1,22.82,1.08,1.93,7,3.848,0.482,1.854736,14177,7714,0,-,2
22:53:27.280,snap,default,bin.mt.plus.canary,discharging,1,42.4,55.2,85,95,1,20.68,0.89,1.58,0,3.851,0.44,1.69444,14177,7714,0,-,2
22:53:28.280,snap,default,bin.mt.plus.canary,discharging,1,42.4,56,85,95,1,20.68,0.89,1.58,7,3.837,0.656,2.517072,15038,9063,0,-,2
22:53:29.280,snap,default,bin.mt.plus.canary,discharging,1,42.4,56,85,95,1,19.83,0.72,1.29,9,3.842,0.67,2.57414,15038,9063,0,-,2
22:53:30.281,snap,default,bin.mt.plus.canary,discharging,1,42.4,56,85,95,1,19.83,0.72,1.29,9,3.833,0.652,2.499116,16225,10202,0,-,2
22:53:31.281,snap,default,bin.mt.plus.canary,discharging,1,42.4,56,85,95,1,18.77,0.59,1.06,10,3.839,0.55,2.11145,16225,10202,0,-,2
22:53:32.282,snap,default,bin.mt.plus.canary,discharging,1,42.4,54.8,85,95,1,18.77,0.59,1.06,9,3.834,0.59,2.26206,14316,8565,0,-,2
22:53:33.282,snap,default,bin.mt.plus.canary,discharging,1,42.4,54,85,95,1,17.55,0.48,0.86,0,3.851,0.378,1.455678,14316,8565,0,-,2
22:53:34.283,snap,default,bin.mt.plus.canary,discharging,1,42.4,54,85,95,1,17.55,0.48,0.86,7,3.835,0.492,1.8868201,9367,4537,0,-,2
22:53:35.283,snap,default,bin.mt.plus.canary,discharging,1,42.4,52.8,85,95,1,16.18,0.39,0.71,7,3.844,0.526,2.021944,9367,4537,0,-,2
22:53:36.283,snap,default,bin.mt.plus.canary,discharging,1,42.4,52.8,85,95,1,16.18,0.39,0.71,0,3.84,0.4,1.536,9367,4537,0,-,2
22:53:37.284,snap,default,bin.mt.plus.canary,discharging,1,42.4,52.8,85,95,1,15.6,0.5,0.58,11,3.84,0.4,1.536,7883,3231,0,-,2
22:53:38.283,snap,default,bin.mt.plus.canary,discharging,1,42.4,53.6,85,95,1,15.6,0.5,0.58,11,3.815,0.676,2.5789402,7883,3231,0,-,2
22:53:39.437,snap,default,bin.mt.plus.canary,discharging,1,42.4,53.6,85,95,1,19.66,0.77,1.38,7,3.749,2.266,8.4952345,20205,10501,0,-,2
22:53:40.454,snap,default,bin.mt.plus.canary,discharging,1,42.5,53.6,85,95,1,19.66,0.77,1.38,26,3.741,2.472,9.247751,20205,10501,0,-,2
22:53:41.456,snap,default,bin.mt.plus.canary,discharging,1,42.5,53.6,85,95,1,30.77,1.9,4.93,19,3.741,2.472,9.247751,52329,14558,0,-,2
22:53:42.468,snap,default,com.tencent.mobileqq,discharging,1,42.5,53.6,85,95,1,30.77,1.9,4.93,19,3.732,2.614,9.755448,52329,14558,0,-,2
22:53:43.468,snap,default,com.tencent.mobileqq,discharging,1,42.5,53.6,85,95,1,30.77,1.9,4.93,19,3.734,2.56,9.55904,51231,13117,0,-,2
22:53:44.469,snap,default,com.tencent.mobileqq,discharging,1,42.5,53.6,85,95,1,39.69,3.01,6.94,32,3.732,2.678,9.994296,51231,13117,0,-,2
22:53:45.473,snap,default,com.tencent.mobileqq,discharging,1,42.5,53.6,85,95,1,39.69,3.01,6.94,29,3.745,2.248,8.418759,44418,17253,0,-,2
22:53:46.476,snap,default,com.tencent.mobileqq,discharging,1,42.5,53.6,85,95,1,38.84,3.55,7.67,34,3.73,2.386,8.899779,44418,17253,0,-,2
22:53:47.474,snap,default,com.tencent.mobileqq,discharging,1,42.5,53.6,85,95,1,38.84,3.55,7.67,39,3.719,2.798,10.405763,59064,22579,0,-,2
22:53:48.476,snap,default,com.tencent.mobileqq,discharging,1,42.5,53.6,85,95,1,42.13,4.17,8.82,21,3.731,2.536,9.461816,59064,22579,0,-,2
22:53:49.721,snap,default,com.tencent.mobileqq,discharging,1,42.5,53.6,85,95,1,42.13,4.17,8.82,33,3.731,2.592,9.670752,36757,17910,0,-,2
22:53:50.720,snap,default,com.tencent.mobileqq,discharging,1,42.5,53.6,85,95,1,43.73,3.78,10.12,31,3.723,2.618,9.746814,36757,17910,0,-,2
22:53:51.720,snap,default,com.coolapk.market,discharging,1,42.6,53.6,85,95,1,43.73,3.78,10.12,38,3.732,2.55,9.5166,45772,13937,0,-,2
22:53:52.723,snap,default,com.coolapk.market,discharging,1,42.6,53.6,85,95,1,50.85,4.54,13.36,2,3.776,1.972,7.446272,45772,13937,0,-,2
22:53:53.723,snap,default,com.coolapk.market,discharging,1,42.6,53.6,85,95,1,47.79,4.26,12.38,2,3.785,1.344,5.08704,41412,15389,0,-,2
22:53:54.725,snap,default,com.coolapk.market,discharging,1,42.6,53.6,85,95,1,47.79,4.26,12.38,0,3.785,1.56,5.9046,41412,15389,0,-,2
22:53:55.723,snap,default,com.coolapk.market,discharging,1,42.6,53.6,85,95,1,43.84,3.67,10.14,0,3.796,1.01,3.83396,34614,16162,0,-,2
22:53:56.723,snap,default,com.coolapk.market,discharging,1,42.6,53.6,85,95,1,43.84,3.67,10.14,3,3.769,1.56,5.87964,34614,16162,0,-,2
22:53:57.724,snap,default,com.coolapk.market,discharging,1,42.6,56.6,85,95,1,38.8,3.55,8.85,0,3.823,0.93,3.55539,32608,13002,0,-,2
22:53:58.724,snap,default,com.coolapk.market,discharging,1,42.6,59.6,85,95,1,38.8,3.55,8.85,0,3.825,0.62,2.3715,32608,13002,0,-,2
22:53:59.725,snap,default,com.coolapk.market,discharging,1,42.6,62.6,85,95,1,33.94,3.08,7.24,0,3.823,0.672,2.569056,20167,7439,0,-,2
22:54:00.727,snap,default,com.coolapk.market,discharging,1,42.6,59.9,85,95,1,33.94,3.08,7.24,0,3.842,0.366,1.406172,20167,7439,0,-,2
22:54:01.727,snap,default,com.coolapk.market,discharging,1,42.6,57.2,85,95,1,29.42,2.52,5.93,0,3.836,0.388,1.488368,5519,2153,0,-,2
22:54:02.733,snap,default,com.coolapk.market,discharging,1,42.6,57.2,85,95,1,29.42,2.52,5.93,0,3.841,0.44,1.69004,5519,2153,0,-,2
22:54:03.729,snap,default,com.coolapk.market,discharging,1,42.6,57.2,85,95,1,30.61,2.79,7.57,25,3.751,2.044,7.6670437,24475,8986,0,-,2
22:54:04.730,snap,default,com.coolapk.market,discharging,1,42.6,60.2,85,95,1,30.61,2.79,7.57,25,3.823,1.122,4.289406,24475,8986,0,-,2
22:54:05.730,snap,default,com.coolapk.market,discharging,1,42.6,63.2,85,95,1,27.42,3.01,6.74,10,3.818,0.706,2.695508,17225,6665,0,-,2
22:54:06.730,snap,default,com.coolapk.market,discharging,1,42.6,66.2,85,95,1,27.42,3.01,6.74,0,3.758,1.842,6.922236,17225,6665,0,-,2
22:54:07.731,snap,default,com.coolapk.market,discharging,1,42.6,69.2,85,95,1,29.7,2.46,5.7,0,3.808,1.282,4.881856,41564,18021,0,-,2
22:54:08.731,snap,default,com.coolapk.market,discharging,1,42.6,71.4,85,95,1,29.7,2.46,5.7,50,3.723,2.554,9.508542,41564,18021,0,-,2
22:54:09.743,snap,default,com.coolapk.market,discharging,1,42.6,71.4,85,95,1,34.28,2.38,6.84,80,3.709,3.096,11.483065,34656,16206,0,-,2
22:54:10.740,snap,default,com.coolapk.market,discharging,1,42.6,71.4,85,95,1,34.28,2.38,6.84,78,3.698,3.174,11.737452,34656,16206,0,-,2
22:54:11.741,snap,default,com.coolapk.market,discharging,1,42.6,71.4,85,95,1,40.57,2.31,6.87,79,3.718,2.932,10.9011755,32256,16449,0,-,2
22:54:12.742,snap,default,com.coolapk.market,discharging,1,42.6,71.4,85,95,1,40.57,2.31,6.87,73,3.725,2.746,10.22885,32256,16449,0,-,2
22:54:13.742,snap,default,com.coolapk.market,discharging,1,42.6,71.4,85,95,1,39.2,2.07,5.81,75,3.719,2.65,9.8553505,32256,16449,0,-,2
22:54:14.742,snap,default,com.coolapk.market,discharging,1,42.6,71.4,85,95,1,39.2,2.07,5.81,74,3.71,2.82,10.4622,29426,16718,0,-,2
22:54:15.742,snap,default,com.coolapk.market,discharging,1,42.6,74.4,85,95,1,42.24,1.88,5.11,79,3.749,2.386,8.945114,29426,16718,0,-,2
22:54:16.742,snap,default,com.coolapk.market,discharging,1,42.6,77.4,85,95,1,42.24,1.88,5.11,36,3.787,0.954,3.612798,34824,17626,0,-,2
22:54:17.742,snap,default,com.coolapk.market,discharging,1,42.7,74.4,85,95,1,38.39,1.72,4.19,48,3.787,0.954,3.612798,34824,17626,0,-,2
22:54:18.742,snap,default,com.coolapk.market,discharging,1,42.7,72.6,85,95,1,38.39,1.72,4.19,48,3.781,1.254,4.7413735,21731,12742,0,-,2
22:54:19.743,snap,default,com.coolapk.market,discharging,1,42.7,69.6,85,95,1,38.39,1.72,4.19,48,3.795,1.138,4.3187103,21731,12742,0,-,2
22:54:20.743,snap,default,com.coolapk.market,discharging,1,42.7,68.6,85,95,1,34.52,1.77,3.79,25,3.801,0.95,3.61095,21459,9469,0,-,2
22:54:21.748,snap,default,com.coolapk.market,discharging,1,42.7,68.6,85,95,1,34.52,1.77,3.79,0,3.758,1.406,5.283748,21459,9469,0,-,2
22:54:22.747,snap,default,com.coolapk.market,discharging,1,42.7,69.4,85,95,1,32.07,1.99,3.83,0,3.782,1.12,4.2358403,26150,11559,0,-,2
22:54:23.755,snap,default,com.coolapk.market,discharging,1,42.7,69.4,85,95,1,32.07,1.99,3.83,66,3.709,2.966,11.000895,26150,11559,0,-,2
22:54:24.759,snap,default,com.coolapk.market,discharging,1,42.7,69.4,85,95,1,37.13,1.63,4.04,79,3.711,2.936,10.895496,29714,17426,0,-,2
22:54:25.757,snap,default,com.coolapk.market,discharging,1,42.7,69.4,85,95,1,37.13,1.63,4.04,79,3.712,2.846,10.564351,29714,17426,0,-,2
22:54:26.759,snap,default,com.coolapk.market,discharging,1,42.7,72.4,85,95,1,42.72,1.51,3.31,72,3.752,2.442,9.162384,33851,17376,0,-,2
22:54:27.760,snap,default,com.coolapk.market,discharging,1,42.7,75.4,85,95,1,41.32,1.42,2.89,42,3.756,1.666,6.257496,33851,17376,0,-,2
22:54:28.760,snap,default,com.coolapk.market,discharging,1,42.7,72.4,85,95,1,41.32,1.42,2.89,36,3.822,0.87,3.32514,21158,11885,0,-,2
22:54:29.760,snap,default,com.coolapk.market,discharging,1,42.7,69.4,85,95,1,36.55,1.34,2.36,36,3.795,1.074,4.07583,21158,11885,0,-,2
22:54:30.762,snap,default,com.coolapk.market,discharging,1,42.7,66.7,85,95,1,36.55,1.34,2.36,0,3.804,0.758,2.883432,15459,8065,0,-,2
22:54:31.763,snap,default,com.coolapk.market,discharging,1,42.7,66.3,85,95,1,34.28,1.28,2.12,34,3.808,1.136,4.325888,15459,8065,0,-,2
22:54:32.763,snap,default,com.coolapk.market,discharging,1,42.7,66.3,85,95,1,34.28,1.28,2.12,34,3.792,0.94,3.56448,20778,10339,0,-,2
22:54:33.763,snap,default,com.coolapk.market,discharging,1,42.7,64.7,85,95,1,31.69,1.23,1.91,0,3.805,0.716,2.72438,20778,10339,0,-,2
22:54:34.764,snap,default,com.coolapk.market,discharging,1,42.7,64.3,85,95,1,31.69,1.23,1.91,28,3.826,0.834,3.1908839,20900,8946,0,-,2
22:54:35.764,snap,default,com.coolapk.market,discharging,1,42.7,61.5,85,95,1,28.48,1.37,1.75,28,3.834,0.66,2.53044,20900,8946,0,-,2
22:54:36.765,snap,default,com.coolapk.market,discharging,1,42.7,61.5,85,95,1,28.48,1.37,1.75,33,3.796,0.872,3.310112,20393,9548,0,-,2
22:54:37.765,snap,default,com.coolapk.market,discharging,1,42.7,63.1,85,95,1,28.21,1.48,1.43,33,3.802,1.246,4.7372923,20393,9548,0,-,2
22:54:38.765,snap,default,com.coolapk.market,discharging,1,42.7,66.1,85,95,1,28.21,1.48,1.43,43,3.779,1.28,4.83712,22282,13343,0,-,2
22:54:39.765,snap,default,com.coolapk.market,discharging,1,42.7,69.1,85,95,1,27.27,1.39,1.17,44,3.79,1.38,5.2302,22282,13343,0,-,2
22:54:40.766,snap,default,com.coolapk.market,discharging,1,42.7,70.2,85,95,1,27.27,1.39,1.17,17,3.81,1.104,4.2062397,22282,13343,0,-,2
22:54:41.767,snap,default,com.coolapk.market,discharging,1,42.7,67.2,85,95,1,27.58,1.14,0.96,26,3.818,0.878,3.352204,31106,15890,0,-,2
22:54:42.767,snap,default,com.coolapk.market,discharging,1,42.7,65.1,85,95,1,27.58,1.14,0.96,0,3.798,1.022,3.881556,31106,15890,0,-,2
22:54:43.767,snap,default,com.coolapk.market,discharging,1,42.8,62.7,85,95,1,27.29,0.93,0.78,0,3.83,0.61,2.3363,26034,11771,0,-,2
22:54:44.768,snap,default,com.coolapk.market,discharging,1,42.8,61.9,85,95,1,27.29,0.93,0.78,31,3.82,0.75,2.865,26034,11771,0,-,2
22:54:45.768,snap,default,com.coolapk.market,discharging,1,42.8,60.3,85,95,1,25.07,0.76,0.64,0,3.829,0.716,2.741564,16458,8843,0,-,2
22:54:46.769,snap,default,com.coolapk.market,discharging,1,42.8,59.6,85,95,1,25.07,0.76,0.64,14,3.811,0.716,2.728676,16458,8843,0,-,2
22:54:47.769,snap,default,com.coolapk.market,discharging,1,42.8,60.3,85,95,1,23.78,0.8,0.52,11,3.806,1.022,3.889732,20205,11550,0,-,2
22:54:48.769,snap,default,com.coolapk.market,discharging,1,42.8,60.7,85,95,1,23.78,0.8,0.52,24,3.812,0.986,3.758632,20205,11550,0,-,2
22:54:49.769,snap,default,com.coolapk.market,discharging,1,42.8,60.7,85,95,1,22.92,1.02,0.79,24,3.812,0.986,3.758632,22350,12414,0,-,2
22:54:50.770,snap,default,com.coolapk.market,discharging,1,42.8,60.7,85,95,1,22.92,1.02,0.79,24,3.817,0.858,3.2749858,22350,12414,0,-,2
22:54:51.770,snap,default,com.coolapk.market,discharging,1,42.8,58.4,85,95,1,22.92,1.02,0.79,24,3.842,0.482,1.851844,14568,8087,0,-,2
22:54:52.770,snap,default,com.coolapk.market,discharging,1,42.8,57.2,85,95,1,20.76,0.83,0.64,27,3.822,0.69,2.63718,14568,8087,0,-,2
22:54:53.770,snap,default,com.coolapk.market,discharging,1,42.8,58.4,85,95,1,20.76,0.83,0.64,27,3.84,0.458,1.7587199,15788,8362,0,-,2
22:54:54.771,snap,default,com.coolapk.market,discharging,1,42.8,56.8,85,95,1,20.08,0.68,0.53,29,3.82,0.902,3.44564,15788,8362,0,-,2
22:54:55.770,snap,default,com.coolapk.market,discharging,1,42.8,58.4,85,95,1,20.08,0.68,0.53,31,3.841,0.5,1.9205,13499,8589,0,-,2
22:54:56.771,snap,default,com.coolapk.market,discharging,1,42.8,56,85,95,1,18.97,0.56,0.43,0,3.817,0.722,2.755874,13499,8589,0,-,2
22:54:57.773,snap,default,com.coolapk.market,discharging,1,42.8,55.6,85,95,1,18.97,0.56,0.43,0,3.842,0.474,1.821108,10073,5305,0,-,2
22:54:58.774,snap,default,com.coolapk.market,discharging,1,42.8,54.8,85,95,1,17.89,0.45,0.35,25,3.844,0.376,1.445344,10073,5305,0,-,2
22:54:59.776,snap,default,com.coolapk.market,discharging,1,42.8,54,85,95,1,16.28,0.37,0.29,25,3.847,0.366,1.4080019,6613,2681,0,-,2
22:55:00.776,snap,default,com.coolapk.market,discharging,1,42.8,54,85,95,1,16.28,0.37,0.29,0,3.845,0.332,1.2765399,6613,2681,0,-,2
22:55:01.777,snap,default,com.coolapk.market,discharging,1,42.8,53.2,85,95,1,15.14,0.3,0.23,0,3.842,0.404,1.552168,6609,2223,0,-,2
22:55:02.778,snap,default,com.coolapk.market,discharging,1,42.8,53.2,85,95,1,15.14,0.3,0.23,0,3.847,0.326,1.254122,6609,2223,0,-,2
22:55:03.779,snap,default,com.coolapk.market,discharging,1,42.8,53.2,85,95,1,13.66,0.25,0.19,0,3.847,0.334,1.2848979,7134,2671,0,-,2
22:55:04.779,snap,default,com.coolapk.market,discharging,1,42.8,53.2,85,95,1,13.66,0.25,0.19,0,3.838,0.5,1.919,7134,2671,0,-,2
22:55:05.780,snap,default,com.coolapk.market,discharging,1,42.8,56,85,95,1,13.91,0.2,0.15,0,3.812,0.874,3.3316882,14450,7733,0,-,2
22:55:06.780,snap,default,com.coolapk.market,discharging,1,42.8,58.8,85,95,1,13.91,0.2,0.15,25,3.793,1.094,4.149542,14450,7733,0,-,2
22:55:07.780,snap,default,com.coolapk.market,discharging,1,42.8,59.2,85,95,1,15.01,0.16,0.12,26,3.836,0.658,2.524088,14450,7733,0,-,2
22:55:08.782,snap,default,com.coolapk.market,discharging,1,42.8,60.7,85,95,1,15.01,0.16,0.12,39,3.804,1.136,4.321344,21965,11014,0,-,2
22:55:09.786,snap,default,com.coolapk.market,discharging,1,42.8,63.7,85,95,1,17,0.5,0.83,42,3.766,1.868,7.0348883,21965,11014,0,-,2
22:55:10.783,snap,default,com.android.launcher,discharging,1,42.8,64.7,85,95,1,17,0.5,0.83,49,3.792,1.596,6.052032,32925,16999,0,-,2
22:55:11.783,snap,default,com.android.launcher,discharging,1,42.8,67.1,85,95,1,18.63,0.95,1.04,0,3.777,1.492,5.635284,32925,16999,0,-,2
22:55:12.784,snap,default,com.android.launcher,discharging,1,42.8,68.6,85,95,1,18.63,0.95,1.04,21,3.77,1.782,6.7181396,33779,13345,0,-,2
22:55:13.783,snap,default,com.coolapk.market,discharging,1,42.8,71.4,85,95,1,21.77,0.96,1.03,42,3.759,2.066,7.766094,33779,13345,0,-,2
22:55:14.784,snap,default,com.coolapk.market,discharging,1,42.8,71.4,85,95,1,21.77,0.96,1.03,39,3.817,1.112,4.244504,34442,18189,0,-,2
22:55:15.784,snap,default,com.coolapk.market,discharging,1,42.8,69,85,95,1,21.27,0.96,1.02,0,3.796,1.374,5.215704,34442,18189,0,-,2
22:55:16.784,snap,default,com.coolapk.market,discharging,1,42.8,66,85,95,1,21.27,0.96,1.02,40,3.794,1.14,4.32516,22415,10815,0,-,2
22:55:17.784,snap,default,com.coolapk.market,discharging,1,42.8,65.5,85,95,1,20.13,0.97,0.84,23,3.812,1,3.812,22415,10815,0,-,2
22:55:18.825,snap,default,com.coolapk.market,discharging,1,42.9,65.5,85,95,1,20.13,0.97,0.84,40,3.808,1.246,4.744768,20535,11269,0,-,2
22:55:19.825,snap,default,com.coolapk.market,discharging,1,42.9,68.5,85,95,1,21.92,0.97,0.87,8,3.808,1.246,4.744768,20535,11269,0,-,2
22:55:20.826,snap,default,com.coolapk.market,discharging,1,42.9,69.4,85,95,1,21.92,0.97,0.87,8,3.783,1.432,5.4172564,27360,13225,0,-,2
22:55:21.859,snap,default,com.coolapk.market,discharging,1,42.9,66.4,85,95,1,21.92,0.97,0.87,8,3.826,0.93,3.55818,27360,13225,0,-,2
22:55:22.860,snap,default,com.coolapk.market,discharging,1,42.9,63.4,85,95,1,20.3,0.8,0.89,0,3.82,0.758,2.89556,15350,6326,0,-,2
22:55:23.861,snap,default,com.coolapk.market,discharging,1,42.9,63.1,85,95,1,20.3,0.8,0.89,11,3.805,1.242,4.72581,15350,6326,0,-,2
22:55:24.861,snap,default,com.coolapk.market,discharging,1,42.9,63.1,85,95,1,20.43,0.83,0.91,29,3.764,1.674,6.300936,28785,15184,0,-,2
22:55:25.861,snap,default,com.coolapk.market,discharging,1,42.9,66.1,85,95,1,20.43,0.83,0.91,30,3.749,2.142,8.030358,28785,15184,0,-,2
22:55:26.861,snap,default,com.coolapk.market,discharging,1,42.9,67.8,85,95,1,23.61,0.86,0.74,30,3.821,1.184,4.524064,33533,18517,0,-,2
22:55:27.861,snap,default,com.coolapk.market,discharging,1,42.9,66.3,85,95,1,23.61,0.86,0.74,31,3.807,1.052,4.004964,33533,18517,0,-,2
22:55:28.861,snap,default,com.coolapk.market,discharging,1,42.9,64.7,85,95,1,22.77,0.71,0.61,0,3.831,0.626,2.398206,25884,10627,0,-,2
22:55:29.863,snap,default,com.coolapk.market,discharging,1,42.9,63.1,85,95,1,22.63,0.58,0.5,30,3.794,0.946,3.5891237,25884,10627,0,-,2
22:55:30.862,snap,default,com.coolapk.market,discharging,1,42.9,63.5,85,95,1,22.63,0.58,0.5,19,3.816,0.834,3.182544,23044,13815,0,-,2
22:55:31.862,snap,default,com.coolapk.market,discharging,1,42.9,63.5,85,95,1,22.34,0.47,0.41,33,3.79,1.124,4.2599597,23044,13815,0,-,2
22:55:32.862,snap,default,com.coolapk.market,discharging,1,42.9,65.5,85,95,1,22.34,0.47,0.41,30,3.751,1.738,6.519238,33087,17561,0,-,2
22:55:33.862,snap,default,com.coolapk.market,discharging,1,42.9,65.9,85,95,1,23.54,0.38,0.33,23,3.814,0.852,3.249528,33087,17561,0,-,2
22:55:34.862,snap,default,com.coolapk.market,discharging,1,42.9,65.5,85,95,1,23.54,0.38,0.33,24,3.799,1.072,4.0725284,33087,17561,0,-,2
22:55:35.862,snap,default,com.coolapk.market,discharging,1,42.9,65.9,85,95,1,22.54,0.31,0.27,11,3.816,0.794,3.0299041,29385,14250,0,-,2
22:55:36.863,snap,default,com.coolapk.market,discharging,1,42.9,64.7,85,95,1,22.54,0.31,0.27,7,3.794,1.146,4.347924,29385,14250,0,-,2
22:55:37.863,snap,default,com.coolapk.market,discharging,1,42.9,64.7,85,95,1,22.98,0.26,0.22,7,3.828,0.996,3.812688,28740,16140,0,-,2
22:55:38.864,snap,default,com.coolapk.market,discharging,1,42.9,61.9,85,95,1,22.98,0.26,0.22,21,3.818,0.828,3.161304,28740,16140,0,-,2
22:55:39.867,snap,default,com.coolapk.market,discharging,1,42.9,61.9,85,95,1,21.72,0.21,0.18,22,3.814,0.63,2.4028199,16353,9421,0,-,2
22:55:40.868,snap,default,com.coolapk.market,discharging,1,42.9,61.9,85,95,1,21.72,0.21,0.18,24,3.779,1.362,5.146998,16353,9421,0,-,2
22:55:41.868,snap,default,com.coolapk.market,discharging,1,42.9,61.9,85,95,1,22.13,0.17,0.33,27,3.836,0.584,2.240224,24813,16637,0,-,2
22:55:42.868,snap,default,com.coolapk.market,discharging,1,42.9,61.9,85,95,1,22.13,0.17,0.33,31,3.8,1.03,3.9139998,24813,16637,0,-,2
22:55:43.868,snap,default,com.coolapk.market,discharging,1,43,61.1,85,95,1,22.11,0.14,0.27,29,3.797,1.054,4.002038,21365,12902,0,-,2
22:55:44.869,snap,default,com.coolapk.market,discharging,1,43,62.3,85,95,1,22.11,0.14,0.27,29,3.801,0.782,2.972382,21365,12902,0,-,2
22:55:45.868,snap,default,com.coolapk.market,discharging,1,43,60.7,85,95,1,21.54,0.11,0.22,29,3.817,0.978,3.7330258,23858,14390,0,-,2
22:55:46.882,snap,default,com.coolapk.market,discharging,1,43,59.9,85,95,1,21.54,0.11,0.22,15,3.819,0.686,2.619834,23858,14390,0,-,2
22:55:47.882,snap,default,com.coolapk.market,discharging,1,43,59.9,85,95,1,20.54,0.09,0.18,18,3.824,0.806,3.0821438,19632,9898,0,-,2
22:55:48.882,snap,default,com.coolapk.market,discharging,1,43,59.9,85,95,1,20.54,0.09,0.18,18,3.827,0.738,2.8243258,19632,9898,0,-,2
22:55:49.883,snap,default,com.coolapk.market,discharging,1,43,61.5,85,95,1,20.08,0.07,0.14,37,3.801,1.294,4.918494,23723,14700,0,-,2
22:55:50.884,snap,default,com.coolapk.market,discharging,1,43,64.5,85,95,1,20.08,0.07,0.14,20,3.828,1.014,3.8815923,23723,14700,0,-,2
22:55:51.885,snap,default,com.coolapk.market,discharging,1,43,66.3,85,95,1,21.33,0.06,0.12,32,3.828,1.014,3.8815923,24793,12974,0,-,2
22:55:52.886,snap,default,com.coolapk.market,discharging,1,43,69,85,95,1,21.33,0.06,0.12,32,3.784,1.672,6.326848,24793,12974,0,-,2
22:55:53.886,snap,default,com.coolapk.market,discharging,1,43,69,85,95,1,21.33,0.06,0.12,51,3.769,1.844,6.950036,31613,14307,0,-,2
22:55:54.894,snap,default,com.coolapk.market,discharging,1,43,67.4,85,95,1,22.72,0.41,0.28,0,3.815,1.008,3.84552,31613,14307,0,-,2
22:55:55.895,snap,default,com.coolapk.market,discharging,1,43,67.4,85,95,1,22.72,0.41,0.28,28,3.793,1.566,5.939838,33704,16283,0,-,2
22:55:56.896,snap,default,com.coolapk.market,discharging,1,43,70.4,85,95,1,23.13,0.33,0.22,27,3.747,1.976,7.404072,33704,16283,0,-,2
22:55:57.897,snap,default,com.tencent.mobileqq,discharging,1,43,73.4,85,95,1,23.13,0.33,0.22,20,3.768,2.098,7.905264,42986,17941,0,-,2
22:55:58.897,snap,default,com.tencent.mobileqq,discharging,1,43,70.4,85,95,1,27.82,1.54,0.73,30,3.806,1.166,4.437796,42986,17941,0,-,2
22:55:59.897,snap,default,com.tencent.mobileqq,discharging,1,43,67.4,85,95,1,27.82,1.54,0.73,23,3.813,0.94,3.58422,15741,8687,0,-,2
22:56:00.898,snap,default,com.tencent.mobileqq,discharging,1,43,64.4,85,95,1,24.95,1.44,0.78,4,3.831,0.548,2.099388,15741,8687,0,-,2
22:56:01.898,snap,default,com.tencent.mobileqq,discharging,1,43,61.4,85,95,1,22.78,1.18,0.63,4,3.819,0.678,2.5892818,15741,8687,0,-,2
22:56:02.898,snap,default,com.tencent.mobileqq,discharging,1,43,58.8,85,95,1,22.78,1.18,0.63,5,3.82,0.77,2.9413998,14662,8895,0,-,2
22:56:03.900,snap,default,com.tencent.mobileqq,discharging,1,43,59.6,85,95,1,21.37,1.15,0.52,7,3.831,0.582,2.2296422,14662,8895,0,-,2
22:56:04.900,snap,default,com.tencent.mobileqq,discharging,1,43.1,59.9,85,95,1,21.37,1.15,0.52,7,3.791,1.128,4.276248,16791,8489,0,-,2
22:56:05.900,snap,default,com.tencent.mobileqq,discharging,1,43.1,59.9,85,95,1,22.75,1.3,1.51,6,3.819,0.914,3.490566,16791,8489,0,-,2
22:56:06.901,snap,default,com.tencent.mobileqq,discharging,1,43.1,59.6,85,95,1,22.75,1.3,1.51,10,3.819,0.742,2.833698,17461,8235,0,-,2
22:56:07.902,snap,default,com.tencent.mobileqq,discharging,1,43.1,58.8,85,95,1,20.99,1.06,1.24,12,3.829,0.58,2.22082,17461,8235,0,-,2
22:56:08.902,snap,default,com.tencent.mobileqq,discharging,1,43.1,58.4,85,95,1,20.99,1.06,1.24,12,3.828,0.63,2.41164,13043,7085,0,-,2
22:56:09.903,snap,default,com.tencent.mobileqq,discharging,1,43.1,57.2,85,95,1,19.36,0.87,1.01,12,3.83,0.594,2.27502,13043,7085,0,-,2
22:56:10.903,snap,default,com.tencent.mobileqq,discharging,1,43.1,57.2,85,95,1,19.36,0.87,1.01,10,3.813,0.808,3.080904,15765,8831,0,-,2
22:56:11.903,snap,default,com.tencent.mobileqq,discharging,1,43.1,57.2,85,95,1,18.2,0.89,0.83,12,3.831,0.634,2.428854,15765,8831,0,-,2
22:56:12.904,snap,default,com.tencent.mobileqq,discharging,1,43.1,57.2,85,95,1,18.2,0.89,0.83,11,3.831,0.572,2.191332,15461,8530,0,-,2
22:56:13.904,snap,default,com.tencent.mobileqq,discharging,1,43.1,56,85,95,1,17.08,0.73,0.68,7,3.833,0.494,1.8935019,15461,8530,0,-,2
22:56:14.904,snap,default,com.tencent.mobileqq,discharging,1,43.1,55.6,85,95,1,17.08,0.73,0.68,7,3.835,0.544,2.08624,11518,6058,0,-,2
22:56:15.904,snap,default,com.tencent.mobileqq,discharging,1,43.1,55.6,85,95,1,15.43,0.6,0.55,8,3.832,0.564,2.161248,11518,6058,0,-,2
22:56:16.904,snap,default,com.tencent.mobileqq,discharging,1,43.1,55.6,85,95,1,15.43,0.6,0.55,13,3.821,0.64,2.44544,12063,6306,0,-,2
22:56:17.904,snap,default,com.tencent.mobileqq,discharging,1,43.1,55.6,85,95,1,14.81,0.49,0.45,13,3.832,0.504,1.931328,12063,6306,0,-,2
22:56:18.905,snap,default,com.tencent.mobileqq,discharging,1,43.1,55.2,85,95,1,14.81,0.49,0.45,11,3.83,0.558,2.13714,11507,6693,0,-,2
22:56:19.905,snap,default,com.tencent.mobileqq,discharging,1,43.1,55.2,85,95,1,14.12,0.4,0.37,11,3.82,0.546,2.08572,11507,6693,0,-,2
22:56:20.905,snap,default,com.tencent.mobileqq,discharging,1,43.1,54,85,95,1,14.12,0.4,0.37,8,3.82,0.546,2.08572,12066,6172,0,-,2
22:56:21.905,snap,default,com.tencent.mobileqq,discharging,1,43.1,55.2,85,95,1,14.12,0.4,0.37,8,3.823,0.544,2.0797122,12066,6172,0,-,2
22:56:22.905,snap,default,com.tencent.mobileqq,discharging,1,43.1,56,85,95,1,15.18,0.32,0.3,6,3.8,1.144,4.3472,21406,8291,0,-,2
22:56:23.906,snap,default,com.tencent.mobileqq,discharging,1,43.1,56,85,95,1,15.18,0.32,0.3,10,3.823,0.76,2.90548,21406,8291,0,-,2
22:56:24.906,snap,default,com.tencent.mobileqq,discharging,1,43.1,54.8,85,95,1,14.79,0.45,0.24,11,3.83,0.5,1.915,10595,5948,0,-,2
22:56:25.906,snap,default,com.tencent.mobileqq,discharging,1,43.1,54,85,95,1,14.79,0.45,0.24,8,3.834,0.488,1.8709921,10595,5948,0,-,2
22:56:26.907,snap,default,com.tencent.mobileqq,discharging,1,43,54,85,95,1,14.1,0.36,0.2,4,3.835,0.5,1.9175,9696,5257,0,-,2
22:56:27.907,snap,default,com.tencent.mobileqq,discharging,1,43,54,85,95,1,14.1,0.36,0.2,4,3.833,0.51,1.9548299,9696,5257,0,-,2
22:56:28.907,snap,default,com.tencent.mobileqq,discharging,1,43,54.4,85,95,1,13.36,0.3,0.34,5,3.829,0.598,2.289742,9696,5257,0,-,2
22:56:29.907,snap,default,com.tencent.mobileqq,discharging,1,43,54.4,85,95,1,13.36,0.3,0.34,13,3.827,0.564,2.158428,12262,6620,0,-,2
22:56:30.908,snap,default,com.tencent.mobileqq,discharging,1,43,54.4,85,95,1,12.93,0.24,0.28,13,3.833,0.514,1.9701619,12262,6620,0,-,2
22:56:31.908,snap,default,com.tencent.mobileqq,discharging,1,43,54,85,95,1,12.93,0.24,0.28,10,3.831,0.532,2.0380921,11004,6364,0,-,2
22:56:32.908,snap,default,com.tencent.mobileqq,discharging,1,43,53.6,85,95,1,12.58,0.2,0.23,9,3.837,0.518,1.987566,11004,6364,0,-,2
22:56:33.909,snap,default,com.tencent.mobileqq,discharging,1,43,53.6,85,95,1,12.47,0.16,0.19,9,3.833,0.506,1.939498,11312,6371,0,-,2
22:56:34.909,snap,default,com.tencent.mobileqq,discharging,1,43,53.6,85,95,1,12.47,0.16,0.19,7,3.828,0.562,2.151336,11312,6371,0,-,2
22:56:35.909,snap,default,com.tencent.mobileqq,discharging,1,43,54,85,95,1,12.02,0.13,0.15,9,3.833,0.562,2.154146,10441,5788,0,-,2
22:56:36.909,snap,default,com.tencent.mobileqq,discharging,1,42.9,54,85,95,1,12.02,0.13,0.15,11,3.835,0.518,1.9865301,10441,5788,0,-,2
22:56:37.910,snap,default,com.tencent.mobileqq,discharging,1,42.9,52.8,85,95,1,12.02,0.11,0.12,8,3.835,0.582,2.23197,12220,7053,0,-,2
22:56:38.910,snap,default,com.tencent.mobileqq,discharging,1,42.9,52.8,85,95,1,12.02,0.11,0.12,5,3.835,0.496,1.9021599,12220,7053,0,-,2
22:56:39.910,snap,default,com.tencent.mobileqq,discharging,1,42.9,52.4,85,95,1,11.65,0.09,0.1,4,3.839,0.422,1.620058,9167,4982,0,-,2
22:56:40.910,snap,default,com.tencent.mobileqq,discharging,1,42.9,52.4,85,95,1,11.65,0.09,0.1,4,3.834,0.47,1.80198,9167,4982,0,-,2
22:56:41.910,snap,default,com.tencent.mobileqq,discharging,1,42.9,52.4,85,95,1,11.35,0.07,0.08,5,3.833,0.544,2.0851521,9421,5304,0,-,2
22:56:42.910,snap,default,com.tencent.mobileqq,discharging,1,42.9,52.4,85,95,1,11.35,0.07,0.08,12,3.833,0.576,2.2078078,9421,5304,0,-,2
22:56:43.911,snap,default,com.tencent.mobileqq,discharging,1,42.9,52.8,85,95,1,11.29,0.06,0.06,12,3.83,0.51,1.9532999,11677,6385,0,-,2
22:56:44.911,snap,default,com.tencent.mobileqq,discharging,1,42.9,52.4,85,95,1,11.29,0.06,0.06,7,3.838,0.512,1.9650562,11677,6385,0,-,2
22:56:45.912,snap,default,com.tencent.mobileqq,discharging,1,42.9,52.8,85,95,1,10.87,0.04,0.05,5,3.831,0.464,1.777584,9352,4817,0,-,2
22:56:46.912,snap,default,com.tencent.mobileqq,discharging,1,42.9,52.8,85,95,1,10.87,0.04,0.05,6,3.818,0.756,2.886408,9352,4817,0,-,2
22:56:47.912,snap,default,com.tencent.mobileqq,discharging,1,42.7,55.8,85,95,1,11.8,0.22,1.67,11,3.818,0.916,3.497288,19012,10173,0,-,2
22:56:48.913,snap,default,com.tencent.mobileqq,discharging,1,42.7,56,85,95,1,11.8,0.22,1.67,14,3.819,0.798,3.047562,19012,10173,0,-,2
22:56:49.913,snap,default,com.tencent.mobileqq,discharging,1,42.7,54.8,85,95,1,12.56,0.18,1.73,12,3.826,0.684,2.6169841,17269,10525,0,-,2
22:56:50.914,snap,default,com.tencent.mobileqq,discharging,1,42.7,54.8,85,95,1,12.56,0.18,1.73,9,3.826,0.684,2.6169841,17269,10525,0,-,2
22:56:51.914,snap,default,com.tencent.mobileqq,discharging,1,42.7,54.8,85,95,1,12.56,0.18,1.73,9,3.828,0.704,2.694912,14645,8115,0,-,2
22:56:52.914,snap,default,com.tencent.mobileqq,discharging,1,42.7,55.2,85,95,1,12.64,0.14,1.42,4,3.827,0.73,2.79371,14645,8115,0,-,2
22:56:53.915,snap,default,com.tencent.mobileqq,discharging,1,42.7,55.2,85,95,1,12.64,0.14,1.42,8,3.822,0.738,2.820636,14645,8115,0,-,2
22:56:54.916,snap,default,com.tencent.mobileqq,discharging,1,42.7,55.2,85,95,1,13.07,0.12,2.06,9,3.825,0.802,3.06765,15612,8401,0,-,2
22:56:56.529,snap,default,com.tencent.mobileqq,discharging,0,42.7,55.2,85,95,1,13.78,0.28,1.69,5,3.781,1.31,4.9531097,15612,8401,0,-,3
22:56:57.588,snap,default,com.tencent.mobileqq,discharging,1,42.7,56.4,85,95,1,13.78,0.28,1.69,15,3.804,1.192,4.534368,27444,10408,0,-,3
22:56:58.590,snap,default,com.tencent.mobileqq,discharging,1,42.6,56.4,85,95,1,21.25,0.59,3.74,15,3.831,0.506,1.938486,18943,5785,0,-,3
22:56:59.590,snap,default,com.tencent.mobileqq,discharging,1,42.6,53.6,85,95,1,21.25,0.59,3.74,0,3.839,0.406,1.5586339,18943,5785,0,-,4
22:57:00.590,snap,default,com.tencent.mobileqq,discharging,1,42.6,52.4,85,95,1,18.66,0.66,3.06,0,3.841,0.336,1.290576,5130,1883,0,-,4
22:57:01.591,snap,default,com.tencent.mobileqq,discharging,1,42.6,52.1,85,95,1,18.66,0.66,3.06,0,3.842,0.33,1.26786,5130,1883,0,-,3
22:57:02.591,snap,default,com.tencent.mobileqq,discharging,1,42.6,51.3,85,95,1,18.36,0.9,2.5,15,3.84,0.484,1.85856,7921,3771,0,-,3
22:57:03.727,snap,default,com.tencent.mobileqq,discharging,0,42.6,50.9,85,95,1,18.11,0.74,2.05,0,3.849,0.244,0.939156,7921,3771,0,-,1
22:57:04.728,snap,default,com.tencent.mobileqq,discharging,0,42.5,50.1,85,95,1,18.11,0.74,2.05,0,3.847,0.216,0.830952,5007,1942,0,-,1
22:57:05.729,snap,default,com.tencent.mobileqq,discharging,0,42.5,49.7,85,95,1,16.82,0.6,1.68,0,3.85,0.204,0.7854,5007,1942,0,-,1
22:57:06.729,snap,default,com.tencent.mobileqq,discharging,0,42.5,49.3,85,95,1,16.82,0.6,1.68,0,3.844,0.284,1.091696,5837,1782,0,-,1
22:57:07.730,snap,default,com.tencent.mobileqq,discharging,0,42.5,49.3,85,95,1,15.59,1.04,1.37,0,3.845,0.274,1.05353,5837,1782,0,-,1
22:57:08.730,snap,default,com.tencent.mobileqq,discharging,0,42.5,49.3,85,95,1,15.59,1.04,1.37,0,3.847,0.248,0.95405596,3855,1197,0,-,1
22:57:09.730,snap,default,com.tencent.mobileqq,discharging,0,42.5,49.3,85,95,1,14.94,1.39,1.12,0,3.845,0.292,1.12274,3855,1197,0,-,1
22:57:10.730,snap,default,com.tencent.mobileqq,discharging,0,42.5,49.3,85,95,1,14.94,1.39,1.12,0,3.848,0.23,0.88504004,6332,2868,0,-,1
22:57:12.420,snap,default,com.tencent.mobileqq,discharging,0,42.5,49.3,85,95,1,13.68,1.86,0.92,0,3.857,0.146,0.56312203,6332,2868,0,-,1
22:57:13.972,snap,default,com.tencent.mobileqq,discharging,1,42.5,49.3,85,95,1,13.68,1.86,0.92,0,3.826,0.576,2.203776,6332,2868,0,-,2
22:57:15.575,snap,default,com.tencent.mobileqq,discharging,1,42.4,51.7,85,95,1,21.71,1.89,0.75,8,3.812,0.966,3.6823921,6332,2868,0,-,2
22:57:16.575,snap,default,com.tencent.mobileqq,discharging,1,42.4,51.7,85,95,1,32.08,1.91,1.34,3,3.796,1.348,5.117008,22357,8254,0,-,2
22:57:17.575,snap,default,com.tencent.mobileqq,discharging,1,42.4,51.7,85,95,1,32.08,1.91,1.34,26,3.779,2.02,7.63358,30382,11162,0,-,2
22:57:18.575,snap,default,com.tencent.mobileqq,discharging,1,42.4,54.7,85,95,1,39.13,1.74,1.82,30,3.779,2.02,7.63358,30382,11162,0,-,2
22:57:19.579,snap,default,com.tencent.mobileqq,discharging,1,42.4,56.4,85,95,1,39.13,1.74,1.82,30,3.804,1.154,4.3898163,17271,8286,0,-,2
22:57:20.579,snap,default,com.tencent.mobileqq,discharging,1,42.4,56,85,95,1,39.13,1.74,1.82,10,3.826,0.666,2.548116,17271,8286,0,-,2
22:57:21.580,snap,default,com.tencent.mobileqq,discharging,1,42.4,55.2,85,95,1,43.82,1.97,1.49,4,3.826,0.71,2.71646,17271,8286,0,-,2
22:57:22.581,snap,default,com.tencent.mobileqq,discharging,1,42.4,54.8,85,95,1,43.82,1.97,1.49,4,3.811,0.774,2.949714,13618,5314,0,-,2
22:57:23.581,snap,default,com.tencent.mobileqq,discharging,1,42.4,54,85,95,1,43.49,2.52,1.22,7,3.829,0.542,2.075318,13618,5314,0,-,2
22:57:24.581,snap,default,com.tencent.mobileqq,discharging,1,42.3,54,85,95,1,43.49,2.52,1.22,7,3.823,0.592,2.263216,11888,6508,0,-,2
22:57:25.581,snap,default,com.tencent.mobileqq,discharging,1,42.3,54.4,85,95,1,37.78,2.06,1.18,10,3.83,0.71,2.7192998,11888,6508,0,-,2
22:57:26.582,snap,default,com.tencent.mobileqq,discharging,1,42.3,54.4,85,95,1,37.78,2.06,1.18,12,3.831,0.558,2.1376982,14586,7006,0,-,2
22:57:27.582,snap,default,com.tencent.mobileqq,discharging,1,42.3,53.6,85,95,1,32.39,1.69,1.14,12,3.834,0.482,1.847988,14586,7006,0,-,2
22:57:28.582,snap,default,com.tencent.mobileqq,discharging,1,42.3,53.2,85,95,1,32.39,1.69,1.14,9,3.826,0.594,2.2726438,10706,5684,0,-,2
22:57:29.587,snap,default,com.tencent.mobileqq,discharging,1,42.3,52.8,85,95,1,28.15,1.38,0.94,4,3.832,0.56,2.14592,10706,5684,0,-,2
22:57:30.588,snap,default,com.tencent.mobileqq,discharging,1,42.3,52.4,85,95,1,28.15,1.38,0.94,10,3.834,0.5,1.917,11527,5975,0,-,2
22:57:31.588,snap,default,com.tencent.mobileqq,discharging,1,42.3,52.4,85,95,1,24.86,1.13,0.77,11,3.831,0.512,1.9614722,11527,5975,0,-,2
22:57:32.588,snap,default,com.tencent.mobileqq,discharging,1,42.3,52.4,85,95,1,24.86,1.13,0.77,12,3.832,0.546,2.092272,11643,6722,0,-,2
22:57:33.591,snap,default,com.tencent.mobileqq,discharging,1,42.3,52.4,85,95,1,22.35,0.92,0.63,13,3.831,0.506,1.938486,11643,6722,0,-,2
22:57:34.589,snap,default,com.tencent.mobileqq,discharging,1,42.3,51.7,85,95,1,20.47,0.75,0.51,14,3.833,0.512,1.962496,10697,6239,0,-,2
22:57:35.591,snap,default,com.tencent.mobileqq,discharging,1,42.3,51.3,85,95,1,20.47,0.75,0.51,6,3.837,0.41,1.57317,10697,6239,0,-,2
22:57:36.590,snap,default,com.tencent.mobileqq,discharging,1,42.3,51.3,85,95,1,18.76,0.62,0.42,4,3.832,0.508,1.9466561,9481,5137,0,-,2
22:57:37.592,snap,default,com.tencent.mobileqq,discharging,1,42.3,51.3,85,95,1,18.76,0.62,0.42,5,3.836,0.446,1.7108561,9481,5137,0,-,2
22:57:38.592,snap,default,com.tencent.mobileqq,discharging,1,42.3,51.3,85,95,1,17.53,0.5,0.34,9,3.828,0.56,2.14368,10509,5997,0,-,2
22:57:39.592,snap,default,com.tencent.mobileqq,discharging,1,42.3,51.3,85,95,1,17.53,0.5,0.34,10,3.835,0.458,1.75643,10509,5997,0,-,2
22:57:40.593,snap,default,com.tencent.mobileqq,discharging,1,42.3,51.3,85,95,1,16.35,0.41,0.28,7,3.835,0.49,1.87915,9892,5783,0,-,2
22:57:41.593,snap,default,com.tencent.mobileqq,discharging,1,42.3,51.3,85,95,1,16.35,0.41,0.28,7,3.833,0.44,1.68652,9892,5783,0,-,2
22:57:42.593,snap,default,com.tencent.mobileqq,discharging,1,42.3,51.3,85,95,1,15.38,0.34,0.23,9,3.836,0.504,1.933344,9816,5596,0,-,2
22:57:43.593,snap,default,com.tencent.mobileqq,discharging,1,42.3,51.7,85,95,1,15.38,0.34,0.23,9,3.837,0.456,1.7496719,9816,5596,0,-,2
22:57:44.593,snap,default,com.tencent.mobileqq,discharging,1,42.2,51.7,85,95,1,14.76,0.27,0.18,12,3.834,0.624,2.392416,11590,6469,0,-,2
22:57:45.594,snap,default,com.tencent.mobileqq,discharging,1,42.2,52.1,85,95,1,14.76,0.27,0.18,14,3.835,0.488,1.87148,11590,6469,0,-,2
22:57:46.594,snap,default,com.tencent.mobileqq,discharging,1,42.2,52.1,85,95,1,14.26,0.22,0.15,12,3.826,0.564,2.157864,11590,6469,0,-,2
22:57:47.594,snap,default,com.tencent.mobileqq,discharging,1,42.2,52.1,85,95,1,14.26,0.22,0.15,4,3.839,0.452,1.735228,11131,6407,0,-,2
22:57:48.595,snap,default,com.tencent.mobileqq,discharging,1,42.2,51.7,85,95,1,13.49,0.18,0.12,4,3.839,0.452,1.735228,11131,6407,0,-,2
22:57:49.595,snap,default,com.tencent.mobileqq,discharging,1,42.2,51.3,85,95,1,13.49,0.18,0.12,4,3.836,0.506,1.941016,9277,4998,0,-,2
22:57:50.595,snap,default,com.tencent.mobileqq,discharging,1,42.2,50.5,85,95,1,13.49,0.18,0.12,4,3.838,0.442,1.696396,9277,4998,0,-,2
22:57:51.595,snap,default,com.tencent.mobileqq,discharging,1,42.2,50.5,85,95,1,13.04,0.15,0.1,4,3.838,0.464,1.7808319,9304,5232,0,-,2
22:57:52.596,snap,default,com.tencent.mobileqq,discharging,1,42.2,50.9,85,95,1,13.04,0.15,0.1,9,3.835,0.472,1.81012,9304,5232,0,-,2
22:57:53.596,snap,default,com.tencent.mobileqq,discharging,1,42.2,50.9,85,95,1,12.67,0.12,0.08,11,3.824,0.58,2.2179198,11356,6709,0,-,2
22:57:54.596,snap,default,com.tencent.mobileqq,discharging,1,42.2,51.3,85,95,1,12.67,0.12,0.08,12,3.838,0.466,1.7885079,11356,6709,0,-,2
22:57:55.596,snap,default,com.tencent.mobileqq,discharging,1,42.2,50.9,85,95,1,12.91,0.1,0.06,10,3.835,0.574,2.2012901,10624,6255,0,-,2
22:57:56.597,snap,default,com.tencent.mobileqq,discharging,1,42.2,50.9,85,95,1,12.91,0.1,0.06,7,3.839,0.414,1.589346,10624,6255,0,-,2
22:57:57.597,snap,default,com.tencent.mobileqq,discharging,1,42.2,50.5,85,95,1,12.74,0.08,0.05,6,3.835,0.466,1.78711,9536,5457,0,-,2
22:57:58.598,snap,default,com.tencent.mobileqq,discharging,1,42.2,50.5,85,95,1,12.74,0.08,0.05,7,3.83,0.522,1.9992601,9536,5457,0,-,2
22:57:59.598,snap,default,com.tencent.mobileqq,discharging,1,42.2,50.5,85,95,1,12.61,0.06,0.04,7,3.832,0.47,1.80104,10670,6091,0,-,2
22:58:00.599,snap,default,com.tencent.mobileqq,discharging,1,42.2,50.9,85,95,1,12.61,0.06,0.04,6,3.829,0.568,2.1748722,10670,6091,0,-,2
22:58:01.599,snap,default,com.tencent.mobileqq,discharging,1,42.2,50.9,85,95,1,12.13,0.05,0.03,11,3.829,0.55,2.10595,12170,6070,0,-,2
22:58:02.600,snap,default,com.tencent.mobileqq,discharging,1,42.2,50.5,85,95,1,12.13,0.05,0.03,12,3.829,0.55,2.10595,12170,6070,0,-,2
22:58:03.600,snap,default,com.tencent.mobileqq,discharging,1,42.2,50.5,85,95,1,11.75,0.04,0.03,10,3.83,0.482,1.8460599,10361,5598,0,-,2
22:58:04.600,snap,default,com.tencent.mobileqq,discharging,1,42.1,50.9,85,95,1,11.25,0.03,0.02,8,3.82,0.658,2.5135598,10361,5598,0,-,2
22:58:05.600,snap,default,com.tencent.mobileqq,discharging,1,42.1,53.9,85,95,1,11.25,0.03,0.02,4,3.803,1.042,3.962726,11403,5590,0,-,2
22:58:06.600,snap,default,com.tencent.mobileqq,discharging,1,42.1,56.9,85,95,1,11.02,0.21,0.01,10,3.777,1.348,5.0913963,11403,5590,0,-,2
22:58:07.600,snap,default,com.tencent.mobileqq,discharging,1,42.1,59.2,85,95,1,11.02,0.21,0.01,11,3.802,1.35,5.1327,18060,8786,0,-,2
22:58:08.601,snap,default,com.tencent.mobileqq,discharging,1,42.1,57.2,85,95,1,11.56,0.17,0.19,13,3.813,0.716,2.730108,18060,8786,0,-,2
22:58:09.603,snap,default,com.tencent.mobileqq,discharging,1,42.1,55.6,85,95,1,11.56,0.17,0.19,11,3.821,0.69,2.63649,16514,10238,0,-,2
22:58:10.602,snap,default,com.tencent.mobileqq,discharging,1,42.1,54,85,95,1,12.18,0.14,0.16,9,3.815,0.768,2.92992,16514,10238,0,-,2
22:58:11.603,snap,default,com.tencent.mobileqq,discharging,1,42.1,54,85,95,1,12.18,0.14,0.16,6,3.827,0.636,2.433972,14964,8733,0,-,2
22:58:12.604,snap,default,com.tencent.mobileqq,discharging,1,42.1,54,85,95,1,12.15,0.11,0.13,4,3.82,0.698,2.66636,14964,8733,0,-,2
22:58:13.603,snap,default,com.tencent.mobileqq,discharging,1,42.1,54,85,95,1,12.15,0.11,0.13,4,3.822,0.634,2.423148,14964,8733,0,-,2
22:58:14.603,snap,default,com.tencent.mobileqq,discharging,1,42.1,54,85,95,1,11.94,0.09,0.1,8,3.816,0.76,2.9001598,14881,7582,0,-,2
22:58:16.415,snap,default,com.tencent.mobileqq,discharging,0,42.1,54.4,85,95,1,11.94,0.09,0.1,8,3.8,0.91,3.458,14881,7582,0,-,3
22:58:17.416,snap,default,com.tencent.mobileqq,discharging,1,42.1,53.2,85,95,1,18.47,0.07,0.26,11,3.803,1.206,4.5864177,24520,11459,0,-,3
22:58:18.416,snap,default,com.tencent.mobileqq,discharging,1,42.1,53.2,85,95,1,18.47,0.07,0.26,11,3.836,0.492,1.887312,15379,5973,0,-,3
22:58:19.416,snap,default,com.tencent.mobileqq,discharging,1,42.1,52.4,85,95,1,20.92,0.06,0.22,0,3.835,0.454,1.74109,15379,5973,0,-,4
22:58:20.418,snap,default,com.tencent.mobileqq,discharging,1,42.1,50.9,85,95,1,20.92,0.06,0.22,0,3.833,0.396,1.5178679,9924,4414,0,-,4
22:58:21.418,snap,default,com.tencent.mobileqq,discharging,1,42.1,50.9,85,95,1,19.12,0.41,0.18,13,3.838,0.328,1.258864,9924,4414,0,-,3
22:58:22.419,snap,default,com.tencent.mobileqq,discharging,1,42.1,50.9,85,95,1,19.12,0.41,0.18,13,3.83,0.574,2.19842,9196,4354,0,-,1
22:58:23.616,snap,default,com.tencent.mobileqq,discharging,0,42.1,51.3,85,95,1,19.1,0.52,0.14,0,3.832,0.428,1.6400961,9196,4354,0,-,1
22:58:24.618,snap,default,com.tencent.mobileqq,discharging,0,42,50.9,85,95,1,19.1,0.52,0.14,0,3.842,0.34,1.30628,6401,2169,0,-,1
22:58:25.976,snap,default,com.tencent.mobileqq,discharging,0,42,49.7,85,95,1,18.36,0.78,0.12,0,3.844,0.248,0.953312,6401,2169,0,-,1
22:58:26.976,snap,default,com.tencent.mobileqq,discharging,0,42,49.3,85,95,1,18.36,0.78,0.12,0,3.842,0.242,0.929764,9549,3072,0,-,1
22:58:27.977,snap,default,com.tencent.mobileqq,discharging,0,42,48.5,85,95,1,18.47,1,0.09,0,3.844,0.276,1.060944,9549,3072,0,-,1
22:58:28.978,snap,default,com.tencent.mobileqq,discharging,0,42,48.5,85,95,1,18.47,1,0.09,0,3.847,0.266,1.023302,4498,1540,0,-,1
22:58:29.995,snap,default,com.tencent.mobileqq,discharging,0,42,48.9,85,95,1,17.12,1.36,0.08,0,3.847,0.25,0.96175,4498,1540,0,-,2
22:58:31.290,snap,default,com.tencent.mobileqq,discharging,1,42,50.5,85,95,1,17.12,1.36,0.08,0,3.824,0.564,2.156736,4498,1540,0,-,2
22:58:32.290,snap,default,com.tencent.mobileqq,discharging,1,42,52.8,85,95,1,19.27,1.3,0.06,0,3.811,0.808,3.0792882,15751,6842,0,-,2
22:58:33.290,snap,default,com.tencent.mobileqq,discharging,1,42,53.6,85,95,1,30.45,1.24,0.95,10,3.806,0.996,3.790776,29894,8147,0,-,2
22:58:34.290,snap,default,com.tencent.mobileqq,discharging,1,42,56.6,85,95,1,30.45,1.24,0.95,10,3.807,1.48,5.63436,29894,8147,0,-,2
22:58:35.291,snap,default,com.tencent.mobileqq,discharging,1,41.9,58,85,95,1,30.91,1.2,1.14,9,3.791,0.988,3.7455077,21300,10005,0,-,2
22:58:36.291,snap,default,com.tencent.mobileqq,discharging,1,41.9,55,85,95,1,30.91,1.2,1.14,0,3.839,0.578,2.218942,21300,10005,0,-,2
22:58:37.291,snap,default,com.tencent.mobileqq,discharging,1,41.9,54.4,85,95,1,26.76,0.98,0.93,0,3.833,0.49,1.87817,12441,5260,0,-,2
22:58:38.291,snap,default,com.tencent.mobileqq,discharging,1,41.9,55.6,85,95,1,26.76,0.98,0.93,16,3.812,1.072,4.086464,12441,5260,0,-,2
22:58:39.292,snap,default,com.tencent.mobileqq,discharging,1,41.9,55.6,85,95,1,29.88,1.71,1.13,16,3.805,1.394,5.30417,20389,8029,0,-,2
22:58:40.292,snap,default,com.tencent.mobileqq,discharging,1,41.9,54.4,85,95,1,29.88,1.71,1.13,0,3.841,0.37,1.42117,20389,8029,0,-,2
22:58:41.292,snap,default,com.tencent.mobileqq,discharging,1,41.9,52.8,85,95,1,25.56,1.4,0.92,0,3.835,0.42,1.6107,6403,2526,0,-,2
22:58:42.292,snap,default,com.tencent.mobileqq,discharging,1,41.9,51.7,85,95,1,25.56,1.4,0.92,0,3.84,0.36,1.3824,6403,2526,0,-,2
22:58:43.293,snap,default,com.tencent.mobileqq,discharging,1,41.9,50.5,85,95,1,22.37,1.14,0.75,0,3.84,0.336,1.2902399,6567,2408,0,-,2
22:58:44.293,snap,default,com.tencent.mobileqq,discharging,1,41.9,50.5,85,95,1,22.37,1.14,0.75,0,3.83,0.378,1.44774,6567,2408,0,-,2
22:58:45.293,snap,default,com.tencent.mobileqq,discharging,1,41.9,50.9,85,95,1,19.95,0.93,0.62,0,3.818,0.554,2.1151721,6567,2408,0,-,2
22:58:46.293,snap,default,com.tencent.mobileqq,discharging,1,41.9,50.9,85,95,1,19.95,0.93,0.62,8,3.839,0.422,1.620058,8715,3937,0,-,2
22:58:47.293,snap,default,com.tencent.mobileqq,discharging,1,41.9,50.5,85,95,1,18.51,0.76,0.5,8,3.836,0.408,1.5650879,8715,3937,0,-,2
22:58:48.294,snap,default,com.tencent.mobileqq,discharging,1,41.9,50.1,85,95,1,18.51,0.76,0.5,8,3.838,0.438,1.681044,8544,4181,0,-,2
22:58:49.294,snap,default,com.tencent.mobileqq,discharging,1,41.9,50.1,85,95,1,16.79,0.62,0.41,8,3.838,0.388,1.4891441,8544,4181,0,-,2
22:58:50.294,snap,default,com.tencent.mobileqq,discharging,1,41.9,49.7,85,95,1,16.79,0.62,0.41,8,3.842,0.4,1.5368,8724,4386,0,-,2
22:58:51.294,snap,default,com.tencent.mobileqq,discharging,1,41.9,49.7,85,95,1,15.37,0.51,0.34,0,3.813,0.586,2.2344182,8724,4386,0,-,2
22:58:52.294,snap,default,com.tencent.mobileqq,discharging,1,41.9,51.3,85,95,1,15.37,0.51,0.34,20,3.818,0.524,2.000632,10631,5597,0,-,2
22:58:53.294,snap,default,com.tencent.mobileqq,discharging,1,41.9,51.3,85,95,1,14.94,0.42,0.27,20,3.818,0.524,2.000632,10631,5597,0,-,2
22:58:54.295,snap,default,com.tencent.mobileqq,discharging,1,41.9,50.1,85,95,1,14.94,0.42,0.27,20,3.836,0.496,1.902656,11391,5876,0,-,2
22:58:55.295,snap,default,com.tencent.mobileqq,discharging,1,41.9,50.1,85,95,1,14.94,0.42,0.27,0,3.842,0.324,1.244808,11391,5876,0,-,2
22:58:56.295,snap,default,com.tencent.mobileqq,discharging,1,41.9,49.7,85,95,1,14.05,0.34,0.22,0,3.839,0.418,1.604702,7844,3136,0,-,2
22:58:57.295,snap,default,com.tencent.mobileqq,discharging,1,41.9,49.7,85,95,1,14.05,0.34,0.22,0,3.843,0.36,1.3834801,7844,3136,0,-,2
22:58:58.295,snap,default,com.tencent.mobileqq,discharging,1,41.9,49.7,85,95,1,13.13,0.28,0.18,20,3.832,0.58,2.22256,10943,5397,0,-,2
22:58:59.296,snap,default,com.tencent.mobileqq,discharging,1,41.9,49.7,85,95,1,13.13,0.28,0.18,7,3.84,0.432,1.65888,10943,5397,0,-,2
22:59:00.297,snap,default,com.tencent.mobileqq,discharging,1,41.9,49.7,85,95,1,12.74,0.23,0.15,7,3.84,0.376,1.4438399,8508,4492,0,-,2
22:59:01.297,snap,default,com.tencent.mobileqq,discharging,1,41.9,49.7,85,95,1,12.74,0.23,0.15,6,3.837,0.426,1.6345619,8508,4492,0,-,2
22:59:02.297,snap,default,com.tencent.mobileqq,discharging,1,41.9,48.9,85,95,1,12.43,0.18,0.12,6,3.836,0.462,1.772232,8423,4211,0,-,2
22:59:03.297,snap,default,com.tencent.mobileqq,discharging,1,41.9,49.7,85,95,1,11.44,0.15,0.1,0,3.84,0.352,1.3516799,8423,4211,0,-,2
22:59:04.298,snap,default,com.tencent.mobileqq,discharging,1,41.9,51.7,85,95,1,11.44,0.15,0.1,7,3.814,0.714,2.7231958,11464,5752,0,-,2
22:59:05.299,snap,default,com.tencent.mobileqq,discharging,1,41.9,51.7,85,95,1,11.72,0.12,0.08,16,3.813,0.662,2.524206,11464,5752,0,-,2
22:59:06.299,snap,default,com.tencent.mobileqq,discharging,1,41.9,51.3,85,95,1,11.72,0.12,0.08,13,3.835,0.488,1.87148,11898,7078,0,-,2
22:59:07.299,snap,default,com.tencent.mobileqq,discharging,1,41.8,51.3,85,95,1,11.77,0.1,0.06,11,3.823,0.658,2.515534,11898,7078,0,-,2
22:59:08.304,snap,default,com.tencent.mobileqq,discharging,1,41.8,53.6,85,95,1,11.77,0.1,0.06,23,3.81,0.928,3.5356798,24416,11814,0,-,2
22:59:09.304,snap,default,com.tencent.mobileqq,discharging,1,41.8,53.6,85,95,1,17.43,0.8,0.78,0,3.764,1.668,6.278352,24416,11814,0,-,2
22:59:10.305,snap,default,com.tencent.mobileqq,discharging,1,41.8,53.6,85,95,1,17.43,0.8,0.78,9,3.726,2.468,9.195768,24416,11814,0,-,2
22:59:11.305,snap,default,com.tencent.mobileqq,discharging,1,41.8,53.6,85,95,1,26.59,1.56,1.9,11,3.718,2.634,9.793212,38101,6356,0,-,2
22:59:12.305,snap,default,com.tencent.mobileqq,discharging,1,41.8,53.6,85,95,1,26.59,1.56,1.9,13,3.749,2.066,7.7454343,38101,6356,0,-,2
22:59:13.306,snap,default,com.tencent.mobileqq,discharging,1,41.8,53.6,85,95,1,26.66,1.82,1.56,20,3.742,2.088,7.8132963,29567,11969,0,-,2
22:59:14.306,snap,default,com.tencent.mobileqq,discharging,1,41.8,53.6,85,95,1,26.66,1.82,1.56,19,3.758,2.06,7.7414794,29567,11969,0,-,2
22:59:15.307,snap,default,com.tencent.mobileqq,discharging,1,41.8,53.6,85,95,1,26.54,1.85,1.27,10,3.775,1.216,4.5903997,22455,9907,0,-,2
22:59:16.307,snap,default,com.tencent.mobileqq,discharging,1,41.8,56.6,85,95,1,26.54,1.85,1.27,36,3.782,1.364,5.158648,22455,9907,0,-,2
22:59:17.308,snap,default,com.tencent.mobileqq,discharging,1,41.8,59.6,85,95,1,27.71,1.52,1.04,25,3.791,1.036,3.927476,23755,13010,0,-,2
22:59:18.308,snap,default,com.tencent.mobileqq,discharging,1,41.8,60.3,85,95,1,27.71,1.52,1.04,31,3.8,0.886,3.3667998,23755,13010,0,-,2
22:59:19.309,snap,default,com.tencent.mobileqq,discharging,1,41.8,60.3,85,95,1,25.41,1.24,0.85,39,3.809,0.762,2.9024582,18395,12087,0,-,2
22:59:20.309,snap,default,com.tencent.mobileqq,discharging,1,41.8,60.3,85,95,1,25.41,1.24,0.85,12,3.784,1.044,3.950496,18395,12087,0,-,2
22:59:21.309,snap,default,com.tencent.mobileqq,discharging,1,41.8,60.7,85,95,1,26.78,1.2,1.96,9,3.806,1.536,5.846016,20382,8529,0,-,2
22:59:22.309,snap,default,com.tencent.mobileqq,discharging,1,41.8,60.7,85,95,1,26.78,1.2,1.96,11,3.802,0.886,3.368572,20382,8529,0,-,2
22:59:23.309,snap,default,com.tencent.mobileqq,discharging,1,41.8,59.9,85,95,1,23.56,1.34,3.78,0,3.802,0.886,3.368572,16865,7587,0,-,2
22:59:24.329,snap,default,com.tencent.mobileqq,discharging,1,41.8,59.9,85,95,1,23.56,1.34,3.78,0,3.801,1.024,3.8922243,16865,7587,0,-,2
22:59:25.318,snap,default,com.tencent.mobileqq,discharging,1,41.8,59.9,85,95,1,23.56,1.34,3.78,10,3.798,1.604,6.091992,29431,15549,0,-,2
22:59:26.323,snap,default,com.tencent.mobileqq,discharging,1,41.8,59.9,85,95,1,26.72,1.28,4.91,55,3.693,3.092,11.4187565,29431,15549,0,-,2
22:59:27.323,snap,default,com.tencent.mobileqq,discharging,1,41.8,59.9,85,95,1,26.72,1.28,4.91,79,3.686,3.352,12.355473,33891,17455,0,-,2
22:59:28.324,snap,default,com.tencent.mobileqq,discharging,1,41.8,62.9,85,95,1,33.83,1.23,6.74,72,3.716,2.544,9.453504,33891,17455,0,-,2
22:59:29.324,snap,default,com.tencent.mobileqq,discharging,1,41.8,65.9,85,95,1,33.83,1.23,6.74,47,3.795,1.202,4.56159,21687,11945,0,-,2
22:59:30.324,snap,default,com.tencent.mobileqq,discharging,1,41.8,68.9,85,95,1,31.51,1.18,6.78,19,3.796,1.06,4.02376,21687,11945,0,-,2
22:59:31.324,snap,default,com.tencent.mobileqq,discharging,1,41.8,67.1,85,95,1,31.51,1.18,6.78,32,3.787,1.206,4.567122,21573,12257,0,-,2
22:59:32.324,snap,default,com.tencent.mobileqq,discharging,1,41.8,66.3,85,95,1,28.7,1.15,5.55,23,3.782,1.232,4.659424,21573,12257,0,-,2
22:59:33.324,snap,default,com.tencent.mobileqq,discharging,1,41.8,64.3,85,95,1,28.7,1.15,5.55,16,3.795,0.906,3.43827,16294,8214,0,-,2
22:59:34.334,snap,default,com.tencent.mobileqq,discharging,1,41.8,63.5,85,95,1,25.49,0.94,4.55,15,3.788,1.072,4.060736,16294,8214,0,-,2
22:59:35.335,snap,default,com.tencent.mobileqq,discharging,1,41.8,63.5,85,95,1,25.58,0.95,3.72,21,3.797,1.244,4.723468,18879,9719,0,-,2
22:59:36.335,snap,default,com.tencent.mobileqq,discharging,1,41.8,63.5,85,95,1,25.58,0.95,3.72,19,3.8,1.002,3.8075998,18879,9719,0,-,2
22:59:37.335,snap,default,com.tencent.mobileqq,discharging,1,41.8,63.5,85,95,1,23.48,0.96,3.05,24,3.777,1.244,4.698588,18879,9719,0,-,2
22:59:38.335,snap,default,com.tencent.mobileqq,discharging,1,41.8,64.3,85,95,1,23.48,0.96,3.05,41,3.772,1.414,5.333608,20676,11666,0,-,2
22:59:39.335,snap,default,com.tencent.mobileqq,discharging,1,41.8,65.9,85,95,1,22.31,0.97,2.49,43,3.773,1.31,4.94263,20676,11666,0,-,2
22:59:40.335,snap,default,com.tencent.mobileqq,discharging,1,41.8,65.9,85,95,1,22.31,0.97,2.49,39,3.778,1.312,4.956736,25126,14977,0,-,2
22:59:41.400,snap,default,com.tencent.mobileqq,discharging,1,41.8,67.8,85,95,1,21.16,0.97,2.04,31,3.793,1.224,4.642632,25126,14977,0,-,2
22:59:42.360,snap,default,com.tencent.mobileqq,discharging,1,41.8,70.8,85,95,1,21.16,0.97,2.04,32,3.721,2.24,8.33504,34746,15650,0,-,2
22:59:43.361,snap,default,com.tencent.mobileqq,discharging,1,41.8,73.8,85,95,1,31.28,2.42,6.74,10,3.711,2.522,9.359142,34746,15650,0,-,2
22:59:44.608,snap,playback,tv.danmaku.bili,discharging,1,41.9,76.8,85,95,0,31.28,2.42,6.74,13,3.719,2.43,9.03717,52043,15704,0,-,2
22:59:45.608,snap,playback,tv.danmaku.bili,discharging,1,41.9,79.8,85,95,0,41.01,2.35,10.95,17,3.698,2.716,10.043768,50734,7639,0,-,2
22:59:46.608,snap,playback,tv.danmaku.bili,discharging,1,41.9,82.8,85,95,0,41.01,2.35,10.95,17,3.718,2.552,9.488336,50734,7639,0,-,2
22:59:47.609,snap,playback,tv.danmaku.bili,discharging,1,41.9,82.8,85,95,0,43.72,3.01,12.41,0,3.772,1.676,6.321872,27751,8318,0,-,2
22:59:48.609,snap,playback,tv.danmaku.bili,discharging,1,41.9,82.8,85,95,0,43.72,3.01,12.41,0,3.817,0.6,2.2902,27751,8318,0,-,2
22:59:49.610,snap,playback,tv.danmaku.bili,discharging,1,41.9,82.8,85,95,0,38.52,2.64,10.16,0,3.807,0.708,2.695356,27751,8318,0,-,2
22:59:50.610,snap,playback,tv.danmaku.bili,discharging,1,41.9,82.8,85,95,0,38.52,2.64,10.16,0,3.811,0.748,2.8506281,13270,5665,0,-,2
22:59:51.610,snap,playback,tv.danmaku.bili,discharging,1,41.9,82.8,85,95,0,40.06,2.34,9.23,0,3.799,0.796,3.024004,13270,5665,0,-,2
22:59:52.610,snap,playback,tv.danmaku.bili,discharging,1,41.9,82.8,85,95,0,40.06,2.34,9.23,0,3.813,0.634,2.417442,16159,4666,0,-,2
22:59:53.611,snap,playback,tv.danmaku.bili,discharging,1,41.9,82.8,85,95,0,40.41,2.1,8.82,0,3.811,0.604,2.301844,16159,4666,0,-,2
22:59:54.612,snap,playback,tv.danmaku.bili,discharging,1,41.9,82.8,85,95,0,40.41,2.1,8.82,0,3.815,0.532,2.02958,12400,4655,0,-,2
22:59:55.612,snap,playback,tv.danmaku.bili,discharging,1,41.9,82.8,85,95,0,37.43,1.72,7.22,0,3.817,0.52,1.9848399,12400,4655,0,-,2
22:59:56.613,snap,playback,tv.danmaku.bili,discharging,1,41.9,82.8,85,95,0,37.43,1.72,7.22,0,3.822,0.562,2.147964,12105,4386,0,-,2
22:59:57.613,snap,playback,tv.danmaku.bili,discharging,1,41.9,82.8,85,95,0,32.83,1.41,5.91,0,3.829,0.424,1.6234959,12105,4386,0,-,2
22:59:58.614,snap,playback,tv.danmaku.bili,discharging,1,41.9,82.8,85,95,0,32.83,1.41,5.91,0,3.83,0.398,1.52434,8225,3283,0,-,2
22:59:59.614,snap,playback,tv.danmaku.bili,discharging,1,41.9,82.8,85,95,0,28.87,1.15,4.84,0,3.823,0.554,2.117942,8225,3283,0,-,2
23:00:00.614,snap,playback,tv.danmaku.bili,discharging,1,41.8,82.8,85,95,0,28.87,1.15,4.84,0,3.814,0.654,2.494356,9350,3717,0,-,2
23:00:01.614,snap,playback,tv.danmaku.bili,discharging,1,41.8,82.8,85,95,0,26.72,1.12,3.96,0,3.821,0.718,2.743478,9350,3717,0,-,2
23:00:02.615,snap,playback,tv.danmaku.bili,discharging,1,41.8,82.8,85,95,0,26.72,1.12,3.96,0,3.831,0.414,1.586034,14663,4928,0,-,2
23:00:03.615,snap,playback,tv.danmaku.bili,discharging,1,41.8,82.8,85,95,0,23.33,0.92,3.24,0,3.831,0.414,1.586034,14663,4928,0,-,2
23:00:04.617,snap,playback,tv.danmaku.bili,discharging,1,41.8,82.8,85,95,0,23.33,0.92,3.24,0,3.827,0.508,1.944116,7489,3070,0,-,2
23:00:05.615,snap,playback,tv.danmaku.bili,discharging,1,41.8,82.8,85,95,0,23.33,0.92,3.24,0,3.831,0.432,1.6549921,7489,3070,0,-,2
23:00:06.616,snap,playback,tv.danmaku.bili,discharging,1,41.8,82.8,85,95,0,21.27,0.75,2.65,0,3.819,0.534,2.039346,10463,3968,0,-,2
23:00:07.616,snap,playback,tv.danmaku.bili,discharging,1,41.8,82.8,85,95,0,20.86,0.61,2.17,0,3.829,0.436,1.669444,10463,3968,0,-,2
23:00:08.617,snap,playback,tv.danmaku.bili,discharging,1,41.8,82.8,85,95,0,20.86,0.61,2.17,0,3.826,0.492,1.882392,8020,3187,0,-,2
23:00:09.618,snap,playback,tv.danmaku.bili,discharging,1,41.8,82.8,85,95,0,19.44,0.5,1.78,0,3.832,0.456,1.747392,8020,3187,0,-,2
23:00:10.617,snap,playback,tv.danmaku.bili,discharging,1,41.8,82.8,85,95,0,19.44,0.5,1.78,0,3.828,0.478,1.829784,8213,3298,0,-,2
23:00:11.618,snap,playback,tv.danmaku.bili,discharging,1,41.8,82.8,85,95,0,18.81,0.41,1.45,0,3.826,0.514,1.9665639,8213,3298,0,-,2
23:00:12.618,snap,playback,tv.danmaku.bili,discharging,1,41.8,82.8,85,95,0,18.81,0.41,1.45,0,3.829,0.478,1.830262,10860,4162,0,-,2
23:00:13.618,snap,playback,tv.danmaku.bili,discharging,1,41.8,82.8,85,95,0,18.66,0.33,1.19,0,3.829,0.474,1.814946,10860,4162,0,-,2
23:00:14.618,snap,playback,tv.danmaku.bili,discharging,1,41.8,82.8,85,95,0,18.66,0.33,1.19,0,3.822,0.724,2.767128,12034,4210,0,-,2
23:00:15.619,snap,playback,tv.danmaku.bili,discharging,1,41.8,82.8,85,95,0,25.25,0.45,0.97,0,3.815,0.764,2.91466,12034,4210,0,-,2
23:00:16.619,snap,playback,tv.danmaku.bili,discharging,1,41.8,82.8,85,95,0,25.25,0.45,0.97,0,3.796,1.08,4.09968,18740,5375,0,-,2
23:00:17.619,snap,playback,tv.danmaku.bili,discharging,1,41.8,82.8,85,95,0,29.55,0.73,3.15,0,3.82,0.704,2.68928,18740,5375,0,-,2
23:00:18.620,snap,playback,tv.danmaku.bili,discharging,1,41.8,82.8,85,95,0,29.55,0.73,3.15,0,3.812,0.766,2.919992,14173,5269,0,-,2
23:00:19.620,snap,playback,tv.danmaku.bili,discharging,1,41.8,82.8,85,95,0,29.63,0.6,2.58,0,3.805,0.836,3.1809802,14173,5269,0,-,2
23:00:20.620,snap,playback,tv.danmaku.bili,discharging,1,41.8,82.8,85,95,0,29.63,0.6,2.58,0,3.83,0.468,1.7924399,10500,4501,0,-,2
23:00:21.620,snap,playback,tv.danmaku.bili,discharging,1,41.8,82.8,85,95,0,28.61,0.49,2.11,0,3.815,0.64,2.4416,10500,4501,0,-,2
23:00:22.621,snap,playback,tv.danmaku.bili,discharging,1,41.7,82.8,85,95,0,28.61,0.49,2.11,0,3.817,0.6,2.2902,11668,4448,0,-,2
23:00:23.621,snap,playback,tv.danmaku.bili,discharging,1,41.7,82.8,85,95,0,30.49,0.58,1.73,0,3.814,0.634,2.418076,11668,4448,0,-,2
23:00:24.621,snap,playback,tv.danmaku.bili,discharging,1,41.7,82.8,85,95,0,30.49,0.58,1.73,0,3.825,0.532,2.0349,13642,3733,0,-,2
23:00:25.622,snap,playback,tv.danmaku.bili,discharging,1,41.7,82.8,85,95,0,35.84,0.47,1.41,0,3.821,0.58,2.21618,13642,3733,0,-,2
23:00:26.622,snap,playback,tv.danmaku.bili,discharging,1,41.7,82.8,85,95,0,35.84,0.47,1.41,0,3.83,0.434,1.6622199,9662,3221,0,-,2
23:00:27.622,snap,playback,tv.danmaku.bili,discharging,1,41.7,82.8,85,95,0,31.7,0.39,1.16,0,3.825,0.484,1.8513,9662,3221,0,-,2
23:00:28.622,snap,playback,tv.danmaku.bili,discharging,1,41.7,82.8,85,95,0,31.7,0.39,1.16,0,3.829,0.404,1.546916,9029,3080,0,-,2
23:00:29.624,snap,playback,tv.danmaku.bili,discharging,1,41.7,82.8,85,95,0,28.67,0.32,0.95,0,3.831,0.374,1.4327941,9029,3080,0,-,2
23:00:30.624,snap,playback,tv.danmaku.bili,discharging,1,41.7,82.8,85,95,0,28.67,0.32,0.95,0,3.816,0.472,1.801152,8419,3090,0,-,2
23:00:31.624,snap,playback,tv.danmaku.bili,discharging,1,41.7,82.8,85,95,0,25.65,0.26,0.77,0,3.832,0.372,1.4255041,8419,3090,0,-,2
23:00:32.624,snap,playback,tv.danmaku.bili,discharging,1,41.6,82.8,85,95,0,25.65,0.26,0.77,0,3.838,0.322,1.235836,7699,3426,0,-,2
23:00:33.624,snap,playback,tv.danmaku.bili,discharging,1,41.6,82.8,85,95,0,23.18,0.21,0.63,0,3.838,0.322,1.235836,7699,3426,0,-,2
23:00:34.625,snap,playback,tv.danmaku.bili,discharging,1,41.6,82.8,85,95,0,23.18,0.21,0.63,0,3.833,0.408,1.563864,8027,3255,0,-,2
23:00:35.625,snap,playback,tv.danmaku.bili,discharging,1,41.6,82.8,85,95,0,23.18,0.21,0.63,0,3.834,0.436,1.6716241,8027,3255,0,-,2
23:00:36.625,snap,playback,tv.danmaku.bili,discharging,1,41.6,82.8,85,95,0,20.79,0.17,0.7,0,3.83,0.478,1.8307399,9484,3520,0,-,2
23:00:37.625,snap,playback,tv.danmaku.bili,discharging,1,41.6,82.8,85,95,0,20.79,0.17,0.7,0,3.823,0.516,1.9726678,9484,3520,0,-,2
23:00:38.628,snap,playback,tv.danmaku.bili,discharging,1,41.6,82.8,85,95,0,19.92,0.14,0.93,0,3.822,0.672,2.568384,17531,7491,0,-,2
23:00:39.630,snap,playback,tv.danmaku.bili,discharging,1,41.6,82.8,85,95,0,19.93,0.11,1.67,0,3.811,0.79,3.0106902,17531,7491,0,-,2
23:00:40.633,snap,playback,tv.danmaku.bili,discharging,1,41.6,82.8,85,95,0,19.93,0.11,1.67,0,3.82,0.61,2.3302,15875,8347,0,-,2
23:00:41.632,snap,playback,tv.danmaku.bili,discharging,1,41.6,82.8,85,95,0,18.86,0.09,1.37,0,3.825,0.546,2.08845,15875,8347,0,-,2
23:00:42.633,snap,playback,tv.danmaku.bili,discharging,1,41.6,82.8,85,95,0,18.86,0.09,1.37,0,3.795,0.88,3.3396,15241,7300,0,-,2
23:00:43.632,snap,playback,tv.danmaku.bili,discharging,1,41.5,82.8,85,95,0,19.06,0.07,1.66,0,3.823,0.584,2.232632,15241,7300,0,-,2
23:00:44.633,snap,playback,tv.danmaku.bili,discharging,1,41.5,82.8,85,95,0,19.06,0.07,1.66,0,3.798,0.808,3.0687842,15892,8030,0,-,2
23:00:45.639,snap,playback,tv.danmaku.bili,discharging,1,41.5,82.8,85,95,0,18.69,0.06,1.36,0,3.829,0.554,2.1212661,15892,8030,0,-,1
23:00:46.642,snap,playback,tv.danmaku.bili,discharging,0,41.5,82.8,85,95,0,18.69,0.06,1.36,0,3.775,1.26,4.7565002,30434,10701,0,-,3
23:00:47.643,snap,playback,tv.danmaku.bili,discharging,0,41.5,82.8,85,95,0,26.17,0.95,4.01,7,3.779,1.408,5.3208323,30434,10701,0,-,3
23:00:48.643,snap,playback,tv.danmaku.bili,discharging,0,41.5,82.8,85,95,0,26.17,0.95,4.01,7,3.809,0.964,3.671876,25221,6182,0,-,3
23:00:49.644,snap,playback,tv.danmaku.bili,discharging,0,41.5,82.8,85,95,0,32.48,0.96,8.17,0,3.792,0.85,3.2232,25221,6182,0,-,4
23:00:50.644,snap,playback,tv.danmaku.bili,discharging,0,41.5,82.8,85,95,0,32.48,0.96,8.17,13,3.825,0.516,1.9736999,11596,3092,0,-,4
23:00:51.645,snap,playback,tv.danmaku.bili,discharging,0,41.5,82.8,85,95,0,31.85,0.79,6.69,0,3.835,0.346,1.3269099,11596,3092,0,-,4
23:00:52.645,snap,playback,tv.danmaku.bili,discharging,0,41.5,82.8,85,95,0,31.85,0.79,6.69,0,3.817,0.53,2.0230098,9408,3439,0,-,3
23:00:53.865,snap,playback,tv.danmaku.bili,discharging,0,41.5,82.8,85,95,0,29.7,0.64,5.48,0,3.835,0.4,1.534,9408,3439,0,-,1
23:00:54.865,snap,playback,tv.danmaku.bili,discharging,0,41.5,82.8,85,95,0,29.7,0.64,5.48,0,3.834,0.388,1.4875921,14242,5761,0,-,1
23:00:55.866,snap,playback,tv.danmaku.bili,discharging,0,41.5,82.8,85,95,0,27.58,0.89,4.49,0,3.837,0.344,1.319928,14242,5761,0,-,1
23:00:56.866,snap,playback,tv.danmaku.bili,discharging,0,41.5,82.8,85,95,0,27.58,0.89,4.49,0,3.842,0.254,0.97586805,6859,2759,0,-,1
23:00:58.400,snap,playback,tv.danmaku.bili,discharging,0,41.5,82.8,85,95,0,24.94,0.91,3.67,0,3.838,0.28,1.07464,6859,2759,0,-,1
23:00:59.400,snap,playback,tv.danmaku.bili,discharging,0,41.5,82.8,85,95,0,24.94,0.91,3.67,0,3.834,0.22,0.84348,11087,4837,0,-,1
23:01:00.400,snap,playback,tv.danmaku.bili,discharging,0,41.5,82.8,85,95,0,23.14,1.1,3.01,0,3.841,0.256,0.9832961,11087,4837,0,-,1
23:01:01.693,snap,playback,tv.danmaku.bili,discharging,0,41.5,82.8,85,95,0,23.14,1.1,3.01,0,3.844,0.214,0.82261604,6450,2825,0,-,1
23:01:03.425,snap,playback,tv.danmaku.bili,discharging,0,41.5,82.8,85,95,0,20.94,1.27,2.46,0,3.852,0.122,0.469944,6450,2825,0,-,1
23:01:04.426,snap,playback,tv.danmaku.bili,discharging,0,41.5,82.8,85,95,0,20.94,1.27,2.46,0,3.833,0.328,1.257224,12463,5067,0,-,1
23:01:05.426,snap,playback,tv.danmaku.bili,discharging,0,41.4,82.8,85,95,0,20.22,1.22,2.01,0,3.838,0.286,1.097668,12463,5067,0,-,1
23:01:06.426,snap,playback,tv.danmaku.bili,discharging,0,41.4,82.8,85,95,0,20.22,1.22,2.01,0,3.84,0.246,0.94464,4561,1597,0,-,1
23:01:07.427,snap,playback,tv.danmaku.bili,discharging,0,41.4,82.8,85,95,0,18.01,1.36,1.65,0,3.843,0.252,0.968436,4561,1597,0,-,1
23:01:08.428,snap,playback,tv.danmaku.bili,discharging,0,41.4,82.8,85,95,0,17.82,1.47,1.35,0,3.834,0.334,1.280556,5170,1613,0,-,1
23:01:09.428,snap,playback,tv.danmaku.bili,discharging,0,41.4,82.8,85,95,0,17.82,1.47,1.35,0,3.844,0.256,0.9840641,5170,1613,0,-,1
23:01:10.429,snap,playback,tv.danmaku.bili,discharging,0,41.4,82.8,85,95,0,16.59,1.21,1.1,0,3.843,0.194,0.745542,6250,1966,0,-,1
23:01:11.431,snap,playback,tv.danmaku.bili,discharging,0,41.4,82.8,85,95,0,16.59,1.21,1.1,0,3.842,0.25,0.9605,6250,1966,0,-,1
23:01:12.431,snap,playback,tv.danmaku.bili,discharging,0,41.4,82.8,85,95,0,15.21,0.99,0.9,0,3.847,0.206,0.79248196,4343,1589,0,-,1
23:01:13.431,snap,playback,tv.danmaku.bili,discharging,0,41.4,82.8,85,95,0,15.21,0.99,0.9,0,3.841,0.208,0.798928,4343,1589,0,-,1
23:01:14.431,snap,playback,tv.danmaku.bili,discharging,0,41.4,82.8,85,95,0,14.81,0.81,0.74,0,3.836,0.276,1.058736,5204,1489,0,-,1
23:01:15.432,snap,playback,tv.danmaku.bili,discharging,0,41.4,82.8,85,95,0,14.81,0.81,0.74,0,3.842,0.284,1.091128,5204,1489,0,-,1
23:01:16.432,snap,playback,tv.danmaku.bili,discharging,0,41.4,82.8,85,95,0,13.03,1.02,0.6,0,3.842,0.232,0.89134395,6831,2162,0,-,1
23:01:17.432,snap,playback,tv.danmaku.bili,discharging,0,41.4,82.8,85,95,0,13.03,1.02,0.6,0,3.843,0.29,1.11447,6831,2162,0,-,1
23:01:18.432,snap,playback,tv.danmaku.bili,discharging,0,41.4,82.8,85,95,0,12.66,1.38,0.49,0,3.843,0.29,1.11447,3508,1004,0,-,1
23:01:19.433,snap,playback,tv.danmaku.bili,discharging,0,41.4,82.8,85,95,0,12.66,1.38,0.49,0,3.839,0.27,1.03653,3508,1004,0,-,1
23:01:20.433,snap,playback,tv.danmaku.bili,discharging,0,41.4,82.8,85,95,0,12.66,1.38,0.49,0,3.839,0.266,1.021174,8700,3480,0,-,1
23:01:21.433,snap,playback,tv.danmaku.bili,discharging,0,41.4,82.8,85,95,0,12.54,1.67,0.4,0,3.842,0.218,0.837556,8700,3480,0,-,1
23:01:22.433,snap,playback,tv.danmaku.bili,discharging,1,41.4,82.8,85,95,0,12.54,1.67,0.4,0,3.804,0.512,1.947648,12832,4505,0,-,2
23:01:23.435,snap,playback,tv.danmaku.bili,discharging,1,41.4,82.8,85,95,0,16.25,1.73,0.69,20,3.781,1.148,4.340588,12832,4505,0,-,2
23:01:24.435,snap,playback,tv.danmaku.bili,discharging,1,41.4,82.8,85,95,0,16.25,1.73,0.69,33,3.761,1.796,6.754756,41087,17536,0,-,2
23:01:25.435,snap,playback,tv.danmaku.bili,discharging,1,41.4,82.8,85,95,0,30.15,1.78,3.1,33,3.771,1.586,5.980806,41087,17536,0,-,2
23:01:26.435,snap,playback,tv.danmaku.bili,discharging,1,41.4,82.8,85,95,0,30.15,1.78,3.1,18,3.769,1.47,5.54043,40475,11324,0,-,2
23:01:27.437,snap,playback,tv.danmaku.bili,discharging,1,41.3,82.8,85,95,0,39,1.82,5.98,35,3.763,1.636,6.156268,40475,11324,0,-,2
23:01:28.436,snap,playback,tv.danmaku.bili,discharging,1,41.3,82.8,85,95,0,39,1.82,5.98,49,3.789,1.096,4.152744,30715,17285,0,-,2
23:01:29.436,snap,playback,tv.danmaku.bili,discharging,1,41.3,82.8,85,95,0,36.28,1.49,4.9,49,3.775,1.178,4.44695,30715,17285,0,-,2
23:01:30.463,snap,playback,tv.danmaku.bili,discharging,1,41.3,82.8,85,95,0,36.28,1.49,4.9,44,3.754,1.962,7.365348,30715,17285,0,-,2
23:01:31.462,snap,playback,tv.danmaku.bili,discharging,1,41.3,82.8,85,95,0,40.4,1.58,5.1,42,3.745,2.056,7.69972,47666,22422,0,-,2
23:01:32.463,snap,playback,tv.danmaku.bili,discharging,1,41.3,82.8,85,95,0,40.4,1.58,5.1,33,3.753,1.75,6.56775,31564,6575,0,-,2
23:01:33.484,snap,default,com.coolapk.market,discharging,1,41.3,80.5,85,95,1,49.2,1.84,8.88,0,3.752,1.766,6.6260324,31564,6575,0,-,2
23:01:34.489,snap,default,com.coolapk.market,discharging,1,41.3,77.5,85,95,1,55.5,2.05,12.34,14,3.749,1.88,7.04812,31564,6575,0,-,2
23:01:35.489,snap,default,com.coolapk.market,discharging,1,41.3,74.5,85,95,1,55.5,2.05,12.34,21,3.732,1.998,7.4565363,36724,9552,0,-,2
23:01:36.489,snap,default,com.coolapk.market,discharging,1,41.3,77.3,85,95,1,58.13,2.22,13.01,7,3.725,2.22,8.2695,36724,9552,0,-,2
23:01:37.490,snap,default,com.coolapk.market,discharging,1,41.2,79.7,85,95,1,58.13,2.22,13.01,7,3.722,2.276,8.4712715,34004,9749,0,-,2
23:01:38.491,snap,default,com.coolapk.market,discharging,1,41.2,81.3,85,95,1,57.92,2.18,12.1,6,3.714,2.388,8.869032,34004,9749,0,-,2
23:01:39.491,snap,default,com.coolapk.market,discharging,1,41.2,84,85,95,1,57.92,2.18,12.1,16,3.697,2.694,9.959718,36017,13477,0,-,2
23:01:40.492,snap,default,com.coolapk.market,discharging,1,41.2,86,85,95,1,61.02,3.41,16.06,22,3.691,2.754,10.165013,36017,13477,0,-,2
23:01:41.492,snap,default,com.coolapk.market,discharging,1,41.2,86,85,95,1,61.02,3.41,16.06,18,3.695,2.664,9.84348,39082,7302,0,-,2
23:01:42.492,snap,default,com.coolapk.market,discharging,1,41.2,85.2,85,95,1,59.38,3.52,18.59,18,3.722,2.336,8.6945915,39082,7302,0,-,2
23:01:43.493,snap,default,com.coolapk.market,discharging,1,41.2,85.2,85,95,1,59.38,3.52,18.59,27,3.762,1.894,7.1252284,41480,17105,0,-,2
23:01:44.495,snap,default,com.coolapk.market,discharging,1,41.2,85.2,85,95,1,52.61,3.24,15.94,27,3.814,0.608,2.3189118,41480,17105,0,-,2
23:01:45.510,snap,default,com.coolapk.market,discharging,1,41.2,85.2,85,95,1,52.61,3.24,15.94,55,3.786,1.096,4.149456,21076,9816,0,-,2
23:01:46.510,snap,default,com.coolapk.market,discharging,1,41.2,85.2,85,95,1,46.34,3.02,13.6,0,3.806,0.694,2.641364,21076,9816,0,-,2
23:01:47.511,snap,default,com.coolapk.market,discharging,1,41.2,85.2,85,95,1,46.34,3.02,13.6,0,3.816,0.592,2.259072,16167,5028,0,-,2
23:01:48.511,snap,default,com.coolapk.market,discharging,1,41.3,85.2,85,95,1,39.94,2.65,11.32,7,3.816,0.592,2.259072,16167,5028,0,-,2
23:01:49.511,snap,default,com.coolapk.market,discharging,1,41.3,85.2,85,95,1,39.94,2.65,11.32,7,3.789,0.638,2.417382,15006,6891,0,-,2
23:01:50.511,snap,default,com.coolapk.market,discharging,1,41.3,85.2,85,95,1,39.94,2.65,11.32,24,3.791,0.952,3.609032,15006,6891,0,-,2
23:01:51.513,snap,default,com.coolapk.market,discharging,1,41.3,85.2,85,95,1,35.78,2.17,9.63,24,3.789,1.024,3.8799362,21200,11086,0,-,2
23:01:52.512,snap,default,com.coolapk.market,discharging,1,41.3,85.2,85,95,1,35.78,2.17,9.63,27,3.782,1.108,4.1904564,21200,11086,0,-,2
23:01:53.512,snap,default,com.coolapk.market,discharging,1,41.3,85.2,85,95,1,32.38,1.96,7.88,37,3.779,1.278,4.829562,19876,9295,0,-,2
23:01:54.512,snap,default,com.coolapk.market,discharging,1,41.3,85.2,85,95,1,32.38,1.96,7.88,31,3.784,0.888,3.360192,19876,9295,0,-,2
23:01:55.513,snap,default,com.coolapk.market,discharging,1,41.3,85.2,85,95,1,29.41,1.78,6.45,33,3.785,1.038,3.9288301,24349,13766,0,-,2
23:01:56.514,snap,default,com.coolapk.market,discharging,1,41.3,85.2,85,95,1,29.41,1.78,6.45,45,3.77,1.274,4.80298,24349,13766,0,-,2
23:01:57.514,snap,default,com.coolapk.market,discharging,1,41.3,85.2,85,95,1,27.88,1.46,5.28,45,3.758,1.304,4.900432,26630,15491,0,-,2
23:01:58.514,snap,default,com.coolapk.market,discharging,1,41.3,85.2,85,95,1,27.88,1.46,5.28,54,3.766,1.344,5.061504,26630,15491,0,-,2
23:01:59.514,snap,default,com.coolapk.market,discharging,1,41.3,85.2,85,95,1,27.54,1.19,4.33,50,3.755,1.616,6.0680804,30049,17159,0,-,2
23:02:00.514,snap,default,com.coolapk.market,discharging,1,41.3,85.2,85,95,1,27.54,1.19,4.33,54,3.793,1.068,4.050924,30049,17159,0,-,2
23:02:01.515,snap,default,com.coolapk.market,discharging,1,41.3,85.2,85,95,1,27.26,0.98,3.9,49,3.794,1.1,4.1734,30049,17159,0,-,2
23:02:02.515,snap,default,com.coolapk.market,discharging,1,41.3,85.2,85,95,1,27.26,0.98,3.9,49,3.781,1.124,4.2498436,26176,15424,0,-,2
23:02:03.515,snap,default,com.coolapk.market,discharging,1,41.3,85.2,85,95,1,25.95,0.98,3.38,39,3.807,0.886,3.3730018,26176,15424,0,-,2
23:02:04.516,snap,default,com.coolapk.market,discharging,1,41.4,85.2,85,95,1,25.95,0.98,3.38,32,3.793,1.058,4.012994,24317,12764,0,-,2
23:02:05.516,snap,default,com.coolapk.market,discharging,1,41.4,85.2,85,95,1,24.69,0.8,2.94,28,3.786,0.79,2.99094,24317,12764,0,-,2
23:02:06.516,snap,default,com.coolapk.market,discharging,1,41.4,85.2,85,95,1,24.69,0.8,2.94,28,3.796,1.026,3.894696,17353,8782,0,-,2
23:02:07.516,snap,default,com.coolapk.market,discharging,1,41.4,85.2,85,95,1,23.11,0.84,2.59,30,3.789,1.184,4.486176,17353,8782,0,-,2
23:02:08.516,snap,default,com.coolapk.market,discharging,1,41.4,85.2,85,95,1,23.63,0.87,2.12,50,3.776,1.456,5.497856,26517,14587,0,-,2
23:02:09.517,snap,default,com.coolapk.market,discharging,1,41.4,84,85,95,1,23.63,0.87,2.12,18,3.723,2.064,7.684272,26517,14587,0,-,2
23:02:10.517,snap,default,com.coolapk.market,discharging,1,41.4,82.1,85,95,1,27.32,1.07,4.27,61,3.673,3.206,11.775639,34599,18945,0,-,2
23:02:11.518,snap,default,com.coolapk.market,discharging,1,41.4,82.1,85,95,1,27.32,1.07,4.27,76,3.683,3.09,11.38047,34599,18945,0,-,2
23:02:12.520,snap,default,com.coolapk.market,discharging,1,41.4,82.1,85,95,1,31.25,1.06,3.86,76,3.679,3.068,11.287172,36627,19881,0,-,2
23:02:13.519,snap,default,com.coolapk.market,discharging,1,41.4,82.1,85,95,1,31.25,1.06,3.86,72,3.776,1.484,5.603584,36627,19881,0,-,2
23:02:14.519,snap,default,com.coolapk.market,discharging,1,41.5,82.1,85,95,1,28.12,0.86,3.16,34,3.812,0.582,2.218584,19562,10779,0,-,2
23:02:15.520,snap,default,com.coolapk.market,discharging,1,41.5,82.1,85,95,1,28.12,0.86,3.16,34,3.821,0.626,2.391946,19562,10779,0,-,2
23:02:16.520,snap,default,com.coolapk.market,discharging,1,41.5,82.1,85,95,1,25.2,0.89,2.77,0,3.819,0.464,1.7720159,12677,6060,0,-,2
23:02:17.521,snap,default,com.coolapk.market,discharging,1,41.5,82.1,85,95,1,25.2,0.89,2.77,17,3.806,0.728,2.770768,12677,6060,0,-,2
23:02:18.522,snap,default,com.coolapk.market,discharging,1,41.5,82.1,85,95,1,22.99,0.73,2.26,17,3.806,0.728,2.770768,11403,6463,0,-,2
23:02:19.524,snap,default,com.coolapk.market,discharging,1,41.5,82.1,85,95,1,22.99,0.73,2.26,17,3.821,0.44,1.6812401,11403,6463,0,-,2
23:02:20.524,snap,default,com.coolapk.market,discharging,1,41.5,82.1,85,95,1,22.99,0.73,2.26,17,3.822,0.374,1.4294281,6376,2475,0,-,2
23:02:21.525,snap,default,com.coolapk.market,discharging,1,41.5,82.1,85,95,1,20.45,0.59,1.85,0,3.825,0.454,1.73655,6376,2475,0,-,2
23:02:22.524,snap,default,com.coolapk.market,discharging,1,41.5,82.1,85,95,1,20.45,0.59,1.85,25,3.777,1.246,4.706142,33199,17015,0,-,2
23:02:23.525,snap,default,com.coolapk.market,discharging,1,41.5,82.1,85,95,1,21.64,0.85,1.7,16,3.741,1.556,5.820996,33199,17015,0,-,2
23:02:24.525,snap,default,com.coolapk.market,discharging,1,41.5,82.1,85,95,1,21.64,0.85,1.7,41,3.783,1.366,5.167578,31933,18482,0,-,2
23:02:25.526,snap,default,com.coolapk.market,discharging,1,41.5,82.1,85,95,1,23.15,0.87,1.57,31,3.794,1.14,4.32516,31933,18482,0,-,2
23:02:26.526,snap,default,com.coolapk.market,discharging,1,41.5,82.1,85,95,1,23.15,0.87,1.57,31,3.816,0.42,1.6027199,21285,9333,0,-,2
23:02:27.526,snap,default,com.coolapk.market,discharging,1,41.5,82.1,85,95,1,23.67,1.08,1.65,10,3.747,1.562,5.852814,21285,9333,0,-,2
23:02:28.526,snap,default,com.coolapk.market,discharging,1,41.5,82.1,85,95,1,23.67,1.08,1.65,31,3.773,1.358,5.123734,21285,9333,0,-,2
23:02:29.528,snap,default,com.coolapk.market,discharging,1,41.5,79.1,85,95,1,25.18,1.06,1.53,36,3.716,1.982,7.3651123,33761,13309,0,-,2
23:02:31.193,snap,playback,tv.danmaku.bili,discharging,1,41.6,76.1,85,95,0,34.56,1.78,2.88,12,3.768,2.06,7.7620797,33761,13309,0,-,2
23:02:32.193,snap,playback,tv.danmaku.bili,discharging,1,41.6,73.1,85,95,0,34.56,1.78,2.88,20,3.769,1.41,5.31429,46134,15677,0,-,2
23:02:33.194,snap,playback,tv.danmaku.bili,discharging,1,41.6,70.1,85,95,0,33.56,1.63,3.08,27,3.769,1.404,5.291676,26801,14126,0,-,2
23:02:34.194,snap,playback,tv.danmaku.bili,discharging,1,41.6,67.1,85,95,0,33.56,1.63,3.08,35,3.772,1.402,5.288344,26801,14126,0,-,2
23:02:35.194,snap,playback,tv.danmaku.bili,discharging,1,41.6,64.7,85,95,0,31.28,1.52,2.71,27,3.78,1.236,4.6720796,30153,17757,0,-,2
23:02:36.195,snap,playback,tv.danmaku.bili,discharging,1,41.6,63.1,85,95,0,31.28,1.52,2.71,25,3.779,1.158,4.376082,30153,17757,0,-,2
23:02:37.195,snap,playback,tv.danmaku.bili,discharging,1,41.6,62.7,85,95,0,29.6,1.24,2.21,25,3.778,1.172,4.4278164,26208,17824,0,-,2
23:02:38.195,snap,playback,tv.danmaku.bili,discharging,1,41.6,62.7,85,95,0,29.6,1.24,2.21,25,3.774,1.306,4.928844,26208,17824,0,-,2
23:02:39.195,snap,playback,tv.danmaku.bili,discharging,1,41.6,65.1,85,95,0,28.4,1.02,1.99,25,3.736,1.724,6.440864,30678,20522,0,-,2
23:02:40.195,snap,playback,tv.danmaku.bili,discharging,1,41.6,66.7,85,95,0,28.4,1.02,1.99,25,3.744,1.86,6.96384,30678,20522,0,-,2
23:02:41.195,snap,playback,tv.danmaku.bili,discharging,1,41.6,66.7,85,95,0,31.59,1.19,1.81,25,3.744,1.86,6.96384,40571,19901,0,-,2
23:02:42.195,snap,playback,tv.danmaku.bili,discharging,1,41.6,65.9,85,95,0,31.59,1.19,1.81,25,3.76,1.688,6.34688,40571,19901,0,-,2
23:02:43.196,snap,playback,tv.danmaku.bili,discharging,1,41.6,65.9,85,95,0,31.12,1.34,2.21,25,3.759,1.658,6.232422,32540,19713,0,-,2
23:02:44.196,snap,playback,tv.danmaku.bili,discharging,1,41.6,67.1,85,95,0,31.12,1.34,2.21,25,3.754,1.594,5.9838758,32540,19713,0,-,2
23:02:45.196,snap,playback,tv.danmaku.bili,discharging,1,41.6,67.4,85,95,0,33.27,1.46,2.35,26,3.756,1.676,6.295056,33178,18094,0,-,2
23:02:46.196,snap,playback,tv.danmaku.bili,discharging,1,41.6,67.1,85,95,0,33.27,1.46,2.35,26,3.743,1.834,6.864662,33178,18094,0,-,2
23:02:47.196,snap,playback,tv.danmaku.bili,discharging,1,41.6,67.8,85,95,0,34.85,1.37,3.55,26,3.763,1.512,5.689656,32235,18917,0,-,2
23:02:48.197,snap,playback,tv.danmaku.bili,discharging,1,41.6,66.3,85,95,0,34.85,1.37,3.55,25,3.753,1.87,7.0181103,32235,18917,0,-,2
23:02:49.197,snap,playback,tv.danmaku.bili,discharging,1,41.6,65.1,85,95,0,33.43,1.12,3.27,0,3.786,1.298,4.914228,25031,12925,0,-,2
23:02:50.197,snap,playback,tv.danmaku.bili,discharging,1,41.6,62.1,85,95,0,33.43,1.12,3.27,0,3.806,0.642,2.4434521,25031,12925,0,-,2
23:02:51.198,snap,playback,tv.danmaku.bili,discharging,1,41.6,59.2,85,95,0,29.54,0.92,2.68,0,3.807,0.6,2.2842,11318,4356,0,-,2
23:02:52.199,snap,playback,tv.danmaku.bili,discharging,1,41.6,57.2,85,95,0,29.54,0.92,2.68,0,3.823,0.418,1.598014,11318,4356,0,-,2
23:02:53.199,snap,playback,tv.danmaku.bili,discharging,1,41.6,56,85,95,0,25.64,0.75,2.19,0,3.823,0.416,1.590368,8876,3453,0,-,2
23:02:54.199,snap,playback,tv.danmaku.bili,discharging,1,41.6,54.8,85,95,0,25.64,0.75,2.19,0,3.829,0.336,1.286544,8876,3453,0,-,2
23:02:55.199,snap,playback,tv.danmaku.bili,discharging,1,41.6,54.4,85,95,0,23.35,0.61,1.79,0,3.822,0.48,1.8345599,7965,3273,0,-,2
23:02:56.199,snap,playback,tv.danmaku.bili,discharging,1,41.6,53.2,85,95,0,23.35,0.61,1.79,0,3.829,0.322,1.2329379,7965,3273,0,-,2
23:02:57.199,snap,playback,tv.danmaku.bili,discharging,1,41.6,52.8,85,95,0,20.75,0.5,1.47,0,3.826,0.348,1.331448,6062,2340,0,-,2
23:02:58.200,snap,playback,tv.danmaku.bili,discharging,1,41.6,52.8,85,95,0,20.75,0.5,1.47,0,3.818,0.378,1.443204,6062,2340,0,-,2
23:02:59.200,snap,playback,tv.danmaku.bili,discharging,1,41.6,52.8,85,95,0,18.98,0.41,1.2,0,3.825,0.396,1.5147,8040,3075,0,-,2
23:03:00.201,snap,playback,tv.danmaku.bili,discharging,1,41.6,53.2,85,95,0,18.98,0.41,1.2,0,3.807,0.636,2.4212518,8040,3075,0,-,2
23:03:01.201,snap,playback,tv.danmaku.bili,discharging,1,41.6,53.6,85,95,0,22.06,0.52,0.98,0,3.817,0.586,2.236762,14232,4195,0,-,2
23:03:02.201,snap,playback,tv.danmaku.bili,discharging,1,41.6,53.6,85,95,0,22.06,0.52,0.98,0,3.82,0.502,1.9176399,14232,4195,0,-,2
23:03:03.202,snap,playback,tv.danmaku.bili,discharging,1,41.6,52.8,85,95,0,27.31,0.42,0.8,0,3.826,0.384,1.469184,9142,3185,0,-,2
23:03:04.202,snap,playback,tv.danmaku.bili,discharging,1,41.6,52.4,85,95,0,27.31,0.42,0.8,0,3.822,0.426,1.628172,9142,3185,0,-,2
23:03:05.202,snap,playback,tv.danmaku.bili,discharging,1,41.6,52.4,85,95,0,26.34,0.34,0.66,0,3.818,0.418,1.5959241,10213,3403,0,-,2
23:03:06.203,snap,playback,tv.danmaku.bili,discharging,1,41.6,52.4,85,95,0,26.34,0.34,0.66,0,3.817,0.43,1.64131,10213,3403,0,-,2
23:03:07.203,snap,playback,tv.danmaku.bili,discharging,1,41.6,52.1,85,95,0,25.92,0.28,0.72,0,3.818,0.478,1.825004,9974,3415,0,-,2
23:03:08.203,snap,playback,tv.danmaku.bili,discharging,1,41.6,52.1,85,95,0,25.92,0.28,0.72,0,3.813,0.528,2.013264,9974,3415,0,-,2
23:03:09.205,snap,playback,tv.danmaku.bili,discharging,1,41.6,55.1,85,95,0,30.46,0.23,0.59,16,3.793,1.084,4.111612,20371,9431,0,-,2
23:03:10.203,snap,playback,tv.danmaku.bili,discharging,1,41.6,57.2,85,95,0,30.46,0.23,0.59,22,3.777,1.184,4.471968,20371,9431,0,-,2
23:03:11.204,snap,playback,tv.danmaku.bili,discharging,1,41.6,59.2,85,95,0,33.46,0.19,0.84,26,3.781,1.31,4.9531097,29819,16436,0,-,2
23:03:12.204,snap,playback,tv.danmaku.bili,discharging,1,41.6,59.6,85,95,0,33.46,0.19,0.84,26,3.78,1.126,4.25628,29819,16436,0,-,2
23:03:13.204,snap,playback,tv.danmaku.bili,discharging,1,41.6,59.6,85,95,0,31.74,0.15,0.87,26,3.78,1.126,4.25628,25922,15791,0,-,2
23:03:14.205,snap,playback,tv.danmaku.bili,discharging,1,41.6,59.6,85,95,0,31.74,0.15,0.87,26,3.784,1.106,4.185104,25922,15791,0,-,2
23:03:15.207,snap,playback,tv.danmaku.bili,discharging,1,41.6,59.9,85,95,0,29.79,0.12,1.07,26,3.78,1.14,4.3092,31035,18719,0,-,2
23:03:16.206,snap,playback,tv.danmaku.bili,discharging,1,41.6,62.7,85,95,0,29.79,0.12,1.07,25,3.762,1.378,5.1840363,31035,18719,0,-,2
23:03:17.209,snap,playback,tv.danmaku.bili,discharging,1,41.6,62.7,85,95,0,31.64,0.28,1.24,52,3.757,1.632,6.131424,32209,18835,0,-,2
23:03:18.209,snap,playback,tv.danmaku.bili,discharging,1,41.6,62.7,85,95,0,31.64,0.28,1.24,48,3.777,1.25,4.72125,32209,18835,0,-,2
23:03:19.209,snap,playback,tv.danmaku.bili,discharging,1,41.6,61.9,85,95,0,30.8,0.23,1.2,19,3.784,1.118,4.230512,28612,16246,0,-,2
23:03:20.214,snap,playback,tv.danmaku.bili,discharging,1,41.6,61.9,85,95,0,30.8,0.23,1.2,26,3.786,1.206,4.565916,28612,16246,0,-,2
23:03:21.213,snap,playback,tv.danmaku.bili,discharging,1,41.6,61.9,85,95,0,29.75,0.19,0.98,26,3.776,1.26,4.75776,28612,16246,0,-,2
23:03:22.214,snap,playback,tv.danmaku.bili,discharging,1,41.6,61.1,85,95,0,29.75,0.19,0.98,26,3.779,1.198,4.5272417,31420,18057,0,-,2
23:03:23.213,snap,playback,tv.danmaku.bili,discharging,1,41.6,61.1,85,95,0,28.89,0.15,0.98,26,3.79,1.102,4.17658,31420,18057,0,-,2
23:03:24.215,snap,playback,tv.danmaku.bili,discharging,1,41.6,61.1,85,95,0,28.89,0.15,0.98,26,3.782,1.092,4.1299443,26396,16459,0,-,2
23:03:25.215,snap,playback,tv.danmaku.bili,discharging,1,41.6,61.9,85,95,0,29.09,0.12,0.98,26,3.761,1.376,5.175136,26396,16459,0,-,2
23:03:26.215,snap,playback,tv.danmaku.bili,discharging,1,41.6,63.1,85,95,0,29.09,0.12,0.98,25,3.784,1.198,4.5332317,27652,16888,0,-,2
23:03:27.215,snap,playback,tv.danmaku.bili,discharging,1,41.6,61.9,85,95,0,27.98,0.1,0.8,25,3.777,1.288,4.8647757,27652,16888,0,-,2
23:03:28.215,snap,playback,tv.danmaku.bili,discharging,1,41.6,62.3,85,95,0,27.98,0.1,0.8,26,3.787,1.046,3.961202,29233,18474,0,-,2
23:03:29.216,snap,playback,tv.danmaku.bili,discharging,1,41.6,61.1,85,95,0,27.44,0.08,0.66,26,3.773,1.214,4.580422,29233,18474,0,-,2
23:03:30.216,snap,playback,tv.danmaku.bili,discharging,1,41.6,62.3,85,95,0,27.44,0.08,0.66,25,3.778,1.116,4.2162485,28723,17277,0,-,2
23:03:31.216,snap,playback,tv.danmaku.bili,discharging,1,41.6,61.1,85,95,0,26.82,0.06,0.54,25,3.78,1.21,4.5738,28723,17277,0,-,2
23:03:32.216,snap,playback,tv.danmaku.bili,discharging,1,41.6,60.7,85,95,0,26.82,0.06,0.54,25,3.787,1.026,3.885462,28591,17687,0,-,2
23:03:33.216,snap,playback,tv.danmaku.bili,discharging,1,41.6,60.7,85,95,0,26.12,0.05,0.44,26,3.784,1.178,4.457552,28591,17687,0,-,2
23:03:34.217,snap,playback,tv.danmaku.bili,discharging,1,41.6,60.7,85,95,0,26.12,0.05,0.44,26,3.785,1.102,4.17107,29248,16281,0,-,2
23:03:35.217,snap,playback,tv.danmaku.bili,discharging,1,41.6,60.7,85,95,0,26.83,0.04,0.36,27,3.786,1.12,4.24032,29248,16281,0,-,2
23:03:36.217,snap,playback,tv.danmaku.bili,discharging,1,41.6,60.7,85,95,0,26.83,0.04,0.36,26,3.787,1.092,4.135404,26368,16279,0,-,2
23:03:37.219,snap,playback,tv.danmaku.bili,discharging,1,41.6,60.7,85,95,0,25.95,0.03,0.29,26,3.786,1.056,3.9980159,26368,16279,0,-,2
23:03:38.218,snap,playback,tv.danmaku.bili,discharging,1,41.6,60.7,85,95,0,25.95,0.03,0.29,26,3.785,1.018,3.85313,27163,16100,0,-,2
23:03:39.221,snap,playback,tv.danmaku.bili,discharging,1,41.6,61.1,85,95,0,25.23,0.03,0.24,26,3.786,1.166,4.414476,27163,16100,0,-,2
23:03:40.220,snap,playback,tv.danmaku.bili,discharging,1,41.6,61.1,85,95,0,25.23,0.03,0.24,26,3.781,1.03,3.8944297,28828,18507,0,-,2
23:03:41.220,snap,playback,tv.danmaku.bili,discharging,1,41.6,60.3,85,95,0,25.01,0.02,0.19,26,3.782,1.054,3.9862282,28828,18507,0,-,2
23:03:42.220,snap,playback,tv.danmaku.bili,discharging,1,41.6,60.3,85,95,0,25.01,0.02,0.19,26,3.789,1.038,3.932982,25650,16929,0,-,2
23:03:43.221,snap,playback,tv.danmaku.bili,discharging,1,41.6,60.3,85,95,0,24.28,0.02,0.16,25,3.775,1.16,4.379,25650,16929,0,-,2
23:03:44.221,snap,playback,tv.danmaku.bili,discharging,1,41.6,60.7,85,95,0,24.28,0.02,0.16,26,3.784,1.138,4.306192,27467,16978,0,-,2
23:03:45.226,snap,playback,tv.danmaku.bili,discharging,1,41.7,60.7,85,95,0,24.05,0.01,0.13,26,3.776,1.112,4.198912,27467,16978,0,-,2
23:03:46.224,snap,playback,tv.danmaku.bili,discharging,1,41.7,60.7,85,95,0,24.05,0.01,0.13,26,3.782,1.098,4.152636,27115,16418,0,-,2
23:03:47.224,snap,playback,tv.danmaku.bili,discharging,1,41.7,60.3,85,95,0,23.68,0.01,0.1,26,3.787,1.064,4.029368,27115,16418,0,-,2
23:03:48.224,snap,playback,tv.danmaku.bili,discharging,1,41.7,60.7,85,95,0,23.68,0.01,0.1,26,3.781,1.118,4.227158,27603,16381,0,-,2
23:03:49.224,snap,playback,tv.danmaku.bili,discharging,1,41.7,60.3,85,95,0,23.55,0.01,0.08,25,3.778,1.104,4.170912,27603,16381,0,-,2
23:03:50.225,snap,playback,tv.danmaku.bili,discharging,1,41.7,61.1,85,95,0,23.55,0.01,0.08,23,3.778,1.104,4.170912,26443,16126,0,-,2
23:03:51.226,snap,playback,tv.danmaku.bili,discharging,1,41.7,61.5,85,95,0,23.55,0.01,0.08,23,3.77,1.132,4.2676396,26443,16126,0,-,2
23:03:52.227,snap,playback,tv.danmaku.bili,discharging,1,41.7,61.5,85,95,0,22.91,0,0.07,23,3.779,1.2,4.5348,26228,15968,0,-,2
23:03:53.232,snap,playback,tv.danmaku.bili,discharging,1,41.7,61.1,85,95,0,22.91,0,0.07,25,3.783,1.056,3.994848,26228,15968,0,-,2
23:03:54.232,snap,playback,tv.danmaku.bili,discharging,1,41.7,61.1,85,95,0,22.56,0,0.05,26,3.787,1.052,3.9839242,29281,17280,0,-,2
23:03:55.232,snap,playback,tv.danmaku.bili,discharging,1,41.7,60.3,85,95,0,23,0,0.04,26,3.771,1.254,4.7288337,29281,17280,0,-,2
23:03:56.233,snap,playback,tv.danmaku.bili,discharging,1,41.7,60.7,85,95,0,23,0,0.04,26,3.776,1.218,4.5991683,26686,17361,0,-,2
23:03:57.233,snap,playback,tv.danmaku.bili,discharging,1,41.7,60.3,85,95,0,22.82,0,0.03,27,3.768,1.354,5.101872,26686,17361,0,-,2
23:03:58.233,snap,playback,tv.danmaku.bili,discharging,1,41.7,60.7,85,95,0,22.82,0,0.03,26,3.787,1.056,3.9990718,26395,17472,0,-,2
23:03:59.233,snap,playback,tv.danmaku.bili,discharging,1,41.7,60.3,85,95,0,23.03,0,0.03,26,3.775,1.178,4.44695,26395,17472,0,-,2
23:04:00.234,snap,playback,tv.danmaku.bili,discharging,1,41.7,61.5,85,95,0,23.03,0,0.03,26,3.784,1.018,3.852112,25598,17069,0,-,2
23:04:01.236,snap,playback,tv.danmaku.bili,discharging,1,41.7,60.3,85,95,0,22.66,0,0.02,26,3.778,1.268,4.790504,25598,17069,0,-,2
23:04:02.235,snap,playback,tv.danmaku.bili,discharging,1,41.7,60.7,85,95,0,22.66,0,0.02,25,3.783,1.072,4.055376,26039,17299,0,-,2
23:04:03.240,snap,playback,tv.danmaku.bili,discharging,1,41.7,60.3,85,95,0,22.36,0,0.02,26,3.782,1.058,4.001356,26039,17299,0,-,2
23:04:04.236,snap,playback,tv.danmaku.bili,discharging,1,41.7,60.3,85,95,0,22.36,0,0.02,26,3.789,0.968,3.667752,25414,16923,0,-,2
23:04:05.237,snap,playback,tv.danmaku.bili,discharging,1,41.7,59.9,85,95,0,22.11,0,0.01,26,3.781,1.094,4.136414,25414,16923,0,-,2
23:04:06.237,snap,playback,tv.danmaku.bili,discharging,1,41.7,59.9,85,95,0,22.11,0,0.01,26,3.784,1.03,3.8975198,24610,16799,0,-,2
23:04:07.238,snap,playback,tv.danmaku.bili,discharging,1,41.7,59.6,85,95,0,21.91,0,0.01,26,3.782,1.014,3.8349483,24610,16799,0,-,2
23:04:08.237,snap,playback,tv.danmaku.bili,discharging,1,41.7,59.6,85,95,0,21.91,0,0.01,26,3.785,1.054,3.9893901,25507,16956,0,-,2
23:04:09.246,snap,playback,tv.danmaku.bili,discharging,1,41.7,60.7,85,95,0,21.74,0,0.01,26,3.773,1.106,4.172938,25507,16956,0,-,2
23:04:10.239,snap,playback,tv.danmaku.bili,discharging,1,41.7,60.7,85,95,0,21.74,0,0.01,26,3.767,1.144,4.3094482,27460,17518,0,-,2
23:04:11.239,snap,playback,tv.danmaku.bili,discharging,1,41.7,60.7,85,95,0,22.51,0,0,26,3.78,1.062,4.01436,27460,17518,0,-,2
23:04:12.240,snap,playback,tv.danmaku.bili,discharging,1,41.8,60.7,85,95,0,22.51,0,0,26,3.791,1.03,3.9047298,25406,16494,0,-,2
23:04:13.240,snap,playback,tv.danmaku.bili,discharging,1,41.8,60.3,85,95,0,22.42,0,0,26,3.783,1.104,4.1764317,25406,16494,0,-,2
23:04:14.240,snap,playback,tv.danmaku.bili,discharging,1,41.8,60.7,85,95,0,22.42,0,0,26,3.784,1.022,3.8672478,26062,17596,0,-,2
23:04:15.244,snap,playback,tv.danmaku.bili,discharging,1,41.8,60.3,85,95,0,22.34,0,0,26,3.789,1.04,3.9405599,26062,17596,0,-,2
23:04:16.241,snap,playback,tv.danmaku.bili,discharging,1,41.8,59.9,85,95,0,22.34,0,0,26,3.782,1.024,3.8727682,26861,17928,0,-,2
23:04:17.241,snap,playback,tv.danmaku.bili,discharging,1,41.8,59.9,85,95,0,22.1,0,0,26,3.777,1.092,4.124484,26861,17928,0,-,2
23:04:18.241,snap,playback,tv.danmaku.bili,discharging,1,41.8,59.9,85,95,0,22.1,0,0,24,3.784,1.06,4.0110397,24999,16811,0,-,2
23:04:19.241,snap,playback,tv.danmaku.bili,discharging,1,41.8,59.9,85,95,0,22.08,0,0,26,3.788,1.096,4.151648,24999,16811,0,-,2
23:04:20.241,snap,playback,tv.danmaku.bili,discharging,1,41.8,59.9,85,95,0,22.08,0,0,26,3.776,1.1,4.1536,25439,17135,0,-,2
23:04:21.244,snap,playback,tv.danmaku.bili,discharging,1,41.8,59.9,85,95,0,22.25,0,0,26,3.789,1.018,3.857202,25439,17135,0,-,2
23:04:22.243,snap,playback,tv.danmaku.bili,discharging,1,41.8,59.9,85,95,0,22.25,0,0,26,3.786,1.038,3.929868,24364,16523,0,-,2
23:04:23.244,snap,playback,tv.danmaku.bili,discharging,1,41.8,60.7,85,95,0,22.38,0,0,26,3.784,1.154,4.366736,24364,16523,0,-,2
23:04:24.244,snap,playback,tv.danmaku.bili,discharging,1,41.8,60.7,85,95,0,22.38,0,0,26,3.788,1.08,4.09104,27958,17359,0,-,2
23:04:25.244,snap,playback,tv.danmaku.bili,discharging,1,41.8,60.7,85,95,0,22.49,0,0,26,3.779,1.1,4.1569,27958,17359,0,-,2
23:04:26.244,snap,playback,tv.danmaku.bili,discharging,1,41.8,60.7,85,95,0,22.49,0,0,26,3.782,1.094,4.137508,26305,17635,0,-,2
23:04:27.244,snap,playback,tv.danmaku.bili,discharging,1,41.8,61.1,85,95,0,22.4,0,0,26,3.773,1.23,4.64079,26305,17635,0,-,2
23:04:28.244,snap,playback,tv.danmaku.bili,discharging,1,41.8,61.1,85,95,0,22.4,0,0,26,3.773,1.23,4.64079,26511,17247,0,-,2
23:04:29.246,snap,playback,tv.danmaku.bili,discharging,1,41.8,61.1,85,95,0,22.4,0,0,26,3.784,1.066,4.033744,26511,17247,0,-,2
23:04:30.247,snap,playback,tv.danmaku.bili,discharging,1,41.8,61.1,85,95,0,22.33,0,0,26,3.783,1.12,4.23696,27895,18426,0,-,2
23:04:31.246,snap,playback,tv.danmaku.bili,discharging,1,41.8,61.1,85,95,0,22.33,0,0,26,3.777,1.17,4.41909,27895,18426,0,-,2
23:04:32.248,snap,playback,tv.danmaku.bili,discharging,1,41.8,60.7,85,95,0,22.63,0,0,24,3.786,0.992,3.755712,24592,16554,0,-,2
23:04:33.247,snap,playback,tv.danmaku.bili,discharging,1,41.8,60.7,85,95,0,22.63,0,0,27,3.779,1.066,4.028414,24592,16554,0,-,2
23:04:34.247,snap,playback,tv.danmaku.bili,discharging,1,41.8,60.7,85,95,0,22.52,0,0,25,3.786,1.05,3.9752998,25651,16673,0,-,2
23:04:35.249,snap,playback,tv.danmaku.bili,discharging,1,41.8,60.7,85,95,0,22.42,0,0,26,3.785,1.072,4.0575204,25651,16673,0,-,2
23:04:36.249,snap,playback,tv.danmaku.bili,discharging,1,41.8,60.7,85,95,0,22.42,0,0,26,3.78,1.09,4.1202,27184,18142,0,-,2
23:04:37.249,snap,playback,tv.danmaku.bili,discharging,1,41.8,60.7,85,95,0,22.53,0,0,26,3.766,1.182,4.451412,27184,18142,0,-,2
23:04:38.249,snap,playback,tv.danmaku.bili,discharging,1,41.8,60.3,85,95,0,22.53,0,0,26,3.782,1.036,3.918152,25031,16589,0,-,2
23:04:39.250,snap,playback,tv.danmaku.bili,discharging,1,41.9,60.3,85,95,0,22.43,0,0,26,3.78,1.072,4.0521603,25031,16589,0,-,2
23:04:40.252,snap,playback,tv.danmaku.bili,discharging,1,41.9,60.3,85,95,0,22.43,0,0,25,3.782,1.07,4.04674,24483,16193,0,-,2
23:04:41.251,snap,playback,tv.danmaku.bili,discharging,1,41.9,59.2,85,95,0,22.35,0,0,23,3.79,0.894,3.38826,24483,16193,0,-,2
23:04:42.251,snap,playback,tv.danmaku.bili,discharging,1,41.9,59.2,85,95,0,22.35,0,0,26,3.785,0.98,3.7093,23845,16280,0,-,2
23:04:43.251,snap,playback,tv.danmaku.bili,discharging,1,41.9,59.6,85,95,0,22.1,0,0,26,3.785,1.01,3.82285,23845,16280,0,-,2
23:04:44.252,snap,playback,tv.danmaku.bili,discharging,1,41.9,59.6,85,95,0,22.1,0,0,26,3.785,1.012,3.83042,23845,16280,0,-,2
23:04:45.252,snap,playback,tv.danmaku.bili,discharging,1,41.9,59.6,85,95,0,22.08,0,0,26,3.783,1.024,3.8737922,25600,17472,0,-,2
23:04:46.253,snap,playback,tv.danmaku.bili,discharging,1,41.9,59.6,85,95,0,22.08,0,0,26,3.786,0.96,3.6345599,25600,17472,0,-,2
23:04:47.253,snap,playback,tv.danmaku.bili,discharging,1,41.9,59.6,85,95,0,21.89,0,0,26,3.786,1.054,3.9904442,25059,17050,0,-,2
23:04:48.252,snap,playback,tv.danmaku.bili,discharging,1,41.9,59.9,85,95,0,21.89,0,0,26,3.782,1.002,3.789564,25059,17050,0,-,2
23:04:49.261,snap,playback,tv.danmaku.bili,discharging,1,41.9,59.9,85,95,0,22.63,0,0,26,3.78,1.076,4.06728,26032,16927,0,-,2
23:04:50.253,snap,playback,tv.danmaku.bili,discharging,1,41.9,60.3,85,95,0,22.63,0,0,26,3.786,1.016,3.8465762,26032,16927,0,-,2
23:04:51.253,snap,playback,tv.danmaku.bili,discharging,1,41.9,59.6,85,95,0,22.88,0,0,26,3.787,1.04,3.93848,25621,16924,0,-,2
23:04:52.256,snap,playback,tv.danmaku.bili,discharging,1,41.9,60.3,85,95,0,22.88,0,0,26,3.785,1.016,3.8455603,25621,16924,0,-,2
23:04:53.254,snap,playback,tv.danmaku.bili,discharging,1,41.9,60.3,85,95,0,22.9,0,0,26,3.787,1.098,4.1581264,25485,17491,0,-,2
23:04:54.254,snap,playback,tv.danmaku.bili,discharging,1,41.9,60.3,85,95,0,22.9,0,0,26,3.783,1.094,4.138602,25485,17491,0,-,2
23:04:55.258,snap,playback,tv.danmaku.bili,discharging,1,41.9,60.3,85,95,0,23.28,0,0,26,3.787,1.044,3.953628,28130,17533,0,-,2
23:04:56.256,snap,playback,tv.danmaku.bili,discharging,1,41.9,59.6,85,95,0,23.28,0,0,26,3.785,0.962,3.64117,28130,17533,0,-,2
23:04:57.256,snap,playback,tv.danmaku.bili,discharging,1,41.9,59.6,85,95,0,23.05,0,0,22,3.79,0.956,3.6232398,24261,16261,0,-,2
23:04:58.256,snap,playback,tv.danmaku.bili,discharging,1,41.9,59.6,85,95,0,23.05,0,0,24,3.78,1.038,3.92364,24261,16261,0,-,2
23:04:59.256,snap,playback,tv.danmaku.bili,discharging,1,41.9,61.1,85,95,0,22.49,0,0,26,3.786,1.14,4.31604,25931,15655,0,-,2
23:05:00.257,snap,playback,tv.danmaku.bili,discharging,1,42,61.1,85,95,0,22.49,0,0,26,3.781,1.15,4.34815,25931,15655,0,-,2
23:05:01.257,snap,playback,tv.danmaku.bili,discharging,1,42,59.9,85,95,0,23.13,0,0,22,3.797,0.896,3.402112,27545,18404,0,-,2
23:05:02.257,snap,playback,tv.danmaku.bili,discharging,1,42,58.4,85,95,0,23.13,0,0,20,3.801,0.818,3.1092181,27545,18404,0,-,2
23:05:03.258,snap,playback,tv.danmaku.bili,discharging,1,42,57.6,85,95,0,22.02,0,0,17,3.797,0.84,3.1894798,18037,11761,0,-,2
23:05:04.258,snap,playback,tv.danmaku.bili,discharging,1,42,57.6,85,95,0,22.02,0,0,20,3.795,0.834,3.16503,18037,11761,0,-,2
23:05:05.258,snap,playback,tv.danmaku.bili,discharging,1,42,57.6,85,95,0,21.29,0,0,22,3.799,0.866,3.289934,19910,12214,0,-,2
23:05:06.258,snap,playback,tv.danmaku.bili,discharging,1,42,57.6,85,95,0,21.29,0,0,17,3.799,0.866,3.289934,19910,12214,0,-,2
23:05:07.260,snap,playback,tv.danmaku.bili,discharging,1,42,57.2,85,95,0,21.29,0,0,17,3.798,0.82,3.11436,17737,11565,0,-,2
23:05:08.259,snap,playback,tv.danmaku.bili,discharging,1,42,57.6,85,95,0,20.51,0,0.18,21,3.798,0.776,2.9472482,17737,11565,0,-,2
23:05:09.260,snap,playback,tv.danmaku.bili,discharging,1,42,59.6,85,95,0,20.51,0,0.18,21,3.784,0.944,3.5720959,18054,11284,0,-,2
23:05:10.259,snap,playback,tv.danmaku.bili,discharging,1,42,59.6,85,95,0,19.51,0,0.14,18,3.798,0.954,3.623292,18054,11284,0,-,2
23:05:11.259,snap,playback,tv.danmaku.bili,discharging,1,42,58.8,85,95,0,19.51,0,0.14,21,3.794,0.95,3.6042998,19445,11053,0,-,2
23:05:12.263,snap,playback,tv.danmaku.bili,discharging,1,42,57.6,85,95,0,19.24,0,0.12,20,3.796,0.898,3.408808,19445,11053,0,-,2
23:05:13.261,snap,playback,tv.danmaku.bili,discharging,1,42,57.6,85,95,0,19.24,0,0.12,17,3.792,0.898,3.405216,18628,11213,0,-,2
23:05:14.261,snap,playback,tv.danmaku.bili,discharging,1,42,57.6,85,95,0,19.01,0,0.09,21,3.797,0.818,3.105946,18628,11213,0,-,2
23:05:15.261,snap,playback,tv.danmaku.bili,discharging,1,42,58.4,85,95,0,19.01,0,0.09,21,3.79,0.92,3.4868,19531,11843,0,-,2
23:05:16.261,snap,playback,tv.danmaku.bili,discharging,1,42,58.4,85,95,0,18.65,0,0.08,34,3.787,0.986,3.7339818,19531,11843,0,-,2
23:05:17.262,snap,playback,tv.danmaku.bili,discharging,1,42,58,85,95,0,18.89,0,0.06,37,3.788,0.91,3.4470801,21224,13587,0,-,2
23:05:18.262,snap,playback,tv.danmaku.bili,discharging,1,42,57.6,85,95,0,18.89,0,0.06,37,3.792,0.884,3.352128,21224,13587,0,-,2
23:05:19.262,snap,playback,tv.danmaku.bili,discharging,1,42,56.8,85,95,0,18.18,0,0.05,19,3.791,0.86,3.2602599,19062,11704,0,-,2
23:05:20.262,snap,playback,tv.danmaku.bili,discharging,1,42,56.8,85,95,0,18.18,0,0.05,21,3.789,0.81,3.0690901,19062,11704,0,-,2
23:05:21.263,snap,playback,tv.danmaku.bili,discharging,1,42,56.8,85,95,0,17.61,0,0.04,22,3.793,0.812,3.079916,17879,11220,0,-,2
23:05:22.263,snap,playback,tv.danmaku.bili,discharging,1,42,57.2,85,95,0,17.61,0,0.04,18,3.794,0.834,3.1641958,17879,11220,0,-,2
23:05:23.262,snap,playback,tv.danmaku.bili,discharging,1,42,56.8,85,95,0,18.04,0,0.03,21,3.79,0.892,3.38068,20023,12388,0,-,2
23:05:24.263,snap,playback,tv.danmaku.bili,discharging,1,42,57.2,85,95,0,18.04,0,0.03,21,3.796,0.806,3.059576,20023,12388,0,-,2
23:05:25.263,snap,playback,tv.danmaku.bili,discharging,1,42,57.6,85,95,0,18.03,0,0.21,17,3.795,0.888,3.36996,18939,11429,0,-,2
23:05:26.263,snap,playback,tv.danmaku.bili,discharging,1,42,59.2,85,95,0,18.03,0,0.21,21,3.78,1.032,3.9009597,18939,11429,0,-,2
23:05:27.264,snap,playback,tv.danmaku.bili,discharging,1,42,59.2,85,95,0,18.02,0,0.71,21,3.799,0.892,3.388708,20397,12713,0,-,2
23:05:28.267,snap,playback,tv.danmaku.bili,discharging,1,42,58.4,85,95,0,18.02,0,0.71,17,3.794,0.86,3.26284,20397,12713,0,-,2
23:05:29.264,snap,playback,tv.danmaku.bili,discharging,1,42,57.2,85,95,0,18.02,0,0.58,21,3.796,0.862,3.272152,20016,12979,0,-,2
23:05:30.264,snap,playback,tv.danmaku.bili,discharging,1,42,57.2,85,95,0,18.02,0,0.58,20,3.802,0.758,2.881916,20016,12979,0,-,2
23:05:31.266,snap,playback,tv.danmaku.bili,charging,1,42,57.2,85,95,0,17.83,0,0.47,16,3.796,0.82,3.11272,19000,12322,0,-,2
23:05:32.274,snap,playback,tv.danmaku.bili,charging,1,42,60.2,85,95,0,17.83,0,0.47,21,3.825,0.368,1.4076,19000,12322,0,-,2
23:05:33.275,snap,playback,tv.danmaku.bili,charging,1,42,63.2,85,95,0,27.1,0.72,2.74,24,3.828,0.29,1.1101199,37992,10162,0,-,2
23:05:34.279,snap,playback,tv.danmaku.bili,charging,1,42,66.2,85,95,0,27.1,0.72,2.74,21,3.822,0.388,1.482936,37992,10162,0,-,2
23:05:35.275,snap,playback,tv.danmaku.bili,charging,1,42,66.7,85,95,0,33.79,1.31,4.42,26,3.838,0.394,1.512172,35014,13041,0,-,2
23:05:36.275,snap,playback,tv.danmaku.bili,charging,1,42,66.7,85,95,0,33.79,1.31,4.42,31,3.965,-2.264,8.97676,35014,13041,0,-,2
23:05:37.275,snap,playback,tv.danmaku.bili,charging,1,42,66.7,85,95,0,38.35,1.44,4.34,29,4.059,-4.3,17.453701,33351,16906,0,-,2
23:05:38.276,snap,playback,tv.danmaku.bili,charging,1,42.1,65.5,85,95,0,38.35,1.44,4.34,27,4.13,-6.348,26.217241,33351,16906,0,-,2
23:05:39.276,snap,playback,tv.danmaku.bili,charging,1,42.1,66.7,85,95,0,41.91,1.54,3.92,26,4.14,-6.604,27.340559,37583,19049,0,-,2
23:05:40.278,snap,playback,tv.danmaku.bili,charging,1,42.1,65.9,85,95,0,41.91,1.54,3.92,26,4.153,-6.494,26.969582,37583,19049,0,-,2
23:05:41.277,snap,playback,tv.danmaku.bili,charging,1,42.1,65.9,85,95,0,44.28,1.8,3.57,26,4.141,-6.558,27.156677,33455,17671,0,-,2
23:05:42.284,snap,playback,tv.danmaku.bili,charging,1,42.1,64.3,85,95,0,44.28,1.8,3.57,25,4.153,-6.692,27.791874,33455,17671,0,-,2
23:05:43.279,snap,playback,tv.danmaku.bili,charging,1,42.1,64.3,85,95,0,46.58,1.66,3.1,26,4.16,-6.7,27.871998,32710,16659,0,-,2
23:05:44.279,snap,playback,tv.danmaku.bili,charging,1,42.1,64.3,85,95,0,46.58,1.66,3.1,25,4.16,-6.7,27.871998,32710,16659,0,-,2
23:05:45.282,snap,playback,tv.danmaku.bili,charging,1,42.1,64.3,85,95,0,46.58,1.66,3.1,25,4.151,-6.596,27.379997,31032,17053,0,-,2
23:05:46.282,snap,playback,tv.danmaku.bili,charging,1,42.1,64.3,85,95,0,48.83,1.54,2.72,26,4.167,-6.656,27.735552,31032,17053,0,-,2
23:05:47.281,snap,playback,tv.danmaku.bili,charging,1,42.1,64.3,85,95,0,48.83,1.54,2.72,26,4.168,-6.708,27.958946,28344,17179,0,-,2
23:05:48.283,snap,playback,tv.danmaku.bili,charging,1,42.1,65.1,85,95,0,47.59,1.26,2.23,26,4.168,-6.728,28.042307,28344,17179,0,-,2
23:05:49.283,snap,playback,tv.danmaku.bili,charging,1,42.1,65.1,85,95,0,47.59,1.26,2.23,26,4.149,-6.43,26.67807,30929,18278,0,-,2
23:05:50.284,snap,playback,tv.danmaku.bili,charging,1,42.1,64.3,85,95,0,44.41,1.21,1.82,26,4.169,-6.59,27.473711,30929,18278,0,-,2
23:05:51.284,snap,playback,tv.danmaku.bili,charging,1,42.1,64.3,85,95,0,44.41,1.21,1.82,26,4.168,-6.516,27.15869,31048,18244,0,-,2
23:05:52.284,snap,playback,tv.danmaku.bili,charging,1,42.1,64.3,85,95,0,42.34,1.35,1.49,27,4.168,-6.556,27.32541,31048,18244,0,-,2
23:05:53.285,snap,playback,tv.danmaku.bili,charging,1,42.1,64.3,85,95,0,42.34,1.35,1.49,26,4.17,-6.608,27.555359,28528,15994,0,-,2
23:05:54.284,snap,playback,tv.danmaku.bili,charging,1,42.1,63.9,85,95,0,45.17,1.29,1.22,25,4.17,-6.64,27.6888,28528,15994,0,-,2
23:05:55.285,snap,playback,tv.danmaku.bili,charging,1,42.1,63.9,85,95,0,46.95,1.23,1.36,23,4.16,-6.628,27.572477,27990,14436,0,-,2
23:05:56.286,snap,playback,tv.danmaku.bili,charging,1,42.1,63.9,85,95,0,46.95,1.23,1.36,25,4.16,-6.598,27.44768,27990,14436,0,-,2
23:05:57.285,snap,playback,tv.danmaku.bili,charging,1,42.1,65.1,85,95,0,48.05,1.19,1.11,26,4.168,-6.602,27.517138,31536,15214,0,-,2
23:05:58.285,snap,playback,tv.danmaku.bili,charging,1,42.2,65.5,85,95,0,48.05,1.19,1.11,26,4.175,-6.552,27.3546,31536,15214,0,-,2
23:05:59.287,snap,playback,tv.danmaku.bili,charging,1,42.2,65.1,85,95,0,49.49,1.15,0.91,26,4.173,-6.574,27.4333,28320,13854,0,-,2
23:06:00.287,snap,playback,tv.danmaku.bili,charging,1,42.2,63.5,85,95,0,49.49,1.15,0.91,21,4.179,-6.808,28.450632,28320,13854,0,-,2
23:06:01.288,snap,playback,tv.danmaku.bili,charging,1,42.2,63.1,85,95,0,50.31,0.94,0.74,0,4.18,-7.032,29.393759,19810,9174,0,-,2
23:06:02.289,snap,playback,tv.danmaku.bili,charging,1,42.2,60.7,85,95,0,50.31,0.94,0.74,0,4.205,-7.242,30.45261,19810,9174,0,-,2
23:06:03.288,snap,playback,tv.danmaku.bili,charging,1,42.2,59.9,85,95,0,52.6,0.95,0.79,0,4.204,-7.228,30.386513,14937,3746,0,-,2
23:06:04.290,snap,playback,tv.danmaku.bili,charging,1,42.2,58,85,95,0,52.6,0.95,0.79,0,4.201,-7.396,31.070597,14937,3746,0,-,2
23:06:05.290,snap,playback,tv.danmaku.bili,charging,1,42.2,57.2,85,95,0,54.67,0.78,2.28,0,4.211,-7.31,30.78241,10606,3532,0,-,2
23:06:06.290,snap,playback,tv.danmaku.bili,charging,1,42.2,56,85,95,0,54.67,0.78,2.28,0,4.201,-7.328,30.78493,10606,3532,0,-,2
23:06:07.290,snap,playback,tv.danmaku.bili,charging,1,42.2,56,85,95,0,55.81,0.82,2.04,0,4.209,-7.382,31.070839,10890,3243,0,-,2
23:06:08.291,snap,playback,tv.danmaku.bili,charging,1,42.2,56,85,95,0,55.81,0.82,2.04,0,4.2,-7.316,30.727198,10890,3243,0,-,2
23:06:09.291,snap,playback,tv.danmaku.bili,charging,1,42.3,55.6,85,95,0,56.39,0.67,2.04,0,4.209,-7.206,30.330053,16429,4336,0,-,2
23:06:10.291,snap,playback,tv.danmaku.bili,charging,1,42.3,56,85,95,0,56.39,0.67,2.04,0,4.2,-7.268,30.525599,16429,4336,0,-,2
23:06:11.291,snap,playback,tv.danmaku.bili,charging,1,42.3,55.6,85,95,0,57.04,0.73,2.21,0,4.21,-7.216,30.37936,13246,3767,0,-,2
23:06:12.293,snap,playback,tv.danmaku.bili,charging,1,42.3,56,85,95,0,57.04,0.73,2.21,0,4.206,-7.22,30.367317,13246,3767,0,-,2
23:06:13.294,snap,playback,tv.danmaku.bili,charging,1,42.3,56,85,95,0,58.12,0.78,3.26,0,4.211,-7.22,30.40342,12395,3180,0,-,2
23:06:14.294,snap,playback,tv.danmaku.bili,charging,1,42.4,56,85,95,0,58.12,0.78,3.26,0,4.197,-7.232,30.352703,12395,3180,0,-,2
23:06:15.294,snap,playback,tv.danmaku.bili,charging,1,42.4,55.6,85,95,0,60.09,1,3.75,0,4.21,-7.314,30.79194,11770,3157,0,-,2
23:06:16.295,snap,playback,tv.danmaku.bili,charging,1,42.4,55.6,85,95,0,60.09,1,3.75,0,4.214,-7.248,30.543074,11770,3157,0,-,2
23:06:17.295,snap,playback,tv.danmaku.bili,charging,1,42.4,55.2,85,95,0,60.07,1,3.43,0,4.209,-7.238,30.464743,14266,3822,0,-,2
23:06:18.295,snap,playback,tv.danmaku.bili,charging,1,42.4,54.8,85,95,0,60.07,1,3.43,0,4.198,-7.252,30.443895,14266,3822,0,-,2
23:06:19.296,snap,playback,tv.danmaku.bili,charging,1,42.4,54,85,95,0,60.78,1,2.99,0,4.198,-7.252,30.443895,11460,2832,0,-,2
23:06:20.297,snap,playback,tv.danmaku.bili,charging,1,42.4,54,85,95,0,60.78,1,2.99,0,4.213,-7.2,30.333597,11460,2832,0,-,2
23:06:21.296,snap,playback,tv.danmaku.bili,charging,1,42.4,54,85,95,0,60.78,1,2.99,0,4.21,-7.256,30.54776,17322,5171,0,-,2
23:06:22.296,snap,playback,tv.danmaku.bili,charging,1,42.4,57,85,95,0,59.01,1,2.45,20,4.186,-6.888,28.833168,17322,5171,0,-,2
23:06:23.296,snap,playback,tv.danmaku.bili,charging,1,42.4,60,85,95,0,59.01,1,2.45,19,4.2,-6.718,28.2156,33393,14797,0,-,2
23:06:24.297,snap,playback,tv.danmaku.bili,charging,1,42.5,61.5,85,95,0,59.91,1.9,5.27,25,4.204,-6.866,28.864664,33393,14797,0,-,2
23:06:25.298,snap,playback,tv.danmaku.bili,charging,1,42.5,63.1,85,95,0,59.91,1.9,5.27,26,4.175,-6.246,26.077051,32446,18174,0,-,2
23:06:26.297,snap,playback,tv.danmaku.bili,charging,1,42.5,63.5,85,95,0,56.49,1.74,4.49,26,4.198,-6.76,28.37848,32446,18174,0,-,2
23:06:27.299,snap,playback,tv.danmaku.bili,charging,1,42.5,63.5,85,95,0,56.49,1.74,4.49,26,4.197,-6.592,27.666624,32446,18174,0,-,2
23:06:28.298,snap,playback,tv.danmaku.bili,charging,1,42.5,64.3,85,95,0,56.22,1.6,4.04,26,4.192,-6.8,28.5056,32389,17174,0,-,2
23:06:29.298,snap,playback,tv.danmaku.bili,charging,1,42.5,64.3,85,95,0,56.22,1.6,4.04,25,4.196,-6.68,28.02928,32389,17174,0,-,2
23:06:30.301,snap,playback,tv.danmaku.bili,charging,1,42.6,63.1,85,95,0,55.45,1.31,3.67,26,4.205,-6.758,28.417389,29448,16723,0,-,2
23:06:31.299,snap,playback,tv.danmaku.bili,charging,1,42.6,62.7,85,95,0,55.45,1.31,3.67,26,4.2,-6.906,29.0052,29448,16723,0,-,2
23:06:32.299,snap,playback,tv.danmaku.bili,charging,1,42.6,61.1,85,95,0,54.28,1.07,3.55,23,4.205,-6.906,29.03973,25766,15012,0,-,2
23:06:33.299,snap,playback,tv.danmaku.bili,charging,1,42.6,59.2,85,95,0,50.79,0.88,2.9,23,4.212,-7.12,29.989439,25766,15012,0,-,2
23:06:34.300,snap,playback,tv.danmaku.bili,charging,1,42.6,58,85,95,0,50.79,0.88,2.9,0,4.216,-7.304,30.793665,17237,6950,0,-,2
23:06:35.301,snap,playback,tv.danmaku.bili,charging,1,42.6,56,85,95,0,44.12,0.72,2.38,0,4.22,-7.376,31.126719,17237,6950,0,-,2
23:06:36.301,snap,playback,tv.danmaku.bili,charging,1,42.6,54.8,85,95,0,44.12,0.72,2.38,0,4.218,-7.426,31.322868,9820,4304,0,-,2
23:06:37.301,snap,playback,tv.danmaku.bili,charging,1,42.6,54.8,85,95,0,38.48,0.59,1.94,0,4.22,-7.432,31.363039,9820,4304,0,-,2
23:06:38.302,snap,playback,tv.danmaku.bili,charging,1,42.6,54,85,95,0,38.48,0.59,1.94,0,4.217,-7.366,31.062424,7837,3183,0,-,2
23:06:39.319,snap,playback,tv.danmaku.bili,charging,1,42.6,54,85,95,0,33.5,0.48,1.59,0,4.219,-7.38,31.136219,7837,3183,0,-,2
23:06:40.320,snap,playback,tv.danmaku.bili,charging,1,42.6,52.8,85,95,0,33.5,0.48,1.59,0,4.22,-7.444,31.413677,8536,3434,0,-,2
23:06:41.319,snap,playback,tv.danmaku.bili,charging,1,42.7,52.8,85,95,0,29.43,0.39,1.3,0,4.222,-7.39,31.20058,8536,3434,0,-,2
23:06:42.320,snap,playback,tv.danmaku.bili,charging,1,42.7,52.8,85,95,0,29.43,0.39,1.3,0,4.22,-7.386,31.168919,7268,3087,0,-,2
23:06:43.322,snap,playback,tv.danmaku.bili,charging,1,42.7,54.4,85,95,0,27.17,0.32,1.06,17,4.204,-6.948,29.209393,7268,3087,0,-,2
23:06:44.321,snap,playback,tv.danmaku.bili,charging,1,42.7,54.8,85,95,0,27.17,0.32,1.06,19,4.214,-7.026,29.607565,18629,11133,0,-,2
23:06:45.321,snap,playback,tv.danmaku.bili,charging,1,42.7,57.8,85,95,0,25.69,0.26,0.87,25,4.2,-6.882,28.904398,18629,11133,0,-,2
23:06:46.322,snap,playback,tv.danmaku.bili,charging,1,42.8,58,85,95,0,25.69,0.26,0.87,26,4.207,-6.778,28.515043,24832,16331,0,-,2
23:06:47.322,snap,playback,tv.danmaku.bili,charging,1,42.8,58.8,85,95,0,25.02,0.21,0.71,24,4.202,-6.878,28.901356,24832,16331,0,-,2
23:06:48.323,snap,playback,tv.danmaku.bili,charging,1,42.8,59.9,85,95,0,25.02,0.21,0.71,26,4.209,-6.896,29.025265,24886,17174,0,-,2
23:06:49.322,snap,playback,tv.danmaku.bili,charging,1,42.8,59.2,85,95,0,24.47,0.17,0.58,26,4.21,-6.898,29.040579,24886,17174,0,-,2
23:06:50.323,snap,playback,tv.danmaku.bili,charging,1,42.8,59.6,85,95,0,24.47,0.17,0.58,26,4.208,-6.948,29.237185,24612,17156,0,-,2
23:06:51.330,snap,playback,tv.danmaku.bili,charging,1,42.8,59.6,85,95,0,24.02,0.14,0.48,25,4.212,-6.9,29.0628,24612,17156,0,-,2
23:06:52.328,snap,playback,tv.danmaku.bili,charging,1,42.8,59.9,85,95,0,24.02,0.14,0.48,26,4.209,-6.948,29.244133,25888,17008,0,-,2
23:06:53.336,snap,playback,tv.danmaku.bili,charging,1,42.8,60.3,85,95,0,23.48,0.11,0.39,26,4.21,-6.93,29.175299,25888,17008,0,-,2
23:06:54.335,snap,playback,tv.danmaku.bili,charging,1,42.8,59.9,85,95,0,23.48,0.11,0.39,26,4.197,-6.832,28.673903,26341,16825,0,-,2
23:06:55.336,snap,playback,tv.danmaku.bili,charging,1,42.8,59.6,85,95,0,23.57,0.09,0.32,26,4.218,-7.106,29.973106,26341,16825,0,-,2
23:06:56.336,snap,playback,tv.danmaku.bili,charging,1,42.9,56.8,85,95,0,23.57,0.09,0.32,0,4.218,-7.106,29.973106,17659,10209,0,-,2
23:06:57.337,snap,playback,tv.danmaku.bili,charging,1,42.9,55.6,85,95,0,23.57,0.09,0.32,0,4.223,-7.336,30.979929,17659,10209,0,-,2
23:06:58.336,snap,playback,tv.danmaku.bili,charging,1,42.9,55.6,85,95,0,21.65,0.07,0.26,0,4.224,-7.352,31.05485,8670,3597,0,-,2
23:06:59.336,snap,playback,tv.danmaku.bili,charging,1,42.9,57.6,85,95,0,21.65,0.07,0.26,22,4.205,-7.126,29.964828,8670,3597,0,-,2
23:07:00.338,snap,playback,tv.danmaku.bili,charging,1,42.9,57.6,85,95,0,20.99,0.06,0.21,18,4.213,-6.944,29.25507,23906,14564,0,-,2
23:07:01.337,snap,playback,tv.danmaku.bili,charging,1,42.9,57.2,85,95,0,20.99,0.06,0.21,26,4.211,-6.936,29.207495,23906,14564,0,-,2
23:07:02.340,snap,playback,tv.danmaku.bili,charging,1,43,57.2,85,95,0,20.45,0.05,0.17,26,4.225,-7.32,30.927,18594,8431,0,-,2
23:07:03.341,snap,playback,tv.danmaku.bili,charging,1,43,58,85,95,0,20.45,0.05,0.17,4,4.192,-6.562,27.507902,18594,8431,0,-,2
23:07:04.340,snap,playback,tv.danmaku.bili,charging,1,43,59.2,85,95,0,23.63,0.76,1.41,17,4.217,-6.896,29.080431,22588,9993,0,-,2
23:07:05.340,snap,playback,tv.danmaku.bili,charging,1,43,58,85,95,0,23.63,0.76,1.41,11,4.206,-7.014,29.500883,22588,9993,0,-,2
23:07:06.341,snap,playback,tv.danmaku.bili,charging,1,43,59.2,85,95,0,22.24,0.62,1.15,22,4.212,-7.088,29.854654,17531,9976,0,-,2
23:07:07.344,snap,playback,tv.danmaku.bili,charging,1,43,60.7,85,95,0,22.24,0.62,1.15,16,4.212,-6.828,28.759535,17531,9976,0,-,2
23:07:08.344,snap,playback,tv.danmaku.bili,charging,1,43,61.1,85,95,0,23.1,0.87,1.3,16,4.209,-6.674,28.090866,33000,14906,0,-,2
23:07:09.344,snap,playback,tv.danmaku.bili,charging,1,43,60.7,85,95,0,23.1,0.87,1.3,5,4.199,-6.714,28.192085,33000,14906,0,-,2
23:07:10.344,snap,playback,tv.danmaku.bili,charging,1,43,60.7,85,95,0,25.44,1.08,1.25,7,4.219,-7.044,29.718636,21272,11995,0,-,2
23:07:11.345,snap,playback,tv.danmaku.bili,charging,1,43,59.9,85,95,0,24.82,0.88,1.02,14,4.214,-6.886,29.017607,21272,11995,0,-,2
23:07:12.345,snap,playback,tv.danmaku.bili,charging,1,43,59.9,85,95,0,24.82,0.88,1.02,21,4.214,-6.848,28.857473,23736,13751,0,-,2
23:07:13.345,snap,playback,tv.danmaku.bili,charging,1,43.1,58,85,95,0,23.58,0.72,0.83,17,4.22,-7.034,29.683477,23736,13751,0,-,2
23:07:14.345,snap,playback,tv.danmaku.bili,charging,1,43.1,57.6,85,95,0,23.58,0.72,0.83,10,3.949,-1.278,5.046822,14522,9554,0,-,2
23:07:15.345,snap,playback,tv.danmaku.bili,charging,1,43.1,57.6,85,95,0,22.57,0.59,0.68,15,3.937,0.01,0.03937,14522,9554,0,-,2
23:07:16.346,snap,playback,tv.danmaku.bili,charging,1,43.1,57.6,85,95,0,22.57,0.59,0.68,21,3.933,0,0,18130,11987,0,-,2
23:07:17.346,snap,playback,tv.danmaku.bili,charging,1,43.1,57.6,85,95,0,21.74,0.48,0.56,20,3.928,0.018,0.070704,18130,11987,0,-,2
23:07:18.347,snap,playback,tv.danmaku.bili,charging,1,43.1,56.8,85,95,0,21.74,0.48,0.56,9,3.946,-0.446,1.7599161,15361,9300,0,-,2
23:07:19.347,snap,playback,tv.danmaku.bili,charging,1,43.1,56.8,85,95,0,20.52,0.39,0.46,3,3.957,-0.722,2.856954,15361,9300,0,-,2
23:07:20.347,snap,playback,tv.danmaku.bili,charging,1,43.1,56.8,85,95,0,20.52,0.39,0.46,3,3.958,-0.812,3.2138958,11726,6677,0,-,2
23:07:21.347,snap,playback,tv.danmaku.bili,charging,1,43.1,59.6,85,95,0,21.87,0.32,0.37,9,3.91,0.07,0.2737,11726,6677,0,-,2
23:07:22.349,snap,playback,tv.danmaku.bili,charging,1,43.1,62.6,85,95,0,21.87,0.32,0.37,28,3.912,0.226,0.884112,36277,18535,0,-,2
23:07:23.348,snap,playback,tv.danmaku.bili,charging,1,43.1,62.7,85,95,0,23.89,0.62,0.67,11,3.942,-0.55,2.1680999,36277,18535,0,-,2
23:07:24.348,snap,playback,tv.danmaku.bili,charging,1,43.1,59.7,85,95,0,23.89,0.62,0.67,10,3.891,0.576,2.241216,16152,10245,0,-,2
23:07:25.349,snap,playback,tv.danmaku.bili,charging,1,43.1,58.8,85,95,0,22.46,0.51,0.54,12,3.904,0.474,1.850496,16152,10245,0,-,2
23:07:26.349,snap,playback,tv.danmaku.bili,charging,1,43.1,58,85,95,0,22.46,0.51,0.54,12,3.939,-0.656,2.583984,20475,11786,0,-,2
23:07:27.349,snap,playback,tv.danmaku.bili,charging,1,43.1,57.6,85,95,0,21.29,0.42,0.44,16,3.946,-0.696,2.746416,20475,11786,0,-,2
23:07:28.350,snap,playback,tv.danmaku.bili,charging,1,43.1,58,85,95,0,21.29,0.42,0.44,13,3.941,-0.664,2.616824,16503,10210,0,-,2
23:07:29.349,snap,playback,tv.danmaku.bili,charging,1,43.1,57.6,85,95,0,21.78,0.34,0.54,11,3.94,-0.572,2.2536802,16503,10210,0,-,2
23:07:30.350,snap,playback,tv.danmaku.bili,charging,1,43.1,58,85,95,0,21.78,0.34,0.54,11,3.924,-0.374,1.467576,18802,11030,0,-,2
23:07:31.352,snap,playback,tv.danmaku.bili,charging,1,43.1,57.6,85,95,0,21.27,0.28,0.45,11,3.924,-0.374,1.467576,18802,11030,0,-,2
23:07:32.352,snap,playback,tv.danmaku.bili,charging,1,43.1,57.2,85,95,0,21.27,0.28,0.45,11,3.982,-1.336,5.319952,18117,11238,0,-,2
23:07:33.352,snap,playback,tv.danmaku.bili,charging,1,43.1,57.2,85,95,0,21.27,0.28,0.45,11,3.995,-1.89,7.5505495,18117,11238,0,-,2
23:07:34.352,snap,playback,tv.danmaku.bili,charging,1,43.1,56.4,85,95,0,20.86,0.23,0.36,11,3.996,-1.902,7.600392,17512,10916,0,-,2
23:07:35.353,snap,playback,tv.danmaku.bili,charging,1,43.1,56,85,95,0,20.86,0.23,0.36,11,3.999,-1.892,7.5661077,17512,10916,0,-,2
23:07:36.354,snap,playback,tv.danmaku.bili,charging,1,43.1,56.4,85,95,0,20.34,0.18,0.3,11,3.999,-1.958,7.830042,16826,10461,0,-,2
23:07:37.355,snap,playback,tv.danmaku.bili,charging,1,43,56.4,85,95,0,20.34,0.18,0.3,11,3.984,-1.912,7.617408,16826,10461,0,-,2
23:07:38.355,snap,playback,tv.danmaku.bili,charging,1,43,56.8,85,95,0,20.1,0.15,0.24,11,3.999,-1.878,7.5101223,17024,9980,0,-,2
23:07:39.356,snap,playback,tv.danmaku.bili,charging,1,43,56.4,85,95,0,20.1,0.15,0.24,11,3.984,-1.914,7.625376,17024,9980,0,-,2
23:07:40.355,snap,playback,tv.danmaku.bili,charging,1,43,56.8,85,95,0,18.81,0.12,0.2,11,3.999,-1.94,7.7580605,16415,9384,0,-,2
23:07:41.355,snap,playback,tv.danmaku.bili,charging,1,43,56,85,95,0,18.81,0.12,0.2,11,3.998,-1.812,7.244376,16415,9384,0,-,2
23:07:42.355,snap,playback,tv.danmaku.bili,charging,1,43,55.6,85,95,0,17.94,0.1,0.16,12,4.001,-1.978,7.913978,16708,10872,0,-,2
23:07:43.356,snap,playback,tv.danmaku.bili,charging,1,43,55.2,85,95,0,17.94,0.1,0.16,11,3.995,-1.946,7.7742696,16708,10872,0,-,2
23:07:44.357,snap,playback,tv.danmaku.bili,charging,1,43,55.6,85,95,0,17.77,0.08,0.13,11,4.001,-1.986,7.945986,14989,9857,0,-,2
23:07:45.358,snap,playback,tv.danmaku.bili,charging,1,43,55.2,85,95,0,17.26,0.06,0.11,11,4,-1.912,7.648,14989,9857,0,-,2
23:07:46.358,snap,playback,tv.danmaku.bili,charging,1,43,55.2,85,95,0,17.26,0.06,0.11,11,4.004,-2.022,8.096088,15177,9974,0,-,2
23:07:47.358,snap,playback,tv.danmaku.bili,charging,1,43,55.2,85,95,0,17.22,0.05,0.09,11,4.001,-1.904,7.617904,15177,9974,0,-,2
23:07:48.359,snap,playback,tv.danmaku.bili,charging,1,43,56,85,95,0,17.22,0.05,0.09,11,3.997,-1.8,7.1945996,17868,11384,0,-,2
23:07:49.359,snap,playback,tv.danmaku.bili,charging,1,43,56,85,95,0,17.18,0.04,0.07,11,3.998,-1.796,7.180408,17868,11384,0,-,2
23:07:50.360,snap,playback,tv.danmaku.bili,charging,1,43,58,85,95,0,17.18,0.04,0.07,11,4,-1.864,7.456,18945,12588,0,-,2
23:07:51.360,snap,playback,tv.danmaku.bili,charging,1,43,56.8,85,95,0,17.69,0.03,0.06,13,4,-1.742,6.968,18945,12588,0,-,2
23:07:52.360,snap,playback,tv.danmaku.bili,charging,1,43,58,85,95,0,17.69,0.03,0.06,13,3.996,-1.81,7.23276,18945,12588,0,-,2
23:07:53.360,snap,playback,tv.danmaku.bili,charging,1,43,56.8,85,95,0,18.47,0.03,0.04,11,3.994,-1.76,7.02944,21374,12798,0,-,2
23:07:54.360,snap,playback,tv.danmaku.bili,charging,1,43,56.4,85,95,0,18.47,0.03,0.04,11,4.003,-1.974,7.9019213,21374,12798,0,-,2
23:07:55.361,snap,playback,tv.danmaku.bili,charging,1,43,56.4,85,95,0,18.2,0.02,0.03,11,4.002,-1.864,7.459728,16738,10147,0,-,2
23:07:56.362,snap,playback,tv.danmaku.bili,charging,1,43,56,85,95,0,18.2,0.02,0.03,11,3.99,-1.91,7.6208997,16738,10147,0,-,2
23:07:57.362,snap,playback,tv.danmaku.bili,charging,1,43,55.6,85,95,0,17.8,0.01,0.03,10,3.991,-1.884,7.5190434,17366,9908,0,-,2
23:07:58.362,snap,playback,tv.danmaku.bili,charging,1,43,55.2,85,95,0,17.8,0.01,0.03,11,4.004,-1.99,7.9679604,17366,9908,0,-,2
23:07:59.362,snap,playback,tv.danmaku.bili,charging,1,42.9,55.2,85,95,0,17.65,0.01,0.02,11,3.933,-0.998,3.9251342,16389,10152,0,-,2
23:08:00.363,snap,playback,tv.danmaku.bili,charging,1,42.9,56,85,95,0,17.65,0.01,0.02,13,3.915,0.01,0.03915,16389,10152,0,-,2
23:08:01.366,snap,playback,tv.danmaku.bili,charging,1,42.9,56,85,95,0,17.9,0.01,0.02,8,3.913,0,0,18472,11420,0,-,2
23:08:02.364,snap,playback,tv.danmaku.bili,charging,1,42.9,56,85,95,0,17.9,0.01,0.02,4,3.912,0,0,18472,11420,0,-,2
23:08:03.364,snap,playback,tv.danmaku.bili,charging,1,42.9,54.8,85,95,0,17.55,0.01,0.01,4,3.911,0,0,14297,8961,0,-,2
23:08:04.364,snap,playback,tv.danmaku.bili,charging,1,42.9,54.8,85,95,0,17.55,0.01,0.01,4,3.911,0,0,14297,8961,0,-,2
23:08:05.365,snap,playback,tv.danmaku.bili,charging,1,42.9,54.8,85,95,0,17.55,0.01,0.01,4,3.909,0,0,15330,9986,0,-,2
23:08:06.368,snap,playback,tv.danmaku.bili,charging,1,42.9,54.8,85,95,0,17.63,0,0.01,4,3.942,-0.694,2.735748,15330,9986,0,-,2
23:08:07.367,snap,playback,tv.danmaku.bili,charging,1,42.9,55.2,85,95,0,17.63,0,0.01,4,3.933,-0.7,2.7531,18332,11676,0,-,2
23:08:08.367,snap,playback,tv.danmaku.bili,charging,1,42.9,55.6,85,95,0,18.24,0,0.01,7,3.931,-0.636,2.5001159,18332,11676,0,-,2
23:08:09.371,snap,playback,tv.danmaku.bili,charging,1,42.9,56,85,95,0,18.24,0,0.01,10,3.939,-0.684,2.694276,19646,12053,0,-,2
23:08:10.370,snap,playback,tv.danmaku.bili,charging,1,42.9,56,85,95,0,18.92,0,0,11,3.939,-0.64,2.5209599,19646,12053,0,-,2
23:08:11.370,snap,playback,tv.danmaku.bili,charging,1,42.9,56,85,95,0,18.92,0,0,12,3.941,-0.688,2.7114081,18255,11510,0,-,2
23:08:12.373,snap,playback,tv.danmaku.bili,charging,1,42.9,55.6,85,95,0,19.12,0,0,11,3.995,-1.286,5.13757,18255,11510,0,-,2
23:08:13.372,snap,playback,tv.danmaku.bili,charging,1,42.9,55.2,85,95,0,19.12,0,0,11,4.098,-4.022,16.482155,16670,10289,0,-,2
23:08:14.373,snap,playback,tv.danmaku.bili,charging,1,42.9,55.2,85,95,0,18.91,0,0,11,4.166,-5.99,24.954338,16670,10289,0,-,2
23:08:15.372,snap,playback,tv.danmaku.bili,charging,1,42.9,55.2,85,95,0,18.91,0,0,11,4.206,-7.116,29.929895,16078,10479,0,-,2
23:08:16.372,snap,playback,tv.danmaku.bili,charging,1,42.9,55.6,85,95,0,18.57,0,0,11,4.208,-6.956,29.27085,16078,10479,0,-,2
23:08:17.373,snap,playback,tv.danmaku.bili,charging,1,42.9,55.6,85,95,0,18.57,0,0,11,4.2,-7.074,29.710798,18041,10866,0,-,2
23:08:18.373,snap,playback,tv.danmaku.bili,charging,1,42.9,55.2,85,95,0,19.01,0,0,11,4.212,-6.968,29.349215,18041,10866,0,-,2
23:08:19.373,snap,playback,tv.danmaku.bili,charging,1,42.9,55.2,85,95,0,19.01,0,0,11,4.22,-7.102,29.97044,15400,10068,0,-,2
23:08:20.373,snap,playback,tv.danmaku.bili,charging,1,42.9,55.2,85,95,0,18.64,0,0,11,4.22,-7.146,30.156118,15400,10068,0,-,2
23:08:21.373,snap,playback,tv.danmaku.bili,charging,1,42.9,56,85,95,0,19.25,0,0,11,4.218,-6.94,29.27292,22917,11711,0,-,2
23:08:22.376,snap,playback,tv.danmaku.bili,charging,1,43,56,85,95,0,19.25,0,0,11,4.221,-7.076,29.867798,22917,11711,0,-,2
23:08:23.374,snap,playback,tv.danmaku.bili,charging,1,43,56,85,95,0,19.02,0,0,11,4.224,-7.146,30.184704,17354,10719,0,-,2
23:08:24.374,snap,playback,tv.danmaku.bili,charging,1,43,56,85,95,0,19.02,0,0,11,4.228,-7.43,31.41404,17354,10719,0,-,2
23:08:25.374,snap,playback,tv.danmaku.bili,charging,1,43,55.6,85,95,0,19.02,0,0,11,4.225,-7.036,29.727098,16310,10628,0,-,2
23:08:26.374,snap,playback,tv.danmaku.bili,charging,1,43,56,85,95,0,19.02,0,0,11,4.226,-7.234,30.570883,16310,10628,0,-,2
23:08:27.375,snap,playback,tv.danmaku.bili,charging,1,43,56.4,85,95,0,18.65,0,0,10,4.226,-6.918,29.235468,18078,11049,0,-,2
23:08:28.375,snap,playback,tv.danmaku.bili,charging,1,43,56.4,85,95,0,18.65,0,0,11,4.242,-7.372,31.272026,18078,11049,0,-,2
23:08:29.376,snap,playback,tv.danmaku.bili,charging,1,43,56,85,95,0,18.53,0,0,11,4.235,-7.32,31.000202,15762,10400,0,-,2
23:08:30.376,snap,playback,tv.danmaku.bili,charging,1,43,56,85,95,0,18.53,0,0,11,4.247,-7.304,31.02009,15762,10400,0,-,2
23:08:31.376,snap,playback,tv.danmaku.bili,charging,1,43,56.4,85,95,0,18.43,0,0,10,4.241,-7.312,31.010193,16415,10255,0,-,2
23:08:32.376,snap,playback,tv.danmaku.bili,charging,1,43,56.8,85,95,0,18.43,0,0,11,4.241,-7.158,30.357079,16415,10255,0,-,2
23:08:33.377,snap,playback,tv.danmaku.bili,charging,1,43,56.8,85,95,0,18.54,0,0,11,4.234,-7.194,30.459396,18791,11411,0,-,2
23:08:34.377,snap,playback,tv.danmaku.bili,charging,1,43,55.6,85,95,0,18.54,0,0,11,4.233,-7.288,30.850103,18791,11411,0,-,2
23:08:35.377,snap,playback,tv.danmaku.bili,charging,1,43,55.2,85,95,0,18.44,0,0,11,4.245,-7.258,30.81021,16758,10510,0,-,2
23:08:36.377,snap,playback,tv.danmaku.bili,charging,1,43,55.6,85,95,0,18.44,0,0,11,4.237,-7.342,31.108053,16758,10510,0,-,2
23:08:37.377,snap,playback,tv.danmaku.bili,charging,1,43,55.6,85,95,0,18.36,0,0,11,4.248,-7.342,31.188818,16087,10304,0,-,2
23:08:38.377,snap,playback,tv.danmaku.bili,charging,1,43.1,55.6,85,95,0,18.36,0,0,11,4.235,-7.182,30.415771,16087,10304,0,-,2
23:08:39.378,snap,playback,tv.danmaku.bili,charging,1,43.1,55.2,85,95,0,18.47,0,0,11,4.235,-7.182,30.415771,16854,10460,0,-,2
23:08:40.378,snap,playback,tv.danmaku.bili,charging,1,43.1,55.2,85,95,0,18.47,0,0,11,4.195,-6.114,25.64823,16854,10460,0,-,2
23:08:41.379,snap,playback,tv.danmaku.bili,charging,1,43.1,55.6,85,95,0,18.47,0,0,11,4.17,-5.264,21.95088,17343,10566,0,-,2
23:08:42.379,snap,playback,tv.danmaku.bili,charging,1,43.1,55.6,85,95,0,18.2,0,0,11,4.173,-5.238,21.858173,17343,10566,0,-,2
23:08:43.379,snap,playback,tv.danmaku.bili,charging,1,43.1,55.6,85,95,0,18.2,0,0,11,4.173,-5.262,21.958326,15933,10357,0,-,2
23:08:44.379,snap,playback,tv.danmaku.bili,charging,1,43.1,55.6,85,95,0,17.99,0,0,11,4.173,-5.274,22.008402,15933,10357,0,-,2
23:08:45.379,snap,playback,tv.danmaku.bili,charging,1,43.1,55.2,85,95,0,17.99,0,0,11,4.166,-5.154,21.471563,16644,10378,0,-,2
23:08:46.379,snap,playback,tv.danmaku.bili,charging,1,43.1,55.2,85,95,0,17.99,0,0,11,4.157,-5.226,21.724482,16644,10378,0,-,2
23:08:47.380,snap,playback,tv.danmaku.bili,charging,1,43.1,55.2,85,95,0,17.99,0,0,11,4.17,-5.156,21.50052,15988,10186,0,-,2
23:08:48.380,snap,playback,tv.danmaku.bili,charging,1,43.1,54.8,85,95,0,17.99,0,0,11,4.172,-5.302,22.119944,15988,10186,0,-,2
23:08:49.380,snap,playback,tv.danmaku.bili,charging,1,43.2,54.8,85,95,0,17.99,0,0,11,4.172,-5.174,21.585926,16062,10410,0,-,2
23:08:50.382,snap,playback,tv.danmaku.bili,charging,1,43.2,54.8,85,95,0,17.81,0,0,11,4.157,-5.236,21.766052,16062,10410,0,-,2
23:08:51.381,snap,playback,tv.danmaku.bili,charging,1,43.2,54.8,85,95,0,17.81,0,0,11,4.162,-5.202,21.650726,18088,10945,0,-,2
23:08:52.382,snap,playback,tv.danmaku.bili,charging,1,43.2,55.2,85,95,0,18.02,0,0,11,4.173,-5.322,22.208706,18088,10945,0,-,2
23:08:53.383,snap,playback,tv.danmaku.bili,charging,1,43.2,54.8,85,95,0,18.02,0,0,11,4.169,-5.248,21.878914,16326,10174,0,-,2
23:08:54.382,snap,playback,tv.danmaku.bili,charging,1,43.2,55.2,85,95,0,17.84,0,0,11,4.168,-5.22,21.75696,16326,10174,0,-,2
23:08:55.383,snap,playback,tv.danmaku.bili,charging,1,43.2,54.8,85,95,0,17.84,0,0,11,4.17,-5.236,21.83412,17017,10480,0,-,2
23:08:56.383,snap,playback,tv.danmaku.bili,charging,1,43.2,54.8,85,95,0,17.87,0,0,11,4.172,-5.314,22.170008,17017,10480,0,-,2
23:08:57.384,snap,playback,tv.danmaku.bili,charging,1,43.2,54.4,85,95,0,17.87,0,0,11,4.174,-5.204,21.721495,15646,10398,0,-,2
23:08:58.384,snap,playback,tv.danmaku.bili,charging,1,43.2,54.4,85,95,0,17.71,0,0,11,4.174,-5.282,22.047068,15646,10398,0,-,2
23:08:59.383,snap,playback,tv.danmaku.bili,charging,1,43.3,54.4,85,95,0,17.58,0,0,11,4.173,-5.24,21.866518,15980,10506,0,-,2
23:09:00.384,snap,playback,tv.danmaku.bili,charging,1,43.3,55.2,85,95,0,17.58,0,0,11,4.173,-5.244,21.883211,15980,10506,0,-,2
23:09:01.385,snap,playback,tv.danmaku.bili,charging,1,43.3,55.2,85,95,0,17.65,0,0,11,4.173,-5.272,22.000055,15963,10130,0,-,2
23:09:02.384,snap,playback,tv.danmaku.bili,charging,1,43.3,55.2,85,95,0,17.65,0,0,11,4.174,-5.26,21.95524,15963,10130,0,-,2
23:09:03.385,snap,playback,tv.danmaku.bili,charging,1,43.3,54.8,85,95,0,17.35,0,0,11,4.168,-5.082,21.181776,16145,10283,0,-,2
23:09:04.385,snap,playback,tv.danmaku.bili,charging,1,43.3,56.8,85,95,0,17.35,0,0,11,4.174,-5.28,22.03872,16145,10283,0,-,2
23:09:05.385,snap,playback,tv.danmaku.bili,charging,1,43.3,54.8,85,95,0,17.11,0,0,11,4.158,-5.108,21.239063,16040,10512,0,-,2
23:09:06.385,snap,playback,tv.danmaku.bili,charging,1,43.3,56.4,85,95,0,17.11,0,0,11,4.174,-5.234,21.846716,16040,10512,0,-,2
23:09:07.385,snap,playback,tv.danmaku.bili,charging,1,43.3,54.8,85,95,0,16.91,0,0,11,4.174,-5.268,21.988632,15315,10135,0,-,2
23:09:08.385,snap,playback,tv.danmaku.bili,charging,1,43.3,56,85,95,0,16.91,0,0,11,4.176,-5.258,21.957409,15315,10135,0,-,2
23:09:09.386,snap,playback,tv.danmaku.bili,charging,1,43.3,56,85,95,0,16.74,0,0,11,4.175,-5.212,21.760101,16590,10577,0,-,2
23:09:10.387,snap,playback,tv.danmaku.bili,charging,1,43.3,56,85,95,0,16.74,0,0,11,4.176,-5.166,21.573215,16590,10577,0,-,2
23:09:11.387,snap,playback,tv.danmaku.bili,charging,1,43.3,56,85,95,0,17.15,0,0,11,4.176,-5.204,21.731905,16284,10301,0,-,2
23:09:12.387,snap,playback,tv.danmaku.bili,charging,1,43.3,55.2,85,95,0,17.15,0,0,11,4.176,-5.278,22.040928,16284,10301,0,-,2
23:09:13.387,snap,playback,tv.danmaku.bili,charging,1,43.3,55.2,85,95,0,16.94,0,0,11,4.175,-5.238,21.86865,15311,9739,0,-,2
23:09:14.388,snap,playback,tv.danmaku.bili,charging,1,43.3,55.2,85,95,0,16.94,0,0,11,4.175,-5.206,21.73505,15311,9739,0,-,2
23:09:15.390,snap,playback,tv.danmaku.bili,charging,1,43.3,54.8,85,95,0,16.95,0,0,11,4.176,-5.244,21.898945,16078,10401,0,-,2
23:09:16.390,snap,playback,tv.danmaku.bili,charging,1,43.3,54.8,85,95,0,16.95,0,0,11,4.176,-5.244,21.898945,16078,10401,0,-,2
23:09:17.390,snap,playback,tv.danmaku.bili,charging,1,43.3,54.4,85,95,0,16.95,0,0,11,4.176,-5.212,21.765312,15651,10221,0,-,2
23:09:18.391,snap,playback,tv.danmaku.bili,charging,1,43.3,54.8,85,95,0,16.78,0,0,11,4.176,-5.242,21.890593,15651,10221,0,-,2
23:09:19.391,snap,playback,tv.danmaku.bili,charging,1,43.3,54.8,85,95,0,16.78,0,0,11,4.175,-5.232,21.843601,15464,10249,0,-,2
23:09:20.391,snap,playback,tv.danmaku.bili,charging,1,43.3,55.2,85,95,0,16.82,0,0,11,4.174,-5.232,21.838366,15464,10249,0,-,2
23:09:21.392,snap,playback,tv.danmaku.bili,charging,1,43.3,55.2,85,95,0,16.82,0,0,10,4.173,-5.138,21.440874,15828,10316,0,-,2
23:09:22.391,snap,playback,tv.danmaku.bili,charging,1,43.3,57.2,85,95,0,16.67,0,0,11,4.177,-5.212,21.770523,15828,10316,0,-,2
23:09:23.398,snap,playback,tv.danmaku.bili,charging,1,43.3,56,85,95,0,16.67,0,0,11,4.177,-5.192,21.686983,15828,10316,0,-,2
23:09:24.392,snap,playback,tv.danmaku.bili,charging,1,43.3,57.2,85,95,0,18.18,0,0,10,4.174,-5.096,21.270704,18687,10852,0,-,2
23:09:25.393,snap,playback,tv.danmaku.bili,charging,1,43.3,56,85,95,0,18.18,0,0,11,4.173,-5.074,21.173801,18687,10852,0,-,2
23:09:26.397,snap,playback,tv.danmaku.bili,charging,1,43.4,56,85,95,0,19.05,0,0,11,4.176,-5.162,21.556513,18658,10530,0,-,2
23:09:27.396,snap,playback,tv.danmaku.bili,charging,1,43.4,56,85,95,0,19.05,0,0,11,4.176,-5.142,21.472994,18658,10530,0,-,2
23:09:28.396,snap,playback,tv.danmaku.bili,charging,1,43.4,56,85,95,0,18.68,0,0,11,4.179,-5.2,21.730799,17331,9678,0,-,2
23:09:29.397,snap,playback,tv.danmaku.bili,charging,1,43.4,54.8,85,95,0,18.68,0,0,11,4.174,-5.178,21.61297,17331,9678,0,-,2
23:09:30.397,snap,playback,tv.danmaku.bili,charging,1,43.4,55.6,85,95,0,18.37,0,0,11,4.178,-5.204,21.742311,15721,10287,0,-,2
23:09:31.397,snap,playback,tv.danmaku.bili,charging,1,43.4,54.4,85,95,0,18.37,0,0,11,4.175,-5.156,21.526302,15721,10287,0,-,2
23:09:32.397,snap,playback,tv.danmaku.bili,charging,1,43.4,55.2,85,95,0,18.3,0,0,11,4.18,-5.196,21.71928,16953,9506,0,-,2
23:09:33.397,snap,playback,tv.danmaku.bili,charging,1,43.4,55.2,85,95,0,18.3,0,0,11,4.176,-5.078,21.205729,16953,9506,0,-,2
23:09:34.398,snap,playback,tv.danmaku.bili,charging,1,43.4,56,85,95,0,17.52,0,0,11,4.178,-5.054,21.115612,16948,9245,0,-,2
23:09:35.398,snap,playback,tv.danmaku.bili,charging,1,43.4,56.4,85,95,0,17.52,0,0,11,4.18,-5.15,21.527,16948,9245,0,-,2
23:09:36.398,snap,playback,tv.danmaku.bili,charging,1,43.5,56.4,85,95,0,17.25,0,0,11,4.179,-5.052,21.112309,18479,10631,0,-,2
23:09:37.399,snap,playback,tv.danmaku.bili,charging,1,43.5,56.4,85,95,0,17.38,0,0,11,4.179,-5.134,21.454985,18479,10631,0,-,2
23:09:38.399,snap,playback,tv.danmaku.bili,charging,1,43.5,56.4,85,95,0,17.38,0,0,11,4.179,-5.14,21.480059,17601,10004,0,-,2
23:09:39.401,snap,playback,tv.danmaku.bili,charging,1,43.5,56,85,95,0,17.13,0,0,10,4.179,-5.098,21.304543,17601,10004,0,-,2
23:09:40.399,snap,playback,tv.danmaku.bili,charging,1,43.5,56.4,85,95,0,17.13,0,0,11,4.182,-5.166,21.604212,16569,9619,0,-,2
23:09:41.400,snap,playback,tv.danmaku.bili,charging,1,43.5,55.2,85,95,0,16.92,0,0,11,4.18,-5.132,21.45176,16569,9619,0,-,2
23:09:42.400,snap,playback,tv.danmaku.bili,charging,1,43.5,55.2,85,95,0,16.92,0,0,11,4.181,-5.158,21.5656,16856,9645,0,-,2
23:09:43.400,snap,playback,tv.danmaku.bili,charging,1,43.5,55.2,85,95,0,16.76,0,0,10,4.181,-5.138,21.48198,16856,9645,0,-,2
23:09:44.400,snap,playback,tv.danmaku.bili,charging,1,43.5,54.8,85,95,0,16.76,0,0,11,4.183,-5.156,21.567549,15692,10398,0,-,2
23:09:45.402,snap,playback,tv.danmaku.bili,charging,1,43.5,54.8,85,95,0,16.98,0,0,11,4.179,-5.126,21.421553,15692,10398,0,-,2
23:09:46.401,snap,playback,tv.danmaku.bili,charging,1,43.5,55.2,85,95,0,16.98,0,0,11,4.183,-5.138,21.492254,16593,9925,0,-,2
23:09:47.401,snap,playback,tv.danmaku.bili,charging,1,43.5,55.2,85,95,0,16.8,0,0,11,4.18,-5.104,21.334719,16593,9925,0,-,2
23:09:48.402,snap,playback,tv.danmaku.bili,charging,1,43.5,55.2,85,95,0,16.8,0,0,11,4.182,-5.118,21.403477,15921,9152,0,-,2
23:09:49.401,snap,playback,tv.danmaku.bili,charging,1,43.5,55.2,85,95,0,16.29,0,0,11,4.181,-5.104,21.339825,15921,9152,0,-,2
23:09:50.402,snap,playback,tv.danmaku.bili,charging,1,43.5,55.2,85,95,0,16.29,0,0,11,4.183,-5.126,21.442059,15800,9000,0,-,2
23:09:51.402,snap,playback,tv.danmaku.bili,charging,1,43.5,55.6,85,95,0,16.24,0,0,11,4.183,-5.126,21.442059,15800,9000,0,-,2
23:09:52.402,snap,playback,tv.danmaku.bili,charging,1,43.5,55.6,85,95,0,16.24,0,0,11,4.183,-5.102,21.341667,16835,9602,0,-,2
23:09:53.402,snap,playback,tv.danmaku.bili,charging,1,43.5,56,85,95,0,16.24,0,0,11,4.183,-5.19,21.70977,16835,9602,0,-,2
23:09:54.404,snap,playback,tv.danmaku.bili,charging,1,43.5,57.2,85,95,0,16.19,0,0,15,4.18,-5.024,21.00032,21687,13078,0,-,2
23:09:55.404,snap,playback,tv.danmaku.bili,charging,1,43.5,56.8,85,95,0,16.19,0,0,22,4.179,-4.982,20.819777,21687,13078,0,-,2
23:09:56.404,snap,playback,tv.danmaku.bili,charging,1,43.5,57.6,85,95,0,19.96,0,0,22,4.179,-5.024,20.995296,21762,12894,0,-,2
23:09:57.404,snap,playback,tv.danmaku.bili,charging,1,43.5,56.8,85,95,0,19.96,0,0,22,4.176,-5.002,20.888351,21762,12894,0,-,2
23:09:58.405,snap,playback,tv.danmaku.bili,charging,1,43.5,56.8,85,95,0,19.42,0,0,22,4.18,-5.008,20.93344,19336,11432,0,-,2
23:09:59.405,snap,playback,tv.danmaku.bili,charging,1,43.5,56.8,85,95,0,19.42,0,0,23,4.179,-5.022,20.986937,19336,11432,0,-,2
23:10:00.405,snap,playback,tv.danmaku.bili,charging,1,43.5,56.8,85,95,0,19.17,0,0,22,4.183,-5.036,21.065588,22001,13623,0,-,2
23:10:01.406,snap,playback,tv.danmaku.bili,charging,1,43.5,57.2,85,95,0,19.17,0,0,22,4.172,-4.878,20.351015,22001,13623,0,-,2
23:10:02.407,snap,playback,tv.danmaku.bili,charging,1,43.5,59.2,85,95,0,19.32,0,0,22,4.182,-4.986,20.851454,21323,12425,0,-,2
23:10:03.406,snap,playback,tv.danmaku.bili,charging,1,43.5,57.6,85,95,0,19.32,0,0,22,4.181,-4.952,20.704313,21323,12425,0,-,2
23:10:04.407,snap,playback,tv.danmaku.bili,charging,1,43.5,57.6,85,95,0,19.26,0,0,22,4.183,-4.994,20.889902,21322,12702,0,-,2
23:10:05.407,snap,playback,tv.danmaku.bili,charging,1,43.5,57.6,85,95,0,19.26,0,0,22,4.181,-4.992,20.871553,21322,12702,0,-,2
23:10:06.407,snap,playback,tv.danmaku.bili,charging,1,43.5,57.2,85,95,0,18.85,0,0,22,4.181,-4.994,20.879915,22391,12618,0,-,2
23:10:07.408,snap,playback,tv.danmaku.bili,charging,1,43.5,56.8,85,95,0,18.85,0,0,22,4.199,-5.21,21.87679,22391,12618,0,-,2
23:10:08.408,snap,playback,tv.danmaku.bili,charging,1,43.5,56.8,85,95,0,18.33,0,0,22,4.2,-5.216,21.9072,20173,12164,0,-,2
23:10:09.408,snap,playback,tv.danmaku.bili,charging,1,43.5,56.8,85,95,0,18.33,0,0,23,4.183,-4.986,20.85644,20173,12164,0,-,2
23:10:10.409,snap,playback,tv.danmaku.bili,charging,1,43.5,57.2,85,95,0,17.91,0,0,23,4.186,-5.15,21.5579,20435,11854,0,-,2
23:10:11.409,snap,playback,tv.danmaku.bili,charging,1,43.5,56.8,85,95,0,17.91,0,0,22,4.189,-5.188,21.732534,20435,11854,0,-,2
23:10:12.416,snap,playback,tv.danmaku.bili,charging,1,43.5,57.2,85,95,0,17.92,0,0,22,4.185,-4.98,20.8413,21465,12082,0,-,2
23:10:13.412,snap,playback,tv.danmaku.bili,charging,1,43.5,56.8,85,95,0,17.92,0,0,22,4.19,-5.274,22.09806,21465,12082,0,-,2
23:10:14.412,snap,playback,tv.danmaku.bili,charging,1,43.6,57.2,85,95,0,17.57,0,0,22,4.184,-5.082,21.263086,20110,11880,0,-,2
23:10:15.413,snap,playback,tv.danmaku.bili,charging,1,43.6,57.2,85,95,0,17.57,0,0,22,4.192,-5.24,21.966078,20110,11880,0,-,2
23:10:16.413,snap,playback,tv.danmaku.bili,charging,1,43.6,57.2,85,95,0,17.11,0,0,22,4.205,-5.282,22.21081,20558,12025,0,-,2
23:10:17.413,snap,playback,tv.danmaku.bili,charging,1,43.6,56.8,85,95,0,17.11,0,0,22,4.205,-5.3,22.2865,20558,12025,0,-,2
23:10:18.413,snap,playback,tv.danmaku.bili,charging,1,43.6,56.4,85,95,0,17.09,0,0,23,4.203,-5.348,22.477644,18961,12586,0,-,2
23:10:19.413,snap,playback,tv.danmaku.bili,charging,1,43.6,56.4,85,95,0,17.25,0,0,22,4.205,-5.264,22.135118,18961,12586,0,-,2
23:10:20.416,snap,playback,tv.danmaku.bili,charging,1,43.6,57.2,85,95,0,17.25,0,0,22,4.2,-5.146,21.6132,20059,13693,0,-,2
23:10:21.416,snap,playback,tv.danmaku.bili,charging,1,43.6,57.2,85,95,0,17.93,0,0,22,4.192,-5.196,21.781631,20059,13693,0,-,2
23:10:22.416,snap,playback,tv.danmaku.bili,charging,1,43.6,57.2,85,95,0,17.93,0,0,23,4.184,-5.248,21.957632,22499,14745,0,-,2
23:10:23.416,snap,playback,tv.danmaku.bili,charging,1,43.6,57.2,85,95,0,19.03,0,0,22,4.204,-5.154,21.667416,22499,14745,0,-,2
23:10:24.416,snap,playback,tv.danmaku.bili,charging,1,43.6,57.2,85,95,0,19.03,0,0,22,4.194,-5.208,21.842352,21561,13997,0,-,2
23:10:25.416,snap,playback,tv.danmaku.bili,charging,1,43.6,57.6,85,95,0,19.75,0,0,22,4.19,-5.02,21.0338,21561,13997,0,-,2
23:10:26.416,snap,playback,tv.danmaku.bili,charging,1,43.6,58,85,95,0,19.75,0,0,22,4.193,-5.218,21.879072,21481,13297,0,-,2
23:10:27.417,snap,playback,tv.danmaku.bili,charging,1,43.6,57.6,85,95,0,19.43,0,0,22,4.208,-5.29,22.26032,21481,13297,0,-,2
23:10:28.419,snap,playback,tv.danmaku.bili,charging,1,43.6,57.6,85,95,0,19.43,0,0,22,4.204,-5.144,21.625376,20558,12793,0,-,2
23:10:29.419,snap,playback,tv.danmaku.bili,charging,1,43.6,57.6,85,95,0,19.89,0,0,22,4.204,-5.144,21.625376,20558,12793,0,-,2
23:10:30.418,snap,playback,tv.danmaku.bili,charging,1,43.7,58,85,95,0,19.89,0,0,22,4.203,-5.158,21.679075,21341,12684,0,-,2
23:10:31.420,snap,playback,tv.danmaku.bili,charging,1,43.7,58,85,95,0,19.89,0,0,22,4.205,-5.07,21.319351,21341,12684,0,-,2
23:10:32.419,snap,playback,tv.danmaku.bili,charging,1,43.7,58.8,85,95,0,20.09,0,0,22,4.203,-4.916,20.661947,20191,13350,0,-,2
23:10:33.419,snap,playback,tv.danmaku.bili,charging,1,43.7,57.6,85,95,0,20.09,0,0,22,4.202,-5.204,21.867208,20191,13350,0,-,2
23:10:34.420,snap,playback,tv.danmaku.bili,charging,1,43.7,58.8,85,95,0,19.89,0,0,22,4.195,-5.158,21.637812,21134,14550,0,-,2
23:10:35.420,snap,playback,tv.danmaku.bili,charging,1,43.7,57.6,85,95,0,19.89,0,0,22,4.202,-5.222,21.942844,21134,14550,0,-,2
23:10:36.432,snap,playback,tv.danmaku.bili,charging,1,43.7,58.8,85,95,0,19.91,0,0,23,4.193,-5.134,21.526861,21703,14470,0,-,2
23:10:37.433,snap,playback,tv.danmaku.bili,charging,1,43.7,59.2,85,95,0,19.91,0,0,23,4.192,-5.074,21.270206,21703,14470,0,-,2
23:10:38.432,snap,playback,tv.danmaku.bili,charging,1,43.7,59.2,85,95,0,19.93,0,0,19,4.184,-5.022,21.012047,23584,14266,0,-,2
23:10:39.433,snap,playback,tv.danmaku.bili,charging,1,43.7,57.6,85,95,0,19.93,0,0,11,4.206,-5.264,22.140383,23584,14266,0,-,2
23:10:40.433,snap,playback,tv.danmaku.bili,charging,1,43.7,57.6,85,95,0,20.3,0,0,19,4.201,-5.284,22.198084,23584,14266,0,-,2
23:10:41.433,snap,playback,tv.danmaku.bili,charging,1,43.7,58,85,95,0,20.3,0,0,22,4.201,-5.016,21.072216,23681,14508,0,-,2
23:10:42.433,snap,playback,tv.danmaku.bili,charging,1,43.7,58,85,95,0,22.42,0,0,21,4.2,-5.258,22.0836,23681,14508,0,-,2
23:10:43.433,snap,playback,tv.danmaku.bili,charging,1,43.7,57.6,85,95,0,22.42,0,0,18,4.211,-5.234,22.040375,20723,12481,0,-,2
23:10:44.433,snap,playback,tv.danmaku.bili,charging,1,43.7,57.6,85,95,0,21.8,0,0,14,4.207,-5.29,22.255028,20723,12481,0,-,2
23:10:45.436,snap,playback,tv.danmaku.bili,charging,1,43.7,56.8,85,95,0,21.8,0,0,16,4.208,-5.234,22.024673,16399,10516,0,-,2
23:10:46.435,snap,playback,tv.danmaku.bili,charging,1,43.7,56.4,85,95,0,20.93,0,0,15,4.215,-5.3,22.339502,16399,10516,0,-,2
23:10:47.435,snap,playback,tv.danmaku.bili,charging,1,43.7,56.4,85,95,0,20.93,0,0,15,4.211,-5.262,22.158281,16676,10438,0,-,2
23:10:48.435,snap,playback,tv.danmaku.bili,charging,1,43.7,56.4,85,95,0,20.04,0,0,15,4.208,-5.286,22.243488,16676,10438,0,-,2
23:10:49.437,snap,playback,tv.danmaku.bili,charging,1,43.7,58.8,85,95,0,20.04,0,0,15,4.189,-4.926,20.635015,19309,10388,0,-,2
23:10:50.438,snap,playback,tv.danmaku.bili,charging,1,43.7,58.8,85,95,0,19.48,0.36,0,14,4.201,-5.132,21.559532,19309,10388,0,-,2
23:10:51.439,snap,playback,tv.danmaku.bili,charging,1,43.8,57.2,85,95,0,19.48,0.36,0,11,4.213,-5.222,22.000286,20036,9640,0,-,2
23:10:52.439,snap,playback,tv.danmaku.bili,charging,1,43.8,55.6,85,95,0,18.67,0.29,0,13,4.211,-5.326,22.427786,20036,9640,0,-,2
23:10:53.439,snap,playback,tv.danmaku.bili,charging,1,43.8,54.4,85,95,0,18.67,0.29,0,0,4.218,-5.426,22.886868,13023,6184,0,-,2
23:10:54.440,snap,playback,tv.danmaku.bili,charging,1,43.8,53.6,85,95,0,17.28,0.24,0,0,4.208,-5.452,22.942019,13023,6184,0,-,2
23:10:55.441,snap,playback,tv.danmaku.bili,charging,1,43.8,53.6,85,95,0,16.5,0.19,0,0,4.222,-5.492,23.187225,9345,3722,0,-,2
23:10:56.441,snap,playback,tv.danmaku.bili,charging,1,43.8,53.6,85,95,0,16.5,0.19,0,0,4.223,-5.538,23.386974,9345,3722,0,-,2
23:10:57.441,snap,playback,tv.danmaku.bili,charging,1,43.8,52.1,85,95,0,14.96,0.16,0,0,4.219,-5.494,23.179186,6719,2712,0,-,2
23:10:58.442,snap,playback,tv.danmaku.bili,charging,1,43.8,52.1,85,95,0,14.96,0.16,0,0,4.222,-5.528,23.339216,6719,2712,0,-,2
23:10:59.442,snap,playback,tv.danmaku.bili,charging,1,43.8,52.1,85,95,0,14.61,0.13,0,0,4.222,-5.478,23.128117,6996,2877,0,-,2
23:11:00.442,snap,playback,tv.danmaku.bili,charging,1,43.8,52.1,85,95,0,14.61,0.13,0,0,4.219,-5.434,22.926044,6996,2877,0,-,2
23:11:01.442,snap,playback,tv.danmaku.bili,charging,1,43.8,52.1,85,95,0,14.5,0.1,0,0,4.223,-5.436,22.956228,12125,5388,0,-,2
23:11:02.442,snap,playback,tv.danmaku.bili,charging,1,43.8,52.4,85,95,0,14.5,0.1,0,0,4.225,-5.486,23.17835,12125,5388,0,-,2
23:11:03.442,snap,playback,tv.danmaku.bili,charging,1,43.8,52.1,85,95,0,14.04,0.08,0,0,4.225,-5.486,23.17835,9388,4821,0,-,2
23:11:04.443,snap,playback,tv.danmaku.bili,charging,1,43.8,52.1,85,95,0,14.04,0.08,0,0,4.224,-5.506,23.257343,9388,4821,0,-,2
23:11:05.443,snap,playback,tv.danmaku.bili,charging,1,43.8,51.7,85,95,0,14.04,0.08,0,0,4.224,-5.502,23.240448,9889,4628,0,-,2
23:11:06.443,snap,playback,tv.danmaku.bili,charging,1,43.8,52.1,85,95,0,13.67,0.07,0,0,4.226,-5.502,23.25145,9889,4628,0,-,2
23:11:07.444,snap,playback,tv.danmaku.bili,charging,1,43.8,54,85,95,0,13.67,0.07,0,8,4.204,-5.368,22.567072,10863,5420,0,-,2
23:11:08.444,snap,playback,tv.danmaku.bili,charging,1,43.8,54,85,95,0,14.45,0.05,0,13,4.208,-5.25,22.092001,10863,5420,0,-,2
23:11:09.448,snap,playback,tv.danmaku.bili,charging,1,43.8,54.4,85,95,0,14.45,0.05,0,18,4.218,-5.344,22.54099,13952,7618,0,-,2
23:11:10.448,snap,playback,tv.danmaku.bili,charging,1,43.8,55.2,85,95,0,14.91,0.04,0,18,4.205,-5.112,21.49596,13952,7618,0,-,2
23:11:11.448,snap,playback,tv.danmaku.bili,charging,1,43.8,55.2,85,95,0,14.91,0.04,0,22,4.207,-5.258,22.120405,14022,8535,0,-,2
23:11:12.448,snap,playback,tv.danmaku.bili,charging,1,43.8,53.6,85,95,0,14.93,0.03,0,22,4.219,-5.276,22.259443,14022,8535,0,-,2
23:11:13.448,snap,playback,tv.danmaku.bili,charging,1,43.8,53.6,85,95,0,14.93,0.03,0,16,4.221,-5.352,22.590794,14130,8669,0,-,2
23:11:14.448,snap,playback,tv.danmaku.bili,charging,1,43.8,56.4,85,95,0,15.12,0.03,0,18,4.203,-5.044,21.199932,14130,8669,0,-,2
23:11:15.449,snap,playback,tv.danmaku.bili,charging,1,43.8,56.4,85,95,0,15.12,0.03,0,15,4.216,-4.98,20.99568,22285,13235,0,-,2
23:11:16.449,snap,playback,tv.danmaku.bili,charging,1,43.8,56,85,95,0,16.19,0.02,0,13,4.222,-5.16,21.78552,22285,13235,0,-,2
23:11:17.449,snap,playback,tv.danmaku.bili,charging,1,43.8,55.6,85,95,0,16.19,0.02,0,13,4.217,-5.114,21.565737,15783,10913,0,-,2
23:11:18.450,snap,playback,tv.danmaku.bili,charging,1,43.8,56,85,95,0,15.97,0.02,0,26,4.218,-5.134,21.65521,15783,10913,0,-,2
23:11:19.450,snap,playback,tv.danmaku.bili,charging,1,43.8,57.6,85,95,0,15.97,0.02,0,16,4.207,-5.04,21.20328,16254,10640,0,-,2
23:11:20.450,snap,playback,tv.danmaku.bili,charging,1,43.8,57.6,85,95,0,15.79,0.01,0,28,4.211,-5,21.055,16254,10640,0,-,2
23:11:21.451,snap,playback,tv.danmaku.bili,charging,1,43.8,57.6,85,95,0,15.79,0.01,0,29,4.208,-5.038,21.199905,21089,13575,0,-,2
23:11:22.452,snap,playback,tv.danmaku.bili,charging,1,43.8,56.4,85,95,0,16.92,0.01,0,23,4.221,-5.136,21.679058,21089,13575,0,-,2
23:11:23.451,snap,playback,tv.danmaku.bili,charging,1,43.9,56.4,85,95,0,16.92,0.01,0,5,4.207,-5.114,21.514597,18893,10435,0,-,2
23:11:24.452,snap,playback,tv.danmaku.bili,charging,1,43.9,59.4,85,95,0,18.56,0.01,0,25,4.179,-4.33,18.09507,18893,10435,0,-,2
23:11:25.452,snap,playback,tv.danmaku.bili,charging,1,43.9,62.4,85,95,0,18.56,0.01,0,14,4.21,-4.958,20.87318,33030,17061,0,-,2
23:11:26.454,snap,playback,tv.danmaku.bili,charging,1,43.9,61.5,85,95,0,21.9,0,0.18,4,4.217,-4.998,21.076567,33030,17061,0,-,2
23:11:27.453,snap,playback,tv.danmaku.bili,charging,1,43.9,58.8,85,95,0,21.9,0,0.18,17,4.202,-4.834,20.31247,26393,15001,0,-,2
23:11:28.453,snap,playback,tv.danmaku.bili,charging,1,43.9,58,85,95,0,22.28,0,0.14,39,4.22,-5.118,21.59796,26393,15001,0,-,2
23:11:29.453,snap,playback,tv.danmaku.bili,charging,1,43.9,58,85,95,0,22.28,0,0.14,37,4.217,-5.018,21.160906,18418,11153,0,-,2
23:11:30.454,snap,playback,tv.danmaku.bili,charging,1,43.9,59.2,85,95,0,21.69,0,0.12,37,4.215,-4.86,20.484901,18418,11153,0,-,2
23:11:31.454,snap,playback,tv.danmaku.bili,charging,1,43.9,59.2,85,95,0,21.56,0,0.09,37,4.222,-5.146,21.726412,21546,12624,0,-,2
23:11:32.458,snap,playback,tv.danmaku.bili,charging,1,43.9,59.2,85,95,0,21.56,0,0.09,8,4.188,-4.784,20.035393,21546,12624,0,-,2
23:11:33.459,snap,playback,tv.danmaku.bili,charging,1,43.9,61.1,85,95,0,24.18,0,0.44,8,4.2,-4.746,19.933199,31756,17512,0,-,2
23:11:34.460,snap,playback,tv.danmaku.bili,charging,1,43.9,61.9,85,95,0,24.18,0,0.44,10,4.209,-5.016,21.112343,31756,17512,0,-,2
23:11:35.460,snap,playback,tv.danmaku.bili,charging,1,43.9,61.1,85,95,0,25.77,0,0.36,13,4.221,-5.068,21.392029,25050,13922,0,-,2
23:11:36.459,snap,playback,tv.danmaku.bili,charging,1,43.9,58.8,85,95,0,25.77,0,0.36,11,4.224,-5.118,21.618431,25050,13922,0,-,2
23:11:37.460,snap,playback,tv.danmaku.bili,charging,1,43.9,58.4,85,95,0,24.55,0,0.47,10,4.224,-5.124,21.643776,17784,11552,0,-,2
23:11:38.460,snap,playback,tv.danmaku.bili,charging,1,43.9,58.4,85,95,0,24.55,0,0.47,18,4.224,-5.124,21.643776,17784,11552,0,-,2
23:11:39.460,snap,playback,tv.danmaku.bili,charging,1,43.9,58.8,85,95,0,24.55,0,0.47,18,4.222,-5.064,21.380209,22085,13339,0,-,2
23:11:40.460,snap,playback,tv.danmaku.bili,charging,1,43.9,58.8,85,95,0,23.54,0,0.39,12,4.218,-4.974,20.980331,22085,13339,0,-,2
23:11:41.460,snap,playback,tv.danmaku.bili,charging,1,43.9,56.8,85,95,0,23.54,0,0.39,10,4.224,-5.11,21.58464,18774,10622,0,-,2
23:11:42.461,snap,playback,tv.danmaku.bili,charging,1,43.9,56.8,85,95,0,22.54,0,0.32,10,4.225,-5.186,21.910849,18774,10622,0,-,2
23:11:43.462,snap,playback,tv.danmaku.bili,charging,1,43.9,56.4,85,95,0,22.54,0,0.32,10,4.224,-5.17,21.83808,16492,10870,0,-,2
23:11:44.461,snap,playback,tv.danmaku.bili,charging,1,44,56.4,85,95,0,21.89,0,0.26,10,4.226,-5.164,21.823063,16492,10870,0,-,2
23:11:45.461,snap,playback,tv.danmaku.bili,charging,1,44,57.2,85,95,0,21.89,0,0.26,10,4.222,-5.182,21.878405,18291,11008,0,-,2
23:11:46.462,snap,playback,tv.danmaku.bili,charging,1,44,57.6,85,95,0,21.37,0,0.21,8,4.208,-5.094,21.435553,18291,11008,0,-,2
23:11:47.462,snap,playback,tv.danmaku.bili,charging,1,44,57.6,85,95,0,21.37,0,0.21,6,4.223,-5.196,21.942709,17294,10351,0,-,2
23:11:48.464,snap,playback,tv.danmaku.bili,charging,1,44,56.4,85,95,0,20.94,0,0.17,10,4.227,-5.194,21.955038,17294,10351,0,-,2
23:11:49.463,snap,playback,tv.danmaku.bili,charging,1,44,56.4,85,95,0,20.94,0,0.17,12,4.225,-5.13,21.67425,17619,11783,0,-,2
23:11:50.464,snap,playback,tv.danmaku.bili,charging,1,44,56.4,85,95,0,20.59,0,0.14,10,4.226,-5.152,21.77235,17619,11783,0,-,2
23:11:51.465,snap,playback,tv.danmaku.bili,charging,1,44,56.4,85,95,0,20.59,0,0.14,10,4.226,-5.136,21.704737,18472,11141,0,-,2
23:11:52.466,snap,playback,tv.danmaku.bili,charging,1,44,55.6,85,95,0,20.66,0,0.11,10,4.222,-5.14,21.70108,18472,11141,0,-,2
23:11:53.466,snap,playback,tv.danmaku.bili,charging,1,44,55.6,85,95,0,20.66,0,0.11,10,4.229,-5.174,21.880846,16770,10885,0,-,2
23:11:54.468,snap,playback,tv.danmaku.bili,charging,1,44,56,85,95,0,20.36,0,0.09,10,4.227,-5.124,21.65915,16770,10885,0,-,2
23:11:55.470,snap,playback,tv.danmaku.bili,charging,1,44,56,85,95,0,20.36,0,0.09,10,4.224,-5.028,21.238272,20260,11638,0,-,2
23:11:56.470,snap,playback,tv.danmaku.bili,charging,1,44,56.8,85,95,0,21.02,0,0.07,10,4.222,-5.132,21.667305,20260,11638,0,-,2
23:11:57.471,snap,playback,tv.danmaku.bili,charging,1,44,56,85,95,0,21.02,0,0.07,10,4.225,-5.11,21.58975,20260,11638,0,-,2
23:11:58.474,snap,playback,tv.danmaku.bili,charging,1,44,56.4,85,95,0,21.01,0,0.06,10,4.228,-5.128,21.681185,18298,11257,0,-,2
23:11:59.472,snap,playback,tv.danmaku.bili,charging,1,44,55.6,85,95,0,21.01,0,0.06,10,4.228,-5.094,21.537432,18298,11257,0,-,2
23:12:00.472,snap,playback,tv.danmaku.bili,charging,1,44,56.4,85,95,0,20.29,0,0.05,8,4.23,-5.138,21.73374,17297,10737,0,-,2
23:12:01.472,snap,playback,tv.danmaku.bili,charging,1,44.1,55.6,85,95,0,20.29,0,0.05,9,4.23,-5.092,21.53916,17297,10737,0,-,2
23:12:02.473,snap,playback,tv.danmaku.bili,charging,1,44.1,55.6,85,95,0,20.41,0,0.04,10,4.232,-5.15,21.7948,17658,10716,0,-,2
23:12:03.473,snap,playback,tv.danmaku.bili,charging,1,44.1,55.2,85,95,0,20.41,0,0.04,11,4.231,-5.124,21.679644,17658,10716,0,-,2
23:12:04.473,snap,playback,tv.danmaku.bili,charging,1,44.1,55.2,85,95,0,19.98,0,0.03,10,4.231,-5.116,21.645796,15609,10471,0,-,2
23:12:05.473,snap,playback,tv.danmaku.bili,charging,1,44.1,56.4,85,95,0,19.98,0,0.03,10,4.23,-5.06,21.4038,15609,10471,0,-,2
23:12:06.476,snap,playback,tv.danmaku.bili,charging,1,44,58,85,95,0,20.16,0,0.02,10,4.226,-4.958,20.952507,20204,11611,0,-,2
23:12:07.474,snap,playback,tv.danmaku.bili,charging,1,44,58,85,95,0,19.59,0,0.02,10,4.232,-5.108,21.617054,20204,11611,0,-,2
23:12:08.474,snap,playback,tv.danmaku.bili,charging,1,44,56,85,95,0,19.59,0,0.02,10,4.231,-5.118,21.654259,16584,10666,0,-,2
23:12:09.475,snap,playback,tv.danmaku.bili,charging,1,44,55.6,85,95,0,19.12,0,0.01,8,4.234,-5.204,22.033737,16584,10666,0,-,2
23:12:10.475,snap,playback,tv.danmaku.bili,charging,1,44,55.6,85,95,0,19.12,0,0.01,8,4.237,-5.318,22.532366,15128,9743,0,-,2
23:12:11.476,snap,playback,tv.danmaku.bili,charging,1,44.1,55.2,85,95,0,18.91,0,0.01,8,4.248,-5.234,22.234034,15128,9743,0,-,2
23:12:12.476,snap,playback,tv.danmaku.bili,charging,1,44.1,55.2,85,95,0,18.91,0,0.01,8,4.234,-5.19,21.97446,17518,10279,0,-,2
23:12:13.476,snap,playback,tv.danmaku.bili,charging,1,44.1,55.2,85,95,0,18.57,0,0.01,8,4.234,-5.19,21.97446,17518,10279,0,-,2
23:12:14.476,snap,playback,tv.danmaku.bili,charging,1,44.1,55.6,85,95,0,18.57,0,0.01,8,4.235,-5.098,21.59003,15716,10209,0,-,2
23:12:15.477,snap,playback,tv.danmaku.bili,charging,1,44.1,56,85,95,0,18.57,0,0.01,10,4.232,-5.04,21.329279,15716,10209,0,-,2
23:12:16.477,snap,playback,tv.danmaku.bili,charging,1,44.1,56,85,95,0,18.46,0,0,10,4.236,-5.15,21.815401,17130,10551,0,-,2
23:12:17.477,snap,playback,tv.danmaku.bili,charging,1,44.1,56,85,95,0,18.46,0,0,10,4.235,-5.284,22.37774,17130,10551,0,-,2
23:12:18.477,snap,playback,tv.danmaku.bili,charging,1,44.1,56,85,95,0,18.2,0,0,10,4.243,-5.258,22.309694,18129,11421,0,-,2
23:12:19.477,snap,playback,tv.danmaku.bili,charging,1,44.1,56,85,95,0,18.2,0,0,9,4.237,-5.274,22.345938,18129,11421,0,-,2
23:12:20.477,snap,playback,tv.danmaku.bili,charging,1,44.1,56,85,95,0,18.34,0,0,6,4.235,-5.034,21.31899,17190,10218,0,-,2
23:12:21.478,snap,playback,tv.danmaku.bili,charging,1,44.1,55.6,85,95,0,18.34,0,0,9,4.252,-5.254,22.340008,17190,10218,0,-,2
23:12:22.478,snap,playback,tv.danmaku.bili,charging,1,44.1,55.6,85,95,0,18.28,0,0,10,4.24,-5.338,22.633118,17248,10972,0,-,2
23:12:23.479,snap,playback,tv.danmaku.bili,charging,1,44.1,55.2,85,95,0,18.28,0,0,8,4.245,-5.436,23.075819,17248,10972,0,-,2
23:12:24.479,snap,playback,tv.danmaku.bili,charging,1,44.1,55.2,85,95,0,17.86,0,0,3,4.254,-5.358,22.792933,15980,8447,0,-,2
23:12:25.482,snap,playback,tv.danmaku.bili,charging,1,44.1,55.6,85,95,0,17.86,0,0,6,4.249,-5.192,22.060808,15980,8447,0,-,2
23:12:26.482,snap,playback,tv.danmaku.bili,charging,1,44.1,55.6,85,95,0,18.61,0,0,10,4.245,-5.206,22.099468,19036,11610,0,-,2
23:12:27.482,snap,playback,tv.danmaku.bili,charging,1,44.1,55.6,85,95,0,18.61,0,0,10,4.241,-5.352,22.697834,19036,11610,0,-,2
23:12:28.483,snap,playback,tv.danmaku.bili,charging,1,44.1,55.2,85,95,0,17.96,0,0,10,4.254,-5.312,22.597248,16189,9589,0,-,2
23:12:29.483,snap,playback,tv.danmaku.bili,charging,1,44.1,55.2,85,95,0,17.96,0,0,10,4.25,-5.378,22.856499,16189,9589,0,-,2
23:12:30.483,snap,playback,tv.danmaku.bili,charging,1,44.1,55.2,85,95,0,17.96,0,0,10,4.257,-5.24,22.306679,20571,10186,0,-,2
23:12:31.483,snap,playback,tv.danmaku.bili,charging,1,44.1,55.6,85,95,0,17.96,0,0,6,4.25,-5.4,22.95,20571,10186,0,-,2
23:12:32.483,snap,playback,tv.danmaku.bili,charging,1,44.1,56,85,95,0,17.61,0,0,7,4.252,-5.444,23.147886,14533,8410,0,-,2
23:12:33.484,snap,playback,tv.danmaku.bili,charging,1,44.2,55.6,85,95,0,17.61,0,0,8,4.245,-5.248,22.27776,14533,8410,0,-,2
23:12:34.484,snap,playback,tv.danmaku.bili,charging,1,44.2,56,85,95,0,16.95,0,0,9,4.242,-5.328,22.601377,17766,9581,0,-,2
23:12:35.485,snap,playback,tv.danmaku.bili,charging,1,44.2,55.2,85,95,0,16.95,0,0,10,4.245,-5.272,22.379639,17766,9581,0,-,2
23:12:36.485,snap,playback,tv.danmaku.bili,charging,1,44.2,55.2,85,95,0,16.78,0,0,10,4.24,-5.286,22.412638,16625,10290,0,-,2
23:12:37.486,snap,playback,tv.danmaku.bili,charging,1,44.2,55.2,85,95,0,16.78,0,0,10,4.248,-5.352,22.735298,16625,10290,0,-,2
23:12:38.486,snap,playback,tv.danmaku.bili,charging,1,44.2,55.2,85,95,0,17,0,0,10,4.259,-5.372,22.879349,14979,10118,0,-,2
23:12:39.488,snap,playback,tv.danmaku.bili,charging,1,44.2,55.2,85,95,0,17,0,0,10,4.253,-5.252,22.336754,14979,10118,0,-,2
23:12:40.488,snap,playback,tv.danmaku.bili,charging,1,44.2,55.2,85,95,0,16.82,0,0,10,4.255,-5.308,22.58554,16127,10578,0,-,2
23:12:41.493,snap,playback,tv.danmaku.bili,charging,1,44.2,55.2,85,95,0,16.82,0,0,10,4.259,-5.268,22.43641,16127,10578,0,-,2
23:12:42.497,snap,playback,tv.danmaku.bili,charging,1,44.2,55.2,85,95,0,16.85,0,0,10,4.25,-5.328,22.644001,15828,10240,0,-,2
23:12:43.497,snap,playback,tv.danmaku.bili,charging,1,44.2,55.2,85,95,0,16.85,0,0,10,4.257,-5.264,22.408848,15828,10240,0,-,2
23:12:44.497,snap,playback,tv.danmaku.bili,charging,1,44.2,55.2,85,95,0,17.06,0,0,10,4.252,-5.342,22.714184,15900,10208,0,-,2
23:12:45.497,snap,playback,tv.danmaku.bili,charging,1,44.2,55.2,85,95,0,17.06,0,0,10,4.235,-5.126,21.70861,15900,10208,0,-,2
23:12:46.498,snap,playback,tv.danmaku.bili,charging,1,44.2,56,85,95,0,18.13,0,0,10,4.261,-5.33,22.71113,22055,13694,0,-,2
23:12:47.498,snap,playback,tv.danmaku.bili,charging,1,44.2,56,85,95,0,18.13,0,0,10,4.246,-5.35,22.716099,22055,13694,0,-,2
23:12:48.501,snap,playback,tv.danmaku.bili,charging,1,44.2,56,85,95,0,17.93,0,0,16,4.257,-5.24,22.306679,16728,10660,0,-,2
23:12:49.499,snap,playback,tv.danmaku.bili,charging,1,44.2,56,85,95,0,18.3,0,0,23,4.24,-5.17,21.9208,16728,10660,0,-,2
23:12:50.502,snap,playback,tv.danmaku.bili,charging,1,44.2,56.4,85,95,0,18.3,0,0,23,4.258,-5.158,21.962763,20655,13735,0,-,2
23:12:51.499,snap,playback,tv.danmaku.bili,charging,1,44.2,56.4,85,95,0,18.79,0,0,21,4.239,-5.128,21.73759,20655,13735,0,-,2
23:12:52.499,snap,playback,tv.danmaku.bili,charging,1,44.2,57.2,85,95,0,18.79,0,0,20,4.239,-5.128,21.73759,21921,13234,0,-,2
23:12:53.499,snap,playback,tv.danmaku.bili,charging,1,44.2,57.2,85,95,0,18.79,0,0,20,4.253,-5.22,22.200659,21921,13234,0,-,2
23:12:54.500,snap,playback,tv.danmaku.bili,charging,1,44.3,57.2,85,95,0,18.83,0,0,20,4.253,-4.936,20.992805,19434,12044,0,-,2
23:12:55.501,snap,playback,tv.danmaku.bili,charging,1,44.3,57.2,85,95,0,18.83,0,0,11,4.258,-5.3,22.5674,19434,12044,0,-,2
23:12:56.500,snap,playback,tv.danmaku.bili,charging,1,44.3,57.2,85,95,0,18.5,0,0,8,4.249,-5.22,22.17978,15737,9563,0,-,2
23:12:57.502,snap,playback,tv.danmaku.bili,charging,1,44.3,55.6,85,95,0,18.5,0,0,7,4.261,-5.28,22.498081,15737,9563,0,-,2
23:12:58.501,snap,playback,tv.danmaku.bili,charging,1,44.3,57.2,85,95,0,17.86,0,0,7,4.264,-5.286,22.539503,14732,9178,0,-,2
23:12:59.502,snap,playback,tv.danmaku.bili,charging,1,44.3,55.6,85,95,0,17.86,0,0,7,4.238,-5.066,21.469707,14732,9178,0,-,2
23:13:00.502,snap,playback,tv.danmaku.bili,charging,1,44.3,56.4,85,95,0,17.34,0.18,0,7,4.255,-5.28,22.466402,19473,10160,0,-,2
23:13:01.502,snap,playback,tv.danmaku.bili,charging,1,44.3,55.6,85,95,0,17.34,0.18,0,10,4.256,-5.208,22.165249,19473,10160,0,-,2
23:13:02.502,snap,playback,tv.danmaku.bili,charging,1,44.3,56.4,85,95,0,17.46,0.14,0,8,4.254,-5.254,22.350517,19218,9999,0,-,2
23:13:03.502,snap,playback,tv.danmaku.bili,charging,1,44.3,55.6,85,95,0,17.46,0.14,0,6,4.262,-5.192,22.128304,19218,9999,0,-,2
23:13:04.502,snap,playback,tv.danmaku.bili,charging,1,44.3,56.4,85,95,0,17.56,0.12,0,10,4.257,-5.25,22.34925,16249,9423,0,-,2
23:13:05.503,snap,playback,tv.danmaku.bili,charging,1,44.3,55.2,85,95,0,17.56,0.12,0,10,4.256,-5.228,22.250368,16249,9423,0,-,2
23:13:06.504,snap,playback,tv.danmaku.bili,charging,1,44.3,57.2,85,95,0,17.27,0.09,0,10,4.258,-5.284,22.499271,21409,11336,0,-,2
23:13:07.503,snap,playback,tv.danmaku.bili,charging,1,44.3,56,85,95,0,17.27,0.09,0,10,4.258,-4.98,21.20484,21409,11336,0,-,2
23:13:08.504,snap,playback,tv.danmaku.bili,charging,1,44.3,56,85,95,0,18.31,0.08,0,10,4.259,-5.308,22.606771,16811,9777,0,-,2
23:13:09.504,snap,playback,tv.danmaku.bili,charging,1,44.3,56,85,95,0,18.31,0.08,0,10,4.266,-5.196,22.166136,16811,9777,0,-,2
23:13:10.504,snap,playback,tv.danmaku.bili,charging,1,44.3,56,85,95,0,17.71,0.06,0,10,4.267,-5.262,22.452955,16558,9838,0,-,2
23:13:11.504,snap,playback,tv.danmaku.bili,charging,1,44.3,56.4,85,95,0,17.71,0.06,0,12,4.25,-5.092,21.641,16558,9838,0,-,2
23:13:12.505,snap,playback,tv.danmaku.bili,charging,1,44.3,56.8,85,95,0,17.4,0.05,0,22,4.263,-5.188,22.116446,20649,12384,0,-,2
23:13:13.504,snap,playback,tv.danmaku.bili,charging,1,44.3,56.8,85,95,0,17.4,0.05,0,21,4.264,-5.168,22.036352,20649,12384,0,-,2
23:13:14.512,snap,playback,tv.danmaku.bili,charging,1,44.3,56.8,85,95,0,17.87,0.04,0,21,4.25,-5.108,21.709,22746,13292,0,-,2
23:13:15.510,snap,playback,tv.danmaku.bili,charging,1,44.3,56.8,85,95,0,17.87,0.04,0,22,4.262,-5.146,21.932253,22746,13292,0,-,2
23:13:16.511,snap,playback,tv.danmaku.bili,charging,1,44.3,58,85,95,0,18.44,0.03,0,17,4.267,-5.228,22.307878,18977,12195,0,-,2
23:13:17.511,snap,playback,tv.danmaku.bili,charging,1,44.3,59.2,85,95,0,18.44,0.03,0,10,4.255,-4.856,20.662281,18977,12195,0,-,2
23:13:18.511,snap,playback,tv.danmaku.bili,charging,1,44.3,59.2,85,95,0,18.17,0.21,0.36,10,4.266,-5.07,21.62862,20815,12301,0,-,2
23:13:19.512,snap,playback,tv.danmaku.bili,charging,1,44.3,58.4,85,95,0,18.17,0.21,0.36,10,4.267,-5.198,22.179867,20815,12301,0,-,2
23:13:20.512,snap,playback,tv.danmaku.bili,charging,1,44.3,57.2,85,95,0,18.32,0.17,0.29,10,4.268,-5.248,22.398466,17366,10480,0,-,2
23:13:21.512,snap,playback,tv.danmaku.bili,charging,1,44.3,56.8,85,95,0,18.32,0.17,0.29,10,4.269,-5.224,22.301256,17366,10480,0,-,2
23:13:22.512,snap,playback,tv.danmaku.bili,charging,1,44.3,56.8,85,95,0,18.26,0.14,0.24,10,4.27,-5.262,22.46874,17366,10480,0,-,2
23:13:23.512,snap,playback,tv.danmaku.bili,charging,1,44.3,56.4,85,95,0,18.26,0.14,0.24,10,4.268,-5.216,22.261889,16558,10851,0,-,2
23:13:24.512,snap,playback,tv.danmaku.bili,charging,1,44.3,56.4,85,95,0,18.03,0.11,0.37,10,4.268,-5.182,22.116777,16558,10851,0,-,2
23:13:25.512,snap,playback,tv.danmaku.bili,charging,1,44.3,56.4,85,95,0,18.57,0.09,0.31,10,4.269,-5.184,22.130497,17256,10694,0,-,2
23:13:26.513,snap,playback,tv.danmaku.bili,charging,1,44.4,56.8,85,95,0,18.57,0.09,0.31,10,4.268,-5.13,21.89484,17256,10694,0,-,2
23:13:27.513,snap,playback,tv.danmaku.bili,charging,1,44.4,56.8,85,95,0,18.28,0.07,0.25,10,4.268,-5.13,21.89484,17634,11280,0,-,2
23:13:28.513,snap,playback,tv.danmaku.bili,charging,1,44.4,56.8,85,95,0,18.28,0.07,0.25,10,4.271,-5.21,22.25191,17634,11280,0,-,2
23:13:29.513,snap,playback,tv.danmaku.bili,charging,1,44.4,56.4,85,95,0,18.28,0.07,0.25,10,4.261,-5.16,21.986761,16518,10898,0,-,2
23:13:30.515,snap,playback,tv.danmaku.bili,charging,1,44.4,56.4,85,95,0,17.87,0.06,0.2,10,4.271,-5.202,22.217743,16518,10898,0,-,2
23:13:31.516,snap,playback,tv.danmaku.bili,charging,1,44.4,56,85,95,0,17.87,0.06,0.2,10,4.27,-5.252,22.426039,15907,10365,0,-,2
23:13:32.515,snap,playback,tv.danmaku.bili,charging,1,44.4,55.6,85,95,0,17.53,0.05,0.16,8,4.273,-5.266,22.501616,15907,10365,0,-,2
23:13:33.515,snap,playback,tv.danmaku.bili,charging,1,44.4,54.8,85,95,0,17.53,0.05,0.16,8,4.27,-5.236,22.35772,14252,8817,0,-,2
23:13:34.516,snap,playback,tv.danmaku.bili,charging,1,44.4,55.2,85,95,0,17.07,0.04,0.13,8,4.273,-5.294,22.621262,14252,8817,0,-,2
23:13:35.516,snap,playback,tv.danmaku.bili,charging,1,44.4,55.2,85,95,0,17.07,0.04,0.13,8,4.274,-5.312,22.703487,14083,8881,0,-,2
23:13:36.516,snap,playback,tv.danmaku.bili,charging,1,44.4,55.6,85,95,0,16.69,0.03,0.11,10,4.274,-5.246,22.421404,14083,8881,0,-,2
23:13:37.516,snap,playback,tv.danmaku.bili,charging,1,44.4,55.6,85,95,0,16.69,0.03,0.11,11,4.273,-5.206,22.245235,15882,10257,0,-,2
23:13:38.517,snap,playback,tv.danmaku.bili,charging,1,44.4,55.6,85,95,0,17.84,0.02,0.09,10,4.27,-5.126,21.88802,15882,10257,0,-,2
23:13:39.517,snap,playback,tv.danmaku.bili,charging,1,44.4,55.6,85,95,0,17.84,0.02,0.09,10,4.272,-5.25,22.428,17446,10769,0,-,2
23:13:40.517,snap,playback,tv.danmaku.bili,charging,1,44.4,56,85,95,0,17.87,0.02,0.25,10,4.274,-5.226,22.335924,17446,10769,0,-,2
23:13:41.517,snap,playback,tv.danmaku.bili,charging,1,44.4,55.6,85,95,0,17.87,0.02,0.25,10,4.265,-5.178,22.08417,15772,10062,0,-,2
23:13:42.517,snap,playback,tv.danmaku.bili,charging,1,44.4,56,85,95,0,17.89,0.01,0.2,10,4.273,-5.252,22.441793,15772,10062,0,-,2
23:13:43.517,snap,playback,tv.danmaku.bili,charging,1,44.4,55.6,85,95,0,17.89,0.01,0.2,10,4.273,-5.182,22.142685,17439,10925,0,-,2
23:13:44.521,snap,playback,tv.danmaku.bili,charging,1,44.4,56,85,95,0,17.91,0.01,0.17,10,4.275,-5.242,22.409552,17439,10925,0,-,2
23:13:45.518,snap,playback,tv.danmaku.bili,charging,1,44.4,56,85,95,0,17.91,0.01,0.17,10,4.274,-5.176,22.122225,15354,10289,0,-,2
23:13:46.518,snap,playback,tv.danmaku.bili,charging,1,44.4,56.4,85,95,0,17.56,0.01,0.14,10,4.263,-5.14,21.91182,15354,10289,0,-,2
23:13:47.518,snap,playback,tv.danmaku.bili,charging,1,44.4,59.4,85,95,0,17.56,0.01,0.14,13,4.248,-4.776,20.288448,21831,13511,0,-,2
23:13:48.520,snap,playback,tv.danmaku.bili,charging,1,44.4,59.6,85,95,0,19.45,0,0.11,14,4.275,-5.12,21.888,21831,13511,0,-,2
23:13:49.520,snap,playback,tv.danmaku.bili,charging,1,44.4,59.2,85,95,0,19.45,0,0.11,11,4.276,-5.144,21.995745,23785,14802,0,-,2
23:13:50.519,snap,playback,tv.danmaku.bili,charging,1,44.4,57.6,85,95,0,19.91,0,0.09,10,4.276,-5.126,21.918776,23785,14802,0,-,2
23:13:51.519,snap,playback,tv.danmaku.bili,charging,1,44.4,57.2,85,95,0,19.91,0,0.09,23,4.266,-4.896,20.886335,19472,12592,0,-,2
23:13:52.519,snap,playback,tv.danmaku.bili,charging,1,44.4,57.6,85,95,0,20.47,0,0.07,24,4.272,-5.028,21.479614,19472,12592,0,-,2
23:13:53.520,snap,playback,tv.danmaku.bili,charging,1,44.5,57.2,85,95,0,20.47,0,0.07,23,4.258,-4.978,21.196323,21279,14171,0,-,2
23:13:54.520,snap,playback,tv.danmaku.bili,charging,1,44.5,57.6,85,95,0,20.57,0,0.06,23,4.259,-4.968,21.15871,21279,14171,0,-,2
23:13:55.520,snap,playback,tv.danmaku.bili,charging,1,44.5,57.6,85,95,0,20.57,0,0.06,23,4.273,-5.016,21.433367,23187,13971,0,-,2
23:13:56.520,snap,playback,tv.danmaku.bili,charging,1,44.5,58.4,85,95,0,21.01,0,0.05,23,4.274,-5.032,21.50677,23187,13971,0,-,2
23:13:57.520,snap,playback,tv.danmaku.bili,charging,1,44.5,57.6,85,95,0,21.01,0,0.05,23,4.259,-4.98,21.20982,21882,14191,0,-,2
23:13:58.521,snap,playback,tv.danmaku.bili,charging,1,44.5,57.6,85,95,0,20.82,0,0.04,11,4.275,-5.102,21.811052,21882,14191,0,-,2
23:13:59.521,snap,playback,tv.danmaku.bili,charging,1,44.5,57.2,85,95,0,20.82,0,0.04,10,4.276,-5.118,21.88457,17487,11100,0,-,2
23:14:00.521,snap,playback,tv.danmaku.bili,charging,1,44.5,57.6,85,95,0,20.13,0,0.03,10,4.273,-5.058,21.612833,17487,11100,0,-,2
23:14:01.521,snap,playback,tv.danmaku.bili,charging,1,44.5,56.8,85,95,0,20.13,0,0.03,10,4.277,-5.148,22.017994,16356,10701,0,-,2
23:14:02.521,snap,playback,tv.danmaku.bili,charging,1,44.5,57.6,85,95,0,19.92,0,0.02,10,4.273,-4.996,21.347906,16356,10701,0,-,2
23:14:03.521,snap,playback,tv.danmaku.bili,charging,1,44.5,56.8,85,95,0,19.92,0,0.02,10,4.273,-4.996,21.347906,16228,10261,0,-,2
23:14:04.522,snap,playback,tv.danmaku.bili,charging,1,44.5,56.8,85,95,0,19.92,0,0.02,10,4.275,-4.96,21.204,16228,10261,0,-,2
23:14:05.522,snap,playback,tv.danmaku.bili,charging,1,44.5,56.8,85,95,0,19.39,0,0.02,11,4.279,-5.168,22.113873,15575,10189,0,-,2
23:14:06.522,snap,playback,tv.danmaku.bili,charging,1,44.5,56.8,85,95,0,18.96,0,0.01,10,4.276,-5.03,21.508282,15575,10189,0,-,2
23:14:07.523,snap,playback,tv.danmaku.bili,charging,1,44.5,56,85,95,0,18.96,0,0.01,10,4.278,-5.068,21.680902,15356,10096,0,-,2
23:14:08.523,snap,playback,tv.danmaku.bili,charging,1,44.5,56,85,95,0,18.42,0,0.01,10,4.281,-5.162,22.098524,15356,10096,0,-,2
23:14:09.523,snap,playback,tv.danmaku.bili,charging,1,44.5,56,85,95,0,18.42,0,0.01,10,4.278,-5.124,21.920471,15737,10161,0,-,2
23:14:10.526,snap,playback,tv.danmaku.bili,charging,1,44.5,56,85,95,0,18.53,0,0.01,10,4.28,-5.134,21.97352,15737,10161,0,-,2
23:14:11.526,snap,playback,tv.danmaku.bili,charging,1,44.5,56,85,95,0,18.53,0,0.01,10,4.28,-5.144,22.016321,16488,10663,0,-,2
23:14:12.526,snap,playback,tv.danmaku.bili,charging,1,44.5,56.4,85,95,0,18.07,0,0,10,4.281,-5.15,22.047152,16488,10663,0,-,2
23:14:13.526,snap,playback,tv.danmaku.bili,charging,1,44.5,57.2,85,95,0,18.07,0,0,10,4.278,-5.108,21.852022,15739,9787,0,-,2
23:14:14.526,snap,playback,tv.danmaku.bili,charging,1,44.5,57.2,85,95,0,18.24,0,0,10,4.28,-5.08,21.742401,15739,9787,0,-,2
23:14:15.527,snap,playback,tv.danmaku.bili,charging,1,44.5,56.8,85,95,0,18.24,0,0,10,4.28,-5.112,21.87936,17273,11005,0,-,2
23:14:16.527,snap,playback,tv.danmaku.bili,charging,1,44.5,56.8,85,95,0,18.19,0,0,10,4.282,-5.114,21.898148,17273,11005,0,-,2
23:14:17.528,snap,playback,tv.danmaku.bili,charging,1,44.5,56,85,95,0,18.19,0,0,10,4.281,-5.152,22.055712,16587,10612,0,-,2
23:14:18.528,snap,playback,tv.danmaku.bili,charging,1,44.5,56,85,95,0,17.79,0,0,10,4.298,-5.422,23.303755,16587,10612,0,-,2
23:14:19.527,snap,playback,tv.danmaku.bili,charging,1,44.6,55.6,85,95,0,17.79,0,0,8,4.297,-5.326,22.885822,15964,9281,0,-,2
23:14:20.529,snap,playback,tv.danmaku.bili,charging,1,44.6,56,85,95,0,17.65,0,0,7,4.295,-5.246,22.53157,15964,9281,0,-,2
23:14:21.529,snap,playback,tv.danmaku.bili,charging,1,44.6,56.4,85,95,0,17.65,0,0,9,4.281,-5.034,21.550554,16321,10262,0,-,2
23:14:22.529,snap,playback,tv.danmaku.bili,charging,1,44.6,57.6,85,95,0,17.71,0,0,14,4.283,-5.074,21.731941,16321,10262,0,-,2
23:14:23.530,snap,playback,tv.danmaku.bili,charging,1,44.6,57.6,85,95,0,17.71,0,0,23,4.281,-5.134,21.978655,22227,13881,0,-,2
23:14:24.532,snap,playback,tv.danmaku.bili,charging,1,44.5,58,85,95,0,18.31,0,0,22,4.279,-4.952,21.189608,22227,13881,0,-,2
23:14:25.533,snap,playback,tv.danmaku.bili,charging,1,44.5,58,85,95,0,18.31,0,0,23,4.282,-4.932,21.118826,21975,14167,0,-,2
23:14:26.533,snap,playback,tv.danmaku.bili,charging,1,44.5,57.6,85,95,0,18.61,0,0,12,4.288,-5.104,21.885952,21975,14167,0,-,2
23:14:27.534,snap,playback,tv.danmaku.bili,charging,1,44.5,57.6,85,95,0,18.61,0,0,10,4.282,-5.12,21.92384,16927,10801,0,-,2
23:14:28.534,snap,playback,tv.danmaku.bili,charging,1,44.5,56.4,85,95,0,18.68,0,0,4,4.291,-5.414,23.231474,16927,10801,0,-,2
23:14:29.535,snap,playback,tv.danmaku.bili,charging,1,44.5,56.4,85,95,0,18.68,0,0,3,4.297,-5.414,23.263958,13364,6849,0,-,2
23:14:30.535,snap,playback,tv.danmaku.bili,charging,1,44.6,56.4,85,95,0,18.56,0,0,8,4.302,-5.336,22.955473,13364,6849,0,-,2
23:14:31.535,snap,playback,tv.danmaku.bili,charging,1,44.6,56.4,85,95,0,18.56,0,0,10,4.301,-5.256,22.606056,17625,10448,0,-,2
23:14:32.536,snap,playback,tv.danmaku.bili,charging,1,44.6,56,85,95,0,18.27,0,0,10,4.301,-5.32,22.88132,17625,10448,0,-,2
23:14:33.537,snap,playback,tv.danmaku.bili,charging,1,44.6,56,85,95,0,18.27,0,0,15,4.301,-5.276,22.692078,17554,11369,0,-,2
23:14:34.536,snap,playback,tv.danmaku.bili,charging,1,44.6,56.4,85,95,0,18.22,0,0,23,4.297,-5.028,21.605314,17554,11369,0,-,2
23:14:35.537,snap,playback,tv.danmaku.bili,charging,1,44.6,57.6,85,95,0,18.22,0,0,23,4.296,-5.02,21.56592,26785,17462,0,-,2
23:14:36.537,snap,playback,tv.danmaku.bili,charging,1,44.6,58.8,85,95,0,19.45,0,0,23,4.289,-5.2,22.3028,26785,17462,0,-,2
23:14:37.537,snap,playback,tv.danmaku.bili,charging,1,44.6,57.6,85,95,0,19.45,0,0,23,4.292,-5.064,21.734688,20528,13402,0,-,2
23:14:38.541,snap,playback,tv.danmaku.bili,charging,1,44.6,58.8,85,95,0,19.37,0,0,24,4.287,-5.292,22.686804,20528,13402,0,-,2
23:14:39.539,snap,playback,tv.danmaku.bili,charging,1,44.6,57.6,85,95,0,19.37,0,0,23,4.287,-5.292,22.686804,20610,13937,0,-,2
23:14:40.539,snap,playback,tv.danmaku.bili,charging,1,44.6,58,85,95,0,19.37,0,0,23,4.288,-5.174,22.186111,20610,13937,0,-,2
23:14:41.540,snap,playback,tv.danmaku.bili,charging,1,44.6,57.6,85,95,0,19.3,0,0,23,4.287,-5.306,22.746824,21026,13930,0,-,2
23:14:42.541,snap,playback,tv.danmaku.bili,charging,1,44.6,57.6,85,95,0,19.3,0,0,21,4.305,-5.236,22.54098,21026,13930,0,-,2
23:14:43.541,snap,playback,tv.danmaku.bili,charging,1,44.6,57.2,85,95,0,19.24,0,0,21,4.298,-5.292,22.745014,20111,13458,0,-,2
23:14:44.542,snap,playback,tv.danmaku.bili,charging,1,44.6,57.6,85,95,0,19.2,0,0,20,4.305,-5.174,22.274069,20111,13458,0,-,2
23:14:45.542,snap,playback,tv.danmaku.bili,charging,1,44.6,57.6,85,95,0,19.2,0,0,21,4.296,-5.272,22.648512,22874,13661,0,-,2
23:14:46.542,snap,playback,tv.danmaku.bili,charging,1,44.6,58.4,85,95,0,20.25,0,0,21,4.305,-5.146,22.153528,22874,13661,0,-,2
23:14:47.542,snap,playback,tv.danmaku.bili,charging,1,44.6,58.4,85,95,0,20.25,0,0,22,4.285,-4.928,21.11648,22462,14800,0,-,2
23:14:48.544,snap,playback,tv.danmaku.bili,charging,1,44.6,58.4,85,95,0,20.2,0,0,23,4.305,-5.186,22.32573,22462,14800,0,-,2
23:14:49.543,snap,playback,tv.danmaku.bili,charging,1,44.6,58,85,95,0,20.2,0,0,23,4.303,-5.204,22.392813,21895,14274,0,-,2
23:14:50.543,snap,playback,tv.danmaku.bili,charging,1,44.6,58.4,85,95,0,20.35,0,0,23,4.29,-5.302,22.74558,21895,14274,0,-,2
23:14:51.543,snap,playback,tv.danmaku.bili,charging,1,44.6,58,85,95,0,20.35,0,0,23,4.299,-5.226,22.466572,21851,14226,0,-,2
23:14:52.543,snap,playback,tv.danmaku.bili,charging,1,44.6,58.4,85,95,0,20.65,0,0,23,4.306,-5.242,22.572054,21851,14226,0,-,2
23:14:53.544,snap,playback,tv.danmaku.bili,charging,1,44.6,58,85,95,0,20.65,0,0,22,4.288,-5.086,21.80877,21164,13930,0,-,2
23:14:54.544,snap,playback,tv.danmaku.bili,charging,1,44.6,58.8,85,95,0,20.53,0,0,23,4.304,-5.226,22.492702,21164,13930,0,-,2
23:14:55.545,snap,playback,tv.danmaku.bili,charging,1,44.6,57.6,85,95,0,20.53,0,0,23,4.305,-5.292,22.782059,21164,13930,0,-,2
23:14:56.547,snap,playback,tv.danmaku.bili,charging,1,44.6,58.4,85,95,0,20.61,0,0,22,4.298,-5.184,22.28083,21406,14178,0,-,2
23:14:57.547,snap,playback,tv.danmaku.bili,charging,1,44.6,57.6,85,95,0,20.61,0,0,23,4.305,-5.256,22.627079,21406,14178,0,-,2
23:14:58.550,snap,playback,tv.danmaku.bili,charging,1,44.6,58,85,95,0,20.5,0,0,24,4.308,-5.264,22.677313,20686,13649,0,-,2
23:14:59.548,snap,playback,tv.danmaku.bili,charging,1,44.6,57.6,85,95,0,20.5,0,0,23,4.309,-5.266,22.691193,20686,13649,0,-,2
23:15:00.548,snap,playback,tv.danmaku.bili,charging,1,44.6,57.2,85,95,0,20.23,0,0,15,4.303,-5.314,22.866142,19499,12720,0,-,2
23:15:01.549,snap,playback,tv.danmaku.bili,charging,1,44.6,57.2,85,95,0,20.23,0,0,10,4.306,-5.272,22.701233,19499,12720,0,-,2
23:15:02.548,snap,playback,tv.danmaku.bili,charging,1,44.6,59.2,85,95,0,21.82,0,0,12,4.302,-5.028,21.630455,23077,13034,0,-,2
23:15:03.549,snap,playback,tv.danmaku.bili,charging,1,44.6,59.2,85,95,0,21.82,0,0,11,4.311,-5.118,22.063698,23077,13034,0,-,2
23:15:04.550,snap,playback,tv.danmaku.bili,charging,1,44.6,59.2,85,95,0,22.03,0,0,13,4.301,-5.278,22.700678,22002,13898,0,-,2
23:15:05.550,snap,playback,tv.danmaku.bili,charging,1,44.6,57.6,85,95,0,22.03,0,0,22,4.292,-5.11,21.93212,22002,13898,0,-,2
23:15:06.551,snap,playback,tv.danmaku.bili,charging,1,44.6,59.9,85,95,0,21.84,0,0,16,4.311,-5.24,22.589638,20871,12954,0,-,2
23:15:07.552,snap,playback,tv.danmaku.bili,charging,1,44.6,59.6,85,95,0,21.84,0,0,19,4.289,-4.864,20.861696,20871,12954,0,-,2
23:15:08.552,snap,playback,tv.danmaku.bili,charging,1,44.6,59.6,85,95,0,21.69,0,0,24,4.307,-5.19,22.35333,21532,14088,0,-,2
23:15:09.552,snap,playback,tv.danmaku.bili,charging,1,44.6,58.8,85,95,0,21.69,0,0,17,4.315,-5.24,22.6106,21532,14088,0,-,2
23:15:10.552,snap,playback,tv.danmaku.bili,charging,1,44.6,57.2,85,95,0,20.84,0,0,10,4.302,-5.32,22.88664,16299,11015,0,-,2
23:15:11.553,snap,playback,tv.danmaku.bili,charging,1,44.6,57.2,85,95,0,20.84,0,0,10,4.313,-5.304,22.876152,16299,11015,0,-,2
23:15:12.553,snap,playback,tv.danmaku.bili,charging,1,44.6,57.2,85,95,0,19.96,0,0,14,4.315,-5.238,22.60197,15264,10318,0,-,2
23:15:13.553,snap,playback,tv.danmaku.bili,charging,1,44.7,57.2,85,95,0,19.96,0,0,23,4.306,-5.192,22.356752,15264,10318,0,-,2
23:15:14.556,snap,playback,tv.danmaku.bili,charging,1,44.7,57.6,85,95,0,19.6,0,0,15,4.313,-5.212,22.479357,18735,12493,0,-,2
23:15:15.556,snap,playback,tv.danmaku.bili,charging,1,44.7,56.8,85,95,0,19.6,0,0,10,4.315,-5.266,22.72279,18735,12493,0,-,2
23:15:16.557,snap,playback,tv.danmaku.bili,charging,1,44.7,57.6,85,95,0,19.31,0,0,10,4.315,-5.266,22.72279,16312,10749,0,-,2
23:15:17.557,snap,playback,tv.danmaku.bili,charging,1,44.7,57.6,85,95,0,19.31,0,0,10,4.314,-5.238,22.596733,16312,10749,0,-,2
23:15:18.557,snap,playback,tv.danmaku.bili,charging,1,44.6,60.3,85,95,0,19.31,0,0,10,4.302,-5.044,21.69929,19289,11652,0,-,2
23:15:19.559,snap,playback,tv.danmaku.bili,charging,1,44.6,58,85,95,0,19.98,0.18,0,10,4.308,-5.132,22.108656,19289,11652,0,-,2
23:15:20.557,snap,playback,tv.danmaku.bili,charging,1,44.6,58,85,95,0,19.98,0.18,0,10,4.293,-4.888,20.984184,20487,11012,0,-,2
23:15:21.557,snap,playback,tv.danmaku.bili,charging,1,44.6,58,85,95,0,19.98,0.51,0.54,10,4.313,-5.268,22.720886,20487,11012,0,-,2
23:15:22.557,snap,playback,tv.danmaku.bili,charging,1,44.6,58,85,95,0,19.99,0.41,0.44,10,4.31,-5.122,22.07582,17256,10117,0,-,2
23:15:23.558,snap,playback,tv.danmaku.bili,charging,1,44.7,58,85,95,0,19.99,0.41,0.44,10,4.318,-5.234,22.600412,17256,10117,0,-,2
23:15:24.559,snap,playback,tv.danmaku.bili,charging,1,44.7,58,85,95,0,19.62,0.34,0.36,10,4.301,-5.206,22.391006,16985,9720,0,-,2
23:15:25.558,snap,playback,tv.danmaku.bili,charging,1,44.7,57.6,85,95,0,19.62,0.34,0.36,10,4.312,-5.204,22.439648,16985,9720,0,-,2
23:15:26.558,snap,playback,tv.danmaku.bili,charging,1,44.7,56.8,85,95,0,18.97,0.27,0.29,8,4.317,-5.26,22.70742,17048,9553,0,-,2
23:15:27.559,snap,playback,tv.danmaku.bili,charging,1,44.7,56.4,85,95,0,18.97,0.27,0.29,10,4.317,-5.218,22.526106,17048,9553,0,-,2
23:15:28.558,snap,playback,tv.danmaku.bili,charging,1,44.7,56.4,85,95,0,18.43,0.22,0.24,10,4.305,-5.27,22.68735,15255,9562,0,-,2
23:15:29.560,snap,playback,tv.danmaku.bili,charging,1,44.7,56.4,85,95,0,18.43,0.22,0.24,10,4.312,-5.204,22.439648,15255,9562,0,-,2
23:15:30.560,snap,playback,tv.danmaku.bili,charging,1,44.7,56.8,85,95,0,18.35,0.18,0.19,10,4.318,-5.2,22.453598,16466,10828,0,-,2
23:15:31.560,snap,playback,tv.danmaku.bili,charging,1,44.7,56.8,85,95,0,18.35,0.18,0.19,10,4.309,-5.242,22.587778,16466,10828,0,-,2
23:15:32.561,snap,playback,tv.danmaku.bili,charging,1,44.7,56.8,85,95,0,18.29,0.15,0.16,10,4.317,-5.242,22.629713,17274,9657,0,-,2
23:15:33.560,snap,playback,tv.danmaku.bili,charging,1,44.7,56.8,85,95,0,18.29,0.15,0.16,10,4.315,-5.166,22.29129,17274,9657,0,-,2
23:15:34.560,snap,playback,tv.danmaku.bili,charging,1,44.7,56.8,85,95,0,17.69,0.12,0.13,10,4.313,-5.176,22.32409,17814,10086,0,-,2
23:15:35.569,snap,playback,tv.danmaku.bili,charging,1,44.7,56.8,85,95,0,17.69,0.12,0.13,18,4.308,-5.126,22.082808,17814,10086,0,-,2
23:15:36.564,snap,playback,tv.danmaku.bili,charging,1,44.7,58,85,95,0,18.11,0.1,0.1,24,4.318,-5.156,22.263607,21609,12230,0,-,2
23:15:37.565,snap,playback,tv.danmaku.bili,charging,1,44.7,57.2,85,95,0,18.11,0.1,0.1,13,4.306,-5.142,22.141455,21609,12230,0,-,2
23:15:38.564,snap,playback,tv.danmaku.bili,charging,1,44.7,58,85,95,0,18.09,0.08,0.08,18,4.319,-5.148,22.23421,19557,11352,0,-,2
23:15:39.566,snap,playback,tv.danmaku.bili,charging,1,44.7,57.6,85,95,0,18.09,0.08,0.08,16,4.315,-5.016,21.64404,19557,11352,0,-,2
23:15:40.566,snap,playback,tv.danmaku.bili,charging,1,44.7,58.8,85,95,0,18.25,0.06,0.07,10,4.318,-5.196,22.436327,18876,10574,0,-,2
23:15:41.564,snap,playback,tv.danmaku.bili,charging,1,44.7,57.6,85,95,0,18.25,0.06,0.07,10,4.318,-5.17,22.32406,18876,10574,0,-,2
23:15:42.565,snap,playback,tv.danmaku.bili,charging,1,44.7,57.2,85,95,0,18.2,0.05,0.05,10,4.322,-5.216,22.543552,17925,10213,0,-,2
23:15:43.566,snap,playback,tv.danmaku.bili,charging,1,44.7,57.2,85,95,0,18.2,0.05,0.05,10,4.32,-5.188,22.41216,17925,10213,0,-,2
23:15:44.566,snap,playback,tv.danmaku.bili,charging,1,44.7,57.2,85,95,0,17.62,0.04,0.04,10,4.317,-5.228,22.569277,16043,9421,0,-,2
23:15:45.567,snap,playback,tv.danmaku.bili,charging,1,44.7,56.8,85,95,0,17.62,0.04,0.04,11,4.321,-5.222,22.564262,16043,9421,0,-,2
23:15:46.567,snap,playback,tv.danmaku.bili,charging,1,44.7,57.2,85,95,0,17.33,0.03,0.03,10,4.32,-5.184,22.39488,16557,9705,0,-,2
23:15:47.567,snap,playback,tv.danmaku.bili,charging,1,44.7,57.2,85,95,0,17.33,0.03,0.03,10,4.318,-5.114,22.08225,16557,9705,0,-,2
23:15:48.570,snap,playback,tv.danmaku.bili,charging,1,44.7,58,85,95,0,17.09,0.03,0.03,10,4.314,-5.102,22.010029,17047,10480,0,-,2
23:15:49.568,snap,playback,tv.danmaku.bili,charging,1,44.7,58,85,95,0,17.09,0.03,0.03,10,4.323,-5.264,22.756271,17047,10480,0,-,2
23:15:50.568,snap,playback,tv.danmaku.bili,charging,1,44.7,57.6,85,95,0,17.25,0.02,0.02,12,4.323,-5.264,22.756271,17648,11406,0,-,2
23:15:51.572,snap,playback,tv.danmaku.bili,charging,1,44.7,57.2,85,95,0,17.25,0.02,0.02,12,4.321,-5.182,22.391422,17648,11406,0,-,2
23:15:52.569,snap,playback,tv.danmaku.bili,charging,1,44.7,57.6,85,95,0,17.25,0.02,0.02,22,4.306,-5.096,21.943378,21484,14267,0,-,2
23:15:53.569,snap,playback,tv.danmaku.bili,charging,1,44.7,58,85,95,0,17.75,0.01,0.02,23,4.321,-5.172,22.348211,21484,14267,0,-,2
23:15:54.569,snap,playback,tv.danmaku.bili,charging,1,44.7,58,85,95,0,17.75,0.01,0.02,23,4.317,-5.076,21.913092,20836,13948,0,-,2
23:15:55.569,snap,playback,tv.danmaku.bili,charging,1,44.7,58,85,95,0,17.97,0.01,0.01,23,4.321,-5.172,22.348211,20836,13948,0,-,2
23:15:56.570,snap,playback,tv.danmaku.bili,charging,1,44.7,58.4,85,95,0,17.97,0.01,0.01,23,4.32,-5.096,22.01472,19745,13137,0,-,2
23:15:57.569,snap,playback,tv.danmaku.bili,charging,1,44.7,58,85,95,0,18.34,0.01,0.01,19,4.308,-5.146,22.168968,19745,13137,0,-,2
23:15:58.570,snap,playback,tv.danmaku.bili,charging,1,44.7,58,85,95,0,18.34,0.01,0.01,15,4.323,-5.078,21.952194,19743,12659,0,-,2
23:15:59.571,snap,playback,tv.danmaku.bili,charging,1,44.7,58,85,95,0,18.1,0.01,0.01,24,4.32,-5.138,22.196161,19743,12659,0,-,2
23:16:00.571,snap,playback,tv.danmaku.bili,charging,1,44.7,58,85,95,0,17.9,0,0,22,4.318,-5.122,22.116796,22852,13894,0,-,2
23:16:01.572,snap,playback,tv.danmaku.bili,charging,1,44.7,58.8,85,95,0,17.9,0,0,23,4.318,-4.996,21.572727,22852,13894,0,-,2
23:16:02.572,snap,playback,tv.danmaku.bili,charging,1,44.7,59.2,85,95,0,20.27,0,0,23,4.32,-5.094,22.00608,22420,13599,0,-,2
23:16:03.573,snap,playback,tv.danmaku.bili,charging,1,44.7,58.8,85,95,0,20.27,0,0,23,4.318,-5.038,21.754084,22420,13599,0,-,2
23:16:04.573,snap,playback,tv.danmaku.bili,charging,1,44.7,58.4,85,95,0,20.22,0,0,18,4.315,-5.044,21.76486,21020,12664,0,-,2
23:16:05.573,snap,playback,tv.danmaku.bili,charging,1,44.7,58.4,85,95,0,20.22,0,0,13,4.32,-5.118,22.10976,21020,12664,0,-,2
23:16:06.574,snap,playback,tv.danmaku.bili,charging,1,44.7,61.4,85,95,0,22.9,0,0,13,4.314,-4.624,19.947937,31493,14491,0,-,2
23:16:07.574,snap,playback,tv.danmaku.bili,charging,1,44.7,61.9,85,95,0,22.9,0,0,14,4.317,-4.91,21.196468,31493,14491,0,-,2
23:16:08.574,snap,playback,tv.danmaku.bili,charging,1,44.7,61.5,85,95,0,24,0,0,3,4.317,-5.03,21.71451,20138,12106,0,-,2
23:16:09.575,snap,playback,tv.danmaku.bili,charging,1,44.7,60.7,85,95,0,24,0,0,23,4.318,-4.976,21.486366,20138,12106,0,-,2
23:16:10.575,snap,playback,tv.danmaku.bili,charging,1,44.7,59.6,85,95,0,23.28,0,0,27,4.324,-5.072,21.931328,18764,10122,0,-,2
23:16:11.575,snap,playback,tv.danmaku.bili,charging,1,44.8,59.2,85,95,0,23.28,0,0,20,4.316,-4.94,21.321041,18764,10122,0,-,2
23:16:12.576,snap,playback,tv.danmaku.bili,charging,1,44.8,59.2,85,95,0,23.95,0,0,13,4.322,-5.016,21.679152,14896,7276,0,-,2
23:16:13.576,snap,playback,tv.danmaku.bili,charging,1,44.8,59.2,85,95,0,23.95,0,0,20,4.323,-5.066,21.900318,14896,7276,0,-,2
23:16:14.576,snap,playback,tv.danmaku.bili,charging,1,44.8,58.4,85,95,0,23.05,0,0,25,4.321,-5.06,21.86426,16786,10051,0,-,2
23:16:15.578,snap,playback,tv.danmaku.bili,charging,1,44.8,58,85,95,0,23.05,0,0,15,4.326,-5.114,22.123165,16786,10051,0,-,2
23:16:16.579,snap,playback,tv.danmaku.bili,charging,1,44.8,56.8,85,95,0,21.77,0,0,5,4.33,-5.184,22.44672,11853,6310,0,-,2
23:16:17.578,snap,playback,tv.danmaku.bili,charging,1,44.8,55.6,85,95,0,21.77,0,0,1,4.329,-5.206,22.536774,11853,6310,0,-,2
23:16:18.579,snap,playback,tv.danmaku.bili,charging,1,44.8,54.8,85,95,0,20.36,0,0,1,4.334,-5.556,24.079706,11853,6310,0,-,2
23:16:19.579,snap,playback,tv.danmaku.bili,charging,1,44.8,54.4,85,95,0,20.36,0,0,1,4.332,-5.344,23.150206,8598,4321,0,-,2
23:16:20.579,snap,playback,tv.danmaku.bili,charging,1,44.8,54,85,95,0,19.03,0,0,1,4.351,-5.54,24.104538,8598,4321,0,-,2
23:16:21.579,snap,playback,tv.danmaku.bili,charging,1,44.8,53.6,85,95,0,19.03,0,0,1,4.341,-5.43,23.57163,8714,4207,0,-,2
23:16:22.580,snap,playback,tv.danmaku.bili,charging,1,44.8,54,85,95,0,18.12,0,0,15,4.321,-5.106,22.063026,8714,4207,0,-,2
23:16:23.580,snap,playback,tv.danmaku.bili,charging,1,44.8,54,85,95,0,18.12,0,0,19,4.292,-4.306,18.481352,22591,12381,0,-,2
23:16:24.582,snap,playback,tv.danmaku.bili,charging,1,44.8,57,85,95,0,23.17,0.18,0.18,6,4.326,-4.81,20.808062,22591,12381,0,-,2
23:16:25.582,snap,playback,tv.danmaku.bili,charging,1,44.8,60,85,95,0,23.17,0.18,0.18,8,4.326,-4.96,21.45696,29734,14109,0,-,2
23:16:26.582,snap,playback,tv.danmaku.bili,charging,1,44.8,58.8,85,95,0,22.59,0.14,0.14,8,4.327,-5.058,21.885967,29734,14109,0,-,2
23:16:27.583,snap,playback,tv.danmaku.bili,charging,1,44.8,58.8,85,95,0,22.59,0.14,0.14,8,4.327,-5.058,21.885967,17075,9597,0,-,2
23:16:28.583,snap,playback,tv.danmaku.bili,charging,1,44.8,58.4,85,95,0,22.59,0.14,0.14,8,4.324,-5.006,21.645943,17075,9597,0,-,2
23:16:29.584,snap,playback,tv.danmaku.bili,charging,1,44.8,58,85,95,0,21.76,0.12,0.12,8,4.328,-5.05,21.856401,17738,10653,0,-,2
23:16:30.583,snap,playback,tv.danmaku.bili,charging,1,44.8,58,85,95,0,21.76,0.12,0.12,8,4.326,-5.024,21.733826,17738,10653,0,-,2
23:16:31.584,snap,playback,tv.danmaku.bili,charging,1,44.8,57.2,85,95,0,21.44,0.09,0.09,8,4.324,-4.988,21.568111,18978,10697,0,-,2
23:16:32.584,snap,playback,tv.danmaku.bili,charging,1,44.8,58.4,85,95,0,21.44,0.09,0.09,9,4.327,-4.938,21.366728,18978,10697,0,-,2
23:16:33.584,snap,playback,tv.danmaku.bili,charging,1,44.9,58.4,85,95,0,20.82,0.08,0.08,11,4.323,-4.982,21.537186,19700,12312,0,-,2
23:16:34.584,snap,playback,tv.danmaku.bili,charging,1,44.9,58.4,85,95,0,20.82,0.08,0.08,17,4.32,-4.996,21.58272,19700,12312,0,-,2
23:16:35.595,snap,playback,tv.danmaku.bili,charging,1,44.9,58.8,85,95,0,21.21,0.06,0.06,17,4.331,-4.966,21.507746,24439,15691,0,-,2
23:16:36.594,snap,playback,tv.danmaku.bili,charging,1,44.9,59.9,85,95,0,21.21,0.06,0.06,19,4.322,-4.898,21.169155,24439,15691,0,-,2
23:16:37.594,snap,playback,tv.danmaku.bili,charging,1,44.9,59.9,85,95,0,22.62,0.05,0.05,9,4.327,-4.99,21.59173,24878,14532,0,-,2
23:16:38.594,snap,playback,tv.danmaku.bili,charging,1,44.9,58.8,85,95,0,21.78,0.04,0.04,11,4.328,-5.02,21.72656,24878,14532,0,-,2
23:16:39.596,snap,playback,tv.danmaku.bili,charging,1,44.9,58.4,85,95,0,21.78,0.04,0.04,19,4.33,-5.092,22.048359,21602,14066,0,-,2
23:16:40.595,snap,playback,tv.danmaku.bili,charging,1,44.9,58,85,95,0,21.64,0.03,0.03,16,4.33,-5.124,22.18692,21602,14066,0,-,2
23:16:41.595,snap,playback,tv.danmaku.bili,charging,1,44.9,57.6,85,95,0,21.64,0.03,0.03,17,4.328,-5.036,21.795807,21177,13807,0,-,2
23:16:42.595,snap,playback,tv.danmaku.bili,charging,1,44.9,58,85,95,0,21.16,0.02,0.02,16,4.33,-4.968,21.51144,21177,13807,0,-,2
23:16:43.595,snap,playback,tv.danmaku.bili,charging,1,44.9,57.6,85,95,0,21.16,0.02,0.02,16,4.327,-5.014,21.695578,22082,14153,0,-,2
23:16:44.595,snap,playback,tv.danmaku.bili,charging,1,44.9,58,85,95,0,21.31,0.02,0.02,17,4.344,-5.162,22.423729,22082,14153,0,-,2
23:16:45.601,snap,playback,tv.danmaku.bili,charging,1,44.9,57.6,85,95,0,21.31,0.02,0.02,17,4.33,-5.232,22.654558,21285,14140,0,-,2
23:16:46.599,snap,playback,tv.danmaku.bili,charging,1,44.9,58,85,95,0,21.62,0.01,0.01,17,4.346,-5.196,22.581818,21285,14140,0,-,2
23:16:47.600,snap,playback,tv.danmaku.bili,charging,1,44.9,58,85,95,0,21.62,0.01,0.01,17,4.335,-5.268,22.83678,22796,14570,0,-,2
23:16:48.599,snap,playback,tv.danmaku.bili,charging,1,44.9,58.8,85,95,0,21.69,0.01,0.01,17,4.336,-5.154,22.347742,22796,14570,0,-,2
23:16:49.599,snap,playback,tv.danmaku.bili,charging,1,44.9,58.8,85,95,0,21.69,0.01,0.01,16,4.345,-5.16,22.420198,23440,15068,0,-,2
23:16:50.600,snap,playback,tv.danmaku.bili,charging,1,44.9,58.8,85,95,0,21.92,0.01,0.01,17,4.342,-5.122,22.239725,23440,15068,0,-,2
23:16:51.599,snap,playback,tv.danmaku.bili,charging,1,44.9,58,85,95,0,21.92,0.01,0.01,17,4.345,-5.004,21.74238,22584,14715,0,-,2
23:16:52.603,snap,playback,tv.danmaku.bili,charging,1,44.9,58.8,85,95,0,22.12,0,0,16,4.348,-5.264,22.887873,22584,14715,0,-,2
23:16:53.601,snap,playback,tv.danmaku.bili,charging,1,44.9,58,85,95,0,22.12,0,0,17,4.347,-5.088,22.117537,23695,14796,0,-,2
23:16:54.601,snap,playback,tv.danmaku.bili,charging,1,44.9,59.2,85,95,0,22.09,0,0,17,4.348,-5.22,22.69656,23695,14796,0,-,2
23:16:55.602,snap,playback,tv.danmaku.bili,charging,1,44.9,60.3,85,95,0,22.09,0,0,17,4.327,-4.692,20.302284,26258,15000,0,-,2
23:16:56.601,snap,playback,tv.danmaku.bili,charging,1,44.9,60.3,85,95,0,22.98,0,0,17,4.346,-5.192,22.564432,26258,15000,0,-,2
23:16:57.602,snap,playback,tv.danmaku.bili,charging,1,44.9,59.6,85,95,0,22.98,0,0,17,4.346,-5.03,21.860382,25579,14884,0,-,2
23:16:58.602,snap,playback,tv.danmaku.bili,charging,1,44.9,59.6,85,95,0,23.35,0,0,16,4.328,-4.958,21.458225,25579,14884,0,-,2
23:16:59.603,snap,playback,tv.danmaku.bili,charging,1,44.9,59.6,85,95,0,23.35,0,0,17,4.341,-4.988,21.652908,27010,16182,0,-,2
23:17:00.602,snap,playback,tv.danmaku.bili,charging,1,44.9,59.9,85,95,0,24.19,0,0,17,4.333,-5.014,21.725662,27010,16182,0,-,2
23:17:01.602,snap,playback,tv.danmaku.bili,charging,1,44.9,59.6,85,95,0,24.19,0,0,17,4.328,-4.918,21.285105,26959,15921,0,-,2
23:17:02.603,snap,playback,tv.danmaku.bili,charging,1,44.9,59.9,85,95,0,24.7,0,0,17,4.328,-4.918,21.285105,26959,15921,0,-,2
23:17:03.606,snap,playback,tv.danmaku.bili,charging,1,44.9,59.6,85,95,0,24.7,0,0,17,4.334,-5.03,21.800022,24496,15303,0,-,2
23:17:04.603,snap,playback,tv.danmaku.bili,charging,1,45,59.6,85,95,0,24.7,0,0,17,4.348,-5.084,22.105232,24496,15303,0,-,2
23:17:05.604,snap,playback,tv.danmaku.bili,charging,1,45,58.8,40,95,0,24.39,0,0,17,4.337,-5.01,21.72837,23012,14862,0,-,2
23:17:06.603,snap,playback,tv.danmaku.bili,charging,1,45,59.6,40,95,0,24.39,0,0,18,4.35,-5.158,22.4373,23012,14862,0,-,2
23:17:07.604,snap,playback,tv.danmaku.bili,charging,1,45,58.8,40,95,0,24.14,0,0,17,4.345,-4.984,21.65548,22614,14390,0,-,2
23:17:08.604,snap,playback,tv.danmaku.bili,charging,1,45,60.3,40,95,0,24.14,0,0,17,4.335,-5.086,22.04781,22614,14390,0,-,2
23:17:09.604,snap,playback,tv.danmaku.bili,charging,1,45,59.6,40,95,0,23.75,0,0,17,4.339,-5.16,22.38924,22694,14468,0,-,2
23:17:10.604,snap,playback,tv.danmaku.bili,charging,1,45,59.9,40,95,0,23.75,0,0,16,4.349,-5.16,22.44084,22694,14468,0,-,2
23:17:11.604,snap,playback,tv.danmaku.bili,charging,1,45,59.6,40,95,0,24.34,0,0,17,4.335,-5.072,21.98712,23933,15029,0,-,2
23:17:12.605,snap,playback,tv.danmaku.bili,charging,1,45,59.9,40,95,0,24.34,0,0,17,4.339,-5.104,22.146257,23933,15029,0,-,2
23:17:13.605,snap,playback,tv.danmaku.bili,charging,1,45,59.6,40,95,0,24.27,0,0,16,4.351,-5.104,22.207504,23499,14745,0,-,2
23:17:14.605,snap,playback,tv.danmaku.bili,charging,1,45,59.9,40,95,0,24.27,0,0,17,4.351,-5.136,22.346735,23499,14745,0,-,2
23:17:15.605,snap,playback,tv.danmaku.bili,charging,1,45,59.6,40,95,0,24.22,0,0,18,4.344,-5.086,22.093584,24089,14315,0,-,2
23:17:16.605,snap,playback,tv.danmaku.bili,charging,1,45,59.9,40,95,0,24.36,0,0,9,4.357,-5.146,22.421122,24089,14315,0,-,2
23:17:17.605,snap,playback,tv.danmaku.bili,charging,1,45,60.3,40,95,0,24.36,0,0,16,4.353,-4.866,21.1817,25404,14351,0,-,2
23:17:18.605,snap,playback,tv.danmaku.bili,charging,1,45,62.3,40,95,0,24.66,0,0,18,4.338,-4.984,21.620592,25404,14351,0,-,2
23:17:19.606,snap,playback,tv.danmaku.bili,charging,1,45,62.3,40,95,0,24.66,0,0,16,4.333,-4.816,20.86773,17776,10666,0,-,2
23:17:20.606,snap,playback,tv.danmaku.bili,charging,1,45,59.6,40,95,0,24.18,0,0,15,4.347,-5.206,22.630482,17776,10666,0,-,2
23:17:21.607,snap,playback,tv.danmaku.bili,charging,1,45,59.2,40,95,0,24.18,0,0,3,4.356,-5.216,22.720896,15899,7178,0,-,2
23:17:22.607,snap,playback,tv.danmaku.bili,charging,1,45,57.6,40,95,0,24.87,0,0,3,4.343,-5.298,23.009212,15899,7178,0,-,2
23:17:23.607,snap,playback,tv.danmaku.bili,charging,1,45,56.8,40,95,0,24.87,0,0,3,4.35,-5.256,22.8636,11679,5458,0,-,2
23:17:24.607,snap,playback,tv.danmaku.bili,charging,1,45,56.4,40,95,0,23.08,0,0,3,4.36,-5.264,22.95104,11679,5458,0,-,2
23:17:25.608,snap,playback,tv.danmaku.bili,charging,1,45,56.4,40,95,0,23.08,0,0,3,4.349,-5.186,22.553913,15307,8211,0,-,2
23:17:26.617,snap,playback,tv.danmaku.bili,charging,1,45,56.4,40,95,0,24.33,0,0,21,4.335,-3.774,16.36029,15307,8211,0,-,2
23:17:27.617,snap,playback,tv.danmaku.bili,charging,1,45.1,59.4,40,95,0,24.33,0,0,15,4.138,0.356,1.4731281,36682,14020,0,-,2
23:17:28.617,snap,playback,tv.danmaku.bili,charging,1,45.1,62.4,40,95,0,28.26,0,0.36,6,4.146,0.006,0.024876,36682,14020,0,-,2
23:17:29.620,snap,playback,tv.danmaku.bili,charging,1,45.1,62.7,40,95,0,28.26,0,0.36,13,4.143,0.006,0.024858002,22423,13919,0,-,2
23:17:30.619,snap,playback,tv.danmaku.bili,charging,1,45.1,60.3,40,95,0,27.48,0,0.29,13,4.14,0,0,22423,13919,0,-,2
23:17:31.621,snap,playback,tv.danmaku.bili,charging,1,45.1,60.3,40,95,0,27.48,0,0.29,12,4.136,0.022,0.090992,25623,16720,0,-,2
23:17:32.621,snap,playback,tv.danmaku.bili,charging,1,45,60.7,40,95,0,27.03,0,0.24,14,4.155,-0.468,1.94454,25623,16720,0,-,2
23:17:33.621,snap,playback,tv.danmaku.bili,charging,1,45,60.7,40,95,0,27.03,0,0.24,17,4.16,-0.526,2.18816,25052,15732,0,-,2
23:17:34.621,snap,playback,tv.danmaku.bili,charging,1,45,59.6,40,95,0,26.48,0,0.19,16,4.159,-0.572,2.378948,25052,15732,0,-,2
23:17:35.621,snap,playback,tv.danmaku.bili,charging,1,45,58.8,40,95,0,26.48,0,0.19,18,4.154,-0.482,2.0022278,22839,14711,0,-,2
23:17:36.622,snap,playback,tv.danmaku.bili,charging,1,45,59.6,40,95,0,26.39,0,0.16,15,4.157,-0.492,2.045244,22839,14711,0,-,2
23:17:37.622,snap,playback,tv.danmaku.bili,charging,1,45,58.8,40,95,0,26.39,0,0.16,13,4.158,-0.532,2.212056,21952,12789,0,-,2
23:17:38.622,snap,playback,tv.danmaku.bili,charging,1,45,59.9,40,95,0,25.42,0,0.13,6,4.158,-0.532,2.212056,21952,12789,0,-,2
23:17:39.625,snap,playback,tv.danmaku.bili,charging,1,45,59.9,40,95,0,25.42,0,0.13,6,4.147,-0.532,2.206204,28682,11823,0,-,2
23:17:40.625,snap,playback,tv.danmaku.bili,charging,1,45,59.9,40,95,0,25.42,0,0.13,19,4.111,0.012,0.049332,28682,11823,0,-,2
23:17:41.624,snap,playback,tv.danmaku.bili,charging,1,45,62.9,40,95,0,28.78,0.54,1.01,19,4.112,0.502,2.064224,28682,11823,0,-,2
23:17:42.626,snap,default,com.android.launcher,charging,1,45,65.9,40,95,1,28.78,0.54,1.01,11,4.119,0.274,1.128606,42617,12663,0,-,2
23:17:43.625,snap,default,com.android.launcher,charging,1,45,66.3,40,95,1,35.52,0.98,2.46,0,4.098,0.554,2.270292,42617,12663,0,-,2
23:17:44.626,snap,default,com.android.launcher,charging,1,45,63.300003,40,95,1,35.52,0.98,2.46,6,4.092,0.848,3.470016,24046,9482,0,-,2
23:17:45.626,snap,default,com.android.launcher,charging,1,45,60.300003,40,95,1,37.78,0.99,2.19,6,4.101,0.528,2.1653278,24046,9482,0,-,2
23:17:46.626,snap,default,com.android.launcher,charging,1,45,57.6,40,95,1,37.78,0.99,2.19,0,4.105,0.536,2.20028,18977,6815,0,-,2
23:17:47.626,snap,default,com.android.launcher,charging,1,45,56.8,40,95,1,36.37,0.99,1.79,0,4.107,0.378,1.5524459,18977,6815,0,-,2
23:17:48.626,snap,default,com.android.launcher,charging,1,45,55.6,40,95,1,36.37,0.99,1.79,0,4.107,0.4,1.6428,10052,4228,0,-,2
23:17:49.627,snap,default,com.android.launcher,charging,1,45,55.6,40,95,1,31.59,0.81,1.47,0,4.105,0.408,1.67484,10052,4228,0,-,2
23:17:50.627,snap,default,com.android.launcher,charging,1,45,55.6,40,95,1,31.59,0.81,1.47,0,4.106,0.408,1.6752479,8422,3040,0,-,2
23:17:51.628,snap,default,com.android.launcher,charging,1,45,54.8,40,95,1,27.68,0.66,1.2,0,4.099,0.478,1.959322,8422,3040,0,-,2
23:17:52.628,snap,default,com.android.launcher,charging,1,45,54.8,40,95,1,25.38,0.54,0.98,0,4.105,0.408,1.67484,8720,2540,0,-,2
23:17:53.628,snap,default,com.android.launcher,charging,1,44.9,54.4,40,95,1,25.38,0.54,0.98,0,4.101,0.46,1.88646,8720,2540,0,-,2
23:17:54.629,snap,default,com.android.launcher,charging,1,44.9,53.6,55,95,1,23.5,0.44,0.8,0,4.103,0.398,1.632994,8479,2915,0,-,2
23:17:55.629,snap,default,com.android.launcher,charging,1,44.9,53.6,55,95,1,23.5,0.44,0.8,0,4.098,0.448,1.8359041,8479,2915,0,-,2
23:17:56.629,snap,default,com.android.launcher,charging,1,44.9,53.6,70.00001,95,1,21.05,0.36,0.66,0,4.099,0.462,1.893738,9995,3509,0,-,2
23:17:57.630,snap,default,com.android.launcher,charging,1,44.9,53.2,70.00001,95,1,21.05,0.36,0.66,0,4.091,0.356,1.4563961,9995,3509,0,-,2
23:17:58.631,snap,default,com.android.launcher,charging,1,44.9,53.2,85,95,1,19.59,0.29,0.54,0,4.155,-0.862,3.5816102,12251,4314,0,-,2
23:17:59.632,snap,default,com.android.launcher,charging,1,44.9,52.8,85,95,1,19.59,0.29,0.54,0,4.149,-0.816,3.385584,12251,4314,0,-,2
23:18:00.632,snap,default,com.android.launcher,charging,1,44.9,53.2,85,95,1,18.04,0.24,0.44,0,4.15,-0.94,3.901,9440,3309,0,-,2
23:18:01.632,snap,default,com.android.launcher,charging,1,44.9,52.8,85,95,1,18.04,0.24,0.44,0,4.157,-0.93,3.8660102,9440,3309,0,-,2
23:18:02.632,snap,default,com.android.launcher,charging,1,44.9,53.2,85,95,1,16.58,0.19,0.36,0,4.161,-0.948,3.9446278,7428,2433,0,-,2
23:18:03.633,snap,default,com.android.launcher,charging,1,44.9,52.8,85,95,1,16.58,0.19,0.36,0,4.158,-0.898,3.733884,7428,2433,0,-,2
23:18:04.633,snap,default,com.android.launcher,charging,1,44.9,53.6,85,95,1,15.93,0.16,0.29,0,4.157,-0.912,3.791184,9057,2685,0,-,2
23:18:05.634,snap,default,com.android.launcher,charging,1,44.9,52.8,85,95,1,15.93,0.16,0.29,0,4.155,-0.874,3.6314702,9057,2685,0,-,2
23:18:06.633,snap,default,com.android.launcher,charging,1,44.9,54,85,95,1,14.85,0.13,0.24,0,4.146,-0.828,3.432888,11927,3452,0,-,2
23:18:07.634,snap,default,com.android.launcher,charging,1,44.9,53.6,85,95,1,14.85,0.13,0.24,0,4.152,-0.748,3.105696,11927,3452,0,-,2
23:18:08.634,snap,default,com.android.launcher,charging,1,44.8,53.6,85,95,1,18.68,0.1,0.56,0,4.161,-0.948,3.9446278,11064,4266,0,-,2
23:18:09.635,snap,default,com.android.launcher,charging,1,44.8,53.6,85,95,1,18.68,0.1,0.56,0,4.159,-0.874,3.634966,11064,4266,0,-,2
23:18:10.635,snap,default,com.android.launcher,charging,1,44.8,53.6,85,95,1,17.11,0.08,0.45,0,4.16,-0.922,3.8355198,11064,4266,0,-,2
23:18:11.636,snap,default,com.android.launcher,charging,1,44.8,52.4,85,95,1,17.11,0.08,0.45,0,4.161,-0.906,3.769866,12204,4514,0,-,2
23:18:12.636,snap,default,com.android.launcher,charging,1,44.8,53.2,85,95,1,15.82,0.07,0.37,0,4.161,-0.906,3.769866,12204,4514,0,-,2
23:18:13.637,snap,default,com.android.launcher,charging,1,44.8,52.8,85,95,1,15.82,0.07,0.37,0,4.163,-0.946,3.938198,10029,3995,0,-,2
23:18:14.637,snap,default,com.android.launcher,charging,1,44.8,52.8,85,95,1,15.82,0.07,0.37,0,4.16,-0.862,3.5859199,10029,3995,0,-,2
23:18:15.638,snap,default,com.android.launcher,charging,1,44.8,52.8,85,95,1,14.95,0.05,0.3,0,4.162,-0.954,3.9705482,10153,3511,0,-,2
23:18:16.637,snap,default,com.android.launcher,charging,1,44.8,52.8,85,95,1,14.95,0.05,0.3,0,4.164,-0.924,3.847536,10153,3511,0,-,2
23:18:17.637,snap,default,com.android.launcher,charging,1,44.8,52.8,85,95,1,14.23,0.04,0.25,7,4.143,-0.64,2.65152,15919,8583,0,-,2
23:18:18.637,snap,default,com.android.launcher,charging,1,44.8,55.8,85,95,1,14.23,0.04,0.25,48,4.093,0.658,2.693194,15919,8583,0,-,2
23:18:20.484,snap,playback,tv.danmaku.bili,charging,1,44.7,58.8,85,95,0,19.62,0.22,0.56,5,4.133,-0.344,1.421752,36420,13459,0,-,2
23:18:21.484,snap,playback,tv.danmaku.bili,charging,1,44.7,61.8,85,95,0,19.33,0.36,0.46,6,4.114,-0.064,0.263296,29789,12817,0,-,2
23:18:22.485,snap,playback,tv.danmaku.bili,charging,1,44.7,63.1,85,95,0,19.33,0.36,0.46,12,4.131,-0.24,0.99144,29789,12817,0,-,2
23:18:23.485,snap,playback,tv.danmaku.bili,charging,1,44.7,60.3,85,95,0,19.27,0.47,0.38,13,4.14,-0.54,2.2356,24226,14217,0,-,2
23:18:24.485,snap,playback,tv.danmaku.bili,charging,1,44.7,60.3,85,95,0,19.27,0.47,0.38,13,4.147,-0.526,2.181322,24226,14217,0,-,2
23:18:25.488,snap,playback,tv.danmaku.bili,charging,1,44.7,59.6,85,95,0,19.76,0.39,0.31,12,4.14,-0.486,2.01204,25236,14222,0,-,2
23:18:26.486,snap,playback,tv.danmaku.bili,charging,1,44.7,59.2,85,95,0,19.76,0.39,0.31,13,4.145,-0.584,2.42068,25236,14222,0,-,2
23:18:27.486,snap,playback,tv.danmaku.bili,charging,1,44.7,58.8,85,95,0,20.53,0.31,0.25,13,4.137,-0.488,2.018856,23975,14287,0,-,2
23:18:28.487,snap,playback,tv.danmaku.bili,charging,1,44.7,58.8,85,95,0,20.43,0.26,0.2,13,4.142,-0.562,2.327804,23975,14287,0,-,2
23:18:29.487,snap,playback,tv.danmaku.bili,charging,1,44.7,58.4,85,95,0,20.43,0.26,0.2,15,4.141,-0.546,2.2609859,22417,14178,0,-,2
23:18:30.493,snap,playback,tv.danmaku.bili,charging,1,44.6,58.4,85,95,0,20.9,0.21,0.17,17,4.145,-0.562,2.32949,22417,14178,0,-,2
23:18:31.492,snap,playback,tv.danmaku.bili,charging,1,44.6,58,85,95,0,20.9,0.21,0.17,16,4.142,-0.518,2.1455562,22353,14486,0,-,2
23:18:32.495,snap,playback,tv.danmaku.bili,charging,1,44.6,58.4,85,95,0,21.1,0.17,0.13,17,4.145,-0.604,2.5035799,22353,14486,0,-,2
23:18:33.495,snap,playback,tv.danmaku.bili,charging,1,44.6,58.4,85,95,0,21.1,0.17,0.13,17,4.142,-0.512,2.1207042,21589,14416,0,-,2
23:18:34.495,snap,playback,tv.danmaku.bili,charging,1,44.6,58.4,85,95,0,21.44,0.14,0.11,17,4.147,-0.574,2.380378,21589,14416,0,-,2
23:18:35.496,snap,playback,tv.danmaku.bili,charging,1,44.6,58.4,85,95,0,21.44,0.14,0.11,17,4.136,-0.5,2.068,22194,14440,0,-,2
23:18:36.496,snap,playback,tv.danmaku.bili,charging,1,44.6,58.8,85,95,0,21.54,0.11,0.09,16,4.146,-0.586,2.4295561,22194,14440,0,-,2
23:18:37.498,snap,playback,tv.danmaku.bili,charging,1,44.6,59.6,85,95,0,21.54,0.11,0.09,16,4.139,-0.466,1.9287739,22738,13927,0,-,2
23:18:38.498,snap,playback,tv.danmaku.bili,charging,1,44.6,59.6,85,95,0,22.35,0.09,0.07,17,4.143,-0.458,1.8974941,22738,13927,0,-,2
23:18:39.499,snap,playback,tv.danmaku.bili,charging,1,44.6,59.2,85,95,0,22.35,0.09,0.07,17,4.141,-0.532,2.203012,22970,14672,0,-,2
23:18:40.499,snap,playback,tv.danmaku.bili,charging,1,44.6,58.4,85,95,0,22.47,0.07,0.06,14,4.143,-0.602,2.494086,22970,14672,0,-,2
23:18:41.500,snap,playback,tv.danmaku.bili,charging,1,44.6,58,85,95,0,22.47,0.07,0.06,8,4.154,-0.676,2.8081038,19680,11488,0,-,2
23:18:42.500,snap,playback,tv.danmaku.bili,charging,1,44.6,56,85,95,0,21.84,0.06,0.05,8,4.156,-0.878,3.6489682,19680,11488,0,-,2
23:18:43.500,snap,playback,tv.danmaku.bili,charging,1,44.6,55.2,85,95,0,21.84,0.06,0.05,0,4.156,-0.878,3.6489682,10548,4334,0,-,2
23:18:44.500,snap,playback,tv.danmaku.bili,charging,1,44.6,54.8,85,95,0,21.84,0.06,0.05,0,4.159,-0.894,3.7181458,10548,4334,0,-,2
23:18:45.501,snap,playback,tv.danmaku.bili,charging,1,44.6,54,85,95,0,20.05,0.05,0.04,0,4.16,-0.944,3.9270399,7863,3413,0,-,2
23:18:46.502,snap,playback,tv.danmaku.bili,charging,1,44.5,53.6,85,95,0,20.05,0.05,0.04,0,4.161,-0.946,3.9363058,7863,3413,0,-,2
23:18:47.501,snap,playback,tv.danmaku.bili,charging,1,44.5,53.2,85,95,0,18.59,0.04,0.03,0,4.16,-0.966,4.01856,8536,3636,0,-,2
23:18:48.502,snap,playback,tv.danmaku.bili,charging,1,44.5,52.8,85,95,0,18.59,0.04,0.03,0,4.159,-0.918,3.817962,8536,3636,0,-,2
23:18:49.502,snap,playback,tv.danmaku.bili,charging,1,44.5,52.8,85,95,0,17.4,0.03,0.02,0,4.16,-0.942,3.9187198,9299,3674,0,-,2
23:18:50.502,snap,playback,tv.danmaku.bili,charging,1,44.5,52.8,85,95,0,17.4,0.03,0.02,0,4.158,-0.914,3.800412,9299,3674,0,-,2
23:18:51.502,snap,playback,tv.danmaku.bili,charging,1,44.5,52.8,85,95,0,16.78,0.02,0.02,0,4.16,-0.964,4.0102396,8612,3661,0,-,2
23:18:52.502,snap,playback,tv.danmaku.bili,charging,1,44.5,52.8,85,95,0,16.78,0.02,0.02,0,4.157,-0.922,3.8327541,8612,3661,0,-,2
23:18:53.503,snap,playback,tv.danmaku.bili,charging,1,44.5,52.8,85,95,0,16.1,0.02,0.01,0,4.159,-0.93,3.8678699,8917,3769,0,-,2
23:18:54.502,snap,playback,tv.danmaku.bili,charging,1,44.5,52.8,85,95,0,16.1,0.02,0.01,0,4.162,-0.956,3.978872,8917,3769,0,-,2
23:18:55.503,snap,playback,tv.danmaku.bili,charging,1,44.5,52.4,85,95,0,15.17,0.01,0.01,0,4.156,-0.888,3.6905282,7355,2909,0,-,2
23:18:56.503,snap,playback,tv.danmaku.bili,charging,1,44.5,52.8,85,95,0,15.17,0.01,0.01,0,4.163,-0.958,3.9881542,7355,2909,0,-,2
23:18:57.505,snap,playback,tv.danmaku.bili,charging,1,44.5,52.4,85,95,0,14.41,0.01,0.01,0,4.159,-0.904,3.7597358,8211,3432,0,-,2
23:18:58.504,snap,playback,tv.danmaku.bili,charging,1,44.5,52.1,85,95,0,14.41,0.01,0.01,0,4.164,-0.974,4.055736,8211,3432,0,-,2
23:18:59.504,snap,playback,tv.danmaku.bili,charging,1,44.5,52.1,85,95,0,13.79,0.01,0,0,4.16,-0.936,3.8937597,10508,4525,0,-,2
23:19:00.505,snap,playback,tv.danmaku.bili,charging,1,44.5,55.1,85,95,0,13.79,0.01,0,8,4.143,-0.566,2.344938,10508,4525,0,-,2
23:19:01.505,snap,playback,tv.danmaku.bili,charging,1,44.5,56,85,95,0,14.56,0,0,8,4.148,-0.652,2.704496,17848,10760,0,-,2
23:19:02.506,snap,playback,tv.danmaku.bili,charging,1,44.4,55.6,85,95,0,14.56,0,0,12,4.144,-0.628,2.602432,17848,10760,0,-,2
23:19:03.507,snap,playback,tv.danmaku.bili,charging,1,44.4,55.6,85,95,0,15.54,0,0,14,4.144,-0.566,2.345504,20229,12534,0,-,2
23:19:04.507,snap,playback,tv.danmaku.bili,charging,1,44.4,55.6,85,95,0,16.35,0,0,14,4.157,-0.716,2.976412,20229,12534,0,-,2
23:19:05.506,snap,playback,tv.danmaku.bili,charging,1,44.4,54.8,85,95,0,16.35,0,0,0,4.158,-0.84,3.49272,12742,5978,0,-,2
23:19:06.507,snap,playback,tv.danmaku.bili,charging,1,44.4,53.6,85,95,0,15.56,0,0,0,4.163,-0.936,3.896568,12742,5978,0,-,2
23:19:07.509,snap,playback,tv.danmaku.bili,charging,1,44.4,52.8,85,95,0,15.56,0,0,0,4.16,-0.93,3.8688,8532,3314,0,-,2
23:19:08.509,snap,playback,tv.danmaku.bili,charging,1,44.4,52.4,85,95,0,14.91,0,0,0,4.164,-0.98,4.08072,8532,3314,0,-,2
23:19:09.509,snap,playback,tv.danmaku.bili,charging,1,44.4,52.4,85,95,0,14.91,0,0,0,4.155,-0.824,3.4237201,8959,3991,0,-,2
23:19:10.511,snap,playback,tv.danmaku.bili,charging,1,44.4,52.4,85,95,0,14.38,0,0,0,4.16,-0.972,4.04352,8959,3991,0,-,2
23:19:11.511,snap,playback,tv.danmaku.bili,charging,1,44.4,53.2,85,95,0,14.38,0,0,0,4.158,-0.826,3.4345078,10940,4597,0,-,2
23:19:12.512,snap,playback,tv.danmaku.bili,charging,1,44.4,52.4,85,95,0,16.31,0,0,0,4.162,-0.966,4.020492,10940,4597,0,-,2
23:19:13.512,snap,playback,tv.danmaku.bili,charging,1,44.4,52.4,85,95,0,16.31,0,0,0,4.162,-0.94,3.91228,8241,3544,0,-,2
23:19:14.512,snap,playback,tv.danmaku.bili,charging,1,44.4,52.1,85,95,0,15.53,0,0,0,4.162,-0.94,3.91228,8241,3544,0,-,2
23:19:15.512,snap,playback,tv.danmaku.bili,charging,1,44.4,52.1,85,95,0,15.53,0,0,0,4.161,-0.93,3.8697298,9864,4647,0,-,2
23:19:16.513,snap,playback,tv.danmaku.bili,charging,1,44.4,52.1,85,95,0,15.53,0,0,0,4.163,-0.912,3.7966561,9864,4647,0,-,2
23:19:17.513,snap,playback,tv.danmaku.bili,charging,1,44.4,52.1,85,95,0,15.07,0,0,0,4.164,-0.95,3.9558,11504,4265,0,-,2
23:19:18.517,snap,playback,tv.danmaku.bili,charging,1,44.3,52.1,85,95,0,15.07,0,0,0,4.161,-0.828,3.445308,11504,4265,0,-,2
23:19:19.515,snap,playback,tv.danmaku.bili,charging,1,44.3,52.4,85,95,0,14.69,0.18,0,0,4.162,-0.97,4.0371404,11504,4265,0,-,2
23:19:20.514,snap,playback,tv.danmaku.bili,charging,1,44.3,51.7,85,95,0,14.69,0.18,0,0,4.161,-0.916,3.8114758,8078,3215,0,-,2
23:19:21.515,snap,playback,tv.danmaku.bili,charging,1,44.3,51.7,85,95,0,14.02,0.14,0,0,4.161,-0.944,3.9279838,8078,3215,0,-,2
23:19:22.515,snap,playback,tv.danmaku.bili,charging,1,44.3,51.7,85,95,0,14.02,0.14,0,0,4.162,-0.942,3.920604,9462,3942,0,-,2
23:19:23.515,snap,playback,tv.danmaku.bili,charging,1,44.3,51.7,85,95,0,13.47,0.12,0,4,4.164,-0.966,4.022424,9462,3942,0,-,2
23:19:24.515,snap,playback,tv.danmaku.bili,charging,1,44.3,53.6,85,95,0,13.47,0.12,0,4,4.147,-0.762,3.160014,11843,5717,0,-,2
23:19:25.515,snap,playback,tv.danmaku.bili,charging,1,44.3,54.4,85,95,0,13.75,0.09,0,5,4.148,-0.718,2.9782639,11843,5717,0,-,2
23:19:26.516,snap,playback,tv.danmaku.bili,charging,1,44.3,55.2,85,95,0,13.75,0.09,0,12,4.142,-0.524,2.170408,19343,11359,0,-,2
23:19:27.516,snap,playback,tv.danmaku.bili,charging,1,44.3,55.2,85,95,0,14.52,0.08,0,12,4.152,-0.656,2.723712,19343,11359,0,-,2
23:19:28.516,snap,playback,tv.danmaku.bili,charging,1,44.3,54.4,85,95,0,14.52,0.08,0,12,4.159,-0.786,3.268974,18500,10342,0,-,2
23:19:29.516,snap,playback,tv.danmaku.bili,charging,1,44.2,53.6,85,95,0,14.97,0.06,0,0,4.157,-0.878,3.649846,18500,10342,0,-,2
23:19:30.518,snap,playback,tv.danmaku.bili,charging,1,44.2,53.6,85,95,0,14.97,0.06,0,0,4.164,-0.906,3.7725842,9930,4059,0,-,2
23:19:31.519,snap,playback,tv.danmaku.bili,charging,1,44.2,52.4,85,95,0,14.25,0.05,0,0,4.163,-0.926,3.854938,9930,4059,0,-,2
23:19:32.519,snap,playback,tv.danmaku.bili,charging,1,44.2,52.1,85,95,0,14.25,0.05,0,0,4.163,-0.958,3.9881542,7766,3178,0,-,2
23:19:33.520,snap,playback,tv.danmaku.bili,charging,1,44.2,52.1,85,95,0,13.66,0.04,0,0,4.161,-0.948,3.9446278,7766,3178,0,-,2
23:19:34.519,snap,playback,tv.danmaku.bili,charging,1,44.2,51.7,85,95,0,13.66,0.04,0,0,4.163,-0.952,3.9631763,7577,3053,0,-,2
23:19:35.519,snap,playback,tv.danmaku.bili,charging,1,44.2,51.7,85,95,0,13.18,0.03,0,0,4.16,-0.906,3.76896,7577,3053,0,-,2
23:19:36.522,snap,playback,tv.danmaku.bili,charging,1,44.2,51.7,85,95,0,13.18,0.03,0,0,4.166,-0.972,4.0493517,7513,3016,0,-,2
23:19:37.520,snap,playback,tv.danmaku.bili,charging,1,44.2,51.3,85,95,0,12.78,0.02,0,0,4.162,-0.936,3.895632,7513,3016,0,-,2
23:19:38.520,snap,playback,tv.danmaku.bili,charging,1,44.2,51.3,85,95,0,12.64,0.02,0,0,4.16,-0.944,3.9270399,7558,3034,0,-,2
23:19:39.522,snap,playback,tv.danmaku.bili,charging,1,44.1,51.3,85,95,0,12.64,0.02,0,5,4.148,-0.778,3.2271438,7558,3034,0,-,2
23:19:40.523,snap,playback,tv.danmaku.bili,charging,1,44.1,53.2,85,95,0,13.25,0.01,0,7,4.147,-0.7,2.9028997,14694,7845,0,-,2
23:19:41.523,snap,playback,tv.danmaku.bili,charging,1,44.1,54.4,85,95,0,13.25,0.01,0,12,4.139,-0.474,1.961886,14694,7845,0,-,2
23:19:42.526,snap,playback,tv.danmaku.bili,charging,1,44.1,55.6,85,95,0,14.83,0.01,0,12,4.146,-0.582,2.412972,21353,13386,0,-,2
23:19:43.524,snap,playback,tv.danmaku.bili,charging,1,44.1,55.6,85,95,0,14.83,0.01,0,14,4.143,-0.562,2.328366,21353,13386,0,-,2
23:19:44.535,snap,playback,tv.danmaku.bili,charging,1,44,56,85,95,0,17.94,0.01,0,12,4.143,-0.476,1.9720681,22887,14053,0,-,2
23:19:45.532,snap,playback,tv.danmaku.bili,charging,1,44,56.4,85,95,0,17.94,0.01,0,12,4.137,-0.404,1.6713481,22887,14053,0,-,2
23:19:46.531,snap,playback,tv.danmaku.bili,charging,1,44,56.4,85,95,0,18.86,0.19,0,14,4.14,-0.43,1.7802,22465,13908,0,-,2
23:19:47.531,snap,playback,tv.danmaku.bili,charging,1,44,56.8,85,95,0,18.86,0.19,0,13,4.144,-0.424,1.757056,22465,13908,0,-,2
23:19:48.531,snap,playback,tv.danmaku.bili,charging,1,44,56.4,85,95,0,19.43,0.15,0,16,4.144,-0.424,1.757056,21156,13678,0,-,2
23:19:49.535,snap,playback,tv.danmaku.bili,charging,1,44,56.8,85,95,0,19.43,0.15,0,16,4.147,-0.618,2.5628457,21156,13678,0,-,2
23:19:50.534,snap,playback,tv.danmaku.bili,charging,1,44,56.4,85,95,0,19.43,0.15,0,17,4.147,-0.556,2.3057318,23596,15013,0,-,2
23:19:51.535,snap,playback,tv.danmaku.bili,charging,1,44,56.8,85,95,0,20.25,0.12,0,17,4.147,-0.58,2.4052598,23596,15013,0,-,2
23:19:52.535,snap,playback,tv.danmaku.bili,charging,1,44,57.6,85,95,0,20.25,0.12,0,13,4.138,-0.446,1.845548,22454,13930,0,-,2
23:19:53.536,snap,playback,tv.danmaku.bili,charging,1,44,57.6,85,95,0,20.39,0.1,0,14,4.142,-0.52,2.15384,22454,13930,0,-,2
23:19:54.540,snap,playback,tv.danmaku.bili,charging,1,44,56.4,85,95,0,20.39,0.1,0,13,4.144,-0.574,2.3786561,22182,14036,0,-,2
23:19:55.539,snap,playback,tv.danmaku.bili,charging,1,44,56.4,85,95,0,20.68,0.08,0,12,4.144,-0.596,2.469824,22182,14036,0,-,2
23:19:56.540,snap,playback,tv.danmaku.bili,charging,1,44,56.4,85,95,0,20.68,0.08,0,14,4.149,-0.602,2.497698,21151,13886,0,-,2
23:19:57.541,snap,playback,tv.danmaku.bili,charging,1,44,56.4,85,95,0,20.74,0.06,0,12,4.145,-0.55,2.27975,21151,13886,0,-,2
23:19:58.543,snap,playback,tv.danmaku.bili,charging,1,44,56.4,85,95,0,20.74,0.06,0,13,4.146,-0.576,2.3880959,22733,14123,0,-,2
23:19:59.543,snap,playback,tv.danmaku.bili,charging,1,44,56.4,85,95,0,21.33,0.05,0,13,4.146,-0.598,2.479308,22733,14123,0,-,2
23:20:00.543,snap,playback,tv.danmaku.bili,charging,1,44,56.8,85,95,0,21.33,0.05,0,13,4.145,-0.484,2.00618,22505,14116,0,-,2
23:20:01.544,snap,playback,tv.danmaku.bili,charging,1,44,56.8,85,95,0,21.45,0.04,0,12,4.143,-0.548,2.270364,22505,14116,0,-,2
23:20:02.544,snap,playback,tv.danmaku.bili,charging,1,44,56.8,85,95,0,21.45,0.04,0,14,4.147,-0.554,2.297438,25268,14588,0,-,2
23:20:03.546,snap,playback,tv.danmaku.bili,charging,1,44,56.8,85,95,0,22.45,0.03,0,12,4.144,-0.534,2.2128959,25268,14588,0,-,2
23:20:04.547,snap,playback,tv.danmaku.bili,charging,1,44,56.8,85,95,0,22.45,0.03,0,13,4.144,-0.56,2.32064,22312,14228,0,-,2
23:20:05.547,snap,playback,tv.danmaku.bili,charging,1,44,56.8,85,95,0,22.55,0.03,0,13,4.141,-0.568,2.352088,22312,14228,0,-,2
23:20:06.547,snap,playback,tv.danmaku.bili,charging,1,43.9,56.8,85,95,0,22.55,0.03,0,12,4.142,-0.46,1.9053202,22399,12987,0,-,2
23:20:07.547,snap,playback,tv.danmaku.bili,charging,1,43.9,57.2,85,95,0,22.27,0.02,0,13,4.139,-0.576,2.384064,22399,12987,0,-,2
23:20:08.549,snap,playback,tv.danmaku.bili,charging,1,43.9,57.6,85,95,0,22.27,0.02,0,13,4.138,-0.476,1.969688,22631,13727,0,-,2
23:20:09.550,snap,playback,tv.danmaku.bili,charging,1,43.9,57.6,85,95,0,21.13,0.02,0,13,4.143,-0.548,2.270364,22631,13727,0,-,2
23:20:10.548,snap,playback,tv.danmaku.bili,charging,1,43.9,57.2,85,95,0,21.13,0.02,0,13,4.145,-0.622,2.5781898,21139,12749,0,-,2
23:20:11.558,snap,playback,tv.danmaku.bili,charging,1,43.9,57.2,85,95,0,20.38,0.01,0,13,4.143,-0.56,2.32008,21139,12749,0,-,2
23:20:12.558,snap,playback,tv.danmaku.bili,charging,1,43.9,56.8,85,95,0,20.38,0.01,0,13,4.145,-0.566,2.3460698,21811,12847,0,-,2
23:20:13.558,snap,playback,tv.danmaku.bili,charging,1,43.9,57.2,85,95,0,20.49,0.01,0,13,4.142,-0.53,2.19526,21811,12847,0,-,2
23:20:14.559,snap,playback,tv.danmaku.bili,charging,1,43.9,56.8,85,95,0,20.49,0.01,0,13,4.144,-0.608,2.519552,22203,14012,0,-,2
23:20:15.559,snap,playback,tv.danmaku.bili,charging,1,43.9,57.2,85,95,0,20.77,0.01,0,13,4.145,-0.572,2.3709402,22203,14012,0,-,2
23:20:16.561,snap,playback,tv.danmaku.bili,charging,1,43.9,57.6,85,95,0,20.99,0,0,13,4.137,-0.396,1.638252,24000,14672,0,-,2
23:20:17.559,snap,playback,tv.danmaku.bili,charging,1,43.9,57.6,85,95,0,20.99,0,0,13,4.147,-0.608,2.521376,24000,14672,0,-,2
23:20:18.559,snap,playback,tv.danmaku.bili,charging,1,43.9,57.2,85,95,0,20.81,0,0,13,4.145,-0.606,2.51187,21401,13781,0,-,2
23:20:19.559,snap,playback,tv.danmaku.bili,charging,1,43.9,57.2,85,95,0,20.81,0,0,13,4.146,-0.568,2.354928,21401,13781,0,-,2
23:20:20.559,snap,playback,tv.danmaku.bili,charging,1,43.9,57.2,85,95,0,20.84,0,0,12,4.145,-0.598,2.47871,21959,13484,0,-,2
23:20:21.560,snap,playback,tv.danmaku.bili,charging,1,43.9,57.2,85,95,0,20.84,0,0,13,4.142,-0.57,2.36094,21959,13484,0,-,2
23:20:22.562,snap,playback,tv.danmaku.bili,charging,1,43.9,57.6,85,95,0,20.69,0,0,13,4.143,-0.502,2.079786,21679,13950,0,-,2
23:20:23.566,snap,playback,tv.danmaku.bili,charging,1,43.9,57.6,85,95,0,20.69,0,0,13,4.146,-0.508,2.106168,21679,13950,0,-,2
23:20:24.572,snap,playback,tv.danmaku.bili,charging,1,43.9,57.6,85,95,0,20.74,0,0,13,4.146,-0.602,2.495892,21302,12965,0,-,2
23:20:25.572,snap,playback,tv.danmaku.bili,charging,1,43.9,57.6,85,95,0,20.74,0,0,12,4.144,-0.542,2.246048,21302,12965,0,-,2
23:20:26.572,snap,playback,tv.danmaku.bili,charging,1,43.9,57.6,85,95,0,21.15,0,0,13,4.144,-0.542,2.246048,23958,14156,0,-,2
23:20:27.574,snap,playback,tv.danmaku.bili,charging,1,43.8,56.8,85,95,0,21.15,0,0,13,4.143,-0.55,2.27865,23958,14156,0,-,2
23:20:28.573,snap,playback,tv.danmaku.bili,charging,1,43.8,56.8,85,95,0,21.15,0,0,14,4.145,-0.556,2.30462,21114,13706,0,-,2
23:20:29.573,snap,playback,tv.danmaku.bili,charging,1,43.8,57.2,85,95,0,21.12,0,0,12,4.15,-0.608,2.5232,21114,13706,0,-,2
23:20:30.575,snap,playback,tv.danmaku.bili,charging,1,43.8,57.2,85,95,0,21.12,0,0,16,4.144,-0.536,2.221184,22835,14516,0,-,2
23:20:31.574,snap,playback,tv.danmaku.bili,charging,1,43.8,57.2,85,95,0,21.64,0,0,17,4.14,-0.492,2.03688,22835,14516,0,-,2
23:20:32.575,snap,playback,tv.danmaku.bili,charging,1,43.8,57.2,85,95,0,21.64,0,0,16,4.146,-0.534,2.2139637,22881,14537,0,-,2
23:20:33.575,snap,playback,tv.danmaku.bili,charging,1,43.9,57.2,85,95,0,22.07,0,0,13,4.139,-0.494,2.0446658,22881,14537,0,-,2
23:20:34.577,snap,playback,tv.danmaku.bili,charging,1,43.9,57.2,85,95,0,22.07,0,0,13,4.142,-0.484,2.004728,22212,13905,0,-,2
23:20:35.576,snap,playback,tv.danmaku.bili,charging,1,43.9,57.6,85,95,0,22.06,0,0,12,4.147,-0.542,2.247674,22212,13905,0,-,2
23:20:36.577,snap,playback,tv.danmaku.bili,charging,1,43.9,57.2,85,95,0,22.06,0,0,13,4.15,-0.578,2.3987,21503,13721,0,-,2
23:20:37.577,snap,playback,tv.danmaku.bili,charging,1,43.9,56.8,85,95,0,21.68,0,0,13,4.145,-0.608,2.52016,21503,13721,0,-,2
23:20:38.580,snap,playback,tv.danmaku.bili,charging,1,43.8,56.8,85,95,0,21.68,0,0,12,4.146,-0.576,2.3880959,20128,13098,0,-,2
23:20:39.577,snap,playback,tv.danmaku.bili,charging,1,43.8,56.8,85,95,0,21.38,0,0,12,4.148,-0.636,2.6381278,20128,13098,0,-,2
23:20:40.584,snap,playback,tv.danmaku.bili,charging,1,43.8,57.2,85,95,0,21.38,0,0,13,4.145,-0.558,2.31291,22060,13960,0,-,2
23:20:41.584,snap,playback,tv.danmaku.bili,charging,1,43.8,56.8,85,95,0,21.13,0,0,13,4.136,-0.506,2.092816,22060,13960,0,-,2
23:20:42.584,snap,playback,tv.danmaku.bili,charging,1,43.8,57.2,85,95,0,21.13,0,0,13,4.147,-0.618,2.5628457,20977,13743,0,-,2
23:20:43.584,snap,playback,tv.danmaku.bili,charging,1,43.8,57.2,85,95,0,20.92,0,0,13,4.138,-0.552,2.2841759,20977,13743,0,-,2
23:20:44.586,snap,playback,tv.danmaku.bili,charging,1,43.8,58.4,85,95,0,20.92,0,0,12,4.137,-0.462,1.9112941,23395,13880,0,-,2
23:20:45.586,snap,playback,tv.danmaku.bili,charging,1,43.8,58.4,85,95,0,21.12,0,0,13,4.14,-0.484,2.0037599,23395,13880,0,-,2
23:20:46.587,snap,playback,tv.danmaku.bili,charging,1,43.8,57.6,85,95,0,21.12,0,0,14,4.144,-0.65,2.6936,23395,13880,0,-,2
23:20:47.587,snap,playback,tv.danmaku.bili,charging,1,43.8,57.6,85,95,0,20.73,0,0,12,4.137,-0.56,2.31672,20262,13010,0,-,2
23:20:48.588,snap,playback,tv.danmaku.bili,charging,1,43.8,57.6,85,95,0,20.73,0,0,13,4.145,-0.566,2.3460698,20262,13010,0,-,2
23:20:49.588,snap,playback,tv.danmaku.bili,charging,1,43.8,57.6,85,95,0,20.78,0,0,13,4.142,-0.578,2.394076,24652,14575,0,-,2
23:20:50.589,snap,playback,tv.danmaku.bili,charging,1,43.8,57.2,85,95,0,20.78,0,0,13,4.145,-0.576,2.3875198,24652,14575,0,-,2
23:20:51.589,snap,playback,tv.danmaku.bili,charging,1,43.8,57.2,85,95,0,20.82,0,0,13,4.134,-0.49,2.02566,20220,13008,0,-,2
23:20:52.589,snap,playback,tv.danmaku.bili,charging,1,43.8,57.2,85,95,0,20.82,0,0,13,4.145,-0.564,2.33778,20220,13008,0,-,2
23:20:53.590,snap,playback,tv.danmaku.bili,charging,1,43.8,57.2,85,95,0,20.85,0,0,12,4.149,-0.646,2.6802542,21669,14035,0,-,2
23:20:54.590,snap,playback,tv.danmaku.bili,charging,1,43.8,57.2,85,95,0,20.7,0,0,13,4.145,-0.578,2.3958101,21669,14035,0,-,2
23:20:55.590,snap,playback,tv.danmaku.bili,charging,1,43.8,56.8,85,95,0,20.7,0,0,12,4.143,-0.596,2.469228,21652,14026,0,-,2
23:20:56.591,snap,playback,tv.danmaku.bili,charging,1,43.8,56.8,85,95,0,20.57,0,0,13,4.143,-0.544,2.2537923,21652,14026,0,-,2
23:20:57.593,snap,playback,tv.danmaku.bili,charging,1,43.8,56.8,85,95,0,20.57,0,0,14,4.149,-0.626,2.597274,20143,13006,0,-,2
23:20:58.591,snap,playback,tv.danmaku.bili,charging,1,43.8,56.8,85,95,0,20.28,0,0,12,4.144,-0.584,2.420096,20143,13006,0,-,2
23:20:59.592,snap,playback,tv.danmaku.bili,charging,1,43.7,56.8,85,95,0,20.28,0,0,12,4.147,-0.546,2.264262,19944,12970,0,-,2
23:21:00.592,snap,playback,tv.danmaku.bili,charging,1,43.7,57.2,85,95,0,20.23,0,0,13,4.139,-0.53,2.1936698,19944,12970,0,-,2
23:21:01.593,snap,playback,tv.danmaku.bili,charging,1,43.7,56.8,85,95,0,20.23,0,0,12,4.143,-0.534,2.212362,22916,14270,0,-,2
23:21:02.592,snap,playback,tv.danmaku.bili,charging,1,43.7,57.2,85,95,0,20.73,0,0,12,4.145,-0.58,2.4041,22916,14270,0,-,2
23:21:03.592,snap,playback,tv.danmaku.bili,charging,1,43.7,57.2,85,95,0,20.73,0,0,13,4.145,-0.58,2.4041,20818,13371,0,-,2
23:21:04.593,snap,playback,tv.danmaku.bili,charging,1,43.7,57.6,85,95,0,20.73,0,0,13,4.149,-0.556,2.306844,20818,13371,0,-,2
23:21:05.593,snap,playback,tv.danmaku.bili,charging,1,43.7,57.6,85,95,0,20.96,0,0,12,4.146,-0.536,2.222256,21972,14206,0,-,2
23:21:06.593,snap,playback,tv.danmaku.bili,charging,1,43.7,57.6,85,95,0,20.96,0,0,13,4.146,-0.594,2.462724,21972,14206,0,-,2
23:21:07.593,snap,playback,tv.danmaku.bili,charging,1,43.7,57.6,85,95,0,21.15,0,0,14,4.15,-0.582,2.4153001,22022,13853,0,-,2
23:21:08.593,snap,playback,tv.danmaku.bili,charging,1,43.7,57.2,85,95,0,21.15,0,0,13,4.15,-0.624,2.5896,22022,13853,0,-,2
23:21:09.593,snap,playback,tv.danmaku.bili,charging,1,43.7,57.2,85,95,0,20.94,0,0,14,4.145,-0.494,2.0476298,21992,13177,0,-,2
23:21:10.595,snap,playback,tv.danmaku.bili,charging,1,43.8,57.2,85,95,0,20.94,0,0,12,4.146,-0.58,2.4046798,21992,13177,0,-,2
23:21:11.594,snap,playback,tv.danmaku.bili,charging,1,43.8,57.2,85,95,0,20.77,0,0,12,4.15,-0.612,2.5398,21140,12538,0,-,2
23:21:12.595,snap,playback,tv.danmaku.bili,charging,1,43.8,57.2,85,95,0,20.77,0,0,13,4.144,-0.57,2.36208,21140,12538,0,-,2
23:21:13.597,snap,playback,tv.danmaku.bili,charging,1,43.8,57.2,85,95,0,20.08,0,0,12,4.147,-0.582,2.413554,21325,12678,0,-,2
23:21:14.598,snap,playback,tv.danmaku.bili,charging,1,43.8,56.8,85,95,0,20.08,0,0,13,4.149,-0.564,2.3400362,21325,12678,0,-,2
23:21:15.598,snap,playback,tv.danmaku.bili,charging,1,43.7,56.4,85,95,0,20.25,0,0,13,4.148,-0.588,2.439024,20990,13849,0,-,2
23:21:16.599,snap,playback,tv.danmaku.bili,charging,1,43.7,56.8,85,95,0,20.25,0,0,12,4.147,-0.564,2.338908,20990,13849,0,-,2
23:21:17.603,snap,playback,tv.danmaku.bili,charging,1,43.7,57.2,85,95,0,20.2,0,0,13,4.143,-0.538,2.228934,22416,12965,0,-,2
23:21:18.604,snap,playback,tv.danmaku.bili,charging,1,43.7,57.2,85,95,0,20.2,0,0,13,4.145,-0.512,2.12224,22416,12965,0,-,2
23:21:19.604,snap,playback,tv.danmaku.bili,charging,1,43.7,57.2,85,95,0,21.07,0,0,12,4.145,-0.528,2.18856,21452,12777,0,-,2
23:21:20.605,snap,playback,tv.danmaku.bili,charging,1,43.7,57.2,85,95,0,21.07,0,0,15,4.143,-0.576,2.386368,21452,12777,0,-,2
23:21:21.604,snap,playback,tv.danmaku.bili,charging,1,43.7,57.6,85,95,0,21.06,0,0,17,4.148,-0.552,2.2896957,21896,12593,0,-,2
23:21:22.605,snap,playback,tv.danmaku.bili,charging,1,43.7,60.6,85,95,0,21.06,0,0,17,4.102,0.234,0.9598681,21896,12593,0,-,2
23:21:23.605,snap,playback,tv.danmaku.bili,charging,1,43.7,63.6,85,95,0,27.39,0.36,4.52,16,4.122,-0.01,0.041220002,33431,10156,0,-,2
23:21:24.606,snap,playback,tv.danmaku.bili,charging,1,43.7,61.9,85,95,0,27.39,0.36,4.52,13,4.12,-0.162,0.66744,33431,10156,0,-,2
23:21:25.606,snap,playback,tv.danmaku.bili,charging,1,43.7,61.9,85,95,0,32.57,0.65,8.41,13,4.125,-0.274,1.13025,27331,11358,0,-,2
23:21:26.605,snap,playback,tv.danmaku.bili,charging,1,43.7,61.1,85,95,0,32.57,0.65,8.41,13,4.131,-0.236,0.97491604,27331,11358,0,-,2
23:21:27.610,snap,playback,tv.danmaku.bili,charging,1,43.7,61.1,85,95,0,37.18,0.72,9.97,13,4.137,-0.388,1.6051561,27953,11001,0,-,2
23:21:28.609,snap,playback,tv.danmaku.bili,charging,1,43.7,60.3,85,95,0,37.18,0.72,9.97,12,4.136,-0.428,1.7702081,27953,11001,0,-,2
23:21:29.611,snap,playback,tv.danmaku.bili,charging,1,43.7,60.3,85,95,0,40.22,0.59,11.78,13,4.139,-0.468,1.9370519,23289,9927,0,-,2
23:21:30.610,snap,playback,tv.danmaku.bili,charging,1,43.7,60.3,85,95,0,40.22,0.59,11.78,12,4.136,-0.398,1.646128,23289,9927,0,-,2
23:21:31.611,snap,playback,tv.danmaku.bili,charging,1,43.7,60.3,85,95,0,42.36,0.66,12.91,12,4.137,-0.378,1.563786,24263,10669,0,-,2
23:21:32.612,snap,playback,tv.danmaku.bili,charging,1,43.7,60.3,85,95,0,42.36,0.66,12.91,13,4.135,-0.308,1.2735801,24263,10669,0,-,2
23:21:33.611,snap,playback,tv.danmaku.bili,charging,1,43.7,60.3,85,95,0,44.65,0.72,12.02,13,4.133,-0.302,1.248166,27166,11145,0,-,2
23:21:34.612,snap,playback,tv.danmaku.bili,charging,1,43.7,60.3,85,95,0,44.65,0.72,12.02,13,4.126,-0.33,1.36158,27166,11145,0,-,2
23:21:35.613,snap,playback,tv.danmaku.bili,charging,1,43.7,60.3,85,95,0,46.88,0.77,10.93,13,4.14,-0.43,1.7802,24620,11384,0,-,2
23:21:36.612,snap,playback,tv.danmaku.bili,charging,1,43.7,60.3,85,95,0,47.08,0.63,9.13,12,4.142,-0.444,1.8390481,24620,11384,0,-,2
23:21:37.616,snap,playback,tv.danmaku.bili,charging,1,43.7,60.3,85,95,0,47.08,0.63,9.13,12,4.144,-0.552,2.287488,22645,12499,0,-,2
23:21:38.613,snap,playback,tv.danmaku.bili,charging,1,43.7,59.6,85,95,0,42.36,0.7,7.65,14,4.142,-0.44,1.8224801,22645,12499,0,-,2
23:21:39.613,snap,playback,tv.danmaku.bili,charging,1,43.7,59.6,85,95,0,42.36,0.7,7.65,13,4.141,-0.52,2.1533198,23651,13658,0,-,2
23:21:40.613,snap,playback,tv.danmaku.bili,charging,1,43.7,59.2,85,95,0,37.94,0.57,6.27,13,4.144,-0.618,2.560992,23651,13658,0,-,2
23:21:41.615,snap,playback,tv.danmaku.bili,charging,1,43.7,59.2,85,95,0,37.94,0.57,6.27,14,4.144,-0.618,2.560992,20661,12804,0,-,2
23:21:42.616,snap,playback,tv.danmaku.bili,charging,1,43.7,58.4,85,95,0,37.94,0.57,6.27,14,4.138,-0.522,2.160036,20661,12804,0,-,2
23:21:43.617,snap,playback,tv.danmaku.bili,charging,1,43.7,58.4,85,95,0,34.33,0.46,5.13,13,4.146,-0.6,2.4876,19436,12173,0,-,2
23:21:44.617,snap,playback,tv.danmaku.bili,charging,1,43.7,58,85,95,0,34.33,0.46,5.13,12,4.143,-0.524,2.170932,19436,12173,0,-,2
23:21:45.617,snap,playback,tv.danmaku.bili,charging,1,43.7,58,85,95,0,31.37,0.38,4.2,13,4.146,-0.644,2.670024,20278,12672,0,-,2
23:21:46.617,snap,playback,tv.danmaku.bili,charging,1,43.7,58,85,95,0,31.37,0.38,4.2,13,4.147,-0.584,2.4218478,20278,12672,0,-,2
23:21:47.617,snap,playback,tv.danmaku.bili,charging,1,43.7,58,85,95,0,29.13,0.31,3.44,13,4.15,-0.668,2.7722,19209,12967,0,-,2
23:21:48.618,snap,playback,tv.danmaku.bili,charging,1,43.7,58,85,95,0,29.13,0.31,3.44,13,4.146,-0.566,2.3466358,19209,12967,0,-,2
23:21:49.618,snap,playback,tv.danmaku.bili,charging,1,43.7,57.6,85,95,0,27.84,0.25,2.81,13,4.149,-0.618,2.564082,21566,12786,0,-,2
23:21:50.619,snap,playback,tv.danmaku.bili,charging,1,43.7,57.2,85,95,0,27.84,0.25,2.81,13,4.149,-0.588,2.4396122,21566,12786,0,-,2
23:21:51.618,snap,playback,tv.danmaku.bili,charging,1,43.7,57.6,85,95,0,26.05,0.21,2.3,13,4.146,-0.63,2.61198,20304,11861,0,-,2
23:21:52.619,snap,playback,tv.danmaku.bili,charging,1,43.7,57.6,85,95,0,26.05,0.21,2.3,12,4.147,-0.594,2.4633179,20304,11861,0,-,2
23:21:53.621,snap,playback,tv.danmaku.bili,charging,1,43.7,58,85,95,0,24.41,0.17,1.88,13,4.142,-0.398,1.648516,21386,12362,0,-,2
23:21:54.619,snap,playback,tv.danmaku.bili,charging,1,43.7,58,85,95,0,24.41,0.17,1.88,14,4.149,-0.582,2.4147182,21386,12362,0,-,2
23:21:55.620,snap,playback,tv.danmaku.bili,charging,1,43.7,57.6,85,95,0,23.25,0.14,1.54,12,4.148,-0.638,2.6464238,19018,12783,0,-,2
23:21:56.620,snap,playback,tv.danmaku.bili,charging,1,43.7,57.2,85,95,0,23.25,0.14,1.54,13,4.149,-0.662,2.746638,19018,12783,0,-,2
23:21:57.620,snap,playback,tv.danmaku.bili,charging,1,43.7,56.8,85,95,0,22.12,0.11,1.26,13,4.146,-0.632,2.6202722,19368,12848,0,-,2
23:21:58.620,snap,playback,tv.danmaku.bili,charging,1,43.7,56.8,85,95,0,22.12,0.11,1.26,13,4.15,-0.63,2.6145,19368,12848,0,-,2
23:21:59.620,snap,playback,tv.danmaku.bili,charging,1,43.7,56.8,85,95,0,21.37,0.09,1.03,13,4.15,-0.668,2.7722,18499,11371,0,-,2
23:22:00.621,snap,playback,tv.danmaku.bili,charging,1,43.7,56.8,85,95,0,21.37,0.09,1.03,9,4.136,-0.4,1.6544001,18499,11371,0,-,2
23:22:01.621,snap,playback,tv.danmaku.bili,charging,1,43.7,58,85,95,0,22.21,0.07,0.84,10,4.147,-0.366,1.5178019,18986,9266,0,-,2
23:22:02.621,snap,playback,tv.danmaku.bili,charging,1,43.7,58,85,95,0,22.21,0.07,0.84,0,4.147,-0.65,2.6955497,18986,9266,0,-,2
23:22:03.621,snap,playback,tv.danmaku.bili,charging,1,43.7,58,85,95,0,21.26,0.06,0.69,10,4.151,-0.662,2.747962,18123,9189,0,-,2
23:22:04.621,snap,playback,tv.danmaku.bili,charging,1,43.7,56.4,85,95,0,21.26,0.06,0.69,7,4.151,-0.72,2.9887202,18123,9189,0,-,2
23:22:05.621,snap,playback,tv.danmaku.bili,charging,1,43.7,56.4,85,95,0,20.13,0.05,0.56,4,4.152,-0.722,2.997744,16237,7920,0,-,2
23:22:06.621,snap,playback,tv.danmaku.bili,charging,1,43.7,56.8,85,95,0,20.13,0.05,0.56,5,4.143,-0.574,2.378082,16237,7920,0,-,2
23:22:07.622,snap,playback,tv.danmaku.bili,charging,1,43.7,57.6,85,95,0,19.2,0.04,0.46,19,4.142,-0.612,2.534904,18655,10558,0,-,2
23:22:08.622,snap,playback,tv.danmaku.bili,charging,1,43.7,56.8,85,95,0,19.2,0.04,0.46,18,4.147,-0.652,2.7038438,18655,10558,0,-,2
23:22:09.622,snap,playback,tv.danmaku.bili,charging,1,43.6,56.8,85,95,0,18.44,0.03,0.38,19,4.148,-0.622,2.5800557,18673,9683,0,-,2
23:22:10.622,snap,playback,tv.danmaku.bili,charging,1,43.6,56.8,85,95,0,18.44,0.03,0.38,18,4.157,-0.754,3.1343782,18673,9683,0,-,2
23:22:11.623,snap,playback,tv.danmaku.bili,charging,1,43.6,57.2,85,95,0,17.99,0.02,0.31,8,4.145,-0.576,2.3875198,16650,9175,0,-,2
23:22:12.623,snap,playback,tv.danmaku.bili,charging,1,43.6,57.6,85,95,0,17.99,0.02,0.31,18,4.146,-0.562,2.330052,16650,9175,0,-,2
23:22:13.623,snap,playback,tv.danmaku.bili,charging,1,43.6,59.9,85,95,0,18.18,0.02,0.25,13,4.136,-0.298,1.2325281,24069,14123,0,-,2
23:22:14.624,snap,playback,tv.danmaku.bili,charging,1,43.6,59.9,85,95,0,20.86,0.01,0.2,24,4.138,-0.312,1.291056,24069,14123,0,-,2
23:22:15.624,snap,playback,tv.danmaku.bili,charging,1,43.6,59.6,85,95,0,20.86,0.01,0.2,18,4.144,-0.464,1.9228159,22960,12450,0,-,2
23:22:16.624,snap,playback,tv.danmaku.bili,charging,1,43.6,57.6,85,95,0,20.34,0.01,0.17,13,4.152,-0.712,2.956224,22960,12450,0,-,2
23:22:17.624,snap,playback,tv.danmaku.bili,charging,1,43.6,56.8,85,95,0,20.34,0.01,0.17,4,4.155,-0.754,3.1328702,11151,6727,0,-,2
23:22:18.626,snap,playback,tv.danmaku.bili,charging,1,43.6,55.6,85,95,0,19.19,0.01,0.13,4,4.155,-0.754,3.1328702,11151,6727,0,-,2
23:22:19.625,snap,playback,tv.danmaku.bili,charging,1,43.6,54.8,85,95,0,19.19,0.01,0.13,4,4.159,-0.826,3.4353337,11889,6505,0,-,2
23:22:20.625,snap,playback,tv.danmaku.bili,charging,1,43.6,54.8,85,95,0,19.19,0.01,0.13,4,4.154,-0.72,2.99088,11889,6505,0,-,2
23:22:21.626,snap,playback,tv.danmaku.bili,charging,1,43.6,54.4,85,95,0,18.79,0,0.11,4,4.157,-0.804,3.3422282,10890,6436,0,-,2
23:22:22.625,snap,playback,tv.danmaku.bili,charging,1,43.6,54,85,95,0,18.79,0,0.11,3,4.157,-0.746,3.101122,10890,6436,0,-,2
23:22:23.626,snap,playback,tv.danmaku.bili,charging,1,43.6,54,85,95,0,18.1,0,0.09,4,4.159,-0.8,3.3272,10182,5766,0,-,2
23:22:24.626,snap,playback,tv.danmaku.bili,charging,1,43.6,53.2,85,95,0,18.1,0,0.09,4,4.164,-0.88,3.66432,10182,5766,0,-,2
23:22:25.626,snap,playback,tv.danmaku.bili,charging,1,43.6,52.4,85,95,0,17.54,0,0.07,0,4.164,-0.978,4.072392,7424,3117,0,-,2
23:22:26.628,snap,playback,tv.danmaku.bili,charging,1,43.6,52.4,85,95,0,17.54,0,0.07,0,4.164,-0.94,3.91416,7424,3117,0,-,2
23:22:27.627,snap,playback,tv.danmaku.bili,charging,1,43.6,52.4,85,95,0,16.54,0,0.06,0,4.167,-0.948,3.950316,7728,3119,0,-,2
23:22:28.627,snap,playback,tv.danmaku.bili,charging,1,43.6,52.1,85,95,0,16.54,0,0.06,0,4.167,-0.948,3.950316,7728,3119,0,-,2
23:22:29.627,snap,playback,tv.danmaku.bili,charging,1,43.6,52.4,85,95,0,15.71,0,0.05,0,4.167,-0.976,4.066992,7728,3119,0,-,2
23:22:30.656,snap,playback,tv.danmaku.bili,charging,1,43.6,52.4,85,95,0,15.71,0,0.05,12,4.138,-0.576,2.383488,8386,3886,0,-,2
23:22:31.657,snap,playback,tv.danmaku.bili,charging,1,43.6,52.4,85,95,0,19.39,0,0.4,25,4.101,0.376,1.5419759,8386,3886,0,-,2
23:22:32.658,snap,playback,tv.danmaku.bili,charging,1,43.6,52.4,85,95,0,19.39,0,0.4,17,4.109,0.128,0.52595204,41766,20293,0,-,2
23:22:33.658,snap,playback,tv.danmaku.bili,charging,1,43.6,52.4,85,95,0,25.66,0.18,0.69,17,4.098,0.12,0.49176,41766,20293,0,-,2
23:22:34.659,snap,playback,tv.danmaku.bili,charging,1,43.6,52.4,85,95,0,25.66,0.18,0.69,11,4.104,0.372,1.5266881,34408,14246,0,-,2
23:22:35.659,snap,playback,tv.danmaku.bili,charging,1,43.6,54,85,95,0,31.52,0.87,4.73,26,4.148,-0.338,1.4020239,34408,14246,0,-,2
23:22:36.660,snap,playback,tv.danmaku.bili,charging,1,43.6,57,85,95,0,31.52,0.87,4.73,26,4.145,-0.51,2.11395,19385,8977,0,-,2
23:22:37.660,snap,playback,tv.danmaku.bili,charging,1,43.6,59.9,85,95,0,28.88,0.71,4.6,26,4.132,-0.52,2.14864,19385,8977,0,-,2
23:22:38.660,snap,playback,tv.danmaku.bili,charging,1,43.6,59.9,85,95,0,28.88,0.71,4.6,0,4.159,-0.834,3.468606,14514,7566,0,-,2
23:22:39.661,snap,playback,tv.danmaku.bili,charging,1,43.6,59.9,85,95,0,26.37,0.58,3.76,28,4.14,-0.288,1.1923199,14514,7566,0,-,2
23:22:40.661,snap,playback,tv.danmaku.bili,charging,1,43.6,59.9,85,95,0,26.37,0.58,3.76,0,4.134,-0.418,1.728012,17265,8750,0,-,2
23:22:41.661,snap,playback,tv.danmaku.bili,charging,1,43.6,59.6,85,95,0,24.49,0.47,4.89,13,4.139,-0.536,2.218504,17265,8750,0,-,2
23:22:42.661,snap,playback,tv.danmaku.bili,charging,1,43.6,58,85,95,0,24.49,0.47,4.89,13,4.157,-0.834,3.466938,15067,6893,0,-,2
23:22:43.662,snap,playback,tv.danmaku.bili,charging,1,43.6,56,85,95,0,22.95,0.39,4,13,4.154,-0.818,3.3979719,15067,6893,0,-,2
23:22:44.662,snap,playback,tv.danmaku.bili,charging,1,43.6,56,85,95,0,22.95,0.39,4,0,4.16,-0.868,3.6108797,10077,4923,0,-,2
23:22:45.662,snap,playback,tv.danmaku.bili,charging,1,43.6,54.8,85,95,0,21.15,0.32,3.28,0,4.155,-0.838,3.4818902,10077,4923,0,-,2
23:22:46.663,snap,playback,tv.danmaku.bili,charging,1,43.6,54.4,85,95,0,21.15,0.32,3.28,0,4.157,-0.874,3.633218,11741,5993,0,-,2
23:22:47.664,snap,playback,tv.danmaku.bili,charging,1,43.6,54.4,85,95,0,20.21,0.26,2.68,0,4.155,-0.834,3.46527,11741,5993,0,-,2
23:22:48.663,snap,playback,tv.danmaku.bili,charging,1,43.6,54,85,95,0,19.99,0.21,2.2,0,4.161,-0.908,3.7781878,13836,6872,0,-,2
23:22:49.663,snap,playback,tv.danmaku.bili,charging,1,43.6,53.6,85,95,0,19.99,0.21,2.2,0,4.159,-0.85,3.53515,13836,6872,0,-,2
23:22:50.663,snap,playback,tv.danmaku.bili,charging,1,43.6,53.6,85,95,0,19.27,0.17,1.8,0,4.159,-0.85,3.53515,11260,6005,0,-,2
23:22:51.664,snap,playback,tv.danmaku.bili,charging,1,43.6,53.2,85,95,0,19.27,0.17,1.8,0,4.164,-0.924,3.847536,11260,6005,0,-,2
23:22:52.664,snap,playback,tv.danmaku.bili,charging,1,43.6,52.8,85,95,0,19.27,0.17,1.8,0,4.165,-0.88,3.6652,11457,5965,0,-,2
23:22:53.665,snap,playback,tv.danmaku.bili,charging,1,43.6,53.2,85,95,0,18.31,0.14,1.47,8,4.166,-0.928,3.8660479,11457,5965,0,-,2
23:22:54.666,snap,playback,tv.danmaku.bili,charging,1,43.6,52.8,85,95,0,18.31,0.14,1.47,0,4.164,-0.79,3.28956,13173,5537,0,-,2
23:22:55.665,snap,playback,tv.danmaku.bili,charging,1,43.6,52.8,85,95,0,18.44,0.11,1.2,0,4.165,-0.952,3.96508,13173,5537,0,-,2
23:22:56.665,snap,playback,tv.danmaku.bili,charging,1,43.5,52.4,85,95,0,18.44,0.11,1.2,0,4.163,-0.864,3.5968323,9246,4295,0,-,2
23:22:57.666,snap,playback,tv.danmaku.bili,charging,1,43.5,52.4,85,95,0,17.45,0.09,0.98,0,4.166,-0.934,3.891044,9246,4295,0,-,2
23:22:58.666,snap,playback,tv.danmaku.bili,charging,1,43.5,52.4,85,95,0,17.45,0.09,0.98,0,4.163,-0.92,3.82996,9305,4485,0,-,2
23:22:59.666,snap,playback,tv.danmaku.bili,charging,1,43.5,51.7,85,95,0,16.82,0.07,0.8,5,4.164,-0.934,3.8891761,9305,4485,0,-,2
23:23:00.667,snap,playback,tv.danmaku.bili,charging,1,43.5,51.7,85,95,0,16.82,0.07,0.8,5,4.164,-0.944,3.9308162,8870,4321,0,-,2
23:23:01.667,snap,playback,tv.danmaku.bili,charging,1,43.5,52.1,85,95,0,16.31,0.06,0.66,5,4.162,-0.854,3.554348,8870,4321,0,-,2
23:23:02.668,snap,playback,tv.danmaku.bili,charging,1,43.5,55.1,85,95,0,16.31,0.06,0.66,15,4.137,-0.286,1.1831821,17282,9876,0,-,2
23:23:03.668,snap,playback,tv.danmaku.bili,discharging,1,43.5,56.8,85,95,0,18.61,0.23,0.54,19,4.089,0.364,1.488396,17282,9876,0,-,2
23:23:04.669,snap,playback,tv.danmaku.bili,discharging,1,43.5,55.6,85,95,0,18.61,0.23,0.54,19,4.097,0.486,1.991142,19374,9871,0,-,2
23:23:05.669,snap,playback,tv.danmaku.bili,discharging,1,43.5,54,85,95,0,17.95,0.19,0.44,2,4.1,0.456,1.8695999,19374,9871,0,-,2
23:23:06.669,snap,playback,tv.danmaku.bili,discharging,1,43.5,53.6,85,95,0,17.95,0.19,0.44,2,4.096,0.372,1.5237122,9065,4476,0,-,2
23:23:07.669,snap,playback,tv.danmaku.bili,discharging,1,43.5,52.8,85,95,0,17.06,0.15,0.36,2,4.093,0.424,1.7354319,9065,4476,0,-,2
23:23:08.669,snap,playback,tv.danmaku.bili,discharging,1,43.5,52.4,85,95,0,17.06,0.15,0.36,1,4.101,0.382,1.566582,8106,3896,0,-,2
23:23:09.670,snap,playback,tv.danmaku.bili,discharging,1,43.5,52.1,85,95,0,16.14,0.12,0.29,1,4.089,0.436,1.782804,8106,3896,0,-,2
23:23:10.670,snap,playback,tv.danmaku.bili,discharging,1,43.5,52.1,85,95,0,16.14,0.12,0.29,2,4.098,0.406,1.663788,9544,3866,0,-,2
23:23:11.670,snap,playback,tv.danmaku.bili,discharging,1,43.5,52.4,85,95,0,16.29,0.28,0.24,2,4.076,0.658,2.682008,9544,3866,0,-,2
23:23:12.671,snap,playback,tv.danmaku.bili,discharging,1,43.5,52.4,85,95,0,16.29,0.28,0.24,2,4.094,0.468,1.9159919,11304,4518,0,-,2
23:23:13.671,snap,playback,tv.danmaku.bili,discharging,1,43.5,52.4,85,95,0,17.51,0.41,0.19,2,4.093,0.496,2.030128,11304,4518,0,-,2
23:23:14.672,snap,playback,tv.danmaku.bili,discharging,1,43.5,52.4,85,95,0,17.51,0.41,0.19,4,4.096,0.374,1.5319041,11010,5198,0,-,2
23:23:15.673,snap,playback,tv.danmaku.bili,discharging,1,43.5,52.4,85,95,0,16.87,0.33,0.16,4,4.085,0.616,2.51636,11010,5198,0,-,2
23:23:16.673,snap,playback,tv.danmaku.bili,discharging,1,43.5,52.1,85,95,0,16.87,0.33,0.16,4,4.092,0.404,1.6531681,12143,5440,0,-,2
23:23:17.673,snap,playback,tv.danmaku.bili,discharging,1,43.5,52.1,85,95,0,16.71,0.45,0.13,4,4.08,0.516,2.10528,12143,5440,0,-,2
23:23:18.674,snap,playback,tv.danmaku.bili,discharging,1,43.5,52.1,85,95,0,16.71,0.45,0.13,4,4.099,0.296,1.213304,9256,4438,0,-,2
23:23:19.674,snap,playback,tv.danmaku.bili,discharging,1,43.5,52.1,85,95,0,16.04,0.37,0.1,4,4.099,0.296,1.213304,9256,4438,0,-,2
23:23:20.674,snap,playback,tv.danmaku.bili,discharging,1,43.5,52.4,85,95,0,16.04,0.37,0.1,4,4.095,0.436,1.7854198,11353,4809,0,-,2
23:23:21.674,snap,playback,tv.danmaku.bili,discharging,1,43.5,52.8,85,95,0,17.84,0.3,0.08,0,4.086,0.524,2.141064,11353,4809,0,-,2
23:23:22.674,snap,playback,tv.danmaku.bili,discharging,1,43.5,53.2,85,95,0,17.84,0.3,0.08,51,4.065,1.128,4.58532,21559,13050,0,-,2
23:23:23.676,snap,playback,tv.danmaku.bili,discharging,1,43.5,53.2,85,95,0,18.78,0.25,0.07,51,4.092,0.486,1.988712,21559,13050,0,-,2
23:23:24.675,snap,playback,tv.danmaku.bili,discharging,1,43.5,53.2,85,95,0,18.78,0.25,0.07,32,4.095,0.472,1.9328399,10418,4729,0,-,2
23:23:25.676,snap,playback,tv.danmaku.bili,discharging,1,43.4,52.4,85,95,0,18.27,0.2,0.05,0,4.085,0.526,2.14871,10418,4729,0,-,2
23:23:26.677,snap,playback,tv.danmaku.bili,discharging,1,43.4,52.1,85,95,0,18.27,0.2,0.05,0,4.091,0.564,2.3073242,12717,7156,0,-,2
23:23:27.679,snap,playback,tv.danmaku.bili,discharging,1,43.4,51.3,85,95,0,17.5,0.16,0.04,0,4.093,0.358,1.465294,12717,7156,0,-,2
23:23:28.679,snap,playback,tv.danmaku.bili,discharging,1,43.4,51.3,85,95,0,17.5,0.16,0.04,0,4.094,0.42,1.7194799,9961,4760,0,-,2
23:23:29.679,snap,playback,tv.danmaku.bili,discharging,1,43.4,50.9,85,95,0,16.86,0.13,0.03,33,4.091,0.456,1.865496,9961,4760,0,-,2
23:23:30.679,snap,playback,tv.danmaku.bili,discharging,1,43.4,50.9,85,95,0,16.86,0.13,0.03,33,4.09,0.424,1.7341601,9264,4469,0,-,2
23:23:31.679,snap,playback,tv.danmaku.bili,discharging,1,43.4,51.7,85,95,0,16.52,0.11,0.03,33,4.088,0.442,1.806896,9264,4469,0,-,2
23:23:32.679,snap,playback,tv.danmaku.bili,discharging,1,43.4,51.7,85,95,0,16.52,0.11,0.03,33,4.092,0.47,1.92324,10676,4830,0,-,2
23:23:33.679,snap,playback,tv.danmaku.bili,discharging,1,43.4,51.7,85,95,0,15.88,0.09,0.02,33,4.091,0.41,1.67731,10676,4830,0,-,2
23:23:34.680,snap,playback,tv.danmaku.bili,discharging,1,43.4,51.3,85,95,0,15.88,0.09,0.02,33,4.066,0.826,3.358516,14269,5621,0,-,2
23:23:35.680,snap,playback,tv.danmaku.bili,discharging,1,43.4,53.2,85,95,0,16.27,0.25,0.2,3,4.09,0.518,2.1186202,14269,5621,0,-,2
23:23:36.682,snap,playback,tv.danmaku.bili,discharging,1,43.3,51.7,85,95,0,16.27,0.25,0.2,3,4.084,0.564,2.3033762,11449,4874,0,-,2
23:23:37.681,snap,playback,tv.danmaku.bili,discharging,1,43.3,51.7,85,95,0,15.31,0.2,0.16,2,4.087,0.45,1.83915,11449,4874,0,-,2
23:23:38.681,snap,playback,tv.danmaku.bili,discharging,1,43.3,51.3,85,95,0,15.31,0.2,0.16,0,4.092,0.36,1.4731201,8432,4136,0,-,2
23:23:39.681,snap,playback,tv.danmaku.bili,discharging,1,43.3,50.9,85,95,0,14.89,0.17,0.13,0,4.088,0.408,1.6679039,8432,4136,0,-,2
23:23:40.682,snap,playback,tv.danmaku.bili,discharging,1,43.3,50.9,85,95,0,14.89,0.17,0.13,2,4.095,0.342,1.4004899,8681,4302,0,-,2
23:23:41.682,snap,playback,tv.danmaku.bili,discharging,1,43.3,50.5,85,95,0,14.91,0.14,0.11,2,4.086,0.538,2.198268,8681,4302,0,-,2
23:23:42.682,snap,playback,tv.danmaku.bili,discharging,1,43.3,50.5,85,95,0,14.91,0.14,0.11,2,4.095,0.38,1.5560999,8773,4294,0,-,2
23:23:43.683,snap,playback,tv.danmaku.bili,discharging,1,43.3,50.5,85,95,0,14.38,0.11,0.09,2,4.088,0.446,1.8232479,8773,4294,0,-,2
23:23:44.684,snap,playback,tv.danmaku.bili,discharging,1,43.3,50.1,85,95,0,14.38,0.11,0.09,2,4.091,0.416,1.701856,8185,4016,0,-,2
23:23:45.684,snap,playback,tv.danmaku.bili,discharging,1,43.3,50.1,85,95,0,13.95,0.09,0.07,2,4.086,0.458,1.871388,8185,4016,0,-,2
23:23:46.683,snap,playback,tv.danmaku.bili,discharging,1,43.3,50.1,85,95,0,13.95,0.09,0.07,2,4.092,0.372,1.5222241,9067,4300,0,-,2
23:23:47.683,snap,playback,tv.danmaku.bili,discharging,1,43.1,50.5,85,95,0,13.78,0.07,0.06,2,4.093,0.416,1.702688,9067,4300,0,-,2
23:23:48.684,snap,playback,tv.danmaku.bili,discharging,1,43.1,51.3,85,95,0,13.78,0.07,0.06,2,4.085,0.564,2.30394,13232,7057,0,-,2
23:23:49.686,snap,playback,tv.danmaku.bili,discharging,1,43.1,53.2,85,95,0,14.36,0.06,0.04,52,4.085,0.564,2.30394,13232,7057,0,-,2
23:23:50.700,snap,playback,tv.danmaku.bili,discharging,1,43.1,56.2,85,95,0,14.36,0.06,0.04,52,4.035,1.4,5.6489997,13232,7057,0,-,2
23:23:51.700,snap,playback,tv.danmaku.bili,discharging,1,43.1,59.2,85,95,0,20.63,0.05,0.58,12,4.047,1.164,4.710708,34857,17989,0,-,2
23:23:52.708,snap,playback,tv.danmaku.bili,discharging,1,43.1,57.2,85,95,0,20.63,0.05,0.58,39,4.066,0.994,4.041604,34857,17989,0,-,2
23:23:53.701,snap,playback,tv.danmaku.bili,discharging,1,43.1,57.2,85,95,0,21.42,0.04,0.47,32,4.071,0.8,3.2568002,24224,15516,0,-,2
23:23:54.702,snap,playback,tv.danmaku.bili,discharging,1,43.1,57.2,85,95,0,21.42,0.04,0.47,20,4.043,1.144,4.6251926,24224,15516,0,-,2
23:23:55.702,snap,playback,tv.danmaku.bili,discharging,1,43.1,57.2,85,95,0,21.89,0.03,0.93,37,4.068,0.764,3.1079519,24307,14591,0,-,2
23:23:56.704,snap,playback,tv.danmaku.bili,discharging,1,43.1,56,85,95,0,21.89,0.03,0.93,16,4.078,0.762,3.1074362,24307,14591,0,-,2
23:23:57.702,snap,playback,tv.danmaku.bili,discharging,1,43.1,55.2,85,95,0,20.28,0.02,0.76,3,4.076,0.576,2.347776,15933,8845,0,-,2
23:23:58.703,snap,playback,tv.danmaku.bili,discharging,1,42.8,54.4,85,95,0,20.28,0.02,0.76,9,4.069,0.722,2.9378178,15933,8845,0,-,2
23:23:59.703,snap,playback,tv.danmaku.bili,discharging,1,42.8,55.2,85,95,0,19.86,0.02,0.62,11,4.07,0.74,3.0118,18716,11770,0,-,2
23:24:00.703,snap,playback,tv.danmaku.bili,discharging,1,42.8,56,85,95,0,19.86,0.02,0.62,6,4.062,0.846,3.436452,18716,11770,0,-,2
23:24:01.703,snap,playback,tv.danmaku.bili,discharging,1,42.8,56,85,95,0,18.98,0.01,0.51,6,4.069,0.702,2.856438,17257,10649,0,-,2
23:24:02.703,snap,playback,tv.danmaku.bili,discharging,1,42.8,56,85,95,0,18.98,0.01,0.51,13,4.066,0.754,3.065764,17257,10649,0,-,2
23:24:03.703,snap,playback,tv.danmaku.bili,discharging,1,42.8,56,85,95,0,18.8,0.01,0.41,14,4.065,0.792,3.21948,18994,12873,0,-,2
23:24:04.703,snap,playback,tv.danmaku.bili,discharging,1,42.8,57.6,85,95,0,18.8,0.01,0.41,13,4.041,1.048,4.2349677,18994,12873,0,-,2
23:24:05.705,snap,playback,tv.danmaku.bili,discharging,1,42.8,57.6,85,95,0,21.92,0.01,0.34,15,4.06,0.818,3.32108,26092,13123,0,-,2
23:24:06.705,snap,playback,tv.danmaku.bili,discharging,1,42.8,55.2,85,95,0,21.92,0.01,0.34,15,4.075,0.564,2.2983,26092,13123,0,-,2
23:24:07.706,snap,playback,tv.danmaku.bili,discharging,1,42.8,54.8,85,95,0,21.39,0,0.28,10,4.064,0.8,3.2512002,15860,9674,0,-,2
23:24:08.706,snap,playback,tv.danmaku.bili,discharging,1,42.8,54.8,85,95,0,21.39,0,0.28,17,4.075,0.686,2.7954497,15860,9674,0,-,2
23:24:09.707,snap,playback,tv.danmaku.bili,discharging,1,42.7,54,85,95,0,20.59,0,0.22,8,4.075,0.594,2.4205499,13842,7651,0,-,2
23:24:10.706,snap,playback,tv.danmaku.bili,discharging,1,42.7,54,85,95,0,20.59,0,0.22,14,4.073,0.63,2.56599,13842,7651,0,-,2
23:24:11.707,snap,playback,tv.danmaku.bili,discharging,1,42.7,54,85,95,0,19.94,0,0.18,17,4.053,0.83,3.3639898,16513,9541,0,-,2
23:24:12.707,snap,playback,tv.danmaku.bili,discharging,1,42.7,54,85,95,0,19.94,0,0.18,11,4.071,0.566,2.304186,16513,9541,0,-,2
23:24:13.708,snap,playback,tv.danmaku.bili,discharging,1,42.7,52.8,85,95,0,19.22,0,0.15,11,4.078,0.542,2.2102761,12216,6561,0,-,2
23:24:14.709,snap,playback,tv.danmaku.bili,discharging,1,42.7,52.8,85,95,0,19.22,0,0.15,9,4.067,0.656,2.667952,12216,6561,0,-,2
23:24:15.708,snap,playback,tv.danmaku.bili,discharging,1,42.7,53.6,85,95,0,18.82,0,0.12,18,4.06,0.82,3.3292,17377,10764,0,-,2
23:24:16.708,snap,playback,tv.danmaku.bili,discharging,1,42.7,54,85,95,0,18.82,0,0.12,13,4.051,0.776,3.1435761,17377,10764,0,-,2
23:24:17.709,snap,playback,tv.danmaku.bili,discharging,1,42.7,56,85,95,0,21.93,0,1,19,4.045,0.85,3.43825,17732,9099,0,-,2
23:24:18.709,snap,playback,tv.danmaku.bili,discharging,1,42.7,56,85,95,0,21.93,0,1,19,4.074,0.646,2.631804,17732,9099,0,-,2
23:24:19.709,snap,playback,tv.danmaku.bili,discharging,1,42.7,55.2,85,95,0,20.49,0,0.82,21,4.075,0.674,2.74655,15214,8608,0,-,2
23:24:20.709,snap,playback,tv.danmaku.bili,discharging,1,42.6,54.8,85,95,0,20.49,0,0.82,18,4.061,0.794,3.224434,15214,8608,0,-,2
23:24:21.710,snap,playback,tv.danmaku.bili,discharging,1,42.6,54.4,85,95,0,19.14,0,0.67,17,4.058,0.652,2.645816,15606,8929,0,-,2
23:24:22.710,snap,playback,tv.danmaku.bili,discharging,1,42.6,54.8,85,95,0,19.14,0,0.67,0,4.058,0.652,2.645816,15606,8929,0,-,2
23:24:23.710,snap,playback,tv.danmaku.bili,discharging,1,42.6,53.6,85,95,0,19.14,0,0.67,0,4.073,0.554,2.256442,16528,8266,0,-,2
23:24:24.710,snap,playback,tv.danmaku.bili,discharging,1,42.6,53.6,85,95,0,19.29,0,0.55,0,4.067,0.83,3.3756099,16528,8266,0,-,2
23:24:25.710,snap,playback,tv.danmaku.bili,discharging,1,42.6,53.6,85,95,0,19.29,0,0.55,0,4.077,0.55,2.24235,16205,9456,0,-,2
23:24:26.710,snap,playback,tv.danmaku.bili,discharging,1,42.6,55.6,85,95,0,19.42,0,0.45,9,4.064,0.886,3.600704,16205,9456,0,-,2
23:24:27.711,snap,playback,tv.danmaku.bili,discharging,1,42.6,55.6,85,95,0,19.52,0,0.37,17,4.069,0.694,2.823886,19242,12666,0,-,2
23:24:28.712,snap,playback,tv.danmaku.bili,discharging,1,42.6,54.8,85,95,0,19.52,0,0.37,16,4.067,0.758,3.082786,19242,12666,0,-,2
23:24:29.712,snap,playback,tv.danmaku.bili,discharging,1,42.6,54.8,85,95,0,19.25,0,0.3,16,4.068,0.66,2.68488,18769,12330,0,-,2
23:24:30.713,snap,playback,tv.danmaku.bili,discharging,1,42.6,55.2,85,95,0,19.25,0,0.3,17,4.055,0.886,3.5927298,18769,12330,0,-,2
23:24:31.713,snap,playback,tv.danmaku.bili,discharging,1,42.6,55.2,85,95,0,19.02,0,0.24,17,4.069,0.702,2.856438,16636,9404,0,-,2
23:24:32.712,snap,playback,tv.danmaku.bili,discharging,1,42.6,54.8,85,95,0,19.02,0,0.24,18,4.075,0.55,2.24125,16636,9404,0,-,2
23:24:33.713,snap,playback,tv.danmaku.bili,discharging,1,42.6,53.6,85,95,0,18.47,0,0.2,11,4.062,0.676,2.7459118,13117,7669,0,-,2
23:24:34.713,snap,playback,tv.danmaku.bili,discharging,1,42.6,53.6,85,95,0,18.47,0,0.2,17,4.081,0.512,2.089472,13117,7669,0,-,2
23:24:35.713,snap,playback,tv.danmaku.bili,discharging,1,42.6,53.6,85,95,0,17.12,0,0.16,6,4.081,0.528,2.154768,16042,7722,0,-,2
23:24:36.713,snap,playback,tv.danmaku.bili,discharging,1,42.6,56.6,85,95,0,17.12,0,0.16,12,4.029,1.51,6.08379,16042,7722,0,-,2
23:24:37.714,snap,playback,tv.danmaku.bili,discharging,1,42.6,59.6,85,95,0,21.08,0,0.31,5,4.062,1.156,4.695672,27251,13745,0,-,2
23:24:38.714,snap,playback,tv.danmaku.bili,discharging,1,42.6,57.6,85,95,0,21.08,0,0.31,3,4.066,0.684,2.7811441,27251,13745,0,-,2
23:24:39.715,snap,playback,tv.danmaku.bili,discharging,1,42.6,55.2,85,95,0,20.34,0,0.25,4,4.068,0.652,2.652336,17036,10801,0,-,2
23:24:40.715,snap,playback,tv.danmaku.bili,discharging,1,42.5,55.2,85,95,0,20.34,0,0.25,6,4.059,0.706,2.865654,17036,10801,0,-,2
23:24:41.715,snap,playback,tv.danmaku.bili,discharging,1,42.5,55.2,85,95,0,20.46,0,0.21,13,4.057,0.844,3.424108,20394,12506,0,-,2
23:24:42.716,snap,playback,tv.danmaku.bili,discharging,1,42.5,54.8,85,95,0,20.46,0,0.21,7,4.07,0.626,2.54782,20394,12506,0,-,2
23:24:43.716,snap,playback,tv.danmaku.bili,discharging,1,42.5,54,85,95,0,20.01,0,0.17,4,4.066,0.662,2.6916919,15220,9349,0,-,2
23:24:44.718,snap,playback,tv.danmaku.bili,discharging,1,42.5,54,85,95,0,20.01,0,0.17,5,4.066,0.682,2.773012,15220,9349,0,-,2
23:24:45.718,snap,playback,tv.danmaku.bili,discharging,1,42.5,54.8,85,95,0,19.65,0,0.14,10,4.062,0.764,3.1033678,19767,12424,0,-,2
23:24:46.720,snap,playback,tv.danmaku.bili,discharging,1,42.5,54.8,85,95,0,19.65,0,0.14,10,4.072,0.628,2.5572162,19767,12424,0,-,2
23:24:47.723,snap,playback,tv.danmaku.bili,discharging,1,42.5,54.8,85,95,0,19.71,0,0.11,10,4.06,0.672,2.72832,20344,13136,0,-,2
23:24:48.723,snap,playback,tv.danmaku.bili,discharging,1,42.5,54.4,85,95,0,19.71,0,0.11,10,4.066,0.656,2.6672962,20344,13136,0,-,2
23:24:49.723,snap,playback,tv.danmaku.bili,discharging,1,42.5,54.8,85,95,0,19.58,0,0.09,10,4.053,0.746,3.0235379,19102,12716,0,-,2
23:24:50.724,snap,playback,tv.danmaku.bili,discharging,1,42.5,54.4,85,95,0,19.58,0,0.09,10,4.063,0.688,2.7953444,19102,12716,0,-,2
23:24:51.729,snap,playback,tv.danmaku.bili,discharging,1,42.5,54.4,85,95,0,19.11,0,0.07,10,4.061,0.766,3.1107259,19907,12271,0,-,2
23:24:52.728,snap,playback,tv.danmaku.bili,discharging,1,42.5,54,85,95,0,19.11,0,0.07,10,4.064,0.71,2.88544,19907,12271,0,-,2
23:24:53.729,snap,playback,tv.danmaku.bili,discharging,1,42.5,54,85,95,0,18.73,0,0.06,10,4.052,0.908,3.679216,20197,12574,0,-,2
23:24:54.730,snap,playback,tv.danmaku.bili,discharging,1,42.5,54.4,85,95,0,18.73,0,0.06,10,4.063,0.71,2.88473,20197,12574,0,-,2
23:24:55.732,snap,playback,tv.danmaku.bili,discharging,1,42.5,54.4,85,95,0,18.23,0,0.05,10,4.064,0.73,2.96672,18256,11669,0,-,2
23:24:56.733,snap,playback,tv.danmaku.bili,discharging,1,42.5,53.2,85,95,0,18.23,0,0.05,4,4.064,0.73,2.96672,18256,11669,0,-,2
23:24:57.733,snap,playback,tv.danmaku.bili,discharging,1,42.5,52.8,85,95,0,18.23,0,0.05,4,4.066,0.634,2.577844,15281,8679,0,-,2
23:24:58.733,snap,playback,tv.danmaku.bili,discharging,1,42.5,52.8,85,95,0,17.65,0,0.04,4,4.066,0.692,2.8136718,15281,8679,0,-,2
23:24:59.738,snap,playback,tv.danmaku.bili,discharging,1,42.5,52.8,85,95,0,17.65,0,0.04,4,4.066,0.624,2.537184,15393,9354,0,-,2
23:25:00.737,snap,playback,tv.danmaku.bili,discharging,1,42.3,54,85,95,0,17.16,0,0.03,4,4.065,0.694,2.82111,15393,9354,0,-,2
23:25:01.738,snap,playback,tv.danmaku.bili,discharging,1,42.3,54.8,85,95,0,17.16,0,0.03,8,4.057,0.764,3.099548,20364,13609,0,-,2
23:25:02.738,snap,playback,tv.danmaku.bili,discharging,1,42.3,54.8,85,95,0,17.5,0,0.02,10,4.06,0.894,3.6296399,20364,13609,0,-,2
23:25:03.739,snap,playback,tv.danmaku.bili,discharging,1,42.3,54.8,85,95,0,17.77,0,0.02,10,4.062,0.706,2.8677716,19863,13407,0,-,2
23:25:04.739,snap,playback,tv.danmaku.bili,discharging,1,42.3,54.4,85,95,0,17.77,0,0.02,10,4.062,0.78,3.1683598,19863,13407,0,-,2
23:25:05.739,snap,playback,tv.danmaku.bili,discharging,1,42.3,54.4,85,95,0,18.35,0,0.01,10,4.064,0.704,2.861056,20201,13497,0,-,2
23:25:06.740,snap,playback,tv.danmaku.bili,discharging,1,42.3,54.4,85,95,0,18.35,0,0.01,10,4.059,0.8,3.2472,20201,13497,0,-,2
23:25:07.741,snap,playback,tv.danmaku.bili,discharging,1,42.3,54.4,85,95,0,18.65,0,0.01,10,4.066,0.666,2.707956,21112,12489,0,-,2
23:25:08.741,snap,playback,tv.danmaku.bili,discharging,1,42.3,54.4,85,95,0,18.65,0,0.01,6,4.053,0.986,3.996258,21112,12489,0,-,2
23:25:09.742,snap,playback,tv.danmaku.bili,discharging,1,42.3,55.6,85,95,0,19.98,0,0.01,34,4.057,0.796,3.229372,21137,12405,0,-,2
23:25:10.742,snap,playback,tv.danmaku.bili,discharging,1,42.2,55.6,85,95,0,19.98,0,0.01,30,4.044,1.244,5.030736,21137,12405,0,-,2
23:25:11.742,snap,playback,tv.danmaku.bili,discharging,1,42.2,56.4,85,95,0,20.35,0,0.19,39,4.043,0.986,3.9863982,21329,12753,0,-,2
23:25:12.742,snap,playback,tv.danmaku.bili,discharging,1,42.2,56,85,95,0,20.35,0,0.19,41,4.048,0.972,3.934656,21329,12753,0,-,2
23:25:13.745,snap,playback,tv.danmaku.bili,discharging,1,42.2,56,85,95,0,20.65,0,0.33,24,4.053,0.844,3.420732,20895,11660,0,-,2
23:25:14.745,snap,playback,tv.danmaku.bili,discharging,1,42.2,55.2,85,95,0,20.65,0,0.33,24,4.056,0.814,3.3015842,20895,11660,0,-,2
23:25:15.745,snap,playback,tv.danmaku.bili,discharging,1,42.2,55.2,85,95,0,20.16,0,0.27,24,4.056,0.686,2.782416,18286,11296,0,-,2
23:25:16.745,snap,playback,tv.danmaku.bili,discharging,1,42.2,54.8,85,95,0,20.16,0,0.27,16,4.06,0.748,3.03688,18286,11296,0,-,2
23:25:17.746,snap,playback,tv.danmaku.bili,discharging,1,42.2,54.8,85,95,0,20.13,0,0.4,4,4.058,0.706,2.864948,18063,10950,0,-,2
23:25:18.746,snap,playback,tv.danmaku.bili,discharging,1,42.2,54.4,85,95,0,20.13,0,0.4,10,4.065,0.61,2.47965,18063,10950,0,-,2
23:25:19.747,snap,playback,tv.danmaku.bili,discharging,1,42.2,54.4,85,95,0,19.75,0,0.33,10,4.052,0.702,2.844504,18063,10950,0,-,2
23:25:20.746,snap,playback,tv.danmaku.bili,discharging,1,42.1,54.4,85,95,0,19.75,0,0.33,10,4.065,0.642,2.60973,19070,12680,0,-,2
23:25:21.746,snap,playback,tv.danmaku.bili,discharging,1,42.1,54.4,85,95,0,19.97,0,0.27,10,4.046,0.884,3.576664,19070,12680,0,-,2
23:25:22.747,snap,playback,tv.danmaku.bili,discharging,1,42.1,54.4,85,95,0,19.97,0,0.27,10,4.059,0.7,2.8413,20947,13507,0,-,2
23:25:23.747,snap,playback,tv.danmaku.bili,discharging,1,42.1,54.4,85,95,0,19.8,0,0.22,10,4.057,0.762,3.0914342,20947,13507,0,-,2
23:25:24.747,snap,playback,tv.danmaku.bili,discharging,1,42.1,54,85,95,0,19.8,0,0.22,5,4.062,0.666,2.705292,19646,12811,0,-,2
23:25:25.749,snap,playback,tv.danmaku.bili,discharging,1,42.1,54,85,95,0,19.29,0,0.18,4,4.038,0.802,3.238476,19646,12811,0,-,2
23:25:26.749,snap,playback,tv.danmaku.bili,discharging,1,42.1,53.2,85,95,0,19.29,0,0.18,4,4.065,0.596,2.42274,16306,9525,0,-,2
23:25:27.750,snap,playback,tv.danmaku.bili,discharging,1,42.1,53.2,85,95,0,18.87,0,0.14,4,4.066,0.586,2.3826761,16306,9525,0,-,2
23:25:28.750,snap,playback,tv.danmaku.bili,discharging,1,42.1,52.8,85,95,0,18.87,0,0.14,4,4.065,0.58,2.3576999,13716,8795,0,-,2
23:25:29.750,snap,playback,tv.danmaku.bili,discharging,1,42.1,52.8,85,95,0,18.17,0,0.12,4,4.064,0.662,2.6903682,13716,8795,0,-,2
23:25:30.751,snap,playback,tv.danmaku.bili,discharging,1,41.9,52.8,85,95,0,18.17,0,0.12,4,4.062,0.576,2.3397117,14264,8664,0,-,2
23:25:31.751,snap,playback,tv.danmaku.bili,discharging,1,41.9,52.8,85,95,0,17.59,0,0.09,4,4.064,0.636,2.584704,14264,8664,0,-,2
23:25:32.751,snap,playback,tv.danmaku.bili,discharging,1,41.9,52.8,85,95,0,17.59,0,0.09,4,4.067,0.558,2.269386,14547,9051,0,-,2
23:25:33.751,snap,playback,tv.danmaku.bili,discharging,1,41.9,53.2,85,95,0,17.3,0,0.08,4,4.058,0.662,2.6863961,14547,9051,0,-,2
23:25:34.751,snap,playback,tv.danmaku.bili,discharging,1,41.9,52.4,85,95,0,17.3,0,0.08,4,4.058,0.662,2.6863961,15764,9533,0,-,2
23:25:35.757,snap,playback,tv.danmaku.bili,discharging,1,41.9,53.6,85,95,0,17.3,0,0.08,4,4.064,0.626,2.544064,15764,9533,0,-,2
23:25:36.753,snap,playback,tv.danmaku.bili,discharging,1,41.9,52.8,85,95,0,18.34,0,0.06,4,4.058,0.672,2.726976,15516,9353,0,-,2
23:25:37.753,snap,playback,tv.danmaku.bili,discharging,1,41.9,53.6,85,95,0,18.34,0,0.06,4,4.063,0.634,2.575942,15516,9353,0,-,2
23:25:38.754,snap,playback,tv.danmaku.bili,discharging,1,41.9,53.2,85,95,0,18.27,0,0.05,4,4.054,0.822,3.332388,15634,9074,0,-,2
23:25:39.754,snap,playback,tv.danmaku.bili,discharging,1,41.9,54.4,85,95,0,18.27,0,0.05,4,4.058,0.664,2.694512,15634,9074,0,-,2
23:25:40.760,snap,playback,tv.danmaku.bili,discharging,1,41.8,53.2,85,95,0,17.68,0,0.04,4,4.053,0.764,3.096492,17428,9612,0,-,2
23:25:41.755,snap,playback,tv.danmaku.bili,discharging,1,41.8,52.8,85,95,0,17.19,0,0.03,4,4.065,0.56,2.2764,17428,9612,0,-,2
23:25:42.755,snap,playback,tv.danmaku.bili,discharging,1,41.8,52.8,85,95,0,17.19,0,0.03,4,4.068,0.592,2.408256,14301,8076,0,-,2
23:25:43.756,snap,playback,tv.danmaku.bili,discharging,1,41.8,52.8,85,95,0,16.07,0,0.02,4,4.065,0.596,2.42274,14301,8076,0,-,2
23:25:44.756,snap,playback,tv.danmaku.bili,discharging,1,41.8,52.4,85,95,0,16.07,0,0.02,4,4.062,0.664,2.6971679,14223,7750,0,-,2
23:25:45.756,snap,playback,tv.danmaku.bili,discharging,1,41.8,52.4,85,95,0,15.15,0,0.02,4,4.07,0.544,2.21408,14223,7750,0,-,2
23:25:46.756,snap,playback,tv.danmaku.bili,discharging,1,41.8,52.1,85,95,0,15.15,0,0.02,4,4.068,0.57,2.31876,14129,8034,0,-,2
23:25:47.756,snap,playback,tv.danmaku.bili,discharging,1,41.8,52.1,85,95,0,14.58,0,0.01,4,4.063,0.582,2.3646662,14129,8034,0,-,2
23:25:48.757,snap,playback,tv.danmaku.bili,discharging,1,41.8,52.1,85,95,0,14.58,0,0.01,4,4.062,0.602,2.445324,14420,7971,0,-,2
23:25:49.760,snap,playback,tv.danmaku.bili,discharging,1,41.8,52.1,85,95,0,14.11,0,0.01,4,4.062,0.606,2.461572,14420,7971,0,-,2
23:25:50.761,snap,playback,tv.danmaku.bili,discharging,1,41.7,52.1,85,95,0,14.11,0,0.01,4,4.067,0.568,2.310056,15142,8379,0,-,2
23:25:51.761,snap,playback,tv.danmaku.bili,discharging,1,41.7,52.1,85,95,0,13.91,0,0.01,4,4.066,0.576,2.342016,15142,8379,0,-,2
23:25:52.761,snap,playback,tv.danmaku.bili,discharging,1,41.7,52.1,85,95,0,13.91,0,0.01,4,4.059,0.584,2.370456,15312,8170,0,-,2
23:25:53.761,snap,playback,tv.danmaku.bili,discharging,1,41.7,52.1,85,95,0,14.11,0,0,4,4.064,0.58,2.35712,15312,8170,0,-,2
23:25:54.762,snap,playback,tv.danmaku.bili,discharging,1,41.7,52.1,85,95,0,14.11,0,0,4,4.067,0.568,2.310056,14130,8315,0,-,2
23:25:55.762,snap,playback,tv.danmaku.bili,discharging,1,41.7,52.1,85,95,0,14.45,0,0,4,4.063,0.622,2.5271862,14130,8315,0,-,2
23:25:56.762,snap,playback,tv.danmaku.bili,discharging,1,41.7,52.1,85,95,0,14.45,0,0,4,4.069,0.552,2.2460878,14361,8763,0,-,2
23:25:57.762,snap,playback,tv.danmaku.bili,discharging,1,41.7,52.1,85,95,0,14.91,0,0,4,4.059,0.622,2.524698,14361,8763,0,-,2
23:25:58.762,snap,playback,tv.danmaku.bili,discharging,1,41.7,51.7,85,95,0,14.91,0,0,4,4.067,0.546,2.220582,15304,9235,0,-,2
23:25:59.765,snap,playback,tv.danmaku.bili,discharging,1,41.7,52.1,85,95,0,14.93,0,0,4,4.06,0.6,2.436,15304,9235,0,-,2
23:26:00.763,snap,playback,tv.danmaku.bili,discharging,1,41.6,52.4,85,95,0,14.93,0,0,4,4.069,0.556,2.262364,13930,8717,0,-,2
23:26:01.763,snap,playback,tv.danmaku.bili,discharging,1,41.6,52.8,85,95,0,15.3,0,0,4,4.051,0.77,3.11927,13930,8717,0,-,2
23:26:02.768,snap,playback,tv.danmaku.bili,discharging,1,41.6,54,85,95,0,15.3,0,0,8,4.039,1.088,4.394432,24452,13895,0,-,2
23:26:03.768,snap,playback,tv.danmaku.bili,discharging,1,41.6,54.4,85,95,0,17.42,0,0,12,4.046,0.782,3.1639721,24452,13895,0,-,2
23:26:04.769,snap,playback,tv.danmaku.bili,discharging,1,41.6,54,85,95,0,17.42,0,0,17,4.054,0.71,2.8783398,18682,12171,0,-,2
23:26:05.774,snap,playback,tv.danmaku.bili,discharging,1,41.6,54,85,95,0,17.89,0,0,17,4.05,0.764,3.0942001,18682,12171,0,-,2
23:26:06.774,snap,playback,tv.danmaku.bili,discharging,1,41.6,54,85,95,0,17.89,0,0,14,4.062,0.628,2.550936,18735,11514,0,-,2
23:26:07.774,snap,playback,tv.danmaku.bili,discharging,1,41.6,54,85,95,0,18.63,0,0,17,4.053,0.766,3.1045978,18735,11514,0,-,2
23:26:08.774,snap,playback,tv.danmaku.bili,discharging,1,41.6,54,85,95,0,18.63,0,0,17,4.061,0.626,2.5421858,18633,12217,0,-,2
23:26:09.775,snap,playback,tv.danmaku.bili,discharging,1,41.6,54,85,95,0,18.7,0,0,17,4.048,0.798,3.2303038,18633,12217,0,-,2
23:26:10.775,snap,playback,tv.danmaku.bili,discharging,1,41.5,54,85,95,0,18.7,0,0,21,4.048,0.798,3.2303038,18643,10771,0,-,2
23:26:11.775,snap,playback,tv.danmaku.bili,discharging,1,41.5,56.8,85,95,0,18.7,0,0,21,4.068,0.532,2.164176,18643,10771,0,-,2
23:26:12.776,snap,playback,tv.danmaku.bili,discharging,1,41.5,58.4,85,95,0,19.84,0,0.18,13,4.02,1.378,5.53956,31469,16177,0,-,2
23:26:13.776,snap,playback,tv.danmaku.bili,discharging,1,41.5,58.4,85,95,0,19.84,0,0.18,6,4.023,1.32,5.31036,31469,16177,0,-,2
23:26:14.776,snap,playback,tv.danmaku.bili,discharging,1,41.5,58.4,85,95,0,21.68,0,0.33,8,4.044,0.802,3.243288,24974,13557,0,-,2
23:26:15.776,snap,playback,tv.danmaku.bili,discharging,1,41.5,57.6,85,95,0,21.68,0,0.33,9,4.033,1.146,4.621818,24974,13557,0,-,2
23:26:16.776,snap,playback,tv.danmaku.bili,discharging,1,41.5,57.2,85,95,0,23.37,0,0.27,17,4.054,0.786,3.186444,20774,13342,0,-,2
23:26:17.776,snap,playback,tv.danmaku.bili,discharging,1,41.5,55.2,85,95,0,23.37,0,0.27,18,4.059,0.71,2.8818898,20774,13342,0,-,2
23:26:18.777,snap,playback,tv.danmaku.bili,discharging,1,41.5,55.2,85,95,0,22.57,0,0.22,13,4.049,0.802,3.2472978,18749,11963,0,-,2
23:26:19.777,snap,playback,tv.danmaku.bili,discharging,1,41.5,55.2,85,95,0,21.74,0,0.18,17,4.052,0.71,2.87692,18749,11963,0,-,2
23:26:20.777,snap,playback,tv.danmaku.bili,discharging,1,41.4,54.8,85,95,0,21.74,0,0.18,16,4.048,0.806,3.262688,18818,12881,0,-,2
23:26:21.777,snap,playback,tv.danmaku.bili,discharging,1,41.4,54.8,85,95,0,21.06,0,0.14,17,4.052,0.738,2.990376,18818,12881,0,-,2
23:26:22.778,snap,playback,tv.danmaku.bili,discharging,1,41.4,54.8,85,95,0,21.06,0,0.14,17,4.057,0.736,2.9859521,20348,12387,0,-,2
23:26:23.779,snap,playback,tv.danmaku.bili,discharging,1,41.4,55.2,85,95,0,20.33,0,0.12,17,4.045,0.746,3.01757,20348,12387,0,-,2
23:26:24.779,snap,playback,tv.danmaku.bili,discharging,1,41.4,55.2,85,95,0,20.33,0,0.12,17,4.038,0.8,3.2304,21369,12301,0,-,2
23:26:25.778,snap,playback,tv.danmaku.bili,discharging,1,41.4,55.2,85,95,0,20.81,0,0.09,15,4.048,0.844,3.4165118,21369,12301,0,-,2
23:26:26.778,snap,playback,tv.danmaku.bili,discharging,1,41.4,57.6,85,95,0,20.81,0,0.09,4,4.047,0.892,3.609924,24738,14672,0,-,2
23:26:27.779,snap,playback,tv.danmaku.bili,discharging,1,41.4,58.4,85,95,0,21.21,0,0.08,4,4.033,1.178,4.750874,24738,14672,0,-,2
23:26:28.780,snap,playback,tv.danmaku.bili,discharging,1,41.4,58.4,85,95,0,21.21,0,0.08,13,4.027,1.174,4.727698,20289,10658,0,-,2
23:26:29.779,snap,playback,tv.danmaku.bili,discharging,1,41.4,56.8,85,95,0,20.81,0,0.06,0,4.06,0.642,2.60652,20289,10658,0,-,2
23:26:30.781,snap,playback,tv.danmaku.bili,discharging,1,41.4,56.4,85,95,0,20.81,0,0.06,19,4.059,0.686,2.784474,13424,7383,0,-,2
23:26:31.780,snap,playback,tv.danmaku.bili,discharging,1,41.4,53.4,85,95,0,19.75,0,0.05,0,4.062,0.432,1.754784,13424,7383,0,-,2
23:26:32.780,snap,playback,tv.danmaku.bili,discharging,1,41.4,51.3,85,95,0,19.75,0,0.05,0,4.064,0.398,1.617472,8677,3513,0,-,2
23:26:33.793,snap,playback,tv.danmaku.bili,discharging,1,41.4,51.3,85,95,0,18.71,0,0.04,0,4.065,0.402,1.6341301,8677,3513,0,-,2
23:26:34.793,snap,playback,tv.danmaku.bili,discharging,1,41.4,50.9,85,95,0,18.71,0,0.04,0,4.058,0.518,2.102044,9214,3923,0,-,2
23:26:35.795,snap,playback,tv.danmaku.bili,discharging,1,41.4,50.9,85,95,0,18.04,0,0.03,0,4.041,0.702,2.836782,9214,3923,0,-,2
23:26:36.794,snap,playback,tv.danmaku.bili,discharging,1,41.4,51.7,85,95,0,18.04,0,0.03,20,4.057,0.548,2.223236,14461,7784,0,-,2
23:26:37.795,snap,playback,tv.danmaku.bili,discharging,1,41.4,54.4,85,95,0,18.39,0,0.39,36,4.038,0.928,3.747264,14461,7784,0,-,2
23:26:38.795,snap,playback,tv.danmaku.bili,discharging,1,41.4,54.4,85,95,0,18.39,0,0.39,0,4.069,0.512,2.083328,15621,9333,0,-,2
23:26:39.796,snap,playback,tv.danmaku.bili,discharging,1,41.4,52.8,85,95,0,18.5,0,0.32,23,4.037,0.858,3.463746,15621,9333,0,-,2
23:26:40.795,snap,playback,tv.danmaku.bili,discharging,1,41.4,52.8,85,95,0,18.5,0,0.32,0,4.034,0.738,2.9770918,18036,9430,0,-,2
23:26:41.796,snap,playback,tv.danmaku.bili,discharging,1,41.3,54,85,95,0,18.41,0,0.62,14,4.034,0.738,2.9770918,18036,9430,0,-,2
23:26:42.797,snap,playback,tv.danmaku.bili,discharging,1,41.3,54,85,95,0,18.41,0,0.62,14,4.038,0.87,3.51306,15334,9213,0,-,2
23:26:43.799,snap,playback,tv.danmaku.bili,discharging,1,41.3,53.2,85,95,0,18.41,0,0.62,16,4.057,0.59,2.39363,15334,9213,0,-,2
23:26:44.799,snap,playback,tv.danmaku.bili,discharging,1,41.3,53.2,85,95,0,17.97,0,0.51,11,4.05,0.68,2.7540002,19444,12332,0,-,2
23:26:45.799,snap,playback,tv.danmaku.bili,discharging,1,41.3,53.2,85,95,0,17.97,0,0.51,14,4.05,0.744,3.0132003,19444,12332,0,-,2
23:26:46.800,snap,playback,tv.danmaku.bili,discharging,1,41.3,53.2,85,95,0,18.16,0,0.41,16,4.045,0.834,3.37353,14994,8899,0,-,2
23:26:47.801,snap,playback,tv.danmaku.bili,discharging,1,41.3,51.7,85,95,0,18.16,0,0.41,8,4.063,0.456,1.8527281,14994,8899,0,-,2
23:26:48.801,snap,playback,tv.danmaku.bili,discharging,1,41.3,51.7,85,95,0,17.95,0,0.34,0,4.074,0.354,1.442196,11976,4320,0,-,2
23:26:49.802,snap,playback,tv.danmaku.bili,discharging,1,41.3,52.1,85,95,0,17.95,0,0.34,0,4.038,0.716,2.8912082,11976,4320,0,-,2
23:26:50.802,snap,playback,tv.danmaku.bili,discharging,1,41.3,52.1,85,95,0,19.77,0.18,1.36,0,4.073,0.592,2.411216,11976,4320,0,-,2
23:26:51.802,snap,playback,tv.danmaku.bili,discharging,1,41.3,50.1,85,95,0,18.18,0.14,1.11,0,4.072,0.376,1.5310719,8910,3415,0,-,2
23:26:52.802,snap,playback,tv.danmaku.bili,discharging,1,41.3,50.1,85,95,0,18.18,0.14,1.11,0,4.075,0.326,1.32845,8910,3415,0,-,2
23:26:53.802,snap,playback,tv.danmaku.bili,discharging,1,41.3,49.3,85,95,0,16.88,0.12,0.91,0,4.075,0.264,1.0758,6018,2510,0,-,2
23:26:54.803,snap,playback,tv.danmaku.bili,discharging,1,41.3,48.9,85,95,0,16.88,0.12,0.91,0,4.071,0.332,1.351572,6018,2510,0,-,2
23:26:55.803,snap,playback,tv.danmaku.bili,discharging,1,41.3,48.9,85,95,0,15.81,0.09,0.75,0,4.069,0.318,1.2939419,5560,2247,0,-,2
23:26:56.803,snap,playback,tv.danmaku.bili,discharging,1,41.3,48.9,85,95,0,15.81,0.09,0.75,0,4.075,0.352,1.4344,5560,2247,0,-,2
23:26:57.804,snap,playback,tv.danmaku.bili,discharging,1,41.3,48.9,85,95,0,15.3,0.08,0.61,0,4.072,0.318,1.294896,5562,2239,0,-,2
23:26:58.804,snap,playback,tv.danmaku.bili,discharging,1,41.3,48.9,85,95,0,15.3,0.08,0.61,0,4.074,0.324,1.319976,5562,2239,0,-,2
23:26:59.804,snap,playback,tv.danmaku.bili,discharging,1,41.3,48.9,85,95,0,14.88,0.06,0.5,0,4.065,0.448,1.82112,7457,2740,0,-,2
23:27:00.804,snap,playback,tv.danmaku.bili,discharging,1,41.3,48.9,85,95,0,14.88,0.06,0.5,0,4.072,0.33,1.34376,7457,2740,0,-,2
23:27:01.804,snap,playback,tv.danmaku.bili,discharging,1,41.3,48.9,85,95,0,14.9,0.05,0.41,0,4.051,0.562,2.2766619,9095,3869,0,-,2
23:27:02.804,snap,playback,tv.danmaku.bili,discharging,1,41.2,48.9,85,95,0,14.9,0.05,0.41,0,4.071,0.41,1.6691101,9095,3869,0,-,2
23:27:03.804,snap,playback,tv.danmaku.bili,discharging,1,41.2,48.9,85,95,0,15.1,0.04,0.33,0,4.042,0.572,2.312024,7618,3674,0,-,2
23:27:04.805,snap,playback,tv.danmaku.bili,discharging,1,41.2,48.5,85,95,0,15.1,0.04,0.33,11,4.061,0.548,2.2254279,7618,3674,0,-,2
23:27:05.805,snap,playback,tv.danmaku.bili,discharging,1,41.2,48.9,85,95,0,15.26,0.03,0.27,0,4.069,0.414,1.6845659,13637,7481,0,-,2
23:27:06.805,snap,playback,tv.danmaku.bili,discharging,1,41.2,48.9,85,95,0,15.26,0.03,0.27,0,4.071,0.364,1.481844,13637,7481,0,-,2
23:27:07.806,snap,playback,tv.danmaku.bili,discharging,1,41.2,48.9,85,95,0,15.76,0.02,0.22,0,4.068,0.432,1.757376,7531,2846,0,-,2
23:27:08.806,snap,playback,tv.danmaku.bili,discharging,1,41.2,48.5,85,95,0,15.76,0.02,0.22,0,4.071,0.32,1.30272,7531,2846,0,-,2
23:27:09.806,snap,playback,tv.danmaku.bili,discharging,1,41.2,48.1,85,95,0,14.9,0.02,0.18,0,4.071,0.32,1.30272,6418,2486,0,-,2
23:27:10.806,snap,playback,tv.danmaku.bili,discharging,1,41.2,48.1,85,95,0,14.9,0.02,0.18,0,4.07,0.34,1.3838,6418,2486,0,-,2
23:27:11.807,snap,playback,tv.danmaku.bili,discharging,1,41.2,48.1,85,95,0,14.9,0.02,0.18,0,4.076,0.298,1.2146481,6878,2776,0,-,2
23:27:12.807,snap,playback,tv.danmaku.bili,discharging,1,41.2,48.1,85,95,0,14.73,0.01,0.15,0,4.064,0.45,1.8288,6878,2776,0,-,2
23:27:13.808,snap,playback,tv.danmaku.bili,discharging,1,41.1,48.1,85,95,0,14.73,0.01,0.15,0,4.07,0.302,1.22914,7103,2987,0,-,2
23:27:14.808,snap,playback,tv.danmaku.bili,discharging,1,41.1,48.9,85,95,0,14.24,0.01,0.12,12,4.052,0.634,2.568968,7103,2987,0,-,2
23:27:15.809,snap,playback,tv.danmaku.bili,discharging,1,41.1,48.9,85,95,0,14.24,0.01,0.12,12,4.07,0.436,1.77452,11988,7118,0,-,2
23:27:16.808,snap,playback,tv.danmaku.bili,discharging,1,41.1,48.1,85,95,0,14.37,0.01,0.1,12,4.07,0.398,1.61986,11988,7118,0,-,2
23:27:17.808,snap,playback,tv.danmaku.bili,discharging,1,41.1,48.1,85,95,0,14.37,0.01,0.1,0,4.067,0.346,1.4071819,7808,3085,0,-,2
23:27:18.809,snap,playback,tv.danmaku.bili,discharging,1,41.1,47.7,85,95,0,14.49,0,0.08,0,4.063,0.548,2.226524,7808,3085,0,-,2
23:27:19.809,snap,playback,tv.danmaku.bili,discharging,1,41.1,48.1,85,95,0,13.67,0,0.06,0,4.076,0.33,1.3450801,6743,2875,0,-,2
23:27:20.809,snap,playback,tv.danmaku.bili,discharging,1,41.1,47.7,85,95,0,13.67,0,0.06,0,4.068,0.396,1.6109279,6743,2875,0,-,2
23:27:21.809,snap,playback,tv.danmaku.bili,discharging,1,41.1,48.1,85,95,0,13.01,0,0.05,0,4.065,0.378,1.53657,7460,2864,0,-,2
23:27:22.810,snap,playback,tv.danmaku.bili,discharging,1,41.1,48.9,85,95,0,13.01,0,0.05,0,4.061,0.546,2.217306,7460,2864,0,-,2
23:27:23.811,snap,playback,tv.danmaku.bili,discharging,1,41.1,48.9,85,95,0,13,0,0.04,0,4.063,0.432,1.7552161,11570,5882,0,-,2
23:27:24.812,snap,playback,tv.danmaku.bili,discharging,1,41,48.9,85,95,0,13,0,0.04,0,4.063,0.524,2.129012,11570,5882,0,-,2
23:27:25.813,snap,playback,tv.danmaku.bili,discharging,1,41,48.5,85,95,0,13.18,0,0.03,0,4.071,0.334,1.359714,10013,5309,0,-,2
23:27:26.812,snap,playback,tv.danmaku.bili,discharging,1,41,47.7,85,95,0,13.18,0,0.03,0,4.065,0.424,1.72356,10013,5309,0,-,2
23:27:27.812,snap,playback,tv.danmaku.bili,discharging,1,41,48.1,85,95,0,13.15,0,0.02,0,4.059,0.454,1.842786,10254,4764,0,-,2
23:27:28.812,snap,playback,tv.danmaku.bili,discharging,1,41,47.3,85,95,0,13.15,0,0.02,0,4.075,0.272,1.1084,10254,4764,0,-,2
23:27:29.813,snap,playback,tv.danmaku.bili,discharging,1,41,47.3,85,95,0,12.76,0,0.02,0,4.065,0.376,1.52844,5885,2292,0,-,2
23:27:30.813,snap,playback,tv.danmaku.bili,discharging,1,41,47.3,85,95,0,12.76,0,0.02,0,4.076,0.286,1.1657361,5885,2292,0,-,2
23:27:31.813,snap,playback,tv.danmaku.bili,discharging,1,41,47.3,85,95,0,12.62,0,0.01,0,4.066,0.366,1.488156,6104,2475,0,-,2
23:27:32.814,snap,playback,tv.danmaku.bili,discharging,1,41,46.9,85,95,0,12.62,0,0.01,0,4.073,0.294,1.197462,6104,2475,0,-,2
23:27:33.814,snap,playback,tv.danmaku.bili,discharging,1,41,47.3,85,95,0,12.51,0,0.01,0,4.067,0.344,1.399048,5827,2447,0,-,2
23:27:34.815,snap,playback,tv.danmaku.bili,discharging,1,40.9,46.9,85,95,0,12.51,0,0.01,0,4.069,0.32,1.3020799,5827,2447,0,-,2
23:27:35.815,snap,playback,tv.danmaku.bili,discharging,1,40.9,47.3,85,95,0,12.41,0,0.01,0,4.058,0.372,1.5095761,5524,2263,0,-,2
23:27:36.815,snap,playback,tv.danmaku.bili,discharging,1,40.9,47.3,85,95,0,12.41,0,0.01,0,4.063,0.42,1.70646,5524,2263,0,-,2
23:27:37.816,snap,playback,tv.danmaku.bili,discharging,1,40.9,47.3,85,95,0,16.32,0,0.01,0,4.063,0.42,1.70646,8368,2866,0,-,2
23:27:38.816,snap,playback,tv.danmaku.bili,discharging,1,40.9,47.3,85,95,0,16.32,0,0.01,0,4.065,0.392,1.59348,8368,2866,0,-,2
23:27:39.816,snap,playback,tv.danmaku.bili,discharging,1,40.9,47.7,85,95,0,16.32,0,0.01,0,4.067,0.348,1.415316,6871,2384,0,-,2
23:27:40.817,snap,playback,tv.danmaku.bili,discharging,1,40.9,47.7,85,95,0,14.63,0,0,0,4.057,0.446,1.8094221,6871,2384,0,-,2
23:27:41.818,snap,playback,tv.danmaku.bili,discharging,1,40.9,47.7,85,95,0,14.63,0,0,0,4.066,0.332,1.3499119,7405,2542,0,-,2
23:27:42.818,snap,playback,tv.danmaku.bili,discharging,1,40.9,47.7,85,95,0,13.43,0,0,0,4.069,0.39,1.5869099,7405,2542,0,-,2
23:27:43.818,snap,playback,tv.danmaku.bili,discharging,1,40.9,47.7,85,95,0,13.43,0,0,4,4.071,0.348,1.416708,11793,6704,0,-,2
23:27:44.818,snap,playback,tv.danmaku.bili,discharging,1,40.9,48.5,85,95,0,13.71,0,0,4,4.06,0.72,2.9232001,11793,6704,0,-,2
23:27:45.819,snap,playback,tv.danmaku.bili,discharging,1,40.9,49.3,85,95,0,13.71,0,0,26,4.029,0.968,3.9000719,18146,10485,0,-,2
23:27:46.819,snap,playback,tv.danmaku.bili,discharging,1,40.9,49.3,85,95,0,14.31,0,0,10,4.062,0.472,1.9172639,18146,10485,0,-,2
23:27:47.820,snap,playback,tv.danmaku.bili,discharging,1,40.9,48.9,85,95,0,14.31,0,0,0,4.062,0.378,1.5354359,11017,4100,0,-,2
23:27:48.820,snap,playback,tv.danmaku.bili,discharging,1,40.9,48.5,85,95,0,13.71,0,0,0,4.062,0.502,2.0391238,11017,4100,0,-,2
23:27:49.821,snap,playback,tv.danmaku.bili,discharging,1,40.9,48.5,85,95,0,13.76,0,0,0,4.057,0.536,2.1745522,12646,5907,0,-,2
23:27:50.820,snap,playback,tv.danmaku.bili,discharging,1,40.9,48.1,85,95,0,13.76,0,0,0,4.059,0.48,1.9483199,12646,5907,0,-,2
23:27:51.821,snap,playback,tv.danmaku.bili,discharging,1,40.9,47.7,85,95,0,13.44,0,0,0,4.069,0.322,1.3102179,9045,3825,0,-,2
23:27:52.823,snap,playback,tv.danmaku.bili,discharging,1,40.9,47.3,85,95,0,13.44,0,0,0,4.068,0.368,1.4970239,9045,3825,0,-,2
23:27:53.823,snap,playback,tv.danmaku.bili,discharging,1,40.9,47.3,85,95,0,13,0,0,0,4.069,0.278,1.131182,6636,2324,0,-,2
23:27:54.823,snap,playback,tv.danmaku.bili,discharging,1,40.9,47.3,85,95,0,13,0,0,0,4.064,0.486,1.9751041,6636,2324,0,-,2
23:27:55.823,snap,playback,tv.danmaku.bili,discharging,1,40.9,47.3,85,95,0,12.63,0,0,0,4.067,0.356,1.447852,7418,2535,0,-,2
23:27:56.824,snap,playback,tv.danmaku.bili,discharging,1,40.8,47.3,85,95,0,12.63,0,0,0,4.073,0.302,1.2300459,7418,2535,0,-,2
23:27:57.825,snap,playback,tv.danmaku.bili,discharging,1,40.8,46.9,85,95,0,11.43,0,0,0,4.063,0.348,1.413924,6263,1985,0,-,2
23:27:58.824,snap,playback,tv.danmaku.bili,discharging,1,40.8,46.9,85,95,0,11.43,0,0,0,4.069,0.288,1.1718719,6263,1985,0,-,2
23:27:59.824,snap,playback,tv.danmaku.bili,discharging,1,40.8,46.9,85,95,0,10.99,0,0,0,4.057,0.446,1.8094221,8496,3647,0,-,2
23:28:00.825,snap,playback,tv.danmaku.bili,discharging,1,40.8,47.3,85,95,0,10.99,0,0,0,4.062,0.478,1.9416358,8496,3647,0,-,2
23:28:01.824,snap,playback,tv.danmaku.bili,discharging,1,40.8,47.3,85,95,0,11.72,0,0,0,4.055,0.47,1.9058499,11837,6810,0,-,2
23:28:02.825,snap,playback,tv.danmaku.bili,discharging,1,40.8,48.9,85,95,0,11.72,0,0,10,4.049,0.706,2.8585937,11837,6810,0,-,2
23:28:03.825,snap,playback,tv.danmaku.bili,discharging,1,40.8,49.3,85,95,0,12.85,0,0,10,4.041,0.668,2.6993878,18452,11923,0,-,2
23:28:04.826,snap,playback,tv.danmaku.bili,discharging,1,40.8,49.3,85,95,0,12.85,0,0,10,4.027,0.724,2.9155478,18452,11923,0,-,2
23:28:05.826,snap,playback,tv.danmaku.bili,discharging,1,40.8,51.3,85,95,0,14.51,0,0,6,4.028,0.814,3.278792,19848,12134,0,-,2
23:28:06.826,snap,playback,tv.danmaku.bili,discharging,1,40.7,54.3,85,95,0,14.51,0,0,11,4.028,0.814,3.278792,19848,12134,0,-,2
23:28:07.827,snap,playback,tv.danmaku.bili,discharging,1,40.7,55.6,85,95,0,14.51,0,0,11,4.025,1.2,4.8300004,24728,12923,0,-,2
23:28:08.827,snap,playback,tv.danmaku.bili,discharging,1,40.7,58.6,85,95,0,15.87,0,0.18,23,4.015,1.006,4.03909,24728,12923,0,-,2
23:28:09.827,snap,playback,tv.danmaku.bili,discharging,1,40.7,59.2,85,95,0,15.87,0,0.18,0,4.023,1.102,4.433346,21806,13560,0,-,2
23:28:10.827,snap,playback,tv.danmaku.bili,discharging,1,40.7,59.2,85,95,0,17.88,0,0.32,31,4.01,1.264,5.0686407,21806,13560,0,-,2
23:28:11.828,snap,playback,tv.danmaku.bili,discharging,1,40.7,56.2,85,95,0,17.88,0,0.32,32,4.037,0.828,3.342636,21806,13560,0,-,2
23:28:12.828,snap,playback,tv.danmaku.bili,discharging,1,40.7,55.6,85,95,0,17.72,0,0.26,32,4.037,0.968,3.9078162,21711,12816,0,-,2
23:28:13.828,snap,playback,tv.danmaku.bili,discharging,1,40.7,55.6,85,95,0,17.72,0,0.26,22,4.042,0.828,3.3467758,21711,12816,0,-,2
23:28:14.828,snap,playback,tv.danmaku.bili,discharging,1,40.7,54.8,85,95,0,18.31,0,0.22,23,4.038,0.852,3.440376,17527,10046,0,-,2
23:28:15.829,snap,playback,tv.danmaku.bili,discharging,1,40.7,55.6,85,95,0,18.31,0,0.22,26,4.044,0.738,2.984472,17527,10046,0,-,2
23:28:16.829,snap,playback,tv.danmaku.bili,discharging,1,40.7,56.8,85,95,0,17.71,0,0.18,21,4.024,0.996,4.007904,19007,10853,0,-,2
23:28:17.829,snap,playback,tv.danmaku.bili,discharging,1,40.7,56.8,85,95,0,17.71,0,0.18,30,4.009,1.06,4.2495394,19007,10853,0,-,2
23:28:18.829,snap,playback,tv.danmaku.bili,discharging,1,40.7,56.8,85,95,0,18.13,0,0.14,22,4.035,0.966,3.89781,20659,9982,0,-,2
23:28:19.829,snap,playback,tv.danmaku.bili,discharging,1,40.7,56.4,85,95,0,18.13,0,0.14,33,4.023,0.962,3.8701258,20659,9982,0,-,2
23:28:20.830,snap,playback,tv.danmaku.bili,discharging,1,40.7,56.4,85,95,0,18.47,0,0.12,20,4.038,0.91,3.67458,19807,10453,0,-,2
23:28:21.830,snap,playback,tv.danmaku.bili,discharging,1,40.7,56.4,85,95,0,18.56,0,0.09,34,4.031,0.952,3.8375123,19807,10453,0,-,2
23:28:22.830,snap,playback,tv.danmaku.bili,discharging,1,40.7,56.4,85,95,0,18.56,0,0.09,18,4.044,0.754,3.0491762,21213,11543,0,-,2
23:28:23.830,snap,playback,tv.danmaku.bili,discharging,1,40.7,55.2,85,95,0,18.28,0,0.08,18,4.037,0.852,3.4395242,21213,11543,0,-,2
23:28:24.832,snap,playback,tv.danmaku.bili,discharging,1,40.7,52.2,85,95,0,18.28,0,0.08,0,4.06,0.37,1.5022,13835,8032,0,-,2
23:28:25.832,snap,playback,tv.danmaku.bili,discharging,1,40.7,50.1,85,95,0,17.14,0,0.06,0,4.062,0.366,1.486692,13835,8032,0,-,2
23:28:26.832,snap,playback,tv.danmaku.bili,discharging,1,40.7,49.3,85,95,0,17.14,0,0.06,0,4.068,0.322,1.309896,5987,2299,0,-,2
23:28:27.832,snap,playback,tv.danmaku.bili,discharging,1,40.7,49.3,85,95,0,16.21,0,0.05,0,4.061,0.398,1.6162779,5987,2299,0,-,2
23:28:28.833,snap,playback,tv.danmaku.bili,discharging,1,40.6,49.3,85,95,0,16.21,0,0.05,9,4.051,0.638,2.5845382,9066,4787,0,-,2
23:28:29.832,snap,playback,tv.danmaku.bili,discharging,1,40.6,51.7,85,95,0,15.62,0,0.04,0,4.063,0.384,1.5601921,9066,4787,0,-,2
23:28:30.833,snap,playback,tv.danmaku.bili,discharging,1,40.6,50.1,85,95,0,15.62,0,0.04,13,4.044,0.77,3.11388,10977,6045,0,-,2
23:28:31.833,snap,playback,tv.danmaku.bili,discharging,1,40.6,50.1,85,95,0,15.51,0,0.03,13,4.058,0.494,2.004652,10977,6045,0,-,2
23:28:32.835,snap,playback,tv.danmaku.bili,discharging,1,40.6,50.1,85,95,0,15.51,0,0.03,13,4.063,0.494,2.007122,12208,6586,0,-,2
23:28:33.834,snap,playback,tv.danmaku.bili,discharging,1,40.6,49.7,85,95,0,16.14,0,0.02,13,4.056,0.454,1.8414241,12208,6586,0,-,2
23:28:34.834,snap,playback,tv.danmaku.bili,discharging,1,40.6,48.9,85,95,0,16.14,0,0.02,13,4.064,0.31,1.25984,11388,5963,0,-,2
23:28:35.834,snap,playback,tv.danmaku.bili,discharging,1,40.6,48.9,85,95,0,15.75,0,0.02,10,4.041,0.618,2.4973378,11388,5963,0,-,2
23:28:36.834,snap,playback,tv.danmaku.bili,discharging,1,40.6,49.3,85,95,0,15.75,0,0.02,0,4.041,0.618,2.4973378,10198,5487,0,-,2
23:28:37.835,snap,playback,tv.danmaku.bili,discharging,1,40.6,50.1,85,95,0,15.75,0,0.02,0,4.061,0.36,1.46196,10198,5487,0,-,2
23:28:38.835,snap,playback,tv.danmaku.bili,discharging,1,40.6,50.1,85,95,0,15.8,0,0.01,14,4.041,0.714,2.885274,12962,6949,0,-,2
23:28:39.836,snap,playback,tv.danmaku.bili,discharging,1,40.6,49.7,85,95,0,15.8,0,0.01,0,4.068,0.292,1.187856,12962,6949,0,-,2
23:28:40.836,snap,playback,tv.danmaku.bili,discharging,1,40.6,48.5,85,95,0,15.65,0,0.01,0,4.055,0.678,2.7492898,11826,6464,0,-,2
23:28:41.838,snap,playback,tv.danmaku.bili,discharging,1,40.6,48.9,85,95,0,15.65,0,0.01,0,4.055,0.384,1.55712,11826,6464,0,-,2
23:28:42.836,snap,playback,tv.danmaku.bili,discharging,1,40.6,48.9,85,95,0,15.71,0,0.01,0,4.049,0.474,1.9192259,11696,6030,0,-,2
23:28:43.837,snap,playback,tv.danmaku.bili,discharging,1,40.6,51.3,85,95,0,15.71,0,0.01,12,4.039,0.722,2.916158,11696,6030,0,-,2
23:28:44.837,snap,playback,tv.danmaku.bili,discharging,1,40.6,51.3,85,95,0,16.13,0,0,13,4.04,0.738,2.98152,17305,11565,0,-,2
23:28:45.837,snap,playback,tv.danmaku.bili,discharging,1,40.6,51.7,85,95,0,16.13,0,0,13,4.046,0.61,2.46806,17305,11565,0,-,2
23:28:46.837,snap,playback,tv.danmaku.bili,discharging,1,40.6,50.5,85,95,0,16.28,0,0,13,4.039,0.76,3.06964,15453,9056,0,-,2
23:28:47.838,snap,playback,tv.danmaku.bili,discharging,1,40.6,48.9,85,95,0,16.28,0,0,0,4.059,0.324,1.315116,15453,9056,0,-,2
23:28:48.844,snap,playback,tv.danmaku.bili,discharging,1,40.6,48.1,85,95,0,15.87,0,0,0,4.069,0.326,1.326494,6207,2669,0,-,2
23:28:49.846,snap,playback,tv.danmaku.bili,discharging,1,40.6,48.1,85,95,0,15.87,0,0,0,4.059,0.378,1.534302,6207,2669,0,-,2
23:28:50.845,snap,playback,tv.danmaku.bili,discharging,1,40.6,48.1,85,95,0,15.17,0,0,0,4.062,0.4,1.6248,7245,2923,0,-,2
23:28:51.845,snap,playback,tv.danmaku.bili,discharging,1,40.6,47.7,85,95,0,14.77,0,0,0,4.067,0.316,1.285172,7245,2923,0,-,2
23:28:52.846,snap,playback,tv.danmaku.bili,discharging,1,40.6,47.3,85,95,0,14.77,0,0,0,4.061,0.42,1.7056199,10880,5296,0,-,2
23:28:53.845,snap,playback,tv.danmaku.bili,discharging,1,40.6,47.3,85,95,0,14.81,0,0,0,4.065,0.406,1.65039,10880,5296,0,-,2
23:28:54.846,snap,playback,tv.danmaku.bili,discharging,1,40.6,47.3,85,95,0,14.81,0,0,0,4.063,0.346,1.405798,7467,3440,0,-,2
23:28:55.846,snap,playback,tv.danmaku.bili,discharging,1,40.6,47.3,85,95,0,14.48,0,0,0,4.065,0.364,1.47966,7467,3440,0,-,2
23:28:56.847,snap,playback,tv.danmaku.bili,discharging,1,40.6,46.9,85,95,0,14.48,0,0,0,4.069,0.308,1.2532519,6508,2839,0,-,2
23:28:57.847,snap,playback,tv.danmaku.bili,discharging,1,40.6,46.9,85,95,0,14.21,0,0,0,4.063,0.36,1.4626801,6508,2839,0,-,2
23:28:58.848,snap,playback,tv.danmaku.bili,discharging,1,40.6,46.9,85,95,0,14.21,0,0,0,4.066,0.268,1.0896881,8128,3072,0,-,2
23:28:59.850,snap,playback,tv.danmaku.bili,discharging,1,40.6,46.9,85,95,0,14.17,0,0,0,4.06,0.39,1.5833999,8128,3072,0,-,2
23:29:00.851,snap,playback,tv.danmaku.bili,discharging,1,40.6,46.5,85,95,0,14.17,0,0,0,4.065,0.34,1.3821,7111,3097,0,-,2
23:29:01.852,snap,playback,tv.danmaku.bili,discharging,1,40.6,46.9,85,95,0,13.78,0,0,0,4.061,0.342,1.388862,7111,3097,0,-,2
23:29:02.852,snap,playback,tv.danmaku.bili,discharging,1,40.6,46.5,85,95,0,13.78,0,0,0,4.061,0.378,1.5350579,6208,2529,0,-,2
23:29:03.852,snap,playback,tv.danmaku.bili,discharging,1,40.6,46.9,85,95,0,13.46,0,0,0,4.052,0.41,1.66132,6208,2529,0,-,2
23:29:04.852,snap,playback,tv.danmaku.bili,discharging,1,40.6,46.5,85,95,0,13.46,0,0,0,4.058,0.362,1.4689959,8080,3193,0,-,2
23:29:05.853,snap,playback,tv.danmaku.bili,discharging,1,40.6,46.9,85,95,0,13.55,0,0,0,4.058,0.362,1.4689959,8080,3193,0,-,2
23:29:06.853,snap,playback,tv.danmaku.bili,discharging,1,40.6,46.5,85,95,0,13.55,0,0,0,4.058,0.382,1.550156,7406,3322,0,-,2
23:29:07.854,snap,playback,tv.danmaku.bili,discharging,1,40.6,46.5,85,95,0,13.55,0,0,0,4.059,0.364,1.477476,7406,3322,0,-,2
23:29:08.854,snap,playback,tv.danmaku.bili,discharging,1,40.6,46.1,85,95,0,13.81,0,0,0,4.058,0.362,1.4689959,6059,2517,0,-,2
23:29:09.855,snap,playback,tv.danmaku.bili,discharging,1,40.6,46.5,85,95,0,13.81,0,0,0,4.068,0.26,1.0576799,6059,2517,0,-,2
23:29:10.855,snap,playback,tv.danmaku.bili,discharging,1,40.5,46.1,85,95,0,13.67,0,0,0,4.06,0.396,1.60776,7634,3272,0,-,2
23:29:11.855,snap,playback,tv.danmaku.bili,discharging,1,40.5,46.1,85,95,0,13.67,0,0,0,4.062,0.322,1.307964,7634,3272,0,-,2
23:29:12.855,snap,playback,tv.danmaku.bili,discharging,1,40.5,46.1,85,95,0,13.36,0,0,0,4.061,0.328,1.332008,5803,2298,0,-,2
23:29:13.857,snap,playback,tv.danmaku.bili,discharging,1,40.5,46.1,85,95,0,13.36,0,0,0,4.065,0.312,1.26828,5803,2298,0,-,2
23:29:14.856,snap,playback,tv.danmaku.bili,discharging,1,40.5,46.1,85,95,0,12.93,0,0,0,4.064,0.348,1.414272,5570,2258,0,-,2
23:29:15.857,snap,playback,tv.danmaku.bili,discharging,1,40.5,46.1,85,95,0,12.93,0,0,0,4.059,0.366,1.485594,5570,2258,0,-,2
23:29:16.857,snap,playback,tv.danmaku.bili,discharging,1,40.5,46.1,85,95,0,13.13,0,0,0,4.05,0.564,2.2842002,7743,3665,0,-,2
23:29:17.858,snap,playback,tv.danmaku.bili,discharging,1,40.5,46.1,85,95,0,13.13,0,0,0,4.059,0.4,1.6236,7743,3665,0,-,2
23:29:18.858,snap,playback,tv.danmaku.bili,discharging,1,40.5,46.1,85,95,0,13.28,0,0,0,4.068,0.326,1.326168,6509,2880,0,-,2
23:29:19.858,snap,playback,tv.danmaku.bili,discharging,1,40.5,46.1,85,95,0,13.28,0,0,0,4.065,0.322,1.30893,6509,2880,0,-,2
23:29:20.858,snap,playback,tv.danmaku.bili,discharging,1,40.5,46.1,85,95,0,13.05,0,0,0,4.067,0.326,1.325842,6292,2594,0,-,2
23:29:21.858,snap,playback,tv.danmaku.bili,discharging,1,40.4,46.1,85,95,0,12.86,0,0,0,4.05,0.404,1.6362002,6292,2594,0,-,2
23:29:22.858,snap,playback,tv.danmaku.bili,discharging,1,40.4,47.3,85,95,0,12.86,0,0,0,4.054,0.434,1.7594359,9427,3991,0,-,2
23:29:23.860,snap,playback,tv.danmaku.bili,discharging,1,40.4,47.3,85,95,0,13.25,0,0,0,4.042,0.696,2.8132317,9427,3991,0,-,2
23:29:24.860,snap,playback,tv.danmaku.bili,discharging,1,40.4,47.3,85,95,0,13.25,0,0,0,4.06,0.354,1.43724,14339,6637,0,-,2
23:29:25.860,snap,playback,tv.danmaku.bili,discharging,1,40.4,46.5,85,95,0,13.2,0,0,0,4.059,0.336,1.363824,14339,6637,0,-,2
23:29:26.859,snap,playback,tv.danmaku.bili,discharging,1,40.4,46.5,85,95,0,13.2,0,0,0,4.058,0.392,1.590736,7551,2965,0,-,2
23:29:27.860,snap,playback,tv.danmaku.bili,discharging,1,40.4,46.5,85,95,0,12.98,0,0,0,4.057,0.374,1.5173181,7551,2965,0,-,2
23:29:28.860,snap,playback,tv.danmaku.bili,discharging,1,40.4,46.5,85,95,0,12.98,0,0,0,4.069,0.28,1.1393199,5598,2280,0,-,2
23:29:29.860,snap,playback,tv.danmaku.bili,discharging,1,40.4,46.1,85,95,0,12.8,0,0,0,4.059,0.346,1.4044139,5598,2280,0,-,2
23:29:30.860,snap,playback,tv.danmaku.bili,discharging,1,40.4,46.1,85,95,0,12.8,0,0,0,4.067,0.27,1.09809,5913,2352,0,-,2
23:29:31.861,snap,playback,tv.danmaku.bili,discharging,1,40.4,46.1,85,95,0,12.47,0,0,0,4.061,0.32,1.2995199,5913,2352,0,-,2
23:29:32.861,snap,playback,tv.danmaku.bili,discharging,1,40.4,45.7,85,95,0,12.47,0,0,0,4.061,0.32,1.2995199,5726,2396,0,-,2
23:29:33.861,snap,playback,tv.danmaku.bili,discharging,1,40.4,45.7,85,95,0,12.47,0,0,0,4.065,0.274,1.11381,5726,2396,0,-,2
23:29:34.861,snap,playback,tv.danmaku.bili,discharging,1,40.4,46.1,85,95,0,14.2,0,0,0,4.054,0.422,1.7107879,8994,3304,0,-,2
23:29:35.861,snap,playback,tv.danmaku.bili,discharging,1,40.4,46.1,85,95,0,14.2,0,0,0,4.061,0.352,1.429472,8994,3304,0,-,2
23:29:36.866,snap,playback,tv.danmaku.bili,discharging,1,40.4,46.1,85,95,0,13.98,0,0,0,4.058,0.362,1.4689959,10068,4267,0,-,2
23:29:37.862,snap,playback,tv.danmaku.bili,discharging,1,40.4,47.7,85,95,0,13.98,0,0,0,4.042,0.572,2.312024,10068,4267,0,-,2
23:29:38.865,snap,playback,tv.danmaku.bili,discharging,1,40.4,48.1,85,95,0,14.17,0.18,0.72,0,4.051,0.708,2.868108,19183,8921,0,-,2
23:29:39.868,snap,playback,tv.danmaku.bili,discharging,1,40.4,48.5,85,95,0,14.17,0.18,0.72,0,4.044,0.634,2.5638962,19183,8921,0,-,2
23:29:40.867,snap,playback,tv.danmaku.bili,discharging,1,40.4,48.5,85,95,0,14.5,0.14,1.31,0,4.05,0.616,2.4948,15709,8331,0,-,2
23:29:41.868,snap,playback,tv.danmaku.bili,discharging,1,40.4,48.5,85,95,0,14.5,0.14,1.31,0,4.049,0.602,2.4374979,15709,8331,0,-,2
23:29:42.868,snap,playback,tv.danmaku.bili,discharging,1,40.3,48.5,85,95,0,14.59,0.12,1.07,11,4.041,0.728,2.9418478,15657,8170,0,-,2
23:29:43.869,snap,playback,tv.danmaku.bili,discharging,1,40.3,48.5,85,95,0,14.59,0.12,1.07,11,4.058,0.504,2.045232,15657,8170,0,-,2
23:29:44.869,snap,playback,tv.danmaku.bili,discharging,1,40.3,47.7,85,95,0,15.93,0.09,1.24,0,4.054,0.474,1.9215959,9808,4285,0,-,2
23:29:45.870,snap,playback,tv.danmaku.bili,discharging,1,40.3,47.7,85,95,0,15.93,0.09,1.24,14,4.051,0.446,1.8067461,9808,4285,0,-,2
23:29:46.871,snap,playback,tv.danmaku.bili,discharging,1,40.3,46.9,85,95,0,16.12,0.08,1.02,14,4.053,0.576,2.334528,10882,6379,0,-,2
23:29:47.872,snap,playback,tv.danmaku.bili,discharging,1,40.3,46.9,85,95,0,16.12,0.08,1.02,0,4.06,0.29,1.1774,10882,6379,0,-,2
23:29:48.873,snap,playback,tv.danmaku.bili,discharging,1,40.3,46.5,85,95,0,15.37,0.06,0.83,0,4.059,0.33,1.33947,6736,2982,0,-,2
23:29:49.872,snap,playback,tv.danmaku.bili,discharging,1,40.3,46.5,85,95,0,15.12,0.05,0.68,15,4.051,0.41,1.66091,6736,2982,0,-,2
23:29:50.873,snap,playback,tv.danmaku.bili,discharging,1,40.3,48.9,85,95,0,15.12,0.05,0.68,15,4.05,0.59,2.3895,6736,2982,0,-,2
23:29:51.873,snap,playback,tv.danmaku.bili,discharging,1,40.3,48.9,85,95,0,15.28,0.04,0.55,14,4.036,0.71,2.8655598,16469,11169,0,-,2
23:29:52.874,snap,playback,tv.danmaku.bili,discharging,1,40.3,48.9,85,95,0,15.28,0.04,0.55,14,4.05,0.554,2.2437003,16469,11169,0,-,2
23:29:53.874,snap,playback,tv.danmaku.bili,discharging,1,40.2,47.7,85,95,0,14.87,0.03,0.45,0,4.056,0.348,1.411488,13550,8741,0,-,2
23:29:54.874,snap,playback,tv.danmaku.bili,discharging,1,40.2,47.3,85,95,0,14.87,0.03,0.45,0,4.06,0.368,1.49408,13550,8741,0,-,2
23:29:55.874,snap,playback,tv.danmaku.bili,discharging,1,40.2,46.9,85,95,0,15.62,0.02,0.37,0,4.058,0.426,1.728708,7548,2908,0,-,2
23:29:56.874,snap,playback,tv.danmaku.bili,discharging,1,40.2,47.3,85,95,0,15.62,0.02,0.37,0,4.062,0.398,1.616676,7548,2908,0,-,2
23:29:57.875,snap,playback,tv.danmaku.bili,discharging,1,40.2,48.1,85,95,0,15.5,0.02,0.3,12,4.032,0.758,3.056256,10353,5189,0,-,2
23:29:58.875,snap,playback,tv.danmaku.bili,discharging,1,40.2,48.1,85,95,0,15.5,0.02,0.3,0,4.063,0.318,1.292034,10353,5189,0,-,2
23:29:59.875,snap,playback,tv.danmaku.bili,discharging,1,40.2,48.1,85,95,0,15.59,0.01,0.25,11,4.041,0.64,2.5862398,10713,5693,0,-,2
23:30:00.875,snap,playback,tv.danmaku.bili,discharging,1,40.2,49.3,85,95,0,15.59,0.01,0.25,10,4.011,1.006,4.035066,10713,5693,0,-,2
23:30:01.875,snap,playback,tv.danmaku.bili,discharging,1,40.2,52.3,85,95,0,16.93,0.19,0.2,10,4.011,1.006,4.035066,24406,12776,0,-,2
23:30:02.875,snap,playback,tv.danmaku.bili,discharging,1,40.2,52.4,85,95,0,16.93,0.19,0.2,10,4.024,1.022,4.112528,24406,12776,0,-,2
23:30:03.875,snap,playback,tv.danmaku.bili,discharging,1,40.2,52.8,85,95,0,16.93,0.19,0.2,12,4.031,0.9,3.6279001,21893,11017,0,-,2
23:30:04.876,snap,playback,tv.danmaku.bili,discharging,1,40.2,50.5,85,95,0,19.48,0.16,0.16,0,4.018,0.806,3.238508,21893,11017,0,-,2
23:30:05.876,snap,playback,tv.danmaku.bili,discharging,1,40.2,49.3,85,95,0,19.48,0.16,0.16,15,4.058,0.36,1.46088,15139,7673,0,-,2
23:30:06.877,snap,playback,tv.danmaku.bili,discharging,1,40.2,48.9,85,95,0,18.85,0.13,0.13,0,4.061,0.342,1.388862,15139,7673,0,-,2
23:30:07.876,snap,playback,tv.danmaku.bili,discharging,1,40.2,48.9,85,95,0,18.85,0.13,0.13,0,4.046,0.482,1.950172,11257,4802,0,-,2
23:30:08.877,snap,playback,tv.danmaku.bili,discharging,1,40.2,48.9,85,95,0,17.79,0.1,0.11,0,4.06,0.396,1.60776,11257,4802,0,-,2
23:30:09.877,snap,playback,tv.danmaku.bili,discharging,1,40.2,48.9,85,95,0,17.79,0.1,0.11,0,4.039,0.572,2.3103082,12869,7128,0,-,2
23:30:10.878,snap,playback,tv.danmaku.bili,discharging,1,40.2,48.1,85,95,0,17.1,0.08,0.09,14,4.059,0.536,2.1756241,12869,7128,0,-,2
23:30:11.878,snap,playback,tv.danmaku.bili,discharging,1,40.2,48.1,85,95,0,17.1,0.08,0.09,14,4.058,0.372,1.5095761,10525,5125,0,-,2
23:30:12.878,snap,playback,tv.danmaku.bili,discharging,1,40.2,47.7,85,95,0,16.36,0.07,0.07,0,4.024,0.738,2.969712,10525,5125,0,-,2
23:30:13.878,snap,playback,tv.danmaku.bili,discharging,1,40.2,47.7,85,95,0,16.36,0.07,0.07,0,4.049,0.35,1.4171499,12155,6904,0,-,2
23:30:14.878,snap,playback,tv.danmaku.bili,discharging,1,40.1,47.3,85,95,0,15.93,0.05,0.06,0,4.055,0.394,1.59767,12155,6904,0,-,2
23:30:15.879,snap,playback,tv.danmaku.bili,discharging,1,40.1,47.3,85,95,0,15.93,0.05,0.06,0,4.055,0.382,1.5490099,6984,2752,0,-,2
23:30:16.879,snap,playback,tv.danmaku.bili,discharging,1,40.1,46.9,85,95,0,14.85,0.04,0.04,0,4.059,0.388,1.574892,6984,2752,0,-,2
23:30:17.879,snap,playback,tv.danmaku.bili,discharging,1,40.1,46.9,85,95,0,14.85,0.04,0.04,0,4.057,0.33,1.3388101,7444,3354,0,-,2
23:30:18.879,snap,playback,tv.danmaku.bili,discharging,1,40.1,47.7,85,95,0,14.34,0.03,0.04,15,4.036,0.63,2.5426798,7444,3354,0,-,2
23:30:19.880,snap,playback,tv.danmaku.bili,discharging,1,40.1,47.7,85,95,0,14.64,0.03,0.03,16,4.041,0.552,2.2306318,14614,8892,0,-,2
23:30:20.881,snap,playback,tv.danmaku.bili,discharging,1,40.1,47.3,85,95,0,14.64,0.03,0.03,0,4.056,0.364,1.476384,14614,8892,0,-,2
23:30:21.881,snap,playback,tv.danmaku.bili,discharging,1,40.1,46.5,85,95,0,14.34,0.02,0.02,0,4.053,0.402,1.6293061,8400,3664,0,-,2
23:30:22.881,snap,playback,tv.danmaku.bili,discharging,1,40.1,46.5,85,95,0,14.34,0.02,0.02,0,4.055,0.4,1.622,8400,3664,0,-,2
23:30:23.881,snap,playback,tv.danmaku.bili,discharging,1,40.1,46.5,85,95,0,13.91,0.02,0.02,0,4.054,0.366,1.4837639,7171,3213,0,-,2
23:30:24.881,snap,playback,tv.danmaku.bili,discharging,1,40.1,49.5,85,95,0,13.91,0.02,0.02,47,4.026,0.972,3.9132721,7171,3213,0,-,2
23:30:25.882,snap,playback,tv.danmaku.bili,discharging,1,40.1,52.5,85,95,0,18.28,0.01,0.01,29,3.988,1.504,5.9979515,30723,19400,0,-,2
23:30:26.887,snap,playback,tv.danmaku.bili,discharging,1,40.1,55.5,85,95,0,18.28,0.01,0.01,10,4.024,1.184,4.764416,30723,19400,0,-,2
23:30:27.889,snap,playback,tv.danmaku.bili,discharging,1,40.1,56.8,85,95,0,20.4,0.01,0.01,39,4.006,1.27,5.08762,26630,14991,0,-,2
23:30:28.882,snap,playback,tv.danmaku.bili,discharging,1,40.1,56.4,85,95,0,20.4,0.01,0.01,26,4.033,0.8,3.2264001,26630,14991,0,-,2
23:30:29.882,snap,playback,tv.danmaku.bili,discharging,1,40.1,53.4,85,95,0,20.69,0.01,0.01,5,4.029,0.738,2.9734018,20248,12584,0,-,2
23:30:30.883,snap,playback,tv.danmaku.bili,discharging,1,40.1,52.4,85,95,0,20.69,0.01,0.01,5,4.036,0.668,2.6960478,20248,12584,0,-,2
23:30:31.883,snap,playback,tv.danmaku.bili,discharging,1,40.1,51.7,85,95,0,20.56,0,0,5,4.033,0.726,2.927958,17422,10186,0,-,2
23:30:32.884,snap,playback,tv.danmaku.bili,discharging,1,40.1,51.3,85,95,0,20.56,0,0,5,4.033,0.726,2.927958,17422,10186,0,-,2
23:30:33.887,snap,playback,tv.danmaku.bili,discharging,1,40.1,50.5,85,95,0,20.56,0,0,5,4.035,0.662,2.67117,15457,9190,0,-,2
23:30:34.884,snap,playback,tv.danmaku.bili,discharging,1,40.1,50.5,85,95,0,21,0,0,5,4.032,0.682,2.749824,15457,9190,0,-,2
23:30:35.884,snap,playback,tv.danmaku.bili,discharging,1,40.1,50.5,85,95,0,21,0,0,5,4.04,0.632,2.55328,14755,8753,0,-,2
23:30:36.884,snap,playback,tv.danmaku.bili,discharging,1,40,50.5,85,95,0,20.1,0,0,5,4.03,0.708,2.8532403,14755,8753,0,-,2
23:30:37.885,snap,playback,tv.danmaku.bili,discharging,1,40,50.5,85,95,0,20.1,0,0,5,4.036,0.65,2.6233997,14756,8521,0,-,2
23:30:38.885,snap,playback,tv.danmaku.bili,discharging,1,40,50.1,85,95,0,19.35,0,0,5,4.036,0.656,2.647616,14756,8521,0,-,2
23:30:39.885,snap,playback,tv.danmaku.bili,discharging,1,40,50.5,85,95,0,19.35,0,0,5,4.038,0.622,2.511636,15218,8567,0,-,2
23:30:40.886,snap,playback,tv.danmaku.bili,discharging,1,40,50.5,85,95,0,18.74,0,0,5,4.032,0.732,2.9514241,15218,8567,0,-,2
23:30:41.886,snap,playback,tv.danmaku.bili,discharging,1,40,51.7,85,95,0,18.74,0,0,5,4.039,0.624,2.5203362,15957,8567,0,-,2
23:30:42.886,snap,playback,tv.danmaku.bili,discharging,1,40,52.4,85,95,0,19.7,0,0,5,4.031,0.818,3.2973583,15957,8567,0,-,2
23:30:43.886,snap,playback,tv.danmaku.bili,discharging,1,40,52.4,85,95,0,19.7,0,0,29,4.019,0.966,3.882354,20442,12279,0,-,2
23:30:44.887,snap,playback,tv.danmaku.bili,discharging,1,40,52.1,85,95,0,20.84,0,0,16,4.032,0.734,2.9594882,20442,12279,0,-,2
23:30:45.889,snap,playback,tv.danmaku.bili,discharging,1,40,51.3,85,95,0,20.84,0,0,5,4.035,0.65,2.6227498,17083,8950,0,-,2
23:30:46.888,snap,playback,tv.danmaku.bili,discharging,1,40,50.9,85,95,0,20.32,0,0,5,4.042,0.668,2.7000558,17083,8950,0,-,2
23:30:47.889,snap,playback,tv.danmaku.bili,discharging,1,40,50.5,85,95,0,20.32,0,0,5,4.041,0.586,2.368026,13826,8085,0,-,2
23:30:48.889,snap,playback,tv.danmaku.bili,discharging,1,40,50.1,85,95,0,19.54,0,0,3,4.042,0.568,2.295856,13826,8085,0,-,2
23:30:49.889,snap,playback,tv.danmaku.bili,discharging,1,40,50.1,85,95,0,19.54,0,0,3,4.042,0.566,2.287772,12930,6797,0,-,2
23:30:50.890,snap,playback,tv.danmaku.bili,discharging,1,40,50.9,85,95,0,18.53,0,0,3,4.036,0.646,2.607256,12930,6797,0,-,2
23:30:51.890,snap,playback,tv.danmaku.bili,discharging,1,40,50.9,85,95,0,18.53,0,0,11,4.035,0.764,3.0827398,17531,9659,0,-,2
23:30:52.890,snap,playback,tv.danmaku.bili,discharging,1,40,50.9,85,95,0,18.62,0,0,3,4.036,0.636,2.5668957,17531,9659,0,-,2
23:30:53.890,snap,playback,tv.danmaku.bili,discharging,1,40,50.5,85,95,0,18.62,0,0,5,4.038,0.616,2.4874082,13702,8270,0,-,2
23:30:54.890,snap,playback,tv.danmaku.bili,discharging,1,40,50.5,85,95,0,17.96,0,0,5,4.038,0.668,2.697384,13702,8270,0,-,2
23:30:55.892,snap,playback,tv.danmaku.bili,discharging,1,40,50.9,85,95,0,17.96,0,0,5,4.031,0.726,2.926506,16401,8781,0,-,2
23:30:56.893,snap,playback,tv.danmaku.bili,discharging,1,40,50.9,85,95,0,17.97,0,0,5,4.029,0.752,3.0298078,16401,8781,0,-,2
23:30:57.892,snap,playback,tv.danmaku.bili,discharging,1,40,50.9,85,95,0,17.97,0,0,7,4.026,0.728,2.930928,18276,11124,0,-,2
23:30:58.892,snap,playback,tv.danmaku.bili,discharging,1,40,52.1,85,95,0,18.34,0,0,7,4.035,0.738,2.9778297,18276,11124,0,-,2
23:30:59.893,snap,playback,tv.danmaku.bili,discharging,1,40,52.1,85,95,0,18.82,0,0,12,4.017,0.864,3.4706883,19374,11030,0,-,2
23:31:00.893,snap,playback,tv.danmaku.bili,discharging,1,40,52.1,85,95,0,18.82,0,0,10,4.037,0.714,2.8824182,19374,11030,0,-,2
23:31:01.893,snap,playback,tv.danmaku.bili,discharging,1,40,51.3,85,95,0,18.49,0,0,5,4.026,0.706,2.842356,14830,8414,0,-,2
23:31:02.893,snap,playback,tv.danmaku.bili,discharging,1,40,51.3,85,95,0,18.49,0,0,5,4.03,0.738,2.9741402,14830,8414,0,-,2
23:31:03.894,snap,playback,tv.danmaku.bili,discharging,1,40,51.7,85,95,0,17.85,0,0,5,4.031,0.76,3.06356,14522,8383,0,-,2
23:31:04.894,snap,playback,tv.danmaku.bili,discharging,1,40,51.7,85,95,0,17.85,0,0,5,4.033,0.644,2.597252,14522,8383,0,-,2
23:31:05.894,snap,playback,tv.danmaku.bili,discharging,1,40,50.9,85,95,0,17.34,0,0,5,4.034,0.618,2.493012,13939,7989,0,-,2
23:31:06.897,snap,playback,tv.danmaku.bili,discharging,1,40,50.9,85,95,0,17.34,0,0,5,4.036,0.666,2.687976,13939,7989,0,-,2
23:31:07.897,snap,playback,tv.danmaku.bili,discharging,1,40,52.1,85,95,0,19.63,0,0,6,4.021,1.034,4.157714,22531,11024,0,-,2
23:31:08.898,snap,playback,tv.danmaku.bili,discharging,1,40,52.1,85,95,0,19.63,0,0,6,4.045,0.468,1.89306,22531,11024,0,-,2
23:31:09.898,snap,playback,tv.danmaku.bili,discharging,1,40,50.1,85,95,0,18.61,0,0,0,4.045,0.468,1.89306,22531,11024,0,-,2
23:31:10.898,snap,playback,tv.danmaku.bili,discharging,1,40,48.9,85,95,0,18.61,0,0,0,4.047,0.468,1.893996,9599,4193,0,-,2
23:31:11.898,snap,playback,tv.danmaku.bili,discharging,1,40,48.9,85,95,0,18.61,0,0,0,4.05,0.36,1.4580002,9599,4193,0,-,2
23:31:12.899,snap,playback,tv.danmaku.bili,discharging,1,40,48.9,85,95,0,17.95,0,0,0,4.04,0.528,2.13312,9481,4493,0,-,2
23:31:13.899,snap,playback,tv.danmaku.bili,discharging,1,40,47.7,85,95,0,17.95,0,0,0,4.051,0.346,1.401646,9481,4493,0,-,2
23:31:14.899,snap,playback,tv.danmaku.bili,discharging,1,40,47.3,85,95,0,16.87,0,0,0,4.052,0.37,1.49924,7547,3193,0,-,2
23:31:15.899,snap,playback,tv.danmaku.bili,discharging,1,40,47.7,85,95,0,16.87,0,0,0,4.051,0.402,1.6285021,7547,3193,0,-,2
23:31:16.900,snap,playback,tv.danmaku.bili,discharging,1,40,47.7,85,95,0,16.17,0,0,0,4.043,0.504,2.037672,11768,6673,0,-,2
23:31:17.900,snap,playback,tv.danmaku.bili,discharging,1,40,47.7,85,95,0,16.17,0,0,0,4.048,0.474,1.918752,11768,6673,0,-,2
23:31:18.900,snap,playback,tv.danmaku.bili,discharging,1,39.9,47.7,85,95,0,16.14,0,0,0,4.055,0.49,1.9869499,12178,6153,0,-,2
23:31:19.901,snap,playback,tv.danmaku.bili,discharging,1,39.9,46.9,85,95,0,16.14,0,0,0,4.057,0.33,1.3388101,12178,6153,0,-,2
23:31:20.901,snap,playback,tv.danmaku.bili,discharging,1,39.9,46.9,85,95,0,15.57,0,0,0,4.051,0.41,1.66091,8058,3779,0,-,2
23:31:21.901,snap,playback,tv.danmaku.bili,discharging,1,39.9,47.3,85,95,0,15.57,0,0,0,4.036,0.526,2.122936,8058,3779,0,-,2
23:31:22.902,snap,playback,tv.danmaku.bili,discharging,1,39.9,48.1,85,95,0,16.37,0.54,0,0,4.033,0.694,2.798902,12573,4228,0,-,2
23:31:23.901,snap,playback,tv.danmaku.bili,discharging,1,39.9,48.1,85,95,0,16.37,0.54,0,0,4.04,0.616,2.48864,12573,4228,0,-,2
23:31:24.901,snap,playback,tv.danmaku.bili,discharging,1,39.9,48.1,85,95,0,16.85,1.53,0,0,4.035,0.658,2.6550298,11989,3670,0,-,2
23:31:25.902,snap,playback,tv.danmaku.bili,discharging,1,39.9,48.1,85,95,0,16.85,1.53,0,0,4.035,0.616,2.48556,11989,3670,0,-,2
23:31:26.902,snap,playback,tv.danmaku.bili,discharging,1,39.9,48.1,85,95,0,17.24,1.79,0,0,4.038,0.662,2.673156,10343,3591,0,-,2
23:31:27.902,snap,playback,tv.danmaku.bili,discharging,1,39.9,48.1,85,95,0,17.24,1.79,0,0,4.042,0.596,2.4090319,10343,3591,0,-,2
23:31:28.902,snap,playback,tv.danmaku.bili,discharging,1,39.9,48.1,85,95,0,16.47,2.19,0,0,4.04,0.492,1.9876801,9703,3384,0,-,2
23:31:29.902,snap,playback,tv.danmaku.bili,discharging,1,39.9,48.1,85,95,0,16.47,2.19,0,0,4.038,0.602,2.430876,9703,3384,0,-,2
23:31:30.903,snap,playback,tv.danmaku.bili,discharging,1,39.9,48.1,85,95,0,14.93,1.79,0,0,4.04,0.612,2.4724798,7714,2774,0,-,2
23:31:31.902,snap,playback,tv.danmaku.bili,discharging,1,39.9,48.1,85,95,0,14.93,1.79,0,0,4.037,0.586,2.3656821,7714,2774,0,-,2
23:31:32.904,snap,playback,tv.danmaku.bili,discharging,1,39.9,48.1,85,95,0,13.49,1.47,0,0,4.038,0.592,2.390496,8312,2729,0,-,2
23:31:33.904,snap,playback,tv.danmaku.bili,discharging,1,39.9,48.1,85,95,0,13.4,1.2,0,0,4.036,0.576,2.3247359,8312,2729,0,-,2
23:31:34.904,snap,playback,tv.danmaku.bili,discharging,1,39.9,47.7,85,95,0,13.4,1.2,0,0,4.044,0.56,2.26464,7989,2977,0,-,2
23:31:35.930,snap,playback,tv.danmaku.bili,discharging,1,39.9,47.7,85,95,0,12.79,0.98,0,0,4.045,0.436,1.76362,7989,2977,0,-,2
23:31:36.932,snap,playback,tv.danmaku.bili,discharging,1,39.9,47.7,85,95,0,12.79,0.98,0,0,4.047,0.392,1.5864239,7470,2630,0,-,2
23:31:37.931,snap,playback,tv.danmaku.bili,discharging,1,39.9,47.7,85,95,0,11.92,0.8,0,0,4.048,0.438,1.773024,7470,2630,0,-,2
23:31:38.931,snap,playback,tv.danmaku.bili,discharging,1,39.9,47.7,85,95,0,11.92,0.8,0,0,4.042,0.504,2.037168,8435,3311,0,-,2
23:31:39.931,snap,playback,tv.danmaku.bili,discharging,1,39.8,47.7,85,95,0,11.57,0.84,0,0,4.046,0.494,1.998724,8435,3311,0,-,2
23:31:40.931,snap,playback,tv.danmaku.bili,discharging,1,39.8,48.1,85,95,0,11.57,0.84,0,0,4.046,0.436,1.764056,8753,3527,0,-,2
23:31:41.931,snap,playback,tv.danmaku.bili,discharging,1,39.8,47.7,85,95,0,10.74,0.87,0,0,4.046,0.436,1.764056,8753,3527,0,-,2
23:31:42.932,snap,playback,tv.danmaku.bili,discharging,1,39.8,47.3,85,95,0,10.74,0.87,0,0,4.037,0.502,2.026574,7131,2630,0,-,2
23:31:43.933,snap,playback,tv.danmaku.bili,discharging,1,39.8,47.3,85,95,0,10.74,0.87,0,0,4.05,0.418,1.6929002,7131,2630,0,-,2
23:31:44.933,snap,playback,tv.danmaku.bili,discharging,1,39.8,46.9,85,95,0,10.42,0.71,0,0,4.045,0.43,1.7393501,8224,2698,0,-,2
23:31:45.933,snap,playback,tv.danmaku.bili,discharging,1,39.8,46.9,85,95,0,10.42,0.71,0,0,4.05,0.406,1.6443,8224,2698,0,-,2
23:31:46.934,snap,playback,tv.danmaku.bili,discharging,1,39.8,46.9,85,95,0,10.16,0.58,0,0,4.044,0.45,1.8198,7607,2596,0,-,2
23:31:47.934,snap,playback,tv.danmaku.bili,discharging,1,39.8,46.9,85,95,0,10.16,0.58,0,0,4.055,0.366,1.4841299,7607,2596,0,-,2
23:31:48.934,snap,playback,tv.danmaku.bili,discharging,1,39.8,47.3,85,95,0,9.77,0.47,0,0,4.041,0.542,2.190222,7774,3078,0,-,2
23:31:49.934,snap,playback,tv.danmaku.bili,discharging,1,39.8,47.3,85,95,0,9.77,0.47,0,0,4.049,0.382,1.5467179,7774,3078,0,-,2
23:31:50.934,snap,playback,tv.danmaku.bili,discharging,1,39.6,46.9,85,95,0,9.81,0.39,0,0,4.045,0.414,1.67463,8099,3139,0,-,2
23:31:51.935,snap,playback,tv.danmaku.bili,discharging,1,39.6,46.5,85,95,0,9.81,0.39,0,0,4.048,0.414,1.675872,8099,3139,0,-,2
23:31:52.935,snap,playback,tv.danmaku.bili,discharging,1,39.6,46.5,85,95,0,9.85,0.31,0,0,4.054,0.402,1.629708,8678,3085,0,-,2
23:31:53.936,snap,playback,tv.danmaku.bili,discharging,1,39.6,46.9,85,95,0,9.85,0.31,0,10,4.031,0.556,2.241236,8678,3085,0,-,2
23:31:54.935,snap,playback,tv.danmaku.bili,discharging,1,39.6,46.9,85,95,0,10.42,0.26,0,0,4.048,0.414,1.675872,10750,5616,0,-,2
23:31:55.936,snap,playback,tv.danmaku.bili,discharging,1,39.6,46.5,85,95,0,10.42,0.26,0,0,4.052,0.338,1.369576,10750,5616,0,-,2
23:31:56.936,snap,playback,tv.danmaku.bili,discharging,1,39.6,46.5,85,95,0,10.7,0.21,0,0,4.054,0.336,1.362144,8500,3362,0,-,2
23:31:57.936,snap,playback,tv.danmaku.bili,discharging,1,39.6,47.3,85,95,0,10.7,0.21,0,0,4.023,0.794,3.194262,8500,3362,0,-,2
23:31:58.936,snap,playback,tv.danmaku.bili,discharging,1,39.6,47.3,85,95,0,11.3,0.17,0,13,4.057,0.316,1.2820121,11652,6979,0,-,2
23:31:59.937,snap,playback,tv.danmaku.bili,discharging,1,39.6,46.5,85,95,0,11.3,0.17,0,0,4.045,0.422,1.70699,11652,6979,0,-,2
23:32:00.938,snap,playback,tv.danmaku.bili,discharging,1,39.6,46.1,85,95,0,11.61,0.14,0,0,4.05,0.36,1.4580002,8942,3956,0,-,2
23:32:01.938,snap,playback,tv.danmaku.bili,discharging,1,39.6,46.1,85,95,0,11.61,0.14,0,0,4.048,0.37,1.4977599,8942,3956,0,-,2
23:32:02.938,snap,playback,tv.danmaku.bili,discharging,1,39.6,45.7,85,95,0,11.86,0.11,0,0,4.055,0.358,1.45169,7498,3342,0,-,2
23:32:03.938,snap,playback,tv.danmaku.bili,discharging,1,39.6,46.1,85,95,0,12.06,0.09,0,0,4.055,0.338,1.37059,7498,3342,0,-,2
23:32:04.939,snap,playback,tv.danmaku.bili,discharging,1,39.6,45.7,85,95,0,12.06,0.09,0,0,4.054,0.34,1.37836,9075,3912,0,-,2
23:32:05.938,snap,playback,tv.danmaku.bili,discharging,1,39.6,46.1,85,95,0,12.23,0.07,0,0,4.039,0.426,1.720614,9075,3912,0,-,2
23:32:06.939,snap,playback,tv.danmaku.bili,discharging,1,39.6,46.9,85,95,0,12.23,0.07,0,0,4.038,0.508,2.051304,8340,3470,0,-,2
23:32:07.940,snap,playback,tv.danmaku.bili,discharging,1,39.6,46.9,85,95,0,12.01,0.06,0,0,4.042,0.4,1.6168,8340,3470,0,-,2
23:32:08.939,snap,playback,tv.danmaku.bili,discharging,1,39.6,46.1,85,95,0,12.01,0.06,0,0,4.051,0.304,1.231504,7627,3518,0,-,2
23:32:09.939,snap,playback,tv.danmaku.bili,discharging,1,39.6,46.1,85,95,0,12.01,0.05,0,0,4.051,0.304,1.231504,7627,3518,0,-,2
23:32:10.940,snap,playback,tv.danmaku.bili,discharging,1,39.6,45.7,85,95,0,12.01,0.05,0,0,4.047,0.402,1.626894,8602,3940,0,-,2
23:32:11.940,snap,playback,tv.danmaku.bili,discharging,1,39.4,46.1,85,95,0,12.01,0.05,0,0,4.054,0.332,1.345928,8602,3940,0,-,2
23:32:12.940,snap,playback,tv.danmaku.bili,discharging,1,39.4,45.3,85,95,0,12.19,0.04,0,0,4.044,0.406,1.6418641,8243,3298,0,-,2
23:32:13.941,snap,playback,tv.danmaku.bili,discharging,1,39.4,45.7,85,95,0,12.19,0.04,0,0,4.052,0.318,1.288536,8243,3298,0,-,2
23:32:14.941,snap,playback,tv.danmaku.bili,discharging,1,39.4,45.3,85,95,0,12.51,0.03,0,0,4.05,0.368,1.4904001,7437,3391,0,-,2
23:32:15.941,snap,playback,tv.danmaku.bili,discharging,1,39.4,45.3,85,95,0,12.51,0.03,0,0,4.052,0.358,1.450616,7437,3391,0,-,2
23:32:16.942,snap,playback,tv.danmaku.bili,discharging,1,39.4,45.3,85,95,0,12.42,0.02,0,0,4.049,0.382,1.5467179,7459,3394,0,-,2
23:32:17.942,snap,playback,tv.danmaku.bili,discharging,1,39.4,45.3,85,95,0,12.42,0.02,0,0,4.052,0.306,1.239912,7459,3394,0,-,2
23:32:18.942,snap,playback,tv.danmaku.bili,discharging,1,39.4,45.3,85,95,0,12.52,0.02,0,0,4.043,0.442,1.7870061,9324,3622,0,-,2
23:32:19.943,snap,playback,tv.danmaku.bili,discharging,1,39.4,45.3,85,95,0,12.52,0.02,0,0,4.052,0.386,1.564072,9324,3622,0,-,2
23:32:20.942,snap,playback,tv.danmaku.bili,discharging,1,39.4,45.3,85,95,0,12.25,0.01,0,0,4.037,0.584,2.357608,7642,3211,0,-,2
23:32:21.943,snap,playback,tv.danmaku.bili,discharging,1,39.4,45.3,85,95,0,12.25,0.01,0,0,4.036,0.54,2.17944,7642,3211,0,-,2
23:32:22.943,snap,playback,tv.danmaku.bili,discharging,1,39.4,45.7,85,95,0,12.2,0.01,0,0,4.037,0.586,2.3656821,7897,3360,0,-,2
23:32:23.944,snap,playback,tv.danmaku.bili,discharging,1,39.4,45.7,85,95,0,12.2,0.01,0,0,4.035,0.57,2.29995,7897,3360,0,-,2
23:32:24.944,snap,playback,tv.danmaku.bili,discharging,1,39.4,46.9,85,95,0,12.34,0.01,0,0,4.041,0.616,2.489256,11408,6736,0,-,2
23:32:25.944,snap,playback,tv.danmaku.bili,discharging,1,39.4,46.9,85,95,0,12.34,0.01,0,0,4.04,0.508,2.05232,11408,6736,0,-,2
23:32:26.945,snap,playback,tv.danmaku.bili,discharging,1,39.4,46.5,85,95,0,12.83,0,0,0,4.04,0.464,1.8745599,12695,5828,0,-,2
23:32:27.945,snap,playback,tv.danmaku.bili,discharging,1,39.4,46.1,85,95,0,12.83,0,0,0,4.047,0.422,1.7078339,12695,5828,0,-,2
23:32:28.945,snap,playback,tv.danmaku.bili,discharging,1,39.4,45.7,85,95,0,12.86,0,0,0,4.053,0.302,1.2240059,9605,4807,0,-,2
23:32:29.947,snap,playback,tv.danmaku.bili,discharging,1,39.4,45.7,85,95,0,12.86,0,0,0,4.046,0.41,1.65886,9605,4807,0,-,2
23:32:30.946,snap,playback,tv.danmaku.bili,discharging,1,39.4,45.7,85,95,0,12.88,0,0,0,4.05,0.358,1.4499002,8601,3790,0,-,2
23:32:31.946,snap,playback,tv.danmaku.bili,discharging,1,39.4,45.7,85,95,0,12.88,0,0,0,4.053,0.378,1.5320339,8601,3790,0,-,2
23:32:32.947,snap,playback,tv.danmaku.bili,discharging,1,39.4,45.7,85,95,0,12.72,0,0,0,4.055,0.342,1.38681,6301,2783,0,-,2
23:32:33.947,snap,playback,tv.danmaku.bili,discharging,1,39.3,45.3,85,95,0,12.77,0,0,0,4.047,0.406,1.6430819,6301,2783,0,-,2
23:32:34.947,snap,playback,tv.danmaku.bili,discharging,1,39.3,45.3,85,95,0,12.77,0,0,0,4.045,0.426,1.72317,9221,3640,0,-,2
23:32:35.948,snap,playback,tv.danmaku.bili,discharging,1,39.3,45.7,85,95,0,12.45,0,0,0,4.042,0.582,2.352444,9221,3640,0,-,2
23:32:36.948,snap,playback,tv.danmaku.bili,discharging,1,39.3,47.3,85,95,0,12.45,0,0,0,4.049,0.438,1.7734619,11290,5859,0,-,2
23:32:37.948,snap,playback,tv.danmaku.bili,discharging,1,39.3,46.9,85,95,0,12.91,0,0,11,4.047,0.538,2.177286,11290,5859,0,-,2
23:32:38.949,snap,playback,tv.danmaku.bili,discharging,1,39.3,47.3,85,95,0,12.91,0,0,11,4.047,0.538,2.177286,11290,5859,0,-,2
23:32:39.949,snap,playback,tv.danmaku.bili,discharging,1,39.3,47.3,85,95,0,12.91,0,0,11,4.028,0.646,2.602088,14373,7286,0,-,2
23:32:40.949,snap,playback,tv.danmaku.bili,discharging,1,39.3,47.3,85,95,0,13.29,0,0,14,4.038,0.422,1.704036,14373,7286,0,-,2
23:32:41.949,snap,playback,tv.danmaku.bili,discharging,1,39.3,47.3,85,95,0,13.29,0,0,14,4.034,0.548,2.2106318,12198,6839,0,-,2
23:32:42.949,snap,playback,tv.danmaku.bili,discharging,1,39.3,47.3,85,95,0,13.42,0,0,0,4.029,0.576,2.3207037,12198,6839,0,-,2
23:32:43.950,snap,playback,tv.danmaku.bili,discharging,1,39.2,47.3,85,95,0,13.42,0,0,13,4.023,0.544,2.188512,11226,6443,0,-,2
23:32:44.950,snap,playback,tv.danmaku.bili,discharging,1,39.2,46.9,85,95,0,13.52,0,0,0,4.039,0.464,1.8740959,11226,6443,0,-,2
23:32:45.951,snap,playback,tv.danmaku.bili,discharging,1,39.2,45.7,85,95,0,13.52,0,0,0,4.047,0.324,1.311228,8049,3518,0,-,2
23:32:46.950,snap,playback,tv.danmaku.bili,discharging,1,39.2,45.7,85,95,0,13.06,0,0,0,4.046,0.35,1.4161,8049,3518,0,-,2
23:32:47.951,snap,playback,tv.danmaku.bili,discharging,1,39.2,45.7,85,95,0,13.06,0,0,0,4.033,0.468,1.887444,9645,4688,0,-,2
23:32:48.951,snap,playback,tv.danmaku.bili,discharging,1,39.2,46.5,85,95,0,13.6,0,0,0,4.053,0.332,1.345596,9645,4688,0,-,2
23:32:49.952,snap,playback,tv.danmaku.bili,discharging,1,39.2,46.1,85,95,0,13.6,0,0,15,4.023,0.524,2.1080518,8692,4240,0,-,2
23:32:50.954,snap,playback,tv.danmaku.bili,discharging,1,39.2,46.5,85,95,0,13.67,0,0,15,4.047,0.386,1.562142,8692,4240,0,-,2
23:32:51.955,snap,playback,tv.danmaku.bili,discharging,1,39.2,46.1,85,95,0,13.67,0,0,0,4.033,0.472,1.903576,10589,5671,0,-,2
23:32:52.955,snap,playback,tv.danmaku.bili,discharging,1,39.2,46.1,85,95,0,13.73,0,0,0,4.045,0.404,1.6341801,10589,5671,0,-,2
23:32:53.956,snap,playback,tv.danmaku.bili,discharging,1,39.2,45.7,85,95,0,13.73,0,0,0,4.049,0.32,1.2956799,8323,4057,0,-,2
23:32:54.955,snap,playback,tv.danmaku.bili,discharging,1,39.2,45.7,85,95,0,13.41,0,0,0,4.055,0.434,1.7598698,8323,4057,0,-,2
23:32:55.956,snap,playback,tv.danmaku.bili,discharging,1,39.2,46.5,85,95,0,13.41,0,0,15,4.023,0.776,3.1218479,12822,7735,0,-,2
23:32:56.956,snap,playback,tv.danmaku.bili,discharging,1,39.2,48.1,85,95,0,13.7,0,0,15,4.035,0.514,2.0739899,12822,7735,0,-,2
23:32:57.956,snap,playback,tv.danmaku.bili,discharging,1,39.2,46.5,85,95,0,13.7,0,0,15,4.044,0.582,2.3536081,12839,7803,0,-,2
23:32:58.958,snap,playback,tv.danmaku.bili,discharging,1,39.2,46.1,85,95,0,13.57,0,0,0,4.054,0.31,1.25674,12839,7803,0,-,2
23:32:59.957,snap,playback,tv.danmaku.bili,discharging,1,39.2,45.7,85,95,0,13.57,0,0,0,4.05,0.324,1.3122001,6370,2837,0,-,2
23:33:00.957,snap,playback,tv.danmaku.bili,discharging,1,39.2,45.7,85,95,0,13.29,0,0,0,4.034,0.478,1.9282519,6370,2837,0,-,2
23:33:01.958,snap,playback,tv.danmaku.bili,discharging,1,39.2,45.7,85,95,0,13.29,0,0,0,4.039,0.478,1.930642,7396,3371,0,-,2
23:33:02.958,snap,playback,tv.danmaku.bili,discharging,1,39.2,45.7,85,95,0,13.6,0,0,12,3.967,1.606,6.3710017,7396,3371,0,-,2
23:33:03.958,snap,playback,tv.danmaku.bili,discharging,1,39.2,48.7,85,95,0,18.2,0.36,0.54,8,4.009,1.252,5.0192676,33057,14917,0,-,2
23:33:04.958,snap,playback,tv.danmaku.bili,discharging,1,39.2,51.7,85,95,0,18.2,0.36,0.54,7,4.01,1.088,4.3628807,33057,14917,0,-,2
23:33:05.959,snap,playback,tv.danmaku.bili,discharging,1,39.1,54.7,85,95,0,19.61,0.29,0.62,15,4.006,1.164,4.6629844,24600,13091,0,-,2
23:33:06.959,snap,playback,tv.danmaku.bili,discharging,1,39.1,56.8,85,95,0,19.61,0.29,0.62,14,4.023,0.846,3.4034579,24600,13091,0,-,2
23:33:07.959,snap,playback,tv.danmaku.bili,discharging,1,39.1,54.4,85,95,0,19.86,0.24,0.51,12,4.003,0.802,3.2104058,22021,14351,0,-,2
23:33:08.959,snap,playback,tv.danmaku.bili,discharging,1,39.1,52.4,85,95,0,19.86,0.24,0.51,12,4.003,0.802,3.2104058,22021,14351,0,-,2
23:33:09.959,snap,playback,tv.danmaku.bili,discharging,1,39.1,51.7,85,95,0,19.86,0.24,0.51,12,4.029,0.736,2.965344,18450,11951,0,-,2
23:33:10.959,snap,playback,tv.danmaku.bili,discharging,1,39.1,51.3,85,95,0,19.7,0.19,0.41,7,4.01,0.724,2.90324,18450,11951,0,-,2
23:33:11.960,snap,playback,tv.danmaku.bili,discharging,1,39.1,51.3,85,95,0,19.7,0.19,0.41,13,4.028,0.762,3.069336,18542,11165,0,-,2
23:33:12.960,snap,playback,tv.danmaku.bili,discharging,1,39.1,48.9,85,95,0,19.03,0.16,0.34,0,4.039,0.482,1.946798,18542,11165,0,-,2
23:33:13.960,snap,playback,tv.danmaku.bili,discharging,1,39.1,48.5,85,95,0,19.03,0.16,0.34,0,4.045,0.416,1.6827201,9107,4145,0,-,2
23:33:14.960,snap,playback,tv.danmaku.bili,discharging,1,39.1,48.5,85,95,0,17.58,0.13,0.28,0,4.044,0.378,1.528632,9107,4145,0,-,2
23:33:15.961,snap,playback,tv.danmaku.bili,discharging,1,39.1,47.7,85,95,0,17.58,0.13,0.28,16,4.033,0.466,1.879378,10653,6003,0,-,2
23:33:16.961,snap,playback,tv.danmaku.bili,discharging,1,39.1,47.7,85,95,0,16.75,0.1,0.22,16,4.038,0.616,2.4874082,10653,6003,0,-,2
23:33:17.961,snap,playback,tv.danmaku.bili,discharging,1,39.1,47.7,85,95,0,16.75,0.1,0.22,10,4.037,0.57,2.30109,15061,8046,0,-,2
23:33:18.962,snap,playback,tv.danmaku.bili,discharging,1,39.1,47.7,85,95,0,16.79,0.08,0.18,0,4.04,0.524,2.11696,15061,8046,0,-,2
23:33:19.962,snap,playback,tv.danmaku.bili,discharging,1,39.1,47.7,85,95,0,16.79,0.08,0.18,7,4.043,0.498,2.0134141,12605,7392,0,-,2
23:33:20.963,snap,playback,tv.danmaku.bili,discharging,1,39.1,47.7,85,95,0,16.28,0.07,0.15,3,4.043,0.474,1.9163821,12605,7392,0,-,2
23:33:21.963,snap,playback,tv.danmaku.bili,discharging,1,39.1,47.7,85,95,0,16.28,0.07,0.15,3,4.039,0.482,1.946798,10529,5733,0,-,2
23:33:22.964,snap,playback,tv.danmaku.bili,discharging,1,39.1,47.3,85,95,0,15.69,0.05,0.12,3,4.037,0.586,2.3656821,10529,5733,0,-,2
23:33:23.963,snap,playback,tv.danmaku.bili,discharging,1,39.1,47.3,85,95,0,15.69,0.05,0.12,9,4.042,0.484,1.9563279,12081,6880,0,-,2
23:33:24.963,snap,playback,tv.danmaku.bili,discharging,1,39.1,47.3,85,95,0,15.38,0.04,0.1,5,4.045,0.466,1.88497,12081,6880,0,-,2
23:33:25.963,snap,playback,tv.danmaku.bili,discharging,1,39.1,49.3,85,95,0,15.38,0.04,0.1,6,4.022,0.714,2.871708,12910,6748,0,-,2
23:33:26.963,snap,playback,tv.danmaku.bili,discharging,1,39.1,50.1,85,95,0,15.31,0.03,0.08,18,4.025,0.658,2.6484501,12910,6748,0,-,2
23:33:27.964,snap,playback,tv.danmaku.bili,discharging,1,39.1,51.7,85,95,0,15.31,0.03,0.08,21,3.979,1.116,4.440564,21629,11648,0,-,2
23:33:28.964,snap,playback,tv.danmaku.bili,discharging,1,39.1,52.1,85,95,0,17.97,0.21,0.43,9,3.999,1.202,4.806798,21629,11648,0,-,2
23:33:29.964,snap,playback,tv.danmaku.bili,discharging,1,39.1,52.1,85,95,0,17.97,0.21,0.43,4,4,0.846,3.384,26153,14621,0,-,2
23:33:30.987,snap,playback,tv.danmaku.bili,discharging,1,39.1,52.1,85,95,0,18.34,0.17,0.53,0,4.04,0.472,1.90688,26153,14621,0,-,2
23:33:31.985,snap,playback,tv.danmaku.bili,discharging,1,39.1,54,85,95,0,18.34,0.17,0.53,6,4.014,0.916,3.676824,20308,10261,0,-,2
23:33:32.985,snap,playback,tv.danmaku.bili,discharging,1,39.1,54,85,95,0,19.72,0.14,0.43,5,4.021,0.798,3.2087579,20308,10261,0,-,2
23:33:33.986,snap,playback,tv.danmaku.bili,discharging,1,39.1,51.3,85,95,0,19.72,0.14,0.43,7,4.023,0.654,2.6310418,18502,11033,0,-,2
23:33:34.986,snap,playback,tv.danmaku.bili,discharging,1,39.1,51.3,85,95,0,19.05,0.11,0.35,11,4.002,1.048,4.1940956,18502,11033,0,-,2
23:33:35.986,snap,playback,tv.danmaku.bili,discharging,1,39.1,51.7,85,95,0,19.05,0.11,0.35,11,4.022,0.85,3.4187,23925,11024,0,-,2
23:33:36.986,snap,playback,tv.danmaku.bili,discharging,1,39.1,51.7,85,95,0,20.85,0.09,0.29,0,4.039,0.42,1.69638,23925,11024,0,-,2
23:33:37.987,snap,playback,tv.danmaku.bili,discharging,1,39.1,48.9,85,95,0,20.85,0.09,0.29,0,4.039,0.414,1.6721461,9221,3128,0,-,2
23:33:38.987,snap,playback,tv.danmaku.bili,discharging,1,39.1,48.1,85,95,0,18.52,0.07,0.23,0,4.043,0.414,1.6738021,9221,3128,0,-,2
23:33:39.991,snap,playback,tv.danmaku.bili,discharging,1,39.1,48.1,85,95,0,16.98,0.06,0.19,0,4.039,0.414,1.6721461,8978,3413,0,-,2
23:33:40.988,snap,playback,tv.danmaku.bili,discharging,1,39.1,47.7,85,95,0,16.98,0.06,0.19,0,4.045,0.324,1.31058,8978,3413,0,-,2
23:33:41.990,snap,playback,tv.danmaku.bili,discharging,1,39.1,47.3,85,95,0,16.07,0.05,0.16,0,4.045,0.324,1.31058,7291,3328,0,-,2
23:33:42.990,snap,playback,tv.danmaku.bili,discharging,1,39.1,46.5,85,95,0,16.07,0.05,0.16,0,4.042,0.372,1.503624,7291,3328,0,-,2
23:33:43.990,snap,playback,tv.danmaku.bili,discharging,1,39.1,46.5,85,95,0,16.07,0.05,0.16,0,4.047,0.33,1.33551,8128,3099,0,-,2
23:33:44.990,snap,playback,tv.danmaku.bili,discharging,1,39.1,46.5,85,95,0,15.33,0.04,0.13,0,4.035,0.48,1.9367999,8128,3099,0,-,2
23:33:45.990,snap,playback,tv.danmaku.bili,discharging,1,39.1,46.5,85,95,0,15.33,0.04,0.13,0,4.044,0.366,1.4801041,7967,2702,0,-,2
23:33:46.991,snap,playback,tv.danmaku.bili,discharging,1,39.1,46.1,85,95,0,14,0.03,0.1,0,4.028,0.472,1.9012159,7967,2702,0,-,2
23:33:47.991,snap,playback,tv.danmaku.bili,discharging,1,39.1,46.1,85,95,0,14,0.03,0.1,0,4.044,0.356,1.4396641,7693,2547,0,-,2
23:33:48.991,snap,playback,tv.danmaku.bili,discharging,1,39.1,45.7,85,95,0,12.73,0.02,0.08,0,4.045,0.378,1.5290099,7693,2547,0,-,2
23:33:49.991,snap,playback,tv.danmaku.bili,discharging,1,39.1,45.7,85,95,0,12.73,0.02,0.08,0,4.045,0.272,1.1002401,7632,3199,0,-,2
23:33:50.992,snap,playback,tv.danmaku.bili,discharging,1,39,45.7,85,95,0,12.6,0.02,0.07,0,4.044,0.34,1.3749601,7632,3199,0,-,2
23:33:51.992,snap,playback,tv.danmaku.bili,discharging,1,39,45.3,85,95,0,12.6,0.02,0.07,0,4.038,0.346,1.397148,6847,3001,0,-,2
23:33:52.993,snap,playback,tv.danmaku.bili,discharging,1,39,45.3,85,95,0,12.49,0.01,0.05,0,4.04,0.374,1.51096,6847,3001,0,-,2
23:33:53.993,snap,playback,tv.danmaku.bili,discharging,1,39,47.3,85,95,0,12.49,0.01,0.05,13,4.019,0.586,2.3551342,12446,6287,0,-,2
23:33:54.993,snap,playback,tv.danmaku.bili,discharging,1,39,47.7,85,95,0,13.31,0.01,0.04,16,4.018,0.762,3.061716,12446,6287,0,-,2
23:33:55.993,snap,playback,tv.danmaku.bili,discharging,1,39,47.7,85,95,0,13.31,0.01,0.04,16,4.025,0.572,2.3023002,12929,6836,0,-,2
23:33:56.993,snap,playback,tv.danmaku.bili,discharging,1,39,47.7,85,95,0,13.25,0.01,0.03,0,4.048,0.336,1.3601279,12929,6836,0,-,2
23:33:57.995,snap,playback,tv.danmaku.bili,discharging,1,39,47.3,85,95,0,13.25,0.01,0.03,14,4.023,0.726,2.920698,11512,4978,0,-,2
23:33:58.994,snap,playback,tv.danmaku.bili,discharging,1,39,48.1,85,95,0,13.02,0,0.03,16,4.009,0.664,2.6619759,11512,4978,0,-,2
23:33:59.995,snap,playback,tv.danmaku.bili,discharging,1,39,48.1,85,95,0,13.02,0,0.03,0,4.024,0.83,3.33992,13640,8140,0,-,2
23:34:01.018,snap,playback,tv.danmaku.bili,discharging,1,39,48.5,85,95,0,13.2,0,0.02,15,3.996,0.706,2.8211758,13640,8140,0,-,2
23:34:02.018,snap,playback,tv.danmaku.bili,discharging,1,39,48.5,85,95,0,13.2,0,0.02,0,4.037,0.456,1.840872,11233,5415,0,-,2
23:34:03.018,snap,playback,tv.danmaku.bili,discharging,1,39,48.9,85,95,0,14.07,0,0.02,0,4.013,0.682,2.736866,11233,5415,0,-,2
23:34:04.021,snap,playback,tv.danmaku.bili,discharging,1,39,48.9,85,95,0,14.07,0,0.02,13,3.999,0.95,3.79905,15365,9883,0,-,2
23:34:05.019,snap,playback,tv.danmaku.bili,discharging,1,39,48.9,85,95,0,14.78,0,0.01,17,4.013,0.87,3.4913101,15365,9883,0,-,2
23:34:06.019,snap,playback,tv.danmaku.bili,discharging,1,39,50.5,85,95,0,14.78,0,0.01,13,4.009,0.682,2.7341378,16988,10179,0,-,2
23:34:07.020,snap,playback,tv.danmaku.bili,discharging,1,39,48.9,85,95,0,15.18,0,0.01,13,4.02,0.782,3.14364,16988,10179,0,-,2
23:34:08.022,snap,playback,tv.danmaku.bili,discharging,1,39,50.5,85,95,0,15.18,0,0.01,15,4.032,0.502,2.0240638,11778,6512,0,-,2
23:34:09.022,snap,playback,tv.danmaku.bili,discharging,1,39,48.1,85,95,0,14.97,0,0.01,0,4.037,0.666,2.6886423,11778,6512,0,-,2
23:34:10.022,snap,playback,tv.danmaku.bili,discharging,1,39,47.7,85,95,0,15.15,0,0,0,4.022,0.624,2.509728,12842,7634,0,-,2
23:34:11.022,snap,playback,tv.danmaku.bili,discharging,1,39,47.7,85,95,0,15.15,0,0,0,4.022,0.624,2.509728,12842,7634,0,-,2
23:34:12.023,snap,playback,tv.danmaku.bili,discharging,1,39,47.7,85,95,0,15.15,0,0,0,4.041,0.416,1.681056,7259,3339,0,-,2
23:34:13.025,snap,playback,tv.danmaku.bili,discharging,1,39,47.7,85,95,0,14.58,0,0,0,4.033,0.474,1.9116421,7259,3339,0,-,2
23:34:14.026,snap,playback,tv.danmaku.bili,discharging,1,39,50.7,85,95,0,14.58,0,0,13,3.959,1.526,6.0414343,30716,13418,0,-,2
23:34:15.026,snap,playback,tv.danmaku.bili,discharging,1,39,53.7,85,95,0,21,0.18,0.36,9,3.986,1.488,5.931168,30716,13418,0,-,2
23:34:16.026,snap,playback,tv.danmaku.bili,discharging,1,39,54,85,95,0,21,0.18,0.36,6,4.007,0.884,3.542188,15873,8926,0,-,2
23:34:17.026,snap,playback,tv.danmaku.bili,discharging,1,39,52.8,85,95,0,20.27,0.14,0.3,8,4.01,0.902,3.6170201,15873,8926,0,-,2
23:34:18.026,snap,playback,tv.danmaku.bili,discharging,1,39,52.8,85,95,0,20.27,0.14,0.3,8,4.011,0.918,3.6820982,20963,12574,0,-,2
23:34:19.027,snap,playback,tv.danmaku.bili,discharging,1,39,53.6,85,95,0,20.76,0.12,0.24,8,3.98,1.112,4.42576,20963,12574,0,-,2
23:34:20.027,snap,playback,tv.danmaku.bili,discharging,1,39,53.6,85,95,0,20.76,0.12,0.24,39,4.005,0.91,3.6445503,23040,15816,0,-,2
23:34:21.028,snap,playback,tv.danmaku.bili,discharging,1,38.9,52.1,85,95,0,21.17,0.09,0.2,35,4.007,0.944,3.782608,23040,15816,0,-,2
23:34:22.028,snap,playback,tv.danmaku.bili,discharging,1,38.9,52.1,85,95,0,21.17,0.09,0.2,38,4.009,0.866,3.471794,20897,14071,0,-,2
23:34:23.028,snap,playback,tv.danmaku.bili,discharging,1,38.9,52.1,85,95,0,20.59,0.08,0.16,38,4.005,0.88,3.5244,20897,14071,0,-,2
23:34:24.029,snap,playback,tv.danmaku.bili,discharging,1,38.9,51.7,85,95,0,20.59,0.08,0.16,21,4.012,0.844,3.386128,20897,14071,0,-,2
23:34:25.029,snap,playback,tv.danmaku.bili,discharging,1,38.9,51.7,85,95,0,21.21,0.06,0.13,10,4.01,0.85,3.4085002,22741,13236,0,-,2
23:34:26.030,snap,playback,tv.danmaku.bili,discharging,1,38.9,51.7,85,95,0,21.21,0.06,0.13,10,4.012,0.776,3.1133122,22741,13236,0,-,2
23:34:27.029,snap,playback,tv.danmaku.bili,discharging,1,38.9,51.3,85,95,0,20.81,0.05,0.11,9,4.018,0.764,3.069752,19200,11701,0,-,2
23:34:28.030,snap,playback,tv.danmaku.bili,discharging,1,38.9,51.3,85,95,0,20.81,0.05,0.11,10,4.017,0.724,2.908308,19200,11701,0,-,2
23:34:29.030,snap,playback,tv.danmaku.bili,discharging,1,38.9,50.9,85,95,0,20.12,0.04,0.09,10,4.011,0.776,3.1125362,21151,11888,0,-,2
23:34:30.031,snap,playback,tv.danmaku.bili,discharging,1,38.9,50.5,85,95,0,20.12,0.04,0.09,9,4.022,0.63,2.53386,21151,11888,0,-,2
23:34:31.032,snap,playback,tv.danmaku.bili,discharging,1,38.9,50.5,85,95,0,19.01,0.03,0.07,10,4.02,0.65,2.613,17666,10523,0,-,2
23:34:32.033,snap,playback,tv.danmaku.bili,discharging,1,38.9,50.5,85,95,0,19.01,0.03,0.07,10,4.014,0.686,2.753604,17666,10523,0,-,2
23:34:33.032,snap,playback,tv.danmaku.bili,discharging,1,38.9,50.1,85,95,0,18.1,0.02,0.06,10,4.019,0.702,2.8213382,18432,11045,0,-,2
23:34:34.032,snap,playback,tv.danmaku.bili,discharging,1,38.9,50.5,85,95,0,18.1,0.02,0.06,9,4.02,0.67,2.6934001,18432,11045,0,-,2
23:34:35.032,snap,playback,tv.danmaku.bili,discharging,1,38.9,50.1,85,95,0,17.9,0.02,0.04,11,4.016,0.78,3.1324797,18862,12189,0,-,2
23:34:36.033,snap,playback,tv.danmaku.bili,discharging,1,38.9,50.1,85,95,0,17.9,0.02,0.04,10,4.018,0.67,2.6920602,18862,12189,0,-,2
23:34:37.033,snap,playback,tv.danmaku.bili,discharging,1,38.9,50.1,85,95,0,17.55,0.01,0.03,9,4.021,0.678,2.7262378,17880,11476,0,-,2
23:34:38.033,snap,playback,tv.danmaku.bili,discharging,1,38.9,49.7,85,95,0,17.55,0.01,0.03,11,4.017,0.674,2.7074583,17880,11476,0,-,2
23:34:39.033,snap,playback,tv.danmaku.bili,discharging,1,38.9,49.7,85,95,0,17.27,0.01,0.03,10,4.022,0.622,2.5016837,17562,11130,0,-,2
23:34:40.034,snap,playback,tv.danmaku.bili,discharging,1,38.9,49.7,85,95,0,17.27,0.01,0.03,9,4.015,0.694,2.7864099,17562,11130,0,-,2
23:34:41.034,snap,playback,tv.danmaku.bili,discharging,1,38.9,50.1,85,95,0,17.22,0.01,0.02,11,4.011,0.66,2.6472602,17716,11489,0,-,2
23:34:42.035,snap,playback,tv.danmaku.bili,discharging,1,38.9,50.1,85,95,0,17.22,0.01,0.02,10,4.007,0.678,2.7167459,17716,11489,0,-,2
23:34:43.034,snap,playback,tv.danmaku.bili,discharging,1,38.9,50.1,85,95,0,17.18,0,0.02,9,4.008,0.692,2.7735357,17957,11303,0,-,2
23:34:44.038,snap,playback,tv.danmaku.bili,discharging,1,38.9,50.1,85,95,0,17.18,0,0.02,10,4.005,0.8,3.2040002,17957,11303,0,-,2
23:34:45.038,snap,playback,tv.danmaku.bili,discharging,1,38.9,50.5,85,95,0,18.23,0,0.01,10,4.016,0.792,3.180672,22203,13391,0,-,2
23:34:46.038,snap,playback,tv.danmaku.bili,discharging,1,38.9,50.5,85,95,0,18.23,0,0.01,8,4.004,0.782,3.131128,22203,13391,0,-,2
23:34:47.038,snap,playback,tv.danmaku.bili,discharging,1,38.9,50.1,85,95,0,18.01,0,0.01,10,4.021,0.64,2.5734398,19696,11632,0,-,2
23:34:48.039,snap,playback,tv.danmaku.bili,discharging,1,38.9,50.1,85,95,0,17.64,0,0.01,9,4.021,0.64,2.5734398,19696,11632,0,-,2
23:34:49.039,snap,playback,tv.danmaku.bili,discharging,1,38.9,50.1,85,95,0,17.64,0,0.01,9,4.015,0.712,2.85868,18251,10985,0,-,2
23:34:50.040,snap,playback,tv.danmaku.bili,discharging,1,38.9,50.1,85,95,0,17.64,0,0.01,10,4.021,0.65,2.6136498,18251,10985,0,-,2
23:34:51.040,snap,playback,tv.danmaku.bili,discharging,1,38.9,50.1,85,95,0,17.53,0,0,10,4.019,0.684,2.748996,19467,11561,0,-,2
23:34:52.040,snap,playback,tv.danmaku.bili,discharging,1,38.9,50.1,85,95,0,17.53,0,0,10,4.017,0.706,2.836002,19467,11561,0,-,2
23:34:53.040,snap,playback,tv.danmaku.bili,discharging,1,38.9,50.1,85,95,0,17.61,0,0,9,4.013,0.772,3.098036,18303,11882,0,-,2
23:34:54.040,snap,playback,tv.danmaku.bili,discharging,1,38.9,50.1,85,95,0,17.61,0,0,11,4.019,0.654,2.628426,18303,11882,0,-,2
23:34:55.041,snap,playback,tv.danmaku.bili,discharging,1,38.9,50.1,85,95,0,17.5,0,0,10,4.015,0.704,2.8265598,18181,11791,0,-,2
23:34:56.041,snap,playback,tv.danmaku.bili,discharging,1,38.9,49.7,85,95,0,17.5,0,0,9,4.02,0.638,2.56476,18181,11791,0,-,2
23:34:57.041,snap,playback,tv.danmaku.bili,discharging,1,38.9,49.7,85,95,0,17.95,0,0,11,4.019,0.714,2.869566,20677,13038,0,-,2
23:34:58.042,snap,playback,tv.danmaku.bili,discharging,1,38.9,50.1,85,95,0,17.95,0,0,10,4.009,0.794,3.183146,20677,13038,0,-,2
23:34:59.042,snap,playback,tv.danmaku.bili,discharging,1,38.9,50.1,85,95,0,17.6,0,0,9,4.017,0.722,2.900274,18102,11310,0,-,2
23:35:00.041,snap,playback,tv.danmaku.bili,discharging,1,38.9,50.5,85,95,0,17.6,0,0,10,4.018,0.66,2.6518803,18102,11310,0,-,2
23:35:01.041,snap,playback,tv.danmaku.bili,discharging,1,38.9,49.7,85,95,0,17.67,0,0,11,4.008,0.704,2.821632,19894,12438,0,-,2
23:35:02.046,snap,playback,tv.danmaku.bili,discharging,1,38.9,50.1,85,95,0,17.67,0,0,8,4.016,0.696,2.7951357,19894,12438,0,-,2
23:35:03.043,snap,playback,tv.danmaku.bili,discharging,1,38.8,50.1,85,95,0,17.73,0,0,11,4.016,0.764,3.068224,20216,12425,0,-,2
23:35:04.043,snap,playback,tv.danmaku.bili,discharging,1,38.8,50.9,85,95,0,17.73,0,0,15,3.998,0.912,3.6461759,20216,12425,0,-,2
23:35:05.050,snap,playback,tv.danmaku.bili,discharging,1,38.8,50.9,85,95,0,18.68,0,0,13,4.015,0.734,2.94701,21916,14467,0,-,2
23:35:06.047,snap,playback,tv.danmaku.bili,discharging,1,38.8,50.9,85,95,0,18.68,0,0,11,4.015,0.702,2.81853,21916,14467,0,-,2
23:35:07.053,snap,playback,tv.danmaku.bili,discharging,1,38.8,50.5,85,95,0,18.56,0,0,11,4.017,0.674,2.7074583,18235,12087,0,-,2
23:35:08.050,snap,playback,tv.danmaku.bili,discharging,1,38.8,50.5,85,95,0,18.56,0,0,9,4.011,0.742,2.976162,18235,12087,0,-,2
23:35:09.049,snap,playback,tv.danmaku.bili,discharging,1,38.8,50.5,85,95,0,18.82,0,0,10,4.014,0.718,2.882052,19966,11614,0,-,2
23:35:10.049,snap,playback,tv.danmaku.bili,discharging,1,38.8,50.5,85,95,0,18.82,0,0,10,4.02,0.644,2.58888,19966,11614,0,-,2
23:35:11.050,snap,playback,tv.danmaku.bili,discharging,1,38.8,50.1,85,95,0,18.49,0,0,10,4.021,0.628,2.525188,17917,11665,0,-,2
23:35:12.050,snap,playback,tv.danmaku.bili,discharging,1,38.8,50.1,85,95,0,18.49,0,0,8,4.009,0.652,2.613868,17917,11665,0,-,2
23:35:13.051,snap,playback,tv.danmaku.bili,discharging,1,38.8,50.1,85,95,0,18.4,0,0,10,4.016,0.708,2.8433278,19334,12163,0,-,2
23:35:14.051,snap,playback,tv.danmaku.bili,discharging,1,38.8,50.1,85,95,0,18.4,0,0,10,4.015,0.756,3.0353398,19334,12163,0,-,2
23:35:15.051,snap,playback,tv.danmaku.bili,discharging,1,38.8,50.1,85,95,0,18.51,0,0,9,4.022,0.634,2.549948,19366,12232,0,-,2
23:35:16.053,snap,playback,tv.danmaku.bili,discharging,1,38.8,50.1,85,95,0,18.51,0,0,11,4.008,0.764,3.0621119,19366,12232,0,-,2
23:35:17.053,snap,playback,tv.danmaku.bili,discharging,1,38.8,50.1,85,95,0,18.78,0,0,10,4.019,0.65,2.61235,20376,12373,0,-,2
23:35:18.055,snap,playback,tv.danmaku.bili,discharging,1,38.8,50.1,85,95,0,18.78,0,0,9,4.001,0.726,2.904726,20376,12373,0,-,2
23:35:19.054,snap,playback,tv.danmaku.bili,discharging,1,38.8,50.1,85,95,0,18.63,0,0,10,4.024,0.588,2.366112,18078,11367,0,-,2
23:35:20.054,snap,playback,tv.danmaku.bili,discharging,1,38.8,50.1,85,95,0,18.63,0,0,10,4.012,0.706,2.8324718,18078,11367,0,-,2
23:35:21.054,snap,playback,tv.danmaku.bili,discharging,1,38.8,50.1,85,95,0,18.34,0,0,9,4.024,0.632,2.5431683,19285,12158,0,-,2
23:35:22.056,snap,playback,tv.danmaku.bili,discharging,1,38.8,50.1,85,95,0,18.34,0,0,10,4.003,0.8,3.2024,19285,12158,0,-,2
23:35:23.055,snap,playback,tv.danmaku.bili,discharging,1,38.8,49.7,85,95,0,18.09,0,0,10,4.023,0.586,2.357478,17639,11317,0,-,2
23:35:24.055,snap,playback,tv.danmaku.bili,discharging,1,38.8,50.5,85,95,0,18.09,0,0,10,4.014,0.676,2.713464,17639,11317,0,-,2
23:35:25.055,snap,playback,tv.danmaku.bili,discharging,1,38.8,49.7,85,95,0,17.71,0,0,9,4.014,0.676,2.713464,17483,11034,0,-,2
23:35:26.057,snap,playback,tv.danmaku.bili,discharging,1,38.8,49.7,85,95,0,17.71,0,0,9,4.017,0.654,2.627118,17483,11034,0,-,2
23:35:27.057,snap,playback,tv.danmaku.bili,discharging,1,38.8,49.3,85,95,0,17.71,0,0,10,4.007,0.714,2.860998,18924,12284,0,-,2
23:35:28.057,snap,playback,tv.danmaku.bili,discharging,1,38.8,49.3,85,95,0,17.58,0,0,10,4.016,0.57,2.28912,18924,12284,0,-,2
23:35:29.057,snap,playback,tv.danmaku.bili,discharging,1,38.8,49.3,85,95,0,17.48,0,0,8,4.009,0.694,2.7822459,17404,11228,0,-,2
23:35:30.057,snap,playback,tv.danmaku.bili,discharging,1,38.8,49.3,85,95,0,17.48,0,0,10,4.018,0.614,2.4670522,17404,11228,0,-,2
23:35:31.061,snap,playback,tv.danmaku.bili,discharging,1,38.8,49.3,85,95,0,17.21,0,0,11,4.015,0.674,2.70611,18157,11661,0,-,2
23:35:32.058,snap,playback,tv.danmaku.bili,discharging,1,38.8,49.7,85,95,0,17.21,0,0,9,4.006,0.63,2.52378,18157,11661,0,-,2
23:35:33.058,snap,playback,tv.danmaku.bili,discharging,1,38.8,49.7,85,95,0,16.99,0,0,10,4.004,0.71,2.84284,17643,11315,0,-,2
23:35:34.060,snap,playback,tv.danmaku.bili,discharging,1,38.8,49.3,85,95,0,16.99,0,0,10,4.018,0.618,2.483124,17643,11315,0,-,2
23:35:35.060,snap,playback,tv.danmaku.bili,discharging,1,38.7,49.3,85,95,0,16.99,0,0,8,4.016,0.652,2.6184318,17604,11448,0,-,2
23:35:36.060,snap,playback,tv.danmaku.bili,discharging,1,38.7,49.3,85,95,0,16.99,0,0,10,4.018,0.604,2.426872,17604,11448,0,-,2
23:35:37.065,snap,playback,tv.danmaku.bili,discharging,1,38.7,49.7,85,95,0,16.99,0,0,10,4.015,0.72,2.8908,19407,11774,0,-,2
23:35:38.066,snap,playback,tv.danmaku.bili,discharging,1,38.7,50.1,85,95,0,16.99,0,0,9,4.012,0.664,2.6639678,19407,11774,0,-,2
23:35:39.066,snap,playback,tv.danmaku.bili,discharging,1,38.7,50.1,85,95,0,18.26,0,0,10,4.017,0.67,2.6913903,18401,11733,0,-,2
23:35:40.066,snap,playback,tv.danmaku.bili,discharging,1,38.7,50.5,85,95,0,18.26,0,0,10,4.012,0.702,2.8164241,18401,11733,0,-,2
23:35:41.066,snap,playback,tv.danmaku.bili,discharging,1,38.7,50.5,85,95,0,18.03,0,0,10,4.016,0.658,2.6425278,17450,11290,0,-,2
23:35:42.067,snap,playback,tv.danmaku.bili,discharging,1,38.7,50.1,85,95,0,18.03,0,0,9,4.018,0.568,2.2822242,17450,11290,0,-,2
23:35:43.071,snap,playback,tv.danmaku.bili,discharging,1,38.7,49.3,85,95,0,18.02,0,0,10,4.019,0.672,2.700768,17450,11290,0,-,2
23:35:44.068,snap,playback,tv.danmaku.bili,discharging,1,38.7,49.3,85,95,0,18.02,0,0,9,4.018,0.622,2.499196,19467,11599,0,-,2
23:35:45.068,snap,playback,tv.danmaku.bili,discharging,1,38.7,48.9,85,95,0,18.02,0,0,10,4.016,0.654,2.626464,19467,11599,0,-,2
23:35:46.071,snap,playback,tv.danmaku.bili,discharging,1,38.7,48.9,85,95,0,18.02,0,0,11,4.017,0.598,2.4021661,18076,11566,0,-,2
23:35:47.070,snap,playback,tv.danmaku.bili,discharging,1,38.7,48.9,85,95,0,18.01,0,0,9,4.018,0.654,2.627772,18076,11566,0,-,2
23:35:48.072,snap,playback,tv.danmaku.bili,discharging,1,38.7,48.9,85,95,0,18.01,0,0,10,4.018,0.606,2.4349082,19118,11944,0,-,2
23:35:49.072,snap,playback,tv.danmaku.bili,discharging,1,38.7,49.3,85,95,0,18.01,0,0,10,4.016,0.68,2.7308798,19118,11944,0,-,2
23:35:50.073,snap,playback,tv.danmaku.bili,discharging,1,38.7,49.3,85,95,0,18.01,0,0,8,4.016,0.638,2.562208,17239,11276,0,-,2
23:35:51.073,snap,playback,tv.danmaku.bili,discharging,1,38.7,49.3,85,95,0,18.01,0,0,10,4.021,0.586,2.356306,17239,11276,0,-,2
23:35:52.073,snap,playback,tv.danmaku.bili,discharging,1,38.7,49.3,85,95,0,18.01,0,0,10,4.012,0.688,2.760256,17339,11225,0,-,2
23:35:53.073,snap,playback,tv.danmaku.bili,discharging,1,38.7,48.9,85,95,0,18.19,0,0,10,4.014,0.638,2.560932,17339,11225,0,-,2
23:35:54.075,snap,playback,tv.danmaku.bili,discharging,1,38.7,49.7,85,95,0,18.19,0,0,9,4.014,0.636,2.552904,19147,11649,0,-,2
23:35:55.074,snap,playback,tv.danmaku.bili,discharging,1,38.7,49.3,85,95,0,18.15,0,0,10,4.015,0.644,2.58566,19147,11649,0,-,2
23:35:56.074,snap,playback,tv.danmaku.bili,discharging,1,38.7,49.7,85,95,0,18.15,0,0,10,4.014,0.684,2.745576,17694,11120,0,-,2
23:35:57.079,snap,playback,tv.danmaku.bili,discharging,1,38.7,49.3,85,95,0,17.94,0,0,9,4.022,0.624,2.509728,17694,11120,0,-,2
23:35:58.075,snap,playback,tv.danmaku.bili,discharging,1,38.7,49.3,85,95,0,17.94,0,0,10,4.012,0.664,2.6639678,18300,11593,0,-,2
23:35:59.075,snap,playback,tv.danmaku.bili,discharging,1,38.7,49.3,85,95,0,17.77,0,0,10,4.01,0.644,2.5824401,18300,11593,0,-,2
23:36:00.075,snap,playback,tv.danmaku.bili,discharging,1,38.7,49.3,85,95,0,17.77,0,0,8,4.009,0.654,2.6218858,16808,10406,0,-,2
23:36:01.075,snap,playback,tv.danmaku.bili,discharging,1,38.7,49.7,85,95,0,17.09,0,0,10,4.015,0.64,2.5695999,16808,10406,0,-,2
23:36:02.076,snap,playback,tv.danmaku.bili,discharging,1,38.7,50.1,85,95,0,17.09,0,0,10,4.015,0.64,2.5695999,19084,10707,0,-,2
23:36:03.076,snap,playback,tv.danmaku.bili,discharging,1,38.7,49.7,85,95,0,17.09,0,0,10,4.004,0.7,2.8028002,19084,10707,0,-,2
23:36:04.076,snap,playback,tv.danmaku.bili,discharging,1,38.7,49.7,85,95,0,16.53,0,0,8,4.016,0.634,2.5461438,17227,10139,0,-,2
23:36:05.076,snap,playback,tv.danmaku.bili,discharging,1,38.7,49.3,85,95,0,16.53,0,0,10,4.011,0.702,2.8157222,17227,10139,0,-,2
23:36:06.076,snap,playback,tv.danmaku.bili,discharging,1,38.7,49.7,85,95,0,16.07,0,0,11,4.016,0.63,2.5300798,18154,10588,0,-,2
23:36:07.077,snap,playback,tv.danmaku.bili,discharging,1,38.7,49.7,85,95,0,15.69,0,0,10,4.004,0.756,3.027024,18154,10588,0,-,2
23:36:08.078,snap,playback,tv.danmaku.bili,discharging,1,38.7,49.7,85,95,0,15.69,0,0,9,4.013,0.706,2.8331778,18395,10780,0,-,2
23:36:09.077,snap,playback,tv.danmaku.bili,discharging,1,38.7,49.7,85,95,0,15.2,0,0,10,4.021,0.642,2.581482,18395,10780,0,-,2
23:36:10.078,snap,playback,tv.danmaku.bili,discharging,1,38.7,49.7,85,95,0,15.2,0,0,10,4.015,0.654,2.62581,17316,10579,0,-,2
23:36:11.078,snap,playback,tv.danmaku.bili,discharging,1,38.7,49.3,85,95,0,15.35,0,0,8,4.017,0.678,2.723526,17316,10579,0,-,2
23:36:12.078,snap,playback,tv.danmaku.bili,discharging,1,38.7,49.7,85,95,0,15.35,0,0,10,4.022,0.57,2.2925398,17526,11085,0,-,2
23:36:13.078,snap,playback,tv.danmaku.bili,discharging,1,38.7,49.7,85,95,0,15.28,0,0,10,4.015,0.662,2.65793,17526,11085,0,-,2
23:36:14.078,snap,playback,tv.danmaku.bili,discharging,1,38.7,49.7,85,95,0,15.28,0,0,8,4.012,0.654,2.623848,16997,11091,0,-,2
23:36:15.078,snap,playback,tv.danmaku.bili,discharging,1,38.7,49.7,85,95,0,15.41,0,0,10,4.013,0.688,2.7609441,16997,11091,0,-,2
23:36:16.082,snap,playback,tv.danmaku.bili,discharging,1,38.7,49.7,85,95,0,15.41,0,0,11,4.017,0.628,2.5226762,17313,11190,0,-,2
23:36:17.079,snap,playback,tv.danmaku.bili,discharging,1,38.7,48.9,85,95,0,15.88,0,0,9,4.014,0.662,2.657268,17313,11190,0,-,2
23:36:18.079,snap,playback,tv.danmaku.bili,discharging,1,38.7,48.9,85,95,0,15.88,0,0,10,4.012,0.628,2.519536,17079,11106,0,-,2
23:36:19.079,snap,playback,tv.danmaku.bili,discharging,1,38.7,48.9,85,95,0,16.08,0,0,11,4.017,0.66,2.6512203,17079,11106,0,-,2
23:36:20.082,snap,playback,tv.danmaku.bili,discharging,1,38.7,49.3,85,95,0,16.08,0,0,10,4.022,0.556,2.2362318,16450,10526,0,-,2
23:36:21.081,snap,playback,tv.danmaku.bili,discharging,1,38.7,49.3,85,95,0,16.07,0,0,9,4.021,0.606,2.4367259,16450,10526,0,-,2
23:36:22.083,snap,playback,tv.danmaku.bili,discharging,1,38.7,49.3,85,95,0,16.07,0,0,10,4.015,0.624,2.50536,16690,10783,0,-,2
23:36:23.085,snap,playback,tv.danmaku.bili,discharging,1,38.7,49.3,85,95,0,16.05,0,0,10,4.016,0.668,2.6826878,16690,10783,0,-,2
23:36:24.084,snap,playback,tv.danmaku.bili,discharging,1,38.7,49.3,85,95,0,16.05,0,0,9,4.016,0.624,2.5059838,16862,11265,0,-,2
23:36:25.085,snap,playback,tv.danmaku.bili,discharging,1,38.7,49.3,85,95,0,15.86,0,0,10,4.016,0.642,2.5782719,16862,11265,0,-,2
23:36:26.086,snap,playback,tv.danmaku.bili,discharging,1,38.7,49.3,85,95,0,15.86,0,0,10,4.018,0.608,2.442944,17202,11143,0,-,2
23:36:27.085,snap,playback,tv.danmaku.bili,discharging,1,38.7,48.9,85,95,0,15.89,0,0,8,4.017,0.62,2.49054,17202,11143,0,-,2
23:36:28.088,snap,playback,tv.danmaku.bili,discharging,1,38.7,48.9,85,95,0,15.89,0,0,10,4.016,0.632,2.538112,16966,11237,0,-,2
23:36:29.087,snap,playback,tv.danmaku.bili,discharging,1,38.7,48.9,85,95,0,15.91,0,0,10,4.015,0.63,2.52945,16966,11237,0,-,2
23:36:30.088,snap,playback,tv.danmaku.bili,discharging,1,38.7,49.3,85,95,0,15.91,0,0,8,3.975,0.944,3.7524,20835,12617,0,-,2
23:36:31.088,snap,playback,tv.danmaku.bili,discharging,1,38.7,50.5,85,95,0,18.28,0,0,11,3.997,0.956,3.821132,20835,12617,0,-,2
23:36:32.088,snap,playback,tv.danmaku.bili,discharging,1,38.7,50.5,85,95,0,18.28,0,0,11,4.016,0.548,2.2007678,18967,9583,0,-,2
23:36:33.088,snap,playback,tv.danmaku.bili,discharging,1,38.7,49.7,85,95,0,17.68,0,0,0,4.027,0.416,1.675232,18967,9583,0,-,2
23:36:34.088,snap,playback,tv.danmaku.bili,discharging,1,38.7,47.7,85,95,0,17.68,0,0,0,4.03,0.392,1.5797601,7561,3468,0,-,2
23:36:35.089,snap,playback,tv.danmaku.bili,discharging,1,38.7,46.9,85,95,0,16.65,0,0,0,4.032,0.354,1.427328,7561,3468,0,-,2
23:36:36.088,snap,playback,tv.danmaku.bili,discharging,1,38.7,46.9,85,95,0,16.65,0,0,0,4.026,0.408,1.6426079,7203,3330,0,-,2
23:36:37.089,snap,playback,tv.danmaku.bili,discharging,1,38.7,48.1,85,95,0,16.17,0,0,14,4.026,0.408,1.6426079,7203,3330,0,-,2
23:36:38.089,snap,playback,tv.danmaku.bili,discharging,1,38.7,48.1,85,95,0,16.17,0,0,14,3.999,0.768,3.071232,14199,7499,0,-,2
23:36:39.089,snap,playback,tv.danmaku.bili,discharging,1,38.7,46.5,85,95,0,16.17,0,0,0,4.025,0.446,1.79515,14199,7499,0,-,2
23:36:40.090,snap,playback,tv.danmaku.bili,discharging,1,38.7,46.5,85,95,0,16.86,0,0,0,4.037,0.328,1.3241361,8208,3576,0,-,2
23:36:41.090,snap,playback,tv.danmaku.bili,discharging,1,38.7,46.5,85,95,0,16.86,0,0,0,4.025,0.434,1.74685,8208,3576,0,-,2
23:36:42.090,snap,playback,tv.danmaku.bili,discharging,1,38.7,46.1,85,95,0,16.16,0,0,0,4.031,0.336,1.354416,8325,3634,0,-,2
23:36:43.091,snap,playback,tv.danmaku.bili,discharging,1,38.7,45.7,85,95,0,15.41,0,0,0,4.029,0.456,1.8372239,8325,3634,0,-,2
23:36:44.114,snap,playback,tv.danmaku.bili,discharging,1,38.7,45.7,85,95,0,15.41,0,0,0,4.034,0.326,1.315084,6241,2730,0,-,2
23:36:45.118,snap,playback,tv.danmaku.bili,discharging,1,38.7,45.3,85,95,0,14.61,0,0,0,4.032,0.35,1.4112,6241,2730,0,-,2
23:36:46.118,snap,playback,tv.danmaku.bili,discharging,1,38.7,44.9,85,95,0,14.61,0,0,0,4.033,0.366,1.476078,7199,3208,0,-,2
23:36:47.121,snap,playback,tv.danmaku.bili,discharging,1,38.7,44.9,85,95,0,14.13,0,0,0,4.037,0.34,1.37258,7199,3208,0,-,2
23:36:48.119,snap,playback,tv.danmaku.bili,discharging,1,38.7,44.9,85,95,0,14.13,0,0,0,4.035,0.328,1.32348,6406,2867,0,-,2
23:36:49.119,snap,playback,tv.danmaku.bili,discharging,1,38.7,44.9,85,95,0,13.75,0,0,0,4.034,0.378,1.5248519,6406,2867,0,-,2
23:36:50.119,snap,playback,tv.danmaku.bili,discharging,1,38.7,45.7,85,95,0,13.75,0,0,0,4.034,0.302,1.2182679,6681,2960,0,-,2
23:36:51.119,snap,playback,tv.danmaku.bili,discharging,1,38.7,45.3,85,95,0,13.07,0,0,0,4.032,0.448,1.806336,6681,2960,0,-,2
23:36:52.119,snap,playback,tv.danmaku.bili,discharging,1,38.7,45.3,85,95,0,13.07,0,0,0,4.035,0.312,1.25892,6586,2843,0,-,2
23:36:53.120,snap,playback,tv.danmaku.bili,discharging,1,38.7,45.3,85,95,0,12.69,0,0,0,4.033,0.388,1.5648041,6586,2843,0,-,2
23:36:54.119,snap,playback,tv.danmaku.bili,discharging,1,38.7,45.3,85,95,0,12.69,0,0,0,4.039,0.332,1.340948,6419,2827,0,-,2
23:36:55.120,snap,playback,tv.danmaku.bili,discharging,1,38.7,45.3,85,95,0,12.56,0,0,0,4.024,0.482,1.939568,6419,2827,0,-,2
23:36:56.121,snap,playback,tv.danmaku.bili,discharging,1,38.7,45.3,85,95,0,12.56,0,0,0,4.023,0.5,2.0115,12655,7474,0,-,2
23:36:57.122,snap,playback,tv.danmaku.bili,discharging,1,38.7,45.3,85,95,0,12.82,0,0,0,4.031,0.442,1.781702,12655,7474,0,-,2
23:36:58.120,snap,playback,tv.danmaku.bili,discharging,1,38.7,45.3,85,95,0,12.82,0,0,0,4.031,0.322,1.297982,8242,4048,0,-,2
23:36:59.121,snap,playback,tv.danmaku.bili,discharging,1,38.7,44.9,85,95,0,12.86,0,0,0,4.031,0.336,1.354416,8242,4048,0,-,2
23:37:00.122,snap,playback,tv.danmaku.bili,discharging,1,38.6,44.9,85,95,0,12.86,0,0,0,4.029,0.356,1.4343239,7456,3151,0,-,2
23:37:01.121,snap,playback,tv.danmaku.bili,discharging,1,38.6,44.6,85,95,0,12.7,0,0,0,4.035,0.34,1.3719,7456,3151,0,-,2
23:37:02.122,snap,playback,tv.danmaku.bili,discharging,1,38.6,44.9,85,95,0,12.7,0,0,0,4.038,0.29,1.17102,6525,2692,0,-,2
23:37:03.122,snap,playback,tv.danmaku.bili,discharging,1,38.6,44.6,85,95,0,12.39,0,0,0,4.033,0.34,1.37122,6525,2692,0,-,2
23:37:04.123,snap,playback,tv.danmaku.bili,discharging,1,38.6,44.9,85,95,0,12.39,0,0,0,4.016,0.452,1.8152319,7804,3265,0,-,2
23:37:05.122,snap,playback,tv.danmaku.bili,discharging,1,38.6,44.9,85,95,0,12.32,0,0,0,4.028,0.378,1.522584,7804,3265,0,-,2
23:37:06.123,snap,playback,tv.danmaku.bili,discharging,1,38.6,44.9,85,95,0,12.32,0,0,0,4.028,0.378,1.522584,9070,3327,0,-,2
23:37:07.123,snap,playback,tv.danmaku.bili,discharging,1,38.6,44.9,85,95,0,12.32,0,0,0,4.025,0.43,1.7307501,9070,3327,0,-,2
23:37:08.123,snap,playback,tv.danmaku.bili,discharging,1,38.6,45.3,85,95,0,12.62,0,0,0,4.032,0.326,1.314432,7008,3027,0,-,2
23:37:09.123,snap,playback,tv.danmaku.bili,discharging,1,38.6,45.3,85,95,0,12.62,0,0,0,4.02,0.404,1.6240801,7008,3027,0,-,2
23:37:10.124,snap,playback,tv.danmaku.bili,discharging,1,38.6,45.3,85,95,0,12.51,0,0,0,4.039,0.366,1.478274,9024,4002,0,-,2
23:37:11.124,snap,playback,tv.danmaku.bili,discharging,1,38.6,44.9,85,95,0,12.51,0,0,0,4.032,0.374,1.5079681,9024,4002,0,-,2
23:37:12.124,snap,playback,tv.danmaku.bili,discharging,1,38.6,44.9,85,95,0,12.78,0,0,0,4.029,0.344,1.385976,9096,3786,0,-,2
23:37:13.124,snap,playback,tv.danmaku.bili,discharging,1,38.6,45.3,85,95,0,13.36,0,0,0,4.032,0.494,1.9918079,9096,3786,0,-,2
23:37:14.130,snap,playback,tv.danmaku.bili,discharging,1,38.6,48.3,85,95,0,13.36,0,0,0,3.99,1.116,4.4528403,9096,3786,0,-,2
23:37:15.125,snap,playback,tv.danmaku.bili,discharging,1,38.6,51.3,85,95,0,16.92,0.36,0.36,0,4.001,0.74,2.96074,22345,8790,0,-,2
23:37:16.125,snap,playback,tv.danmaku.bili,discharging,1,38.6,51.7,85,95,0,16.92,0.36,0.36,0,4.003,0.736,2.9462078,22345,8790,0,-,2
23:37:17.125,snap,playback,tv.danmaku.bili,discharging,1,38.6,51.7,85,95,0,17.29,0.29,0.29,13,3.993,0.808,3.226344,24273,11145,0,-,2
23:37:18.126,snap,playback,tv.danmaku.bili,discharging,1,38.6,51.3,85,95,0,17.29,0.29,0.29,0,3.979,0.906,3.6049743,24273,11145,0,-,2
23:37:19.126,snap,playback,tv.danmaku.bili,discharging,1,38.6,48.5,85,95,0,17.24,0.42,0.24,0,4.028,0.486,1.957608,20439,8316,0,-,2
23:37:20.126,snap,playback,tv.danmaku.bili,discharging,1,38.6,47.3,85,95,0,17.24,0.42,0.24,0,4.027,0.378,1.522206,20439,8316,0,-,2
23:37:21.127,snap,playback,tv.danmaku.bili,discharging,1,38.6,46.5,85,95,0,16.11,0.34,0.19,0,4.033,0.348,1.403484,7988,3432,0,-,2
23:37:22.127,snap,playback,tv.danmaku.bili,discharging,1,38.5,46.1,85,95,0,16.11,0.34,0.19,0,4.033,0.36,1.4518801,7988,3432,0,-,2
23:37:23.127,snap,playback,tv.danmaku.bili,discharging,1,38.5,45.7,85,95,0,15.18,0.28,0.16,0,4.032,0.368,1.483776,7597,3258,0,-,2
23:37:24.128,snap,playback,tv.danmaku.bili,discharging,1,38.5,45.7,85,95,0,15.18,0.28,0.16,0,4.03,0.374,1.5072201,7597,3258,0,-,2
23:37:25.128,snap,playback,tv.danmaku.bili,discharging,1,38.5,45.3,85,95,0,14.6,0.23,0.13,0,4.033,0.32,1.29056,8357,3845,0,-,2
23:37:26.128,snap,playback,tv.danmaku.bili,discharging,1,38.5,45.7,85,95,0,14.6,0.23,0.13,0,4.025,0.426,1.71465,8357,3845,0,-,2
23:37:27.128,snap,playback,tv.danmaku.bili,discharging,1,38.5,45.3,85,95,0,14.49,0.18,0.1,0,4.032,0.414,1.6692481,8808,3370,0,-,2
23:37:28.129,snap,playback,tv.danmaku.bili,discharging,1,38.5,44.9,85,95,0,14.49,0.18,0.1,0,4.031,0.35,1.41085,8808,3370,0,-,2
23:37:29.129,snap,playback,tv.danmaku.bili,discharging,1,38.5,44.9,85,95,0,14.04,0.15,0.08,0,4.036,0.314,1.267304,6869,3203,0,-,2
23:37:30.129,snap,playback,tv.danmaku.bili,discharging,1,38.5,44.9,85,95,0,14.04,0.15,0.08,0,4.028,0.412,1.659536,6869,3203,0,-,2
23:37:31.130,snap,playback,tv.danmaku.bili,discharging,1,38.5,44.9,85,95,0,13.67,0.12,0.07,0,4.039,0.312,1.2601681,8865,3683,0,-,2
23:37:32.130,snap,playback,tv.danmaku.bili,discharging,1,38.5,44.9,85,95,0,13.67,0.12,0.07,0,4.031,0.38,1.53178,8865,3683,0,-,2
23:37:33.130,snap,playback,tv.danmaku.bili,discharging,1,38.5,44.6,85,95,0,13,0.1,0.05,0,4.038,0.316,1.2760081,6610,2864,0,-,2
23:37:34.131,snap,playback,tv.danmaku.bili,discharging,1,38.5,44.9,85,95,0,13,0.1,0.05,0,4.031,0.384,1.547904,6610,2864,0,-,2
23:37:35.131,snap,playback,tv.danmaku.bili,discharging,1,38.5,44.2,85,95,0,12.82,0.08,0.04,0,4.031,0.384,1.547904,8061,3051,0,-,2
23:37:36.131,snap,playback,tv.danmaku.bili,discharging,1,38.5,44.2,85,95,0,12.82,0.08,0.04,0,4.032,0.352,1.419264,8061,3051,0,-,2
23:37:37.132,snap,playback,tv.danmaku.bili,discharging,1,38.5,44.2,85,95,0,12.82,0.08,0.04,0,4.027,0.356,1.433612,6984,2982,0,-,2
23:37:38.132,snap,playback,tv.danmaku.bili,discharging,1,38.5,44.2,85,95,0,12.67,0.06,0.03,0,4.032,0.332,1.338624,6984,2982,0,-,2
23:37:39.132,snap,playback,tv.danmaku.bili,discharging,1,38.5,44.2,85,95,0,12.67,0.06,0.03,0,4.033,0.36,1.4518801,8099,3472,0,-,2
23:37:40.133,snap,playback,tv.danmaku.bili,discharging,1,38.5,44.6,85,95,0,12.55,0.05,0.03,0,4.03,0.354,1.4266201,8099,3472,0,-,2
23:37:41.133,snap,playback,tv.danmaku.bili,discharging,1,38.5,44.6,85,95,0,12.55,0.05,0.03,0,4.034,0.366,1.476444,8345,3257,0,-,2
23:37:42.133,snap,playback,tv.danmaku.bili,discharging,1,38.5,44.6,85,95,0,12.81,0.04,0.02,0,4.031,0.318,1.281858,8345,3257,0,-,2
23:37:43.133,snap,playback,tv.danmaku.bili,discharging,1,38.4,44.6,85,95,0,12.66,0.03,0.02,0,4.034,0.336,1.3554239,7456,3271,0,-,2
23:37:44.133,snap,playback,tv.danmaku.bili,discharging,1,38.4,44.6,85,95,0,12.66,0.03,0.02,0,4.031,0.338,1.362478,7456,3271,0,-,2
23:37:45.134,snap,playback,tv.danmaku.bili,discharging,1,38.4,44.6,85,95,0,12.54,0.03,0.01,0,4.023,0.476,1.914948,8130,3650,0,-,2
23:37:46.134,snap,playback,tv.danmaku.bili,discharging,1,38.4,44.6,85,95,0,12.54,0.03,0.01,0,4.033,0.358,1.443814,8130,3650,0,-,2
23:37:47.134,snap,playback,tv.danmaku.bili,discharging,1,38.4,44.6,85,95,0,12.62,0.02,0.01,0,4.037,0.322,1.299914,8279,3367,0,-,2
23:37:48.134,snap,playback,tv.danmaku.bili,discharging,1,38.4,44.2,85,95,0,12.62,0.02,0.01,0,4.031,0.324,1.3060441,8279,3367,0,-,2
23:37:49.135,snap,playback,tv.danmaku.bili,discharging,1,38.4,44.2,85,95,0,12.69,0.01,0.01,0,4.032,0.354,1.427328,7132,3127,0,-,2
23:37:50.135,snap,playback,tv.danmaku.bili,discharging,1,38.4,44.2,85,95,0,12.69,0.01,0.01,0,4.031,0.342,1.378602,7132,3127,0,-,2
23:37:51.135,snap,playback,tv.danmaku.bili,discharging,1,38.4,44.2,85,95,0,12.75,0.01,0,0,4.029,0.344,1.385976,8945,3398,0,-,2
23:37:52.135,snap,playback,tv.danmaku.bili,discharging,1,38.4,44.2,85,95,0,12.75,0.01,0,0,4.037,0.336,1.3564321,8945,3398,0,-,2
23:37:53.135,snap,playback,tv.danmaku.bili,discharging,1,38.4,44.2,85,95,0,12.61,0.01,0,0,4.031,0.364,1.467284,7223,3187,0,-,2
23:37:54.135,snap,playback,tv.danmaku.bili,discharging,1,38.4,44.2,85,95,0,12.61,0.01,0,0,4.033,0.362,1.4599459,7223,3187,0,-,2
23:37:55.136,snap,playback,tv.danmaku.bili,discharging,1,38.4,44.2,85,95,0,12.5,0.01,0,0,4.036,0.376,1.5175358,7268,3139,0,-,2
23:37:56.136,snap,playback,tv.danmaku.bili,discharging,1,38.4,44.6,85,95,0,12.5,0.01,0,0,4.037,0.346,1.396802,7268,3139,0,-,2
23:37:57.136,snap,playback,tv.danmaku.bili,discharging,1,38.4,44.6,85,95,0,12.59,0,0,0,4.03,0.42,1.6926,9247,3803,0,-,2
23:37:58.137,snap,playback,tv.danmaku.bili,discharging,1,38.4,44.6,85,95,0,12.59,0,0,0,4.032,0.364,1.467648,9247,3803,0,-,2
23:37:59.137,snap,playback,tv.danmaku.bili,discharging,1,38.4,44.6,85,95,0,12.3,0,0,0,4.03,0.416,1.6764802,7322,2889,0,-,2
23:38:00.138,snap,playback,tv.danmaku.bili,discharging,1,38.4,44.6,85,95,0,12.3,0,0,0,4.027,0.392,1.578584,7322,2889,0,-,2
23:38:01.138,snap,playback,tv.danmaku.bili,discharging,1,38.4,44.2,85,95,0,12.24,0,0,0,4.033,0.35,1.4115499,7793,3458,0,-,2
23:38:02.138,snap,playback,tv.danmaku.bili,discharging,1,38.4,44.6,85,95,0,12.24,0,0,0,4.034,0.352,1.419968,7793,3458,0,-,2
23:38:03.139,snap,playback,tv.danmaku.bili,discharging,1,38.4,44.2,85,95,0,12.02,0,0,0,4.034,0.352,1.419968,7367,3172,0,-,2
23:38:04.140,snap,playback,tv.danmaku.bili,discharging,1,38.4,44.6,85,95,0,12.02,0,0,0,4.038,0.304,1.2275519,7367,3172,0,-,2
23:38:05.140,snap,playback,tv.danmaku.bili,discharging,1,38.4,44.2,85,95,0,12.02,0,0,0,4.031,0.38,1.53178,6727,2921,0,-,2
23:38:06.140,snap,playback,tv.danmaku.bili,discharging,1,38.4,44.2,85,95,0,11.83,0,0,0,4.036,0.342,1.380312,6727,2921,0,-,2
23:38:07.140,snap,playback,tv.danmaku.bili,discharging,1,38.4,44.2,85,95,0,11.83,0,0,0,4.027,0.332,1.3369639,8106,3128,0,-,2
23:38:08.140,snap,playback,tv.danmaku.bili,discharging,1,38.4,44.2,85,95,0,12.59,0,0,0,4.032,0.382,1.5402241,8106,3128,0,-,2
23:38:09.140,snap,playback,tv.danmaku.bili,discharging,1,38.4,45.3,85,95,0,12.59,0,0,0,3.99,0.592,2.36208,12171,5462,0,-,2
23:38:10.140,snap,playback,tv.danmaku.bili,discharging,1,38.4,47.3,85,95,0,12.84,0,0,0,4.02,0.48,1.9296,12171,5462,0,-,2
23:38:11.140,snap,playback,tv.danmaku.bili,discharging,1,38.4,46.1,85,95,0,12.84,0,0,0,4.004,0.71,2.84284,16011,8093,0,-,2
23:38:12.140,snap,playback,tv.danmaku.bili,discharging,1,38.4,46.9,85,95,0,13.23,0,0,0,4.014,0.604,2.424456,16011,8093,0,-,2
23:38:13.141,snap,playback,tv.danmaku.bili,discharging,1,38.4,46.1,85,95,0,13.01,0,0,0,4.006,0.748,2.996488,12817,6445,0,-,2
23:38:14.141,snap,playback,tv.danmaku.bili,discharging,1,38.4,45.7,85,95,0,13.01,0,0,0,4.021,0.514,2.066794,12817,6445,0,-,2
23:38:15.142,snap,playback,tv.danmaku.bili,discharging,1,38.3,45.7,85,95,0,12.82,0,0,0,4.02,0.584,2.3476799,11572,6070,0,-,2
23:38:16.142,snap,playback,tv.danmaku.bili,discharging,1,38.3,45.7,85,95,0,12.82,0,0,0,4.013,0.574,2.303462,11572,6070,0,-,2
23:38:17.142,snap,playback,tv.danmaku.bili,discharging,1,38.3,46.5,85,95,0,13.04,0,0,0,4.018,0.56,2.25008,12283,6592,0,-,2
23:38:18.142,snap,playback,tv.danmaku.bili,discharging,1,38.3,49.5,85,95,0,13.04,0,0,14,3.958,1.072,4.242976,12283,6592,0,-,3
23:38:19.142,snap,playback,tv.danmaku.bili,discharging,1,38.3,50.9,85,95,0,20.09,0.9,1.44,12,3.966,1.392,5.520672,38190,11842,0,-,3
23:38:20.142,snap,playback,tv.danmaku.bili,discharging,1,38.3,50.9,85,95,0,20.09,0.9,1.44,12,4.011,0.73,2.9280303,38190,11842,0,-,3
23:38:21.188,snap,playback,tv.danmaku.bili,discharging,1,38.3,48.1,85,95,0,26.96,0.92,2.09,0,4.025,0.382,1.5375501,11191,2603,0,-,4
23:38:22.188,snap,playback,tv.danmaku.bili,discharging,1,38.3,46.9,85,95,0,26.96,0.92,2.09,0,4.02,0.498,2.00196,11191,2603,0,-,4
23:38:23.188,snap,playback,tv.danmaku.bili,discharging,1,38.3,46.9,85,95,0,25.52,1.11,1.71,0,4.028,0.34,1.36952,8505,3077,0,-,3
23:38:24.190,snap,playback,tv.danmaku.bili,discharging,1,38.3,46.1,85,95,0,25.52,1.11,1.71,9,4.019,0.562,2.258678,8505,3077,0,-,3
23:38:25.190,snap,playback,tv.danmaku.bili,discharging,0,38.3,45.7,85,95,0,24.52,1.09,1.4,0,4.02,0.464,1.8652799,11503,4304,0,-,1
23:38:26.190,snap,playback,tv.danmaku.bili,discharging,0,38.3,45.7,85,95,0,24.52,1.09,1.4,0,4.035,0.336,1.35576,11503,4304,0,-,1
23:38:27.191,snap,playback,tv.danmaku.bili,discharging,0,38.3,44.6,85,95,0,23.15,0.89,1.14,0,4.031,0.26,1.0480599,4698,1354,0,-,1
23:38:28.193,snap,playback,tv.danmaku.bili,discharging,0,38.3,44.6,85,95,0,23.15,0.89,1.14,0,4.034,0.278,1.121452,4698,1354,0,-,1
23:38:29.194,snap,playback,tv.danmaku.bili,discharging,0,38.3,44.2,85,95,0,21.68,0.73,0.93,0,4.044,0.188,0.760272,6426,2432,0,-,1
23:38:30.473,snap,playback,tv.danmaku.bili,discharging,0,38.3,44.2,85,95,0,21.68,0.73,0.93,0,4.042,0.202,0.816484,6426,2432,0,-,1
23:38:31.474,snap,playback,tv.danmaku.bili,discharging,0,38.3,44.2,85,95,0,20.65,0.78,0.95,0,4.034,0.384,1.5490559,11711,4743,0,-,1
23:38:32.476,snap,playback,tv.danmaku.bili,discharging,0,38.3,44.2,85,95,0,20.65,0.78,0.95,0,4.04,0.244,0.98576,11711,4743,0,-,1
23:38:33.801,snap,playback,tv.danmaku.bili,discharging,0,38.3,44.2,85,95,0,18.72,0.64,1.5,0,4.04,0.244,0.98576,3068,929,0,-,1
23:38:38.458,snap,playback,tv.danmaku.bili,discharging,0,38.3,43.4,85,95,0,17.86,0.7,1.23,0,4.04,0.184,0.74336,3068,929,0,-,1
23:38:39.459,snap,playback,tv.danmaku.bili,discharging,0,38.3,43.4,85,95,0,17.86,0.7,1.23,0,4.05,0.074,0.29970002,14132,6231,0,-,1
23:38:41.752,snap,playback,tv.danmaku.bili,discharging,0,38.2,42.6,85,95,0,17.86,0.7,1.23,0,4.03,0.318,1.28154,14132,6231,0,-,1
23:38:45.409,snap,playback,tv.danmaku.bili,discharging,0,38.2,42.6,85,95,0,17.7,0.94,1,0,4.037,0.176,0.71051204,11592,5288,0,-,1
23:38:47.316,snap,playback,tv.danmaku.bili,discharging,0,38.2,41.8,85,95,0,17.7,0.94,1,0,4.042,0.106,0.428452,11592,5288,0,-,1
23:38:48.317,snap,playback,tv.danmaku.bili,discharging,0,38.2,41.8,85,95,0,17.58,0.95,0.82,0,4.037,0.31,1.2514701,9244,3223,0,-,1
23:38:49.317,snap,playback,tv.danmaku.bili,discharging,0,38.2,41.8,85,95,0,17.58,0.95,0.82,0,4.044,0.166,0.671304,9244,3223,0,-,1
23:38:50.318,snap,playback,tv.danmaku.bili,discharging,0,38.2,41.8,85,95,0,15.84,0.77,0.67,0,4.04,0.19,0.7676,2705,725,0,-,1
23:38:51.318,snap,playback,tv.danmaku.bili,discharging,0,38.2,41.4,85,95,0,15.84,0.77,0.67,0,4.04,0.22,0.88879997,2705,725,0,-,1
23:38:55.418,snap,playback,tv.danmaku.bili,discharging,0,38.2,41.4,85,95,0,14.78,0.63,0.55,0,4.04,0.212,0.85648,5677,2190,0,-,1
23:38:57.098,snap,playback,tv.danmaku.bili,discharging,0,38.2,41.4,85,95,0,14.78,0.63,0.55,0,4.047,0.096,0.388512,5677,2190,0,-,1
23:38:58.179,snap,playback,tv.danmaku.bili,discharging,0,38.2,41.4,85,95,0,15,0.7,0.45,0,4.05,0.126,0.51030004,11780,5428,0,-,1
23:38:59.179,snap,playback,tv.danmaku.bili,discharging,0,38.1,41.8,85,95,0,15,0.7,0.45,0,4.035,0.296,1.19436,11780,5428,0,-,1
23:39:01.132,snap,playback,tv.danmaku.bili,discharging,0,38.1,42.2,85,95,0,15,0.93,0.37,0,4.039,0.204,0.823956,5566,2370,0,-,1
23:39:03.755,snap,playback,tv.danmaku.bili,discharging,0,38.1,41.8,85,95,0,15,0.93,0.37,0,4.051,0.096,0.38889602,5566,2370,0,-,1
23:39:05.213,snap,playback,tv.danmaku.bili,discharging,0,38.1,42.6,85,95,0,14.64,1.31,0.3,0,4.049,0.206,0.8340939,11287,4796,0,-,1
23:39:06.213,snap,playback,tv.danmaku.bili,discharging,0,38.1,41.8,85,95,0,14.7,1.43,0.24,0,4.035,0.286,1.15401,11287,4796,0,-,1
23:39:07.213,snap,playback,tv.danmaku.bili,discharging,0,38.1,42.2,85,95,0,14.7,1.43,0.24,0,4.04,0.234,0.94536,9335,4467,0,-,1
23:39:08.214,snap,playback,tv.danmaku.bili,discharging,0,38.1,42.2,85,95,0,14.75,1.72,0.2,0,4.036,0.248,1.0009279,9335,4467,0,-,1
23:39:09.216,snap,playback,tv.danmaku.bili,discharging,0,38.1,42.2,85,95,0,14.75,1.72,0.2,0,4.034,0.224,0.903616,4474,1616,0,-,1
23:39:10.216,snap,playback,tv.danmaku.bili,discharging,0,38.1,42.2,85,95,0,14.07,1.95,0.16,0,4.033,0.228,0.919524,4474,1616,0,-,1
23:39:11.217,snap,playback,tv.danmaku.bili,discharging,0,38.1,42.2,85,95,0,14.07,1.95,0.16,0,4.035,0.34,1.3719,6314,2568,0,-,1
23:39:12.217,snap,playback,tv.danmaku.bili,discharging,0,38,42.2,85,95,0,17.32,1.77,0.13,0,4.038,0.226,0.912588,6314,2568,0,-,1
23:39:13.218,snap,playback,tv.danmaku.bili,discharging,0,38,42.2,85,95,0,17.32,1.77,0.13,0,4.045,0.168,0.67956,2951,748,0,-,1
23:39:14.219,snap,playback,tv.danmaku.bili,discharging,0,38,42.2,85,95,0,16.72,1.45,0.11,0,4.028,0.304,1.224512,2951,748,0,-,1
23:39:15.220,snap,playback,tv.danmaku.bili,discharging,0,38,42.6,85,95,0,16.72,1.45,0.11,0,4.023,0.44,1.7701199,6843,1631,0,-,1
23:39:16.221,snap,playback,tv.danmaku.bili,discharging,0,38,42.6,85,95,0,15.68,1.91,1.72,0,4.031,0.304,1.225424,6843,1631,0,-,1
23:39:17.223,snap,playback,tv.danmaku.bili,discharging,0,38,42.6,85,95,0,15.68,1.91,1.72,0,4.039,0.266,1.074374,6965,2270,0,-,1
23:39:19.822,snap,playback,tv.danmaku.bili,discharging,0,38,42.6,85,95,0,14.11,1.93,2.13,0,4.032,0.148,0.596736,6965,2270,0,-,1
23:39:20.823,snap,playback,tv.danmaku.bili,discharging,0,38,41.8,85,95,0,14.11,1.93,2.13,0,4.035,0.256,1.03296,7532,2451,0,-,1
23:39:21.824,snap,playback,tv.danmaku.bili,discharging,0,38,41.8,85,95,0,13.72,1.94,1.74,0,4.034,0.28,1.1295199,7532,2451,0,-,1
23:39:22.825,snap,playback,tv.danmaku.bili,discharging,0,38,41.8,85,95,0,13.72,1.94,1.74,0,4.022,0.348,1.3996559,5864,1841,0,-,1
23:39:23.826,snap,playback,tv.danmaku.bili,discharging,0,38,42.2,85,95,0,17.76,1.95,2.33,0,4.036,0.296,1.1946559,5864,1841,0,-,1
23:39:24.826,snap,playback,tv.danmaku.bili,discharging,0,37.9,42.2,85,95,0,17.76,1.95,2.33,0,4.037,0.254,1.0253981,8154,2538,0,-,1
23:39:25.826,snap,playback,tv.danmaku.bili,discharging,0,37.9,42.2,85,95,0,17.08,1.6,1.91,0,4.037,0.226,0.91236204,8154,2538,0,-,1
23:39:26.826,snap,playback,tv.danmaku.bili,discharging,0,37.9,41.8,100,95,0,17.08,1.6,1.91,0,4.037,0.226,0.91236204,3640,1332,0,-,1
23:39:27.827,snap,playback,tv.danmaku.bili,discharging,0,37.9,41.8,100,95,0,17.08,1.6,1.91,0,4.031,0.23,0.92713004,3640,1332,0,-,1
23:39:28.828,snap,playback,tv.danmaku.bili,discharging,0,37.9,41.8,100,95,0,16.34,1.31,1.56,0,4.037,0.202,0.8154741,3709,1270,0,-,1
23:39:30.926,snap,playback,tv.danmaku.bili,discharging,0,37.9,41.8,100,95,0,15.37,1.61,1.28,0,4.051,0.066,0.267366,3709,1270,0,-,1
23:39:34.577,snap,playback,tv.danmaku.bili,discharging,0,37.9,41.8,100,95,0,15.37,1.61,1.28,0,4.035,0.286,1.15401,12321,5318,0,-,1
23:39:37.398,snap,playback,tv.danmaku.bili,discharging,0,37.9,41.8,100,95,0,15.66,1.5,1.05,0,4.052,0.028,0.113456,12321,5318,0,-,1
23:39:39.962,snap,playback,tv.danmaku.bili,discharging,0,37.9,41.4,100,95,0,15.36,1.59,0.85,0,4.052,0.098,0.397096,12188,4606,0,-,1
23:39:42.971,snap,playback,tv.danmaku.bili,discharging,0,37.9,41.4,100,95,0,15.36,1.59,0.85,0,4.052,0.072,0.291744,12188,4606,0,-,1
23:39:43.971,snap,playback,tv.danmaku.bili,discharging,0,37.8,41.4,100,95,0,15.36,1.59,0.85,0,4.052,0.092,0.37278402,10948,4281,0,-,1
23:39:44.972,snap,playback,tv.danmaku.bili,discharging,0,37.8,41.8,100,95,0,16.38,1.66,0.7,0,4.028,0.35,1.4097999,10948,4281,0,-,1
23:39:45.973,snap,playback,tv.danmaku.bili,discharging,0,37.8,41.8,100,95,0,16.38,1.66,0.7,0,4.032,0.352,1.419264,7716,2243,0,-,1
23:39:46.973,snap,playback,tv.danmaku.bili,discharging,0,37.8,41.4,100,95,0,17.76,1.54,0.75,0,4.04,0.17,0.6868,7716,2243,0,-,1
23:39:47.973,snap,playback,tv.danmaku.bili,discharging,0,37.8,41,100,95,0,17.76,1.54,0.75,0,4.045,0.164,0.66338,2357,553,0,-,1
23:39:48.973,snap,playback,tv.danmaku.bili,discharging,0,37.8,41,100,95,0,16.17,1.26,0.62,0,4.043,0.15,0.6064501,2357,553,0,-,1
23:39:49.973,snap,playback,tv.danmaku.bili,discharging,0,37.8,41,100,95,0,16.17,1.26,0.62,0,4.03,0.276,1.11228,5946,2071,0,-,1
23:39:50.973,snap,playback,tv.danmaku.bili,discharging,0,37.8,41.4,100,95,0,15.6,1.21,0.5,0,4.034,0.29,1.1698599,5946,2071,0,-,1
23:39:51.973,snap,playback,tv.danmaku.bili,discharging,0,37.8,41.4,100,95,0,15.6,1.21,0.5,0,4.04,0.188,0.75952,3981,1129,0,-,1
23:39:52.973,snap,playback,tv.danmaku.bili,discharging,0,37.8,41,100,95,0,14.94,0.99,0.41,0,4.044,0.14,0.56616,3981,1129,0,-,1
23:39:53.974,snap,playback,tv.danmaku.bili,discharging,0,37.8,41,100,95,0,14.94,0.99,0.41,0,4.041,0.168,0.67888796,2251,606,0,-,1
23:39:54.974,snap,playback,tv.danmaku.bili,discharging,0,37.7,41,100,95,0,13.87,0.81,0.33,0,4.04,0.174,0.70295995,2251,606,0,-,1
23:39:55.974,snap,playback,tv.danmaku.bili,discharging,0,37.7,41,100,95,0,13.87,0.81,0.33,0,4.034,0.224,0.903616,6744,2589,0,-,1
23:39:56.974,snap,playback,tv.danmaku.bili,discharging,0,37.7,41,100,95,0,13.71,0.85,0.27,0,4.038,0.228,0.920664,6744,2589,0,-,1
23:39:57.975,snap,playback,tv.danmaku.bili,discharging,0,37.7,40.6,100,95,0,13.71,0.85,0.27,0,4.045,0.166,0.67147,2544,766,0,-,1
23:39:58.974,snap,playback,tv.danmaku.bili,discharging,0,37.7,40.6,100,95,0,13.04,0.87,0.22,0,4.038,0.198,0.799524,2544,766,0,-,1
23:39:59.975,snap,playback,tv.danmaku.bili,discharging,0,37.7,41.4,100,95,0,13.03,0.89,0.18,0,4.033,0.32,1.29056,5034,1775,0,-,1
23:40:00.975,snap,playback,tv.danmaku.bili,discharging,0,37.7,41.4,100,95,0,13.03,0.89,0.18,0,4.032,0.266,1.072512,5034,1775,0,-,1
23:40:01.975,snap,playback,tv.danmaku.bili,discharging,0,37.7,41.4,100,95,0,12.84,0.91,0.15,0,4.038,0.224,0.90451205,5184,1943,0,-,1
23:40:02.977,snap,playback,tv.danmaku.bili,discharging,0,37.7,41,100,95,0,12.84,0.91,0.15,0,4.037,0.222,0.89621407,5184,1943,0,-,1
23:40:03.975,snap,playback,tv.danmaku.bili,discharging,0,37.7,41,100,95,0,13.05,0.75,0.12,0,4.04,0.192,0.77568,3627,948,0,-,1
23:40:04.975,snap,playback,tv.danmaku.bili,discharging,0,37.6,40.6,100,95,0,13.05,0.75,0.12,0,4.042,0.17,0.68714,3627,948,0,-,1
23:40:05.976,snap,playback,tv.danmaku.bili,discharging,0,37.6,41,100,95,0,12.31,0.61,0.1,0,4.045,0.19,0.76855,2760,781,0,-,1
23:40:06.976,snap,playback,tv.danmaku.bili,discharging,0,37.6,40.6,100,95,0,12.31,0.61,0.1,0,4.033,0.274,1.105042,2760,781,0,-,1
23:40:07.976,snap,playback,tv.danmaku.bili,discharging,0,37.6,41,100,95,0,11.71,0.86,0.08,0,4.033,0.274,1.105042,5438,1746,0,-,1
23:40:08.976,snap,playback,tv.danmaku.bili,discharging,0,37.6,41,100,95,0,11.71,0.86,0.08,0,4.037,0.21,0.84777004,5438,1746,0,-,1
23:40:09.976,snap,playback,tv.danmaku.bili,discharging,0,37.6,41.4,100,95,0,11.71,0.86,0.08,0,4.041,0.25,1.01025,3528,943,0,-,1
23:40:10.976,snap,playback,tv.danmaku.bili,discharging,0,37.6,41,100,95,0,10.86,1.25,0.06,0,4.033,0.266,1.072778,3528,943,0,-,1
23:40:11.977,snap,playback,tv.danmaku.bili,discharging,0,37.6,41.4,100,95,0,10.86,1.25,0.06,0,4.041,0.234,0.94559395,3193,781,0,-,1
23:40:13.539,snap,playback,tv.danmaku.bili,discharging,0,37.6,41.4,100,95,0,10.16,1.56,0.05,0,4.041,0.2,0.8082,3193,781,0,-,1
23:40:14.539,snap,playback,tv.danmaku.bili,discharging,0,37.6,41.4,100,95,0,10.16,1.56,0.05,0,4.032,0.214,0.86284804,12437,5111,0,-,1
23:40:15.539,snap,playback,tv.danmaku.bili,discharging,0,37.6,41.4,100,95,0,10.85,1.64,0.04,0,4.039,0.254,1.0259061,12437,5111,0,-,1
23:40:16.539,snap,playback,tv.danmaku.bili,discharging,0,37.5,41.4,100,95,0,10.85,1.64,0.04,0,4.035,0.248,1.00068,6876,3250,0,-,1
23:40:17.540,snap,playback,tv.danmaku.bili,discharging,0,37.5,41,100,95,0,11.6,1.71,0.03,0,4.034,0.256,1.032704,6876,3250,0,-,1
23:40:18.662,snap,playback,tv.danmaku.bili,discharging,0,37.5,41.4,100,95,0,11.6,1.71,0.03,0,4.037,0.212,0.855844,8493,2569,0,-,1
23:40:20.972,snap,playback,tv.danmaku.bili,discharging,0,37.5,42.2,100,95,0,11.49,1.76,0.02,0,4.024,0.306,1.231344,8493,2569,0,-,1
23:40:21.973,snap,playback,tv.danmaku.bili,discharging,0,37.5,42.2,100,95,0,11.49,1.76,0.02,0,4.051,0.056,0.22685601,11342,4141,0,-,1
23:40:22.973,snap,playback,tv.danmaku.bili,discharging,1,37.5,42.2,100,95,0,12.49,1.62,0.02,0,4.034,0.298,1.202132,11342,4141,0,-,2
23:40:24.010,snap,playback,tv.danmaku.bili,discharging,1,37.5,45.2,100,95,0,12.49,1.62,0.02,0,3.97,1.054,4.18438,29933,13236,0,-,2
23:40:25.163,snap,playback,tv.danmaku.bili,discharging,1,37.5,48.2,100,95,0,20.37,2.05,1.46,16,3.962,1.532,6.0697837,29933,13236,0,-,2
23:40:26.087,snap,playback,tv.danmaku.bili,discharging,1,37.5,51.2,100,95,0,20.37,2.05,1.46,14,3.944,1.506,5.9396644,45910,15659,0,-,2
23:40:27.087,snap,playback,tv.danmaku.bili,discharging,1,37.5,54.2,100,95,0,33.53,2.04,2.65,16,3.936,1.76,6.92736,45910,15659,0,-,2
23:40:28.088,snap,default,com.android.launcher,discharging,1,37.5,57.2,100,95,1,33.53,2.04,2.65,16,3.955,1.518,6.00369,36807,11196,0,-,2
23:40:29.088,snap,default,com.android.launcher,discharging,1,37.5,58,100,95,1,38.14,2.21,3.07,0,3.971,1.212,4.812852,36807,11196,0,-,2
23:40:30.089,snap,default,com.android.launcher,discharging,1,37.5,55,100,95,1,36.3,2.36,3.06,0,4.003,0.64,2.5619197,20754,6053,0,-,2
23:40:31.090,snap,default,com.android.launcher,discharging,1,37.5,52,100,95,1,36.3,2.36,3.06,0,4.003,0.686,2.7460577,20754,6053,0,-,2
23:40:32.092,snap,default,com.android.launcher,discharging,1,37.5,50.1,100,95,1,30.99,2.11,2.5,0,4.019,0.528,2.122032,11436,3423,0,-,2
23:40:33.091,snap,default,com.android.launcher,discharging,1,37.5,47.3,100,95,1,30.99,2.11,2.5,0,4.017,0.408,1.638936,11436,3423,0,-,2
23:40:34.092,snap,default,com.android.launcher,discharging,1,37.5,47.3,100,95,1,25.92,1.73,2.05,0,4.022,0.478,1.9225159,7990,2620,0,-,2
23:40:35.092,snap,default,com.android.launcher,discharging,1,37.5,46.1,100,95,1,25.92,1.73,2.05,0,4.025,0.42,1.6905,7990,2620,0,-,2
23:40:36.093,snap,default,com.android.launcher,discharging,1,37.5,45.7,100,95,1,21.77,1.41,1.68,0,4.024,0.37,1.48888,7990,2620,0,-,2
23:40:37.093,snap,default,com.android.launcher,discharging,1,37.5,45.3,100,95,1,21.77,1.41,1.68,0,4.027,0.354,1.425558,5730,1905,0,-,2
23:40:38.094,snap,default,com.android.launcher,discharging,1,37.5,44.9,100,95,1,19.27,1.15,1.37,0,4.026,0.33,1.32858,5730,1905,0,-,2
23:40:39.098,snap,default,com.android.launcher,discharging,1,37.5,43.8,100,95,1,19.27,1.15,1.37,0,4.033,0.266,1.072778,4600,1761,0,-,2
23:40:40.101,snap,default,com.android.launcher,discharging,1,37.5,42.6,100,95,1,16.87,0.94,1.12,0,4.033,0.27,1.08891,4600,1761,0,-,2
23:40:41.101,snap,default,com.android.launcher,discharging,1,37.5,42.6,100,95,1,16.87,0.94,1.12,0,4.028,0.298,1.200344,3647,1331,0,-,2
23:40:42.102,snap,default,com.android.launcher,discharging,1,37.5,42.6,100,95,1,15.26,0.77,0.92,0,4.034,0.266,1.073044,3647,1331,0,-,2
23:40:43.106,snap,default,com.android.launcher,discharging,1,37.5,42.6,100,95,1,15.26,0.77,0.92,0,4.03,0.312,1.2573601,3535,1248,0,-,2
23:40:44.107,snap,default,com.android.launcher,discharging,1,37.4,42.2,100,95,1,13.94,0.63,0.75,0,4.033,0.252,1.016316,3535,1248,0,-,2
23:40:45.109,snap,default,com.android.launcher,discharging,1,37.4,41.8,100,95,1,13.94,0.63,0.75,0,4.02,0.302,1.2140399,3514,1382,0,-,2
23:40:46.111,snap,default,com.android.launcher,discharging,1,37.4,41.8,100,95,1,12.68,0.52,0.61,0,4.033,0.242,0.975986,3514,1382,0,-,2
23:40:47.114,snap,default,com.android.launcher,discharging,1,37.4,41.8,100,95,1,12.68,0.52,0.61,0,4.033,0.242,0.975986,3771,1481,0,-,2
23:40:48.114,snap,default,com.android.launcher,discharging,1,37.4,42.6,100,95,1,12.68,0.52,0.61,0,4.031,0.298,1.201238,3771,1481,0,-,2
23:40:49.116,snap,default,com.android.launcher,discharging,1,37.4,41.8,100,95,1,11.84,0.42,0.5,0,4.033,0.27,1.08891,5407,1600,0,-,2
23:40:50.116,snap,default,com.android.launcher,discharging,1,37.4,42.2,100,95,1,11.84,0.42,0.5,0,4.025,0.358,1.44095,5407,1600,0,-,2
23:40:51.116,snap,default,com.android.launcher,discharging,1,37.4,42.2,100,95,1,14.94,0.34,0.41,0,4.03,0.292,1.1767601,4760,1196,0,-,2
23:40:52.117,snap,default,com.android.launcher,discharging,1,37.4,43,100,95,1,14.94,0.34,0.41,0,4.016,0.464,1.8634238,4760,1196,0,-,2
23:40:53.118,snap,default,com.android.launcher,discharging,1,37.4,43,100,95,1,12.96,0.28,0.33,0,4.029,0.338,1.361802,5300,1436,0,-,2
23:40:54.121,snap,default,com.android.launcher,discharging,1,37.4,43,100,95,1,12.96,0.28,0.33,0,4.028,0.362,1.458136,5300,1436,0,-,2
23:40:55.122,snap,default,com.android.launcher,discharging,1,37.4,42.2,100,95,1,11.34,0.23,0.27,0,4.03,0.27,1.0881001,4533,1570,0,-,2
23:40:56.122,snap,default,com.android.launcher,discharging,1,37.4,41.8,100,95,1,11.34,0.23,0.27,0,4.028,0.286,1.152008,4533,1570,0,-,2
23:40:57.123,snap,default,com.android.launcher,discharging,1,37.4,41.8,100,95,1,10.37,0.19,0.22,7,4.035,0.25,1.00875,5127,1442,0,-,2
23:40:58.124,snap,default,com.android.launcher,discharging,1,37.4,41.8,100,95,1,10.37,0.19,0.22,0,4.03,0.336,1.3540801,5127,1442,0,-,2
23:40:59.125,snap,default,com.android.launcher,discharging,1,37.4,41.8,100,95,1,11.03,0.15,0.18,0,4.034,0.266,1.073044,4697,1585,0,-,2
23:41:00.127,snap,default,com.android.launcher,discharging,1,37.4,41.8,100,95,1,10.48,0.12,0.15,0,4.035,0.29,1.1701499,4697,1585,0,-,2
23:41:01.127,snap,default,com.android.launcher,discharging,1,37.4,42.2,100,95,1,10.48,0.12,0.15,0,4.032,0.268,1.0805761,5714,2359,0,-,2
23:41:02.128,snap,default,com.android.launcher,discharging,1,37.4,42.2,100,95,1,10.57,0.1,0.12,0,4.027,0.356,1.433612,5714,2359,0,-,2
23:41:03.128,snap,default,com.android.launcher,discharging,1,37.4,42.2,100,95,1,10.57,0.1,0.12,0,4.031,0.306,1.233486,5714,2359,0,-,2
23:41:04.129,snap,default,com.android.launcher,discharging,1,37.3,41.8,100,95,1,10.47,0.08,0.1,0,4.029,0.3,1.2087,8890,3626,0,-,2
23:41:05.130,snap,default,com.android.launcher,discharging,1,37.3,41.8,100,95,1,10.47,0.08,0.1,0,4.026,0.312,1.256112,8890,3626,0,-,2
23:41:06.131,snap,default,com.android.launcher,discharging,1,37.3,41.8,100,95,1,10.38,0.06,0.08,0,4.029,0.322,1.2973379,7192,3019,0,-,2
23:41:07.132,snap,default,com.android.launcher,discharging,1,37.3,41.8,100,95,1,10.38,0.06,0.08,0,4.028,0.324,1.305072,7192,3019,0,-,2
23:41:08.134,snap,default,com.android.launcher,discharging,1,37.3,41.8,100,95,1,9.95,0.05,0.06,0,4.036,0.252,1.017072,6717,2859,0,-,2
23:41:09.134,snap,default,com.android.launcher,discharging,1,37.3,41.8,100,95,1,9.95,0.05,0.06,0,4.032,0.266,1.072512,6717,2859,0,-,2
23:41:10.134,snap,default,com.android.launcher,discharging,1,37.3,41.4,100,95,1,9.41,0.04,0.05,0,4.032,0.292,1.177344,3369,1166,0,-,2
23:41:11.136,snap,default,com.android.launcher,discharging,1,37.3,41.8,100,95,1,9.41,0.04,0.05,0,4.031,0.294,1.185114,3369,1166,0,-,2
23:41:12.137,snap,default,com.android.launcher,discharging,1,37.3,41.4,100,95,1,9.16,0.03,0.04,0,4.036,0.226,0.91213596,3520,1312,0,-,2
23:41:13.139,snap,default,com.android.launcher,discharging,1,37.3,41.4,100,95,1,9.16,0.03,0.04,0,4.024,0.338,1.3601121,3520,1312,0,-,2
23:41:14.140,snap,default,com.android.launcher,discharging,1,37.3,41.4,100,95,1,9.13,0.03,0.03,0,4.032,0.276,1.112832,3600,1257,0,-,2
23:41:15.141,snap,default,com.android.launcher,discharging,1,37.3,41.4,100,95,1,9.13,0.03,0.03,0,4.032,0.276,1.112832,3600,1257,0,-,2
23:41:16.142,snap,default,com.android.launcher,discharging,1,37.3,41.4,100,95,1,9.13,0.03,0.03,0,4.029,0.286,1.152294,3335,1176,0,-,2
23:41:17.141,snap,default,com.android.launcher,discharging,1,37.3,42.6,100,95,1,8.74,0.02,0.02,0,4.032,0.266,1.072512,3335,1176,0,-,2
23:41:18.142,snap,default,com.android.launcher,discharging,1,37.3,42.6,100,95,1,8.74,0.02,0.02,0,4.013,0.506,2.030578,10929,4975,0,-,2
23:41:19.142,snap,default,com.android.launcher,discharging,1,37.3,43,100,95,1,9.87,0.02,0.2,0,4.01,0.454,1.8205401,10929,4975,0,-,2
23:41:20.142,snap,default,com.android.launcher,discharging,1,37.3,43,100,95,1,9.87,0.02,0.2,0,4.013,0.576,2.311488,11140,5313,0,-,2
23:41:21.145,snap,default,com.android.launcher,discharging,1,37.3,43,100,95,1,10.44,0.01,0.16,0,4.015,0.446,1.79069,11140,5313,0,-,2
23:41:22.145,snap,default,com.android.launcher,discharging,1,37.3,45.3,100,95,1,10.44,0.01,0.16,0,4.008,0.606,2.428848,19223,7352,0,-,2
23:41:23.145,snap,default,com.android.launcher,discharging,1,37.3,46.1,100,95,1,13.26,0.01,0.68,0,3.965,1.172,4.6469803,19223,7352,0,-,2
23:41:24.146,snap,default,com.android.launcher,discharging,1,37.3,46.1,100,95,1,13.26,0.01,0.68,0,4.005,0.654,2.61927,17265,7163,0,-,2
23:41:25.146,snap,default,com.android.launcher,discharging,1,37.3,46.1,100,95,1,16.65,0.01,0.73,0,4.018,0.494,1.984892,17265,7163,0,-,2
23:41:26.146,snap,default,com.android.launcher,discharging,1,37.3,46.1,100,95,1,16.65,0.01,0.73,0,3.996,0.782,3.124872,27459,9685,0,-,3
23:41:27.147,snap,default,com.android.launcher,discharging,1,37.3,47.3,100,95,1,18.71,0.19,0.6,6,3.987,0.878,3.500586,27459,9685,0,-,3
23:41:28.147,snap,default,com.android.launcher,discharging,1,37.3,47.3,100,95,1,18.71,0.19,0.6,6,4.007,0.602,2.412214,27459,9685,0,-,3
23:41:29.147,snap,default,com.android.launcher,discharging,1,37.3,44.6,100,95,1,22.56,0.33,1.03,0,4.023,0.326,1.3114979,11586,4730,0,-,4
23:41:30.149,snap,default,com.android.launcher,discharging,1,37.3,44.2,100,95,1,19.56,0.45,0.85,0,4.024,0.334,1.3440161,11586,4730,0,-,4
23:41:31.150,snap,default,com.android.launcher,discharging,1,37.3,43.8,100,95,1,19.56,0.45,0.85,0,4.026,0.29,1.16754,5667,2388,0,-,3
23:41:32.152,snap,default,com.android.launcher,discharging,1,37.3,43,100,95,1,20.37,0.73,0.69,12,4.017,0.49,1.9683301,5667,2388,0,-,3
23:41:34.133,snap,default,com.android.launcher,discharging,0,37.3,43,100,95,1,20.37,0.73,0.69,0,4.028,0.254,1.023112,9487,4471,0,-,1
23:41:35.196,snap,default,com.android.launcher,discharging,0,37.3,42.6,100,95,1,19.39,0.78,0.56,0,4.03,0.154,0.62062,7788,3358,0,-,1
23:41:36.874,snap,default,com.android.launcher,discharging,0,37.3,42.2,100,95,1,19.39,0.78,0.56,0,4.033,0.216,0.871128,7788,3358,0,-,1
23:41:37.874,snap,default,com.android.launcher,discharging,0,37.3,42.2,100,95,1,18.6,1,0.46,0,4.032,0.226,0.911232,14020,7064,0,-,1
23:41:38.936,snap,default,com.android.launcher,discharging,0,37.3,42.2,100,95,1,18.6,1,0.46,0,4.032,0.27,1.0886401,14020,7064,0,-,1
23:41:40.997,snap,default,com.android.launcher,discharging,0,37.3,41.8,100,95,1,18.67,1,0.38,0,4.031,0.272,1.0964321,12762,5769,0,-,1
23:41:41.997,snap,default,com.android.launcher,discharging,0,37.3,42.2,100,95,1,18.67,1,0.38,0,4.047,0.04,0.16187999,12762,5769,0,-,1
23:41:42.997,snap,default,com.android.launcher,discharging,0,37.3,42.2,100,95,1,18.36,1,0.31,0,4.031,0.236,0.95131606,12762,5769,0,-,1
23:41:43.998,snap,default,com.android.launcher,discharging,0,37.3,42.2,100,95,1,18.36,1,0.31,0,4.029,0.244,0.983076,9564,3982,0,-,1
23:41:44.998,snap,default,com.android.launcher,discharging,0,37.3,41.8,100,95,1,17.39,1,0.25,0,4.034,0.232,0.93588793,9564,3982,0,-,1
23:41:45.999,snap,default,com.android.launcher,discharging,0,37.3,41.4,100,95,1,17.39,1,0.25,0,4.034,0.208,0.839072,3503,1071,0,-,1
23:41:46.999,snap,default,com.android.launcher,discharging,0,37.3,41.4,100,95,1,15.51,1.36,0.2,0,4.038,0.188,0.759144,3503,1071,0,-,1
23:41:47.999,snap,default,com.android.launcher,discharging,0,37.3,41.4,100,95,1,15.51,1.36,0.2,0,4.034,0.204,0.82293594,3470,1135,0,-,1
23:41:49.000,snap,default,com.android.launcher,discharging,0,37.3,41.8,100,95,1,14.33,1.66,0.17,0,4.035,0.236,0.95225996,3470,1135,0,-,1
23:41:50.728,snap,default,com.android.launcher,discharging,0,37.3,41.4,100,95,1,14.33,1.66,0.17,0,4.037,0.218,0.88006604,6068,2608,0,-,1
23:41:52.356,snap,default,com.android.launcher,discharging,0,37.3,41.4,100,95,1,14.09,1.9,0.13,0,4.029,0.186,0.749394,6068,2608,0,-,1
23:41:53.357,snap,default,com.android.launcher,discharging,0,37.3,41.4,100,95,1,14.09,1.9,0.13,0,4.032,0.136,0.54835206,9618,4929,0,-,1
23:41:54.477,snap,default,com.android.launcher,discharging,0,37.3,41.4,100,95,1,14.43,2.1,0.11,0,4.031,0.204,0.82232404,9618,4929,0,-,1
23:41:57.076,snap,default,com.android.launcher,discharging,0,37.3,40.6,100,95,1,14.43,2.1,0.11,0,4.047,0.042,0.169974,9162,4861,0,-,1
23:41:58.439,snap,default,com.android.launcher,discharging,0,37.3,41,100,95,1,15.26,2.08,0.09,0,4.043,0.178,0.719654,9162,4861,0,-,1
23:41:59.439,snap,default,com.android.launcher,discharging,0,37.2,41,100,95,1,15.26,2.08,0.09,0,4.034,0.286,1.1537241,9743,4081,0,-,1
23:42:00.441,snap,default,com.android.launcher,discharging,0,37.2,41.4,100,95,1,15.57,1.88,0.07,0,4.036,0.214,0.86370397,9743,4081,0,-,1
23:42:01.440,snap,default,com.android.launcher,discharging,0,37.2,41.4,100,95,1,14.2,2.08,0.06,0,4.037,0.218,0.88006604,2943,977,0,-,1
23:42:02.442,snap,default,com.android.launcher,discharging,0,37.2,41.4,100,95,1,14.2,2.08,0.06,0,4.035,0.224,0.90384,2943,977,0,-,1
23:42:03.443,snap,default,com.android.launcher,discharging,0,37.2,41,100,95,1,13.44,2.07,0.05,0,4.034,0.232,0.93588793,5257,1506,0,-,1
23:42:04.444,snap,default,com.android.launcher,discharging,0,37.2,41,100,95,1,13.44,2.07,0.05,0,4.035,0.232,0.9361199,5257,1506,0,-,1
23:42:05.443,snap,default,com.android.launcher,discharging,0,37.2,40.6,100,95,1,12.27,1.69,0.04,0,4.038,0.154,0.62185204,2861,903,0,-,1
23:42:06.444,snap,default,com.android.launcher,discharging,0,37.2,40.6,100,95,1,12.27,1.69,0.04,0,4.038,0.142,0.573396,2861,903,0,-,1
23:42:07.445,snap,default,com.android.launcher,discharging,0,37.2,40.6,100,95,1,11.5,1.38,0.03,0,4.039,0.15,0.60585004,2603,824,0,-,1
23:42:08.520,snap,default,com.android.launcher,discharging,0,37.2,40.6,100,95,1,11.5,1.38,0.03,0,4.039,0.15,0.60585004,2603,824,0,-,1
23:42:09.520,snap,default,com.android.launcher,discharging,0,37.2,41,100,95,1,11.5,1.38,0.03,0,4.035,0.186,0.75051,7886,3240,0,-,1
23:42:10.520,snap,default,com.android.launcher,discharging,0,37.2,41,100,95,1,11.77,1.31,0.02,0,4.033,0.24,0.96792,7886,3240,0,-,1
23:42:11.521,snap,default,com.android.launcher,discharging,0,37.2,41,100,95,1,11.77,1.31,0.02,0,4.035,0.246,0.99261,7886,3240,0,-,1
23:42:12.522,snap,default,com.android.launcher,discharging,0,37.2,40.6,100,95,1,12.17,1.62,0.02,0,4.033,0.23,0.92759,9168,4477,0,-,1
23:42:13.964,snap,default,com.android.launcher,discharging,0,37.2,40.6,100,95,1,12.17,1.62,0.02,0,4.035,0.2,0.807,9168,4477,0,-,1
23:42:16.341,snap,default,com.android.launcher,discharging,0,37.2,40.6,100,95,1,12.14,2.05,0.01,0,4.044,0.114,0.46101603,6984,2870,0,-,1
23:42:17.342,snap,default,com.android.launcher,discharging,0,37.2,40.6,100,95,1,12.14,2.05,0.01,0,4.035,0.148,0.59718,6984,2870,0,-,1
23:42:18.343,snap,default,com.android.launcher,discharging,0,37.2,41,100,95,1,13.02,1.86,0.01,0,4.028,0.276,1.111728,11348,4520,0,-,1
23:42:19.343,snap,default,com.android.launcher,discharging,0,37.2,41,100,95,1,13.02,1.86,0.01,0,4.033,0.222,0.895326,11348,4520,0,-,1
23:42:20.343,snap,default,com.android.launcher,discharging,0,37.2,41,100,95,1,13.38,1.88,0.01,0,4.032,0.2,0.8064,3111,929,0,-,1
23:42:21.357,snap,default,com.android.launcher,discharging,0,37.2,41,100,95,1,12.58,2.08,0,0,4.037,0.194,0.78317803,3111,929,0,-,1
23:42:22.851,snap,default,com.android.launcher,discharging,1,37.1,41.8,100,95,1,12.58,2.08,0,0,4.016,0.436,1.7509758,3111,929,0,-,2
23:42:23.879,snap,default,com.android.launcher,discharging,1,37.1,41.8,100,95,1,21.35,2.07,0.18,0,3.986,0.752,2.997472,12062,5916,0,-,2
23:42:24.880,snap,default,com.android.launcher,discharging,1,37.1,41.8,100,95,1,21.35,2.07,0.18,18,3.9,1.878,7.3242,31332,12153,0,-,2
23:42:25.881,snap,default,com.tencent.mobileqq,discharging,1,37.1,41.8,100,95,1,34.15,2.6,3.95,17,3.881,2.446,9.492927,31332,12153,0,-,2
23:42:26.881,snap,default,com.tencent.mobileqq,discharging,1,37.1,41.8,100,95,1,34.15,2.6,3.95,10,3.867,2.626,10.154742,40927,7930,0,-,2
23:42:27.882,snap,default,com.tencent.mobileqq,discharging,1,37.1,41.8,100,95,1,43.72,3.76,8.67,9,3.866,2.706,10.461396,40927,7930,0,-,2
23:42:28.882,snap,default,com.tencent.mobileqq,discharging,1,37.1,41.8,100,95,1,43.72,3.76,8.67,13,3.865,2.664,10.29636,36045,6850,0,-,2
23:42:29.882,snap,default,com.tencent.mobileqq,discharging,1,37.1,41.8,100,95,1,48.12,3.62,7.46,10,3.961,1.578,6.250458,36045,6850,0,-,2
23:42:30.883,snap,default,com.tencent.mobileqq,discharging,1,37.1,44.2,100,95,1,48.12,3.62,7.46,9,3.975,0.856,3.4026,19385,7733,0,-,2
23:42:31.885,snap,default,com.tencent.mobileqq,discharging,1,37.1,47.2,100,95,1,50.63,3.51,6.29,8,3.997,0.63,2.51811,19385,7733,0,-,2
23:42:32.885,snap,default,com.tencent.mobileqq,discharging,1,37.1,47.2,100,95,1,50.63,3.51,6.29,6,3.982,0.824,3.281168,15348,6226,0,-,2
23:42:33.886,snap,default,com.tencent.mobileqq,discharging,1,37.1,50.2,100,95,1,50.34,3.6,6.24,7,3.97,1.32,5.2404003,15348,6226,0,-,2
23:42:34.886,snap,default,com.tencent.mobileqq,discharging,1,37.1,52.4,100,95,1,50.34,3.6,6.24,6,3.998,0.57,2.2788599,20457,8306,0,-,2
23:42:35.887,snap,default,com.tencent.mobileqq,discharging,1,37.1,50.1,100,95,1,43.21,2.94,5.29,5,4.012,0.41,1.64492,20457,8306,0,-,2
23:42:36.887,snap,default,com.tencent.mobileqq,discharging,1,37.1,49.3,100,95,1,43.21,2.94,5.29,1,4.007,0.546,2.187822,10112,5281,0,-,2
23:42:37.887,snap,default,com.tencent.mobileqq,discharging,1,37.1,49.3,100,95,1,37.19,2.41,4.33,3,4.007,0.536,2.147752,10112,5281,0,-,2
23:42:38.887,snap,default,com.tencent.mobileqq,discharging,1,37.1,48.9,100,95,1,37.19,2.41,4.33,3,3.997,0.59,2.3582299,12036,6384,0,-,2
23:42:39.888,snap,default,com.tencent.mobileqq,discharging,1,37.1,47.7,100,95,1,32.63,1.97,3.54,5,4.012,0.472,1.893664,12036,6384,0,-,2
23:42:40.888,snap,default,com.tencent.mobileqq,discharging,1,37.1,46.9,100,95,1,32.63,1.97,3.54,3,4.009,0.412,1.6517079,9576,5209,0,-,2
23:42:41.888,snap,default,com.tencent.mobileqq,discharging,1,37.1,46.1,100,95,1,28.53,1.61,2.9,2,4.012,0.434,1.741208,9576,5209,0,-,2
23:42:42.888,snap,default,com.tencent.mobileqq,discharging,1,37.1,45.7,100,95,1,28.53,1.61,2.9,3,4.013,0.44,1.76572,9604,5125,0,-,2
23:42:43.889,snap,default,com.tencent.mobileqq,discharging,1,37.1,45.7,100,95,1,25.35,1.32,2.37,3,4.011,0.466,1.8691261,9604,5125,0,-,2
23:42:44.889,snap,default,com.tencent.mobileqq,discharging,1,37.1,45.7,100,95,1,25.35,1.32,2.37,3,4.017,0.432,1.7353442,9389,5120,0,-,2
23:42:45.889,snap,default,com.tencent.mobileqq,discharging,1,37.1,45.7,100,95,1,22.75,1.08,1.94,3,4.014,0.446,1.790244,9389,5120,0,-,2
23:42:46.889,snap,default,com.tencent.mobileqq,discharging,1,37.1,45.3,100,95,1,22.75,1.08,1.94,5,4.014,0.446,1.790244,9389,5120,0,-,2
23:42:47.890,snap,default,com.tencent.mobileqq,discharging,1,37.1,45.7,100,95,1,22.75,1.08,1.94,5,4.009,0.464,1.8601758,9550,5269,0,-,2
23:42:48.890,snap,default,com.tencent.mobileqq,discharging,1,37.1,45.3,100,95,1,20.8,0.88,1.59,3,4.009,0.458,1.8361219,9550,5269,0,-,2
23:42:49.890,snap,default,com.tencent.mobileqq,discharging,1,37.1,45.3,100,95,1,20.8,0.88,1.59,2,4.015,0.372,1.49358,9029,5014,0,-,2
23:42:50.890,snap,default,com.tencent.mobileqq,discharging,1,37.1,44.9,100,95,1,18.84,0.72,1.3,3,4.011,0.404,1.6204442,9029,5014,0,-,2
23:42:51.891,snap,default,com.tencent.mobileqq,discharging,1,37.1,44.9,100,95,1,17.42,0.59,1.06,2,4.013,0.378,1.516914,8832,5027,0,-,2
23:42:52.891,snap,default,com.tencent.mobileqq,discharging,1,37.1,44.9,100,95,1,17.42,0.59,1.06,3,4.009,0.436,1.7479239,8832,5027,0,-,2
23:42:53.891,snap,default,com.tencent.mobileqq,discharging,1,37.1,44.9,100,95,1,16.26,0.48,0.87,1,4.015,0.368,1.47752,8914,4869,0,-,2
23:42:54.893,snap,default,com.tencent.mobileqq,discharging,1,37.1,44.9,100,95,1,16.26,0.48,0.87,1,4.002,0.518,2.073036,8914,4869,0,-,2
23:42:55.894,snap,default,com.tencent.mobileqq,discharging,1,37.1,44.9,100,95,1,15.12,0.39,0.71,2,4.013,0.414,1.6613821,9586,5178,0,-,2
23:42:56.895,snap,default,com.tencent.mobileqq,discharging,1,37.1,44.2,100,95,1,15.12,0.39,0.71,3,4.01,0.458,1.8365802,9586,5178,0,-,2
23:42:57.895,snap,default,com.tencent.mobileqq,discharging,1,37.1,44.9,100,95,1,14.37,0.32,0.58,2,4.017,0.344,1.3818481,8795,4823,0,-,2
23:42:58.896,snap,default,com.tencent.mobileqq,discharging,1,37.1,44.9,100,95,1,14.37,0.32,0.58,1,4.008,0.464,1.8597119,8795,4823,0,-,2
23:42:59.896,snap,default,com.tencent.mobileqq,discharging,1,37.1,44.9,100,95,1,13.94,0.26,0.47,7,4.007,0.51,2.04357,9998,5718,0,-,2
23:43:00.897,snap,default,com.tencent.mobileqq,discharging,1,37.1,44.6,100,95,1,13.94,0.26,0.47,3,4.014,0.498,1.9989719,9998,5718,0,-,2
23:43:01.897,snap,default,com.tencent.mobileqq,discharging,1,37.1,44.6,100,95,1,13.23,0.39,0.39,4,4.016,0.462,1.855392,11099,5079,0,-,2
23:43:02.897,snap,default,com.tencent.mobileqq,discharging,1,37.1,44.6,100,95,1,13.23,0.39,0.39,5,4.016,0.458,1.8393279,11099,5079,0,-,2
23:43:03.898,snap,default,com.tencent.mobileqq,discharging,1,37.1,44.6,100,95,1,12.64,0.32,0.32,4,4.014,0.43,1.72602,9824,5061,0,-,2
23:43:04.897,snap,default,com.tencent.mobileqq,discharging,1,37.1,44.6,100,95,1,12.64,0.32,0.32,1,4.015,0.464,1.8629599,9824,5061,0,-,2
23:43:05.898,snap,default,com.tencent.mobileqq,discharging,1,37.1,44.6,100,95,1,11.98,0.26,0.26,4,4.015,0.452,1.8147799,9447,5006,0,-,2
23:43:06.898,snap,default,com.tencent.mobileqq,discharging,1,37.1,44.6,100,95,1,11.98,0.26,0.26,4,4.011,0.46,1.8450601,9447,5006,0,-,2
23:43:07.899,snap,default,com.tencent.mobileqq,discharging,1,37.1,44.6,100,95,1,11.8,0.21,0.21,3,4.013,0.412,1.653356,9293,5132,0,-,2
23:43:08.899,snap,default,com.tencent.mobileqq,discharging,1,37.1,44.6,100,95,1,11.8,0.21,0.21,4,4.015,0.43,1.72645,9293,5132,0,-,2
23:43:09.900,snap,default,com.tencent.mobileqq,discharging,1,37.1,44.2,100,95,1,11.66,0.17,0.17,2,4.013,0.43,1.72559,9405,5361,0,-,2
23:43:10.900,snap,default,com.tencent.mobileqq,discharging,1,37.1,44.2,100,95,1,11.66,0.17,0.17,3,4.013,0.392,1.5730959,9405,5361,0,-,2
23:43:11.900,snap,default,com.tencent.mobileqq,discharging,1,37.1,44.2,100,95,1,11.54,0.14,0.14,1,4.017,0.418,1.6791061,9405,5361,0,-,2
23:43:12.900,snap,default,com.tencent.mobileqq,discharging,1,37.1,44.2,100,95,1,11.54,0.14,0.14,5,4.008,0.47,1.88376,9203,4782,0,-,2
23:43:13.901,snap,default,com.tencent.mobileqq,discharging,1,37.1,44.9,100,95,1,11.26,0.11,0.11,5,4.015,0.502,2.0155299,9203,4782,0,-,2
23:43:14.901,snap,default,com.tencent.mobileqq,discharging,1,37.1,45.3,100,95,1,11.26,0.11,0.11,4,3.995,0.58,2.3170998,9960,5237,0,-,2
23:43:15.901,snap,default,com.tencent.mobileqq,discharging,1,37.1,45.3,100,95,1,11.75,0.09,0.09,1,4,0.598,2.392,9960,5237,0,-,2
23:43:16.901,snap,default,com.tencent.mobileqq,discharging,1,37.1,46.1,100,95,1,11.75,0.09,0.09,5,4,0.598,2.392,16041,8996,0,-,2
23:43:17.902,snap,default,com.tencent.mobileqq,discharging,1,37.1,46.1,100,95,1,11.75,0.09,0.09,5,3.993,0.7,2.7951,16041,8996,0,-,2
23:43:18.902,snap,default,com.tencent.mobileqq,discharging,1,37.1,46.5,100,95,1,12.7,0.07,0.44,3,4.002,0.598,2.3931959,15263,8756,0,-,2
23:43:19.902,snap,default,com.tencent.mobileqq,discharging,1,37.1,46.9,100,95,1,12.7,0.07,0.44,3,3.992,0.66,2.63472,15263,8756,0,-,2
23:43:20.902,snap,default,com.tencent.mobileqq,discharging,1,37.1,46.9,100,95,1,12.57,0.06,0.54,3,3.996,0.62,2.47752,14620,8301,0,-,2
23:43:21.902,snap,default,com.tencent.mobileqq,discharging,1,37.1,46.5,100,95,1,12.57,0.06,0.54,5,3.995,0.644,2.57278,14620,8301,0,-,2
23:43:22.903,snap,default,com.tencent.mobileqq,discharging,1,37.1,46.5,100,95,1,12.65,0.05,0.44,3,4.001,0.578,2.312578,14255,8231,0,-,2
23:43:24.613,snap,default,com.tencent.mobileqq,discharging,0,37.1,46.5,100,95,1,12.89,0.04,0.36,4,3.97,1.208,4.7957597,14255,8231,0,-,3
23:43:25.614,snap,default,com.tencent.mobileqq,discharging,0,37.1,48.5,100,95,1,21.43,0.21,1.56,11,3.968,1.178,4.674304,28609,11099,0,-,3
23:43:26.614,snap,default,com.tencent.mobileqq,discharging,0,37.1,48.5,100,95,1,21.43,0.21,1.56,11,3.994,0.598,2.388412,14286,4669,0,-,3
23:43:27.614,snap,default,com.tencent.mobileqq,discharging,0,37.1,47.3,100,95,1,29.5,0.35,1.28,0,3.996,0.592,2.365632,14286,4669,0,-,4
23:43:28.614,snap,default,com.tencent.mobileqq,discharging,0,37.1,46.9,100,95,1,29.5,0.35,1.28,0,3.997,0.582,2.3262541,8223,1552,0,-,4
23:43:29.615,snap,default,com.tencent.mobileqq,discharging,0,37.1,45.7,100,95,1,34.84,0.29,1.04,0,4.01,0.5,2.005,8223,1552,0,-,3
23:43:30.615,snap,default,com.tencent.mobileqq,discharging,0,37.1,45.7,100,95,1,34.84,0.29,1.04,13,4.006,0.518,2.075108,8223,1552,0,-,1
23:43:31.615,snap,default,com.tencent.mobileqq,discharging,0,37.1,45.3,100,95,1,36.68,0.96,1.22,0,4.013,0.442,1.773746,13007,4760,0,-,1
23:43:32.617,snap,default,com.tencent.mobileqq,discharging,0,37.1,44.9,100,95,1,36.68,0.96,1.22,0,4.013,0.398,1.597174,13007,4760,0,-,1
23:43:33.617,snap,default,com.tencent.mobileqq,discharging,0,37.1,44.9,100,95,1,34.93,0.97,1.36,0,4.02,0.282,1.13364,8348,2849,0,-,1
23:43:34.618,snap,default,com.tencent.mobileqq,discharging,0,37.1,44.9,100,95,1,34.93,0.97,1.36,0,4.019,0.36,1.44684,8348,2849,0,-,1
23:43:35.619,snap,default,com.tencent.mobileqq,discharging,0,37.1,44.9,100,95,1,34.4,0.97,2.2,0,4.004,0.49,1.9619601,12040,3574,0,-,1
23:43:37.417,snap,default,com.tencent.mobileqq,discharging,1,37.1,44.2,100,95,1,34.4,0.97,2.2,0,4.021,0.282,1.133922,12040,3574,0,-,3
23:43:38.998,snap,default,com.tencent.mobileqq,discharging,0,37.1,43.8,100,95,1,30.88,0.98,1.8,0,4.02,0.316,1.27032,8014,2848,0,-,1
23:43:39.999,snap,default,com.tencent.mobileqq,discharging,0,37.1,43.8,100,95,1,31.81,0.98,1.47,0,4.031,0.206,0.83038604,7932,2307,0,-,1
23:43:41.000,snap,default,com.tencent.mobileqq,discharging,0,37.1,43,100,95,1,31.81,0.98,1.47,0,4.028,0.248,0.9989439,7932,2307,0,-,1
23:43:42.000,snap,default,com.tencent.mobileqq,discharging,0,37.1,43,100,95,1,36.19,0.98,1.2,0,4.023,0.262,1.0540259,4806,1580,0,-,1
23:43:43.001,snap,default,com.tencent.mobileqq,discharging,0,37.1,43,100,95,1,36.19,0.98,1.2,0,4.027,0.212,0.853724,4806,1580,0,-,1
23:43:44.600,snap,default,com.tencent.mobileqq,discharging,1,37.1,43,100,95,1,33.8,1.17,0.98,0,4.019,0.304,1.221776,3699,966,0,-,1
23:43:45.639,snap,default,com.tencent.mobileqq,discharging,0,37.1,43,100,95,1,33.8,1.17,0.98,0,4.015,0.35,1.40525,3699,966,0,-,1
23:43:46.640,snap,default,com.tencent.mobileqq,discharging,0,37.1,43,100,95,1,37.64,1.14,0.81,0,4.025,0.238,0.95795006,9705,3010,0,-,1
23:43:47.640,snap,default,com.tencent.mobileqq,discharging,0,37.1,42.6,100,95,1,37.64,1.14,0.81,0,4.022,0.25,1.0055,4581,1260,0,-,1
23:43:48.815,snap,default,com.tencent.mobileqq,discharging,0,37.1,43,100,95,1,43.32,0.93,0.66,0,4.021,0.284,1.141964,4581,1260,0,-,1
23:43:49.815,snap,default,com.tencent.mobileqq,discharging,0,37.1,43,100,95,1,43.32,0.93,0.66,0,4.019,0.306,1.229814,9663,3036,0,-,1
23:43:50.816,snap,default,com.tencent.mobileqq,discharging,0,37.1,43,100,95,1,47.43,0.76,0.54,0,4.021,0.326,1.310846,9663,3036,0,-,1
23:43:51.816,snap,default,com.tencent.mobileqq,discharging,0,37,43,100,95,1,47.43,0.76,0.54,0,4.022,0.306,1.230732,5510,1100,0,-,1
23:43:52.817,snap,default,com.tencent.mobileqq,discharging,0,37,43,100,95,1,45.54,0.62,0.44,0,4.017,0.308,1.237236,5510,1100,0,-,1
23:43:53.818,snap,default,com.tencent.mobileqq,discharging,0,37,42.6,100,95,1,45.54,0.62,0.44,0,4.02,0.26,1.0452,5470,1696,0,-,1
23:43:55.254,snap,default,com.tencent.mobileqq,discharging,0,37,42.6,100,95,1,40.73,0.69,0.36,0,4.035,0.16,0.64559996,5470,1696,0,-,1
23:43:56.254,snap,default,com.tencent.mobileqq,discharging,0,37,42.2,100,95,1,36.79,0.93,0.29,0,4.028,0.244,0.98283195,9348,3208,0,-,1
23:43:57.256,snap,default,com.tencent.mobileqq,discharging,0,37,42.2,100,95,1,36.79,0.93,0.29,0,4.026,0.254,1.022604,9348,3208,0,-,1
23:43:58.258,snap,default,com.tencent.mobileqq,discharging,0,37,41.8,100,95,1,31.76,0.76,0.24,0,4.033,0.138,0.55655396,3232,886,0,-,1
23:43:59.259,snap,default,com.tencent.mobileqq,discharging,0,37,41.4,100,95,1,31.76,0.76,0.24,0,4.026,0.188,0.756888,3232,886,0,-,1
23:44:00.259,snap,default,com.tencent.mobileqq,discharging,0,37,41.4,100,95,1,27.99,0.62,0.19,0,4.024,0.18,0.72432005,7228,3081,0,-,1
23:44:01.260,snap,default,com.tencent.mobileqq,discharging,0,37,41.8,100,95,1,27.99,0.62,0.19,0,4.02,0.322,1.29444,7228,3081,0,-,1
23:44:02.261,snap,default,com.tencent.mobileqq,discharging,0,37,41.8,100,95,1,27.09,0.87,0.16,0,4.023,0.262,1.0540259,7228,3081,0,-,1
23:44:03.262,snap,default,com.tencent.mobileqq,discharging,0,37,42.2,100,95,1,27.09,0.87,0.16,0,4.026,0.21,0.84546,9197,3786,0,-,1
23:44:05.063,snap,default,com.tencent.mobileqq,discharging,0,37,41.4,100,95,1,24.17,1.43,0.13,0,4.026,0.21,0.84546,9197,3786,0,-,1
23:44:06.063,snap,default,com.tencent.mobileqq,discharging,0,37,41.8,100,95,1,24.17,1.43,0.13,0,4.039,0.198,0.799722,8747,4127,0,-,1
23:44:07.063,snap,default,com.tencent.mobileqq,discharging,0,37,41.4,100,95,1,24.17,1.43,0.13,0,4.021,0.308,1.2384679,8747,4127,0,-,1
23:44:08.063,snap,default,com.tencent.mobileqq,discharging,0,37,41.4,100,95,1,24.14,1.35,0.1,0,4.026,0.216,0.86961603,8329,3012,0,-,1
23:44:09.064,snap,default,com.tencent.mobileqq,discharging,0,37,41.4,100,95,1,24.14,1.35,0.1,0,4.027,0.22,0.88593996,8329,3012,0,-,1
23:44:10.064,snap,default,com.tencent.mobileqq,discharging,0,37,41.4,100,95,1,21.4,1.47,0.08,0,4.028,0.2,0.8056,4211,1511,0,-,1
23:44:11.065,snap,default,com.tencent.mobileqq,discharging,0,37,41.4,100,95,1,21.4,1.47,0.08,0,4.029,0.224,0.902496,4211,1511,0,-,1
23:44:12.849,snap,default,com.tencent.mobileqq,discharging,0,37,41.4,100,95,1,20.24,1.57,0.07,0,4.02,0.296,1.1899201,8661,4290,0,-,1
23:44:14.912,snap,default,com.tencent.mobileqq,discharging,0,36.9,40.6,100,95,1,20.24,1.57,0.07,0,4.04,0.102,0.41208,8661,4290,0,-,1
23:44:15.913,snap,default,com.tencent.mobileqq,discharging,0,36.9,40.6,100,95,1,19.29,1.64,0.05,0,4.036,0.17,0.68612,11593,5174,0,-,1
23:44:18.612,snap,default,com.tencent.mobileqq,discharging,0,36.9,41,100,95,1,18.87,1.53,0.04,0,4.025,0.284,1.1431,11593,5174,0,-,1
23:44:20.061,snap,default,com.tencent.mobileqq,discharging,0,36.9,41,100,95,1,18.87,1.53,0.04,0,4.039,0.114,0.460446,12131,6585,0,-,1
23:44:21.539,snap,default,com.tencent.mobileqq,discharging,0,36.9,41,100,95,1,18.89,1.61,0.03,0,4.034,0.182,0.73418796,12131,6585,0,-,1
23:44:22.541,snap,default,com.tencent.mobileqq,discharging,0,36.9,41,100,95,1,17.64,1.68,0.03,0,4.034,0.182,0.73418796,9597,4745,0,-,1
23:44:23.593,snap,default,com.tencent.mobileqq,discharging,0,36.9,41,100,95,1,17.64,1.68,0.03,0,4.031,0.198,0.798138,9597,4745,0,-,1
23:44:25.323,snap,default,com.tencent.mobileqq,discharging,0,36.9,41,100,95,1,17.64,1.68,0.03,0,4.031,0.232,0.935192,6491,2865,0,-,1
23:44:27.158,snap,default,com.tencent.mobileqq,discharging,0,36.9,41,100,95,1,17.16,1.92,0.02,0,4.025,0.188,0.7567,6491,2865,0,-,1
23:44:28.879,snap,default,com.tencent.mobileqq,discharging,0,36.8,41,100,95,1,17.16,1.92,0.02,0,4.036,0.192,0.77491194,14701,4844,0,-,1
23:44:29.880,snap,default,com.tencent.mobileqq,discharging,0,36.8,41,100,95,1,19.13,2.11,0.2,0,4.022,0.196,0.78831196,14701,4844,0,-,1
23:44:30.881,snap,default,com.tencent.mobileqq,discharging,0,36.8,40.6,100,95,1,19.13,2.11,0.2,0,4.026,0.232,0.93403196,4647,1286,0,-,1
23:44:31.881,snap,default,com.tencent.mobileqq,discharging,0,36.8,40.6,100,95,1,18.74,1.73,0.16,0,4.026,0.24,0.96624,4647,1286,0,-,1
23:44:32.882,snap,default,com.tencent.mobileqq,discharging,0,36.8,41.4,100,95,1,18.74,1.73,0.16,0,4.024,0.286,1.1508641,7124,2118,0,-,1
23:44:33.882,snap,default,com.tencent.mobileqq,discharging,0,36.8,41.4,100,95,1,18.42,1.42,0.13,0,4.021,0.314,1.262594,7124,2118,0,-,1
23:44:35.835,snap,default,com.tencent.mobileqq,discharging,1,36.8,41.4,100,95,1,17.08,1.34,1.01,0,4.021,0.224,0.900704,7796,2653,0,-,1
23:44:36.956,snap,default,com.tencent.mobileqq,discharging,0,36.8,41,100,95,1,17.08,1.34,1.01,0,4.028,0.316,1.272848,7796,2653,0,-,1
23:44:37.957,snap,default,com.tencent.mobileqq,discharging,0,36.8,41.4,100,95,1,17.61,1.64,0.83,0,4.025,0.258,1.03845,6740,3154,0,-,1
23:44:38.958,snap,default,com.tencent.mobileqq,discharging,0,36.8,41.4,100,95,1,20.76,1.52,0.68,0,4.026,0.266,1.070916,6740,3154,0,-,1
23:44:39.958,snap,default,com.tencent.mobileqq,discharging,0,36.8,41.4,100,95,1,20.76,1.52,0.68,0,4.031,0.182,0.733642,5522,1775,0,-,1
23:44:40.958,snap,default,com.tencent.mobileqq,discharging,0,36.8,41.4,100,95,1,18.44,1.25,0.55,0,4.025,0.218,0.87745,5522,1775,0,-,3
23:44:42.155,snap,default,com.tencent.mobileqq,discharging,1,36.8,41.4,100,95,1,18.44,1.25,0.55,9,4,0.572,2.288,5522,1775,0,-,2
23:44:43.161,snap,default,com.tencent.mobileqq,discharging,1,36.8,41.4,100,95,1,27.42,1.38,1.72,26,3.953,1.13,4.46689,31091,14759,0,-,2
23:44:44.163,snap,default,com.tencent.mobileqq,discharging,1,36.8,41.4,100,95,1,27.42,1.38,1.72,18,3.874,2.288,8.863712,31091,14759,0,-,2
23:44:45.163,snap,default,com.tencent.mobileqq,discharging,1,36.8,41.4,100,95,1,35.86,1.49,3.76,21,3.874,2.324,9.003176,31091,14759,0,-,2
23:44:46.170,snap,default,com.tencent.mobileqq,discharging,1,36.8,41.4,100,95,1,35.86,1.49,3.76,3,3.993,0.882,3.521826,43325,16212,0,-,2
23:44:47.171,snap,default,com.tencent.mobileqq,discharging,1,36.8,41.4,100,95,1,36.25,1.4,3.62,18,3.923,1.474,5.782502,43325,16212,0,-,2
23:44:48.172,snap,default,com.tencent.mobileqq,discharging,1,36.8,41.4,100,95,1,36.25,1.4,3.62,36,3.878,2.482,9.625196,33240,16871,0,-,2
23:44:49.172,snap,default,com.tencent.mobileqq,discharging,1,36.8,41.4,100,95,1,39.46,1.69,4.78,40,3.894,1.94,7.5543604,33240,16871,0,-,2
23:44:50.172,snap,default,me.weishu.kernelsu,discharging,1,36.8,41.4,100,95,1,39.46,1.69,4.78,19,3.891,2.008,7.8131275,40826,17105,0,-,2
23:44:51.172,snap,default,me.weishu.kernelsu,discharging,1,36.8,41.4,100,95,1,37.38,3.38,6.27,5,3.898,1.846,7.195708,40826,17105,0,-,2
23:44:52.173,snap,default,me.weishu.kernelsu,discharging,1,36.8,41.4,100,95,1,37.38,3.38,6.27,0,3.898,1.846,7.195708,38805,12968,0,-,2
23:44:53.173,snap,default,me.weishu.kernelsu,discharging,1,36.8,41.4,100,95,1,37.38,3.38,6.27,0,3.955,1.332,5.2680597,38805,12968,0,-,2
23:44:54.173,snap,default,me.weishu.kernelsu,discharging,1,36.8,41.4,100,95,1,34.05,3.31,5.67,10,3.978,0.8,3.1824,24618,13465,0,-,2
23:44:55.173,snap,default,me.weishu.kernelsu,discharging,1,36.8,41.4,100,95,1,34.05,3.31,5.67,15,3.962,1.014,4.017468,24618,13465,0,-,2
23:44:56.173,snap,default,me.weishu.kernelsu,discharging,1,36.8,44.4,100,95,1,31.87,2.71,4.64,21,3.957,0.904,3.577128,23160,14324,0,-,2
23:44:57.173,snap,default,me.weishu.kernelsu,discharging,1,36.8,47.4,100,95,1,31.87,2.71,4.64,19,3.982,0.784,3.121888,23160,14324,0,-,2
23:44:58.173,snap,default,me.weishu.kernelsu,discharging,1,36.8,50.4,100,95,1,29.17,2.22,3.8,25,3.96,1.018,4.03128,24863,16532,0,-,2
23:44:59.174,snap,default,me.weishu.kernelsu,discharging,1,36.8,53.4,100,95,1,29.17,2.22,3.8,26,3.958,1.052,4.163816,24863,16532,0,-,2
23:45:00.174,snap,default,me.weishu.kernelsu,discharging,1,36.8,54,100,95,1,27.69,1.81,3.11,27,3.967,1.032,4.0939436,28124,16992,0,-,2
23:45:01.174,snap,default,me.weishu.kernelsu,discharging,1,36.8,54,100,95,1,27.69,1.81,3.11,26,3.969,0.876,3.476844,28124,16992,0,-,2
23:45:02.174,snap,default,me.weishu.kernelsu,discharging,1,36.8,53.2,100,95,1,26.3,1.48,2.55,27,3.958,1.108,4.385464,26071,16408,0,-,2
23:45:03.175,snap,default,me.weishu.kernelsu,discharging,1,36.8,52.8,100,95,1,26.3,1.48,2.55,26,3.97,0.88,3.4936,26071,16408,0,-,2
23:45:04.175,snap,default,me.weishu.kernelsu,discharging,1,36.8,52.1,100,95,1,24.61,1.21,2.08,26,3.973,0.84,3.3373199,24016,14351,0,-,2
23:45:05.175,snap,default,me.weishu.kernelsu,discharging,1,36.9,52.1,100,95,1,24.61,1.21,2.08,26,3.983,0.82,3.26606,24016,14351,0,-,2
23:45:06.175,snap,default,me.weishu.kernelsu,discharging,1,36.9,52.1,100,95,1,23.41,0.99,1.71,26,3.966,0.834,3.3076441,21236,13605,0,-,2
23:45:07.175,snap,default,me.weishu.kernelsu,discharging,1,36.9,52.4,100,95,1,23.41,0.99,1.71,22,3.971,0.936,3.716856,21236,13605,0,-,2
23:45:08.175,snap,default,me.weishu.kernelsu,discharging,1,36.9,52.8,100,95,1,22.79,0.81,1.4,26,3.97,0.812,3.22364,21678,14441,0,-,2
23:45:09.175,snap,default,me.weishu.kernelsu,discharging,1,36.9,52.8,100,95,1,21.74,0.66,1.14,26,3.965,0.898,3.56057,21678,14441,0,-,2
23:45:10.175,snap,default,me.weishu.kernelsu,discharging,1,36.9,54.8,100,95,1,21.74,0.66,1.14,27,3.937,1.152,4.5354238,21678,14441,0,-,2
23:45:11.176,snap,default,me.weishu.kernelsu,discharging,1,36.9,54.8,100,95,1,20.7,0.54,0.93,27,3.96,1.042,4.1263204,28939,18558,0,-,2
23:45:12.176,snap,default,me.weishu.kernelsu,discharging,1,36.9,55.2,100,95,1,20.7,0.54,0.93,26,3.96,0.992,3.92832,28939,18558,0,-,2
23:45:13.176,snap,default,me.weishu.kernelsu,discharging,1,36.9,55.2,100,95,1,20.21,0.44,0.76,27,3.957,1.092,4.321044,26547,17805,0,-,2
23:45:14.176,snap,default,me.weishu.kernelsu,discharging,1,36.9,56.8,100,95,1,20.21,0.44,0.76,28,3.946,1.182,4.664172,26547,17805,0,-,2
23:45:15.176,snap,default,me.weishu.kernelsu,discharging,1,36.9,58,100,95,1,19.99,0.36,0.62,28,3.954,1.118,4.4205723,31769,20609,0,-,2
23:45:16.177,snap,default,me.weishu.kernelsu,discharging,1,36.9,58,100,95,1,19.99,0.36,0.62,27,3.947,1.152,4.5469437,31769,20609,0,-,2
23:45:17.177,snap,default,me.weishu.kernelsu,discharging,1,36.9,57.2,100,95,1,19.45,0.29,0.51,27,3.974,0.898,3.568652,28160,18961,0,-,2
23:45:18.177,snap,default,me.weishu.kernelsu,discharging,1,36.9,54.8,100,95,1,19.45,0.29,0.51,26,3.967,0.922,3.657574,28160,18961,0,-,2
23:45:19.177,snap,default,me.weishu.kernelsu,discharging,1,36.9,54,100,95,1,19,0.24,0.42,27,3.968,0.852,3.3807359,23243,15765,0,-,2
23:45:20.177,snap,default,me.weishu.kernelsu,discharging,1,37,53.2,100,95,1,19,0.24,0.42,26,3.974,0.81,3.21894,23243,15765,0,-,2
23:45:21.177,snap,default,me.weishu.kernelsu,discharging,1,37,52.1,100,95,1,18.46,0.2,0.34,26,3.969,0.758,3.0085022,20967,13798,0,-,2
23:45:22.177,snap,default,me.weishu.kernelsu,discharging,1,37,51.7,100,95,1,18.46,0.2,0.34,26,3.972,0.798,3.1696558,20967,13798,0,-,2
23:45:23.178,snap,default,me.weishu.kernelsu,discharging,1,37,51.7,100,95,1,17.65,0.16,0.28,26,3.972,0.798,3.1696558,19113,13314,0,-,2
23:45:24.178,snap,default,me.weishu.kernelsu,discharging,1,37,51.7,100,95,1,17.65,0.16,0.28,26,3.972,0.756,3.002832,19113,13314,0,-,2
23:45:25.178,snap,default,me.weishu.kernelsu,discharging,1,37,51.7,100,95,1,17.65,0.16,0.28,26,3.986,0.664,2.646704,19413,13349,0,-,2
23:45:26.178,snap,default,me.weishu.kernelsu,discharging,1,37,52.1,100,95,1,16.99,0.13,0.23,19,3.958,0.92,3.64136,19413,13349,0,-,2
23:45:27.178,snap,default,me.weishu.kernelsu,discharging,1,37,52.1,100,95,1,16.99,0.13,0.23,27,3.967,0.916,3.6337721,22131,15869,0,-,2
23:45:28.178,snap,default,me.weishu.kernelsu,discharging,1,37,52.4,100,95,1,16.81,0.1,0.18,27,3.963,0.802,3.178326,22131,15869,0,-,2
23:45:29.179,snap,default,me.weishu.kernelsu,discharging,1,37,55.4,100,95,1,16.81,0.1,0.18,27,3.951,1.122,4.433022,26233,19252,0,-,2
23:45:30.179,snap,default,me.weishu.kernelsu,discharging,1,37,56,100,95,1,17.02,0.08,0.15,28,3.95,1.024,4.0448003,26233,19252,0,-,2
23:45:31.179,snap,default,me.weishu.kernelsu,discharging,1,37.1,55.6,100,95,1,17.02,0.08,0.15,28,3.957,0.984,3.8936882,25338,18604,0,-,2
23:45:32.179,snap,default,me.weishu.kernelsu,discharging,1,37.1,55.2,100,95,1,17.02,0.07,0.12,28,3.956,0.948,3.7502882,25338,18604,0,-,2
23:45:33.180,snap,default,me.weishu.kernelsu,discharging,1,37.1,54.4,100,95,1,17.02,0.07,0.12,27,3.963,0.942,3.733146,24194,17300,0,-,2
23:45:34.179,snap,default,me.weishu.kernelsu,discharging,1,37.1,53.6,100,95,1,17.19,0.05,0.1,28,3.963,0.944,3.7410722,24194,17300,0,-,2
23:45:35.179,snap,default,me.weishu.kernelsu,discharging,1,37.1,53.2,100,95,1,17.19,0.05,0.1,27,3.973,0.858,3.408834,22238,15634,0,-,2
23:45:36.180,snap,default,me.weishu.kernelsu,discharging,1,37.1,53.2,100,95,1,17.16,0.04,0.08,27,3.967,0.874,3.467158,22238,15634,0,-,2
23:45:37.180,snap,default,me.weishu.kernelsu,discharging,1,37.2,54.8,100,95,1,17.16,0.04,0.08,28,3.969,0.942,3.738798,22238,15634,0,-,2
23:45:38.180,snap,default,me.weishu.kernelsu,discharging,1,37.2,54.8,100,95,1,16.95,0.03,0.06,28,3.964,0.924,3.6627362,25052,17957,0,-,2
23:45:39.181,snap,default,me.weishu.kernelsu,discharging,1,37.2,52.8,100,95,1,16.95,0.03,0.06,28,3.968,0.924,3.6664321,25052,17957,0,-,2
23:45:40.180,snap,default,me.weishu.kernelsu,discharging,1,37.2,52.8,100,95,1,17.14,0.03,0.05,27,3.966,0.866,3.434556,22163,15544,0,-,2
23:45:41.181,snap,default,me.weishu.kernelsu,discharging,1,37.2,53.6,100,95,1,16.93,0.02,0.04,28,3.967,0.87,3.4512901,22163,15544,0,-,2
23:45:42.181,snap,default,me.weishu.kernelsu,discharging,1,37.2,54.4,100,95,1,16.93,0.02,0.04,28,3.958,1.004,3.9738317,24406,16804,0,-,2
23:45:43.182,snap,default,me.weishu.kernelsu,discharging,1,37.2,54.8,100,95,1,17.12,0.02,0.03,28,3.963,0.964,3.820332,24406,16804,0,-,2
23:45:44.182,snap,default,me.weishu.kernelsu,discharging,1,37.2,55.2,100,95,1,17.12,0.02,0.03,28,3.954,1.024,4.0488963,25794,18344,0,-,2
23:45:45.182,snap,default,me.weishu.kernelsu,discharging,1,37.2,55.2,100,95,1,17.1,0.01,0.03,29,3.96,0.978,3.87288,25794,18344,0,-,2
23:45:46.182,snap,default,me.weishu.kernelsu,discharging,1,37.2,55.6,100,95,1,17.1,0.01,0.03,27,3.955,0.952,3.76516,23336,16286,0,-,2
23:45:47.182,snap,default,me.weishu.kernelsu,discharging,1,37.2,54.4,100,95,1,17.08,0.01,0.02,28,3.958,1.024,4.0529923,23336,16286,0,-,2
23:45:48.184,snap,default,me.weishu.kernelsu,discharging,1,37.2,54.4,100,95,1,17.08,0.01,0.02,28,3.969,0.824,3.270456,23630,16206,0,-,2
23:45:49.183,snap,default,me.weishu.kernelsu,discharging,1,37.2,53.2,100,95,1,16.7,0.01,0.01,27,3.969,0.78,3.09582,23630,16206,0,-,2
23:45:50.183,snap,default,me.weishu.kernelsu,discharging,1,37.2,52.4,100,95,1,16.7,0.01,0.01,27,3.966,0.814,3.2283242,19582,13588,0,-,2
23:45:51.184,snap,default,me.weishu.kernelsu,discharging,1,37.2,52.1,100,95,1,16.21,0,0.01,26,3.976,0.708,2.8150082,19582,13588,0,-,2
23:45:52.184,snap,default,me.weishu.kernelsu,discharging,1,37.2,50.9,100,95,1,16.21,0,0.01,20,3.979,0.614,2.4431062,15586,10418,0,-,2
23:45:53.184,snap,default,me.weishu.kernelsu,discharging,1,37.2,50.5,100,95,1,19.07,0,0.01,13,3.979,0.614,2.4431062,15586,10418,0,-,2
23:45:54.184,snap,default,me.weishu.kernelsu,discharging,1,37.2,50.1,100,95,1,19.07,0,0.01,13,3.98,0.69,2.7462,15204,7119,0,-,2
23:45:55.185,snap,default,me.weishu.kernelsu,discharging,1,37.2,49.3,100,95,1,19.07,0,0.01,13,3.981,0.652,2.595612,15204,7119,0,-,2
23:45:56.185,snap,default,me.weishu.kernelsu,discharging,1,37.2,48.9,100,95,1,18.7,0,0.01,14,3.987,0.574,2.288538,12636,7700,0,-,2
23:45:57.185,snap,default,me.weishu.kernelsu,discharging,1,37.3,48.9,100,95,1,18.7,0,0.01,13,3.994,0.552,2.2046878,12636,7700,0,-,2
23:45:58.185,snap,default,me.weishu.kernelsu,discharging,1,37.3,49.3,100,95,1,17.84,0,0,14,3.988,0.536,2.137568,12606,7469,0,-,2
23:45:59.185,snap,default,me.weishu.kernelsu,discharging,1,37.3,49.3,100,95,1,17.84,0,0,13,3.987,0.684,2.727108,12606,7469,0,-,2
23:46:00.186,snap,default,me.weishu.kernelsu,discharging,1,37.3,48.5,100,95,1,16.78,0,0,14,3.992,0.524,2.091808,12184,7032,0,-,2
23:46:01.186,snap,default,me.weishu.kernelsu,discharging,1,37.3,48.1,100,95,1,16.78,0,0,14,3.985,0.562,2.23957,12184,7032,0,-,2
23:46:02.186,snap,default,me.weishu.kernelsu,discharging,1,37.3,47.7,100,95,1,16.1,0,0,14,3.994,0.51,2.0369399,12184,7032,0,-,2
23:46:03.186,snap,default,me.weishu.kernelsu,discharging,1,37.3,47.7,100,95,1,16.1,0,0,14,3.997,0.496,1.982512,11347,6684,0,-,2
23:46:04.187,snap,default,me.weishu.kernelsu,discharging,1,37.3,47.7,100,95,1,15.54,0,0,14,3.987,0.572,2.280564,11347,6684,0,-,2
23:46:05.187,snap,default,me.weishu.kernelsu,discharging,1,37.3,47.3,100,95,1,15.54,0,0,14,3.999,0.506,2.023494,11062,6677,0,-,2
23:46:06.187,snap,default,me.weishu.kernelsu,discharging,1,37.3,47.3,100,95,1,15.07,0,0,14,3.992,0.53,2.1157598,11062,6677,0,-,2
23:46:07.187,snap,default,me.weishu.kernelsu,discharging,1,37.4,47.3,100,95,1,15.07,0,0,14,3.997,0.512,2.0464642,11160,6457,0,-,2
23:46:08.187,snap,default,me.weishu.kernelsu,discharging,1,37.4,47.3,100,95,1,14.52,0,0,14,3.996,0.522,2.085912,11160,6457,0,-,2
23:46:09.187,snap,default,me.weishu.kernelsu,discharging,1,37.4,47.3,100,95,1,14.52,0,0,14,3.997,0.478,1.910566,10901,6326,0,-,2
23:46:10.187,snap,default,me.weishu.kernelsu,discharging,1,37.4,46.9,100,95,1,14.24,0,0,14,3.987,0.536,2.137032,10901,6326,0,-,2
23:46:11.188,snap,default,me.weishu.kernelsu,discharging,1,37.4,46.9,100,95,1,14.24,0,0,14,3.999,0.498,1.991502,11011,6489,0,-,2
23:46:12.188,snap,default,me.weishu.kernelsu,discharging,1,37.4,46.9,100,95,1,14.01,0,0,14,3.989,0.53,2.1141698,11011,6489,0,-,2
23:46:13.188,snap,default,me.weishu.kernelsu,discharging,1,37.4,46.9,100,95,1,13.83,0,0,14,3.996,0.492,1.966032,11070,6781,0,-,2
23:46:14.189,snap,default,me.weishu.kernelsu,discharging,1,37.4,46.9,100,95,1,13.83,0,0,14,3.991,0.54,2.1551402,11070,6781,0,-,2
23:46:15.188,snap,default,me.weishu.kernelsu,discharging,1,37.4,47.3,100,95,1,14.04,0,0,14,3.998,0.56,2.23888,12031,7077,0,-,2
23:46:16.189,snap,default,me.weishu.kernelsu,discharging,1,37.4,47.3,100,95,1,14.04,0,0,13,3.915,1.52,5.9508,12031,7077,0,-,2
23:46:17.189,snap,default,me.weishu.kernelsu,discharging,1,37.4,50.3,100,95,1,17.47,0.54,0.72,11,3.969,0.882,3.5006583,34445,12415,0,-,2
23:46:18.189,snap,default,me.weishu.kernelsu,discharging,1,37.4,51.7,100,95,1,17.47,0.54,0.72,15,3.984,0.578,2.302752,34445,12415,0,-,2
23:46:19.190,snap,default,me.weishu.kernelsu,discharging,1,37.4,49.3,100,95,1,16.66,0.44,0.59,15,3.99,0.474,1.89126,12028,7274,0,-,2
23:46:20.191,snap,default,me.weishu.kernelsu,discharging,1,37.4,49.3,100,95,1,16.66,0.44,0.59,14,3.977,0.642,2.553234,12028,7274,0,-,2
23:46:21.190,snap,default,me.weishu.kernelsu,discharging,1,37.4,49.3,100,95,1,17.63,0.36,0.48,14,3.987,0.614,2.448018,13939,7096,0,-,2
23:46:22.190,snap,default,me.weishu.kernelsu,discharging,1,37.4,50.9,100,95,1,17.63,0.36,0.48,14,3.957,1.08,4.27356,13939,7096,0,-,2
23:46:23.192,snap,default,me.weishu.kernelsu,discharging,1,37.4,52.1,100,95,1,21.5,0.66,1.12,14,3.957,1.08,4.27356,26027,9931,0,-,2
23:46:24.192,snap,default,me.weishu.kernelsu,discharging,1,37.4,50.9,100,95,1,21.5,0.66,1.12,14,3.966,0.82,3.25212,26027,9931,0,-,2
23:46:25.193,snap,default,me.weishu.kernelsu,discharging,1,37.4,49.7,100,95,1,21.5,0.66,1.12,15,3.984,0.636,2.533824,15035,7532,0,-,2
23:46:26.193,snap,default,me.weishu.kernelsu,discharging,1,37.4,48.9,100,95,1,19.96,0.54,0.91,14,3.991,0.522,2.083302,15035,7532,0,-,2
23:46:27.192,snap,default,me.weishu.kernelsu,discharging,1,37.4,48.5,100,95,1,19.96,0.54,0.91,14,3.991,0.58,2.31478,14038,7462,0,-,2
23:46:28.192,snap,default,me.weishu.kernelsu,discharging,1,37.4,48.5,100,95,1,19.24,0.44,0.75,13,3.988,0.578,2.305064,14038,7462,0,-,2
23:46:29.193,snap,default,me.weishu.kernelsu,discharging,1,37.4,48.5,100,95,1,19.24,0.44,0.75,13,3.986,0.616,2.455376,14038,7462,0,-,2
23:46:30.194,snap,default,me.weishu.kernelsu,discharging,1,37.4,48.5,100,95,1,17.38,0.36,0.61,14,3.989,0.562,2.241818,12718,5661,0,-,2
23:46:31.194,snap,default,me.weishu.kernelsu,discharging,1,37.4,48.5,100,95,1,17.38,0.36,0.61,13,3.992,0.606,2.419152,12718,5661,0,-,2
23:46:32.195,snap,default,me.weishu.kernelsu,discharging,1,37.4,48.5,100,95,1,15.68,0.29,0.5,14,3.978,0.678,2.697084,12862,6098,0,-,2
23:46:33.195,snap,default,me.weishu.kernelsu,discharging,1,37.4,48.5,100,95,1,15.68,0.29,0.5,14,3.995,0.522,2.08539,12862,6098,0,-,2
23:46:34.196,snap,default,me.weishu.kernelsu,discharging,1,37.4,47.7,100,95,1,14.65,0.24,0.41,14,3.989,0.558,2.2258623,12277,6824,0,-,2
23:46:35.195,snap,default,me.weishu.kernelsu,discharging,1,37.4,47.3,100,95,1,14.65,0.24,0.41,14,3.991,0.552,2.203032,12277,6824,0,-,2
23:46:36.197,snap,default,me.weishu.kernelsu,discharging,1,37.4,47.3,100,95,1,14.17,0.19,0.33,14,3.988,0.528,2.105664,11313,6707,0,-,2
23:46:37.196,snap,default,me.weishu.kernelsu,discharging,1,37.4,47.3,100,95,1,14.17,0.19,0.33,14,3.99,0.534,2.1306598,11313,6707,0,-,2
23:46:38.199,snap,default,me.weishu.kernelsu,discharging,1,37.4,47.3,100,95,1,13.78,0.16,0.27,14,3.991,0.53,2.1152298,11166,6635,0,-,2
23:46:39.199,snap,default,me.weishu.kernelsu,discharging,1,37.4,49.7,100,95,1,13.78,0.16,0.27,13,3.947,0.966,3.812802,11166,6635,0,-,2
23:46:40.200,snap,default,me.weishu.kernelsu,discharging,1,37.4,49.7,100,95,1,15.99,0.13,0.4,13,3.974,0.774,3.075876,21724,9315,0,-,2
23:46:41.200,snap,default,me.weishu.kernelsu,discharging,1,37.4,50.5,100,95,1,15.99,0.13,0.4,13,3.966,0.872,3.458352,21724,9315,0,-,2
23:46:42.200,snap,default,me.weishu.kernelsu,discharging,1,37.4,50.5,100,95,1,16.17,0.1,0.51,14,3.972,0.816,3.2411518,18829,9305,0,-,2
23:46:43.200,snap,default,me.weishu.kernelsu,discharging,1,37.4,49.7,100,95,1,15.05,0.08,0.42,13,3.97,0.78,3.0965998,18829,9305,0,-,2
23:46:44.201,snap,default,me.weishu.kernelsu,discharging,1,37.4,49.7,100,95,1,15.05,0.08,0.42,13,3.971,0.772,3.065612,18292,9275,0,-,2
23:46:45.201,snap,default,me.weishu.kernelsu,discharging,1,37.4,49.7,100,95,1,14.5,0.07,0.34,14,3.981,0.684,2.723004,18292,9275,0,-,2
23:46:46.201,snap,default,me.weishu.kernelsu,discharging,1,37.4,49.3,100,95,1,14.5,0.07,0.34,14,3.975,0.726,2.88585,16373,9547,0,-,2
23:46:47.204,snap,default,me.weishu.kernelsu,discharging,1,37.4,49.3,100,95,1,14.77,0.05,0.28,14,3.977,0.752,2.9907038,16373,9547,0,-,1
23:46:48.204,snap,default,me.weishu.kernelsu,discharging,1,37.4,52.3,100,95,1,14.77,0.05,0.28,14,3.95,1.386,5.4747005,30730,12152,0,-,3
23:46:49.206,snap,default,me.weishu.kernelsu,discharging,1,37.4,53.2,100,95,1,20.79,0.77,0.95,16,3.988,0.882,3.517416,30730,12152,0,-,3
23:46:50.206,snap,default,me.weishu.kernelsu,discharging,1,37.4,50.2,100,95,1,20.79,0.77,0.95,16,3.986,0.418,1.6661481,15879,5559,0,-,3
23:46:51.207,snap,default,me.weishu.kernelsu,discharging,1,37.4,48.9,100,95,1,20.28,0.63,0.78,0,4.003,0.386,1.5451579,15879,5559,0,-,4
23:46:52.207,snap,default,me.weishu.kernelsu,discharging,1,37.4,46.9,100,95,1,20.28,0.63,0.78,0,4.002,0.366,1.4647319,4979,1435,0,-,4
23:46:53.207,snap,default,me.weishu.kernelsu,discharging,1,37.4,46.9,100,95,1,17.88,0.51,0.64,13,4.002,0.366,1.4647319,4979,1435,0,-,3
23:46:54.207,snap,default,me.weishu.kernelsu,discharging,1,37.4,46.5,100,95,1,17.88,0.51,0.64,13,3.987,0.556,2.216772,9202,3247,0,-,3
23:46:55.522,snap,default,me.weishu.kernelsu,discharging,0,37.4,46.1,100,95,1,17.35,0.78,0.52,0,4.009,0.282,1.130538,9202,3247,0,-,1
23:46:56.523,snap,default,me.weishu.kernelsu,discharging,0,37.5,45.7,100,95,1,17.35,0.78,0.52,0,4.015,0.222,0.89133,8257,3830,0,-,1
23:46:57.523,snap,default,me.weishu.kernelsu,discharging,0,37.5,45.3,100,95,1,17.11,0.64,0.42,0,4.006,0.286,1.1457161,8257,3830,0,-,1
23:46:58.524,snap,default,me.weishu.kernelsu,discharging,0,37.5,44.6,100,95,1,17.11,0.64,0.42,0,4.012,0.23,0.92276,8265,3134,0,-,1
23:46:59.525,snap,default,me.weishu.kernelsu,discharging,0,37.5,44.2,100,95,1,16.18,0.89,0.35,0,4.012,0.21,0.84252,8265,3134,0,-,1
23:47:00.526,snap,default,me.weishu.kernelsu,discharging,0,37.5,43.8,100,95,1,16.18,0.89,0.35,0,4.013,0.22,0.88286,3953,1377,0,-,1
23:47:01.527,snap,default,me.weishu.kernelsu,discharging,0,37.5,43.8,100,95,1,15.42,1.09,0.28,0,4.013,0.22,0.88286,3953,1377,0,-,1
23:47:02.527,snap,default,me.weishu.kernelsu,discharging,0,37.5,43.8,100,95,1,15.42,1.09,0.28,0,4.017,0.18,0.7230601,7541,2787,0,-,1
23:47:03.529,snap,default,me.weishu.kernelsu,discharging,0,37.5,43.4,100,95,1,15.42,1.09,0.28,0,4.006,0.248,0.993488,7541,2787,0,-,1
23:47:04.529,snap,default,me.weishu.kernelsu,discharging,0,37.5,43.4,100,95,1,15.34,1.07,0.23,0,4.012,0.246,0.98695207,7541,2787,0,-,1
23:47:05.530,snap,default,me.weishu.kernelsu,discharging,0,37.5,43.4,100,95,1,15.34,1.07,0.23,0,4.012,0.228,0.91473603,5886,1909,0,-,1
23:47:06.530,snap,default,me.weishu.kernelsu,discharging,0,37.5,43.4,100,95,1,14.92,1.6,0.19,0,4.012,0.252,1.011024,5886,1909,0,-,1
23:47:07.532,snap,default,me.weishu.kernelsu,discharging,0,37.4,43.4,100,95,1,14.92,1.6,0.19,0,4.014,0.244,0.979416,5368,2064,0,-,1
23:47:08.532,snap,default,me.weishu.kernelsu,discharging,0,37.4,43,100,95,1,14.93,1.85,0.15,0,4.004,0.35,1.4014001,5368,2064,0,-,1
23:47:10.258,snap,default,me.weishu.kernelsu,discharging,0,37.4,43.4,100,95,1,14.93,1.85,0.15,0,4.013,0.294,1.179822,7856,2695,0,-,1
23:47:12.027,snap,default,me.weishu.kernelsu,discharging,0,37.4,43.4,100,95,1,14.22,2.78,2.3,0,4.015,0.204,0.81905997,7856,2695,0,-,1
23:47:13.028,snap,default,me.weishu.kernelsu,discharging,0,37.4,43.4,100,95,1,14.9,2.64,1.88,0,4.011,0.148,0.59362805,12177,5517,0,-,1
23:47:14.028,snap,default,me.weishu.kernelsu,discharging,0,37.4,43,100,95,1,14.9,2.64,1.88,0,4.013,0.29,1.16377,12177,5517,0,-,1
23:47:15.293,snap,default,me.weishu.kernelsu,discharging,0,37.4,43,100,95,1,14.2,2.16,1.54,0,4.017,0.172,0.69092405,6150,2621,0,-,1
23:47:16.542,snap,default,me.weishu.kernelsu,discharging,0,37.4,43,100,95,1,14.2,2.16,1.54,0,4.016,0.278,1.1164479,6150,2621,0,-,1
23:47:17.543,snap,default,me.weishu.kernelsu,discharging,0,37.4,43,100,95,1,14.88,2.31,1.26,0,4.007,0.27,1.08189,11416,5560,0,-,1
23:47:18.542,snap,default,me.weishu.kernelsu,discharging,0,37.4,43,100,95,1,14.88,2.31,1.26,0,4.007,0.28,1.12196,11416,5560,0,-,1
23:47:19.544,snap,default,me.weishu.kernelsu,discharging,0,37.4,43,100,95,1,15.45,2.26,1.03,0,4.015,0.254,1.01981,8227,2747,0,-,1
23:47:20.546,snap,default,me.weishu.kernelsu,discharging,0,37.4,42.6,100,95,1,15.45,2.26,1.03,0,4.015,0.19,0.76285,8227,2747,0,-,1
23:47:21.546,snap,default,me.weishu.kernelsu,discharging,0,37.4,42.6,100,95,1,14.28,2.75,0.84,0,4.019,0.196,0.787724,3484,886,0,-,1
23:47:23.210,snap,default,me.weishu.kernelsu,discharging,0,37.4,42.2,100,95,1,14.28,2.75,0.84,0,4.012,0.248,0.994976,3484,886,0,-,1
23:47:24.210,snap,default,me.weishu.kernelsu,discharging,0,37.4,42.2,100,95,1,13.5,2.8,0.69,0,4.011,0.192,0.77011204,7031,2844,0,-,1
23:47:25.211,snap,default,me.weishu.kernelsu,discharging,0,37.4,42.2,100,95,1,13.5,2.8,0.69,0,4.012,0.266,1.0671921,7031,2844,0,-,1
23:47:26.211,snap,default,me.weishu.kernelsu,discharging,0,37.4,42.2,100,95,1,14.14,2.47,0.56,0,4.017,0.154,0.618618,8948,3775,0,-,1
23:47:27.211,snap,default,me.weishu.kernelsu,discharging,0,37.4,42.2,100,95,1,14.14,2.47,0.56,0,4.02,0.13,0.5226,8948,3775,0,-,1
23:47:28.212,snap,default,me.weishu.kernelsu,discharging,0,37.4,41.8,100,95,1,13.2,2.02,0.46,0,4.018,0.158,0.63484406,2905,847,0,-,1
23:47:29.212,snap,default,me.weishu.kernelsu,discharging,0,37.4,41.8,100,95,1,13.17,1.65,0.37,0,4.009,0.222,0.88999796,2905,847,0,-,1
23:47:30.213,snap,default,me.weishu.kernelsu,discharging,0,37.3,41.8,100,95,1,13.17,1.65,0.37,0,4.004,0.318,1.273272,8023,2438,0,-,1
23:47:31.214,snap,default,me.weishu.kernelsu,discharging,0,37.3,42.6,100,95,1,13.13,1.72,0.31,0,4.015,0.21,0.84314996,8023,2438,0,-,1
23:47:32.214,snap,default,me.weishu.kernelsu,discharging,0,37.3,42.6,100,95,1,13.13,1.72,0.31,0,4.014,0.24,0.96335995,4517,1388,0,-,1
23:47:33.215,snap,default,me.weishu.kernelsu,discharging,0,37.3,42.6,100,95,1,12.57,1.77,0.25,0,4.017,0.194,0.77929807,4517,1388,0,-,1
23:47:34.215,snap,default,me.weishu.kernelsu,discharging,0,37.3,42.2,100,95,1,12.57,1.77,0.25,0,4.02,0.196,0.78792,3470,1011,0,-,1
23:47:35.216,snap,default,me.weishu.kernelsu,discharging,0,37.3,42.2,100,95,1,12.64,1.99,0.2,0,4.013,0.24,0.96312,3470,1011,0,-,1
23:47:36.216,snap,default,me.weishu.kernelsu,discharging,0,37.3,41.8,100,95,1,12.64,1.99,0.2,0,4.02,0.134,0.53868,7427,2980,0,-,1
23:47:37.217,snap,default,me.weishu.kernelsu,discharging,0,37.3,41.8,100,95,1,12.16,1.63,0.16,0,4.019,0.136,0.546584,7427,2980,0,-,1
23:47:38.217,snap,default,me.weishu.kernelsu,discharging,0,37.3,41.8,100,95,1,12.16,1.63,0.16,0,4.015,0.204,0.81905997,3334,988,0,-,1
23:47:39.218,snap,default,me.weishu.kernelsu,discharging,0,37.3,41.8,100,95,1,12.13,1.33,0.13,0,4.017,0.176,0.70699203,3334,988,0,-,1
23:47:40.219,snap,default,me.weishu.kernelsu,discharging,0,37.3,41.8,100,95,1,12.13,1.33,0.13,0,4.022,0.156,0.627432,4247,1407,0,-,1
23:47:41.220,snap,default,me.weishu.kernelsu,discharging,0,37.3,41.4,100,95,1,12.29,1.27,0.11,0,4.017,0.22,0.88374007,4247,1407,0,-,1
23:47:42.221,snap,default,me.weishu.kernelsu,discharging,0,37.3,41.8,100,95,1,12.29,1.27,0.11,0,4.017,0.22,0.88374007,6429,2144,0,-,1
23:47:43.221,snap,default,me.weishu.kernelsu,discharging,0,37.3,41.4,100,95,1,12.29,1.27,0.11,0,4.014,0.204,0.818856,6429,2144,0,-,1
23:47:44.222,snap,default,me.weishu.kernelsu,discharging,0,37.3,41.8,100,95,1,11.87,1.76,0.09,0,4.017,0.226,0.90784204,3751,1186,0,-,1
23:47:45.254,snap,default,me.weishu.kernelsu,discharging,0,37.3,41.8,100,95,1,11.87,1.76,0.09,0,4.013,0.222,0.890886,3751,1186,0,-,1
23:47:46.255,snap,default,me.weishu.kernelsu,discharging,0,37.3,41.8,100,95,1,11.53,1.99,0.07,0,4.015,0.216,0.86724,6313,2782,0,-,1
23:47:47.254,snap,default,me.weishu.kernelsu,discharging,0,37.3,42.2,100,95,1,11.53,1.99,0.07,0,4.014,0.232,0.93124795,6313,2782,0,-,1
23:47:48.255,snap,default,me.weishu.kernelsu,discharging,0,37.3,41.8,100,95,1,11.62,2.53,0.06,0,4.01,0.228,0.91428006,5646,1570,0,-,1
23:47:49.255,snap,default,me.weishu.kernelsu,discharging,0,37.3,41.8,100,95,1,11.62,2.53,0.06,0,4.014,0.232,0.93124795,5646,1570,0,-,1
23:47:50.256,snap,default,me.weishu.kernelsu,discharging,0,37.3,41.8,100,95,1,14.4,2.43,0.05,0,4.015,0.228,0.91542,4442,1331,0,-,1
23:47:51.257,snap,default,me.weishu.kernelsu,discharging,0,37.2,41.8,100,95,1,14.4,2.43,0.05,0,4.012,0.226,0.906712,4442,1331,0,-,1
23:47:52.257,snap,default,me.weishu.kernelsu,discharging,0,37.2,41.8,100,95,1,13.42,2.35,0.04,0,4.015,0.236,0.94754,4442,1331,0,-,1
23:47:53.258,snap,default,me.weishu.kernelsu,discharging,0,37.2,42.2,100,95,1,13.42,2.35,0.04,0,4.005,0.31,1.2415501,10806,3337,0,-,1
23:47:54.258,snap,default,me.weishu.kernelsu,discharging,0,37.2,42.2,100,95,1,13.71,1.93,0.03,0,4.012,0.29,1.16348,10806,3337,0,-,1
23:47:55.259,snap,default,me.weishu.kernelsu,discharging,0,37.2,41.8,100,95,1,13.71,1.93,0.03,0,4.017,0.198,0.79536605,4220,1218,0,-,1
23:47:56.261,snap,default,me.weishu.kernelsu,discharging,0,37.2,41.4,100,95,1,12.49,1.76,0.02,0,4.02,0.162,0.65124,4220,1218,0,-,1
23:47:57.621,snap,default,me.weishu.kernelsu,discharging,0,37.2,41.4,100,95,1,12.49,1.76,0.02,0,4.021,0.122,0.490562,2746,727,0,-,1
23:47:59.069,snap,default,me.weishu.kernelsu,discharging,0,37.2,41.4,100,95,1,11.68,1.44,0.02,0,4.023,0.174,0.70000196,2746,727,0,-,1
23:48:00.517,snap,default,me.weishu.kernelsu,discharging,0,37.2,41.4,100,95,1,13.37,1.36,0.01,0,4.026,0.184,0.740784,10883,4615,0,-,1
23:48:01.518,snap,default,me.weishu.kernelsu,discharging,0,37.2,41.4,100,95,1,13.37,1.36,0.01,0,4.015,0.276,1.10814,10883,4615,0,-,1
23:48:02.519,snap,default,me.weishu.kernelsu,discharging,0,37.2,41.4,100,95,1,14.2,1.47,0.01,0,4.015,0.196,0.78694,7230,2441,0,-,1
23:48:03.520,snap,default,me.weishu.kernelsu,discharging,0,37.2,41.4,100,95,1,14.2,1.47,0.01,0,4.018,0.196,0.787528,7230,2441,0,-,1
23:48:04.520,snap,default,me.weishu.kernelsu,discharging,0,37.2,41.4,100,95,1,13.62,1.75,0.01,0,4.014,0.256,1.0275841,4047,1274,0,-,1
23:48:05.521,snap,default,me.weishu.kernelsu,discharging,0,37.2,41.4,100,95,1,13.62,1.75,0.01,0,4.016,0.21,0.84335995,4047,1274,0,-,1
23:48:06.934,snap,default,me.weishu.kernelsu,discharging,0,37.2,41.4,100,95,1,13.33,1.79,0,0,4.016,0.21,0.84335995,8707,3951,0,-,1
23:48:08.771,snap,default,me.weishu.kernelsu,discharging,0,37.2,41.4,100,95,1,13.33,1.79,0,0,4.016,0.186,0.74697596,8707,3951,0,-,1
23:48:10.930,snap,default,me.weishu.kernelsu,discharging,0,37.2,41,100,95,1,13.33,1.79,0,0,4.027,0.094,0.37853798,11631,5409,0,-,1
23:48:12.005,snap,default,me.weishu.kernelsu,discharging,0,37.2,41,100,95,1,13.99,1.83,0,0,4.028,0.118,0.47530398,11631,5409,0,-,1
23:48:13.130,snap,default,me.weishu.kernelsu,discharging,0,37.2,41,100,95,1,15.08,1.68,0,0,4.02,0.252,1.0130401,13157,6218,0,-,1
23:48:14.890,snap,default,me.weishu.kernelsu,discharging,0,37.2,41.4,100,95,1,14.88,1.74,0,0,4.02,0.252,1.0130401,13157,6218,0,-,1
23:48:15.891,snap,default,me.weishu.kernelsu,discharging,0,37.2,41,100,95,1,14.88,1.74,0,0,4.012,0.15,0.6018,12110,5640,0,-,1
23:48:17.292,snap,default,me.weishu.kernelsu,discharging,0,37.1,41.4,100,95,1,14.88,1.74,0,0,4.014,0.216,0.867024,12110,5640,0,-,1
23:48:18.292,snap,default,me.weishu.kernelsu,discharging,0,37.1,41.4,100,95,1,16.35,1.96,0,0,4.009,0.206,0.82585394,10439,3405,0,-,1
23:48:19.292,snap,default,me.weishu.kernelsu,discharging,0,37.1,41.4,100,95,1,16.35,1.96,0,0,4.014,0.274,1.099836,10439,3405,0,-,1
23:48:20.293,snap,default,me.weishu.kernelsu,discharging,0,37.1,41,100,95,1,15.74,1.97,0,0,4.018,0.204,0.819672,3702,1036,0,-,1
23:48:21.293,snap,default,me.weishu.kernelsu,discharging,0,37.1,41,100,95,1,15.74,1.97,0,0,4.018,0.206,0.827708,3702,1036,0,-,1
23:48:22.293,snap,default,me.weishu.kernelsu,discharging,0,37.1,41.4,100,95,1,14.52,2.52,0,0,4.017,0.196,0.787332,6178,1944,0,-,1
23:48:23.294,snap,default,me.weishu.kernelsu,discharging,0,37.1,41.4,100,95,1,14.52,2.52,0,0,4.012,0.274,1.099288,6178,1944,0,-,1
23:48:24.294,snap,default,me.weishu.kernelsu,discharging,0,37.1,41.4,100,95,1,14.43,2.61,0,0,4.016,0.184,0.73894393,6178,1944,0,-,1
23:48:25.295,snap,default,me.weishu.kernelsu,discharging,0,37.1,41.4,100,95,1,14.43,2.61,0,0,4.014,0.226,0.907164,3547,933,0,-,1
23:48:26.295,snap,default,me.weishu.kernelsu,discharging,0,37.1,41.4,100,95,1,13.44,2.68,0,0,4.009,0.238,0.954142,3547,933,0,-,1
23:48:27.295,snap,default,me.weishu.kernelsu,discharging,0,37.1,41.4,100,95,1,13.44,2.68,0,0,4.018,0.204,0.819672,4038,1342,0,-,1
23:48:28.600,snap,default,me.weishu.kernelsu,discharging,0,37,41.4,100,95,1,13.9,2.92,0,0,4.014,0.252,1.011528,4038,1342,0,-,1
23:48:30.337,snap,default,me.weishu.kernelsu,discharging,0,37,41.4,100,95,1,13.9,2.92,0,0,4.028,0.11,0.44307998,10507,4576,0,-,1
23:48:31.337,snap,default,me.weishu.kernelsu,discharging,0,37,41,100,95,1,13.92,2.75,0,0,4.017,0.254,1.020318,10507,4576,0,-,1
23:48:32.339,snap,default,me.weishu.kernelsu,discharging,0,37,41,100,95,1,13.92,2.75,0,0,4.019,0.212,0.852028,11560,5863,0,-,1
23:48:33.339,snap,default,me.weishu.kernelsu,discharging,0,37,41,100,95,1,14.12,2.97,0,0,4.019,0.196,0.787724,11560,5863,0,-,1
23:48:34.858,snap,default,me.weishu.kernelsu,discharging,0,37,41,100,95,1,13.37,3.16,0,0,4.028,0.16,0.64448,4234,1546,0,-,1
23:48:35.859,snap,default,me.weishu.kernelsu,discharging,0,37,41,100,95,1,13.37,3.16,0,0,4.016,0.266,1.0682559,4234,1546,0,-,1
23:48:37.262,snap,default,me.weishu.kernelsu,discharging,0,37,41,100,95,1,13.66,2.95,0,0,4.012,0.176,0.706112,9690,4164,0,-,1
23:48:38.262,snap,default,me.weishu.kernelsu,discharging,0,37,41,100,95,1,13.66,2.95,0,0,4.018,0.232,0.932176,9690,4164,0,-,1
23:48:39.262,snap,default,me.weishu.kernelsu,discharging,0,37,41,100,95,1,13.72,2.96,0,0,4.02,0.19,0.76379997,11051,5394,0,-,1
23:48:40.263,snap,default,me.weishu.kernelsu,discharging,0,37,41,100,95,1,13.72,2.96,0,0,4.019,0.2,0.80380005,11051,5394,0,-,1
23:48:41.263,snap,default,me.weishu.kernelsu,discharging,0,37,41,100,95,1,13.23,3.33,0,0,4.015,0.234,0.93951,4581,1699,0,-,1
23:48:42.264,snap,default,me.weishu.kernelsu,discharging,0,37,41,100,95,1,13.23,3.33,0,0,4.015,0.212,0.85117996,4581,1699,0,-,1
23:48:43.265,snap,default,me.weishu.kernelsu,discharging,0,37,41,100,95,1,12.46,3.81,0,0,4.014,0.228,0.915192,4937,1996,0,-,1
23:48:44.266,snap,default,me.weishu.kernelsu,discharging,0,37,41,100,95,1,12.46,3.81,0,0,4.014,0.228,0.915192,4937,1996,0,-,1
23:48:46.663,snap,default,me.weishu.kernelsu,discharging,0,37,41,100,95,1,12.46,3.81,0,0,4.017,0.21,0.84357,4903,1776,0,-,1
23:48:47.664,snap,default,me.weishu.kernelsu,discharging,0,37,41,100,95,1,12.02,3.84,0,0,4.028,0.068,0.273904,4903,1776,0,-,1
23:48:48.664,snap,default,me.weishu.kernelsu,discharging,0,37,41,100,95,1,12.02,3.84,0,0,4.017,0.24,0.96408004,11146,5423,0,-,1
23:48:49.664,snap,default,me.weishu.kernelsu,discharging,0,37,40.6,100,95,1,12.37,3.51,0.36,0,4.015,0.268,1.07602,11146,5423,0,-,1
23:48:52.312,snap,default,me.weishu.kernelsu,discharging,0,37,40.6,100,95,1,12.31,3.6,0.29,0,4.017,0.208,0.83553606,7468,2540,0,-,1
23:48:53.389,snap,default,me.weishu.kernelsu,discharging,0,36.9,40.6,100,95,1,12.31,3.6,0.29,0,4.027,0.088,0.354376,7468,2540,0,-,1
23:48:55.240,snap,default,me.weishu.kernelsu,discharging,0,36.9,40.6,100,95,1,13.15,3.13,0.24,0,4.017,0.226,0.90784204,11658,5759,0,-,1
23:48:56.736,snap,default,me.weishu.kernelsu,discharging,0,36.9,40.6,100,95,1,13.15,3.13,0.24,0,4.011,0.166,0.665826,11658,5759,0,-,1
23:48:58.964,snap,default,me.weishu.kernelsu,discharging,0,36.9,40.6,100,95,1,13.85,2.74,0.19,0,4.021,0.21,0.84440994,14345,6615,0,-,1
23:49:00.676,snap,default,me.weishu.kernelsu,discharging,0,36.9,40.6,100,95,1,13.85,2.74,0.19,0,4.023,0.24,0.9655199,14345,6615,0,-,1
23:49:01.678,snap,default,me.weishu.kernelsu,discharging,0,36.9,40.6,100,95,1,14.96,2.6,0.16,0,4.014,0.226,0.907164,12506,6167,0,-,1
23:49:02.679,snap,default,me.weishu.kernelsu,discharging,0,36.9,40.6,100,95,1,14.96,2.6,0.16,0,4.019,0.196,0.787724,12506,6167,0,-,1
23:49:03.679,snap,default,me.weishu.kernelsu,discharging,0,36.9,40.6,100,95,1,14.43,2.86,0.13,0,4.002,0.288,1.1525759,5886,1908,0,-,1
23:49:04.680,snap,default,me.weishu.kernelsu,discharging,0,36.9,41,100,95,1,14.43,2.86,0.13,0,4.019,0.206,0.827914,5886,1908,0,-,1
23:49:05.681,snap,default,me.weishu.kernelsu,discharging,0,36.9,40.6,100,95,1,17.43,2.52,0.47,0,4.016,0.226,0.90761596,5726,1795,0,-,1
23:49:06.681,snap,default,me.weishu.kernelsu,discharging,0,36.9,40.2,100,95,1,17.43,2.52,0.47,0,4.016,0.224,0.899584,5726,1795,0,-,1
23:49:07.682,snap,default,me.weishu.kernelsu,discharging,0,36.9,40.2,100,95,1,22.78,2.06,0.38,0,4.018,0.17,0.68306005,4050,1514,0,-,1
23:49:08.683,snap,default,me.weishu.kernelsu,discharging,0,36.9,40.2,100,95,1,20.29,1.87,0.31,0,4.019,0.16,0.64304,4050,1514,0,-,1
23:49:09.683,snap,default,me.weishu.kernelsu,discharging,0,36.9,40.2,100,95,1,20.29,1.87,0.31,0,4.01,0.258,1.03458,7831,3095,0,-,1
23:49:10.685,snap,default,me.weishu.kernelsu,discharging,0,36.9,40.6,100,95,1,20.05,1.71,0.25,0,4.014,0.226,0.907164,7831,3095,0,-,1
23:49:11.686,snap,default,me.weishu.kernelsu,discharging,0,36.9,40.2,100,95,1,20.05,1.71,0.25,0,4.015,0.212,0.85117996,3856,1183,0,-,1
23:49:12.687,snap,default,me.weishu.kernelsu,discharging,0,36.9,40.6,100,95,1,18.41,1.94,0.21,0,4.013,0.216,0.866808,3856,1183,0,-,1
23:49:13.688,snap,default,me.weishu.kernelsu,discharging,0,36.9,40.6,100,95,1,18.41,1.94,0.21,0,4.016,0.2,0.80319995,3856,1183,0,-,1
23:49:14.690,snap,default,me.weishu.kernelsu,discharging,0,36.9,40.6,100,95,1,17.25,2.13,0.17,0,4.009,0.274,1.0984659,3684,1088,0,-,1
23:49:15.690,snap,default,me.weishu.kernelsu,discharging,0,36.9,40.6,100,95,1,17.25,2.13,0.17,0,4.019,0.198,0.795762,3684,1088,0,-,1
23:49:16.691,snap,default,me.weishu.kernelsu,discharging,0,36.9,40.6,100,95,1,16.12,2.47,0.14,0,4.015,0.23,0.92345,6130,2507,0,-,1
23:49:17.692,snap,default,me.weishu.kernelsu,discharging,0,36.9,40.6,100,95,1,16.12,2.47,0.14,0,4.012,0.316,1.2677921,6130,2507,0,-,1
23:49:18.693,snap,default,me.weishu.kernelsu,discharging,0,36.9,40.6,100,95,1,16.09,2.2,0.29,0,4.018,0.17,0.68306005,8079,2951,0,-,1
23:49:19.694,snap,default,me.weishu.kernelsu,discharging,0,36.9,40.2,100,95,1,16.09,2.2,0.29,0,4.018,0.17,0.68306005,8079,2951,0,-,1
23:49:20.695,snap,default,me.weishu.kernelsu,discharging,0,36.9,40.2,100,95,1,16.09,2.2,0.29,0,4.02,0.158,0.63516,3070,908,0,-,1
23:49:21.695,snap,default,me.weishu.kernelsu,discharging,0,36.9,40.2,100,95,1,14.99,1.8,0.24,0,4.019,0.14,0.56266004,3070,908,0,-,1
23:49:22.697,snap,default,me.weishu.kernelsu,discharging,0,36.9,40.2,100,95,1,14.99,1.8,0.24,0,4.018,0.172,0.69109607,6026,2975,0,-,1
23:49:23.697,snap,default,me.weishu.kernelsu,discharging,0,36.9,40.2,100,95,1,14.45,1.84,0.19,0,4.014,0.23,0.92322,6026,2975,0,-,1
23:49:25.055,snap,default,me.weishu.kernelsu,discharging,0,36.9,40.2,100,95,1,14.45,1.84,0.19,0,4.026,0.152,0.611952,4333,1755,0,-,1
23:49:26.616,snap,default,me.weishu.kernelsu,discharging,0,36.9,40.2,100,95,1,14,2.23,0.16,0,4.018,0.246,0.98842806,4333,1755,0,-,1
23:49:28.604,snap,default,me.weishu.kernelsu,discharging,0,36.9,40.2,100,95,1,14.91,2.37,0.13,0,4.028,0.064,0.257792,11477,5657,0,-,1
23:49:29.979,snap,default,me.weishu.kernelsu,discharging,0,36.9,40.2,100,95,1,14.91,2.37,0.13,0,4.015,0.242,0.97163,11477,5657,0,-,1
23:49:30.979,snap,default,me.weishu.kernelsu,discharging,0,36.9,40.2,100,95,1,16.01,2.12,0.1,0,4.011,0.208,0.83428806,9462,3669,0,-,1
23:49:31.980,snap,default,me.weishu.kernelsu,discharging,0,36.9,40.2,100,95,1,16.01,2.12,0.1,0,4.014,0.282,1.131948,9462,3669,0,-,1
23:49:32.981,snap,default,me.weishu.kernelsu,discharging,0,36.9,40.2,100,95,1,15.28,1.73,0.26,0,4.018,0.156,0.62680805,3848,1011,0,-,1
23:49:33.983,snap,default,me.weishu.kernelsu,discharging,0,36.9,40.2,100,95,1,15.28,1.73,0.26,0,4.017,0.168,0.674856,3848,1011,0,-,1
23:49:34.985,snap,default,me.weishu.kernelsu,discharging,0,36.9,39.8,100,95,1,13.6,1.42,0.22,0,4.02,0.136,0.54672,2926,875,0,-,1
23:49:36.942,snap,default,me.weishu.kernelsu,discharging,0,36.9,39.8,100,95,1,13.6,1.42,0.22,0,4.028,0.048,0.193344,2926,875,0,-,1
23:49:38.021,snap,default,me.weishu.kernelsu,discharging,0,36.9,40.2,100,95,1,14.58,1.34,0.18,0,4.015,0.242,0.97163,12228,6120,0,-,1
23:49:39.416,snap,default,me.weishu.kernelsu,discharging,0,36.9,40.2,100,95,1,14.58,1.34,0.18,0,4.015,0.242,0.97163,12228,6120,0,-,1
23:49:41.047,snap,default,me.weishu.kernelsu,discharging,0,36.9,39.8,100,95,1,15.02,1.34,0.18,0,4.011,0.184,0.73802406,12228,6120,0,-,1
23:49:43.081,snap,default,me.weishu.kernelsu,discharging,0,36.9,39.8,100,95,1,15.02,1.46,0.14,0,4.024,0.144,0.579456,11505,5325,0,-,1
23:49:44.082,snap,default,me.weishu.kernelsu,discharging,0,36.7,40.2,100,95,1,15.02,1.46,0.14,0,4.013,0.21,0.84273,11505,5325,0,-,1
23:49:45.083,snap,default,me.weishu.kernelsu,discharging,0,36.7,40.2,100,95,1,15.37,1.56,0.12,0,4.016,0.21,0.84335995,7243,2483,0,-,1
23:49:46.085,snap,default,me.weishu.kernelsu,discharging,0,36.7,40.2,100,95,1,15.37,1.56,0.12,0,4.015,0.198,0.79497,7243,2483,0,-,1
23:49:47.087,snap,default,me.weishu.kernelsu,discharging,0,36.7,40.2,100,95,1,13.86,2,0.09,0,4.017,0.184,0.73912805,2981,835,0,-,1
23:49:48.085,snap,default,me.weishu.kernelsu,discharging,0,36.7,40.2,100,95,1,13.86,2,0.09,0,4.015,0.204,0.81905997,2981,835,0,-,1
23:49:49.087,snap,default,me.weishu.kernelsu,discharging,0,36.7,40.2,100,95,1,13.16,2.54,0.08,0,4.01,0.242,0.97042006,8375,2824,0,-,1
23:49:50.089,snap,default,me.weishu.kernelsu,discharging,0,36.7,40.6,100,95,1,13.16,2.54,0.08,0,4.013,0.22,0.88286,8375,2824,0,-,1
23:49:51.090,snap,default,me.weishu.kernelsu,discharging,0,36.7,40.2,100,95,1,13.85,2.81,0.06,0,4.016,0.198,0.795168,3398,962,0,-,1
23:49:52.091,snap,default,me.weishu.kernelsu,discharging,0,36.7,40.2,100,95,1,12.97,3.38,0.05,0,4.015,0.212,0.85117996,3398,962,0,-,1
23:49:53.093,snap,default,me.weishu.kernelsu,discharging,0,36.7,40.2,100,95,1,12.97,3.38,0.05,0,4.011,0.214,0.85835403,5248,2426,0,-,1
23:49:54.549,snap,default,me.weishu.kernelsu,discharging,0,36.7,40.2,100,95,1,13.16,3.31,0.04,0,4.017,0.216,0.8676721,5248,2426,0,-,1
23:49:55.953,snap,default,me.weishu.kernelsu,discharging,0,36.7,40.2,100,95,1,13.16,3.31,0.04,0,4.026,0.194,0.781044,11620,5068,0,-,1
23:49:56.955,snap,default,me.weishu.kernelsu,discharging,0,36.7,40.2,100,95,1,13.85,3.26,0.03,0,4.018,0.232,0.932176,11620,5068,0,-,1
23:49:57.956,snap,default,me.weishu.kernelsu,discharging,0,36.7,40.2,100,95,1,13.85,3.26,0.03,0,4.015,0.218,0.87526995,3640,1099,0,-,1
23:49:58.958,snap,default,me.weishu.kernelsu,discharging,0,36.7,40.2,100,95,1,12.79,3.57,0.02,0,4.019,0.202,0.81183803,3640,1099,0,-,1
23:49:59.959,snap,default,me.weishu.kernelsu,discharging,0,36.7,39.8,100,95,1,12.79,3.57,0.02,0,4.018,0.214,0.859852,3606,1020,0,-,1
23:50:02.605,snap,default,me.weishu.kernelsu,discharging,0,36.7,39.8,100,95,1,12.65,3.65,0.02,0,4.027,0.146,0.587942,3606,1020,0,-,1
23:50:03.606,snap,default,me.weishu.kernelsu,discharging,0,36.7,39.8,100,95,1,12.65,3.65,0.02,0,4.009,0.152,0.60936797,8424,3642,0,-,1
23:50:04.844,snap,default,me.weishu.kernelsu,discharging,0,36.7,39.8,100,95,1,12.89,3.53,0.01,0,4.013,0.226,0.906938,8424,3642,0,-,1
23:50:06.007,snap,default,me.weishu.kernelsu,discharging,0,36.7,40.2,100,95,1,12.89,3.53,0.01,0,4.016,0.242,0.971872,9185,4455,0,-,1
23:50:07.456,snap,default,me.weishu.kernelsu,discharging,0,36.7,40.2,100,95,1,14,3.07,0.01,0,4.024,0.176,0.708224,9185,4455,0,-,1
23:50:09.096,snap,default,me.weishu.kernelsu,discharging,0,36.7,40.2,100,95,1,14,3.07,0.01,0,4.013,0.252,1.011276,12007,5470,0,-,1
23:50:10.827,snap,default,me.weishu.kernelsu,discharging,0,36.7,39.8,100,95,1,14.9,2.87,0.01,0,4.026,0.14,0.56364,12007,5470,0,-,1
23:50:11.827,snap,default,me.weishu.kernelsu,discharging,0,36.7,40.2,100,95,1,14.9,2.87,0.01,0,4.009,0.306,1.226754,13209,6399,0,-,1
23:50:12.829,snap,default,me.weishu.kernelsu,discharging,0,36.7,39.8,100,95,1,17.09,2.53,0,0,4.023,0.14,0.56321996,13209,6399,0,-,1
23:50:13.831,snap,default,me.weishu.kernelsu,discharging,0,36.7,39.8,100,95,1,17.09,2.53,0,0,4.022,0.152,0.611344,3607,1250,0,-,1
23:50:14.831,snap,default,me.weishu.kernelsu,discharging,0,36.7,39.8,100,95,1,15.45,2.07,0,0,4.021,0.17,0.68356997,3607,1250,0,-,1
23:50:15.832,snap,default,me.weishu.kernelsu,discharging,0,36.7,39.8,100,95,1,14.46,1.7,0,0,4.018,0.164,0.65895206,2749,868,0,-,1
23:50:16.833,snap,default,me.weishu.kernelsu,discharging,0,36.7,39.8,100,95,1,14.46,1.7,0,0,4.014,0.216,0.867024,2749,868,0,-,1
23:50:17.834,snap,default,me.weishu.kernelsu,discharging,0,36.7,39.8,100,95,1,13.47,1.93,0,0,4.013,0.222,0.890886,5182,1650,0,-,1
23:50:18.834,snap,default,me.weishu.kernelsu,discharging,0,36.7,39.8,100,95,1,13.47,1.93,0,0,4.015,0.206,0.82708997,5182,1650,0,-,1
23:50:19.834,snap,default,me.weishu.kernelsu,discharging,0,36.6,40.2,100,95,1,12.3,2.13,0,0,4.014,0.212,0.850968,3202,875,0,-,1
23:50:20.834,snap,default,me.weishu.kernelsu,discharging,0,36.6,40.2,100,95,1,12.3,2.13,0,0,4.014,0.212,0.850968,3202,875,0,-,1
23:50:21.836,snap,default,me.weishu.kernelsu,discharging,0,36.6,40.2,100,95,1,12.3,2.13,0,0,4.017,0.24,0.96408004,8361,2562,0,-,1
23:50:22.836,snap,default,me.weishu.kernelsu,discharging,0,36.6,40.2,100,95,1,13.15,2.1,0,0,4.018,0.208,0.835744,8361,2562,0,-,1
23:50:23.838,snap,default,me.weishu.kernelsu,discharging,0,36.6,40.2,100,95,1,13.15,2.1,0,0,4.013,0.232,0.93101597,3443,952,0,-,1
23:50:24.839,snap,default,me.weishu.kernelsu,discharging,0,36.6,40.2,100,95,1,12.39,2.44,0,0,4.013,0.236,0.94706804,3443,952,0,-,1
23:50:25.840,snap,default,me.weishu.kernelsu,discharging,0,36.6,39.8,100,95,1,12.39,2.44,0,0,4.018,0.204,0.819672,3271,1016,0,-,1
23:50:27.376,snap,default,me.weishu.kernelsu,discharging,0,36.6,39.8,100,95,1,11.78,2.54,0,0,4.024,0.162,0.651888,3271,1016,0,-,1
23:50:28.376,snap,default,me.weishu.kernelsu,discharging,0,36.6,39.8,100,95,1,11.78,2.54,0,0,4.02,0.202,0.81204003,8129,2453,0,-,1
23:50:29.378,snap,default,me.weishu.kernelsu,discharging,0,36.6,39.8,100,95,1,12.36,2.26,0,0,4.018,0.156,0.62680805,8129,2453,0,-,1
23:50:30.380,snap,default,me.weishu.kernelsu,discharging,0,36.6,39.8,100,95,1,12.36,2.26,0,0,4.017,0.132,0.53024405,8129,2453,0,-,1
23:50:31.380,snap,default,me.weishu.kernelsu,discharging,0,36.6,39.4,100,95,1,11.75,1.85,0,0,4.023,0.13,0.5229899,2556,697,0,-,1
23:50:32.381,snap,default,me.weishu.kernelsu,discharging,0,36.6,39.4,100,95,1,11.75,1.85,0,0,4.022,0.144,0.57916796,2556,697,0,-,1
23:50:33.382,snap,default,me.weishu.kernelsu,discharging,0,36.6,39.8,100,95,1,11.61,1.52,0,0,4.018,0.23,0.92414004,7311,3345,0,-,1
23:50:34.682,snap,default,me.weishu.kernelsu,discharging,0,36.6,40.2,100,95,1,11.86,1.78,0,0,4.015,0.202,0.81103003,7311,3345,0,-,1
23:50:36.546,snap,default,me.weishu.kernelsu,discharging,0,36.6,40.2,100,95,1,11.86,1.78,0,0,4.007,0.346,1.3864219,8728,4016,0,-,1
23:50:37.547,snap,default,me.weishu.kernelsu,discharging,0,36.6,40.2,100,95,1,12.98,1.64,0,0,4.013,0.192,0.770496,11721,5061,0,-,1
23:50:38.547,snap,default,me.weishu.kernelsu,discharging,0,36.6,40.2,100,95,1,12.98,1.64,0,0,4.012,0.298,1.1955761,11721,5061,0,-,1
23:50:39.548,snap,default,me.weishu.kernelsu,discharging,0,36.6,40.2,100,95,1,12.62,1.89,0,0,4.01,0.282,1.13082,11721,5061,0,-,1
23:50:40.548,snap,default,me.weishu.kernelsu,discharging,0,36.6,40.2,100,95,1,12.62,1.89,0,0,4.009,0.276,1.1064839,3691,1107,0,-,1
23:50:41.549,snap,default,me.weishu.kernelsu,discharging,0,36.6,40.2,100,95,1,11.78,2.09,0,0,4.009,0.272,1.090448,3691,1107,0,-,1
23:50:42.549,snap,default,me.weishu.kernelsu,discharging,0,36.5,40.2,100,95,1,11.78,2.09,0,0,4.009,0.268,1.074412,3273,952,0,-,1
23:50:44.334,snap,default,me.weishu.kernelsu,discharging,0,36.5,40.2,100,95,1,12,2.25,0,0,4.02,0.22,0.8844,3273,952,0,-,1
23:50:45.336,snap,default,me.weishu.kernelsu,discharging,0,36.5,40.2,100,95,1,12,2.25,0,0,4.005,0.248,0.99324,10729,4464,0,-,1
23:50:46.337,snap,default,me.weishu.kernelsu,discharging,0,36.5,40.2,100,95,1,13.81,2.21,0,0,4.013,0.2,0.8026,10729,4464,0,-,1
23:50:47.339,snap,default,me.weishu.kernelsu,discharging,0,36.5,39.8,100,95,1,13.81,2.21,0,0,4.013,0.2,0.8026,8060,3499,0,-,1
23:50:48.340,snap,default,me.weishu.kernelsu,discharging,0,36.5,39.8,100,95,1,12.58,2.53,0,0,4.015,0.194,0.77891,8060,3499,0,-,1
23:50:49.340,snap,default,me.weishu.kernelsu,discharging,0,36.5,40.2,100,95,1,12.58,2.53,0,0,4.012,0.24,0.96288,3625,1067,0,-,1
23:50:50.343,snap,default,me.weishu.kernelsu,discharging,0,36.5,40.2,100,95,1,12.11,2.61,0,0,4.005,0.238,0.95319,3625,1067,0,-,1
23:50:51.344,snap,default,me.weishu.kernelsu,discharging,0,36.5,39.8,100,95,1,12.11,2.61,0,0,4.018,0.182,0.73127604,5311,1704,0,-,1
23:50:52.346,snap,default,me.weishu.kernelsu,discharging,0,36.5,39.8,100,95,1,12.09,2.86,0,0,4.013,0.2,0.8026,5311,1704,0,-,1
23:50:53.346,snap,default,me.weishu.kernelsu,discharging,0,36.5,39.8,100,95,1,12.09,2.86,0,0,4.013,0.2,0.8026,3390,1090,0,-,1
23:50:54.347,snap,default,me.weishu.kernelsu,discharging,0,36.5,40.2,100,95,1,12.09,2.86,0,0,4.014,0.23,0.92322,3390,1090,0,-,1
23:50:55.349,snap,default,me.weishu.kernelsu,discharging,0,36.5,40.2,100,95,1,11.53,3.25,0,0,4.018,0.198,0.795564,3504,1070,0,-,1
23:50:56.351,snap,default,me.weishu.kernelsu,discharging,0,36.5,40.2,100,95,1,11.53,3.25,0,0,4.013,0.226,0.906938,3504,1070,0,-,1
23:50:57.352,snap,default,me.weishu.kernelsu,discharging,0,36.5,39.8,100,95,1,11.25,3.39,0,0,4.017,0.186,0.74716204,3756,1093,0,-,1
23:50:58.353,snap,default,me.weishu.kernelsu,discharging,0,36.5,39.8,100,95,1,11.25,3.39,0,0,4.018,0.198,0.795564,3756,1093,0,-,1
23:50:59.353,snap,default,me.weishu.kernelsu,discharging,0,36.5,40.2,100,95,1,10.48,3.68,0,0,4.013,0.22,0.88286,4593,1743,0,-,1
23:51:01.650,snap,default,me.weishu.kernelsu,discharging,0,36.5,40.2,100,95,1,10.48,3.68,0,0,4.007,0.316,1.2662121,4593,1743,0,-,1
23:51:02.651,snap,default,me.weishu.kernelsu,discharging,0,36.5,40.2,100,95,1,11.12,3.55,0,0,4.019,0.246,0.98867404,9893,4165,0,-,1
23:51:03.650,snap,default,me.weishu.kernelsu,discharging,0,36.5,39.8,100,95,1,14.54,3.09,0,0,4.006,0.358,1.4341481,9893,4165,0,-,1
23:51:04.652,snap,default,me.weishu.kernelsu,discharging,0,36.5,40.2,100,95,1,14.54,3.09,0,0,4.011,0.268,1.0749481,3703,1241,0,-,1
23:51:05.653,snap,default,me.weishu.kernelsu,discharging,0,36.5,40.2,100,95,1,13.17,3.25,0,0,4.013,0.262,1.051406,3703,1241,0,-,1
23:51:06.653,snap,default,me.weishu.kernelsu,discharging,0,36.5,40.2,100,95,1,13.17,3.25,0,0,4.01,0.256,1.0265601,3614,1095,0,-,1
23:51:08.289,snap,default,me.weishu.kernelsu,discharging,0,36.5,40.2,100,95,1,12.96,3.39,0,0,4.008,0.278,1.114224,3614,1095,0,-,1
23:51:10.466,snap,default,me.weishu.kernelsu,discharging,0,36.5,40.2,100,95,1,12.96,3.39,0,0,4.02,0.23,0.9246,12096,6059,0,-,1
23:51:11.564,snap,default,me.weishu.kernelsu,discharging,0,36.5,39.8,100,95,1,14.05,3.14,0,0,4.009,0.21,0.8418899,12096,6059,0,-,1
23:51:13.702,snap,default,me.weishu.kernelsu,discharging,0,36.5,39.8,100,95,1,14.05,3.14,0,0,4.017,0.218,0.875706,12096,6059,0,-,1
23:51:14.702,snap,default,me.weishu.kernelsu,discharging,0,36.5,39.8,100,95,1,15.13,2.75,0,0,4.009,0.27,1.08243,11810,5633,0,-,1
23:51:15.702,snap,default,me.weishu.kernelsu,discharging,0,36.5,40.2,100,95,1,15.13,2.75,0,0,4.009,0.312,1.250808,11810,5633,0,-,1
23:51:16.702,snap,default,me.weishu.kernelsu,discharging,0,36.5,40.2,100,95,1,15.29,2.43,0,0,4.009,0.26,1.0423399,9693,3289,0,-,1
23:51:17.703,snap,default,me.weishu.kernelsu,discharging,0,36.5,40.2,100,95,1,15.29,2.43,0,0,4.013,0.23,0.92299,9693,3289,0,-,1
23:51:18.703,snap,default,me.weishu.kernelsu,discharging,0,36.5,40.2,100,95,1,13.78,2.17,0,0,4.017,0.204,0.819468,3266,604,0,-,1
23:51:19.823,snap,default,me.weishu.kernelsu,discharging,0,36.4,40.2,100,95,1,13.46,2.14,0,0,4.017,0.204,0.819468,3266,604,0,-,1
23:51:20.823,snap,default,me.weishu.kernelsu,discharging,0,36.4,40.2,100,95,1,13.46,2.14,0,0,4.01,0.29,1.1629001,5746,2430,0,-,1
23:51:21.824,snap,default,me.weishu.kernelsu,discharging,0,36.4,40.2,100,95,1,13.46,2.14,0,0,4.006,0.27,1.0816201,5746,2430,0,-,1
23:51:24.355,snap,default,me.weishu.kernelsu,discharging,0,36.4,41,100,95,1,16.64,2.11,1.26,0,3.995,0.418,1.66991,7580,1993,0,-,1
23:51:25.356,snap,default,me.weishu.kernelsu,discharging,0,36.4,41,100,95,1,16.64,2.11,1.26,0,4.02,0.182,0.73164,11220,4206,0,-,1
23:51:27.051,snap,default,me.weishu.kernelsu,discharging,0,36.4,40.6,100,95,1,21.59,1.73,1.21,0,4.006,0.404,1.618424,11220,4206,0,-,1
23:51:28.052,snap,default,me.weishu.kernelsu,discharging,0,36.4,40.6,100,95,1,21.59,1.73,1.21,0,4.004,0.312,1.249248,11220,4206,0,-,1
23:51:29.052,snap,default,me.weishu.kernelsu,discharging,0,36.4,40.6,100,95,1,21.48,1.78,0.99,0,4.013,0.252,1.011276,10714,4598,0,-,1
23:51:30.052,snap,default,me.weishu.kernelsu,discharging,0,36.4,40.2,100,95,1,21.48,1.78,0.99,0,4.019,0.168,0.675192,10714,4598,0,-,1
23:51:32.265,snap,default,me.weishu.kernelsu,discharging,0,36.4,40.2,100,95,1,20.13,1.63,0.81,0,4.022,0.17,0.68373996,5289,2161,0,-,1
23:51:34.352,snap,default,me.weishu.kernelsu,discharging,0,36.4,39.4,100,95,1,20.13,1.63,0.81,0,4.023,0.17,0.68390995,5289,2161,0,-,1
23:51:35.743,snap,default,me.weishu.kernelsu,discharging,0,36.4,39.4,100,95,1,19.92,1.7,0.66,0,4.01,0.162,0.64962006,11354,5381,0,-,1
23:51:36.831,snap,default,me.weishu.kernelsu,discharging,0,36.4,40.2,100,95,1,19.92,1.7,0.66,0,4.011,0.188,0.754068,11354,5381,0,-,1
23:51:38.303,snap,default,me.weishu.kernelsu,discharging,0,36.4,40.2,100,95,1,19.39,1.57,0.54,0,4.025,0.188,0.7567,11694,5868,0,-,1
23:51:39.302,snap,default,me.weishu.kernelsu,discharging,0,36.4,40.2,100,95,1,18.78,1.47,0.44,0,4.013,0.238,0.95509404,11694,5868,0,-,1
23:51:41.152,snap,default,me.weishu.kernelsu,discharging,0,36.4,39.8,100,95,1,18.78,1.47,0.44,0,4.013,0.238,0.95509404,14347,6441,0,-,1
23:51:43.121,snap,default,me.weishu.kernelsu,discharging,0,36.4,39.8,100,95,1,18.78,1.47,0.44,0,4.023,0.162,0.65172595,14347,6441,0,-,1
23:51:44.121,snap,default,me.weishu.kernelsu,discharging,0,36.4,39.8,100,95,1,18.82,1.38,0.36,0,4.007,0.216,0.865512,9908,3953,0,-,1
23:51:45.121,snap,default,me.weishu.kernelsu,discharging,0,36.4,40.2,100,95,1,18.82,1.38,0.36,0,4.013,0.254,1.019302,9908,3953,0,-,1
23:51:46.123,snap,default,me.weishu.kernelsu,discharging,0,36.4,39.8,100,95,1,18.49,1.31,0.29,0,4.009,0.244,0.97819597,3709,850,0,-,1
23:51:47.123,snap,default,me.weishu.kernelsu,discharging,0,36.3,39.8,100,95,1,18.49,1.31,0.29,0,4.01,0.238,0.9543801,3709,850,0,-,1
23:51:49.143,snap,default,me.weishu.kernelsu,discharging,0,36.3,39.8,100,95,1,16.4,1.62,0.24,0,4.013,0.198,0.794574,3709,850,0,-,1
23:51:50.836,snap,default,me.weishu.kernelsu,discharging,0,36.3,39.8,100,95,1,16.4,1.62,0.24,0,4.012,0.126,0.505512,6483,2608,0,-,1
23:51:52.580,snap,default,me.weishu.kernelsu,discharging,0,36.3,39.8,100,95,1,16.15,1.87,0.2,0,4.025,0.082,0.33005002,6483,2608,0,-,1
23:51:53.580,snap,default,me.weishu.kernelsu,discharging,0,36.3,39.4,100,95,1,16.12,2.07,0.16,0,4.014,0.228,0.915192,10904,5134,0,-,1
23:51:54.581,snap,default,me.weishu.kernelsu,discharging,0,36.3,39.4,100,95,1,16.12,2.07,0.16,0,4.013,0.232,0.93101597,10904,5134,0,-,1
23:51:55.583,snap,default,me.weishu.kernelsu,discharging,0,36.3,39.8,100,95,1,14.47,2.06,0.13,0,4.011,0.238,0.95461804,3557,994,0,-,1
23:51:56.583,snap,default,me.weishu.kernelsu,discharging,0,36.3,39.8,100,95,1,14.47,2.06,0.13,0,4.014,0.184,0.738576,3557,994,0,-,1
23:51:57.583,snap,default,me.weishu.kernelsu,discharging,0,36.3,39.8,100,95,1,13.29,2.41,0.1,0,4.011,0.23,0.92253006,3163,827,0,-,1
23:51:58.673,snap,default,me.weishu.kernelsu,discharging,0,36.3,39.8,100,95,1,13.29,2.41,0.1,0,4.011,0.23,0.92253006,3163,827,0,-,1
23:52:01.543,snap,default,me.weishu.kernelsu,discharging,0,36.3,39.8,100,95,1,14.33,2.7,0.08,0,4.013,0.228,0.914964,10221,4701,0,-,1
23:52:03.059,snap,default,me.weishu.kernelsu,discharging,0,36.3,39.4,100,95,1,14.33,2.7,0.08,0,4.027,0.064,0.257728,10221,4701,0,-,1
23:52:04.060,snap,default,me.weishu.kernelsu,discharging,0,36.3,39.4,100,95,1,14.33,2.7,0.08,0,4.023,0.18,0.72414,8978,4044,0,-,1
23:52:05.061,snap,default,me.weishu.kernelsu,discharging,0,36.3,39.4,100,95,1,14.63,2.57,0.07,0,4.012,0.248,0.994976,8978,4044,0,-,1
23:52:06.061,snap,default,me.weishu.kernelsu,discharging,0,36.3,39.8,100,95,1,14.63,2.57,0.07,0,4.015,0.194,0.77891,5368,2334,0,-,1
23:52:07.061,snap,default,me.weishu.kernelsu,discharging,0,36.3,40.6,100,95,1,13.97,2.83,0.05,0,3.998,0.392,1.5672159,5368,2334,0,-,1
23:52:08.062,snap,default,me.weishu.kernelsu,discharging,0,36.3,40.6,100,95,1,13.97,2.83,0.05,0,4.018,0.194,0.779492,12174,4259,0,-,1
23:52:09.062,snap,default,me.weishu.kernelsu,discharging,0,36.3,40.2,100,95,1,17.24,2.68,0.22,0,4.013,0.242,0.971146,12174,4259,0,-,1
23:52:10.063,snap,default,me.weishu.kernelsu,discharging,0,36.3,39.8,100,95,1,15.56,2.55,0.18,0,4.012,0.218,0.874616,4100,1370,0,-,1
23:52:11.063,snap,default,me.weishu.kernelsu,discharging,0,36.3,39.8,100,95,1,15.56,2.55,0.18,0,4.013,0.198,0.794574,4100,1370,0,-,1
23:52:12.064,snap,default,me.weishu.kernelsu,discharging,0,36.3,39.8,100,95,1,14.55,2.81,0.15,0,4.015,0.198,0.79497,3438,1060,0,-,1
23:52:13.939,snap,default,me.weishu.kernelsu,discharging,0,36.3,39.8,100,95,1,14.55,2.81,0.15,0,4.01,0.222,0.89022005,3438,1060,0,-,1
23:52:15.028,snap,default,me.weishu.kernelsu,discharging,0,36.3,39.8,100,95,1,14.63,2.85,0.12,0,4.02,0.162,0.65124,10207,4918,0,-,1
23:52:16.029,snap,default,me.weishu.kernelsu,discharging,0,36.3,39.8,100,95,1,14.63,2.85,0.12,0,4.01,0.246,0.9864601,10207,4918,0,-,1
23:52:17.029,snap,default,me.weishu.kernelsu,discharging,0,36.3,39.8,100,95,1,15.06,2.69,0.1,0,4.01,0.232,0.93032,10986,5010,0,-,1
23:52:18.029,snap,default,me.weishu.kernelsu,discharging,0,36.3,40.2,100,95,1,15.06,2.69,0.1,0,4.007,0.222,0.889554,10986,5010,0,-,1
23:52:19.030,snap,default,me.weishu.kernelsu,discharging,0,36.3,40.2,100,95,1,14.32,2.93,0.08,0,4.014,0.178,0.714492,4754,1726,0,-,1
23:52:20.030,snap,default,me.weishu.kernelsu,discharging,0,36.3,40.2,100,95,1,14.32,2.93,0.08,0,4.005,0.242,0.96921,4754,1726,0,-,1
23:52:21.030,snap,default,me.weishu.kernelsu,discharging,0,36.3,39.8,100,95,1,14.08,2.94,0.06,0,4.012,0.232,0.930784,6442,1965,0,-,1
23:52:22.030,snap,default,me.weishu.kernelsu,discharging,0,36.3,39.8,100,95,1,14.08,2.94,0.06,0,4.011,0.204,0.81824404,6442,1965,0,-,1
23:52:23.030,snap,default,me.weishu.kernelsu,discharging,0,36.3,39.8,100,95,1,12.98,2.77,0.05,0,4.016,0.184,0.73894393,2885,739,0,-,1
23:52:24.031,snap,default,me.weishu.kernelsu,discharging,0,36.2,39.8,100,95,1,12.98,2.77,0.05,0,4.014,0.184,0.738576,2885,739,0,-,1
23:52:25.032,snap,default,me.weishu.kernelsu,discharging,0,36.2,39.8,100,95,1,12.44,2.99,0.04,0,4.008,0.248,0.993984,3644,1323,0,-,1
23:52:26.032,snap,default,me.weishu.kernelsu,discharging,0,36.2,40.2,100,95,1,12.44,2.99,0.04,0,4.013,0.222,0.890886,3644,1323,0,-,1
23:52:27.032,snap,default,me.weishu.kernelsu,discharging,0,36.2,39.8,100,95,1,13.08,2.81,0.03,0,4.007,0.272,1.0899041,6146,2136,0,-,1
23:52:28.032,snap,default,me.weishu.kernelsu,discharging,0,36.2,39.8,100,95,1,13.08,2.81,0.03,0,4.014,0.158,0.634212,6146,2136,0,-,1
23:52:29.032,snap,default,me.weishu.kernelsu,discharging,0,36.2,39.8,100,95,1,12.52,2.3,0.03,0,4.018,0.164,0.65895206,2755,649,0,-,1
23:52:30.034,snap,default,me.weishu.kernelsu,discharging,0,36.2,39.4,100,95,1,12.52,2.3,0.03,0,4.016,0.152,0.61043197,2755,649,0,-,1
23:52:31.035,snap,default,me.weishu.kernelsu,discharging,0,36.2,39.4,100,95,1,12.07,1.88,0.02,0,4.018,0.164,0.65895206,4096,963,0,-,1
23:52:32.035,snap,default,me.weishu.kernelsu,discharging,0,36.2,39.4,100,95,1,12.07,1.88,0.02,0,4.01,0.238,0.9543801,4096,963,0,-,1
23:52:33.035,snap,default,me.weishu.kernelsu,discharging,0,36.2,39.4,100,95,1,11.51,1.72,0.01,0,4.01,0.214,0.85814005,4060,1440,0,-,1
23:52:34.036,snap,default,me.weishu.kernelsu,discharging,0,36.2,39.4,100,95,1,11.23,2.31,0.01,0,4.007,0.278,1.113946,4060,1440,0,-,1
23:52:36.047,snap,default,me.weishu.kernelsu,discharging,0,36.2,39.4,100,95,1,11.23,2.31,0.01,0,4.007,0.278,1.113946,4060,1440,0,-,1
23:52:37.112,snap,default,me.weishu.kernelsu,discharging,0,36.2,40.2,100,95,1,11.74,2.44,0.01,0,4.021,0.156,0.627276,4060,1440,0,-,1
23:52:38.113,snap,default,me.weishu.kernelsu,discharging,0,36.2,40.2,100,95,1,11.74,2.44,0.01,0,3.999,0.344,1.3756561,8638,2812,0,-,1
23:52:39.703,snap,default,me.weishu.kernelsu,discharging,1,36.2,40.2,100,95,1,13.05,2.18,0.01,0,3.998,0.372,1.487256,8638,2812,0,-,3
23:52:40.704,snap,default,me.weishu.kernelsu,discharging,1,36.2,41,100,95,1,13.05,2.18,0.01,15,3.977,0.626,2.4896019,10317,3700,0,-,3
23:52:41.705,snap,default,me.weishu.kernelsu,discharging,1,36.2,41,100,95,1,20.65,1.96,0,0,3.993,0.514,2.052402,10317,3700,0,-,4
23:52:42.705,snap,default,me.weishu.kernelsu,discharging,1,36.2,40.6,100,95,1,20.65,1.96,0,0,3.995,0.452,1.8057399,4942,1115,0,-,4
23:52:43.705,snap,default,me.weishu.kernelsu,discharging,1,36.2,40.6,100,95,1,24.7,1.61,0,0,3.996,0.434,1.734264,4942,1115,0,-,3
23:52:44.707,snap,default,me.weishu.kernelsu,discharging,1,36.2,41.4,100,95,1,24.7,1.61,0,0,3.981,0.61,2.42841,6998,2607,0,-,1
23:52:46.983,snap,default,me.weishu.kernelsu,discharging,0,36.2,41.4,100,95,1,25.84,1.31,0,0,4.006,0.364,1.458184,6998,2607,0,-,1
23:52:50.587,snap,default,me.weishu.kernelsu,discharging,0,36.2,41,100,95,1,25.84,1.31,0,0,4.001,0.338,1.352338,13727,6318,0,-,1
23:52:51.589,snap,default,me.weishu.kernelsu,discharging,0,36.2,40.2,100,95,1,24.06,1.26,0,0,3.996,0.33,1.31868,13727,6318,0,-,1
23:52:52.589,snap,default,me.weishu.kernelsu,discharging,0,36.2,40.2,100,95,1,24.59,1.21,0,0,3.999,0.378,1.511622,7439,2947,0,-,1
23:52:53.589,snap,default,me.weishu.kernelsu,discharging,0,36.2,40.2,100,95,1,24.59,1.21,0,0,4.013,0.272,1.091536,7439,2947,0,-,1
23:52:54.591,snap,default,me.weishu.kernelsu,discharging,0,36.2,40.2,100,95,1,21.76,0.99,0,0,4.015,0.156,0.62634,4108,1185,0,-,1
23:52:55.591,snap,default,me.weishu.kernelsu,discharging,0,36.2,40.2,100,95,1,21.76,0.99,0,0,4.014,0.158,0.634212,4108,1185,0,-,1
23:52:56.591,snap,default,me.weishu.kernelsu,discharging,0,36.2,40.2,100,95,1,21.26,0.81,0,0,4.011,0.24,0.96264,7299,1719,0,-,1
23:52:57.593,snap,default,me.weishu.kernelsu,discharging,0,36.2,40.2,100,95,1,21.26,0.81,0,0,4.014,0.2,0.8028,7299,1719,0,-,1
23:52:58.594,snap,default,me.weishu.kernelsu,discharging,0,36.2,40.2,100,95,1,18.13,0.84,0,0,4.01,0.226,0.90626,3405,768,0,-,1
23:52:59.594,snap,default,me.weishu.kernelsu,discharging,0,36.2,39.8,100,95,1,18.13,0.84,0,0,4.012,0.216,0.86659205,3405,768,0,-,1
23:53:00.595,snap,default,me.weishu.kernelsu,discharging,0,36.2,39.8,100,95,1,16.3,1.05,0,0,4.006,0.25,1.0015,4401,1383,0,-,1
23:53:01.609,snap,default,me.weishu.kernelsu,discharging,0,36.2,40.2,100,95,1,16.3,1.05,0,0,4.006,0.25,1.0015,4401,1383,0,-,1
23:53:02.609,snap,default,me.weishu.kernelsu,discharging,0,36.2,40.2,100,95,1,16.3,1.05,0,0,4.009,0.242,0.97017795,4401,1383,0,-,1
23:53:03.609,snap,default,me.weishu.kernelsu,discharging,0,36.2,40.2,100,95,1,15.88,1.22,0,0,4.012,0.206,0.82647204,7877,3395,0,-,1
23:53:04.610,snap,default,me.weishu.kernelsu,discharging,0,36.2,40.2,100,95,1,15.88,1.22,0,0,4.008,0.244,0.977952,7877,3395,0,-,1
23:53:05.610,snap,default,me.weishu.kernelsu,discharging,0,36.2,40.2,100,95,1,15.54,1.72,0,0,4.007,0.272,1.0899041,6585,1968,0,-,1
23:53:06.612,snap,default,me.weishu.kernelsu,discharging,0,36.2,40.2,100,95,1,15.54,1.72,0,0,4.005,0.262,1.04931,6585,1968,0,-,1
23:53:07.613,snap,default,me.weishu.kernelsu,discharging,0,36.2,40.2,100,95,1,14.9,1.59,0,0,4.014,0.2,0.8028,3572,923,0,-,1
23:53:08.614,snap,default,me.weishu.kernelsu,discharging,0,36.2,40.2,100,95,1,14.9,1.59,0,0,4.012,0.194,0.77832806,3572,923,0,-,1
23:53:09.614,snap,default,me.weishu.kernelsu,discharging,0,36.2,40.2,100,95,1,12.92,1.67,0,0,4.012,0.228,0.91473603,3417,806,0,-,1
23:53:10.615,snap,default,me.weishu.kernelsu,discharging,0,36.2,40.2,100,95,1,12.03,1.73,0,0,4.011,0.214,0.85835403,3417,806,0,-,1
23:53:11.617,snap,default,me.weishu.kernelsu,discharging,0,36.1,39.8,100,95,1,12.03,1.73,0,0,4.014,0.21,0.84294,6563,2924,0,-,1
23:53:13.120,snap,default,me.weishu.kernelsu,discharging,0,36.1,39.4,100,95,1,11.3,2.32,0,0,4.013,0.202,0.81062603,6563,2924,0,-,1
23:53:14.781,snap,default,me.weishu.kernelsu,discharging,0,36.1,39.4,100,95,1,11.3,2.32,0,0,4.024,0.102,0.410448,6648,3045,0,-,1
23:53:16.497,snap,default,me.weishu.kernelsu,discharging,0,36.1,39.8,100,95,1,12.69,2.26,0,0,4.024,0.102,0.410448,6648,3045,0,-,1
23:53:17.498,snap,default,me.weishu.kernelsu,discharging,0,36.1,39.8,100,95,1,12.69,2.26,0,0,4.012,0.18,0.72216004,13864,6659,0,-,1
23:53:18.498,snap,default,me.weishu.kernelsu,discharging,0,36.1,39.8,100,95,1,12.69,2.26,0,0,4.008,0.248,0.993984,13864,6659,0,-,1
23:53:19.498,snap,default,me.weishu.kernelsu,discharging,0,36.1,39.8,100,95,1,13.47,2.21,0,0,4.014,0.194,0.778716,7105,2685,0,-,1
23:53:20.499,snap,default,me.weishu.kernelsu,discharging,0,36.1,39.4,100,95,1,13.47,2.21,0,0,4.006,0.274,1.097644,7105,2685,0,-,1
23:53:21.499,snap,default,me.weishu.kernelsu,discharging,0,36.1,39.8,100,95,1,13.93,2.35,0,0,4.011,0.202,0.8102221,3545,828,0,-,1
23:53:23.462,snap,default,me.weishu.kernelsu,discharging,1,36.1,39.8,100,95,1,12.49,2.29,0,0,4.002,0.316,1.264632,3545,828,0,-,1
23:53:25.091,snap,default,me.weishu.kernelsu,discharging,0,36,40.2,100,95,1,12.49,2.29,0,0,4.004,0.308,1.233232,5716,1966,0,-,1
23:53:26.092,snap,default,me.weishu.kernelsu,discharging,0,36,40.2,100,95,1,13.85,2.24,0,0,4.019,0.18,0.72342,10420,4243,0,-,1
23:53:27.093,snap,default,me.weishu.kernelsu,discharging,0,36,39.4,100,95,1,13.88,2.01,0,0,4.01,0.25,1.0025,10420,4243,0,-,1
23:53:28.093,snap,default,me.weishu.kernelsu,discharging,0,36,39.4,100,95,1,13.88,2.01,0,0,4.01,0.204,0.81804,3627,874,0,-,1
23:53:29.093,snap,default,me.weishu.kernelsu,discharging,0,36,39.4,100,95,1,12.45,2.01,0,0,4.015,0.186,0.74679,3627,874,0,-,1
23:53:30.095,snap,default,me.weishu.kernelsu,discharging,0,36,39.4,100,95,1,12.45,2.01,0,0,4.009,0.23,0.92206997,2963,563,0,-,1
23:53:31.811,snap,default,me.weishu.kernelsu,discharging,0,36,39.4,100,95,1,10.92,2,0,0,4.01,0.218,0.87418,2963,563,0,-,1
23:53:34.102,snap,default,me.weishu.kernelsu,discharging,0,36,39.4,100,95,1,10.92,2,0,0,4.024,0.092,0.37020802,12279,5548,0,-,1
23:53:35.527,snap,default,me.weishu.kernelsu,discharging,0,36,39.4,100,95,1,12.02,2,0,0,4.021,0.18,0.72378004,12279,5548,0,-,1
23:53:36.920,snap,default,me.weishu.kernelsu,discharging,0,36,39.4,100,95,1,12.02,2,0,0,4.021,0.166,0.66748595,12279,5548,0,-,1
23:53:38.076,snap,default,me.weishu.kernelsu,discharging,0,36,39.8,100,95,1,13.28,1.82,0,0,4.008,0.274,1.098192,13120,6177,0,-,1
23:53:39.650,snap,default,me.weishu.kernelsu,discharging,0,36,39.8,100,95,1,13.28,1.82,0,0,4.013,0.226,0.906938,13120,6177,0,-,1
23:53:42.073,snap,default,me.weishu.kernelsu,discharging,0,36,39.8,100,95,1,12.69,1.67,0,0,4.02,0.112,0.45024002,9776,4294,0,-,1
23:53:44.419,snap,default,me.weishu.kernelsu,discharging,0,36,39,100,95,1,12.69,1.67,0,0,4.021,0.192,0.77203196,9776,4294,0,-,1
23:53:45.539,snap,default,me.weishu.kernelsu,discharging,0,36,39,100,95,1,13.83,1.55,0,0,4.011,0.182,0.730002,13194,5393,0,-,1
23:53:46.539,snap,default,me.weishu.kernelsu,discharging,0,36,39,100,95,1,13.83,1.55,0,0,4.007,0.226,0.90558195,13194,5393,0,-,1
23:53:47.540,snap,default,me.weishu.kernelsu,discharging,0,36,39.4,100,95,1,14.04,1.45,0,0,4.007,0.238,0.95366603,8758,3538,0,-,1
23:53:48.540,snap,default,me.weishu.kernelsu,discharging,0,36,39.4,100,95,1,12.4,1.37,0,0,4.009,0.236,0.94612396,8758,3538,0,-,1
23:53:49.541,snap,default,me.weishu.kernelsu,discharging,0,36,39.8,100,95,1,12.4,1.37,0,0,4.006,0.256,1.0255361,3684,815,0,-,1
23:53:50.541,snap,default,me.weishu.kernelsu,discharging,0,36,39.8,100,95,1,10.7,1.3,0,0,4.006,0.254,1.017524,3684,815,0,-,1
23:53:52.289,snap,default,me.weishu.kernelsu,discharging,0,35.9,39.4,100,95,1,10.7,1.3,0,0,4.023,0.09,0.36207,5792,1913,0,-,1
23:53:54.270,snap,default,me.weishu.kernelsu,discharging,0,35.9,39.4,100,95,1,12.02,1.24,0,0,4.005,0.194,0.77697,5792,1913,0,-,1
23:53:55.372,snap,default,me.weishu.kernelsu,discharging,0,35.9,39.4,100,95,1,12.02,1.24,0,0,4.005,0.194,0.77697,12389,5933,0,-,1
23:53:57.006,snap,default,me.weishu.kernelsu,discharging,0,35.9,39.4,100,95,1,12.92,1.38,0,0,4.006,0.256,1.0255361,12389,5933,0,-,1
23:53:58.827,snap,default,me.weishu.kernelsu,discharging,0,35.9,39.4,100,95,1,12.92,1.38,0,0,4.007,0.166,0.66516197,11487,5259,0,-,1
23:54:00.187,snap,default,me.weishu.kernelsu,discharging,0,35.9,39,100,95,1,12.92,1.38,0,0,4.018,0.102,0.409836,11487,5259,0,-,1
23:54:02.040,snap,default,me.weishu.kernelsu,discharging,0,35.9,39,100,95,1,13.84,1.49,0,0,4.008,0.18,0.72144,13672,6422,0,-,1
23:54:04.233,snap,default,me.weishu.kernelsu,discharging,0,35.9,39,100,95,1,13.84,1.49,0,0,4.014,0.16,0.64224,11431,4641,0,-,1
23:54:05.233,snap,default,me.weishu.kernelsu,discharging,0,35.9,39,100,95,1,14.23,1.58,0,0,4.022,0.118,0.474596,11431,4641,0,-,1
23:54:06.234,snap,default,me.weishu.kernelsu,discharging,0,35.9,39,100,95,1,14.23,1.58,0,0,4.012,0.232,0.930784,11431,4641,0,-,1
23:54:07.234,snap,default,me.weishu.kernelsu,discharging,0,35.9,39,100,95,1,15.82,1.29,0,0,4.017,0.152,0.610584,4541,1060,0,-,1
23:54:08.234,snap,default,me.weishu.kernelsu,discharging,0,35.9,39,100,95,1,15.82,1.29,0,0,4.016,0.138,0.554208,4541,1060,0,-,1
23:54:09.237,snap,default,me.weishu.kernelsu,discharging,0,35.9,39,100,95,1,13.31,1.06,0,0,4.017,0.14,0.56238,2432,535,0,-,1
23:54:11.184,snap,default,me.weishu.kernelsu,discharging,0,35.9,39,100,95,1,12.17,0.87,0,0,4.011,0.21,0.84231,2432,535,0,-,1
23:54:12.186,snap,default,me.weishu.kernelsu,discharging,0,35.9,39,100,95,1,12.17,0.87,0,0,4.011,0.188,0.754068,10211,4606,0,-,1
23:54:13.186,snap,default,me.weishu.kernelsu,discharging,0,35.9,39,100,95,1,12.5,1.07,0,0,4.009,0.24,0.96215993,10211,4606,0,-,1
23:54:14.186,snap,default,me.weishu.kernelsu,discharging,0,35.9,39,100,95,1,12.5,1.07,0,0,4.011,0.194,0.77813405,4613,1254,0,-,1
23:54:15.187,snap,default,me.weishu.kernelsu,discharging,0,35.9,39,100,95,1,12.05,1.6,0,0,4.009,0.22,0.88197994,4613,1254,0,-,1
23:54:16.187,snap,default,me.weishu.kernelsu,discharging,0,35.9,39,100,95,1,12.05,1.6,0,0,4.011,0.192,0.77011204,3757,1162,0,-,1
23:54:17.978,snap,default,me.weishu.kernelsu,discharging,0,35.9,38.6,100,95,1,11.67,2.03,0,0,4.01,0.208,0.83408004,3757,1162,0,-,1
23:54:18.978,snap,default,me.weishu.kernelsu,discharging,0,35.9,38.6,100,95,1,11.67,2.03,0,0,4.023,0.074,0.29770198,8220,3824,0,-,1
23:54:19.979,snap,default,me.weishu.kernelsu,discharging,0,35.9,38.6,100,95,1,12.1,2.21,0,0,4.011,0.2,0.8022,8220,3824,0,-,1
23:54:20.979,snap,default,me.weishu.kernelsu,discharging,0,35.9,39,100,95,1,12.1,2.21,0,0,4.011,0.198,0.794178,3086,1006,0,-,1
23:54:21.980,snap,default,me.weishu.kernelsu,discharging,0,35.9,39.4,100,95,1,11.35,2.71,0,0,4.009,0.226,0.90603393,3086,1006,0,-,1
23:54:22.980,snap,default,me.weishu.kernelsu,discharging,0,35.9,39.4,100,95,1,11.35,2.71,0,0,4.008,0.242,0.96993595,6261,2356,0,-,1
23:54:23.981,snap,default,me.weishu.kernelsu,discharging,0,35.9,39.4,100,95,1,12.01,2.77,0,0,4.011,0.206,0.82626605,6261,2356,0,-,1
23:54:24.981,snap,default,me.weishu.kernelsu,discharging,0,35.9,39.4,100,95,1,12.01,2.77,0,0,4.012,0.212,0.85054404,3635,1080,0,-,1
23:54:25.982,snap,default,me.weishu.kernelsu,discharging,0,35.9,39.4,100,95,1,11.83,2.99,0,0,4.01,0.208,0.83408004,3635,1080,0,-,1
23:54:26.982,snap,default,me.weishu.kernelsu,discharging,0,35.9,39.4,100,95,1,11.83,2.99,0,0,4.012,0.22,0.88264,6552,2951,0,-,1
23:54:28.570,snap,default,me.weishu.kernelsu,discharging,0,35.9,39.4,100,95,1,11.5,3.17,0,0,4.011,0.214,0.85835403,6552,2951,0,-,1
23:54:31.018,snap,default,me.weishu.kernelsu,discharging,0,35.9,39.4,100,95,1,11.5,3.17,0,0,4.023,0.098,0.39425397,9170,4198,0,-,1
23:54:32.880,snap,default,me.weishu.kernelsu,discharging,0,35.9,39,100,95,1,12.13,2.96,0,0,4.024,0.076,0.305824,9170,4198,0,-,1
23:54:34.435,snap,default,me.weishu.kernelsu,discharging,0,35.9,39,100,95,1,12.13,2.96,0,0,4.012,0.23,0.92276,12017,5795,0,-,1
23:54:35.436,snap,default,me.weishu.kernelsu,discharging,0,35.9,39,100,95,1,13.56,2.6,0,0,4.005,0.166,0.66482997,12017,5795,0,-,1
23:54:36.436,snap,default,me.weishu.kernelsu,discharging,0,35.9,39,100,95,1,14.18,2.49,0,0,4.008,0.224,0.897792,11463,5303,0,-,1
23:54:37.437,snap,default,me.weishu.kernelsu,discharging,0,35.9,39,100,95,1,14.18,2.49,0,0,4.007,0.242,0.96969396,11463,5303,0,-,1
23:54:38.437,snap,default,me.weishu.kernelsu,discharging,0,35.9,39,100,95,1,13.6,2.58,0,0,4.005,0.248,0.99324,5131,1549,0,-,1
23:54:39.437,snap,default,me.weishu.kernelsu,discharging,0,35.9,39,100,95,1,13.6,2.58,0,0,4.01,0.222,0.89022005,5131,1549,0,-,1
23:54:40.439,snap,default,me.weishu.kernelsu,discharging,0,35.9,39,100,95,1,12.59,2.84,0,0,4.012,0.196,0.786352,3260,805,0,-,1
23:54:41.509,snap,default,me.weishu.kernelsu,discharging,0,35.9,39.4,100,95,1,12.59,2.84,0,0,4.01,0.184,0.73784006,3260,805,0,-,1
23:54:42.510,snap,default,me.weishu.kernelsu,discharging,0,35.9,39,100,95,1,12.48,2.87,0,0,4.007,0.24,0.96168,6189,2440,0,-,1
23:54:43.588,snap,default,me.weishu.kernelsu,discharging,0,35.8,39,100,95,1,12.48,2.87,0,0,4.012,0.184,0.738208,6189,2440,0,-,1
23:54:45.489,snap,default,me.weishu.kernelsu,discharging,1,35.8,39,100,95,1,11.85,3.07,0,18,3.99,0.434,1.7316599,4749,2253,0,-,3
23:54:46.491,snap,default,me.weishu.kernelsu,discharging,1,35.8,39,100,95,1,14.05,3.06,0,0,3.998,0.332,1.327336,8991,4086,0,-,3
23:54:47.492,snap,default,me.weishu.kernelsu,discharging,1,35.8,39.8,100,95,1,14.05,3.06,0,0,4.001,0.3,1.2003,8991,4086,0,-,3
23:54:48.492,snap,default,me.weishu.kernelsu,discharging,1,35.8,39.8,100,95,1,13.49,3.05,0,0,3.999,0.336,1.343664,4059,1374,0,-,3
23:54:49.493,snap,default,me.weishu.kernelsu,discharging,1,35.8,39.8,100,95,1,13.49,3.05,0,0,4.002,0.306,1.2246119,4059,1374,0,-,3
23:54:50.493,snap,default,me.weishu.kernelsu,discharging,1,35.8,39.4,100,95,1,12.68,3.04,0,0,4.007,0.258,1.033806,4011,1522,0,-,3
23:54:51.493,snap,default,me.weishu.kernelsu,discharging,1,35.8,39.4,100,95,1,12.68,3.04,0,20,3.991,0.408,1.628328,4011,1522,0,-,3
23:54:52.494,snap,default,me.weishu.kernelsu,discharging,1,35.8,39,100,95,1,12.92,2.49,0,0,3.991,0.408,1.628328,8514,3898,0,-,1
23:54:53.494,snap,default,me.weishu.kernelsu,discharging,0,35.8,39,100,95,1,12.92,2.49,0,0,3.995,0.262,1.04669,8514,3898,0,-,1
23:54:54.495,snap,default,me.weishu.kernelsu,discharging,0,35.9,39,100,95,1,12.92,2.49,0,0,4.011,0.192,0.77011204,8514,3898,0,-,1
23:54:55.495,snap,default,me.weishu.kernelsu,discharging,0,35.9,39,100,95,1,12.57,2.03,0,0,4.007,0.168,0.673176,3857,1383,0,-,1
23:54:57.057,snap,default,me.weishu.kernelsu,discharging,0,35.9,39,100,95,1,12.57,2.03,0,0,4.009,0.202,0.80981797,3857,1383,0,-,1
23:54:58.058,snap,default,me.weishu.kernelsu,discharging,0,35.9,39,100,95,1,12.1,1.85,0,0,4.018,0.15,0.60270005,6013,2284,0,-,1
23:54:59.058,snap,default,me.weishu.kernelsu,discharging,0,35.9,39,100,95,1,12.1,1.85,0,0,4.009,0.254,1.018286,6013,2284,0,-,1
23:55:00.058,snap,default,me.weishu.kernelsu,discharging,0,35.9,39.4,100,95,1,12.45,2.05,0,0,4.007,0.258,1.033806,5554,1808,0,-,1
23:55:01.058,snap,default,me.weishu.kernelsu,discharging,0,35.9,39,100,95,1,12.45,2.05,0,0,4.009,0.23,0.92206997,5554,1808,0,-,1
23:55:02.500,snap,default,me.weishu.kernelsu,discharging,1,35.9,39.4,100,95,1,11.82,2.22,0,0,4.005,0.27,1.0813501,4376,1462,0,-,1
23:55:03.514,snap,default,me.weishu.kernelsu,discharging,0,35.9,39.8,100,95,1,12.21,2.18,0,0,4.007,0.28,1.12196,4376,1462,0,-,1
23:55:04.515,snap,default,me.weishu.kernelsu,discharging,0,35.9,39.8,100,95,1,12.9,1.79,0,0,4.017,0.138,0.554346,8564,3384,0,-,1
23:55:05.515,snap,default,me.weishu.kernelsu,discharging,0,35.8,39,100,95,1,12.9,1.79,0,0,4.015,0.13,0.52194995,2419,630,0,-,1
23:55:06.515,snap,default,me.weishu.kernelsu,discharging,0,35.8,39,100,95,1,12.19,1.46,0,0,4.014,0.176,0.706464,2419,630,0,-,1
23:55:07.516,snap,default,me.weishu.kernelsu,discharging,0,35.8,39,100,95,1,12.19,1.46,0,0,4.011,0.192,0.77011204,4516,1806,0,-,1
23:55:09.072,snap,default,me.weishu.kernelsu,discharging,1,35.8,39,100,95,1,13.06,1.38,0,0,3.995,0.334,1.33433,4516,1806,0,-,1
23:55:10.073,snap,default,me.weishu.kernelsu,discharging,0,35.8,39.4,100,95,1,13.06,1.38,0,0,4.002,0.322,1.288644,7753,2794,0,-,1
23:55:11.073,snap,default,me.weishu.kernelsu,discharging,0,35.8,39.4,100,95,1,11.78,1.31,0,0,4.009,0.246,0.986214,7753,2794,0,-,1
23:55:12.074,snap,default,me.weishu.kernelsu,discharging,0,35.8,39.4,100,95,1,11.78,1.31,0,0,4.008,0.212,0.849696,3482,871,0,-,1
23:55:13.074,snap,default,me.weishu.kernelsu,discharging,0,35.8,39.4,100,95,1,10.55,1.43,0,0,4.011,0.204,0.81824404,3482,871,0,-,1
23:55:14.499,snap,default,me.weishu.kernelsu,discharging,1,35.8,39.4,100,95,1,10.55,1.43,0,0,4,0.228,0.912,3482,871,0,-,1
23:55:15.516,snap,default,me.weishu.kernelsu,discharging,0,35.8,39,100,95,1,11.18,1.17,0,0,4.002,0.292,1.168584,4121,1597,0,-,1
23:55:16.518,snap,default,me.weishu.kernelsu,discharging,0,35.8,39,100,95,1,11.18,1.17,0,0,4.008,0.234,0.937872,8056,4020,0,-,1
23:55:17.894,snap,default,me.weishu.kernelsu,discharging,0,35.8,39,100,95,1,12.77,1.32,0,0,4.007,0.254,1.017778,8056,4020,0,-,1
23:55:18.895,snap,default,me.weishu.kernelsu,discharging,0,35.8,39,100,95,1,12.77,1.32,0,0,4.004,0.248,0.99299204,9069,3715,0,-,1
23:55:20.652,snap,default,me.weishu.kernelsu,discharging,0,35.8,39.4,100,95,1,12.81,1.44,0,0,4.007,0.254,1.017778,9069,3715,0,-,1
23:55:21.652,snap,default,me.weishu.kernelsu,discharging,0,35.8,39,100,95,1,12.81,1.44,0,0,4.021,0.112,0.450352,6388,2515,0,-,1
23:55:22.654,snap,default,me.weishu.kernelsu,discharging,0,35.8,39,100,95,1,13.21,1.72,0,0,4.007,0.256,1.025792,6388,2515,0,-,1
23:55:24.020,snap,default,me.weishu.kernelsu,discharging,1,35.8,39,100,95,1,12.63,2.14,0,0,4,0.312,1.248,4726,1998,0,-,3
23:55:25.122,snap,default,me.weishu.kernelsu,discharging,0,35.8,39.4,100,95,1,12.63,2.14,0,0,3.998,0.346,1.3833079,4726,1998,0,-,1
23:55:26.124,snap,default,me.weishu.kernelsu,discharging,0,35.8,39.4,100,95,1,12.69,2.29,0,0,4.007,0.288,1.1540159,6146,2573,0,-,1
23:55:27.126,snap,default,me.weishu.kernelsu,discharging,0,35.8,39.4,100,95,1,12.69,2.29,0,0,4.011,0.198,0.794178,2975,906,0,-,1
23:55:28.481,snap,default,me.weishu.kernelsu,discharging,0,35.8,39.4,100,95,1,11.66,2.6,0,0,4.005,0.192,0.76896,2975,906,0,-,1
23:55:29.481,snap,default,me.weishu.kernelsu,discharging,0,35.8,39.8,100,95,1,11.66,2.6,0,0,4.003,0.29,1.16087,7125,2689,0,-,1
23:55:30.483,snap,default,me.weishu.kernelsu,discharging,0,35.8,39.8,100,95,1,17.7,2.31,0,0,4.007,0.25,1.00175,7125,2689,0,-,1
23:55:31.483,snap,default,me.weishu.kernelsu,discharging,0,35.8,39,100,95,1,17.7,2.31,0,0,4.007,0.25,1.00175,7125,2689,0,-,1
23:55:32.484,snap,default,me.weishu.kernelsu,discharging,0,35.8,39,100,95,1,17.7,2.31,0,0,4.006,0.218,0.873308,3360,979,0,-,1
23:55:33.485,snap,default,me.weishu.kernelsu,discharging,0,35.8,39,100,95,1,16.12,2.62,0,0,4.009,0.198,0.79378194,3360,979,0,-,1
23:55:36.049,snap,default,me.weishu.kernelsu,discharging,0,35.8,39,100,95,1,15.74,2.87,0,0,4.006,0.22,0.88132,6451,2691,0,-,1
23:55:37.050,snap,default,me.weishu.kernelsu,discharging,0,35.8,39,100,95,1,15.74,2.87,0,0,4.02,0.13,0.5226,8366,3164,0,-,1
23:55:38.051,snap,default,me.weishu.kernelsu,discharging,0,35.8,39,100,95,1,15.97,2.89,0,0,4.01,0.236,0.94636005,8366,3164,0,-,1
23:55:39.051,snap,default,me.weishu.kernelsu,discharging,0,35.8,39,100,95,1,15.97,2.89,0,0,4.008,0.204,0.81763196,8366,3164,0,-,1
23:55:40.052,snap,default,me.weishu.kernelsu,discharging,0,35.7,39,100,95,1,14.7,3.27,0,0,4.009,0.182,0.729638,3121,761,0,-,1
23:55:41.052,snap,default,me.weishu.kernelsu,discharging,0,35.7,39,100,95,1,14.7,3.27,0,0,4.012,0.192,0.770304,3121,761,0,-,1
23:55:42.760,snap,default,me.weishu.kernelsu,discharging,0,35.7,39,100,95,1,14.21,3.4,0,0,4.007,0.264,1.057848,8486,3665,0,-,1
23:55:43.761,snap,default,me.weishu.kernelsu,discharging,0,35.7,39,100,95,1,14.21,3.4,0,0,4.004,0.17,0.68068004,8486,3665,0,-,1
23:55:44.762,snap,default,me.weishu.kernelsu,discharging,0,35.7,39,100,95,1,14.72,3.15,0,0,4.002,0.26,1.04052,12096,5690,0,-,1
23:55:45.762,snap,default,me.weishu.kernelsu,discharging,0,35.7,39,100,95,1,14.72,3.15,0,0,4.011,0.184,0.73802406,12096,5690,0,-,1
23:55:46.762,snap,default,me.weishu.kernelsu,discharging,0,35.7,39,100,95,1,13.68,3.48,0,0,4.004,0.238,0.9529521,5011,2171,0,-,1
23:55:47.763,snap,default,me.weishu.kernelsu,discharging,0,35.7,39,100,95,1,13.68,3.48,0,0,4.008,0.202,0.809616,5011,2171,0,-,1
23:55:48.764,snap,default,me.weishu.kernelsu,discharging,0,35.7,39,100,95,1,13.56,3.94,0,0,4.006,0.226,0.905356,4600,2123,0,-,1
23:55:49.766,snap,default,me.weishu.kernelsu,discharging,0,35.7,39,100,95,1,13.56,3.94,0,0,4.011,0.202,0.8102221,4600,2123,0,-,1
23:55:52.371,snap,default,me.weishu.kernelsu,discharging,0,35.7,38.6,100,95,1,13.09,4.49,0,0,4.022,0.098,0.39415598,4702,1807,0,-,1
23:55:53.466,snap,default,me.weishu.kernelsu,discharging,0,35.7,39,100,95,1,13.09,4.49,0,0,4.007,0.19,0.76133,4702,1807,0,-,1
23:55:55.486,snap,default,me.weishu.kernelsu,discharging,0,35.7,39.4,100,95,1,14.34,4.04,0,0,4.022,0.04,0.16087998,11418,5545,0,-,1
23:55:57.054,snap,default,me.weishu.kernelsu,discharging,1,35.7,39.4,100,95,1,14.34,4.04,0,0,3.986,0.36,1.4349601,11418,5545,0,-,2
23:55:58.064,snap,default,me.weishu.kernelsu,discharging,1,35.7,42.4,100,95,1,19.35,3.67,0.72,0,3.97,0.712,2.8266401,19810,7575,0,-,2
23:55:59.071,snap,default,me.weishu.kernelsu,discharging,1,35.7,45.4,100,95,1,28.71,3,3.31,0,3.941,1.072,4.224752,19810,7575,0,-,2
23:56:00.066,snap,default,me.weishu.kernelsu,discharging,1,35.7,45.4,100,95,1,28.71,3,3.31,35,3.981,0.646,2.571726,23240,9528,0,-,2
23:56:01.066,snap,default,me.weishu.kernelsu,discharging,1,35.7,46.9,100,95,1,31.3,2.64,2.71,15,3.898,1.728,6.735744,23240,9528,0,-,2
23:56:02.067,snap,default,me.weishu.kernelsu,discharging,1,35.7,49.9,100,95,1,31.3,2.64,2.71,26,3.903,1.574,6.143322,43372,19633,0,-,2
23:56:03.067,snap,default,me.weishu.kernelsu,discharging,1,35.7,52.4,100,95,1,29.25,2.34,2.21,28,3.951,1.086,4.290786,43372,19633,0,-,2
23:56:04.067,snap,default,me.weishu.kernelsu,discharging,1,35.6,51.7,100,95,1,29.25,2.34,2.21,27,3.964,0.922,3.654808,24424,14987,0,-,2
23:56:05.070,snap,default,me.weishu.kernelsu,discharging,1,35.6,51.7,100,95,1,26.85,1.92,1.81,24,3.962,0.908,3.5974958,24424,14987,0,-,2
23:56:06.069,snap,default,me.weishu.kernelsu,discharging,1,35.6,51.7,100,95,1,26.85,1.92,1.81,24,3.903,1.452,5.667156,30063,13752,0,-,3
23:56:07.069,snap,default,me.weishu.kernelsu,discharging,1,35.6,53.6,100,95,1,34.66,1.93,2.93,17,3.849,2.06,7.92894,30063,13752,0,-,3
23:56:08.070,snap,default,me.weishu.kernelsu,discharging,1,35.6,53.6,100,95,1,34.66,1.93,2.93,16,3.943,0.904,3.564472,40052,15640,0,-,3
23:56:09.070,snap,default,me.weishu.kernelsu,discharging,1,35.6,50.6,100,95,1,34.36,1.94,2.58,0,3.966,0.588,2.3320081,40052,15640,0,-,3
23:56:10.959,snap,default,me.weishu.kernelsu,discharging,0,35.6,47.6,100,95,1,31.4,1.59,2.11,0,3.995,0.33,1.31835,14317,5804,0,-,1
23:56:11.962,snap,default,me.weishu.kernelsu,discharging,0,35.6,44.6,100,95,1,31.4,1.59,2.11,0,3.999,0.24,0.95976,10407,3984,0,-,1
23:56:12.963,snap,default,me.weishu.kernelsu,discharging,0,35.6,43.4,100,95,1,27.34,1.66,1.73,0,3.995,0.268,1.07066,10407,3984,0,-,1
23:56:13.963,snap,default,me.weishu.kernelsu,discharging,0,35.6,43,100,95,1,27.34,1.66,1.73,0,3.998,0.278,1.111444,6381,2681,0,-,1
23:56:14.965,snap,default,me.weishu.kernelsu,discharging,0,35.7,42.6,100,95,1,24.2,1.36,1.41,0,3.998,0.278,1.111444,6381,2681,0,-,1
23:56:15.965,snap,default,me.weishu.kernelsu,discharging,0,35.7,41.4,100,95,1,24.2,1.36,1.41,0,4.008,0.184,0.737472,5634,1939,0,-,1
23:56:16.967,snap,default,me.weishu.kernelsu,discharging,0,35.7,41,100,95,1,24.2,1.36,1.41,0,4.005,0.168,0.67284,5634,1939,0,-,1
23:56:18.636,snap,default,me.weishu.kernelsu,discharging,1,35.7,41,100,95,1,21.62,1.11,1.16,0,3.998,0.268,1.071464,5634,1939,0,-,3
23:56:20.559,snap,default,me.weishu.kernelsu,discharging,0,35.7,40.6,100,95,1,20.24,0.91,0.95,0,4,0.286,1.144,4117,1435,0,-,1
23:56:21.561,snap,default,me.weishu.kernelsu,discharging,0,35.7,41,100,95,1,19.29,0.93,0.77,0,4.004,0.25,1.001,8222,3750,0,-,1
23:56:22.562,snap,default,me.weishu.kernelsu,discharging,0,35.7,41.8,100,95,1,23.4,1.12,2.44,0,3.993,0.436,1.740948,8722,2112,0,-,1
23:56:23.562,snap,default,me.weishu.kernelsu,discharging,0,35.7,41.8,100,95,1,23.4,1.12,2.44,0,3.996,0.328,1.310688,8722,2112,0,-,1
23:56:24.562,snap,default,me.weishu.kernelsu,discharging,0,35.7,42.2,100,95,1,32.57,0.92,2.18,0,3.997,0.3,1.1991,9395,2223,0,-,1
23:56:25.563,snap,default,me.weishu.kernelsu,discharging,0,35.7,41.8,100,95,1,32.57,0.92,2.18,0,3.99,0.32,1.2767999,9395,2223,0,-,1
23:56:26.563,snap,default,me.weishu.kernelsu,discharging,0,35.7,41.8,100,95,1,40.8,0.75,1.79,0,4,0.29,1.16,7149,1628,0,-,1
23:56:27.761,snap,default,me.weishu.kernelsu,discharging,0,35.7,41.8,100,95,1,40.8,0.75,1.79,0,4,0.29,1.16,7149,1628,0,-,1
23:56:28.923,snap,default,me.weishu.kernelsu,discharging,0,35.7,41,100,95,1,40.8,0.75,1.79,0,4.003,0.23,0.92068994,11944,5159,0,-,1
23:56:30.981,snap,default,me.weishu.kernelsu,discharging,0,35.7,41,100,95,1,41.2,0.79,1.46,0,4.005,0.342,1.3697101,11944,5159,0,-,1
23:56:31.981,snap,default,me.weishu.kernelsu,discharging,0,35.7,41,100,95,1,41.2,0.79,1.46,0,3.993,0.268,1.070124,11944,5159,0,-,1
23:56:32.981,snap,default,me.weishu.kernelsu,discharging,0,35.7,41,100,95,1,37.17,0.65,1.2,0,4.001,0.302,1.2083019,8887,3114,0,-,1
23:56:33.982,snap,default,me.weishu.kernelsu,discharging,0,35.7,41,100,95,1,37.17,0.65,1.2,0,3.993,0.298,1.189914,8887,3114,0,-,1
23:56:34.983,snap,default,me.weishu.kernelsu,discharging,0,35.7,41,100,95,1,32.07,0.71,0.98,0,3.997,0.288,1.1511359,5187,1522,0,-,1
23:56:36.807,snap,default,me.weishu.kernelsu,discharging,0,35.7,40.6,100,95,1,32.07,0.71,0.98,0,4.015,0.154,0.61831,5187,1522,0,-,1
23:56:37.808,snap,default,me.weishu.kernelsu,discharging,0,35.7,40.2,100,95,1,27.89,0.76,0.8,0,4.005,0.18,0.72090006,9116,3686,0,-,1
23:56:38.810,snap,default,me.weishu.kernelsu,discharging,0,35.7,40.2,100,95,1,27.89,0.76,0.8,0,4.006,0.2,0.80120003,9116,3686,0,-,1
23:56:39.810,snap,default,me.weishu.kernelsu,discharging,0,35.7,40.2,100,95,1,24.83,0.62,0.65,0,4.007,0.178,0.713246,3332,944,0,-,1
23:56:40.811,snap,default,me.weishu.kernelsu,discharging,0,35.7,40.2,100,95,1,20.87,0.69,0.53,0,4.004,0.224,0.89689606,3332,944,0,-,1
23:56:41.811,snap,default,me.weishu.kernelsu,discharging,0,35.7,40.2,100,95,1,20.87,0.69,0.53,0,3.999,0.242,0.967758,3520,701,0,-,1
23:56:42.978,snap,default,me.weishu.kernelsu,discharging,0,35.7,40.2,100,95,1,18.9,0.93,0.44,0,4.002,0.276,1.1045519,3520,701,0,-,1
23:56:44.404,snap,default,me.weishu.kernelsu,discharging,0,35.7,40.2,100,95,1,18.9,0.93,0.44,0,4.013,0.174,0.698262,10698,4438,0,-,1
23:56:45.893,snap,default,me.weishu.kernelsu,discharging,0,35.7,40.6,100,95,1,18.38,1.12,0.36,0,4.013,0.174,0.698262,10698,4438,0,-,1
23:56:47.728,snap,default,me.weishu.kernelsu,discharging,0,35.7,40.2,100,95,1,18.38,1.12,0.36,0,4.013,0.146,0.585898,12045,5201,0,-,1
23:56:48.728,snap,default,me.weishu.kernelsu,discharging,0,35.7,40.2,100,95,1,18.38,1.12,0.36,0,4.002,0.158,0.632316,12045,5201,0,-,1
23:56:49.729,snap,default,me.weishu.kernelsu,discharging,0,35.7,40.2,100,95,1,18.49,1.1,0.29,0,4,0.244,0.976,7370,2399,0,-,1
23:56:50.729,snap,default,me.weishu.kernelsu,discharging,0,35.7,40.2,100,95,1,18.49,1.1,0.29,0,4.005,0.214,0.85707,7370,2399,0,-,1
23:56:51.729,snap,default,me.weishu.kernelsu,discharging,0,35.8,39.8,100,95,1,16.77,1.26,0.24,0,3.998,0.294,1.1754119,5916,2325,0,-,1
23:56:52.729,snap,default,me.weishu.kernelsu,discharging,0,35.8,39.8,100,95,1,16.77,1.26,0.24,0,4.006,0.216,0.865296,5916,2325,0,-,1
23:56:54.493,snap,default,me.weishu.kernelsu,discharging,0,35.8,39.8,100,95,1,15.36,1.39,0.19,0,4.015,0.176,0.70663995,5916,2325,0,-,1
23:56:55.494,snap,default,me.weishu.kernelsu,discharging,0,35.8,39.4,100,95,1,15.66,1.5,0.16,0,4.003,0.172,0.68851596,8832,3581,0,-,1
23:56:56.494,snap,default,me.weishu.kernelsu,discharging,0,35.8,39.4,100,95,1,15.66,1.5,0.16,0,4.009,0.138,0.55324197,8832,3581,0,-,1
23:56:57.494,snap,default,me.weishu.kernelsu,discharging,0,35.8,39.4,100,95,1,14.09,1.23,0.13,0,4.009,0.13,0.52116996,3215,736,0,-,1
23:56:58.495,snap,default,me.weishu.kernelsu,discharging,0,35.8,39.4,100,95,1,14.09,1.23,0.13,0,4.01,0.144,0.57744,3215,736,0,-,1
23:56:59.494,snap,default,me.weishu.kernelsu,discharging,0,35.8,39,100,95,1,13.16,1.01,0.1,0,4.009,0.128,0.513152,2501,701,0,-,1
23:57:00.495,snap,default,me.weishu.kernelsu,discharging,0,35.8,39,100,95,1,13.16,1.01,0.1,0,4.001,0.194,0.77619404,2501,701,0,-,1
23:57:01.495,snap,default,me.weishu.kernelsu,discharging,0,35.8,39.4,100,95,1,14.4,1.19,0.08,0,4.003,0.232,0.9286959,8140,4336,0,-,1
23:57:02.495,snap,default,me.weishu.kernelsu,discharging,0,35.8,39.4,100,95,1,14.4,1.19,0.08,0,4.006,0.218,0.873308,8140,4336,0,-,1
23:57:03.997,snap,default,me.weishu.kernelsu,discharging,0,35.8,39.4,100,95,1,13.78,1.88,0.07,0,4.006,0.206,0.825236,6418,3095,0,-,1
23:57:05.219,snap,default,me.weishu.kernelsu,discharging,0,35.8,39.8,100,95,1,13.78,1.88,0.07,0,4.002,0.258,1.0325159,9327,4519,0,-,1
23:57:06.933,snap,default,me.weishu.kernelsu,discharging,0,35.8,39.8,100,95,1,15.09,2.08,0.05,0,3.999,0.3,1.1997001,9327,4519,0,-,1
23:57:08.351,snap,default,me.weishu.kernelsu,discharging,0,35.8,39.8,100,95,1,15.09,2.08,0.05,0,4.003,0.192,0.76857597,11073,5123,0,-,1
23:57:09.458,snap,default,me.weishu.kernelsu,discharging,0,35.8,39.8,100,95,1,15.07,2.25,0.04,0,4.003,0.186,0.744558,11073,5123,0,-,1
23:57:10.930,snap,default,me.weishu.kernelsu,discharging,0,35.8,39.8,100,95,1,15.07,2.25,0.04,0,4.014,0.164,0.658296,11073,5123,0,-,1
23:57:12.311,snap,default,me.weishu.kernelsu,discharging,0,35.8,39.8,100,95,1,15.78,2.2,0.03,0,3.999,0.172,0.68782806,14532,6368,0,-,1
23:57:13.410,snap,default,me.weishu.kernelsu,discharging,0,35.8,39.8,100,95,1,15.46,1.98,0.03,0,3.999,0.248,0.991752,14532,6368,0,-,1
23:57:14.828,snap,default,me.weishu.kernelsu,discharging,0,35.8,40.2,100,95,1,15.46,1.98,0.03,0,3.999,0.248,0.991752,9588,3882,0,-,1
23:57:17.220,snap,default,me.weishu.kernelsu,discharging,0,35.9,40.6,100,95,1,15.74,1.8,0.02,0,4.016,0.196,0.78713596,9588,3882,0,-,1
23:57:18.266,snap,default,me.weishu.kernelsu,discharging,1,35.9,40.6,100,95,1,15.74,1.8,0.02,15,4.002,0.154,0.616308,14094,6399,0,-,2
23:57:19.257,snap,default,me.weishu.kernelsu,discharging,1,35.9,40.6,100,95,1,15.74,1.8,0.02,15,3.907,1.026,4.008582,14094,6399,0,-,2
23:57:20.266,snap,default,me.weishu.kernelsu,discharging,1,35.9,40.6,100,95,1,23.57,1.66,0.38,29,3.853,2.12,8.16836,38314,18226,0,-,2
23:57:21.272,snap,default,me.weishu.kernelsu,discharging,1,35.9,40.6,100,95,1,23.57,1.66,0.38,27,3.884,1.546,6.004664,38314,18226,0,-,2
23:57:22.272,snap,default,me.weishu.kernelsu,discharging,1,35.9,40.6,100,95,1,30.72,2.44,3.21,19,3.834,2.276,8.726184,43881,15491,0,-,2
23:57:23.667,snap,playback,tv.danmaku.bili,discharging,1,35.9,40.6,100,95,0,36.02,3.99,4.98,21,3.862,2.016,7.785792,43881,15491,0,-,2
23:57:24.667,snap,playback,tv.danmaku.bili,discharging,1,35.9,40.6,100,95,0,36.02,3.99,4.98,20,3.862,1.726,6.665812,41860,15328,0,-,2
23:57:25.667,snap,playback,tv.danmaku.bili,discharging,1,35.9,40.6,100,95,0,38.73,3.63,4.8,19,3.922,1.158,4.541676,41860,15328,0,-,2
23:57:26.668,snap,playback,tv.danmaku.bili,discharging,1,35.9,40.6,100,95,0,38.73,3.63,4.8,20,3.912,1.156,4.522272,28943,13189,0,-,2
23:57:27.668,snap,playback,tv.danmaku.bili,discharging,1,36,43.6,100,95,0,41.68,3.15,4.66,10,3.964,0.764,3.028496,28943,13189,0,-,2
23:57:28.668,snap,playback,tv.danmaku.bili,discharging,1,36,46.6,100,95,0,41.68,3.15,4.66,0,3.969,0.496,1.968624,18017,7493,0,-,2
23:57:29.669,snap,playback,tv.danmaku.bili,discharging,1,36,48.5,100,95,0,42.82,2.58,3.81,0,3.983,0.44,1.75252,18017,7493,0,-,2
23:57:30.670,snap,playback,tv.danmaku.bili,discharging,1,36,48.5,100,95,0,42.82,2.58,3.81,0,3.983,0.44,1.75252,12971,5284,0,-,2
23:57:31.670,snap,playback,tv.danmaku.bili,discharging,1,36,49.7,100,95,0,42.82,2.58,3.81,0,3.949,0.846,3.340854,12971,5284,0,-,2
23:57:32.670,snap,playback,tv.danmaku.bili,discharging,1,36,50.9,100,95,0,41.04,2.11,3.48,15,3.954,0.88,3.47952,19782,10360,0,-,2
23:57:33.670,snap,playback,tv.danmaku.bili,discharging,1,36,50.1,100,95,0,41.04,2.11,3.48,13,3.928,0.998,3.920144,19782,10360,0,-,2
23:57:34.671,snap,playback,tv.danmaku.bili,discharging,1,36,50.9,100,95,0,42.3,1.73,2.85,23,3.944,0.926,3.652144,21582,11224,0,-,2
23:57:35.671,snap,playback,tv.danmaku.bili,discharging,1,36,50.1,100,95,0,42.3,1.73,2.85,30,3.947,0.94,3.71018,21582,11224,0,-,2
23:57:36.671,snap,playback,tv.danmaku.bili,discharging,1,36,48.5,100,95,0,42.61,1.41,2.33,17,3.965,0.662,2.62483,17838,8711,0,-,2
23:57:37.671,snap,playback,tv.danmaku.bili,discharging,1,36,48.5,100,95,0,38.51,1.16,1.91,15,3.958,0.712,2.818096,17838,8711,0,-,2
23:57:38.672,snap,playback,tv.danmaku.bili,discharging,1,36,48.1,100,95,0,38.51,1.16,1.91,15,3.96,0.618,2.44728,11234,5201,0,-,2
23:57:39.672,snap,playback,tv.danmaku.bili,discharging,1,36,45.3,100,95,0,33.53,0.95,1.56,0,3.982,0.42,1.67244,11234,5201,0,-,2
23:57:40.672,snap,playback,tv.danmaku.bili,discharging,1,36,44.6,100,95,0,33.53,0.95,1.56,0,3.99,0.346,1.3805399,8423,3350,0,-,2
23:57:41.673,snap,playback,tv.danmaku.bili,discharging,1,36,43.8,100,95,0,29.99,0.77,1.28,0,3.982,0.39,1.55298,8423,3350,0,-,2
23:57:42.673,snap,playback,tv.danmaku.bili,discharging,1,36,43.8,100,95,0,29.99,0.77,1.28,0,3.987,0.316,1.2598921,10279,5506,0,-,2
23:57:43.674,snap,playback,tv.danmaku.bili,discharging,1,36.1,43.8,100,95,0,27.27,0.63,1.05,0,3.98,0.462,1.83876,10279,5506,0,-,2
23:57:44.674,snap,playback,tv.danmaku.bili,discharging,1,36.1,43.4,100,95,0,27.27,0.63,1.05,0,3.991,0.284,1.1334441,9470,4195,0,-,2
23:57:45.674,snap,playback,tv.danmaku.bili,discharging,1,36.1,42.6,100,95,0,24.69,0.52,0.85,0,3.991,0.312,1.245192,9470,4195,0,-,2
23:57:46.675,snap,playback,tv.danmaku.bili,discharging,1,36.1,42.6,100,95,0,24.69,0.52,0.85,0,3.992,0.272,1.0858241,7421,3671,0,-,2
23:57:47.676,snap,playback,tv.danmaku.bili,discharging,1,36.1,42.6,100,95,0,22.57,0.42,0.7,0,3.991,0.358,1.428778,7421,3671,0,-,2
23:57:48.675,snap,playback,tv.danmaku.bili,discharging,1,36.1,42.2,100,95,0,22.57,0.42,0.7,0,3.993,0.3,1.1979,8822,4023,0,-,2
23:57:49.676,snap,playback,tv.danmaku.bili,discharging,1,36.1,42.2,100,95,0,20.83,0.34,0.57,0,3.99,0.328,1.30872,8822,4023,0,-,2
23:57:50.676,snap,playback,tv.danmaku.bili,discharging,1,36.1,42.2,100,95,0,20.83,0.34,0.57,0,3.991,0.324,1.293084,8325,3652,0,-,2
23:57:51.676,snap,playback,tv.danmaku.bili,discharging,1,36.1,42.2,100,95,0,19.41,0.28,0.47,0,3.983,0.35,1.39405,8325,3652,0,-,2
23:57:52.677,snap,playback,tv.danmaku.bili,discharging,1,36.1,42.2,100,95,0,19.41,0.28,0.47,0,3.99,0.324,1.29276,6650,2806,0,-,2
23:57:53.677,snap,playback,tv.danmaku.bili,discharging,1,36.2,41.8,100,95,0,18.43,0.23,0.38,0,3.991,0.36,1.4367601,6650,2806,0,-,2
23:57:54.677,snap,playback,tv.danmaku.bili,discharging,1,36.2,41.8,100,95,0,18.43,0.23,0.38,0,3.993,0.302,1.205886,6829,2780,0,-,2
23:57:55.677,snap,playback,tv.danmaku.bili,discharging,1,36.2,41.4,100,95,0,17.45,0.19,0.31,0,3.996,0.292,1.166832,6829,2780,0,-,2
23:57:56.677,snap,playback,tv.danmaku.bili,discharging,1,36.2,41.4,100,95,0,17.45,0.19,0.31,0,3.993,0.298,1.189914,7738,3080,0,-,2
23:57:57.678,snap,playback,tv.danmaku.bili,discharging,1,36.2,41.4,100,95,0,16.46,0.15,0.25,0,3.991,0.31,1.23721,7738,3080,0,-,2
23:57:58.678,snap,playback,tv.danmaku.bili,discharging,1,36.2,41.4,100,95,0,16.46,0.15,0.25,0,3.994,0.302,1.206188,6461,2740,0,-,2
23:57:59.678,snap,playback,tv.danmaku.bili,discharging,1,36.2,41.4,100,95,0,15.65,0.12,0.21,0,3.994,0.302,1.206188,6461,2740,0,-,2
23:58:00.679,snap,playback,tv.danmaku.bili,discharging,1,36.2,41.8,100,95,0,15.65,0.12,0.21,0,3.986,0.352,1.403072,8820,3483,0,-,2
23:58:01.680,snap,playback,tv.danmaku.bili,discharging,1,36.2,41.8,100,95,0,15.65,0.12,0.21,0,3.987,0.372,1.4831641,8820,3483,0,-,2
23:58:02.680,snap,playback,tv.danmaku.bili,discharging,1,36.2,41.8,100,95,0,15.17,0.1,0.17,0,3.989,0.34,1.3562601,6162,2603,0,-,2
23:58:03.680,snap,playback,tv.danmaku.bili,discharging,1,36.2,41.8,100,95,0,15.17,0.1,0.17,0,3.989,0.316,1.260524,6162,2603,0,-,2
23:58:04.680,snap,playback,tv.danmaku.bili,discharging,1,36.2,41,100,95,0,14.77,0.08,0.14,0,3.991,0.356,1.420796,7072,3045,0,-,2
23:58:05.680,snap,playback,tv.danmaku.bili,discharging,1,36.2,41,100,95,0,14.77,0.08,0.14,0,3.99,0.316,1.26084,7072,3045,0,-,2
23:58:06.680,snap,playback,tv.danmaku.bili,discharging,1,36.2,41,100,95,0,16.08,0.06,0.11,0,3.993,0.312,1.245816,6905,3024,0,-,2
23:58:07.681,snap,playback,tv.danmaku.bili,discharging,1,36.2,41,100,95,0,14.98,0.05,0.27,0,3.988,0.31,1.23628,6905,3024,0,-,2
23:58:08.681,snap,playback,tv.danmaku.bili,discharging,1,36.2,41,100,95,0,14.98,0.05,0.27,0,3.988,0.33,1.31604,7395,2916,0,-,2
23:58:09.681,snap,playback,tv.danmaku.bili,discharging,1,36.2,41,100,95,0,14.62,0.04,0.22,0,3.996,0.308,1.230768,7395,2916,0,-,2
23:58:10.681,snap,playback,tv.danmaku.bili,discharging,1,36.2,41,100,95,0,14.62,0.04,0.22,0,3.995,0.274,1.0946299,6196,2514,0,-,2
23:58:11.682,snap,playback,tv.danmaku.bili,discharging,1,36.2,41,100,95,0,13.96,0.03,0.18,0,3.994,0.312,1.246128,6196,2514,0,-,2
23:58:12.682,snap,playback,tv.danmaku.bili,discharging,1,36.2,41,100,95,0,13.96,0.03,0.18,0,3.996,0.302,1.206792,7010,2617,0,-,2
23:58:13.682,snap,playback,tv.danmaku.bili,discharging,1,36.2,41,100,95,0,14.69,0.03,0.15,0,3.991,0.372,1.484652,7010,2617,0,-,2
23:58:14.682,snap,playback,tv.danmaku.bili,discharging,1,36.2,41,100,95,0,14.69,0.03,0.15,0,3.989,0.318,1.268502,7047,2371,0,-,2
23:58:15.682,snap,playback,tv.danmaku.bili,discharging,1,36.2,41,100,95,0,14.2,0.02,0.12,0,3.993,0.348,1.3895639,7047,2371,0,-,2
23:58:16.683,snap,playback,tv.danmaku.bili,discharging,1,36.2,41,100,95,0,14.2,0.02,0.12,0,3.993,0.31,1.23783,6400,2806,0,-,2
23:58:17.683,snap,playback,tv.danmaku.bili,discharging,1,36.2,41,100,95,0,13.8,0.02,0.1,0,3.988,0.394,1.5712719,6400,2806,0,-,2
23:58:18.683,snap,playback,tv.danmaku.bili,discharging,1,36.2,41.4,100,95,0,13.8,0.02,0.1,0,3.993,0.334,1.333662,7790,3469,0,-,2
23:58:19.685,snap,playback,tv.danmaku.bili,discharging,1,36.2,41.4,100,95,0,13.84,0.01,0.08,0,3.993,0.304,1.213872,7790,3469,0,-,2
23:58:20.685,snap,playback,tv.danmaku.bili,discharging,1,36.2,41.4,100,95,0,13.84,0.01,0.08,0,3.995,0.316,1.26242,7338,3187,0,-,2
23:58:21.685,snap,playback,tv.danmaku.bili,discharging,1,36.2,40.6,100,95,0,13.5,0.01,0.06,0,3.991,0.338,1.348958,7338,3187,0,-,2
23:58:22.685,snap,playback,tv.danmaku.bili,discharging,1,36.2,40.6,100,95,0,13.5,0.01,0.06,0,3.981,0.352,1.401312,6862,2990,0,-,2
23:58:23.685,snap,playback,tv.danmaku.bili,discharging,1,36.1,40.6,100,95,0,13.23,0.01,0.05,0,3.987,0.324,1.291788,6862,2990,0,-,2
23:58:24.685,snap,playback,tv.danmaku.bili,discharging,1,36.1,40.6,100,95,0,13.23,0.01,0.05,10,3.981,0.384,1.528704,7181,2783,0,-,2
23:58:25.686,snap,playback,tv.danmaku.bili,discharging,1,36.1,42.6,100,95,0,13.91,0,0.04,0,3.973,0.644,2.558612,7181,2783,0,-,2
23:58:26.686,snap,playback,tv.danmaku.bili,discharging,1,36.1,43,100,95,0,13.91,0,0.04,0,3.976,0.484,1.924384,15168,7238,0,-,2
23:58:27.686,snap,playback,tv.danmaku.bili,discharging,1,36.1,43,100,95,0,14.11,0,0.39,0,3.964,0.662,2.624168,15168,7238,0,-,2
23:58:28.688,snap,playback,tv.danmaku.bili,discharging,1,36.1,43,100,95,0,14.11,0,0.39,0,3.964,0.662,2.624168,14514,7822,0,-,2
23:58:29.687,snap,playback,tv.danmaku.bili,discharging,1,36.1,42.6,100,95,0,14.11,0,0.39,0,3.981,0.468,1.8631079,14514,7822,0,-,2
23:58:30.688,snap,playback,tv.danmaku.bili,discharging,1,36.1,42.6,100,95,0,13.91,0,0.68,0,3.974,0.504,2.002896,12270,6150,0,-,2
23:58:31.688,snap,playback,tv.danmaku.bili,discharging,1,36.1,42.6,100,95,0,13.91,0,0.68,0,3.969,0.52,2.06388,12270,6150,0,-,2
23:58:32.688,snap,playback,tv.danmaku.bili,discharging,1,36.1,42.6,100,95,0,13.74,0,0.92,0,3.962,0.534,2.1157079,10893,5443,0,-,2
23:58:33.697,snap,playback,tv.danmaku.bili,discharging,1,36.1,42.6,100,95,0,13.74,0,0.92,0,3.977,0.47,1.86919,10893,5443,0,-,1
23:58:34.697,snap,playback,tv.danmaku.bili,discharging,1,36.1,45.6,100,95,0,13.61,0,1.12,0,3.952,0.692,2.734784,25547,9034,0,-,3
23:58:35.698,snap,playback,tv.danmaku.bili,discharging,1,36.1,46.5,100,95,0,13.61,0,1.12,9,3.936,1.094,4.305984,25547,9034,0,-,3
23:58:36.698,snap,playback,tv.danmaku.bili,discharging,1,36.1,44.9,100,95,0,22.01,0.18,1.82,9,3.97,0.616,2.44552,16357,4951,0,-,3
23:58:37.698,snap,playback,tv.danmaku.bili,discharging,1,36.1,44.9,100,95,0,26.9,0.15,1.49,0,3.985,0.386,1.53821,16357,4951,0,-,4
23:58:38.700,snap,playback,tv.danmaku.bili,discharging,1,36.1,43.8,100,95,0,26.9,0.15,1.49,0,3.96,0.568,2.2492802,9820,3012,0,-,4
23:58:39.700,snap,playback,tv.danmaku.bili,discharging,1,36.1,43,100,95,0,23.66,0.3,1.22,0,3.986,0.322,1.283492,9820,3012,0,-,4
23:58:40.700,snap,playback,tv.danmaku.bili,discharging,1,36.1,43,100,95,0,23.66,0.3,1.22,0,3.987,0.318,1.2678659,8403,3349,0,-,3
23:58:41.701,snap,playback,tv.danmaku.bili,discharging,1,36.1,42.6,100,95,0,22.81,0.61,1,15,3.967,0.508,2.0152361,8403,3349,0,-,3
23:58:42.701,snap,playback,tv.danmaku.bili,discharging,0,36.1,42.2,100,95,0,22.81,0.61,1,0,3.988,0.322,1.2841359,8196,3424,0,-,1
23:58:43.701,snap,playback,tv.danmaku.bili,discharging,0,36.1,41.8,100,95,0,21.94,0.68,1.18,0,3.979,0.334,1.328986,8196,3424,0,-,1
23:58:44.702,snap,playback,tv.danmaku.bili,discharging,0,36.1,41.8,100,95,0,21.94,0.68,1.18,0,3.995,0.218,0.8709099,8997,3267,0,-,1
23:58:45.703,snap,playback,tv.danmaku.bili,discharging,0,36.1,41.8,100,95,0,21.41,0.55,1.14,0,3.989,0.266,1.061074,8997,3267,0,-,1
23:58:47.921,snap,playback,tv.danmaku.bili,discharging,0,36.1,41.4,100,95,0,21.41,0.55,1.14,0,4.009,0.15,0.60135,11164,3963,0,-,1
23:58:49.970,snap,playback,tv.danmaku.bili,discharging,0,36.1,41.4,100,95,0,21.15,0.45,1.12,0,4.012,0.098,0.393176,11164,3963,0,-,1
23:58:50.970,snap,playback,tv.danmaku.bili,discharging,0,36.1,41,100,95,0,21.15,0.45,1.12,0,3.986,0.382,1.522652,18708,5566,0,-,1
23:58:51.971,snap,playback,tv.danmaku.bili,discharging,0,36.1,40.6,100,95,0,22.21,0.37,0.91,0,3.997,0.262,1.047214,18708,5566,0,-,1
23:58:52.972,snap,playback,tv.danmaku.bili,discharging,0,36.1,40.6,100,95,0,22.21,0.37,0.91,0,3.998,0.202,0.807596,4746,1743,0,-,1
23:58:53.973,snap,playback,tv.danmaku.bili,discharging,0,36.1,40.6,100,95,0,20,0.85,0.75,0,3.996,0.21,0.83915997,4746,1743,0,-,1
23:58:54.973,snap,playback,tv.danmaku.bili,discharging,0,36.1,40.6,100,95,0,20,0.85,0.75,0,3.999,0.218,0.871782,3210,903,0,-,1
23:58:56.840,snap,playback,tv.danmaku.bili,discharging,0,36.1,40.6,100,95,0,20,0.85,0.75,0,3.999,0.218,0.871782,3210,903,0,-,1
23:58:57.841,snap,playback,tv.danmaku.bili,discharging,0,36.1,40.2,100,95,0,18.18,1.23,0.61,0,4.006,0.132,0.528792,11754,4658,0,-,1
23:58:58.842,snap,playback,tv.danmaku.bili,discharging,0,36.1,40.2,100,95,0,18.18,1.23,0.61,0,3.992,0.28,1.1177601,11754,4658,0,-,1
23:58:59.843,snap,playback,tv.danmaku.bili,discharging,0,36.1,40.2,100,95,0,17.79,1.55,0.5,0,3.998,0.188,0.7516239,3190,972,0,-,1
23:59:00.845,snap,playback,tv.danmaku.bili,discharging,0,36.1,40.2,100,95,0,17.79,1.55,0.5,0,3.999,0.202,0.807798,3190,972,0,-,1
23:59:01.846,snap,playback,tv.danmaku.bili,discharging,0,36.1,40.2,100,95,0,16.38,2.36,0.41,0,4,0.256,1.024,4701,1901,0,-,1
23:59:02.906,snap,playback,tv.danmaku.bili,discharging,0,36.1,40.2,100,95,0,15.4,2.47,0.33,0,4.002,0.21,0.84041995,4701,1901,0,-,1
23:59:04.960,snap,playback,tv.danmaku.bili,discharging,0,36.1,40.2,100,95,0,15.4,2.47,0.33,0,4.01,0.076,0.30476,10251,4227,0,-,1
23:59:07.803,snap,playback,tv.danmaku.bili,discharging,0,36.1,40.2,100,95,0,15.33,2.21,0.27,0,4.003,0.236,0.94470793,10251,4227,0,-,1
23:59:10.874,snap,playback,tv.danmaku.bili,discharging,0,36.1,40.2,100,95,0,15.33,2.21,0.27,0,4.012,0.038,0.152456,15659,6285,0,-,1
23:59:13.197,snap,playback,tv.danmaku.bili,discharging,0,36,40.2,100,95,0,15.81,2.17,0.22,0,4.008,0.198,0.793584,15659,6285,0,-,1
23:59:14.198,snap,playback,tv.danmaku.bili,discharging,0,36,40.2,100,95,0,15.81,2.17,0.22,0,3.984,0.26,1.0358399,15203,5967,0,-,1
23:59:15.198,snap,playback,tv.danmaku.bili,discharging,0,36,39.8,100,95,0,16.21,1.95,0.18,0,4,0.24,0.96,15203,5967,0,-,1
23:59:16.199,snap,playback,tv.danmaku.bili,discharging,0,36,39.8,100,95,0,16.21,1.95,0.18,0,3.999,0.218,0.871782,3520,1152,0,-,1
23:59:17.199,snap,playback,tv.danmaku.bili,discharging,0,36,39.8,100,95,0,14.9,2.14,0.15,0,4,0.194,0.776,3520,1152,0,-,1
23:59:18.200,snap,playback,tv.danmaku.bili,discharging,0,36,39.8,100,95,0,14.9,2.14,0.15,0,3.997,0.202,0.807394,3225,1009,0,-,1
23:59:20.366,snap,playback,tv.danmaku.bili,discharging,0,36,39.4,100,95,0,14.01,2.48,0.12,0,4.007,0.162,0.649134,3225,1009,0,-,1
23:59:22.543,snap,playback,tv.danmaku.bili,discharging,0,36,39.8,100,95,0,14.01,2.48,0.12,0,4.002,0.184,0.736368,10327,4043,0,-,1
23:59:24.222,snap,playback,tv.danmaku.bili,discharging,0,36,39.4,100,95,0,14.37,2.39,0.1,0,4.009,0.108,0.43297198,10327,4043,0,-,1
23:59:25.223,snap,playback,tv.danmaku.bili,discharging,0,36,39.4,100,95,0,14.37,2.39,0.1,0,3.997,0.172,0.687484,13896,5947,0,-,1
23:59:26.223,snap,playback,tv.danmaku.bili,discharging,0,35.9,39.4,100,95,0,14.85,2.32,0.08,0,3.998,0.204,0.815592,13896,5947,0,-,1
23:59:27.223,snap,playback,tv.danmaku.bili,discharging,0,35.9,39.4,100,95,0,13.97,2.99,0.06,0,3.991,0.236,0.941876,4224,1248,0,-,1
23:59:28.223,snap,playback,tv.danmaku.bili,discharging,0,35.9,39.4,100,95,0,13.97,2.99,0.06,0,3.998,0.22,0.87956,4224,1248,0,-,1
23:59:29.224,snap,playback,tv.danmaku.bili,discharging,0,35.9,39.4,100,95,0,13.25,3.35,0.05,0,4.001,0.198,0.792198,3226,928,0,-,1
23:59:30.224,snap,playback,tv.danmaku.bili,discharging,0,35.9,39.4,100,95,0,13.25,3.35,0.05,0,3.999,0.216,0.863784,3226,928,0,-,1
23:59:31.224,snap,playback,tv.danmaku.bili,discharging,0,35.9,39.8,100,95,0,12.66,3.29,0.04,0,3.993,0.264,1.054152,4062,1234,0,-,1
23:59:32.225,snap,playback,tv.danmaku.bili,discharging,0,35.9,39.8,100,95,0,12.66,3.29,0.04,0,3.994,0.254,1.0144761,4062,1234,0,-,1
23:59:33.226,snap,playback,tv.danmaku.bili,discharging,0,35.9,39.8,100,95,0,12.36,3.41,0.03,0,4.001,0.204,0.81620395,7162,2539,0,-,1
23:59:34.226,snap,playback,tv.danmaku.bili,discharging,0,35.9,39.8,100,95,0,12.36,3.41,0.03,0,4,0.2,0.8,7162,2539,0,-,1
23:59:35.227,snap,playback,tv.danmaku.bili,discharging,0,35.9,39.8,100,95,0,11.75,3.52,0.02,0,3.998,0.234,0.935532,3379,914,0,-,1
23:59:36.291,snap,playback,tv.danmaku.bili,discharging,0,35.9,39.8,100,95,0,11.75,3.52,0.02,0,3.997,0.232,0.92730397,3379,914,0,-,1
23:59:37.292,snap,playback,tv.danmaku.bili,discharging,0,35.9,39.8,100,95,0,11.79,3.42,0.02,0,3.995,0.234,0.93482995,8366,3980,0,-,1
23:59:38.306,snap,playback,tv.danmaku.bili,discharging,0,35.9,39.8,100,95,0,11.79,3.42,0.02,0,4,0.206,0.824,8366,3980,0,-,1
23:59:39.385,snap,playback,tv.danmaku.bili,discharging,0,35.9,39.8,100,95,0,11.65,3.71,0.01,0,3.996,0.228,0.911088,4645,1824,0,-,1
23:59:40.750,snap,playback,tv.danmaku.bili,discharging,0,35.9,39.8,100,95,0,11.65,3.71,0.01,0,4.006,0.158,0.63294804,4645,1824,0,-,1
23:59:44.197,snap,playback,tv.danmaku.bili,discharging,0,35.9,39.4,100,95,0,12.8,3.4,0.01,0,4.011,0.086,0.34494603,13428,5788,0,-,1
23:59:45.197,snap,playback,tv.danmaku.bili,discharging,0,35.9,39.4,100,95,0,12.8,3.4,0.01,0,3.997,0.236,0.943292,13428,5788,0,-,1
23:59:46.197,snap,playback,tv.danmaku.bili,discharging,0,35.9,39.4,100,95,0,13.38,2.96,0.01,0,4.001,0.162,0.648162,11358,4497,0,-,1
23:59:47.198,snap,playback,tv.danmaku.bili,discharging,0,35.9,39.8,100,95,0,13.38,2.96,0.01,0,3.995,0.322,1.28639,11358,4497,0,-,1
23:59:48.198,snap,playback,tv.danmaku.bili,discharging,0,35.9,40.2,100,95,0,14.94,2.61,0.01,0,3.991,0.318,1.269138,6931,2351,0,-,1
23:59:49.198,snap,playback,tv.danmaku.bili,discharging,0,35.9,40.6,100,95,0,16.58,2.13,0,0,3.995,0.296,1.18252,6931,2351,0,-,1
23:59:51.042,snap,playback,tv.danmaku.bili,discharging,0,35.8,41.4,100,95,0,16.58,2.13,0,0,4.007,0.204,0.817428,8387,2643,0,-,1
23:59:53.406,snap,playback,tv.danmaku.bili,discharging,0,35.8,41.4,100,95,0,16.58,2.13,0,0,4.007,0.204,0.817428,8387,2643,0,-,1
23:59:54.407,snap,playback,tv.danmaku.bili,discharging,0,35.8,40.2,100,95,0,16.11,1.93,0.18,0,4.008,0.176,0.705408,17112,6104,0,-,1
23:59:55.407,snap,playback,tv.danmaku.bili,discharging,0,35.8,39.8,100,95,0,16.11,1.93,0.18,0,4.003,0.228,0.91268396,17112,6104,0,-,1
23:59:56.407,snap,playback,tv.danmaku.bili,discharging,0,35.8,39.4,100,95,0,15.55,1.58,0.15,0,4,0.19,0.76,3864,894,0,-,1
23:59:57.408,snap,playback,tv.danmaku.bili,discharging,0,35.8,39.4,100,95,0,15.55,1.58,0.15,0,4.004,0.164,0.656656,3864,894,0,-,1
23:59:58.408,snap,playback,tv.danmaku.bili,discharging,0,35.8,39,100,95,0,12.91,1.29,0.12,0,4.004,0.174,0.696696,2455,521,0,-,1
23:59:59.409,snap,playback,tv.danmaku.bili,discharging,0,35.8,39,100,95,0,12.91,1.29,0.12,0,3.997,0.2,0.79940003,2455,521,0,-,1
00:00:00.408,snap,playback,tv.danmaku.bili,discharging,0,35.8,39,100,95,0,11.84,1.24,0.1,0,3.999,0.224,0.89577603,5608,2296,0,-,1
00:00:01.409,snap,playback,tv.danmaku.bili,discharging,0,35.8,42,100,95,0,11.84,1.24,0.1,0,3.948,0.632,2.495136,5608,2296,0,-,1
00:00:02.410,snap,playback,tv.danmaku.bili,discharging,0,35.8,43,100,95,0,17.3,2.1,1.17,0,3.972,0.53,2.1051598,20525,4137,0,-,1
00:00:03.410,snap,playback,tv.danmaku.bili,discharging,0,35.8,42.2,100,95,0,17.3,2.1,1.17,0,3.977,0.506,2.012362,20525,4137,0,-,1
00:00:04.411,snap,playback,tv.danmaku.bili,discharging,0,35.8,42.2,100,95,0,27.39,2.08,3.31,0,3.987,0.414,1.650618,8183,1484,0,-,1
00:00:05.412,snap,playback,tv.danmaku.bili,discharging,0,35.8,41.8,100,95,0,27.39,2.08,3.31,0,3.99,0.356,1.4204401,8183,1484,0,-,1
00:00:06.806,snap,playback,tv.danmaku.bili,discharging,0,35.8,41.8,100,95,0,35.83,1.7,3.07,0,3.991,0.29,1.15739,7136,2149,0,-,1
00:00:08.260,snap,playback,tv.danmaku.bili,discharging,0,35.8,41.8,100,95,0,35.83,1.7,3.07,0,3.989,0.3,1.1967001,7136,2149,0,-,1
00:00:09.261,snap,playback,tv.danmaku.bili,discharging,0,35.8,41.4,100,95,0,35.68,1.57,2.51,0,3.996,0.31,1.23876,14994,6954,0,-,1
00:00:10.262,snap,playback,tv.danmaku.bili,discharging,0,35.8,41.4,100,95,0,35.68,1.57,2.51,0,3.991,0.27,1.0775701,14994,6954,0,-,1
00:00:11.263,snap,playback,tv.danmaku.bili,discharging,0,35.8,40.6,100,95,0,35.19,1.29,2.6,0,3.998,0.246,0.983508,6259,1914,0,-,1
00:00:12.264,snap,playback,tv.danmaku.bili,discharging,0,35.8,40.2,100,95,0,30.09,1.05,2.13,0,3.995,0.218,0.8709099,6259,1914,0,-,1
00:00:13.264,snap,playback,tv.danmaku.bili,discharging,0,35.8,40.2,100,95,0,30.09,1.05,2.13,0,3.999,0.178,0.71182203,3834,1120,0,-,1
00:00:14.264,snap,playback,tv.danmaku.bili,discharging,0,35.8,40.2,100,95,0,25.36,0.86,1.74,0,4.001,0.196,0.78419596,3834,1120,0,-,1
00:00:15.264,snap,playback,tv.danmaku.bili,discharging,0,35.8,40.2,100,95,0,25.36,0.86,1.74,0,3.997,0.244,0.975268,5203,1486,0,-,1
00:00:16.265,snap,playback,tv.danmaku.bili,discharging,0,35.8,40.2,100,95,0,21.67,0.89,1.43,0,3.994,0.238,0.950572,5203,1486,0,-,1
00:00:17.265,snap,playback,tv.danmaku.bili,discharging,0,35.8,40.2,100,95,0,21.67,0.89,1.43,0,3.996,0.2,0.7992,3799,925,0,-,1
00:00:18.265,snap,playback,tv.danmaku.bili,discharging,0,35.8,39.8,100,95,0,18.11,0.91,1.17,0,3.995,0.244,0.97477996,3799,925,0,-,1
00:00:19.266,snap,playback,tv.danmaku.bili,discharging,0,35.8,39.8,100,95,0,18.11,0.91,1.17,0,3.995,0.218,0.8709099,3224,723,0,-,1
00:00:20.266,snap,playback,tv.danmaku.bili,discharging,0,35.8,39.8,100,95,0,15.73,1.1,0.95,0,4.003,0.188,0.75256395,3224,723,0,-,1
00:00:21.267,snap,playback,tv.danmaku.bili,discharging,0,35.8,39.8,100,95,0,15.73,1.1,0.95,0,3.995,0.19,0.75904995,4907,1473,0,-,1
00:00:22.267,snap,playback,tv.danmaku.bili,discharging,0,35.8,39.8,100,95,0,17.95,0.9,0.78,0,4,0.162,0.648,4907,1473,0,-,1
00:00:23.269,snap,playback,tv.danmaku.bili,discharging,0,35.8,39.4,100,95,0,17.95,0.9,0.78,0,4.001,0.186,0.744186,2925,714,0,-,1
00:00:24.269,snap,playback,tv.danmaku.bili,discharging,0,35.8,39.4,100,95,0,15.06,0.74,0.64,0,3.999,0.19,0.75981003,2925,714,0,-,1
00:00:25.269,snap,playback,tv.danmaku.bili,discharging,0,35.8,39.4,100,95,0,15.06,0.74,0.64,0,3.985,0.296,1.17956,3224,848,0,-,1
00:00:26.270,snap,playback,tv.danmaku.bili,discharging,0,35.8,39.8,100,95,0,15.96,0.78,0.7,0,3.995,0.248,0.99075997,3224,848,0,-,1
00:00:27.270,snap,playback,tv.danmaku.bili,discharging,0,35.8,39.8,100,95,0,15.96,0.78,0.7,0,3.995,0.248,0.99075997,8117,2126,0,-,1
00:00:28.271,snap,playback,tv.danmaku.bili,discharging,0,35.8,39.8,100,95,0,15.96,0.78,0.7,0,3.999,0.188,0.751812,8117,2126,0,-,1
00:00:29.271,snap,playback,tv.danmaku.bili,discharging,0,35.8,39.8,100,95,0,13.61,0.64,0.57,0,3.999,0.232,0.927768,3400,879,0,-,1
00:00:30.271,snap,playback,tv.danmaku.bili,discharging,0,35.8,39.4,100,95,0,13.61,0.64,0.57,0,3.999,0.176,0.703824,3400,879,0,-,1
00:00:31.272,snap,playback,tv.danmaku.bili,discharging,0,35.8,39,100,95,0,11.68,0.52,0.65,0,4.001,0.172,0.688172,4017,1273,0,-,1
00:00:32.272,snap,playback,tv.danmaku.bili,discharging,0,35.8,39,100,95,0,11.68,0.52,0.65,0,4.002,0.152,0.60830396,4017,1273,0,-,1
00:00:33.272,snap,playback,tv.danmaku.bili,discharging,0,35.8,39,100,95,0,11.2,0.43,0.53,0,3.999,0.172,0.68782806,3497,865,0,-,1
00:00:34.272,snap,playback,tv.danmaku.bili,discharging,0,35.8,39,100,95,0,11.2,0.43,0.53,0,4,0.17,0.68,3497,865,0,-,1
00:00:35.272,snap,playback,tv.danmaku.bili,discharging,0,35.7,39.8,100,95,0,9.53,0.35,0.43,0,3.997,0.26,1.03922,5796,1218,0,-,1
00:00:36.273,snap,playback,tv.danmaku.bili,discharging,0,35.7,39.8,100,95,0,9.53,0.35,0.43,0,3.996,0.21,0.83915997,5796,1218,0,-,1
00:00:37.273,snap,playback,tv.danmaku.bili,discharging,0,35.7,39.4,100,95,0,9.25,0.28,0.35,0,3.993,0.198,0.790614,4027,1484,0,-,1
00:00:38.274,snap,playback,tv.danmaku.bili,discharging,0,35.7,39.4,100,95,0,9.25,0.28,0.35,0,3.999,0.226,0.903774,4027,1484,0,-,1
00:00:39.274,snap,playback,tv.danmaku.bili,discharging,0,35.7,39.4,100,95,0,9.02,0.23,0.29,0,4,0.19,0.76,3768,997,0,-,1
00:00:40.276,snap,playback,tv.danmaku.bili,discharging,0,35.7,39.4,100,95,0,9.02,0.23,0.29,0,3.998,0.238,0.951524,3768,997,0,-,1
00:00:41.276,snap,playback,tv.danmaku.bili,discharging,0,35.7,39.4,100,95,0,9.38,0.19,0.24,0,4.001,0.182,0.72818196,3659,1106,0,-,1
00:00:42.276,snap,playback,tv.danmaku.bili,discharging,0,35.7,38.6,100,95,0,9.67,0.15,0.19,0,4.003,0.134,0.536402,3659,1106,0,-,1
00:00:43.277,snap,playback,tv.danmaku.bili,discharging,0,35.7,38.6,100,95,0,9.67,0.15,0.19,0,4.001,0.164,0.656164,4057,899,0,-,1
00:00:44.277,snap,playback,tv.danmaku.bili,discharging,0,35.7,39,100,95,0,10.46,0.12,0.16,0,3.997,0.24,0.95927995,4057,899,0,-,1
00:00:45.277,snap,playback,tv.danmaku.bili,discharging,0,35.7,39,100,95,0,10.46,0.12,0.16,0,4.002,0.164,0.656328,3876,1288,0,-,1
00:00:46.278,snap,playback,tv.danmaku.bili,discharging,0,35.7,38.6,100,95,0,10.01,0.1,0.13,0,4.001,0.188,0.75218797,3876,1288,0,-,1
00:00:47.426,snap,playback,tv.danmaku.bili,discharging,0,35.7,38.6,100,95,0,10.01,0.1,0.13,0,4.004,0.124,0.49649602,2764,763,0,-,1
00:00:49.224,snap,playback,tv.danmaku.bili,discharging,0,35.7,38.6,100,95,0,10.55,0.08,0.1,0,4.011,0.104,0.41714403,2764,763,0,-,1
00:00:50.982,snap,playback,tv.danmaku.bili,discharging,0,35.7,39,100,95,0,10.55,0.08,0.1,0,3.997,0.208,0.831376,12831,5405,0,-,1
00:00:51.982,snap,playback,tv.danmaku.bili,discharging,0,35.7,38.6,100,95,0,10.99,0.07,0.08,0,3.997,0.208,0.831376,12831,5405,0,-,1
00:00:52.982,snap,playback,tv.danmaku.bili,discharging,0,35.7,39,100,95,0,10.99,0.07,0.08,0,4.003,0.166,0.6644979,4974,1836,0,-,1
00:00:54.203,snap,playback,tv.danmaku.bili,discharging,0,35.7,39,100,95,0,10.63,0.05,0.07,0,4.002,0.134,0.536268,4974,1836,0,-,1
00:00:55.205,snap,playback,tv.danmaku.bili,discharging,0,35.7,39,100,95,0,10.63,0.05,0.07,0,3.994,0.172,0.686968,4136,1965,0,-,1
00:00:57.074,snap,playback,tv.danmaku.bili,discharging,0,35.7,39,100,95,0,10.88,0.4,0.05,0,3.991,0.242,0.965822,4136,1965,0,-,1
00:00:58.475,snap,playback,tv.danmaku.bili,discharging,0,35.7,39,100,95,0,10.88,0.4,0.05,0,4.01,0.114,0.45714003,5932,2306,0,-,1
00:00:59.476,snap,playback,tv.danmaku.bili,discharging,0,35.7,39,100,95,0,11.62,0.51,0.04,0,3.996,0.194,0.77522403,5932,2306,0,-,1
00:01:00.476,snap,playback,tv.danmaku.bili,discharging,0,35.7,39,100,95,0,11.62,0.51,0.04,0,3.996,0.2,0.7992,11692,5270,0,-,1
00:01:01.476,snap,playback,tv.danmaku.bili,discharging,0,35.7,39,100,95,0,11.87,0.42,0.03,0,4.002,0.148,0.592296,11692,5270,0,-,1
00:01:02.476,snap,playback,tv.danmaku.bili,discharging,0,35.7,38.6,100,95,0,11.87,0.42,0.03,0,3.995,0.288,1.1505599,5509,2004,0,-,1
00:01:03.476,snap,playback,tv.danmaku.bili,discharging,0,35.7,38.6,100,95,0,12.62,0.34,0.21,0,4.007,0.128,0.512896,5509,2004,0,-,1
00:01:04.477,snap,playback,tv.danmaku.bili,discharging,0,35.7,38.6,100,95,0,12.62,0.34,0.21,0,4.001,0.174,0.69617397,2745,863,0,-,1
00:01:05.478,snap,playback,tv.danmaku.bili,discharging,0,35.7,39,100,95,0,12.33,0.28,0.17,0,3.997,0.166,0.663502,2745,863,0,-,1
00:01:07.540,snap,playback,tv.danmaku.bili,discharging,0,35.7,39,100,95,0,12.33,0.28,0.17,0,4.003,0.142,0.568426,2848,899,0,-,1
00:01:08.540,snap,playback,tv.danmaku.bili,discharging,0,35.7,39,100,95,0,12.45,0.23,0.14,0,3.996,0.21,0.83915997,12347,4554,0,-,1
00:01:09.541,snap,playback,tv.danmaku.bili,discharging,0,35.7,39,100,95,0,12.45,0.23,0.14,0,3.999,0.232,0.927768,12347,4554,0,-,1
00:01:10.542,snap,playback,tv.danmaku.bili,discharging,0,35.6,39,100,95,0,12.73,0.37,0.11,0,4.002,0.16,0.64031994,2643,860,0,-,1
00:01:11.542,snap,playback,tv.danmaku.bili,discharging,0,35.6,38.6,100,95,0,12.73,0.37,0.11,0,4.003,0.132,0.52839595,2643,860,0,-,1
00:01:12.543,snap,playback,tv.danmaku.bili,discharging,0,35.6,38.6,100,95,0,12.05,0.3,0.09,0,4.004,0.15,0.60060006,2677,714,0,-,1
00:01:13.543,snap,playback,tv.danmaku.bili,discharging,0,35.6,38.6,100,95,0,12.05,0.3,0.09,0,3.998,0.198,0.791604,2677,714,0,-,1
00:01:14.543,snap,playback,tv.danmaku.bili,discharging,0,35.6,39,100,95,0,12.58,0.24,0.07,0,3.999,0.204,0.815796,9720,4875,0,-,1
00:01:15.543,snap,playback,tv.danmaku.bili,discharging,0,35.6,39,100,95,0,12.58,0.24,0.07,0,4,0.17,0.68,9720,4875,0,-,1
00:01:16.544,snap,playback,tv.danmaku.bili,discharging,0,35.6,38.2,100,95,0,12.84,0.2,0.06,0,4.001,0.154,0.616154,9720,4875,0,-,1
00:01:17.545,snap,playback,tv.danmaku.bili,discharging,0,35.6,38.2,100,95,0,12.84,0.2,0.06,0,4,0.2,0.8,3540,1366,0,-,1
00:01:18.546,snap,playback,tv.danmaku.bili,discharging,0,35.6,38.2,100,95,0,12.87,0.16,0.05,0,4.002,0.13,0.52026,3540,1366,0,-,1
00:01:20.250,snap,playback,tv.danmaku.bili,discharging,0,35.6,38.6,100,95,0,12.87,0.16,0.05,0,4.006,0.106,0.424636,2208,731,0,-,1
00:01:21.251,snap,playback,tv.danmaku.bili,discharging,0,35.6,38.6,100,95,0,12.71,0.13,0.04,0,4.005,0.178,0.71289,2208,731,0,-,1
00:01:22.251,snap,playback,tv.danmaku.bili,discharging,0,35.6,40.6,100,95,0,12.71,0.13,0.04,0,3.971,0.542,2.152282,10310,4158,0,-,1
00:01:23.256,snap,playback,tv.danmaku.bili,discharging,0,35.6,40.6,100,95,0,17.11,0.11,0.75,0,3.982,0.434,1.728188,10310,4158,0,-,1
00:01:24.254,snap,playback,tv.danmaku.bili,discharging,0,35.6,40.6,100,95,0,17.11,0.11,0.75,0,3.993,0.314,1.2538021,9849,3585,0,-,1
00:01:25.254,snap,playback,tv.danmaku.bili,discharging,0,35.6,39.4,100,95,0,20.35,0.27,0.8,0,3.999,0.172,0.68782806,9849,3585,0,-,1
00:01:26.497,snap,playback,tv.danmaku.bili,discharging,0,35.6,39.4,100,95,0,19.02,0.22,0.65,0,4.004,0.13,0.52052003,6526,3015,0,-,1
00:01:27.498,snap,playback,tv.danmaku.bili,discharging,0,35.6,39,100,95,0,19.02,0.22,0.65,0,3.997,0.214,0.855358,4845,1892,0,-,1
00:01:28.499,snap,playback,tv.danmaku.bili,discharging,0,35.6,39,100,95,0,17.75,0.18,0.53,0,4.004,0.138,0.552552,4845,1892,0,-,1
00:01:29.499,snap,playback,tv.danmaku.bili,discharging,0,35.6,38.6,100,95,0,17.75,0.18,0.53,0,3.993,0.208,0.830544,4407,1532,0,-,1
00:01:30.500,snap,playback,tv.danmaku.bili,discharging,0,35.6,38.6,100,95,0,16.7,0.14,0.44,0,4.002,0.152,0.60830396,4407,1532,0,-,1
00:01:31.585,snap,playback,tv.danmaku.bili,discharging,0,35.6,39,100,95,0,16.7,0.14,0.44,0,3.995,0.194,0.77503,4622,1808,0,-,1
00:01:32.586,snap,playback,tv.danmaku.bili,discharging,0,35.5,39,100,95,0,16.57,0.12,0.36,0,4,0.24,0.96,4622,1808,0,-,1
00:01:33.586,snap,playback,tv.danmaku.bili,discharging,0,35.5,38.6,100,95,0,16.57,0.12,0.36,0,4.001,0.158,0.63215804,3964,1123,0,-,1
00:01:34.587,snap,playback,tv.danmaku.bili,discharging,0,35.5,38.6,100,95,0,15.02,0.09,0.29,0,4.005,0.15,0.60075,3964,1123,0,-,1
00:01:35.588,snap,playback,tv.danmaku.bili,discharging,0,35.5,38.6,100,95,0,15.02,0.09,0.29,0,4.005,0.152,0.60876,2120,468,0,-,1
00:01:36.588,snap,playback,tv.danmaku.bili,discharging,0,35.5,38.6,100,95,0,13.75,0.08,0.24,0,4.005,0.152,0.60876,2120,468,0,-,1
00:01:38.007,snap,playback,tv.danmaku.bili,discharging,0,35.5,38.6,100,95,0,13.75,0.08,0.24,0,4.004,0.166,0.66466403,2120,468,0,-,1
00:01:39.088,snap,playback,tv.danmaku.bili,discharging,0,35.5,38.6,100,95,0,13.75,0.08,0.24,0,3.992,0.158,0.63073605,9994,3989,0,-,1
00:01:40.095,snap,playback,tv.danmaku.bili,discharging,0,35.5,39,100,95,0,14.52,0.24,0.19,0,3.998,0.204,0.815592,9994,3989,0,-,1
00:01:42.466,snap,playback,tv.danmaku.bili,discharging,0,35.5,39,100,95,0,14.52,0.24,0.19,0,3.994,0.244,0.974536,13498,5951,0,-,1
00:01:43.883,snap,playback,tv.danmaku.bili,discharging,0,35.5,39,100,95,0,14.97,0.2,0.16,0,4.007,0.098,0.39268598,13498,5951,0,-,1
00:01:45.696,snap,playback,tv.danmaku.bili,discharging,0,35.5,39,100,95,0,15.52,0.16,0.13,0,3.996,0.17,0.67932004,8892,3377,0,-,1
00:01:46.697,snap,playback,tv.danmaku.bili,discharging,0,35.5,39,100,95,0,15.52,0.16,0.13,0,3.998,0.242,0.96751595,8892,3377,0,-,1
00:01:47.698,snap,playback,tv.danmaku.bili,discharging,0,35.5,38.6,100,95,0,15.78,0.13,0.1,0,4.001,0.184,0.736184,9856,4106,0,-,1
00:01:48.698,snap,playback,tv.danmaku.bili,discharging,0,35.5,38.6,100,95,0,15.78,0.13,0.1,0,4.002,0.14,0.56027997,9856,4106,0,-,1
00:01:49.699,snap,playback,tv.danmaku.bili,discharging,0,35.5,38.6,100,95,0,15.1,0.11,0.08,0,3.999,0.186,0.74381405,4434,1416,0,-,1
00:01:50.700,snap,playback,tv.danmaku.bili,discharging,0,35.5,38.6,100,95,0,15.1,0.11,0.08,0,4,0.162,0.648,4434,1416,0,-,1
00:01:51.702,snap,playback,tv.danmaku.bili,discharging,0,35.5,38.2,100,95,0,14.17,0.09,0.07,0,3.995,0.16,0.6392,2417,764,0,-,1
00:01:52.703,snap,playback,tv.danmaku.bili,discharging,0,35.5,38.2,100,95,0,14.17,0.09,0.07,0,4.002,0.15,0.6003,2417,764,0,-,1
00:01:53.704,snap,playback,tv.danmaku.bili,discharging,0,35.5,38.2,100,95,0,13.42,0.07,0.05,0,3.998,0.158,0.631684,2359,596,0,-,1
00:01:54.704,snap,playback,tv.danmaku.bili,discharging,0,35.5,38.6,100,95,0,13.42,0.07,0.05,0,3.985,0.282,1.12377,2359,596,0,-,1
00:01:55.704,snap,playback,tv.danmaku.bili,discharging,0,35.5,39,100,95,0,16.78,0.06,0.04,0,3.993,0.286,1.141998,8501,2633,0,-,1
00:01:56.705,snap,playback,tv.danmaku.bili,discharging,0,35.5,39,100,95,0,16.78,0.06,0.04,0,3.996,0.21,0.83915997,8501,2633,0,-,1
00:01:57.707,snap,playback,tv.danmaku.bili,discharging,0,35.5,38.6,100,95,0,15.37,0.04,0.03,0,4.001,0.186,0.744186,3573,1041,0,-,1
00:01:58.707,snap,playback,tv.danmaku.bili,discharging,0,35.5,38.6,100,95,0,15.37,0.04,0.03,0,4.003,0.18,0.72054,3573,1041,0,-,1
00:02:00.598,snap,playback,tv.danmaku.bili,discharging,0,35.5,38.6,100,95,0,14.58,0.03,0.03,0,3.998,0.132,0.527736,6270,2034,0,-,1
00:02:01.598,snap,playback,tv.danmaku.bili,discharging,0,35.5,38.6,100,95,0,14.58,0.03,0.03,0,3.994,0.234,0.934596,6270,2034,0,-,1
00:02:02.855,snap,playback,tv.danmaku.bili,discharging,0,35.5,39,100,95,0,14.47,0.39,0.02,0,3.999,0.21,0.83979,7775,3354,0,-,1
00:02:03.855,snap,playback,tv.danmaku.bili,discharging,0,35.5,39,100,95,0,14.47,0.39,0.02,0,3.99,0.178,0.71022004,7775,3354,0,-,1
00:02:04.856,snap,playback,tv.danmaku.bili,discharging,0,35.5,39,100,95,0,14.02,0.32,0.02,0,4.001,0.156,0.624156,5802,2960,0,-,1
00:02:05.856,snap,playback,tv.danmaku.bili,discharging,0,35.5,38.2,100,95,0,14.02,0.32,0.02,0,4.003,0.124,0.49637195,5802,2960,0,-,1
00:02:06.856,snap,playback,tv.danmaku.bili,discharging,0,35.5,38.2,100,95,0,13.84,0.26,0.01,0,4.004,0.142,0.56856805,3685,1711,0,-,1
00:02:07.856,snap,playback,tv.danmaku.bili,discharging,0,35.4,39,100,95,0,13.84,0.26,0.01,0,3.995,0.272,1.08664,3685,1711,0,-,1
00:02:08.856,snap,playback,tv.danmaku.bili,discharging,0,35.4,39,100,95,0,14.05,0.21,0.01,0,3.994,0.228,0.910632,4556,1184,0,-,1
00:02:09.856,snap,playback,tv.danmaku.bili,discharging,0,35.4,39,100,95,0,14.05,0.21,0.01,0,3.998,0.21,0.83957994,4556,1184,0,-,1
00:02:10.857,snap,playback,tv.danmaku.bili,discharging,0,35.4,38.6,100,95,0,11.86,0.17,0.01,0,3.996,0.194,0.77522403,2879,640,0,-,1
00:02:11.857,snap,playback,tv.danmaku.bili,discharging,0,35.4,39,100,95,0,11.86,0.17,0.01,0,3.998,0.206,0.82358795,2879,640,0,-,1
00:02:12.862,snap,playback,tv.danmaku.bili,discharging,0,35.4,39,100,95,0,10.26,0.14,0,0,3.998,0.2,0.7996,4939,1116,0,-,1
00:02:13.862,snap,playback,tv.danmaku.bili,discharging,0,35.4,39,100,95,0,9.48,0.11,0,0,3.996,0.228,0.911088,4939,1116,0,-,1
00:02:14.862,snap,playback,tv.danmaku.bili,discharging,0,35.4,38.6,100,95,0,9.48,0.11,0,0,4.002,0.176,0.70435196,3957,1145,0,-,1
00:02:16.850,snap,playback,tv.danmaku.bili,discharging,0,35.4,38.6,100,95,0,8.13,0.09,0,0,3.997,0.18,0.71946,3957,1145,0,-,1
00:02:17.880,snap,playback,tv.danmaku.bili,discharging,0,35.4,38.6,100,95,0,8.13,0.09,0,0,3.992,0.258,1.029936,4243,1477,0,-,1
00:02:18.938,snap,playback,tv.danmaku.bili,discharging,0,35.4,39,100,95,0,10.82,0.07,0,0,3.993,0.272,1.086096,4243,1477,0,-,1
00:02:19.939,snap,playback,tv.danmaku.bili,discharging,0,35.4,39,100,95,0,10.82,0.07,0,0,3.998,0.21,0.83957994,13902,5813,0,-,1
00:02:20.939,snap,playback,tv.danmaku.bili,discharging,0,35.4,39,100,95,0,9.95,0.06,0,0,4.002,0.17,0.68034,13902,5813,0,-,1
00:02:21.940,snap,playback,tv.danmaku.bili,discharging,0,35.4,38.6,100,95,0,9.95,0.06,0,0,4,0.192,0.768,3127,829,0,-,1
00:02:22.941,snap,playback,tv.danmaku.bili,discharging,0,35.4,39,100,95,0,9.95,0.06,0,0,4,0.192,0.768,3127,829,0,-,1
00:02:23.941,snap,playback,tv.danmaku.bili,discharging,0,35.4,39.4,100,95,0,8.51,0.05,0,0,3.997,0.2,0.79940003,6083,1940,0,-,1
00:02:24.942,snap,playback,tv.danmaku.bili,discharging,0,35.4,39.4,100,95,0,8.51,0.05,0,0,4,0.21,0.84,6083,1940,0,-,1
00:02:25.942,snap,playback,tv.danmaku.bili,discharging,0,35.4,38.6,100,95,0,8.41,0.04,0,0,3.998,0.182,0.727636,3360,726,0,-,1
00:02:26.943,snap,playback,tv.danmaku.bili,discharging,0,35.4,38.6,100,95,0,8.41,0.04,0,0,3.985,0.258,1.0281299,3360,726,0,-,1
00:02:27.943,snap,playback,tv.danmaku.bili,discharging,0,35.4,39,100,95,0,7.61,0.76,0,0,3.981,0.408,1.6242479,6308,729,0,-,1
00:02:29.741,snap,playback,tv.danmaku.bili,discharging,0,35.4,39.4,100,95,0,7.61,0.76,0,0,3.978,0.45,1.7901,6308,729,0,-,1
00:02:30.742,snap,playback,tv.danmaku.bili,discharging,0,35.4,39.4,100,95,0,8.04,2.79,0,0,3.997,0.206,0.823382,12293,3911,0,-,1
00:02:31.743,snap,playback,tv.danmaku.bili,discharging,0,35.4,39.4,100,95,0,8.04,2.79,0,0,3.997,0.238,0.951286,12293,3911,0,-,1
00:02:32.744,snap,playback,tv.danmaku.bili,discharging,0,35.4,38.6,100,95,0,9.48,2.65,0,0,3.998,0.184,0.735632,3768,1089,0,-,1
00:02:33.745,snap,playback,tv.danmaku.bili,discharging,0,35.4,38.6,100,95,0,9.48,2.65,0,0,4,0.14,0.56,3768,1089,0,-,1
00:02:34.745,snap,playback,tv.danmaku.bili,discharging,0,35.4,38.6,100,95,0,9.4,2.17,0,0,3.999,0.164,0.65583605,2615,756,0,-,1
00:02:35.746,snap,playback,tv.danmaku.bili,discharging,0,35.4,39,100,95,0,9.5,1.77,0,0,3.993,0.212,0.846516,2615,756,0,-,1
00:02:36.746,snap,playback,tv.danmaku.bili,discharging,0,35.4,39,100,95,0,9.5,1.77,0,0,3.997,0.232,0.92730397,5975,1513,0,-,1
00:02:37.746,snap,playback,tv.danmaku.bili,discharging,0,35.4,39,100,95,0,9.23,1.45,0,0,3.997,0.22,0.87934,5975,1513,0,-,1
00:02:38.748,snap,playback,tv.danmaku.bili,discharging,0,35.4,39,100,95,0,9.23,1.45,0,0,3.992,0.21,0.83832,3245,666,0,-,1
00:02:39.749,snap,playback,tv.danmaku.bili,discharging,0,35.4,39,100,95,0,8.83,1.19,0,0,3.997,0.19,0.75943,3245,666,0,-,1
00:02:40.751,snap,playback,tv.danmaku.bili,discharging,0,35.4,39,100,95,0,8.83,1.19,0,0,3.995,0.216,0.86292,4581,1080,0,-,1
00:02:41.751,snap,playback,tv.danmaku.bili,discharging,0,35.3,39,100,95,0,8.67,0.97,0,0,3.999,0.168,0.671832,4581,1080,0,-,1
00:02:42.751,snap,playback,tv.danmaku.bili,discharging,0,35.3,39,100,95,0,8.67,0.97,0,0,3.997,0.19,0.75943,2191,377,0,-,1
00:02:43.752,snap,playback,tv.danmaku.bili,discharging,0,35.3,39,100,95,0,9.64,0.79,0,0,3.988,0.254,1.012952,2191,377,0,-,1
00:02:44.752,snap,playback,tv.danmaku.bili,discharging,0,35.3,39.8,100,95,0,9.64,0.79,0,0,3.979,0.348,1.384692,7136,1530,0,-,1
00:02:45.753,snap,playback,tv.danmaku.bili,discharging,0,35.3,40.2,100,95,0,16.04,0.83,0.36,0,3.976,0.408,1.622208,7136,1530,0,-,1
00:02:46.753,snap,playback,tv.danmaku.bili,discharging,0,35.3,40.2,100,95,0,16.04,0.83,0.36,0,3.991,0.27,1.0775701,9501,2223,0,-,1
00:02:47.883,snap,playback,tv.danmaku.bili,discharging,0,35.3,39.8,100,95,0,15.85,0.68,0.84,0,3.992,0.218,0.870256,9501,2223,0,-,1
00:02:49.377,snap,playback,tv.danmaku.bili,discharging,0,35.3,39.4,100,95,0,15.85,0.68,0.84,0,3.994,0.158,0.631052,8756,2416,0,-,1
00:02:51.066,snap,playback,tv.danmaku.bili,discharging,0,35.3,39.4,100,95,0,15.7,0.74,0.68,0,3.987,0.188,0.74955595,8756,2416,0,-,1
00:02:52.067,snap,playback,tv.danmaku.bili,discharging,0,35.3,39.4,100,95,0,15.7,0.74,0.68,0,3.987,0.188,0.74955595,15233,6142,0,-,1
00:02:53.068,snap,playback,tv.danmaku.bili,discharging,0,35.3,39.4,100,95,0,15.7,0.74,0.68,0,3.994,0.268,1.070392,15233,6142,0,-,1
00:02:54.069,snap,playback,tv.danmaku.bili,discharging,0,35.3,38.6,100,95,0,16.66,0.6,0.56,0,4,0.132,0.528,3155,776,0,-,1
00:02:55.070,snap,playback,tv.danmaku.bili,discharging,0,35.3,38.6,100,95,0,16.66,0.6,0.56,0,3.999,0.152,0.607848,3155,776,0,-,1
00:02:56.071,snap,playback,tv.danmaku.bili,discharging,0,35.3,38.6,100,95,0,15.09,0.49,0.46,0,3.999,0.138,0.551862,2395,627,0,-,1
00:02:57.936,snap,playback,tv.danmaku.bili,discharging,0,35.3,38.6,100,95,0,14.53,0.4,0.37,0,4,0.156,0.624,2395,627,0,-,1
00:03:00.370,snap,playback,tv.danmaku.bili,discharging,0,35.3,38.6,100,95,0,14.53,0.4,0.37,0,4.009,0.108,0.43297198,9975,4547,0,-,1
00:03:01.370,snap,playback,tv.danmaku.bili,discharging,0,35.3,38.6,100,95,0,14.97,0.51,0.3,0,3.994,0.164,0.655016,9975,4547,0,-,1
00:03:02.371,snap,playback,tv.danmaku.bili,discharging,0,35.3,38.2,100,95,0,14.97,0.51,0.3,0,4,0.16,0.64,7041,3375,0,-,1
00:03:03.372,snap,playback,tv.danmaku.bili,discharging,0,35.3,38.2,100,95,0,14.07,0.42,0.25,0,3.995,0.168,0.67116,7041,3375,0,-,1
00:03:04.372,snap,playback,tv.danmaku.bili,discharging,0,35.3,38.2,100,95,0,14.07,0.42,0.25,0,3.996,0.196,0.783216,7477,3195,0,-,1
00:03:05.374,snap,playback,tv.danmaku.bili,discharging,0,35.3,38.2,100,95,0,14.42,0.34,0.2,0,4.002,0.146,0.584292,7477,3195,0,-,1
00:03:06.375,snap,playback,tv.danmaku.bili,discharging,0,35.2,38.2,100,95,0,14.42,0.34,0.2,0,4.003,0.122,0.48836598,2323,617,0,-,1
00:03:07.375,snap,playback,tv.danmaku.bili,discharging,0,35.2,37.8,100,95,0,13.62,0.46,0.16,0,4,0.2,0.8,2323,617,0,-,1
00:03:08.376,snap,playback,tv.danmaku.bili,discharging,0,35.2,37.8,100,95,0,13.62,0.46,0.16,0,4.004,0.116,0.464464,3368,1095,0,-,1
00:03:09.377,snap,playback,tv.danmaku.bili,discharging,0,35.2,37.8,100,95,0,12.96,0.37,0.13,0,3.994,0.204,0.814776,3368,1095,0,-,1
00:03:10.379,snap,playback,tv.danmaku.bili,discharging,0,35.2,37.8,100,95,0,12.96,0.37,0.13,0,4,0.156,0.624,5174,2339,0,-,1
00:03:11.379,snap,playback,tv.danmaku.bili,discharging,0,35.2,37.8,100,95,0,12.61,0.31,0.11,0,3.999,0.164,0.65583605,5174,2339,0,-,1
00:03:12.381,snap,playback,tv.danmaku.bili,discharging,0,35.2,37.8,100,95,0,12.61,0.31,0.11,0,3.999,0.164,0.65583605,3723,1774,0,-,1
00:03:13.382,snap,playback,tv.danmaku.bili,discharging,0,35.2,37.8,100,95,0,12.61,0.31,0.11,0,4,0.136,0.544,3723,1774,0,-,1
00:03:14.383,snap,playback,tv.danmaku.bili,discharging,0,35.2,38.2,100,95,0,12.31,0.43,0.09,0,3.993,0.162,0.646866,5787,2247,0,-,1
00:03:15.384,snap,playback,tv.danmaku.bili,discharging,0,35.2,38.2,100,95,0,12.31,0.43,0.09,0,4,0.184,0.736,5787,2247,0,-,1
00:03:16.385,snap,playback,tv.danmaku.bili,discharging,0,35.2,38.2,100,95,0,12.8,0.35,0.07,0,4,0.152,0.608,2449,602,0,-,1
00:03:17.385,snap,playback,tv.danmaku.bili,discharging,0,35.2,38.2,100,95,0,12.8,0.35,0.07,0,4,0.154,0.616,2449,602,0,-,1
00:03:18.855,snap,playback,tv.danmaku.bili,discharging,0,35.2,38.2,100,95,0,12.29,0.29,0.06,0,4.002,0.168,0.672336,2935,896,0,-,1
00:03:21.189,snap,playback,tv.danmaku.bili,discharging,0,35.2,38.2,100,95,0,12.24,0.23,0.05,0,3.995,0.176,0.70312,2935,896,0,-,1
00:03:22.994,snap,playback,tv.danmaku.bili,discharging,0,35.2,37.8,100,95,0,12.24,0.23,0.05,0,4.01,0.102,0.40902,12175,4822,0,-,1
00:03:25.968,snap,playback,tv.danmaku.bili,discharging,0,35.2,37.8,100,95,0,12.92,0.37,0.04,0,3.996,0.198,0.791208,12175,4822,0,-,1
00:03:27.028,snap,playback,tv.danmaku.bili,discharging,0,35.2,37.8,100,95,0,12.92,0.37,0.04,0,4.01,0.086,0.34486002,12017,5806,0,-,1
00:03:28.526,snap,playback,tv.danmaku.bili,discharging,0,35.2,38.6,100,95,0,14.02,0.3,0.03,0,4.006,0.178,0.713068,12017,5806,0,-,1
00:03:29.614,snap,playback,tv.danmaku.bili,discharging,0,35.2,38.6,100,95,0,14.02,0.3,0.03,0,3.995,0.216,0.86292,15411,7399,0,-,1
00:03:30.615,snap,playback,tv.danmaku.bili,discharging,0,35.2,38.6,100,95,0,14.2,0.25,0.02,0,3.998,0.222,0.887556,15411,7399,0,-,1
00:03:31.617,snap,playback,tv.danmaku.bili,discharging,0,35.2,38.2,100,95,0,14.2,0.25,0.02,0,4.002,0.152,0.60830396,8662,4179,0,-,1
00:03:32.620,snap,playback,tv.danmaku.bili,discharging,0,35.1,37.8,100,95,0,14.16,0.2,0.02,0,3.997,0.168,0.671496,8662,4179,0,-,1
00:03:35.098,snap,playback,tv.danmaku.bili,discharging,0,35.1,37.8,100,95,0,14.13,0.16,0.01,0,4.006,0.13,0.52077997,6380,2817,0,-,1
00:03:36.098,snap,playback,tv.danmaku.bili,discharging,0,35.1,38.2,100,95,0,14.13,0.16,0.01,0,3.991,0.234,0.933894,6380,2817,0,-,1
00:03:37.099,snap,playback,tv.danmaku.bili,discharging,0,35.1,38.2,100,95,0,16.28,0.13,0.01,0,4.003,0.146,0.58443797,6488,2303,0,-,1
00:03:38.101,snap,playback,tv.danmaku.bili,discharging,0,35.1,38.2,100,95,0,16.28,0.13,0.01,0,3.996,0.184,0.735264,6488,2303,0,-,1
00:03:39.103,snap,playback,tv.danmaku.bili,discharging,0,35.1,38.2,100,95,0,14.78,0.11,0.01,0,4.001,0.124,0.49612397,2860,888,0,-,1
00:03:40.105,snap,playback,tv.danmaku.bili,discharging,0,35.1,38.2,100,95,0,14.78,0.11,0.01,0,4,0.148,0.592,2860,888,0,-,1
00:03:41.410,snap,playback,tv.danmaku.bili,discharging,0,35.1,38.2,100,95,0,14.09,0.09,0,0,3.993,0.246,0.98227805,7433,3004,0,-,1
00:03:43.861,snap,playback,tv.danmaku.bili,discharging,0,35.1,38.6,100,95,0,14.09,0.09,0,0,4.009,0.11,0.44098997,7433,3004,0,-,1
00:03:45.000,snap,playback,tv.danmaku.bili,discharging,0,35.1,39.4,100,95,0,14.44,0.25,0,0,3.997,0.212,0.847364,15209,6245,0,-,1
00:03:46.004,snap,playback,tv.danmaku.bili,discharging,0,35.1,38.6,100,95,0,14.44,0.25,0,0,3.999,0.184,0.735816,15209,6245,0,-,1
00:03:47.005,snap,playback,tv.danmaku.bili,discharging,0,35.1,38.2,100,95,0,14.18,0.2,0,0,3.999,0.184,0.735816,3559,1150,0,-,1
00:03:48.005,snap,playback,tv.danmaku.bili,discharging,0,35.1,37.8,100,95,0,14.18,0.2,0,0,4.001,0.15,0.60015,3559,1150,0,-,1
00:03:49.006,snap,playback,tv.danmaku.bili,discharging,0,35.1,37.8,100,95,0,14.18,0.2,0,0,3.99,0.194,0.77406,3055,1024,0,-,1
00:03:50.007,snap,playback,tv.danmaku.bili,discharging,0,35.1,37.8,100,95,0,13.24,0.17,0,0,3.999,0.162,0.647838,3055,1024,0,-,1
00:03:51.008,snap,playback,tv.danmaku.bili,discharging,0,35.1,37.8,100,95,0,12.83,0.14,0,0,4,0.144,0.576,6348,1979,0,-,1
00:03:52.010,snap,playback,tv.danmaku.bili,discharging,0,35.1,37.4,100,95,0,12.83,0.14,0,0,4,0.144,0.576,6348,1979,0,-,1
00:03:53.012,snap,playback,tv.danmaku.bili,discharging,0,35.1,37.4,100,95,0,12.32,0.11,0,0,4.001,0.138,0.552138,2229,458,0,-,1
00:03:54.325,snap,playback,tv.danmaku.bili,discharging,0,35.1,37.8,100,95,0,12.08,0.09,0,0,4.001,0.134,0.536134,2229,458,0,-,1
00:03:55.325,snap,playback,tv.danmaku.bili,discharging,0,35.1,38.2,100,95,0,12.08,0.09,0,0,3.996,0.186,0.74325603,9845,4184,0,-,1
00:03:56.325,snap,playback,tv.danmaku.bili,discharging,0,35.1,38.2,100,95,0,12.08,0.09,0,0,3.993,0.258,1.0301939,9845,4184,0,-,1
00:03:57.325,snap,playback,tv.danmaku.bili,discharging,0,35.1,38.2,100,95,0,12.61,0.07,0,0,4.005,0.144,0.57672,7380,3729,0,-,1
00:03:58.326,snap,playback,tv.danmaku.bili,discharging,0,35.1,38.2,100,95,0,12.61,0.07,0,0,3.998,0.222,0.887556,7380,3729,0,-,1
00:03:59.328,snap,playback,tv.danmaku.bili,discharging,0,35.1,38.2,100,95,0,12.31,0.06,0,0,3.995,0.174,0.69512993,3765,1722,0,-,1
00:04:00.329,snap,playback,tv.danmaku.bili,discharging,0,35.1,37.8,100,95,0,12.31,0.06,0,0,4.001,0.152,0.608152,3765,1722,0,-,1
00:04:01.331,snap,playback,tv.danmaku.bili,discharging,0,35.1,37.8,100,95,0,12.26,0.05,0,0,3.998,0.156,0.623688,3989,1655,0,-,1
00:04:02.332,snap,playback,tv.danmaku.bili,discharging,0,35.1,37.8,100,95,0,12.26,0.05,0,0,3.999,0.174,0.695826,3989,1655,0,-,1
00:04:03.694,snap,playback,tv.danmaku.bili,discharging,0,35.1,37.8,100,95,0,12.21,0.04,0,0,4,0.13,0.52,3989,1655,0,-,1
00:04:05.404,snap,playback,tv.danmaku.bili,discharging,0,35.1,38.2,100,95,0,12.21,0.04,0,0,4.009,0.106,0.42495397,3659,1657,0,-,1
00:04:06.880,snap,playback,tv.danmaku.bili,discharging,0,35.1,38.2,100,95,0,12.71,0.03,0,0,4.007,0.15,0.60105,3659,1657,0,-,1
00:04:07.908,snap,playback,tv.danmaku.bili,discharging,0,35.1,38.2,100,95,0,12.71,0.03,0,0,3.994,0.236,0.942584,11834,5420,0,-,1
00:04:09.052,snap,playback,tv.danmaku.bili,discharging,0,35.1,38.2,100,95,0,13.31,0.02,0,0,3.994,0.194,0.774836,11834,5420,0,-,1
00:04:10.899,snap,playback,tv.danmaku.bili,discharging,0,35.1,38.2,100,95,0,13.98,0.02,0,0,4.004,0.15,0.60060006,9147,4039,0,-,1
00:04:12.881,snap,playback,tv.danmaku.bili,discharging,0,35.1,38.2,100,95,0,13.98,0.02,0,0,4.004,0.15,0.60060006,9147,4039,0,-,1
00:04:14.574,snap,playback,tv.danmaku.bili,discharging,0,35.1,37.8,100,95,0,13.98,0.02,0,0,3.991,0.15,0.59865004,13510,6555,0,-,1
00:04:15.925,snap,playback,tv.danmaku.bili,discharging,0,35.1,37.8,100,95,0,14.34,0.01,0,0,4.008,0.116,0.46492797,13510,6555,0,-,1
00:04:18.117,snap,playback,tv.danmaku.bili,discharging,0,35.1,37.8,100,95,0,15.55,0.01,0,0,3.997,0.174,0.69547796,10415,4029,0,-,1
00:04:19.492,snap,playback,tv.danmaku.bili,discharging,0,35.1,37.8,100,95,0,15.55,0.01,0,0,4.008,0.11,0.44088,9872,4479,0,-,1
00:04:20.492,snap,playback,tv.danmaku.bili,discharging,0,35.1,37.8,100,95,0,15.55,0.01,0,0,3.996,0.176,0.703296,9872,4479,0,-,1
00:04:21.492,snap,playback,tv.danmaku.bili,discharging,0,35.1,37.8,100,95,0,15.27,0.01,0,0,3.995,0.214,0.85493,3353,1003,0,-,1
00:04:22.931,snap,playback,tv.danmaku.bili,discharging,0,35.1,37.8,100,95,0,14.13,0,0,0,4,0.134,0.536,3353,1003,0,-,1
00:04:24.638,snap,playback,tv.danmaku.bili,discharging,0,35,37.8,100,95,0,14.13,0,0,0,3.996,0.212,0.847152,9273,4128,0,-,1
00:04:27.077,snap,playback,tv.danmaku.bili,discharging,0,35,37.8,100,95,0,14.13,0,0,0,4.006,0.114,0.456684,9273,4128,0,-,1
00:04:29.286,snap,playback,tv.danmaku.bili,discharging,0,35,37.8,100,95,0,14.83,0.18,0,0,4.001,0.112,0.448112,12208,4853,0,-,1
00:04:30.830,snap,playback,tv.danmaku.bili,discharging,0,35,38.2,100,95,0,15.22,0.15,0,0,3.999,0.166,0.663834,12208,4853,0,-,1
00:04:31.830,snap,playback,tv.danmaku.bili,discharging,0,35,38.2,100,95,0,15.22,0.15,0,0,3.993,0.178,0.71075404,11338,5027,0,-,1
00:04:32.867,snap,playback,tv.danmaku.bili,discharging,1,35,38.6,100,95,0,15.18,0.12,0,0,3.998,0.166,0.663668,11338,5027,0,-,2
00:04:33.849,snap,playback,tv.danmaku.bili,discharging,1,35,41.6,100,95,0,15.18,0.12,0,11,3.937,0.908,3.574796,21336,10205,0,-,2
00:04:34.854,snap,playback,tv.danmaku.bili,discharging,1,35,44.6,100,95,0,29.46,0.28,1.99,23,3.923,1.242,4.872366,21336,10205,0,-,2
00:04:35.854,snap,playback,tv.danmaku.bili,discharging,1,35,46.9,100,95,0,29.46,0.28,1.99,19,3.925,1.126,4.41955,23618,10268,0,-,2
00:04:36.855,snap,playback,tv.danmaku.bili,discharging,1,35,47.3,100,95,0,41.33,0.41,3.44,19,3.922,1.128,4.424016,23618,10268,0,-,2
00:04:37.855,snap,playback,tv.danmaku.bili,discharging,1,35,50.3,100,95,0,41.33,0.41,3.44,14,3.884,1.428,5.546352,26814,7904,0,-,2
00:04:38.855,snap,playback,tv.danmaku.bili,discharging,1,35,51.3,100,95,0,47.07,0.52,5.35,19,3.935,1.046,4.11601,26814,7904,0,-,2
00:04:39.866,snap,playback,tv.danmaku.bili,discharging,1,35,51.3,100,95,0,47.07,0.52,5.35,19,3.912,1.16,4.53792,24691,11943,0,-,2
00:04:40.867,snap,playback,tv.danmaku.bili,discharging,1,35,51.3,100,95,0,49.59,0.42,4.74,18,3.906,1.098,4.2887883,24691,11943,0,-,2
00:04:41.867,snap,playback,tv.danmaku.bili,discharging,1,35,48.3,100,95,0,49.59,0.42,4.74,23,3.939,0.846,3.332394,20913,10381,0,-,2
00:04:42.867,snap,playback,tv.danmaku.bili,discharging,1,35,46.9,100,95,0,50.57,0.34,4.24,13,3.938,0.698,2.748724,20913,10381,0,-,2
00:04:43.867,snap,playback,tv.danmaku.bili,discharging,1,35,44.6,100,95,0,50.57,0.34,4.24,0,3.965,0.482,1.91113,13091,4750,0,-,2
00:04:44.867,snap,playback,tv.danmaku.bili,discharging,1,35,42.6,100,95,0,47.57,0.28,3.47,0,3.975,0.37,1.47075,13091,4750,0,-,2
00:04:45.868,snap,playback,tv.danmaku.bili,discharging,1,35,42.2,100,95,0,47.57,0.28,3.47,0,3.976,0.37,1.47112,7622,3440,0,-,2
00:04:46.868,snap,playback,tv.danmaku.bili,discharging,1,35,42.2,100,95,0,41.12,0.23,2.84,0,3.979,0.346,1.376734,7622,3440,0,-,2
00:04:47.869,snap,playback,tv.danmaku.bili,discharging,1,35,41.8,100,95,0,41.12,0.23,2.84,0,3.978,0.384,1.527552,6608,2750,0,-,2
00:04:48.870,snap,playback,tv.danmaku.bili,discharging,1,35,41.4,100,95,0,35.48,0.19,2.33,0,3.98,0.334,1.32932,6608,2750,0,-,2
00:04:49.870,snap,playback,tv.danmaku.bili,discharging,1,35,41.4,100,95,0,35.48,0.19,2.33,0,3.973,0.42,1.6686599,7733,3483,0,-,2
00:04:50.873,snap,playback,tv.danmaku.bili,discharging,1,35,43,100,95,0,31.41,0.15,1.9,0,3.969,0.694,2.754486,7733,3483,0,-,2
00:04:51.875,snap,playback,tv.danmaku.bili,discharging,1,35,43,100,95,0,31.41,0.15,1.9,13,3.873,1.67,6.46791,23806,12039,0,-,2
00:04:52.875,snap,playback,tv.danmaku.bili,discharging,1,35,46,100,95,0,33.51,0.3,2.28,8,3.877,1.688,6.544376,23806,12039,0,-,2
00:04:53.875,snap,playback,tv.danmaku.bili,discharging,1,35.1,49,100,95,0,33.51,0.3,2.28,23,3.905,1.264,4.9359202,26584,12308,0,-,2
00:04:54.875,snap,playback,tv.danmaku.bili,discharging,1,35.1,51.3,100,95,0,32.15,0.43,2.41,44,3.92,0.994,3.89648,26584,12308,0,-,2
00:04:55.875,snap,playback,tv.danmaku.bili,discharging,1,35.1,50.1,100,95,0,32.15,0.43,2.41,42,3.918,1.064,4.168752,19043,11833,0,-,2
00:04:56.876,snap,playback,tv.danmaku.bili,discharging,1,35.1,50.1,100,95,0,30.13,0.35,1.97,42,3.912,1.166,4.561392,19043,11833,0,-,2
00:04:57.876,snap,playback,tv.danmaku.bili,discharging,1,35.1,50.1,100,95,0,30.13,0.35,1.97,38,3.947,0.84,3.31548,21371,13437,0,-,2
00:04:58.876,snap,playback,tv.danmaku.bili,discharging,1,35.1,48.5,100,95,0,28.47,0.29,2.88,9,3.939,0.76,2.99364,21371,13437,0,-,2
00:04:59.876,snap,playback,tv.danmaku.bili,discharging,1,35.1,47.3,100,95,0,28.47,0.29,2.36,10,3.941,0.762,3.003042,20568,13266,0,-,2
00:05:00.876,snap,playback,tv.danmaku.bili,discharging,1,35.1,46.9,100,95,0,26.94,0.23,2.36,10,3.941,0.762,3.003042,20568,13266,0,-,2
00:05:01.878,snap,playback,tv.danmaku.bili,discharging,1,35.1,46.9,100,95,0,26.94,0.23,2.36,10,3.945,0.69,2.72205,19154,12161,0,-,2
00:05:02.877,snap,playback,tv.danmaku.bili,discharging,1,35.1,47.7,100,95,0,25.68,0.19,1.93,8,3.942,0.776,3.058992,19154,12161,0,-,2
00:05:03.879,snap,playback,tv.danmaku.bili,discharging,1,35.1,48.1,100,95,0,25.68,0.19,1.93,14,3.923,0.984,3.860232,28176,19061,0,-,2
00:05:04.879,snap,playback,tv.danmaku.bili,discharging,1,35.1,48.5,100,95,0,25.92,0.15,1.58,15,3.934,0.88,3.46192,28176,19061,0,-,2
00:05:05.879,snap,playback,tv.danmaku.bili,discharging,1,35.1,50.1,100,95,0,25.92,0.15,1.58,15,3.932,1.046,4.112872,27725,17703,0,-,2
00:05:06.880,snap,playback,tv.danmaku.bili,discharging,1,35.1,51.7,100,95,0,25.75,0.12,1.29,15,3.926,1.088,4.271488,27725,17703,0,-,2
00:05:07.880,snap,playback,tv.danmaku.bili,discharging,1,35.1,50.1,100,95,0,25.75,0.12,1.29,15,3.909,1.194,4.667346,32467,18899,0,-,2
00:05:08.881,snap,playback,tv.danmaku.bili,discharging,1,35.1,48.9,100,95,0,27.06,0.1,1.06,15,3.94,0.836,3.2938402,32467,18899,0,-,2
00:05:09.883,snap,playback,tv.danmaku.bili,discharging,1,35.2,48.5,100,95,0,27.06,0.1,1.06,15,3.939,0.81,3.19059,23604,15186,0,-,2
00:05:10.881,snap,playback,tv.danmaku.bili,discharging,1,35.2,48.5,100,95,0,26.33,0.08,0.87,12,3.938,0.728,2.866864,23604,15186,0,-,2
00:05:11.881,snap,playback,tv.danmaku.bili,discharging,1,35.2,48.1,100,95,0,26.33,0.08,0.87,11,3.932,0.85,3.3422,27394,14836,0,-,2
00:05:12.881,snap,playback,tv.danmaku.bili,discharging,1,35.2,48.5,100,95,0,26.27,0.07,0.71,12,3.937,0.82,3.22834,27394,14836,0,-,2
00:05:13.882,snap,playback,tv.danmaku.bili,discharging,1,35.2,48.1,100,95,0,26.27,0.07,0.71,13,3.935,0.82,3.2266998,24852,14590,0,-,2
00:05:14.882,snap,playback,tv.danmaku.bili,discharging,1,35.2,46.9,100,95,0,26.22,0.05,0.58,9,3.945,0.748,2.95086,24852,14590,0,-,2
00:05:15.882,snap,playback,tv.danmaku.bili,discharging,1,35.2,46.9,100,95,0,26.22,0.05,0.58,10,3.951,0.65,2.5681498,19435,11835,0,-,2
00:05:16.890,snap,playback,tv.danmaku.bili,discharging,1,35.2,47.3,100,95,0,25.27,0.04,0.47,10,3.931,0.742,2.916802,19435,11835,0,-,2
00:05:17.890,snap,playback,tv.danmaku.bili,discharging,1,35.2,47.3,100,95,0,25.27,0.04,0.47,9,3.941,0.722,2.845402,23174,13470,0,-,2
00:05:18.897,snap,playback,tv.danmaku.bili,discharging,1,35.2,47.3,100,95,0,24.68,0.03,0.39,10,3.945,0.652,2.57214,23174,13470,0,-,2
00:05:19.897,snap,playback,tv.danmaku.bili,discharging,1,35.2,50.3,100,95,0,24.68,0.03,0.39,12,3.883,1.19,4.62077,36237,20672,0,-,2
00:05:20.901,snap,playback,tv.danmaku.bili,discharging,1,35.4,50.5,100,95,0,27.09,0.03,0.31,15,3.93,0.916,3.59988,36237,20672,0,-,2
00:05:21.899,snap,playback,tv.danmaku.bili,discharging,1,35.4,50.5,100,95,0,27.09,0.03,0.31,15,3.922,0.948,3.718056,31096,19002,0,-,2
00:05:22.900,snap,playback,tv.danmaku.bili,discharging,1,35.4,48.5,100,95,0,27.43,0.02,0.26,14,3.938,0.79,3.11102,31096,19002,0,-,2
00:05:23.901,snap,playback,tv.danmaku.bili,discharging,1,35.4,48.5,100,95,0,27.43,0.02,0.26,10,3.937,0.786,3.0944822,23315,13558,0,-,2
00:05:24.901,snap,playback,tv.danmaku.bili,discharging,1,35.4,48.5,100,95,0,26.63,0.02,0.21,10,3.944,0.712,2.808128,23315,13558,0,-,2
00:05:25.902,snap,playback,tv.danmaku.bili,discharging,1,35.4,48.9,100,95,0,26.63,0.02,0.21,9,3.933,0.88,3.46104,23795,14158,0,-,2
00:05:26.903,snap,playback,tv.danmaku.bili,discharging,1,35.4,48.9,100,95,0,25.97,0.01,0.17,10,3.942,0.882,3.476844,23795,14158,0,-,2
00:05:27.903,snap,playback,tv.danmaku.bili,discharging,1,35.4,47.7,100,95,0,25.97,0.01,0.17,10,3.94,0.754,2.97076,22972,12700,0,-,2
00:05:28.903,snap,playback,tv.danmaku.bili,discharging,1,35.4,47.3,100,95,0,25.07,0.01,0.14,10,3.94,0.796,3.13624,22972,12700,0,-,2
00:05:29.904,snap,playback,tv.danmaku.bili,discharging,1,35.4,47.3,100,95,0,25.07,0.01,0.14,9,3.937,0.792,3.118104,23843,13644,0,-,2
00:05:30.904,snap,playback,tv.danmaku.bili,discharging,1,35.4,47.3,100,95,0,24.51,0.01,0.11,11,3.941,0.766,3.018806,23843,13644,0,-,2
00:05:31.904,snap,playback,tv.danmaku.bili,discharging,1,35.4,47.3,100,95,0,24.51,0.01,0.11,11,3.936,0.784,3.085824,23012,13625,0,-,2
00:05:32.904,snap,playback,tv.danmaku.bili,discharging,1,35.4,47.3,100,95,0,24.24,0,0.09,12,3.932,0.81,3.1849198,23012,13625,0,-,2
00:05:33.906,snap,playback,tv.danmaku.bili,discharging,1,35.4,47.3,100,95,0,24.24,0,0.09,10,3.942,0.724,2.854008,23012,13625,0,-,2
00:05:34.906,snap,playback,tv.danmaku.bili,discharging,1,35.4,48.1,100,95,0,24.01,0,0.07,11,3.93,0.806,3.1675801,23096,13943,0,-,2
00:05:35.908,snap,playback,tv.danmaku.bili,discharging,1,35.5,48.1,100,95,0,24.01,0,0.07,9,3.94,0.86,3.3884,23096,13943,0,-,2
00:05:36.908,snap,playback,tv.danmaku.bili,discharging,1,35.5,48.9,100,95,0,24.19,0,0.06,11,3.92,0.822,3.2222402,24266,13783,0,-,2
00:05:37.908,snap,playback,tv.danmaku.bili,discharging,1,35.5,48.1,100,95,0,24.19,0,0.06,15,3.92,0.822,3.2222402,24266,13783,0,-,2
00:05:38.909,snap,playback,tv.danmaku.bili,discharging,1,35.5,48.5,100,95,0,24.19,0,0.06,15,3.935,0.892,3.51002,28629,17000,0,-,2
00:05:39.910,snap,playback,tv.danmaku.bili,discharging,1,35.5,48.5,100,95,0,24.52,0,0.05,15,3.915,0.942,3.6879299,28629,17000,0,-,2
00:05:40.909,snap,playback,tv.danmaku.bili,discharging,1,35.5,48.9,100,95,0,25.15,0,0.04,14,3.931,0.862,3.388522,31757,19155,0,-,2
00:05:41.909,snap,playback,tv.danmaku.bili,discharging,1,35.5,48.9,100,95,0,25.15,0,0.04,15,3.93,0.824,3.23832,31757,19155,0,-,2
00:05:42.909,snap,playback,tv.danmaku.bili,discharging,1,35.5,48.9,100,95,0,25.3,0,0.03,15,3.924,0.858,3.366792,28558,18180,0,-,2
00:05:43.910,snap,playback,tv.danmaku.bili,discharging,1,35.5,50.5,100,95,0,25.3,0,0.03,15,3.909,1.254,4.9018855,28558,18180,0,-,2
00:05:44.911,snap,playback,tv.danmaku.bili,discharging,1,35.5,51.7,100,95,0,28.14,0.36,0.75,15,3.918,1.1,4.3098,34453,19548,0,-,2
00:05:45.911,snap,playback,tv.danmaku.bili,discharging,1,35.6,51.7,100,95,0,28.14,0.36,0.75,15,3.907,1.05,4.1023498,34453,19548,0,-,2
00:05:46.913,snap,playback,tv.danmaku.bili,discharging,1,35.6,51.7,100,95,0,28.48,0.47,0.79,15,3.909,1.204,4.7064357,33327,19199,0,-,2
00:05:47.912,snap,playback,tv.danmaku.bili,discharging,1,35.6,51.7,100,95,0,28.48,0.47,0.79,15,3.912,1.14,4.45968,33327,19199,0,-,2
00:05:48.913,snap,playback,tv.danmaku.bili,discharging,1,35.6,51.3,100,95,0,29.12,0.57,0.65,14,3.926,0.96,3.76896,31841,19174,0,-,2
00:05:49.914,snap,playback,tv.danmaku.bili,discharging,1,35.6,50.9,100,95,0,29.12,0.57,0.65,14,3.92,0.924,3.62208,31841,19174,0,-,2
00:05:50.914,snap,playback,tv.danmaku.bili,discharging,1,35.6,50.9,100,95,0,29.09,0.46,0.53,15,3.923,0.922,3.617006,30161,18587,0,-,2
00:05:51.914,snap,playback,tv.danmaku.bili,discharging,1,35.6,50.5,100,95,0,29.09,0.46,0.53,15,3.916,0.99,3.8768399,30161,18587,0,-,2
00:05:52.919,snap,playback,tv.danmaku.bili,discharging,1,35.6,50.9,100,95,0,29.26,0.38,0.43,15,3.92,0.936,3.66912,32825,20421,0,-,2
00:05:53.920,snap,playback,tv.danmaku.bili,discharging,1,35.6,50.5,100,95,0,29.26,0.38,0.43,15,3.921,0.964,3.779844,32825,20421,0,-,2
00:05:54.918,snap,playback,tv.danmaku.bili,discharging,1,35.6,50.5,100,95,0,29.21,0.31,0.35,15,3.93,0.868,3.4112399,30353,18968,0,-,2
00:05:55.919,snap,playback,tv.danmaku.bili,discharging,1,35.6,50.1,100,95,0,29.21,0.31,0.35,15,3.923,0.922,3.617006,30353,18968,0,-,2
00:05:56.919,snap,playback,tv.danmaku.bili,discharging,1,35.6,50.1,100,95,0,28.81,0.25,0.29,13,3.938,0.752,2.961376,27797,17576,0,-,2
00:05:57.920,snap,playback,tv.danmaku.bili,discharging,1,35.6,49.3,100,95,0,28.81,0.25,0.29,13,3.933,0.958,3.7678142,27797,17576,0,-,2
00:05:58.929,snap,playback,tv.danmaku.bili,discharging,1,35.6,51.7,100,95,0,28.66,0.21,0.23,10,3.929,0.784,3.0803359,29050,16450,0,-,2
00:05:59.922,snap,playback,tv.danmaku.bili,discharging,1,35.6,50.9,100,95,0,28.66,0.21,0.23,23,3.91,1.118,4.3713803,29050,16450,0,-,2
00:06:00.923,snap,playback,tv.danmaku.bili,discharging,1,35.6,50.9,100,95,0,28.18,0.17,0.19,50,3.933,0.842,3.3115861,24426,16434,0,-,2
00:06:01.923,snap,playback,tv.danmaku.bili,discharging,1,35.8,49.3,100,95,0,28.18,0.17,0.19,9,3.937,0.738,2.905506,24426,16434,0,-,2
00:06:02.923,snap,playback,tv.danmaku.bili,discharging,1,35.8,49.3,100,95,0,27.42,0.14,0.16,11,3.94,0.76,2.9944,22432,13754,0,-,2
00:06:03.923,snap,playback,tv.danmaku.bili,discharging,1,35.8,48.5,100,95,0,27.42,0.14,0.16,11,3.923,0.962,3.7739263,22432,13754,0,-,2
00:06:04.923,snap,playback,tv.danmaku.bili,discharging,1,35.8,48.5,100,95,0,26.62,0.11,0.13,0,3.943,0.634,2.499862,22432,12008,0,-,2
00:06:05.924,snap,playback,tv.danmaku.bili,discharging,1,35.8,47.7,100,95,0,26.62,0.11,0.13,0,3.951,0.578,2.283678,22432,12008,0,-,2
00:06:06.924,snap,playback,tv.danmaku.bili,discharging,1,35.8,46.5,100,95,0,24.15,0.09,0.28,0,3.955,0.418,1.65319,11504,4969,0,-,2
00:06:07.927,snap,playback,tv.danmaku.bili,discharging,1,35.8,46.5,100,95,0,24.15,0.09,0.28,0,3.955,0.448,1.77184,11504,4969,0,-,2
00:06:08.927,snap,playback,tv.danmaku.bili,discharging,1,35.8,45.7,100,95,0,22.85,0.07,0.23,7,3.95,0.624,2.4648001,14111,7374,0,-,2
00:06:09.927,snap,playback,tv.danmaku.bili,discharging,1,35.8,45.7,100,95,0,22.85,0.07,0.23,5,3.967,0.374,1.4836581,14111,7374,0,-,2
00:06:10.928,snap,playback,tv.danmaku.bili,discharging,1,35.8,45.3,100,95,0,21.43,0.06,0.19,0,3.946,0.604,2.383384,14560,7000,0,-,2
00:06:11.930,snap,playback,tv.danmaku.bili,discharging,1,35.8,44.6,100,95,0,21.43,0.06,0.19,0,3.968,0.332,1.3173759,14560,7000,0,-,2
00:06:12.929,snap,playback,tv.danmaku.bili,discharging,1,35.8,44.9,100,95,0,20.63,0.05,0.15,0,3.968,0.332,1.3173759,8389,3180,0,-,2
00:06:13.930,snap,playback,tv.danmaku.bili,discharging,1,35.8,43.8,100,95,0,20.63,0.05,0.15,0,3.97,0.352,1.39744,8389,3180,0,-,2
00:06:14.930,snap,playback,tv.danmaku.bili,discharging,1,35.8,43.4,100,95,0,20.63,0.05,0.15,0,3.965,0.402,1.59393,7553,2674,0,-,2
00:06:15.931,snap,playback,tv.danmaku.bili,discharging,1,35.8,43,100,95,0,17.98,0.04,0.12,0,3.968,0.322,1.277696,7553,2674,0,-,2
00:06:16.931,snap,playback,tv.danmaku.bili,discharging,1,35.8,43,100,95,0,16.35,0.03,0.1,0,3.971,0.308,1.223068,8352,3676,0,-,2
00:06:17.932,snap,playback,tv.danmaku.bili,discharging,1,35.8,42.6,100,95,0,16.35,0.03,0.1,0,3.97,0.35,1.3895,8352,3676,0,-,2
00:06:18.932,snap,playback,tv.danmaku.bili,discharging,1,35.8,42.6,100,95,0,15.38,0.02,0.08,0,3.973,0.296,1.176008,5984,2559,0,-,2
00:06:19.933,snap,playback,tv.danmaku.bili,discharging,1,35.8,42.6,100,95,0,15.38,0.02,0.08,0,3.971,0.332,1.3183719,5984,2559,0,-,2
00:06:20.933,snap,playback,tv.danmaku.bili,discharging,1,35.8,43,100,95,0,14.4,0.02,0.07,0,3.971,0.364,1.445444,8123,3571,0,-,2
00:06:21.933,snap,playback,tv.danmaku.bili,discharging,1,35.8,43.4,100,95,0,14.4,0.02,0.07,0,3.969,0.382,1.516158,8123,3571,0,-,2
00:06:22.934,snap,playback,tv.danmaku.bili,discharging,1,35.8,43.4,100,95,0,18.5,0.01,1.14,0,3.961,0.522,2.067642,13939,4360,0,-,2
00:06:23.934,snap,playback,tv.danmaku.bili,discharging,1,35.9,43.4,100,95,0,18.5,0.01,1.14,0,3.967,0.408,1.618536,13939,4360,0,-,2
00:06:24.935,snap,playback,tv.danmaku.bili,discharging,1,35.9,43.4,100,95,0,17.68,0.01,1.29,0,3.97,0.362,1.43714,8119,3058,0,-,2
00:06:25.939,snap,playback,tv.danmaku.bili,discharging,1,35.9,43,100,95,0,17.68,0.01,1.29,0,3.975,0.304,1.2083999,8119,3058,0,-,2
00:06:26.939,snap,playback,tv.danmaku.bili,discharging,1,35.9,42.6,100,95,0,15.74,0.01,1.06,0,3.975,0.298,1.18455,9057,3126,0,-,2
00:06:27.940,snap,playback,tv.danmaku.bili,discharging,1,35.9,42.2,100,95,0,15.74,0.01,1.06,0,3.975,0.334,1.32765,9057,3126,0,-,2
00:06:28.939,snap,playback,tv.danmaku.bili,discharging,1,35.9,41.8,100,95,0,14.34,0,0.87,0,3.974,0.312,1.2398881,7177,2655,0,-,2
00:06:29.941,snap,playback,tv.danmaku.bili,discharging,1,35.9,41.8,100,95,0,14.34,0,0.87,0,3.972,0.346,1.3743119,7177,2655,0,-,2
00:06:30.941,snap,playback,tv.danmaku.bili,discharging,1,35.9,41.8,100,95,0,13.37,0,0.71,0,3.923,0.596,2.338108,13445,5785,0,-,2
00:06:31.942,snap,playback,tv.danmaku.bili,discharging,1,35.9,44.8,100,95,0,13.37,0,0.71,7,3.945,0.7,2.7615,13445,5785,0,-,2
00:06:32.942,snap,playback,tv.danmaku.bili,discharging,1,35.9,45.3,100,95,0,15.3,0,0.58,10,3.914,0.972,3.804408,21728,12527,0,-,2
00:06:33.945,snap,playback,tv.danmaku.bili,discharging,1,35.9,46.1,100,95,0,15.3,0,0.58,11,3.893,1.006,3.916358,21728,12527,0,-,2
00:06:34.945,snap,playback,tv.danmaku.bili,discharging,1,36,46.9,100,95,0,16.15,0,0.47,12,3.924,1,3.924,26051,15616,0,-,2
00:06:35.945,snap,playback,tv.danmaku.bili,discharging,1,36,48.1,100,95,0,16.15,0,0.47,15,3.923,1.018,3.9936142,26051,15616,0,-,2
00:06:36.945,snap,playback,tv.danmaku.bili,discharging,1,36,49.7,100,95,0,17.93,0,0.57,24,3.893,1.316,5.123188,30066,20317,0,-,2
00:06:37.945,snap,playback,tv.danmaku.bili,discharging,1,36,50.5,100,95,0,17.93,0,0.57,47,3.908,1.266,4.947528,30066,20317,0,-,2
00:06:38.945,snap,playback,tv.danmaku.bili,discharging,1,36,52.1,100,95,0,19.39,0,0.46,44,3.893,1.21,4.71053,29800,21441,0,-,2
00:06:39.946,snap,playback,tv.danmaku.bili,discharging,1,36,52.1,100,95,0,19.39,0,0.46,45,3.891,1.304,5.073864,29800,21441,0,-,2
00:06:40.946,snap,playback,tv.danmaku.bili,discharging,1,36,52.1,100,95,0,21.68,0,0.38,15,3.897,1.046,4.076262,31944,19981,0,-,2
00:06:41.946,snap,playback,tv.danmaku.bili,discharging,1,36,50.9,100,95,0,21.68,0,0.38,15,3.92,0.922,3.61424,31944,19981,0,-,2
00:06:42.946,snap,playback,tv.danmaku.bili,discharging,1,36,50.5,100,95,0,21.55,0,0.31,15,3.909,0.992,3.8777277,26785,16632,0,-,2
00:06:43.947,snap,playback,tv.danmaku.bili,discharging,1,36,50.5,100,95,0,21.55,0,0.31,15,3.919,1.024,4.0130563,26785,16632,0,-,2
00:06:44.947,snap,playback,tv.danmaku.bili,discharging,1,36,50.5,100,95,0,22,0,0.25,15,3.928,0.798,3.134544,28282,18025,0,-,2
00:06:45.947,snap,playback,tv.danmaku.bili,discharging,1,36,50.9,100,95,0,22,0,0.25,15,3.928,0.798,3.134544,28282,18025,0,-,2
00:06:46.951,snap,playback,tv.danmaku.bili,discharging,1,36,50.1,100,95,0,22,0,0.25,15,3.927,0.856,3.361512,28298,18483,0,-,2
00:06:47.950,snap,playback,tv.danmaku.bili,discharging,1,36,50.1,100,95,0,22,0,0.2,15,3.911,0.996,3.895356,28298,18483,0,-,2
00:06:48.950,snap,playback,tv.danmaku.bili,discharging,1,36,50.1,100,95,0,22,0,0.2,15,3.93,0.816,3.20688,24805,17137,0,-,2
00:06:49.951,snap,playback,tv.danmaku.bili,discharging,1,36,50.1,100,95,0,22.36,0,0.17,15,3.93,0.774,3.04182,24805,17137,0,-,2
00:06:50.951,snap,playback,tv.danmaku.bili,discharging,1,36,50.1,100,95,0,22.36,0,0.17,15,3.935,0.806,3.1716099,26776,17910,0,-,2
00:06:51.951,snap,playback,tv.danmaku.bili,discharging,1,36,50.1,100,95,0,22.29,0,0.14,14,3.928,0.862,3.385936,26776,17910,0,-,2
00:06:52.954,snap,playback,tv.danmaku.bili,discharging,1,36,50.1,100,95,0,22.96,0,0.11,15,3.932,0.818,3.216376,29511,17481,0,-,2
00:06:53.951,snap,playback,tv.danmaku.bili,discharging,1,36,50.1,100,95,0,22.96,0,0.11,15,3.924,0.962,3.774888,29511,17481,0,-,2
00:06:54.951,snap,playback,tv.danmaku.bili,discharging,1,36,50.1,100,95,0,22.97,0,0.27,15,3.926,0.854,3.352804,26351,16971,0,-,2
00:06:55.951,snap,playback,tv.danmaku.bili,discharging,1,36,50.1,100,95,0,22.97,0,0.27,14,3.928,0.822,3.228816,26351,16971,0,-,2
00:06:56.952,snap,playback,tv.danmaku.bili,discharging,1,36.1,50.1,100,95,0,22.97,0,0.4,15,3.93,0.844,3.31692,28553,17530,0,-,2
00:06:57.952,snap,playback,tv.danmaku.bili,discharging,1,36.1,50.1,100,95,0,22.97,0,0.4,15,3.924,0.826,3.2412238,28553,17530,0,-,2
00:06:58.953,snap,playback,tv.danmaku.bili,discharging,1,36.1,49.3,100,95,0,22.8,0,0.33,15,3.932,0.724,2.846768,28553,17530,0,-,2
00:06:59.957,snap,playback,tv.danmaku.bili,discharging,1,36.1,49.3,100,95,0,22.8,0,0.33,15,3.932,0.836,3.287152,25968,17757,0,-,2
00:07:00.955,snap,playback,tv.danmaku.bili,discharging,1,36.1,49.3,100,95,0,22.47,0,0.27,14,3.929,0.748,2.9388921,25120,17203,0,-,2
00:07:01.956,snap,playback,tv.danmaku.bili,discharging,1,36.1,51.7,100,95,0,22.47,0,0.27,15,3.912,0.974,3.810288,25120,17203,0,-,2
00:07:02.956,snap,playback,tv.danmaku.bili,discharging,1,36.1,51.7,100,95,0,22.02,0,0.4,15,3.928,0.904,3.550912,25120,17203,0,-,2
00:07:03.957,snap,playback,tv.danmaku.bili,discharging,1,36.1,50.5,100,95,0,22.02,0,0.4,15,3.929,0.842,3.308218,25268,17449,0,-,2
00:07:04.957,snap,playback,tv.danmaku.bili,discharging,1,36.1,50.1,100,95,0,22.02,0,0.33,15,3.929,0.822,3.229638,25268,17449,0,-,2
00:07:05.957,snap,playback,tv.danmaku.bili,discharging,1,36.1,49.7,100,95,0,22.02,0,0.33,15,3.934,0.82,3.22588,25958,17530,0,-,2
00:07:06.957,snap,playback,tv.danmaku.bili,discharging,1,36.2,49.7,100,95,0,22.19,0,0.27,15,3.925,0.756,2.9673,25958,17530,0,-,2
00:07:07.957,snap,playback,tv.danmaku.bili,discharging,1,36.2,50.5,100,95,0,22.19,0,0.27,15,3.925,0.954,3.7444499,26673,18345,0,-,2
