timestamp,type,mode,package,charge,screen_on,batt_temp,cpu_temp,thermal_cap_pct,thermal_free_pct,clg_active,psi_cpu_some,psi_io_some,psi_mem_some,gpu_busy_pct,batt_voltage_v,batt_current_ma,batt_power_w,wakeups,migrations,freq_trans,fps
13:25:27.030,snap,default,,discharging,1,30,65.1,100,95,1,46.95,3.77,3.12,11,4.102,2.207,9.053115,0,0,0,-
13:25:28.040,snap,default,com.miui.home,discharging,1,30,65.9,100,95,1,48.41,3.45,2.92,14,4.13,1.224,5.05512,0,0,0,-
13:25:29.039,snap,default,com.miui.home,discharging,1,30,65.1,100,95,1,48.41,3.45,2.92,14,4.159,0.683,2.8405972,23831,10951,0,-
13:25:30.038,snap,default,com.miui.home,discharging,1,30,62.1,100,95,1,43.08,3.36,2.39,13,4.15,1.027,4.2620497,23831,10951,0,-
13:25:31.040,snap,default,com.miui.home,discharging,1,30,59.2,100,95,1,43.08,3.36,2.39,16,4.159,0.618,2.5702617,20877,11948,0,-
13:25:32.038,snap,default,com.miui.home,discharging,1,30,58,100,95,1,38.35,2.75,1.95,16,4.169,0.423,1.7634871,20877,11948,0,-
13:25:33.039,snap,default,com.miui.home,discharging,1,30,58,100,95,1,38.35,2.75,1.95,15,4.172,0.943,3.934196,24088,14264,0,-
13:25:34.039,snap,default,com.miui.home,discharging,1,30,56.4,100,95,1,36.12,2.25,1.78,20,4.159,0.644,2.678396,24088,14264,0,-
13:25:35.040,snap,default,com.miui.home,discharging,1,30,55.2,100,95,1,36.12,2.25,1.78,12,4.171,0.557,2.323247,21570,12365,0,-
13:25:36.040,snap,default,com.miui.home,discharging,1,30,54,100,95,1,33.38,2.02,1.46,11,4.165,0.603,2.5114949,21570,12365,0,-
13:25:37.040,snap,default,com.miui.home,discharging,1,30,54,100,95,1,33.38,2.02,1.46,11,4.162,0.574,2.388988,23408,11042,0,-
13:25:38.040,snap,default,com.miui.home,discharging,1,30.1,54,100,95,1,32.94,3.83,1.92,14,4.171,0.777,3.2408671,23408,11042,0,-
13:25:39.040,snap,default,com.miui.home,discharging,1,30.1,57,100,95,1,32.94,3.83,1.92,13,4.129,1.611,6.651819,38542,20021,0,-
13:25:40.040,snap,default,com.miui.home,discharging,1,30.1,60,100,95,1,33.32,3.32,1.57,28,4.138,1.008,4.171104,38542,20021,0,-
13:25:41.040,snap,default,com.miui.home,discharging,1,30.1,61.1,100,95,1,33.32,3.32,1.57,46,4.144,1.145,4.74488,25078,13185,0,-
13:25:42.041,snap,default,com.miui.home,discharging,1,30.1,58.1,100,95,1,31.63,2.71,1.28,16,4.165,0.416,1.73264,25078,13185,0,-
13:25:43.041,snap,default,com.miui.home,discharging,1,30.1,55.6,100,95,1,31.63,2.71,1.28,20,4.17,0.871,3.63207,28520,16231,0,-
13:25:44.045,snap,default,com.miui.home,discharging,1,30.1,55.6,100,95,1,29.7,2.4,1.05,20,4.162,0.708,2.946696,28520,16231,0,-
13:25:45.046,snap,default,com.miui.home,discharging,1,30.1,58.6,100,95,1,29.7,2.4,1.05,13,4.169,0.669,2.7890613,30980,16548,0,-
13:25:46.041,snap,default,com.android.quicksearchbox,discharging,1,30.1,61.6,100,95,1,29.39,1.97,1.04,24,4.158,1.084,4.507272,30980,16548,0,-
13:25:47.047,snap,default,com.android.quicksearchbox,discharging,1,30.2,61.1,100,95,1,29.39,1.97,1.04,27,4.136,1.218,5.037648,24844,13381,0,-
13:25:48.042,snap,default,com.android.quicksearchbox,discharging,1,30.2,61.9,100,95,1,27.15,3.96,2.3,13,4.131,0.918,3.792258,24844,13381,0,-
13:25:49.044,snap,default,com.android.quicksearchbox,discharging,1,30.2,64.3,100,95,1,27.15,3.96,2.3,13,4.15,0.932,3.8678,24844,13381,0,-
13:25:50.043,snap,default,com.android.quicksearchbox,discharging,1,30.2,64.7,100,95,1,27.48,3.79,2.43,0,4.147,1.116,4.628052,35288,17692,0,-
13:25:51.041,snap,default,com.android.quicksearchbox,discharging,1,30.2,67.4,100,95,1,27.48,3.79,2.43,0,4.139,1.326,5.4883137,35288,17692,0,-
13:25:52.042,snap,default,com.ss.android.ugc.aweme,discharging,1,30.2,67.4,100,95,1,29.75,3.64,2.71,0,4.132,1.485,6.13602,35706,19465,0,-
13:25:53.042,snap,default,com.ss.android.ugc.aweme,discharging,1,30.2,64.4,100,95,1,29.75,3.64,2.71,0,4.125,1.373,5.6636252,35706,19465,0,-
13:25:54.042,snap,default,com.ss.android.ugc.aweme,discharging,1,30.2,62.3,100,95,1,28.89,3.35,2.76,3,4.148,1.055,4.3761396,25241,13420,0,-
13:25:55.042,snap,default,com.ss.android.ugc.aweme,discharging,1,30.2,59.9,100,95,1,28.89,3.35,2.76,1,4.13,0.871,3.59723,25241,13420,0,-
13:25:56.042,snap,default,com.ss.android.ugc.aweme,discharging,1,30.2,58.8,100,95,1,26.73,3.28,2.44,4,4.162,0.936,3.895632,20548,10553,0,-
13:25:57.043,snap,default,com.ss.android.ugc.aweme,discharging,1,30.2,55.8,100,95,1,26.73,3.28,2.44,3,4.144,0.824,3.4146562,20548,10553,0,-
13:25:58.043,snap,default,com.ss.android.ugc.aweme,discharging,1,30.3,54.4,100,95,1,24.43,2.87,2,3,4.171,0.719,2.9989488,15266,8015,0,-
13:25:59.043,snap,default,com.ss.android.ugc.aweme,discharging,1,30.3,54.4,100,95,1,24.43,2.87,2,0,4.156,0.491,2.040596,15266,8015,0,-
13:26:00.043,snap,default,com.ss.android.ugc.aweme,discharging,1,30.3,54.4,100,95,1,22.54,2.53,1.64,0,4.152,0.462,1.918224,16677,8273,0,-
13:26:01.043,snap,default,com.ss.android.ugc.aweme,discharging,1,30.3,54.4,100,95,1,22.54,2.53,1.64,3,4.174,0.896,3.739904,16677,8273,0,-
13:26:02.043,snap,default,com.ss.android.ugc.aweme,discharging,1,30.3,53.2,100,95,1,22.08,2.25,1.52,2,4.153,0.622,2.583166,13933,7370,0,-
13:26:03.045,snap,default,com.ss.android.ugc.aweme,discharging,1,30.3,51.7,100,95,1,22.08,2.25,1.52,1,4.171,0.402,1.6767421,13933,7370,0,-
13:26:04.046,snap,default,com.ss.android.ugc.aweme,discharging,1,30.3,51.3,100,95,1,21.34,2.2,1.42,1,4.167,0.647,2.696049,15742,7639,0,-
13:26:05.046,snap,default,com.ss.android.ugc.aweme,discharging,1,30.3,51.3,100,95,1,21.34,2.2,1.42,1,4.162,0.495,2.0601902,15742,7639,0,-
13:26:06.047,snap,default,com.ss.android.ugc.aweme,discharging,1,30.3,50.5,100,95,1,20.37,2.17,1.16,0,4.173,0.474,1.978002,14376,7117,0,-
13:26:07.046,snap,default,com.ss.android.ugc.aweme,discharging,1,30.3,50.5,100,95,1,20.37,2.17,1.16,1,4.159,0.622,2.5868979,14376,7117,0,-
13:26:08.048,snap,default,com.ss.android.ugc.aweme,discharging,1,30.3,50.1,100,95,1,20.12,1.77,0.95,1,4.171,0.362,1.509902,10351,5930,0,-
13:26:09.046,snap,default,com.ss.android.ugc.aweme,discharging,1,30.3,50.1,100,95,1,20.12,1.77,0.95,0,4.175,0.402,1.6783501,10351,5930,0,-
13:26:10.049,snap,default,com.ss.android.ugc.aweme,discharging,1,30.3,50.1,100,95,1,20.28,1.63,0.78,0,4.173,0.402,1.677546,13720,7110,0,-
13:26:11.048,snap,default,com.ss.android.ugc.aweme,discharging,1,30.3,51.3,100,95,1,20.28,1.63,0.78,0,4.161,0.545,2.267745,13720,7110,0,-
13:26:12.048,snap,default,com.ss.android.ugc.aweme,discharging,1,30.3,49.3,100,95,1,19.86,1.52,0.64,0,4.177,0.408,1.704216,12100,5210,0,-
13:26:13.048,snap,default,com.ss.android.ugc.aweme,discharging,1,30.3,49.3,100,95,1,19.86,1.52,0.64,0,4.173,0.369,1.5398369,12100,5210,0,-
13:26:14.048,snap,default,com.ss.android.ugc.aweme,discharging,1,30.3,48.9,100,95,1,20.07,1.6,0.52,2,4.162,0.431,1.793822,14905,6760,0,-
13:26:15.049,snap,default,com.ss.android.ugc.aweme,discharging,1,30.3,49.3,100,95,1,20.07,1.6,0.52,2,4.175,0.665,2.7763753,14905,6760,0,-
13:26:16.049,snap,default,com.ss.android.ugc.aweme,discharging,1,30.3,49.7,100,95,1,20.42,1.67,0.42,4,4.165,0.571,2.3782148,14905,6760,0,-
13:26:17.052,snap,default,com.ss.android.ugc.aweme,discharging,1,30.3,49.7,100,95,1,20.42,1.67,0.42,4,4.17,0.762,3.17754,17735,9021,0,-
13:26:18.049,snap,default,com.ss.android.ugc.aweme,discharging,1,30.3,49.7,100,95,1,20.7,1.55,0.35,0,4.165,0.597,2.486505,17735,9021,0,-
13:26:19.049,snap,default,com.ss.android.ugc.aweme,discharging,1,30.3,49.3,100,95,1,20.7,1.55,0.35,6,4.167,0.708,2.9502358,16603,7607,0,-
13:26:20.053,snap,default,com.ss.android.ugc.aweme,discharging,1,30.3,49.3,100,95,1,20.94,1.81,0.46,0,4.171,0.506,2.1105258,16603,7607,0,-
13:26:21.052,snap,default,com.ss.android.ugc.aweme,discharging,1,30.3,49.3,100,95,1,20.94,1.81,0.46,0,4.173,0.506,2.111538,13199,6311,0,-
13:26:22.051,snap,default,com.ss.android.ugc.aweme,discharging,1,30.3,48.1,100,95,1,20.77,1.48,0.38,0,4.167,0.491,2.045997,13199,6311,0,-
13:26:23.051,snap,default,com.ss.android.ugc.aweme,discharging,1,30.3,48.1,100,95,1,20.77,1.48,0.38,0,4.166,0.462,1.924692,9071,4355,0,-
13:26:24.051,snap,default,com.ss.android.ugc.aweme,discharging,1,30.3,49.3,100,95,1,20.26,1.21,0.31,0,4.172,0.517,2.156924,9071,4355,0,-
13:26:25.052,snap,default,com.ss.android.ugc.aweme,discharging,1,30.3,49.3,100,95,1,20.26,1.21,0.31,0,4.165,0.654,2.7239099,14813,6729,0,-
13:26:26.052,snap,default,com.ss.android.ugc.aweme,discharging,1,30.3,49.3,100,95,1,20.03,0.99,0.25,5,4.166,0.517,2.153822,14813,6729,0,-
13:26:27.052,snap,default,com.ss.android.ugc.aweme,discharging,1,30.3,48.9,100,95,1,20.03,0.99,0.25,5,4.172,0.629,2.624188,14966,7353,0,-
13:26:28.053,snap,default,com.ss.android.ugc.aweme,discharging,1,30.2,48.1,100,95,1,19.85,0.99,0.2,6,4.168,0.485,2.02148,14966,7353,0,-
13:26:29.052,snap,default,com.ss.android.ugc.aweme,discharging,1,30.2,48.1,100,95,1,19.85,0.99,0.2,0,4.168,0.495,2.0631602,12286,6134,0,-
13:26:30.054,snap,default,com.ss.android.ugc.aweme,discharging,1,30.2,48.1,100,95,1,19.87,0.81,0.17,0,4.172,0.46,1.91912,12286,6134,0,-
13:26:31.052,snap,default,com.ss.android.ugc.aweme,discharging,1,30.2,48.1,100,95,1,19.87,0.81,0.17,0,4.168,0.52,2.16736,13063,5513,0,-
13:26:32.053,snap,default,com.ss.android.ugc.aweme,discharging,1,30.2,47.7,100,95,1,19.53,0.66,0.14,5,4.173,0.481,2.0072129,13063,5513,0,-
13:26:33.056,snap,default,com.ss.android.ugc.aweme,discharging,1,30.2,48.1,100,95,1,19.53,0.66,0.14,5,4.17,0.488,2.03496,11936,5524,0,-
13:26:34.055,snap,default,com.ss.android.ugc.aweme,discharging,1,30.2,48.1,100,95,1,19.25,0.54,0.11,0,4.17,0.402,1.6763401,11936,5524,0,-
13:26:35.055,snap,default,com.ss.android.ugc.aweme,discharging,1,30.2,48.1,100,95,1,19.25,0.54,0.11,4,4.173,0.437,1.823601,13204,6570,0,-
13:26:36.056,snap,default,com.ss.android.ugc.aweme,discharging,1,30.2,47.3,100,95,1,18.66,0.44,0.09,4,4.172,0.448,1.869056,13204,6570,0,-
13:26:37.055,snap,default,com.ss.android.ugc.aweme,discharging,1,30.2,47.3,100,95,1,18.66,0.44,0.09,0,4.17,0.456,1.90152,14867,7522,0,-
13:26:38.056,snap,default,com.ss.android.ugc.aweme,discharging,1,30.1,48.9,100,95,1,19.45,0.72,0.07,3,4.174,0.462,1.928388,14867,7522,0,-
13:26:39.057,snap,default,com.ss.android.ugc.aweme,discharging,1,30.1,48.9,100,95,1,19.45,0.72,0.07,3,4.171,0.781,3.2575512,21847,9791,0,-
13:26:40.056,snap,default,com.ss.android.ugc.aweme,discharging,1,30.1,48.9,100,95,1,19.73,0.77,0.06,3,4.171,0.514,2.143894,21847,9791,0,-
13:26:41.056,snap,default,com.ss.android.ugc.aweme,discharging,1,30.1,48.9,100,95,1,19.73,0.77,0.06,3,4.173,0.543,2.2659388,21847,9791,0,-
13:26:42.057,snap,default,com.ss.android.ugc.aweme,discharging,1,30.1,48.9,100,95,1,19.96,0.63,0.23,3,4.159,0.702,2.9196181,21047,10544,0,-
13:26:43.057,snap,default,com.ss.android.ugc.aweme,discharging,1,30.1,48.9,100,95,1,19.96,0.63,0.23,0,4.148,0.705,2.9243398,21047,10544,0,-
13:26:44.059,snap,default,com.ss.android.ugc.aweme,discharging,1,30.1,48.5,100,95,1,19.42,0.52,0.18,0,4.171,0.532,2.218972,16650,8277,0,-
13:26:45.057,snap,default,com.ss.android.ugc.aweme,discharging,1,30.1,48.1,100,95,1,19.42,0.52,0.18,5,4.174,0.47,1.96178,16650,8277,0,-
13:26:46.060,snap,default,com.ss.android.ugc.aweme,discharging,1,30.1,48.1,100,95,1,19.53,0.42,0.15,1,4.156,0.589,2.447884,18448,9364,0,-
13:26:47.059,snap,default,com.ss.android.ugc.aweme,discharging,1,30.1,48.5,100,95,1,19.53,0.42,0.15,1,4.169,0.539,2.247091,18448,9364,0,-
13:26:48.058,snap,default,com.ss.android.ugc.aweme,discharging,1,30.1,50.1,100,95,1,19.79,0.34,0.12,5,4.172,0.705,2.9412599,21969,11332,0,-
13:26:49.061,snap,default,com.ss.android.ugc.aweme,discharging,1,30.1,50.1,100,95,1,19.79,0.34,0.12,1,4.161,0.532,2.213652,21969,11332,0,-
13:26:50.061,snap,default,com.ss.android.ugc.aweme,discharging,1,30.1,50.1,100,95,1,20.19,0.64,0.1,3,4.17,0.911,3.79887,22959,11930,0,-
13:26:51.061,snap,default,com.ss.android.ugc.aweme,discharging,1,30.1,49.3,100,95,1,20.19,0.64,0.1,1,4.167,0.676,2.816892,22959,11930,0,-
13:26:52.062,snap,default,com.ss.android.ugc.aweme,discharging,1,30.1,48.9,100,95,1,19.97,0.53,0.08,1,4.168,0.593,2.4716241,17257,9161,0,-
13:26:53.060,snap,default,com.ss.android.ugc.aweme,discharging,1,30.1,49.3,100,95,1,19.97,0.53,0.08,1,4.165,0.673,2.8030448,17257,9161,0,-
13:26:54.060,snap,default,com.ss.android.ugc.aweme,discharging,1,30.1,48.9,100,95,1,19.8,0.43,0.06,1,4.168,0.618,2.575824,16413,8249,0,-
13:26:55.061,snap,default,com.ss.android.ugc.aweme,discharging,1,30.1,48.9,100,95,1,19.8,0.43,0.06,1,4.16,0.564,2.34624,16413,8249,0,-
13:26:56.061,snap,default,com.ss.android.ugc.aweme,discharging,1,30.1,47.7,100,95,1,19.11,0.35,0.05,1,4.164,0.524,2.181936,14932,7692,0,-
13:26:57.071,snap,default,com.ss.android.ugc.aweme,discharging,1,30.1,47.7,100,95,1,19.11,0.35,0.05,1,4.172,0.514,2.144408,14932,7692,0,-
13:26:58.064,snap,default,com.ss.android.ugc.aweme,discharging,1,30.1,47.7,100,95,1,18.72,0.29,0.04,1,4.167,0.524,2.183508,13054,7296,0,-
13:26:59.063,snap,default,com.ss.android.ugc.aweme,discharging,1,30,47.7,100,95,1,18.72,0.29,0.04,1,4.171,0.485,2.0229352,13054,7296,0,-
13:27:00.067,snap,default,com.ss.android.ugc.aweme,discharging,1,30,47.7,100,95,1,18.77,0.23,0.03,1,4.167,0.564,2.350188,13864,7655,0,-
13:27:01.064,snap,default,com.ss.android.ugc.aweme,discharging,1,30,47.7,100,95,1,18.77,0.23,0.03,2,4.166,0.574,2.391284,13864,7655,0,-
13:27:02.064,snap,default,com.ss.android.ugc.aweme,discharging,1,30,48.9,100,95,1,19.18,0.19,0.03,1,4.166,0.683,2.8453782,17905,8759,0,-
13:27:03.065,snap,default,com.ss.android.ugc.aweme,discharging,1,30,49.7,100,95,1,19.18,0.19,0.03,1,4.164,0.799,3.3270361,17905,8759,0,-
13:27:04.064,snap,default,com.ss.android.ugc.aweme,discharging,1,30,52.4,100,95,1,19.87,0.52,0.02,3,4.157,0.81,3.36717,26899,13826,0,-
13:27:05.065,snap,default,com.ss.android.ugc.aweme,discharging,1,30,49.7,100,95,1,19.87,0.52,0.02,5,4.152,0.741,3.076632,26899,13826,0,-
13:27:06.064,snap,default,com.ss.android.ugc.aweme,discharging,1,30,52.1,100,95,1,20.43,0.6,0.01,2,4.166,0.543,2.262138,22738,10944,0,-
13:27:07.064,snap,default,com.ss.android.ugc.aweme,discharging,1,30,50.5,100,95,1,20.43,0.6,0.01,2,4.166,0.759,3.161994,22738,10944,0,-
13:27:08.066,snap,default,com.ss.android.ugc.aweme,discharging,1,30,50.5,100,95,1,20.9,0.86,0.01,1,4.153,0.651,2.703603,22738,10944,0,-
13:27:09.069,snap,default,com.ss.android.ugc.aweme,discharging,1,30,49.3,100,95,1,20.9,0.86,0.01,2,4.165,0.632,2.63228,23035,11411,0,-
13:27:10.067,snap,default,com.ss.android.ugc.aweme,discharging,1,30,49.3,100,95,1,21.28,0.7,0.01,1,4.154,0.647,2.687638,23035,11411,0,-
13:27:11.066,snap,default,com.ss.android.ugc.aweme,discharging,1,30,49.3,100,95,1,21.28,0.7,0.01,1,4.171,0.589,2.456719,21426,11059,0,-
13:27:12.066,snap,default,com.ss.android.ugc.aweme,discharging,1,30,49.3,100,95,1,21.95,0.75,0.01,1,4.164,0.86,3.5810401,21426,11059,0,-
13:27:13.066,snap,default,com.ss.android.ugc.aweme,discharging,1,30,49.3,100,95,1,21.95,0.75,0.01,1,4.159,1.087,4.520833,26335,13552,0,-
13:27:14.068,snap,default,com.ss.android.ugc.aweme,discharging,1,30,52.3,100,95,1,23.41,0.98,0.73,0,4.125,1.145,4.723125,26335,13552,0,-
13:27:15.069,snap,default,com.ss.android.ugc.aweme,discharging,1,30,53.2,100,95,1,23.41,0.98,0.73,0,4.161,0.564,2.346804,29947,14513,0,-
13:27:16.068,snap,default,com.ss.android.ugc.aweme,discharging,1,30,50.5,100,95,1,23.33,0.8,0.6,0,4.17,0.549,2.2893302,29947,14513,0,-
13:27:17.067,snap,default,com.ss.android.ugc.aweme,discharging,1,30,50.5,100,95,1,23.33,0.8,0.6,8,4.154,0.727,3.0199578,22143,12369,0,-
13:27:18.068,snap,default,com.ss.android.ugc.aweme,discharging,1,30,52.1,100,95,1,23.09,0.65,0.49,5,4.159,0.957,3.980163,22143,12369,0,-
13:27:19.067,snap,default,com.ss.android.ugc.aweme,discharging,1,30,52.1,100,95,1,23.09,0.65,0.49,5,4.16,0.737,3.0659199,28032,15606,0,-
13:27:20.068,snap,default,com.ss.android.ugc.aweme,discharging,1,30,50.9,100,95,1,23.44,0.9,0.4,5,4.16,0.673,2.7996798,28032,15606,0,-
13:27:21.068,snap,default,com.ss.android.ugc.aweme,discharging,1,30,50.9,100,95,1,23.44,0.9,0.4,5,4.154,0.802,3.3315077,24818,13507,0,-
13:27:22.068,snap,default,com.ss.android.ugc.aweme,discharging,1,30,50.9,100,95,1,22.99,0.92,0.32,5,4.162,0.762,3.1714442,24818,13507,0,-
13:27:23.068,snap,default,com.ss.android.ugc.aweme,discharging,1,30,51.7,100,95,1,22.99,0.92,0.32,4,4.154,1.106,4.5943236,34307,16079,0,-
13:27:24.068,snap,default,com.ss.android.ugc.aweme,discharging,1,30,54.7,100,95,1,23.54,1.29,0.81,4,4.125,1.352,5.577,34307,16079,0,-
13:27:25.070,snap,default,com.ss.android.ugc.aweme,discharging,1,30,56.8,100,95,1,23.54,1.29,0.81,9,4.127,1.062,4.382874,35186,18423,0,-
13:27:26.071,snap,default,com.ss.android.ugc.aweme,discharging,1,30,54,100,95,1,24.53,1.24,0.66,20,4.15,0.77,3.1955,35186,18423,0,-
13:27:27.069,snap,default,com.android.quicksearchbox,discharging,1,30,54,100,95,1,24.53,1.24,0.66,29,4.157,0.922,3.8327541,27943,16178,0,-
13:27:28.070,snap,default,com.android.quicksearchbox,discharging,1,30,57,100,95,1,23.89,1.01,0.54,9,4.128,1.069,4.412832,27943,16178,0,-
13:27:29.070,snap,default,com.android.quicksearchbox,discharging,1,30,60,100,95,1,23.89,1.01,0.54,9,4.155,1.113,4.6245155,29280,19592,0,-
13:27:30.071,snap,default,com.ss.android.ugc.aweme,discharging,1,30,63,100,95,1,26.08,0.83,0.44,0,4.136,1.243,5.1410484,29280,19592,0,-
13:27:31.070,snap,default,com.ss.android.ugc.aweme,discharging,1,30,63.9,100,95,1,26.08,0.83,0.44,0,4.139,1.084,4.4866757,30223,16448,0,-
13:27:32.071,snap,default,com.ss.android.ugc.aweme,discharging,1,30,63.9,100,95,1,26.06,0.68,0.36,0,4.141,0.781,3.2341208,30223,16448,0,-
13:27:33.071,snap,default,com.ss.android.ugc.aweme,discharging,1,30,65.1,100,95,1,26.06,0.68,0.36,3,4.145,1.282,5.31389,31770,18632,0,-
13:27:34.072,snap,default,com.ss.android.ugc.aweme,discharging,1,30,65.1,100,95,1,27.5,0.73,0.29,3,4.129,1.412,5.830148,31770,18632,0,-
13:27:35.075,snap,default,com.ss.android.ugc.aweme,discharging,1,30,65.1,100,95,1,27.5,0.73,0.29,3,4.132,1.333,5.5079556,31770,18632,0,-
13:27:36.075,snap,default,com.ss.android.ugc.aweme,discharging,1,30,62.1,100,95,1,26.68,0.6,0.24,3,4.145,0.593,2.457985,23700,13965,0,-
13:27:37.091,snap,default,com.ss.android.ugc.aweme,discharging,1,30,59.1,100,95,1,26.68,0.6,0.24,2,4.156,0.839,3.486884,23700,13965,0,-
13:27:38.076,snap,default,com.ss.android.ugc.aweme,discharging,1,30,58,100,95,1,26.74,0.49,0.19,9,4.153,1.352,5.614856,24554,12034,0,-
13:27:39.075,snap,default,com.ss.android.ugc.aweme,discharging,1,30,60.7,100,95,1,26.74,0.49,0.19,25,4.117,1.766,7.2706223,24554,12034,0,-
13:27:40.076,snap,default,com.coolapk.market,discharging,1,30,62.3,100,95,1,30.05,1.13,0.52,7,4.148,1.141,4.7328677,49468,27002,0,-
13:27:41.077,snap,default,com.coolapk.market,discharging,1,30,60.7,100,95,1,30.05,1.13,0.52,13,4.152,0.947,3.9319441,49468,27002,0,-
13:27:42.079,snap,default,com.coolapk.market,discharging,1,30,59.9,100,95,1,33.3,1.1,0.43,5,4.14,1.012,4.1896796,32185,12974,0,-
13:27:43.077,snap,default,com.coolapk.market,discharging,1,30,57.6,100,95,1,33.3,1.1,0.43,5,4.127,0.882,3.640014,32185,12974,0,-
13:27:44.077,snap,default,com.coolapk.market,discharging,1,30,56.8,100,95,1,31.8,1.45,0.71,4,4.16,0.636,2.6457598,22818,9608,0,-
13:27:45.082,snap,default,com.coolapk.market,discharging,1,30,56.4,100,95,1,31.8,1.45,0.71,11,4.157,1.044,4.339908,22818,9608,0,-
13:27:46.078,snap,default,com.coolapk.market,discharging,1,30,53.4,100,95,1,30.2,2.09,0.76,8,4.149,0.474,1.9666262,25354,11700,0,-
13:27:47.078,snap,default,com.coolapk.market,discharging,1,30,52.8,100,95,1,30.2,2.09,0.76,8,4.16,0.56,2.3295999,25354,11700,0,-
13:27:48.082,snap,default,com.coolapk.market,discharging,1,30,52.1,100,95,1,28.9,1.71,0.8,12,4.162,0.574,2.388988,20662,10766,0,-
13:27:49.081,snap,default,com.coolapk.market,discharging,1,30.1,50.9,100,95,1,28.9,1.71,0.8,13,4.165,0.481,2.003365,20662,10766,0,-
13:27:50.079,snap,default,com.coolapk.market,discharging,1,30.1,50.9,100,95,1,27.1,1.4,0.66,13,4.155,0.52,2.1606,14230,8025,0,-
13:27:51.080,snap,default,com.coolapk.market,discharging,1,30.1,51.3,100,95,1,27.1,1.4,0.66,21,4.174,0.741,3.092934,14230,8025,0,-
13:27:52.080,snap,default,com.coolapk.market,discharging,1,30.1,51.3,100,95,1,25.63,1.14,1.08,0,4.163,0.329,1.369627,15799,9015,0,-
13:27:53.085,snap,default,com.coolapk.market,discharging,1,30.1,48.9,100,95,1,25.63,1.14,1.08,16,4.171,0.423,1.764333,15799,9015,0,-
13:27:54.081,snap,default,com.coolapk.market,discharging,1,30.1,48.9,100,95,1,23.52,0.94,1.61,0,4.174,0.232,0.96836793,10288,5541,0,-
13:27:55.082,snap,default,com.coolapk.market,discharging,1,30.1,47.7,100,95,1,23.52,0.94,1.61,0,4.176,0.419,1.749744,10288,5541,0,-
13:27:56.084,snap,default,com.coolapk.market,discharging,1,30.1,47.3,100,95,1,21.44,0.77,1.32,0,4.176,0.22,0.91872,7913,3847,0,-
13:27:57.083,snap,default,com.coolapk.market,discharging,1,30.1,46.9,100,95,1,21.44,0.77,1.32,0,4.178,0.199,0.831422,7913,3847,0,-
13:27:58.084,snap,default,com.coolapk.market,discharging,1,30.1,46.5,100,95,1,19.18,0.63,1.08,0,4.179,0.22,0.91937995,5108,2130,0,-
13:27:59.083,snap,default,com.coolapk.market,discharging,1,30.1,46.9,100,95,1,19.18,0.63,1.08,0,4.175,0.261,1.0896751,5108,2130,0,-
13:28:00.083,snap,default,com.coolapk.market,discharging,1,30.1,49.3,100,95,1,18.97,0.51,0.88,17,4.17,0.737,3.07329,5108,2130,0,-
13:28:01.084,snap,default,com.coolapk.market,discharging,1,30.1,49.3,100,95,1,18.97,0.51,0.88,4,4.155,0.524,2.17722,19901,10865,0,-
13:28:02.087,snap,default,com.coolapk.market,discharging,1,30.1,48.9,100,95,1,19.52,0.42,0.72,4,4.154,0.495,2.0562298,19901,10865,0,-
13:28:03.089,snap,default,com.coolapk.market,discharging,1,30.1,48.1,100,95,1,19.52,0.42,0.72,7,4.169,0.441,1.8385291,17645,9406,0,-
13:28:04.085,snap,default,com.coolapk.market,discharging,1,30.1,48.1,100,95,1,19.52,0.42,0.72,7,4.169,0.441,1.8385291,17645,9406,0,-
13:28:05.087,snap,default,com.coolapk.market,discharging,1,30.1,48.1,100,95,1,19.06,0.52,1.13,7,4.172,0.431,1.798132,16116,8783,0,-
13:28:06.090,snap,default,com.coolapk.market,discharging,1,30.1,49.3,100,95,1,19.06,0.52,1.13,8,4.169,0.427,1.780163,16116,8783,0,-
13:28:07.088,snap,default,com.coolapk.market,discharging,1,30.1,47.7,100,95,1,19.23,0.43,0.93,12,4.162,0.545,2.2682903,18237,10036,0,-
13:28:08.088,snap,default,com.coolapk.market,discharging,1,30.1,47.7,100,95,1,19.23,0.43,0.93,12,4.17,0.466,1.94322,18237,10036,0,-
13:28:09.086,snap,default,com.coolapk.market,discharging,1,30.1,47.7,100,95,1,19.19,0.35,0.76,12,4.167,0.495,2.062665,15003,7504,0,-
13:28:10.087,snap,default,com.coolapk.market,discharging,1,30.1,50.5,100,95,1,19.19,0.35,0.76,0,4.167,0.243,1.012581,15003,7504,0,-
13:28:11.087,snap,default,com.coolapk.market,discharging,1,30.1,50.5,100,95,1,18.97,0.28,0.62,21,4.177,0.791,3.304007,17797,10468,0,-
13:28:12.087,snap,default,com.coolapk.market,discharging,1,30.1,48.5,100,95,1,18.97,0.28,0.62,28,4.165,0.488,2.03252,17797,10468,0,-
13:28:13.087,snap,default,com.coolapk.market,discharging,1,30.1,48.5,100,95,1,18.25,0.23,0.51,19,4.176,0.369,1.540944,15103,8992,0,-
13:28:14.088,snap,default,com.coolapk.market,discharging,1,30.1,48.5,100,95,1,18.25,0.23,0.51,25,4.158,0.557,2.316006,15103,8992,0,-
13:28:15.092,snap,default,com.coolapk.market,discharging,1,30.1,46.9,100,95,1,18.93,0.19,0.41,25,4.163,0.452,1.881676,10000,5352,0,-
13:28:16.089,snap,default,com.coolapk.market,discharging,1,30.1,46.9,100,95,1,18.93,0.19,0.41,0,4.179,0.217,0.90684295,10000,5352,0,-
13:28:17.092,snap,default,com.coolapk.market,discharging,1,30.1,47.3,100,95,1,17.31,0.15,0.34,0,4.176,0.362,1.511712,14088,7779,0,-
13:28:18.091,snap,default,com.coolapk.market,discharging,1,30.1,47.3,100,95,1,17.31,0.15,0.34,18,4.173,0.329,1.3729169,14088,7779,0,-
13:28:19.091,snap,default,com.coolapk.market,discharging,1,30,48.1,100,95,1,18.34,0.12,0.27,18,4.15,0.603,2.50245,18070,10196,0,-
13:28:20.092,snap,default,com.coolapk.market,discharging,1,30,47.3,100,95,1,18.34,0.12,0.27,15,4.174,0.377,1.5735979,18070,10196,0,-
13:28:21.091,snap,default,com.coolapk.market,discharging,1,30,46.9,100,95,1,18.46,0.1,0.22,15,4.175,0.416,1.7368001,14432,7386,0,-
13:28:22.092,snap,default,com.coolapk.market,discharging,1,30,46.1,100,95,1,18.46,0.1,0.22,0,4.179,0.348,1.4542919,14432,7386,0,-
13:28:23.092,snap,default,com.coolapk.market,discharging,1,30,46.9,100,95,1,17.47,0.08,0.18,0,4.167,0.282,1.175094,10636,5593,0,-
13:28:24.094,snap,default,com.coolapk.market,discharging,1,30,46.9,100,95,1,17.47,0.08,0.18,13,4.176,0.214,0.893664,10636,5593,0,-
13:28:25.093,snap,default,com.coolapk.market,discharging,1,30,48.9,100,95,1,17.02,0.07,0.15,13,4.166,0.748,3.116168,11625,6378,0,-
13:28:26.094,snap,default,com.coolapk.market,discharging,1,30,48.1,100,95,1,17.02,0.07,0.15,41,4.177,0.199,0.831223,11625,6378,0,-
13:28:27.093,snap,default,com.coolapk.market,discharging,1,30,48.1,100,95,1,16.65,0.05,0.12,24,4.176,0.47,1.96272,11625,6378,0,-
13:28:28.096,snap,default,com.coolapk.market,discharging,1,30,47.3,100,95,1,16.65,0.05,0.12,24,4.166,0.644,2.682904,20137,11805,0,-
13:28:29.099,snap,default,com.coolapk.market,discharging,1,30,46.9,100,95,1,17.44,0.04,0.1,0,4.168,0.297,1.2378961,20137,11805,0,-
13:28:30.101,snap,default,com.coolapk.market,discharging,1,30,46.1,100,95,1,17,0.03,0.08,12,4.165,0.485,2.020025,12835,6613,0,-
13:28:31.098,snap,default,com.coolapk.market,discharging,1,29.9,45.7,100,95,1,17,0.03,0.08,0,4.174,0.243,1.014282,12835,6613,0,-
13:28:32.100,snap,default,com.coolapk.market,discharging,1,29.9,44.9,100,95,1,17,0.03,0.06,0,4.176,0.271,1.131696,11638,6436,0,-
13:28:33.098,snap,default,com.coolapk.market,discharging,1,29.9,45.7,100,95,1,17,0.03,0.06,0,4.155,0.405,1.6827751,11638,6436,0,-
13:28:34.101,snap,default,com.coolapk.market,discharging,1,29.9,47.7,100,95,1,17,0.02,0.05,10,4.175,0.268,1.1189001,13036,7066,0,-
13:28:35.097,snap,default,com.coolapk.market,discharging,1,29.9,47.7,100,95,1,17,0.02,0.05,9,4.156,0.514,2.136184,13036,7066,0,-
13:28:36.099,snap,default,com.coolapk.market,discharging,1,29.9,47.7,100,95,1,17.72,0.02,0.04,9,4.178,0.506,2.114068,18448,10370,0,-
13:28:37.098,snap,default,com.coolapk.market,discharging,1,29.9,46.9,100,95,1,17.72,0.02,0.04,12,4.147,0.466,1.9325019,18448,10370,0,-
13:28:38.099,snap,default,com.coolapk.market,discharging,1,29.9,46.9,100,95,1,18.49,0.01,0.03,10,4.172,0.564,2.353008,18656,11334,0,-
13:28:39.099,snap,default,com.coolapk.market,discharging,1,29.9,46.5,100,95,1,18.49,0.01,0.03,9,4.167,0.441,1.837647,18656,11334,0,-
13:28:40.098,snap,default,com.coolapk.market,discharging,1,29.9,46.5,100,95,1,18.77,0.01,0.03,8,4.168,0.488,2.0339842,18564,11060,0,-
13:28:41.101,snap,default,com.coolapk.market,discharging,1,29.9,46.5,100,95,1,18.77,0.01,0.03,8,4.171,0.503,2.0980132,18564,11060,0,-
13:28:42.101,snap,default,com.coolapk.market,discharging,1,29.9,46.5,100,95,1,18.63,0.19,0.02,12,4.151,0.441,1.8305911,13416,6620,0,-
13:28:43.100,snap,default,com.coolapk.market,discharging,1,29.9,46.5,100,95,1,18.63,0.19,0.02,12,4.164,0.293,1.220052,13416,6620,0,-
13:28:44.103,snap,default,com.coolapk.market,discharging,1,29.9,46.1,100,95,1,18.87,0.15,0.01,17,4.176,0.34,1.4198401,16995,9833,0,-
13:28:45.104,snap,default,com.coolapk.market,discharging,1,29.9,45.7,100,95,1,18.87,0.15,0.01,17,4.175,0.524,2.1877,16995,9833,0,-
13:28:46.106,snap,default,com.coolapk.market,discharging,1,29.9,45.3,100,95,1,18.35,0.12,0.01,17,4.169,0.358,1.4925021,9821,4825,0,-
13:28:47.106,snap,default,com.coolapk.market,discharging,1,29.9,44.9,100,95,1,18.35,0.12,0.01,16,4.15,0.3,1.2450001,9821,4825,0,-
13:28:48.104,snap,default,com.coolapk.market,discharging,1,29.9,44.9,100,95,1,17.38,0.1,0.01,16,4.178,0.358,1.4957241,10705,5409,0,-
13:28:49.105,snap,default,com.coolapk.market,discharging,1,29.8,45.3,100,95,1,17.38,0.1,0.01,0,4.175,0.21,0.87675,10705,5409,0,-
13:28:50.104,snap,default,com.coolapk.market,discharging,1,29.8,45.3,100,95,1,17.31,0.08,0.01,14,4.171,0.452,1.8852919,14926,7764,0,-
13:28:51.109,snap,default,com.coolapk.market,discharging,1,29.8,47.3,100,95,1,17.31,0.08,0.01,22,4.168,0.377,1.5713362,14926,7764,0,-
13:28:52.107,snap,default,com.coolapk.market,discharging,1,29.8,47.7,100,95,1,17.98,0.07,0.18,22,4.163,0.683,2.8433292,21413,12889,0,-
13:28:53.108,snap,default,com.coolapk.market,discharging,1,29.8,47.7,100,95,1,17.98,0.07,0.18,26,4.145,0.64,2.6527998,21413,12889,0,-
13:28:54.108,snap,default,com.coolapk.market,discharging,1,29.8,47.7,100,95,1,18.16,0.05,0.15,11,4.168,0.47,1.95896,21413,12889,0,-
13:28:55.110,snap,default,com.coolapk.market,discharging,1,29.8,46.1,100,95,1,18.16,0.05,0.15,0,4.163,0.452,1.881676,15029,7797,0,-
13:28:56.108,snap,default,com.coolapk.market,discharging,1,29.8,44.9,100,95,1,16.86,0.04,0.12,0,4.177,0.199,0.831223,15029,7797,0,-
13:28:57.109,snap,default,com.coolapk.market,discharging,1,29.8,44.9,100,95,1,16.86,0.04,0.12,0,4.177,0.195,0.814515,5584,2148,0,-
13:28:58.111,snap,default,com.coolapk.market,discharging,1,29.8,44.9,100,95,1,17.07,0.03,0.1,0,4.18,0.304,1.2707199,5584,2148,0,-
13:28:59.111,snap,default,com.coolapk.market,discharging,1,29.7,45.3,100,95,1,17.07,0.03,0.1,16,4.158,0.462,1.9209961,15738,8637,0,-
13:29:00.110,snap,default,com.coolapk.market,discharging,1,29.7,45.3,100,95,1,16.87,0.03,0.08,16,4.177,0.333,1.390941,15738,8637,0,-
13:29:01.116,snap,default,com.coolapk.market,discharging,1,29.7,45.3,100,95,1,16.87,0.03,0.08,44,4.176,0.611,2.551536,15475,8812,0,-
13:29:02.115,snap,default,com.coolapk.market,discharging,1,29.7,44.9,100,95,1,16.35,0.02,0.06,44,4.157,0.348,1.446636,15475,8812,0,-
13:29:03.113,snap,default,com.coolapk.market,discharging,1,29.7,44.9,100,95,1,16.35,0.02,0.06,0,4.174,0.192,0.801408,6225,2793,0,-
13:29:04.115,snap,default,com.coolapk.market,discharging,1,29.7,46.5,100,95,1,16.83,0.02,0.05,0,4.178,0.348,1.453944,6225,2793,0,-
13:29:05.117,snap,default,com.coolapk.market,discharging,1,29.7,46.5,100,95,1,16.83,0.02,0.05,18,4.156,0.477,1.9824121,18805,10732,0,-
13:29:06.116,snap,default,com.coolapk.market,discharging,1,29.7,46.5,100,95,1,16.5,0.01,0.04,18,4.169,0.369,1.538361,18805,10732,0,-
13:29:07.116,snap,default,com.coolapk.market,discharging,1,29.7,45.3,100,95,1,16.5,0.01,0.04,14,4.178,0.394,1.646132,13019,7738,0,-
13:29:08.116,snap,default,com.coolapk.market,discharging,1,29.7,46.5,100,95,1,16.77,0.01,0.03,15,4.169,0.423,1.7634871,13019,7738,0,-
13:29:09.116,snap,default,com.coolapk.market,discharging,1,29.7,46.1,100,95,1,16.77,0.01,0.03,15,4.179,0.322,1.3456379,14811,8394,0,-
13:29:10.116,snap,default,com.coolapk.market,discharging,1,29.7,46.5,100,95,1,17.72,0.01,0.03,15,4.177,0.423,1.7668711,14811,8394,0,-
13:29:11.120,snap,default,com.coolapk.market,discharging,1,29.7,46.1,100,95,1,17.72,0.01,0.03,15,4.168,0.503,2.0965042,16445,9124,0,-
13:29:12.118,snap,default,com.coolapk.market,discharging,1,29.7,46.5,100,95,1,17.4,0,0.02,14,4.17,0.365,1.52205,16445,9124,0,-
13:29:13.118,snap,default,com.coolapk.market,discharging,1,29.7,48.5,100,95,1,17.4,0,0.02,30,4.175,0.477,1.9914751,19653,10974,0,-
13:29:14.116,snap,default,com.coolapk.market,discharging,1,29.7,48.9,100,95,1,18.24,0,1.1,30,4.142,0.81,3.3550203,19653,10974,0,-
13:29:15.117,snap,default,com.coolapk.market,discharging,1,29.7,48.9,100,95,1,18.24,0,1.1,24,4.165,0.618,2.5739698,15913,8058,0,-
13:29:16.120,snap,default,com.coolapk.market,discharging,1,29.7,48.9,100,95,1,17.83,0,0.9,25,4.162,0.611,2.542982,15913,8058,0,-
13:29:17.119,snap,default,com.coolapk.market,discharging,1,29.7,46.9,100,95,1,17.83,0,0.9,25,4.165,0.495,2.061675,11842,6485,0,-
13:29:18.119,snap,default,com.coolapk.market,discharging,1,29.7,46.5,100,95,1,16.77,0,0.74,0,4.173,0.22,0.91805995,11842,6485,0,-
13:29:19.121,snap,default,com.coolapk.market,discharging,1,29.6,46.5,100,95,1,16.77,0,0.74,22,4.176,0.437,1.8249121,11842,6485,0,-
13:29:20.118,snap,default,com.coolapk.market,discharging,1,29.6,46.9,100,95,1,17.54,0,0.6,20,4.161,0.687,2.8586068,15974,9470,0,-
13:29:21.120,snap,default,com.coolapk.market,discharging,1,29.6,46.9,100,95,1,17.54,0,0.6,20,4.16,0.333,1.38528,15974,9470,0,-
13:29:22.119,snap,default,com.coolapk.market,discharging,1,29.6,46.5,100,95,1,16.9,0,0.49,7,4.174,0.387,1.6153378,14743,7421,0,-
13:29:23.120,snap,default,com.coolapk.market,discharging,1,29.6,46.5,100,95,1,16.9,0,0.49,11,4.15,0.499,2.0708501,14743,7421,0,-
13:29:24.119,snap,default,com.coolapk.market,discharging,1,29.6,46.9,100,95,1,17.28,0,0.4,14,4.154,0.448,1.860992,17495,10002,0,-
13:29:25.120,snap,default,com.coolapk.market,discharging,1,29.6,46.9,100,95,1,17.28,0,0.4,14,4.156,0.431,1.791236,17495,10002,0,-
13:29:26.123,snap,default,com.coolapk.market,discharging,1,29.6,47.3,100,95,1,17.04,0,0.33,10,4.172,0.611,2.549092,17346,9457,0,-
13:29:27.121,snap,default,com.coolapk.market,discharging,1,29.6,47.3,100,95,1,17.04,0,0.33,14,4.163,0.491,2.044033,17346,9457,0,-
13:29:28.124,snap,default,com.coolapk.market,discharging,1,29.6,46.9,100,95,1,17.76,0,0.27,4,4.171,0.416,1.735136,17000,10084,0,-
13:29:29.134,snap,default,com.coolapk.market,discharging,1,29.6,46.9,100,95,1,17.76,0,0.27,0,4.174,0.402,1.677948,17000,10084,0,-
13:29:30.133,snap,default,com.coolapk.market,discharging,1,29.6,47.3,100,95,1,17.8,0,0.22,0,4.175,0.419,1.749325,14896,8021,0,-
13:29:31.139,snap,default,com.coolapk.market,discharging,1,29.6,48.1,100,95,1,17.8,0,0.22,19,4.176,0.491,2.050416,14896,8021,0,-
13:29:32.139,snap,default,com.coolapk.market,discharging,1,29.6,48.1,100,95,1,18.74,0,0.18,12,4.166,0.589,2.453774,20526,12460,0,-
13:29:33.136,snap,default,com.coolapk.market,discharging,1,29.6,48.5,100,95,1,18.74,0,0.18,8,4.164,0.416,1.7322241,20526,12460,0,-
13:29:34.136,snap,default,com.coolapk.market,discharging,1,29.6,46.9,100,95,1,19.15,0,0.14,8,4.166,0.499,2.078834,17610,9271,0,-
13:29:35.137,snap,default,com.coolapk.market,discharging,1,29.6,46.5,100,95,1,19.15,0,0.14,7,4.147,0.423,1.7541809,17610,9271,0,-
13:29:36.137,snap,default,com.coolapk.market,discharging,1,29.6,46.5,100,95,1,19.31,0,0.12,6,4.16,0.535,2.2256,18210,10409,0,-
13:29:37.140,snap,default,com.coolapk.market,discharging,1,29.6,45.7,100,95,1,19.31,0,0.12,14,4.16,0.543,2.25888,18210,10409,0,-
13:29:38.138,snap,default,com.coolapk.market,discharging,1,29.6,45.3,100,95,1,19.07,0.18,0.09,14,4.164,0.39,1.6239599,15310,8113,0,-
13:29:39.140,snap,default,com.coolapk.market,discharging,1,29.5,45.3,100,95,1,19.07,0.18,0.09,30,4.172,0.644,2.6867678,15310,8113,0,-
13:29:40.143,snap,default,com.coolapk.market,discharging,1,29.5,46.9,100,95,1,18.87,0.14,0.08,30,4.151,0.582,2.415882,17644,10175,0,-
13:29:41.138,snap,default,com.coolapk.market,discharging,1,29.5,46.9,100,95,1,18.87,0.14,0.08,26,4.165,0.466,1.94089,17644,10175,0,-
13:29:42.140,snap,default,com.coolapk.market,discharging,1,29.5,47.3,100,95,1,19.26,0.12,0.06,26,4.161,0.665,2.767065,20055,12290,0,-
13:29:43.140,snap,default,com.coolapk.market,discharging,1,29.5,47.3,100,95,1,19.26,0.12,0.06,20,4.166,0.495,2.06217,20055,12290,0,-
13:29:44.141,snap,default,com.coolapk.market,discharging,1,29.5,46.9,100,95,1,19.75,0.09,0.05,12,4.164,0.387,1.611468,15833,8373,0,-
13:29:45.146,snap,default,com.coolapk.market,discharging,1,29.5,46.9,100,95,1,19.75,0.09,0.05,12,4.175,0.412,1.7201,15833,8373,0,-
13:29:46.140,snap,default,com.coolapk.market,discharging,1,29.5,46.9,100,95,1,19.98,0.08,0.04,4,4.169,0.524,2.184556,15833,8373,0,-
13:29:47.141,snap,default,com.coolapk.market,discharging,1,29.5,46.9,100,95,1,19.98,0.08,0.04,7,4.168,0.481,2.0048082,21309,12562,0,-
13:29:48.142,snap,default,com.coolapk.market,discharging,1,29.5,46.5,100,95,1,20.16,0.06,0.03,12,4.166,0.517,2.153822,21309,12562,0,-
13:29:49.140,snap,default,com.coolapk.market,discharging,1,29.5,46.5,100,95,1,20.16,0.06,0.03,14,4.165,0.514,2.14081,19633,12140,0,-
13:29:50.144,snap,default,com.coolapk.market,discharging,1,29.5,46.9,100,95,1,20.31,0.05,0.02,10,4.161,0.506,2.105466,19633,12140,0,-
13:29:51.144,snap,default,com.coolapk.market,discharging,1,29.5,46.9,100,95,1,20.31,0.05,0.02,16,4.162,0.56,2.3307202,21981,13005,0,-
13:29:52.144,snap,default,com.coolapk.market,discharging,1,29.5,46.9,100,95,1,20.62,0.04,0.02,16,4.163,0.503,2.0939891,21981,13005,0,-
13:29:53.144,snap,default,com.coolapk.market,discharging,1,29.5,46.9,100,95,1,20.62,0.04,0.02,14,4.165,0.423,1.761795,19655,10947,0,-
13:29:54.144,snap,default,com.coolapk.market,discharging,1,29.5,46.9,100,95,1,20.51,0.03,0.01,14,4.169,0.477,1.988613,19655,10947,0,-
13:29:55.144,snap,default,com.coolapk.market,discharging,1,29.5,46.9,100,95,1,20.51,0.03,0.01,14,4.163,0.434,1.806742,16571,9088,0,-
13:29:56.144,snap,default,com.coolapk.market,discharging,1,29.5,47.3,100,95,1,20.59,0.02,0.01,21,4.144,0.539,2.2336159,16571,9088,0,-
13:29:57.144,snap,default,com.coolapk.market,discharging,1,29.5,47.7,100,95,1,20.59,0.02,0.01,22,4.162,0.528,2.197536,21911,13421,0,-
13:29:58.145,snap,default,com.coolapk.market,discharging,1,29.5,48.1,100,95,1,20.49,0.02,0.01,19,4.164,0.586,2.440104,21911,13421,0,-
13:29:59.145,snap,default,com.coolapk.market,discharging,1,29.5,48.1,100,95,1,20.49,0.02,0.01,19,4.16,0.557,2.3171198,19496,11791,0,-
13:30:00.145,snap,default,com.coolapk.market,discharging,1,29.5,47.3,100,95,1,20.4,0.01,0,23,4.162,0.437,1.8187941,19496,11791,0,-
13:30:01.147,snap,default,com.coolapk.market,discharging,1,29.5,47.3,100,95,1,20.4,0.01,0,0,4.168,0.344,1.4337921,15719,8504,0,-
13:30:02.147,snap,default,com.coolapk.market,discharging,1,29.5,46.1,100,95,1,19.42,0.01,0,18,4.171,0.369,1.539099,15719,8504,0,-
13:30:03.145,snap,default,com.coolapk.market,discharging,1,29.5,46.1,100,95,1,19.42,0.01,0,18,4.161,0.477,1.9847969,17049,9624,0,-
13:30:04.145,snap,default,com.coolapk.market,discharging,1,29.5,46.1,100,95,1,19.7,0.01,0,21,4.163,0.419,1.744297,17049,9624,0,-
13:30:05.145,snap,default,com.coolapk.market,discharging,1,29.5,46.9,100,95,1,19.7,0.01,0,25,4.163,0.543,2.260509,17444,10245,0,-
13:30:06.147,snap,default,com.coolapk.market,discharging,1,29.5,48.5,100,95,1,20.12,0,0,31,4.174,0.705,2.9426699,17444,10245,0,-
13:30:07.146,snap,default,com.coolapk.market,discharging,1,29.5,48.5,100,95,1,20.12,0,0,31,4.161,0.441,1.835001,21473,12929,0,-
13:30:08.146,snap,default,com.coolapk.market,discharging,1,29.5,48.5,100,95,1,20.46,0,0,25,4.152,0.762,3.163824,21473,12929,0,-
13:30:09.154,snap,default,com.coolapk.market,discharging,1,29.4,48.1,100,95,1,20.46,0,0,34,4.162,0.611,2.542982,20279,11973,0,-
13:30:10.149,snap,default,com.coolapk.market,discharging,1,29.4,47.7,100,95,1,20.37,0,0,19,4.169,0.499,2.080331,20279,11973,0,-
13:30:11.151,snap,default,com.coolapk.market,discharging,1,29.4,46.9,100,95,1,20.37,0,0,19,4.162,0.362,1.506644,13127,7660,0,-
13:30:12.151,snap,default,com.coolapk.market,discharging,1,29.4,46.1,100,95,1,19.04,0,0,0,4.176,0.178,0.74332803,13127,7660,0,-
13:30:13.153,snap,default,com.coolapk.market,discharging,1,29.4,44.2,100,95,1,19.04,0,0,0,4.176,0.17,0.70992005,13127,7660,0,-
13:30:14.153,snap,default,com.coolapk.market,discharging,1,29.4,44.2,100,95,1,17.58,0,0,0,4.177,0.3,1.2531,4373,1740,0,-
13:30:15.154,snap,default,com.coolapk.market,discharging,1,29.4,47.2,100,95,1,17.58,0,0,14,4.169,0.615,2.563935,4373,1740,0,-
13:30:16.153,snap,default,com.coolapk.market,discharging,1,29.4,49.3,100,95,1,18.92,0,0,28,4.143,0.557,2.307651,21951,13406,0,-
13:30:17.154,snap,default,com.coolapk.market,discharging,1,29.4,49.3,100,95,1,18.92,0,0,19,4.162,0.676,2.813512,21951,13406,0,-
13:30:18.155,snap,default,com.coolapk.market,discharging,1,29.4,50.1,100,95,1,19.48,0,0,33,4.15,0.835,3.46525,23078,13187,0,-
13:30:19.156,snap,default,com.coolapk.market,discharging,1,29.4,50.1,100,95,1,19.48,0,0,33,4.15,0.835,3.46525,23078,13187,0,-
13:30:20.157,snap,default,com.coolapk.market,discharging,1,29.4,48.1,100,95,1,19.48,0,0,22,4.153,0.632,2.624696,21261,12521,0,-
13:30:21.156,snap,default,com.coolapk.market,discharging,1,29.4,48.1,100,95,1,19.57,0,0,16,4.173,0.408,1.7025839,21261,12521,0,-
13:30:22.156,snap,default,com.coolapk.market,discharging,1,29.4,48.5,100,95,1,19.57,0,0,23,4.152,0.687,2.852424,20812,12409,0,-
13:30:23.164,snap,default,com.coolapk.market,discharging,1,29.4,48.5,100,95,1,20.01,0,0,26,4.169,0.661,2.7557092,20812,12409,0,-
13:30:24.158,snap,default,com.coolapk.market,discharging,1,29.4,47.7,100,95,1,20.01,0,0,26,4.166,0.589,2.453774,21531,11675,0,-
13:30:25.157,snap,default,com.coolapk.market,discharging,1,29.4,47.7,100,95,1,20.19,0.18,0,22,4.172,0.477,1.990044,21531,11675,0,-
13:30:26.159,snap,default,com.coolapk.market,discharging,1,29.4,47.3,100,95,1,20.19,0.18,0,19,4.169,0.434,1.809346,18833,10168,0,-
13:30:27.159,snap,default,com.coolapk.market,discharging,1,29.4,47.3,100,95,1,19.61,0.14,0,19,4.162,0.506,2.105972,18833,10168,0,-
13:30:28.158,snap,default,com.coolapk.market,discharging,1,29.4,47.3,100,95,1,19.61,0.14,0,20,4.165,0.506,2.1074898,17276,9232,0,-
13:30:29.159,snap,default,com.coolapk.market,discharging,1,29.4,46.9,100,95,1,19.32,0.12,0,0,4.166,0.336,1.399776,17276,9232,0,-
13:30:30.160,snap,default,com.coolapk.market,discharging,1,29.4,46.9,100,95,1,19.32,0.12,0,15,4.161,0.416,1.730976,18352,10094,0,-
13:30:31.159,snap,default,com.coolapk.market,discharging,1,29.4,46.9,100,95,1,19.62,0.09,0,18,4.165,0.477,1.986705,18352,10094,0,-
13:30:32.158,snap,default,com.coolapk.market,discharging,1,29.4,47.3,100,95,1,19.62,0.09,0,18,4.173,0.474,1.978002,17445,10040,0,-
13:30:33.159,snap,default,com.coolapk.market,discharging,1,29.4,47.7,100,95,1,19.51,0.08,0,20,4.174,0.481,2.007694,17445,10040,0,-
13:30:34.160,snap,default,com.coolapk.market,discharging,1,29.4,47.7,100,95,1,19.51,0.08,0,26,4.155,0.402,1.6703101,19041,11521,0,-
13:30:35.161,snap,default,com.coolapk.market,discharging,1,29.4,47.3,100,95,1,19.42,0.06,0,28,4.141,0.698,2.8904178,19041,11521,0,-
13:30:36.160,snap,default,com.coolapk.market,discharging,1,29.4,47.3,100,95,1,19.42,0.06,0,25,4.165,0.47,1.9575499,17270,10743,0,-
13:30:37.161,snap,default,com.coolapk.market,discharging,1,29.4,46.9,100,95,1,19.7,0.05,0,23,4.166,0.593,2.470438,17270,10743,0,-
13:30:38.161,snap,default,com.coolapk.market,discharging,1,29.4,46.1,100,95,1,19.7,0.05,0,0,4.16,0.474,1.9718399,17270,10743,0,-
13:30:39.164,snap,default,com.coolapk.market,discharging,1,29.4,46.1,100,95,1,19.21,0.04,0,0,4.154,0.354,1.470516,13946,7370,0,-
13:30:40.163,snap,default,com.coolapk.market,discharging,1,29.4,46.5,100,95,1,19.21,0.04,0,20,4.17,0.373,1.55541,13946,7370,0,-
13:30:41.163,snap,default,com.coolapk.market,discharging,1,29.4,46.5,100,95,1,18.45,0.03,0,0,4.174,0.373,1.5569019,15600,8630,0,-
13:30:42.163,snap,default,com.coolapk.market,discharging,1,29.4,46.5,100,95,1,18.45,0.03,0,23,4.163,0.351,1.4612131,15600,8630,0,-
13:30:43.162,snap,default,com.coolapk.market,discharging,1,29.4,47.7,100,95,1,18.37,0.02,0,0,4.173,0.51,2.1282299,16212,9075,0,-
13:30:44.163,snap,default,com.coolapk.market,discharging,1,29.4,48.1,100,95,1,18.37,0.02,0,21,4.165,0.564,2.34906,16212,9075,0,-
13:30:45.164,snap,default,com.coolapk.market,discharging,1,29.4,48.1,100,95,1,19.02,0.02,0,26,4.159,0.625,2.599375,23556,13827,0,-
13:30:46.163,snap,default,com.coolapk.market,discharging,1,29.4,47.3,100,95,1,19.02,0.02,0,26,4.146,0.673,2.790258,23556,13827,0,-
13:30:47.164,snap,default,com.coolapk.market,discharging,1,29.4,47.3,100,95,1,19.38,0.01,0,18,4.172,0.434,1.810648,17315,9639,0,-
13:30:48.164,snap,default,com.coolapk.market,discharging,1,29.4,48.1,100,95,1,19.38,0.01,0,18,4.172,0.622,2.5949838,17315,9639,0,-
13:30:49.164,snap,default,com.coolapk.market,discharging,1,29.3,48.5,100,95,1,19.31,0.01,0,47,4.149,0.557,2.310993,18833,11136,0,-
13:30:50.164,snap,default,com.coolapk.market,discharging,1,29.3,48.5,100,95,1,19.31,0.01,0,21,4.158,0.51,2.12058,18833,11136,0,-
13:30:51.167,snap,default,com.coolapk.market,discharging,1,29.3,48.5,100,95,1,20.16,0.01,0,21,4.16,0.618,2.5708797,24042,13726,0,-
13:30:52.165,snap,default,com.coolapk.market,discharging,1,29.3,47.7,100,95,1,20.16,0.01,0,21,4.144,0.51,2.11344,24042,13726,0,-
13:30:53.166,snap,default,com.coolapk.market,discharging,1,29.3,48.5,100,95,1,20.31,0.55,0.36,21,4.167,0.477,1.9876589,19395,10738,0,-
13:30:54.164,snap,default,com.coolapk.market,discharging,1,29.3,47.7,100,95,1,20.31,0.55,0.36,18,4.172,0.462,1.927464,19395,10738,0,-
13:30:55.164,snap,default,com.coolapk.market,discharging,1,29.3,48.1,100,95,1,20.43,0.45,0.29,23,4.157,0.564,2.344548,20711,11804,0,-
13:30:56.167,snap,default,com.coolapk.market,discharging,1,29.3,47.7,100,95,1,20.43,0.45,0.29,19,4.158,0.52,2.16216,20711,11804,0,-
13:30:57.165,snap,default,com.coolapk.market,discharging,1,29.3,48.1,100,95,1,20.35,0.37,0.24,16,4.168,0.539,2.246552,20905,11937,0,-
13:30:58.166,snap,default,com.coolapk.market,discharging,1,29.3,48.5,100,95,1,20.35,0.37,0.24,27,4.164,0.445,1.85298,20905,11937,0,-
13:30:59.166,snap,default,com.coolapk.market,discharging,1,29.3,48.5,100,95,1,20.29,0.3,0.19,24,4.135,0.705,2.9151752,17906,11677,0,-
13:31:00.172,snap,default,com.coolapk.market,discharging,1,29.3,47.3,100,95,1,20.29,0.3,0.19,23,4.159,0.545,2.266655,17906,11677,0,-
13:31:01.166,snap,default,com.coolapk.market,discharging,1,29.3,46.9,100,95,1,20.42,0.24,0.16,15,4.163,0.495,2.0606852,15844,9282,0,-
13:31:02.168,snap,default,com.coolapk.market,discharging,1,29.3,46.9,100,95,1,20.42,0.24,0.16,9,4.158,0.416,1.729728,15844,9282,0,-
13:31:03.167,snap,default,com.coolapk.market,discharging,1,29.3,46.9,100,95,1,19.98,0.2,0.13,0,4.166,0.437,1.820542,17882,10118,0,-
13:31:04.168,snap,default,com.coolapk.market,discharging,1,29.3,46.9,100,95,1,19.98,0.2,0.13,21,4.157,0.456,1.895592,17882,10118,0,-
13:31:05.168,snap,default,com.coolapk.market,discharging,1,29.3,46.9,100,95,1,19.62,0.16,0.1,25,4.167,0.377,1.570959,17882,10118,0,-
13:31:06.169,snap,default,com.coolapk.market,discharging,1,29.3,49.3,100,95,1,19.62,0.16,0.1,0,4.132,0.632,2.6114242,19361,11394,0,-
13:31:07.169,snap,default,com.coolapk.market,discharging,1,29.3,48.1,100,95,1,19.87,0.13,0.08,22,4.156,0.466,1.936696,19361,11394,0,-
13:31:08.169,snap,default,com.coolapk.market,discharging,1,29.3,48.1,100,95,1,19.87,0.13,0.08,43,4.16,0.766,3.1865597,20800,12684,0,-
13:31:09.172,snap,default,com.coolapk.market,discharging,1,29.3,46.1,100,95,1,20.07,0.11,0.07,43,4.152,0.488,2.026176,20800,12684,0,-
13:31:10.171,snap,default,com.coolapk.market,discharging,1,29.3,44.9,100,95,1,20.07,0.11,0.07,0,4.166,0.224,0.933184,7870,3651,0,-
13:31:11.172,snap,default,com.coolapk.market,discharging,1,29.3,44.9,100,95,1,18.25,0.09,0.05,0,4.174,0.199,0.83062595,7870,3651,0,-
13:31:12.174,snap,default,com.coolapk.market,discharging,1,29.3,43.8,100,95,1,18.25,0.09,0.05,0,4.174,0.163,0.680362,4090,1497,0,-
13:31:13.173,snap,default,com.coolapk.market,discharging,1,29.3,43.8,100,95,1,16.39,0.07,0.04,0,4.173,0.17,0.70941,4090,1497,0,-
13:31:14.172,snap,default,com.coolapk.market,discharging,1,29.3,43.8,100,95,1,16.39,0.07,0.04,0,4.176,0.17,0.70992005,5077,2231,0,-
13:31:15.173,snap,default,com.coolapk.market,discharging,1,29.3,44.6,100,95,1,15.23,0.06,0.03,0,4.174,0.217,0.9057579,5077,2231,0,-
13:31:16.176,snap,default,com.coolapk.market,discharging,1,29.3,44.6,100,95,1,15.23,0.06,0.03,0,4.176,0.319,1.332144,10060,5390,0,-
13:31:17.176,snap,default,com.coolapk.market,discharging,1,29.3,44.6,100,95,1,15.01,0.04,0.03,0,4.159,0.275,1.143725,10060,5390,0,-
13:31:18.175,snap,default,com.coolapk.market,discharging,1,29.3,44.6,100,95,1,14.64,0.03,0.02,18,4.172,0.178,0.742616,9450,5325,0,-
13:31:19.175,snap,default,com.coolapk.market,discharging,1,29.3,44.6,100,95,1,14.64,0.03,0.02,18,4.175,0.416,1.7368001,9450,5325,0,-
13:31:20.175,snap,default,com.coolapk.market,discharging,1,29.3,46.5,100,95,1,15.43,0.03,0.02,24,4.149,0.268,1.111932,16925,9952,0,-
13:31:21.177,snap,default,com.coolapk.market,discharging,1,29.3,46.9,100,95,1,15.43,0.03,0.02,21,4.17,0.647,2.6979902,16925,9952,0,-
13:31:22.176,snap,default,com.coolapk.market,discharging,1,29.3,48.5,100,95,1,16.62,0.02,0.01,21,4.159,0.528,2.195952,22216,12923,0,-
13:31:23.176,snap,default,com.coolapk.market,discharging,1,29.3,48.5,100,95,1,16.62,0.02,0.01,20,4.163,0.543,2.260509,22216,12923,0,-
13:31:24.178,snap,default,com.coolapk.market,discharging,1,29.3,46.5,100,95,1,17.05,0.02,0.01,18,4.146,0.545,2.2595701,19236,10611,0,-
13:31:25.177,snap,default,com.coolapk.market,discharging,1,29.3,46.5,100,95,1,17.05,0.02,0.01,17,4.158,0.441,1.833678,19236,10611,0,-
13:31:26.178,snap,default,com.coolapk.market,discharging,1,29.3,46.5,100,95,1,17.4,0.01,0.01,17,4.167,0.348,1.4501159,18511,10589,0,-
13:31:27.177,snap,default,com.coolapk.market,discharging,1,29.3,46.9,100,95,1,17.4,0.01,0.01,20,4.166,0.52,2.1663198,18511,10589,0,-
13:31:28.178,snap,default,com.coolapk.market,discharging,1,29.3,47.3,100,95,1,17.69,0.01,0,17,4.166,0.535,2.22881,19154,10782,0,-
13:31:29.179,snap,default,com.coolapk.market,discharging,1,29.2,46.9,100,95,1,17.69,0.01,0,18,4.169,0.485,2.021965,19154,10782,0,-
13:31:30.181,snap,default,com.coolapk.market,discharging,1,29.2,46.5,100,95,1,18.11,0.01,0,22,4.171,0.462,1.9270021,19154,10782,0,-
13:31:31.178,snap,default,com.coolapk.market,discharging,1,29.2,46.5,100,95,1,18.11,0.01,0,22,4.166,0.51,2.12466,21175,12272,0,-
13:31:32.179,snap,default,com.coolapk.market,discharging,1,29.2,46.5,100,95,1,18.63,0,0,21,4.158,0.532,2.212056,21175,12272,0,-
13:31:33.181,snap,default,com.coolapk.market,discharging,1,29.2,46.1,100,95,1,18.63,0,0,21,4.161,0.456,1.8974159,16683,9136,0,-
13:31:34.179,snap,default,com.coolapk.market,discharging,1,29.2,46.1,100,95,1,18.88,0,0,15,4.17,0.52,2.1684,16683,9136,0,-
13:31:35.179,snap,default,com.coolapk.market,discharging,1,29.2,46.9,100,95,1,18.88,0,0,7,4.167,0.532,2.2168438,21119,12084,0,-
13:31:36.180,snap,default,com.coolapk.market,discharging,1,29.2,46.9,100,95,1,18.72,0,0,5,4.16,0.491,2.0425599,21119,12084,0,-
13:31:37.180,snap,default,com.coolapk.market,discharging,1,29.2,46.1,100,95,1,18.72,0,0,0,4.163,0.383,1.594429,14491,8328,0,-
13:31:38.181,snap,default,com.coolapk.market,discharging,1,29.2,46.1,100,95,1,18.95,0,0,12,4.172,0.528,2.202816,14491,8328,0,-
13:31:39.183,snap,default,com.coolapk.market,discharging,1,29.2,46.1,100,95,1,18.95,0,0,14,4.163,0.481,2.002403,19344,10987,0,-
13:31:40.187,snap,default,com.coolapk.market,discharging,1,29.2,44.9,100,95,1,18.6,0,0,14,4.17,0.243,1.0133101,19344,10987,0,-
13:31:41.186,snap,default,com.coolapk.market,discharging,1,29.2,44.9,100,95,1,18.6,0,0,13,4.167,0.51,2.1251698,15004,7673,0,-
13:31:42.183,snap,default,com.coolapk.market,discharging,1,29.2,44.9,100,95,1,18.67,0,0,13,4.162,0.319,1.3276781,15004,7673,0,-
13:31:43.187,snap,default,com.coolapk.market,discharging,1,29.2,45.3,100,95,1,18.67,0,0,13,4.166,0.416,1.733056,13851,7882,0,-
13:31:44.184,snap,default,com.coolapk.market,discharging,1,29.2,45.7,100,95,1,19.09,0,0,6,4.152,0.431,1.7895119,13851,7882,0,-
13:31:45.183,snap,default,com.coolapk.market,discharging,1,29.2,45.7,100,95,1,19.09,0,0,15,4.16,0.47,1.9552,19191,11612,0,-
13:31:46.184,snap,default,com.coolapk.market,discharging,1,29.2,45.7,100,95,1,19.98,0,0,15,4.165,0.441,1.836765,19191,11612,0,-
13:31:47.184,snap,default,com.coolapk.market,discharging,1,29.2,46.1,100,95,1,19.98,0,0,8,4.159,0.477,1.983843,19649,10778,0,-
13:31:48.184,snap,default,com.coolapk.market,discharging,1,29.2,46.1,100,95,1,20.16,0,0,7,4.164,0.477,1.986228,19649,10778,0,-
13:31:49.185,snap,default,com.coolapk.market,discharging,1,29.2,46.5,100,95,1,20.16,0,0,6,4.164,0.517,2.1527882,19240,11693,0,-
13:31:50.185,snap,default,com.coolapk.market,discharging,1,29.2,46.5,100,95,1,20.31,0,0,12,4.159,0.535,2.225065,19240,11693,0,-
13:31:51.191,snap,default,com.coolapk.market,discharging,1,29.2,46.9,100,95,1,20.31,0,0,13,4.155,0.51,2.11905,21652,12771,0,-
13:31:52.186,snap,default,com.coolapk.market,discharging,1,29.2,46.9,100,95,1,20.98,0,0,12,4.165,0.574,2.3907099,21652,12771,0,-
13:31:53.186,snap,default,com.coolapk.market,discharging,1,29.2,47.3,100,95,1,20.98,0,0,13,4.161,0.568,2.363448,26216,15706,0,-
13:31:54.187,snap,default,com.coolapk.market,discharging,1,29.2,47.3,100,95,1,21.53,0,0,19,4.138,0.64,2.64832,26216,15706,0,-
13:31:55.188,snap,default,com.coolapk.market,discharging,1,29.2,46.9,100,95,1,21.53,0,0,19,4.167,0.437,1.820979,18374,10128,0,-
13:31:56.187,snap,default,com.coolapk.market,discharging,1,29.2,46.9,100,95,1,21.79,0,0,6,4.171,0.535,2.2314851,18374,10128,0,-
13:31:57.187,snap,default,com.coolapk.market,discharging,1,29.2,46.9,100,95,1,21.79,0,0,9,4.151,0.488,2.025688,18374,10128,0,-
13:31:58.189,snap,default,com.coolapk.market,discharging,1,29.2,46.5,100,95,1,21.47,0,0,5,4.163,0.474,1.9732621,17983,10915,0,-
13:31:59.189,snap,default,com.coolapk.market,discharging,1,29.2,46.1,100,95,1,21.47,0,0,7,4.161,0.445,1.8516449,17983,10915,0,-
13:32:00.189,snap,default,com.coolapk.market,discharging,1,29.2,46.5,100,95,1,21.38,0,0,7,4.158,0.431,1.7920979,15563,9406,0,-
13:32:01.188,snap,default,com.coolapk.market,discharging,1,29.2,48.1,100,95,1,21.38,0,0,15,4.142,0.787,3.2597542,15563,9406,0,-
13:32:02.190,snap,default,com.coolapk.market,discharging,1,29.2,48.1,100,95,1,21.49,0,0,32,4.162,0.495,2.0601902,19676,12565,0,-
13:32:03.190,snap,default,com.coolapk.market,discharging,1,29.2,47.3,100,95,1,21.49,0,0,24,4.153,0.586,2.4336581,19676,12565,0,-
13:32:04.191,snap,default,com.coolapk.market,discharging,1,29.2,47.3,100,95,1,21.4,0,0,24,4.166,0.543,2.262138,18734,11628,0,-
13:32:05.189,snap,default,com.coolapk.market,discharging,1,29.2,48.1,100,95,1,21.4,0,0,18,4.166,0.636,2.649576,18734,11628,0,-
13:32:06.189,snap,default,com.coolapk.market,discharging,1,29.2,48.1,100,95,1,21.69,0,0,16,4.164,0.524,2.181936,22971,13413,0,-
13:32:07.190,snap,default,com.coolapk.market,discharging,1,29.2,47.3,100,95,1,21.69,0,0,16,4.16,0.488,2.0300798,22971,13413,0,-
13:32:08.192,snap,default,com.coolapk.market,discharging,1,29.2,46.9,100,95,1,21.02,0,0,13,4.149,0.369,1.5309811,15650,8412,0,-
13:32:09.192,snap,default,com.coolapk.market,discharging,1,29.1,46.5,100,95,1,21.02,0,0,13,4.156,0.38,1.57928,15650,8412,0,-
13:32:10.194,snap,default,com.coolapk.market,discharging,1,29.1,46.5,100,95,1,20.29,0,0,24,4.167,0.603,2.5127008,16785,9212,0,-
13:32:11.195,snap,default,com.coolapk.market,discharging,1,29.1,46.5,100,95,1,20.29,0,0,24,4.152,0.412,1.710624,16785,9212,0,-
13:32:12.191,snap,default,com.coolapk.market,discharging,1,29.1,46.5,100,95,1,19.69,0.18,0,24,4.158,0.416,1.729728,14611,7600,0,-
13:32:13.195,snap,default,com.coolapk.market,discharging,1,29.1,46.9,100,95,1,19.69,0.18,0,26,4.166,0.405,1.68723,14611,7600,0,-
13:32:14.193,snap,default,com.coolapk.market,discharging,1,29.1,46.9,100,95,1,20.65,0.14,0,17,4.158,0.651,2.7068582,22845,14172,0,-
13:32:15.194,snap,default,com.coolapk.market,discharging,1,29.1,46.9,100,95,1,20.65,0.14,0,12,4.159,0.532,2.212588,22845,14172,0,-
13:32:16.195,snap,default,com.coolapk.market,discharging,1,29.1,46.9,100,95,1,20.72,0.12,0,17,4.158,0.535,2.2245302,21264,12490,0,-
13:32:17.197,snap,default,com.coolapk.market,discharging,1,29.1,46.1,100,95,1,20.72,0.12,0,13,4.161,0.47,1.9556699,21264,12490,0,-
13:32:18.195,snap,default,com.coolapk.market,discharging,1,29.1,46.1,100,95,1,20.59,0.09,0,11,4.161,0.47,1.9556699,18499,9995,0,-
13:32:19.195,snap,default,com.coolapk.market,discharging,1,29.1,46.9,100,95,1,20.59,0.09,0,12,4.163,0.514,2.139782,18499,9995,0,-
13:32:20.195,snap,default,com.coolapk.market,discharging,1,29.1,46.9,100,95,1,20.66,0.08,0,12,4.147,0.665,2.757755,21673,12519,0,-
13:32:21.197,snap,default,com.coolapk.market,discharging,1,29.1,47.7,100,95,1,20.66,0.08,0,12,4.155,0.474,1.9694701,21673,12519,0,-
13:32:22.197,snap,default,com.coolapk.market,discharging,1,29.1,46.9,100,95,1,21.99,1.51,1.44,13,4.154,0.759,3.152886,22186,10637,0,-
13:32:23.198,snap,default,com.coolapk.market,discharging,1,29.1,48.1,100,95,1,21.99,1.51,1.44,13,4.136,0.603,2.494008,22186,10637,0,-
13:32:24.197,snap,default,com.coolapk.market,discharging,1,29.1,48.1,100,95,1,22.53,2.5,2.27,7,4.159,0.488,2.029592,22186,10637,0,-
13:32:25.197,snap,default,com.coolapk.market,discharging,1,29.1,48.1,100,95,1,22.53,2.5,2.27,8,4.165,0.557,2.3199048,20501,11048,0,-
13:32:26.199,snap,default,com.coolapk.market,discharging,1,29.1,47.7,100,95,1,22.62,2.05,1.86,8,4.143,0.625,2.589375,20501,11048,0,-
13:32:27.198,snap,default,com.coolapk.market,discharging,1,29.1,46.9,100,95,1,22.62,2.05,1.86,7,4.157,0.532,2.211524,22541,12851,0,-
13:32:28.198,snap,default,com.coolapk.market,discharging,1,29.1,46.9,100,95,1,22.69,1.68,1.52,7,4.161,0.506,2.105466,22541,12851,0,-
13:32:29.200,snap,default,com.coolapk.market,discharging,1,29.1,46.9,100,95,1,22.69,1.68,1.52,7,4.155,0.543,2.256165,21355,12414,0,-
13:32:30.199,snap,default,com.coolapk.market,discharging,1,29.1,46.9,100,95,1,22.38,1.37,1.24,22,4.161,0.553,2.3010328,21355,12414,0,-
13:32:31.202,snap,default,com.coolapk.market,discharging,1,29.1,46.5,100,95,1,22.38,1.37,1.24,22,4.14,0.64,2.6495998,20227,12405,0,-
13:32:32.199,snap,default,com.coolapk.market,discharging,1,29.1,48.1,100,95,1,21.77,1.12,1.02,23,4.161,0.448,1.864128,20227,12405,0,-
13:32:33.200,snap,default,com.coolapk.market,discharging,1,29.1,48.1,100,95,1,21.77,1.12,1.02,19,4.152,0.574,2.383248,18430,11511,0,-
13:32:34.200,snap,default,com.coolapk.market,discharging,1,29.1,48.5,100,95,1,21.63,0.92,0.83,23,4.153,0.535,2.221855,18430,11511,0,-
13:32:35.204,snap,default,com.coolapk.market,discharging,1,29.1,48.5,100,95,1,21.63,0.92,0.83,0,4.166,0.282,1.174812,14933,8546,0,-
13:32:36.201,snap,default,com.coolapk.market,discharging,1,29.1,46.9,100,95,1,21.63,0.92,0.83,0,4.166,0.282,1.174812,14933,8546,0,-
13:32:37.201,snap,default,com.coolapk.market,discharging,1,29.1,46.5,100,95,1,20.61,0.75,0.68,21,4.143,0.448,1.8560641,18789,11207,0,-
13:32:38.201,snap,default,com.coolapk.market,discharging,1,29.1,46.9,100,95,1,20.61,0.75,0.68,27,4.163,0.56,2.33128,18789,11207,0,-
13:32:39.201,snap,default,com.coolapk.market,discharging,1,29.1,47.3,100,95,1,20.86,0.79,0.74,0,4.158,0.658,2.735964,21557,12479,0,-
13:32:40.203,snap,default,com.coolapk.market,discharging,1,29.1,48.1,100,95,1,20.86,0.79,0.74,22,4.147,0.654,2.712138,21557,12479,0,-
13:32:41.201,snap,default,com.coolapk.market,discharging,1,29.1,47.7,100,95,1,20.88,0.83,0.6,23,4.165,0.539,2.2449348,22992,13519,0,-
13:32:42.201,snap,default,com.coolapk.market,discharging,1,29.1,47.7,100,95,1,20.88,0.83,0.6,16,4.161,0.651,2.708811,22992,13519,0,-
13:32:43.201,snap,default,com.coolapk.market,discharging,1,29.1,47.7,100,95,1,21.27,0.68,0.49,18,4.167,0.615,2.562705,24295,13770,0,-
13:32:44.202,snap,default,com.coolapk.market,discharging,1,29.1,48.5,100,95,1,21.27,0.68,0.49,33,4.149,0.69,2.8628101,24295,13770,0,-
13:32:45.203,snap,default,com.coolapk.market,discharging,1,29.1,48.5,100,95,1,21.76,0.56,0.4,33,4.136,0.874,3.614864,22813,13301,0,-
13:32:46.204,snap,default,com.coolapk.market,discharging,1,29.1,48.5,100,95,1,21.76,0.56,0.4,26,4.149,0.625,2.593125,22813,13301,0,-
13:32:47.205,snap,default,com.coolapk.market,discharging,1,29.1,48.1,100,95,1,21.8,0.45,0.33,26,4.149,0.586,2.4313142,19608,11203,0,-
13:32:48.205,snap,default,com.coolapk.market,discharging,1,29.1,46.5,100,95,1,21.8,0.45,0.33,23,4.157,0.46,1.9122201,19608,11203,0,-
13:32:49.206,snap,default,com.coolapk.market,discharging,1,29.1,46.5,100,95,1,21.48,0.37,0.27,22,4.154,0.481,1.9980739,19608,11203,0,-
13:32:50.206,snap,default,com.coolapk.market,discharging,1,29.1,46.5,100,95,1,21.48,0.37,0.27,22,4.153,0.553,2.296609,19772,11180,0,-
13:32:51.207,snap,default,com.coolapk.market,discharging,1,29.1,46.5,100,95,1,21.21,0.3,0.4,27,4.15,0.586,2.4319003,19772,11180,0,-
13:32:52.207,snap,default,com.coolapk.market,discharging,1,29.1,46.5,100,95,1,21.21,0.3,0.4,22,4.166,0.445,1.8538699,18511,10431,0,-
13:32:53.209,snap,default,com.coolapk.market,discharging,1,29.1,46.5,100,95,1,20.62,0.25,0.33,19,4.149,0.481,1.9956691,18511,10431,0,-
13:32:54.208,snap,default,com.coolapk.market,discharging,1,29.1,46.1,100,95,1,20.62,0.25,0.33,19,4.148,0.481,1.9951879,14767,7994,0,-
13:32:55.210,snap,default,com.coolapk.market,discharging,1,29.1,46.1,100,95,1,19.6,0.2,0.27,0,4.168,0.246,1.025328,14767,7994,0,-
13:32:56.208,snap,default,com.coolapk.market,discharging,1,29.1,46.5,100,95,1,19.6,0.2,0.27,23,4.158,0.557,2.316006,19796,11811,0,-
13:32:57.209,snap,default,com.coolapk.market,discharging,1,29.1,46.9,100,95,1,20.58,0.16,0.22,23,4.15,0.622,2.5813,19796,11811,0,-
13:32:58.208,snap,default,com.coolapk.market,discharging,1,29.1,48.1,100,95,1,20.58,0.16,0.22,23,4.153,0.543,2.2550788,21697,12707,0,-
13:32:59.208,snap,default,com.coolapk.market,discharging,1,29.1,48.1,100,95,1,20.84,0.13,0.18,13,4.165,0.539,2.2449348,21697,12707,0,-
13:33:00.213,snap,default,com.coolapk.market,discharging,1,29.1,48.1,100,95,1,20.84,0.13,0.18,13,4.161,0.586,2.438346,21356,12163,0,-
13:33:01.211,snap,default,com.coolapk.market,discharging,1,29.1,47.7,100,95,1,21.05,0.11,0.14,11,4.155,0.499,2.0733452,21356,12163,0,-
13:33:02.210,snap,default,com.coolapk.market,discharging,1,29.1,47.7,100,95,1,21.05,0.11,0.14,13,4.153,0.589,2.446117,22938,13210,0,-
13:33:03.212,snap,default,com.coolapk.market,discharging,1,29.1,47.3,100,95,1,21.04,0.09,0.12,14,4.157,0.603,2.506671,22938,13210,0,-
13:33:04.211,snap,default,com.coolapk.market,discharging,1,29.1,47.3,100,95,1,21.04,0.09,0.12,13,4.162,0.481,2.0019221,20491,11203,0,-
13:33:05.213,snap,default,com.coolapk.market,discharging,1,29.1,46.9,100,95,1,20.67,0.07,0.09,13,4.147,0.647,2.683109,20491,11203,0,-
13:33:06.213,snap,default,com.coolapk.market,discharging,1,29.1,46.9,100,95,1,20.67,0.07,0.09,13,4.156,0.503,2.0904682,20655,11278,0,-
13:33:07.212,snap,default,com.coolapk.market,discharging,1,29.1,46.5,100,95,1,20.55,0.06,0.08,13,4.156,0.52,2.16112,20655,11278,0,-
13:33:08.211,snap,default,com.coolapk.market,discharging,1,29.1,46.5,100,95,1,20.55,0.06,0.08,16,4.15,0.553,2.29495,24976,14272,0,-
13:33:09.212,snap,default,com.coolapk.market,discharging,1,29.1,49.5,100,95,1,21.71,0.04,0.06,14,4.151,0.644,2.673244,24976,14272,0,-
13:33:10.213,snap,default,com.coolapk.market,discharging,1,29.1,52.1,100,95,1,21.71,0.04,0.06,28,4.124,1.333,5.497292,36285,19908,0,-
13:33:11.212,snap,default,mark.via,discharging,1,29.1,52.1,100,95,1,23.21,2.03,0.41,8,4.132,0.828,3.4212961,36285,19908,0,-
13:33:12.212,snap,default,mark.via,discharging,1,29.1,49.7,100,95,1,23.21,2.03,0.41,11,4.138,0.702,2.904876,22236,11576,0,-
13:33:13.213,snap,default,mark.via,discharging,1,29.1,48.9,100,95,1,22.63,1.66,0.52,11,4.158,0.589,2.4490619,22236,11576,0,-
13:33:14.214,snap,default,mark.via,discharging,1,29.1,48.9,100,95,1,22.63,1.66,0.52,12,4.151,0.56,2.32456,21025,11296,0,-
13:33:15.213,snap,default,mark.via,discharging,1,29.1,49.7,100,95,1,21.97,1.54,0.42,12,4.148,0.528,2.1901438,21025,11296,0,-
13:33:16.213,snap,default,mark.via,discharging,1,29.1,49.7,100,95,1,21.97,1.54,0.42,11,4.142,0.835,3.45857,21025,11296,0,-
13:33:17.216,snap,default,mark.via,discharging,1,29.1,47.7,100,95,1,20.89,1.62,0.35,0,4.157,0.568,2.361176,18427,9647,0,-
13:33:18.213,snap,default,mark.via,discharging,1,29.1,47.7,100,95,1,20.89,1.62,0.35,7,4.166,0.408,1.6997279,18427,9647,0,-
13:33:19.213,snap,default,mark.via,discharging,1,29.1,48.9,100,95,1,20.18,1.33,0.28,7,4.148,0.452,1.8748958,19744,10882,0,-
13:33:20.215,snap,default,mark.via,discharging,1,29.1,48.9,100,95,1,20.18,1.33,0.28,6,4.155,0.712,2.9583602,19744,10882,0,-
13:33:21.216,snap,default,mark.via,discharging,1,29.1,48.5,100,95,1,19.97,1.45,0.23,5,4.142,0.593,2.456206,22651,12774,0,-
13:33:22.215,snap,default,mark.via,discharging,1,29.1,48.5,100,95,1,19.97,1.45,0.23,5,4.154,0.524,2.1766958,22651,12774,0,-
13:33:23.215,snap,default,mark.via,discharging,1,29.1,48.5,100,95,1,20.52,1.73,0.19,0,4.143,0.64,2.65152,19645,10059,0,-
13:33:24.218,snap,default,mark.via,discharging,1,29.1,48.5,100,95,1,20.52,1.73,0.19,7,4.149,0.462,1.9168382,19645,10059,0,-
13:33:25.214,snap,default,mark.via,discharging,1,29.1,51.5,100,95,1,20.6,1.41,0.15,11,4.159,0.524,2.1793158,26741,14426,0,-
13:33:26.214,snap,default,mark.via,discharging,1,29.1,52.8,100,95,1,20.6,1.41,0.15,26,4.154,1.048,4.3533916,26741,14426,0,-
13:33:27.215,snap,default,mark.via,discharging,1,29.1,52.8,100,95,1,24.48,1.88,0.67,16,4.116,1.59,6.5444403,37693,23414,0,-
13:33:28.216,snap,default,mark.via,discharging,1,29.1,52.1,100,95,1,24.48,1.88,0.67,0,4.099,0.893,3.660407,37693,23414,0,-
13:33:29.215,snap,default,mark.via,discharging,1,29.1,52.1,100,95,1,22.76,1.72,1.09,8,4.14,0.673,2.7862198,30263,16038,0,-
13:33:30.222,snap,default,mark.via,discharging,1,29.1,52.4,100,95,1,22.76,1.72,1.09,8,4.13,1.019,4.2084703,30263,16038,0,-
13:33:31.223,snap,default,mark.via,discharging,1,29.1,54,100,95,1,23.89,1.41,1.07,8,4.143,0.759,3.1445372,27240,15355,0,-
13:33:32.232,snap,default,mark.via,discharging,1,29.1,57,100,95,1,23.89,1.41,1.07,8,4.152,0.752,3.122304,27240,15355,0,-
13:33:33.223,snap,default,mark.via,discharging,1,29.1,59.2,100,95,1,24.81,1.7,0.88,18,4.137,1.023,4.232151,47286,24324,0,-
13:33:34.223,snap,default,mark.via,discharging,1,29.1,59.6,100,95,1,24.81,1.7,0.88,27,4.146,1.582,6.558972,47286,24324,0,-
13:33:35.223,snap,default,com.ss.android.ugc.aweme,discharging,1,29.1,59.6,100,95,1,29.56,2.84,1.44,6,4.115,1.224,5.03676,36121,18860,0,-
13:33:36.224,snap,default,com.ss.android.ugc.aweme,discharging,1,29.1,56.6,100,95,1,29.56,2.84,1.44,4,4.136,0.979,4.0491443,36121,18860,0,-
13:33:37.224,snap,default,com.ss.android.ugc.aweme,discharging,1,29.1,53.6,100,95,1,28.37,2.87,1.36,1,4.144,0.81,3.35664,21898,11313,0,-
13:33:38.225,snap,default,com.ss.android.ugc.aweme,discharging,1,29.1,51.3,100,95,1,28.37,2.87,1.36,1,4.14,0.611,2.5295398,21898,11313,0,-
13:33:39.224,snap,default,com.ss.android.ugc.aweme,discharging,1,29.1,50.5,100,95,1,27.21,2.53,1.11,1,4.145,0.658,2.7274098,22082,11391,0,-
13:33:40.226,snap,default,com.ss.android.ugc.aweme,discharging,1,29.1,49.7,100,95,1,27.21,2.53,1.11,1,4.143,0.698,2.8918142,22082,11391,0,-
13:33:41.224,snap,default,com.ss.android.ugc.aweme,discharging,1,29.1,49.7,100,95,1,25.91,2.25,0.91,3,4.149,0.632,2.6221683,21470,11903,0,-
13:33:42.225,snap,default,com.ss.android.ugc.aweme,discharging,1,29.1,48.9,100,95,1,25.91,2.25,0.91,4,4.152,0.574,2.383248,21470,11903,0,-
13:33:43.228,snap,default,com.ss.android.ugc.aweme,discharging,1,29.1,48.9,100,95,1,24.65,2.2,0.93,2,4.15,0.665,2.7597501,21470,11903,0,-
13:33:44.227,snap,default,com.ss.android.ugc.aweme,discharging,1,29.1,48.9,100,95,1,24.65,2.2,0.93,8,4.154,0.845,3.51013,29455,15471,0,-
13:33:45.231,snap,default,com.ss.android.ugc.aweme,discharging,1,29.2,48.9,100,95,1,26.89,3.25,2.57,17,4.113,1.369,5.630697,29455,15471,0,-
13:33:46.242,snap,default,com.ss.android.ugc.aweme,discharging,1,29.2,48.9,100,95,1,26.89,3.25,2.57,23,4.1,1.864,7.6424,47065,16544,0,-
13:33:47.229,snap,default,com.ss.android.ugc.aweme,discharging,1,29.2,48.9,100,95,1,35.24,4.47,9.71,0,4.097,2.257,9.246929,47065,16544,0,-
13:33:48.243,snap,default,com.tencent.mobileqq,discharging,1,29.2,48.9,100,95,1,35.24,4.47,9.71,0,4.068,2.391,9.726587,51740,10009,0,-
13:33:49.259,snap,default,com.tencent.mobileqq,discharging,1,29.2,48.9,100,95,1,44.8,8.74,20.27,18,4.075,2.323,9.466225,51740,10009,0,-
13:33:50.236,snap,default,com.tencent.mobileqq,discharging,1,29.2,48.9,100,95,1,44.8,8.74,20.27,22,4.075,2.507,10.216024,52111,10208,0,-
13:33:51.236,snap,default,com.tencent.mobileqq,discharging,1,29.2,48.9,100,95,1,52.26,9.33,25.11,22,4.07,2.557,10.40699,52111,10208,0,-
13:33:52.236,snap,default,com.tencent.mobileqq,discharging,1,29.2,48.9,100,95,1,52.26,9.33,25.11,13,4.07,2.193,8.92551,55544,16682,0,-
13:33:53.237,snap,default,com.tencent.mobileqq,discharging,1,29.2,48.9,100,95,1,54.21,10.72,21.65,6,4.085,1.698,6.93633,55544,16682,0,-
13:33:54.237,snap,default,com.tencent.mobileqq,discharging,1,29.2,48.9,100,95,1,54.21,10.72,21.65,22,4.127,1.243,5.129861,39086,15863,0,-
13:33:55.237,snap,default,com.tencent.mobileqq,discharging,1,29.2,51.9,100,95,1,49.28,9.86,17.91,18,4.13,0.868,3.58484,39086,15863,0,-
13:33:56.242,snap,default,com.tencent.mobileqq,discharging,1,29.2,54.9,100,95,1,49.28,9.86,17.91,7,4.132,0.766,3.1651118,22752,11538,0,-
13:33:57.239,snap,default,com.tencent.mobileqq,discharging,1,29.2,57.9,100,95,1,44.15,8.62,14.66,10,4.125,1.131,4.665375,22752,11538,0,-
13:33:58.237,snap,default,com.tencent.mobileqq,discharging,1,29.4,57.9,100,95,1,44.15,8.62,14.66,21,4.119,1.416,5.832504,37093,17391,0,-
13:33:59.239,snap,default,com.tencent.mobileqq,discharging,1,29.4,60.9,100,95,1,41.23,7.78,12.55,21,4.097,1.839,7.5343833,37093,17391,0,-
13:34:00.239,snap,default,com.tencent.mobileqq,discharging,1,29.4,63.9,100,95,1,41.23,7.78,12.55,21,4.083,0.994,4.058502,35081,16677,0,-
13:34:01.239,snap,default,com.tencent.mobileqq,discharging,1,29.4,60.9,100,95,1,39.92,7.09,12.45,21,4.136,0.549,2.2706642,35081,16677,0,-
13:34:02.239,snap,default,com.tencent.mobileqq,discharging,1,29.4,57.9,100,95,1,39.92,7.09,12.45,21,4.154,0.29,1.2046599,13789,6189,0,-
13:34:03.240,snap,default,com.tencent.mobileqq,discharging,1,29.4,54.9,100,95,1,35.58,5.99,10.19,3,4.155,0.532,2.2104602,13789,6189,0,-
13:34:04.239,snap,default,com.tencent.mobileqq,discharging,1,29.4,52.8,100,95,1,35.58,5.99,10.19,3,4.146,0.524,2.172504,19724,10497,0,-
13:34:05.240,snap,default,com.tencent.mobileqq,discharging,1,29.4,51.7,100,95,1,33.12,5.45,8.34,8,4.142,0.593,2.456206,19724,10497,0,-
13:34:06.241,snap,default,com.tencent.mobileqq,discharging,1,29.4,52.1,100,95,1,33.12,5.45,8.34,8,4.152,0.462,1.918224,23853,11994,0,-
13:34:07.240,snap,default,com.tencent.mobileqq,discharging,1,29.4,52.1,100,95,1,30.74,4.82,6.83,7,4.146,0.95,3.9387,23853,11994,0,-
13:34:08.240,snap,default,com.tencent.mobileqq,discharging,1,29.6,55.1,100,95,1,30.74,4.82,6.83,17,4.108,1.131,4.6461477,23853,11994,0,-
13:34:09.240,snap,default,com.tencent.mobileqq,discharging,1,29.6,58.1,100,95,1,31.33,4.49,5.77,22,4.121,1.178,4.8545375,37642,20718,0,-
13:34:10.242,snap,default,com.tencent.mobileqq,discharging,1,29.6,58.4,100,95,1,31.33,4.49,5.77,0,4.125,0.99,4.0837502,37642,20718,0,-
13:34:11.245,snap,default,bin.mt.plus.canary,discharging,1,29.6,55.4,100,95,1,31.81,5.49,5.09,6,4.135,0.51,2.10885,33073,13454,0,-
13:34:12.241,snap,default,bin.mt.plus.canary,discharging,1,29.6,52.4,100,95,1,31.81,5.49,5.09,6,4.147,0.452,1.8744439,33073,13454,0,-
13:34:13.243,snap,default,bin.mt.plus.canary,discharging,1,29.6,51.7,100,95,1,29.49,4.85,4.17,9,4.153,0.571,2.371363,15406,7095,0,-
13:34:14.242,snap,default,bin.mt.plus.canary,discharging,1,29.6,50.9,100,95,1,29.49,4.85,4.17,9,4.151,0.477,1.980027,15406,7095,0,-
13:34:15.243,snap,default,bin.mt.plus.canary,discharging,1,29.6,50.9,100,95,1,27.05,3.97,3.59,13,4.159,0.322,1.339198,15611,8024,0,-
13:34:16.243,snap,default,bin.mt.plus.canary,discharging,1,29.6,49.7,100,95,1,27.05,3.97,3.59,13,4.136,0.712,2.944832,15611,8024,0,-
13:34:17.244,snap,default,bin.mt.plus.canary,discharging,1,29.6,51.3,100,95,1,25.77,3.61,2.94,13,4.147,0.423,1.7541809,22687,12020,0,-
13:34:18.244,snap,default,bin.mt.plus.canary,discharging,1,29.6,51.3,100,95,1,25.77,3.61,2.94,6,4.161,0.571,2.3759308,22687,12020,0,-
13:34:19.244,snap,default,bin.mt.plus.canary,discharging,1,29.7,51.3,100,95,1,24.9,2.96,2.59,6,4.154,0.6,2.4924,19990,10755,0,-
13:34:20.245,snap,default,bin.mt.plus.canary,discharging,1,29.7,50.9,100,95,1,24.9,2.96,2.59,6,4.133,0.488,2.0169039,19990,10755,0,-
13:34:21.245,snap,default,bin.mt.plus.canary,discharging,1,29.7,48.5,100,95,1,23.29,2.6,2.12,6,4.159,0.261,1.085499,13092,6985,0,-
13:34:22.244,snap,default,bin.mt.plus.canary,discharging,1,29.7,48.5,100,95,1,23.29,2.6,2.12,0,4.156,0.373,1.5501881,13092,6985,0,-
13:34:23.245,snap,default,bin.mt.plus.canary,discharging,1,29.7,51.5,100,95,1,21.24,2.13,1.73,5,4.163,0.514,2.139782,12577,6361,0,-
13:34:24.248,snap,default,bin.mt.plus.canary,discharging,1,29.7,52.1,100,95,1,21.24,2.13,1.73,5,4.141,0.708,2.9318278,12577,6361,0,-
13:34:25.247,snap,default,bin.mt.plus.canary,discharging,1,29.7,50.1,100,95,1,19.93,1.74,1.42,5,4.15,0.462,1.9173001,14097,7591,0,-
13:34:26.247,snap,default,bin.mt.plus.canary,discharging,1,29.7,50.1,100,95,1,20.3,1.43,1.16,6,4.158,0.647,2.690226,14097,7591,0,-
13:34:27.247,snap,default,bin.mt.plus.canary,discharging,1,29.7,53.1,100,95,1,20.3,1.43,1.16,23,4.128,0.979,4.0413117,27757,15951,0,-
13:34:28.248,snap,default,bin.mt.plus.canary,discharging,1,29.7,56.1,100,95,1,21.34,1.71,0.95,19,4.129,1.185,4.892865,27757,15951,0,-
13:34:29.248,snap,default,bin.mt.plus.canary,discharging,1,29.7,58.4,100,95,1,21.34,1.71,0.95,5,4.126,1.214,5.008964,34857,19236,0,-
13:34:30.248,snap,default,com.deepseek.chat,discharging,1,29.7,58.4,100,95,1,21.64,1.58,1.32,5,4.143,0.625,2.589375,34857,19236,0,-
13:34:31.249,snap,default,com.deepseek.chat,discharging,1,29.7,55.4,100,95,1,21.64,1.58,1.32,5,4.15,0.741,3.07515,20042,10052,0,-
13:34:32.249,snap,default,com.deepseek.chat,discharging,1,29.6,52.4,100,95,1,20.98,2.02,1.26,6,4.131,0.683,2.8214731,20042,10052,0,-
13:34:33.249,snap,default,com.deepseek.chat,discharging,1,29.6,52.4,100,95,1,20.98,2.02,1.26,15,4.147,0.586,2.430142,25035,13782,0,-
13:34:34.251,snap,default,com.deepseek.chat,discharging,1,29.6,51.7,100,95,1,21.16,2.01,1.03,12,4.148,0.791,3.2810678,25035,13782,0,-
13:34:35.252,snap,default,com.deepseek.chat,discharging,1,29.6,51.7,100,95,1,21.16,2.01,1.03,12,4.153,0.564,2.342292,25035,13782,0,-
13:34:36.252,snap,default,com.deepseek.chat,discharging,1,29.6,52.1,100,95,1,20.04,1.83,1.39,11,4.153,0.842,3.496826,16378,8397,0,-
13:34:37.250,snap,default,com.deepseek.chat,discharging,1,29.6,54.4,100,95,1,20.04,1.83,1.39,14,4.143,0.574,2.378082,16378,8397,0,-
13:34:38.251,snap,default,com.deepseek.chat,discharging,1,29.6,54.4,100,95,1,19.13,1.68,1.13,14,4.144,0.723,2.996112,17953,9273,0,-
13:34:39.252,snap,default,com.deepseek.chat,discharging,1,29.6,54.4,100,95,1,19.13,1.68,1.13,0,4.128,0.795,3.28176,17953,9273,0,-
13:34:40.252,snap,default,com.deepseek.chat,discharging,1,29.6,56,100,95,1,17.66,1.37,0.93,0,4.144,0.647,2.681168,16152,7139,0,-
13:34:41.253,snap,default,com.deepseek.chat,discharging,1,29.6,56.4,100,95,1,17.66,1.37,0.93,0,4.146,0.683,2.831718,16152,7139,0,-
13:34:42.253,snap,default,com.deepseek.chat,discharging,1,29.6,56.4,100,95,1,16.27,1.12,0.76,0,4.138,0.791,3.273158,18381,7549,0,-
13:34:43.253,snap,default,com.deepseek.chat,discharging,1,29.6,56,100,95,1,16.27,1.12,0.76,0,4.149,0.607,2.518443,18381,7549,0,-
13:34:44.252,snap,default,com.deepseek.chat,discharging,1,29.6,55.6,100,95,1,14.95,0.92,0.62,0,4.14,0.752,3.1132798,10868,4045,0,-
13:34:45.252,snap,default,com.deepseek.chat,discharging,1,29.6,55.6,100,95,1,14.95,0.92,0.62,0,4.14,0.625,2.5874999,10868,4045,0,-
13:34:46.252,snap,default,com.deepseek.chat,discharging,1,29.6,55.2,100,95,1,13.69,0.75,0.51,0,4.148,0.622,2.5800557,11165,4288,0,-
13:34:47.253,snap,default,com.deepseek.chat,discharging,1,29.6,54.8,100,95,1,13.69,0.75,0.51,0,4.137,0.687,2.842119,11165,4288,0,-
13:34:48.253,snap,default,com.deepseek.chat,discharging,1,29.6,55.2,100,95,1,12.48,0.61,0.41,0,4.148,0.622,2.5800557,11424,4177,0,-
13:34:49.253,snap,default,com.deepseek.chat,discharging,1,29.6,55.2,100,95,1,12.48,0.61,0.41,8,4.138,0.965,3.9931698,11424,4177,0,-
13:34:50.254,snap,default,com.deepseek.chat,discharging,1,29.6,55.2,100,95,1,12.93,0.5,0.34,8,4.127,0.759,3.132393,24746,11417,0,-
13:34:51.255,snap,default,com.deepseek.chat,discharging,1,29.6,54.4,100,95,1,12.93,0.5,0.34,8,4.147,0.647,2.683109,24746,11417,0,-
13:34:52.253,snap,default,com.deepseek.chat,discharging,1,29.6,54.4,100,95,1,12.76,0.41,0.28,12,4.14,0.907,3.7549798,20566,9021,0,-
13:34:53.256,snap,default,com.deepseek.chat,discharging,1,29.6,56.8,100,95,1,12.76,0.41,0.28,15,4.127,0.914,3.7720778,20566,9021,0,-
13:34:54.255,snap,default,com.deepseek.chat,discharging,1,29.6,56.8,100,95,1,13.53,0.33,0.22,14,4.132,0.889,3.673348,18754,10607,0,-
13:34:55.256,snap,default,com.deepseek.chat,discharging,1,29.6,53.8,100,95,1,13.53,0.33,0.22,15,4.132,0.785,3.2436202,18754,10607,0,-
13:34:56.256,snap,default,com.deepseek.chat,discharging,1,29.6,53.6,100,95,1,14.34,0.27,0.18,15,4.141,0.86,3.56126,23340,13350,0,-
13:34:57.255,snap,default,com.deepseek.chat,discharging,1,29.6,53.6,100,95,1,14.34,0.27,0.18,15,4.143,0.611,2.531373,23340,13350,0,-
13:34:58.255,snap,default,com.deepseek.chat,discharging,1,29.6,51.3,100,95,1,14.82,0.22,0.15,15,4.159,0.441,1.8341191,18308,9542,0,-
13:34:59.259,snap,default,com.deepseek.chat,discharging,1,29.6,49.3,100,95,1,14.82,0.22,0.15,15,4.16,0.293,1.21888,18308,9542,0,-
13:35:00.258,snap,default,com.deepseek.chat,discharging,1,29.6,48.9,100,95,1,14.67,0.18,0.12,11,4.161,0.257,1.069377,18308,9542,0,-
13:35:01.260,snap,default,com.deepseek.chat,discharging,1,29.6,47.3,100,95,1,14.67,0.18,0.12,11,4.15,0.47,1.9505,10828,5405,0,-
13:35:02.261,snap,default,com.deepseek.chat,discharging,1,29.6,46.9,100,95,1,15.09,0.15,0.1,10,4.16,0.271,1.12736,10828,5405,0,-
13:35:03.262,snap,default,com.deepseek.chat,discharging,1,29.6,46.5,100,95,1,15.09,0.15,0.1,0,4.149,0.268,1.111932,12942,6687,0,-
13:35:04.259,snap,default,com.deepseek.chat,discharging,1,29.6,46.5,100,95,1,14.89,0.12,0.08,0,4.162,0.174,0.724188,12942,6687,0,-
13:35:05.263,snap,default,com.deepseek.chat,discharging,1,29.6,46.5,100,95,1,14.89,0.12,0.08,11,4.162,0.174,0.724188,9405,4682,0,-
13:35:06.266,snap,default,com.deepseek.chat,discharging,1,29.6,46.5,100,95,1,14.89,0.12,0.08,11,4.163,0.416,1.7318081,9405,4682,0,-
13:35:07.261,snap,default,com.deepseek.chat,discharging,1,29.6,46.5,100,95,1,15.64,0.1,0.06,11,4.148,0.499,2.0698519,13981,7938,0,-
13:35:08.263,snap,default,com.deepseek.chat,discharging,1,29.6,46.1,100,95,1,15.64,0.1,0.06,0,4.149,0.348,1.4438521,13981,7938,0,-
13:35:09.260,snap,default,com.deepseek.chat,discharging,1,29.6,46.1,100,95,1,15.16,0.08,0.05,13,4.162,0.195,0.81159,8829,4386,0,-
13:35:10.262,snap,default,com.deepseek.chat,discharging,1,29.6,49.1,100,95,1,15.16,0.08,0.05,13,4.163,0.307,1.2780411,8829,4386,0,-
13:35:11.261,snap,default,com.deepseek.chat,discharging,1,29.6,50.9,100,95,1,17.12,0.06,0.04,29,4.165,0.661,2.753065,25438,13701,0,-
13:35:12.277,snap,default,com.android.quicksearchbox,discharging,1,29.6,51.3,100,95,1,17.12,0.06,0.04,29,4.125,0.932,3.8444998,25438,13701,0,-
13:35:13.274,snap,default,com.android.quicksearchbox,discharging,1,29.6,54,100,95,1,18.19,0.05,0.03,56,4.162,0.661,2.7510822,29092,14592,0,-
13:35:14.276,snap,default,com.android.quicksearchbox,discharging,1,29.6,54,100,95,1,18.19,0.05,0.03,34,4.157,1.358,5.6452065,29092,14592,0,-
13:35:15.274,snap,default,com.ss.android.ugc.aweme,discharging,1,29.6,54,100,95,1,22.68,1.49,1.66,6,4.118,0.965,3.97387,30064,14388,0,-
13:35:16.275,snap,default,com.ss.android.ugc.aweme,discharging,1,29.6,52.1,100,95,1,22.68,1.49,1.66,3,4.132,0.86,3.55352,30064,14388,0,-
13:35:17.275,snap,default,com.ss.android.ugc.aweme,discharging,1,29.6,52.1,100,95,1,22.74,1.4,1.35,10,4.145,0.669,2.773005,25372,13602,0,-
13:35:18.275,snap,default,com.ss.android.ugc.aweme,discharging,1,29.6,53.2,100,95,1,22.74,1.4,1.35,10,4.146,0.741,3.072186,25372,13602,0,-
13:35:19.277,snap,default,com.ss.android.ugc.aweme,discharging,1,29.6,56.2,100,95,1,23.33,2.05,1.47,2,4.131,1.178,4.8663177,32767,16461,0,-
13:35:20.275,snap,default,com.ss.android.ugc.aweme,discharging,1,29.6,58.4,100,95,1,23.33,2.05,1.47,1,4.119,1.037,4.271403,32767,16461,0,-
13:35:21.275,snap,default,com.ss.android.ugc.aweme,discharging,1,29.6,58.4,100,95,1,23.45,2.22,1.38,1,4.122,1.027,4.233294,28420,14885,0,-
13:35:22.275,snap,default,com.ss.android.ugc.aweme,discharging,1,29.6,55.4,100,95,1,23.45,2.22,1.38,3,4.112,0.979,4.0256476,28420,14885,0,-
13:35:23.280,snap,default,com.ss.android.ugc.aweme,discharging,1,29.6,52.4,100,95,1,23,2.36,1.13,0,4.151,0.712,2.955512,21550,10387,0,-
13:35:24.278,snap,default,com.ss.android.ugc.aweme,discharging,1,29.6,51.7,100,95,1,23,2.36,1.13,6,4.125,0.618,2.54925,21550,10387,0,-
13:35:25.276,snap,default,com.ss.android.ugc.aweme,discharging,1,29.6,50.1,100,95,1,21.91,2.11,0.93,0,4.143,0.571,2.365653,17804,8401,0,-
13:35:26.277,snap,default,com.ss.android.ugc.aweme,discharging,1,29.6,50.1,100,95,1,21.91,2.11,0.93,7,4.149,0.481,1.9956691,17804,8401,0,-
13:35:27.278,snap,default,com.ss.android.ugc.aweme,discharging,1,29.6,49.7,100,95,1,21.02,1.73,0.76,7,4.145,0.571,2.3667948,17804,8401,0,-
13:35:28.277,snap,default,com.ss.android.ugc.aweme,discharging,1,29.6,52.1,100,95,1,21.02,1.73,0.76,4,4.142,0.474,1.9633081,15787,8577,0,-
13:35:29.282,snap,default,com.ss.android.ugc.aweme,discharging,1,29.6,50.1,100,95,1,20.11,1.96,0.8,0,4.147,0.528,2.189616,15787,8577,0,-
13:35:30.277,snap,default,com.ss.android.ugc.aweme,discharging,1,29.6,52.8,100,95,1,20.11,1.96,0.8,0,4.132,0.936,3.867552,20998,11535,0,-
13:35:31.279,snap,default,com.ss.android.ugc.aweme,discharging,1,29.6,54.8,100,95,1,19.73,1.79,0.65,5,4.135,0.462,1.9103701,20998,11535,0,-
13:35:32.277,snap,default,com.ss.android.ugc.aweme,discharging,1,29.6,57.8,100,95,1,19.73,1.79,0.65,5,4.146,0.853,3.536538,21034,11062,0,-
13:35:33.279,snap,default,com.ss.android.ugc.aweme,discharging,1,29.6,58.4,100,95,1,21.41,1.82,0.72,28,4.15,1.019,4.2288504,21034,11062,0,-
13:35:34.279,snap,default,com.ss.android.ugc.aweme,discharging,1,29.6,58.8,100,95,1,21.41,1.82,0.72,28,4.11,1.466,6.02526,31716,16385,0,-
13:35:35.279,snap,default,com.ss.android.ugc.aweme,discharging,1,29.6,58.8,100,95,1,22.24,2.22,0.95,30,4.136,0.864,3.5735042,31716,16385,0,-
13:35:36.280,snap,default,com.ss.android.ugc.aweme,discharging,1,29.6,61.8,100,95,1,22.24,2.22,0.95,22,4.121,1.189,4.899869,35437,20985,0,-
13:35:37.287,snap,default,com.ss.android.ugc.aweme,discharging,1,29.6,64.7,100,95,1,23.1,2.54,1.32,1,4.12,1.189,4.8986797,35437,20985,0,-
13:35:38.281,snap,default,com.ss.android.ugc.aweme,discharging,1,29.6,66.3,100,95,1,23.1,2.54,1.32,0,4.123,1.211,4.992953,36341,21393,0,-
13:35:39.280,snap,default,com.ss.android.ugc.aweme,discharging,1,29.6,66.3,100,95,1,25.8,2.44,1.44,0,4.113,1.532,6.3011155,36341,21393,0,-
13:35:40.280,snap,default,com.ss.android.ugc.aweme,discharging,1,29.6,66.3,100,95,1,25.8,2.44,1.44,3,4.107,1.449,5.9510427,32642,17433,0,-
13:35:41.281,snap,default,com.ss.android.ugc.aweme,discharging,1,29.6,63.300003,100,95,1,25.83,2.54,1.36,3,4.113,1.297,5.334561,32642,17433,0,-
13:35:42.280,snap,default,com.ss.android.ugc.aweme,discharging,1,29.6,61.5,100,95,1,25.83,2.54,1.36,8,4.11,0.896,3.6825602,24759,12820,0,-
13:35:43.282,snap,default,com.ss.android.ugc.aweme,discharging,1,29.6,58.5,100,95,1,24.78,2.44,1.48,8,4.135,0.744,3.0764403,24759,12820,0,-
13:35:44.282,snap,default,com.ss.android.ugc.aweme,discharging,1,29.6,57.6,100,95,1,24.78,2.44,1.48,8,4.119,1.091,4.493829,17283,8956,0,-
13:35:45.281,snap,default,com.ss.android.ugc.aweme,discharging,1,29.6,57.6,100,95,1,23,2.18,1.75,6,4.125,0.477,1.967625,17283,8956,0,-
13:35:46.288,snap,default,com.ss.android.ugc.aweme,discharging,1,29.6,57.6,100,95,1,23,2.18,1.75,0,4.136,0.683,2.8248882,22561,12841,0,-
13:35:47.284,snap,default,com.ss.android.ugc.aweme,discharging,1,29.6,54.6,100,95,1,22.28,1.78,1.43,0,4.131,0.715,2.953665,22561,12841,0,-
13:35:48.284,snap,default,com.ss.android.ugc.aweme,discharging,1,29.6,54.4,100,95,1,22.28,1.78,1.43,0,4.149,0.362,1.501938,15795,6849,0,-
13:35:49.285,snap,default,com.ss.android.ugc.aweme,discharging,1,29.6,54.4,100,95,1,20.41,1.46,1.17,10,4.147,0.553,2.2932909,15795,6849,0,-
13:35:50.287,snap,default,com.ss.android.ugc.aweme,discharging,1,29.6,51.4,100,95,1,20.41,1.46,1.17,10,4.135,0.607,2.5099452,14370,6880,0,-
13:35:51.285,snap,default,com.ss.android.ugc.aweme,discharging,1,29.6,49.7,100,95,1,19.07,1.19,0.96,5,4.15,0.387,1.60605,14370,6880,0,-
13:35:52.288,snap,default,com.ss.android.ugc.aweme,discharging,1,29.6,48.9,100,95,1,19.07,1.19,0.96,0,4.156,0.362,1.504472,14465,7436,0,-
13:35:53.285,snap,default,com.ss.android.ugc.aweme,discharging,1,29.6,49.7,100,95,1,18.69,1.16,0.78,0,4.145,0.408,1.69116,14465,7436,0,-
13:35:54.286,snap,default,com.ss.android.ugc.aweme,discharging,1,29.6,51.3,100,95,1,18.69,1.16,0.78,4,4.151,0.694,2.880794,14465,7436,0,-
13:35:55.288,snap,default,com.ss.android.ugc.aweme,discharging,1,29.6,51.3,100,95,1,18.39,1.13,0.82,0,4.135,0.517,2.1377952,20164,9299,0,-
13:35:56.287,snap,default,com.ss.android.ugc.aweme,discharging,1,29.6,48.5,100,95,1,18.39,1.13,0.82,0,4.149,0.402,1.667898,20164,9299,0,-
13:35:57.287,snap,default,com.ss.android.ugc.aweme,discharging,1,29.6,47.7,100,95,1,17.41,1.1,0.67,0,4.152,0.235,0.97572,11718,5388,0,-
13:35:58.288,snap,default,com.ss.android.ugc.aweme,discharging,1,29.6,47.7,100,95,1,17.41,1.1,0.67,0,4.147,0.419,1.7375929,11718,5388,0,-
13:35:59.287,snap,default,com.ss.android.ugc.aweme,discharging,1,29.7,47.7,100,95,1,17.7,0.9,0.55,5,4.16,0.405,1.6847999,16780,8095,0,-
13:36:00.289,snap,default,com.ss.android.ugc.aweme,discharging,1,29.7,47.3,100,95,1,17.7,0.9,0.55,5,4.154,0.474,1.9689959,16780,8095,0,-
13:36:01.288,snap,default,com.ss.android.ugc.aweme,discharging,1,29.7,46.9,100,95,1,17.57,0.74,0.45,4,4.152,0.319,1.324488,14533,6687,0,-
13:36:02.291,snap,default,com.ss.android.ugc.aweme,discharging,1,29.7,46.9,100,95,1,17.57,0.74,0.45,4,4.156,0.491,2.040596,14533,6687,0,-
13:36:03.289,snap,default,com.ss.android.ugc.aweme,discharging,1,29.7,46.9,100,95,1,17.28,0.6,0.37,4,4.156,0.423,1.7579881,12203,5554,0,-
13:36:04.290,snap,default,com.ss.android.ugc.aweme,discharging,1,29.7,47.7,100,95,1,17.28,0.6,0.37,4,4.158,0.311,1.2931379,12203,5554,0,-
13:36:05.290,snap,default,com.ss.android.ugc.aweme,discharging,1,29.7,50.7,100,95,1,17.77,0.49,0.3,0,4.155,0.488,2.02764,22177,9600,0,-
13:36:06.290,snap,default,com.ss.android.ugc.aweme,discharging,1,29.7,51.3,100,95,1,17.77,0.49,0.3,0,4.137,0.708,2.928996,22177,9600,0,-
13:36:07.290,snap,default,com.ss.android.ugc.aweme,discharging,1,29.7,54.3,100,95,1,17.81,0.58,0.43,2,4.133,0.723,2.988159,24868,12863,0,-
13:36:08.289,snap,default,com.ss.android.ugc.aweme,discharging,1,29.7,57.3,100,95,1,17.81,0.58,0.43,2,4.133,1.033,4.2693887,24868,12863,0,-
13:36:09.290,snap,default,com.ss.android.ugc.aweme,discharging,1,29.7,57.6,100,95,1,20.56,0.48,0.35,13,4.128,1.058,4.3674235,34917,18939,0,-
13:36:10.292,snap,default,com.ss.android.ugc.aweme,discharging,1,29.7,54.6,100,95,1,20.56,0.48,0.35,22,4.1,1.167,4.7847,34917,18939,0,-
13:36:11.291,snap,default,com.ss.android.ugc.aweme,discharging,1,29.7,54,100,95,1,20.82,0.57,0.28,22,4.119,0.607,2.500233,19648,10054,0,-
13:36:12.295,snap,default,com.ss.android.ugc.aweme,discharging,1,29.7,51,100,95,1,20.82,0.57,0.28,9,4.143,0.503,2.083929,19648,10054,0,-
13:36:13.294,snap,default,com.ss.android.ugc.aweme,discharging,1,29.7,49.7,100,95,1,20.13,0.65,0.23,0,4.144,0.553,2.291632,15028,6646,0,-
13:36:14.295,snap,default,com.ss.android.ugc.aweme,discharging,1,29.7,48.1,100,95,1,20.13,0.65,0.23,0,4.125,0.405,1.670625,15028,6646,0,-
13:36:15.293,snap,default,com.ss.android.ugc.aweme,discharging,1,29.7,48.1,100,95,1,19.2,0.53,0.19,5,4.157,0.377,1.5671891,10352,5198,0,-
13:36:16.294,snap,default,com.ss.android.ugc.aweme,discharging,1,29.7,47.3,100,95,1,19.2,0.53,0.19,0,4.154,0.243,1.009422,10352,5198,0,-
13:36:17.299,snap,default,com.ss.android.ugc.aweme,discharging,1,29.7,45.3,100,95,1,17.89,0.43,0.15,0,4.153,0.253,1.0507089,5683,2318,0,-
13:36:18.297,snap,default,com.ss.android.ugc.aweme,discharging,1,29.7,45.3,100,95,1,17.89,0.43,0.15,0,4.158,0.195,0.81080997,5683,2318,0,-
13:36:19.296,snap,default,com.ss.android.ugc.aweme,discharging,1,29.7,45.7,100,95,1,16.83,0.35,0.12,0,4.162,0.271,1.127902,5683,2318,0,-
13:36:20.298,snap,default,com.ss.android.ugc.aweme,discharging,1,29.7,47.3,100,95,1,16.83,0.35,0.12,0,4.15,0.271,1.12465,8864,4079,0,-
13:36:21.296,snap,default,com.ss.android.ugc.aweme,discharging,1,29.7,47.3,100,95,1,16.31,0.47,0.1,4,4.159,0.431,1.792529,8864,4079,0,-
13:36:22.296,snap,default,com.ss.android.ugc.aweme,discharging,1,29.6,47.3,100,95,1,16.31,0.47,0.1,4,4.147,0.845,3.504215,25460,15507,0,-
13:36:23.296,snap,default,com.ss.android.ugc.aweme,discharging,1,29.6,47.3,100,95,1,18.43,0.38,0.08,2,4.127,1.247,5.1463685,25460,15507,0,-
13:36:24.302,snap,default,com.ss.android.ugc.aweme,discharging,1,29.6,50.3,100,95,1,18.43,0.38,0.08,2,4.119,1.16,4.77804,24615,13964,0,-
13:36:25.300,snap,default,com.ss.android.ugc.aweme,discharging,1,29.6,53.3,100,95,1,18.17,0.31,0.43,4,4.12,0.922,3.7986398,24615,13964,0,-
13:36:26.301,snap,default,com.ss.android.ugc.aweme,discharging,1,29.6,56.3,100,95,1,18.17,0.31,0.43,4,4.14,0.687,2.8441799,20763,10734,0,-
13:36:27.303,snap,default,com.ss.android.ugc.aweme,discharging,1,29.6,56.4,100,95,1,19.59,0.25,1.07,7,4.15,1.12,4.6480002,20763,10734,0,-
13:36:28.302,snap,default,com.ss.android.ugc.aweme,discharging,1,29.6,56.4,100,95,1,19.59,0.25,1.07,21,4.13,0.795,3.2833502,32505,17635,0,-
13:36:29.308,snap,default,com.ss.android.ugc.aweme,discharging,1,29.6,59.4,100,95,1,22.56,0.21,0.88,22,4.133,1.048,4.3313837,32505,17635,0,-
13:36:30.304,snap,default,com.ss.android.ugc.aweme,discharging,1,29.6,62.3,100,95,1,22.56,0.21,0.88,18,4.117,1.232,5.072144,40543,22728,0,-
13:36:31.305,snap,default,com.ss.android.ugc.aweme,discharging,1,29.6,59.9,100,95,1,25.9,1.08,0.72,19,4.131,1.066,4.403646,40543,22728,0,-
13:36:32.304,snap,default,com.ss.android.ugc.aweme,discharging,1,29.6,59.6,100,95,1,25.9,1.08,0.72,19,4.11,1.547,6.3581705,40036,16514,0,-
13:36:33.305,snap,default,mark.via,discharging,1,29.6,58,100,95,1,29.18,1.97,0.59,5,4.12,0.896,3.69152,40036,16514,0,-
13:36:34.305,snap,default,mark.via,discharging,1,29.6,57.6,100,95,1,29.18,1.97,0.59,7,4.134,1.069,4.4192457,34152,13645,0,-
13:36:35.305,snap,default,mark.via,discharging,1,29.6,56.4,100,95,1,28.78,2.52,0.48,7,4.124,0.64,2.63936,34152,13645,0,-
13:36:36.306,snap,default,mark.via,discharging,1,29.6,54,100,95,1,28.78,2.52,0.48,8,4.153,0.564,2.342292,21754,11354,0,-
13:36:37.307,snap,default,mark.via,discharging,1,29.6,51,100,95,1,27.37,2.24,0.39,8,4.143,0.477,1.9762111,21754,11354,0,-
13:36:38.307,snap,default,mark.via,discharging,1,29.6,50.5,100,95,1,27.37,2.24,0.39,3,4.154,0.402,1.6699079,16293,7541,0,-
13:36:39.308,snap,default,mark.via,discharging,1,29.6,50.5,100,95,1,25.49,1.83,0.32,3,4.15,0.477,1.97955,16293,7541,0,-
13:36:40.307,snap,default,mark.via,discharging,1,29.6,50.1,100,95,1,25.49,1.83,0.32,3,4.153,0.354,1.4701619,14275,7340,0,-
13:36:41.307,snap,default,mark.via,discharging,1,29.6,50.1,100,95,1,23.77,1.5,0.26,7,4.157,0.39,1.62123,14275,7340,0,-
13:36:42.308,snap,default,mark.via,discharging,1,29.6,50.1,100,95,1,23.77,1.5,0.26,7,4.149,0.452,1.8753481,17186,9142,0,-
13:36:43.310,snap,default,mark.via,discharging,1,29.6,47.7,100,95,1,23.27,1.23,0.21,6,4.145,0.373,1.546085,17186,9142,0,-
13:36:44.312,snap,default,mark.via,discharging,1,29.6,47.7,100,95,1,23.27,1.23,0.21,0,4.157,0.257,1.068349,8136,3446,0,-
13:36:45.310,snap,default,mark.via,discharging,1,29.6,46.5,100,95,1,21.04,1,0.17,0,4.155,0.21,0.87255,8136,3446,0,-
13:36:46.309,snap,default,mark.via,discharging,1,29.6,46.5,100,95,1,21.04,1,0.17,0,4.158,0.29,1.20582,8136,3446,0,-
13:36:47.312,snap,default,mark.via,discharging,1,29.6,46.5,100,95,1,20.13,0.82,0.14,7,4.145,0.673,2.7895849,11667,6219,0,-
13:36:48.312,snap,default,mark.via,discharging,1,29.6,47.7,100,95,1,20.13,0.82,0.14,7,4.126,0.47,1.93922,11667,6219,0,-
13:36:49.316,snap,default,mark.via,discharging,1,29.7,47.7,100,95,1,20.29,0.67,0.11,7,4.139,0.64,2.6489599,24305,14721,0,-
13:36:50.312,snap,default,mark.via,discharging,1,29.7,47.7,100,95,1,20.29,0.67,0.11,7,4.141,0.329,1.362389,24305,14721,0,-
13:36:51.313,snap,default,mark.via,discharging,1,29.7,47.7,100,95,1,18.24,0.55,0.45,8,4.16,0.34,1.4144,9158,4017,0,-
13:36:52.313,snap,default,mark.via,discharging,1,29.7,47.3,100,95,1,18.24,0.55,0.45,0,4.129,0.456,1.8828241,9158,4017,0,-
13:36:53.312,snap,default,mark.via,discharging,1,29.7,47.7,100,95,1,18.38,0.63,0.37,4,4.148,0.545,2.26066,18131,10190,0,-
13:36:54.313,snap,default,mark.via,discharging,1,29.7,48.1,100,95,1,18.38,0.63,0.37,10,4.144,0.545,2.25848,18131,10190,0,-
13:36:55.312,snap,default,mark.via,discharging,1,29.7,48.5,100,95,1,19.21,0.51,0.3,10,4.144,0.445,1.84408,21743,12928,0,-
13:36:56.312,snap,default,mark.via,discharging,1,29.7,49.3,100,95,1,19.21,0.51,0.3,11,4.159,0.456,1.8965039,21743,12928,0,-
13:36:57.312,snap,default,mark.via,discharging,1,29.7,50.9,100,95,1,19.72,0.42,0.25,17,4.15,0.95,3.9425,25541,15090,0,-
13:36:58.312,snap,default,mark.via,discharging,1,29.7,52.8,100,95,1,19.72,0.42,0.25,68,4.113,1.11,4.56543,25541,15090,0,-
13:36:59.314,snap,default,com.android.quicksearchbox,discharging,1,29.6,54,100,95,1,20.67,0.34,0.2,66,4.124,1.03,4.24772,24056,13640,0,-
13:37:00.314,snap,default,com.android.quicksearchbox,discharging,1,29.6,54.4,100,95,1,20.67,0.34,0.2,58,4.149,1.441,5.978709,24056,13640,0,-
13:37:01.315,snap,default,com.android.quicksearchbox,discharging,1,29.6,54.4,100,95,1,22.73,2.45,1.98,9,4.124,0.564,2.325936,32179,17320,0,-
13:37:02.314,snap,default,com.coolapk.market,discharging,1,29.6,54,100,95,1,22.73,2.45,1.98,9,4.147,0.665,2.757755,32179,17320,0,-
13:37:03.314,snap,default,com.coolapk.market,discharging,1,29.6,53.6,100,95,1,22.41,2.37,1.98,13,4.137,0.759,3.1399832,24671,13784,0,-
13:37:04.314,snap,default,com.coolapk.market,discharging,1,29.6,53.6,100,95,1,22.41,2.37,1.98,7,4.14,0.615,2.5461,24671,13784,0,-
13:37:05.316,snap,default,com.coolapk.market,discharging,1,29.6,50.9,100,95,1,22.52,2.3,1.8,11,4.142,0.64,2.65088,21893,12392,0,-
13:37:06.315,snap,default,com.coolapk.market,discharging,1,29.6,50.9,100,95,1,22.52,2.3,1.8,8,4.149,0.665,2.7590852,21893,12392,0,-
13:37:07.315,snap,default,com.coolapk.market,discharging,1,29.6,50.9,100,95,1,22.79,1.88,1.47,7,4.145,0.517,2.142965,21748,12510,0,-
13:37:08.315,snap,default,com.coolapk.market,discharging,1,29.6,50.9,100,95,1,22.79,1.88,1.47,6,4.147,0.549,2.2767031,21748,12510,0,-
13:37:09.316,snap,default,com.coolapk.market,discharging,1,29.6,48.5,100,95,1,22.28,1.54,1.21,8,4.148,0.485,2.01178,16223,8580,0,-
13:37:10.315,snap,default,com.coolapk.market,discharging,1,29.6,48.5,100,95,1,22.28,1.54,1.21,10,4.151,0.517,2.1460671,16223,8580,0,-
13:37:11.316,snap,default,com.coolapk.market,discharging,1,29.6,49.7,100,95,1,21.68,1.26,0.99,10,4.152,0.615,2.55348,21994,12323,0,-
13:37:12.315,snap,default,com.coolapk.market,discharging,1,29.6,49.7,100,95,1,21.68,1.26,0.99,15,4.151,0.557,2.3121068,21994,12323,0,-
13:37:13.316,snap,default,com.coolapk.market,discharging,1,29.6,49.7,100,95,1,21.56,1.03,0.81,15,4.147,0.369,1.5302429,21994,12323,0,-
13:37:14.316,snap,default,com.coolapk.market,discharging,1,29.6,50.1,100,95,1,21.56,1.03,0.81,12,4.157,0.842,3.500194,16046,8920,0,-
13:37:15.320,snap,default,com.coolapk.market,discharging,1,29.6,50.5,100,95,1,20.55,1.02,0.84,44,4.133,0.586,2.421938,16046,8920,0,-
13:37:16.321,snap,default,com.coolapk.market,discharging,1,29.6,50.5,100,95,1,20.55,1.02,0.84,15,4.129,0.607,2.506303,23230,14204,0,-
13:37:17.321,snap,default,com.coolapk.market,discharging,1,29.6,49.7,100,95,1,20.81,0.84,0.69,13,4.139,0.394,1.6307659,23230,14204,0,-
13:37:18.322,snap,default,com.coolapk.market,discharging,1,29.6,48.5,100,95,1,20.81,0.84,0.69,13,4.155,0.719,2.987445,20230,11687,0,-
13:37:19.325,snap,default,com.coolapk.market,discharging,1,29.6,48.5,100,95,1,20.48,0.68,0.56,0,4.148,0.214,0.88767195,20230,11687,0,-
13:37:20.322,snap,default,com.coolapk.market,discharging,1,29.6,48.5,100,95,1,20.48,0.68,0.56,0,4.158,0.264,1.097712,9236,4597,0,-
13:37:21.323,snap,default,com.coolapk.market,discharging,1,29.6,48.5,100,95,1,18.95,0.56,0.46,28,4.156,0.625,2.5975,9236,4597,0,-
13:37:22.323,snap,default,com.coolapk.market,discharging,1,29.6,48.9,100,95,1,18.95,0.56,0.46,15,4.136,0.636,2.630496,19967,11905,0,-
13:37:23.324,snap,default,com.coolapk.market,discharging,1,29.6,49.7,100,95,1,19.68,0.46,0.56,17,4.146,0.499,2.068854,19967,11905,0,-
13:37:24.323,snap,default,com.coolapk.market,discharging,1,29.6,49.7,100,95,1,19.68,0.46,0.56,17,4.136,0.574,2.3740642,22398,12883,0,-
13:37:25.332,snap,default,com.coolapk.market,discharging,1,29.6,48.1,100,95,1,20.1,0.37,0.45,19,4.131,0.348,1.437588,22398,12883,0,-
13:37:26.328,snap,default,com.coolapk.market,discharging,1,29.6,48.1,100,95,1,20.1,0.37,0.45,11,4.152,0.495,2.05524,18378,10010,0,-
13:37:27.326,snap,default,com.coolapk.market,discharging,1,29.6,48.5,100,95,1,20.26,0.3,0.37,11,4.137,0.474,1.9609381,18378,10010,0,-
13:37:28.326,snap,default,com.coolapk.market,discharging,1,29.6,48.5,100,95,1,20.26,0.3,0.37,12,4.143,0.571,2.365653,19839,10949,0,-
13:37:29.327,snap,default,com.coolapk.market,discharging,1,29.6,48.9,100,95,1,20.03,0.25,0.3,12,4.138,0.524,2.168312,19839,10949,0,-
13:37:30.332,snap,default,com.coolapk.market,discharging,1,29.6,49.3,100,95,1,20.03,0.25,0.3,11,4.143,0.543,2.249649,20704,11391,0,-
13:37:31.328,snap,default,com.coolapk.market,discharging,1,29.6,48.9,100,95,1,20.03,0.25,0.3,11,4.143,0.543,2.249649,20704,11391,0,-
13:37:32.328,snap,default,com.coolapk.market,discharging,1,29.6,48.1,100,95,1,20.39,0.2,0.25,13,4.144,0.571,2.366224,24446,13881,0,-
13:37:33.328,snap,default,com.coolapk.market,discharging,1,29.6,48.1,100,95,1,20.39,0.2,0.25,15,4.141,0.589,2.4390488,24446,13881,0,-
13:37:34.329,snap,default,com.coolapk.market,discharging,1,29.6,48.1,100,95,1,20.86,0.16,0.2,10,4.137,0.549,2.271213,20340,11088,0,-
13:37:35.328,snap,default,com.coolapk.market,discharging,1,29.6,48.1,100,95,1,20.86,0.16,0.2,10,4.14,0.539,2.2314599,20340,11088,0,-
13:37:36.330,snap,default,com.coolapk.market,discharging,1,29.6,48.1,100,95,1,20.7,0.13,0.16,12,4.145,0.466,1.9315699,22317,12722,0,-
13:37:37.329,snap,default,com.coolapk.market,discharging,1,29.6,48.9,100,95,1,20.7,0.13,0.16,13,4.145,0.593,2.457985,22317,12722,0,-
13:37:38.330,snap,default,com.coolapk.market,discharging,1,29.6,48.9,100,95,1,20.94,0.11,0.13,14,4.145,0.647,2.6818151,22317,12722,0,-
13:37:39.329,snap,default,com.coolapk.market,discharging,1,29.6,48.9,100,95,1,20.94,0.11,0.13,17,4.138,0.545,2.2552102,21030,11491,0,-
13:37:40.337,snap,default,com.coolapk.market,discharging,1,29.6,51.9,100,95,1,20.77,0.09,0.11,20,4.135,0.889,3.6760151,21030,11491,0,-
13:37:41.339,snap,default,com.coolapk.market,discharging,1,29.6,51.9,100,95,1,22.62,0.25,0.27,20,4.133,0.806,3.331198,29607,15768,0,-
13:37:42.345,snap,default,com.coolapk.market,discharging,1,29.6,51.9,100,95,1,22.62,0.25,0.27,16,4.141,0.961,3.979501,29607,15768,0,-
13:37:43.340,snap,default,com.coolapk.market,discharging,1,29.6,51.9,100,95,1,28.85,1.11,1.67,29,4.107,2.088,8.575416,49526,19094,0,-
13:37:44.340,snap,default,com.android.quicksearchbox,discharging,1,29.6,54.4,100,95,1,28.85,1.11,1.67,29,4.077,1.961,7.994997,49526,19094,0,-
13:37:45.342,snap,default,com.android.quicksearchbox,discharging,1,29.6,54.4,100,95,1,31.77,1.81,2.45,35,4.084,1.604,6.550736,45005,17812,0,-
13:37:46.341,snap,default,com.android.quicksearchbox,discharging,1,29.6,53.6,100,95,1,31.77,1.81,2.45,35,4.119,0.733,3.0192268,45005,17812,0,-
13:37:47.341,snap,default,com.android.quicksearchbox,discharging,1,29.6,53.6,100,95,1,28.01,1.48,2.01,0,4.148,0.377,1.5637959,8754,3666,0,-
13:37:48.346,snap,default,com.android.quicksearchbox,discharging,1,29.6,54,100,95,1,28.01,1.48,2.01,15,4.15,0.3,1.2450001,8754,3666,0,-
13:37:49.343,snap,default,com.android.quicksearchbox,discharging,1,29.6,54,100,95,1,27.28,1.4,1.64,15,4.147,1.015,4.2092047,22808,12369,0,-
13:37:50.342,snap,default,com.resukisu.resukisu,discharging,1,29.6,54,100,95,1,27.28,1.4,1.64,33,4.153,0.452,1.8771559,22808,12369,0,-
13:37:51.343,snap,default,com.resukisu.resukisu,discharging,1,29.6,54,100,95,1,27.05,1.14,1.34,18,4.138,0.723,2.991774,26364,15746,0,-
13:37:52.347,snap,default,com.resukisu.resukisu,discharging,1,29.6,54,100,95,1,27.05,1.14,1.34,24,4.121,0.781,3.2185009,26364,15746,0,-
13:37:53.344,snap,default,com.resukisu.resukisu,discharging,1,29.6,54,100,95,1,27.4,0.93,1.1,22,4.147,0.972,4.030884,28170,14629,0,-
13:37:54.345,snap,default,com.coolapk.market,discharging,1,29.6,54,100,95,1,27.4,0.93,1.1,6,4.128,0.615,2.53872,28170,14629,0,-
13:37:55.344,snap,default,com.coolapk.market,discharging,1,29.6,51,100,95,1,26.06,0.76,0.9,6,4.14,0.535,2.2149,21802,11603,0,-
13:37:56.346,snap,default,com.coolapk.market,discharging,1,29.6,50.5,100,95,1,26.06,0.76,0.9,12,4.138,0.485,2.00693,21802,11603,0,-
13:37:57.344,snap,default,com.coolapk.market,discharging,1,29.6,50.5,100,95,1,25.14,0.62,0.73,10,4.129,0.629,2.5971413,24410,13348,0,-
13:37:58.345,snap,default,com.coolapk.market,discharging,1,29.6,49.7,100,95,1,25.14,0.62,0.73,15,4.144,0.632,2.619008,24410,13348,0,-
13:37:59.345,snap,default,com.coolapk.market,discharging,1,29.6,49.3,100,95,1,24.03,1.05,0.6,0,4.136,0.589,2.436104,21232,11485,0,-
13:38:00.347,snap,default,com.coolapk.market,discharging,1,29.6,49.3,100,95,1,24.03,1.05,0.6,13,4.149,0.543,2.252907,21232,11485,0,-
13:38:01.345,snap,default,com.coolapk.market,discharging,1,29.6,48.9,100,95,1,23.66,0.86,0.49,13,4.141,0.568,2.352088,19644,10984,0,-
13:38:02.348,snap,default,com.coolapk.market,discharging,1,29.6,48.1,100,95,1,23.66,0.86,0.49,13,4.128,0.456,1.8823678,19644,10984,0,-
13:38:03.350,snap,default,com.coolapk.market,discharging,1,29.6,48.9,100,95,1,22.63,0.7,0.4,14,4.142,0.499,2.066858,20022,11033,0,-
13:38:04.349,snap,default,com.coolapk.market,discharging,1,29.6,47.7,100,95,1,22.63,0.7,0.4,15,4.142,0.466,1.9301721,20022,11033,0,-
13:38:05.348,snap,default,com.coolapk.market,discharging,1,29.6,47.7,100,95,1,22.34,0.58,0.33,15,4.135,0.528,2.18328,20022,11033,0,-
13:38:06.350,snap,default,com.coolapk.market,discharging,1,29.6,47.7,100,95,1,22.34,0.58,0.33,11,4.137,0.499,2.064363,17835,9634,0,-
13:38:07.349,snap,default,com.coolapk.market,discharging,1,29.6,48.1,100,95,1,22.09,0.47,0.27,10,4.15,0.46,1.909,17835,9634,0,-
13:38:08.350,snap,default,com.coolapk.market,discharging,1,29.6,48.9,100,95,1,22.09,0.47,0.27,10,4.142,0.73,3.0236602,22318,12599,0,-
13:38:09.349,snap,default,com.coolapk.market,discharging,1,29.6,50.5,100,95,1,22.26,0.38,0.22,24,4.145,0.618,2.56161,22318,12599,0,-
13:38:10.348,snap,default,com.coolapk.market,discharging,1,29.6,52.4,100,95,1,22.26,0.38,0.22,12,4.144,0.806,3.340064,26766,16816,0,-
13:38:11.351,snap,default,com.coolapk.market,discharging,1,29.6,52.4,100,95,1,22.39,0.31,0.36,13,4.113,0.708,2.912004,26766,16816,0,-
13:38:12.350,snap,default,com.coolapk.market,discharging,1,29.6,50.1,100,95,1,22.39,0.31,0.36,13,4.146,0.777,3.221442,23683,13515,0,-
13:38:13.349,snap,default,com.coolapk.market,discharging,1,29.6,49.7,100,95,1,21.96,0.26,0.29,14,4.141,0.553,2.2899728,23683,13515,0,-
13:38:14.351,snap,default,com.coolapk.market,discharging,1,29.6,49.7,100,95,1,21.96,0.26,0.29,16,4.144,0.568,2.3537922,23155,12749,0,-
13:38:15.350,snap,default,com.coolapk.market,discharging,1,29.6,50.5,100,95,1,21.6,0.75,0.24,16,4.141,0.603,2.4970229,23155,12749,0,-
13:38:16.350,snap,default,com.coolapk.market,discharging,1,29.6,50.5,100,95,1,21.6,0.75,0.24,9,4.15,0.462,1.9173001,16965,9173,0,-
13:38:17.353,snap,default,com.coolapk.market,discharging,1,29.6,48.9,100,95,1,21.31,0.61,0.19,6,4.148,0.661,2.741828,16965,9173,0,-
13:38:18.353,snap,default,com.coolapk.market,discharging,1,29.6,48.5,100,95,1,21.31,0.61,0.19,6,4.142,0.452,1.872184,14698,8540,0,-
13:38:19.354,snap,default,com.coolapk.market,discharging,1,29.6,48.5,100,95,1,20.89,0.5,0.16,20,4.152,0.373,1.5486959,14698,8540,0,-
13:38:20.354,snap,default,com.coolapk.market,discharging,1,29.6,48.5,100,95,1,20.89,0.5,0.16,20,4.145,0.574,2.37923,21084,12106,0,-
13:38:21.356,snap,default,com.coolapk.market,discharging,1,29.6,47.7,100,95,1,20.37,0.41,0.13,22,4.149,0.485,2.0122652,21084,12106,0,-
13:38:22.355,snap,default,com.coolapk.market,discharging,1,29.6,47.7,100,95,1,20.37,0.41,0.13,11,4.151,0.369,1.531719,11962,5951,0,-
13:38:23.354,snap,default,com.coolapk.market,discharging,1,29.6,47.7,100,95,1,19.39,0.33,0.1,11,4.151,0.322,1.336622,11962,5951,0,-
13:38:24.358,snap,default,com.coolapk.market,discharging,1,29.6,48.5,100,95,1,19.39,0.33,0.1,16,4.152,0.553,2.2960558,18051,10745,0,-
13:38:25.356,snap,default,com.coolapk.market,discharging,1,29.6,48.5,100,95,1,19.5,0.27,0.08,10,4.134,0.503,2.079402,18051,10745,0,-
13:38:26.355,snap,default,com.coolapk.market,discharging,1,29.6,48.5,100,95,1,19.5,0.27,0.08,12,4.147,0.535,2.218645,19524,11647,0,-
13:38:27.356,snap,default,com.coolapk.market,discharging,1,29.6,49.3,100,95,1,20.32,0.22,0.07,28,4.144,0.535,2.21704,19524,11647,0,-
13:38:28.356,snap,default,com.coolapk.market,discharging,1,29.6,49.3,100,95,1,20.32,0.22,0.07,28,4.133,0.781,3.227873,18313,10968,0,-
13:38:29.359,snap,default,com.coolapk.market,discharging,1,29.6,47.3,100,95,1,19.53,0.18,0.05,27,4.138,0.362,1.4979559,18313,10968,0,-
13:38:30.358,snap,default,com.coolapk.market,discharging,1,29.6,47.3,100,95,1,19.53,0.18,0.05,0,4.149,0.322,1.335978,9182,4847,0,-
13:38:31.357,snap,default,com.coolapk.market,discharging,1,29.6,49.7,100,95,1,18.71,0.15,0.04,0,4.148,0.178,0.73834395,9182,4847,0,-
13:38:32.357,snap,default,com.coolapk.market,discharging,1,29.6,49.7,100,95,1,18.71,0.15,0.04,33,4.154,0.625,2.5962498,9182,4847,0,-
13:38:33.359,snap,default,com.coolapk.market,discharging,1,29.6,48.5,100,95,1,19.31,0.12,0.03,25,4.122,0.702,2.8936443,21500,13614,0,-
13:38:34.358,snap,default,com.coolapk.market,discharging,1,29.6,48.1,100,95,1,19.31,0.12,0.03,22,4.137,0.485,2.0064452,21500,13614,0,-
13:38:35.363,snap,default,com.coolapk.market,discharging,1,29.6,46.9,100,95,1,19.25,0.1,0.03,22,4.145,0.543,2.2507348,17610,10836,0,-
13:38:36.359,snap,default,com.coolapk.market,discharging,1,29.6,46.5,100,95,1,19.25,0.1,0.03,30,4.14,0.34,1.4075999,17610,10836,0,-
13:38:37.361,snap,default,com.coolapk.market,discharging,1,29.6,46.5,100,95,1,18.48,0.26,0.02,30,4.151,0.416,1.726816,12474,7104,0,-
13:38:38.361,snap,default,com.coolapk.market,discharging,1,29.6,46.9,100,95,1,18.48,0.26,0.02,19,4.149,0.466,1.933434,12474,7104,0,-
13:38:39.362,snap,default,com.coolapk.market,discharging,1,29.5,46.9,100,95,1,19.12,0.21,0.02,0,4.138,0.485,2.00693,17909,10163,0,-
13:38:40.363,snap,default,com.coolapk.market,discharging,1,29.5,46.9,100,95,1,19.12,0.21,0.02,16,4.148,0.408,1.6923839,17909,10163,0,-
13:38:41.363,snap,default,com.coolapk.market,discharging,1,29.5,46.9,100,95,1,18.91,0.17,0.01,0,4.14,0.408,1.6891199,14352,7756,0,-
13:38:42.362,snap,default,com.coolapk.market,discharging,1,29.5,46.5,100,95,1,18.91,0.17,0.01,13,4.14,0.419,1.7346599,14352,7756,0,-
13:38:43.363,snap,default,com.coolapk.market,discharging,1,29.5,46.5,100,95,1,19.29,0.14,0.01,14,4.142,0.474,1.9633081,18479,10434,0,-
13:38:44.364,snap,default,com.coolapk.market,discharging,1,29.5,46.9,100,95,1,19.29,0.14,0.01,14,4.14,0.466,1.9292399,18479,10434,0,-
13:38:45.364,snap,default,com.coolapk.market,discharging,1,29.5,47.3,100,95,1,19.78,0.11,0.01,16,4.14,0.51,2.1114,19765,11807,0,-
13:38:46.365,snap,default,com.coolapk.market,discharging,1,29.5,47.3,100,95,1,19.78,0.11,0.01,18,4.149,0.503,2.0869472,19765,11807,0,-
13:38:47.363,snap,default,com.coolapk.market,discharging,1,29.5,47.3,100,95,1,19.82,0.09,0,18,4.143,0.611,2.531373,18637,10939,0,-
13:38:48.364,snap,default,com.coolapk.market,discharging,1,29.5,47.3,100,95,1,19.82,0.09,0,19,4.148,0.315,1.3066199,18637,10939,0,-
13:38:49.364,snap,default,com.coolapk.market,discharging,1,29.5,47.7,100,95,1,20.58,0.07,0,19,4.132,0.582,2.404824,20253,12443,0,-
13:38:50.364,snap,default,com.coolapk.market,discharging,1,29.5,47.7,100,95,1,20.58,0.07,0,16,4.141,0.514,2.128474,20253,12443,0,-
13:38:51.367,snap,default,com.coolapk.market,discharging,1,29.5,47.7,100,95,1,20.65,0.06,0,19,4.141,0.466,1.9297059,20357,11403,0,-
13:38:52.365,snap,default,com.coolapk.market,discharging,1,29.5,47.7,100,95,1,20.65,0.06,0,19,4.14,0.532,2.2024798,20357,11403,0,-
13:38:53.365,snap,default,com.coolapk.market,discharging,1,29.5,47.7,100,95,1,20.53,0.05,0,21,4.138,0.615,2.5448701,17994,10786,0,-
13:38:54.369,snap,default,com.coolapk.market,discharging,1,29.5,47.7,100,95,1,20.53,0.05,0,17,4.133,0.532,2.198756,17994,10786,0,-
13:38:55.370,snap,default,com.coolapk.market,discharging,1,29.5,45.7,100,95,1,19.71,0.04,0,0,4.146,0.214,0.887244,8973,4451,0,-
13:38:56.368,snap,default,com.coolapk.market,discharging,1,29.5,45.7,100,95,1,19.71,0.04,0,0,4.155,0.192,0.79776007,8973,4451,0,-
13:38:57.368,snap,default,com.coolapk.market,discharging,1,29.5,48.5,100,95,1,18.49,0.03,0,10,4.156,0.625,2.5975,8973,4451,0,-
13:38:58.370,snap,default,com.coolapk.market,discharging,1,29.5,48.5,100,95,1,18.49,0.03,0,10,4.135,0.517,2.1377952,19794,11089,0,-
13:38:59.369,snap,default,com.coolapk.market,discharging,1,29.4,47.7,100,95,1,18.77,0.02,0,19,4.153,0.477,1.980981,19794,11089,0,-
13:39:00.369,snap,default,com.coolapk.market,discharging,1,29.4,47.3,100,95,1,18.77,0.02,0,19,4.134,0.528,2.182752,16860,9658,0,-
13:39:01.371,snap,default,com.coolapk.market,discharging,1,29.4,47.3,100,95,1,19.53,0.02,0,14,4.133,0.495,2.045835,16860,9658,0,-
13:39:02.371,snap,default,com.coolapk.market,discharging,1,29.4,46.9,100,95,1,19.53,0.02,0,19,4.136,0.437,1.807432,19749,11314,0,-
13:39:03.371,snap,default,com.coolapk.market,discharging,1,29.4,46.9,100,95,1,19.62,0.01,0,19,4.134,0.524,2.166216,19749,11314,0,-
13:39:04.370,snap,default,com.coolapk.market,discharging,1,29.4,46.9,100,95,1,19.62,0.01,0,22,4.152,0.249,1.0338479,14736,8304,0,-
13:39:05.372,snap,default,com.coolapk.market,discharging,1,29.4,46.5,100,95,1,18.96,0.01,0,22,4.139,0.369,1.5272909,14736,8304,0,-
13:39:06.373,snap,default,com.coolapk.market,discharging,1,29.4,46.5,100,95,1,18.96,0.01,0,22,4.139,0.319,1.320341,13199,7593,0,-
13:39:07.372,snap,default,com.coolapk.market,discharging,1,29.4,46.5,100,95,1,18.79,0.01,0,22,4.156,0.402,1.6707121,13199,7593,0,-
13:39:08.372,snap,default,com.coolapk.market,discharging,1,29.4,47.3,100,95,1,18.79,0.01,0,21,4.148,0.632,2.621536,17925,10706,0,-
13:39:09.372,snap,default,com.coolapk.market,discharging,1,29.4,47.7,100,95,1,19.37,0,0,21,4.122,0.514,2.1187081,17925,10706,0,-
13:39:10.373,snap,default,com.coolapk.market,discharging,1,29.4,47.7,100,95,1,19.37,0,0,18,4.139,0.669,2.768991,22777,13116,0,-
13:39:11.374,snap,default,com.coolapk.market,discharging,1,29.4,50.1,100,95,1,20.21,0,0,25,4.127,0.756,3.1200118,22777,13116,0,-
13:39:12.374,snap,default,com.android.quicksearchbox,discharging,1,29.4,50.1,100,95,1,20.21,0,0,10,4.134,0.911,3.766074,28062,15436,0,-
13:39:13.373,snap,default,com.android.quicksearchbox,discharging,1,29.4,51.3,100,95,1,20.71,0.73,0,25,4.135,0.719,2.9730651,28062,15436,0,-
13:39:14.374,snap,default,com.android.quicksearchbox,discharging,1,29.4,51.3,100,95,1,20.71,0.73,0,42,4.138,0.853,3.5297139,23989,13859,0,-
13:39:15.375,snap,default,com.android.quicksearchbox,discharging,1,29.4,51.7,100,95,1,21.49,0.96,0.36,26,4.102,1.174,4.815748,23989,13859,0,-
13:39:16.374,snap,default,com.android.quicksearchbox,discharging,1,29.4,51.7,100,95,1,21.49,0.96,0.36,26,4.129,0.632,2.6095283,25540,12703,0,-
13:39:17.376,snap,default,com.miui.securitycenter,discharging,1,29.4,51.7,100,95,1,20.85,1.51,1.2,26,4.116,0.954,3.926664,25540,12703,0,-
13:39:18.375,snap,default,com.miui.securitycenter,discharging,1,29.4,51.7,100,95,1,20.85,1.51,1.2,5,4.152,0.543,2.254536,24355,12057,0,-
13:39:19.375,snap,default,com.miui.securitycenter,discharging,1,29.4,52.1,100,95,1,21.79,1.23,0.98,28,4.126,0.899,3.7092738,24355,12057,0,-
13:39:20.380,snap,default,com.miui.securitycenter,discharging,1,29.4,54.8,100,95,1,21.79,1.23,0.98,25,4.098,1.023,4.192254,30504,15163,0,-
13:39:21.376,snap,default,mark.via,discharging,1,29.4,54.8,100,95,1,24,1.37,0.8,0,4.135,0.611,2.5264852,30504,15163,0,-
13:39:22.376,snap,default,mark.via,discharging,1,29.4,52.8,100,95,1,24,1.37,0.8,12,4.132,0.708,2.925456,26647,15039,0,-
13:39:23.378,snap,default,mark.via,discharging,1,29.4,49.8,100,95,1,23.63,1.48,0.65,12,4.137,0.39,1.61343,26647,15039,0,-
13:39:24.378,snap,default,mark.via,discharging,1,29.4,49.7,100,95,1,23.63,1.48,0.65,0,4.149,0.377,1.5641731,26647,15039,0,-
13:39:25.378,snap,default,mark.via,discharging,1,29.4,49.7,100,95,1,22.25,1.21,0.54,6,4.146,0.535,2.21811,11272,5488,0,-
13:39:26.380,snap,default,mark.via,discharging,1,29.4,49.3,100,95,1,22.25,1.21,0.54,6,4.126,0.723,2.9830978,11272,5488,0,-
13:39:27.377,snap,default,mark.via,discharging,1,29.4,49.7,100,95,1,22.39,1.54,0.44,4,4.133,0.712,2.942696,28881,16498,0,-
13:39:28.377,snap,default,mark.via,discharging,1,29.4,49.3,100,95,1,22.39,1.54,0.44,4,4.112,0.582,2.393184,28881,16498,0,-
13:39:29.378,snap,default,mark.via,discharging,1,29.4,48.9,100,95,1,21.77,2.16,0.36,6,4.143,0.597,2.473371,22905,11276,0,-
13:39:30.378,snap,default,mark.via,discharging,1,29.4,48.9,100,95,1,21.77,2.16,0.36,6,4.122,0.644,2.6545682,22905,11276,0,-
13:39:31.379,snap,default,mark.via,discharging,1,29.4,48.1,100,95,1,21.63,2.31,0.29,0,4.128,0.408,1.6842239,21437,9955,0,-
13:39:32.380,snap,default,mark.via,discharging,1,29.4,46.9,100,95,1,21.63,2.31,0.29,0,4.148,0.383,1.5886838,21437,9955,0,-
13:39:33.379,snap,default,mark.via,discharging,1,29.4,46.9,100,95,1,21.15,1.89,0.24,6,4.143,0.394,1.632342,13892,6547,0,-
13:39:34.379,snap,default,mark.via,discharging,1,29.4,46.5,100,95,1,21.15,1.89,0.24,0,4.149,0.394,1.634706,13892,6547,0,-
13:39:35.380,snap,default,mark.via,discharging,1,29.4,46.5,100,95,1,20.22,1.73,0.56,0,4.144,0.373,1.545712,10661,4904,0,-
13:39:36.379,snap,default,mark.via,discharging,1,29.4,46.5,100,95,1,20.22,1.73,0.56,0,4.148,0.38,1.57624,10661,4904,0,-
13:39:37.381,snap,default,mark.via,discharging,1,29.4,46.5,100,95,1,19.63,1.42,0.45,0,4.145,0.416,1.72432,12202,5520,0,-
13:39:38.380,snap,default,mark.via,discharging,1,29.4,46.5,100,95,1,19.63,1.42,0.45,0,4.142,0.377,1.561534,12202,5520,0,-
13:39:39.380,snap,default,mark.via,discharging,1,29.4,46.1,100,95,1,18.97,1.16,0.37,0,4.144,0.373,1.545712,11133,5306,0,-
13:39:40.382,snap,default,mark.via,discharging,1,29.4,46.1,100,95,1,18.97,1.16,0.37,0,4.147,0.514,2.131558,11133,5306,0,-
13:39:41.385,snap,default,mark.via,discharging,1,29.4,49.1,100,95,1,20.43,1.13,0.3,15,4.108,1.308,5.373264,32602,17526,0,-
13:39:42.382,snap,default,mark.via,discharging,1,29.4,52.1,100,95,1,20.43,1.13,0.3,31,4.104,1.687,6.923448,32602,17526,0,-
13:39:43.383,snap,default,mark.via,discharging,1,29.4,55.1,100,95,1,22.16,2.74,1.33,8,4.1,1.315,5.3915,36013,19198,0,-
13:39:44.383,snap,default,mark.via,discharging,1,29.4,55.1,100,95,1,22.16,2.74,1.33,8,4.103,1.698,6.966894,36013,19198,0,-
13:39:45.383,snap,default,com.tencent.gamehelper.smoba,discharging,1,29.4,58.1,100,95,1,24.49,3.51,2.9,1,4.073,1.64,6.67972,36743,18403,0,-
13:39:46.390,snap,default,com.tencent.gamehelper.smoba,discharging,1,29.4,57.2,100,95,1,24.49,3.51,2.9,0,4.13,0.665,2.7464502,36743,18403,0,-
13:39:47.384,snap,default,com.tencent.gamehelper.smoba,discharging,1,29.4,57.2,100,95,1,25.3,3.41,2.56,3,4.132,1.294,5.346808,29640,15094,0,-
13:39:48.384,snap,default,com.tencent.gamehelper.smoba,discharging,1,29.4,60.2,100,95,1,25.3,3.41,2.56,3,4.089,1.911,7.8140793,29640,15094,0,-
13:39:49.386,snap,default,com.tencent.gamehelper.smoba,discharging,1,29.4,63.2,100,95,1,26.52,3.88,3,7,4.089,1.911,7.8140793,40158,20515,0,-
13:39:50.386,snap,default,com.tencent.gamehelper.smoba,discharging,1,29.4,60.2,100,95,1,26.52,3.88,3,7,4.082,1.503,6.135246,40158,20515,0,-
13:39:51.388,snap,default,com.tencent.gamehelper.smoba,discharging,1,29.4,57.2,100,95,1,26.52,3.88,3,7,4.098,0.954,3.909492,40158,20515,0,-
13:39:52.385,snap,default,com.tencent.gamehelper.smoba,discharging,1,29.4,54.4,100,95,1,26.6,3.18,2.45,6,4.121,0.77,3.1731699,19341,10108,0,-
13:39:53.386,snap,default,com.tencent.gamehelper.smoba,discharging,1,29.4,52.1,100,95,1,26.6,3.18,2.45,0,4.135,0.593,2.4520552,19341,10108,0,-
13:39:54.387,snap,default,com.tencent.gamehelper.smoba,discharging,1,29.4,52.1,100,95,1,26.49,2.96,2.19,6,4.136,1.116,4.6157765,23659,13430,0,-
13:39:55.386,snap,default,com.tencent.gamehelper.smoba,discharging,1,29.4,51.3,100,95,1,26.49,2.96,2.19,6,4.114,0.694,2.855116,23659,13430,0,-
13:39:56.388,snap,default,com.tencent.gamehelper.smoba,discharging,1,29.4,51.3,100,95,1,26.4,2.43,1.79,0,4.134,0.589,2.4349258,17156,8403,0,-
13:39:57.387,snap,default,com.tencent.gamehelper.smoba,discharging,1,29.5,53.6,100,95,1,26.4,2.43,1.79,7,4.121,0.936,3.8572557,17156,8403,0,-
13:39:58.387,snap,default,com.tencent.gamehelper.smoba,discharging,1,29.5,53.6,100,95,1,27.78,2.71,2.01,7,4.096,1.268,5.1937284,33106,17317,0,-
13:39:59.391,snap,default,com.tencent.gamehelper.smoba,discharging,1,29.5,50.9,100,95,1,27.78,2.71,2.01,4,4.129,0.868,3.583972,33106,17317,0,-
13:40:00.390,snap,default,com.tencent.gamehelper.smoba,discharging,1,29.5,50.9,100,95,1,27.09,2.22,1.65,0,4.128,0.744,3.0712318,21235,9848,0,-
13:40:01.389,snap,default,com.tencent.gamehelper.smoba,discharging,1,29.5,50.9,100,95,1,27.09,2.22,1.65,5,4.122,0.972,4.006584,21235,9848,0,-
13:40:02.391,snap,default,com.tencent.gamehelper.smoba,discharging,1,29.5,51.3,100,95,1,26.35,2.72,1.71,5,4.131,0.899,3.713769,26350,12112,0,-
13:40:03.388,snap,default,com.tencent.gamehelper.smoba,discharging,1,29.5,51.3,100,95,1,26.35,2.72,1.71,2,4.135,0.802,3.31627,26350,12112,0,-
13:40:04.403,snap,default,com.tencent.gamehelper.smoba,discharging,1,29.5,54.3,100,95,1,26.29,2.41,1.4,2,4.13,0.831,3.43203,29925,16595,0,-
13:40:05.390,snap,default,com.tencent.gamehelper.smoba,discharging,1,29.5,57.3,100,95,1,26.29,2.41,1.4,23,4.113,1.268,5.215284,29925,16595,0,-
13:40:06.389,snap,default,com.ss.android.ugc.aweme,discharging,1,29.5,60.3,100,95,1,29.49,3.96,3.32,23,4.121,1.507,6.2103467,50898,23901,0,-
13:40:07.391,snap,default,com.ss.android.ugc.aweme,discharging,1,29.5,63.3,100,95,1,29.49,3.96,3.32,25,4.103,1.373,5.6334195,50898,23901,0,-
13:40:08.390,snap,default,com.ss.android.ugc.aweme,discharging,1,29.5,61.5,100,95,1,32.66,5.42,5.98,0,4.096,1.203,4.927488,36527,15298,0,-
13:40:09.392,snap,default,com.ss.android.ugc.aweme,discharging,1,29.5,58.5,100,95,1,32.66,5.42,5.98,7,4.132,0.965,3.9873798,36527,15298,0,-
13:40:10.391,snap,default,com.ss.android.ugc.aweme,discharging,1,29.5,55.5,100,95,1,32,4.8,5.07,7,4.11,0.733,3.01263,22400,9993,0,-
13:40:11.390,snap,default,com.ss.android.ugc.aweme,discharging,1,29.5,53.2,100,95,1,32,4.8,5.07,7,4.132,0.644,2.661008,22400,9993,0,-
13:40:12.390,snap,default,com.ss.android.ugc.aweme,discharging,1,29.5,53.2,100,95,1,31.09,5.02,4.52,8,4.133,0.885,3.6577048,31587,16513,0,-
13:40:13.390,snap,default,com.ss.android.ugc.aweme,discharging,1,29.5,53.2,100,95,1,31.09,5.02,4.52,2,4.127,0.95,3.9206498,31587,16513,0,-
13:40:14.390,snap,default,com.ss.android.ugc.aweme,discharging,1,29.5,52.8,100,95,1,30.35,4.65,3.88,1,4.122,0.868,3.577896,22208,10889,0,-
13:40:15.390,snap,default,com.ss.android.ugc.aweme,discharging,1,29.5,52.8,100,95,1,30.35,4.65,3.88,0,4.116,0.802,3.301032,22208,10889,0,-
13:40:16.392,snap,default,com.ss.android.ugc.aweme,discharging,1,29.5,52.8,100,95,1,29.38,3.99,3.17,7,4.118,0.932,3.837976,22208,10889,0,-
13:40:17.395,snap,default,com.ss.android.ugc.aweme,discharging,1,29.5,51.3,100,95,1,29.38,3.99,3.17,5,4.123,0.831,3.426213,22708,11239,0,-
13:40:18.391,snap,default,com.ss.android.ugc.aweme,discharging,1,29.5,51.3,100,95,1,28.59,3.44,2.6,1,4.124,0.694,2.862056,22708,11239,0,-
13:40:19.392,snap,default,com.ss.android.ugc.aweme,discharging,1,29.6,51.3,100,95,1,28.59,3.44,2.6,1,4.128,0.759,3.1331518,23922,11055,0,-
13:40:20.392,snap,default,com.ss.android.ugc.aweme,discharging,1,29.6,52.1,100,95,1,29.93,7.35,5.39,1,4.122,1.156,4.7650323,23922,11055,0,-
13:40:21.392,snap,default,com.ss.android.ugc.aweme,discharging,1,29.6,52.1,100,95,1,29.93,7.35,5.39,1,4.095,0.903,3.697785,22702,11085,0,-
13:40:22.392,snap,default,com.ss.android.ugc.aweme,discharging,1,29.6,52.1,100,95,1,29.58,6.38,5.5,1,4.127,0.727,3.0003288,22702,11085,0,-
13:40:23.392,snap,default,com.ss.android.ugc.aweme,discharging,1,29.6,52.1,100,95,1,29.58,6.38,5.5,2,4.131,0.976,4.031856,24615,10384,0,-
13:40:24.394,snap,default,com.ss.android.ugc.aweme,discharging,1,29.6,51.3,100,95,1,28.93,5.58,4.86,4,4.103,0.943,3.8691292,24615,10384,0,-
13:40:25.393,snap,default,com.ss.android.ugc.aweme,discharging,1,29.6,51.3,100,95,1,28.93,5.58,4.86,4,4.132,0.702,2.900664,16554,7875,0,-
13:40:26.394,snap,default,com.ss.android.ugc.aweme,discharging,1,29.6,50.9,100,95,1,28.22,4.75,3.98,1,4.135,0.611,2.5264852,16554,7875,0,-
13:40:27.396,snap,default,com.ss.android.ugc.aweme,discharging,1,29.6,51.3,100,95,1,28.22,4.75,3.98,1,4.135,0.673,2.782855,15048,6664,0,-
13:40:28.396,snap,default,com.ss.android.ugc.aweme,discharging,1,29.6,51.3,100,95,1,27.27,4.25,3.26,3,4.125,0.654,2.6977499,15048,6664,0,-
13:40:29.397,snap,default,com.ss.android.ugc.aweme,discharging,1,29.6,52.1,100,95,1,27.27,4.25,3.26,3,4.122,0.932,3.8417041,21256,10376,0,-
13:40:30.401,snap,default,com.ss.android.ugc.aweme,discharging,1,29.6,52.1,100,95,1,27.58,3.66,2.67,1,4.128,0.748,3.087744,21256,10376,0,-
13:40:31.397,snap,default,com.ss.android.ugc.aweme,discharging,1,29.6,52.1,100,95,1,27.58,3.66,2.67,4,4.112,0.922,3.791264,21190,10237,0,-
13:40:32.397,snap,default,com.ss.android.ugc.aweme,discharging,1,29.6,52.1,100,95,1,27.84,3.18,2.18,1,4.119,0.727,2.994513,21190,10237,0,-
13:40:33.397,snap,default,com.ss.android.ugc.aweme,discharging,1,29.6,52.1,100,95,1,27.84,3.18,2.18,1,4.123,0.857,3.533411,25628,11981,0,-
13:40:34.397,snap,default,com.ss.android.ugc.aweme,discharging,1,29.6,54,100,95,1,27.87,3.33,2.33,6,4.108,0.972,3.9929757,25628,11981,0,-
13:40:35.398,snap,default,com.ss.android.ugc.aweme,discharging,1,29.6,51.7,100,95,1,27.87,3.33,2.33,3,4.123,0.785,3.2365553,21273,9825,0,-
13:40:36.397,snap,default,com.ss.android.ugc.aweme,discharging,1,29.6,50.9,100,95,1,27.89,3.45,2.27,2,4.125,0.737,3.040125,21273,9825,0,-
13:40:37.397,snap,default,com.ss.android.ugc.aweme,discharging,1,29.6,50.9,100,95,1,27.89,3.45,2.27,2,4.133,0.669,2.764977,23007,10612,0,-
13:40:38.397,snap,default,com.ss.android.ugc.aweme,discharging,1,29.6,53.9,100,95,1,27.37,3,1.86,3,4.13,0.799,3.2998703,23007,10612,0,-
13:40:39.398,snap,default,com.ss.android.ugc.aweme,discharging,1,29.6,56.9,100,95,1,27.37,3,1.86,2,4.108,1.098,4.510584,23852,11805,0,-
13:40:40.398,snap,default,com.ss.android.ugc.aweme,discharging,1,29.6,56.4,100,95,1,27.3,3.18,1.7,2,4.118,0.899,3.702082,23852,11805,0,-
13:40:41.398,snap,default,com.ss.android.ugc.aweme,discharging,1,29.6,53.4,100,95,1,27.3,3.18,1.7,2,4.118,0.799,3.290282,16729,8159,0,-
13:40:42.399,snap,default,com.ss.android.ugc.aweme,discharging,1,29.6,52.4,100,95,1,25.79,2.79,1.39,2,4.134,0.539,2.2282257,16729,8159,0,-
13:40:43.399,snap,default,com.ss.android.ugc.aweme,discharging,1,29.6,49.7,100,95,1,25.79,2.79,1.39,3,4.137,0.629,2.602173,16729,8159,0,-
13:40:44.399,snap,default,com.ss.android.ugc.aweme,discharging,1,29.6,49.3,100,95,1,24.92,2.28,1.14,2,4.129,0.51,2.1057901,16886,8588,0,-
13:40:45.399,snap,default,com.ss.android.ugc.aweme,discharging,1,29.6,48.9,100,95,1,24.92,2.28,1.14,2,4.131,0.539,2.226609,16886,8588,0,-
13:40:46.399,snap,default,com.ss.android.ugc.aweme,discharging,1,29.6,49.3,100,95,1,24.21,1.87,0.93,2,4.129,0.524,2.1635962,16276,8213,0,-
13:40:47.399,snap,default,com.ss.android.ugc.aweme,discharging,1,29.6,52.3,100,95,1,24.21,1.87,0.93,6,4.131,0.6,2.4786,16276,8213,0,-
13:40:48.400,snap,default,com.ss.android.ugc.aweme,discharging,1,29.7,54,100,95,1,24.72,1.89,1.12,6,4.126,1.139,4.6995144,32106,18608,0,-
13:40:49.400,snap,default,com.ss.android.ugc.aweme,discharging,1,29.7,54,100,95,1,24.72,1.89,1.12,6,4.105,0.741,3.041805,32106,18608,0,-
13:40:50.400,snap,default,com.ss.android.ugc.aweme,discharging,1,29.7,54,100,95,1,24.59,2.27,1.1,8,4.144,0.81,3.35664,27747,11705,0,-
13:40:51.400,snap,default,com.ss.android.ugc.aweme,discharging,1,29.7,54,100,95,1,24.59,2.27,1.1,10,4.104,2.056,8.437824,27747,11705,0,-
13:40:52.423,snap,default,com.ss.android.ugc.aweme,discharging,1,29.7,55.6,100,95,1,26.83,4.76,3.07,5,4.066,1.665,6.76989,39219,13878,0,-
13:40:53.423,snap,default,com.miui.home,discharging,1,29.7,54,100,95,1,26.83,4.76,3.07,2,4.099,0.986,4.041614,39219,13878,0,-
13:40:54.424,snap,default,com.miui.home,discharging,1,29.7,54,100,95,1,26.5,4.44,2.7,3,4.13,0.647,2.67211,15436,5159,0,-
13:40:55.424,snap,default,com.miui.home,discharging,1,29.7,54,100,95,1,27.31,4.18,2.75,0,4.133,0.589,2.434337,15436,5159,0,-
13:40:56.424,snap,default,com.miui.home,discharging,1,29.7,57,100,95,1,27.31,4.18,2.75,6,4.135,0.857,3.5436952,20244,8633,0,-
13:40:57.425,snap,default,com.miui.home,discharging,1,29.7,57.2,100,95,1,24.9,4.14,2.98,4,4.106,0.893,3.666658,20244,8633,0,-
13:40:58.425,snap,default,com.miui.home,discharging,1,29.7,57.6,100,95,1,24.9,4.14,2.98,2,4.123,0.871,3.591133,14420,6271,0,-
13:40:59.425,snap,default,com.miui.home,discharging,1,29.7,58.4,100,95,1,22.38,3.93,4.61,1,4.128,0.687,2.8359358,14420,6271,0,-
13:41:00.425,snap,default,com.miui.home,discharging,1,29.7,59.2,100,95,1,22.38,3.93,4.61,1,4.122,0.853,3.516066,11245,4490,0,-
13:41:01.425,snap,default,com.miui.home,discharging,1,29.7,59.2,100,95,1,19.23,3.4,5.22,1,4.116,0.791,3.2557561,11245,4490,0,-
13:41:02.427,snap,default,com.miui.home,discharging,1,29.7,59.2,100,95,1,19.23,3.4,5.22,1,4.118,0.907,3.7350261,29278,13156,0,-
13:41:03.427,snap,default,com.miui.home,discharging,1,29.7,59.2,100,95,1,24.44,3.69,5.73,18,4.096,1.803,7.3850884,29278,13156,0,-
13:41:04.459,snap,default,com.miui.home,discharging,1,29.7,59.2,100,95,1,24.44,3.69,5.73,21,4.07,2.143,8.72201,39588,23345,0,-
13:41:05.427,snap,default,bin.mt.plus.canary,discharging,1,29.7,59.2,100,95,1,24,4.29,5.23,0,4.07,1.886,7.6760206,39588,23345,0,-
13:41:06.427,snap,default,bin.mt.plus.canary,discharging,1,29.7,59.2,100,95,1,24,4.29,5.23,5,4.086,1.903,7.775658,74108,49930,0,-
13:41:07.427,snap,default,bin.mt.plus.canary,discharging,1,29.7,59.2,100,95,1,24.72,4.24,4.64,0,4.072,1.673,6.812456,74108,49930,0,-
13:41:08.435,snap,default,bin.mt.plus.canary,discharging,1,29.7,59.2,100,95,1,24.72,4.24,4.64,0,4.114,1.124,4.6241355,43266,24860,0,-
13:41:09.453,snap,default,bin.mt.plus.canary,discharging,1,29.7,59.2,100,95,1,28.21,4.19,4.16,10,4.079,1.741,7.101539,43266,24860,0,-
13:41:10.434,snap,default,bin.mt.plus.canary,discharging,1,29.8,59.2,100,95,1,28.21,4.19,4.16,24,4.073,2.42,9.85666,43266,24860,0,-
13:41:11.434,snap,default,bin.mt.plus.canary,discharging,1,29.8,59.2,100,95,1,37.23,4.16,3.77,27,4.048,2.449,9.913551,40265,13307,0,-
13:41:12.439,snap,default,bin.mt.plus.canary,discharging,1,29.8,59.2,100,95,1,37.23,4.16,3.77,21,4.083,2.257,9.215331,40265,13307,0,-
13:41:13.452,snap,default,bin.mt.plus.canary,discharging,1,29.8,59.2,100,95,1,41.36,3.76,3.27,27,4.061,2.286,9.283445,42237,19177,0,-
13:41:14.437,snap,default,bin.mt.plus.canary,discharging,1,29.8,59.2,100,95,1,41.36,3.76,3.27,3,4.059,1.849,7.5050907,42237,19177,0,-
13:41:15.439,snap,default,bin.mt.plus.canary,discharging,1,29.8,59.2,100,95,1,48.54,3.62,3.4,7,4.058,1.766,7.166428,36572,11803,0,-
13:41:16.450,snap,default,bin.mt.plus.canary,discharging,1,29.9,59.2,100,95,1,48.54,3.62,3.4,3,4.082,1.557,6.355674,36572,11803,0,-
13:41:17.442,snap,default,bin.mt.plus.canary,discharging,1,29.9,59.2,100,95,1,53.15,3.15,3.14,7,4.083,1.532,6.255156,35858,13200,0,-
13:41:18.451,snap,default,bin.mt.plus.canary,discharging,1,29.9,59.2,100,95,1,53.15,3.15,3.14,4,4.08,1.528,6.23424,35858,13200,0,-
13:41:19.444,snap,default,bin.mt.plus.canary,discharging,1,29.9,59.2,100,95,1,56.74,3.66,3.66,3,4.083,1.503,6.1367493,28078,9814,0,-
13:41:20.446,snap,default,bin.mt.plus.canary,discharging,1,30,59.2,100,95,1,56.74,3.66,3.66,4,4.081,1.532,6.2520914,28078,9814,0,-
13:41:21.455,snap,default,bin.mt.plus.canary,discharging,1,30,59.2,100,95,1,60.59,3.36,3.9,2,4.082,1.582,6.4577236,32737,9818,0,-
13:41:22.454,snap,default,bin.mt.plus.canary,discharging,1,30,59.2,100,95,1,60.59,3.36,3.9,1,4.083,1.615,6.594045,32737,9818,0,-
13:41:23.452,snap,default,bin.mt.plus.canary,discharging,1,30,59.2,100,95,1,62.66,4.02,4.1,2,4.084,1.593,6.505812,36521,12830,0,-
13:41:24.454,snap,default,bin.mt.plus.canary,discharging,1,30,59.2,100,95,1,62.66,4.02,4.1,3,4.074,1.853,7.549122,36521,12830,0,-
13:41:25.454,snap,default,bin.mt.plus.canary,discharging,1,30.1,59.2,100,95,1,62.36,4.56,4.26,4,4.083,2.128,8.688624,47855,19783,0,-
13:41:26.455,snap,default,bin.mt.plus.canary,discharging,1,30.1,59.2,100,95,1,62.36,4.56,4.26,5,4.048,2.232,9.035136,47855,19783,0,-
13:41:27.455,snap,default,bin.mt.plus.canary,discharging,1,30.1,59.2,100,95,1,57.22,4.09,3.49,2,4.099,1.239,5.078661,33435,19239,0,-
13:41:28.455,snap,default,bin.mt.plus.canary,discharging,1,30.1,59.2,100,95,1,57.22,4.09,3.49,1,4.085,1.398,5.71083,33435,19239,0,-
13:41:29.456,snap,default,bin.mt.plus.canary,discharging,1,30.1,59.2,100,95,1,53.19,3.71,2.86,3,4.086,1.521,6.214806,38688,19689,0,-
13:41:30.456,snap,default,bin.mt.plus.canary,discharging,1,30.2,59.2,100,95,1,53.19,3.71,2.86,28,4.062,2.019,8.201178,38688,19689,0,-
13:41:31.456,snap,default,bin.mt.plus.canary,discharging,1,30.2,62.2,100,95,1,50.8,3.77,2.34,11,4.094,1.228,5.027432,38179,21512,0,-
13:41:32.455,snap,default,com.ss.android.ugc.aweme,discharging,1,30.2,65.2,100,95,1,50.8,3.77,2.34,1,4.106,0.936,3.843216,38179,21512,0,-
13:41:33.456,snap,default,com.ss.android.ugc.aweme,discharging,1,30.2,65.5,100,95,1,45.22,3.44,1.91,5,4.093,0.954,3.904722,27818,14772,0,-
13:41:34.458,snap,default,com.ss.android.ugc.aweme,discharging,1,30.2,65.5,100,95,1,45.22,3.44,1.91,3,4.109,1.001,4.1131096,27818,14772,0,-
13:41:35.459,snap,default,com.ss.android.ugc.aweme,discharging,1,30.3,63.5,100,95,1,40.29,3.36,1.57,4,4.12,0.831,3.42372,27818,14772,0,-
13:41:36.457,snap,default,com.ss.android.ugc.aweme,discharging,1,30.3,63.5,100,95,1,40.29,3.36,1.57,5,4.1,0.899,3.6859,29427,16186,0,-
13:41:37.457,snap,default,com.ss.android.ugc.aweme,discharging,1,30.3,65.1,100,95,1,41.14,3.11,1.28,39,4.082,1.9,7.7557993,29427,16186,0,-
13:41:38.459,snap,default,com.ss.android.ugc.aweme,discharging,1,30.3,65.1,100,95,1,41.14,3.11,1.28,32,4.098,1.004,4.114392,40933,20036,0,-
13:41:39.458,snap,default,com.ss.android.ugc.aweme,discharging,1,30.4,62.1,100,95,1,38.76,2.91,1.05,32,4.097,0.853,3.494741,40933,20036,0,-
13:41:40.458,snap,default,bin.mt.plus.canary,discharging,1,30.4,59.6,100,95,1,38.76,2.91,1.05,15,4.102,0.882,3.6179643,31293,17115,0,-
13:41:41.460,snap,default,bin.mt.plus.canary,discharging,1,30.4,60.3,100,95,1,36.63,2.56,0.86,7,4.122,0.698,2.8771563,31293,17115,0,-
13:41:42.462,snap,default,bin.mt.plus.canary,discharging,1,30.4,60.3,100,95,1,36.63,2.56,0.86,11,4.106,1.081,4.4385858,33517,19318,0,-
13:41:43.460,snap,default,bin.mt.plus.canary,discharging,1,30.4,60.3,100,95,1,35.79,2.1,0.7,25,4.106,0.932,3.8267918,33517,19318,0,-
13:41:44.462,snap,default,bin.mt.plus.canary,discharging,1,30.4,57.6,100,95,1,35.79,2.1,0.7,9,4.104,0.524,2.150496,26480,15429,0,-
13:41:45.462,snap,default,bin.mt.plus.canary,discharging,1,30.4,54.6,100,95,1,32.38,1.72,0.57,0,4.131,0.304,1.255824,26480,15429,0,-
13:41:46.461,snap,default,bin.mt.plus.canary,discharging,1,30.4,54,100,95,1,32.38,1.72,0.57,0,4.139,0.38,1.57282,11529,5076,0,-
13:41:47.460,snap,default,bin.mt.plus.canary,discharging,1,30.4,54,100,95,1,30.14,1.4,0.47,5,4.132,0.543,2.243676,11529,5076,0,-
13:41:48.465,snap,default,bin.mt.plus.canary,discharging,1,30.4,54,100,95,1,30.14,1.4,0.47,5,4.131,0.853,3.523743,21410,10698,0,-
13:41:49.464,snap,default,bin.mt.plus.canary,discharging,1,30.4,52.4,100,95,1,28.85,1.33,0.38,0,4.137,0.358,1.4810461,21410,10698,0,-
13:41:50.464,snap,default,bin.mt.plus.canary,discharging,1,30.4,52.4,100,95,1,28.85,1.33,0.38,4,4.121,0.423,1.7431829,9185,4217,0,-
13:41:51.464,snap,default,bin.mt.plus.canary,discharging,1,30.4,52.8,100,95,1,27.97,1.09,0.31,2,4.126,0.499,2.0588741,9185,4217,0,-
13:41:52.463,snap,default,bin.mt.plus.canary,discharging,1,30.4,52.8,100,95,1,27.97,1.09,0.31,2,4.129,0.477,1.9695331,12738,6222,0,-
13:41:53.464,snap,default,bin.mt.plus.canary,discharging,1,30.4,52.8,100,95,1,26.7,0.89,0.25,2,4.132,0.491,2.028812,12738,6222,0,-
13:41:54.465,snap,default,bin.mt.plus.canary,discharging,1,30.4,52.8,100,95,1,26.7,0.89,0.25,3,4.128,0.752,3.1042557,19040,10798,0,-
13:41:55.464,snap,default,bin.mt.plus.canary,discharging,1,30.4,52.8,100,95,1,28.39,0.73,0.21,11,4.108,1.412,5.8004956,19040,10798,0,-
13:41:56.466,snap,default,bin.mt.plus.canary,discharging,1,30.4,52.8,100,95,1,28.39,0.73,0.21,28,4.067,1.387,5.6409287,34729,20493,0,-
13:41:57.465,snap,default,bin.mt.plus.canary,discharging,1,30.4,52.8,100,95,1,31.21,0.59,0.17,2,4.104,1.17,4.80168,34729,20493,0,-
13:41:58.467,snap,default,com.ss.android.ugc.aweme,discharging,1,30.4,52.8,100,95,1,31.21,0.59,0.17,3,4.099,1.33,5.45167,33141,19301,0,-
13:41:59.469,snap,default,com.ss.android.ugc.aweme,discharging,1,30.4,55.8,100,95,1,35.52,0.49,0.14,7,4.092,1.478,6.047976,33141,19301,0,-
13:42:00.467,snap,default,com.ss.android.ugc.aweme,discharging,1,30.4,55.8,100,95,1,35.52,0.49,0.14,9,4.088,1.503,6.1442637,42549,20738,0,-
13:42:01.472,snap,default,com.ss.android.ugc.aweme,discharging,1,30.4,55.8,100,95,1,39.41,0.76,0.11,55,4.063,2.352,9.556176,42549,20738,0,-
13:42:02.468,snap,default,com.ss.android.ugc.aweme,discharging,1,30.4,55.8,100,95,1,39.41,0.76,0.11,35,4.099,1.485,6.087015,42549,20738,0,-
13:42:03.469,snap,default,com.ss.android.ugc.aweme,discharging,1,30.4,55.8,100,95,1,38.25,0.62,0.09,19,4.087,1.207,4.933009,46848,24698,0,-
13:42:04.470,snap,default,com.ss.android.ugc.aweme,discharging,1,30.4,55.8,100,95,1,38.25,0.62,0.09,0,4.096,1.265,5.1814404,46848,24698,0,-
13:42:05.468,snap,default,com.ss.android.ugc.aweme,discharging,1,30.4,58.8,100,95,1,38.2,0.51,0.07,2,4.098,1.207,4.946286,37424,22085,0,-
13:42:06.468,snap,default,com.ss.android.ugc.aweme,discharging,1,30.4,61.8,100,95,1,38.2,0.51,0.07,2,4.095,0.766,3.1367698,37424,22085,0,-
13:42:07.469,snap,default,com.ss.android.ugc.aweme,discharging,1,30.4,62.7,100,95,1,35.09,0.6,0.06,2,4.119,1.091,4.493829,27189,15309,0,-
13:42:08.470,snap,default,com.ss.android.ugc.aweme,discharging,1,30.4,63.1,100,95,1,35.09,0.6,0.06,2,4.122,0.683,2.8153262,27189,15309,0,-
13:42:09.471,snap,default,com.ss.android.ugc.aweme,discharging,1,30.5,60.1,100,95,1,31.27,0.85,0.23,0,4.103,1.058,4.340974,18193,9525,0,-
13:42:10.469,snap,default,com.ss.android.ugc.aweme,discharging,1,30.5,61.9,100,95,1,31.27,0.85,0.23,0,4.117,1.027,4.228159,18193,9525,0,-
13:42:11.470,snap,default,com.ss.android.ugc.aweme,discharging,1,30.5,61.9,100,95,1,28.68,1.24,0.37,0,4.09,0.864,3.5337603,24085,12822,0,-
13:42:12.470,snap,default,com.ss.android.ugc.aweme,discharging,1,30.5,61.9,100,95,1,28.68,1.24,0.37,0,4.111,1.113,4.5755434,24085,12822,0,-
13:42:13.470,snap,default,com.ss.android.ugc.aweme,discharging,1,30.5,58.9,100,95,1,26.74,1.92,0.66,6,4.105,0.77,3.16085,20190,10407,0,-
13:42:14.472,snap,default,com.ss.android.ugc.aweme,discharging,1,30.5,55.9,100,95,1,26.74,1.92,0.66,6,4.113,0.737,3.031281,20190,10407,0,-
13:42:15.472,snap,default,com.ss.android.ugc.aweme,discharging,1,30.5,54.8,100,95,1,24.25,1.57,0.72,7,4.117,0.597,2.457849,15816,7483,0,-
13:42:16.472,snap,default,com.ss.android.ugc.aweme,discharging,1,30.5,52.8,100,95,1,24.25,1.57,0.72,0,4.125,0.437,1.8026251,15816,7483,0,-
13:42:17.471,snap,default,com.ss.android.ugc.aweme,discharging,1,30.5,52.8,100,95,1,22.94,1.28,0.59,0,4.121,0.474,1.9533539,9867,4913,0,-
13:42:18.471,snap,default,com.ss.android.ugc.aweme,discharging,1,30.5,52.4,100,95,1,22.94,1.28,0.59,0,4.13,0.586,2.42018,9867,4913,0,-
13:42:19.472,snap,default,com.ss.android.ugc.aweme,discharging,1,30.5,51.3,100,95,1,21.5,1.23,0.48,0,4.132,0.571,2.359372,13297,5879,0,-
13:42:20.471,snap,default,com.ss.android.ugc.aweme,discharging,1,30.5,51.3,100,95,1,21.5,1.23,0.48,0,4.131,0.539,2.226609,13297,5879,0,-
13:42:21.472,snap,default,com.ss.android.ugc.aweme,discharging,1,30.5,51.7,100,95,1,20.86,1.01,0.39,3,4.105,0.719,2.951495,18181,9507,0,-
13:42:22.472,snap,default,com.ss.android.ugc.aweme,discharging,1,30.5,51.7,100,95,1,20.86,1.01,0.39,7,4.125,0.553,2.2811248,18181,9507,0,-
13:42:23.472,snap,default,com.ss.android.ugc.aweme,discharging,1,30.5,51.7,100,95,1,21.07,1.01,0.32,7,4.125,0.651,2.6853752,19980,11061,0,-
13:42:24.473,snap,default,com.ss.android.ugc.aweme,discharging,1,30.5,51.7,100,95,1,21.07,1.01,0.32,5,4.111,0.661,2.717371,19980,11061,0,-
13:42:25.474,snap,default,com.ss.android.ugc.aweme,discharging,1,30.5,51.7,100,95,1,20.69,0.82,0.26,5,4.108,0.557,2.2881558,21231,11308,0,-
13:42:26.473,snap,default,com.ss.android.ugc.aweme,discharging,1,30.5,51.7,100,95,1,20.69,0.82,0.26,2,4.126,0.539,2.223914,21231,11308,0,-
13:42:27.473,snap,default,com.ss.android.ugc.aweme,discharging,1,30.5,54.7,100,95,1,21.47,0.67,0.21,0,4.12,0.896,3.69152,33281,17596,0,-
13:42:28.474,snap,default,com.ss.android.ugc.aweme,discharging,1,30.5,54.8,100,95,1,21.47,0.67,0.21,3,4.115,0.694,2.85581,33281,17596,0,-
13:42:29.474,snap,default,com.ss.android.ugc.aweme,discharging,1,30.4,54.8,100,95,1,21.57,0.73,0.17,0,4.128,0.81,3.34368,33281,17596,0,-
13:42:30.479,snap,default,com.ss.android.ugc.aweme,discharging,1,30.4,54,100,95,1,21.57,0.73,0.17,0,4.124,0.708,2.9197922,23154,12036,0,-
13:42:31.477,snap,default,com.ss.android.ugc.aweme,discharging,1,30.4,52.4,100,95,1,21.64,0.6,0.14,11,4.131,0.733,3.028023,23154,12036,0,-
13:42:32.476,snap,default,com.ss.android.ugc.aweme,discharging,1,30.4,52.4,100,95,1,21.64,0.6,0.14,0,4.132,0.51,2.1073198,22739,12367,0,-
13:42:33.477,snap,default,com.ss.android.ugc.aweme,discharging,1,30.4,52.8,100,95,1,21.89,0.67,0.11,6,4.102,1.037,4.253774,22739,12367,0,-
13:42:34.479,snap,default,com.ss.android.ugc.aweme,discharging,1,30.4,52.8,100,95,1,21.89,0.67,0.11,6,4.118,0.452,1.861336,28994,15915,0,-
13:42:35.478,snap,default,com.ss.android.ugc.aweme,discharging,1,30.4,50.9,100,95,1,20.82,0.73,0.09,0,4.13,0.354,1.46202,28994,15915,0,-
13:42:36.480,snap,default,com.ss.android.ugc.aweme,discharging,1,30.4,50.9,100,95,1,20.82,0.73,0.09,11,4.135,0.669,2.7663152,13081,6192,0,-
13:42:37.478,snap,default,com.ss.android.ugc.aweme,discharging,1,30.4,53.9,100,95,1,20.82,0.73,0.09,11,4.135,0.669,2.7663152,13081,6192,0,-
13:42:38.479,snap,default,com.ss.android.ugc.aweme,discharging,1,30.4,55.2,100,95,1,21.58,0.78,0.26,0,4.1,0.889,3.6448998,25119,13242,0,-
13:42:39.480,snap,default,com.ss.android.ugc.aweme,discharging,1,30.4,52.4,100,95,1,21.58,0.78,0.26,0,4.107,0.795,3.265065,25119,13242,0,-
13:42:40.480,snap,default,com.ss.android.ugc.aweme,discharging,1,30.4,51.7,100,95,1,20.75,1.72,0.39,5,4.116,0.549,2.259684,15233,7769,0,-
13:42:41.479,snap,default,com.ss.android.ugc.aweme,discharging,1,30.4,50.5,100,95,1,20.75,1.72,0.39,0,4.126,0.405,1.6710299,15233,7769,0,-
13:42:42.480,snap,default,com.ss.android.ugc.aweme,discharging,1,30.4,50.1,100,95,1,20.25,1.41,0.32,5,4.134,0.408,1.6866719,13691,6856,0,-
13:42:43.481,snap,default,com.ss.android.ugc.aweme,discharging,1,30.4,50.5,100,95,1,20.25,1.41,0.32,5,4.103,0.431,1.768393,13691,6856,0,-
13:42:44.485,snap,default,com.ss.android.ugc.aweme,discharging,1,30.4,49.3,100,95,1,19.66,1.33,0.26,5,4.126,0.481,1.984606,19063,8956,0,-
13:42:45.484,snap,default,com.ss.android.ugc.aweme,discharging,1,30.4,49.3,100,95,1,19.66,1.33,0.26,5,4.114,0.622,2.5589077,19063,8956,0,-
13:42:46.484,snap,default,com.ss.android.ugc.aweme,discharging,1,30.4,49.3,100,95,1,20.08,1.45,0.39,5,4.126,0.491,2.025866,16548,7898,0,-
13:42:47.484,snap,default,com.ss.android.ugc.aweme,discharging,1,30.4,48.9,100,95,1,20.08,1.45,0.39,0,4.122,0.578,2.3825161,16548,7898,0,-
13:42:48.485,snap,default,com.ss.android.ugc.aweme,discharging,1,30.4,49.3,100,95,1,19.88,1.55,0.32,5,4.135,0.51,2.10885,18045,9105,0,-
13:42:49.484,snap,default,com.ss.android.ugc.aweme,discharging,1,30.3,48.9,100,95,1,19.88,1.55,0.32,0,4.131,0.553,2.284443,18045,9105,0,-
13:42:50.485,snap,default,com.ss.android.ugc.aweme,discharging,1,30.3,49.3,100,95,1,19.9,1.27,0.26,5,4.123,0.589,2.428447,20836,10488,0,-
13:42:51.485,snap,default,com.ss.android.ugc.aweme,discharging,1,30.3,49.7,100,95,1,19.9,1.27,0.26,5,4.125,0.535,2.206875,20836,10488,0,-
13:42:52.485,snap,default,com.ss.android.ugc.aweme,discharging,1,30.3,50.9,100,95,1,19.56,1.04,0.21,0,4.129,0.528,2.1801121,19723,9723,0,-
13:42:53.486,snap,default,com.ss.android.ugc.aweme,discharging,1,30.3,50.9,100,95,1,19.56,1.04,0.21,4,4.113,0.77,3.1670098,19723,9723,0,-
13:42:54.489,snap,default,com.ss.android.ugc.aweme,discharging,1,30.3,49.7,100,95,1,19.64,0.85,0.36,4,4.107,0.545,2.238315,19723,9723,0,-
13:42:55.487,snap,default,com.ss.android.ugc.aweme,discharging,1,30.3,49.7,100,95,1,19.64,0.85,0.36,4,4.127,0.474,1.956198,18138,9028,0,-
13:42:56.489,snap,default,com.ss.android.ugc.aweme,discharging,1,30.3,49.7,100,95,1,19.52,0.69,0.29,6,4.121,0.477,1.965717,18138,9028,0,-
13:42:57.487,snap,default,com.ss.android.ugc.aweme,discharging,1,30.3,49.7,100,95,1,19.52,0.69,0.29,4,4.13,0.517,2.13521,20933,11486,0,-
13:42:58.486,snap,default,com.ss.android.ugc.aweme,discharging,1,30.3,49.7,100,95,1,19.97,0.57,0.24,4,4.118,0.651,2.680818,20933,11486,0,-
13:42:59.486,snap,default,com.ss.android.ugc.aweme,discharging,1,30.3,49.7,100,95,1,19.97,0.57,0.24,0,4.126,0.474,1.955724,19961,9608,0,-
13:43:00.487,snap,default,com.ss.android.ugc.aweme,discharging,1,30.3,51.3,100,95,1,19.61,0.46,0.19,6,4.13,0.52,2.1476,19961,9608,0,-
13:43:01.487,snap,default,com.ss.android.ugc.aweme,discharging,1,30.3,51.3,100,95,1,19.61,0.46,0.19,6,4.127,0.629,2.595883,24690,12484,0,-
13:43:02.489,snap,default,com.ss.android.ugc.aweme,discharging,1,30.3,51.3,100,95,1,20.22,0.38,0.16,4,4.126,0.756,3.1192558,24690,12484,0,-
13:43:03.487,snap,default,com.ss.android.ugc.aweme,discharging,1,30.3,52.4,100,95,1,20.22,0.38,0.16,0,4.118,0.625,2.57375,21480,11043,0,-
13:43:04.488,snap,default,com.ss.android.ugc.aweme,discharging,1,30.3,50.5,100,95,1,20.18,0.31,0.31,3,4.129,0.597,2.465013,21480,11043,0,-
13:43:05.489,snap,default,com.ss.android.ugc.aweme,discharging,1,30.3,50.5,100,95,1,20.18,0.31,0.31,5,4.125,0.824,3.399,23338,10433,0,-
13:43:06.490,snap,default,com.ss.android.ugc.aweme,discharging,1,30.3,49.3,100,95,1,21.05,3.69,0.98,5,4.124,0.56,2.3094401,23338,10433,0,-
13:43:07.492,snap,default,com.ss.android.ugc.aweme,discharging,1,30.3,48.5,100,95,1,21.05,3.69,0.98,3,4.13,0.51,2.1063,14539,6842,0,-
13:43:08.493,snap,default,com.ss.android.ugc.aweme,discharging,1,30.3,48.5,100,95,1,21.22,3.75,1.16,3,4.126,0.427,1.761802,14539,6842,0,-
13:43:09.492,snap,default,com.ss.android.ugc.aweme,discharging,1,30.2,47.7,100,95,1,21.22,3.75,1.16,0,4.137,0.311,1.286607,9518,4260,0,-
13:43:10.495,snap,default,com.ss.android.ugc.aweme,discharging,1,30.2,47.3,100,95,1,19.73,3.07,0.95,3,4.133,0.351,1.450683,9518,4260,0,-
13:43:11.493,snap,default,com.ss.android.ugc.aweme,discharging,1,30.2,47.3,100,95,1,19.73,3.07,0.95,5,4.123,0.456,1.8800881,14216,7789,0,-
13:43:12.495,snap,default,com.ss.android.ugc.aweme,discharging,1,30.2,47.3,100,95,1,19.42,2.51,0.78,8,4.133,0.39,1.6118699,14216,7789,0,-
13:43:13.495,snap,default,com.ss.android.ugc.aweme,discharging,1,30.2,47.3,100,95,1,19.42,2.51,0.78,2,4.127,0.431,1.778737,13880,7590,0,-
13:43:14.495,snap,default,com.ss.android.ugc.aweme,discharging,1,30.2,47.3,100,95,1,19.16,2.06,0.63,2,4.133,0.34,1.40522,13880,7590,0,-
13:43:15.495,snap,default,com.ss.android.ugc.aweme,discharging,1,30.2,46.9,100,95,1,19.16,2.06,0.63,6,4.129,0.445,1.8374051,13142,7231,0,-
13:43:16.495,snap,default,com.ss.android.ugc.aweme,discharging,1,30.2,46.9,100,95,1,18.77,1.68,0.52,6,4.125,0.362,1.4932499,13142,7231,0,-
13:43:17.495,snap,default,com.ss.android.ugc.aweme,discharging,1,30.2,46.9,100,95,1,18.77,1.68,0.52,3,4.14,0.336,1.39104,14027,7117,0,-
13:43:18.495,snap,default,com.ss.android.ugc.aweme,discharging,1,30.2,48.5,100,95,1,18.27,1.38,0.42,3,4.134,0.408,1.6866719,14027,7117,0,-
13:43:19.498,snap,default,com.ss.android.ugc.aweme,discharging,1,30.1,48.5,100,95,1,18.27,1.38,0.42,3,4.123,0.582,2.3995862,13404,6463,0,-
13:43:20.497,snap,default,com.ss.android.ugc.aweme,discharging,1,30.1,48.5,100,95,1,17.49,1.49,0.35,3,4.135,0.325,1.343875,13404,6463,0,-
13:43:21.496,snap,default,com.ss.android.ugc.aweme,discharging,1,30.1,46.9,100,95,1,17.49,1.49,0.35,0,4.136,0.275,1.1374,13404,6463,0,-
13:43:22.498,snap,default,com.ss.android.ugc.aweme,discharging,1,30.1,46.5,100,95,1,16.68,1.4,0.28,0,4.133,0.383,1.5829389,12242,6316,0,-
13:43:23.496,snap,default,com.ss.android.ugc.aweme,discharging,1,30.1,46.1,100,95,1,16.68,1.4,0.28,0,4.138,0.365,1.51037,12242,6316,0,-
13:43:24.497,snap,default,com.ss.android.ugc.aweme,discharging,1,30.1,46.1,100,95,1,16.01,1.14,0.23,4,4.138,0.315,1.30347,9542,4850,0,-
13:43:25.496,snap,default,com.ss.android.ugc.aweme,discharging,1,30.1,46.9,100,95,1,16.01,1.14,0.23,4,4.131,0.387,1.598697,9542,4850,0,-
13:43:26.496,snap,default,com.ss.android.ugc.aweme,discharging,1,30.1,47.3,100,95,1,16.19,0.94,0.19,5,4.132,0.34,1.40488,12079,6529,0,-
13:43:27.497,snap,default,com.ss.android.ugc.aweme,discharging,1,30.1,47.7,100,95,1,16.19,0.94,0.19,5,4.131,0.514,2.123334,12079,6529,0,-
13:43:28.497,snap,default,com.ss.android.ugc.aweme,discharging,1,30.1,47.7,100,95,1,16.88,0.95,0.15,3,4.132,0.491,2.028812,15840,8286,0,-
13:43:29.503,snap,default,com.ss.android.ugc.aweme,discharging,1,30,47.7,100,95,1,16.88,0.95,0.15,6,4.131,0.362,1.495422,15840,8286,0,-
13:43:30.497,snap,default,com.ss.android.ugc.aweme,discharging,1,30,47.7,100,95,1,16.36,0.77,0.12,6,4.128,0.416,1.717248,11158,5515,0,-
13:43:31.500,snap,default,com.ss.android.ugc.aweme,discharging,1,30,46.1,100,95,1,16.36,0.77,0.12,6,4.136,0.311,1.286296,11158,5515,0,-
13:43:32.497,snap,default,com.ss.android.ugc.aweme,discharging,1,30,47.7,100,95,1,16.65,0.63,0.1,3,4.136,0.466,1.927376,16552,8762,0,-
13:43:33.499,snap,default,com.ss.android.ugc.aweme,discharging,1,30,49.3,100,95,1,16.65,0.63,0.1,3,4.137,0.383,1.584471,16552,8762,0,-
13:43:34.500,snap,default,com.ss.android.ugc.aweme,discharging,1,30,49.3,100,95,1,16.17,0.52,0.08,0,4.131,0.702,2.8999622,14633,6919,0,-
13:43:35.499,snap,default,com.ss.android.ugc.aweme,discharging,1,30,46.9,100,95,1,16.17,0.52,0.08,0,4.131,0.304,1.255824,14633,6919,0,-
13:43:36.502,snap,default,com.ss.android.ugc.aweme,discharging,1,30,46.9,100,95,1,15.78,0.42,0.06,4,4.134,0.311,1.2856739,13425,6196,0,-
13:43:37.499,snap,default,com.ss.android.ugc.aweme,discharging,1,30,47.3,100,95,1,15.78,0.42,0.06,3,4.137,0.553,2.287761,13425,6196,0,-
13:43:38.508,snap,default,com.ss.android.ugc.aweme,discharging,1,30,47.3,100,95,1,16,0.89,0.05,6,4.131,0.481,1.9870111,12586,6766,0,-
13:43:39.500,snap,default,com.ss.android.ugc.aweme,discharging,1,30,47.3,100,95,1,16,0.89,0.05,6,4.137,0.354,1.464498,12586,6766,0,-
13:43:40.501,snap,default,com.ss.android.ugc.aweme,discharging,1,30,48.1,100,95,1,16.72,0.73,0.04,0,4.138,0.586,2.424868,19445,10659,0,-
13:43:41.516,snap,default,com.ss.android.ugc.aweme,discharging,1,30,48.9,100,95,1,16.72,0.73,0.04,0,4.129,0.503,2.0768871,19445,10659,0,-
13:43:42.500,snap,default,com.ss.android.ugc.aweme,discharging,1,29.9,51.9,100,95,1,16.59,1.14,0.03,11,4.132,0.46,1.90072,28468,13738,0,-
13:43:43.500,snap,default,com.ss.android.ugc.aweme,discharging,1,29.9,54.9,100,95,1,16.59,1.14,0.03,11,4.127,0.976,4.0279517,28468,13738,0,-
13:43:44.504,snap,default,com.ss.android.ugc.aweme,discharging,1,29.9,54.9,100,95,1,17.93,1.47,0.03,8,4.123,0.673,2.774779,33084,13917,0,-
13:43:45.505,snap,default,com.ss.android.ugc.aweme,discharging,1,29.9,56,100,95,1,17.93,1.47,0.03,30,4.126,1.352,5.578352,33084,13917,0,-
13:43:46.508,snap,default,com.android.quicksearchbox,discharging,1,29.9,56.8,100,95,1,24.1,1.75,1.83,30,4.063,2.009,8.162568,32909,16791,0,-
13:43:47.505,snap,default,com.android.quicksearchbox,discharging,1,29.9,59.8,100,95,1,24.1,1.75,1.83,28,4.108,0.868,3.5657437,32909,16791,0,-
13:43:48.509,snap,default,com.android.quicksearchbox,discharging,1,29.9,62.8,100,95,1,23.36,1.43,1.5,14,4.09,1.156,4.72804,32909,16791,0,-
13:43:49.505,snap,default,com.ss.android.ugc.aweme,discharging,1,29.9,63.5,100,95,1,23.36,1.43,1.5,0,4.119,1.081,4.4526386,30592,19036,0,-
13:43:50.505,snap,default,com.ss.android.ugc.aweme,discharging,1,29.9,62.7,100,95,1,25.1,1.35,1.23,0,4.105,1.153,4.733065,30592,19036,0,-
13:43:51.506,snap,default,com.ss.android.ugc.aweme,discharging,1,29.9,59.9,100,95,1,25.1,1.35,1.23,0,4.092,1.174,4.804008,28962,16454,0,-
13:43:52.505,snap,default,com.ss.android.ugc.aweme,discharging,1,29.9,56.9,100,95,1,24.36,1.11,1,0,4.088,0.82,3.3521597,28962,16454,0,-
13:43:53.505,snap,default,com.ss.android.ugc.aweme,discharging,1,29.9,55.6,100,95,1,24.36,1.11,1,0,4.114,0.69,2.8386598,17583,8684,0,-
13:43:54.506,snap,default,com.ss.android.ugc.aweme,discharging,1,29.9,54.4,100,95,1,22.84,1.09,0.82,0,4.116,0.744,3.0623043,17583,8684,0,-
13:43:55.506,snap,default,com.ss.android.ugc.aweme,discharging,1,29.9,57.4,100,95,1,22.84,1.09,0.82,0,4.101,0.94,3.85494,19135,10947,0,-
13:43:56.506,snap,default,com.ss.android.ugc.aweme,discharging,1,29.9,54.8,100,95,1,21.42,0.89,0.67,0,4.106,0.733,3.009698,19135,10947,0,-
13:43:57.506,snap,default,com.ss.android.ugc.aweme,discharging,1,29.9,54.8,100,95,1,21.42,0.89,0.67,0,4.105,1.098,4.5072904,22251,11759,0,-
13:43:58.506,snap,default,com.ss.android.ugc.aweme,discharging,1,29.9,54.8,100,95,1,20.98,0.73,0.55,4,4.109,0.687,2.8228831,22251,11759,0,-
13:43:59.507,snap,default,com.ss.android.ugc.aweme,discharging,1,29.9,57.8,100,95,1,20.98,0.73,0.55,4,4.118,0.625,2.57375,21016,11189,0,-
13:44:00.508,snap,default,com.ss.android.ugc.aweme,discharging,1,29.9,58,100,95,1,20.8,0.59,0.45,8,4.122,0.907,3.7386541,21016,11189,0,-
13:44:01.507,snap,default,com.ss.android.ugc.aweme,discharging,1,29.9,55,100,95,1,20.8,0.59,0.45,8,4.103,0.957,3.9265711,19408,10253,0,-
13:44:02.507,snap,default,com.ss.android.ugc.aweme,discharging,1,29.9,54.8,100,95,1,19.93,0.48,0.37,8,4.102,0.495,2.0304902,19408,10253,0,-
13:44:03.510,snap,default,com.ss.android.ugc.aweme,discharging,1,29.9,54.4,100,95,1,19.93,0.48,0.37,8,4.134,0.748,3.092232,21827,12849,0,-
13:44:04.508,snap,default,com.ss.android.ugc.aweme,discharging,1,29.9,53.2,100,95,1,19.58,0.4,0.3,0,4.124,0.683,2.816692,21827,12849,0,-
13:44:05.509,snap,default,com.ss.android.ugc.aweme,discharging,1,29.9,50.9,100,95,1,19.58,0.4,0.3,0,4.124,0.549,2.2640762,17792,8841,0,-
13:44:06.509,snap,default,com.ss.android.ugc.aweme,discharging,1,29.9,50.5,100,95,1,18.75,0.32,0.24,0,4.138,0.574,2.375212,17792,8841,0,-
13:44:07.512,snap,default,com.ss.android.ugc.aweme,discharging,1,29.9,50.5,100,95,1,18.75,0.32,0.24,9,4.114,0.408,1.6785119,15215,7522,0,-
13:44:08.511,snap,default,com.ss.android.ugc.aweme,discharging,1,29.9,49.7,100,95,1,18.98,0.63,0.2,9,4.13,0.571,2.3582299,15215,7522,0,-
13:44:09.511,snap,default,com.ss.android.ugc.aweme,discharging,1,29.9,49.3,100,95,1,18.98,0.63,0.2,5,4.133,0.462,1.909446,16503,8097,0,-
13:44:10.511,snap,default,com.ss.android.ugc.aweme,discharging,1,29.9,49.3,100,95,1,18.62,0.51,0.16,5,4.119,0.462,1.9029781,16503,8097,0,-
13:44:11.512,snap,default,com.ss.android.ugc.aweme,discharging,1,29.9,49.3,100,95,1,18.32,0.42,0.13,6,4.132,0.358,1.479256,13410,7059,0,-
13:44:12.513,snap,default,com.ss.android.ugc.aweme,discharging,1,29.9,47.7,100,95,1,18.32,0.42,0.13,4,4.13,0.358,1.4785401,13410,7059,0,-
13:44:13.513,snap,default,com.ss.android.ugc.aweme,discharging,1,29.9,47.7,100,95,1,18.08,0.34,0.11,0,4.136,0.348,1.439328,13410,7059,0,-
13:44:14.514,snap,default,com.ss.android.ugc.aweme,discharging,1,29.9,47.7,100,95,1,18.08,0.34,0.11,0,4.136,0.319,1.3193841,15031,7623,0,-
13:44:15.512,snap,default,com.ss.android.ugc.aweme,discharging,1,29.9,47.3,100,95,1,17.34,0.28,0.09,5,4.138,0.38,1.57244,15031,7623,0,-
13:44:16.513,snap,default,com.ss.android.ugc.aweme,discharging,1,29.9,47.7,100,95,1,17.34,0.28,0.09,5,4.13,0.448,1.8502401,13038,6343,0,-
13:44:17.512,snap,default,com.ss.android.ugc.aweme,discharging,1,29.9,47.7,100,95,1,17.82,0.41,0.07,4,4.128,0.46,1.8988799,13038,6343,0,-
13:44:18.513,snap,default,com.ss.android.ugc.aweme,discharging,1,29.9,47.7,100,95,1,17.82,0.41,0.07,4,4.126,0.441,1.819566,20015,10194,0,-
13:44:19.512,snap,default,com.ss.android.ugc.aweme,discharging,1,29.9,50.7,100,95,1,19.85,0.51,0.06,9,4.135,0.893,3.6925552,20015,10194,0,-
13:44:20.513,snap,default,com.ss.android.ugc.aweme,discharging,1,29.9,53.2,100,95,1,19.85,0.51,0.06,19,4.112,0.828,3.404736,28805,14619,0,-
13:44:21.512,snap,default,com.ss.android.ugc.aweme,discharging,1,29.9,53.2,100,95,1,23.13,0.6,0.04,23,4.088,0.979,4.0021515,28805,14619,0,-
13:44:22.514,snap,default,com.ss.android.ugc.aweme,discharging,1,29.9,54.8,100,95,1,23.13,0.6,0.04,15,4.111,1.16,4.7687597,37216,17938,0,-
13:44:23.512,snap,default,com.ss.android.ugc.aweme,discharging,1,29.9,54.8,100,95,1,24.74,0.67,0.03,20,4.084,1.033,4.218772,37216,17938,0,-
13:44:24.513,snap,default,com.ss.android.ugc.aweme,discharging,1,29.9,57.8,100,95,1,24.74,0.67,0.03,14,4.082,1.174,4.792268,29946,16624,0,-
13:44:25.513,snap,default,com.ss.android.ugc.aweme,discharging,1,29.9,58.4,100,95,1,23.7,0.73,0.21,20,4.114,0.925,3.80545,29946,16624,0,-
13:44:26.513,snap,default,com.ss.android.ugc.aweme,discharging,1,29.9,58.4,100,95,1,23.7,0.73,0.21,44,4.106,1.323,5.4322376,36563,20888,0,-
13:44:27.513,snap,default,com.ss.android.ugc.aweme,discharging,1,29.9,57.2,100,95,1,24.3,0.78,0.17,43,4.07,1.03,4.1921,36563,20888,0,-
13:44:28.513,snap,default,com.ss.android.ugc.aweme,discharging,1,29.9,60.2,100,95,1,24.3,0.78,0.17,43,4.125,0.986,4.06725,34280,19832,0,-
13:44:29.514,snap,default,com.ss.android.ugc.aweme,discharging,1,29.9,57.2,100,95,1,24.06,1,0.14,17,4.083,0.715,2.9193451,34280,19832,0,-
13:44:30.515,snap,default,com.ss.android.ugc.aweme,discharging,1,29.9,60.2,100,95,1,24.06,1,0.14,17,4.12,0.781,3.21772,23703,10060,0,-
13:44:31.514,snap,default,com.ss.android.ugc.aweme,discharging,1,29.9,57.2,100,95,1,26.04,2.45,0.84,17,4.116,0.914,3.7620242,23703,10060,0,-
13:44:32.516,snap,default,com.android.shell,discharging,1,29.9,56.8,100,95,1,26.04,2.45,0.84,16,4.113,0.665,2.735145,26041,15418,0,-
13:44:33.518,snap,default,com.android.shell,discharging,1,29.9,54.4,100,95,1,24.76,2,0.68,11,4.125,0.495,2.0418751,26041,15418,0,-
13:44:34.518,snap,default,com.android.shell,discharging,1,29.9,51.4,100,95,1,24.76,2,0.68,9,4.125,0.448,1.848,17055,9821,0,-
13:44:35.517,snap,default,com.android.shell,discharging,1,29.9,50.9,100,95,1,23.9,1.64,0.56,14,4.124,0.543,2.239332,17055,9821,0,-
13:44:36.516,snap,default,com.android.shell,discharging,1,29.9,51.3,100,95,1,23.9,1.64,0.56,14,4.104,0.514,2.109456,21234,12131,0,-
13:44:37.523,snap,default,com.android.shell,discharging,1,29.9,54.3,100,95,1,24.46,1.34,0.46,20,4.102,1.145,4.69679,21234,12131,0,-
13:44:38.517,snap,default,com.android.shell,discharging,1,29.9,57.3,100,95,1,24.46,1.34,0.46,28,4.112,1.466,6.028192,37511,20208,0,-
13:44:39.518,snap,default,com.android.shell,discharging,1,29.9,58.8,100,95,1,29.63,1.46,0.92,27,4.085,1.377,5.625045,37511,20208,0,-
13:44:40.518,snap,default,com.android.shell,discharging,1,29.9,61.8,100,95,1,29.63,1.46,0.92,47,4.062,1.723,6.998826,37511,20208,0,-
13:44:41.518,snap,default,com.android.quicksearchbox,discharging,1,29.9,64.8,100,95,1,30.42,1.38,0.75,22,4.089,1.294,5.2911663,46844,24849,0,-
13:44:42.518,snap,default,com.android.quicksearchbox,discharging,1,29.9,66.3,100,95,1,30.42,1.38,0.75,18,4.089,1.29,5.2748103,46844,24849,0,-
13:44:43.518,snap,default,com.android.quicksearchbox,discharging,1,29.9,65.9,100,95,1,31.79,1.12,0.61,6,4.092,1.323,5.413716,38399,25046,0,-
13:44:44.519,snap,default,com.ss.android.ugc.aweme,discharging,1,29.9,65.9,100,95,1,31.79,1.12,0.61,6,4.091,1.098,4.491918,38399,25046,0,-
13:44:45.519,snap,default,com.ss.android.ugc.aweme,discharging,1,29.9,62.9,100,95,1,30.02,1.1,0.5,3,4.117,1.044,4.298148,29099,16327,0,-
13:44:46.518,snap,default,com.ss.android.ugc.aweme,discharging,1,29.9,61.9,100,95,1,30.02,1.1,0.5,3,4.093,1.174,4.805182,29099,16327,0,-
13:44:47.519,snap,default,com.ss.android.ugc.aweme,discharging,1,29.9,64.9,100,95,1,28.56,1.08,0.41,0,4.084,1.33,5.4317203,27335,15145,0,-
13:44:48.519,snap,default,com.ss.android.ugc.aweme,discharging,1,29.9,66.3,100,95,1,28.56,1.08,0.41,5,4.093,0.998,4.084814,27335,15145,0,-
13:44:49.519,snap,default,com.ss.android.ugc.aweme,discharging,1,29.9,63.300003,100,95,1,26.65,0.88,0.33,5,4.123,0.759,3.129357,23200,12914,0,-
13:44:50.519,snap,default,com.ss.android.ugc.aweme,discharging,1,29.9,60.300003,100,95,1,26.65,0.88,0.33,0,4.111,0.802,3.297022,23200,12914,0,-
13:44:51.520,snap,default,com.ss.android.ugc.aweme,discharging,1,29.9,57.300003,100,95,1,25.08,0.72,0.27,3,4.118,0.651,2.680818,20431,11099,0,-
13:44:52.520,snap,default,com.ss.android.ugc.aweme,discharging,1,29.9,54.300003,100,95,1,25.08,0.72,0.27,0,4.127,0.564,2.327628,20431,11099,0,-
13:44:53.520,snap,default,com.ss.android.ugc.aweme,discharging,1,30,52.1,100,95,1,23.43,0.59,0.22,0,4.116,0.543,2.234988,14081,7877,0,-
13:44:54.522,snap,default,com.ss.android.ugc.aweme,discharging,1,30,50.5,100,95,1,23.43,0.59,0.22,0,4.128,0.448,1.849344,14081,7877,0,-
13:44:55.521,snap,default,com.ss.android.ugc.aweme,discharging,1,30,50.1,100,95,1,22.45,0.48,0.54,4,4.121,0.456,1.8791759,8498,4523,0,-
13:44:56.521,snap,default,com.ss.android.ugc.aweme,discharging,1,30,50.1,100,95,1,22.45,0.48,0.54,4,4.126,0.571,2.3559458,8498,4523,0,-
13:44:57.522,snap,default,com.ss.android.ugc.aweme,discharging,1,30,50.1,100,95,1,21.82,0.39,0.44,4,4.119,0.733,3.0192268,15785,7585,0,-
13:44:58.522,snap,default,com.ss.android.ugc.aweme,discharging,1,30,50.1,100,95,1,21.82,0.39,0.44,0,4.125,0.514,2.12025,15785,7585,0,-
13:44:59.522,snap,default,com.ss.android.ugc.aweme,discharging,1,30,50.1,100,95,1,20.59,0.32,0.36,0,4.122,0.495,2.04039,10298,5224,0,-
13:45:00.522,snap,default,com.ss.android.ugc.aweme,discharging,1,30,50.1,100,95,1,20.59,0.32,0.36,5,4.124,0.46,1.89704,10298,5224,0,-
13:45:01.522,snap,default,com.ss.android.ugc.aweme,discharging,1,30,49.7,100,95,1,20.48,0.26,0.29,5,4.116,0.549,2.259684,16309,7816,0,-
13:45:02.522,snap,default,com.ss.android.ugc.aweme,discharging,1,30,49.7,100,95,1,20.48,0.26,0.29,4,4.116,0.549,2.259684,16309,7816,0,-
13:45:03.523,snap,default,com.ss.android.ugc.aweme,discharging,1,30,52.7,100,95,1,20.48,0.26,0.29,4,4.126,0.723,2.9830978,26455,14917,0,-
13:45:04.523,snap,default,com.ss.android.ugc.aweme,discharging,1,30,54,100,95,1,22.38,0.39,0.24,4,4.095,1.153,4.7215347,26455,14917,0,-
13:45:05.523,snap,default,com.ss.android.ugc.aweme,discharging,1,30,51.7,100,95,1,22.38,0.39,0.24,5,4.11,0.658,2.70438,26455,14917,0,-
13:45:06.523,snap,default,com.ss.android.ugc.aweme,discharging,1,30,50.9,100,95,1,21.41,0.32,0.2,5,4.116,0.593,2.440788,18481,10110,0,-
13:45:07.523,snap,default,com.ss.android.ugc.aweme,discharging,1,30,51.7,100,95,1,21.41,0.32,0.2,5,4.109,0.694,2.8516462,18481,10110,0,-
13:45:08.524,snap,default,com.ss.android.ugc.aweme,discharging,1,30,52.4,100,95,1,21.51,0.26,0.34,5,4.112,0.708,2.911296,24101,13166,0,-
13:45:09.524,snap,default,com.ss.android.ugc.aweme,discharging,1,30,52.4,100,95,1,21.51,0.26,0.34,0,4.113,1.055,4.339215,24101,13166,0,-
13:45:10.526,snap,default,com.ss.android.ugc.aweme,discharging,1,30,52.4,100,95,1,20.88,0.21,0.64,0,4.106,0.517,2.122802,18619,9310,0,-
13:45:11.524,snap,default,com.ss.android.ugc.aweme,discharging,1,30,55.4,100,95,1,20.88,0.21,0.64,5,4.126,0.708,2.921208,18619,9310,0,-
13:45:12.528,snap,default,com.ss.android.ugc.aweme,discharging,1,30,56,100,95,1,21.8,0.36,0.7,12,4.101,1.153,4.7284527,30539,16895,0,-
13:45:13.531,snap,default,com.ss.android.ugc.aweme,discharging,1,30,53,100,95,1,21.8,0.36,0.7,0,4.093,0.853,3.491329,30539,16895,0,-
13:45:14.529,snap,default,com.ss.android.ugc.aweme,discharging,1,30,52.1,100,95,1,20.93,0.47,0.58,0,4.12,0.503,2.07236,12226,5924,0,-
13:45:15.526,snap,default,com.ss.android.ugc.aweme,discharging,1,30,50.1,100,95,1,20.93,0.47,0.58,0,4.127,0.462,1.906674,12226,5924,0,-
13:45:16.527,snap,default,com.ss.android.ugc.aweme,discharging,1,30,49.3,100,95,1,19.31,0.39,0.47,0,4.12,0.369,1.5202799,10453,5140,0,-
13:45:17.527,snap,default,com.ss.android.ugc.aweme,discharging,1,30,47.7,100,95,1,19.31,0.39,0.47,0,4.121,0.387,1.5948269,10453,5140,0,-
13:45:18.527,snap,default,com.ss.android.ugc.aweme,discharging,1,30,47.7,100,95,1,17.99,0.31,0.38,0,4.129,0.383,1.5814071,8934,4262,0,-
13:45:19.527,snap,default,com.ss.android.ugc.aweme,discharging,1,30,47.7,100,95,1,17.99,0.31,0.38,0,4.126,0.39,1.6091399,8934,4262,0,-
13:45:20.528,snap,default,com.ss.android.ugc.aweme,discharging,1,30,48.5,100,95,1,17.44,0.26,0.31,0,4.121,0.528,2.1758878,12412,6016,0,-
13:45:21.536,snap,default,com.ss.android.ugc.aweme,discharging,1,30,48.5,100,95,1,17.44,0.26,0.31,0,4.117,0.51,2.09967,12412,6016,0,-
13:45:22.533,snap,default,com.ss.android.ugc.aweme,discharging,1,30,48.1,100,95,1,17.18,0.21,0.26,0,4.123,0.47,1.9378101,11018,5310,0,-
13:45:23.556,snap,default,com.ss.android.ugc.aweme,discharging,1,30,48.1,100,95,1,17.18,0.21,0.26,0,4.126,0.448,1.848448,11018,5310,0,-
13:45:24.556,snap,default,com.ss.android.ugc.aweme,discharging,1,30,48.9,100,95,1,17.51,0.17,0.21,0,4.124,0.408,1.682592,10798,5464,0,-
13:45:25.555,snap,default,com.ss.android.ugc.aweme,discharging,1,30,48.9,100,95,1,17.51,0.17,0.21,4,4.129,0.52,2.14708,10798,5464,0,-
13:45:26.556,snap,default,com.ss.android.ugc.aweme,discharging,1,30,48.1,100,95,1,17.96,0.14,0.17,4,4.12,0.636,2.6203198,14769,7036,0,-
13:45:27.556,snap,default,com.ss.android.ugc.aweme,discharging,1,30,48.1,100,95,1,17.96,0.14,0.17,0,4.12,0.47,1.9363999,14769,7036,0,-
13:45:28.559,snap,default,com.ss.android.ugc.aweme,discharging,1,30,47.7,100,95,1,18.33,0.11,0.14,0,4.121,0.441,1.817361,12580,5928,0,-
13:45:29.558,snap,default,com.ss.android.ugc.aweme,discharging,1,29.9,46.9,100,95,1,18.33,0.11,0.14,0,4.128,0.437,1.8039359,12580,5928,0,-
13:45:30.558,snap,default,com.ss.android.ugc.aweme,discharging,1,29.9,46.5,100,95,1,18.63,0.09,0.11,2,4.124,0.39,1.6083599,11499,5542,0,-
13:45:31.559,snap,default,com.ss.android.ugc.aweme,discharging,1,29.9,46.5,100,95,1,18.63,0.09,0.11,2,4.127,0.448,1.848896,11499,5542,0,-
13:45:32.560,snap,default,com.ss.android.ugc.aweme,discharging,1,29.9,46.5,100,95,1,19.24,0.07,0.09,0,4.12,0.427,1.7592399,11499,5542,0,-
13:45:33.561,snap,default,com.ss.android.ugc.aweme,discharging,1,29.9,46.5,100,95,1,19.24,0.07,0.09,0,4.128,0.477,1.9690559,10437,5069,0,-
13:45:34.558,snap,default,com.ss.android.ugc.aweme,discharging,1,29.9,46.9,100,95,1,19.92,0.06,0.07,0,4.124,0.543,2.239332,10437,5069,0,-
13:45:35.559,snap,default,com.ss.android.ugc.aweme,discharging,1,29.9,48.5,100,95,1,19.92,0.06,0.07,3,4.119,0.6,2.4714,14333,6843,0,-
13:45:36.560,snap,default,com.ss.android.ugc.aweme,discharging,1,29.9,48.5,100,95,1,20.12,0.05,0.06,3,4.1,0.712,2.9192,14333,6843,0,-
13:45:37.561,snap,default,com.ss.android.ugc.aweme,discharging,1,29.9,48.5,100,95,1,20.12,0.05,0.06,3,4.121,0.593,2.4437528,14685,6635,0,-
13:45:38.559,snap,default,com.ss.android.ugc.aweme,discharging,1,29.9,47.7,100,95,1,20.46,0.04,0.05,0,4.12,0.557,2.2948399,14685,6635,0,-
13:45:39.560,snap,default,com.ss.android.ugc.aweme,discharging,1,29.9,47.3,100,95,1,20.46,0.04,0.05,0,4.12,0.574,2.3648798,12442,5700,0,-
13:45:40.560,snap,default,com.ss.android.ugc.aweme,discharging,1,29.9,47.3,100,95,1,20.19,0.03,0.04,0,4.119,0.524,2.158356,12442,5700,0,-
13:45:41.561,snap,default,com.ss.android.ugc.aweme,discharging,1,29.9,47.3,100,95,1,20.19,0.03,0.04,5,4.12,0.524,2.15888,12734,6117,0,-
13:45:42.564,snap,default,com.ss.android.ugc.aweme,discharging,1,29.9,48.9,100,95,1,20.7,0.02,0.03,8,4.125,0.632,2.607,12734,6117,0,-
13:45:43.561,snap,default,com.ss.android.ugc.aweme,discharging,1,29.9,48.9,100,95,1,20.7,0.02,0.03,8,4.115,0.593,2.4401948,14836,7721,0,-
13:45:44.561,snap,default,com.ss.android.ugc.aweme,discharging,1,29.9,48.5,100,95,1,20.57,0.02,0.02,5,4.115,0.499,2.053385,14836,7721,0,-
13:45:45.561,snap,default,com.ss.android.ugc.aweme,discharging,1,29.9,48.1,100,95,1,20.57,0.02,0.02,5,4.127,0.557,2.298739,15378,7112,0,-
13:45:46.561,snap,default,com.ss.android.ugc.aweme,discharging,1,29.9,47.3,100,95,1,20.47,0.01,0.02,0,4.119,0.485,1.997715,15378,7112,0,-
13:45:47.563,snap,default,com.ss.android.ugc.aweme,discharging,1,29.9,47.3,100,95,1,20.47,0.01,0.02,0,4.124,0.448,1.8475521,11446,5642,0,-
13:45:48.561,snap,default,com.ss.android.ugc.aweme,discharging,1,29.9,46.9,100,95,1,20.38,0.01,0.01,0,4.127,0.437,1.803499,11446,5642,0,-
13:45:49.563,snap,default,com.ss.android.ugc.aweme,discharging,1,29.8,47.7,100,95,1,20.38,0.01,0.01,0,4.125,0.462,1.90575,11435,5739,0,-
13:45:50.566,snap,default,com.ss.android.ugc.aweme,discharging,1,29.8,47.3,100,95,1,20.31,0.01,0.01,0,4.121,0.456,1.8791759,11435,5739,0,-
13:45:51.564,snap,default,com.ss.android.ugc.aweme,discharging,1,29.8,47.3,100,95,1,20.31,0.01,0.01,0,4.12,0.474,1.95288,9198,4887,0,-
13:45:52.569,snap,default,com.ss.android.ugc.aweme,discharging,1,29.8,47.3,100,95,1,20.07,0,0.01,0,4.126,0.387,1.596762,9198,4887,0,-
13:45:53.572,snap,default,com.ss.android.ugc.aweme,discharging,1,29.8,48.5,100,95,1,20.07,0,0.01,0,4.126,0.456,1.881456,16950,8306,0,-
13:45:54.569,snap,default,com.ss.android.ugc.aweme,discharging,1,29.8,48.9,100,95,1,20.42,0,0.19,4,4.126,0.708,2.921208,16950,8306,0,-
13:45:55.572,snap,default,com.ss.android.ugc.aweme,discharging,1,29.8,48.9,100,95,1,20.42,0,0.19,0,4.114,0.597,2.456058,22011,10898,0,-
13:45:56.572,snap,default,com.ss.android.ugc.aweme,discharging,1,29.8,51.9,100,95,1,20.89,0.73,0.15,2,4.119,0.752,3.097488,22011,10898,0,-
13:45:57.570,snap,default,com.ss.android.ugc.aweme,discharging,1,29.8,54.9,100,95,1,20.89,0.73,0.15,0,4.107,1.221,5.0146465,39247,19293,0,-
13:45:58.570,snap,default,com.ss.android.ugc.aweme,discharging,1,29.8,56.8,100,95,1,22.72,1.86,1.03,2,4.097,1.352,5.539144,39247,19293,0,-
13:45:59.571,snap,default,com.ss.android.ugc.aweme,discharging,1,29.8,54.8,100,95,1,22.72,1.86,1.03,2,4.083,1.294,5.2834024,39247,19293,0,-
13:46:00.574,snap,default,com.ss.android.ugc.aweme,discharging,1,29.8,51.8,100,95,1,23.31,1.89,0.84,5,4.106,0.6,2.4636002,27650,15100,0,-
13:46:01.572,snap,default,com.ss.android.ugc.aweme,discharging,1,29.8,49.7,100,95,1,23.31,1.89,0.84,0,4.12,0.434,1.7880799,27650,15100,0,-
13:46:02.572,snap,default,com.ss.android.ugc.aweme,discharging,1,29.8,48.5,100,95,1,21.99,1.54,0.69,0,4.122,0.456,1.8796321,14490,7069,0,-
13:46:03.572,snap,default,com.ss.android.ugc.aweme,discharging,1,29.8,48.5,100,95,1,21.99,1.54,0.69,0,4.124,0.532,2.193968,14490,7069,0,-
13:46:04.573,snap,default,com.ss.android.ugc.aweme,discharging,1,29.8,48.9,100,95,1,20.72,1.26,0.56,0,4.124,0.441,1.8186841,17107,8991,0,-
13:46:05.573,snap,default,com.ss.android.ugc.aweme,discharging,1,29.8,49.3,100,95,1,20.72,1.26,0.56,0,4.118,0.658,2.709644,17107,8991,0,-
13:46:06.573,snap,default,com.ss.android.ugc.aweme,discharging,1,29.8,50.1,100,95,1,20.77,1.03,0.46,0,4.11,0.629,2.58519,22275,12351,0,-
13:46:07.574,snap,default,com.ss.android.ugc.aweme,discharging,1,29.8,50.1,100,95,1,20.77,1.03,0.46,0,4.115,0.839,3.4524848,22275,12351,0,-
13:46:08.575,snap,default,com.ss.android.ugc.aweme,discharging,1,29.8,50.5,100,95,1,20.99,0.84,0.37,0,4.103,0.702,2.8803062,21841,11190,0,-
13:46:09.574,snap,default,com.ss.android.ugc.aweme,discharging,1,29.8,49.7,100,95,1,20.99,0.84,0.37,0,4.119,0.615,2.533185,21841,11190,0,-
13:46:10.575,snap,default,com.ss.android.ugc.aweme,discharging,1,29.8,50.5,100,95,1,20.63,0.87,0.31,6,4.121,0.46,1.8956599,14666,6981,0,-
13:46:11.577,snap,default,com.ss.android.ugc.aweme,discharging,1,29.8,49.7,100,95,1,20.63,0.87,0.31,0,4.122,0.603,2.4855661,14666,6981,0,-
13:46:12.576,snap,default,com.ss.android.ugc.aweme,discharging,1,29.8,49.7,100,95,1,20.15,0.71,0.25,0,4.117,0.615,2.531955,17532,8657,0,-
13:46:13.577,snap,default,com.ss.android.ugc.aweme,discharging,1,29.8,49.7,100,95,1,20.15,0.71,0.25,7,4.125,0.574,2.36775,17532,8657,0,-
13:46:14.576,snap,default,com.ss.android.ugc.aweme,discharging,1,29.8,50.5,100,95,1,22.48,2.76,1.83,7,4.122,0.727,2.996694,30851,11903,0,-
13:46:15.577,snap,default,com.ss.android.ugc.aweme,discharging,1,29.8,50.5,100,95,1,22.48,2.76,1.83,7,4.101,1.041,4.2691407,30851,11903,0,-
13:46:16.576,snap,default,com.ss.android.ugc.aweme,discharging,1,29.8,48.9,100,95,1,23.48,3.16,1.86,3,4.109,0.632,2.5968883,20057,9905,0,-
13:46:17.578,snap,default,com.ss.android.ugc.aweme,discharging,1,29.8,48.9,100,95,1,23.48,3.16,1.86,3,4.121,0.73,3.0083299,20057,9905,0,-
13:46:18.577,snap,default,com.ss.android.ugc.aweme,discharging,1,29.8,48.9,100,95,1,23.57,2.59,1.52,5,4.117,0.683,2.811911,20377,10411,0,-
13:46:19.577,snap,default,com.ss.android.ugc.aweme,discharging,1,29.7,48.9,100,95,1,23.57,2.59,1.52,5,4.118,0.759,3.125562,20377,10411,0,-
13:46:20.577,snap,default,com.ss.android.ugc.aweme,discharging,1,29.7,48.9,100,95,1,22.92,2.48,1.25,5,4.107,0.632,2.595624,15240,8473,0,-
13:46:21.578,snap,default,com.ss.android.ugc.aweme,discharging,1,29.7,49.7,100,95,1,22.92,2.48,1.25,5,4.118,0.629,2.5902221,15240,8473,0,-
13:46:22.579,snap,default,com.ss.android.ugc.aweme,discharging,1,29.7,49.7,100,95,1,22.39,2.21,1.02,5,4.12,0.582,2.39784,15041,8334,0,-
13:46:23.578,snap,default,com.ss.android.ugc.aweme,discharging,1,29.7,48.1,100,95,1,22.39,2.21,1.02,5,4.122,0.574,2.366028,15041,8334,0,-
13:46:24.579,snap,default,com.ss.android.ugc.aweme,discharging,1,29.7,47.3,100,95,1,21.96,1.81,0.83,5,4.123,0.506,2.086238,15041,8334,0,-
13:46:25.580,snap,default,com.ss.android.ugc.aweme,discharging,1,29.7,47.7,100,95,1,21.96,1.81,0.83,5,4.117,0.553,2.276701,13531,7651,0,-
13:46:26.579,snap,default,com.ss.android.ugc.aweme,discharging,1,29.7,47.7,100,95,1,21.6,1.48,0.68,5,4.121,0.52,2.1429198,13531,7651,0,-
13:46:27.579,snap,default,com.ss.android.ugc.aweme,discharging,1,29.7,47.7,100,95,1,21.6,1.48,0.68,5,4.124,0.51,2.10324,14859,8453,0,-
13:46:28.579,snap,default,com.ss.android.ugc.aweme,discharging,1,29.7,48.1,100,95,1,21.49,1.21,0.56,5,4.118,0.586,2.4131482,14859,8453,0,-
13:46:29.580,snap,default,com.ss.android.ugc.aweme,discharging,1,29.7,47.7,100,95,1,21.49,1.21,0.56,5,4.118,0.578,2.380204,16360,8690,0,-
13:46:30.579,snap,default,com.ss.android.ugc.aweme,discharging,1,29.7,48.1,100,95,1,21.22,1.35,0.45,6,4.12,0.658,2.71096,16360,8690,0,-
13:46:31.581,snap,default,com.ss.android.ugc.aweme,discharging,1,29.7,47.7,100,95,1,21.22,1.35,0.45,5,4.12,0.557,2.2948399,18104,9718,0,-
13:46:32.580,snap,default,com.ss.android.ugc.aweme,discharging,1,29.7,48.1,100,95,1,21.54,1.11,0.37,5,4.119,0.665,2.739135,18104,9718,0,-
13:46:33.581,snap,default,com.ss.android.ugc.aweme,discharging,1,29.7,47.7,100,95,1,21.54,1.11,0.37,5,4.119,0.517,2.129523,15661,8709,0,-
13:46:34.582,snap,default,com.ss.android.ugc.aweme,discharging,1,29.7,46.5,100,95,1,21.08,0.91,0.3,5,4.122,0.499,2.056878,15661,8709,0,-
13:46:35.582,snap,default,com.ss.android.ugc.aweme,discharging,1,29.7,46.5,100,95,1,21.08,0.91,0.3,5,4.122,0.47,1.9373401,13565,7612,0,-
13:46:36.584,snap,default,com.ss.android.ugc.aweme,discharging,1,29.7,46.9,100,95,1,20.88,0.74,0.25,5,4.116,0.506,2.082696,13565,7612,0,-
13:46:37.582,snap,default,com.ss.android.ugc.aweme,discharging,1,29.7,46.9,100,95,1,20.88,0.74,0.25,4,4.115,0.571,2.3496647,14841,8398,0,-
13:46:38.582,snap,default,com.ss.android.ugc.aweme,discharging,1,29.7,46.9,100,95,1,21.09,0.6,0.2,5,4.117,0.568,2.3384562,14841,8398,0,-
13:46:39.583,snap,default,com.ss.android.ugc.aweme,discharging,1,29.7,46.9,100,95,1,21.09,0.6,0.2,5,4.119,0.578,2.3807821,18265,9498,0,-
13:46:40.582,snap,default,com.ss.android.ugc.aweme,discharging,1,29.7,49.9,100,95,1,21.61,0.49,0.16,5,4.12,0.744,3.06528,18265,9498,0,-
13:46:41.583,snap,default,com.ss.android.ugc.aweme,discharging,1,29.7,52.8,100,95,1,21.61,0.49,0.16,5,4.114,1.008,4.146912,36346,18726,0,-
13:46:42.583,snap,default,com.ss.android.ugc.aweme,discharging,1,29.7,52.8,100,95,1,23.13,0.4,0.13,5,4.104,0.874,3.5868962,36346,18726,0,-
13:46:43.582,snap,default,com.ss.android.ugc.aweme,discharging,1,29.7,52.8,100,95,1,23.13,0.4,0.13,5,4.107,0.849,3.4868429,33846,18738,0,-
13:46:44.585,snap,default,com.ss.android.ugc.aweme,discharging,1,29.7,54,100,95,1,24.19,0.33,0.11,5,4.109,0.983,4.039147,33846,18738,0,-
13:46:45.583,snap,default,com.ss.android.ugc.aweme,discharging,1,29.7,54,100,95,1,24.19,0.33,0.11,5,4.104,0.969,3.9767761,29003,16758,0,-
13:46:46.583,snap,default,com.ss.android.ugc.aweme,discharging,1,29.7,54,100,95,1,24.88,0.27,0.09,5,4.086,1.012,4.1350317,29003,16758,0,-
13:46:47.583,snap,default,com.ss.android.ugc.aweme,discharging,1,29.7,54,100,95,1,24.88,0.27,0.09,4,4.11,0.831,3.41541,33312,18466,0,-
13:46:48.584,snap,default,com.ss.android.ugc.aweme,discharging,1,29.7,53.6,100,95,1,25.27,0.22,0.07,5,4.101,0.889,3.645789,33312,18466,0,-
13:46:49.590,snap,default,com.ss.android.ugc.aweme,discharging,1,29.7,53.6,100,95,1,25.27,0.22,0.07,5,4.112,0.853,3.507536,28651,14595,0,-
13:46:50.584,snap,default,com.ss.android.ugc.aweme,discharging,1,29.7,50.6,100,95,1,25.4,0.18,0.06,5,4.105,0.712,2.92276,28651,14595,0,-
13:46:51.587,snap,default,com.ss.android.ugc.aweme,discharging,1,29.7,49.3,100,95,1,25.4,0.18,0.06,5,4.116,0.618,2.543688,28651,14595,0,-
13:46:52.585,snap,default,com.ss.android.ugc.aweme,discharging,1,29.7,49.3,100,95,1,24.96,0.14,0.04,5,4.118,0.593,2.441974,16267,8418,0,-
13:46:53.585,snap,default,com.ss.android.ugc.aweme,discharging,1,29.7,49.7,100,95,1,24.96,0.14,0.04,5,4.114,0.694,2.855116,16267,8418,0,-
13:46:54.585,snap,default,com.ss.android.ugc.aweme,discharging,1,29.7,50.5,100,95,1,24.97,0.12,0.04,5,4.112,0.799,3.2854881,25147,12465,0,-
13:46:55.585,snap,default,com.ss.android.ugc.aweme,discharging,1,29.7,52.8,100,95,1,24.97,0.12,0.04,5,4.107,1.012,4.156284,25147,12465,0,-
13:46:56.585,snap,default,com.ss.android.ugc.aweme,discharging,1,29.7,55.8,100,95,1,25.7,0.1,0.03,4,4.087,1.139,4.655093,28346,16712,0,-
13:46:57.587,snap,default,com.ss.android.ugc.aweme,discharging,1,29.7,58.8,100,95,1,25.7,0.1,0.03,5,4.103,0.777,3.1880312,28346,16712,0,-
13:46:58.588,snap,default,com.ss.android.ugc.aweme,discharging,1,29.7,55.8,100,95,1,25.21,0.08,0.02,4,4.114,0.607,2.4971979,23066,12318,0,-
13:46:59.586,snap,default,com.ss.android.ugc.aweme,discharging,1,29.7,52.8,100,95,1,25.21,0.08,0.02,4,4.11,0.632,2.59752,23066,12318,0,-
13:47:00.586,snap,default,com.ss.android.ugc.aweme,discharging,1,29.7,50.9,100,95,1,24.63,0.06,0.02,5,4.112,0.785,3.22792,18576,9536,0,-
13:47:01.590,snap,default,com.ss.android.ugc.aweme,discharging,1,29.7,52.1,100,95,1,24.63,0.06,0.02,5,4.096,1.193,4.886528,18576,9536,0,-
13:47:02.597,snap,default,com.ss.android.ugc.aweme,discharging,1,29.7,52.1,100,95,1,24.33,0.05,0.01,5,4.116,0.607,2.4984121,19436,11162,0,-
13:47:03.592,snap,default,com.ss.android.ugc.aweme,discharging,1,29.7,51.7,100,95,1,24.33,0.05,0.01,5,4.115,0.799,3.287885,19436,11162,0,-
13:47:04.591,snap,default,com.ss.android.ugc.aweme,discharging,1,29.7,51.3,100,95,1,24.09,0.04,0.19,5,4.11,0.766,3.1482599,26140,13395,0,-
13:47:05.591,snap,default,com.ss.android.ugc.aweme,discharging,1,29.7,50.1,100,95,1,24.09,0.04,0.19,5,4.116,0.52,2.14032,26140,13395,0,-
13:47:06.590,snap,default,com.ss.android.ugc.aweme,discharging,1,29.7,50.1,100,95,1,23.53,0.03,0.16,5,4.111,0.611,2.511821,17741,8248,0,-
13:47:07.591,snap,default,com.ss.android.ugc.aweme,discharging,1,29.7,48.9,100,95,1,23.53,0.03,0.16,4,4.115,0.64,2.6335998,17741,8248,0,-
13:47:08.591,snap,default,com.ss.android.ugc.aweme,discharging,1,29.7,48.5,100,95,1,22.71,0.02,0.13,0,4.121,0.589,2.4272687,17117,8829,0,-
13:47:09.591,snap,default,com.ss.android.ugc.aweme,discharging,1,29.7,48.5,100,95,1,22.71,0.02,0.13,0,4.117,0.517,2.128489,17117,8829,0,-
13:47:10.591,snap,default,com.ss.android.ugc.aweme,discharging,1,29.7,47.7,100,95,1,22.4,0.02,0.1,0,4.12,0.495,2.0393999,13659,6500,0,-
13:47:11.591,snap,default,com.ss.android.ugc.aweme,discharging,1,29.7,46.9,100,95,1,22.4,0.02,0.1,0,4.121,0.434,1.7885139,13659,6500,0,-
13:47:12.593,snap,default,com.ss.android.ugc.aweme,discharging,1,29.7,46.9,100,95,1,21.78,0.01,0.08,4,4.118,0.491,2.021938,14369,7170,0,-
13:47:13.592,snap,default,com.ss.android.ugc.aweme,discharging,1,29.7,47.3,100,95,1,21.78,0.01,0.08,4,4.114,0.586,2.410804,14369,7170,0,-
13:47:14.592,snap,default,com.ss.android.ugc.aweme,discharging,1,29.7,47.3,100,95,1,21.64,0.01,0.07,1,4.114,0.597,2.456058,19625,9919,0,-
13:47:15.593,snap,default,com.ss.android.ugc.aweme,discharging,1,29.7,47.3,100,95,1,21.64,0.01,0.07,0,4.116,0.73,3.0046802,19625,9919,0,-
13:47:16.593,snap,default,com.ss.android.ugc.aweme,discharging,1,29.7,48.9,100,95,1,22.25,0.01,0.05,6,4.102,0.73,2.9944603,25423,12533,0,-
13:47:17.593,snap,default,com.ss.android.ugc.aweme,discharging,1,29.7,48.9,100,95,1,22.25,0.01,0.05,0,4.12,0.532,2.19184,25423,12533,0,-
13:47:18.593,snap,default,com.ss.android.ugc.aweme,discharging,1,29.7,48.1,100,95,1,21.66,0,0.41,0,4.121,0.528,2.1758878,25423,12533,0,-
13:47:19.594,snap,default,com.ss.android.ugc.aweme,discharging,1,29.7,48.1,100,95,1,21.66,0,0.41,0,4.121,0.535,2.204735,16436,8268,0,-
13:47:20.594,snap,default,com.ss.android.ugc.aweme,discharging,1,29.7,48.1,100,95,1,20.99,0,0.33,0,4.117,0.535,2.2025952,16436,8268,0,-
13:47:21.595,snap,default,com.ss.android.ugc.aweme,discharging,1,29.7,47.7,100,95,1,20.99,0,0.33,0,4.108,0.698,2.867384,18035,9984,0,-
13:47:22.595,snap,default,com.ss.android.ugc.aweme,discharging,1,29.7,47.7,100,95,1,20.63,0,0.45,0,4.121,0.445,1.8338449,18035,9984,0,-
13:47:23.595,snap,default,com.ss.android.ugc.aweme,discharging,1,29.7,46.9,100,95,1,20.63,0,0.45,1,4.123,0.394,1.624462,13567,7147,0,-
13:47:24.595,snap,default,com.ss.android.ugc.aweme,discharging,1,29.7,46.9,100,95,1,19.61,0,0.37,0,4.125,0.47,1.93875,13567,7147,0,-
13:47:25.595,snap,default,com.ss.android.ugc.aweme,discharging,1,29.7,46.5,100,95,1,19.61,0,0.37,0,4.124,0.466,1.921784,13694,6876,0,-
13:47:26.598,snap,default,com.ss.android.ugc.aweme,discharging,1,29.7,46.5,100,95,1,18.77,0,0.3,0,4.112,0.434,1.7846079,13694,6876,0,-
13:47:27.596,snap,default,com.ss.android.ugc.aweme,discharging,1,29.7,46.5,100,95,1,18.77,0,0.3,0,4.125,0.427,1.761375,12888,6328,0,-
13:47:28.596,snap,default,com.ss.android.ugc.aweme,discharging,1,29.7,47.7,100,95,1,18.45,0,0.24,5,4.12,0.702,2.89224,12888,6328,0,-
13:47:29.595,snap,default,com.ss.android.ugc.aweme,discharging,1,29.6,47.7,100,95,1,18.45,0,0.24,8,4.109,0.574,2.358566,21339,11845,0,-
13:47:30.597,snap,default,com.ss.android.ugc.aweme,discharging,1,29.6,47.3,100,95,1,19.27,0.18,0.2,8,4.119,0.491,2.022429,21339,11845,0,-
13:47:31.598,snap,default,com.ss.android.ugc.aweme,discharging,1,29.6,46.9,100,95,1,19.27,0.18,0.2,5,4.117,0.514,2.116138,16425,8239,0,-
13:47:32.597,snap,default,com.ss.android.ugc.aweme,discharging,1,29.6,46.9,100,95,1,19.77,0.14,0.16,4,4.125,0.481,1.984125,16425,8239,0,-
13:47:33.597,snap,default,com.ss.android.ugc.aweme,discharging,1,29.6,49.7,100,95,1,19.77,0.14,0.16,4,4.122,0.983,4.051926,26657,11555,0,-
13:47:34.597,snap,default,com.ss.android.ugc.aweme,discharging,1,29.6,52.4,100,95,1,23.79,1.75,2.67,5,4.089,1.25,5.1112504,26657,11555,0,-
13:47:35.597,snap,default,com.ss.android.ugc.aweme,discharging,1,29.6,52.4,100,95,1,23.79,1.75,2.67,5,4.09,0.896,3.6646402,34587,10154,0,-
13:47:36.597,snap,default,com.ss.android.ugc.aweme,discharging,1,29.6,51.7,100,95,1,29.63,3.42,4.36,5,4.107,0.56,2.2999198,34587,10154,0,-
13:47:37.599,snap,default,com.ss.android.ugc.aweme,discharging,1,29.6,48.7,100,95,1,29.63,3.42,4.36,0,4.123,0.564,2.3253722,18093,8353,0,-
13:47:38.598,snap,default,com.ss.android.ugc.aweme,discharging,1,29.6,48.5,100,95,1,28.25,2.8,3.57,4,4.115,0.715,2.9422247,18093,8353,0,-
13:47:39.598,snap,default,com.ss.android.ugc.aweme,discharging,1,29.6,48.5,100,95,1,28.25,2.8,3.57,0,4.119,0.607,2.500233,20257,9892,0,-
13:47:40.599,snap,default,com.ss.android.ugc.aweme,discharging,1,29.6,48.5,100,95,1,27.47,2.29,2.92,0,4.116,0.539,2.218524,20257,9892,0,-
13:47:41.600,snap,default,com.ss.android.ugc.aweme,discharging,1,29.6,47.3,100,95,1,27.47,2.29,2.92,0,4.111,0.456,1.874616,14009,7091,0,-
13:47:42.599,snap,default,com.ss.android.ugc.aweme,discharging,1,29.6,47.3,100,95,1,26.3,1.88,2.39,7,4.121,0.597,2.4602368,14009,7091,0,-
13:47:43.603,snap,default,com.ss.android.ugc.aweme,discharging,1,29.6,47.3,100,95,1,26.3,1.88,2.39,29,4.088,1.604,6.557152,14009,7091,0,-
13:47:44.603,snap,default,com.ss.android.ugc.aweme,discharging,1,29.6,47.3,100,95,1,31.32,3.53,3.41,29,4.056,1.929,7.8240247,39131,15128,0,-
13:47:45.603,snap,default,com.tencent.mobileqq,discharging,1,29.6,50.3,100,95,1,31.32,3.53,3.41,17,4.07,1.12,4.5584,39131,15128,0,-
13:47:46.604,snap,default,com.tencent.mobileqq,discharging,1,29.6,53.2,100,95,1,33.43,3.79,4.42,9,4.098,0.777,3.1841462,42555,14988,0,-
13:47:47.604,snap,default,com.tencent.mobileqq,discharging,1,29.6,53.2,100,95,1,31.9,3.47,3.8,9,4.114,0.791,3.254174,42555,14988,0,-
13:47:48.604,snap,default,com.tencent.mobileqq,discharging,1,29.6,53.2,100,95,1,31.9,3.47,3.8,9,4.114,0.791,3.254174,27179,12935,0,-
13:47:49.608,snap,default,com.tencent.mobileqq,discharging,1,29.6,55.6,100,95,1,31.9,3.47,3.8,15,4.115,0.932,3.8351798,27179,12935,0,-
13:47:50.610,snap,default,com.tencent.mobileqq,discharging,1,29.6,55.6,100,95,1,29.2,3.2,3.47,30,4.098,0.936,3.835728,26369,10502,0,-
13:47:51.609,snap,default,com.tencent.mobileqq,discharging,1,29.6,52.8,100,95,1,29.2,3.2,3.47,30,4.104,0.828,3.398112,26369,10502,0,-
13:47:52.609,snap,default,com.tencent.mobileqq,discharging,1,29.6,52.4,100,95,1,26.99,4.98,3.2,19,4.088,0.922,3.7691357,31067,13546,0,-
13:47:53.610,snap,default,com.tencent.mobileqq,discharging,1,29.6,52.4,100,95,1,26.99,4.98,3.2,19,4.099,0.791,3.242309,31067,13546,0,-
13:47:54.610,snap,default,com.tencent.mobileqq,discharging,1,29.6,52.1,100,95,1,25.36,4.8,2.62,13,4.11,0.582,2.3920202,21209,9772,0,-
13:47:55.610,snap,default,com.tencent.mobileqq,discharging,1,29.6,51.3,100,95,1,25.36,4.8,2.62,9,4.106,0.452,1.855912,21209,9772,0,-
13:47:56.609,snap,default,com.tencent.mobileqq,discharging,1,29.6,52.1,100,95,1,24.21,4.11,2.15,9,4.116,0.51,2.09916,17698,9341,0,-
13:47:57.610,snap,default,com.tencent.mobileqq,discharging,1,29.6,50.1,100,95,1,24.21,4.11,2.15,15,4.126,0.535,2.20741,17698,9341,0,-
13:47:58.610,snap,default,com.tencent.mobileqq,discharging,1,29.6,53.1,100,95,1,22.72,4.63,2.12,15,4.097,0.835,3.420995,22964,9802,0,-
13:47:59.610,snap,default,com.tencent.mobileqq,discharging,1,29.6,51.3,100,95,1,22.72,4.63,2.12,6,4.109,0.499,2.0503912,22964,9802,0,-
13:48:00.614,snap,default,com.tencent.mobileqq,discharging,1,29.6,51.3,100,95,1,23.31,4.15,1.91,12,4.102,0.864,3.5441282,26031,15078,0,-
13:48:01.612,snap,default,com.tencent.mobileqq,discharging,1,29.6,49.3,100,95,1,23.31,4.15,1.91,15,4.098,0.597,2.446506,26031,15078,0,-
13:48:02.612,snap,default,com.tencent.mobileqq,discharging,1,29.6,48.9,100,95,1,21.99,3.4,1.57,6,4.107,0.423,1.7372609,13136,7607,0,-
13:48:03.612,snap,default,com.tencent.mobileqq,discharging,1,29.6,49.3,100,95,1,21.99,3.4,1.57,6,4.115,0.441,1.8147149,13136,7607,0,-
13:48:04.613,snap,default,com.tencent.mobileqq,discharging,1,29.6,48.1,100,95,1,20.9,2.78,1.28,18,4.101,0.535,2.194035,17844,9693,0,-
13:48:05.612,snap,default,com.tencent.mobileqq,discharging,1,29.6,48.9,100,95,1,20.9,2.78,1.28,18,4.108,0.46,1.8896799,17844,9693,0,-
13:48:06.613,snap,default,com.tencent.mobileqq,discharging,1,29.6,48.5,100,95,1,20.01,2.28,1.05,11,4.12,0.387,1.59444,16675,9505,0,-
13:48:07.613,snap,default,com.tencent.mobileqq,discharging,1,29.6,48.5,100,95,1,20.01,2.28,1.05,11,4.116,0.47,1.9345201,16675,9505,0,-
13:48:08.612,snap,default,com.tencent.mobileqq,discharging,1,29.6,48.1,100,95,1,19.65,1.86,0.86,24,4.122,0.495,2.04039,18647,9439,0,-
13:48:09.614,snap,default,com.tencent.mobileqq,discharging,1,29.6,48.1,100,95,1,19.65,1.86,0.86,10,4.122,0.52,2.14344,18647,9439,0,-
13:48:10.615,snap,default,com.tencent.mobileqq,discharging,1,29.6,48.1,100,95,1,19.89,2.07,0.7,13,4.113,0.673,2.7680488,18647,9439,0,-
13:48:11.614,snap,default,com.tencent.mobileqq,discharging,1,29.6,47.3,100,95,1,19.89,2.07,0.7,13,4.099,0.369,1.5125309,17568,9045,0,-
13:48:12.616,snap,default,com.tencent.mobileqq,discharging,1,29.6,46.5,100,95,1,19,1.69,0.57,13,4.124,0.322,1.3279281,17568,9045,0,-
13:48:13.614,snap,default,com.tencent.mobileqq,discharging,1,29.6,46.5,100,95,1,19,1.69,0.57,7,4.122,0.307,1.265454,9796,4421,0,-
13:48:14.616,snap,default,com.tencent.mobileqq,discharging,1,29.6,46.1,100,95,1,18.46,1.39,0.47,7,4.122,0.373,1.5375061,9796,4421,0,-
13:48:15.616,snap,default,com.tencent.mobileqq,discharging,1,29.6,45.7,100,95,1,18.46,1.39,0.47,5,4.125,0.34,1.4025,11349,5645,0,-
13:48:16.615,snap,default,com.tencent.mobileqq,discharging,1,29.6,45.3,100,95,1,17.83,1.13,0.38,6,4.125,0.348,1.4354999,11349,5645,0,-
13:48:17.616,snap,default,com.tencent.mobileqq,discharging,1,29.6,45.7,100,95,1,17.83,1.13,0.38,6,4.118,0.362,1.490716,9645,4692,0,-
13:48:18.616,snap,default,com.tencent.mobileqq,discharging,1,29.6,45.7,100,95,1,17.14,0.93,0.31,6,4.127,0.358,1.477466,9645,4692,0,-
13:48:19.615,snap,default,com.tencent.mobileqq,discharging,1,29.6,48.1,100,95,1,17.14,0.93,0.31,6,4.115,0.528,2.17272,22589,12650,0,-
13:48:20.618,snap,default,com.tencent.mobileqq,discharging,1,29.6,48.9,100,95,1,18.74,0.76,0.25,8,4.1,0.683,2.8003001,22589,12650,0,-
13:48:21.618,snap,default,com.tencent.mobileqq,discharging,1,29.6,48.9,100,95,1,18.74,0.76,0.25,14,4.123,0.52,2.14396,19639,10048,0,-
13:48:22.617,snap,default,com.tencent.mobileqq,discharging,1,29.6,50.5,100,95,1,19.33,1.16,0.21,5,4.12,0.723,2.9787598,19639,10048,0,-
13:48:23.616,snap,default,com.tencent.mobileqq,discharging,1,29.6,50.5,100,95,1,19.33,1.16,0.21,5,4.091,0.799,3.2687092,27333,15856,0,-
13:48:24.619,snap,default,com.tencent.mobileqq,discharging,1,29.6,50.5,100,95,1,20.36,1.13,0.17,14,4.104,0.549,2.253096,27333,15856,0,-
13:48:25.620,snap,default,com.tencent.mobileqq,discharging,1,29.6,50.1,100,95,1,20.36,1.13,0.17,16,4.094,0.618,2.5300918,20182,11531,0,-
13:48:26.620,snap,default,com.tencent.mobileqq,discharging,1,29.6,50.1,100,95,1,20.11,0.93,0.14,14,4.125,0.506,2.08725,20182,11531,0,-
13:48:27.622,snap,default,com.tencent.mobileqq,discharging,1,29.6,50.9,100,95,1,20.11,0.93,0.14,0,4.114,0.632,2.600048,28918,15708,0,-
13:48:28.621,snap,default,com.tencent.mobileqq,discharging,1,29.6,50.9,100,95,1,21,2.03,0.65,15,4.103,0.936,3.840408,28918,15708,0,-
13:48:29.619,snap,default,com.tencent.mobileqq,discharging,1,29.6,52.1,100,95,1,21,2.03,0.65,25,4.107,0.661,2.714727,18347,10012,0,-
13:48:30.619,snap,default,com.tencent.mobileqq,discharging,1,29.6,52.8,100,95,1,22.44,2.2,1.62,5,4.114,0.412,1.694968,18347,10012,0,-
13:48:31.627,snap,default,com.tencent.mobileqq,discharging,1,29.5,55.8,100,95,1,22.44,2.2,1.62,22,4.098,0.932,3.819336,33907,15735,0,-
13:48:32.623,snap,default,com.tencent.mobileqq,discharging,1,29.5,54,100,95,1,26.53,3.25,3.14,22,4.083,1.145,4.675035,33907,15735,0,-
13:48:33.623,snap,default,com.ss.android.ugc.aweme,discharging,1,29.5,54,100,95,1,26.53,3.25,3.14,29,4.06,1.59,6.4554,34300,15981,0,-
13:48:34.623,snap,default,com.ss.android.ugc.aweme,discharging,1,29.5,53.6,100,95,1,27.7,3.93,2.93,6,4.104,0.86,3.5294402,34300,15981,0,-
13:48:35.623,snap,default,com.ss.android.ugc.aweme,discharging,1,29.5,52.1,100,95,1,27.7,3.93,2.93,2,4.094,0.853,3.4921818,34300,15981,0,-
13:48:36.624,snap,default,com.ss.android.ugc.aweme,discharging,1,29.5,51.7,100,95,1,26.12,4.3,2.4,2,4.109,0.597,2.453073,20167,9560,0,-
13:48:37.624,snap,default,com.ss.android.ugc.aweme,discharging,1,29.5,50.5,100,95,1,26.12,4.3,2.4,2,4.11,0.748,3.0742803,20167,9560,0,-
13:48:38.625,snap,default,com.ss.android.ugc.aweme,discharging,1,29.5,49.7,100,95,1,25.01,3.89,1.96,2,4.112,0.715,2.94008,23091,11744,0,-
13:48:39.627,snap,default,com.ss.android.ugc.aweme,discharging,1,29.5,48.5,100,95,1,25.01,3.89,1.96,5,4.113,0.503,2.068839,23091,11744,0,-
13:48:40.626,snap,default,com.ss.android.ugc.aweme,discharging,1,29.5,48.1,100,95,1,23.56,3.18,1.61,5,4.113,0.423,1.739799,15119,7465,0,-
13:48:41.628,snap,default,com.ss.android.ugc.aweme,discharging,1,29.5,48.1,100,95,1,23.56,3.18,1.61,0,4.121,0.434,1.7885139,15119,7465,0,-
13:48:42.629,snap,default,com.ss.android.ugc.aweme,discharging,1,29.5,48.1,100,95,1,22.73,2.6,1.31,0,4.121,0.629,2.592109,20595,11171,0,-
13:48:43.632,snap,default,com.ss.android.ugc.aweme,discharging,1,29.5,48.5,100,95,1,22.73,2.6,1.31,0,4.11,0.629,2.58519,20595,11171,0,-
13:48:44.633,snap,default,com.ss.android.ugc.aweme,discharging,1,29.5,48.1,100,95,1,22.42,2.13,1.08,0,4.113,0.488,2.007144,14159,6880,0,-
13:48:45.632,snap,default,com.ss.android.ugc.aweme,discharging,1,29.5,46.5,100,95,1,22.42,2.13,1.08,0,4.118,0.47,1.93546,14159,6880,0,-
13:48:46.636,snap,default,com.ss.android.ugc.aweme,discharging,1,29.5,46.5,100,95,1,22.16,1.74,0.88,0,4.12,0.452,1.86224,11919,6090,0,-
13:48:47.633,snap,default,com.ss.android.ugc.aweme,discharging,1,29.5,46.1,100,95,1,22.16,1.74,0.88,5,4.118,0.532,2.190776,11919,6090,0,-
13:48:48.633,snap,default,com.ss.android.ugc.aweme,discharging,1,29.5,46.1,100,95,1,21.77,1.43,0.72,0,4.115,0.412,1.6953799,12690,6518,0,-
13:48:49.634,snap,default,com.ss.android.ugc.aweme,discharging,1,29.5,45.7,100,95,1,21.77,1.43,0.72,3,4.118,0.408,1.680144,12690,6518,0,-
13:48:50.635,snap,default,com.ss.android.ugc.aweme,discharging,1,29.5,46.1,100,95,1,21.63,1.17,0.59,3,4.12,0.445,1.8333999,11882,6088,0,-
13:48:51.633,snap,default,com.ss.android.ugc.aweme,discharging,1,29.5,48.9,100,95,1,21.63,1.17,0.59,0,4.12,0.362,1.4914399,11882,6088,0,-
13:48:52.634,snap,default,com.ss.android.ugc.aweme,discharging,1,29.5,48.9,100,95,1,22.06,0.95,0.48,5,4.119,0.687,2.829753,23038,10490,0,-
13:48:53.637,snap,default,com.ss.android.ugc.aweme,discharging,1,29.5,46.9,100,95,1,22.06,0.95,0.48,0,4.1,0.715,2.9314997,23038,10490,0,-
13:48:54.636,snap,default,com.ss.android.ugc.aweme,discharging,1,29.5,46.1,100,95,1,22.05,0.78,0.39,0,4.118,0.488,2.009584,12371,5903,0,-
13:48:55.640,snap,default,com.ss.android.ugc.aweme,discharging,1,29.5,46.1,100,95,1,22.05,0.78,0.39,0,4.118,0.462,1.902516,12371,5903,0,-
13:48:56.637,snap,default,com.ss.android.ugc.aweme,discharging,1,29.5,46.1,100,95,1,22.04,0.64,0.32,0,4.112,0.495,2.03544,15489,6974,0,-
13:48:57.636,snap,default,com.ss.android.ugc.aweme,discharging,1,29.5,46.9,100,95,1,22.04,0.64,0.32,7,4.111,0.578,2.376158,15489,6974,0,-
13:48:58.638,snap,default,com.ss.android.ugc.aweme,discharging,1,29.5,46.9,100,95,1,22.57,0.7,0.26,7,4.094,0.744,3.0459359,17735,8682,0,-
13:48:59.639,snap,default,com.ss.android.ugc.aweme,discharging,1,29.5,46.9,100,95,1,22.57,0.7,0.26,0,4.11,0.535,2.1988502,17735,8682,0,-
13:49:00.639,snap,default,com.ss.android.ugc.aweme,discharging,1,29.5,46.9,100,95,1,22.83,0.76,0.21,7,4.119,0.586,2.4137342,16622,8431,0,-
13:49:01.639,snap,default,com.ss.android.ugc.aweme,discharging,1,29.5,46.9,100,95,1,22.83,0.76,0.21,2,4.12,0.481,1.98172,16622,8431,0,-
13:49:02.639,snap,default,com.ss.android.ugc.aweme,discharging,1,29.5,46.5,100,95,1,22.86,0.62,0.17,2,4.116,0.514,2.1156242,16622,8431,0,-
13:49:03.639,snap,default,com.ss.android.ugc.aweme,discharging,1,29.5,46.5,100,95,1,22.86,0.62,0.17,2,4.115,0.488,2.0081198,13429,7153,0,-
13:49:04.641,snap,default,com.ss.android.ugc.aweme,discharging,1,29.5,46.5,100,95,1,23.25,0.5,0.14,3,4.111,0.597,2.454267,13429,7153,0,-
13:49:05.639,snap,default,com.ss.android.ugc.aweme,discharging,1,29.5,46.5,100,95,1,23.25,0.5,0.14,0,4.099,0.543,2.225757,20204,10043,0,-
13:49:06.639,snap,default,com.ss.android.ugc.aweme,discharging,1,29.5,46.1,100,95,1,22.84,0.41,0.11,0,4.114,0.485,1.99529,20204,10043,0,-
13:49:07.645,snap,default,com.ss.android.ugc.aweme,discharging,1,29.5,45.7,100,95,1,22.84,0.41,0.11,0,4.121,0.474,1.9533539,13793,6745,0,-
13:49:08.640,snap,default,com.ss.android.ugc.aweme,discharging,1,29.5,45.7,100,95,1,23.05,0.52,0.09,0,4.111,0.499,2.051389,13793,6745,0,-
13:49:09.640,snap,default,com.ss.android.ugc.aweme,discharging,1,29.5,46.1,100,95,1,23.05,0.52,0.09,0,4.118,0.427,1.7583859,11470,5659,0,-
13:49:10.641,snap,default,com.ss.android.ugc.aweme,discharging,1,29.5,46.5,100,95,1,23.04,0.42,0.07,0,4.118,0.488,2.009584,11470,5659,0,-
13:49:11.641,snap,default,com.ss.android.ugc.aweme,discharging,1,29.5,46.9,100,95,1,23.04,0.42,0.07,5,4.118,0.632,2.6025763,18904,9762,0,-
13:49:12.641,snap,default,com.ss.android.ugc.aweme,discharging,1,29.5,46.9,100,95,1,23.21,0.35,0.06,2,4.109,0.452,1.8572681,18904,9762,0,-
13:49:13.642,snap,default,com.ss.android.ugc.aweme,discharging,1,29.5,46.9,100,95,1,23.21,0.35,0.06,1,4.121,0.491,2.0234108,14376,7512,0,-
13:49:14.643,snap,default,com.ss.android.ugc.aweme,discharging,1,29.5,46.5,100,95,1,22.63,0.28,0.05,1,4.116,0.47,1.9345201,14376,7512,0,-
13:49:15.642,snap,default,com.ss.android.ugc.aweme,discharging,1,29.5,46.5,100,95,1,22.63,0.28,0.05,1,4.117,0.448,1.8444161,13549,6932,0,-
13:49:16.642,snap,default,com.ss.android.ugc.aweme,discharging,1,29.5,47.3,100,95,1,22.7,0.23,0.04,7,4.119,0.499,2.055381,13549,6932,0,-
13:49:17.643,snap,default,com.ss.android.ugc.aweme,discharging,1,29.5,48.1,100,95,1,22.7,0.23,0.04,4,4.117,0.835,3.437695,23388,11617,0,-
13:49:18.646,snap,default,com.ss.android.ugc.aweme,discharging,1,29.5,48.1,100,95,1,22.39,0.55,0.39,4,4.099,0.918,3.762882,23388,11617,0,-
13:49:19.644,snap,default,com.ss.android.ugc.aweme,discharging,1,29.4,48.1,100,95,1,22.39,0.55,0.39,2,4.115,0.456,1.8764399,15548,8229,0,-
13:49:20.643,snap,default,com.ss.android.ugc.aweme,discharging,1,29.4,47.7,100,95,1,22.68,0.45,0.32,11,4.118,0.535,2.20313,15548,8229,0,-
13:49:21.645,snap,default,com.ss.android.ugc.aweme,discharging,1,29.4,47.7,100,95,1,22.68,0.45,0.32,0,4.107,0.607,2.492949,14804,7423,0,-
13:49:22.645,snap,default,com.ss.android.ugc.aweme,discharging,1,29.4,46.1,100,95,1,22.19,0.37,0.26,0,4.121,0.434,1.7885139,14804,7423,0,-
13:49:23.644,snap,default,com.ss.android.ugc.aweme,discharging,1,29.4,45.7,100,95,1,22.19,0.37,0.26,0,4.118,0.402,1.655436,9709,4923,0,-
13:49:24.646,snap,default,com.ss.android.ugc.aweme,discharging,1,29.4,45.7,100,95,1,21.79,0.3,0.21,0,4.12,0.358,1.47496,9709,4923,0,-
13:49:25.647,snap,default,com.ss.android.ugc.aweme,discharging,1,29.4,45.7,100,95,1,21.79,0.3,0.21,0,4.121,0.377,1.553617,13381,6572,0,-
13:49:26.647,snap,default,com.ss.android.ugc.aweme,discharging,1,29.4,45.7,100,95,1,21.11,0.24,0.17,0,4.117,0.38,1.56446,13381,6572,0,-
13:49:27.648,snap,default,com.ss.android.ugc.aweme,discharging,1,29.4,45.3,100,95,1,21.11,0.24,0.17,0,4.123,0.383,1.579109,11735,5397,0,-
13:49:28.645,snap,default,com.ss.android.ugc.aweme,discharging,1,29.4,45.3,100,95,1,20.9,0.2,0.14,0,4.107,0.398,1.634586,11735,5397,0,-
13:49:29.647,snap,default,com.ss.android.ugc.aweme,discharging,1,29.4,45.3,100,95,1,20.9,0.2,0.14,0,4.115,0.408,1.6789199,11735,5397,0,-
13:49:30.647,snap,default,com.ss.android.ugc.aweme,discharging,1,29.4,45.7,100,95,1,20.56,0.34,0.11,0,4.124,0.358,1.476392,12462,5755,0,-
13:49:31.647,snap,default,com.ss.android.ugc.aweme,discharging,1,29.4,45.7,100,95,1,20.56,0.34,0.11,4,4.116,0.549,2.259684,12462,5755,0,-
13:49:32.650,snap,default,com.ss.android.ugc.aweme,discharging,1,29.4,45.7,100,95,1,20.09,0.28,0.27,0,4.111,0.434,1.784174,13614,6583,0,-
13:49:33.648,snap,default,com.ss.android.ugc.aweme,discharging,1,29.4,45.7,100,95,1,20.09,0.28,0.27,0,4.122,0.437,1.8013141,13614,6583,0,-
13:49:34.648,snap,default,com.ss.android.ugc.aweme,discharging,1,29.4,45.3,100,95,1,19.89,0.23,0.22,0,4.106,0.51,2.09406,13641,6847,0,-
13:49:35.649,snap,default,com.ss.android.ugc.aweme,discharging,1,29.4,45.3,100,95,1,19.89,0.23,0.22,0,4.12,0.423,1.74276,13641,6847,0,-
13:49:36.648,snap,default,com.ss.android.ugc.aweme,discharging,1,29.4,45.3,100,95,1,19.91,0.19,0.18,4,4.121,0.427,1.7596669,14155,6584,0,-
13:49:37.649,snap,default,com.ss.android.ugc.aweme,discharging,1,29.4,45.3,100,95,1,19.91,0.19,0.18,4,4.117,0.452,1.8608841,14155,6584,0,-
13:49:38.653,snap,default,com.ss.android.ugc.aweme,discharging,1,29.4,45.3,100,95,1,19.93,0.15,0.15,4,4.122,0.394,1.624068,15480,7446,0,-
13:49:39.649,snap,default,com.ss.android.ugc.aweme,discharging,1,29.4,44.9,100,95,1,19.93,0.15,0.15,4,4.121,0.362,1.4918019,15480,7446,0,-
13:49:40.649,snap,default,com.ss.android.ugc.aweme,discharging,1,29.4,44.9,100,95,1,19.58,0.12,0.12,0,4.121,0.377,1.553617,11379,5235,0,-
13:49:41.653,snap,default,com.ss.android.ugc.aweme,discharging,1,29.4,45.3,100,95,1,19.58,0.12,0.12,0,4.123,0.358,1.476034,11379,5235,0,-
13:49:42.653,snap,default,com.ss.android.ugc.aweme,discharging,1,29.4,45.3,100,95,1,19.65,0.1,0.1,0,4.116,0.503,2.0703483,16030,7446,0,-
13:49:43.653,snap,default,com.ss.android.ugc.aweme,discharging,1,29.4,46.1,100,95,1,19.65,0.1,0.1,4,4.114,0.574,2.361436,16030,7446,0,-
13:49:44.655,snap,default,com.ss.android.ugc.aweme,discharging,1,29.4,46.1,100,95,1,20.26,0.08,0.08,4,4.112,0.423,1.7393761,17920,8470,0,-
13:49:45.654,snap,default,com.ss.android.ugc.aweme,discharging,1,29.4,45.3,100,95,1,20.26,0.08,0.08,0,4.121,0.348,1.4341079,17920,8470,0,-
13:49:46.655,snap,default,com.ss.android.ugc.aweme,discharging,1,29.4,44.9,100,95,1,19.85,0.06,0.24,0,4.12,0.405,1.6686,11150,5106,0,-
13:49:47.657,snap,default,com.ss.android.ugc.aweme,discharging,1,29.4,44.9,100,95,1,19.85,0.06,0.24,4,4.119,0.52,2.1418798,11150,5106,0,-
13:49:48.655,snap,default,com.ss.android.ugc.aweme,discharging,1,29.4,44.9,100,95,1,19.69,0.05,0.2,0,4.1,0.466,1.9106,13909,6601,0,-
13:49:49.655,snap,default,com.ss.android.ugc.aweme,discharging,1,29.4,45.3,100,95,1,19.69,0.05,0.2,0,4.116,0.402,1.6546321,13909,6601,0,-
13:49:50.655,snap,default,com.ss.android.ugc.aweme,discharging,1,29.3,44.9,100,95,1,19.39,0.22,0.16,0,4.12,0.336,1.3843199,11234,5267,0,-
13:49:51.655,snap,default,com.ss.android.ugc.aweme,discharging,1,29.3,45.3,100,95,1,19.39,0.22,0.16,0,4.114,0.47,1.9335799,11234,5267,0,-
13:49:52.655,snap,default,com.ss.android.ugc.aweme,discharging,1,29.3,46.9,100,95,1,19.86,0.36,0.31,0,4.1,0.864,3.5424001,22850,11143,0,-
13:49:53.656,snap,default,com.ss.android.ugc.aweme,discharging,1,29.3,46.9,100,95,1,19.86,0.36,0.31,5,4.115,0.499,2.053385,22850,11143,0,-
13:49:54.658,snap,default,com.ss.android.ugc.aweme,discharging,1,29.3,46.1,100,95,1,19.88,0.3,0.44,5,4.115,0.448,1.8435199,22850,11143,0,-
13:49:55.657,snap,default,com.ss.android.ugc.aweme,discharging,1,29.3,45.7,100,95,1,19.88,0.3,0.44,0,4.116,0.408,1.6793281,13266,6167,0,-
13:49:56.658,snap,default,com.ss.android.ugc.aweme,discharging,1,29.3,45.3,100,95,1,19.54,0.24,0.36,0,4.116,0.387,1.592892,13266,6167,0,-
13:49:57.658,snap,default,com.ss.android.ugc.aweme,discharging,1,29.3,45.3,100,95,1,19.54,0.24,0.36,0,4.115,0.39,1.6048498,11157,5242,0,-
13:49:58.659,snap,default,com.ss.android.ugc.aweme,discharging,1,29.3,44.6,100,95,1,19.26,0.2,0.29,0,4.122,0.373,1.5375061,11157,5242,0,-
13:49:59.658,snap,default,com.ss.android.ugc.aweme,discharging,1,29.3,44.6,100,95,1,19.26,0.2,0.29,0,4.117,0.412,1.6962041,11711,5585,0,-
13:50:00.659,snap,default,com.ss.android.ugc.aweme,discharging,1,29.3,44.9,100,95,1,19.39,0.16,0.24,0,4.114,0.423,1.740222,11711,5585,0,-
13:50:01.661,snap,default,com.ss.android.ugc.aweme,discharging,1,29.3,44.9,100,95,1,19.39,0.16,0.24,0,4.116,0.481,1.979796,12078,5787,0,-
13:50:02.665,snap,default,com.ss.android.ugc.aweme,discharging,1,29.3,44.9,100,95,1,19.32,0.13,0.19,0,4.117,0.423,1.7414911,12078,5787,0,-
13:50:03.658,snap,default,com.ss.android.ugc.aweme,discharging,1,29.3,44.9,100,95,1,19.32,0.13,0.19,0,4.115,0.351,1.4443649,11345,5520,0,-
13:50:04.659,snap,default,com.ss.android.ugc.aweme,discharging,1,29.3,44.9,100,95,1,19.44,0.1,0.16,0,4.118,0.517,2.1290061,11345,5520,0,-
13:50:05.659,snap,default,com.ss.android.ugc.aweme,discharging,1,29.3,44.9,100,95,1,19.44,0.1,0.16,0,4.116,0.383,1.576428,13350,6805,0,-
13:50:06.661,snap,default,com.ss.android.ugc.aweme,discharging,1,29.3,44.9,100,95,1,19.18,0.08,0.13,0,4.121,0.354,1.4588339,13350,6805,0,-
13:50:07.660,snap,default,com.ss.android.ugc.aweme,discharging,1,29.3,44.9,100,95,1,19.18,0.08,0.13,0,4.121,0.39,1.6071899,10321,5068,0,-
13:50:08.661,snap,default,com.ss.android.ugc.aweme,discharging,1,29.3,44.2,100,95,1,18.97,0.07,0.1,0,4.121,0.358,1.475318,10321,5068,0,-
13:50:09.660,snap,default,com.ss.android.ugc.aweme,discharging,1,29.3,44.2,100,95,1,18.97,0.07,0.1,4,4.12,0.416,1.71392,11553,6098,0,-
13:50:10.663,snap,default,com.ss.android.ugc.aweme,discharging,1,29.3,45.7,100,95,1,19.33,0.05,0.08,5,4.115,0.712,2.92988,11553,6098,0,-
13:50:11.664,snap,default,com.ss.android.ugc.aweme,discharging,1,29.3,46.5,100,95,1,19.33,0.05,0.08,15,4.106,0.607,2.492342,20729,10324,0,-
13:50:12.663,snap,default,com.ss.android.ugc.aweme,discharging,1,29.3,46.5,100,95,1,19.09,0.41,0.07,17,4.111,0.557,2.2898269,20729,10324,0,-
13:50:13.664,snap,default,com.ss.android.ugc.aweme,discharging,1,29.3,46.5,100,95,1,19.09,0.41,0.07,13,4.11,0.549,2.25639,16714,8572,0,-
13:50:14.669,snap,default,com.ss.android.ugc.aweme,discharging,1,29.3,46.5,100,95,1,18.71,0.51,0.05,13,4.113,0.629,2.587077,16714,8572,0,-
13:50:15.665,snap,default,com.ss.android.ugc.aweme,discharging,1,29.3,45.7,100,95,1,18.71,0.51,0.05,13,4.113,0.629,2.587077,16850,8318,0,-
13:50:16.666,snap,default,com.ss.android.ugc.aweme,discharging,1,29.3,45.7,100,95,1,18.71,0.51,0.05,0,4.113,0.532,2.188116,16850,8318,0,-
13:50:17.667,snap,default,com.ss.android.ugc.aweme,discharging,1,29.3,45.3,100,95,1,18.04,0.42,0.04,0,4.116,0.408,1.6793281,11664,5756,0,-
13:50:18.665,snap,default,com.ss.android.ugc.aweme,discharging,1,29.3,45.3,100,95,1,18.04,0.42,0.04,0,4.115,0.369,1.5184349,11664,5756,0,-
13:50:19.667,snap,default,com.ss.android.ugc.aweme,discharging,1,29.3,44.6,100,95,1,17.49,0.34,0.03,0,4.118,0.322,1.325996,9781,4746,0,-
13:50:20.669,snap,default,com.ss.android.ugc.aweme,discharging,1,29.2,44.2,100,95,1,17.49,0.34,0.03,0,4.12,0.431,1.7757199,9781,4746,0,-
13:50:21.667,snap,default,com.ss.android.ugc.aweme,discharging,1,29.2,44.6,100,95,1,16.85,0.28,0.03,0,4.12,0.383,1.5779599,9781,4746,0,-
13:50:22.666,snap,default,com.ss.android.ugc.aweme,discharging,1,29.2,45.7,100,95,1,16.85,0.28,0.03,0,4.118,0.462,1.902516,14694,7461,0,-
13:50:23.667,snap,default,com.ss.android.ugc.aweme,discharging,1,29.2,45.7,100,95,1,17.42,0.23,0.02,3,4.105,0.568,2.33164,14694,7461,0,-
13:50:24.666,snap,default,com.ss.android.ugc.aweme,discharging,1,29.2,46.1,100,95,1,17.42,0.23,0.02,6,4.103,0.503,2.0638092,17158,9127,0,-
13:50:25.666,snap,default,com.ss.android.ugc.aweme,discharging,1,29.2,46.1,100,95,1,18.61,0.73,0.2,0,4.11,0.6,2.466,17158,9127,0,-
13:50:26.670,snap,default,com.ss.android.ugc.aweme,discharging,1,29.2,46.1,100,95,1,18.61,0.73,0.2,0,4.109,0.582,2.3914382,18303,7624,0,-
13:50:27.668,snap,default,com.ss.android.ugc.aweme,discharging,1,29.2,45.7,100,95,1,19.05,2.41,1.79,3,4.117,0.574,2.363158,18303,7624,0,-
13:50:28.668,snap,default,com.ss.android.ugc.aweme,discharging,1,29.2,45.7,100,95,1,19.05,2.41,1.79,0,4.114,0.445,1.8307298,14504,7433,0,-
13:50:29.669,snap,default,com.ss.android.ugc.aweme,discharging,1,29.2,45.7,100,95,1,19.94,1.97,1.47,0,4.117,0.452,1.8608841,14504,7433,0,-
13:50:30.667,snap,default,com.ss.android.ugc.aweme,discharging,1,29.2,44.6,100,95,1,19.94,1.97,1.47,0,4.118,0.398,1.638964,12092,6168,0,-
13:50:31.669,snap,default,com.ss.android.ugc.aweme,discharging,1,29.2,44.6,100,95,1,19.95,1.61,1.2,1,4.118,0.387,1.593666,12092,6168,0,-
13:50:32.669,snap,default,com.ss.android.ugc.aweme,discharging,1,29.2,44.6,100,95,1,19.95,1.61,1.2,0,4.119,0.437,1.800003,12850,6912,0,-
13:50:33.671,snap,default,com.ss.android.ugc.aweme,discharging,1,29.2,44.6,100,95,1,19.96,1.32,0.98,0,4.117,0.405,1.6673851,12850,6912,0,-
13:50:34.670,snap,default,com.ss.android.ugc.aweme,discharging,1,29.2,44.6,100,95,1,19.96,1.32,0.98,0,4.121,0.358,1.475318,12259,6388,0,-
13:50:35.669,snap,default,com.ss.android.ugc.aweme,discharging,1,29.2,44.6,100,95,1,20.15,1.08,0.8,0,4.117,0.344,1.4162481,12259,6388,0,-
13:50:36.672,snap,default,com.ss.android.ugc.aweme,discharging,1,29.2,44.6,100,95,1,20.15,1.08,0.8,2,4.123,0.387,1.5956011,12289,6404,0,-
13:50:37.670,snap,default,com.ss.android.ugc.aweme,discharging,1,29.2,44.9,100,95,1,20.3,0.88,0.66,2,4.118,0.412,1.696616,12289,6404,0,-
13:50:38.670,snap,default,com.ss.android.ugc.aweme,discharging,1,29.2,44.6,100,95,1,20.3,0.88,0.66,0,4.116,0.46,1.8933601,13461,6685,0,-
13:50:39.671,snap,default,com.ss.android.ugc.aweme,discharging,1,29.2,44.6,100,95,1,20.61,0.72,0.54,0,4.114,0.423,1.740222,13461,6685,0,-
13:50:40.670,snap,default,com.ss.android.ugc.aweme,discharging,1,29.2,44.6,100,95,1,20.61,0.72,0.54,2,4.123,0.34,1.4018201,11889,6018,0,-
13:50:41.670,snap,default,com.ss.android.ugc.aweme,discharging,1,29.2,44.6,100,95,1,20.32,0.59,0.44,2,4.114,0.416,1.711424,11889,6018,0,-
13:50:42.672,snap,default,com.ss.android.ugc.aweme,discharging,1,29.2,44.6,100,95,1,20.32,0.59,0.44,0,4.119,0.398,1.639362,11972,6250,0,-
13:50:43.673,snap,default,com.ss.android.ugc.aweme,discharging,1,29.2,44.6,100,95,1,20.08,0.48,0.36,0,4.122,0.387,1.595214,11972,6250,0,-
13:50:44.673,snap,default,com.ss.android.ugc.aweme,discharging,1,29.2,44.6,100,95,1,20.08,0.48,0.36,1,4.114,0.373,1.5345219,12112,6055,0,-
13:50:45.673,snap,default,com.ss.android.ugc.aweme,discharging,1,29.2,44.6,100,95,1,20.06,0.39,0.29,1,4.117,0.394,1.622098,12112,6055,0,-
13:50:46.672,snap,default,com.ss.android.ugc.aweme,discharging,1,29.2,44.6,100,95,1,20.06,0.39,0.29,0,4.121,0.336,1.384656,14580,6826,0,-
13:50:47.673,snap,default,com.ss.android.ugc.aweme,discharging,1,29.2,44.6,100,95,1,19.87,0.32,0.24,2,4.122,0.354,1.4591881,14580,6826,0,-
13:50:48.673,snap,default,com.ss.android.ugc.aweme,discharging,1,29.2,44.6,100,95,1,19.87,0.32,0.24,2,4.11,0.423,1.73853,14580,6826,0,-
13:50:49.675,snap,default,com.ss.android.ugc.aweme,discharging,1,29.2,44.6,100,95,1,20.25,0.44,0.19,0,4.118,0.354,1.457772,11897,5852,0,-
13:50:50.673,snap,default,com.ss.android.ugc.aweme,discharging,1,29.1,44.6,100,95,1,20.25,0.44,0.19,0,4.117,0.402,1.6550341,11897,5852,0,-
13:50:51.675,snap,default,com.ss.android.ugc.aweme,discharging,1,29.1,44.6,100,95,1,20.39,0.36,0.16,2,4.121,0.34,1.40114,13495,6925,0,-
13:50:52.675,snap,default,com.ss.android.ugc.aweme,discharging,1,29.1,44.2,100,95,1,20.39,0.36,0.16,2,4.122,0.322,1.3272841,13495,6925,0,-
13:50:53.675,snap,default,com.ss.android.ugc.aweme,discharging,1,29.1,44.2,100,95,1,19.95,0.29,0.13,2,4.119,0.394,1.622886,12785,6214,0,-
13:50:54.674,snap,default,com.ss.android.ugc.aweme,discharging,1,29.1,44.2,100,95,1,19.95,0.29,0.13,2,4.112,0.402,1.6530241,12785,6214,0,-
13:50:55.675,snap,default,com.ss.android.ugc.aweme,discharging,1,29.1,44.6,100,95,1,19.6,0.24,0.1,2,4.12,0.333,1.3719599,11254,5994,0,-
13:50:56.675,snap,default,com.ss.android.ugc.aweme,discharging,1,29.1,44.9,100,95,1,19.49,0.2,0.08,2,4.12,0.456,1.8787199,11254,5994,0,-
13:50:57.676,snap,default,com.ss.android.ugc.aweme,discharging,1,29.1,44.9,100,95,1,19.49,0.2,0.08,0,4.099,0.38,1.5576199,14556,7373,0,-
13:50:58.681,snap,default,com.ss.android.ugc.aweme,discharging,1,29.1,44.9,100,95,1,19.4,0.16,0.07,4,4.115,0.434,1.7859099,14556,7373,0,-
13:50:59.676,snap,default,com.ss.android.ugc.aweme,discharging,1,29.1,44.9,100,95,1,19.4,0.16,0.07,0,4.114,0.474,1.9500359,16705,7852,0,-
13:51:00.679,snap,default,com.ss.android.ugc.aweme,discharging,1,29.1,45.3,100,95,1,19.33,0.13,0.05,0,4.115,0.423,1.7406449,16705,7852,0,-
13:51:01.679,snap,default,com.ss.android.ugc.aweme,discharging,1,29.1,44.9,100,95,1,19.33,0.13,0.05,4,4.114,0.38,1.5633199,13466,6467,0,-
13:51:02.678,snap,default,com.ss.android.ugc.aweme,discharging,1,29.1,44.9,100,95,1,19.45,0.47,0.04,0,4.117,0.445,1.832065,13466,6467,0,-
13:51:03.677,snap,default,com.ss.android.ugc.aweme,discharging,1,29.1,44.6,100,95,1,19.45,0.47,0.04,0,4.118,0.434,1.7872119,11576,5585,0,-
13:51:04.677,snap,default,com.ss.android.ugc.aweme,discharging,1,29.1,44.2,100,95,1,19.37,0.38,0.03,0,4.119,0.34,1.40046,11576,5585,0,-
13:51:05.679,snap,default,com.ss.android.ugc.aweme,discharging,1,29.1,44.2,100,95,1,19.37,0.38,0.03,0,4.121,0.437,1.800877,14155,6879,0,-
13:51:06.679,snap,default,com.ss.android.ugc.aweme,discharging,1,29.1,44.2,100,95,1,19.3,0.31,0.03,0,4.116,0.456,1.876896,14155,6879,0,-
13:51:07.678,snap,default,com.ss.android.ugc.aweme,discharging,1,29.1,44.9,100,95,1,19.3,0.31,0.03,6,4.117,0.402,1.6550341,15293,7677,0,-
13:51:08.680,snap,default,com.ss.android.ugc.aweme,discharging,1,29.1,44.9,100,95,1,19.24,0.25,0.02,6,4.117,0.46,1.89382,15293,7677,0,-
13:51:09.679,snap,default,com.ss.android.ugc.aweme,discharging,1,29.1,44.9,100,95,1,19.24,0.25,0.02,3,4.12,0.445,1.8333999,17790,8559,0,-
13:51:10.679,snap,default,com.ss.android.ugc.aweme,discharging,1,29.1,45.7,100,95,1,19.38,0.21,0.02,4,4.114,0.557,2.291498,17790,8559,0,-
13:51:11.680,snap,default,com.ss.android.ugc.aweme,discharging,1,29.1,46.5,100,95,1,19.38,0.21,0.02,6,4.117,0.52,2.14084,16506,8462,0,-
13:51:12.680,snap,default,com.ss.android.ugc.aweme,discharging,1,29.1,46.5,100,95,1,19.49,0.17,0.01,0,4.107,0.448,1.839936,16506,8462,0,-
13:51:13.679,snap,default,com.ss.android.ugc.aweme,discharging,1,29.1,44.9,100,95,1,19.49,0.17,0.01,0,4.118,0.477,1.964286,16506,8462,0,-
13:51:14.681,snap,default,com.ss.android.ugc.aweme,discharging,1,29.1,44.9,100,95,1,18.68,0.5,0.01,0,4.118,0.398,1.638964,12620,5930,0,-
13:51:15.682,snap,default,com.ss.android.ugc.aweme,discharging,1,29.1,44.9,100,95,1,18.68,0.5,0.01,0,4.113,0.474,1.949562,12620,5930,0,-
13:51:16.682,snap,default,com.ss.android.ugc.aweme,discharging,1,29.1,44.9,100,95,1,18.01,0.41,0.01,4,4.117,0.369,1.519173,11535,5611,0,-
13:51:17.686,snap,default,com.ss.android.ugc.aweme,discharging,1,29.1,44.9,100,95,1,18.01,0.41,0.01,0,4.114,0.437,1.797818,11535,5611,0,-
13:51:18.683,snap,default,com.ss.android.ugc.aweme,discharging,1,29.1,44.9,100,95,1,18.19,0.33,0,0,4.119,0.466,1.919454,13691,6960,0,-
13:51:19.683,snap,default,com.ss.android.ugc.aweme,discharging,1,29.1,44.6,100,95,1,18.19,0.33,0,5,4.118,0.383,1.577194,13691,6960,0,-
13:51:20.685,snap,default,com.ss.android.ugc.aweme,discharging,1,29,44.6,100,95,1,18.33,0.27,0,0,4.115,0.362,1.4896299,11788,5850,0,-
13:51:21.686,snap,default,com.ss.android.ugc.aweme,discharging,1,29,44.6,100,95,1,18.33,0.27,0,0,4.119,0.344,1.416936,11788,5850,0,-
13:51:22.685,snap,default,com.ss.android.ugc.aweme,discharging,1,29,44.9,100,95,1,18.45,0.22,0,0,4.121,0.448,1.846208,13139,6578,0,-
13:51:23.687,snap,default,com.ss.android.ugc.aweme,discharging,1,29,44.9,100,95,1,18.45,0.22,0,0,4.115,0.434,1.7859099,13139,6578,0,-
13:51:24.687,snap,default,com.ss.android.ugc.aweme,discharging,1,29,46.1,100,95,1,19.28,0.72,0.18,3,4.122,0.441,1.8178022,18093,8083,0,-
13:51:25.687,snap,default,com.ss.android.ugc.aweme,discharging,1,29,46.1,100,95,1,19.28,0.72,0.18,0,4.103,0.571,2.342813,18093,8083,0,-
13:51:26.688,snap,default,com.ss.android.ugc.aweme,discharging,1,29,45.3,100,95,1,18.68,0.59,0.15,5,4.113,0.495,2.035935,19089,9336,0,-
13:51:27.687,snap,default,com.ss.android.ugc.aweme,discharging,1,29,45.3,100,95,1,18.68,0.59,0.15,5,4.112,0.571,2.347952,19089,9336,0,-
13:51:28.689,snap,default,com.ss.android.ugc.aweme,discharging,1,29,44.6,100,95,1,18.2,0.48,0.12,7,4.104,0.437,1.7934481,15396,7416,0,-
13:51:29.689,snap,default,com.ss.android.ugc.aweme,discharging,1,29,44.6,100,95,1,18.2,0.48,0.12,7,4.118,0.369,1.519542,15396,7416,0,-
13:51:30.688,snap,default,com.ss.android.ugc.aweme,discharging,1,29,44.6,100,95,1,17.25,0.39,0.1,7,4.118,0.362,1.490716,12912,6266,0,-
13:51:31.688,snap,default,com.ss.android.ugc.aweme,discharging,1,29,44.6,100,95,1,17.25,0.39,0.1,4,4.121,0.354,1.4588339,12912,6266,0,-
13:51:32.689,snap,default,com.ss.android.ugc.aweme,discharging,1,29,44.2,100,95,1,16.84,0.32,0.08,4,4.116,0.369,1.5188041,12447,6137,0,-
13:51:33.689,snap,default,com.ss.android.ugc.aweme,discharging,1,29,44.2,100,95,1,16.84,0.32,0.08,4,4.114,0.398,1.6373719,12447,6137,0,-
13:51:34.689,snap,default,com.ss.android.ugc.aweme,discharging,1,29,44.2,100,95,1,16.15,0.26,0.24,0,4.12,0.39,1.6067998,12878,6372,0,-
13:51:35.690,snap,default,com.ss.android.ugc.aweme,discharging,1,29,44.2,100,95,1,16.15,0.26,0.24,0,4.119,0.408,1.680552,12878,6372,0,-
13:51:36.691,snap,default,com.ss.android.ugc.aweme,discharging,1,29,44.2,100,95,1,15.94,0.21,0.2,2,4.117,0.362,1.490354,12659,6284,0,-
13:51:37.691,snap,default,com.ss.android.ugc.aweme,discharging,1,29,44.2,100,95,1,15.94,0.21,0.2,2,4.121,0.362,1.4918019,12659,6284,0,-
13:51:38.695,snap,default,com.ss.android.ugc.aweme,discharging,1,29,44.2,100,95,1,16.13,0.17,0.16,2,4.119,0.365,1.503435,11630,5727,0,-
13:51:39.691,snap,default,com.ss.android.ugc.aweme,discharging,1,29,44.2,100,95,1,16.13,0.17,0.16,2,4.117,0.348,1.432716,11630,5727,0,-
13:51:40.692,snap,default,com.ss.android.ugc.aweme,discharging,1,29,44.2,100,95,1,16.65,0.14,0.13,2,4.122,0.362,1.492164,11630,5727,0,-
13:51:41.693,snap,default,com.ss.android.ugc.aweme,discharging,1,29,44.2,100,95,1,16.65,0.14,0.13,2,4.121,0.365,1.5041649,11743,5804,0,-
13:51:42.692,snap,default,com.ss.android.ugc.aweme,discharging,1,29,44.2,100,95,1,17.26,0.11,0.11,0,4.121,0.348,1.4341079,11743,5804,0,-
13:51:43.692,snap,default,com.ss.android.ugc.aweme,discharging,1,29,43.4,100,95,1,17.26,0.11,0.11,0,4.12,0.39,1.6067998,11749,6135,0,-
13:51:44.692,snap,default,com.ss.android.ugc.aweme,discharging,1,29,43.4,100,95,1,17.57,0.09,0.09,0,4.122,0.34,1.4014801,11749,6135,0,-
13:51:45.692,snap,default,com.ss.android.ugc.aweme,discharging,1,29,43.4,100,95,1,17.57,0.09,0.09,2,4.118,0.344,1.416592,11244,5959,0,-
13:51:46.693,snap,default,com.ss.android.ugc.aweme,discharging,1,29,43.8,100,95,1,17.83,0.07,0.07,2,4.122,0.387,1.595214,11244,5959,0,-
13:51:47.704,snap,default,com.ss.android.ugc.aweme,discharging,1,29,43.8,100,95,1,17.83,0.07,0.07,1,4.12,0.423,1.74276,12411,6202,0,-
13:51:48.704,snap,default,com.ss.android.ugc.aweme,discharging,1,29,43.8,100,95,1,18.04,0.06,0.06,1,4.114,0.427,1.7566779,12411,6202,0,-
13:51:49.708,snap,default,com.ss.android.ugc.aweme,discharging,1,29,43.8,100,95,1,18.04,0.06,0.06,0,4.119,0.348,1.433412,11751,5978,0,-
13:51:50.704,snap,default,com.ss.android.ugc.aweme,discharging,1,28.9,46.8,100,95,1,18.39,0.23,0.23,0,4.105,0.69,2.83245,11751,5978,0,-
13:51:51.706,snap,default,com.ss.android.ugc.aweme,discharging,1,28.9,48.5,100,95,1,18.39,0.23,0.23,7,4.114,0.733,3.0155618,25042,12740,0,-
13:51:52.706,snap,default,com.ss.android.ugc.aweme,discharging,1,28.9,46.5,100,95,1,19.77,0.19,0.18,10,4.104,0.698,2.864592,25042,12740,0,-
13:51:53.707,snap,default,com.ss.android.ugc.aweme,discharging,1,28.9,46.5,100,95,1,19.77,0.19,0.18,0,4.114,0.491,2.019974,23566,12157,0,-
13:51:54.707,snap,default,com.ss.android.ugc.aweme,discharging,1,28.9,46.5,100,95,1,19.09,0.15,0.15,0,4.114,0.517,2.126938,23566,12157,0,-
13:51:55.707,snap,default,com.ss.android.ugc.aweme,discharging,1,28.9,45.3,100,95,1,19.09,0.15,0.15,0,4.115,0.466,1.9175899,13696,6578,0,-
13:51:56.708,snap,default,com.ss.android.ugc.aweme,discharging,1,28.9,44.9,100,95,1,18.35,0.12,0.12,0,4.111,0.46,1.8910601,13696,6578,0,-
13:51:57.711,snap,default,com.ss.android.ugc.aweme,discharging,1,28.9,44.9,100,95,1,18.35,0.12,0.12,0,4.111,0.477,1.960947,12070,6208,0,-
13:51:58.709,snap,default,com.ss.android.ugc.aweme,discharging,1,28.9,44.9,100,95,1,18.1,0.1,0.1,0,4.114,0.437,1.797818,12070,6208,0,-
13:51:59.709,snap,default,com.ss.android.ugc.aweme,discharging,1,28.9,45.3,100,95,1,18.1,0.1,0.1,6,4.102,0.632,2.5924642,15871,8304,0,-
13:52:00.708,snap,default,com.ss.android.ugc.aweme,discharging,1,28.9,45.3,100,95,1,18.26,0.08,0.08,0,4.111,0.506,2.0801659,15871,8304,0,-
13:52:01.708,snap,default,com.ss.android.ugc.aweme,discharging,1,28.9,44.6,100,95,1,18.26,0.08,0.08,0,4.121,0.441,1.817361,13997,6764,0,-
13:52:02.710,snap,default,com.ss.android.ugc.aweme,discharging,1,28.9,44.6,100,95,1,18.58,0.06,0.06,0,4.114,0.437,1.797818,13997,6764,0,-
13:52:03.708,snap,default,com.ss.android.ugc.aweme,discharging,1,28.9,44.6,100,95,1,18.58,0.06,0.06,5,4.116,0.46,1.8933601,15499,7830,0,-
13:52:04.709,snap,default,com.ss.android.ugc.aweme,discharging,1,28.9,45.7,100,95,1,19.74,0.05,0.05,5,4.115,0.683,2.810545,15499,7830,0,-
13:52:05.709,snap,default,com.ss.android.ugc.aweme,discharging,1,28.9,45.7,100,95,1,19.74,0.05,0.05,5,4.1,0.553,2.2673,19397,9699,0,-
13:52:06.709,snap,default,com.ss.android.ugc.aweme,discharging,1,28.9,45.7,100,95,1,20.87,0.04,0.04,5,4.11,0.582,2.3920202,19397,9699,0,-
13:52:07.711,snap,default,com.ss.android.ugc.aweme,discharging,1,28.9,45.3,100,95,1,20.87,0.04,0.04,3,4.114,0.485,1.99529,19397,9699,0,-
13:52:08.710,snap,default,com.ss.android.ugc.aweme,discharging,1,28.9,45.3,100,95,1,20.53,0.03,0.03,3,4.112,0.434,1.7846079,15078,7555,0,-
13:52:09.709,snap,default,com.ss.android.ugc.aweme,discharging,1,28.9,46.1,100,95,1,20.53,0.03,0.03,5,4.114,0.705,2.90037,15078,7555,0,-
13:52:10.711,snap,default,com.ss.android.ugc.aweme,discharging,1,28.9,46.1,100,95,1,20.8,0.03,0.03,0,4.11,0.535,2.1988502,19288,9722,0,-
13:52:11.712,snap,default,com.ss.android.ugc.aweme,discharging,1,28.9,45.7,100,95,1,20.8,0.03,0.03,0,4.111,0.532,2.187052,19288,9722,0,-
13:52:12.710,snap,default,com.ss.android.ugc.aweme,discharging,1,28.9,44.9,100,95,1,20.65,0.02,0.02,0,4.113,0.568,2.336184,12872,6256,0,-
13:52:13.710,snap,default,com.ss.android.ugc.aweme,discharging,1,28.9,44.9,100,95,1,20.65,0.02,0.02,0,4.112,0.51,2.09712,12872,6256,0,-
13:52:14.712,snap,default,com.ss.android.ugc.aweme,discharging,1,28.9,44.9,100,95,1,20.71,0.02,0.01,0,4.106,0.532,2.184392,12794,6185,0,-
13:52:15.711,snap,default,com.ss.android.ugc.aweme,discharging,1,28.9,44.9,100,95,1,20.71,0.02,0.01,0,4.105,0.495,2.031975,12794,6185,0,-
13:52:16.711,snap,default,com.ss.android.ugc.aweme,discharging,1,28.9,44.9,100,95,1,20.77,1.1,0.74,0,4.108,0.611,2.5099878,16816,7167,0,-
13:52:17.711,snap,default,com.ss.android.ugc.aweme,discharging,1,28.9,45.3,100,95,1,20.77,1.1,0.74,0,4.111,0.564,2.318604,16816,7167,0,-
13:52:18.712,snap,default,com.ss.android.ugc.aweme,discharging,1,28.9,45.3,100,95,1,19,0.9,1.87,0,4.106,0.427,1.7532619,11146,4533,0,-
13:52:19.711,snap,default,com.ss.android.ugc.aweme,discharging,1,28.9,46.5,100,95,1,19,0.9,1.87,0,4.112,0.405,1.66536,11146,4533,0,-
13:52:20.713,snap,default,com.ss.android.ugc.aweme,discharging,1,28.9,46.5,100,95,1,19.54,0.73,1.53,5,4.114,0.636,2.6165037,15594,7996,0,-
13:52:21.712,snap,default,com.ss.android.ugc.aweme,discharging,1,28.9,44.9,100,95,1,19.54,0.73,1.53,4,4.114,0.452,1.859528,15594,7996,0,-
13:52:22.712,snap,default,com.ss.android.ugc.aweme,discharging,1,28.9,44.9,100,95,1,19.62,0.6,1.25,1,4.11,0.445,1.82895,14928,7604,0,-
13:52:23.713,snap,default,com.ss.android.ugc.aweme,discharging,1,28.9,45.3,100,95,1,19.62,0.6,1.25,6,4.099,0.517,2.119183,14928,7604,0,-
13:52:24.715,snap,default,com.ss.android.ugc.aweme,discharging,1,28.9,45.3,100,95,1,19.87,0.49,1.02,6,4.115,0.445,1.8311749,14616,7717,0,-
13:52:25.714,snap,default,com.ss.android.ugc.aweme,discharging,1,28.9,44.6,100,95,1,19.87,0.49,1.02,2,4.118,0.38,1.56484,14616,7717,0,-
13:52:26.713,snap,default,com.ss.android.ugc.aweme,discharging,1,28.9,44.6,100,95,1,20.08,0.4,0.84,1,4.114,0.456,1.875984,15207,7578,0,-
13:52:27.714,snap,default,com.ss.android.ugc.aweme,discharging,1,28.9,44.6,100,95,1,20.08,0.4,0.84,2,4.11,0.402,1.6522201,15207,7578,0,-
13:52:28.715,snap,default,com.ss.android.ugc.aweme,discharging,1,28.9,44.9,100,95,1,20.06,0.33,0.68,1,4.12,0.34,1.4008,12401,6556,0,-
13:52:29.715,snap,default,com.ss.android.ugc.aweme,discharging,1,28.9,44.6,100,95,1,20.06,0.33,0.68,1,4.118,0.394,1.622492,12401,6556,0,-
13:52:30.715,snap,default,com.ss.android.ugc.aweme,discharging,1,28.9,44.6,100,95,1,19.87,0.27,0.56,1,4.116,0.369,1.5188041,11643,6076,0,-
13:52:31.716,snap,default,com.ss.android.ugc.aweme,discharging,1,28.9,44.6,100,95,1,19.87,0.27,0.56,1,4.118,0.39,1.60602,11643,6076,0,-
13:52:32.719,snap,default,com.ss.android.ugc.aweme,discharging,1,28.9,44.2,100,95,1,19.35,0.22,0.46,1,4.113,0.423,1.739799,11643,6076,0,-
13:52:33.716,snap,default,com.ss.android.ugc.aweme,discharging,1,28.9,44.2,100,95,1,19.35,0.22,0.46,1,4.117,0.358,1.4738861,12155,6523,0,-
13:52:34.716,snap,default,com.ss.android.ugc.aweme,discharging,1,28.9,44.2,100,95,1,19.46,0.18,0.37,1,4.11,0.362,1.48782,12155,6523,0,-
13:52:35.717,snap,default,com.ss.android.ugc.aweme,discharging,1,28.9,44.2,100,95,1,19.46,0.18,0.37,1,4.116,0.39,1.60524,12502,6554,0,-
13:52:36.718,snap,default,com.ss.android.ugc.aweme,discharging,1,28.9,44.2,100,95,1,19.2,0.14,0.3,1,4.118,0.34,1.40012,12502,6554,0,-
13:52:37.718,snap,default,com.ss.android.ugc.aweme,discharging,1,28.9,44.2,100,95,1,19.2,0.14,0.3,1,4.112,0.315,1.29528,12157,6283,0,-
13:52:38.720,snap,default,com.ss.android.ugc.aweme,discharging,1,28.9,44.2,100,95,1,19.16,0.12,0.25,1,4.119,0.333,1.371627,12157,6283,0,-
13:52:39.719,snap,default,com.ss.android.ugc.aweme,discharging,1,28.9,44.2,100,95,1,19.16,0.12,0.25,2,4.119,0.358,1.474602,11367,6109,0,-
13:52:40.720,snap,default,com.ss.android.ugc.aweme,discharging,1,28.9,43.8,100,95,1,19.31,0.09,0.2,1,4.119,0.358,1.474602,11367,6109,0,-
13:52:41.723,snap,default,com.ss.android.ugc.aweme,discharging,1,28.9,43.8,100,95,1,19.31,0.09,0.2,1,4.114,0.358,1.4728119,11517,6218,0,-
13:52:42.721,snap,default,com.ss.android.ugc.aweme,discharging,1,28.9,43.8,100,95,1,19.31,0.09,0.2,1,4.12,0.402,1.65624,11517,6218,0,-
13:52:43.720,snap,default,com.ss.android.ugc.aweme,discharging,1,28.9,43.8,100,95,1,19.44,0.08,0.16,1,4.117,0.405,1.6673851,12260,6381,0,-
13:52:44.722,snap,default,com.ss.android.ugc.aweme,discharging,1,28.9,43.8,100,95,1,19.44,0.08,0.16,1,4.11,0.373,1.53303,12260,6381,0,-
13:52:45.723,snap,default,com.ss.android.ugc.aweme,discharging,1,28.9,43.8,100,95,1,19.54,0.06,0.13,1,4.115,0.394,1.6213099,11371,6363,0,-
13:52:46.723,snap,default,com.ss.android.ugc.aweme,discharging,1,28.9,43.8,100,95,1,19.54,0.06,0.13,1,4.117,0.369,1.519173,11371,6363,0,-
13:52:47.723,snap,default,com.ss.android.ugc.aweme,discharging,1,28.9,43.8,100,95,1,19.44,0.05,0.11,1,4.116,0.358,1.4735281,11773,6260,0,-
13:52:48.724,snap,default,com.ss.android.ugc.aweme,discharging,1,28.9,43.8,100,95,1,19.44,0.05,0.11,1,4.113,0.362,1.4889059,11773,6260,0,-
13:52:49.722,snap,default,com.ss.android.ugc.aweme,discharging,1,28.9,43.8,100,95,1,19.36,0.04,0.09,1,4.12,0.34,1.4008,11718,6116,0,-
13:52:50.724,snap,default,com.ss.android.ugc.aweme,discharging,1,28.8,44.2,100,95,1,19.36,0.04,0.09,1,4.12,0.394,1.6232799,11718,6116,0,-
13:52:51.728,snap,default,com.ss.android.ugc.aweme,discharging,1,28.8,44.2,100,95,1,19.29,0.03,0.07,1,4.119,0.39,1.6064099,12444,6530,0,-
13:52:52.723,snap,default,com.ss.android.ugc.aweme,discharging,1,28.8,44.2,100,95,1,19.29,0.03,0.07,1,4.115,0.369,1.5184349,12444,6530,0,-
13:52:53.723,snap,default,com.ss.android.ugc.aweme,discharging,1,28.8,45.3,100,95,1,19.24,0.02,0.06,1,4.115,0.387,1.5925049,15469,7998,0,-
13:52:54.726,snap,default,com.ss.android.ugc.aweme,discharging,1,28.8,45.3,100,95,1,19.24,0.02,0.06,1,4.115,0.549,2.259135,15469,7998,0,-
13:52:55.725,snap,default,com.ss.android.ugc.aweme,discharging,1,28.8,45.3,100,95,1,19.19,0.02,0.05,4,4.103,0.485,1.9899552,12999,6480,0,-
13:52:56.725,snap,default,com.ss.android.ugc.aweme,discharging,1,28.8,44.9,100,95,1,19.19,0.02,0.05,4,4.112,0.431,1.772272,12999,6480,0,-
13:52:57.724,snap,default,com.ss.android.ugc.aweme,discharging,1,28.8,45.3,100,95,1,18.98,0.01,0.04,4,4.12,0.333,1.3719599,14830,7412,0,-
13:52:58.724,snap,default,com.ss.android.ugc.aweme,discharging,1,28.8,45.3,100,95,1,18.98,0.01,0.04,4,4.116,0.456,1.876896,14830,7412,0,-
13:52:59.727,snap,default,com.ss.android.ugc.aweme,discharging,1,28.8,45.7,100,95,1,18.8,0.01,0.03,5,4.114,0.46,1.89244,14830,7412,0,-
13:53:00.727,snap,default,com.ss.android.ugc.aweme,discharging,1,28.8,45.7,100,95,1,18.8,0.01,0.03,6,4.11,0.477,1.9604701,19707,10158,0,-
13:53:01.731,snap,default,com.ss.android.ugc.aweme,discharging,1,28.8,46.1,100,95,1,19.56,0.01,0.02,6,4.108,0.661,2.7153878,19707,10158,0,-
13:53:02.728,snap,default,com.ss.android.ugc.aweme,discharging,1,28.8,45.7,100,95,1,19.56,0.01,0.02,6,4.113,0.452,1.8590759,17843,8515,0,-
13:53:03.728,snap,default,com.ss.android.ugc.aweme,discharging,1,28.8,46.5,100,95,1,19.28,0,0.02,7,4.114,0.644,2.649416,17843,8515,0,-
13:53:04.731,snap,default,com.ss.android.ugc.aweme,discharging,1,28.8,45.7,100,95,1,19.28,0,0.02,7,4.11,0.466,1.9152601,14024,7217,0,-
13:53:05.729,snap,default,com.ss.android.ugc.aweme,discharging,1,28.8,44.2,100,95,1,19.04,0,0.01,0,4.114,0.358,1.4728119,14024,7217,0,-
13:53:06.729,snap,default,com.ss.android.ugc.aweme,discharging,1,28.8,44.2,100,95,1,19.04,0,0.01,0,4.116,0.431,1.773996,12403,5605,0,-
13:53:07.729,snap,default,com.ss.android.ugc.aweme,discharging,1,28.8,44.2,100,95,1,19.03,0,0.01,0,4.113,0.441,1.813833,12403,5605,0,-
13:53:08.730,snap,default,com.ss.android.ugc.aweme,discharging,1,28.8,43.8,100,95,1,19.03,0,0.01,0,4.113,0.383,1.5752789,12002,5516,0,-
13:53:09.731,snap,default,com.ss.android.ugc.aweme,discharging,1,28.8,43.8,100,95,1,18.85,0,0.01,0,4.114,0.416,1.711424,12002,5516,0,-
13:53:10.731,snap,default,com.ss.android.ugc.aweme,discharging,1,28.8,44.2,100,95,1,18.85,0,0.01,6,4.114,0.369,1.5180659,12179,6000,0,-
13:53:11.732,snap,default,com.ss.android.ugc.aweme,discharging,1,28.8,44.9,100,95,1,19.42,0,0,0,4.114,0.553,2.2750418,12179,6000,0,-
13:53:12.734,snap,default,com.ss.android.ugc.aweme,discharging,1,28.8,44.9,100,95,1,19.42,0,0,0,4.107,0.607,2.492949,16196,7666,0,-
13:53:13.732,snap,default,com.ss.android.ugc.aweme,discharging,1,28.8,44.9,100,95,1,19.7,0,0,5,4.113,0.51,2.09763,16196,7666,0,-
13:53:14.733,snap,default,com.ss.android.ugc.aweme,discharging,1,28.8,44.9,100,95,1,19.7,0,0,0,4.114,0.437,1.797818,13943,6998,0,-
13:53:15.733,snap,default,com.ss.android.ugc.aweme,discharging,1,28.8,44.9,100,95,1,19.57,0,0,5,4.113,0.466,1.9166579,13943,6998,0,-
13:53:16.733,snap,default,com.ss.android.ugc.aweme,discharging,1,28.8,44.9,100,95,1,19.57,0,0,5,4.106,0.46,1.88876,17668,8498,0,-
13:53:17.732,snap,default,com.ss.android.ugc.aweme,discharging,1,28.8,44.6,100,95,1,20.19,0,0,5,4.117,0.431,1.774427,17668,8498,0,-
13:53:18.734,snap,default,com.ss.android.ugc.aweme,discharging,1,28.8,44.2,100,95,1,20.19,0,0,5,4.111,0.462,1.8992821,12072,6035,0,-
13:53:19.734,snap,default,com.ss.android.ugc.aweme,discharging,1,28.8,44.2,100,95,1,20.16,0,0,0,4.114,0.383,1.5756619,12072,6035,0,-
13:53:20.737,snap,default,com.ss.android.ugc.aweme,discharging,1,28.8,43.4,100,95,1,20.16,0,0,0,4.116,0.412,1.6957921,11839,6026,0,-
13:53:21.736,snap,default,com.ss.android.ugc.aweme,discharging,1,28.8,43.4,100,95,1,20.13,0,0,0,4.115,0.416,1.7118399,11839,6026,0,-
13:53:22.735,snap,default,com.ss.android.ugc.aweme,discharging,1,28.8,43.4,100,95,1,20.13,0,0,0,4.114,0.377,1.550978,11001,5385,0,-
13:53:23.739,snap,default,com.ss.android.ugc.aweme,discharging,1,28.8,43.4,100,95,1,20.1,0,0,0,4.114,0.394,1.6209159,11001,5385,0,-
13:53:24.735,snap,default,com.ss.android.ugc.aweme,discharging,1,28.8,43.8,100,95,1,20.1,0,0,0,4.115,0.517,2.127455,11001,5385,0,-
13:53:25.735,snap,default,com.ss.android.ugc.aweme,discharging,1,28.8,43.8,100,95,1,20.08,0,0,3,4.114,0.434,1.7854759,12908,6042,0,-
13:53:26.738,snap,default,com.ss.android.ugc.aweme,discharging,1,28.8,43.8,100,95,1,20.08,0,0,3,4.117,0.517,2.128489,12908,6042,0,-
13:53:27.738,snap,default,com.ss.android.ugc.aweme,discharging,1,28.8,43.8,100,95,1,19.34,0,0,0,4.115,0.354,1.45671,12039,5584,0,-
13:53:28.737,snap,default,com.ss.android.ugc.aweme,discharging,1,28.8,44.9,100,95,1,19.34,0,0,0,4.117,0.419,1.725023,12039,5584,0,-
13:53:29.740,snap,default,com.ss.android.ugc.aweme,discharging,1,28.8,44.9,100,95,1,19.46,0,0,5,4.115,0.448,1.8435199,16249,8006,0,-
13:53:30.740,snap,default,com.ss.android.ugc.aweme,discharging,1,28.7,45.3,100,95,1,19.46,0,0,5,4.118,0.488,2.009584,16249,8006,0,-
13:53:31.742,snap,default,com.ss.android.ugc.aweme,discharging,1,28.7,45.3,100,95,1,20.1,0,0,6,4.107,0.611,2.509377,21336,10468,0,-
13:53:32.740,snap,default,com.ss.android.ugc.aweme,discharging,1,28.7,44.6,100,95,1,20.1,0,0,6,4.114,0.514,2.114596,21336,10468,0,-
13:53:33.738,snap,default,com.ss.android.ugc.aweme,discharging,1,28.7,44.6,100,95,1,20.08,0,0,0,4.116,0.481,1.979796,12909,6266,0,-
13:53:34.739,snap,default,com.ss.android.ugc.aweme,discharging,1,28.7,45.7,100,95,1,20.08,0,0,0,4.113,0.445,1.830285,12909,6266,0,-
13:53:35.743,snap,default,com.ss.android.ugc.aweme,discharging,1,28.7,45.7,100,95,1,19.88,0,0,7,4.117,0.532,2.190244,19024,9280,0,-
13:53:36.740,snap,default,com.ss.android.ugc.aweme,discharging,1,28.7,44.9,100,95,1,19.88,0,0,2,4.106,0.545,2.23777,19024,9280,0,-
13:53:37.741,snap,default,com.ss.android.ugc.aweme,discharging,1,28.7,44.9,100,95,1,20.09,0,0,2,4.113,0.423,1.739799,12440,6299,0,-
13:53:38.742,snap,default,com.ss.android.ugc.aweme,discharging,1,28.7,44.6,100,95,1,20.09,0,0,1,4.112,0.416,1.710592,12440,6299,0,-
13:53:39.739,snap,default,com.ss.android.ugc.aweme,discharging,1,28.7,44.2,100,95,1,19.71,0,0,1,4.105,0.38,1.5599,11858,6343,0,-
13:53:40.745,snap,default,com.ss.android.ugc.aweme,discharging,1,28.7,44.2,100,95,1,19.71,0,0,1,4.117,0.405,1.6673851,11858,6343,0,-
13:53:41.743,snap,default,com.ss.android.ugc.aweme,discharging,1,28.7,44.2,100,95,1,19.58,0,0,1,4.117,0.408,1.679736,12230,6376,0,-
13:53:42.740,snap,default,com.ss.android.ugc.aweme,discharging,1,28.7,43.8,100,95,1,19.58,0,0,1,4.107,0.437,1.7947589,12230,6376,0,-
13:53:43.741,snap,default,com.ss.android.ugc.aweme,discharging,1,28.7,43.8,100,95,1,19.83,0,0,1,4.113,0.416,1.711008,12138,6523,0,-
13:53:44.744,snap,default,com.ss.android.ugc.aweme,discharging,1,28.7,43.8,100,95,1,19.83,0,0,1,4.113,0.383,1.5752789,12138,6523,0,-
13:53:45.742,snap,default,com.ss.android.ugc.aweme,discharging,1,28.7,44.2,100,95,1,19.86,0,0,1,4.111,0.369,1.516959,11810,6446,0,-
13:53:46.743,snap,default,com.ss.android.ugc.aweme,discharging,1,28.7,44.2,100,95,1,19.86,0,0,1,4.116,0.365,1.5023401,11810,6446,0,-
13:53:47.743,snap,default,com.ss.android.ugc.aweme,discharging,1,28.7,43.8,100,95,1,19.52,0,0,1,4.117,0.34,1.39978,12343,6505,0,-
13:53:48.744,snap,default,com.ss.android.ugc.aweme,discharging,1,28.7,43.8,100,95,1,19.52,0,0,1,4.113,0.38,1.56294,12343,6505,0,-
13:53:49.743,snap,default,com.ss.android.ugc.aweme,discharging,1,28.7,43.8,100,95,1,19.61,0,0,1,4.113,0.394,1.6205219,11440,6102,0,-
13:53:50.742,snap,default,com.ss.android.ugc.aweme,discharging,1,28.7,44.2,100,95,1,19.61,0,0,1,4.115,0.34,1.3991,11440,6102,0,-
13:53:51.743,snap,default,com.ss.android.ugc.aweme,discharging,1,28.7,44.2,100,95,1,19.14,0,0,1,4.114,0.503,2.069342,11440,6102,0,-
13:53:52.745,snap,default,com.ss.android.ugc.aweme,discharging,1,28.7,44.2,100,95,1,19.14,0,0,1,4.105,0.437,1.793885,12395,6339,0,-
13:53:53.743,snap,default,com.ss.android.ugc.aweme,discharging,1,28.7,44.2,100,95,1,18.93,0,0,1,4.113,0.373,1.5341489,12395,6339,0,-
13:53:54.745,snap,default,com.ss.android.ugc.aweme,discharging,1,28.7,44.2,100,95,1,18.93,0,0,1,4.101,0.434,1.7798339,12593,6561,0,-
13:53:55.744,snap,default,com.ss.android.ugc.aweme,discharging,1,28.7,43.8,100,95,1,19.12,0,0,1,4.103,0.412,1.6904361,12593,6561,0,-
13:53:56.744,snap,default,com.ss.android.ugc.aweme,discharging,1,28.7,43.8,100,95,1,19.12,0,0,1,4.111,0.362,1.488182,12332,6393,0,-
13:53:57.747,snap,default,com.ss.android.ugc.aweme,discharging,1,28.7,44.6,100,95,1,19.28,0,0,1,4.115,0.369,1.5184349,12332,6393,0,-
13:53:58.745,snap,default,com.ss.android.ugc.aweme,discharging,1,28.7,44.6,100,95,1,19.28,0,0,1,4.117,0.553,2.276701,17877,7542,0,-
13:53:59.744,snap,default,com.ss.android.ugc.aweme,discharging,1,28.7,44.6,100,95,1,20.32,1.81,0.36,1,4.108,0.51,2.09508,17877,7542,0,-
13:54:00.744,snap,default,com.ss.android.ugc.aweme,discharging,1,28.7,44.2,100,95,1,20.26,1.48,0.29,3,4.095,0.445,1.8222749,15101,7258,0,-
13:54:01.748,snap,default,com.ss.android.ugc.aweme,discharging,1,28.7,44.2,100,95,1,20.26,1.48,0.29,3,4.112,0.532,2.187584,15101,7258,0,-
13:54:02.746,snap,default,com.ss.android.ugc.aweme,discharging,1,28.7,44.2,100,95,1,20.03,1.21,0.24,0,4.113,0.362,1.4889059,13179,6075,0,-
13:54:03.745,snap,default,com.ss.android.ugc.aweme,discharging,1,28.7,44.6,100,95,1,20.03,1.21,0.24,4,4.114,0.431,1.7731339,13179,6075,0,-
13:54:04.746,snap,default,com.ss.android.ugc.aweme,discharging,1,28.7,44.9,100,95,1,19.84,0.99,0.19,4,4.113,0.445,1.830285,17071,8090,0,-
13:54:05.747,snap,default,com.ss.android.ugc.aweme,discharging,1,28.7,44.9,100,95,1,19.84,0.99,0.19,4,4.102,0.462,1.8951242,17071,8090,0,-
13:54:06.748,snap,default,com.ss.android.ugc.aweme,discharging,1,28.7,44.6,100,95,1,19.87,0.81,0.16,4,4.109,0.434,1.783306,15106,6856,0,-
13:54:07.749,snap,default,com.ss.android.ugc.aweme,discharging,1,28.7,44.2,100,95,1,19.87,0.81,0.16,4,4.107,0.434,1.7824379,15106,6856,0,-
13:54:08.747,snap,default,com.ss.android.ugc.aweme,discharging,1,28.7,44.2,100,95,1,19.89,0.66,0.13,4,4.116,0.39,1.60524,16178,8041,0,-
13:54:09.747,snap,default,com.ss.android.ugc.aweme,discharging,1,28.7,44.2,100,95,1,19.89,0.66,0.13,4,4.101,0.514,2.107914,16178,8041,0,-
13:54:10.749,snap,default,com.ss.android.ugc.aweme,discharging,1,28.7,44.2,100,95,1,19.73,0.54,0.1,0,4.108,0.419,1.721252,15250,7337,0,-
13:54:11.748,snap,default,com.ss.android.ugc.aweme,discharging,1,28.7,44.2,100,95,1,19.73,0.54,0.1,0,4.113,0.383,1.5752789,15250,7337,0,-
13:54:12.750,snap,default,com.ss.android.ugc.aweme,discharging,1,28.7,44.2,100,95,1,19.23,0.44,0.08,0,4.116,0.358,1.4735281,10381,5190,0,-
13:54:13.748,snap,default,com.ss.android.ugc.aweme,discharging,1,28.7,43.4,100,95,1,19.23,0.44,0.08,0,4.114,0.377,1.550978,10381,5190,0,-
13:54:14.749,snap,default,com.ss.android.ugc.aweme,discharging,1,28.7,43.4,100,95,1,18.83,0.36,0.07,0,4.112,0.416,1.710592,11445,5397,0,-
13:54:15.749,snap,default,com.ss.android.ugc.aweme,discharging,1,28.7,43.4,100,95,1,18.83,0.36,0.07,0,4.116,0.365,1.5023401,11445,5397,0,-
13:54:16.749,snap,default,com.ss.android.ugc.aweme,discharging,1,28.7,43,100,95,1,18.86,0.29,0.05,4,4.112,0.394,1.6201279,10367,5053,0,-
13:54:17.748,snap,default,com.ss.android.ugc.aweme,discharging,1,28.7,43,100,95,1,18.86,0.29,0.05,0,4.116,0.39,1.60524,10367,5053,0,-
13:54:18.750,snap,default,com.ss.android.ugc.aweme,discharging,1,28.7,43.8,100,95,1,18.88,0.24,0.04,0,4.108,0.495,2.03346,10367,5053,0,-
13:54:19.749,snap,default,com.ss.android.ugc.aweme,discharging,1,28.7,44.2,100,95,1,18.88,0.24,0.04,5,4.11,0.488,2.00568,13353,6689,0,-
13:54:20.754,snap,default,com.ss.android.ugc.aweme,discharging,1,28.6,44.2,100,95,1,19.45,0.19,0.03,5,4.112,0.499,2.051888,13353,6689,0,-
13:54:21.750,snap,default,com.ss.android.ugc.aweme,discharging,1,28.6,44.2,100,95,1,19.45,0.19,0.03,0,4.108,0.495,2.03346,18313,8771,0,-
13:54:22.750,snap,default,com.ss.android.ugc.aweme,discharging,1,28.6,45.7,100,95,1,19.73,0.16,0.03,6,4.107,0.597,2.451879,18313,8771,0,-
13:54:23.750,snap,default,com.ss.android.ugc.aweme,discharging,1,28.6,44.9,100,95,1,19.73,0.16,0.03,6,4.1,0.665,2.7265,19758,9991,0,-
13:54:24.750,snap,default,com.ss.android.ugc.aweme,discharging,1,28.6,44.9,100,95,1,20.14,0.13,0.02,6,4.106,0.474,1.946244,19758,9991,0,-
13:54:25.752,snap,default,com.ss.android.ugc.aweme,discharging,1,28.6,44.6,100,95,1,20.14,0.13,0.02,0,4.107,0.427,1.7536889,15619,7302,0,-
13:54:26.752,snap,default,com.ss.android.ugc.aweme,discharging,1,28.6,44.2,100,95,1,19.93,0.1,0.02,5,4.107,0.416,1.708512,15619,7302,0,-
13:54:27.751,snap,default,com.ss.android.ugc.aweme,discharging,1,28.6,44.2,100,95,1,19.93,0.1,0.02,0,4.114,0.354,1.4563559,11718,5653,0,-
13:54:28.751,snap,default,com.ss.android.ugc.aweme,discharging,1,28.6,44.6,100,95,1,20.12,0.08,0.01,0,4.117,0.615,2.531955,11718,5653,0,-
13:54:29.751,snap,default,com.ss.android.ugc.aweme,discharging,1,28.6,45.3,100,95,1,20.12,0.08,0.01,0,4.104,0.445,1.82628,18011,8883,0,-
13:54:30.752,snap,default,com.ss.android.ugc.aweme,discharging,1,28.6,45.3,100,95,1,20.28,0.07,0.01,6,4.11,0.669,2.7495902,18011,8883,0,-
13:54:31.752,snap,default,com.ss.android.ugc.aweme,discharging,1,28.6,45.3,100,95,1,20.28,0.07,0.01,6,4.095,0.679,2.780505,23218,10971,0,-
13:54:32.759,snap,default,com.ss.android.ugc.aweme,discharging,1,28.6,45.3,100,95,1,20.59,0.05,0.01,0,4.112,0.477,1.961424,23218,10971,0,-
13:54:33.752,snap,default,com.ss.android.ugc.aweme,discharging,1,28.6,45.3,100,95,1,20.59,0.05,0.01,0,4.11,0.532,2.18652,14083,6730,0,-
13:54:34.753,snap,default,com.ss.android.ugc.aweme,discharging,1,28.6,44.9,100,95,1,20.48,0.04,0,8,4.095,0.636,2.6044197,14083,6730,0,-
13:54:35.753,snap,default,com.ss.android.ugc.aweme,discharging,1,28.6,46.5,100,95,1,20.48,0.04,0,0,4.11,0.52,2.1371999,19427,8925,0,-
13:54:36.753,snap,default,com.ss.android.ugc.aweme,discharging,1,28.6,46.1,100,95,1,20.58,0.03,0,5,4.095,0.702,2.87469,19427,8925,0,-
13:54:37.753,snap,default,com.ss.android.ugc.aweme,discharging,1,28.6,46.9,100,95,1,20.58,0.03,0,9,4.102,0.727,2.9821541,22478,11538,0,-
13:54:38.754,snap,default,com.ss.android.ugc.aweme,discharging,1,28.6,46.1,100,95,1,20.65,0.03,0,0,4.109,0.539,2.214751,22478,11538,0,-
13:54:39.754,snap,default,com.ss.android.ugc.aweme,discharging,1,28.6,45.3,100,95,1,20.65,0.03,0,0,4.102,0.564,2.313528,16047,7479,0,-
13:54:40.757,snap,default,com.ss.android.ugc.aweme,discharging,1,28.6,44.9,100,95,1,20.53,0.02,0,0,4.104,0.568,2.331072,16047,7479,0,-
13:54:41.756,snap,default,com.ss.android.ugc.aweme,discharging,1,28.6,44.9,100,95,1,20.53,0.02,0,0,4.108,0.51,2.09508,13475,6202,0,-
13:54:42.755,snap,default,com.ss.android.ugc.aweme,discharging,1,28.6,44.9,100,95,1,20.07,0.02,0,0,4.088,0.47,1.9213599,13475,6202,0,-
13:54:43.755,snap,default,com.ss.android.ugc.aweme,discharging,1,28.6,44.6,100,95,1,20.07,0.02,0,0,4.11,0.64,2.6304,13475,6202,0,-
13:54:44.757,snap,default,com.ss.android.ugc.aweme,discharging,1,28.6,45.3,100,95,1,19.52,0.01,0,0,4.112,0.466,1.9161919,13567,6261,0,-
13:54:45.756,snap,default,com.ss.android.ugc.aweme,discharging,1,28.6,45.3,100,95,1,19.52,0.01,0,0,4.082,0.669,2.730858,13567,6261,0,-
13:54:46.756,snap,default,com.ss.android.ugc.aweme,discharging,1,28.6,45.3,100,95,1,19.96,0.01,0,5,4.112,0.445,1.82984,20094,9951,0,-
13:54:47.759,snap,default,com.ss.android.ugc.aweme,discharging,1,28.6,44.2,100,95,1,19.96,0.01,0,0,4.113,0.34,1.39842,20094,9951,0,-
13:54:48.757,snap,default,com.ss.android.ugc.aweme,discharging,1,28.6,44.2,100,95,1,19.79,0.01,0,0,4.111,0.402,1.6526221,12061,5906,0,-
13:54:49.760,snap,default,com.ss.android.ugc.aweme,discharging,1,28.6,44.2,100,95,1,19.79,0.01,0,0,4.114,0.462,1.900668,12061,5906,0,-
13:54:50.757,snap,default,com.ss.android.ugc.aweme,discharging,1,28.6,44.2,100,95,1,19.64,0,0,0,4.109,0.394,1.6189461,10333,5210,0,-
13:54:51.758,snap,default,com.ss.android.ugc.aweme,discharging,1,28.6,44.2,100,95,1,19.64,0,0,0,4.108,0.416,1.708928,10333,5210,0,-
13:54:52.764,snap,default,com.ss.android.ugc.aweme,discharging,1,28.6,44.2,100,95,1,19.35,0,0,0,4.113,0.437,1.797381,9887,4706,0,-
13:54:53.763,snap,default,com.ss.android.ugc.aweme,discharging,1,28.6,43.8,100,95,1,19.35,0,0,0,4.113,0.34,1.39842,9887,4706,0,-
13:54:54.763,snap,default,com.ss.android.ugc.aweme,discharging,1,28.6,43.4,100,95,1,19.1,0,0,0,4.113,0.373,1.5341489,9929,4756,0,-
13:54:55.762,snap,default,com.ss.android.ugc.aweme,discharging,1,28.6,43.4,100,95,1,19.1,0,0,0,4.115,0.373,1.534895,9929,4756,0,-
13:54:56.762,snap,default,com.ss.android.ugc.aweme,discharging,1,28.6,43.4,100,95,1,18.9,0,0,0,4.11,0.348,1.43028,10284,4909,0,-
13:54:57.762,snap,default,com.ss.android.ugc.aweme,discharging,1,28.6,43.4,100,95,1,18.9,0,0,0,4.117,0.431,1.774427,10284,4909,0,-
13:54:58.762,snap,default,com.ss.android.ugc.aweme,discharging,1,28.6,43.8,100,95,1,18.74,0,0,9,4.106,0.499,2.048894,13363,7053,0,-
13:54:59.766,snap,default,com.ss.android.ugc.aweme,discharging,1,28.6,43.8,100,95,1,18.74,0,0,0,4.106,0.499,2.048894,13363,7053,0,-
13:55:00.763,snap,default,com.ss.android.ugc.aweme,discharging,1,28.6,43.8,100,95,1,18.74,0,0,0,4.112,0.387,1.591344,9870,4783,0,-
13:55:01.764,snap,default,com.ss.android.ugc.aweme,discharging,1,28.6,43.4,100,95,1,18.42,0,0,0,4.115,0.369,1.5184349,9870,4783,0,-
13:55:02.766,snap,default,com.ss.android.ugc.aweme,discharging,1,28.6,43.8,100,95,1,18.42,0,0,0,4.108,0.394,1.6185519,10131,5116,0,-
13:55:03.765,snap,default,com.ss.android.ugc.aweme,discharging,1,28.6,43.8,100,95,1,18.34,0,0,0,4.113,0.405,1.6657649,10131,5116,0,-
13:55:04.764,snap,default,com.ss.android.ugc.aweme,discharging,1,28.6,43.8,100,95,1,18.34,0,0,0,4.115,0.387,1.5925049,10877,5241,0,-
13:55:05.765,snap,default,com.ss.android.ugc.aweme,discharging,1,28.6,43,100,95,1,18.46,0,0,0,4.111,0.427,1.755397,10877,5241,0,-
13:55:06.765,snap,default,com.ss.android.ugc.aweme,discharging,1,28.6,43,100,95,1,18.46,0,0,0,4.109,0.431,1.770979,10120,4974,0,-
13:55:07.768,snap,default,com.ss.android.ugc.aweme,discharging,1,28.6,43.4,100,95,1,18.38,0,0,0,4.114,0.365,1.50161,10120,4974,0,-
13:55:08.767,snap,default,com.ss.android.ugc.aweme,discharging,1,28.6,43.4,100,95,1,18.38,0,0,0,4.115,0.365,1.5019749,11093,5294,0,-
13:55:09.766,snap,default,com.ss.android.ugc.aweme,discharging,1,28.6,43.4,100,95,1,18.49,0,0,0,4.116,0.351,1.4447161,11093,5294,0,-
13:55:10.766,snap,default,com.ss.android.ugc.aweme,discharging,1,28.6,43,100,95,1,18.49,0,0,0,4.113,0.38,1.56294,11093,5294,0,-
13:55:11.768,snap,default,com.ss.android.ugc.aweme,discharging,1,28.6,43.8,100,95,1,18.58,0,0,0,4.113,0.336,1.3819679,9943,5011,0,-
13:55:12.766,snap,default,com.ss.android.ugc.aweme,discharging,1,28.6,43.8,100,95,1,18.58,0,0,0,4.112,0.647,2.660464,9943,5011,0,-
13:55:13.766,snap,default,com.ss.android.ugc.aweme,discharging,1,28.6,43.8,100,95,1,19.38,0,0,4,4.101,0.539,2.2104387,20469,9873,0,-
13:55:14.767,snap,default,com.ss.android.ugc.aweme,discharging,1,28.6,44.9,100,95,1,19.38,0,0,0,4.108,0.441,1.811628,20469,9873,0,-
13:55:15.767,snap,default,com.ss.android.ugc.aweme,discharging,1,28.6,44.9,100,95,1,19.49,0.18,0,0,4.113,0.383,1.5752789,15248,6914,0,-
13:55:16.767,snap,default,com.ss.android.ugc.aweme,discharging,1,28.6,44.9,100,95,1,19.49,0.18,0,5,4.111,0.52,2.1377199,15248,6914,0,-
13:55:17.769,snap,default,com.ss.android.ugc.aweme,discharging,1,28.6,43.8,100,95,1,19.22,0.14,0,5,4.11,0.427,1.75497,12701,6616,0,-
13:55:18.769,snap,default,com.ss.android.ugc.aweme,discharging,1,28.6,43.8,100,95,1,19.22,0.14,0,5,4.109,0.369,1.516221,12701,6616,0,-
13:55:19.769,snap,default,com.ss.android.ugc.aweme,discharging,1,28.6,43.8,100,95,1,19.18,0.12,0,5,4.115,0.325,1.3373749,11397,5460,0,-
13:55:20.777,snap,default,com.ss.android.ugc.aweme,discharging,1,28.6,44.2,100,95,1,19.18,0.12,0,0,4.113,0.462,1.900206,11397,5460,0,-
13:55:21.775,snap,default,com.ss.android.ugc.aweme,discharging,1,28.6,44.2,100,95,1,19.15,0.09,0,0,4.107,0.362,1.4867339,14349,7245,0,-
13:55:22.775,snap,default,com.ss.android.ugc.aweme,discharging,1,28.6,45.3,100,95,1,19.15,0.09,0,0,4.116,0.514,2.1156242,14349,7245,0,-
13:55:23.775,snap,default,com.ss.android.ugc.aweme,discharging,1,28.6,45.7,100,95,1,19.66,0.8,0,4,4.099,0.56,2.29544,23338,9458,0,-
13:55:24.775,snap,default,com.ss.android.ugc.aweme,discharging,1,28.6,45.7,100,95,1,19.66,0.8,0,4,4.102,0.705,2.89191,23338,9458,0,-
13:55:25.776,snap,default,com.ss.android.ugc.aweme,discharging,1,28.6,44.6,100,95,1,20.63,0.84,0,0,4.105,0.532,2.18386,15169,7044,0,-
13:55:26.776,snap,default,com.ss.android.ugc.aweme,discharging,1,28.6,44.6,100,95,1,20.63,0.84,0,0,4.111,0.441,1.8129511,15169,7044,0,-
13:55:27.776,snap,default,com.ss.android.ugc.aweme,discharging,1,28.6,44.6,100,95,1,19.97,0.68,0,0,4.113,0.358,1.4724541,13298,6527,0,-
13:55:28.776,snap,default,com.ss.android.ugc.aweme,discharging,1,28.6,44.9,100,95,1,19.97,0.68,0,5,4.114,0.373,1.5345219,13298,6527,0,-
13:55:29.777,snap,default,com.ss.android.ugc.aweme,discharging,1,28.6,44.9,100,95,1,20.34,0.56,0,5,4.095,0.647,2.6494648,20002,9273,0,-
13:55:30.777,snap,default,com.ss.android.ugc.aweme,discharging,1,28.5,44.9,100,95,1,20.34,0.56,0,0,4.105,0.535,2.196175,20002,9273,0,-
13:55:31.780,snap,default,com.ss.android.ugc.aweme,discharging,1,28.5,44.6,100,95,1,20.64,0.46,0,0,4.108,0.51,2.09508,16473,7759,0,-
13:55:32.778,snap,default,com.ss.android.ugc.aweme,discharging,1,28.5,44.6,100,95,1,20.64,0.46,0,3,4.1,0.632,2.5912,16473,7759,0,-
13:55:33.778,snap,default,com.ss.android.ugc.aweme,discharging,1,28.5,44.6,100,95,1,20.52,0.37,0,3,4.1,0.448,1.8368,13365,6518,0,-
13:55:34.779,snap,default,com.ss.android.ugc.aweme,discharging,1,28.5,44.2,100,95,1,20.52,0.37,0,3,4.111,0.481,1.977391,13365,6518,0,-
13:55:35.779,snap,default,com.ss.android.ugc.aweme,discharging,1,28.5,44.2,100,95,1,20.79,0.3,0,3,4.102,0.528,2.1658561,13365,6518,0,-
13:55:36.780,snap,default,com.ss.android.ugc.aweme,discharging,1,28.5,46.5,100,95,1,20.79,0.3,0,2,4.108,0.398,1.6349839,14518,7057,0,-
13:55:37.780,snap,default,com.ss.android.ugc.aweme,discharging,1,28.5,46.5,100,95,1,20.28,0.25,0,5,4.11,0.553,2.27283,14518,7057,0,-
13:55:38.779,snap,default,com.ss.android.ugc.aweme,discharging,1,28.5,44.2,100,95,1,20.28,0.25,0,5,4.107,0.398,1.634586,13879,7081,0,-
13:55:39.781,snap,default,com.ss.android.ugc.aweme,discharging,1,28.5,44.2,100,95,1,20.05,0.2,0,2,4.105,0.416,1.70768,13879,7081,0,-
13:55:40.780,snap,default,com.ss.android.ugc.aweme,discharging,1,28.5,44.2,100,95,1,20.05,0.2,0,2,4.112,0.434,1.7846079,13889,6816,0,-
13:55:41.781,snap,default,com.ss.android.ugc.aweme,discharging,1,28.5,44.2,100,95,1,20.04,0.16,0,2,4.106,0.485,1.99141,13889,6816,0,-
13:55:42.780,snap,default,com.ss.android.ugc.aweme,discharging,1,28.5,44.2,100,95,1,20.04,0.16,0,2,4.111,0.474,1.948614,12496,6328,0,-
13:55:43.786,snap,default,com.ss.android.ugc.aweme,discharging,1,28.5,45.3,100,95,1,20.03,0.13,0,2,4.111,0.434,1.784174,12496,6328,0,-
13:55:44.781,snap,default,com.ss.android.ugc.aweme,discharging,1,28.5,45.3,100,95,1,20.03,0.13,0,3,4.102,0.578,2.3709562,16280,8280,0,-
13:55:45.781,snap,default,com.ss.android.ugc.aweme,discharging,1,28.5,45.3,100,95,1,19.84,0.11,0,3,4.106,0.445,1.8271699,16280,8280,0,-
13:55:46.782,snap,default,com.ss.android.ugc.aweme,discharging,1,28.5,46.5,100,95,1,19.84,0.11,0,5,4.109,0.787,3.2337832,31660,16411,0,-
13:55:47.783,snap,default,com.ss.android.ugc.aweme,discharging,1,28.5,47.7,100,95,1,22.77,0.81,0.54,4,4.061,1.615,6.5585146,31660,16411,0,-
13:55:48.782,snap,default,com.ss.android.ugc.aweme,discharging,1,28.5,49.3,100,95,1,22.77,0.81,0.54,2,4.093,0.647,2.648171,20547,10303,0,-
13:55:49.783,snap,default,com.ss.android.ugc.aweme,discharging,1,28.5,49.3,100,95,1,22.45,1.39,0.98,2,4.085,0.842,3.43957,20547,10303,0,-
13:55:50.783,snap,default,com.ss.android.ugc.aweme,discharging,1,28.5,49.3,100,95,1,22.45,1.39,0.98,4,4.075,0.77,3.1377497,18748,10442,0,-
13:55:51.782,snap,default,com.ss.android.ugc.aweme,discharging,1,28.5,52.3,100,95,1,21.64,1.14,0.99,0,4.079,0.77,3.1408298,18748,10442,0,-
13:55:52.783,snap,default,com.ss.android.ugc.aweme,discharging,1,28.5,52.4,100,95,1,21.64,1.14,0.99,0,4.112,0.474,1.949088,24353,13007,0,-
13:55:53.783,snap,default,com.ss.android.ugc.aweme,discharging,1,28.5,52.4,100,95,1,22.79,1.29,1.17,5,4.098,1.344,5.507712,24353,13007,0,-
13:55:54.784,snap,default,com.ss.android.ugc.aweme,discharging,1,28.5,50.9,100,95,1,22.79,1.29,1.17,5,4.097,0.889,3.6422331,20954,10795,0,-
13:55:55.783,snap,default,com.ss.android.ugc.aweme,discharging,1,28.5,48.5,100,95,1,21.92,1.42,1.14,3,4.095,0.853,3.4930348,20954,10795,0,-
13:55:56.784,snap,default,com.ss.android.ugc.aweme,discharging,1,28.5,48.1,100,95,1,21.92,1.42,1.14,7,4.106,0.6,2.4636002,16417,9176,0,-
13:55:57.784,snap,default,com.ss.android.ugc.aweme,discharging,1,28.5,47.7,100,95,1,21.57,1.34,0.93,4,4.106,0.545,2.23777,16417,9176,0,-
13:55:58.785,snap,default,com.ss.android.ugc.aweme,discharging,1,28.5,46.9,100,95,1,21.57,1.34,0.93,4,4.097,0.532,2.179604,12743,7577,0,-
13:55:59.784,snap,default,com.ss.android.ugc.aweme,discharging,1,28.5,46.9,100,95,1,20.74,1.1,0.76,4,4.109,0.441,1.8120692,12743,7577,0,-
13:56:00.785,snap,default,com.ss.android.ugc.aweme,discharging,1,28.6,46.1,100,95,1,20.74,1.1,0.76,4,4.108,0.452,1.8568159,12328,7272,0,-
13:56:01.785,snap,default,com.ss.android.ugc.aweme,discharging,1,28.6,46.1,100,95,1,19.88,0.9,0.62,4,4.102,0.448,1.8376962,12328,7272,0,-
13:56:02.786,snap,default,com.ss.android.ugc.aweme,discharging,1,28.6,46.1,100,95,1,19.88,0.9,0.62,2,4.11,0.611,2.5112102,12328,7272,0,-
13:56:03.787,snap,default,com.ss.android.ugc.aweme,discharging,1,28.6,45.7,100,95,1,18.45,0.73,0.51,2,4.095,0.52,2.1293998,10839,6197,0,-
13:56:04.789,snap,default,com.ss.android.ugc.aweme,discharging,1,28.6,45.7,100,95,1,18.45,0.73,0.51,3,4.111,0.434,1.784174,10839,6197,0,-
13:56:05.787,snap,default,com.ss.android.ugc.aweme,discharging,1,28.6,45.3,100,95,1,18.91,0.6,0.41,2,4.108,0.419,1.721252,11596,6475,0,-
13:56:06.790,snap,default,com.ss.android.ugc.aweme,discharging,1,28.6,45.3,100,95,1,18.91,0.6,0.41,2,4.109,0.452,1.8572681,11596,6475,0,-
13:56:07.787,snap,default,com.ss.android.ugc.aweme,discharging,1,28.6,45.3,100,95,1,19.29,0.49,0.34,2,4.11,0.423,1.73853,11180,6413,0,-
13:56:08.787,snap,default,com.ss.android.ugc.aweme,discharging,1,28.6,45.3,100,95,1,19.29,0.49,0.34,3,4.112,0.452,1.858624,11180,6413,0,-
13:56:09.789,snap,default,com.ss.android.ugc.aweme,discharging,1,28.6,45.3,100,95,1,19.42,0.4,0.28,2,4.109,0.408,1.6764721,11771,6377,0,-
13:56:10.790,snap,default,com.ss.android.ugc.aweme,discharging,1,28.6,44.6,100,95,1,19.42,0.4,0.28,2,4.111,0.402,1.6526221,11771,6377,0,-
13:56:11.793,snap,default,com.ss.android.ugc.aweme,discharging,1,28.6,44.6,100,95,1,19.7,0.33,0.22,2,4.111,0.437,1.796507,12037,6778,0,-
13:56:12.791,snap,default,com.ss.android.ugc.aweme,discharging,1,28.6,44.6,100,95,1,19.7,0.33,0.22,2,4.112,0.431,1.772272,12037,6778,0,-
13:56:13.790,snap,default,com.ss.android.ugc.aweme,discharging,1,28.6,44.9,100,95,1,19.58,0.27,0.18,2,4.11,0.448,1.8412801,11120,6618,0,-
13:56:14.792,snap,default,com.ss.android.ugc.aweme,discharging,1,28.6,44.2,100,95,1,19.58,0.27,0.18,2,4.11,0.441,1.8125101,11120,6618,0,-
13:56:15.791,snap,default,com.ss.android.ugc.aweme,discharging,1,28.6,44.9,100,95,1,19.65,0.22,0.15,2,4.105,0.437,1.793885,12768,6858,0,-
13:56:16.792,snap,default,com.ss.android.ugc.aweme,discharging,1,28.6,44.9,100,95,1,19.65,0.22,0.15,2,4.11,0.448,1.8412801,12768,6858,0,-
13:56:17.792,snap,default,com.ss.android.ugc.aweme,discharging,1,28.6,44.9,100,95,1,19.9,0.36,0.12,2,4.099,0.47,1.92653,14748,7951,0,-
13:56:18.792,snap,default,com.ss.android.ugc.aweme,discharging,1,28.6,45.3,100,95,1,19.9,0.36,0.12,2,4.109,0.46,1.8901402,14748,7951,0,-
13:56:19.792,snap,default,com.ss.android.ugc.aweme,discharging,1,28.6,44.6,100,95,1,19.73,0.29,0.1,2,4.106,0.412,1.691672,11078,6315,0,-
13:56:20.793,snap,default,com.ss.android.ugc.aweme,discharging,1,28.6,44.6,100,95,1,19.73,0.29,0.1,2,4.108,0.431,1.7705479,11078,6315,0,-
13:56:21.793,snap,default,com.ss.android.ugc.aweme,discharging,1,28.6,44.2,100,95,1,19.6,0.24,0.08,2,4.112,0.434,1.7846079,11079,5884,0,-
13:56:22.793,snap,default,com.ss.android.ugc.aweme,discharging,1,28.6,44.2,100,95,1,19.6,0.24,0.08,2,4.111,0.39,1.60329,11079,5884,0,-
13:56:23.795,snap,default,com.ss.android.ugc.aweme,discharging,1,28.6,44.2,100,95,1,19.31,0.19,0.06,2,4.109,0.431,1.770979,11214,5943,0,-
13:56:24.793,snap,default,com.ss.android.ugc.aweme,discharging,1,28.6,44.2,100,95,1,19.31,0.19,0.06,2,4.111,0.408,1.6772879,11214,5943,0,-
13:56:25.793,snap,default,com.ss.android.ugc.aweme,discharging,1,28.6,44.2,100,95,1,19.25,0.16,0.05,2,4.1,0.423,1.7343,11761,6289,0,-
13:56:26.794,snap,default,com.ss.android.ugc.aweme,discharging,1,28.6,44.2,100,95,1,19.25,0.16,0.05,2,4.103,0.405,1.661715,11761,6289,0,-
13:56:27.793,snap,default,com.ss.android.ugc.aweme,discharging,1,28.6,44.2,100,95,1,19.2,0.13,0.04,2,4.11,0.412,1.69332,11993,6383,0,-
13:56:28.795,snap,default,com.ss.android.ugc.aweme,discharging,1,28.6,44.6,100,95,1,19.2,0.13,0.04,2,4.106,0.412,1.691672,11993,6383,0,-
13:56:29.795,snap,default,com.ss.android.ugc.aweme,discharging,1,28.6,44.2,100,95,1,19.17,0.1,0.03,2,4.111,0.441,1.8129511,11993,6383,0,-
13:56:30.796,snap,default,com.ss.android.ugc.aweme,discharging,1,28.6,44.2,100,95,1,19.17,0.1,0.03,2,4.11,0.456,1.87416,12136,6327,0,-
13:56:31.795,snap,default,com.ss.android.ugc.aweme,discharging,1,28.6,44.2,100,95,1,18.95,0.08,0.03,2,4.105,0.405,1.662525,12136,6327,0,-
13:56:32.795,snap,default,com.ss.android.ugc.aweme,discharging,1,28.6,44.6,100,95,1,18.95,0.08,0.03,2,4.109,0.466,1.9147941,12292,6738,0,-
13:56:33.795,snap,default,com.ss.android.ugc.aweme,discharging,1,28.6,44.6,100,95,1,18.6,0.07,0.02,2,4.11,0.398,1.6357801,12292,6738,0,-
13:56:34.795,snap,default,com.ss.android.ugc.aweme,discharging,1,28.6,44.6,100,95,1,18.6,0.07,0.02,2,4.108,0.452,1.8568159,12541,6360,0,-
13:56:35.795,snap,default,com.ss.android.ugc.aweme,discharging,1,28.6,44.6,100,95,1,18.67,0.05,0.01,2,4.11,0.408,1.67688,12541,6360,0,-
13:56:36.796,snap,default,com.ss.android.ugc.aweme,discharging,1,28.6,44.2,100,95,1,18.67,0.05,0.01,2,4.11,0.416,1.7097601,11810,6608,0,-
13:56:37.800,snap,default,com.ss.android.ugc.aweme,discharging,1,28.6,44.2,100,95,1,18.37,0.04,0.01,2,4.11,0.373,1.53303,11810,6608,0,-
13:56:38.797,snap,default,com.ss.android.ugc.aweme,discharging,1,28.6,43.8,100,95,1,18.37,0.04,0.01,2,4.109,0.402,1.6518182,11359,6356,0,-
13:56:39.796,snap,default,com.ss.android.ugc.aweme,discharging,1,28.6,43.8,100,95,1,18.12,0.03,0.01,2,4.114,0.34,1.39876,11359,6356,0,-
13:56:40.798,snap,default,com.ss.android.ugc.aweme,discharging,1,28.5,43.8,100,95,1,18.12,0.03,0.01,2,4.111,0.394,1.619734,9495,5133,0,-
13:56:41.799,snap,default,com.ss.android.ugc.aweme,discharging,1,28.5,44.2,100,95,1,17.91,0.03,0.01,2,4.11,0.412,1.69332,9495,5133,0,-
13:56:42.797,snap,default,com.ss.android.ugc.aweme,discharging,1,28.5,44.2,100,95,1,17.91,0.03,0.01,2,4.108,0.419,1.721252,11069,6409,0,-
13:56:43.799,snap,default,com.ss.android.ugc.aweme,discharging,1,28.5,44.2,100,95,1,17.93,0.02,0,2,4.112,0.398,1.636576,11069,6409,0,-
13:56:44.798,snap,default,com.ss.android.ugc.aweme,discharging,1,28.5,44.2,100,95,1,17.93,0.02,0,2,4.106,0.416,1.708096,10923,5824,0,-
13:56:45.801,snap,default,com.ss.android.ugc.aweme,discharging,1,28.5,43.8,100,95,1,18.12,0.02,0,2,4.109,0.419,1.7216711,10923,5824,0,-
13:56:46.803,snap,default,com.ss.android.ugc.aweme,discharging,1,28.5,43.8,100,95,1,18.12,0.02,0,2,4.112,0.362,1.488544,10051,5780,0,-
13:56:47.800,snap,default,com.ss.android.ugc.aweme,discharging,1,28.5,43.4,100,95,1,18.46,0.01,0,2,4.106,0.419,1.7204139,10051,5780,0,-
13:56:48.801,snap,default,com.ss.android.ugc.aweme,discharging,1,28.5,43.4,100,95,1,18.46,0.01,0,2,4.107,0.416,1.708512,11035,6517,0,-
13:56:49.803,snap,default,com.ss.android.ugc.aweme,discharging,1,28.5,43.4,100,95,1,19.1,0.01,0,2,4.112,0.358,1.4720961,11035,6517,0,-
13:56:50.803,snap,default,com.ss.android.ugc.aweme,discharging,1,28.5,43.4,100,95,1,19.1,0.01,0,2,4.108,0.402,1.651416,10443,6127,0,-
13:56:51.801,snap,default,com.ss.android.ugc.aweme,discharging,1,28.5,43.4,100,95,1,19.45,0.01,0,2,4.112,0.462,1.899744,10443,6127,0,-
13:56:52.803,snap,default,com.ss.android.ugc.aweme,discharging,1,28.5,44.2,100,95,1,19.45,0.01,0,2,4.111,0.394,1.619734,10638,6115,0,-
13:56:53.802,snap,default,com.ss.android.ugc.aweme,discharging,1,28.5,43.8,100,95,1,19.91,0,0,2,4.109,0.405,1.6641451,10638,6115,0,-
13:56:54.806,snap,default,com.ss.android.ugc.aweme,discharging,1,28.5,43.8,100,95,1,19.91,0,0,2,4.112,0.408,1.677696,10638,6115,0,-
13:56:55.804,snap,default,com.ss.android.ugc.aweme,discharging,1,28.5,43.8,100,95,1,19.92,0,0,2,4.108,0.39,1.6021199,10750,6368,0,-
13:56:56.803,snap,default,com.ss.android.ugc.aweme,discharging,1,28.5,43.8,100,95,1,19.92,0,0,2,4.111,0.394,1.619734,10750,6368,0,-
13:56:57.805,snap,default,com.ss.android.ugc.aweme,discharging,1,28.5,43.4,100,95,1,19.75,0,0,2,4.112,0.416,1.710592,10699,6059,0,-
13:56:58.806,snap,default,com.ss.android.ugc.aweme,discharging,1,28.5,43.8,100,95,1,19.75,0,0,2,4.111,0.402,1.6526221,10699,6059,0,-
13:56:59.805,snap,default,com.ss.android.ugc.aweme,discharging,1,28.5,43.8,100,95,1,19.8,0,0,2,4.112,0.387,1.591344,10914,6031,0,-
13:57:00.804,snap,default,com.ss.android.ugc.aweme,discharging,1,28.5,44.2,100,95,1,19.8,0,0,2,4.107,0.46,1.88922,10914,6031,0,-
13:57:01.804,snap,default,com.ss.android.ugc.aweme,discharging,1,28.5,44.2,100,95,1,19.65,0,0,2,4.108,0.398,1.6349839,12414,6495,0,-
13:57:02.804,snap,default,com.ss.android.ugc.aweme,discharging,1,28.5,44.2,100,95,1,19.65,0,0,2,4.11,0.427,1.75497,12414,6495,0,-
13:57:03.805,snap,default,com.ss.android.ugc.aweme,discharging,1,28.5,44.2,100,95,1,19.53,0,0,2,4.107,0.434,1.7824379,11586,6310,0,-
13:57:04.805,snap,default,com.ss.android.ugc.aweme,discharging,1,28.5,44.6,100,95,1,19.53,0,0,3,4.103,0.51,2.09253,11586,6310,0,-
13:57:05.805,snap,default,com.ss.android.ugc.aweme,discharging,1,28.5,44.6,100,95,1,19.62,0,0,3,4.105,0.419,1.719995,13018,6924,0,-
13:57:06.808,snap,default,com.ss.android.ugc.aweme,discharging,1,28.5,44.2,100,95,1,19.62,0,0,2,4.104,0.412,1.690848,13018,6924,0,-
13:57:07.808,snap,default,com.ss.android.ugc.aweme,discharging,1,28.5,44.2,100,95,1,19.5,0,0,2,4.106,0.398,1.6341879,11597,6762,0,-
13:57:08.808,snap,default,com.ss.android.ugc.aweme,discharging,1,28.5,44.2,100,95,1,19.5,0,0,2,4.109,0.383,1.573747,11597,6762,0,-
13:57:09.808,snap,default,com.ss.android.ugc.aweme,discharging,1,28.5,44.2,100,95,1,19.05,0,0,2,4.108,0.456,1.8732479,10416,6071,0,-
13:57:10.808,snap,default,com.ss.android.ugc.aweme,discharging,1,28.4,44.2,100,95,1,19.05,0,0,2,4.109,0.456,1.8737041,10416,6071,0,-
13:57:11.808,snap,default,com.ss.android.ugc.aweme,discharging,1,28.4,44.2,100,95,1,19.04,0,0,2,4.111,0.448,1.8417281,13296,7073,0,-
13:57:12.808,snap,default,com.ss.android.ugc.aweme,discharging,1,28.4,44.2,100,95,1,19.03,0,0,2,4.107,0.528,2.168496,13296,7073,0,-
13:57:13.808,snap,default,com.ss.android.ugc.aweme,discharging,1,28.4,44.2,100,95,1,19.03,0,0,2,4.111,0.377,1.549847,12843,6893,0,-
13:57:14.808,snap,default,com.ss.android.ugc.aweme,discharging,1,28.4,44.2,100,95,1,18.66,0,0,2,4.107,0.402,1.651014,12843,6893,0,-
13:57:15.808,snap,default,com.ss.android.ugc.aweme,discharging,1,28.4,43.8,100,95,1,18.66,0,0,2,4.111,0.423,1.7389531,11014,5956,0,-
13:57:16.816,snap,default,com.ss.android.ugc.aweme,discharging,1,28.4,43.8,100,95,1,18.54,0,0,2,4.103,0.431,1.768393,11014,5956,0,-
13:57:17.818,snap,default,com.ss.android.ugc.aweme,discharging,1,28.4,43.8,100,95,1,18.54,0,0,2,4.107,0.398,1.634586,10546,5789,0,-
13:57:18.810,snap,default,com.ss.android.ugc.aweme,discharging,1,28.4,43.8,100,95,1,18.62,0,0,2,4.109,0.477,1.9599931,10546,5789,0,-
13:57:19.811,snap,default,com.ss.android.ugc.aweme,discharging,1,28.4,43.8,100,95,1,18.62,0,0,2,4.107,0.423,1.7372609,16180,8361,0,-
13:57:20.810,snap,default,com.ss.android.ugc.aweme,discharging,1,28.4,44.2,100,95,1,18.51,0,0,2,4.11,0.394,1.6193401,16180,8361,0,-
13:57:21.811,snap,default,com.ss.android.ugc.aweme,discharging,1,28.4,44.2,100,95,1,18.51,0,0,2,4.11,0.408,1.67688,16180,8361,0,-
13:57:22.810,snap,default,com.ss.android.ugc.aweme,discharging,1,28.4,43.8,100,95,1,18.05,0,0,2,4.107,0.416,1.708512,10990,6022,0,-
13:57:23.813,snap,default,com.ss.android.ugc.aweme,discharging,1,28.4,43.8,100,95,1,18.05,0,0,2,4.109,0.394,1.6189461,10990,6022,0,-
13:57:24.813,snap,default,com.ss.android.ugc.aweme,discharging,1,28.4,43.8,100,95,1,17.86,0,0,2,4.109,0.394,1.6189461,11152,6065,0,-
13:57:25.812,snap,default,com.ss.android.ugc.aweme,discharging,1,28.4,43.8,100,95,1,17.86,0,0,2,4.111,0.377,1.549847,11152,6065,0,-
13:57:26.812,snap,default,com.ss.android.ugc.aweme,discharging,1,28.4,43.4,100,95,1,17.86,0,0,2,4.101,0.405,1.6609049,11626,6068,0,-
13:57:27.813,snap,default,com.ss.android.ugc.aweme,discharging,1,28.4,43.8,100,95,1,17.89,0,0,2,4.108,0.405,1.6637399,11626,6068,0,-
13:57:28.813,snap,default,com.ss.android.ugc.aweme,discharging,1,28.4,43.4,100,95,1,17.89,0,0,2,4.11,0.405,1.6645501,11334,5983,0,-
13:57:29.812,snap,default,com.ss.android.ugc.aweme,discharging,1,28.4,43.4,100,95,1,17.54,0,0,2,4.103,0.408,1.674024,11334,5983,0,-
13:57:30.813,snap,default,com.ss.android.ugc.aweme,discharging,1,28.3,43.4,100,95,1,17.54,0,0,2,4.109,0.405,1.6641451,11419,6022,0,-
13:57:31.813,snap,default,com.ss.android.ugc.aweme,discharging,1,28.3,43.8,100,95,1,17.63,0,0,2,4.11,0.394,1.6193401,11419,6022,0,-
13:57:32.814,snap,default,com.ss.android.ugc.aweme,discharging,1,28.3,43.8,100,95,1,17.63,0,0,2,4.108,0.387,1.589796,11159,6285,0,-
13:57:33.816,snap,default,com.ss.android.ugc.aweme,discharging,1,28.3,43.8,100,95,1,17.51,0,0,2,4.11,0.452,1.85772,11159,6285,0,-
13:57:34.815,snap,default,com.ss.android.ugc.aweme,discharging,1,28.3,43.8,100,95,1,17.51,0,0,2,4.108,0.427,1.7541158,11540,6526,0,-
13:57:35.814,snap,default,com.ss.android.ugc.aweme,discharging,1,28.3,43.8,100,95,1,17.42,0,0,2,4.104,0.445,1.82628,11540,6526,0,-
13:57:36.816,snap,default,com.ss.android.ugc.aweme,discharging,1,28.3,43.4,100,95,1,17.42,0,0,2,4.107,0.377,1.548339,10833,5820,0,-
13:57:37.816,snap,default,com.ss.android.ugc.aweme,discharging,1,28.3,43.4,100,95,1,17.34,0,0,2,4.103,0.431,1.768393,10833,5820,0,-
13:57:38.816,snap,default,com.ss.android.ugc.aweme,discharging,1,28.3,43.4,100,95,1,17.34,0,0,2,4.105,0.365,1.498325,10075,5403,0,-
13:57:39.814,snap,default,com.ss.android.ugc.aweme,discharging,1,28.3,43.8,100,95,1,17.28,0,0,2,4.107,0.39,1.6017299,10075,5403,0,-
13:57:40.815,snap,default,com.ss.android.ugc.aweme,discharging,1,28.3,43.8,100,95,1,17.28,0,0,2,4.109,0.419,1.7216711,12585,6467,0,-
13:57:41.820,snap,default,com.ss.android.ugc.aweme,discharging,1,28.3,43.8,100,95,1,17.23,0,0,2,4.099,0.466,1.910134,12585,6467,0,-
13:57:42.818,snap,default,com.ss.android.ugc.aweme,discharging,1,28.3,43,100,95,1,17.23,0,0,2,4.107,0.402,1.651014,11458,6565,0,-
13:57:43.816,snap,default,com.ss.android.ugc.aweme,discharging,1,28.3,43,100,95,1,17.18,0,0,2,4.106,0.358,1.469948,11458,6565,0,-
13:57:44.816,snap,default,com.ss.android.ugc.aweme,discharging,1,28.3,43,100,95,1,17.18,0,0,2,4.105,0.387,1.588635,10852,5666,0,-
13:57:45.816,snap,default,com.ss.android.ugc.aweme,discharging,1,28.3,43.8,100,95,1,17.15,0,0,2,4.111,0.348,1.430628,10852,5666,0,-
13:57:46.819,snap,default,com.ss.android.ugc.aweme,discharging,1,28.3,43.8,100,95,1,17.15,0,0,2,4.105,0.394,1.61737,10852,5666,0,-
13:57:47.821,snap,default,com.ss.android.ugc.aweme,discharging,1,28.3,43,100,95,1,17.3,0,0,2,4.11,0.474,1.9481401,11655,6478,0,-
13:57:48.819,snap,default,com.ss.android.ugc.aweme,discharging,1,28.3,43,100,95,1,17.3,0,0,2,4.109,0.369,1.516221,11655,6478,0,-
13:57:49.819,snap,default,com.ss.android.ugc.aweme,discharging,1,28.3,43.4,100,95,1,17.25,0,0,2,4.107,0.365,1.499055,10706,5945,0,-
13:57:50.819,snap,default,com.ss.android.ugc.aweme,discharging,1,28.3,43.4,100,95,1,17.25,0,0,2,4.108,0.394,1.6185519,10706,5945,0,-
13:57:51.821,snap,default,com.ss.android.ugc.aweme,discharging,1,28.3,43.4,100,95,1,17.2,0,0,2,4.111,0.38,1.56218,10405,5892,0,-
13:57:52.820,snap,default,com.ss.android.ugc.aweme,discharging,1,28.3,43.8,100,95,1,17.2,0,0,2,4.112,0.412,1.694144,10405,5892,0,-
13:57:53.821,snap,default,com.ss.android.ugc.aweme,discharging,1,28.3,43.4,100,95,1,17.35,0,0,2,4.109,0.423,1.7381071,12270,6595,0,-
13:57:54.821,snap,default,com.ss.android.ugc.aweme,discharging,1,28.3,43.8,100,95,1,17.35,0,0,2,4.107,0.408,1.675656,12270,6595,0,-
13:57:55.823,snap,default,com.ss.android.ugc.aweme,discharging,1,28.3,43.4,100,95,1,17.28,0,0,3,4.11,0.419,1.72209,10679,6140,0,-
13:57:56.824,snap,default,com.ss.android.ugc.aweme,discharging,1,28.3,43,100,95,1,17.28,0,0,2,4.111,0.431,1.771841,10679,6140,0,-
13:57:57.822,snap,default,com.ss.android.ugc.aweme,discharging,1,28.3,43,100,95,1,17.41,0.18,0,2,4.105,0.434,1.78157,13152,6408,0,-
13:57:58.826,snap,default,com.ss.android.ugc.aweme,discharging,1,28.3,43.4,100,95,1,17.41,0.18,0,2,4.109,0.427,1.7545431,13152,6408,0,-
13:57:59.824,snap,default,com.ss.android.ugc.aweme,discharging,1,28.3,43.4,100,95,1,17.15,0.14,0,2,4.109,0.408,1.6764721,11052,6026,0,-
13:58:00.824,snap,default,com.ss.android.ugc.aweme,discharging,1,28.3,43.8,100,95,1,17.15,0.14,0,2,4.108,0.394,1.6185519,11052,6026,0,-
13:58:01.825,snap,default,com.ss.android.ugc.aweme,discharging,1,28.2,43,100,95,1,17.12,0.12,0,2,4.109,0.39,1.60251,10524,5682,0,-
13:58:02.826,snap,default,com.ss.android.ugc.aweme,discharging,1,28.2,43.8,100,95,1,17.12,0.12,0,2,4.11,0.423,1.73853,10524,5682,0,-
13:58:03.825,snap,default,com.ss.android.ugc.aweme,discharging,1,28.2,43.8,100,95,1,17.28,0.09,0,2,4.103,0.434,1.780702,11106,5886,0,-
13:58:04.829,snap,default,com.ss.android.ugc.aweme,discharging,1,28.2,43.8,100,95,1,17.28,0.09,0,2,4.106,0.398,1.6341879,11106,5886,0,-
13:58:05.828,snap,default,com.ss.android.ugc.aweme,discharging,1,28.2,43.4,100,95,1,17.23,0.08,0,2,4.109,0.427,1.7545431,10407,6204,0,-
13:58:06.826,snap,default,com.ss.android.ugc.aweme,discharging,1,28.2,43.4,100,95,1,17.23,0.08,0,2,4.109,0.369,1.516221,10407,6204,0,-
13:58:07.827,snap,default,com.ss.android.ugc.aweme,discharging,1,28.2,43.4,100,95,1,17.01,0.06,0,2,4.108,0.39,1.6021199,10259,5509,0,-
13:58:08.829,snap,default,com.ss.android.ugc.aweme,discharging,1,28.2,43.8,100,95,1,17.01,0.06,0,2,4.109,0.405,1.6641451,10259,5509,0,-
13:58:09.828,snap,default,com.ss.android.ugc.aweme,discharging,1,28.2,43.4,100,95,1,17,0.05,0,2,4.098,0.462,1.8932761,10538,5811,0,-
13:58:10.828,snap,default,com.ss.android.ugc.aweme,discharging,1,28.2,43.4,100,95,1,17,0.05,0,2,4.106,0.383,1.572598,10538,5811,0,-
13:58:11.829,snap,default,com.ss.android.ugc.aweme,discharging,1,28.2,43,100,95,1,16.82,0.04,0,2,4.109,0.354,1.454586,10643,5960,0,-
13:58:12.830,snap,default,com.ss.android.ugc.aweme,discharging,1,28.2,43,100,95,1,16.82,0.04,0,2,4.107,0.39,1.6017299,10643,5960,0,-
13:58:13.830,snap,default,com.ss.android.ugc.aweme,discharging,1,28.2,43,100,95,1,17.03,0.03,0,2,4.108,0.408,1.6760639,10643,5960,0,-
13:58:14.829,snap,default,com.ss.android.ugc.aweme,discharging,1,28.2,43,100,95,1,17.03,0.03,0,2,4.108,0.387,1.589796,10289,5819,0,-
13:58:15.831,snap,default,com.ss.android.ugc.aweme,discharging,1,28.2,43,100,95,1,17.03,0.02,0,2,4.103,0.441,1.8094231,10289,5819,0,-
13:58:16.831,snap,default,com.ss.android.ugc.aweme,discharging,1,28.2,43,100,95,1,17.03,0.02,0,2,4.105,0.402,1.65021,10586,5848,0,-
13:58:17.832,snap,default,com.ss.android.ugc.aweme,discharging,1,28.2,43,100,95,1,17.2,0.02,0,2,4.107,0.394,1.618158,10586,5848,0,-
13:58:18.831,snap,default,com.ss.android.ugc.aweme,discharging,1,28.2,43,100,95,1,17.2,0.02,0,2,4.103,0.419,1.7191571,10738,6411,0,-
13:58:19.831,snap,default,com.ss.android.ugc.aweme,discharging,1,28.2,43,100,95,1,17.89,0.01,0,2,4.108,0.387,1.589796,10738,6411,0,-
13:58:20.830,snap,default,com.ss.android.ugc.aweme,discharging,1,28.2,43,100,95,1,17.89,0.01,0,2,4.106,0.373,1.531538,10115,5876,0,-
13:58:21.830,snap,default,com.ss.android.ugc.aweme,discharging,1,28.2,44.9,100,95,1,20.99,0.37,0.36,2,4.108,0.503,2.066324,10115,5876,0,-
13:58:22.831,snap,default,com.ss.android.ugc.aweme,discharging,1,28.2,46.1,100,95,1,20.99,0.37,0.36,2,4.096,0.824,3.3751042,25882,8099,0,-
13:58:23.832,snap,default,com.ss.android.ugc.aweme,discharging,1,28.2,46.1,100,95,1,26.24,1.75,0.65,2,4.091,0.77,3.15007,25882,8099,0,-
13:58:24.832,snap,default,com.ss.android.ugc.aweme,discharging,1,28.2,45.3,100,95,1,26.24,1.75,0.65,2,4.083,0.647,2.6417012,18480,6431,0,-
13:58:25.834,snap,default,com.ss.android.ugc.aweme,discharging,1,28.2,44.9,100,95,1,26.02,1.43,0.53,2,4.103,0.431,1.768393,18480,6431,0,-
13:58:26.834,snap,default,com.ss.android.ugc.aweme,discharging,1,28.2,44.9,100,95,1,26.02,1.43,0.53,2,4.104,0.39,1.60056,10425,5998,0,-
13:58:27.833,snap,default,com.ss.android.ugc.aweme,discharging,1,28.2,44.2,100,95,1,24.74,1.17,0.44,2,4.101,0.427,1.7511269,10425,5998,0,-
13:58:28.832,snap,default,com.ss.android.ugc.aweme,discharging,1,28.2,44.2,100,95,1,24.74,1.17,0.44,3,4.106,0.423,1.736838,11147,6438,0,-
13:58:29.834,snap,default,com.ss.android.ugc.aweme,discharging,1,28.2,43.4,100,95,1,23.52,0.96,0.36,2,4.107,0.434,1.7824379,11147,6438,0,-
13:58:30.838,snap,default,com.ss.android.ugc.aweme,discharging,1,28.2,43,100,95,1,23.52,0.96,0.36,2,4.103,0.387,1.5878611,10104,5837,0,-
13:58:31.836,snap,default,com.ss.android.ugc.aweme,discharging,1,28.1,43,100,95,1,22.7,0.79,0.29,2,4.107,0.373,1.5319109,10104,5837,0,-
13:58:32.836,snap,default,com.ss.android.ugc.aweme,discharging,1,28.1,43.4,100,95,1,22.7,0.79,0.29,2,4.106,0.405,1.66293,10975,6434,0,-
13:58:33.836,snap,default,com.ss.android.ugc.aweme,discharging,1,28.1,43.8,100,95,1,21.85,0.64,0.24,2,4.105,0.47,1.92935,10975,6434,0,-
13:58:34.836,snap,default,com.ss.android.ugc.aweme,discharging,1,28.1,43.8,100,95,1,21.85,0.64,0.24,2,4.099,0.405,1.660095,10321,5825,0,-
13:58:35.836,snap,default,com.ss.android.ugc.aweme,discharging,1,28.1,43.4,100,95,1,21.15,0.52,0.19,2,4.107,0.39,1.6017299,10321,5825,0,-
13:58:36.836,snap,default,com.ss.android.ugc.aweme,discharging,1,28.1,43.4,100,95,1,21.15,0.52,0.19,2,4.109,0.383,1.573747,10537,6044,0,-
13:58:37.838,snap,default,com.ss.android.ugc.aweme,discharging,1,28.1,43.4,100,95,1,20.58,0.43,0.16,2,4.102,0.402,1.6490041,10537,6044,0,-
13:58:38.838,snap,default,com.ss.android.ugc.aweme,discharging,1,28.1,43,100,95,1,20.58,0.43,0.16,2,4.107,0.466,1.9138619,11718,6361,0,-
13:58:39.841,snap,default,com.ss.android.ugc.aweme,discharging,1,28.1,43.4,100,95,1,19.93,0.35,0.13,2,4.105,0.434,1.78157,11718,6361,0,-
13:58:40.838,snap,default,com.ss.android.ugc.aweme,discharging,1,28.1,43.4,100,95,1,19.93,0.35,0.13,2,4.105,0.416,1.70768,11718,6361,0,-
13:58:41.837,snap,default,com.ss.android.ugc.aweme,discharging,1,28.1,43.4,100,95,1,19.4,0.29,0.1,2,4.1,0.387,1.5867,10087,5628,0,-
13:58:42.842,snap,default,com.ss.android.ugc.aweme,discharging,1,28.1,43.4,100,95,1,19.4,0.29,0.1,2,4.107,0.383,1.5729809,10087,5628,0,-
13:58:43.839,snap,default,com.ss.android.ugc.aweme,discharging,1,28.1,43.4,100,95,1,18.96,0.23,0.08,2,4.106,0.408,1.6752479,10578,5995,0,-
13:58:44.840,snap,default,com.ss.android.ugc.aweme,discharging,1,28.1,43.4,100,95,1,18.96,0.23,0.08,1,4.103,0.38,1.5591401,10578,5995,0,-
13:58:45.841,snap,default,com.ss.android.ugc.aweme,discharging,1,28.1,43,100,95,1,18.61,0.19,0.07,4,4.11,0.416,1.7097601,10440,5914,0,-
13:58:46.840,snap,default,com.ss.android.ugc.aweme,discharging,1,28.1,43,100,95,1,18.61,0.19,0.07,2,4.107,0.365,1.499055,10440,5914,0,-
13:58:47.840,snap,default,com.ss.android.ugc.aweme,discharging,1,28.1,45.7,100,95,1,19.22,0.15,0.05,4,4.112,0.402,1.6530241,20709,11555,0,-
13:58:48.840,snap,default,com.ss.android.ugc.aweme,discharging,1,28.1,45.7,100,95,1,19.22,0.15,0.05,2,4.101,1.03,4.2240295,20709,11555,0,-
13:58:49.844,snap,default,com.ss.android.ugc.aweme,discharging,1,28.1,45.7,100,95,1,19.54,0.12,0.04,2,4.068,0.495,2.01366,23565,12967,0,-
13:58:50.840,snap,default,com.ss.android.ugc.aweme,discharging,1,28.1,46.5,100,95,1,19.54,0.12,0.04,4,4.098,0.687,2.815326,23565,12967,0,-
13:58:51.842,snap,default,com.ss.android.ugc.aweme,discharging,1,28.1,46.5,100,95,1,21.44,0.83,0.4,7,4.094,1.12,4.58528,29787,15381,0,-
13:58:52.843,snap,default,com.ss.android.ugc.aweme,discharging,1,28.1,45.3,100,95,1,21.44,0.83,0.4,2,4.088,0.557,2.277016,29787,15381,0,-
13:58:53.842,snap,default,com.ss.android.ugc.aweme,discharging,1,28.1,44.9,100,95,1,20.81,0.68,0.32,1,4.097,0.517,2.118149,15667,8247,0,-
13:58:54.843,snap,default,com.ss.android.ugc.aweme,discharging,1,28.1,44.6,100,95,1,20.81,0.68,0.32,1,4.103,0.456,1.8709681,15667,8247,0,-
13:58:55.841,snap,default,com.ss.android.ugc.aweme,discharging,1,28.1,43.4,100,95,1,19.58,0.55,0.26,1,4.104,0.437,1.7934481,12572,6696,0,-
13:58:56.843,snap,default,com.ss.android.ugc.aweme,discharging,1,28.1,43.4,100,95,1,19.58,0.55,0.26,1,4.102,0.437,1.7925742,12572,6696,0,-
13:58:57.844,snap,default,com.ss.android.ugc.aweme,discharging,1,28.1,43.4,100,95,1,18.93,0.45,0.22,1,4.107,0.434,1.7824379,13270,6819,0,-
13:58:58.844,snap,default,com.ss.android.ugc.aweme,discharging,1,28.1,43.4,100,95,1,18.93,0.45,0.22,1,4.103,0.402,1.6494061,13270,6819,0,-
13:58:59.843,snap,default,com.ss.android.ugc.aweme,discharging,1,28.1,43.4,100,95,1,18.21,0.37,0.18,1,4.105,0.383,1.572215,12002,6406,0,-
13:59:00.846,snap,default,com.ss.android.ugc.aweme,discharging,1,28.1,43.4,100,95,1,18.21,0.37,0.18,1,4.104,0.441,1.809864,12002,6406,0,-
13:59:01.846,snap,default,com.ss.android.ugc.aweme,discharging,1,28.1,43.4,100,95,1,17.99,0.3,0.14,2,4.106,0.398,1.6341879,12668,6923,0,-
13:59:02.844,snap,default,com.ss.android.ugc.aweme,discharging,1,28.1,43.4,100,95,1,17.99,0.3,0.14,1,4.1,0.46,1.886,12668,6923,0,-
13:59:03.844,snap,default,com.ss.android.ugc.aweme,discharging,1,28.1,43.4,100,95,1,18.36,0.24,0.12,1,4.104,0.456,1.8714241,13082,7055,0,-
13:59:04.845,snap,default,com.ss.android.ugc.aweme,discharging,1,28.1,43.4,100,95,1,18.36,0.24,0.12,1,4.099,0.499,2.045401,13082,7055,0,-
13:59:05.845,snap,default,com.ss.android.ugc.aweme,discharging,1,28.1,43,100,95,1,18.83,0.2,0.09,1,4.102,0.38,1.55876,13082,7055,0,-
13:59:06.845,snap,default,com.ss.android.ugc.aweme,discharging,1,28.1,43,100,95,1,18.83,0.2,0.09,2,4.108,0.419,1.721252,12279,6693,0,-
13:59:07.846,snap,default,com.ss.android.ugc.aweme,discharging,1,28.1,43,100,95,1,19.04,0.16,0.08,2,4.097,0.574,2.3516781,12279,6693,0,-
13:59:08.847,snap,default,com.ss.android.ugc.aweme,discharging,1,28.1,43,100,95,1,19.04,0.16,0.08,0,4.106,0.373,1.531538,15572,7621,0,-
13:59:09.846,snap,default,com.ss.android.ugc.aweme,discharging,1,28.1,43,100,95,1,18.49,0.13,0.06,0,4.108,0.351,1.441908,15572,7621,0,-
13:59:10.847,snap,default,com.ss.android.ugc.aweme,discharging,1,28.1,43.4,100,95,1,18.49,0.13,0.06,6,4.109,0.503,2.0668273,11897,5540,0,-
13:59:11.847,snap,default,com.ss.android.ugc.aweme,discharging,1,28.1,43.4,100,95,1,18.95,0.11,0.05,5,4.102,0.517,2.1207342,11897,5540,0,-
13:59:12.847,snap,default,com.ss.android.ugc.aweme,discharging,1,28.1,44.2,100,95,1,18.95,0.11,0.05,1,4.103,0.557,2.285371,16608,8758,0,-
13:59:13.848,snap,default,com.ss.android.ugc.aweme,discharging,1,28.1,43.8,100,95,1,19.5,0.09,0.04,1,4.095,0.56,2.2931998,16608,8758,0,-
13:59:14.848,snap,default,com.ss.android.ugc.aweme,discharging,1,28.1,43.8,100,95,1,19.5,0.09,0.04,1,4.091,0.456,1.865496,19355,9237,0,-
13:59:15.848,snap,default,com.ss.android.ugc.aweme,discharging,1,28.1,43.4,100,95,1,19.95,0.07,0.03,1,4.103,0.448,1.8381442,19355,9237,0,-
13:59:16.848,snap,default,com.ss.android.ugc.aweme,discharging,1,28.1,43,100,95,1,19.95,0.07,0.03,0,4.105,0.394,1.61737,13001,5958,0,-
13:59:17.849,snap,default,com.ss.android.ugc.aweme,discharging,1,28.1,43,100,95,1,19.6,0.06,0.02,5,4.107,0.434,1.7824379,13001,5958,0,-
13:59:18.848,snap,default,com.ss.android.ugc.aweme,discharging,1,28.1,42.6,100,95,1,19.6,0.06,0.02,5,4.094,0.524,2.1452558,13197,6840,0,-
13:59:19.848,snap,default,com.ss.android.ugc.aweme,discharging,1,28.1,44.2,100,95,1,19.67,0.04,0.02,5,4.1,0.427,1.7506999,13197,6840,0,-
13:59:20.849,snap,default,com.ss.android.ugc.aweme,discharging,1,28.1,44.2,100,95,1,19.67,0.04,0.02,5,4.104,0.622,2.552688,18247,8333,0,-
13:59:21.851,snap,default,com.ss.android.ugc.aweme,discharging,1,28,44.2,100,95,1,20.45,0.04,0.01,5,4.093,0.532,2.177476,18247,8333,0,-
13:59:22.851,snap,default,com.ss.android.ugc.aweme,discharging,1,28,44.2,100,95,1,20.45,0.04,0.01,0,4.102,0.419,1.7187381,15464,6991,0,-
13:59:23.850,snap,default,com.ss.android.ugc.aweme,discharging,1,28,44.6,100,95,1,20.37,0.03,0.01,5,4.105,0.669,2.7462451,15464,6991,0,-
13:59:24.850,snap,default,com.ss.android.ugc.aweme,discharging,1,28,44.9,100,95,1,20.37,0.03,0.01,5,4.088,0.539,2.2034318,19981,9877,0,-
13:59:25.851,snap,default,com.ss.android.ugc.aweme,discharging,1,28,45.3,100,95,1,20.48,0.02,0.01,5,4.097,0.607,2.486879,19981,9877,0,-
13:59:26.851,snap,default,com.ss.android.ugc.aweme,discharging,1,28,45.3,100,95,1,20.48,0.02,0.01,0,4.099,0.528,2.164272,14350,6717,0,-
13:59:27.852,snap,default,com.ss.android.ugc.aweme,discharging,1,28,44.9,100,95,1,19.85,0.02,0,5,4.095,0.557,2.2809148,14350,6717,0,-
13:59:28.852,snap,default,com.ss.android.ugc.aweme,discharging,1,28,43.4,100,95,1,19.85,0.02,0,0,4.092,0.441,1.8045721,11514,5678,0,-
13:59:29.852,snap,default,com.ss.android.ugc.aweme,discharging,1,28,43,100,95,1,19.51,0.01,0,0,4.106,0.456,1.872336,11514,5678,0,-
13:59:30.852,snap,default,com.ss.android.ugc.aweme,discharging,1,28,43,100,95,1,19.51,0.01,0,0,4.105,0.405,1.662525,10742,5056,0,-
13:59:31.853,snap,default,com.ss.android.ugc.aweme,discharging,1,28,43,100,95,1,19.24,0.01,0,0,4.102,0.427,1.751554,10742,5056,0,-
13:59:32.853,snap,default,com.ss.android.ugc.aweme,discharging,1,28,43,100,95,1,19.24,0.01,0,0,4.098,0.557,2.2825859,10742,5056,0,-
13:59:33.854,snap,default,com.ss.android.ugc.aweme,discharging,1,28,42.6,100,95,1,19.19,0.01,0,0,4.103,0.46,1.8873801,12363,5816,0,-
13:59:34.856,snap,default,com.ss.android.ugc.aweme,discharging,1,28,42.6,100,95,1,19.19,0.01,0,0,4.101,0.405,1.6609049,12363,5816,0,-
13:59:35.855,snap,default,com.ss.android.ugc.aweme,discharging,1,28,42.6,100,95,1,19.16,0,0,0,4.107,0.423,1.7372609,10526,5381,0,-
13:59:36.855,snap,default,com.ss.android.ugc.aweme,discharging,1,28,42.6,100,95,1,19.16,0,0,0,4.102,0.466,1.911532,10526,5381,0,-
13:59:37.857,snap,default,com.ss.android.ugc.aweme,discharging,1,28,42.6,100,95,1,19.49,0,0,0,4.106,0.499,2.048894,12020,6101,0,-
13:59:38.855,snap,default,com.ss.android.ugc.aweme,discharging,1,28,42.2,100,95,1,19.49,0,0,0,4.102,0.477,1.9566541,12020,6101,0,-
13:59:39.855,snap,default,com.ss.android.ugc.aweme,discharging,1,28,43,100,95,1,20.31,0,0,0,4.097,0.51,2.08947,12536,6242,0,-
13:59:40.855,snap,default,com.ss.android.ugc.aweme,discharging,1,28,43.8,100,95,1,20.31,0,0,4,4.099,0.578,2.369222,12536,6242,0,-
13:59:41.856,snap,default,com.ss.android.ugc.aweme,discharging,1,28,43.8,100,95,1,20.98,0,0,0,4.099,0.466,1.910134,16513,8052,0,-
13:59:42.855,snap,default,com.ss.android.ugc.aweme,discharging,1,28,43.4,100,95,1,20.98,0,0,0,4.101,0.514,2.107914,16513,8052,0,-
13:59:43.855,snap,default,com.ss.android.ugc.aweme,discharging,1,28,43.4,100,95,1,21.52,0,0,5,4.093,0.741,3.032913,18273,9137,0,-
13:59:44.859,snap,default,com.ss.android.ugc.aweme,discharging,1,28,45.7,100,95,1,21.52,0,0,5,4.102,0.64,2.6252801,18273,9137,0,-
13:59:45.856,snap,default,com.ss.android.ugc.aweme,discharging,1,28,45.7,100,95,1,22.7,0,0,6,4.102,0.64,2.6252801,22226,11162,0,-
13:59:46.857,snap,default,com.ss.android.ugc.aweme,discharging,1,28,44.2,100,95,1,22.7,0,0,6,4.089,0.651,2.6619391,22226,11162,0,-
13:59:47.857,snap,default,com.ss.android.ugc.aweme,discharging,1,28,44.2,100,95,1,22.7,0,0,6,4.1,0.47,1.9269999,15484,7409,0,-
13:59:48.856,snap,default,com.ss.android.ugc.aweme,discharging,1,28,43.8,100,95,1,22.57,0,0,0,4.105,0.412,1.69126,15484,7409,0,-
13:59:49.858,snap,default,com.ss.android.ugc.aweme,discharging,1,28,44.6,100,95,1,22.57,0,0,0,4.106,0.437,1.794322,14976,6918,0,-
13:59:50.857,snap,default,com.ss.android.ugc.aweme,discharging,1,28,43.4,100,95,1,22.28,0,0,0,4.102,0.52,2.13304,14976,6918,0,-
13:59:51.857,snap,default,com.ss.android.ugc.aweme,discharging,1,28,43.8,100,95,1,22.28,0,0,0,4.1,0.481,1.9721,14966,7468,0,-
13:59:52.857,snap,default,com.ss.android.ugc.aweme,discharging,1,28,43.8,100,95,1,22.41,0,0,0,4.103,0.477,1.957131,14966,7468,0,-
13:59:53.859,snap,default,com.ss.android.ugc.aweme,discharging,1,28,43.8,100,95,1,22.41,0,0,0,4.095,0.545,2.231775,14338,6713,0,-
13:59:54.858,snap,default,com.ss.android.ugc.aweme,discharging,1,28,43.4,100,95,1,22.7,0,0,0,4.09,0.51,2.0859,14338,6713,0,-
13:59:55.859,snap,default,com.ss.android.ugc.aweme,discharging,1,28,43.4,100,95,1,22.7,0,0,3,4.101,0.445,1.8249449,12060,5870,0,-
13:59:56.860,snap,default,com.ss.android.ugc.aweme,discharging,1,28,43.4,100,95,1,22.57,0,0,3,4.103,0.437,1.7930111,12060,5870,0,-
13:59:57.865,snap,default,com.ss.android.ugc.aweme,discharging,1,28,43,100,95,1,22.57,0,0,3,4.103,0.456,1.8709681,12060,5870,0,-
13:59:58.858,snap,default,com.ss.android.ugc.aweme,discharging,1,28,42.6,100,95,1,22.29,0,0,3,4.104,0.398,1.6333921,11626,5743,0,-
13:59:59.861,snap,default,com.ss.android.ugc.aweme,discharging,1,28,42.6,100,95,1,22.29,0,0,0,4.107,0.319,1.310133,11626,5743,0,-
14:00:00.859,snap,default,com.ss.android.ugc.aweme,discharging,1,28,42.6,100,95,1,21.69,0,0,0,4.105,0.333,1.366965,10799,5200,0,-
14:00:01.859,snap,default,com.ss.android.ugc.aweme,discharging,1,28,42.6,100,95,1,21.69,0,0,0,4.105,0.373,1.531165,10799,5200,0,-
14:00:02.860,snap,default,com.ss.android.ugc.aweme,discharging,1,28,42.6,100,95,1,21.38,0.18,0,0,4.105,0.445,1.826725,12719,6012,0,-
14:00:03.860,snap,default,com.ss.android.ugc.aweme,discharging,1,28,42.6,100,95,1,21.38,0.18,0,0,4.103,0.329,1.349887,12719,6012,0,-
14:00:04.861,snap,default,com.ss.android.ugc.aweme,discharging,1,28,42.6,100,95,1,21.13,0.14,0,0,4.1,0.398,1.6317999,11295,5393,0,-
14:00:05.861,snap,default,com.ss.android.ugc.aweme,discharging,1,28,43,100,95,1,21.13,0.14,0,0,4.106,0.369,1.515114,11295,5393,0,-
14:00:06.861,snap,default,com.ss.android.ugc.aweme,discharging,1,28,44.6,100,95,1,20.56,0.12,0,2,4.106,0.462,1.8969721,16873,8296,0,-
14:00:07.862,snap,default,com.ss.android.ugc.aweme,discharging,1,28,44.6,100,95,1,20.56,0.12,0,2,4.099,0.586,2.402014,16873,8296,0,-
14:00:08.863,snap,default,com.ss.android.ugc.aweme,discharging,1,28,44.9,100,95,1,21.37,0.09,0,5,4.082,0.669,2.730858,19103,9382,0,-
14:00:09.863,snap,default,com.ss.android.ugc.aweme,discharging,1,28,44.2,100,95,1,21.37,0.09,0,7,4.1,0.6,2.46,19103,9382,0,-
14:00:10.863,snap,default,com.ss.android.ugc.aweme,discharging,1,28,44.2,100,95,1,21.3,0.08,0,7,4.094,0.557,2.2803578,19496,9456,0,-
14:00:11.863,snap,default,com.ss.android.ugc.aweme,discharging,1,27.9,43.8,100,95,1,21.3,0.08,0,7,4.095,0.571,2.338245,19496,9456,0,-
14:00:12.863,snap,default,com.ss.android.ugc.aweme,discharging,1,27.9,43.8,100,95,1,21.61,0.06,0,0,4.096,0.528,2.162688,15059,7039,0,-
14:00:13.864,snap,default,com.ss.android.ugc.aweme,discharging,1,27.9,43.8,100,95,1,21.61,0.06,0,0,4.099,0.485,1.988015,15059,7039,0,-
14:00:14.869,snap,default,com.ss.android.ugc.aweme,discharging,1,27.9,43.8,100,95,1,21.5,0.05,0,0,4.104,0.431,1.768824,16219,7293,0,-
14:00:15.864,snap,default,com.ss.android.ugc.aweme,discharging,1,27.9,43.8,100,95,1,21.5,0.05,0,0,4.084,0.47,1.9194801,16219,7293,0,-
14:00:16.866,snap,default,com.ss.android.ugc.aweme,discharging,1,27.9,44.2,100,95,1,21.59,0.04,0,6,4.101,0.456,1.8700559,14531,7134,0,-
14:00:17.865,snap,default,com.ss.android.ugc.aweme,discharging,1,27.9,44.9,100,95,1,21.59,0.04,0,8,4.1,0.56,2.296,14531,7134,0,-
14:00:18.865,snap,default,com.ss.android.ugc.aweme,discharging,1,27.9,44.2,100,95,1,21.12,0.03,0,8,4.095,0.52,2.1293998,15818,7648,0,-
14:00:19.867,snap,default,com.ss.android.ugc.aweme,discharging,1,27.9,44.2,100,95,1,21.12,0.03,0,6,4.095,0.549,2.2481549,15818,7648,0,-
14:00:20.865,snap,default,com.ss.android.ugc.aweme,discharging,1,27.9,43.4,100,95,1,20.73,0.02,0,6,4.103,0.448,1.8381442,15301,7793,0,-
14:00:21.865,snap,default,com.ss.android.ugc.aweme,discharging,1,27.9,43.4,100,95,1,20.73,0.02,0,6,4.102,0.481,1.9730622,15301,7793,0,-
14:00:22.867,snap,default,com.ss.android.ugc.aweme,discharging,1,27.9,43.4,100,95,1,20.6,0.02,0,0,4.096,0.445,1.82272,11265,5327,0,-
14:00:23.869,snap,default,com.ss.android.ugc.aweme,discharging,1,27.9,43,100,95,1,20.13,0.01,0,0,4.103,0.46,1.8873801,11265,5327,0,-
14:00:24.868,snap,default,com.ss.android.ugc.aweme,discharging,1,27.9,43,100,95,1,20.13,0.01,0,5,4.104,0.39,1.60056,11265,5327,0,-
14:00:25.867,snap,default,com.ss.android.ugc.aweme,discharging,1,27.9,43,100,95,1,19.92,0.01,0,5,4.102,0.394,1.616188,11274,5375,0,-
14:00:26.883,snap,default,com.ss.android.ugc.aweme,discharging,1,27.9,42.6,100,95,1,19.92,0.01,0,0,4.103,0.445,1.825835,11274,5375,0,-
14:00:27.884,snap,default,com.ss.android.ugc.aweme,discharging,1,27.9,42.2,100,95,1,19.75,0.01,0,0,4.1,0.408,1.6728,12603,5907,0,-
14:00:28.882,snap,default,com.ss.android.ugc.aweme,discharging,1,27.9,42.6,100,95,1,19.75,0.01,0,0,4.104,0.535,2.19564,12603,5907,0,-
14:00:29.884,snap,default,com.ss.android.ugc.aweme,discharging,1,27.9,42.6,100,95,1,19.98,0,0,0,4.101,0.423,1.734723,14132,6626,0,-
14:00:30.883,snap,default,com.ss.android.ugc.aweme,discharging,1,27.9,42.6,100,95,1,19.98,0,0,0,4.083,0.557,2.274231,14132,6626,0,-
14:00:31.883,snap,default,com.ss.android.ugc.aweme,discharging,1,27.9,42.6,100,95,1,19.98,0.18,0,0,4.095,0.462,1.8918899,13691,6469,0,-
14:00:32.884,snap,default,com.ss.android.ugc.aweme,discharging,1,27.9,43,100,95,1,19.98,0.18,0,2,4.102,0.503,2.063306,13691,6469,0,-
14:00:33.884,snap,default,com.ss.android.ugc.aweme,discharging,1,27.9,43,100,95,1,19.62,0.15,0,0,4.095,0.423,1.7321849,11709,5567,0,-
14:00:34.884,snap,default,com.ss.android.ugc.aweme,discharging,1,27.9,42.6,100,95,1,19.62,0.15,0,0,4.102,0.383,1.571066,11709,5567,0,-
14:00:35.886,snap,default,com.ss.android.ugc.aweme,discharging,1,27.9,42.2,100,95,1,18.96,0.12,0,0,4.1,0.394,1.6154,10878,5043,0,-
14:00:36.885,snap,default,com.ss.android.ugc.aweme,discharging,1,27.9,42.2,100,95,1,18.96,0.12,0,0,4.106,0.369,1.515114,10878,5043,0,-
14:00:37.885,snap,default,com.ss.android.ugc.aweme,discharging,1,27.9,42.2,100,95,1,18.79,0.1,0,0,4.105,0.398,1.63379,11054,5254,0,-
14:00:38.884,snap,default,com.ss.android.ugc.aweme,discharging,1,27.9,42.2,100,95,1,18.79,0.1,0,0,4.102,0.419,1.7187381,11054,5254,0,-
14:00:39.885,snap,default,com.ss.android.ugc.aweme,discharging,1,27.9,42.2,100,95,1,18.83,0.08,0,0,4.103,0.398,1.632994,11900,5940,0,-
14:00:40.885,snap,default,com.ss.android.ugc.aweme,discharging,1,27.9,42.2,100,95,1,18.83,0.08,0,2,4.102,0.398,1.6325961,11900,5940,0,-
14:00:41.885,snap,default,com.ss.android.ugc.aweme,discharging,1,27.9,42.2,100,95,1,18.86,0.06,0,0,4.097,0.423,1.733031,12476,5667,0,-
14:00:42.887,snap,default,com.ss.android.ugc.aweme,discharging,1,27.9,42.2,100,95,1,18.86,0.06,0,0,4.105,0.456,1.87188,12476,5667,0,-
14:00:43.886,snap,default,com.ss.android.ugc.aweme,discharging,1,27.9,42.2,100,95,1,18.7,0.05,0,0,4.102,0.362,1.4849241,12100,5681,0,-
14:00:44.887,snap,default,com.ss.android.ugc.aweme,discharging,1,27.9,42.6,100,95,1,18.7,0.05,0,0,4.102,0.419,1.7187381,12100,5681,0,-
14:00:45.888,snap,default,com.ss.android.ugc.aweme,discharging,1,27.9,42.6,100,95,1,18.39,0.04,0,0,4.097,0.419,1.7166431,11309,5363,0,-
14:00:46.888,snap,default,com.ss.android.ugc.aweme,discharging,1,27.9,42.2,100,95,1,18.39,0.04,0,0,4.094,0.416,1.703104,11309,5363,0,-
14:00:47.887,snap,default,com.ss.android.ugc.aweme,discharging,1,27.9,42.2,100,95,1,18.5,0.03,0,0,4.106,0.373,1.531538,11458,5399,0,-
14:00:48.887,snap,default,com.ss.android.ugc.aweme,discharging,1,27.9,41.8,100,95,1,18.5,0.03,0,0,4.105,0.423,1.736415,11458,5399,0,-
14:00:49.887,snap,default,com.ss.android.ugc.aweme,discharging,1,27.9,41.8,100,95,1,18.59,0.03,0,2,4.105,0.412,1.69126,11572,5449,0,-
14:00:50.890,snap,default,com.ss.android.ugc.aweme,discharging,1,27.9,42.2,100,95,1,18.59,0.03,0,2,4.104,0.452,1.855008,11572,5449,0,-
14:00:51.888,snap,default,com.ss.android.ugc.aweme,discharging,1,27.9,42.2,100,95,1,19.03,0.02,0,2,4.105,0.416,1.70768,11572,5449,0,-
14:00:52.889,snap,default,com.ss.android.ugc.aweme,discharging,1,27.9,42.2,100,95,1,19.03,0.02,0,2,4.101,0.437,1.7921369,11890,5610,0,-
14:00:53.889,snap,default,com.ss.android.ugc.aweme,discharging,1,27.9,42.2,100,95,1,18.84,0.01,0,0,4.102,0.408,1.673616,11890,5610,0,-
14:00:54.892,snap,default,com.ss.android.ugc.aweme,discharging,1,27.9,42.2,100,95,1,18.84,0.01,0,0,4.099,0.456,1.869144,12174,5807,0,-
14:00:55.892,snap,default,com.ss.android.ugc.aweme,discharging,1,27.9,42.2,100,95,1,19.05,0.01,0,0,4.103,0.408,1.674024,12174,5807,0,-
14:00:56.897,snap,default,com.ss.android.ugc.aweme,discharging,1,27.9,42.2,100,95,1,19.05,0.01,0,0,4.098,0.495,2.02851,12855,6378,0,-
14:00:57.893,snap,default,com.ss.android.ugc.aweme,discharging,1,27.9,42.2,100,95,1,19.04,0.01,0,3,4.1,0.431,1.7671,12855,6378,0,-
14:00:58.893,snap,default,com.ss.android.ugc.aweme,discharging,1,27.9,42.2,100,95,1,19.04,0.01,0,3,4.101,0.423,1.734723,11510,5155,0,-
14:00:59.895,snap,default,com.ss.android.ugc.aweme,discharging,1,27.9,42.6,100,95,1,18.67,0.01,0,0,4.1,0.387,1.5867,11510,5155,0,-
14:01:00.897,snap,default,com.ss.android.ugc.aweme,discharging,1,27.9,42.6,100,95,1,18.67,0.01,0,0,4.104,0.398,1.6333921,12531,5659,0,-
14:01:01.899,snap,default,com.ss.android.ugc.aweme,discharging,1,27.8,42.6,100,95,1,18.73,0,0,0,4.102,0.416,1.7064321,12531,5659,0,-
14:01:02.894,snap,default,com.ss.android.ugc.aweme,discharging,1,27.8,42.2,100,95,1,18.73,0,0,0,4.102,0.477,1.9566541,12636,6049,0,-
14:01:03.895,snap,default,com.ss.android.ugc.aweme,discharging,1,27.8,42.2,100,95,1,18.78,0,0,0,4.102,0.387,1.5874741,12636,6049,0,-
14:01:04.895,snap,default,com.ss.android.ugc.aweme,discharging,1,27.8,42.2,100,95,1,18.78,0,0,0,4.097,0.427,1.749419,12403,5866,0,-
14:01:05.896,snap,default,com.ss.android.ugc.aweme,discharging,1,27.8,42.2,100,95,1,18.82,0,0,0,4.103,0.423,1.7355691,12403,5866,0,-
14:01:06.900,snap,default,com.ss.android.ugc.aweme,discharging,1,27.8,42.2,100,95,1,18.82,0,0,2,4.103,0.354,1.4524621,14231,6264,0,-
14:01:07.895,snap,default,com.ss.android.ugc.aweme,discharging,1,27.8,42.2,100,95,1,18.85,0,0,0,4.104,0.408,1.674432,14231,6264,0,-
14:01:08.897,snap,default,com.ss.android.ugc.aweme,discharging,1,27.8,41.8,100,95,1,18.85,0,0,0,4.101,0.408,1.6732079,11809,5605,0,-
14:01:09.899,snap,default,com.ss.android.ugc.aweme,discharging,1,27.8,42.2,100,95,1,18.69,0,0,0,4.103,0.402,1.6494061,11809,5605,0,-
14:01:10.897,snap,default,com.ss.android.ugc.aweme,discharging,1,27.8,42.2,100,95,1,18.69,0,0,0,4.103,0.369,1.514007,11399,5201,0,-
14:01:11.901,snap,default,com.ss.android.ugc.aweme,discharging,1,27.8,42.2,100,95,1,18.57,0,0,0,4.104,0.394,1.616976,11399,5201,0,-
14:01:12.900,snap,default,com.ss.android.ugc.aweme,discharging,1,27.8,41.8,100,95,1,18.57,0,0,0,4.1,0.398,1.6317999,12128,5404,0,-
14:01:13.900,snap,default,com.ss.android.ugc.aweme,discharging,1,27.8,41.8,100,95,1,18.64,0,0,0,4.103,0.437,1.7930111,12128,5404,0,-
14:01:14.899,snap,default,com.ss.android.ugc.aweme,discharging,1,27.8,42.2,100,95,1,18.64,0,0,0,4.097,0.416,1.7043521,12524,5943,0,-
14:01:15.899,snap,default,com.ss.android.ugc.aweme,discharging,1,27.8,42.2,100,95,1,18.71,0,0,0,4.101,0.408,1.6732079,12524,5943,0,-
14:01:16.902,snap,default,com.ss.android.ugc.aweme,discharging,1,27.8,42.2,100,95,1,18.71,0,0,2,4.099,0.362,1.483838,12524,5943,0,-
14:01:17.904,snap,default,com.ss.android.ugc.aweme,discharging,1,27.8,42.2,100,95,1,18.76,0,0,2,4.1,0.434,1.7793999,12110,5738,0,-
14:01:18.902,snap,default,com.ss.android.ugc.aweme,discharging,1,27.8,42.2,100,95,1,18.76,0,0,2,4.102,0.416,1.7064321,12110,5738,0,-
14:01:19.901,snap,default,com.ss.android.ugc.aweme,discharging,1,27.8,41.8,100,95,1,18.98,0,0,0,4.097,0.427,1.749419,13354,6202,0,-
14:01:20.903,snap,default,com.ss.android.ugc.aweme,discharging,1,27.8,41.8,100,95,1,18.98,0,0,0,4.099,0.506,2.0740938,13354,6202,0,-
14:01:21.901,snap,default,com.ss.android.ugc.aweme,discharging,1,27.8,43,100,95,1,19.53,0,0,5,4.082,0.578,2.359396,17684,8687,0,-
14:01:22.903,snap,default,com.ss.android.ugc.aweme,discharging,1,27.8,43,100,95,1,19.53,0,0,1,4.097,0.543,2.224671,17684,8687,0,-
14:01:23.902,snap,default,com.ss.android.ugc.aweme,discharging,1,27.8,42.6,100,95,1,19.98,0,0,3,4.095,0.589,2.4119549,17420,8425,0,-
14:01:24.901,snap,default,com.ss.android.ugc.aweme,discharging,1,27.8,42.6,100,95,1,19.98,0,0,3,4.092,0.466,1.9068719,17420,8425,0,-
14:01:25.903,snap,default,com.ss.android.ugc.aweme,discharging,1,27.8,43.8,100,95,1,19.98,0,0,3,4.099,0.462,1.893738,15426,8109,0,-
14:01:26.905,snap,default,com.ss.android.ugc.aweme,discharging,1,27.8,45.3,100,95,1,19.98,0,0,3,4.094,0.535,2.19029,15426,8109,0,-
14:01:27.903,snap,default,com.ss.android.ugc.aweme,discharging,1,27.8,45.3,100,95,1,20.35,0,0,3,4.099,1.113,4.562187,22543,12845,0,-
14:01:28.902,snap,default,com.ss.android.ugc.aweme,discharging,1,27.8,45.3,100,95,1,20.35,0,0,6,4.089,1.384,5.659176,22543,12845,0,-
14:01:29.902,snap,default,com.ss.android.ugc.aweme,discharging,1,27.8,45.3,100,95,1,23.54,0.72,0.54,6,4.042,1.68,6.7905593,40161,19015,0,-
14:01:30.903,snap,default,com.ss.android.ugc.aweme,discharging,1,27.8,48.3,100,95,1,23.54,0.72,0.54,7,4.049,1.731,7.0088186,40161,19015,0,-
14:01:31.903,snap,default,com.ss.android.ugc.aweme,discharging,1,27.7,51.3,100,95,1,24.89,0.95,0.98,7,4.072,1.12,4.56064,34875,18270,0,-
14:01:32.903,snap,default,com.ss.android.ugc.aweme,discharging,1,27.7,53.6,100,95,1,24.89,0.95,0.98,9,4.067,0.878,3.570826,34875,18270,0,-
14:01:33.903,snap,default,com.ss.android.ugc.aweme,discharging,1,27.7,50.9,100,95,1,24.19,0.78,1.53,9,4.081,0.669,2.730189,22655,11257,0,-
14:01:34.907,snap,default,com.ss.android.ugc.aweme,discharging,1,27.7,50.9,100,95,1,24.19,0.78,1.53,10,4.084,0.683,2.7893722,22655,11257,0,-
14:01:35.905,snap,default,com.ss.android.ugc.aweme,discharging,1,27.7,49.3,100,95,1,23.43,0.64,1.43,11,4.089,0.777,3.177153,19317,9651,0,-
14:01:36.907,snap,default,com.ss.android.ugc.aweme,discharging,1,27.7,46.9,100,95,1,23.43,0.64,1.43,11,4.088,0.557,2.277016,19317,9651,0,-
14:01:37.906,snap,default,com.ss.android.ugc.aweme,discharging,1,27.7,46.9,100,95,1,21.17,0.52,1.17,8,4.085,0.437,1.785145,12918,6163,0,-
14:01:38.905,snap,default,com.ss.android.ugc.aweme,discharging,1,27.7,46.9,100,95,1,21.17,0.52,1.17,0,4.09,0.46,1.8814001,12918,6163,0,-
14:01:39.906,snap,default,com.ss.android.ugc.aweme,discharging,1,27.7,46.9,100,95,1,20.42,0.42,0.96,9,4.096,0.506,2.072576,16881,8867,0,-
14:01:40.908,snap,default,com.ss.android.ugc.aweme,discharging,1,27.7,46.1,100,95,1,20.42,0.42,0.96,9,4.097,0.506,2.073082,16881,8867,0,-
14:01:41.906,snap,default,com.ss.android.ugc.aweme,discharging,1,27.7,45.3,100,95,1,19.25,0.35,0.78,5,4.1,0.394,1.6154,12719,6202,0,-
14:01:42.907,snap,default,com.ss.android.ugc.aweme,discharging,1,27.7,44.9,100,95,1,19.25,0.35,0.78,11,4.09,0.571,2.33539,12719,6202,0,-
14:01:43.908,snap,default,com.ss.android.ugc.aweme,discharging,1,27.7,45.3,100,95,1,18.48,0.28,0.64,0,4.094,0.46,1.88324,12719,6202,0,-
14:01:44.906,snap,default,com.ss.android.ugc.aweme,discharging,1,27.7,46.9,100,95,1,18.48,0.28,0.64,7,4.088,0.673,2.7512238,16629,8866,0,-
14:01:45.908,snap,default,com.ss.android.ugc.aweme,discharging,1,27.7,47.7,100,95,1,18.39,0.23,0.52,7,4.073,1.023,4.166679,16629,8866,0,-
14:01:46.907,snap,default,com.ss.android.ugc.aweme,discharging,1,27.7,47.7,100,95,1,18.39,0.23,0.52,7,4.075,0.791,3.2233248,19636,10069,0,-
14:01:47.910,snap,default,com.ss.android.ugc.aweme,discharging,1,27.7,46.9,100,95,1,18.5,0.19,0.43,7,4.09,0.625,2.55625,19636,10069,0,-
14:01:48.907,snap,default,com.ss.android.ugc.aweme,discharging,1,27.7,46.5,100,95,1,18.5,0.19,0.43,0,4.099,0.491,2.012609,21466,11310,0,-
14:01:49.909,snap,default,com.ss.android.ugc.aweme,discharging,1,27.7,44.9,100,95,1,18.05,0.15,0.35,0,4.101,0.377,1.5460769,21466,11310,0,-
14:01:50.908,snap,default,com.ss.android.ugc.aweme,discharging,1,27.7,44.6,100,95,1,18.05,0.15,0.35,0,4.097,0.373,1.5281811,12485,5942,0,-
14:01:51.911,snap,default,com.ss.android.ugc.aweme,discharging,1,27.8,44.2,100,95,1,17.31,0.12,0.28,0,4.1,0.348,1.4267999,12485,5942,0,-
14:01:52.910,snap,default,com.ss.android.ugc.aweme,discharging,1,27.8,43,100,95,1,17.31,0.12,0.28,0,4.098,0.369,1.512162,11163,5534,0,-
14:01:53.910,snap,default,com.ss.android.ugc.aweme,discharging,1,27.8,43,100,95,1,16.89,0.1,0.23,0,4.102,0.325,1.33315,11163,5534,0,-
14:01:54.910,snap,default,com.ss.android.ugc.aweme,discharging,1,27.8,43,100,95,1,16.89,0.1,0.23,0,4.102,0.351,1.4398022,10794,5184,0,-
14:01:55.912,snap,default,com.ss.android.ugc.aweme,discharging,1,27.8,42.6,100,95,1,16.37,0.08,0.19,0,4.101,0.325,1.332825,10794,5184,0,-
14:01:56.910,snap,default,com.ss.android.ugc.aweme,discharging,1,27.8,42.6,100,95,1,16.37,0.08,0.19,0,4.1,0.329,1.3489,10799,5415,0,-
14:01:57.911,snap,default,com.ss.android.ugc.aweme,discharging,1,27.8,42.6,100,95,1,17.03,0.06,0.15,0,4.098,0.354,1.450692,10799,5415,0,-
14:01:58.910,snap,default,com.ss.android.ugc.aweme,discharging,1,27.8,43,100,95,1,17.03,0.06,0.15,6,4.1,0.491,2.0131,13680,6771,0,-
14:01:59.910,snap,default,com.ss.android.ugc.aweme,discharging,1,27.8,46,100,95,1,17.93,0.05,0.12,7,4.083,1.019,4.1605773,13680,6771,0,-
14:02:00.911,snap,default,com.ss.android.ugc.aweme,discharging,1,27.8,48.9,100,95,1,17.93,0.05,0.12,0,4.078,1.001,4.0820785,19815,10274,0,-
14:02:01.911,snap,default,com.ss.android.ugc.aweme,discharging,1,27.8,51.9,100,95,1,18.12,0.04,0.1,0,4.079,0.705,2.875695,19815,10274,0,-
14:02:02.911,snap,default,com.ss.android.ugc.aweme,discharging,1,27.8,50.5,100,95,1,18.12,0.04,0.1,8,4.055,1.268,5.14174,32353,18047,0,-
14:02:03.911,snap,default,com.ss.android.ugc.aweme,discharging,1,27.8,50.5,100,95,1,20.63,0.21,0.08,7,4.073,0.673,2.741129,32353,18047,0,-
14:02:04.912,snap,default,com.ss.android.ugc.aweme,discharging,1,27.8,47.5,100,95,1,20.63,0.21,0.08,1,4.094,0.437,1.789078,14906,8279,0,-
14:02:05.912,snap,default,com.ss.android.ugc.aweme,discharging,1,27.8,46.5,100,95,1,19.79,0.17,0.07,1,4.092,0.402,1.644984,14906,8279,0,-
14:02:06.917,snap,default,com.ss.android.ugc.aweme,discharging,1,27.8,46.5,100,95,1,19.79,0.17,0.07,3,4.097,0.658,2.695826,17562,9450,0,-
14:02:07.916,snap,default,com.ss.android.ugc.aweme,discharging,1,27.8,46.5,100,95,1,20.01,0.14,0.05,6,4.096,0.615,2.51904,17562,9450,0,-
14:02:08.915,snap,default,com.ss.android.ugc.aweme,discharging,1,27.8,44.2,100,95,1,20.01,0.14,0.05,1,4.081,0.495,2.0200949,16598,8961,0,-
14:02:09.916,snap,default,com.ss.android.ugc.aweme,discharging,1,27.8,44.2,100,95,1,19.65,0.11,0.04,1,4.096,0.394,1.613824,16598,8961,0,-
14:02:10.916,snap,default,com.ss.android.ugc.aweme,discharging,1,27.8,44.2,100,95,1,19.65,0.11,0.04,1,4.098,0.419,1.717062,16598,8961,0,-
14:02:11.916,snap,default,com.ss.android.ugc.aweme,discharging,1,27.8,44.6,100,95,1,18.98,0.09,0.03,1,4.096,0.456,1.867776,11630,6383,0,-
14:02:12.916,snap,default,com.ss.android.ugc.aweme,discharging,1,27.8,44.2,100,95,1,18.98,0.09,0.03,1,4.095,0.491,2.010645,11630,6383,0,-
14:02:13.918,snap,default,com.ss.android.ugc.aweme,discharging,1,27.8,44.2,100,95,1,18.8,0.26,0.03,1,4.099,0.427,1.750273,14178,7486,0,-
14:02:14.917,snap,default,com.ss.android.ugc.aweme,discharging,1,27.8,43.8,100,95,1,18.8,0.26,0.03,1,4.096,0.419,1.7162241,14178,7486,0,-
14:02:15.917,snap,default,com.ss.android.ugc.aweme,discharging,1,27.8,43.4,100,95,1,18.48,0.21,0.2,1,4.097,0.431,1.765807,11846,6177,0,-
14:02:16.920,snap,default,com.ss.android.ugc.aweme,discharging,1,27.8,43.4,100,95,1,18.48,0.21,0.2,1,4.097,0.431,1.765807,11846,6177,0,-
14:02:17.920,snap,default,com.ss.android.ugc.aweme,discharging,1,27.8,43.4,100,95,1,18.48,0.21,0.2,1,4.099,0.419,1.717481,11574,6307,0,-
14:02:18.918,snap,default,com.ss.android.ugc.aweme,discharging,1,27.8,43.4,100,95,1,18.75,0.17,0.16,1,4.085,0.419,1.711615,11574,6307,0,-
14:02:19.923,snap,default,com.ss.android.ugc.aweme,discharging,1,27.8,43,100,95,1,18.75,0.17,0.16,1,4.099,0.383,1.569917,10818,5921,0,-
14:02:20.922,snap,default,com.ss.android.ugc.aweme,discharging,1,27.8,43,100,95,1,18.8,0.14,0.13,1,4.103,0.39,1.60017,10818,5921,0,-
14:02:21.918,snap,default,com.ss.android.ugc.aweme,discharging,1,27.8,43,100,95,1,18.8,0.14,0.13,1,4.092,0.452,1.849584,12167,6690,0,-
14:02:22.920,snap,default,com.ss.android.ugc.aweme,discharging,1,27.8,43,100,95,1,19.19,0.11,0.11,1,4.099,0.419,1.717481,12167,6690,0,-
14:02:23.920,snap,default,com.ss.android.ugc.aweme,discharging,1,27.8,42.6,100,95,1,19.19,0.11,0.11,1,4.099,0.38,1.5576199,11480,6265,0,-
14:02:24.920,snap,default,com.ss.android.ugc.aweme,discharging,1,27.8,42.6,100,95,1,19.34,0.09,0.09,1,4.1,0.38,1.558,11480,6265,0,-
14:02:25.920,snap,default,com.ss.android.ugc.aweme,discharging,1,27.8,42.2,100,95,1,19.34,0.09,0.09,1,4.098,0.38,1.55724,11407,6397,0,-
14:02:26.923,snap,default,com.ss.android.ugc.aweme,discharging,1,27.8,42.6,100,95,1,19.64,0.07,0.07,1,4.099,0.358,1.467442,11407,6397,0,-
14:02:27.920,snap,default,com.ss.android.ugc.aweme,discharging,1,27.8,42.6,100,95,1,19.64,0.07,0.07,2,4.1,0.405,1.6604999,12306,6511,0,-
14:02:28.922,snap,default,com.ss.android.ugc.aweme,discharging,1,27.8,42.6,100,95,1,19.89,0.06,0.06,1,4.101,0.434,1.7798339,12306,6511,0,-
14:02:29.920,snap,default,com.ss.android.ugc.aweme,discharging,1,27.8,42.2,100,95,1,19.89,0.06,0.06,1,4.097,0.405,1.6592851,11244,6160,0,-
14:02:30.924,snap,default,com.ss.android.ugc.aweme,discharging,1,27.8,42.2,100,95,1,19.72,0.05,0.05,1,4.1,0.405,1.6604999,11244,6160,0,-
14:02:31.922,snap,default,com.ss.android.ugc.aweme,discharging,1,27.8,42.2,100,95,1,19.72,0.05,0.05,1,4.096,0.405,1.6588801,12194,6637,0,-
14:02:32.923,snap,default,com.ss.android.ugc.aweme,discharging,1,27.8,42.2,100,95,1,19.59,0.04,0.04,1,4.102,0.416,1.7064321,12194,6637,0,-
14:02:33.923,snap,default,com.ss.android.ugc.aweme,discharging,1,27.8,42.6,100,95,1,19.59,0.04,0.04,1,4.088,0.52,2.1257598,13509,6960,0,-
14:02:34.924,snap,default,com.ss.android.ugc.aweme,discharging,1,27.8,42.6,100,95,1,19.3,0.03,0.03,1,4.088,0.427,1.7455759,13509,6960,0,-
14:02:35.925,snap,default,com.ss.android.ugc.aweme,discharging,1,27.8,42.2,100,95,1,19.3,0.03,0.03,1,4.091,0.456,1.865496,13509,6960,0,-
14:02:36.925,snap,default,com.ss.android.ugc.aweme,discharging,1,27.8,42.2,100,95,1,19.25,0.02,0.02,1,4.098,0.419,1.717062,12468,6493,0,-
14:02:37.926,snap,default,com.ss.android.ugc.aweme,discharging,1,27.8,42.2,100,95,1,19.25,0.02,0.02,1,4.102,0.405,1.6613101,12468,6493,0,-
14:02:38.923,snap,default,com.ss.android.ugc.aweme,discharging,1,27.8,42.2,100,95,1,19.2,0.02,0.02,1,4.1,0.34,1.3939999,11609,5938,0,-
14:02:39.923,snap,default,com.ss.android.ugc.aweme,discharging,1,27.8,42.6,100,95,1,19.2,0.02,0.02,2,4.104,0.398,1.6333921,11609,5938,0,-
14:02:40.925,snap,default,com.ss.android.ugc.aweme,discharging,1,27.8,42.6,100,95,1,19.16,0.01,0.01,1,4.099,0.377,1.545323,13296,6353,0,-
14:02:41.924,snap,default,com.ss.android.ugc.aweme,discharging,1,27.8,42.6,100,95,1,19.16,0.01,0.01,0,4.088,0.434,1.7741919,13296,6353,0,-
14:02:42.926,snap,default,com.ss.android.ugc.aweme,discharging,1,27.8,42.6,100,95,1,19.31,0.01,0.01,1,4.096,0.38,1.55648,15108,7786,0,-
14:02:43.925,snap,default,com.ss.android.ugc.aweme,discharging,1,27.8,42.6,100,95,1,19.31,0.01,0.01,6,4.097,0.56,2.29432,15108,7786,0,-
14:02:44.924,snap,default,com.ss.android.ugc.aweme,discharging,1,27.8,43.4,100,95,1,19.44,0.01,0.01,0,4.096,0.503,2.0602882,15934,7652,0,-
14:02:45.925,snap,default,com.ss.android.ugc.aweme,discharging,1,27.8,43.4,100,95,1,19.44,0.01,0.01,4,4.097,0.52,2.13044,15934,7652,0,-
14:02:46.925,snap,default,com.ss.android.ugc.aweme,discharging,1,27.8,43.4,100,95,1,19.9,0,0,4,4.097,0.517,2.118149,18234,8973,0,-
14:02:47.926,snap,default,com.ss.android.ugc.aweme,discharging,1,27.8,43.4,100,95,1,19.9,0,0,4,4.098,0.466,1.909668,18234,8973,0,-
14:02:48.927,snap,default,com.ss.android.ugc.aweme,discharging,1,27.8,44.6,100,95,1,20.1,0,0,4,4.097,0.52,2.13044,22876,11675,0,-
14:02:49.928,snap,default,com.ss.android.ugc.aweme,discharging,1,27.8,44.6,100,95,1,20.1,0,0,0,4.095,0.611,2.502045,22876,11675,0,-
14:02:50.928,snap,default,com.ss.android.ugc.aweme,discharging,1,27.8,44.2,100,95,1,20.08,0,0,6,4.096,0.499,2.043904,18560,9541,0,-
14:02:51.928,snap,default,com.ss.android.ugc.aweme,discharging,1,27.7,43.8,100,95,1,20.08,0,0,8,4.094,0.568,2.325392,18560,9541,0,-
14:02:52.928,snap,default,com.ss.android.ugc.aweme,discharging,1,27.7,43.4,100,95,1,19.16,0,0,0,4.095,0.402,1.6461899,12449,6094,0,-
14:02:53.929,snap,default,com.ss.android.ugc.aweme,discharging,1,27.7,42.6,100,95,1,19.16,0,0,0,4.099,0.419,1.717481,12449,6094,0,-
14:02:54.929,snap,default,com.ss.android.ugc.aweme,discharging,1,27.7,42.6,100,95,1,18.22,0,0,0,4.099,0.383,1.569917,12772,6131,0,-
14:02:55.930,snap,default,com.ss.android.ugc.aweme,discharging,1,27.7,42.6,100,95,1,18.22,0,0,0,4.102,0.419,1.7187381,12772,6131,0,-
14:02:56.930,snap,default,com.ss.android.ugc.aweme,discharging,1,27.7,42.2,100,95,1,18.18,0,0,0,4.095,0.437,1.7895149,12022,6004,0,-
14:02:57.929,snap,default,com.ss.android.ugc.aweme,discharging,1,27.7,41.8,100,95,1,18.18,0,0,0,4.099,0.416,1.705184,12022,6004,0,-
14:02:58.934,snap,default,com.ss.android.ugc.aweme,discharging,1,27.7,42.2,100,95,1,17.97,0,0,0,4.098,0.398,1.631004,11180,5870,0,-
14:02:59.934,snap,default,com.ss.android.ugc.aweme,discharging,1,27.7,42.2,100,95,1,17.97,0,0,0,4.1,0.362,1.4841999,11180,5870,0,-
14:03:00.933,snap,default,com.ss.android.ugc.aweme,discharging,1,27.7,42.2,100,95,1,18.7,0,0,0,4.103,0.362,1.485286,10980,5498,0,-
14:03:01.934,snap,default,com.ss.android.ugc.aweme,discharging,1,27.7,42.2,100,95,1,18.7,0,0,0,4.102,0.333,1.3659661,10980,5498,0,-
14:03:02.936,snap,default,com.ss.android.ugc.aweme,discharging,1,27.7,42.2,100,95,1,19.11,0,0,0,4.103,0.319,1.3088571,10980,5498,0,-
14:03:03.937,snap,default,com.ss.android.ugc.aweme,discharging,1,27.7,42.2,100,95,1,19.11,0,0,0,4.098,0.441,1.8072181,11755,5971,0,-
14:03:04.934,snap,default,com.ss.android.ugc.aweme,discharging,1,27.7,41.8,100,95,1,19.45,0,0,0,4.101,0.377,1.5460769,11755,5971,0,-
14:03:05.934,snap,default,com.ss.android.ugc.aweme,discharging,1,27.7,41.8,100,95,1,19.45,0,0,0,4.1,0.348,1.4267999,10444,5506,0,-
14:03:06.937,snap,default,com.ss.android.ugc.aweme,discharging,1,27.7,41.8,100,95,1,19.73,0,0,0,4.096,0.402,1.6465921,10444,5506,0,-
14:03:07.940,snap,default,com.ss.android.ugc.aweme,discharging,1,27.7,42.2,100,95,1,19.73,0,0,2,4.101,0.431,1.7675309,10880,5558,0,-
14:03:08.936,snap,default,com.ss.android.ugc.aweme,discharging,1,27.7,42.6,100,95,1,19.96,0,0,2,4.093,0.38,1.5553399,10880,5558,0,-
14:03:09.936,snap,default,com.ss.android.ugc.aweme,discharging,1,27.7,42.6,100,95,1,19.96,0,0,0,4.096,0.503,2.0602882,11765,5896,0,-
14:03:10.936,snap,default,com.ss.android.ugc.aweme,discharging,1,27.7,42.2,100,95,1,20.33,0,0,0,4.094,0.434,1.7767959,11765,5896,0,-
14:03:11.936,snap,default,com.ss.android.ugc.aweme,discharging,1,27.7,42.2,100,95,1,20.33,0,0,0,4.093,0.416,1.702688,10939,5491,0,-
14:03:12.939,snap,default,com.ss.android.ugc.aweme,discharging,1,27.7,42.2,100,95,1,20.45,0,0,0,4.099,0.402,1.6477981,10939,5491,0,-
14:03:13.937,snap,default,com.ss.android.ugc.aweme,discharging,1,27.7,42.2,100,95,1,20.45,0,0,0,4.098,0.394,1.614612,10688,5185,0,-
14:03:14.938,snap,default,com.ss.android.ugc.aweme,discharging,1,27.7,41.8,100,95,1,20.19,0,0,0,4.1,0.344,1.4104,10688,5185,0,-
14:03:15.938,snap,default,com.ss.android.ugc.aweme,discharging,1,27.7,41.8,100,95,1,20.19,0,0,0,4.099,0.358,1.467442,10454,5326,0,-
14:03:16.938,snap,default,com.ss.android.ugc.aweme,discharging,1,27.7,41.8,100,95,1,20.33,0,0,0,4.103,0.394,1.616582,10454,5326,0,-
14:03:17.941,snap,default,com.ss.android.ugc.aweme,discharging,1,27.7,41.8,100,95,1,20.33,0,0,0,4.098,0.373,1.528554,10570,5302,0,-
14:03:18.942,snap,default,com.ss.android.ugc.aweme,discharging,1,27.7,41.8,100,95,1,20.09,0,0,0,4.101,0.387,1.5870869,10570,5302,0,-
14:03:19.942,snap,default,com.ss.android.ugc.aweme,discharging,1,27.7,42.2,100,95,1,20.09,0,0,0,4.098,0.369,1.512162,10819,5443,0,-
14:03:20.941,snap,default,com.ss.android.ugc.aweme,discharging,1,27.7,41.8,100,95,1,20.44,0,0,0,4.104,0.405,1.66212,10819,5443,0,-
14:03:21.943,snap,default,com.ss.android.ugc.aweme,discharging,1,27.7,42.2,100,95,1,20.44,0,0,0,4.097,0.423,1.733031,11980,5888,0,-
14:03:22.942,snap,default,com.ss.android.ugc.aweme,discharging,1,27.7,42.2,100,95,1,20.72,0,0,0,4.096,0.398,1.6302081,11980,5888,0,-
14:03:23.943,snap,default,com.ss.android.ugc.aweme,discharging,1,27.7,42.2,100,95,1,20.72,0,0,0,4.103,0.336,1.378608,10523,5370,0,-
14:03:24.943,snap,default,com.ss.android.ugc.aweme,discharging,1,27.7,41.8,100,95,1,20.59,0,0,2,4.101,0.34,1.3943399,10523,5370,0,-
14:03:25.944,snap,default,com.ss.android.ugc.aweme,discharging,1,27.7,41.8,100,95,1,20.59,0,0,0,4.099,0.369,1.5125309,10116,5154,0,-
14:03:26.943,snap,default,com.ss.android.ugc.aweme,discharging,1,27.7,41.8,100,95,1,20.48,0,0,0,4.103,0.344,1.4114321,10116,5154,0,-
14:03:27.944,snap,default,com.ss.android.ugc.aweme,discharging,1,27.7,42.2,100,95,1,20.48,0,0,0,4.103,0.394,1.616582,10116,5154,0,-
14:03:28.944,snap,default,com.ss.android.ugc.aweme,discharging,1,27.7,41.8,100,95,1,20.75,0,0,0,4.094,0.485,1.98559,14814,6666,0,-
14:03:29.946,snap,default,com.ss.android.ugc.aweme,discharging,1,27.7,41.8,100,95,1,20.98,0,0,0,4.098,0.416,1.7047681,14814,6666,0,-
14:03:30.946,snap,default,com.ss.android.ugc.aweme,discharging,1,27.7,41.8,100,95,1,20.98,0,0,0,4.094,0.423,1.7317619,11208,5664,0,-
14:03:31.948,snap,default,com.ss.android.ugc.aweme,discharging,1,27.7,41.8,100,95,1,20.98,0,0,0,4.101,0.441,1.8085409,11208,5664,0,-
14:03:32.946,snap,default,com.ss.android.ugc.aweme,discharging,1,27.7,41.8,100,95,1,20.98,0,0,0,4.091,0.506,2.070046,13105,6200,0,-
14:03:33.946,snap,default,com.ss.android.ugc.aweme,discharging,1,27.7,42.2,100,95,1,21.17,0,0,0,4.094,0.412,1.686728,13105,6200,0,-
14:03:34.946,snap,default,com.ss.android.ugc.aweme,discharging,1,27.7,42.2,100,95,1,21.17,0,0,0,4.091,0.373,1.525943,11784,5711,0,-
14:03:35.947,snap,default,com.ss.android.ugc.aweme,discharging,1,27.7,42.2,100,95,1,20.77,0,0,0,4.1,0.358,1.4678,11784,5711,0,-
14:03:36.947,snap,default,com.ss.android.ugc.aweme,discharging,1,27.7,42.2,100,95,1,20.77,0,0,0,4.099,0.348,1.4264519,10217,5075,0,-
14:03:37.946,snap,default,com.ss.android.ugc.aweme,discharging,1,27.7,41.8,100,95,1,20.45,0,0,0,4.096,0.373,1.5278081,10217,5075,0,-
14:03:38.947,snap,default,com.ss.android.ugc.aweme,discharging,1,27.7,41.8,100,95,1,20.45,0,0,0,4.101,0.319,1.308219,10076,5284,0,-
14:03:39.947,snap,default,com.ss.android.ugc.aweme,discharging,1,27.7,41.8,100,95,1,20.19,0,0,0,4.101,0.344,1.410744,10076,5284,0,-
14:03:40.948,snap,default,com.ss.android.ugc.aweme,discharging,1,27.7,41.4,100,95,1,20.19,0,0,0,4.099,0.365,1.496135,9947,4843,0,-
14:03:41.948,snap,default,com.ss.android.ugc.aweme,discharging,1,27.6,41.4,100,95,1,20.15,0,0,0,4.101,0.351,1.439451,9947,4843,0,-
14:03:42.948,snap,default,com.ss.android.ugc.aweme,discharging,1,27.6,41.4,100,95,1,20.15,0,0,0,4.102,0.373,1.5300461,10312,5179,0,-
14:03:43.948,snap,default,com.ss.android.ugc.aweme,discharging,1,27.6,41.4,100,95,1,19.94,0,0,3,4.095,0.387,1.5847648,10312,5179,0,-
14:03:44.949,snap,default,com.ss.android.ugc.aweme,discharging,1,27.6,41.4,100,95,1,19.94,0,0,0,4.093,0.431,1.7640829,10174,5149,0,-
14:03:45.949,snap,default,com.ss.android.ugc.aweme,discharging,1,27.6,41.8,100,95,1,19.95,0,0,0,4.097,0.398,1.630606,10174,5149,0,-
14:03:46.949,snap,default,com.ss.android.ugc.aweme,discharging,1,27.6,41.8,100,95,1,19.95,0,0,0,4.097,0.377,1.544569,11062,5218,0,-
14:03:47.949,snap,default,com.ss.android.ugc.aweme,discharging,1,27.6,41.8,100,95,1,19.78,0,0,0,4.098,0.362,1.4834759,11062,5218,0,-
14:03:48.952,snap,default,com.ss.android.ugc.aweme,discharging,1,27.6,41.4,100,95,1,19.78,0,0,0,4.102,0.423,1.7351462,11391,5237,0,-
14:03:49.950,snap,default,com.ss.android.ugc.aweme,discharging,1,27.6,41.8,100,95,1,19.82,0,0,0,4.102,0.431,1.7679621,11391,5237,0,-
14:03:50.949,snap,default,com.ss.android.ugc.aweme,discharging,1,27.6,41.4,100,95,1,19.82,0,0,0,4.092,0.402,1.644984,11925,5596,0,-
14:03:51.950,snap,default,com.ss.android.ugc.aweme,discharging,1,27.6,41.8,100,95,1,19.49,0,0,0,4.101,0.34,1.3943399,11925,5596,0,-
14:03:52.951,snap,default,com.ss.android.ugc.aweme,discharging,1,27.6,41.8,100,95,1,19.49,0,0,0,4.1,0.383,1.5702999,11278,5513,0,-
14:03:53.951,snap,default,com.ss.android.ugc.aweme,discharging,1,27.6,41.8,100,95,1,19.4,0,0,0,4.099,0.398,1.631402,11278,5513,0,-
14:03:54.952,snap,default,com.ss.android.ugc.aweme,discharging,1,27.6,41.8,100,95,1,19.4,0,0,0,4.099,0.362,1.483838,11278,5513,0,-
14:03:55.951,snap,default,com.ss.android.ugc.aweme,discharging,1,27.6,41.8,100,95,1,18.96,0,0,0,4.1,0.365,1.4965,10722,5037,0,-
14:03:56.953,snap,default,com.ss.android.ugc.aweme,discharging,1,27.6,41.8,100,95,1,18.96,0,0,0,4.085,0.383,1.5645549,10722,5037,0,-
14:03:57.953,snap,default,com.ss.android.ugc.aweme,discharging,1,27.6,41.8,100,95,1,19.33,0,0,0,4.097,0.402,1.6469941,10631,5105,0,-
14:03:58.955,snap,default,com.ss.android.ugc.aweme,discharging,1,27.6,41.4,100,95,1,19.33,0,0,0,4.099,0.336,1.377264,10631,5105,0,-
14:03:59.955,snap,default,com.ss.android.ugc.aweme,discharging,1,27.6,41.4,100,95,1,19.81,0,0,0,4.099,0.398,1.631402,10408,5502,0,-
14:04:00.954,snap,default,com.ss.android.ugc.aweme,discharging,1,27.6,41.4,100,95,1,19.81,0,0,0,4.098,0.387,1.585926,10408,5502,0,-
14:04:01.953,snap,default,com.ss.android.ugc.aweme,discharging,1,27.6,41.4,100,95,1,19.85,0,0,2,4.102,0.325,1.33315,10381,5366,0,-
14:04:02.953,snap,default,com.ss.android.ugc.aweme,discharging,1,27.6,41.4,100,95,1,19.85,0,0,0,4.1,0.39,1.5989999,10381,5366,0,-
14:04:03.953,snap,default,com.ss.android.ugc.aweme,discharging,1,27.6,41.4,100,95,1,20.24,0,0,0,4.098,0.358,1.467084,10634,5514,0,-
14:04:04.956,snap,default,com.ss.android.ugc.aweme,discharging,1,27.6,41.8,100,95,1,20.24,0,0,0,4.101,0.351,1.439451,10634,5514,0,-
14:04:05.955,snap,default,com.ss.android.ugc.aweme,discharging,1,27.6,41.8,100,95,1,20.56,0,0,0,4.096,0.517,2.1176322,12273,6168,0,-
14:04:06.955,snap,default,com.ss.android.ugc.aweme,discharging,1,27.6,41.8,100,95,1,20.56,0,0,0,4.1,0.419,1.7178999,12273,6168,0,-
14:04:07.956,snap,default,com.ss.android.ugc.aweme,discharging,1,27.6,41.8,100,95,1,21,0,0,4,4.078,0.52,2.12056,13419,6912,0,-
14:04:08.960,snap,default,com.ss.android.ugc.aweme,discharging,1,27.6,41.8,100,95,1,21,0,0,0,4.097,0.427,1.749419,13419,6912,0,-
14:04:09.956,snap,default,com.ss.android.ugc.aweme,discharging,1,27.6,41.8,100,95,1,21,0,0,0,4.1,0.452,1.8532,10612,5423,0,-
14:04:10.958,snap,default,com.ss.android.ugc.aweme,discharging,1,27.6,41.8,100,95,1,21,0,0,0,4.097,0.431,1.765807,10612,5423,0,-
14:04:11.959,snap,default,com.ss.android.ugc.aweme,discharging,1,27.6,41.8,100,95,1,20.82,0,0,0,4.101,0.362,1.4845619,11924,5779,0,-
14:04:12.958,snap,default,com.ss.android.ugc.aweme,discharging,1,27.6,41.8,100,95,1,20.82,0,0,0,4.099,0.377,1.545323,11924,5779,0,-
14:04:13.959,snap,default,com.ss.android.ugc.aweme,discharging,1,27.6,41.4,100,95,1,20.67,0,0,0,4.094,0.377,1.543438,11664,5770,0,-
14:04:14.959,snap,default,com.ss.android.ugc.aweme,discharging,1,27.6,42.6,100,95,1,20.67,0,0,0,4.097,0.416,1.7043521,11664,5770,0,-
14:04:15.958,snap,default,com.ss.android.ugc.aweme,discharging,1,27.6,41.8,100,95,1,20.91,0,0,0,4.09,0.615,2.51535,16834,8083,0,-
14:04:16.961,snap,default,com.ss.android.ugc.aweme,discharging,1,27.6,42.2,100,95,1,20.91,0,0,6,4.096,0.39,1.59744,16834,8083,0,-
14:04:17.960,snap,default,com.ss.android.ugc.aweme,discharging,1,27.6,42.2,100,95,1,20.38,0,0,5,4.096,0.477,1.9537921,17065,8621,0,-
14:04:18.959,snap,default,com.ss.android.ugc.aweme,discharging,1,27.6,42.6,100,95,1,20.38,0,0,0,4.094,0.495,2.02653,17065,8621,0,-
14:04:19.960,snap,default,com.ss.android.ugc.aweme,discharging,1,27.6,42.6,100,95,1,19.95,0,0,0,4.096,0.452,1.851392,14761,7215,0,-
14:04:20.960,snap,default,com.ss.android.ugc.aweme,discharging,1,27.6,42.6,100,95,1,19.95,0,0,0,4.093,0.524,2.144732,14761,7215,0,-
14:04:21.960,snap,default,com.ss.android.ugc.aweme,discharging,1,27.6,42.6,100,95,1,19.23,0,0,0,4.097,0.437,1.7903891,14761,7215,0,-
14:04:22.960,snap,default,com.ss.android.ugc.aweme,discharging,1,27.6,42.2,100,95,1,19.23,0,0,8,4.099,0.39,1.5986099,12680,6133,0,-
14:04:23.962,snap,default,com.ss.android.ugc.aweme,discharging,1,27.6,41.8,100,95,1,18.46,0,0,8,4.101,0.412,1.6896119,12680,6133,0,-
14:04:24.961,snap,default,com.ss.android.ugc.aweme,discharging,1,27.6,41.8,100,95,1,18.46,0,0,8,4.099,0.358,1.467442,10813,5485,0,-
14:04:25.962,snap,default,com.ss.android.ugc.aweme,discharging,1,27.6,41.4,100,95,1,17.83,0,0,0,4.1,0.351,1.4391,10813,5485,0,-
14:04:26.963,snap,default,com.ss.android.ugc.aweme,discharging,1,27.6,41.8,100,95,1,17.83,0,0,0,4.098,0.365,1.4957701,10678,5251,0,-
14:04:27.963,snap,default,com.ss.android.ugc.aweme,discharging,1,27.6,41.8,100,95,1,17.68,0,0,0,4.1,0.39,1.5989999,10678,5251,0,-
14:04:28.963,snap,default,com.ss.android.ugc.aweme,discharging,1,27.6,41.8,100,95,1,17.68,0,0,0,4.099,0.419,1.717481,11246,5635,0,-
14:04:29.963,snap,default,com.ss.android.ugc.aweme,discharging,1,27.6,41.8,100,95,1,17.2,0,0,0,4.086,0.402,1.642572,11246,5635,0,-
14:04:30.963,snap,default,com.ss.android.ugc.aweme,discharging,1,27.6,41.8,100,95,1,17.2,0,0,0,4.102,0.373,1.5300461,11721,5746,0,-
14:04:31.963,snap,default,com.ss.android.ugc.aweme,discharging,1,27.6,41.8,100,95,1,16.98,0,0,0,4.098,0.423,1.7334541,11721,5746,0,-
14:04:32.965,snap,default,com.ss.android.ugc.aweme,discharging,1,27.6,41.8,100,95,1,16.98,0,0,0,4.094,0.377,1.543438,11361,5636,0,-
14:04:33.967,snap,default,com.ss.android.ugc.aweme,discharging,1,27.6,41.8,100,95,1,16.8,0,0,0,4.098,0.377,1.5449461,11361,5636,0,-
14:04:34.965,snap,default,com.ss.android.ugc.aweme,discharging,1,27.6,41.8,100,95,1,16.8,0,0,0,4.098,0.377,1.5449461,10752,5357,0,-
14:04:35.967,snap,default,com.ss.android.ugc.aweme,discharging,1,27.6,41.8,100,95,1,16.8,0,0,0,4.099,0.39,1.5986099,10752,5357,0,-
14:04:36.966,snap,default,com.ss.android.ugc.aweme,discharging,1,27.6,41.8,100,95,1,16.47,0,0,0,4.099,0.373,1.528927,10487,5214,0,-
14:04:37.966,snap,default,com.ss.android.ugc.aweme,discharging,1,27.6,41.8,100,95,1,16.47,0,0,0,4.1,0.383,1.5702999,10487,5214,0,-
14:04:38.967,snap,default,com.ss.android.ugc.aweme,discharging,1,27.6,41.4,100,95,1,16.2,0,0,0,4.099,0.398,1.631402,10635,5318,0,-
14:04:39.966,snap,default,com.ss.android.ugc.aweme,discharging,1,27.6,41.4,100,95,1,16.2,0,0,2,4.099,0.34,1.39366,10635,5318,0,-
14:04:40.968,snap,default,com.ss.android.ugc.aweme,discharging,1,27.6,41.4,100,95,1,16.35,0,0,2,4.094,0.369,1.5106859,12022,6069,0,-
14:04:41.967,snap,default,com.ss.android.ugc.aweme,discharging,1,27.6,41.4,100,95,1,16.35,0,0,0,4.099,0.412,1.6887879,12022,6069,0,-
14:04:42.967,snap,default,com.ss.android.ugc.aweme,discharging,1,27.6,41.4,100,95,1,16.47,0,0,0,4.098,0.394,1.614612,11095,5664,0,-
14:04:43.967,snap,default,com.ss.android.ugc.aweme,discharging,1,27.6,41.8,100,95,1,16.47,0,0,0,4.096,0.344,1.4090241,11095,5664,0,-
14:04:44.967,snap,default,com.ss.android.ugc.aweme,discharging,1,27.6,42.2,100,95,1,16.38,0,0,0,4.1,0.412,1.6891999,18784,10124,0,-
14:04:45.967,snap,default,com.ss.android.ugc.aweme,discharging,1,27.6,43,100,95,1,16.38,0,0,4,4.094,0.661,2.706134,18784,10124,0,-
14:04:46.969,snap,default,com.ss.android.ugc.aweme,discharging,1,27.6,42.6,100,95,1,17.4,0,0,0,4.091,0.532,2.176412,18784,10124,0,-
14:04:47.968,snap,default,com.ss.android.ugc.aweme,discharging,1,27.6,42.6,100,95,1,17.4,0,0,0,4.092,0.491,2.009172,14320,7024,0,-
14:04:48.969,snap,default,com.ss.android.ugc.aweme,discharging,1,27.6,42.2,100,95,1,17.14,0,0,0,4.1,0.456,1.8695999,14320,7024,0,-
14:04:49.969,snap,default,com.ss.android.ugc.aweme,discharging,1,27.6,42.2,100,95,1,17.14,0,0,0,4.099,0.362,1.483838,10523,5086,0,-
14:04:50.969,snap,default,com.ss.android.ugc.aweme,discharging,1,27.6,41.8,100,95,1,16.75,0,0,0,4.098,0.34,1.3933201,10523,5086,0,-
14:04:51.969,snap,default,com.ss.android.ugc.aweme,discharging,1,27.6,41.8,100,95,1,16.75,0,0,0,4.099,0.348,1.4264519,11122,5549,0,-
14:04:52.970,snap,default,com.ss.android.ugc.aweme,discharging,1,27.6,41.4,100,95,1,16.43,0,0,0,4.1,0.344,1.4104,11122,5549,0,-
14:04:53.974,snap,default,com.ss.android.ugc.aweme,discharging,1,27.6,41.4,100,95,1,16.43,0,0,0,4.096,0.362,1.482752,10614,5332,0,-
14:04:54.973,snap,default,com.ss.android.ugc.aweme,discharging,1,27.6,41.4,100,95,1,16.17,0,0,0,4.097,0.333,1.3643011,10614,5332,0,-
14:04:55.973,snap,default,com.ss.android.ugc.aweme,discharging,1,27.6,41.8,100,95,1,16.17,0,0,5,4.1,0.34,1.3939999,12048,6162,0,-
14:04:56.972,snap,default,com.ss.android.ugc.aweme,discharging,1,27.6,42.2,100,95,1,17.05,0,0,5,4.094,0.474,1.9405559,12048,6162,0,-
14:04:57.972,snap,default,com.ss.android.ugc.aweme,discharging,1,27.6,42.2,100,95,1,17.05,0,0,6,4.1,0.38,1.558,16172,8359,0,-
14:04:58.974,snap,default,com.ss.android.ugc.aweme,discharging,1,27.6,42.2,100,95,1,17.58,0,0,0,4.089,0.549,2.2448611,16172,8359,0,-
14:04:59.973,snap,default,com.ss.android.ugc.aweme,discharging,1,27.6,42.2,100,95,1,17.58,0,0,0,4.084,0.495,2.02158,13171,6901,0,-
14:05:00.973,snap,default,com.ss.android.ugc.aweme,discharging,1,27.6,42.2,100,95,1,17.66,0,0,0,4.094,0.52,2.1288798,13171,6901,0,-
14:05:01.973,snap,default,com.ss.android.ugc.aweme,discharging,1,27.5,42.2,100,95,1,17.66,0,0,0,4.095,0.402,1.6461899,10589,5245,0,-
14:05:02.973,snap,default,com.ss.android.ugc.aweme,discharging,1,27.5,42.2,100,95,1,17.17,0,0,0,4.1,0.348,1.4267999,10589,5245,0,-
14:05:03.975,snap,default,com.ss.android.ugc.aweme,discharging,1,27.5,42.2,100,95,1,17.17,0,0,0,4.099,0.427,1.750273,11231,5783,0,-
14:05:04.975,snap,default,com.ss.android.ugc.aweme,discharging,1,27.5,41.8,100,95,1,16.78,0,0,0,4.095,0.39,1.5970498,11231,5783,0,-
14:05:05.974,snap,default,com.ss.android.ugc.aweme,discharging,1,27.5,41.4,100,95,1,16.78,0,0,0,4.1,0.369,1.5128999,10399,5110,0,-
14:05:06.974,snap,default,com.ss.android.ugc.aweme,discharging,1,27.5,41.4,100,95,1,16.64,0,0,0,4.096,0.369,1.5114241,10399,5110,0,-
14:05:07.976,snap,default,com.ss.android.ugc.aweme,discharging,1,27.5,41.4,100,95,1,16.64,0,0,0,4.1,0.362,1.4841999,10736,5562,0,-
14:05:08.976,snap,default,com.ss.android.ugc.aweme,discharging,1,27.5,41.8,100,95,1,17.43,0,0,0,4.099,0.369,1.5125309,10736,5562,0,-
14:05:09.974,snap,default,com.ss.android.ugc.aweme,discharging,1,27.5,41.8,100,95,1,17.43,0,0,0,4.093,0.405,1.657665,10626,5265,0,-
14:05:10.976,snap,default,com.ss.android.ugc.aweme,discharging,1,27.5,41.8,100,95,1,18.07,0,0,0,4.097,0.408,1.671576,10626,5265,0,-
14:05:11.976,snap,default,com.ss.android.ugc.aweme,discharging,1,27.5,41.8,100,95,1,18.07,0,0,6,4.097,0.405,1.6592851,10852,5494,0,-
14:05:12.976,snap,default,com.ss.android.ugc.aweme,discharging,1,27.5,41.8,100,95,1,18.6,0,0,0,4.093,0.412,1.686316,10852,5494,0,-
14:05:13.978,snap,default,com.ss.android.ugc.aweme,discharging,1,27.5,41.8,100,95,1,18.6,0,0,0,4.095,0.408,1.6707599,10852,5494,0,-
14:05:14.982,snap,default,com.ss.android.ugc.aweme,discharging,1,27.5,41.8,100,95,1,19.22,0,0,0,4.098,0.358,1.467084,10304,5400,0,-
14:05:15.977,snap,default,com.ss.android.ugc.aweme,discharging,1,27.5,41.8,100,95,1,19.22,0,0,0,4.096,0.445,1.82272,10304,5400,0,-
14:05:16.977,snap,default,com.ss.android.ugc.aweme,discharging,1,27.5,41.8,100,95,1,19.36,0,0,0,4.091,0.456,1.865496,11594,5740,0,-
14:05:17.979,snap,default,com.ss.android.ugc.aweme,discharging,1,27.5,41.8,100,95,1,19.36,0,0,0,4.092,0.462,1.890504,11594,5740,0,-
14:05:18.979,snap,default,com.ss.android.ugc.aweme,discharging,1,27.5,41.8,100,95,1,19.47,0,0,0,4.098,0.452,1.852296,11483,5676,0,-
14:05:19.979,snap,default,com.ss.android.ugc.aweme,discharging,1,27.5,41.8,100,95,1,19.47,0,0,0,4.097,0.434,1.778098,11483,5676,0,-
14:05:20.980,snap,default,com.ss.android.ugc.aweme,discharging,1,27.5,41.8,100,95,1,19.75,0,0,0,4.094,0.474,1.9405559,10677,5356,0,-
14:05:21.980,snap,default,com.ss.android.ugc.aweme,discharging,1,27.5,41.8,100,95,1,19.75,0,0,0,4.092,0.419,1.714548,10677,5356,0,-
14:05:22.980,snap,default,com.ss.android.ugc.aweme,discharging,1,27.5,41.8,100,95,1,19.98,0,0,0,4.098,0.38,1.55724,10866,5563,0,-
14:05:23.979,snap,default,com.ss.android.ugc.aweme,discharging,1,27.5,42.2,100,95,1,19.98,0,0,0,4.097,0.394,1.614218,10866,5563,0,-
14:05:24.981,snap,default,com.ss.android.ugc.aweme,discharging,1,27.5,43.4,100,95,1,20.16,0,0,3,4.099,0.377,1.545323,14967,7568,0,-
14:05:25.984,snap,default,com.ss.android.ugc.aweme,discharging,1,27.5,43.4,100,95,1,20.16,0,0,3,4.095,0.582,2.38329,14967,7568,0,-
14:05:26.983,snap,default,com.ss.android.ugc.aweme,discharging,1,27.5,43.4,100,95,1,20.49,0,0,3,4.086,0.618,2.525148,15592,7969,0,-
14:05:27.985,snap,default,com.ss.android.ugc.aweme,discharging,1,27.5,43,100,95,1,20.49,0,0,0,4.095,0.431,1.7649449,15592,7969,0,-
14:05:28.983,snap,default,com.ss.android.ugc.aweme,discharging,1,27.5,42.2,100,95,1,20.4,0,0,1,4.094,0.416,1.703104,11774,6406,0,-
14:05:29.983,snap,default,com.ss.android.ugc.aweme,discharging,1,27.5,42.2,100,95,1,20.4,0,0,1,4.089,0.405,1.6560451,11774,6406,0,-
14:05:30.984,snap,default,com.ss.android.ugc.aweme,discharging,1,27.5,42.2,100,95,1,20.51,0,0,1,4.098,0.445,1.82361,11342,6250,0,-
14:05:31.984,snap,default,com.ss.android.ugc.aweme,discharging,1,27.5,42.2,100,95,1,20.51,0,0,1,4.094,0.387,1.5843779,11342,6250,0,-
14:05:32.983,snap,default,com.ss.android.ugc.aweme,discharging,1,27.5,41.8,100,95,1,20.05,0,0,2,4.091,0.387,1.583217,11791,6044,0,-
14:05:33.985,snap,default,com.ss.android.ugc.aweme,discharging,1,27.5,42.2,100,95,1,20.05,0,0,1,4.093,0.448,1.8336641,11791,6044,0,-
14:05:34.984,snap,default,com.ss.android.ugc.aweme,discharging,1,27.5,42.2,100,95,1,19.86,0,0,1,4.089,0.38,1.55382,11040,5998,0,-
14:05:35.985,snap,default,com.ss.android.ugc.aweme,discharging,1,27.5,42.2,100,95,1,19.86,0,0,1,4.098,0.373,1.528554,11040,5998,0,-
14:05:36.984,snap,default,com.ss.android.ugc.aweme,discharging,1,27.5,41.8,100,95,1,19.7,0,0,1,4.097,0.38,1.55686,12040,6157,0,-
14:05:37.988,snap,default,com.ss.android.ugc.aweme,discharging,1,27.5,41.8,100,95,1,19.7,0,0,1,4.093,0.362,1.481666,12040,6157,0,-
14:05:38.986,snap,default,com.ss.android.ugc.aweme,discharging,1,27.5,41.8,100,95,1,19.39,0,0,2,4.095,0.365,1.4946749,12040,6157,0,-
14:05:39.986,snap,default,com.ss.android.ugc.aweme,discharging,1,27.5,41.8,100,95,1,19.39,0,0,1,4.099,0.39,1.5986099,11238,5804,0,-
14:05:40.986,snap,default,com.ss.android.ugc.aweme,discharging,1,27.5,41.8,100,95,1,19.32,0,0,1,4.093,0.394,1.6126419,11238,5804,0,-
14:05:41.987,snap,default,com.ss.android.ugc.aweme,discharging,1,27.5,41.8,100,95,1,19.32,0,0,1,4.097,0.427,1.749419,12913,6562,0,-
14:05:42.987,snap,default,com.ss.android.ugc.aweme,discharging,1,27.5,41.8,100,95,1,19.44,0,0,1,4.092,0.466,1.9068719,12913,6562,0,-
14:05:43.988,snap,default,com.ss.android.ugc.aweme,discharging,1,27.5,41.8,100,95,1,19.44,0,0,1,4.083,0.377,1.5392911,11454,5764,0,-
14:05:44.988,snap,default,com.ss.android.ugc.aweme,discharging,1,27.5,41.8,100,95,1,19,0,0,1,4.099,0.408,1.672392,11454,5764,0,-
14:05:45.988,snap,default,com.ss.android.ugc.aweme,discharging,1,27.5,41.8,100,95,1,19,0,0,1,4.081,0.431,1.7589109,11895,6235,0,-
14:05:46.988,snap,default,com.ss.android.ugc.aweme,discharging,1,27.5,41.8,100,95,1,19,0,0,1,4.096,0.402,1.6465921,11895,6235,0,-
14:05:47.988,snap,default,com.ss.android.ugc.aweme,discharging,1,27.5,41.8,100,95,1,19,0,0,1,4.098,0.383,1.569534,11351,5990,0,-
14:05:48.991,snap,default,com.ss.android.ugc.aweme,discharging,1,27.5,41.8,100,95,1,19,0,0,1,4.094,0.423,1.7317619,11351,5990,0,-
14:05:49.988,snap,default,com.ss.android.ugc.aweme,discharging,1,27.5,41.4,100,95,1,19,0,0,1,4.095,0.448,1.8345599,12343,6295,0,-
14:05:50.988,snap,default,com.ss.android.ugc.aweme,discharging,1,27.5,41.8,100,95,1,19,0,0,0,4.095,0.39,1.5970498,12343,6295,0,-
14:05:51.989,snap,default,com.ss.android.ugc.aweme,discharging,1,27.5,41.8,100,95,1,19,0,0,2,4.093,0.369,1.510317,11338,5944,0,-
14:05:52.990,snap,default,com.ss.android.ugc.aweme,discharging,1,27.5,41.8,100,95,1,18.82,0,0,1,4.097,0.412,1.6879641,11338,5944,0,-
14:05:53.990,snap,default,com.ss.android.ugc.aweme,discharging,1,27.5,41.8,100,95,1,18.82,0,0,1,4.098,0.358,1.467084,12334,6186,0,-
14:05:54.997,snap,default,com.ss.android.ugc.aweme,discharging,1,27.5,41.8,100,95,1,18.67,0,0,1,4.094,0.423,1.7317619,12334,6186,0,-
14:05:55.991,snap,default,com.ss.android.ugc.aweme,discharging,1,27.5,42.2,100,95,1,18.67,0,0,1,4.088,0.474,1.937712,13881,6712,0,-
14:05:56.992,snap,default,com.ss.android.ugc.aweme,discharging,1,27.5,42.6,100,95,1,18.73,0.18,0,1,4.099,0.362,1.483838,13881,6712,0,-
14:05:57.993,snap,default,com.ss.android.ugc.aweme,discharging,1,27.5,42.2,100,95,1,18.73,0.18,0,1,4.094,0.394,1.6130359,11899,6136,0,-
14:05:58.992,snap,default,com.ss.android.ugc.aweme,discharging,1,27.5,42.2,100,95,1,18.59,0.14,0,1,4.097,0.365,1.4954051,11899,6136,0,-
14:05:59.993,snap,default,com.ss.android.ugc.aweme,discharging,1,27.5,42.2,100,95,1,18.59,0.14,0,1,4.098,0.474,1.9424521,13414,6602,0,-
14:06:00.993,snap,default,com.ss.android.ugc.aweme,discharging,1,27.5,42.2,100,95,1,18.85,0.12,0,1,4.092,0.412,1.685904,13414,6602,0,-
14:06:01.993,snap,default,com.ss.android.ugc.aweme,discharging,1,27.5,42.2,100,95,1,18.85,0.12,0,2,4.094,0.416,1.703104,11911,6304,0,-
14:06:02.993,snap,default,com.ss.android.ugc.aweme,discharging,1,27.5,41.8,100,95,1,18.87,0.09,0,2,4.096,0.398,1.6302081,11911,6304,0,-
14:06:03.993,snap,default,com.ss.android.ugc.aweme,discharging,1,27.5,41.8,100,95,1,18.87,0.09,0,1,4.096,0.383,1.568768,11741,6236,0,-
14:06:04.996,snap,default,com.ss.android.ugc.aweme,discharging,1,27.5,41.8,100,95,1,18.71,0.08,0,1,4.098,0.387,1.585926,11741,6236,0,-
14:06:05.996,snap,default,com.ss.android.ugc.aweme,discharging,1,27.5,42.2,100,95,1,18.71,0.08,0,1,4.096,0.387,1.585152,11741,6236,0,-
14:06:06.994,snap,default,com.ss.android.ugc.aweme,discharging,1,27.5,42.6,100,95,1,18.58,0.06,0,3,4.094,0.618,2.5300918,14878,7416,0,-
14:06:07.999,snap,default,com.ss.android.ugc.aweme,discharging,1,27.5,42.2,100,95,1,18.58,0.06,0,3,4.091,0.568,2.323688,14878,7416,0,-
14:06:08.997,snap,default,com.ss.android.ugc.aweme,discharging,1,27.5,42.2,100,95,1,19.2,0.05,0,3,4.093,0.47,1.92371,17318,8712,0,-
14:06:09.996,snap,default,com.ss.android.ugc.aweme,discharging,1,27.5,42.2,100,95,1,19.2,0.05,0,1,4.085,0.416,1.69936,17318,8712,0,-
14:06:10.996,snap,default,com.ss.android.ugc.aweme,discharging,1,27.5,42.2,100,95,1,19.16,0.04,0,1,4.096,0.39,1.59744,12435,6256,0,-
14:06:11.996,snap,default,com.ss.android.ugc.aweme,discharging,1,27.5,42.2,100,95,1,19.16,0.04,0,1,4.097,0.427,1.749419,12435,6256,0,-
14:06:12.996,snap,default,com.ss.android.ugc.aweme,discharging,1,27.5,41.8,100,95,1,19.13,0.03,0,1,4.092,0.466,1.9068719,12887,6455,0,-
14:06:13.996,snap,default,com.ss.android.ugc.aweme,discharging,1,27.5,41.8,100,95,1,19.13,0.03,0,1,4.093,0.423,1.731339,12887,6455,0,-
14:06:14.999,snap,default,com.ss.android.ugc.aweme,discharging,1,27.5,41.8,100,95,1,18.75,0.02,0,2,4.09,0.423,1.7300701,11893,6347,0,-
14:06:15.997,snap,default,com.ss.android.ugc.aweme,discharging,1,27.5,41.8,100,95,1,18.75,0.02,0,2,4.096,0.402,1.6465921,11893,6347,0,-
14:06:16.998,snap,default,com.ss.android.ugc.aweme,discharging,1,27.5,42.2,100,95,1,18.79,0.02,0,1,4.094,0.466,1.9078039,12237,6365,0,-
14:06:18.000,snap,default,com.ss.android.ugc.aweme,discharging,1,27.5,42.2,100,95,1,18.79,0.02,0,1,4.082,0.528,2.1552958,12237,6365,0,-
14:06:18.997,snap,default,com.ss.android.ugc.aweme,discharging,1,27.5,41.8,100,95,1,18.83,0.01,0,1,4.088,0.524,2.1421118,13439,7012,0,-
14:06:20.001,snap,default,com.ss.android.ugc.aweme,discharging,1,27.5,41.8,100,95,1,18.83,0.01,0,2,4.092,0.445,1.82094,13439,7012,0,-
14:06:20.999,snap,default,com.ss.android.ugc.aweme,discharging,1,27.5,41.8,100,95,1,18.68,0.01,0,2,4.089,0.383,1.566087,11214,5875,0,-
14:06:22.003,snap,default,com.ss.android.ugc.aweme,discharging,1,27.5,41.8,100,95,1,18.68,0.01,0,1,4.095,0.456,1.86732,11214,5875,0,-
14:06:22.999,snap,default,com.ss.android.ugc.aweme,discharging,1,27.5,41.4,100,95,1,18.92,0.01,0,1,4.089,0.456,1.8645841,12556,6572,0,-
14:06:24.001,snap,default,com.ss.android.ugc.aweme,discharging,1,27.5,42.2,100,95,1,18.92,0.01,0,1,4.091,0.405,1.656855,12556,6572,0,-
14:06:25.000,snap,default,com.ss.android.ugc.aweme,discharging,1,27.5,41.8,100,95,1,19.11,0,0,2,4.089,0.431,1.762359,11891,5986,0,-
14:06:26.001,snap,default,com.ss.android.ugc.aweme,discharging,1,27.5,41.8,100,95,1,19.11,0,0,1,4.094,0.38,1.55572,11891,5986,0,-
14:06:27.000,snap,default,com.ss.android.ugc.aweme,discharging,1,27.5,41.8,100,95,1,19.09,0,0,2,4.09,0.528,2.1595201,13593,6875,0,-
14:06:28.001,snap,default,com.ss.android.ugc.aweme,discharging,1,27.5,43.4,100,95,1,19.09,0,0,1,4.09,0.582,2.3803802,13593,6875,0,-
14:06:29.000,snap,default,com.ss.android.ugc.aweme,discharging,1,27.5,43.4,100,95,1,19.25,0,0,1,4.081,0.441,1.799721,15519,7493,0,-
14:06:30.003,snap,default,com.ss.android.ugc.aweme,discharging,1,27.5,43.4,100,95,1,19.25,0,0,1,4.095,0.474,1.9410299,15519,7493,0,-
14:06:31.006,snap,default,com.ss.android.ugc.aweme,discharging,1,27.5,43.4,100,95,1,18.84,0,0,1,4.094,0.383,1.5680019,13753,6531,0,-
14:06:32.001,snap,default,com.ss.android.ugc.aweme,discharging,1,27.5,43.8,100,95,1,18.84,0,0,8,4.091,0.607,2.483237,13753,6531,0,-
14:06:33.003,snap,default,com.ss.android.ugc.aweme,discharging,1,27.5,43.8,100,95,1,19.6,0,0,8,4.084,0.571,2.331964,13753,6531,0,-
14:06:34.003,snap,default,com.ss.android.ugc.aweme,discharging,1,27.5,43,100,95,1,19.6,0,0,0,4.088,0.423,1.729224,21395,10249,0,-
14:06:35.007,snap,default,com.ss.android.ugc.aweme,discharging,1,27.5,43,100,95,1,19.85,0,0,0,4.092,0.344,1.4076481,21395,10249,0,-
14:06:36.004,snap,default,com.ss.android.ugc.aweme,discharging,1,27.5,41.8,100,95,1,19.85,0,0,0,4.098,0.377,1.5449461,11691,5147,0,-
14:06:37.004,snap,default,com.ss.android.ugc.aweme,discharging,1,27.5,41.8,100,95,1,19.51,0,0,0,4.089,0.362,1.480218,11691,5147,0,-
14:06:38.007,snap,default,com.ss.android.ugc.aweme,discharging,1,27.5,41.8,100,95,1,19.51,0,0,0,4.091,0.387,1.583217,11975,5471,0,-
14:06:39.003,snap,default,com.ss.android.ugc.aweme,discharging,1,27.5,41.8,100,95,1,19.24,0,0,0,4.096,0.34,1.3926401,11975,5471,0,-
14:06:40.004,snap,default,com.ss.android.ugc.aweme,discharging,1,27.5,41.8,100,95,1,19.24,0,0,0,4.098,0.351,1.438398,11468,5224,0,-
14:06:41.004,snap,default,com.ss.android.ugc.aweme,discharging,1,27.5,41.8,100,95,1,19.01,0,0,0,4.088,0.373,1.5248239,11468,5224,0,-
14:06:42.005,snap,default,com.ss.android.ugc.aweme,discharging,1,27.5,41.8,100,95,1,18.83,0,0,0,4.095,0.369,1.5110549,12112,5380,0,-
14:06:43.005,snap,default,com.ss.android.ugc.aweme,discharging,1,27.5,41.8,100,95,1,18.83,0,0,0,4.095,0.383,1.5683849,12112,5380,0,-
14:06:44.007,snap,default,com.ss.android.ugc.aweme,discharging,1,27.5,41.8,100,95,1,19.22,0,0,0,4.09,0.336,1.37424,10820,5332,0,-
14:06:45.007,snap,default,com.ss.android.ugc.aweme,discharging,1,27.5,41.8,100,95,1,19.22,0,0,0,4.093,0.373,1.5266889,10820,5332,0,-
14:06:46.010,snap,default,com.ss.android.ugc.aweme,discharging,1,27.5,41.8,100,95,1,19.36,0,0,0,4.088,0.325,1.3285999,11893,5647,0,-
14:06:47.006,snap,default,com.ss.android.ugc.aweme,discharging,1,27.5,41.8,100,95,1,19.36,0,0,0,4.094,0.383,1.5680019,11893,5647,0,-
14:06:48.006,snap,default,com.ss.android.ugc.aweme,discharging,1,27.5,41.8,100,95,1,19.66,0,0,0,4.096,0.358,1.4663681,11657,5591,0,-
14:06:49.008,snap,default,com.ss.android.ugc.aweme,discharging,1,27.5,43.8,100,95,1,19.66,0,0,4,4.096,0.52,2.12992,11657,5591,0,-
14:06:50.007,snap,default,com.ss.android.ugc.aweme,discharging,1,27.5,43.8,100,95,1,20.99,0,0,4,4.089,0.574,2.3470862,21526,11306,0,-
14:06:51.007,snap,default,com.ss.android.ugc.aweme,discharging,1,27.5,43.8,100,95,1,20.99,0,0,6,4.094,0.603,2.4686818,21526,11306,0,-
14:06:52.008,snap,default,com.ss.android.ugc.aweme,discharging,1,27.5,43.8,100,95,1,21.35,0,0,6,4.077,0.553,2.254581,19053,9548,0,-
14:06:53.010,snap,default,com.ss.android.ugc.aweme,discharging,1,27.5,43.8,100,95,1,21.35,0,0,6,4.091,0.557,2.278687,19053,9548,0,-
14:06:54.007,snap,default,com.ss.android.ugc.aweme,discharging,1,27.5,43,100,95,1,21.1,0,0,0,4.086,0.38,1.55268,12672,6239,0,-
14:06:55.009,snap,default,com.ss.android.ugc.aweme,discharging,1,27.5,43,100,95,1,21.1,0,0,0,4.097,0.344,1.409368,12672,6239,0,-
14:06:56.009,snap,default,com.ss.android.ugc.aweme,discharging,1,27.5,42.2,100,95,1,20.9,0,0,0,4.096,0.387,1.585152,11446,5415,0,-
14:06:57.008,snap,default,com.ss.android.ugc.aweme,discharging,1,27.5,42.2,100,95,1,20.9,0,0,0,4.096,0.402,1.6465921,11446,5415,0,-
14:06:58.010,snap,default,com.ss.android.ugc.aweme,discharging,1,27.5,41.8,100,95,1,20.74,0,0,0,4.09,0.427,1.74643,11446,5415,0,-
14:06:59.008,snap,default,com.ss.android.ugc.aweme,discharging,1,27.5,42.2,100,95,1,20.74,0,0,0,4.096,0.365,1.49504,11976,5601,0,-
14:07:00.011,snap,default,com.ss.android.ugc.aweme,discharging,1,27.5,42.2,100,95,1,20.42,0,0,0,4.095,0.373,1.527435,11976,5601,0,-
14:07:01.012,snap,default,com.ss.android.ugc.aweme,discharging,1,27.5,42.2,100,95,1,20.42,0,0,0,4.095,0.373,1.527435,10877,5348,0,-
14:07:02.009,snap,default,com.ss.android.ugc.aweme,discharging,1,27.5,41.8,100,95,1,20.42,0,0,0,4.095,0.336,1.3759199,10877,5348,0,-
14:07:03.011,snap,default,com.ss.android.ugc.aweme,discharging,1,27.5,41.8,100,95,1,19.98,0,0,0,4.09,0.358,1.46422,10553,5208,0,-
14:07:04.010,snap,default,com.ss.android.ugc.aweme,discharging,1,27.5,41.8,100,95,1,19.98,0,0,0,4.097,0.354,1.450338,10553,5208,0,-
14:07:05.010,snap,default,com.ss.android.ugc.aweme,discharging,1,27.5,42.6,100,95,1,20.35,0,0,5,4.092,0.362,1.4813039,13615,6608,0,-
14:07:06.012,snap,default,com.ss.android.ugc.aweme,discharging,1,27.5,42.6,100,95,1,20.35,0,0,6,4.096,0.543,2.224128,13615,6608,0,-
14:07:07.010,snap,default,com.ss.android.ugc.aweme,discharging,1,27.5,42.2,100,95,1,21.01,0,0,6,4.062,0.578,2.347836,15386,8312,0,-
14:07:08.011,snap,default,com.ss.android.ugc.aweme,discharging,1,27.5,42.2,100,95,1,21.01,0,0,6,4.087,0.412,1.683844,15386,8312,0,-
14:07:09.013,snap,default,com.ss.android.ugc.aweme,discharging,1,27.5,42.2,100,95,1,20.82,0,0,6,4.095,0.373,1.527435,12386,6069,0,-
14:07:10.012,snap,default,com.ss.android.ugc.aweme,discharging,1,27.5,42.2,100,95,1,20.82,0,0,0,4.091,0.377,1.542307,12386,6069,0,-
14:07:11.011,snap,default,com.ss.android.ugc.aweme,discharging,1,27.5,42.2,100,95,1,20.13,0,0,0,4.091,0.416,1.701856,10900,5228,0,-
14:07:12.011,snap,default,com.ss.android.ugc.aweme,discharging,1,27.5,42.2,100,95,1,20.13,0,0,0,4.095,0.344,1.40868,10900,5228,0,-
14:07:13.011,snap,default,com.ss.android.ugc.aweme,discharging,1,27.5,45.2,100,95,1,21.74,0.18,0.18,6,4.097,0.445,1.823165,29885,14474,0,-
14:07:14.012,snap,default,com.ss.android.ugc.aweme,discharging,1,27.5,46.5,100,95,1,21.74,0.18,0.18,17,4.054,1.131,4.585074,29885,14474,0,-
14:07:15.014,snap,default,com.android.quicksearchbox,discharging,1,27.5,46.5,100,95,1,23.96,0.69,0.32,16,4.067,0.828,3.367476,28107,13636,0,-
14:07:16.013,snap,default,com.android.quicksearchbox,discharging,1,27.5,46.9,100,95,1,23.96,0.69,0.32,24,4.079,0.969,3.952551,28107,13636,0,-
14:07:17.024,snap,default,com.android.quicksearchbox,discharging,1,27.5,49.9,100,95,1,25.23,1.47,0.45,21,4.074,1.127,4.591398,39599,21921,0,-
14:07:18.015,snap,default,com.android.quicksearchbox,discharging,1,27.5,50.1,100,95,1,25.23,1.47,0.45,19,4.04,1.272,5.13888,39599,21921,0,-
14:07:19.015,snap,default,com.surcumference.fingerprintpay,discharging,1,27.5,50.1,100,95,1,24.83,1.38,0.55,5,4.039,1.431,5.779809,25754,14273,0,-
14:07:20.015,snap,default,com.surcumference.fingerprintpay,discharging,1,27.5,48.1,100,95,1,24.83,1.38,0.55,7,4.071,0.744,3.028824,25754,14273,0,-
14:07:21.018,snap,default,com.surcumference.fingerprintpay,discharging,1,27.5,48.1,100,95,1,24.13,1.13,0.45,7,4.079,0.773,3.153067,29560,18376,0,-
14:07:22.018,snap,default,com.surcumference.fingerprintpay,discharging,1,27.5,50.5,100,95,1,24.13,1.13,0.45,10,4.07,0.708,2.88156,29560,18376,0,-
14:07:23.020,snap,default,com.surcumference.fingerprintpay,discharging,1,27.5,50.5,100,95,1,25.74,3.1,1.63,23,4.056,1.276,5.1754565,47093,19869,0,-
14:07:24.019,snap,default,com.surcumference.fingerprintpay,discharging,1,27.5,53.2,100,95,1,25.74,3.1,1.63,22,4.041,1.167,4.715847,47093,19869,0,-
14:07:25.020,snap,default,com.tencent.mobileqq,discharging,1,27.5,56.2,100,95,1,30.86,3.62,2.24,16,4.033,1.687,6.8036714,47093,19869,0,-
14:07:26.019,snap,default,com.tencent.mobileqq,discharging,1,27.5,59.2,100,95,1,30.86,3.62,2.24,16,4.025,1.25,5.03125,46470,20920,0,-
14:07:27.023,snap,default,com.tencent.mobileqq,discharging,1,27.5,56.2,100,95,1,30.88,4.78,3.1,9,4.069,1.333,5.4239764,46470,20920,0,-
14:07:28.025,snap,default,com.tencent.mobileqq,discharging,1,27.5,53.2,100,95,1,30.88,4.78,3.1,9,4.076,0.947,3.8599722,29876,11405,0,-
14:07:29.027,snap,default,com.tencent.mobileqq,discharging,1,27.5,50.2,100,95,1,27.82,4.09,2.54,9,4.076,0.611,2.490436,29876,11405,0,-
14:07:30.028,snap,default,com.tencent.mobileqq,discharging,1,27.5,48.9,100,95,1,27.82,4.09,2.54,12,4.08,0.319,1.30152,15429,8360,0,-
14:07:31.024,snap,default,com.tencent.mobileqq,discharging,1,27.5,45.9,100,95,1,25.32,3.35,2.08,12,4.082,0.462,1.8858839,15429,8360,0,-
14:07:32.025,snap,default,com.tencent.mobileqq,discharging,1,27.5,44.9,100,95,1,25.32,3.35,2.08,12,4.096,0.319,1.306624,11949,6467,0,-
14:07:33.026,snap,default,com.tencent.mobileqq,discharging,1,27.6,44.9,100,95,1,24.17,2.74,1.7,15,4.088,0.369,1.5084718,11949,6467,0,-
14:07:34.025,snap,default,com.tencent.mobileqq,discharging,1,27.6,46.5,100,95,1,24.17,2.74,1.7,15,4.078,0.402,1.639356,15865,8284,0,-
14:07:35.027,snap,default,com.tencent.mobileqq,discharging,1,27.6,46.1,100,95,1,22.15,3.51,1.57,11,4.087,0.369,1.5081029,15865,8284,0,-
14:07:36.031,snap,default,com.tencent.mobileqq,discharging,1,27.6,46.1,100,95,1,22.15,3.51,1.57,11,4.09,0.64,2.6176,24953,13237,0,-
14:07:37.028,snap,default,com.tencent.mobileqq,discharging,1,27.6,46.1,100,95,1,22.66,3.06,1.29,4,4.09,0.679,2.77711,24953,13237,0,-
14:07:38.027,snap,default,com.tencent.mobileqq,discharging,1,27.6,46.1,100,95,1,22.66,3.06,1.29,17,4.071,0.593,2.414103,23848,11889,0,-
14:07:39.027,snap,default,com.tencent.mobileqq,discharging,1,27.6,48.5,100,95,1,22,3.95,1.23,8,4.073,0.705,2.871465,23848,11889,0,-
14:07:40.027,snap,default,com.tencent.mobileqq,discharging,1,27.6,49.7,100,95,1,22,3.95,1.23,25,4.068,0.81,3.29508,29479,13882,0,-
14:07:41.029,snap,default,com.tencent.mobileqq,discharging,1,27.6,49.7,100,95,1,21.82,3.78,1.19,12,4.07,0.86,3.5002003,29479,13882,0,-
14:07:42.029,snap,default,com.tencent.mobileqq,discharging,1,27.6,49.3,100,95,1,21.82,3.78,1.19,12,4.087,0.629,2.570723,20665,11230,0,-
14:07:43.028,snap,default,com.tencent.mobileqq,discharging,1,27.7,48.5,100,95,1,21.31,3.09,0.97,21,4.074,0.545,2.22033,20665,11230,0,-
14:07:44.028,snap,default,com.tencent.mobileqq,discharging,1,27.7,48.5,100,95,1,21.31,3.09,0.97,20,4.089,0.705,2.882745,26130,14866,0,-
14:07:45.029,snap,default,com.tencent.mobileqq,discharging,1,27.7,48.1,100,95,1,21.43,2.71,0.8,21,4.069,0.756,3.0761638,26130,14866,0,-
14:07:46.030,snap,default,com.tencent.mobileqq,discharging,1,27.7,46.9,100,95,1,21.43,2.71,0.8,22,4.069,0.727,2.9581628,23316,13175,0,-
14:07:47.028,snap,default,com.tencent.mobileqq,discharging,1,27.7,46.9,100,95,1,21.53,2.4,0.83,15,4.073,0.69,2.81037,23316,13175,0,-
14:07:48.029,snap,default,com.tencent.mobileqq,discharging,1,27.7,48.5,100,95,1,21.53,2.4,0.83,24,4.08,0.702,2.86416,26569,14798,0,-
14:07:49.029,snap,default,com.tencent.mobileqq,discharging,1,27.7,48.5,100,95,1,21.62,2.15,0.68,25,4.065,0.885,3.5975251,26569,14798,0,-
14:07:50.030,snap,default,com.tencent.mobileqq,discharging,1,27.7,48.5,100,95,1,21.62,2.15,0.68,21,4.069,0.814,3.3121657,22995,12202,0,-
14:07:51.029,snap,default,com.tencent.mobileqq,discharging,1,27.7,47.7,100,95,1,21.5,2.12,0.56,21,4.069,0.715,2.9093347,22995,12202,0,-
14:07:52.030,snap,default,com.tencent.mobileqq,discharging,1,27.7,46.5,100,95,1,21.5,2.12,0.56,21,4.086,0.578,2.361708,22995,12202,0,-
14:07:53.030,snap,default,com.tencent.mobileqq,discharging,1,27.7,44.9,100,95,1,21.05,2.1,0.45,4,4.085,0.571,2.332535,16822,8071,0,-
14:07:54.030,snap,default,com.tencent.mobileqq,discharging,1,27.7,44.9,100,95,1,21.05,2.1,0.45,4,4.091,0.52,2.12732,16822,8071,0,-
14:07:55.030,snap,default,com.tencent.mobileqq,discharging,1,27.8,45.7,100,95,1,21.04,2.44,0.55,2,4.085,0.557,2.2753448,19025,9447,0,-
14:07:56.032,snap,default,com.tencent.mobileqq,discharging,1,27.8,46.1,100,95,1,21.04,2.44,0.55,10,4.066,0.557,2.264762,19025,9447,0,-
14:07:57.031,snap,default,com.tencent.mobileqq,discharging,1,27.8,45.7,100,95,1,21.76,2,0.45,10,4.082,0.636,2.5961518,20630,11581,0,-
14:07:58.034,snap,default,com.tencent.mobileqq,discharging,1,27.8,45.7,100,95,1,21.76,2,0.45,10,4.081,0.582,2.375142,20630,11581,0,-
14:07:59.032,snap,default,com.tencent.mobileqq,discharging,1,27.8,44.9,100,95,1,21.8,1.63,0.37,10,4.077,0.545,2.221965,18634,9491,0,-
14:08:00.032,snap,default,com.tencent.mobileqq,discharging,1,27.8,44.9,100,95,1,21.8,1.63,0.37,7,4.07,0.387,1.57509,18634,9491,0,-
14:08:01.032,snap,default,com.tencent.mobileqq,discharging,1,27.8,45.3,100,95,1,21.47,2.06,0.84,7,4.097,0.553,2.265641,19308,9111,0,-
14:08:02.035,snap,default,com.tencent.mobileqq,discharging,1,27.8,47.3,100,95,1,21.47,2.06,0.84,7,4.054,0.607,2.460778,19308,9111,0,-
14:08:03.032,snap,default,com.tencent.mobileqq,discharging,1,27.8,50.3,100,95,1,22.11,2.23,1.05,11,4.086,0.474,1.936764,27297,14307,0,-
14:08:04.033,snap,default,com.tencent.mobileqq,discharging,1,27.8,53.2,100,95,1,22.11,2.23,1.05,14,4.06,0.943,3.82858,27297,14307,0,-
14:08:05.035,snap,default,com.tencent.mobileqq,discharging,1,27.8,53.2,100,95,1,24.45,2.73,1.59,17,4.038,1.889,7.6277823,44782,20865,0,-
14:08:06.035,snap,default,com.tencent.mobileqq,discharging,1,27.8,53.2,100,95,1,24.45,2.73,1.59,33,3.991,2.72,10.85552,44782,20865,0,-
14:08:07.667,snap,fas,com.tencent.tmgp.sgame,discharging,1,27.8,53.2,100,95,0,33.42,4.23,4.38,35,3.99,2.416,9.639839,52011,15722,0,-
14:08:08.667,snap,fas,com.tencent.tmgp.sgame,discharging,1,27.8,53.2,100,95,0,37.33,5.46,5.03,0,3.997,1.706,6.818882,52011,15722,0,-
14:08:09.667,snap,fas,com.tencent.tmgp.sgame,discharging,1,27.8,56.2,100,95,0,37.33,5.46,5.03,4,4.018,1.691,6.7944384,58967,23838,0,-
14:08:10.668,snap,fas,com.tencent.tmgp.sgame,discharging,1,27.8,59.2,100,95,0,34.37,5.19,4.84,14,4.063,0.773,3.1406991,58967,23838,0,-
14:08:11.668,snap,fas,com.tencent.tmgp.sgame,discharging,1,27.8,58.4,100,95,0,34.37,5.19,4.84,6,4.075,0.543,2.212725,29837,14164,0,-
14:08:12.667,snap,fas,com.tencent.tmgp.sgame,discharging,1,27.9,58.4,100,95,0,29.41,4.25,3.97,6,4.077,0.762,3.1066742,29837,14164,0,-
14:08:13.668,snap,fas,com.tencent.tmgp.sgame,discharging,1,27.9,58.4,100,95,0,29.41,4.25,3.97,6,4.065,0.983,3.995895,22495,9795,0,-
14:08:14.668,snap,fas,com.tencent.tmgp.sgame,discharging,1,27.9,61.4,100,95,0,27.34,3.66,3.25,16,4.053,1.377,5.580981,22495,9795,0,-
14:08:15.668,snap,fas,com.tencent.tmgp.sgame,discharging,1,27.9,61.5,100,95,0,27.34,3.66,3.25,12,4.06,1.019,4.1371403,37464,19385,0,-
14:08:16.671,snap,fas,com.tencent.mobileqq,discharging,1,28,61.5,100,95,0,24.74,3,2.66,9,4.055,0.874,3.54407,37464,19385,0,-
14:08:17.668,snap,fas,com.tencent.mobileqq,discharging,1,28,61.1,100,95,0,24.74,3,2.66,20,4.067,0.857,3.4854188,25780,11504,0,-
14:08:18.668,snap,fas,com.tencent.mobileqq,discharging,1,28,58.8,100,95,0,22.61,2.81,2.54,21,4.071,1.358,5.528418,25780,11504,0,-
14:08:19.668,snap,fas,com.tencent.mobileqq,discharging,1,28,61.1,100,95,0,22.61,2.81,2.54,23,4.051,1.127,4.565477,45381,21009,0,-
14:08:20.669,snap,fas,com.tencent.mobileqq,discharging,1,28,60.7,100,95,0,21.42,2.67,2.44,21,4.018,1.29,5.18322,45381,21009,0,-
14:08:21.669,snap,fas,com.tencent.mobileqq,discharging,1,28,60.7,100,95,0,21.42,2.67,2.44,14,4.042,1.358,5.489036,45337,21781,0,-
14:08:22.669,snap,fas,com.tencent.mobileqq,discharging,1,28,60.7,100,95,0,20.8,2.73,2.54,8,4.063,1.286,5.2250185,45337,21781,0,-
14:08:23.669,snap,fas,com.tencent.mobileqq,discharging,1,28,63.5,100,95,0,20.8,2.73,2.54,9,4.047,1.232,4.9859037,45213,21901,0,-
14:08:24.669,snap,fas,com.tencent.mobileqq,discharging,1,28,65.9,100,95,0,19.93,3.5,2.62,6,4.033,1.539,6.206787,45213,21901,0,-
14:08:25.669,snap,fas,com.tencent.mobileqq,discharging,1,28,65.9,100,95,0,19.93,3.5,2.62,8,4.046,1.185,4.79451,43802,19746,0,-
14:08:26.669,snap,fas,com.tencent.mobileqq,discharging,1,28,62.9,100,95,0,19.03,3.59,2.33,14,4.035,1.069,4.313415,43802,19746,0,-
14:08:27.670,snap,fas,com.tencent.mobileqq,discharging,1,28,62.7,100,95,0,19.03,3.59,2.33,21,4.037,1.311,5.292507,40606,18886,0,-
14:08:28.669,snap,fas,com.tencent.mobileqq,discharging,1,28,64.7,100,95,0,18.48,3.66,2.45,18,4.03,1.578,6.35934,40606,18886,0,-
14:08:29.669,snap,fas,com.tencent.mobileqq,discharging,1,28,66.3,100,95,0,18.48,3.66,2.45,17,4.029,1.344,5.4149756,45062,21434,0,-
14:08:30.670,snap,fas,com.tencent.mobileqq,discharging,1,28,64.7,100,95,0,18.39,3.9,2.37,13,4.043,1.387,5.607641,45062,21434,0,-
14:08:31.670,snap,fas,com.tencent.mobileqq,discharging,1,28,61.699997,100,95,0,18.39,3.9,2.37,13,4.063,1.048,4.258024,38795,17730,0,-
14:08:32.670,snap,default,com.tencent.mobileqq,discharging,1,28.2,61.1,100,95,1,17.78,3.56,1.94,19,4.044,0.882,3.5668082,38795,17730,0,-
14:08:33.670,snap,default,com.tencent.mobileqq,discharging,1,28.2,61.1,100,95,1,17.78,3.56,1.94,11,4.067,1.149,4.672983,38795,17730,0,-
14:08:34.670,snap,default,com.tencent.mobileqq,discharging,1,28.2,63.1,100,95,1,19.63,3.46,1.95,6,4.048,1.474,5.9667516,35998,19929,0,-
14:08:35.672,snap,default,com.tencent.mobileqq,discharging,1,28.2,65.5,100,95,1,19.63,3.46,1.95,6,4.02,1.698,6.8259597,35998,19929,0,-
14:08:36.671,snap,default,com.tencent.mobileqq,discharging,1,28.2,67.8,100,95,1,21.87,3.37,2.14,13,4.03,1.889,7.6126704,53246,29891,0,-
14:08:37.671,snap,default,com.tencent.mobileqq,discharging,1,28.2,70.8,100,95,1,21.87,3.37,2.14,13,4.021,1.572,6.321012,53246,29891,0,-
14:08:38.671,snap,default,com.tencent.mobileqq,discharging,1,28.2,71.4,100,95,1,21.89,3.49,2.47,19,4.013,1.828,7.335764,45786,23513,0,-
14:08:39.671,snap,default,com.tencent.mobileqq,discharging,1,28.2,72.2,100,95,1,21.89,3.49,2.47,29,4.017,1.702,6.8369346,45786,23513,0,-
14:08:40.671,snap,default,com.tencent.mobileqq,discharging,1,28.2,72.2,100,95,1,23.36,3.4,2.93,20,4.021,2.07,8.323469,44144,22552,0,-
14:08:41.673,snap,default,com.tencent.mobileqq,discharging,1,28.2,72.2,100,95,1,23.36,3.4,2.93,14,4.008,1.619,6.4889517,44144,22552,0,-
14:08:42.672,snap,default,com.tencent.mobileqq,discharging,1,28.4,69.4,100,95,1,25.65,3.32,2.76,14,4.05,1.633,6.6136503,51710,25319,0,-
14:08:43.672,snap,fas,com.tencent.tmgp.sgame,discharging,1,28.4,67.4,100,95,0,25.65,3.32,2.76,12,4.036,1.218,4.915848,51710,25319,0,-
14:08:44.672,snap,fas,com.tencent.tmgp.sgame,discharging,1,28.4,64.4,100,95,0,24.26,3.08,2.44,21,4.06,0.922,3.74332,38758,15926,0,-
14:08:45.672,snap,fas,com.tencent.tmgp.sgame,discharging,1,28.4,61.4,100,95,0,24.26,3.08,2.44,21,4.066,0.744,3.025104,38758,15926,0,-
14:08:46.673,snap,fas,com.tencent.tmgp.sgame,discharging,1,28.4,60.3,100,95,0,21.32,3.61,2.36,13,4.065,0.954,3.87801,23439,6490,0,-
14:08:47.673,snap,fas,com.tencent.tmgp.sgame,discharging,1,28.5,60.3,100,95,0,21.32,3.61,2.36,0,4.068,0.925,3.7628999,23439,6490,0,-
14:08:48.673,snap,fas,com.tencent.tmgp.sgame,discharging,1,28.5,57.3,100,95,0,18.9,3.32,1.93,13,4.066,0.622,2.529052,23098,6841,0,-
14:08:49.673,snap,fas,com.tencent.tmgp.sgame,discharging,1,28.5,54.4,100,95,0,18.9,3.32,1.93,10,4.067,0.625,2.541875,23098,6841,0,-
14:08:50.673,snap,fas,com.tencent.tmgp.sgame,discharging,1,28.5,54,100,95,0,17.29,2.72,1.58,10,4.064,0.64,2.60096,23139,7897,0,-
14:08:51.677,snap,fas,com.tencent.tmgp.sgame,discharging,1,28.5,53.2,100,95,0,17.29,2.72,1.58,10,4.071,0.651,2.650221,23139,7897,0,-
14:08:52.673,snap,fas,com.tencent.tmgp.sgame,discharging,1,28.6,53.2,100,95,0,17.29,2.72,1.58,10,4.071,0.651,2.650221,19782,5798,0,-
14:08:53.675,snap,fas,com.tencent.tmgp.sgame,discharging,1,28.6,52.1,100,95,0,15.79,2.4,1.29,10,4.07,0.571,2.32397,19782,5798,0,-
14:08:54.675,snap,fas,com.tencent.tmgp.sgame,discharging,1,28.6,51.3,100,95,0,15.79,2.4,1.29,10,4.075,0.618,2.5183496,20471,6854,0,-
14:08:55.675,snap,fas,com.tencent.tmgp.sgame,discharging,1,28.6,50.9,100,95,0,14.92,1.97,1.06,10,4.073,0.589,2.3989968,20471,6854,0,-
14:08:56.675,snap,fas,com.tencent.tmgp.sgame,discharging,1,28.6,50.5,100,95,0,14.92,1.97,1.06,10,4.072,0.582,2.369904,20763,6772,0,-
14:08:57.675,snap,fas,com.tencent.tmgp.sgame,discharging,1,28.6,50.5,100,95,0,14.21,1.61,0.86,10,4.066,0.669,2.720154,20763,6772,0,-
14:08:58.677,snap,fas,com.tencent.tmgp.sgame,discharging,1,28.6,50.9,100,95,0,14.21,1.61,0.86,10,4.07,0.625,2.54375,22699,6677,0,-
14:08:59.676,snap,fas,com.tencent.tmgp.sgame,discharging,1,28.6,50.9,100,95,0,13.44,1.5,0.71,10,4.069,0.791,3.2185788,22699,6677,0,-
14:09:00.676,snap,fas,com.tencent.tmgp.sgame,discharging,1,28.6,51.7,100,95,0,13.44,1.5,0.71,10,4.074,0.593,2.4158819,22699,6677,0,-
14:09:01.676,snap,fas,com.tencent.tmgp.sgame,discharging,1,28.6,50.9,100,95,0,12.82,1.23,0.58,10,4.07,0.698,2.8408601,21179,6825,0,-
14:09:02.676,snap,fas,com.tencent.tmgp.sgame,discharging,1,28.6,51.3,100,95,0,12.82,1.23,0.58,10,4.072,0.715,2.91148,21179,6825,0,-
14:09:03.676,snap,fas,com.tencent.tmgp.sgame,discharging,1,28.6,51.3,100,95,0,12.13,1.18,0.47,15,4.076,0.651,2.6534762,20994,6465,0,-
14:09:04.677,snap,fas,com.tencent.tmgp.sgame,discharging,1,28.6,52.4,100,95,0,12.13,1.18,0.47,13,4.067,0.597,2.427999,20994,6465,0,-
14:09:05.676,snap,fas,com.tencent.tmgp.sgame,discharging,1,28.6,52.8,100,95,0,11.92,0.97,0.39,10,4.065,0.658,2.67477,23289,6694,0,-
14:09:06.676,snap,fas,com.tencent.tmgp.sgame,discharging,1,28.6,54.4,100,95,0,11.92,0.97,0.39,15,4.07,1.015,4.13105,23289,6694,0,-
14:09:07.677,snap,fas,com.tencent.tmgp.sgame,discharging,1,28.6,54.4,100,95,0,11.39,1.15,0.31,31,4.055,0.903,3.6616647,33218,10701,0,-
14:09:08.677,snap,fas,com.tencent.tmgp.sgame,discharging,1,28.6,54.4,100,95,0,11.39,1.15,0.31,31,4.067,0.907,3.6887689,33218,10701,0,-
14:09:09.677,snap,fas,com.tencent.tmgp.sgame,discharging,1,28.6,56,100,95,0,10.78,1.12,0.26,38,4.058,0.857,3.477706,27102,8076,0,-
14:09:10.677,snap,fas,com.tencent.tmgp.sgame,discharging,1,28.6,57.2,100,95,0,10.78,1.12,0.26,37,4.058,1.037,4.2081456,27102,8076,0,-
14:09:11.677,snap,fas,com.tencent.tmgp.sgame,discharging,1,28.6,58.4,100,95,0,10.09,1.28,0.57,0,4.053,1.058,4.288074,32238,7311,0,-
14:09:12.677,snap,fas,com.tencent.tmgp.sgame,discharging,1,28.7,58.4,100,95,0,10.09,1.28,0.57,0,4.064,0.969,3.938016,32238,7311,0,-
14:09:13.677,snap,fas,com.tencent.tmgp.sgame,discharging,1,28.7,55.6,100,95,0,9.53,2.68,1.37,0,4.044,0.925,3.7407002,27067,7233,0,-
14:09:14.677,snap,fas,com.tencent.tmgp.sgame,discharging,1,28.7,53.2,100,95,0,9.53,2.68,1.37,17,4.069,0.831,3.3813386,27067,7233,0,-
14:09:15.678,snap,fas,com.tencent.tmgp.sgame,discharging,1,28.7,52.8,100,95,0,9.43,2.92,1.12,15,4.059,0.878,3.563802,21803,6742,0,-
14:09:16.678,snap,fas,com.tencent.tmgp.sgame,discharging,1,28.7,52.4,100,95,0,9.43,2.92,1.12,19,4.066,0.756,3.073896,21803,6742,0,-
14:09:17.678,snap,fas,com.tencent.tmgp.sgame,discharging,1,28.7,52.4,100,95,0,9.72,2.39,0.92,6,4.072,0.676,2.752672,26552,8939,0,-
14:09:18.678,snap,fas,com.tencent.tmgp.sgame,discharging,1,28.7,55.2,100,95,0,9.72,2.39,0.92,6,4.071,0.86,3.5010602,26552,8939,0,-
14:09:19.679,snap,fas,com.tencent.tmgp.sgame,discharging,1,28.7,55.2,100,95,0,9.95,1.95,0.75,31,4.054,0.979,3.9688659,28323,8730,0,-
14:09:20.679,snap,fas,com.tencent.tmgp.sgame,discharging,1,28.7,52.2,100,95,0,9.95,1.95,0.75,31,4.05,0.907,3.67335,28323,8730,0,-
14:09:21.678,snap,fas,com.tencent.tmgp.sgame,discharging,1,28.7,52.1,100,95,0,9.41,2.87,0.61,0,4.067,0.86,3.4976199,23637,5965,0,-
14:09:22.679,snap,fas,com.tencent.tmgp.sgame,discharging,1,28.7,53.2,100,95,0,9.41,2.87,0.61,33,4.069,0.868,3.5318916,23637,5965,0,-
14:09:23.679,snap,fas,com.tencent.tmgp.sgame,discharging,1,28.7,53.2,100,95,0,8.79,5.43,0.5,33,4.044,1.077,4.355388,23687,6654,0,-
14:09:24.679,snap,fas,com.tencent.tmgp.sgame,discharging,1,28.7,52.1,100,95,0,8.79,5.43,0.5,20,4.064,0.625,2.54,23687,6654,0,-
14:09:25.680,snap,fas,com.tencent.tmgp.sgame,discharging,1,28.7,51.3,100,95,0,8.83,4.44,0.41,10,4.075,0.545,2.220875,23687,6654,0,-
14:09:26.680,snap,fas,com.tencent.tmgp.sgame,discharging,1,28.7,50.5,100,95,0,8.83,4.44,0.41,10,4.074,0.574,2.338476,19456,6020,0,-
14:09:27.679,snap,fas,com.tencent.tmgp.sgame,discharging,1,28.7,50.5,100,95,0,9.04,3.82,0.33,10,4.071,0.644,2.6217241,19456,6020,0,-
14:09:28.679,snap,fas,com.tencent.tmgp.sgame,discharging,1,28.7,50.5,100,95,0,9.04,3.82,0.33,12,4.062,0.73,2.96526,21991,6335,0,-
14:09:29.679,snap,fas,com.tencent.tmgp.sgame,discharging,1,28.7,52.4,100,95,0,9.03,3.31,0.27,6,4.053,0.658,2.666874,21991,6335,0,-
14:09:30.680,snap,fas,com.tencent.tmgp.sgame,discharging,1,28.7,54.4,100,95,0,9.03,3.31,0.27,26,4.074,0.994,4.049556,32375,11007,0,-
14:09:31.680,snap,fas,com.tencent.tmgp.sgame,discharging,1,28.7,54.4,100,95,0,9.39,3.25,0.22,26,4.057,0.957,3.8825493,32375,11007,0,-
14:09:32.680,snap,fas,com.tencent.tmgp.sgame,discharging,1,28.7,53.6,100,95,0,9.39,3.25,0.22,21,4.056,0.82,3.32592,24751,6982,0,-
14:09:33.681,snap,fas,com.tencent.tmgp.sgame,discharging,1,28.7,53.6,100,95,0,8.95,3.93,0.18,6,4.059,0.814,3.3040261,24751,6982,0,-
14:09:34.680,snap,fas,com.tencent.tmgp.sgame,discharging,1,28.7,53.6,100,95,0,8.95,3.93,0.18,6,4.071,0.673,2.739783,21212,7116,0,-
14:09:35.681,snap,fas,com.tencent.tmgp.sgame,discharging,1,28.7,56.6,100,95,0,9.14,3.22,0.15,6,4.052,0.636,2.577072,21212,7116,0,-
14:09:36.681,snap,fas,com.tencent.tmgp.sgame,discharging,1,28.7,58,100,95,0,9.14,3.22,0.15,6,4.064,0.799,3.247136,22009,7793,0,-
14:09:37.681,snap,fas,com.tencent.tmgp.sgame,discharging,1,28.7,55,100,95,0,9.12,2.63,0.12,6,4.074,0.748,3.047352,22009,7793,0,-
14:09:38.681,snap,fas,com.tencent.tmgp.sgame,discharging,1,28.7,54.4,100,95,0,9.12,2.63,0.12,6,4.073,0.77,3.13621,30914,11629,0,-
14:09:39.681,snap,fas,com.tencent.tmgp.sgame,discharging,1,28.7,57.4,100,95,0,9.82,2.15,0.1,6,4.076,0.918,3.7417681,30914,11629,0,-
14:09:40.682,snap,fas,com.tencent.tmgp.sgame,discharging,1,28.7,60.4,100,95,0,9.82,2.15,0.1,23,4.051,1.015,4.111765,38301,14347,0,-
14:09:41.681,snap,fas,com.tencent.tmgp.sgame,discharging,1,28.7,57.4,100,95,0,10.03,2.31,0.8,14,4.043,1.211,4.8960733,38301,14347,0,-
14:09:42.681,snap,fas,com.tencent.tmgp.sgame,discharging,1,28.7,56.4,100,95,0,10.03,2.31,0.8,14,4.048,0.911,3.687728,30876,10781,0,-
14:09:43.681,snap,fas,com.tencent.tmgp.sgame,discharging,1,28.7,57.6,100,95,0,10.39,2.25,0.66,12,4.05,0.943,3.8191502,30876,10781,0,-
14:09:44.685,snap,fas,com.tencent.tmgp.sgame,discharging,1,28.7,57.6,100,95,0,10.39,2.25,0.66,20,4.028,1.224,4.9302716,56639,26279,0,-
14:09:45.684,snap,fas,com.tencent.tmgp.sgame,discharging,1,28.7,57.6,100,95,0,13.94,3.47,1.8,14,4.05,1.915,7.75575,56639,26279,0,-
14:09:46.684,snap,fas,com.tencent.tmgp.sgame,discharging,1,28.7,60.6,100,95,0,13.94,3.47,1.8,5,4.008,1.973,7.907784,58845,28520,0,-
14:09:47.685,snap,fas,com.tencent.tmgp.sgame,discharging,1,28.7,63.5,100,95,0,19.57,4.29,3.65,16,4.007,1.911,7.657377,58845,28520,0,-
14:09:48.684,snap,fas,com.tencent.tmgp.sgame,discharging,1,28.7,63.1,100,95,0,19.57,4.29,3.65,7,4.037,1.167,4.7111793,39399,16488,0,-
14:09:49.685,snap,fas,com.tencent.tmgp.sgame,discharging,1,28.7,63.1,100,95,0,18.19,3.69,3.17,6,4.052,1.185,4.80162,39399,16488,0,-
14:09:50.685,snap,fas,com.tencent.tmgp.sgame,discharging,1,28.7,63.5,100,95,0,18.19,3.69,3.17,16,4.052,1.438,5.826776,40886,17371,0,-
14:09:51.685,snap,fas,com.tencent.tmgp.sgame,discharging,1,28.7,63.5,100,95,0,17.43,4.65,3.32,23,4.046,1.29,5.21934,40886,17371,0,-
14:09:52.685,snap,fas,com.tencent.tmgp.sgame,discharging,1,28.8,61.5,100,95,0,17.43,4.65,3.32,28,4.027,1.139,4.5867534,40886,17371,0,-
14:09:53.685,snap,fas,com.tencent.tmgp.sgame,discharging,1,28.8,61.1,100,95,0,15.72,4.17,2.72,33,4.042,1.081,4.3694015,33657,12922,0,-
14:09:54.685,snap,fas,com.tencent.tmgp.sgame,discharging,1,28.8,60.7,100,95,0,15.72,4.17,2.72,10,4.044,1.203,4.864932,33657,12922,0,-
14:09:55.686,snap,fas,com.tencent.tmgp.sgame,discharging,1,28.8,60.7,100,95,0,14.5,4.14,2.22,27,4.041,1.232,4.978512,35658,12933,0,-
14:09:56.686,snap,fas,com.tencent.tmgp.sgame,discharging,1,28.8,60.7,100,95,0,14.5,4.14,2.22,13,4.05,1.073,4.34565,35658,12933,0,-
14:09:57.686,snap,fas,com.tencent.tmgp.sgame,discharging,1,28.8,61.5,100,95,0,13.51,4.66,1.82,15,4.034,1.153,4.6512017,36357,13202,0,-
14:09:58.686,snap,fas,com.tencent.tmgp.sgame,discharging,1,28.8,61.5,100,95,0,13.51,4.66,1.82,16,4.027,1.139,4.5867534,36357,13202,0,-
14:09:59.686,snap,fas,com.tencent.tmgp.sgame,discharging,1,28.8,61.5,100,95,0,12.87,4.54,1.67,15,4.047,1.193,4.8280706,39660,15751,0,-
14:10:00.686,snap,fas,com.tencent.tmgp.sgame,discharging,1,28.8,61.5,100,95,0,12.87,4.54,1.67,16,4.052,1.398,5.664696,39660,15751,0,-
14:10:01.687,snap,fas,com.ss.android.ugc.aweme,discharging,1,28.8,61.1,100,95,0,13.44,4.08,1.37,9,4.03,1.344,5.4163203,41071,18404,0,-
14:10:02.686,snap,fas,com.ss.android.ugc.aweme,discharging,1,28.9,61.1,100,95,0,13.44,4.08,1.37,11,4.04,1.16,4.6864,41071,18404,0,-
14:10:03.687,snap,fas,com.ss.android.ugc.aweme,discharging,1,28.9,63.1,100,95,0,13.36,4.06,1.12,11,4.05,1.218,4.9329004,36068,14308,0,-
14:10:04.687,snap,fas,com.ss.android.ugc.aweme,discharging,1,28.9,63.1,100,95,0,13.36,4.06,1.12,16,4.048,1.077,4.359696,36068,14308,0,-
14:10:05.687,snap,fas,com.ss.android.ugc.aweme,discharging,1,28.9,60.7,100,95,0,13.47,4.05,0.91,15,4.03,1.041,4.1952305,33041,13503,0,-
14:10:06.687,snap,fas,com.ss.android.ugc.aweme,discharging,1,28.9,60.3,100,95,0,13.47,4.05,0.91,7,4.051,1.11,4.49661,33041,13503,0,-
14:10:07.687,snap,fas,com.ss.android.ugc.aweme,discharging,1,28.9,60.3,100,95,0,13.02,4.04,0.75,9,4.037,1.167,4.7111793,30604,11502,0,-
14:10:08.687,snap,fas,com.ss.android.ugc.aweme,discharging,1,28.9,60.3,100,95,0,13.02,4.04,0.75,14,4.045,1.087,4.396915,30604,11502,0,-
14:10:09.687,snap,fas,com.ss.android.ugc.aweme,discharging,1,28.9,60.3,100,95,0,12.47,3.67,0.61,23,4.05,0.983,3.9811502,38540,16156,0,-
14:10:10.688,snap,fas,com.ss.android.ugc.aweme,discharging,1,28.9,58.8,100,95,0,12.47,3.67,0.61,21,4.039,1.084,4.378276,38540,16156,0,-
14:10:11.687,snap,fas,com.ss.android.ugc.aweme,discharging,1,28.9,61.8,100,95,0,13.29,5.72,2.49,23,4.042,1.265,5.1131296,48024,21808,0,-
14:10:12.687,snap,fas,com.ss.android.ugc.aweme,discharging,1,29,60.3,100,95,0,13.29,5.72,2.49,9,4.049,1.348,5.4580517,48024,21808,0,-
14:10:13.688,snap,fas,com.tencent.tmgp.sgame,discharging,1,29,60.3,100,95,0,15.6,4.86,2.58,12,4.019,1.224,4.919256,37432,13865,0,-
14:10:14.687,snap,fas,com.tencent.tmgp.sgame,discharging,1,29,60.3,100,95,0,15.6,4.86,2.58,17,4.04,0.979,3.95516,37432,13865,0,-
14:10:15.688,snap,fas,com.tencent.tmgp.sgame,discharging,1,29,59.6,100,95,0,14.58,3.98,2.11,17,4.053,1.015,4.113795,32510,10587,0,-
14:10:16.688,snap,fas,com.tencent.tmgp.sgame,discharging,1,29,60.7,100,95,0,14.58,3.98,2.11,17,4.049,1.062,4.300038,32510,10587,0,-
14:10:17.688,snap,fas,com.tencent.tmgp.sgame,discharging,1,29,61.1,100,95,0,13.75,3.26,2.09,16,4.049,1.058,4.2838416,32510,10587,0,-
14:10:18.689,snap,fas,com.tencent.tmgp.sgame,discharging,1,29,64.1,100,95,0,13.75,3.26,2.09,21,4.029,1.47,5.92263,47911,21759,0,-
14:10:19.688,snap,fas,com.tencent.tmgp.sgame,discharging,1,29,67.1,100,95,0,15.06,3.75,2.44,62,4.054,1.521,6.166134,47911,21759,0,-
14:10:20.689,snap,fas,com.tencent.tmgp.sgame,discharging,1,29,70.1,100,95,0,15.06,3.75,2.44,59,4.015,1.756,7.0503397,56315,28239,0,-
14:10:21.689,snap,fas,com.tencent.tmgp.sgame,discharging,1,29,72.2,100,95,0,20.3,5.79,4.53,16,4.001,2.081,8.326081,56315,28239,0,-
14:10:22.689,snap,fas,com.tencent.tmgp.sgame,discharging,1,29.1,69.2,100,95,0,20.3,5.79,4.53,15,4.002,1.402,5.6108036,52155,16478,0,-
14:10:23.689,snap,fas,com.tencent.tmgp.sgame,discharging,1,29.1,66.2,100,95,0,21.34,5.1,4.8,15,4.056,0.871,3.532776,52155,16478,0,-
14:10:24.689,snap,fas,com.tencent.tmgp.sgame,discharging,1,29.1,63.199997,100,95,0,21.34,5.1,4.8,15,4.046,0.903,3.653538,30699,10873,0,-
14:10:25.690,snap,fas,com.tencent.tmgp.sgame,discharging,1,29.1,61.5,100,95,0,19.1,4.18,3.93,15,4.054,0.791,3.206714,30699,10873,0,-
14:10:26.690,snap,fas,com.tencent.tmgp.sgame,discharging,1,29.1,61.5,100,95,0,19.1,4.18,3.93,15,4.058,0.947,3.8429263,36610,14221,0,-
14:10:27.691,snap,fas,com.tencent.tmgp.sgame,discharging,1,29.1,61.9,100,95,0,18.72,3.96,3.4,16,4.053,1.069,4.332657,36610,14221,0,-
14:10:28.695,snap,fas,com.tencent.tmgp.sgame,discharging,1,29.1,64.7,100,95,0,18.72,3.96,3.4,27,4.04,1.17,4.7268,51526,21513,0,-
14:10:29.693,snap,fas,com.ss.android.ugc.aweme,discharging,1,29.1,67.7,100,95,0,22.39,3.97,3.87,13,4.029,1.907,7.6833024,51526,21513,0,-
14:10:30.694,snap,fas,com.ss.android.ugc.aweme,discharging,1,29.1,70.7,100,95,0,22.39,3.97,3.87,8,4.007,1.907,7.641349,66182,23746,0,-
14:10:31.694,snap,fas,com.ss.android.ugc.aweme,discharging,1,29.1,71.8,100,95,0,26.49,3.97,3.71,19,4.012,1.607,6.447284,66182,23746,0,-
14:10:32.694,snap,fas,com.tencent.tmgp.sgame,discharging,1,29.2,71.4,100,95,0,26.49,3.97,3.71,22,4.014,1.586,6.366204,65460,30427,0,-
14:10:33.694,snap,fas,com.tencent.tmgp.sgame,discharging,1,29.2,71,100,95,0,26.03,3.62,3.04,16,4.036,1.568,6.3284473,65460,30427,0,-
14:10:34.695,snap,fas,com.tencent.tmgp.sgame,discharging,1,29.2,71,100,95,0,26.03,3.62,3.04,15,4.006,1.76,7.05056,81863,38695,0,-
14:10:35.696,snap,fas,com.tencent.tmgp.sgame,discharging,1,29.2,71,100,95,0,27.11,3.32,2.48,12,4.029,1.485,5.9830647,81863,38695,0,-
14:10:36.695,snap,fas,com.tencent.tmgp.sgame,discharging,1,29.2,74,100,95,0,27.11,3.32,2.48,10,4.021,1.182,4.752822,51053,26350,0,-
14:10:37.694,snap,fas,com.tencent.tmgp.sgame,discharging,1,29.2,77,100,95,0,27.64,4.53,3.12,4,4.03,1.961,7.90283,51053,26350,0,-
14:10:38.695,snap,fas,com.tencent.tmgp.sgame,discharging,1,29.2,78.5,100,95,0,27.64,4.53,3.12,4,4.008,1.918,7.6873436,65488,19991,0,-
14:10:39.695,snap,fas,com.tencent.tmgp.sgame,discharging,1,29.3,78.5,100,95,0,33.86,4.61,4.91,2,4.004,2.019,8.084077,65488,19991,0,-
14:10:40.696,snap,fas,com.tencent.tmgp.sgame,discharging,1,29.3,78.9,100,95,0,33.86,4.61,4.91,9,4,1.936,7.744,46722,20588,0,-
14:10:41.696,snap,fas,com.tencent.tmgp.sgame,discharging,1,29.3,75.9,100,95,0,33.34,5.41,5.29,4,4.004,1.441,5.7697644,46722,20588,0,-
14:10:42.696,snap,fas,com.tencent.tmgp.sgame,discharging,1,29.4,72.9,100,95,0,33.34,5.41,5.29,11,4.03,1.582,6.3754606,39160,15564,0,-
14:10:43.700,snap,fas,com.tencent.tmgp.sgame,discharging,1,29.4,70.6,100,95,0,30.38,4.79,4.33,13,4.028,1.084,4.3663516,39160,15564,0,-
14:10:44.699,snap,fas,com.miui.securityadd,discharging,1,29.4,73,100,95,0,30.38,4.79,4.33,5,4.045,1.785,7.220325,39160,15564,0,-
14:10:45.697,snap,fas,com.miui.securityadd,discharging,1,29.4,73,100,95,0,31.22,5.19,5.54,7,4.004,1.514,6.0620565,56023,25486,0,-
14:10:46.699,snap,fas,com.miui.securityadd,discharging,1,29.4,71,100,95,0,31.22,5.19,5.54,20,4.036,1.665,6.7199397,56023,25486,0,-
14:10:47.699,snap,fas,com.miui.securityadd,discharging,1,29.4,69.8,100,95,0,29.55,5.15,5.44,20,4.014,1.247,5.005458,40559,19874,0,-
14:10:48.697,snap,fas,com.miui.securityadd,discharging,1,29.4,69.8,100,95,0,29.55,5.15,5.44,9,4.048,1.189,4.8130717,40559,19874,0,-
14:10:49.697,snap,fas,com.miui.securityadd,discharging,1,29.5,66.8,100,95,0,29.26,4.58,4.63,19,4.043,1.402,5.6682863,46077,22821,0,-
14:10:50.698,snap,fas,com.tencent.tmgp.sgame,discharging,1,29.5,63.800003,100,95,0,29.26,4.58,4.63,11,4.023,1.333,5.3626585,46077,22821,0,-
14:10:51.698,snap,fas,com.tencent.tmgp.sgame,discharging,1,29.5,61.9,100,95,0,27.77,3.93,3.97,5,4.053,0.787,3.189711,28492,11801,0,-
14:10:52.698,snap,fas,com.tencent.tmgp.sgame,discharging,1,29.5,61.1,100,95,0,27.77,3.93,3.97,13,4.049,0.705,2.8545449,28492,11801,0,-
14:10:53.699,snap,fas,com.tencent.tmgp.sgame,discharging,1,29.5,58.1,100,95,0,24.55,3.22,3.25,13,4.048,0.719,2.9105117,22827,8057,0,-
14:10:54.698,snap,fas,com.tencent.tmgp.sgame,discharging,1,29.5,56.4,100,95,0,24.55,3.22,3.25,13,4.061,0.644,2.615284,22827,8057,0,-
14:10:55.698,snap,fas,com.tencent.tmgp.sgame,discharging,1,29.5,58.4,100,95,0,21.55,2.63,2.66,0,4.057,0.835,3.387595,24741,7655,0,-
14:10:56.698,snap,fas,com.tencent.tmgp.sgame,discharging,1,29.5,59.6,100,95,0,21.55,2.63,2.66,0,4.052,0.965,3.9101799,24741,7655,0,-
14:10:57.699,snap,fas,com.tencent.tmgp.sgame,discharging,1,29.5,59.6,100,95,0,18.55,2.7,2.36,69,4.053,1.077,4.365081,22899,7071,0,-
14:10:58.698,snap,fas,com.tencent.tmgp.sgame,discharging,1,29.5,61.1,100,95,0,18.55,2.7,2.36,76,4.038,1.001,4.0420384,22899,7071,0,-
14:10:59.699,snap,fas,com.tencent.tmgp.sgame,discharging,1,29.5,61.1,100,95,0,16.82,2.21,1.93,59,4.033,1.135,4.577455,29703,11288,0,-
14:11:00.699,snap,fas,com.tencent.tmgp.sgame,discharging,1,29.5,59.2,100,95,0,16.82,2.21,1.93,59,4.044,0.925,3.7407002,29703,11288,0,-
14:11:01.700,snap,fas,com.tencent.tmgp.sgame,discharging,1,29.5,57.2,100,95,0,15.4,2.35,1.58,54,4.041,0.845,3.414645,27256,10039,0,-
14:11:02.700,snap,fas,com.tencent.tmgp.sgame,discharging,1,29.6,57.2,100,95,0,15.4,2.35,1.58,39,4.056,0.864,3.5043843,27256,10039,0,-
14:11:03.701,snap,fas,com.tencent.tmgp.sgame,discharging,1,29.6,57.6,100,95,0,14.42,1.92,1.29,45,4.039,0.874,3.530086,24025,8537,0,-
14:11:04.701,snap,fas,com.tencent.tmgp.sgame,discharging,1,29.6,58.8,100,95,0,14.42,1.92,1.29,53,4.053,0.896,3.631488,24025,8537,0,-
14:11:05.700,snap,fas,com.tencent.tmgp.sgame,discharging,1,29.6,58.8,100,95,0,13.62,1.58,1.06,60,4.048,1.124,4.5499516,29113,11159,0,-
14:11:06.700,snap,fas,com.tencent.tmgp.sgame,discharging,1,29.6,58.4,100,95,0,13.62,1.58,1.06,61,4.043,0.979,3.9580972,29113,11159,0,-
14:11:07.708,snap,fas,com.tencent.tmgp.sgame,discharging,1,29.6,58.4,100,95,0,13.14,1.29,0.86,56,4.052,1.055,4.27486,37980,15376,0,-
14:11:08.711,snap,fas,com.tencent.tmgp.sgame,discharging,1,29.6,58.4,100,95,0,13.14,1.29,0.86,47,4.043,1.528,6.1777043,37980,15376,0,-
14:11:09.709,snap,fas,com.tencent.tmgp.sgame,discharging,1,29.6,61.4,100,95,0,18.91,2.14,2.7,17,3.997,2.041,8.157877,44313,18378,0,-
14:11:10.709,snap,fas,com.ss.android.ugc.aweme,discharging,1,29.6,63.1,100,95,0,18.91,2.14,2.7,23,4.02,1.337,5.37474,44313,18378,0,-
14:11:11.709,snap,fas,com.ss.android.ugc.aweme,discharging,1,29.6,61.5,100,95,0,17.66,1.93,2.21,55,4.038,1.236,4.9909678,44313,18378,0,-
14:11:12.709,snap,fas,com.ss.android.ugc.aweme,discharging,1,29.7,61.5,100,95,0,17.66,1.93,2.21,56,4.033,1.276,5.146108,30133,13648,0,-
14:11:13.710,snap,fas,com.ss.android.ugc.aweme,discharging,1,29.7,60.7,100,95,0,16.45,1.76,1.81,53,4.034,1.253,5.054602,30133,13648,0,-
14:11:14.710,snap,fas,com.ss.android.ugc.aweme,discharging,1,29.7,60.7,100,95,0,16.45,1.76,1.81,52,4.026,1.156,4.654056,31654,13499,0,-
14:11:15.710,snap,fas,com.ss.android.ugc.aweme,discharging,1,29.7,59.2,100,95,0,15.1,1.99,1.48,54,4.025,1.066,4.29065,31654,13499,0,-
14:11:16.711,snap,fas,com.ss.android.ugc.aweme,discharging,1,29.7,58.4,100,95,0,15.1,1.99,1.48,52,4.041,1.069,4.319829,27123,11960,0,-
14:11:17.711,snap,fas,com.ss.android.ugc.aweme,discharging,1,29.7,58.4,100,95,0,14,1.63,1.21,52,4.042,1.041,4.2077217,27123,11960,0,-
14:11:18.712,snap,fas,com.ss.android.ugc.aweme,discharging,1,29.7,59.9,100,95,0,14,1.63,1.21,43,4.042,1.058,4.276436,29700,12878,0,-
14:11:19.712,snap,fas,com.ss.android.ugc.aweme,discharging,1,29.7,59.9,100,95,0,13.27,1.51,0.99,54,4.04,1.199,4.84396,29700,12878,0,-
14:11:20.712,snap,fas,com.ss.android.ugc.aweme,discharging,1,29.7,58.4,100,95,0,13.27,1.51,0.99,55,4.03,1.004,4.04612,29857,12612,0,-
14:11:21.712,snap,fas,com.ss.android.ugc.aweme,discharging,1,29.7,58.4,100,95,0,12.31,1.24,0.81,53,4.042,0.969,3.9166977,29857,12612,0,-
14:11:22.713,snap,fas,com.ss.android.ugc.aweme,discharging,1,29.7,58.4,100,95,0,12.31,1.24,0.81,53,4.048,0.99,4.0075197,27409,11294,0,-
14:11:23.713,snap,fas,com.ss.android.ugc.aweme,discharging,1,29.7,58.4,100,95,0,11.53,1.01,0.66,54,4.045,1.041,4.210845,27409,11294,0,-
14:11:24.713,snap,fas,com.ss.android.ugc.aweme,discharging,1,29.7,57.6,100,95,0,11.53,1.01,0.66,53,4.035,1.048,4.2286797,28558,12421,0,-
14:11:25.713,snap,fas,com.ss.android.ugc.aweme,discharging,1,29.7,57.6,100,95,0,11.07,0.83,0.54,54,4.047,1.004,4.0631876,28558,12421,0,-
14:11:26.714,snap,default,com.ss.android.ugc.aweme,discharging,1,29.7,57.2,100,95,1,11.07,0.83,0.54,54,4.047,0.972,3.9336839,26737,14052,0,-
14:11:27.714,snap,default,com.ss.android.ugc.aweme,discharging,1,29.7,56,100,95,1,11.96,0.68,0.44,54,4.043,0.889,3.594227,26737,14052,0,-
14:11:28.714,snap,default,com.ss.android.ugc.aweme,discharging,1,29.7,56,100,95,1,11.96,0.68,0.44,54,4.049,0.914,3.7007856,29329,16390,0,-
14:11:29.716,snap,default,com.ss.android.ugc.aweme,discharging,1,29.7,56.8,100,95,1,14.32,0.92,0.54,55,4.042,1.033,4.175386,29329,16390,0,-
14:11:30.716,snap,default,com.ss.android.ugc.aweme,discharging,1,29.7,56.8,100,95,1,14.32,0.92,0.54,56,4.036,1.044,4.213584,38207,22360,0,-
14:11:31.717,snap,default,com.ss.android.ugc.aweme,discharging,1,29.7,56.8,100,95,1,17.71,0.93,0.44,57,4.038,1.153,4.655814,38207,22360,0,-
14:11:32.715,snap,default,com.ss.android.ugc.aweme,discharging,1,29.7,56,100,95,1,17.71,0.93,0.44,56,4.037,1.135,4.581995,30909,17278,0,-
14:11:33.717,snap,default,com.ss.android.ugc.aweme,discharging,1,29.7,55.6,100,95,1,19.39,0.76,0.36,54,4.038,0.925,3.73515,30909,17278,0,-
14:11:34.715,snap,default,com.ss.android.ugc.aweme,discharging,1,29.7,55.6,100,95,1,19.39,0.76,0.36,49,4.048,0.928,3.7565439,28194,15095,0,-
14:11:35.716,snap,default,com.ss.android.ugc.aweme,discharging,1,29.7,55.6,100,95,1,20.22,0.62,0.29,45,4.039,0.922,3.723958,28194,15095,0,-
14:11:36.716,snap,default,com.ss.android.ugc.aweme,discharging,1,29.7,55.6,100,95,1,20.22,0.62,0.29,56,4.048,0.972,3.934656,28194,15095,0,-
14:11:37.716,snap,default,com.ss.android.ugc.aweme,discharging,1,29.7,55.6,100,95,1,20.91,0.51,0.24,55,4.043,0.885,3.5780551,27403,14872,0,-
14:11:38.716,snap,default,com.ss.android.ugc.aweme,discharging,1,29.7,55.6,100,95,1,20.91,0.51,0.24,54,4.045,0.961,3.8872452,27403,14872,0,-
14:11:39.716,snap,default,com.ss.android.ugc.aweme,discharging,1,29.7,55.2,100,95,1,21.83,0.41,0.2,54,4.045,0.932,3.76994,27855,15260,0,-
14:11:40.716,snap,default,com.ss.android.ugc.aweme,discharging,1,29.7,54.8,100,95,1,21.83,0.41,0.2,55,4.047,0.893,3.613971,27855,15260,0,-
14:11:41.716,snap,default,com.ss.android.ugc.aweme,discharging,1,29.7,55.2,100,95,1,22.4,0.34,0.16,55,4.046,0.936,3.787056,28485,15392,0,-
14:11:42.717,snap,default,com.ss.android.ugc.aweme,discharging,1,29.8,54.8,100,95,1,22.4,0.34,0.16,55,4.043,0.907,3.6670012,28485,15392,0,-
14:11:43.718,snap,default,com.ss.android.ugc.aweme,discharging,1,29.8,54.8,100,95,1,23.05,0.28,0.13,55,4.048,0.868,3.5136638,27545,15627,0,-
14:11:44.718,snap,default,com.ss.android.ugc.aweme,discharging,1,29.8,54,100,95,1,23.05,0.28,0.13,55,4.048,0.94,3.8051198,27545,15627,0,-
14:11:45.717,snap,default,com.ss.android.ugc.aweme,discharging,1,29.8,54.8,100,95,1,23.59,0.22,0.1,48,4.046,0.885,3.58071,27687,15159,0,-
14:11:46.717,snap,default,com.ss.android.ugc.aweme,discharging,1,29.8,54,100,95,1,23.59,0.22,0.1,54,4.041,0.911,3.681351,27687,15159,0,-
14:11:47.718,snap,default,com.ss.android.ugc.aweme,discharging,1,29.8,54,100,95,1,23.84,0.18,0.08,55,4.048,0.94,3.8051198,27887,15300,0,-
14:11:48.718,snap,default,com.ss.android.ugc.aweme,discharging,1,29.8,54,100,95,1,23.84,0.18,0.08,55,4.04,0.911,3.68044,27887,15300,0,-
14:11:49.719,snap,default,com.ss.android.ugc.aweme,discharging,1,29.8,54,100,95,1,24.05,0.15,0.07,55,4.048,0.878,3.554144,28332,15909,0,-
14:11:50.719,snap,default,com.ss.android.ugc.aweme,discharging,1,29.8,54.4,100,95,1,24.05,0.15,0.07,55,4.047,0.885,3.581595,28332,15909,0,-
14:11:51.719,snap,default,com.ss.android.ugc.aweme,discharging,1,29.8,54.4,100,95,1,24.22,0.12,0.05,55,4.047,0.874,3.537078,27266,15144,0,-
14:11:52.720,snap,default,com.ss.android.ugc.aweme,discharging,1,29.8,54,100,95,1,24.22,0.12,0.05,55,4.049,0.903,3.656247,27266,15144,0,-
14:11:53.720,snap,default,com.ss.android.ugc.aweme,discharging,1,29.8,54,100,95,1,24.36,0.1,0.04,54,4.05,0.896,3.6288004,27656,15728,0,-
14:11:54.720,snap,default,com.ss.android.ugc.aweme,discharging,1,29.8,54,100,95,1,24.48,0.08,0.03,55,4.052,0.842,3.4117842,27656,15728,0,-
14:11:55.720,snap,default,com.ss.android.ugc.aweme,discharging,1,29.8,54,100,95,1,24.48,0.08,0.03,50,4.051,0.918,3.718818,27866,15158,0,-
14:11:56.721,snap,default,com.ss.android.ugc.aweme,discharging,1,29.8,53.6,100,95,1,24.57,0.06,0.03,55,4.044,0.976,3.9469442,27866,15158,0,-
14:11:57.721,snap,default,com.ss.android.ugc.aweme,discharging,1,29.8,53.6,100,95,1,24.57,0.06,0.03,55,4.038,0.99,3.99762,27314,15280,0,-
14:11:58.721,snap,default,com.ss.android.ugc.aweme,discharging,1,29.8,54.8,100,95,1,24.47,0.05,0.02,54,4.04,0.969,3.9147599,27314,15280,0,-
14:11:59.721,snap,default,com.ss.android.ugc.aweme,discharging,1,29.8,54.8,100,95,1,24.47,0.05,0.02,54,4.038,1.019,4.1147223,27990,15620,0,-
14:12:00.722,snap,default,com.ss.android.ugc.aweme,discharging,1,29.8,54.4,100,95,1,24.38,0.04,0.02,54,4.044,0.965,3.90246,27990,15620,0,-
14:12:01.730,snap,default,com.ss.android.ugc.aweme,discharging,1,29.8,54.4,100,95,1,24.38,0.04,0.02,55,4.033,1.174,4.734742,34380,18995,0,-
14:12:02.722,snap,default,com.ss.android.ugc.aweme,discharging,1,29.8,57.4,100,95,1,26.12,0.03,0.01,37,4.023,1.42,5.7126594,34380,18995,0,-
14:12:03.722,snap,default,com.ss.android.ugc.aweme,discharging,1,29.7,57.6,100,95,1,26.12,0.03,0.01,24,4.04,0.936,3.78144,34380,18995,0,-
14:12:04.946,snap,fas,com.tencent.tmgp.sgame,discharging,1,29.7,55.2,100,95,0,25.19,0.03,0.01,52,4.044,0.928,3.752832,34680,16876,0,-
14:12:05.946,snap,fas,com.tencent.tmgp.sgame,discharging,1,29.7,55.2,100,95,0,25.19,0.03,0.01,49,4.048,1.113,4.505424,31234,14605,0,-
14:12:06.947,snap,fas,com.tencent.tmgp.sgame,discharging,1,29.7,57.2,100,95,0,22.8,0.02,0.01,60,4.035,1.124,4.53534,31234,14605,0,-
14:12:07.948,snap,fas,com.tencent.tmgp.sgame,discharging,1,29.7,57.2,100,95,0,22.8,0.02,0.01,59,4.033,1.048,4.226584,29830,10559,0,-
14:12:08.948,snap,fas,com.tencent.tmgp.sgame,discharging,1,29.7,56.8,100,95,0,20.48,0.01,0,50,4.04,0.885,3.5753999,29830,10559,0,-
14:12:09.949,snap,fas,com.tencent.tmgp.sgame,discharging,1,29.7,56,100,95,0,20.48,0.01,0,50,4.046,0.885,3.58071,29830,10559,0,-
14:12:10.948,snap,fas,com.tencent.tmgp.sgame,discharging,1,29.7,56,100,95,0,18.58,0.01,0,50,4.045,1.058,4.27961,24439,6868,0,-
14:12:11.948,snap,fas,com.tencent.tmgp.sgame,discharging,1,29.7,57.6,100,95,0,18.58,0.01,0,55,4.037,1.514,6.1120186,24439,6868,0,-
14:12:12.948,snap,fas,com.tencent.tmgp.sgame,discharging,1,29.8,60.6,100,95,0,21.56,0.19,0.36,38,3.996,1.655,6.61338,44367,17937,0,-
14:12:13.949,snap,fas,com.ss.android.ugc.aweme,discharging,1,29.8,63.5,100,95,0,21.56,0.19,0.36,21,4.041,1.106,4.4693456,44367,17937,0,-
14:12:14.948,snap,fas,com.ss.android.ugc.aweme,discharging,1,29.8,61.1,100,95,0,18.92,0.15,0.3,30,4.038,1.019,4.1147223,30666,12604,0,-
14:12:15.948,snap,fas,com.ss.android.ugc.aweme,discharging,1,29.8,61.1,100,95,0,18.92,0.15,0.3,47,4.04,1.156,4.67024,30666,12604,0,-
14:12:16.948,snap,fas,com.ss.android.ugc.aweme,discharging,1,29.8,63.5,100,95,0,16.76,1.03,0.79,2,4.01,1.221,4.89621,29011,11160,0,-
14:12:17.949,snap,fas,com.ss.android.ugc.aweme,discharging,1,29.8,63.5,100,95,0,16.76,1.03,0.79,2,4.028,1.236,4.9786077,29011,11160,0,-
14:12:18.949,snap,fas,com.ss.android.ugc.aweme,discharging,1,29.8,61.1,100,95,0,14.99,1.75,1,5,4.026,1.084,4.364184,30266,9322,0,-
14:12:19.949,snap,fas,com.ss.android.ugc.aweme,discharging,1,29.8,60.7,100,95,0,14.99,1.75,1,3,4.029,1.106,4.4560738,30266,9322,0,-
14:12:20.949,snap,fas,com.ss.android.ugc.aweme,discharging,1,29.8,59.9,100,95,0,13.36,2.7,1,4,4.043,1.058,4.277494,30864,9963,0,-
14:12:21.949,snap,fas,com.ss.android.ugc.aweme,discharging,1,29.8,60.7,100,95,0,13.36,2.7,1,3,4.041,1.081,4.368321,30864,9963,0,-
14:12:22.950,snap,fas,com.ss.android.ugc.aweme,discharging,1,29.8,61.1,100,95,0,12.21,3.3,1,5,4.033,1.221,4.924293,29523,9959,0,-
14:12:23.950,snap,fas,com.ss.android.ugc.aweme,discharging,1,29.8,61.1,100,95,0,12.21,3.3,1,4,4.027,1.193,4.8042107,29523,9959,0,-
14:12:24.951,snap,fas,com.ss.android.ugc.aweme,discharging,1,29.8,61.1,100,95,0,11.08,4.15,1.18,4,4.021,1.084,4.3587637,30661,10117,0,-
14:12:25.950,snap,fas,com.ss.android.ugc.aweme,discharging,1,29.8,61.1,100,95,0,11.08,4.15,1.18,5,4.037,1.167,4.7111793,30661,10117,0,-
14:12:26.950,snap,fas,com.ss.android.ugc.aweme,discharging,1,29.8,61.9,100,95,0,10.16,4.66,1.33,5,4.036,1.164,4.697904,30748,10476,0,-
14:12:27.951,snap,fas,com.ss.android.ugc.aweme,discharging,1,29.8,61.9,100,95,0,10.16,4.66,1.33,4,4.035,1.211,4.8863845,30748,10476,0,-
14:12:28.950,snap,fas,com.ss.android.ugc.aweme,discharging,1,29.8,61.9,100,95,0,9.59,4.91,1.99,4,4.038,1.272,5.136336,29885,10394,0,-
14:12:29.951,snap,default,com.ss.android.ugc.aweme,discharging,1,29.8,61.5,100,95,1,9.59,4.91,1.99,4,4.029,0.979,3.9443908,29885,10394,0,-
14:12:30.952,snap,default,com.ss.android.ugc.aweme,discharging,1,29.8,61.1,100,95,1,9.84,4.92,2.18,4,4.043,0.936,3.784248,27757,11677,0,-
14:12:31.951,snap,default,com.ss.android.ugc.aweme,discharging,1,29.8,61.1,100,95,1,9.84,4.92,2.18,9,4.04,1.311,5.29644,27757,11677,0,-
14:12:32.953,snap,default,com.ss.android.ugc.aweme,discharging,1,29.9,61.1,100,95,1,10.78,5.12,2.87,18,4.014,1.416,5.683824,35238,16108,0,-
14:12:33.951,snap,default,com.ss.android.ugc.aweme,discharging,1,29.9,63.9,100,95,1,10.78,5.12,2.87,19,4.007,1.932,7.741524,35238,16108,0,-
14:12:34.951,snap,default,com.ss.android.ugc.aweme,discharging,1,29.9,66.9,100,95,1,12.63,5.09,3.8,39,4.014,1.611,6.4665537,35238,16108,0,-
14:12:35.952,snap,default,com.ss.android.ugc.aweme,discharging,1,29.9,68.6,100,95,1,12.63,5.09,3.8,45,4.001,1.423,5.693423,38466,21065,0,-
14:12:36.952,snap,default,com.ss.android.ugc.aweme,discharging,1,29.9,66.3,100,95,1,13.24,5.08,3.47,16,4.04,1.131,4.56924,38466,21065,0,-
14:12:37.953,snap,default,com.ss.android.ugc.aweme,discharging,1,29.9,66.3,100,95,1,13.24,5.08,3.47,7,4.032,1.481,5.9713917,34132,13222,0,-
14:12:38.952,snap,default,com.ss.android.ugc.aweme,discharging,1,29.9,69.3,100,95,1,13.19,4.52,3.57,3,3.995,1.51,6.0324497,34132,13222,0,-
14:12:39.952,snap,default,com.ss.android.ugc.aweme,discharging,1,29.9,72.3,100,95,1,13.19,4.52,3.57,12,4.013,2.005,8.046065,37306,18236,0,-
14:12:40.952,snap,default,com.ss.android.ugc.aweme,discharging,1,29.9,74.2,100,95,1,15.87,3.88,3.1,22,3.999,1.77,7.07823,37306,18236,0,-
14:12:42.544,snap,fas,com.tencent.tmgp.sgame,discharging,1,29.9,72.2,100,95,0,15.87,3.88,3.1,61,4.01,1.745,6.9974504,51875,26256,0,-
14:12:43.544,snap,fas,com.tencent.tmgp.sgame,discharging,1,29.9,73.8,100,95,0,16.8,3.18,2.54,63,4.005,1.557,6.2357855,50279,26631,0,-
14:12:44.544,snap,fas,com.tencent.tmgp.sgame,discharging,1,29.9,71.4,100,95,0,16.8,3.18,2.54,53,4.006,1.745,6.99047,50279,26631,0,-
14:12:45.544,snap,fas,com.tencent.tmgp.sgame,discharging,1,29.9,70.6,100,95,0,16.47,2.78,2.44,64,4.001,1.626,6.505626,49501,23334,0,-
14:12:46.544,snap,fas,com.tencent.tmgp.sgame,discharging,1,29.9,69.4,100,95,0,16.47,2.78,2.44,53,4.013,1.358,5.449654,49501,23334,0,-
14:12:47.545,snap,fas,com.tencent.tmgp.sgame,discharging,1,29.9,67.8,100,95,0,16.03,2.28,2,46,4.015,1.268,5.0910196,45833,21535,0,-
14:12:48.544,snap,fas,com.tencent.tmgp.sgame,discharging,1,29.9,66.3,100,95,0,16.03,2.28,2,37,4.006,1.261,5.051566,45833,21535,0,-
14:12:49.544,snap,fas,com.tencent.tmgp.sgame,discharging,1,29.9,66.3,100,95,0,15.66,1.86,1.63,34,4.016,1.323,5.3131676,45331,21219,0,-
14:12:50.545,snap,fas,com.tencent.tmgp.sgame,discharging,1,29.9,66.3,100,95,0,15.66,1.86,1.63,36,4.023,1.243,5.000589,45331,21219,0,-
14:12:51.545,snap,fas,com.tencent.tmgp.sgame,discharging,1,29.9,66.3,100,95,0,15.36,1.52,1.34,29,4.02,1.279,5.14158,45331,21219,0,-
14:12:52.546,snap,fas,com.tencent.tmgp.sgame,discharging,1,29.9,65.5,100,95,0,15.36,1.52,1.34,40,4.018,1.261,5.066698,46736,22698,0,-
14:12:53.545,snap,fas,com.tencent.tmgp.sgame,discharging,1,30.1,65.1,100,95,0,15.29,1.25,1.09,40,4.022,1.228,4.939016,46736,22698,0,-
14:12:54.545,snap,fas,com.tencent.tmgp.sgame,discharging,1,30.1,65.1,100,95,0,15.29,1.25,1.09,35,4.021,1.243,4.998103,47069,23303,0,-
14:12:55.545,snap,fas,com.tencent.tmgp.sgame,discharging,1,30.1,63.9,100,95,0,15.24,1.02,0.89,38,4.025,1.153,4.6408253,47069,23303,0,-
14:12:56.545,snap,fas,com.tencent.tmgp.sgame,discharging,1,30.1,63.9,100,95,0,15.24,1.02,0.89,28,4.025,1.135,4.568375,41274,18311,0,-
14:12:57.546,snap,fas,com.tencent.tmgp.sgame,discharging,1,30.1,65.1,100,95,0,15.01,0.83,0.73,35,4.025,1.178,4.74145,41274,18311,0,-
14:12:58.546,snap,fas,com.tencent.tmgp.sgame,discharging,1,30.1,65.1,100,95,0,15.01,0.83,0.73,32,4.024,1.221,4.913304,45292,21712,0,-
14:12:59.546,snap,fas,com.tencent.tmgp.sgame,discharging,1,30.1,65.1,100,95,0,14.83,0.68,0.6,39,4.027,1.221,4.916967,45292,21712,0,-
14:13:00.546,snap,fas,com.tencent.tmgp.sgame,discharging,1,30.1,63.9,100,95,0,14.83,0.68,0.6,32,4.017,1.232,4.948944,48053,24093,0,-
14:13:01.546,snap,fas,com.tencent.tmgp.sgame,discharging,1,30.1,64.3,100,95,0,14.86,0.56,0.49,33,4.021,1.247,5.014187,48053,24093,0,-
14:13:02.546,snap,fas,com.tencent.tmgp.sgame,discharging,1,30.1,64.3,100,95,0,14.86,0.56,0.49,34,4.022,1.178,4.7379155,45042,21355,0,-
14:13:03.546,snap,fas,com.tencent.tmgp.sgame,discharging,1,30.2,64.3,100,95,0,14.7,0.45,0.4,32,4.028,1.178,4.7449837,45042,21355,0,-
14:13:04.547,snap,fas,com.tencent.tmgp.sgame,discharging,1,30.2,63.5,100,95,0,14.7,0.45,0.4,34,4.023,1.141,4.590243,44679,21169,0,-
14:13:05.546,snap,fas,com.tencent.tmgp.sgame,discharging,1,30.2,63.5,100,95,0,14.75,0.37,0.33,28,4.03,1.247,5.02541,44679,21169,0,-
14:13:06.546,snap,fas,com.tencent.tmgp.sgame,discharging,1,30.2,64.3,100,95,0,14.75,0.37,0.33,28,4.03,1.139,4.5901704,43210,20310,0,-
14:13:07.547,snap,fas,com.tencent.tmgp.sgame,discharging,1,30.2,66.3,100,95,0,14.8,0.3,0.27,29,4.017,1.301,5.226117,43210,20310,0,-
14:13:08.547,snap,fas,com.tencent.tmgp.sgame,discharging,1,30.2,67.8,100,95,0,14.8,0.3,0.27,33,4.021,1.406,5.653526,50432,26173,0,-
14:13:09.547,snap,fas,com.tencent.tmgp.sgame,discharging,1,30.2,68.6,100,95,0,15.02,0.25,0.22,37,4.016,1.495,6.0039196,50432,26173,0,-
14:13:10.547,snap,fas,com.tencent.tmgp.sgame,discharging,1,30.2,68.6,100,95,0,15.02,0.25,0.22,40,4.009,1.521,6.0976887,50176,25885,0,-
14:13:11.547,snap,fas,com.tencent.tmgp.sgame,discharging,1,30.2,68.6,100,95,0,14.83,0.2,0.18,42,4.01,1.528,6.12728,50176,25885,0,-
14:13:12.547,snap,fas,com.tencent.tmgp.sgame,discharging,1,30.2,69.4,100,95,0,14.83,0.2,0.18,45,4.021,1.568,6.304928,50503,25719,0,-
14:13:13.547,snap,fas,com.tencent.tmgp.sgame,discharging,1,30.2,69.8,100,95,0,14.86,0.16,0.14,44,4.005,1.51,6.04755,50503,25719,0,-
14:13:14.547,snap,fas,com.tencent.tmgp.sgame,discharging,1,30.2,69.8,100,95,0,14.86,0.16,0.14,39,4.013,1.478,5.9312143,51824,26952,0,-
14:13:15.547,snap,fas,com.tencent.tmgp.sgame,discharging,1,30.2,69.4,100,95,0,14.89,0.13,0.12,40,4.014,1.466,5.884524,51824,26952,0,-
14:13:16.548,snap,fas,com.tencent.tmgp.sgame,discharging,1,30.2,69.4,100,95,0,14.89,0.13,0.12,40,4.013,1.402,5.626226,51824,26952,0,-
14:13:17.548,snap,fas,com.tencent.tmgp.sgame,discharging,1,30.2,69.4,100,95,0,14.91,0.11,0.09,34,4.022,1.456,5.8560314,50488,26500,0,-
14:13:18.548,snap,fas,com.tencent.tmgp.sgame,discharging,1,30.2,69.4,100,95,0,14.91,0.11,0.09,39,4.018,1.412,5.673416,50488,26500,0,-
14:13:19.549,snap,fas,com.tencent.tmgp.sgame,discharging,1,30.2,69.4,100,95,0,14.92,0.09,0.08,41,4.013,1.46,5.85898,50654,26614,0,-
14:13:20.549,snap,fas,com.tencent.tmgp.sgame,discharging,1,30.2,69.4,100,95,0,14.92,0.09,0.08,41,4.015,1.431,5.745465,50654,26614,0,-
14:13:21.549,snap,fas,com.tencent.tmgp.sgame,discharging,1,30.2,69,100,95,0,14.75,0.07,0.06,39,4.013,1.42,5.6984596,49763,25591,0,-
14:13:22.548,snap,fas,com.tencent.tmgp.sgame,discharging,1,30.2,69,100,95,0,14.75,0.07,0.06,39,4.022,1.402,5.6388435,49763,25591,0,-
14:13:23.549,snap,fas,com.tencent.tmgp.sgame,discharging,1,30.3,69,100,95,0,14.62,0.06,0.05,38,4.017,1.416,5.688072,50883,26945,0,-
14:13:24.549,snap,fas,com.tencent.tmgp.sgame,discharging,1,30.3,69,100,95,0,14.62,0.06,0.05,38,4.007,1.445,5.7901154,50883,26945,0,-
14:13:25.549,snap,fas,com.tencent.tmgp.sgame,discharging,1,30.3,69,100,95,0,14.68,0.04,0.04,40,4.013,1.409,5.6543174,50835,26833,0,-
14:13:26.549,snap,fas,com.tencent.tmgp.sgame,discharging,1,30.3,69.4,100,95,0,14.68,0.04,0.04,38,4.015,1.55,6.2232494,50835,26833,0,-
14:13:27.549,snap,fas,com.tencent.tmgp.sgame,discharging,1,30.3,70.2,100,95,0,14.92,0.04,0.03,40,4.012,1.423,5.709076,50908,26629,0,-
14:13:28.549,snap,fas,com.tencent.tmgp.sgame,discharging,1,30.3,70.2,100,95,0,14.92,0.04,0.03,39,4.013,1.47,5.8991103,50908,26629,0,-
14:13:29.550,snap,fas,com.tencent.tmgp.sgame,discharging,1,30.3,70.2,100,95,0,14.94,0.03,0.02,40,4.014,1.438,5.772132,50998,26904,0,-
14:13:30.550,snap,fas,com.tencent.tmgp.sgame,discharging,1,30.3,70.2,100,95,0,14.94,0.03,0.02,40,4.002,1.435,5.7428694,50998,26904,0,-
14:13:31.550,snap,fas,com.tencent.tmgp.sgame,discharging,1,30.3,71,100,95,0,14.95,0.02,0.02,37,4.014,1.466,5.884524,50980,26691,0,-
14:13:32.550,snap,fas,com.tencent.tmgp.sgame,discharging,1,30.3,71.4,100,95,0,14.95,0.02,0.02,46,4.006,1.561,6.253366,50980,26691,0,-
14:13:33.550,snap,fas,com.tencent.tmgp.sgame,discharging,1,30.4,71.8,100,95,0,14.77,0.02,0.01,45,4.01,1.557,6.2435703,51566,27406,0,-
14:13:34.550,snap,fas,com.tencent.tmgp.sgame,discharging,1,30.4,71.8,100,95,0,14.77,0.02,0.01,43,4.007,1.536,6.154752,51566,27406,0,-
14:13:35.550,snap,fas,com.tencent.tmgp.sgame,discharging,1,30.4,69.8,100,95,0,14.81,0.01,0.01,38,4.01,1.427,5.7222705,51041,26777,0,-
14:13:36.551,snap,fas,com.tencent.tmgp.sgame,discharging,1,30.4,69.8,100,95,0,14.81,0.01,0.01,35,4.001,1.366,5.4653664,51041,26777,0,-
14:13:37.551,snap,fas,com.tencent.tmgp.sgame,discharging,1,30.4,69.8,100,95,0,14.85,0.19,0.01,34,3.999,1.493,5.970507,52472,27050,0,-
14:13:38.550,snap,fas,com.tencent.tmgp.sgame,discharging,1,30.4,71.8,100,95,0,14.85,0.19,0.01,41,4.008,1.521,6.096168,52472,27050,0,-
14:13:39.551,snap,fas,com.tencent.tmgp.sgame,discharging,1,30.4,71.8,100,95,0,14.87,0.16,0,41,4.007,1.539,6.1667733,53063,27598,0,-
14:13:40.551,snap,fas,com.tencent.tmgp.sgame,discharging,1,30.4,71.8,100,95,0,14.87,0.16,0,45,4.009,1.607,6.442463,53063,27598,0,-
14:13:41.551,snap,fas,com.tencent.tmgp.sgame,discharging,1,30.4,73,100,95,0,15.62,0.49,0,43,4.008,1.77,7.0941596,53679,25922,0,-
14:13:42.551,snap,fas,com.tencent.tmgp.sgame,discharging,1,30.4,74.2,100,95,0,15.62,0.49,0,56,3.998,1.64,6.55672,53679,25922,0,-
14:13:43.551,snap,fas,com.tencent.tmgp.sgame,discharging,1,30.5,73,100,95,0,15.14,0.4,0,59,3.999,1.655,6.618345,53679,25922,0,-
14:13:44.551,snap,fas,com.tencent.tmgp.sgame,discharging,1,30.5,73,100,95,0,15.14,0.4,0,48,4.008,1.524,6.108192,52160,26849,0,-
14:13:45.552,snap,fas,com.tencent.tmgp.sgame,discharging,1,30.5,72.6,100,95,0,15.3,0.33,0,41,4.008,1.727,6.921816,52160,26849,0,-
14:13:46.552,snap,fas,com.tencent.tmgp.sgame,discharging,1,30.5,72.6,100,95,0,15.3,0.33,0,45,4.014,1.489,5.9768457,49133,24466,0,-
14:13:47.551,snap,fas,com.tencent.tmgp.sgame,discharging,1,30.5,70.6,100,95,0,15.24,0.27,0,36,4.008,1.394,5.587152,49133,24466,0,-
14:13:48.553,snap,fas,com.tencent.tmgp.sgame,discharging,1,30.5,70.6,100,95,0,15.24,0.27,0,36,4.012,1.46,5.85752,50421,26749,0,-
14:13:49.552,snap,fas,com.tencent.tmgp.sgame,discharging,1,30.5,70.6,100,95,0,15.38,0.22,0,33,4.011,1.394,5.5913343,50421,26749,0,-
14:13:50.552,snap,fas,com.tencent.tmgp.sgame,discharging,1,30.5,69.8,100,95,0,15.38,0.22,0,34,4.005,1.391,5.5709553,49091,25745,0,-
14:13:51.552,snap,fas,com.tencent.tmgp.sgame,discharging,1,30.5,69.4,100,95,0,15.31,0.18,0,36,4.012,1.409,5.6529083,49091,25745,0,-
14:13:52.552,snap,fas,com.tencent.tmgp.sgame,discharging,1,30.5,69.4,100,95,0,15.31,0.18,0,40,4.012,1.406,5.640872,48545,24318,0,-
14:13:53.553,snap,fas,com.tencent.tmgp.sgame,discharging,1,30.6,69.4,100,95,0,15.07,0.14,0,37,4.006,1.485,5.94891,48545,24318,0,-
14:13:54.553,snap,fas,com.tencent.tmgp.sgame,discharging,1,30.6,70.2,100,95,0,15.07,0.14,0,38,4.009,1.431,5.736879,49830,26074,0,-
14:13:55.553,snap,fas,com.tencent.tmgp.sgame,discharging,1,30.6,69.4,100,95,0,15.24,0.12,0,42,4.011,1.423,5.707653,49830,26074,0,-
14:13:56.553,snap,fas,com.tencent.tmgp.sgame,discharging,1,30.6,69.8,100,95,0,15.24,0.12,0,33,4.011,1.366,5.4790263,49556,26038,0,-
14:13:57.553,snap,fas,com.tencent.tmgp.sgame,discharging,1,30.6,68.6,100,95,0,15.38,0.09,0,33,4.012,1.34,5.37608,49556,26038,0,-
14:13:58.555,snap,fas,com.tencent.tmgp.sgame,discharging,1,30.6,69.8,100,95,0,15.38,0.09,0,32,4.012,1.394,5.592728,50984,26812,0,-
14:13:59.553,snap,fas,com.tencent.tmgp.sgame,discharging,1,30.6,71,100,95,0,15.31,0.08,0,41,4.004,1.55,6.2062,50984,26812,0,-
14:14:00.553,snap,fas,com.tencent.tmgp.sgame,discharging,1,30.6,71.8,100,95,0,15.31,0.08,0,41,4.006,1.536,6.153216,50825,26441,0,-
14:14:01.553,snap,fas,com.tencent.tmgp.sgame,discharging,1,30.6,71.8,100,95,0,15.07,0.06,0,42,4.002,1.543,6.1750855,50825,26441,0,-
14:14:02.556,snap,fas,com.tencent.tmgp.sgame,discharging,1,30.6,71.4,100,95,0,15.07,0.06,0,40,4.002,1.503,6.015006,50967,26059,0,-
14:14:03.553,snap,fas,com.tencent.tmgp.sgame,discharging,1,30.7,71,100,95,0,14.87,0.05,0,37,4.007,1.423,5.701961,50967,26059,0,-
14:14:04.553,snap,fas,com.tencent.tmgp.sgame,discharging,1,30.7,70.2,100,95,0,14.87,0.05,0,35,4.015,1.412,5.6691794,49609,25884,0,-
14:14:05.554,snap,fas,com.tencent.tmgp.sgame,discharging,1,30.7,67.2,100,95,0,14.9,0.04,0,34,4.002,1.294,5.178588,49609,25884,0,-
14:14:06.554,snap,fas,com.tencent.tmgp.sgame,discharging,1,30.7,66.7,100,95,0,14.9,0.04,0,31,4.023,1.141,4.590243,33856,13290,0,-
14:14:07.554,snap,fas,com.tencent.tmgp.sgame,discharging,1,30.7,65.9,100,95,0,14.19,0.03,0,39,4.012,1.185,4.75422,33856,13290,0,-
14:14:08.554,snap,fas,com.tencent.tmgp.sgame,discharging,1,30.7,65.9,100,95,0,14.19,0.03,0,43,4.02,1.232,4.95264,33856,13290,0,-
14:14:09.555,snap,fas,com.tencent.tmgp.sgame,discharging,1,30.7,68.9,100,95,0,13.79,0.02,0,36,4.009,1.282,5.1395373,35799,14429,0,-
14:14:10.554,snap,fas,com.tencent.tmgp.sgame,discharging,1,30.7,69,100,95,0,13.79,0.02,0,35,4.008,1.42,5.6913595,35799,14429,0,-
14:14:11.555,snap,fas,com.tencent.tmgp.sgame,discharging,1,30.7,69.4,100,95,0,14.01,0.02,0,38,4.007,1.431,5.734017,50536,26120,0,-
14:14:12.554,snap,fas,com.tencent.tmgp.sgame,discharging,1,30.7,68.6,100,95,0,14.01,0.02,0,40,4.008,1.42,5.6913595,50536,26120,0,-
14:14:13.555,snap,fas,com.tencent.tmgp.sgame,discharging,1,30.8,68.6,100,95,0,14.19,0.01,0,40,4.014,1.391,5.583474,49136,24828,0,-
14:14:14.555,snap,fas,com.tencent.tmgp.sgame,discharging,1,30.8,68.6,100,95,0,14.19,0.01,0,34,4.008,1.384,5.5470715,49136,24828,0,-
14:14:15.555,snap,fas,com.tencent.tmgp.sgame,discharging,1,30.8,68.6,100,95,0,14.52,0.01,0,33,4.003,1.38,5.52414,51042,27126,0,-
14:14:16.555,snap,fas,com.tencent.tmgp.sgame,discharging,1,30.8,68.6,100,95,0,14.52,0.01,0,34,4.009,1.391,5.576519,51042,27126,0,-
14:14:17.555,snap,fas,com.tencent.tmgp.sgame,discharging,1,30.8,68.6,100,95,0,14.78,0.01,0,36,4.012,1.398,5.608776,51148,26752,0,-
14:14:18.555,snap,fas,com.tencent.tmgp.sgame,discharging,1,30.8,69.4,100,95,0,14.78,0.01,0,36,4.001,1.51,6.0415096,51148,26752,0,-
14:14:19.556,snap,fas,com.tencent.tmgp.sgame,discharging,1,30.8,70.2,100,95,0,15,0,0,36,4.009,1.456,5.837104,52042,27734,0,-
14:14:20.556,snap,fas,com.tencent.tmgp.sgame,discharging,1,30.8,69.8,100,95,0,15,0,0,35,4.009,1.441,5.7769685,52042,27734,0,-
14:14:21.556,snap,fas,com.tencent.tmgp.sgame,discharging,1,30.8,69.8,100,95,0,15.36,0,0,35,4.008,1.435,5.7514796,51276,26925,0,-
14:14:22.556,snap,fas,com.tencent.tmgp.sgame,discharging,1,30.8,69.4,100,95,0,15.36,0,0,36,4.01,1.369,5.4896903,51276,26925,0,-
14:14:23.556,snap,fas,com.tencent.tmgp.sgame,discharging,1,30.9,69,100,95,0,15.3,0,0,36,4.006,1.402,5.6164117,50668,26623,0,-
14:14:24.556,snap,fas,com.tencent.tmgp.sgame,discharging,1,30.9,69,100,95,0,15.3,0,0,34,4.01,1.362,5.4616203,50668,26623,0,-
14:14:25.559,snap,fas,com.tencent.tmgp.sgame,discharging,1,30.9,69,100,95,0,15.42,0,0,35,4.009,1.373,5.504357,50613,26921,0,-
14:14:26.558,snap,fas,com.tencent.tmgp.sgame,discharging,1,30.9,69,100,95,0,15.42,0,0,36,4.009,1.384,5.5484557,50613,26921,0,-
14:14:27.560,snap,fas,com.tencent.tmgp.sgame,discharging,1,30.9,67.8,100,95,0,15.35,0,0,34,4.008,1.348,5.402784,49627,25782,0,-
14:14:28.559,snap,fas,com.tencent.tmgp.sgame,discharging,1,30.9,67.8,100,95,0,15.35,0,0,36,4.011,1.394,5.5913343,49627,25782,0,-
14:14:29.559,snap,fas,com.tencent.tmgp.sgame,discharging,1,30.9,70.2,100,95,0,15.28,0,0,36,4.008,1.412,5.6592956,50419,25401,0,-
14:14:30.559,snap,fas,com.tencent.tmgp.sgame,discharging,1,30.9,70.6,100,95,0,15.28,0,0,37,4.01,1.412,5.66212,50419,25401,0,-
14:14:31.559,snap,fas,com.tencent.tmgp.sgame,discharging,1,30.9,70.6,100,95,0,15.05,0,0,35,4.005,1.438,5.75919,50474,26723,0,-
14:14:32.560,snap,fas,com.tencent.tmgp.sgame,discharging,1,30.9,69.4,100,95,0,15.05,0,0,33,4.008,1.362,5.4588957,50474,26723,0,-
14:14:33.559,snap,fas,com.tencent.tmgp.sgame,discharging,1,30.9,69.4,100,95,0,15.22,0,0,34,4.012,1.366,5.4803925,48759,24384,0,-
14:14:34.560,snap,fas,com.tencent.tmgp.sgame,discharging,1,30.9,69.4,100,95,0,15.22,0,0,40,4.007,1.406,5.633842,48759,24384,0,-
14:14:35.560,snap,fas,com.tencent.tmgp.sgame,discharging,1,30.9,70.2,100,95,0,15,0,0,40,3.997,1.532,6.1234035,48759,24384,0,-
14:14:36.559,snap,fas,com.tencent.tmgp.sgame,discharging,1,30.9,71,100,95,0,15,0,0,42,4.005,1.51,6.04755,48139,23983,0,-
14:14:37.560,snap,fas,com.tencent.tmgp.sgame,discharging,1,30.9,72.6,100,95,0,14.63,0,0,46,4.001,1.651,6.605651,48139,23983,0,-
14:14:38.560,snap,fas,com.tencent.tmgp.sgame,discharging,1,30.9,73.8,100,95,0,14.63,0,0,49,3.997,1.633,6.527101,50162,26465,0,-
14:14:39.560,snap,fas,com.tencent.tmgp.sgame,discharging,1,30.9,74.2,100,95,0,14.52,0,0,51,3.995,1.629,6.5078545,50162,26465,0,-
14:14:40.563,snap,fas,com.tencent.tmgp.sgame,discharging,1,30.9,74.2,100,95,0,14.52,0,0,59,3.99,1.698,6.7750196,49657,25710,0,-
14:14:41.560,snap,fas,com.tencent.tmgp.sgame,discharging,1,30.9,76.1,100,95,0,14.42,0,0,72,3.994,1.824,7.285056,49657,25710,0,-
14:14:42.560,snap,fas,com.tencent.tmgp.sgame,discharging,1,30.9,78.1,100,95,0,14.42,0,0,77,3.992,1.832,7.3133445,51057,25894,0,-
14:14:43.561,snap,fas,com.tencent.tmgp.sgame,discharging,1,31,78.5,100,95,0,14.16,0,0,72,3.984,1.806,7.195104,51057,25894,0,-
14:14:44.561,snap,fas,com.tencent.tmgp.sgame,discharging,1,31,78.5,100,95,0,14.16,0,0,60,3.989,1.691,6.745399,52250,26912,0,-
14:14:45.561,snap,fas,com.tencent.tmgp.sgame,discharging,1,31,75.5,100,95,0,13.95,0,0,58,3.995,1.64,6.5518,52250,26912,0,-
14:14:46.561,snap,fas,com.tencent.tmgp.sgame,discharging,1,31,73,100,95,0,13.95,0,0,55,3.987,1.557,6.2077594,46538,21618,0,-
14:14:47.561,snap,fas,com.tencent.tmgp.sgame,discharging,1,31,72.6,100,95,0,13.24,0,0,42,4.006,1.319,5.283914,46538,21618,0,-
14:14:48.561,snap,fas,com.tencent.tmgp.sgame,discharging,1,31,72.6,100,95,0,13.24,0,0,43,4.01,1.47,5.8947005,44155,19842,0,-
14:14:49.561,snap,fas,com.tencent.tmgp.sgame,discharging,1,31,72.6,100,95,0,13.55,0,0,50,3.994,1.662,6.6380277,44155,19842,0,-
14:14:50.562,snap,fas,com.tencent.tmgp.sgame,discharging,1,31,73.8,100,95,0,13.55,0,0,48,3.996,1.593,6.3656282,49791,25283,0,-
14:14:51.562,snap,fas,com.tencent.tmgp.sgame,discharging,1,31,72.2,100,95,0,13.63,0,0,45,3.993,1.593,6.3608494,49791,25283,0,-
14:14:52.561,snap,fas,com.tencent.tmgp.sgame,discharging,1,31,73.8,100,95,0,13.63,0,0,43,3.998,1.564,6.252872,49536,25168,0,-
14:14:53.562,snap,fas,com.tencent.tmgp.sgame,discharging,1,31.1,73.8,100,95,0,13.7,0,0,47,4,1.607,6.428,49536,25168,0,-
14:14:54.564,snap,fas,com.tencent.tmgp.sgame,discharging,1,31.1,74.9,100,95,0,13.7,0,0,48,3.997,1.636,6.539092,52121,27997,0,-
14:14:55.562,snap,fas,com.tencent.tmgp.sgame,discharging,1,31.1,73.8,100,95,0,14.12,0,0,45,3.997,1.493,5.967521,52121,27997,0,-
14:14:56.562,snap,fas,com.tencent.tmgp.sgame,discharging,1,31.1,74.2,100,95,0,14.12,0,0,43,4,1.493,5.972,49162,25509,0,-
14:14:57.563,snap,fas,com.tencent.tmgp.sgame,discharging,1,31.1,74.2,100,95,0,14.09,0,0,53,3.994,1.619,6.4662857,49162,25509,0,-
14:14:58.562,snap,fas,com.tencent.tmgp.sgame,discharging,1,31.1,75.7,100,95,0,14.09,0,0,55,3.983,1.702,6.779066,54052,27842,0,-
14:14:59.562,snap,fas,com.tencent.tmgp.sgame,discharging,1,31.1,75.7,100,95,0,14.8,0,0,47,3.987,1.791,7.140717,54052,27842,0,-
14:15:00.563,snap,fas,com.tencent.tmgp.sgame,discharging,1,31.1,76.1,100,95,0,14.8,0,0,41,3.991,1.648,6.577168,54052,27842,0,-
14:15:01.562,snap,fas,com.tencent.tmgp.sgame,discharging,1,31.1,77.3,100,95,0,14.84,0,0,51,3.993,1.719,6.863967,51474,27483,0,-
14:15:02.563,snap,fas,com.tencent.tmgp.sgame,discharging,1,31.1,77.3,100,95,0,14.84,0,0,53,3.981,1.673,6.660213,51474,27483,0,-
14:15:03.563,snap,fas,com.tencent.tmgp.sgame,discharging,1,31.2,76.1,100,95,0,15.05,0,0,58,3.991,1.781,7.107971,54366,28961,0,-
14:15:04.563,snap,fas,com.tencent.tmgp.sgame,discharging,1,31.2,76.1,100,95,0,15.05,0,0,56,3.984,1.694,6.748896,54366,28961,0,-
14:15:05.563,snap,fas,com.tencent.tmgp.sgame,discharging,1,31.2,74.9,100,95,0,15.04,0,0,47,3.996,1.543,6.165828,50477,27456,0,-
14:15:06.563,snap,fas,com.tencent.tmgp.sgame,discharging,1,31.2,73.4,100,95,0,15.04,0,0,42,3.996,1.503,6.005988,50477,27456,0,-
14:15:07.563,snap,fas,com.tencent.tmgp.sgame,discharging,1,31.2,73.4,100,95,0,15.21,0,0,43,4,1.445,5.78,50924,27676,0,-
14:15:08.564,snap,fas,com.tencent.tmgp.sgame,discharging,1,31.2,73,100,95,0,15.21,0,0,46,3.997,1.503,6.007491,50924,27676,0,-
14:15:09.564,snap,fas,com.tencent.tmgp.sgame,discharging,1,31.2,73,100,95,0,15.17,0,0,45,4.001,1.499,5.9974985,50058,26800,0,-
14:15:10.563,snap,fas,com.tencent.tmgp.sgame,discharging,1,31.2,73,100,95,0,15.17,0,0,34,4,1.38,5.52,50058,26800,0,-
14:15:11.564,snap,fas,com.tencent.tmgp.sgame,discharging,1,31.2,72.6,100,95,0,14.96,0,0,33,4.002,1.394,5.578788,47015,24564,0,-
14:15:12.564,snap,fas,com.tencent.tmgp.sgame,discharging,1,31.2,72.6,100,95,0,14.96,0,0,32,4.005,1.402,5.61501,47015,24564,0,-
14:15:13.565,snap,fas,com.tencent.tmgp.sgame,discharging,1,31.3,72.6,100,95,0,15.15,0,0,34,4.001,1.358,5.433358,50905,27376,0,-
14:15:14.565,snap,fas,com.tencent.tmgp.sgame,discharging,1,31.3,70.2,100,95,0,15.15,0,0,34,4.001,1.427,5.709427,50905,27376,0,-
14:15:15.565,snap,fas,com.tencent.tmgp.sgame,discharging,1,31.3,68.6,100,95,0,14.76,0,0.18,35,4.006,1.279,5.1236744,37707,16369,0,-
14:15:16.565,snap,fas,com.tencent.tmgp.sgame,discharging,1,31.3,67.1,100,95,0,14.76,0,0.18,34,4.01,1.207,4.8400702,37707,16369,0,-
14:15:17.565,snap,fas,com.tencent.tmgp.sgame,discharging,1,31.3,67.1,100,95,0,14.07,0,0.14,35,3.998,1.193,4.7696137,33081,12744,0,-
14:15:18.565,snap,fas,com.tencent.tmgp.sgame,discharging,1,31.3,68.2,100,95,0,14.07,0,0.14,37,4.009,1.315,5.271835,33081,12744,0,-
14:15:19.565,snap,fas,com.tencent.tmgp.sgame,discharging,1,31.3,69,100,95,0,14.42,2.35,2.29,42,3.996,1.507,6.021972,38452,15340,0,-
14:15:20.566,snap,fas,com.tencent.tmgp.sgame,discharging,1,31.3,69.8,100,95,0,14.42,2.35,2.29,49,3.996,1.358,5.426568,38452,15340,0,-
14:15:21.566,snap,fas,com.tencent.tmgp.sgame,discharging,1,31.3,70.2,100,95,0,14.16,1.92,1.87,44,4.006,1.38,5.5282803,39154,16630,0,-
14:15:22.566,snap,fas,com.tencent.tmgp.sgame,discharging,1,31.3,70.2,100,95,0,14.16,1.92,1.87,43,3.998,1.34,5.35732,39154,16630,0,-
14:15:23.566,snap,fas,com.tencent.tmgp.sgame,discharging,1,31.4,71.4,100,95,0,13.77,1.57,1.53,44,4.005,1.391,5.5709553,45481,22095,0,-
14:15:24.566,snap,fas,com.tencent.tmgp.sgame,discharging,1,31.4,71.8,100,95,0,13.77,1.57,1.53,44,3.996,1.521,6.077916,45481,22095,0,-
14:15:25.566,snap,fas,com.tencent.tmgp.sgame,discharging,1,31.4,73,100,95,0,13.99,1.29,1.25,47,3.998,1.604,6.4127917,49942,25847,0,-
14:15:26.567,snap,fas,com.tencent.tmgp.sgame,discharging,1,31.4,75.3,100,95,0,13.99,1.29,1.25,50,3.985,1.655,6.595175,49942,25847,0,-
14:15:27.566,snap,fas,com.tencent.tmgp.sgame,discharging,1,31.4,76.1,100,95,0,14.54,1.23,1.03,58,3.985,1.824,7.26864,49942,25847,0,-
14:15:28.566,snap,fas,com.tencent.tmgp.sgame,discharging,1,31.4,76.9,100,95,0,14.54,1.23,1.03,48,3.982,1.727,6.876914,53400,28153,0,-
14:15:29.567,snap,fas,com.tencent.tmgp.sgame,discharging,1,31.4,77.3,100,95,0,14.62,1.01,0.84,45,3.989,1.636,6.5260043,53400,28153,0,-
14:15:30.567,snap,fas,com.tencent.tmgp.sgame,discharging,1,31.4,77.7,100,95,0,14.62,1.01,0.84,57,3.992,1.706,6.810352,52240,28078,0,-
14:15:31.567,snap,fas,com.tencent.tmgp.sgame,discharging,1,31.4,77.3,100,95,0,14.51,0.83,0.69,72,3.979,1.832,7.2895284,52240,28078,0,-
14:15:32.567,snap,fas,com.tencent.tmgp.sgame,discharging,1,31.4,76.1,100,95,0,14.51,0.83,0.69,65,3.982,1.777,7.076014,49990,25429,0,-
14:15:33.567,snap,fas,com.tencent.tmgp.sgame,discharging,1,31.4,76.1,100,95,0,14.23,0.67,0.56,54,3.985,1.716,6.8382597,49990,25429,0,-
14:15:34.567,snap,fas,com.tencent.tmgp.sgame,discharging,1,31.4,76.9,100,95,0,14.23,0.67,0.56,55,3.992,1.669,6.662648,51467,25861,0,-
14:15:35.570,snap,fas,com.tencent.tmgp.sgame,discharging,1,31.4,76.9,100,95,0,14.19,0.55,0.46,62,3.985,1.799,7.169015,51467,25861,0,-
14:15:36.568,snap,fas,com.tencent.tmgp.sgame,discharging,1,31.4,76.1,100,95,0,14.19,0.55,0.46,55,3.984,1.734,6.9082556,52494,27117,0,-
14:15:37.568,snap,fas,com.tencent.tmgp.sgame,discharging,1,31.4,75.7,100,95,0,14.15,0.45,0.37,50,3.975,1.662,6.6064496,52494,27117,0,-
14:15:38.568,snap,fas,com.tencent.tmgp.sgame,discharging,1,31.4,75.7,100,95,0,14.15,0.45,0.37,44,3.987,1.611,6.4230566,51586,27032,0,-
14:15:39.568,snap,fas,com.tencent.tmgp.sgame,discharging,1,31.4,76.1,100,95,0,14.31,0.37,0.31,44,3.986,1.611,6.421446,51586,27032,0,-
14:15:40.569,snap,fas,com.tencent.tmgp.sgame,discharging,1,31.4,76.1,100,95,0,14.31,0.37,0.31,44,3.993,1.629,6.5045967,50905,26828,0,-
14:15:41.568,snap,fas,com.tencent.tmgp.sgame,discharging,1,31.4,74.9,100,95,0,14.43,0.3,0.25,38,3.991,1.557,6.213987,50905,26828,0,-
14:15:42.569,snap,fas,com.tencent.tmgp.sgame,discharging,1,31.4,73.4,100,95,0,14.43,0.3,0.25,34,3.99,1.304,5.20296,42820,18990,0,-
14:15:43.569,snap,fas,com.tencent.tmgp.sgame,discharging,1,31.6,72.2,100,95,0,14.17,0.24,0.2,34,4,1.265,5.06,42820,18990,0,-
14:15:44.569,snap,fas,com.tencent.tmgp.sgame,discharging,1,31.6,72.2,100,95,0,14.17,0.24,0.2,47,4,1.485,5.94,45445,22420,0,-
14:15:45.568,snap,fas,com.tencent.tmgp.sgame,discharging,1,31.6,74.9,100,95,0,14.5,0.2,0.16,63,3.988,1.648,6.5722237,45445,22420,0,-
14:15:46.569,snap,fas,com.tencent.tmgp.sgame,discharging,1,31.6,74.9,100,95,0,14.5,0.2,0.16,52,3.989,1.586,6.326554,51339,26656,0,-
14:15:47.569,snap,fas,com.tencent.tmgp.sgame,discharging,1,31.6,74.6,100,95,0,14.59,0.16,0.13,50,3.99,1.626,6.48774,51339,26656,0,-
14:15:48.570,snap,fas,com.tencent.tmgp.sgame,discharging,1,31.6,74.2,100,95,0,14.59,0.16,0.13,50,3.988,1.597,6.368836,51529,26656,0,-
14:15:49.569,snap,fas,com.tencent.tmgp.sgame,discharging,1,31.6,74.6,100,95,0,14.48,0.13,0.11,55,3.986,1.644,6.552984,51529,26656,0,-
14:15:50.569,snap,fas,com.tencent.tmgp.sgame,discharging,1,31.6,76.1,100,95,0,14.48,0.13,0.11,52,3.984,1.669,6.6492963,50288,26340,0,-
14:15:51.569,snap,fas,com.tencent.tmgp.sgame,discharging,1,31.6,76.1,100,95,0,14.39,0.11,0.09,46,3.983,1.644,6.5480523,50288,26340,0,-
14:15:52.569,snap,fas,com.tencent.tmgp.sgame,discharging,1,31.6,76.1,100,95,0,14.39,0.11,0.09,46,3.989,1.633,6.514037,50288,26340,0,-
14:15:53.570,snap,fas,com.tencent.tmgp.sgame,discharging,1,31.6,75.3,100,95,0,14.5,0.09,0.07,45,3.99,1.673,6.67527,51589,26727,0,-
14:15:54.570,snap,fas,com.tencent.tmgp.sgame,discharging,1,31.6,76.1,100,95,0,14.5,0.09,0.07,43,3.983,1.633,6.504239,51589,26727,0,-
14:15:55.570,snap,fas,com.tencent.tmgp.sgame,discharging,1,31.6,75.3,100,95,0,14.59,0.07,0.06,39,3.986,1.582,6.305852,52452,27690,0,-
14:15:56.571,snap,fas,com.tencent.tmgp.sgame,discharging,1,31.6,74.6,100,95,0,14.59,0.07,0.06,38,3.99,1.466,5.84934,52452,27690,0,-
14:15:57.571,snap,fas,com.tencent.tmgp.sgame,discharging,1,31.6,72.6,100,95,0,14.12,0.06,0.05,41,3.982,1.452,5.781864,44617,21045,0,-
14:15:58.571,snap,fas,com.tencent.tmgp.sgame,discharging,1,31.6,72.6,100,95,0,14.12,0.06,0.05,39,3.995,1.46,5.8327,44617,21045,0,-
14:15:59.571,snap,fas,com.tencent.tmgp.sgame,discharging,1,31.6,72.6,100,95,0,13.92,0.04,0.04,39,3.992,1.485,5.92812,48926,24429,0,-
14:16:00.571,snap,fas,com.tencent.tmgp.sgame,discharging,1,31.6,72.6,100,95,0,13.92,0.04,0.04,39,3.996,1.431,5.718276,48926,24429,0,-
14:16:01.571,snap,fas,com.tencent.tmgp.sgame,discharging,1,31.6,72.6,100,95,0,13.75,0.04,0.03,39,3.995,1.445,5.772775,46569,22451,0,-
14:16:02.572,snap,fas,com.tencent.tmgp.sgame,discharging,1,31.6,73.8,100,95,0,13.75,0.04,0.03,48,3.995,1.387,5.5410647,46569,22451,0,-
14:16:03.573,snap,fas,com.tencent.tmgp.sgame,discharging,1,31.7,73.8,100,95,0,15.24,0.21,0.57,37,4.003,1.499,6.0004964,50951,25255,0,-
14:16:04.572,snap,fas,com.tencent.tmgp.sgame,discharging,1,31.7,74.2,100,95,0,15.24,0.21,0.57,48,3.97,1.961,7.78517,50951,25255,0,-
14:16:05.572,snap,fas,com.tencent.tmgp.sgame,discharging,1,31.7,76.1,100,95,0,17.19,0.53,1.19,60,3.966,1.622,6.4328523,42136,15935,0,-
14:16:06.572,snap,fas,com.tencent.tmgp.sgame,discharging,1,31.7,76.1,100,95,0,17.19,0.53,1.19,58,3.989,1.662,6.629718,42136,15935,0,-
14:16:07.572,snap,fas,com.tencent.tmgp.sgame,discharging,1,31.7,77.3,100,95,0,16.97,0.44,0.97,73,3.981,1.832,7.293192,51060,26844,0,-
14:16:08.573,snap,fas,com.tencent.tmgp.sgame,discharging,1,31.7,80.3,100,95,0,16.97,0.44,0.97,63,3.972,1.961,7.7890916,51060,26844,0,-
14:16:09.573,snap,fas,com.tencent.tmgp.sgame,discharging,1,31.7,80.9,100,95,0,16.8,0.36,0.79,64,3.968,1.99,7.89632,51754,27660,0,-
14:16:10.573,snap,fas,com.tencent.tmgp.sgame,discharging,1,31.7,80.9,100,95,0,16.8,0.36,0.79,74,3.977,1.861,7.401197,51754,27660,0,-
14:16:11.573,snap,fas,com.tencent.tmgp.sgame,discharging,1,31.7,80.9,100,95,0,16.29,0.29,0.65,64,3.981,1.922,7.651482,50695,25670,0,-
14:16:12.574,snap,fas,com.tencent.tmgp.sgame,discharging,1,31.7,80.9,100,95,0,16.29,0.29,0.65,68,3.973,1.875,7.449375,50695,25670,0,-
14:16:13.574,snap,fas,com.tencent.tmgp.sgame,discharging,1,31.8,80.1,100,95,0,16.05,0.24,0.53,59,3.979,1.806,7.1860743,52343,27146,0,-
14:16:14.574,snap,fas,com.tencent.tmgp.sgame,discharging,1,31.8,77.1,100,95,0,16.05,0.24,0.53,50,3.979,1.651,6.5693293,52343,27146,0,-
14:16:15.575,snap,fas,com.tencent.tmgp.sgame,discharging,1,31.8,76.1,100,95,0,15.5,0.19,0.43,49,3.993,1.377,5.498361,38093,14731,0,-
14:16:16.574,snap,fas,com.tencent.tmgp.sgame,discharging,1,31.8,74.6,100,95,0,15.5,0.19,0.43,50,3.994,1.485,5.93109,38093,14731,0,-
14:16:17.574,snap,fas,com.tencent.tmgp.sgame,discharging,1,31.8,76.9,100,95,0,14.86,0.16,0.35,55,3.983,1.568,6.2453437,37957,15107,0,-
14:16:18.574,snap,fas,com.tencent.tmgp.sgame,discharging,1,31.8,74.6,100,95,0,14.86,0.16,0.35,54,3.982,1.507,6.000874,37957,15107,0,-
14:16:19.575,snap,fas,com.tencent.tmgp.sgame,discharging,1,31.8,74.6,100,95,0,14.16,0.13,0.29,43,3.985,1.47,5.8579497,37957,15107,0,-
14:16:20.574,snap,fas,com.tencent.tmgp.sgame,discharging,1,31.8,74.6,100,95,0,14.16,0.13,0.29,39,3.988,1.539,6.137532,43332,20381,0,-
14:16:21.575,snap,fas,com.tencent.tmgp.sgame,discharging,1,31.8,74.6,100,95,0,14.31,0.1,0.24,36,3.985,1.409,5.614865,43332,20381,0,-
14:16:22.575,snap,fas,com.tencent.tmgp.sgame,discharging,1,31.8,74.6,100,95,0,14.31,0.1,0.24,36,3.985,1.409,5.614865,49980,26248,0,-
14:16:23.575,snap,fas,com.tencent.tmgp.sgame,discharging,1,31.9,74.9,100,95,0,14.31,0.1,0.24,41,3.99,1.481,5.9091897,49980,26248,0,-
14:16:24.576,snap,fas,com.tencent.tmgp.sgame,discharging,1,31.9,75.3,100,95,0,14.26,0.08,0.19,48,3.99,1.575,6.2842503,50145,25640,0,-
14:16:25.575,snap,fas,com.tencent.tmgp.sgame,discharging,1,31.9,76.5,100,95,0,14.26,0.08,0.19,53,3.981,1.706,6.791586,50145,25640,0,-
14:16:26.575,snap,fas,com.tencent.tmgp.sgame,discharging,1,31.9,75.3,100,95,0,14.21,0.07,0.16,59,3.981,1.687,6.715947,51109,27373,0,-
14:16:27.576,snap,fas,com.tencent.tmgp.sgame,discharging,1,31.9,76.1,100,95,0,14.21,0.07,0.16,51,3.976,1.622,6.449072,51109,27373,0,-
14:16:28.575,snap,fas,com.tencent.tmgp.sgame,discharging,1,31.9,76.1,100,95,0,14.35,0.05,0.13,51,3.975,1.55,6.1612496,50719,27116,0,-
14:16:29.575,snap,fas,com.tencent.tmgp.sgame,discharging,1,31.9,76.1,100,95,0,14.35,0.05,0.13,44,3.983,1.572,6.2612762,50719,27116,0,-
14:16:30.576,snap,fas,com.tencent.tmgp.sgame,discharging,1,31.9,76.1,100,95,0,14.65,0.04,0.1,32,3.977,1.51,6.00527,51356,27223,0,-
14:16:31.576,snap,fas,com.tencent.tmgp.sgame,discharging,1,31.9,76.1,100,95,0,14.65,0.04,0.1,39,3.986,1.536,6.122496,51356,27223,0,-
14:16:32.576,snap,fas,com.tencent.tmgp.sgame,discharging,1,31.9,76.1,100,95,0,14.89,0.03,0.08,44,3.966,1.673,6.635118,51048,27786,0,-
14:16:33.576,snap,fas,com.tencent.tmgp.sgame,discharging,1,32,76.1,100,95,0,14.89,0.03,0.08,46,3.979,1.636,6.5096445,51048,27786,0,-
14:16:34.576,snap,fas,com.tencent.tmgp.sgame,discharging,1,32,76.1,100,95,0,14.91,0.03,0.07,44,3.97,1.669,6.6259303,51353,27282,0,-
14:16:35.576,snap,fas,com.tencent.tmgp.sgame,discharging,1,32,77.3,100,95,0,14.91,0.03,0.07,44,3.974,1.629,6.4736457,51353,27282,0,-
14:16:36.576,snap,fas,com.tencent.tmgp.sgame,discharging,1,32,77.3,100,95,0,14.75,0.02,0.05,51,3.985,1.622,6.46367,51123,27430,0,-
14:16:37.576,snap,fas,com.tencent.tmgp.sgame,discharging,1,32,76.9,100,95,0,14.75,0.02,0.05,43,3.979,1.683,6.696657,51123,27430,0,-
14:16:38.576,snap,fas,com.tencent.tmgp.sgame,discharging,1,32,76.1,100,95,0,14.79,0.02,0.04,39,3.978,1.536,6.110208,49690,26602,0,-
14:16:39.576,snap,fas,com.tencent.tmgp.sgame,discharging,1,32,75.7,100,95,0,14.79,0.02,0.04,43,3.985,1.582,6.30427,49690,26602,0,-
14:16:40.577,snap,fas,com.tencent.tmgp.sgame,discharging,1,32,75.7,100,95,0,14.83,0.01,0.03,44,3.974,1.626,6.4617243,47101,23232,0,-
14:16:41.577,snap,fas,com.tencent.tmgp.sgame,discharging,1,32,75.7,100,95,0,14.83,0.01,0.03,44,3.974,1.662,6.604788,47101,23232,0,-
14:16:42.577,snap,fas,com.tencent.tmgp.sgame,discharging,1,32,76.5,100,95,0,14.5,0.01,0.03,42,3.974,1.524,6.056376,50400,26698,0,-
14:16:43.581,snap,fas,com.tencent.tmgp.sgame,discharging,1,32.1,77.7,100,95,0,14.5,0.01,0.03,49,3.98,1.593,6.3401403,50400,26698,0,-
14:16:44.581,snap,fas,com.tencent.tmgp.sgame,discharging,1,32.1,78.1,100,95,0,14.59,0.01,0.02,62,3.975,1.727,6.864825,51267,27513,0,-
14:16:45.582,snap,fas,com.tencent.tmgp.sgame,discharging,1,32.1,78.1,100,95,0,14.59,0.01,0.02,65,3.964,1.806,7.158984,51267,27513,0,-
14:16:46.581,snap,fas,com.tencent.tmgp.sgame,discharging,1,32.1,77.7,100,95,0,14.66,0,0.02,54,3.974,1.756,6.978344,51267,27513,0,-
14:16:47.582,snap,fas,com.tencent.tmgp.sgame,discharging,1,32.1,77.7,100,95,0,14.66,0,0.02,63,3.974,1.734,6.890916,51104,27574,0,-
14:16:48.582,snap,fas,com.tencent.tmgp.sgame,discharging,1,32.1,77.7,100,95,0,14.54,0,0.01,64,3.977,1.752,6.967704,51104,27574,0,-
14:16:49.582,snap,fas,com.tencent.tmgp.sgame,discharging,1,32.1,77.3,100,95,0,14.54,0,0.01,43,3.974,1.611,6.402114,50581,27044,0,-
14:16:50.582,snap,fas,com.tencent.tmgp.sgame,discharging,1,32.1,77.3,100,95,0,14.62,0,0.01,48,3.974,1.633,6.489542,50581,27044,0,-
14:16:51.582,snap,fas,com.tencent.tmgp.sgame,discharging,1,32.1,79.7,100,95,0,14.62,0,0.01,54,3.967,1.734,6.878778,49712,25856,0,-
14:16:52.582,snap,fas,com.tencent.tmgp.sgame,discharging,1,32.1,80.1,100,95,0,14.51,0,0.01,59,3.978,1.766,7.025148,49712,25856,0,-
14:16:53.582,snap,fas,com.tencent.tmgp.sgame,discharging,1,32.2,80.1,100,95,0,14.51,0,0.01,57,3.974,1.818,7.224732,46421,22729,0,-
14:16:54.584,snap,fas,com.tencent.tmgp.sgame,discharging,1,32.2,80.1,100,95,0,14.05,0,0,58,3.973,1.789,7.107697,46421,22729,0,-
14:16:55.582,snap,fas,com.tencent.tmgp.sgame,discharging,1,32.2,77.7,100,95,0,14.05,0,0,50,3.97,1.81,7.1857,50131,27180,0,-
14:16:56.583,snap,fas,com.tencent.tmgp.sgame,discharging,1,32.2,77.7,100,95,0,14.04,0,0,39,3.969,1.655,6.568695,50131,27180,0,-
14:16:57.583,snap,fas,com.tencent.tmgp.sgame,discharging,1,32.2,77.7,100,95,0,14.04,0,0,43,3.978,1.564,6.221592,45861,23654,0,-
14:16:58.583,snap,fas,com.tencent.tmgp.sgame,discharging,1,32.2,76.9,100,95,0,13.85,0,0,38,3.982,1.536,6.116352,45861,23654,0,-
14:16:59.583,snap,fas,com.tencent.tmgp.sgame,discharging,1,32.2,76.9,100,95,0,13.85,0,0,37,3.982,1.615,6.43093,49699,26279,0,-
14:17:00.583,snap,fas,com.tencent.tmgp.sgame,discharging,1,32.2,77.3,100,95,0,13.88,0,0,43,3.974,1.648,6.549152,49699,26279,0,-
14:17:01.584,snap,fas,com.tencent.tmgp.sgame,discharging,1,32.2,78.1,100,95,0,13.88,0,0,43,3.974,1.687,6.7041383,51340,27234,0,-
14:17:02.583,snap,fas,com.tencent.tmgp.sgame,discharging,1,32.2,80.9,100,95,0,14.08,0,0,42,3.963,1.669,6.6142473,51340,27234,0,-
14:17:03.583,snap,fas,com.tencent.tmgp.sgame,discharging,1,32.2,82.1,100,95,0,14.08,0,0,45,3.974,1.716,6.8193836,63074,30055,0,-
14:17:04.584,snap,fas,com.tencent.tmgp.sgame,discharging,1,32.2,82.4,100,95,0,18.23,4.71,3.44,49,3.974,2.128,8.456672,63074,30055,0,-
14:17:05.584,snap,fas,com.tencent.tmgp.sgame,discharging,1,32.2,82.4,100,95,0,18.23,4.71,3.44,52,3.949,2.243,8.857607,61326,29696,0,-
14:17:06.584,snap,fas,com.tencent.tmgp.sgame,discharging,1,32.2,81.3,100,95,0,23.26,4.4,5.35,64,3.956,2.226,8.806056,61326,29696,0,-
14:17:07.584,snap,fas,com.tencent.tmgp.sgame,discharging,1,32.2,81.3,100,95,0,23.26,4.4,5.35,56,3.945,1.864,7.35348,50895,27172,0,-
14:17:08.585,snap,fas,com.tencent.tmgp.sgame,discharging,1,32.2,80.5,100,95,0,21.58,3.6,4.38,58,3.973,1.774,7.0481024,50895,27172,0,-
14:17:09.585,snap,fas,com.tencent.tmgp.sgame,discharging,1,32.2,80.5,100,95,0,21.58,3.6,4.38,51,3.972,1.741,6.915252,49550,26551,0,-
14:17:10.585,snap,fas,com.tencent.tmgp.sgame,discharging,1,32.2,77.7,100,95,0,20.03,2.95,3.59,49,3.971,1.702,6.758642,49550,26551,0,-
14:17:11.585,snap,fas,com.tencent.tmgp.sgame,discharging,1,32.2,76.9,100,95,0,20.03,2.95,3.59,41,3.973,1.636,6.4998283,49550,26551,0,-
14:17:12.585,snap,fas,com.tencent.tmgp.sgame,discharging,1,32.2,76.1,100,95,0,18.93,2.41,3.12,34,3.974,1.507,5.9888177,48597,25300,0,-
14:17:13.585,snap,fas,com.tencent.tmgp.sgame,discharging,1,32.4,75.7,100,95,0,18.93,2.41,3.12,32,3.977,1.514,6.0211782,48597,25300,0,-
14:17:14.585,snap,fas,com.tencent.tmgp.sgame,discharging,1,32.4,75.7,100,95,0,18.22,1.97,2.55,35,3.979,1.524,6.0639963,49093,25387,0,-
14:17:15.586,snap,fas,com.tencent.tmgp.sgame,discharging,1,32.4,75.3,100,95,0,18.22,1.97,2.55,36,3.978,1.55,6.1658998,49093,25387,0,-
14:17:16.586,snap,fas,com.tencent.tmgp.sgame,discharging,1,32.4,74.9,100,95,0,17.45,1.61,2.09,37,3.978,1.514,6.022692,46924,22895,0,-
14:17:17.586,snap,fas,com.tencent.tmgp.sgame,discharging,1,32.4,74.2,100,95,0,17.45,1.61,2.09,36,3.982,1.466,5.837612,46924,22895,0,-
14:17:18.586,snap,fas,com.tencent.tmgp.sgame,discharging,1,32.4,74.2,100,95,0,17.01,1.32,1.71,46,3.979,1.493,5.940647,48171,24068,0,-
14:17:19.586,snap,fas,com.tencent.tmgp.sgame,discharging,1,32.4,74.2,100,95,0,17.01,1.32,1.71,35,3.978,1.51,6.0067797,48171,24068,0,-
14:17:20.586,snap,fas,com.tencent.tmgp.sgame,discharging,1,32.4,74.2,100,95,0,16.46,1.08,1.4,29,3.985,1.402,5.58697,49472,26149,0,-
14:17:21.586,snap,fas,com.tencent.tmgp.sgame,discharging,1,32.4,73.8,100,95,0,16.46,1.08,1.4,28,3.98,1.391,5.53618,49472,26149,0,-
14:17:22.586,snap,fas,com.tencent.tmgp.sgame,discharging,1,32.4,73.8,100,95,0,16.2,0.88,1.14,30,3.986,1.398,5.572428,49469,26470,0,-
14:17:23.587,snap,fas,com.tencent.tmgp.sgame,discharging,1,32.4,74.6,100,95,0,16.2,0.88,1.14,32,3.985,1.474,5.87389,49469,26470,0,-
14:17:24.587,snap,fas,com.tencent.tmgp.sgame,discharging,1,32.4,74.6,100,95,0,15.98,0.72,0.93,35,3.98,1.46,5.8108,49582,26125,0,-
14:17:25.587,snap,fas,com.tencent.tmgp.sgame,discharging,1,32.4,74.6,100,95,0,15.98,0.72,0.93,35,3.976,1.528,6.075328,49582,26125,0,-
14:17:26.587,snap,fas,com.tencent.tmgp.sgame,discharging,1,32.4,74.2,100,95,0,15.8,0.59,0.76,32,3.981,1.478,5.8839183,48219,24330,0,-
14:17:27.588,snap,fas,com.tencent.tmgp.sgame,discharging,1,32.4,73.4,100,95,0,15.8,0.59,0.76,29,3.984,1.503,5.987952,48219,24330,0,-
14:17:28.587,snap,fas,com.tencent.tmgp.sgame,discharging,1,32.4,73.4,100,95,0,15.65,0.48,0.62,31,3.981,1.412,5.6211715,46936,24348,0,-
14:17:29.587,snap,fas,com.tencent.tmgp.sgame,discharging,1,32.4,73.4,100,95,0,15.65,0.48,0.62,28,3.98,1.409,5.60782,46936,24348,0,-
14:17:30.588,snap,fas,com.tencent.tmgp.sgame,discharging,1,32.4,73,100,95,0,15.53,0.39,0.51,31,3.974,1.435,5.7026896,48000,25425,0,-
14:17:31.587,snap,fas,com.tencent.tmgp.sgame,discharging,1,32.4,73.4,100,95,0,15.53,0.39,0.51,32,3.982,1.503,5.9849463,48000,25425,0,-
14:17:32.587,snap,fas,com.tencent.tmgp.sgame,discharging,1,32.4,73.8,100,95,0,15.44,0.32,0.42,33,3.985,1.46,5.8181,48518,24824,0,-
14:17:33.588,snap,fas,com.tencent.tmgp.sgame,discharging,1,32.5,75.3,100,95,0,15.44,0.32,0.42,40,3.983,1.547,6.161701,48518,24824,0,-
14:17:34.588,snap,fas,com.tencent.tmgp.sgame,discharging,1,32.5,76.5,100,95,0,14.99,0.26,0.34,48,3.976,1.683,6.691608,53107,28699,0,-
14:17:35.588,snap,fas,com.tencent.tmgp.sgame,discharging,1,32.5,78.9,100,95,0,14.99,0.26,0.34,45,3.966,1.727,6.8492823,53107,28699,0,-
14:17:36.588,snap,fas,com.tencent.tmgp.sgame,discharging,1,32.5,78.9,100,95,0,14.99,0.21,0.28,45,3.971,1.781,7.072351,51623,26956,0,-
14:17:37.588,snap,fas,com.tencent.tmgp.sgame,discharging,1,32.5,78.1,100,95,0,14.99,0.21,0.28,45,3.969,1.745,6.925905,51623,26956,0,-
14:17:38.589,snap,fas,com.tencent.tmgp.sgame,discharging,1,32.5,78.1,100,95,0,15,0.17,0.23,45,3.972,1.731,6.8755317,51623,26956,0,-
14:17:39.588,snap,fas,com.tencent.tmgp.sgame,discharging,1,32.5,78.1,100,95,0,15,0.17,0.23,48,3.972,1.604,6.3710876,50069,26450,0,-
14:17:40.589,snap,fas,com.tencent.tmgp.sgame,discharging,1,32.5,78.5,100,95,0,15,0.32,0.18,46,3.975,1.694,6.7336497,50069,26450,0,-
14:17:41.589,snap,fas,com.tencent.tmgp.sgame,discharging,1,32.5,78.5,100,95,0,15,0.32,0.18,51,3.958,1.706,6.752348,51314,28136,0,-
14:17:42.590,snap,fas,com.tencent.tmgp.sgame,discharging,1,32.5,78.5,100,95,0,15,0.26,0.15,49,3.97,1.698,6.74106,51314,28136,0,-
14:17:43.589,snap,fas,com.tencent.tmgp.sgame,discharging,1,32.5,77.3,100,95,0,15,0.26,0.15,47,3.971,1.662,6.5998015,52151,28384,0,-
14:17:44.589,snap,fas,com.tencent.tmgp.sgame,discharging,1,32.5,76.5,100,95,0,14.81,0.21,0.12,46,3.974,1.586,6.302764,52151,28384,0,-
14:17:45.589,snap,fas,com.tencent.tmgp.sgame,discharging,1,32.5,76.5,100,95,0,14.81,0.21,0.12,52,3.975,1.601,6.3639746,51382,27437,0,-
14:17:46.591,snap,fas,com.tencent.tmgp.sgame,discharging,1,32.5,77.7,100,95,0,14.67,0.17,0.1,63,3.958,1.781,7.049198,51382,27437,0,-
14:17:47.589,snap,fas,com.tencent.tmgp.sgame,discharging,1,32.5,80.5,100,95,0,14.67,0.17,0.1,77,3.962,1.903,7.5396857,50761,27569,0,-
14:17:48.591,snap,fas,com.tencent.tmgp.sgame,discharging,1,32.5,80.5,100,95,0,14.73,0.14,0.08,68,3.962,1.903,7.5396857,50761,27569,0,-
14:17:49.589,snap,fas,com.tencent.tmgp.sgame,discharging,1,32.5,80.9,100,95,0,14.73,0.14,0.08,69,3.963,1.81,7.17303,50327,27699,0,-
14:17:50.590,snap,fas,com.tencent.tmgp.sgame,discharging,1,32.5,80.9,100,95,0,14.59,0.11,0.06,66,3.966,1.832,7.2657123,50327,27699,0,-
14:17:51.590,snap,fas,com.tencent.tmgp.sgame,discharging,1,32.5,80.5,100,95,0,14.59,0.11,0.06,59,3.96,1.756,6.95376,50147,26287,0,-
14:17:52.590,snap,fas,com.tencent.tmgp.sgame,discharging,1,32.5,79.7,100,95,0,14.3,0.09,0.05,52,3.965,1.702,6.74843,50147,26287,0,-
14:17:53.590,snap,fas,com.tencent.tmgp.sgame,discharging,1,32.6,78.9,100,95,0,14.3,0.09,0.05,53,3.97,1.644,6.5266805,49641,26580,0,-
14:17:54.590,snap,fas,com.tencent.tmgp.sgame,discharging,1,32.6,78.9,100,95,0,14.25,0.07,0.04,55,3.971,1.727,6.857917,49641,26580,0,-
14:17:55.591,snap,fas,com.tencent.tmgp.sgame,discharging,1,32.6,79.3,100,95,0,14.25,0.07,0.04,56,3.968,1.766,7.0074883,51158,26908,0,-
14:17:56.590,snap,fas,com.tencent.tmgp.sgame,discharging,1,32.6,79.3,100,95,0,14.02,0.06,0.03,67,3.964,1.791,7.099524,51158,26908,0,-
14:17:57.591,snap,fas,com.tencent.tmgp.sgame,discharging,1,32.6,82.3,100,95,0,14.02,0.06,0.03,72,3.953,2.088,8.253864,56987,28390,0,-
14:17:58.591,snap,fas,com.tencent.tmgp.sgame,discharging,1,32.6,84,100,95,0,14.92,2.58,1.66,62,3.958,2.2,8.7076,56987,28390,0,-
14:17:59.591,snap,fas,com.tencent.tmgp.sgame,discharging,1,32.6,84,100,95,0,14.92,2.58,1.66,54,3.944,1.886,7.438384,56473,29221,0,-
14:18:00.591,snap,fas,com.tencent.tmgp.sgame,discharging,1,32.6,81,100,95,0,16.75,2.66,1.72,45,3.962,1.691,6.699742,56473,29221,0,-
14:18:01.591,snap,fas,com.tencent.tmgp.sgame,discharging,1,32.6,78.9,100,95,0,16.75,2.66,1.72,50,3.97,1.691,6.71327,48769,25228,0,-
14:18:02.591,snap,fas,com.tencent.tmgp.sgame,discharging,1,32.6,79.3,100,95,0,16.07,2.18,1.41,42,3.966,1.651,6.5478663,48769,25228,0,-
14:18:03.592,snap,fas,com.tencent.tmgp.sgame,discharging,1,32.7,78.9,100,95,0,16.07,2.18,1.41,35,3.969,1.727,6.854463,48769,25228,0,-
14:18:04.592,snap,fas,com.tencent.tmgp.sgame,discharging,1,32.7,78.1,100,95,0,15.87,2.32,1.33,45,3.965,1.727,6.8475547,52877,27991,0,-
14:18:05.592,snap,fas,com.tencent.tmgp.sgame,discharging,1,32.7,77.3,100,95,0,15.87,2.32,1.33,40,3.97,1.597,6.3400903,52877,27991,0,-
14:18:06.592,snap,fas,com.tencent.tmgp.sgame,discharging,1,32.7,76.9,100,95,0,15.71,1.9,1.27,39,3.96,1.568,6.20928,50213,26456,0,-
14:18:07.592,snap,fas,com.tencent.tmgp.sgame,discharging,1,32.7,76.9,100,95,0,15.71,1.9,1.27,38,3.966,1.514,6.004524,50213,26456,0,-
14:18:08.593,snap,fas,com.tencent.tmgp.sgame,discharging,1,32.7,78.9,100,95,0,15.58,1.56,1.04,39,3.968,1.803,7.1543036,53124,29095,0,-
14:18:09.593,snap,fas,com.tencent.tmgp.sgame,discharging,1,32.7,79.3,100,95,0,15.58,1.56,1.04,38,3.966,1.799,7.1348343,53124,29095,0,-
14:18:10.593,snap,fas,com.tencent.tmgp.sgame,discharging,1,32.7,78.9,100,95,0,16.93,2.18,1.21,35,3.969,1.665,6.608385,58735,31692,0,-
14:18:11.593,snap,fas,com.tencent.tmgp.sgame,discharging,1,32.7,79.3,100,95,0,16.93,2.18,1.21,31,3.972,1.683,6.6848755,58735,31692,0,-
14:18:12.593,snap,fas,com.tencent.tmgp.sgame,discharging,1,32.7,80.5,100,95,0,17.84,2.15,1.17,56,3.949,1.806,7.1318936,57079,32745,0,-
14:18:13.593,snap,fas,com.miui.home,discharging,1,32.8,81.7,100,95,0,17.84,2.15,1.17,58,3.964,1.756,6.960784,57079,32745,0,-
14:18:14.593,snap,fas,com.miui.home,discharging,1,32.8,81.7,100,95,0,18.05,1.76,0.96,59,3.959,1.712,6.777808,54664,32289,0,-
14:18:15.594,snap,fas,com.miui.home,discharging,1,32.8,81.7,100,95,0,18.05,1.76,0.96,55,3.967,1.875,7.438125,54664,32289,0,-
14:18:16.594,snap,fas,com.tencent.tmgp.sgame,discharging,1,32.8,80.5,100,95,0,18.59,1.44,0.97,37,3.964,1.629,6.457356,54351,30066,0,-
14:18:17.594,snap,fas,com.tencent.tmgp.sgame,discharging,1,32.8,78.5,100,95,0,18.59,1.44,0.97,38,3.966,1.655,6.5637302,54351,30066,0,-
14:18:18.594,snap,fas,com.tencent.tmgp.sgame,discharging,1,32.8,77.3,100,95,0,17.93,1.18,0.79,36,3.97,1.536,6.09792,48227,24359,0,-
14:18:19.594,snap,fas,com.tencent.tmgp.sgame,discharging,1,32.8,76.5,100,95,0,17.93,1.18,0.79,37,3.976,1.474,5.860624,48227,24359,0,-
14:18:20.595,snap,fas,com.tencent.tmgp.sgame,discharging,1,32.8,76.5,100,95,0,17.22,0.96,0.65,33,3.976,1.553,6.174728,53550,29929,0,-
14:18:21.594,snap,fas,com.tencent.tmgp.sgame,discharging,1,32.8,77.3,100,95,0,17.22,0.96,0.65,61,3.958,1.677,6.637566,53550,29929,0,-
14:18:22.595,snap,fas,com.miui.home,discharging,1,32.8,78.9,100,95,0,17.72,0.79,0.53,59,3.965,1.597,6.3321047,52808,30101,0,-
14:18:23.594,snap,fas,com.miui.home,discharging,1,32.9,80.1,100,95,0,17.72,0.79,0.53,61,3.972,1.644,6.529968,52808,30101,0,-
14:18:24.594,snap,fas,com.miui.home,discharging,1,32.9,78.9,100,95,0,17.95,0.64,0.43,54,3.968,1.651,6.551168,55021,31471,0,-
14:18:25.595,snap,fas,com.tencent.tmgp.sgame,discharging,1,32.9,78.9,100,95,0,17.95,0.64,0.43,37,3.975,1.464,5.8194,55021,31471,0,-
14:18:26.597,snap,fas,com.tencent.tmgp.sgame,discharging,1,32.9,76.9,100,95,0,17.78,0.52,0.35,38,3.954,1.518,6.002172,50373,27132,0,-
14:18:27.595,snap,fas,com.tencent.tmgp.sgame,discharging,1,32.9,76.9,100,95,0,17.78,0.52,0.35,39,3.973,1.466,5.824418,50373,27132,0,-
14:18:28.597,snap,fas,com.tencent.tmgp.sgame,discharging,1,32.9,75.3,100,95,0,17.46,0.43,0.29,34,3.973,1.431,5.685363,49253,26075,0,-
14:18:29.595,snap,fas,com.tencent.tmgp.sgame,discharging,1,32.9,74.6,100,95,0,17.46,0.43,0.29,36,3.975,1.485,5.902875,49253,26075,0,-
14:18:30.595,snap,fas,com.tencent.tmgp.sgame,discharging,1,32.9,74.2,100,95,0,17.01,0.35,0.23,40,3.971,1.564,6.210644,49253,26075,0,-
14:18:31.596,snap,fas,com.tencent.tmgp.sgame,discharging,1,32.9,74.2,100,95,0,17.01,0.35,0.23,43,3.969,1.518,6.0249424,46333,21860,0,-
14:18:32.596,snap,fas,com.tencent.tmgp.sgame,discharging,1,32.9,74.9,100,95,0,16.1,0.29,0.19,43,3.966,1.536,6.0917764,46333,21860,0,-
14:18:33.596,snap,fas,com.tencent.tmgp.sgame,discharging,1,32.9,75.3,100,95,0,16.1,0.29,0.19,42,3.971,1.593,6.3258033,44605,20212,0,-
14:18:34.596,snap,fas,com.tencent.tmgp.sgame,discharging,1,32.9,75.7,100,95,0,15.72,0.23,0.15,38,3.966,1.597,6.333702,44605,20212,0,-
14:18:35.596,snap,fas,com.tencent.tmgp.sgame,discharging,1,32.9,76.1,100,95,0,15.72,0.23,0.15,34,3.97,1.547,6.14159,49264,25924,0,-
14:18:36.597,snap,fas,com.tencent.tmgp.sgame,discharging,1,32.9,76.1,100,95,0,15.41,0.19,0.12,36,3.974,1.493,5.9331822,49264,25924,0,-
14:18:37.596,snap,fas,com.tencent.tmgp.sgame,discharging,1,32.9,76.9,100,95,0,15.41,0.19,0.12,45,3.968,1.694,6.7217917,50062,26306,0,-
14:18:38.597,snap,fas,com.tencent.tmgp.sgame,discharging,1,32.9,78.5,100,95,0,15.33,0.15,0.1,65,3.952,1.875,7.41,50062,26306,0,-
14:18:39.597,snap,fas,com.tencent.tmgp.sgame,discharging,1,32.9,80.9,100,95,0,15.33,0.15,0.1,74,3.952,1.929,7.623408,50133,26200,0,-
14:18:40.597,snap,fas,com.tencent.tmgp.sgame,discharging,1,32.9,80.9,100,95,0,15.09,0.12,0.08,54,3.955,1.731,6.8461046,50133,26200,0,-
14:18:41.597,snap,fas,com.tencent.tmgp.sgame,discharging,1,33,78.5,100,95,0,15.09,0.12,0.08,51,3.966,1.619,6.4209538,51845,27354,0,-
14:18:42.597,snap,fas,com.tencent.tmgp.sgame,discharging,1,33,77.3,100,95,0,15.25,0.1,0.07,37,3.967,1.536,6.0933123,51845,27354,0,-
14:18:43.598,snap,fas,com.tencent.tmgp.sgame,discharging,1,33,75.7,100,95,0,15.25,0.1,0.07,36,3.968,1.481,5.876608,50639,26548,0,-
14:18:44.598,snap,fas,com.tencent.tmgp.sgame,discharging,1,33,75.3,100,95,0,15.39,0.08,0.05,38,3.971,1.474,5.853254,50639,26548,0,-
14:18:45.598,snap,fas,com.tencent.tmgp.sgame,discharging,1,33,75.3,100,95,0,15.39,0.08,0.05,43,3.97,1.597,6.3400903,47571,24247,0,-
14:18:46.597,snap,fas,com.tencent.tmgp.sgame,discharging,1,33,77.7,100,95,0,15.14,0.07,0.04,47,3.963,1.673,6.630099,47571,24247,0,-
14:18:47.598,snap,fas,com.tencent.tmgp.sgame,discharging,1,33,78.1,100,95,0,15.14,0.07,0.04,52,3.966,1.712,6.789792,52345,27284,0,-
14:18:48.598,snap,fas,com.tencent.tmgp.sgame,discharging,1,33,78.9,100,95,0,14.93,0.05,0.03,67,3.947,1.857,7.329579,52345,27284,0,-
14:18:49.598,snap,fas,com.tencent.tmgp.sgame,discharging,1,33,79.7,100,95,0,14.93,0.05,0.03,67,3.946,1.864,7.355344,50338,25992,0,-
14:18:50.598,snap,fas,com.tencent.tmgp.sgame,discharging,1,33,79.7,100,95,0,14.58,0.04,0.03,68,3.956,1.897,7.504532,50338,25992,0,-
14:18:51.599,snap,fas,com.tencent.tmgp.sgame,discharging,1,33,79.7,100,95,0,14.58,0.04,0.03,64,3.954,1.824,7.212096,52356,27463,0,-
14:18:52.598,snap,fas,com.tencent.tmgp.sgame,discharging,1,33,79.7,100,95,0,14.47,0.03,0.02,55,3.958,1.741,6.890878,52356,27463,0,-
14:18:53.599,snap,fas,com.tencent.tmgp.sgame,discharging,1,33,80.1,100,95,0,14.47,0.03,0.02,53,3.959,1.766,6.9915943,51518,26439,0,-
14:18:54.598,snap,fas,com.tencent.tmgp.sgame,discharging,1,33,82.1,100,95,0,14.39,0.03,0.02,59,3.955,1.853,7.328615,51518,26439,0,-
14:18:55.599,snap,fas,com.tencent.tmgp.sgame,discharging,1,33,83.2,100,95,0,14.39,0.03,0.02,66,3.939,1.944,7.657416,51518,26439,0,-
14:18:56.599,snap,fas,com.tencent.tmgp.sgame,discharging,1,33,83.2,100,95,0,14.31,0.02,0.01,70,3.952,2.005,7.9237604,49270,24922,0,-
14:18:57.599,snap,fas,com.tencent.tmgp.sgame,discharging,1,33,84.8,100,95,0,14.31,0.02,0.01,68,3.948,2.066,8.156568,49270,24922,0,-
14:18:58.599,snap,fas,com.tencent.tmgp.sgame,discharging,1,33,86,100,95,0,14.62,0.02,0.01,78,3.944,2.023,7.978712,50879,28428,0,-
14:18:59.599,snap,fas,com.tencent.tmgp.sgame,discharging,1,33,84.8,100,95,0,14.62,0.02,0.01,81,3.945,2.016,7.95312,50879,28428,0,-
14:19:00.599,snap,fas,com.tencent.tmgp.sgame,discharging,1,33,86,100,95,0,14.69,0.01,0.01,70,3.944,1.944,7.667136,51390,28196,0,-
14:19:01.600,snap,fas,com.tencent.tmgp.sgame,discharging,1,33,86,100,95,0,14.69,0.01,0.01,61,3.943,1.915,7.550845,51390,28196,0,-
14:19:02.600,snap,fas,com.tencent.tmgp.sgame,discharging,1,33,86,100,95,0,14.56,0.01,0,59,3.957,1.872,7.407504,52382,28423,0,-
14:19:03.600,snap,fas,com.tencent.tmgp.sgame,discharging,1,33,84.4,100,95,0,14.56,0.01,0,55,3.954,1.814,7.172556,52382,28423,0,-
14:19:04.600,snap,fas,com.tencent.tmgp.sgame,discharging,1,33.1,84,100,95,0,14.64,0.01,0,51,3.948,1.763,6.960324,51182,27426,0,-
14:19:05.601,snap,fas,com.tencent.tmgp.sgame,discharging,1,33.1,83.2,100,95,0,14.64,0.01,0,49,3.959,1.781,7.050979,51182,27426,0,-
14:19:06.601,snap,fas,com.tencent.tmgp.sgame,discharging,1,33.1,82.8,100,95,0,14.7,0,0,40,3.957,1.64,6.48948,50068,26490,0,-
14:19:07.600,snap,fas,com.tencent.tmgp.sgame,discharging,1,33.1,81.3,100,95,0,14.7,0,0,39,3.964,1.626,6.445464,50068,26490,0,-
14:19:08.601,snap,fas,com.tencent.tmgp.sgame,discharging,1,33.1,81.3,100,95,0,14.58,0,0,54,3.961,1.741,6.896101,52483,28371,0,-
14:19:09.601,snap,fas,com.tencent.tmgp.sgame,discharging,1,33.1,81.3,100,95,0,14.58,0,0,54,3.959,1.709,6.765931,52483,28371,0,-
14:19:10.601,snap,fas,com.tencent.tmgp.sgame,discharging,1,33.1,79.7,100,95,0,14.47,0,0,53,3.956,1.68,6.64608,47770,23450,0,-
14:19:11.601,snap,fas,com.tencent.tmgp.sgame,discharging,1,33.1,79.7,100,95,0,14.47,0,0,62,3.961,1.719,6.808959,47770,23450,0,-
14:19:12.601,snap,fas,com.tencent.tmgp.sgame,discharging,1,33.1,80.1,100,95,0,14.2,0,0,54,3.958,1.76,6.9660797,50288,25582,0,-
14:19:13.601,snap,fas,com.tencent.tmgp.sgame,discharging,1,33.1,80.5,100,95,0,14.2,0,0,61,3.955,1.82,7.1981,50288,25582,0,-
14:19:14.601,snap,fas,com.tencent.tmgp.sgame,discharging,1,33.2,82.1,100,95,0,14.35,0,0,50,3.957,1.64,6.48948,48578,23025,0,-
14:19:15.601,snap,fas,com.tencent.tmgp.sgame,discharging,1,33.2,80.5,100,95,0,14.35,0,0,47,3.956,1.601,6.333556,48578,23025,0,-
14:19:16.601,snap,fas,com.tencent.tmgp.sgame,discharging,1,33.2,79.7,100,95,0,14.1,0,0,45,3.961,1.55,6.1395497,49267,24964,0,-
14:19:17.602,snap,fas,com.tencent.tmgp.sgame,discharging,1,33.2,77.3,100,95,0,14.1,0,0,48,3.963,1.582,6.269466,49267,24964,0,-
14:19:18.602,snap,fas,com.tencent.tmgp.sgame,discharging,1,33.2,77.3,100,95,0,14.08,0,0,47,3.964,1.615,6.40186,45025,21331,0,-
14:19:19.602,snap,fas,com.tencent.tmgp.sgame,discharging,1,33.2,78.1,100,95,0,14.08,0,0,55,3.965,1.698,6.7325697,45025,21331,0,-
14:19:20.603,snap,fas,com.tencent.tmgp.sgame,discharging,1,33.2,78.5,100,95,0,13.88,0,0,44,3.952,1.607,6.350864,51200,27155,0,-
14:19:21.602,snap,fas,com.tencent.tmgp.sgame,discharging,1,33.2,78.1,100,95,0,13.88,0,0,39,3.952,1.636,6.465472,51200,27155,0,-
14:19:22.603,snap,fas,com.tencent.tmgp.sgame,discharging,1,33.3,78.5,100,95,0,14.27,0,0,45,3.965,1.564,6.20126,51200,27155,0,-
14:19:23.603,snap,fas,com.tencent.tmgp.sgame,discharging,1,33.3,77.3,100,95,0,14.27,0,0,44,3.959,1.578,6.247302,51183,26580,0,-
14:19:24.603,snap,fas,com.tencent.tmgp.sgame,discharging,1,33.3,77.3,100,95,0,14.4,0,0,37,3.966,1.402,5.560332,51183,26580,0,-
14:19:25.603,snap,fas,com.tencent.tmgp.sgame,discharging,1,33.3,77.3,100,95,0,14.4,0,0,43,3.968,1.607,6.376576,47018,22835,0,-
14:19:26.604,snap,fas,com.tencent.tmgp.sgame,discharging,1,33.3,77.7,100,95,0,14.33,0,0,43,3.96,1.607,6.36372,47018,22835,0,-
14:19:27.603,snap,fas,com.tencent.tmgp.sgame,discharging,1,33.3,78.1,100,95,0,14.33,0,0,40,3.953,1.615,6.384095,51818,27430,0,-
14:19:28.604,snap,fas,com.tencent.tmgp.sgame,discharging,1,33.3,77.7,100,95,0,14.45,0,0,36,3.959,1.59,6.2948103,51818,27430,0,-
14:19:29.604,snap,fas,com.tencent.tmgp.sgame,discharging,1,33.3,76.5,100,95,0,14.45,0,0,33,3.955,1.532,6.0590596,51266,27263,0,-
14:19:30.604,snap,fas,com.tencent.tmgp.sgame,discharging,1,33.3,76.5,100,95,0,14.91,0,0,33,3.958,1.611,6.3763375,51266,27263,0,-
14:19:31.604,snap,fas,com.tencent.tmgp.sgame,discharging,1,33.3,76.1,100,95,0,14.91,0,0,31,3.968,1.518,6.023424,52308,27457,0,-
14:19:32.604,snap,fas,com.tencent.tmgp.sgame,discharging,1,33.3,76.1,100,95,0,14.93,0,0,32,3.963,1.464,5.801832,52308,27457,0,-
14:19:33.607,snap,fas,com.tencent.tmgp.sgame,discharging,1,33.3,76.1,100,95,0,14.93,0,0,34,3.965,1.564,6.20126,49901,25721,0,-
14:19:34.605,snap,fas,com.tencent.tmgp.sgame,discharging,1,33.3,77.7,100,95,0,14.94,0,0,37,3.96,1.745,6.9102,49901,25721,0,-
14:19:35.606,snap,fas,com.tencent.tmgp.sgame,discharging,1,33.3,78.9,100,95,0,14.94,0,0,37,3.954,1.662,6.571548,53847,25759,0,-
14:19:36.604,snap,fas,com.tencent.tmgp.sgame,discharging,1,33.3,78.9,100,95,0,17.3,0.54,0.54,36,3.964,1.644,6.516816,53847,25759,0,-
14:19:37.604,snap,fas,com.tencent.tmgp.sgame,discharging,1,33.3,77.7,100,95,0,17.3,0.54,0.54,34,3.963,1.514,5.9999824,51314,26534,0,-
14:19:38.604,snap,fas,com.tencent.tmgp.sgame,discharging,1,33.3,76.9,100,95,0,17.25,0.44,0.44,31,3.959,1.46,5.7801404,51314,26534,0,-
14:19:39.605,snap,fas,com.tencent.tmgp.sgame,discharging,1,33.3,76.5,100,95,0,17.25,0.44,0.44,32,3.963,1.499,5.940537,47714,24571,0,-
14:19:40.605,snap,fas,com.tencent.tmgp.sgame,discharging,1,33.3,76.1,100,95,0,16.84,0.36,0.36,32,3.964,1.536,6.088704,47714,24571,0,-
14:19:41.605,snap,fas,com.tencent.tmgp.sgame,discharging,1,33.3,76.1,100,95,0,16.84,0.36,0.36,33,3.967,1.503,5.962401,49643,25923,0,-
14:19:42.605,snap,fas,com.tencent.tmgp.sgame,discharging,1,33.3,76.1,100,95,0,16.5,0.29,0.29,36,3.962,1.553,6.1529856,49643,25923,0,-
14:19:43.605,snap,fas,com.tencent.tmgp.sgame,discharging,1,33.3,78.1,100,95,0,16.5,0.29,0.29,34,3.964,1.564,6.199696,50817,26708,0,-
14:19:44.605,snap,fas,com.tencent.tmgp.sgame,discharging,1,33.4,78.1,100,95,0,16.41,0.24,0.24,29,3.964,1.46,5.7874403,50817,26708,0,-
14:19:45.605,snap,fas,com.tencent.tmgp.sgame,discharging,1,33.4,78.1,100,95,0,16.41,0.24,0.24,29,3.963,1.456,5.770128,48203,25416,0,-
14:19:46.605,snap,fas,com.tencent.tmgp.sgame,discharging,1,33.4,76.9,100,95,0,16.34,0.38,0.19,30,3.961,1.564,6.195004,48203,25416,0,-
14:19:47.606,snap,fas,com.tencent.tmgp.sgame,discharging,1,33.4,76.9,100,95,0,16.34,0.38,0.19,30,3.965,1.464,5.80476,48203,25416,0,-
14:19:48.606,snap,fas,com.tencent.tmgp.sgame,discharging,1,33.4,76.5,100,95,0,16.27,0.31,0.16,30,3.969,1.578,6.263082,48458,24590,0,-
14:19:49.605,snap,fas,com.tencent.tmgp.sgame,discharging,1,33.4,76.5,100,95,0,16.27,0.31,0.16,32,3.967,1.478,5.8632264,48458,24590,0,-
14:19:50.607,snap,fas,com.tencent.tmgp.sgame,discharging,1,33.4,76.9,100,95,0,16.95,0.61,0.31,36,3.964,1.789,7.091596,53572,28551,0,-
14:19:51.607,snap,fas,com.tencent.tmgp.sgame,discharging,1,33.4,78.9,100,95,0,16.95,0.61,0.31,33,3.961,1.518,6.012798,53572,28551,0,-
14:19:52.606,snap,fas,com.tencent.tmgp.sgame,discharging,1,33.4,76.9,100,95,0,16.59,0.5,0.25,31,3.961,1.561,6.1831207,48133,24507,0,-
14:19:53.607,snap,fas,com.tencent.tmgp.sgame,discharging,1,33.4,77.7,100,95,0,16.59,0.5,0.25,29,3.96,1.586,6.28056,48133,24507,0,-
14:19:54.606,snap,fas,com.tencent.tmgp.sgame,discharging,1,33.4,76.9,100,95,0,16.49,0.41,0.21,27,3.964,1.474,5.842936,49630,25640,0,-
14:19:55.607,snap,fas,com.tencent.tmgp.sgame,discharging,1,33.4,76.9,100,95,0,16.49,0.41,0.21,28,3.965,1.503,5.959395,49630,25640,0,-
14:19:56.607,snap,fas,com.tencent.tmgp.sgame,discharging,1,33.4,75.7,100,95,0,16.22,0.33,0.17,28,3.961,1.452,5.751372,49700,26291,0,-
14:19:57.608,snap,fas,com.tencent.tmgp.sgame,discharging,1,33.4,75.3,100,95,0,16.22,0.33,0.17,28,3.965,1.493,5.919745,49700,26291,0,-
14:19:58.607,snap,fas,com.tencent.tmgp.sgame,discharging,1,33.4,74.2,100,95,0,15.99,0.27,0.14,29,3.963,1.485,5.885055,48665,26330,0,-
14:19:59.607,snap,fas,com.tencent.tmgp.sgame,discharging,1,33.4,74.2,100,95,0,15.99,0.27,0.14,30,3.966,1.485,5.88951,48665,26330,0,-
14:20:00.607,snap,fas,com.tencent.tmgp.sgame,discharging,1,33.4,74.9,100,95,0,15.81,0.22,0.11,31,3.963,1.503,5.956389,48633,26213,0,-
14:20:01.653,snap,fas,com.tencent.tmgp.sgame,discharging,1,33.4,75.3,100,95,0,15.81,0.22,0.11,31,3.96,1.466,5.80536,48633,26213,0,-
14:20:02.608,snap,fas,com.tencent.tmgp.sgame,discharging,1,33.4,75.3,100,95,0,15.66,0.18,0.09,31,3.964,1.493,5.918252,49324,26432,0,-
14:20:03.608,snap,fas,com.tencent.tmgp.sgame,discharging,1,33.4,75.7,100,95,0,15.66,0.18,0.09,33,3.963,1.557,6.170391,49324,26432,0,-
14:20:04.607,snap,fas,com.tencent.tmgp.sgame,discharging,1,33.4,75.7,100,95,0,15.54,0.15,0.07,38,3.957,1.622,6.418254,50489,26740,0,-
14:20:05.608,snap,fas,com.tencent.tmgp.sgame,discharging,1,33.4,78.1,100,95,0,15.54,0.15,0.07,43,3.953,1.709,6.755677,50489,26740,0,-
14:20:06.608,snap,fas,com.tencent.tmgp.sgame,discharging,1,33.4,80.9,100,95,0,15.26,0.12,0.06,46,3.952,1.748,6.908096,50887,26832,0,-
14:20:07.609,snap,fas,com.tencent.tmgp.sgame,discharging,1,33.4,80.9,100,95,0,15.26,0.12,0.06,45,3.954,1.737,6.868098,50887,26832,0,-
14:20:08.608,snap,fas,com.tencent.tmgp.sgame,discharging,1,33.4,80.9,100,95,0,15.39,0.1,0.05,47,3.954,1.76,6.95904,52216,27730,0,-
14:20:09.608,snap,fas,com.tencent.tmgp.sgame,discharging,1,33.4,80.9,100,95,0,15.39,0.1,0.05,63,3.949,1.843,7.278007,52216,27730,0,-
14:20:10.608,snap,fas,com.tencent.tmgp.sgame,discharging,1,33.4,81.3,100,95,0,15.32,0.08,0.04,53,3.95,1.861,7.35095,50753,26962,0,-
14:20:11.609,snap,fas,com.tencent.tmgp.sgame,discharging,1,33.4,81.3,100,95,0,15.32,0.08,0.04,52,3.95,1.799,7.10605,50753,26962,0,-
14:20:12.609,snap,fas,com.tencent.tmgp.sgame,discharging,1,33.4,81.7,100,95,0,15.26,0.06,0.03,57,3.94,1.803,7.10382,50217,26796,0,-
14:20:13.609,snap,fas,com.tencent.tmgp.sgame,discharging,1,33.4,81.7,100,95,0,15.26,0.06,0.03,57,3.948,1.839,7.2603717,50217,26796,0,-
14:20:14.609,snap,fas,com.tencent.tmgp.sgame,discharging,1,33.4,82.1,100,95,0,15.03,0.05,0.02,57,3.947,1.82,7.1835403,50217,26796,0,-
14:20:15.609,snap,fas,com.tencent.tmgp.sgame,discharging,1,33.4,81.7,100,95,0,15.03,0.05,0.02,42,3.949,1.709,6.748841,49357,25437,0,-
14:20:16.609,snap,fas,com.tencent.tmgp.sgame,discharging,1,33.4,81.7,100,95,0,14.84,0.04,0.02,49,3.953,1.716,6.783348,49357,25437,0,-
14:20:17.609,snap,fas,com.tencent.tmgp.sgame,discharging,1,33.4,81.3,100,95,0,14.69,0.03,0.01,54,3.953,1.712,6.767536,49945,26079,0,-
14:20:18.609,snap,fas,com.tencent.tmgp.sgame,discharging,1,33.4,80.9,100,95,0,14.69,0.03,0.01,47,3.945,1.723,6.797235,49945,26079,0,-
14:20:19.610,snap,fas,com.tencent.tmgp.sgame,discharging,1,33.4,80.1,100,95,0,14.56,0.02,0.01,45,3.952,1.619,6.398288,50860,27530,0,-
14:20:20.610,snap,fas,com.tencent.tmgp.sgame,discharging,1,33.4,79.7,100,95,0,14.56,0.02,0.01,49,3.954,1.528,6.041712,50860,27530,0,-
14:20:21.610,snap,fas,com.tencent.tmgp.sgame,discharging,1,33.4,78.5,100,95,0,14.28,0.02,0.01,51,3.958,1.622,6.4198756,47594,24326,0,-
14:20:22.610,snap,fas,com.tencent.tmgp.sgame,discharging,1,33.4,78.5,100,95,0,14.28,0.02,0.01,46,3.961,1.601,6.341561,47594,24326,0,-
14:20:23.610,snap,fas,com.tencent.tmgp.sgame,discharging,1,33.4,78.5,100,95,0,14.59,0.01,0,54,3.958,1.644,6.5069523,52013,27611,0,-
14:20:24.610,snap,fas,com.tencent.tmgp.sgame,discharging,1,33.5,78.5,100,95,0,14.59,0.01,0,45,3.953,1.789,7.071917,52013,27611,0,-
14:20:25.610,snap,fas,com.tencent.tmgp.sgame,discharging,1,33.5,78.1,100,95,0,15.39,0.37,0.36,43,3.951,1.727,6.823377,53943,28178,0,-
14:20:26.611,snap,fas,com.tencent.tmgp.sgame,discharging,1,33.5,78.1,100,95,0,15.39,0.37,0.36,41,3.954,1.644,6.500376,53943,28178,0,-
14:20:27.610,snap,fas,com.tencent.tmgp.sgame,discharging,1,33.5,78.5,100,95,0,15.32,0.3,0.3,40,3.961,1.564,6.195004,50923,27013,0,-
14:20:28.612,snap,fas,com.tencent.tmgp.sgame,discharging,1,33.5,78.5,100,95,0,15.32,0.3,0.3,35,3.958,1.493,5.909294,50923,27013,0,-
14:20:29.611,snap,fas,com.tencent.tmgp.sgame,discharging,1,33.5,76.1,100,95,0,15.44,0.25,0.24,31,3.961,1.489,5.8979287,49709,26684,0,-
14:20:30.611,snap,fas,com.tencent.tmgp.sgame,discharging,1,33.5,76.1,100,95,0,15.44,0.25,0.24,33,3.963,1.532,6.071316,49709,26684,0,-
14:20:31.611,snap,fas,com.tencent.tmgp.sgame,discharging,1,33.5,78.5,100,95,0,15.18,0.2,0.2,47,3.959,1.687,6.6788335,49010,25402,0,-
14:20:32.611,snap,fas,com.tencent.tmgp.sgame,discharging,1,33.5,78.9,100,95,0,15.18,0.2,0.2,47,3.951,1.737,6.862887,49010,25402,0,-
14:20:33.611,snap,fas,com.tencent.tmgp.sgame,discharging,1,33.5,78.9,100,95,0,15.14,0.35,0.16,54,3.951,1.835,7.250085,50693,26929,0,-
14:20:34.611,snap,fas,com.tencent.tmgp.sgame,discharging,1,33.6,78.9,100,95,0,15.14,0.35,0.16,60,3.939,1.766,6.956274,50693,26929,0,-
14:20:35.611,snap,fas,com.tencent.tmgp.sgame,discharging,1,33.6,77.7,100,95,0,15.12,0.28,0.13,43,3.952,1.615,6.3824797,48261,25067,0,-
14:20:36.612,snap,fas,com.tencent.tmgp.sgame,discharging,1,33.6,77.7,100,95,0,15.12,0.28,0.13,51,3.953,1.568,6.198304,48261,25067,0,-
14:20:37.611,snap,fas,com.tencent.tmgp.sgame,discharging,1,33.6,77.7,100,95,0,14.91,0.23,0.11,45,3.954,1.582,6.255228,46769,24049,0,-
14:20:38.611,snap,fas,com.tencent.tmgp.sgame,discharging,1,33.6,77.7,100,95,0,14.91,0.23,0.11,48,3.96,1.644,6.51024,46769,24049,0,-
14:20:39.611,snap,fas,com.tencent.tmgp.sgame,discharging,1,33.6,79.3,100,95,0,14.75,0.19,0.09,44,3.957,1.677,6.635889,46769,24049,0,-
14:20:40.612,snap,fas,com.tencent.tmgp.sgame,discharging,1,33.6,81.3,100,95,0,14.75,0.19,0.09,52,3.95,1.789,7.0665503,50026,27250,0,-
14:20:41.612,snap,fas,com.tencent.tmgp.sgame,discharging,1,33.6,81.7,100,95,0,14.97,0.15,0.07,55,3.946,1.882,7.426372,50026,27250,0,-
14:20:42.612,snap,fas,com.tencent.tmgp.sgame,discharging,1,33.6,81.3,100,95,0,14.97,0.15,0.07,50,3.946,1.795,7.08307,51354,27542,0,-
14:20:43.612,snap,fas,com.tencent.tmgp.sgame,discharging,1,33.6,80.1,100,95,0,14.98,0.3,0.06,44,3.95,1.68,6.6359997,51354,27542,0,-
14:20:44.613,snap,fas,com.tencent.tmgp.sgame,discharging,1,33.6,79.7,100,95,0,14.98,0.3,0.06,39,3.956,1.68,6.64608,51156,27287,0,-
14:20:45.613,snap,fas,com.tencent.tmgp.sgame,discharging,1,33.6,80.1,100,95,0,16.07,0.61,0.23,41,3.94,1.651,6.50494,51156,27287,0,-
14:20:46.616,snap,fas,com.tencent.tmgp.sgame,discharging,1,33.6,80.1,100,95,0,16.07,0.61,0.23,50,3.949,1.658,6.547442,57568,31925,0,-
14:20:47.613,snap,fas,com.tencent.tmgp.sgame,discharging,1,33.6,80.9,100,95,0,16.07,0.61,0.23,50,3.949,1.658,6.547442,57568,31925,0,-
14:20:48.613,snap,fas,com.tencent.tmgp.sgame,discharging,1,33.6,80.9,100,95,0,16.24,0.5,0.18,42,3.944,1.655,6.52732,51817,27496,0,-
14:20:49.613,snap,fas,com.tencent.tmgp.sgame,discharging,1,33.6,80.9,100,95,0,16.24,0.5,0.18,41,3.939,1.752,6.901128,51817,27496,0,-
14:20:50.614,snap,fas,com.tencent.tmgp.sgame,discharging,1,33.6,78.1,100,95,0,15.83,0.41,0.15,40,3.955,1.604,6.3438196,51381,27353,0,-
14:20:51.613,snap,fas,com.tencent.tmgp.sgame,discharging,1,33.6,78.1,100,95,0,15.83,0.41,0.15,44,3.957,1.604,6.347028,51381,27353,0,-
14:20:52.614,snap,fas,com.tencent.tmgp.sgame,discharging,1,33.6,78.1,100,95,0,15.86,0.33,0.12,43,3.955,1.543,6.102565,49920,26170,0,-
14:20:53.614,snap,fas,com.tencent.tmgp.sgame,discharging,1,33.6,78.5,100,95,0,15.86,0.33,0.12,42,3.955,1.561,6.1737547,49920,26170,0,-
14:20:54.614,snap,fas,com.tencent.tmgp.sgame,discharging,1,33.7,79.7,100,95,0,16.07,0.27,0.1,39,3.952,1.709,6.753968,52800,28872,0,-
14:20:55.616,snap,fas,com.tencent.tmgp.sgame,discharging,1,33.7,79.7,100,95,0,16.07,0.27,0.1,36,3.956,1.59,6.2900405,52800,28872,0,-
14:20:56.616,snap,fas,com.tencent.tmgp.sgame,discharging,1,33.7,80.1,100,95,0,16.05,0.22,0.08,39,3.955,1.644,6.50202,51511,27317,0,-
14:20:57.616,snap,fas,com.tencent.tmgp.sgame,discharging,1,33.7,80.1,100,95,0,16.05,0.22,0.08,47,3.956,1.665,6.58674,51511,27317,0,-
14:20:58.616,snap,fas,com.tencent.tmgp.sgame,discharging,1,33.7,80.1,100,95,0,15.86,0.18,0.06,54,3.947,1.77,6.98619,51402,27335,0,-
14:20:59.616,snap,fas,com.tencent.tmgp.sgame,discharging,1,33.7,79.7,100,95,0,15.86,0.18,0.06,52,3.946,1.766,6.9686365,51402,27335,0,-
14:21:00.617,snap,fas,com.tencent.tmgp.sgame,discharging,1,33.7,79.7,100,95,0,15.52,0.15,0.05,50,3.951,1.702,6.724602,48048,24056,0,-
14:21:01.617,snap,fas,com.tencent.tmgp.sgame,discharging,1,33.7,80.9,100,95,0,15.52,0.15,0.05,51,3.946,1.716,6.771336,48048,24056,0,-
14:21:02.616,snap,fas,com.tencent.tmgp.sgame,discharging,1,33.7,80.9,100,95,0,15.61,0.12,0.04,47,3.948,1.694,6.687912,52059,29185,0,-
14:21:03.616,snap,fas,com.tencent.tmgp.sgame,discharging,1,33.7,79.3,100,95,0,15.61,0.12,0.04,43,3.948,1.644,6.4905124,52059,29185,0,-
14:21:04.617,snap,fas,com.tencent.tmgp.sgame,discharging,1,33.7,79.3,100,95,0,15.5,0.1,0.03,42,3.948,1.636,6.458928,48043,25336,0,-
14:21:05.617,snap,fas,com.tencent.tmgp.sgame,discharging,1,33.7,80.1,100,95,0,15.5,0.1,0.03,43,3.95,1.64,6.478,48043,25336,0,-
14:21:06.617,snap,fas,com.tencent.tmgp.sgame,discharging,1,33.7,80.1,100,95,0,15.41,0.08,0.03,39,3.95,1.601,6.32395,48043,25336,0,-
14:21:07.617,snap,fas,com.tencent.tmgp.sgame,discharging,1,33.7,77.1,100,95,0,15.41,0.08,0.03,41,3.954,1.557,6.1563783,48743,26794,0,-
14:21:08.617,snap,fas,com.tencent.tmgp.sgame,discharging,1,33.7,75.7,100,95,0,15.33,0.06,0.02,33,3.957,1.438,5.690166,48743,26794,0,-
14:21:09.617,snap,fas,com.tencent.tmgp.sgame,discharging,1,33.7,75.7,100,95,0,15.33,0.06,0.02,31,3.959,1.431,5.665329,48660,25760,0,-
14:21:10.619,snap,fas,com.tencent.tmgp.sgame,discharging,1,33.7,76.5,100,95,0,15.45,0.05,0.01,31,3.957,1.474,5.8326178,48660,25760,0,-
14:21:11.618,snap,fas,com.tencent.tmgp.sgame,discharging,1,33.7,76.5,100,95,0,15.45,0.05,0.01,34,3.956,1.493,5.906308,50204,27234,0,-
14:21:12.618,snap,fas,com.tencent.tmgp.sgame,discharging,1,33.7,74.9,100,95,0,15.73,0.04,0.01,36,3.962,1.441,5.709242,50204,27234,0,-
14:21:13.618,snap,fas,com.tencent.tmgp.sgame,discharging,1,33.7,74.9,100,95,0,15.73,0.04,0.01,37,3.96,1.441,5.70636,48967,25905,0,-
14:21:14.618,snap,fas,com.tencent.tmgp.sgame,discharging,1,33.7,75.3,100,95,0,15.6,0.03,0.01,35,3.947,1.438,5.675786,48967,25905,0,-
14:21:15.619,snap,fas,com.tencent.tmgp.sgame,discharging,1,33.7,76.1,100,95,0,15.6,0.03,0.01,33,3.956,1.499,5.930044,51957,27799,0,-
14:21:16.618,snap,fas,com.tencent.tmgp.sgame,discharging,1,33.7,77.7,100,95,0,15.67,0.02,0.01,36,3.957,1.47,5.81679,51957,27799,0,-
14:21:17.619,snap,fas,com.tencent.tmgp.sgame,discharging,1,33.7,77.7,100,95,0,15.67,0.02,0.01,35,3.964,1.456,5.771584,45965,22726,0,-
14:21:18.619,snap,fas,com.tencent.tmgp.sgame,discharging,1,33.7,77.3,100,95,0,15.37,0.02,0,44,3.962,1.561,6.184682,45965,22726,0,-
14:21:19.619,snap,fas,com.tencent.tmgp.sgame,discharging,1,33.7,76.9,100,95,0,15.37,0.02,0,46,3.95,1.636,6.4622,50419,26701,0,-
14:21:20.619,snap,fas,com.tencent.tmgp.sgame,discharging,1,33.7,76.9,100,95,0,15.12,0.01,0,40,3.941,1.597,6.293777,50419,26701,0,-
14:21:21.619,snap,fas,com.tencent.tmgp.sgame,discharging,1,33.7,76.5,100,95,0,15.12,0.01,0,35,3.95,1.493,5.8973503,50305,26981,0,-
14:21:22.619,snap,fas,com.tencent.tmgp.sgame,discharging,1,33.7,76.5,100,95,0,15.1,0.01,0,35,3.955,1.499,5.9285445,50305,26981,0,-
14:21:23.620,snap,fas,com.tencent.tmgp.sgame,discharging,1,33.7,76.9,100,95,0,15.1,0.01,0,34,3.956,1.493,5.906308,50152,27303,0,-
14:21:24.619,snap,fas,com.tencent.tmgp.sgame,discharging,1,33.8,77.3,100,95,0,15.08,0.01,0,33,3.957,1.561,6.176877,50152,27303,0,-
14:21:25.620,snap,fas,com.tencent.tmgp.sgame,discharging,1,33.8,77.3,100,95,0,15.08,0.01,0,35,3.953,1.568,6.198304,49815,26984,0,-
14:21:26.620,snap,fas,com.tencent.tmgp.sgame,discharging,1,33.8,77.3,100,95,0,15.06,0.01,0,38,3.954,1.578,6.239412,49815,26984,0,-
14:21:27.620,snap,fas,com.tencent.tmgp.sgame,discharging,1,33.8,77.3,100,95,0,15.06,0.01,0,36,3.95,1.536,6.0672,49838,26649,0,-
14:21:28.620,snap,fas,com.tencent.tmgp.sgame,discharging,1,33.8,77.3,100,95,0,15.05,0,0,40,3.952,1.568,6.196736,49838,26649,0,-
14:21:29.620,snap,fas,com.tencent.tmgp.sgame,discharging,1,33.8,77.7,100,95,0,15.05,0,0,39,3.952,1.593,6.295536,51071,27198,0,-
14:21:30.620,snap,fas,com.tencent.tmgp.sgame,discharging,1,33.8,78.5,100,95,0,15.04,0,0,43,3.941,1.615,6.364715,51071,27198,0,-
14:21:31.620,snap,fas,com.tencent.tmgp.sgame,discharging,1,33.8,78.5,100,95,0,15.04,0,0,50,3.933,1.716,6.749028,49746,26514,0,-
14:21:32.620,snap,fas,com.tencent.tmgp.sgame,discharging,1,33.8,79.3,100,95,0,14.85,0,0,45,3.942,1.651,6.508242,49746,26514,0,-
14:21:33.621,snap,fas,com.tencent.tmgp.sgame,discharging,1,33.8,77.7,100,95,0,14.85,0,0,40,3.946,1.543,6.088678,49746,26514,0,-
14:21:34.621,snap,fas,com.tencent.tmgp.sgame,discharging,1,33.8,76.1,100,95,0,14.69,0,0,41,3.952,1.478,5.841056,47878,25207,0,-
14:21:35.621,snap,fas,com.tencent.tmgp.sgame,discharging,1,33.8,76.1,100,95,0,14.69,0,0,40,3.956,1.499,5.930044,47878,25207,0,-
14:21:36.621,snap,fas,com.tencent.tmgp.sgame,discharging,1,33.8,76.1,100,95,0,14.57,0,0,42,3.957,1.495,5.915715,48559,25854,0,-
14:21:37.621,snap,fas,com.tencent.tmgp.sgame,discharging,1,33.8,76.9,100,95,0,14.57,0,0,44,3.953,1.586,6.269458,48559,25854,0,-
14:21:38.621,snap,fas,com.tencent.tmgp.sgame,discharging,1,33.8,77.3,100,95,0,14.64,0,0,39,3.945,1.575,6.213375,49606,26731,0,-
14:21:39.621,snap,fas,com.tencent.tmgp.sgame,discharging,1,33.8,77.3,100,95,0,14.64,0,0,39,3.953,1.528,6.040184,49606,26731,0,-
14:21:40.622,snap,fas,com.tencent.tmgp.sgame,discharging,1,33.8,77.7,100,95,0,14.71,0,0,46,3.953,1.568,6.198304,49898,26127,0,-
14:21:41.622,snap,fas,com.tencent.tmgp.sgame,discharging,1,33.8,76.5,100,95,0,14.71,0,0,45,3.948,1.578,6.2299438,49898,26127,0,-
14:21:42.623,snap,fas,com.tencent.tmgp.sgame,discharging,1,33.8,77.7,100,95,0,14.76,0,0,46,3.948,1.619,6.391812,52450,28189,0,-
14:21:43.622,snap,fas,com.tencent.tmgp.sgame,discharging,1,33.8,78.9,100,95,0,14.76,0,0,47,3.945,1.698,6.69861,52450,28189,0,-
14:21:44.622,snap,fas,com.tencent.tmgp.sgame,discharging,1,33.8,80.1,100,95,0,14.8,0,0,53,3.946,1.68,6.62928,50418,25646,0,-
14:21:45.623,snap,fas,com.tencent.tmgp.sgame,discharging,1,33.8,82.4,100,95,0,14.8,0,0,66,3.951,1.712,6.764112,50418,25646,0,-
14:21:46.624,snap,fas,com.tencent.tmgp.sgame,discharging,1,33.8,82.4,100,95,0,14.66,0,0,62,3.939,1.882,7.4131975,51034,26210,0,-
14:21:47.623,snap,fas,com.tencent.tmgp.sgame,discharging,1,33.8,80.5,100,95,0,14.66,0,0,56,3.941,1.81,7.1332097,51034,26210,0,-
14:21:48.623,snap,fas,com.tencent.tmgp.sgame,discharging,1,33.8,80.5,100,95,0,14.54,0,0,55,3.934,1.789,7.037926,49281,24255,0,-
14:21:49.623,snap,fas,com.tencent.tmgp.sgame,discharging,1,33.8,82.1,100,95,0,14.54,0,0,55,3.94,1.76,6.9344,49281,24255,0,-
14:21:50.623,snap,fas,com.tencent.tmgp.sgame,discharging,1,33.8,82.1,100,95,0,14.08,0,0,51,3.941,1.763,6.947983,43838,21046,0,-
14:21:51.623,snap,fas,com.tencent.tmgp.sgame,discharging,1,33.8,79.3,100,95,0,14.08,0,0,59,3.952,1.59,6.28368,43838,21046,0,-
14:21:52.623,snap,fas,com.tencent.tmgp.sgame,discharging,1,33.8,79.3,100,95,0,13.52,0,0,56,3.953,1.644,6.498732,36865,14389,0,-
14:21:53.623,snap,fas,com.tencent.tmgp.sgame,discharging,1,33.8,79.3,100,95,0,13.52,0,0,57,3.944,1.572,6.1999683,36865,14389,0,-
14:21:54.623,snap,fas,com.tencent.tmgp.sgame,discharging,1,33.8,80.5,100,95,0,13.06,0,0,68,3.939,1.789,7.0468707,46448,22969,0,-
14:21:55.624,snap,fas,com.tencent.tmgp.sgame,discharging,1,33.8,82.4,100,95,0,13.06,0,0,72,3.94,1.878,7.39932,46448,22969,0,-
14:21:56.624,snap,fas,com.tencent.tmgp.sgame,discharging,1,33.8,83.6,100,95,0,13.41,0,0,81,3.934,2.045,8.045031,50815,28038,0,-
14:21:57.624,snap,fas,com.tencent.tmgp.sgame,discharging,1,33.8,84.4,100,95,0,13.41,0,0,72,3.927,2.002,7.8618546,50815,28038,0,-
14:21:58.624,snap,fas,com.tencent.tmgp.sgame,discharging,1,33.8,83.6,100,95,0,13.88,0,0,68,3.936,1.98,7.79328,50815,28038,0,-
14:21:59.624,snap,fas,com.tencent.tmgp.sgame,discharging,1,33.8,83.6,100,95,0,13.88,0,0,61,3.923,1.868,7.328164,52085,28110,0,-
14:22:00.624,snap,fas,com.tencent.tmgp.sgame,discharging,1,33.8,82.1,100,95,0,13.9,0,0,50,3.936,1.745,6.86832,52085,28110,0,-
14:22:01.625,snap,fas,com.tencent.tmgp.sgame,discharging,1,33.8,79.1,100,95,0,13.9,0,0,50,3.941,1.547,6.0967274,42634,19939,0,-
14:22:02.624,snap,fas,com.tencent.tmgp.sgame,discharging,1,33.8,76.5,100,95,0,13.56,0,0,45,3.947,1.499,5.916553,42634,19939,0,-
14:22:03.624,snap,fas,com.tencent.tmgp.sgame,discharging,1,33.8,76.5,100,95,0,13.56,0,0,36,3.954,1.352,5.345808,33924,12807,0,-
14:22:04.625,snap,fas,com.tencent.tmgp.sgame,discharging,1,33.9,76.9,100,95,0,12.73,0,0,39,3.957,1.366,5.4052625,33924,12807,0,-
14:22:05.625,snap,fas,com.tencent.tmgp.sgame,discharging,1,33.9,78.1,100,95,0,12.73,0,0,51,3.939,1.445,5.691855,32883,11642,0,-
14:22:06.625,snap,fas,com.tencent.tmgp.sgame,discharging,1,33.9,79.3,100,95,0,12.23,0,0,47,3.948,1.532,6.0483356,32883,11642,0,-
14:22:07.625,snap,fas,com.tencent.tmgp.sgame,discharging,1,33.9,79.3,100,95,0,12.23,0,0,40,3.944,1.716,6.767904,48146,24952,0,-
14:22:08.625,snap,fas,com.tencent.tmgp.sgame,discharging,1,33.9,79.7,100,95,0,12.55,0,0,38,3.949,1.669,6.590881,48146,24952,0,-
14:22:09.625,snap,fas,com.tencent.tmgp.sgame,discharging,1,33.9,80.1,100,95,0,12.55,0,0,41,3.945,1.648,6.50136,51997,28405,0,-
14:22:10.625,snap,fas,com.tencent.tmgp.sgame,discharging,1,33.9,81.3,100,95,0,12.81,0,0,42,3.934,1.734,6.821556,51997,28405,0,-
14:22:11.626,snap,fas,com.tencent.tmgp.sgame,discharging,1,33.9,81.7,100,95,0,12.81,0,0,49,3.945,1.658,6.5408096,49378,25781,0,-
14:22:12.626,snap,fas,com.tencent.tmgp.sgame,discharging,1,33.9,81.7,100,95,0,13.21,0,0,46,3.945,1.76,6.9431996,49378,25781,0,-
14:22:13.626,snap,fas,com.tencent.tmgp.sgame,discharging,1,33.9,81.7,100,95,0,13.21,0,0,47,3.929,1.791,7.036839,52851,28856,0,-
14:22:14.627,snap,fas,com.tencent.tmgp.sgame,discharging,1,33.9,82.1,100,95,0,13.71,0,0,47,3.942,1.694,6.6777477,52851,28856,0,-
14:22:15.626,snap,fas,com.tencent.tmgp.sgame,discharging,1,33.9,81.3,100,95,0,13.71,0,0,47,3.945,1.76,6.9431996,50084,27276,0,-
14:22:16.626,snap,fas,com.tencent.tmgp.sgame,discharging,1,33.9,82.1,100,95,0,13.77,0,0,41,3.931,1.727,6.788837,50084,27276,0,-
14:22:17.627,snap,fas,com.tencent.tmgp.sgame,discharging,1,33.9,81.3,100,95,0,13.77,0,0,42,3.928,1.706,6.701168,49677,26778,0,-
14:22:18.627,snap,fas,com.tencent.tmgp.sgame,discharging,1,33.9,78.9,100,95,0,13.99,0,0,41,3.949,1.607,6.3460426,49677,26778,0,-
14:22:19.627,snap,fas,com.tencent.tmgp.sgame,discharging,1,33.9,78.9,100,95,0,13.99,0,0,48,3.938,1.507,5.934566,40633,16633,0,-
14:22:20.627,snap,fas,com.tencent.tmgp.sgame,discharging,1,33.9,77.7,100,95,0,13.45,0,0,37,3.95,1.518,5.9961,40633,16633,0,-
14:22:21.627,snap,fas,com.tencent.tmgp.sgame,discharging,1,33.9,77.7,100,95,0,13.45,0,0,36,3.948,1.495,5.90226,46465,24164,0,-
14:22:22.628,snap,fas,com.tencent.tmgp.sgame,discharging,1,33.9,77.7,100,95,0,13.55,0,0,31,3.95,1.435,5.6682496,46465,24164,0,-
14:22:23.628,snap,fas,com.tencent.tmgp.sgame,discharging,1,33.9,77.7,100,95,0,13.55,0,0,34,3.943,1.47,5.7962103,48305,25256,0,-
14:22:24.628,snap,fas,com.tencent.tmgp.sgame,discharging,1,34,78.1,100,95,0,13.81,0,0,49,3.949,1.547,6.109103,48305,25256,0,-
14:22:25.628,snap,fas,com.tencent.tmgp.sgame,discharging,1,34,78.5,100,95,0,13.81,0,0,46,3.945,1.636,6.45402,48305,25256,0,-
14:22:26.628,snap,fas,com.tencent.tmgp.sgame,discharging,1,34,78.5,100,95,0,14.02,0,0,48,3.939,1.644,6.475716,50914,28041,0,-
14:22:27.628,snap,fas,com.tencent.tmgp.sgame,discharging,1,34,78.5,100,95,0,14.02,0,0,48,3.945,1.561,6.158145,50914,28041,0,-
14:22:28.629,snap,fas,com.tencent.tmgp.sgame,discharging,1,34,78.1,100,95,0,14.38,0,0,51,3.942,1.568,6.1810555,51169,27818,0,-
14:22:29.629,snap,fas,com.tencent.tmgp.sgame,discharging,1,34,78.5,100,95,0,14.38,0,0,47,3.944,1.575,6.2118,51169,27818,0,-
14:22:30.630,snap,fas,com.tencent.tmgp.sgame,discharging,1,34,78.5,100,95,0,14.31,0,0,45,3.95,1.518,5.9961,46818,23654,0,-
14:22:31.629,snap,fas,com.tencent.tmgp.sgame,discharging,1,34,80.5,100,95,0,14.31,0,0,56,3.953,1.687,6.668711,46818,23654,0,-
14:22:32.630,snap,fas,com.tencent.tmgp.sgame,discharging,1,34,80.5,100,95,0,14.25,0,0,59,3.938,1.803,7.100214,50429,27472,0,-
14:22:33.629,snap,fas,com.tencent.tmgp.sgame,discharging,1,34,82.8,100,95,0,14.25,0,0,69,3.938,1.872,7.371936,50429,27472,0,-
14:22:34.629,snap,fas,com.tencent.tmgp.sgame,discharging,1,34,83.2,100,95,0,14.39,0,0,77,3.921,1.98,7.76358,50363,27209,0,-
14:22:35.630,snap,fas,com.tencent.tmgp.sgame,discharging,1,34,84,100,95,0,14.39,0,0,67,3.93,1.99,7.8207,50363,27209,0,-
14:22:36.630,snap,fas,com.tencent.tmgp.sgame,discharging,1,34,85.2,100,95,0,14.5,0,0,76,3.939,1.882,7.4131975,49773,26755,0,-
14:22:37.630,snap,fas,com.tencent.tmgp.sgame,discharging,1,34,85.2,100,95,0,14.5,0,0,83,3.931,2.056,8.082136,49773,26755,0,-
14:22:38.630,snap,fas,com.tencent.tmgp.sgame,discharging,1,34,85.6,100,95,0,14.41,0,0,67,3.925,2.102,8.25035,48990,27049,0,-
14:22:39.631,snap,fas,com.tencent.tmgp.sgame,discharging,1,34,86.8,100,95,0,14.41,0,0,70,3.915,2.077,8.131454,48990,27049,0,-
14:22:40.631,snap,fas,com.tencent.tmgp.sgame,discharging,1,34,88.8,100,95,0,14.88,0,0,67,3.927,2.07,8.12889,49715,26987,0,-
14:22:41.631,snap,fas,com.tencent.tmgp.sgame,discharging,1,34,86.8,100,95,0,14.88,0,0,70,3.939,1.987,7.8267927,49715,26987,0,-
14:22:42.631,snap,fas,com.tencent.tmgp.sgame,discharging,1,34,85.6,100,95,0,14.72,0,0,59,3.93,1.961,7.70673,48697,25692,0,-
14:22:43.631,snap,fas,com.tencent.tmgp.sgame,discharging,1,34,82.6,100,95,0,14.72,0,0,48,3.932,1.785,7.0186195,48697,25692,0,-
14:22:44.631,snap,fas,com.tencent.tmgp.sgame,discharging,1,34.1,81.7,100,95,0,14.59,0,0,46,3.932,1.607,6.3187237,46503,23238,0,-
14:22:45.631,snap,fas,com.tencent.tmgp.sgame,discharging,1,34.1,79.7,100,95,0,14.59,0,0,56,3.944,1.547,6.1013684,46503,23238,0,-
14:22:46.631,snap,fas,com.tencent.tmgp.sgame,discharging,1,34.1,79.7,100,95,0,14.12,0,0,67,3.946,1.611,6.357006,47285,22760,0,-
14:22:47.631,snap,fas,com.tencent.tmgp.sgame,discharging,1,34.1,80.9,100,95,0,14.12,0,0,62,3.94,1.731,6.82014,47285,22760,0,-
14:22:48.632,snap,fas,com.tencent.tmgp.sgame,discharging,1,34.1,81.3,100,95,0,14.46,0,0,61,3.941,1.731,6.821871,52079,28262,0,-
14:22:49.632,snap,fas,com.tencent.tmgp.sgame,discharging,1,34.1,81.3,100,95,0,14.46,0,0,58,3.932,1.719,6.7591076,52079,28262,0,-
14:22:50.632,snap,fas,com.tencent.tmgp.sgame,discharging,1,34.1,81.3,100,95,0,14.37,0,0,63,3.929,1.734,6.8128858,52079,28262,0,-
14:22:51.632,snap,fas,com.tencent.tmgp.sgame,discharging,1,34.1,80.9,100,95,0,14.37,0,0,44,3.936,1.636,6.4392962,50840,27378,0,-
14:22:52.632,snap,fas,com.tencent.tmgp.sgame,discharging,1,34.1,78.5,100,95,0,14.49,0,0,35,3.944,1.575,6.2118,50840,27378,0,-
14:22:53.632,snap,fas,com.tencent.tmgp.sgame,discharging,1,34.1,78.5,100,95,0,14.49,0,0,33,3.944,1.572,6.1999683,47550,24117,0,-
14:22:54.633,snap,fas,com.tencent.tmgp.sgame,discharging,1,34.1,78.5,100,95,0,14.58,0,0,35,3.943,1.611,6.352173,47550,24117,0,-
14:22:55.633,snap,fas,com.tencent.tmgp.sgame,discharging,1,34.1,79.7,100,95,0,14.58,0,0,35,3.937,1.59,6.25983,52152,27748,0,-
14:22:56.633,snap,fas,com.tencent.tmgp.sgame,discharging,1,34.1,81.3,100,95,0,14.47,0,0,43,3.937,1.633,6.429121,52152,27748,0,-
14:22:57.633,snap,fas,com.tencent.tmgp.sgame,discharging,1,34.1,80.5,100,95,0,14.47,0,0,41,3.938,1.694,6.670972,52400,27852,0,-
14:22:58.633,snap,fas,com.tencent.tmgp.sgame,discharging,1,34.1,80.5,100,95,0,14.93,0,0,37,3.934,1.734,6.821556,52400,27852,0,-
14:22:59.633,snap,fas,com.tencent.tmgp.sgame,discharging,1,34.1,79.3,100,95,0,14.93,0,0,32,3.938,1.607,6.328366,52504,28965,0,-
14:23:00.633,snap,fas,com.tencent.tmgp.sgame,discharging,1,34.1,79.3,100,95,0,15.12,0,0,33,3.94,1.564,6.16216,52504,28965,0,-
14:23:01.633,snap,fas,com.tencent.tmgp.sgame,discharging,1,34.1,78.9,100,95,0,15.12,0,0,36,3.94,1.59,6.2646003,52178,27701,0,-
14:23:02.634,snap,fas,com.tencent.tmgp.sgame,discharging,1,34.1,79.3,100,95,0,15.1,0,0,35,3.941,1.636,6.447476,52178,27701,0,-
14:23:03.633,snap,fas,com.tencent.tmgp.sgame,discharging,1,34.1,79.3,100,95,0,15.1,0,0,37,3.944,1.622,6.397168,50838,26645,0,-
14:23:04.633,snap,fas,com.tencent.tmgp.sgame,discharging,1,34.2,80.5,100,95,0,15.08,0,0,38,3.945,1.665,6.5684247,50838,26645,0,-
14:23:05.634,snap,fas,com.tencent.tmgp.sgame,discharging,1,34.2,80.5,100,95,0,15.08,0,0,39,3.936,1.698,6.683328,51479,26979,0,-
14:23:06.633,snap,fas,com.tencent.tmgp.sgame,discharging,1,34.2,80.5,100,95,0,14.88,0,0,31,3.936,1.68,6.61248,51479,26979,0,-
14:23:07.634,snap,fas,com.tencent.tmgp.sgame,discharging,1,34.2,80.5,100,95,0,14.88,0,0,29,3.938,1.626,6.403188,51222,27340,0,-
14:23:08.634,snap,fas,com.tencent.tmgp.sgame,discharging,1,34.2,80.9,100,95,0,15.09,0,0,28,3.943,1.547,6.099821,51222,27340,0,-
14:23:09.634,snap,fas,com.tencent.tmgp.sgame,discharging,1,34.2,78.9,100,95,0,15.09,0,0,38,3.944,1.489,5.872616,48569,25741,0,-
14:23:10.634,snap,fas,com.tencent.tmgp.sgame,discharging,1,34.2,78.5,100,95,0,15.07,0,0,44,3.951,1.604,6.337404,48569,25741,0,-
14:23:11.634,snap,fas,com.tencent.tmgp.sgame,discharging,1,34.2,77.7,100,95,0,15.07,0,0,34,3.941,1.575,6.207075,48947,25803,0,-
14:23:12.634,snap,fas,com.tencent.tmgp.sgame,discharging,1,34.2,78.1,100,95,0,15.06,0,0,30,3.944,1.449,5.714856,48947,25803,0,-
14:23:13.634,snap,fas,com.tencent.tmgp.sgame,discharging,1,34.2,77.7,100,95,0,15.06,0,0,35,3.947,1.524,6.0152283,49854,26502,0,-
14:23:14.635,snap,fas,com.tencent.tmgp.sgame,discharging,1,34.2,78.1,100,95,0,15.23,0,0,37,3.944,1.593,6.282792,49854,26502,0,-
14:23:15.635,snap,fas,com.tencent.tmgp.sgame,discharging,1,34.2,78.9,100,95,0,15.23,0,0,37,3.94,1.655,6.5207,50816,27456,0,-
14:23:16.635,snap,fas,com.tencent.tmgp.sgame,discharging,1,34.2,78.9,100,95,0,15,0,0,34,3.942,1.651,6.508242,50816,27456,0,-
14:23:17.636,snap,fas,com.tencent.tmgp.sgame,discharging,1,34.2,78.1,100,95,0,15,0,0,31,3.941,1.59,6.26619,50816,27456,0,-
14:23:18.635,snap,fas,com.tencent.tmgp.sgame,discharging,1,34.2,78.1,100,95,0,14.64,0,0,40,3.941,1.485,5.852385,47318,24380,0,-
14:23:19.635,snap,fas,com.tencent.tmgp.sgame,discharging,1,34.2,80.1,100,95,0,14.64,0,0,39,3.938,1.636,6.4425683,47318,24380,0,-
14:23:20.635,snap,fas,com.tencent.tmgp.sgame,discharging,1,34.2,81.7,100,95,0,17.06,0.18,0.36,54,3.945,1.907,7.5231147,53262,26498,0,-
14:23:21.635,snap,fas,com.tencent.tmgp.sgame,discharging,1,34.2,82.4,100,95,0,17.06,0.18,0.36,52,3.937,1.857,7.311009,53262,26498,0,-
14:23:22.635,snap,fas,com.tencent.tmgp.sgame,discharging,1,34.2,82.4,100,95,0,16.68,0.14,0.29,40,3.931,1.799,7.071869,52898,28007,0,-
14:23:23.636,snap,fas,com.tencent.tmgp.sgame,discharging,1,34.2,81.3,100,95,0,16.68,0.14,0.29,48,3.937,1.677,6.6023493,52898,28007,0,-
14:23:24.636,snap,fas,com.tencent.tmgp.sgame,discharging,1,34.2,81.3,100,95,0,16.02,0.12,0.24,60,3.923,1.719,6.743637,46761,22218,0,-
14:23:25.636,snap,fas,com.tencent.tmgp.sgame,discharging,1,34.2,81.3,100,95,0,16.02,0.12,0.24,60,3.935,1.789,7.039715,46761,22218,0,-
14:23:26.636,snap,fas,com.tencent.tmgp.sgame,discharging,1,34.2,80.5,100,95,0,15.47,0.09,0.19,42,3.934,1.789,7.037926,47081,23517,0,-
14:23:27.636,snap,fas,com.tencent.tmgp.sgame,discharging,1,34.2,80.1,100,95,0,15.47,0.09,0.19,35,3.936,1.597,6.2857924,47081,23517,0,-
14:23:28.636,snap,fas,com.tencent.tmgp.sgame,discharging,1,34.2,80.1,100,95,0,15.2,0.08,0.16,37,3.938,1.572,6.190536,49385,26007,0,-
14:23:29.637,snap,fas,com.tencent.tmgp.sgame,discharging,1,34.2,81.3,100,95,0,15.2,0.08,0.16,40,3.941,1.601,6.3095407,49385,26007,0,-
14:23:30.637,snap,fas,com.tencent.tmgp.sgame,discharging,1,34.2,81.7,100,95,0,14.8,0.06,0.13,49,3.924,1.658,6.505992,47815,23161,0,-
14:23:31.637,snap,fas,com.tencent.tmgp.sgame,discharging,1,34.2,81.7,100,95,0,14.8,0.06,0.13,49,3.938,1.814,7.143532,47815,23161,0,-
14:23:32.637,snap,fas,com.tencent.tmgp.sgame,discharging,1,34.2,82.1,100,95,0,14.66,0.05,0.1,51,3.931,1.789,7.032559,48924,23171,0,-
14:23:33.637,snap,fas,com.tencent.tmgp.sgame,discharging,1,34.2,82.1,100,95,0,14.66,0.05,0.1,49,3.936,1.741,6.8525763,48924,23171,0,-
14:23:34.637,snap,fas,com.tencent.tmgp.sgame,discharging,1,34.2,81.3,100,95,0,14.54,0.04,0.08,40,3.934,1.698,6.6799316,50455,26132,0,-
14:23:35.637,snap,fas,com.tencent.tmgp.sgame,discharging,1,34.2,80.5,100,95,0,14.54,0.04,0.08,43,3.937,1.557,6.129909,50455,26132,0,-
14:23:36.637,snap,fas,com.tencent.tmgp.sgame,discharging,1,34.2,80.1,100,95,0,14.44,0.03,0.07,49,3.94,1.607,6.33158,46514,23855,0,-
14:23:37.638,snap,fas,com.tencent.tmgp.sgame,discharging,1,34.2,80.1,100,95,0,14.44,0.03,0.07,49,3.941,1.59,6.26619,46514,23855,0,-
14:23:38.638,snap,fas,com.tencent.tmgp.sgame,discharging,1,34.2,80.1,100,95,0,14.36,0.02,0.05,39,3.941,1.601,6.3095407,48297,25326,0,-
14:23:39.638,snap,fas,com.tencent.tmgp.sgame,discharging,1,34.2,80.5,100,95,0,14.36,0.02,0.05,40,3.939,1.553,6.1172667,48297,25326,0,-
14:23:40.638,snap,fas,com.tencent.tmgp.sgame,discharging,1,34.2,80.1,100,95,0,14.29,0.02,0.04,38,3.938,1.611,6.3441176,50167,26650,0,-
14:23:41.638,snap,fas,com.tencent.tmgp.sgame,discharging,1,34.2,80.1,100,95,0,14.29,0.02,0.04,41,3.939,1.622,6.3890576,50167,26650,0,-
14:23:42.639,snap,fas,com.tencent.tmgp.sgame,discharging,1,34.2,80.1,100,95,0,14.42,0.01,0.03,40,3.943,1.593,6.2811995,50167,26650,0,-
14:23:43.638,snap,fas,com.tencent.tmgp.sgame,discharging,1,34.2,79.3,100,95,0,14.42,0.01,0.03,49,3.939,1.572,6.192108,50820,27083,0,-
14:23:44.638,snap,fas,com.tencent.tmgp.sgame,discharging,1,34.2,79.3,100,95,0,14.7,0.01,0.03,46,3.934,1.604,6.310136,50820,27083,0,-
14:23:45.639,snap,fas,com.tencent.tmgp.sgame,discharging,1,34.2,78.1,100,95,0,14.7,0.01,0.03,43,3.937,1.518,5.976366,48639,25170,0,-
14:23:46.641,snap,fas,com.tencent.tmgp.sgame,discharging,1,34.2,78.1,100,95,0,14.58,0.01,0.02,35,3.942,1.493,5.885406,48639,25170,0,-
14:23:47.639,snap,fas,com.tencent.tmgp.sgame,discharging,1,34.2,78.1,100,95,0,14.58,0.01,0.02,41,3.93,1.402,5.50986,45223,22488,0,-
14:23:48.639,snap,fas,com.tencent.tmgp.sgame,discharging,1,34.2,78.9,100,95,0,14.29,0,0.02,41,3.945,1.524,6.0121803,45223,22488,0,-
14:23:49.639,snap,fas,com.tencent.tmgp.sgame,discharging,1,34.2,76.9,100,95,0,14.29,0,0.02,33,3.944,1.557,6.140808,49387,26654,0,-
14:23:50.639,snap,fas,com.tencent.tmgp.sgame,discharging,1,34.2,77.7,100,95,0,14.42,0,0.01,37,3.946,1.478,5.832188,49387,26654,0,-
14:23:51.639,snap,fas,com.tencent.tmgp.sgame,discharging,1,34.2,77.7,100,95,0,14.42,0,0.01,40,3.945,1.575,6.213375,48993,26220,0,-
14:23:52.639,snap,fas,com.tencent.tmgp.sgame,discharging,1,34.2,78.1,100,95,0,14.16,0,0.01,42,3.941,1.514,5.9666743,48993,26220,0,-
14:23:53.639,snap,fas,com.tencent.tmgp.sgame,discharging,1,34.2,78.1,100,95,0,14.16,0,0.01,47,3.935,1.59,6.25665,48587,24979,0,-
14:23:54.639,snap,fas,com.tencent.tmgp.sgame,discharging,1,34.3,78.5,100,95,0,14.13,0,0.01,48,3.934,1.677,6.597318,48587,24979,0,-
14:23:55.640,snap,fas,com.tencent.tmgp.sgame,discharging,1,34.3,78.9,100,95,0,14.13,0,0.01,51,3.939,1.698,6.6884217,48529,24395,0,-
14:23:56.640,snap,fas,com.tencent.tmgp.sgame,discharging,1,34.3,80.1,100,95,0,14.1,0,0,53,3.93,1.77,6.9561,48529,24395,0,-
14:23:57.640,snap,fas,com.tencent.tmgp.sgame,discharging,1,34.3,80.1,100,95,0,14.1,0,0,48,3.936,1.655,6.51408,50031,26826,0,-
14:23:58.640,snap,fas,com.tencent.tmgp.sgame,discharging,1,34.3,81.7,100,95,0,14.27,0,0,41,3.934,1.629,6.408486,50031,26826,0,-
14:23:59.641,snap,fas,com.tencent.tmgp.sgame,discharging,1,34.3,81.7,100,95,0,14.27,0,0,36,3.938,1.712,6.741856,49857,27684,0,-
14:24:00.641,snap,fas,com.tencent.tmgp.sgame,discharging,1,34.3,79.3,100,95,0,14.58,0,0,37,3.924,1.611,6.3215637,49857,27684,0,-
14:24:01.641,snap,fas,com.tencent.tmgp.sgame,discharging,1,34.3,78.1,100,95,0,14.58,0,0,37,3.94,1.524,6.0045605,48588,25560,0,-
14:24:02.642,snap,fas,com.tencent.tmgp.sgame,discharging,1,34.3,77.7,100,95,0,14.66,0,0,35,3.943,1.478,5.8277545,48588,25560,0,-
14:24:03.641,snap,fas,com.tencent.tmgp.sgame,discharging,1,34.3,77.3,100,95,0,14.66,0,0,33,3.944,1.521,5.998824,49682,25894,0,-
14:24:04.642,snap,fas,com.tencent.tmgp.sgame,discharging,1,34.3,77.7,100,95,0,14.72,0,0,35,3.933,1.547,6.0843515,49682,25894,0,-
14:24:05.641,snap,fas,com.tencent.tmgp.sgame,discharging,1,34.3,77.7,100,95,0,14.72,0,0,43,3.944,1.493,5.888392,49783,26252,0,-
14:24:06.641,snap,fas,com.tencent.tmgp.sgame,discharging,1,34.3,77.7,100,95,0,14.77,0,0,44,3.94,1.518,5.9809203,49783,26252,0,-
14:24:07.641,snap,fas,com.tencent.tmgp.sgame,discharging,1,34.3,77.7,100,95,0,14.77,0,0,41,3.933,1.524,5.993892,47729,24464,0,-
14:24:08.642,snap,fas,com.tencent.tmgp.sgame,discharging,1,34.3,78.1,100,95,0,14.63,0,0,45,3.941,1.493,5.883913,47729,24464,0,-
14:24:09.642,snap,fas,com.tencent.tmgp.sgame,discharging,1,34.3,78.1,100,95,0,14.63,0,0,46,3.939,1.561,6.148779,47729,24464,0,-
14:24:10.643,snap,fas,com.tencent.tmgp.sgame,discharging,1,34.3,78.1,100,95,0,14.69,0,0,46,3.926,1.561,6.128486,50385,26721,0,-
14:24:11.642,snap,fas,com.tencent.tmgp.sgame,discharging,1,34.3,76.1,100,95,0,14.69,0,0,32,3.938,1.499,5.903062,50385,26721,0,-
14:24:12.643,snap,fas,com.tencent.tmgp.sgame,discharging,1,34.3,76.1,100,95,0,14.57,0,0,32,3.942,1.352,5.3295836,45530,22645,0,-
14:24:13.643,snap,fas,com.tencent.tmgp.sgame,discharging,1,34.3,77.7,100,95,0,14.57,0,0,37,3.942,1.518,5.983956,45530,22645,0,-
14:24:14.642,snap,fas,com.tencent.tmgp.sgame,discharging,1,34.3,77.7,100,95,0,14.65,0,0,39,3.941,1.597,6.293777,51119,27936,0,-
14:24:15.642,snap,fas,com.tencent.tmgp.sgame,discharging,1,34.3,79.3,100,95,0,14.65,0,0,47,3.937,1.698,6.6850257,51119,27936,0,-
14:24:16.643,snap,fas,com.tencent.tmgp.sgame,discharging,1,34.3,80.9,100,95,0,14.53,0,0,47,3.925,1.694,6.64895,48952,25211,0,-
14:24:17.643,snap,fas,com.tencent.tmgp.sgame,discharging,1,34.3,82.1,100,95,0,14.53,0,0,58,3.926,1.803,7.078578,48952,25211,0,-
14:24:18.643,snap,fas,com.tencent.tmgp.sgame,discharging,1,34.3,82.1,100,95,0,14.43,0,0,54,3.922,1.832,7.185104,48624,24667,0,-
14:24:19.643,snap,fas,com.tencent.tmgp.sgame,discharging,1,34.3,82.1,100,95,0,14.43,0,0,53,3.928,1.849,7.2628717,48624,24667,0,-
14:24:20.643,snap,fas,com.tencent.tmgp.sgame,discharging,1,34.3,82.8,100,95,0,14.35,0,0,66,3.926,1.983,7.7852583,49587,26004,0,-
14:24:21.643,snap,fas,com.tencent.tmgp.sgame,discharging,1,34.3,82.8,100,95,0,14.35,0,0,62,3.92,1.893,7.4205604,49587,26004,0,-
14:24:22.643,snap,fas,com.tencent.tmgp.sgame,discharging,1,34.3,82.4,100,95,0,14.11,0,0,58,3.927,1.82,7.1471405,46734,24394,0,-
14:24:23.644,snap,fas,com.tencent.tmgp.sgame,discharging,1,34.3,82.1,100,95,0,14.11,0,0,51,3.925,1.626,6.38205,46734,24394,0,-
14:24:24.643,snap,fas,com.tencent.tmgp.sgame,discharging,1,34.3,82.1,100,95,0,13.9,0,0,44,3.933,1.731,6.808023,47542,24717,0,-
14:24:25.644,snap,fas,com.tencent.tmgp.sgame,discharging,1,34.3,82.1,100,95,0,13.9,0,0,49,3.927,1.77,6.95079,47542,24717,0,-
14:24:26.644,snap,fas,com.tencent.tmgp.sgame,discharging,1,34.3,82.1,100,95,0,13.92,0,0,58,3.92,1.781,6.98152,49191,26069,0,-
14:24:27.647,snap,fas,com.tencent.tmgp.sgame,discharging,1,34.3,82.1,100,95,0,13.92,0,0,45,3.929,1.665,6.541785,49191,26069,0,-
14:24:28.644,snap,fas,com.tencent.tmgp.sgame,discharging,1,34.3,82.1,100,95,0,13.93,0,0,42,3.934,1.636,6.436024,48511,25675,0,-
14:24:29.644,snap,fas,com.tencent.tmgp.sgame,discharging,1,34.3,82.1,100,95,0,13.93,0,0,49,3.93,1.727,6.7871103,48511,25675,0,-
14:24:30.644,snap,fas,com.tencent.tmgp.sgame,discharging,1,34.3,82.1,100,95,0,14.13,0,0,60,3.934,1.878,7.388052,48675,26171,0,-
14:24:31.646,snap,fas,com.tencent.tmgp.sgame,discharging,1,34.3,83.6,100,95,0,14.13,0,0,64,3.927,1.918,7.531986,48675,26171,0,-
14:24:32.645,snap,fas,com.tencent.tmgp.sgame,discharging,1,34.3,85.6,100,95,0,14.28,0,0,68,3.925,1.98,7.7715,51413,26910,0,-
14:24:33.656,snap,fas,com.tencent.tmgp.sgame,discharging,1,34.3,86.4,100,95,0,14.28,0,0,68,3.915,2.102,8.22933,51413,26910,0,-
14:24:34.647,snap,fas,com.tencent.tmgp.sgame,discharging,1,34.3,87.2,100,95,0,17.13,1.63,0.36,56,3.919,2.232,8.747209,51413,26910,0,-
14:24:35.646,snap,fas,com.tencent.tmgp.sgame,discharging,1,34.3,88.8,100,95,0,17.13,1.63,0.36,30,3.919,2.077,8.139763,54007,24525,0,-
14:24:36.645,snap,fas,com.tencent.tmgp.sgame,discharging,1,34.3,88.8,100,95,0,20.91,1.87,1.2,45,3.918,1.973,7.730214,54007,24525,0,-
14:24:37.646,snap,fas,com.tencent.tmgp.sgame,discharging,1,34.3,85.8,100,95,0,20.91,1.87,1.2,62,3.913,2.009,7.8612175,53087,26953,0,-
14:24:38.647,snap,fas,com.tencent.tmgp.sgame,discharging,1,34.3,85.2,100,95,0,19.84,1.71,1.16,55,3.925,1.814,7.11995,53087,26953,0,-
14:24:39.646,snap,fas,com.tencent.tmgp.sgame,discharging,1,34.3,84.8,100,95,0,19.84,1.71,1.16,58,3.92,1.81,7.0952,50907,27468,0,-
14:24:40.646,snap,fas,com.tencent.tmgp.sgame,discharging,1,34.3,82.8,100,95,0,18.78,1.4,0.95,44,3.922,1.706,6.690932,50907,27468,0,-
14:24:41.646,snap,fas,com.tencent.tmgp.sgame,discharging,1,34.3,82.8,100,95,0,18.78,1.4,0.95,41,3.926,1.604,6.297304,47094,24197,0,-
14:24:42.648,snap,fas,com.tencent.tmgp.sgame,discharging,1,34.3,83.2,100,95,0,17.73,1.15,0.78,57,3.925,1.789,7.021825,47094,24197,0,-
14:24:43.646,snap,fas,com.tencent.tmgp.sgame,discharging,1,34.3,83.2,100,95,0,17.73,1.15,0.78,58,3.922,1.897,7.440034,50085,27192,0,-
14:24:44.647,snap,fas,com.tencent.tmgp.sgame,discharging,1,34.4,83.6,100,95,0,17.05,0.94,0.63,53,3.923,1.777,6.971171,50085,27192,0,-
14:24:45.647,snap,fas,com.tencent.tmgp.sgame,discharging,1,34.4,84,100,95,0,17.05,0.94,0.63,64,3.916,1.824,7.1427836,47223,24228,0,-
14:24:46.647,snap,fas,com.tencent.tmgp.sgame,discharging,1,34.4,86.8,100,95,0,16.5,0.77,0.52,69,3.916,2.063,8.078708,47223,24228,0,-
14:24:47.647,snap,fas,com.tencent.tmgp.sgame,discharging,1,34.4,88.4,100,95,0,16.5,0.77,0.52,75,3.913,2.149,8.409037,46104,23333,0,-
14:24:48.647,snap,fas,com.tencent.tmgp.sgame,discharging,1,34.4,88.8,100,95,0,15.86,0.63,0.42,67,3.912,2.073,8.109575,46104,23333,0,-
14:24:49.647,snap,fas,com.tencent.tmgp.sgame,discharging,1,34.4,88.8,100,95,0,15.86,0.63,0.42,72,3.915,2.128,8.33112,50605,27548,0,-
14:24:50.648,snap,fas,com.tencent.tmgp.sgame,discharging,1,34.4,88.8,100,95,0,16.07,0.69,0.35,79,3.909,2.197,8.588073,50605,27548,0,-
14:24:51.647,snap,fas,com.tencent.tmgp.sgame,discharging,1,34.4,88.8,100,95,0,16.07,0.69,0.35,71,3.909,2.149,8.40044,50685,28257,0,-
14:24:52.648,snap,fas,com.tencent.tmgp.sgame,discharging,1,34.4,88,100,95,0,16.06,0.57,0.28,63,3.911,1.987,7.771157,50685,28257,0,-
14:24:53.647,snap,fas,com.tencent.tmgp.sgame,discharging,1,34.4,88,100,95,0,16.06,0.57,0.28,67,3.916,1.965,7.69494,52010,28806,0,-
14:24:54.648,snap,fas,com.tencent.tmgp.sgame,discharging,1,34.5,88.4,100,95,0,15.86,0.46,0.23,64,3.916,1.987,7.7810917,52010,28806,0,-
14:24:55.648,snap,fas,com.tencent.tmgp.sgame,discharging,1,34.5,89.2,100,95,0,15.86,0.46,0.23,68,3.91,2.095,8.19145,50085,27435,0,-
14:24:56.648,snap,fas,com.tencent.tmgp.sgame,discharging,1,34.5,89.2,100,95,0,15.71,0.38,0.37,72,3.909,2.045,7.993905,50085,27435,0,-
14:24:57.648,snap,fas,com.tencent.tmgp.sgame,discharging,1,34.5,86.2,100,95,0,15.71,0.38,0.37,57,3.917,1.889,7.3992133,51280,27218,0,-
14:24:58.648,snap,fas,com.tencent.tmgp.sgame,discharging,1,34.5,84.8,100,95,0,15.4,0.31,0.3,58,3.926,1.803,7.078578,51280,27218,0,-
14:24:59.648,snap,fas,com.tencent.tmgp.sgame,discharging,1,34.5,84.8,100,95,0,15.4,0.31,0.3,60,3.921,1.818,7.128378,44449,20699,0,-
14:25:00.648,snap,fas,com.tencent.tmgp.sgame,discharging,1,34.5,84.8,100,95,0,14.6,0.25,0.25,56,3.925,1.752,6.8766,44449,20699,0,-
14:25:01.648,snap,fas,com.tencent.tmgp.sgame,discharging,1,34.5,84.4,100,95,0,14.6,0.25,0.25,57,3.915,1.814,7.10181,44449,20699,0,-
14:25:02.649,snap,fas,com.tencent.tmgp.sgame,discharging,1,34.5,83.6,100,95,0,14.67,0.2,0.2,48,3.925,1.683,6.605775,49838,26280,0,-
14:25:03.649,snap,fas,com.tencent.tmgp.sgame,discharging,1,34.5,82.8,100,95,0,14.67,0.2,0.2,60,3.923,1.756,6.888788,49838,26280,0,-
14:25:04.649,snap,fas,com.tencent.tmgp.sgame,discharging,1,34.6,83.6,100,95,0,14.73,0.17,0.16,52,3.93,1.662,6.53166,51761,28025,0,-
14:25:05.652,snap,fas,com.tencent.tmgp.sgame,discharging,1,34.6,82.4,100,95,0,14.73,0.17,0.16,45,3.932,1.626,6.393432,51761,28025,0,-
14:25:06.649,snap,fas,com.tencent.tmgp.sgame,discharging,1,34.6,80.5,100,95,0,14.6,0.14,0.13,49,3.931,1.593,6.262083,48529,25060,0,-
14:25:07.649,snap,fas,com.tencent.tmgp.sgame,discharging,1,34.6,80.5,100,95,0,14.6,0.14,0.13,42,3.922,1.626,6.377172,48529,25060,0,-
14:25:08.649,snap,fas,com.tencent.tmgp.sgame,discharging,1,34.6,81.3,100,95,0,14.49,0.11,0.11,46,3.928,1.658,6.512624,49127,25495,0,-
14:25:09.649,snap,fas,com.tencent.tmgp.sgame,discharging,1,34.6,81.7,100,95,0,14.49,0.11,0.11,44,3.93,1.706,6.70458,49127,25495,0,-
14:25:10.649,snap,fas,com.tencent.tmgp.sgame,discharging,1,34.6,84,100,95,0,14.58,0.09,0.09,44,3.928,1.727,6.783656,49935,25829,0,-
14:25:11.649,snap,fas,com.tencent.tmgp.sgame,discharging,1,34.6,82.8,100,95,0,14.58,0.09,0.09,47,3.926,1.727,6.7802024,49935,25829,0,-
14:25:12.650,snap,fas,com.tencent.tmgp.sgame,discharging,1,34.6,84,100,95,0,14.47,0.07,0.07,69,3.923,1.828,7.171244,50619,26111,0,-
14:25:13.653,snap,fas,com.tencent.tmgp.sgame,discharging,1,34.6,82.8,100,95,0,14.47,0.07,0.07,55,3.912,1.791,7.006392,50619,26111,0,-
14:25:14.650,snap,fas,com.tencent.tmgp.sgame,discharging,1,34.6,83.2,100,95,0,14.47,0.07,0.07,55,3.912,1.791,7.006392,51970,27885,0,-
14:25:15.652,snap,fas,com.tencent.tmgp.sgame,discharging,1,34.6,83.2,100,95,0,14.75,0.06,0.06,42,3.926,1.727,6.7802024,51970,27885,0,-
14:25:16.650,snap,fas,com.tencent.tmgp.sgame,discharging,1,34.6,83.2,100,95,0,14.75,0.06,0.06,43,3.927,1.731,6.797637,52291,28270,0,-
14:25:17.650,snap,fas,com.tencent.tmgp.sgame,discharging,1,34.6,83.2,100,95,0,14.61,0.05,0.04,57,3.922,1.818,7.1301956,52291,28270,0,-
14:25:18.650,snap,fas,com.tencent.tmgp.sgame,discharging,1,34.6,81.3,100,95,0,14.61,0.05,0.04,56,3.921,1.814,7.1126943,48650,25263,0,-
14:25:19.650,snap,fas,com.tencent.tmgp.sgame,discharging,1,34.6,79.3,100,95,0,14.32,0.04,0.04,52,3.924,1.68,6.59232,48650,25263,0,-
14:25:20.650,snap,fas,com.tencent.tmgp.sgame,discharging,1,34.6,79.3,100,95,0,14.32,0.04,0.04,42,3.919,1.524,5.972556,45987,22875,0,-
14:25:21.651,snap,fas,com.tencent.tmgp.sgame,discharging,1,34.6,79.3,100,95,0,14.26,0.03,0.03,40,3.921,1.524,5.975604,45987,22875,0,-
14:25:22.651,snap,fas,com.tencent.tmgp.sgame,discharging,1,34.6,80.9,100,95,0,14.26,0.03,0.03,44,3.93,1.586,6.23298,45544,21479,0,-
14:25:23.652,snap,fas,com.tencent.tmgp.sgame,discharging,1,34.6,80.9,100,95,0,14.03,0.02,0.02,43,3.93,1.626,6.39018,45544,21479,0,-
14:25:24.651,snap,fas,com.tencent.tmgp.sgame,discharging,1,34.7,81.3,100,95,0,14.03,0.02,0.02,46,3.929,1.622,6.3728375,52638,27113,0,-
14:25:25.651,snap,fas,com.tencent.tmgp.sgame,discharging,1,34.7,80.9,100,95,0,14.21,0.02,0.02,48,3.928,1.709,6.712952,52638,27113,0,-
14:25:26.651,snap,fas,com.tencent.tmgp.sgame,discharging,1,34.7,80.9,100,95,0,14.21,0.02,0.02,45,3.919,1.737,6.807303,52638,27113,0,-
14:25:27.652,snap,fas,com.tencent.tmgp.sgame,discharging,1,34.7,78.9,100,95,0,14.71,0.01,0.19,41,3.93,1.665,6.54345,47613,25078,0,-
14:25:28.651,snap,fas,com.tencent.tmgp.sgame,discharging,1,34.7,78.9,100,95,0,14.71,0.01,0.19,38,3.938,1.481,5.8321776,47613,25078,0,-
14:25:29.652,snap,fas,com.tencent.tmgp.sgame,discharging,1,34.7,78.1,100,95,0,14.94,0.01,0.16,32,3.936,1.485,5.84496,50414,27301,0,-
14:25:30.657,snap,fas,com.tencent.tmgp.sgame,discharging,1,34.7,77.7,100,95,0,14.94,0.01,0.16,31,3.936,1.435,5.64816,50414,27301,0,-
14:25:31.652,snap,fas,com.tencent.tmgp.sgame,discharging,1,34.7,77.7,100,95,0,15.13,0.01,0.13,33,3.944,1.427,5.628088,48511,25207,0,-
14:25:32.653,snap,fas,com.tencent.tmgp.sgame,discharging,1,34.7,76.5,100,95,0,15.13,0.01,0.13,34,3.936,1.46,5.74656,48511,25207,0,-
14:25:33.653,snap,fas,com.tencent.tmgp.sgame,discharging,1,34.7,78.5,100,95,0,15.29,0,0.1,29,3.933,1.474,5.797242,48230,24581,0,-
14:25:34.652,snap,fas,com.tencent.tmgp.sgame,discharging,1,34.7,78.5,100,95,0,15.29,0,0.1,38,3.933,1.445,5.683185,48230,24581,0,-
14:25:35.652,snap,fas,com.tencent.tmgp.sgame,discharging,1,34.7,80.5,100,95,0,15.06,0,0.08,34,3.939,1.481,5.8336587,49339,25220,0,-
14:25:36.652,snap,fas,com.tencent.tmgp.sgame,discharging,1,34.7,83.2,100,95,0,15.06,0,0.08,33,3.933,1.521,5.9820933,49339,25220,0,-
14:25:37.652,snap,fas,com.tencent.tmgp.sgame,discharging,1,34.7,84,100,95,0,17.58,0.36,0.25,46,3.929,1.727,6.7853827,60739,29654,0,-
14:25:38.653,snap,fas,com.tencent.tmgp.sgame,discharging,1,34.7,83.2,100,95,0,17.58,0.36,0.25,41,3.902,2.2,8.5844,60739,29654,0,-
14:25:39.653,snap,fas,com.tencent.tmgp.sgame,discharging,1,34.7,82.8,100,95,0,23.63,0.84,1.83,36,3.915,2.056,8.04924,58123,27117,0,-
14:25:40.654,snap,fas,com.tencent.tmgp.sgame,discharging,1,34.7,80.1,100,95,0,23.63,0.84,1.83,36,3.914,1.893,7.409202,58123,27117,0,-
14:25:41.653,snap,fas,com.tencent.tmgp.sgame,discharging,1,34.7,78.9,100,95,0,23.52,0.69,1.86,33,3.932,1.493,5.870476,48414,24839,0,-
14:25:42.654,snap,fas,com.tencent.tmgp.sgame,discharging,1,34.7,78.5,100,95,0,23.52,0.69,1.86,32,3.927,1.51,5.92977,48414,24839,0,-
14:25:43.654,snap,fas,com.tencent.tmgp.sgame,discharging,1,34.7,78.5,100,95,0,21.97,0.56,1.52,30,3.935,1.464,5.76084,44880,22166,0,-
14:25:44.654,snap,fas,com.tencent.tmgp.sgame,discharging,1,34.7,78.5,100,95,0,21.97,0.56,1.52,33,3.933,1.464,5.757912,44880,22166,0,-
14:25:45.654,snap,fas,com.tencent.tmgp.sgame,discharging,1,34.7,81.5,100,95,0,20.35,0.46,1.25,44,3.934,1.547,6.0858984,48473,25333,0,-
14:25:46.654,snap,fas,com.tencent.tmgp.sgame,discharging,1,34.7,82.4,100,95,0,20.35,0.46,1.25,46,3.928,1.709,6.712952,48473,25333,0,-
14:25:47.655,snap,fas,com.tencent.tmgp.sgame,discharging,1,34.7,82.4,100,95,0,19.2,0.37,1.02,50,3.916,1.716,6.719856,50396,26681,0,-
14:25:48.654,snap,fas,com.tencent.tmgp.sgame,discharging,1,34.7,83.2,100,95,0,19.2,0.37,1.02,49,3.925,1.799,7.061075,50396,26681,0,-
14:25:49.654,snap,fas,com.tencent.tmgp.sgame,discharging,1,34.7,82.1,100,95,0,18.43,0.31,0.83,50,3.922,1.766,6.926252,51261,27135,0,-
14:25:50.654,snap,fas,com.tencent.tmgp.sgame,discharging,1,34.7,84,100,95,0,18.43,0.31,0.83,50,3.923,1.799,7.0574775,51261,27135,0,-
14:25:51.655,snap,fas,com.tencent.tmgp.sgame,discharging,1,34.7,82.1,100,95,0,17.63,0.25,0.68,51,3.922,1.774,6.9576283,50735,26710,0,-
14:25:52.655,snap,fas,com.tencent.tmgp.sgame,discharging,1,34.7,81.7,100,95,0,17.63,0.25,0.68,45,3.921,1.76,6.90096,50735,26710,0,-
14:25:53.655,snap,fas,com.tencent.tmgp.sgame,discharging,1,34.7,80.9,100,95,0,16.79,0.2,0.56,44,3.927,1.633,6.4127913,50735,26710,0,-
14:25:54.655,snap,fas,com.tencent.tmgp.sgame,discharging,1,34.7,80.9,100,95,0,16.79,0.2,0.56,52,3.926,1.741,6.8351665,50443,26571,0,-
14:25:55.655,snap,fas,com.tencent.tmgp.sgame,discharging,1,34.7,83.6,100,95,0,16.46,0.16,0.45,68,3.915,1.918,7.50897,50443,26571,0,-
14:25:56.655,snap,fas,com.tencent.tmgp.sgame,discharging,1,34.7,83.6,100,95,0,16.46,0.16,0.45,63,3.918,1.907,7.471626,50475,26261,0,-
14:25:57.655,snap,fas,com.tencent.tmgp.sgame,discharging,1,34.7,85.2,100,95,0,16.02,0.13,0.37,65,3.917,1.954,7.653818,50475,26261,0,-
14:25:58.655,snap,fas,com.tencent.tmgp.sgame,discharging,1,34.7,87.6,100,95,0,16.02,0.13,0.37,76,3.914,2.106,8.242884,50343,27209,0,-
14:25:59.656,snap,fas,com.tencent.tmgp.sgame,discharging,1,34.7,87.6,100,95,0,15.83,0.11,0.3,65,3.909,1.994,7.7945457,50343,27209,0,-
14:26:00.655,snap,fas,com.tencent.tmgp.sgame,discharging,1,34.7,85.6,100,95,0,15.83,0.11,0.3,56,3.912,1.882,7.362384,48619,25577,0,-
14:26:01.656,snap,fas,com.tencent.tmgp.sgame,discharging,1,34.7,85.6,100,95,0,15.32,0.09,0.25,53,3.914,1.861,7.2839537,48619,25577,0,-
14:26:02.656,snap,fas,com.tencent.tmgp.sgame,discharging,1,34.7,84.8,100,95,0,15.32,0.09,0.25,68,3.916,1.861,7.2876754,46566,23349,0,-
14:26:03.656,snap,fas,com.tencent.tmgp.sgame,discharging,1,34.7,84.8,100,95,0,14.53,0.07,0.2,55,3.912,1.77,6.9242396,46566,23349,0,-
14:26:04.656,snap,fas,com.tencent.tmgp.sgame,discharging,1,34.7,84,100,95,0,14.53,0.07,0.2,63,3.932,1.828,7.1876955,46887,24392,0,-
14:26:05.656,snap,fas,com.tencent.tmgp.sgame,discharging,1,34.7,84,100,95,0,14.26,0.06,0.16,53,3.923,1.734,6.802482,46887,24392,0,-
14:26:06.656,snap,fas,com.tencent.tmgp.sgame,discharging,1,34.7,82.4,100,95,0,14.26,0.06,0.16,49,3.921,1.615,6.332415,42633,19451,0,-
14:26:07.656,snap,fas,com.tencent.tmgp.sgame,discharging,1,34.7,82.1,100,95,0,13.66,0.05,0.13,56,3.927,1.622,6.369594,42633,19451,0,-
14:26:08.657,snap,fas,com.tencent.tmgp.sgame,discharging,1,34.7,82.1,100,95,0,13.66,0.05,0.13,68,3.919,1.698,6.654462,45286,22230,0,-
14:26:09.657,snap,fas,com.tencent.tmgp.sgame,discharging,1,34.7,82.1,100,95,0,13.36,0.04,0.11,59,3.919,1.803,7.0659566,45286,22230,0,-
14:26:10.657,snap,fas,com.tencent.tmgp.sgame,discharging,1,34.7,83.2,100,95,0,13.36,0.04,0.11,62,3.915,1.818,7.11747,51558,28088,0,-
14:26:11.657,snap,fas,com.tencent.tmgp.sgame,discharging,1,34.7,83.2,100,95,0,13.66,0.03,0.09,63,3.918,1.766,6.919188,51558,28088,0,-
14:26:12.657,snap,fas,com.tencent.tmgp.sgame,discharging,1,34.7,82.8,100,95,0,13.66,0.03,0.09,50,3.922,1.727,6.773294,51012,27217,0,-
14:26:13.657,snap,fas,com.tencent.tmgp.sgame,discharging,1,34.7,82.8,100,95,0,13.9,0.02,0.07,60,3.919,1.839,7.207041,51012,27217,0,-
14:26:14.658,snap,fas,com.tencent.tmgp.sgame,discharging,1,34.7,83.2,100,95,0,13.9,0.02,0.07,66,3.91,1.9,7.429,48977,25731,0,-
14:26:15.657,snap,fas,com.tencent.tmgp.sgame,discharging,1,34.7,83.2,100,95,0,14.1,0.02,0.06,59,3.911,1.835,7.1766853,48977,25731,0,-
14:26:16.658,snap,fas,com.tencent.tmgp.sgame,discharging,1,34.7,84,100,95,0,14.1,0.02,0.06,58,3.905,1.803,7.0407147,48578,24724,0,-
14:26:17.658,snap,fas,com.tencent.tmgp.sgame,discharging,1,34.7,82.8,100,95,0,14.08,0.01,0.04,58,3.921,1.737,6.810777,48578,24724,0,-
14:26:18.658,snap,fas,com.tencent.tmgp.sgame,discharging,1,34.7,82.4,100,95,0,14.08,0.01,0.04,48,3.921,1.673,6.559833,48578,24724,0,-
14:26:19.658,snap,fas,com.tencent.tmgp.sgame,discharging,1,34.7,82.4,100,95,0,14.06,0.01,0.04,45,3.922,1.687,6.616414,50098,26895,0,-
14:26:20.660,snap,fas,com.tencent.tmgp.sgame,discharging,1,34.7,82.8,100,95,0,14.06,0.01,0.04,60,3.915,1.709,6.690735,50098,26895,0,-
14:26:21.658,snap,fas,com.tencent.tmgp.sgame,discharging,1,34.8,83.2,100,95,0,14.05,0.01,0.03,60,3.919,1.828,7.163932,50823,27569,0,-
14:26:22.659,snap,fas,com.tencent.tmgp.sgame,discharging,1,34.8,84.8,100,95,0,14.05,0.01,0.03,58,3.92,1.824,7.15008,50823,27569,0,-
14:26:23.658,snap,fas,com.tencent.tmgp.sgame,discharging,1,34.8,85.2,100,95,0,14.4,0,0.02,58,3.914,1.915,7.49531,49924,27348,0,-
14:26:24.658,snap,fas,com.tencent.tmgp.sgame,discharging,1,34.8,85.2,100,95,0,14.4,0,0.02,72,3.911,1.922,7.516942,49924,27348,0,-
14:26:25.659,snap,fas,com.tencent.tmgp.sgame,discharging,1,34.8,85.2,100,95,0,14.33,0,0.02,71,3.915,1.918,7.50897,49744,26246,0,-
14:26:26.658,snap,fas,com.tencent.tmgp.sgame,discharging,1,34.8,85.6,100,95,0,14.33,0,0.02,64,3.906,1.965,7.67529,49744,26246,0,-
14:26:27.659,snap,fas,com.tencent.tmgp.sgame,discharging,1,34.8,86,100,95,0,14.27,0,0.01,70,3.913,1.907,7.462091,49358,26342,0,-
14:26:28.659,snap,fas,com.tencent.tmgp.sgame,discharging,1,34.8,85.6,100,95,0,14.27,0,0.01,70,3.913,1.818,7.113834,49358,26342,0,-
14:26:29.659,snap,fas,com.tencent.tmgp.sgame,discharging,1,34.8,86,100,95,0,14.22,0,0.01,62,3.915,1.878,7.35237,51265,27904,0,-
14:26:30.661,snap,fas,com.tencent.tmgp.sgame,discharging,1,34.8,85.6,100,95,0,14.22,0,0.01,62,3.909,1.846,7.216014,51265,27904,0,-
14:26:31.659,snap,fas,com.tencent.tmgp.sgame,discharging,1,34.8,85.6,100,95,0,14.36,0,0.01,59,3.912,1.857,7.264584,49577,26978,0,-
14:26:32.659,snap,fas,com.tencent.tmgp.sgame,discharging,1,34.8,85.6,100,95,0,14.36,0,0.01,62,3.915,1.9,7.4385,49577,26978,0,-
14:26:33.660,snap,fas,com.tencent.tmgp.sgame,discharging,1,34.8,85.6,100,95,0,14.29,0,0,67,3.909,2.027,7.9235425,49538,27516,0,-
14:26:34.660,snap,fas,com.tencent.tmgp.sgame,discharging,1,34.8,88.6,100,95,0,14.29,0,0,75,3.904,2.168,8.463872,49538,27516,0,-
14:26:35.661,snap,fas,com.tencent.tmgp.sgame,discharging,1,34.8,88.8,100,95,0,14.42,0,0,75,3.901,2.203,8.593904,49406,26625,0,-
14:26:36.660,snap,fas,com.tencent.tmgp.sgame,discharging,1,34.8,88.4,100,95,0,14.42,0,0,71,3.901,2.124,8.285725,49406,26625,0,-
14:26:37.660,snap,fas,com.tencent.tmgp.sgame,discharging,1,34.8,88.4,100,95,0,14.71,0,0,68,3.905,2.085,8.141925,50144,27465,0,-
14:26:38.660,snap,fas,com.tencent.tmgp.sgame,discharging,1,34.8,88.4,100,95,0,14.71,0,0,70,3.906,2.059,8.042454,50144,27465,0,-
14:26:39.661,snap,fas,com.tencent.tmgp.sgame,discharging,1,34.8,88.4,100,95,0,14.94,0,0,79,3.904,2.07,8.08128,50113,27046,0,-
14:26:40.660,snap,fas,com.tencent.tmgp.sgame,discharging,1,34.8,88.4,100,95,0,14.94,0,0,64,3.904,1.973,7.7025924,50113,27046,0,-
14:26:41.661,snap,fas,com.tencent.tmgp.sgame,discharging,1,34.8,87.6,100,95,0,14.95,0,0,64,3.921,1.911,7.493031,49581,26857,0,-
14:26:42.660,snap,fas,com.tencent.tmgp.sgame,discharging,1,34.8,87.2,100,95,0,14.95,0,0,63,3.913,1.932,7.5599165,49581,26857,0,-
14:26:43.661,snap,fas,com.tencent.tmgp.sgame,discharging,1,34.8,86.8,100,95,0,14.6,0,0,68,3.914,1.98,7.74972,48480,25954,0,-
14:26:44.661,snap,fas,com.tencent.tmgp.sgame,discharging,1,34.9,86.8,100,95,0,14.6,0,0,68,3.907,1.954,7.6342783,48480,25954,0,-
14:26:45.661,snap,fas,com.tencent.tmgp.sgame,discharging,1,34.9,86.8,100,95,0,14.49,0,0,60,3.9,1.889,7.3671002,48480,25954,0,-
14:26:46.661,snap,fas,com.tencent.tmgp.sgame,discharging,1,34.9,87.2,100,95,0,14.49,0,0,70,3.906,1.857,7.253442,50261,27337,0,-
14:26:47.661,snap,fas,com.tencent.tmgp.sgame,discharging,1,34.9,87.2,100,95,0,14.4,0,0,61,3.911,1.814,7.094554,50261,27337,0,-
14:26:48.662,snap,fas,com.tencent.tmgp.sgame,discharging,1,34.9,87.2,100,95,0,14.4,0,0,55,3.913,1.81,7.08253,50692,27209,0,-
14:26:49.661,snap,fas,com.tencent.tmgp.sgame,discharging,1,34.9,88.4,100,95,0,14.51,0,0,55,3.913,1.897,7.422961,50692,27209,0,-
14:26:50.661,snap,fas,com.tencent.tmgp.sgame,discharging,1,34.9,87.2,100,95,0,14.51,0,0,64,3.909,2.005,7.8375454,51183,28204,0,-
14:26:51.662,snap,fas,com.tencent.tmgp.sgame,discharging,1,34.9,87.2,100,95,0,14.6,0,0,75,3.899,2.005,7.8174953,51183,28204,0,-
14:26:52.665,snap,fas,com.tencent.tmgp.sgame,discharging,1,34.9,87.2,100,95,0,14.6,0,0,72,3.909,1.961,7.665549,50578,27671,0,-
14:26:53.662,snap,fas,com.tencent.tmgp.sgame,discharging,1,34.9,87.2,100,95,0,14.49,0,0,67,3.905,2.005,7.8295255,50578,27671,0,-
14:26:54.662,snap,fas,com.tencent.tmgp.sgame,discharging,1,35,85.6,100,95,0,14.49,0,0,71,3.907,1.846,7.2123218,50196,27412,0,-
14:26:55.662,snap,fas,com.tencent.tmgp.sgame,discharging,1,35,85.6,100,95,0,14.58,0,0,50,3.91,1.835,7.1748505,50196,27412,0,-
14:26:56.663,snap,fas,com.tencent.tmgp.sgame,discharging,1,35,85.6,100,95,0,14.58,0,0,56,3.914,1.872,7.327008,50299,27206,0,-
14:26:57.662,snap,fas,com.tencent.tmgp.sgame,discharging,1,35,87.2,100,95,0,14.65,0,0,60,3.906,2.056,8.030736,50299,27206,0,-
14:26:58.663,snap,fas,com.tencent.tmgp.sgame,discharging,1,35,88,100,95,0,14.65,0,0,79,3.902,2.11,8.233219,49551,27683,0,-
14:26:59.662,snap,fas,com.tencent.tmgp.sgame,discharging,1,35,88,100,95,0,14.9,0,0,79,3.896,2.174,8.469904,49551,27683,0,-
14:27:00.663,snap,fas,com.tencent.tmgp.sgame,discharging,1,35,88,100,95,0,14.9,0,0,69,3.9,2.012,7.8468003,50832,27750,0,-
14:27:01.663,snap,fas,com.tencent.tmgp.sgame,discharging,1,35,88,100,95,0,15.1,0,0,64,3.906,1.947,7.604982,50832,27750,0,-
14:27:02.663,snap,fas,com.tencent.tmgp.sgame,discharging,1,35,88,100,95,0,15.1,0,0,63,3.909,1.94,7.58346,47930,24221,0,-
14:27:03.663,snap,fas,com.tencent.tmgp.sgame,discharging,1,35,88,100,95,0,14.72,0,0,65,3.903,2.002,7.8138065,47930,24221,0,-
14:27:04.664,snap,fas,com.tencent.tmgp.sgame,discharging,1,35,88.4,100,95,0,14.72,0,0,68,3.909,1.929,7.540461,50136,27618,0,-
14:27:05.663,snap,fas,com.tencent.tmgp.sgame,discharging,1,35,88.4,100,95,0,14.58,0,0,61,3.907,1.951,7.622557,50136,27618,0,-
14:27:06.663,snap,fas,com.tencent.tmgp.sgame,discharging,1,35,88.4,100,95,0,14.58,0,0,63,3.9,2.034,7.9326,49298,26932,0,-
14:27:07.664,snap,fas,com.tencent.tmgp.sgame,discharging,1,35,90.3,100,95,0,14.66,0,0,73,3.895,2.016,7.85232,49298,26932,0,-
14:27:08.665,snap,fas,com.tencent.tmgp.sgame,discharging,1,35,90.3,100,95,0,14.66,0,0,66,3.908,1.944,7.597152,46567,23175,0,-
14:27:09.665,snap,fas,com.tencent.tmgp.sgame,discharging,1,35,88.4,100,95,0,14.54,0,0,67,3.908,1.973,7.710484,46567,23175,0,-
14:27:10.664,snap,fas,com.tencent.tmgp.sgame,discharging,1,35,86,100,95,0,14.54,0,0,73,3.907,1.9,7.4233003,50211,26298,0,-
14:27:11.664,snap,fas,com.tencent.tmgp.sgame,discharging,1,35,85.6,100,95,0,14.26,0,0,58,3.913,1.712,6.699056,50211,26298,0,-
14:27:12.664,snap,fas,com.tencent.tmgp.sgame,discharging,1,35,85.2,100,95,0,14.26,0,0,45,3.921,1.886,7.395006,50211,26298,0,-
14:27:13.665,snap,fas,com.tencent.tmgp.sgame,discharging,1,35,84.4,100,95,0,16.57,0.18,0.72,41,3.915,1.716,6.7181396,52777,25110,0,-
14:27:14.664,snap,fas,com.tencent.tmgp.sgame,discharging,1,35.1,84.4,100,95,0,16.57,0.18,0.72,41,3.915,1.655,6.479325,52777,25110,0,-
14:27:15.666,snap,fas,com.tencent.tmgp.sgame,discharging,1,35.1,84.4,100,95,0,16.28,0.14,0.59,37,3.918,1.629,6.382422,48762,25063,0,-
14:27:16.665,snap,fas,com.tencent.tmgp.sgame,discharging,1,35.1,84,100,95,0,16.28,0.14,0.59,37,3.92,1.64,6.4288,48762,25063,0,-
14:27:17.665,snap,fas,com.tencent.tmgp.sgame,discharging,1,35.1,82.4,100,95,0,15.87,0.12,0.48,35,3.919,1.578,6.1841817,49824,26081,0,-
14:27:18.665,snap,fas,com.tencent.tmgp.sgame,discharging,1,35.1,82.4,100,95,0,15.87,0.12,0.48,29,3.911,1.557,6.089427,49824,26081,0,-
14:27:19.665,snap,fas,com.tencent.tmgp.sgame,discharging,1,35.1,80.1,100,95,0,15.89,0.09,0.39,29,3.925,1.474,5.78545,50881,27199,0,-
14:27:20.666,snap,fas,com.tencent.tmgp.sgame,discharging,1,35.1,79.7,100,95,0,15.89,0.09,0.39,28,3.925,1.507,5.9149747,50881,27199,0,-
14:27:21.666,snap,fas,com.tencent.tmgp.sgame,discharging,1,35.1,79.7,100,95,0,15.91,0.08,0.32,29,3.924,1.528,5.995872,50709,26900,0,-
14:27:22.666,snap,fas,com.tencent.tmgp.sgame,discharging,1,35.1,81.7,100,95,0,15.91,0.08,0.32,31,3.921,1.572,6.163812,50709,26900,0,-
14:27:23.666,snap,fas,com.tencent.tmgp.sgame,discharging,1,35.1,82.1,100,95,0,15.74,0.06,0.26,38,3.918,1.597,6.2570457,51355,27715,0,-
14:27:24.666,snap,fas,com.tencent.tmgp.sgame,discharging,1,35.1,81.7,100,95,0,15.74,0.06,0.26,42,3.925,1.604,6.2956996,51355,27715,0,-
14:27:25.666,snap,fas,com.tencent.tmgp.sgame,discharging,1,35.1,81.7,100,95,0,15.79,0.05,0.21,34,3.923,1.495,5.8648853,50303,26333,0,-
14:27:26.667,snap,fas,com.tencent.tmgp.sgame,discharging,1,35.1,79.3,100,95,0,15.79,0.05,0.21,30,3.926,1.495,5.86937,50303,26333,0,-
14:27:27.667,snap,fas,com.tencent.tmgp.sgame,discharging,1,35.1,78.5,100,95,0,15.83,0.04,0.17,32,3.921,1.528,5.991288,51229,27148,0,-
14:27:28.667,snap,fas,com.tencent.tmgp.sgame,discharging,1,35.1,78.5,100,95,0,15.83,0.04,0.17,32,3.923,1.51,5.92373,51229,27148,0,-
14:27:29.668,snap,fas,com.tencent.tmgp.sgame,discharging,1,35.1,78.5,100,95,0,15.86,0.03,0.14,32,3.923,1.582,6.2061863,48939,26512,0,-
14:27:30.667,snap,fas,com.tencent.tmgp.sgame,discharging,1,35.1,79.7,100,95,0,15.86,0.03,0.14,36,3.923,1.615,6.335645,48939,26512,0,-
14:27:31.668,snap,fas,com.tencent.tmgp.sgame,discharging,1,35.1,81.3,100,95,0,16.06,0.02,0.11,37,3.912,1.622,6.345264,50130,26853,0,-
14:27:32.667,snap,fas,com.tencent.tmgp.sgame,discharging,1,35.1,81.7,100,95,0,16.06,0.02,0.11,39,3.919,1.702,6.670138,50130,26853,0,-
14:27:33.668,snap,fas,com.tencent.tmgp.sgame,discharging,1,35.1,81.7,100,95,0,15.69,0.02,0.09,45,3.914,1.77,6.92778,49591,25954,0,-
14:27:34.667,snap,fas,com.tencent.tmgp.sgame,discharging,1,35.1,81.7,100,95,0,15.69,0.02,0.09,49,3.911,1.766,6.906826,49591,25954,0,-
14:27:35.667,snap,fas,com.tencent.tmgp.sgame,discharging,1,35.1,81.7,100,95,0,15.56,0.01,0.07,49,3.916,1.683,6.5906277,49084,25300,0,-
14:27:36.668,snap,fas,com.tencent.tmgp.sgame,discharging,1,35.1,82.4,100,95,0,15.56,0.01,0.07,46,3.915,1.709,6.690735,49084,25300,0,-
14:27:37.668,snap,fas,com.tencent.tmgp.sgame,discharging,1,35.1,81.3,100,95,0,15.1,0.01,0.06,48,3.918,1.648,6.456864,49084,25300,0,-
14:27:38.668,snap,fas,com.tencent.tmgp.sgame,discharging,1,35.1,80.9,100,95,0,15.1,0.01,0.06,44,3.919,1.553,6.086207,48264,24061,0,-
14:27:39.669,snap,fas,com.tencent.tmgp.sgame,discharging,1,35.1,80.9,100,95,0,14.9,0.01,0.05,40,3.917,1.597,6.2554493,48264,24061,0,-
14:27:40.668,snap,fas,com.tencent.tmgp.sgame,discharging,1,35.1,80.9,100,95,0,14.9,0.01,0.05,43,3.898,1.76,6.86048,51959,26709,0,-
14:27:41.668,snap,fas,com.tencent.tmgp.sgame,discharging,1,35.1,79.3,100,95,0,15.28,1.09,0.04,47,3.921,1.543,6.0501027,51959,26709,0,-
14:27:42.668,snap,fas,com.tencent.tmgp.sgame,discharging,1,35.1,79.3,100,95,0,15.28,1.09,0.04,47,3.923,1.466,5.751118,44953,21088,0,-
14:27:43.669,snap,fas,com.tencent.tmgp.sgame,discharging,1,35.1,78.5,100,95,0,15.05,0.89,0.03,33,3.921,1.528,5.991288,44953,21088,0,-
14:27:44.670,snap,fas,com.tencent.tmgp.sgame,discharging,1,35.1,78.9,100,95,0,15.05,0.89,0.03,46,3.916,1.46,5.71736,47502,23883,0,-
14:27:45.669,snap,fas,com.tencent.tmgp.sgame,discharging,1,35.1,78.5,100,95,0,14.85,0.73,0.02,41,3.917,1.464,5.734488,47502,23883,0,-
14:27:46.669,snap,fas,com.tencent.tmgp.sgame,discharging,1,35.1,78.5,100,95,0,14.85,0.73,0.02,29,3.906,1.489,5.816034,49972,26752,0,-
14:27:47.670,snap,fas,com.tencent.tmgp.sgame,discharging,1,35.1,78.1,100,95,0,15.06,0.6,0.02,33,3.916,1.547,6.058052,49972,26752,0,-
14:27:48.671,snap,fas,com.tencent.tmgp.sgame,discharging,1,35.1,78.1,100,95,0,15.06,0.6,0.02,37,3.92,1.572,6.16224,50386,26127,0,-
14:27:49.670,snap,fas,com.tencent.tmgp.sgame,discharging,1,35.1,79.7,100,95,0,15.05,0.49,0.01,34,3.92,1.575,6.1740003,50386,26127,0,-
14:27:50.670,snap,fas,com.tencent.tmgp.sgame,discharging,1,35.1,79.7,100,95,0,15.05,0.49,0.01,31,3.923,1.604,6.292492,49273,25103,0,-
14:27:51.670,snap,fas,com.tencent.tmgp.sgame,discharging,1,35.1,80.1,100,95,0,14.86,0.4,0.01,33,3.916,1.64,6.42224,49273,25103,0,-
14:27:52.670,snap,fas,com.tencent.tmgp.sgame,discharging,1,35.1,80.1,100,95,0,14.86,0.4,0.01,36,3.904,1.615,6.3049603,50940,26424,0,-
14:27:53.670,snap,fas,com.tencent.tmgp.sgame,discharging,1,35.1,79.7,100,95,0,14.88,0.32,0.01,36,3.918,1.55,6.0729,50940,26424,0,-
14:27:54.671,snap,fas,com.tencent.tmgp.sgame,discharging,1,35.1,78.9,100,95,0,14.88,0.32,0.01,46,3.92,1.604,6.28768,50122,26534,0,-
14:27:55.670,snap,fas,com.tencent.tmgp.sgame,discharging,1,35,79.7,100,95,0,14.9,0.26,0,38,3.914,1.575,6.1645503,50122,26534,0,-
14:27:56.671,snap,fas,com.tencent.tmgp.sgame,discharging,1,35,79.7,100,95,0,14.9,0.26,0,35,3.91,1.568,6.13088,49785,25611,0,-
14:27:57.671,snap,fas,com.tencent.tmgp.sgame,discharging,1,35,80.5,100,95,0,14.74,0.22,0.18,37,3.921,1.55,6.07755,49785,25611,0,-
14:27:58.671,snap,fas,com.tencent.tmgp.sgame,discharging,1,35,80.5,100,95,0,14.74,0.22,0.18,35,3.908,1.572,6.143376,49538,25753,0,-
14:27:59.671,snap,fas,com.tencent.tmgp.sgame,discharging,1,35,79.3,100,95,0,14.79,0.18,0.15,43,3.918,1.593,6.241374,49538,25753,0,-
14:28:00.671,snap,fas,com.tencent.tmgp.sgame,discharging,1,35,79.3,100,95,0,14.79,0.18,0.15,47,3.917,1.521,5.957757,49530,25915,0,-
14:28:01.671,snap,fas,com.tencent.tmgp.sgame,discharging,1,35,77.7,100,95,0,14.82,0.14,0.12,33,3.909,1.547,6.047223,49530,25915,0,-
14:28:02.671,snap,fas,com.tencent.tmgp.sgame,discharging,1,35,78.5,100,95,0,14.82,0.14,0.12,46,3.914,1.478,5.784892,43737,20256,0,-
14:28:03.672,snap,fas,com.tencent.tmgp.sgame,discharging,1,35,78.5,100,95,0,14.31,0.12,0.1,44,3.924,1.503,5.8977723,43737,20256,0,-
14:28:04.671,snap,fas,com.tencent.tmgp.sgame,discharging,1,35,78.5,100,95,0,14.31,0.12,0.1,37,3.903,1.626,6.346278,43737,20256,0,-
14:28:05.672,snap,fas,com.tencent.tmgp.sgame,discharging,1,35,78.5,100,95,0,14.62,0.09,0.08,40,3.915,1.586,6.20919,50652,26562,0,-
14:28:06.672,snap,fas,com.tencent.tmgp.sgame,discharging,1,35,78.5,100,95,0,14.62,0.09,0.08,40,3.922,1.547,6.067334,50652,26562,0,-
14:28:07.672,snap,fas,com.tencent.tmgp.sgame,discharging,1,35,78.1,100,95,0,14.5,0.08,0.06,37,3.915,1.51,5.9116497,49594,25323,0,-
14:28:08.673,snap,fas,com.tencent.tmgp.sgame,discharging,1,35,78.1,100,95,0,14.5,0.08,0.06,33,3.924,1.452,5.697648,49594,25323,0,-
14:28:09.673,snap,fas,com.tencent.tmgp.sgame,discharging,1,35,77.7,100,95,0,14.41,0.06,0.05,33,3.927,1.441,5.658807,48616,25402,0,-
14:28:10.673,snap,fas,com.tencent.tmgp.sgame,discharging,1,35,78.5,100,95,0,14.41,0.06,0.05,34,3.917,1.524,5.969508,48616,25402,0,-
14:28:11.674,snap,fas,com.tencent.tmgp.sgame,discharging,1,35,78.1,100,95,0,14.52,0.05,0.04,41,3.923,1.489,5.841347,50574,26510,0,-
14:28:12.673,snap,fas,com.tencent.tmgp.sgame,discharging,1,35,78.1,100,95,0,14.52,0.05,0.04,35,3.921,1.514,5.936394,50574,26510,0,-
14:28:13.674,snap,fas,com.tencent.tmgp.sgame,discharging,1,35,78.1,100,95,0,14.6,0.04,0.03,35,3.922,1.489,5.8398576,50143,26141,0,-
14:28:14.673,snap,fas,com.tencent.tmgp.sgame,discharging,1,35,78.5,100,95,0,14.6,0.04,0.03,32,3.923,1.518,5.9551144,50143,26141,0,-
14:28:15.673,snap,fas,com.tencent.tmgp.sgame,discharging,1,35,79.3,100,95,0,14.86,0.03,0.03,34,3.911,1.586,6.202846,50543,26395,0,-
14:28:16.673,snap,fas,com.tencent.tmgp.sgame,discharging,1,35,79.3,100,95,0,14.86,0.03,0.03,41,3.915,1.615,6.322725,50543,26395,0,-
14:28:17.674,snap,fas,com.tencent.tmgp.sgame,discharging,1,35,78.5,100,95,0,14.88,0.02,0.02,40,3.912,1.51,5.9071198,49556,24988,0,-
14:28:18.674,snap,fas,com.tencent.tmgp.sgame,discharging,1,35,78.1,100,95,0,14.88,0.02,0.02,36,3.92,1.518,5.95056,49556,24988,0,-
14:28:19.674,snap,fas,com.tencent.tmgp.sgame,discharging,1,35,77.7,100,95,0,14.9,0.02,0.01,40,3.918,1.568,6.143424,49846,25958,0,-
14:28:20.674,snap,fas,com.tencent.tmgp.sgame,discharging,1,35,77.7,100,95,0,14.9,0.02,0.01,40,3.919,1.518,5.949042,49846,25958,0,-
14:28:21.674,snap,fas,com.tencent.tmgp.sgame,discharging,1,35,77.7,100,95,0,14.74,0.01,0.01,40,3.918,1.416,5.547888,46254,23160,0,-
14:28:22.675,snap,fas,com.tencent.tmgp.sgame,discharging,1,35,76.5,100,95,0,14.74,0.01,0.01,36,3.921,1.427,5.5952673,46254,23160,0,-
14:28:23.675,snap,fas,com.tencent.tmgp.sgame,discharging,1,35,75.3,100,95,0,14.42,0.01,0.01,30,3.93,1.333,5.23869,44476,22442,0,-
14:28:24.674,snap,fas,com.tencent.tmgp.sgame,discharging,1,35,75.3,100,95,0,14.42,0.01,0.01,28,3.929,1.435,5.6381145,44476,22442,0,-
14:28:25.674,snap,fas,com.tencent.tmgp.sgame,discharging,1,35,75.7,100,95,0,14.71,0.01,0.01,32,3.924,1.485,5.8271403,48278,25050,0,-
14:28:26.675,snap,fas,com.tencent.tmgp.sgame,discharging,1,35,77.7,100,95,0,14.71,0.01,0.01,34,3.925,1.46,5.7305,48278,25050,0,-
14:28:27.675,snap,fas,com.tencent.tmgp.sgame,discharging,1,35,77.7,100,95,0,14.58,0,0,36,3.927,1.464,5.749128,48395,25644,0,-
14:28:28.675,snap,fas,com.tencent.tmgp.sgame,discharging,1,35,76.9,100,95,0,14.58,0,0,37,3.924,1.489,5.842836,48395,25644,0,-
14:28:29.675,snap,fas,com.tencent.tmgp.sgame,discharging,1,35,76.9,100,95,0,14.83,0,0,38,3.921,1.47,5.7638702,48395,25644,0,-
14:28:30.675,snap,fas,com.tencent.tmgp.sgame,discharging,1,35,76.9,100,95,0,14.83,0,0,38,3.922,1.561,6.122242,48964,26083,0,-
14:28:31.675,snap,fas,com.tencent.tmgp.sgame,discharging,1,35,79.9,100,95,0,14.86,0,0,47,3.915,1.806,7.07049,48964,26083,0,-
14:28:32.676,snap,fas,com.tencent.tmgp.sgame,discharging,1,35,80.9,100,95,0,14.86,0,0,70,3.911,1.748,6.836428,48560,25068,0,-
14:28:33.675,snap,fas,com.tencent.tmgp.sgame,discharging,1,35,83.9,100,95,0,14.53,0,0,54,3.908,1.824,7.128192,48560,25068,0,-
14:28:34.676,snap,fas,com.tencent.tmgp.sgame,discharging,1,35,84.4,100,95,0,14.53,0,0,67,3.905,2.045,7.9857254,51287,27655,0,-
14:28:35.676,snap,fas,com.tencent.tmgp.sgame,discharging,1,34.9,84.8,100,95,0,14.61,0,0,70,3.904,2.117,8.264769,51287,27655,0,-
14:28:36.676,snap,fas,com.tencent.tmgp.sgame,discharging,1,34.9,84.8,100,95,0,14.61,0,0,68,3.9,1.893,7.3827004,49877,27024,0,-
14:28:37.676,snap,fas,com.tencent.tmgp.sgame,discharging,1,34.9,84.4,100,95,0,14.5,0,0,60,3.91,1.723,6.7369304,49877,27024,0,-
14:28:38.677,snap,fas,com.tencent.tmgp.sgame,discharging,1,34.9,82.8,100,95,0,14.5,0,0,46,3.915,1.557,6.095655,49654,26196,0,-
14:28:39.677,snap,fas,com.tencent.tmgp.sgame,discharging,1,34.9,80.9,100,95,0,14.59,0,0,40,3.917,1.597,6.2554493,49654,26196,0,-
14:28:40.677,snap,fas,com.tencent.tmgp.sgame,discharging,1,34.9,80.9,100,95,0,14.59,0,0,44,3.919,1.593,6.242967,49629,26774,0,-
14:28:41.678,snap,fas,com.tencent.tmgp.sgame,discharging,1,34.9,79.7,100,95,0,14.66,0,0,42,3.917,1.597,6.2554493,49629,26774,0,-
14:28:42.677,snap,fas,com.tencent.tmgp.sgame,discharging,1,34.9,79.3,100,95,0,14.66,0,0,41,3.917,1.557,6.098769,48636,25555,0,-
14:28:43.678,snap,fas,com.tencent.tmgp.sgame,discharging,1,34.9,79.3,100,95,0,14.72,0,0,41,3.915,1.644,6.43626,48636,25555,0,-
14:28:44.678,snap,fas,com.tencent.tmgp.sgame,discharging,1,34.9,80.5,100,95,0,14.72,0,0,49,3.912,1.795,7.02204,49369,25427,0,-
14:28:45.678,snap,fas,com.tencent.tmgp.sgame,discharging,1,34.9,82.1,100,95,0,14.41,0,0,58,3.908,1.81,7.0734797,49369,25427,0,-
14:28:46.678,snap,fas,com.tencent.tmgp.sgame,discharging,1,34.9,84,100,95,0,14.41,0,0,54,3.912,1.803,7.0533357,50482,26642,0,-
14:28:47.678,snap,fas,com.tencent.tmgp.sgame,discharging,1,34.9,84,100,95,0,14.33,0,0,52,3.906,1.824,7.1245437,50482,26642,0,-
14:28:48.678,snap,fas,com.tencent.tmgp.sgame,discharging,1,34.9,83.2,100,95,0,14.33,0,0,53,3.905,1.791,6.993855,49460,26383,0,-
14:28:49.679,snap,fas,com.tencent.tmgp.sgame,discharging,1,34.9,83.2,100,95,0,14.27,0,0,55,3.906,1.799,7.026894,49460,26383,0,-
14:28:50.678,snap,fas,com.tencent.tmgp.sgame,discharging,1,34.9,84.4,100,95,0,14.27,0,0,58,3.906,1.886,7.366716,49034,26444,0,-
14:28:51.678,snap,fas,com.tencent.tmgp.sgame,discharging,1,34.9,85.2,100,95,0,14.04,0,0,68,3.903,1.926,7.517178,49034,26444,0,-
14:28:52.678,snap,fas,com.tencent.tmgp.sgame,discharging,1,34.9,85.2,100,95,0,14.04,0,0,61,3.901,1.926,7.513326,49786,26930,0,-
14:28:53.679,snap,fas,com.tencent.tmgp.sgame,discharging,1,34.9,85.2,100,95,0,14.03,0,0,62,3.903,1.868,7.2908044,49786,26930,0,-
14:28:54.679,snap,fas,com.tencent.tmgp.sgame,discharging,1,34.9,84.4,100,95,0,14.03,0,0,57,3.903,1.857,7.2478714,51212,27299,0,-
14:28:55.679,snap,fas,com.tencent.tmgp.sgame,discharging,1,34.9,84,100,95,0,14.03,0,0,45,3.906,1.719,6.7144136,51212,27299,0,-
14:28:56.679,snap,fas,com.tencent.tmgp.sgame,discharging,1,34.9,82.4,100,95,0,14.2,0,0,40,3.909,1.691,6.610119,51212,27299,0,-
14:28:57.679,snap,fas,com.tencent.tmgp.sgame,discharging,1,34.9,82.4,100,95,0,14.2,0,0,39,3.913,1.673,6.546449,50958,27326,0,-
14:28:58.679,snap,fas,com.tencent.tmgp.sgame,discharging,1,34.9,82.1,100,95,0,14.35,0,0,35,3.91,1.716,6.70956,50958,27326,0,-
14:28:59.679,snap,fas,com.tencent.tmgp.sgame,discharging,1,34.9,82.4,100,95,0,14.35,0,0,32,3.908,1.547,6.045676,51860,28042,0,-
14:29:00.680,snap,fas,com.tencent.tmgp.sgame,discharging,1,34.9,82.1,100,95,0,14.46,0,0,38,3.917,1.557,6.098769,51860,28042,0,-
14:29:01.679,snap,fas,com.tencent.tmgp.sgame,discharging,1,34.9,82.1,100,95,0,14.46,0,0,50,3.907,1.677,6.552039,49615,26225,0,-
14:29:02.680,snap,fas,com.tencent.tmgp.sgame,discharging,1,34.9,82.1,100,95,0,14.56,0,0,71,3.902,1.843,7.191386,49615,26225,0,-
14:29:03.680,snap,fas,com.tencent.tmgp.sgame,discharging,1,34.9,83.2,100,95,0,14.56,0,0,72,3.901,2.052,8.004852,50582,26681,0,-
14:29:04.680,snap,fas,com.tencent.tmgp.sgame,discharging,1,34.9,86.2,100,95,0,14.46,0,0,72,3.895,2.203,8.580686,50582,26681,0,-
14:29:05.680,snap,fas,com.tencent.tmgp.sgame,discharging,1,35,87.2,100,95,0,14.46,0,0,76,3.892,2.16,8.40672,46626,24011,0,-
14:29:06.681,snap,fas,com.tencent.tmgp.sgame,discharging,1,35,88.4,100,95,0,14.92,0,0,67,3.887,2.226,8.652462,46626,24011,0,-
14:29:07.681,snap,fas,com.tencent.tmgp.sgame,discharging,1,35,88.4,100,95,0,14.92,0,0,73,3.887,2.182,8.481434,47673,25708,0,-
14:29:08.681,snap,fas,com.tencent.tmgp.sgame,discharging,1,35,89.6,100,95,0,15.29,0,0,70,3.888,2.149,8.355311,47673,25708,0,-
14:29:09.680,snap,fas,com.tencent.tmgp.sgame,discharging,1,35,89.9,100,95,0,15.29,0,0,63,3.896,2.095,8.16212,49336,26984,0,-
14:29:10.681,snap,fas,com.tencent.tmgp.sgame,discharging,1,35,89.9,100,95,0,15.42,0,0,70,3.894,2.016,7.850304,49336,26984,0,-
14:29:11.681,snap,fas,com.tencent.tmgp.sgame,discharging,1,35,89.9,100,95,0,15.42,0,0,69,3.9,2.027,7.9053,50493,27448,0,-
14:29:12.681,snap,fas,com.tencent.tmgp.sgame,discharging,1,35,89.9,100,95,0,15.34,0,0,72,3.89,2.07,8.0522995,50493,27448,0,-
14:29:13.681,snap,fas,com.tencent.tmgp.sgame,discharging,1,35,88.8,100,95,0,15.34,0,0,80,3.89,2.117,8.23513,50344,27326,0,-
14:29:14.681,snap,fas,com.tencent.tmgp.sgame,discharging,1,35,89.9,100,95,0,15.28,0,0,70,3.891,2.059,8.011569,50344,27326,0,-
14:29:15.681,snap,fas,com.tencent.tmgp.sgame,discharging,1,35,88.8,100,95,0,15.28,0,0,71,3.897,1.94,7.56018,50499,26986,0,-
14:29:16.682,snap,fas,com.tencent.tmgp.sgame,discharging,1,35,90.3,100,95,0,15.05,0,0,62,3.893,1.926,7.4979177,50499,26986,0,-
14:29:17.682,snap,fas,com.tencent.tmgp.sgame,discharging,1,35,88.4,100,95,0,15.05,0,0,55,3.895,1.897,7.388815,50858,27063,0,-
14:29:18.682,snap,fas,com.tencent.tmgp.sgame,discharging,1,35,87.2,100,95,0,14.68,0,0,50,3.899,1.832,7.1429677,50858,27063,0,-
14:29:19.683,snap,fas,com.tencent.tmgp.sgame,discharging,1,35,86.8,100,95,0,14.68,0,0,45,3.905,1.719,6.7126946,50414,26379,0,-
14:29:20.682,snap,fas,com.tencent.tmgp.sgame,discharging,1,35,86.4,100,95,0,14.73,0,0,41,3.901,1.644,6.4132442,50414,26379,0,-
14:29:21.682,snap,fas,com.tencent.tmgp.sgame,discharging,1,35,83.4,100,95,0,14.73,0,0,38,3.907,1.622,6.337154,50414,26379,0,-
14:29:22.682,snap,fas,com.tencent.tmgp.sgame,discharging,1,35,82.1,100,95,0,14.96,0,0,39,3.912,1.601,6.2631116,49711,26426,0,-
14:29:23.683,snap,fas,com.tencent.tmgp.sgame,discharging,1,35,81.7,100,95,0,14.96,0,0,39,3.91,1.615,6.31465,49711,26426,0,-
14:29:24.683,snap,fas,com.tencent.tmgp.sgame,discharging,1,35,82.1,100,95,0,14.97,0,0,40,3.913,1.636,6.4016685,50742,27023,0,-
14:29:25.683,snap,fas,com.tencent.tmgp.sgame,discharging,1,35.1,81.7,100,95,0,14.97,0,0,43,3.907,1.662,6.493434,50742,27023,0,-
14:29:26.683,snap,fas,com.tencent.tmgp.sgame,discharging,1,35.1,82.4,100,95,0,14.61,0,0,43,3.906,1.633,6.378498,48732,24332,0,-
14:29:27.683,snap,fas,com.tencent.tmgp.sgame,discharging,1,35.1,82.8,100,95,0,14.61,0,0,44,3.904,1.734,6.769536,48732,24332,0,-
14:29:28.684,snap,fas,com.tencent.tmgp.sgame,discharging,1,35.1,82.8,100,95,0,14.5,0,0,45,3.907,1.658,6.477806,51007,26747,0,-
14:29:29.683,snap,fas,com.tencent.tmgp.sgame,discharging,1,35.1,82.8,100,95,0,14.5,0,0,33,3.905,1.607,6.275335,51007,26747,0,-
14:29:30.684,snap,fas,com.tencent.tmgp.sgame,discharging,1,35.1,81.3,100,95,0,14.95,0.9,0.36,33,3.896,1.673,6.5180078,50839,25772,0,-
14:29:31.683,snap,fas,com.tencent.tmgp.sgame,discharging,1,35.1,81.3,100,95,0,14.95,0.9,0.36,35,3.905,1.68,6.5603995,50839,25772,0,-
14:29:32.684,snap,fas,com.tencent.tmgp.sgame,discharging,1,35.1,81.3,100,95,0,14.96,0.74,0.65,40,3.912,1.564,6.118368,47648,23456,0,-
14:29:33.683,snap,fas,com.tencent.tmgp.sgame,discharging,1,35.1,81.3,100,95,0,14.96,0.74,0.65,38,3.911,1.521,5.9486313,47648,23456,0,-
14:29:34.684,snap,fas,com.tencent.tmgp.sgame,discharging,1,35.1,80.5,100,95,0,15.15,0.6,0.53,38,3.915,1.539,6.025185,49414,26405,0,-
14:29:35.684,snap,fas,com.tencent.tmgp.sgame,discharging,1,35.1,79.3,100,95,0,15.15,0.6,0.53,46,3.916,1.539,6.026724,49414,26405,0,-
14:29:36.686,snap,fas,com.tencent.tmgp.sgame,discharging,1,35.1,79.3,100,95,0,15.12,0.49,0.44,47,3.916,1.539,6.026724,48873,25598,0,-
14:29:37.684,snap,fas,com.tencent.tmgp.sgame,discharging,1,35.1,79.7,100,95,0,15.12,0.49,0.44,47,3.912,1.553,6.075336,48873,25598,0,-
14:29:38.685,snap,fas,com.tencent.tmgp.sgame,discharging,1,35.1,79.7,100,95,0,15.12,0.49,0.44,47,3.912,1.572,6.149664,47227,23164,0,-
14:29:39.684,snap,fas,com.tencent.tmgp.sgame,discharging,1,35.1,79.7,100,95,0,15.1,0.4,0.36,47,3.916,1.532,5.9993114,47227,23164,0,-
14:29:40.684,snap,fas,com.tencent.tmgp.sgame,discharging,1,35.1,79.7,100,95,0,15.1,0.4,0.36,47,3.909,1.572,6.144948,49652,24776,0,-
14:29:41.684,snap,fas,com.tencent.tmgp.sgame,discharging,1,35.1,80.5,100,95,0,14.9,0.33,0.29,49,3.91,1.677,6.5570703,49652,24776,0,-
14:29:42.685,snap,fas,com.tencent.tmgp.sgame,discharging,1,35.1,81.3,100,95,0,14.9,0.33,0.29,52,3.898,1.741,6.7864184,50090,25071,0,-
14:29:43.685,snap,fas,com.tencent.tmgp.sgame,discharging,1,35.1,82.8,100,95,0,14.73,0.27,0.24,49,3.897,1.702,6.6326942,50090,25071,0,-
14:29:44.685,snap,fas,com.tencent.tmgp.sgame,discharging,1,35.1,82.8,100,95,0,14.73,0.27,0.24,52,3.903,1.706,6.6585183,51615,26794,0,-
14:29:45.685,snap,fas,com.tencent.tmgp.sgame,discharging,1,35.1,82.8,100,95,0,14.78,0.22,0.19,53,3.908,1.706,6.667048,51615,26794,0,-
14:29:46.685,snap,fas,com.tencent.tmgp.sgame,discharging,1,35.1,82.8,100,95,0,14.78,0.22,0.19,59,3.891,1.777,6.9143066,51455,26551,0,-
14:29:47.685,snap,fas,com.tencent.tmgp.sgame,discharging,1,35.1,83.2,100,95,0,14.82,0.18,0.16,61,3.9,1.861,7.2578998,51455,26551,0,-
14:29:48.685,snap,fas,com.tencent.tmgp.sgame,discharging,1,35.1,83.2,100,95,0,14.82,0.18,0.16,61,3.902,1.763,6.8792257,51455,26551,0,-
14:29:49.685,snap,fas,com.tencent.tmgp.sgame,discharging,1,35.1,83.2,100,95,0,14.85,0.14,0.13,52,3.897,1.82,7.0925403,49602,25092,0,-
14:29:50.685,snap,fas,com.tencent.tmgp.sgame,discharging,1,35.1,81.7,100,95,0,14.85,0.14,0.13,52,3.91,1.665,6.51015,49602,25092,0,-
14:29:51.686,snap,fas,com.tencent.tmgp.sgame,discharging,1,35.1,81.3,100,95,0,14.88,0.12,0.1,51,3.904,1.629,6.359616,50608,26064,0,-
14:29:52.687,snap,fas,com.tencent.tmgp.sgame,discharging,1,35.1,80.9,100,95,0,14.88,0.12,0.1,50,3.897,1.662,6.476814,50608,26064,0,-
14:29:53.686,snap,fas,com.tencent.tmgp.sgame,discharging,1,35.1,80.9,100,95,0,14.72,0.09,0.08,49,3.906,1.669,6.519114,50195,26010,0,-
14:29:54.687,snap,fas,com.tencent.tmgp.sgame,discharging,1,35.1,80.9,100,95,0,14.72,0.09,0.08,47,3.91,1.669,6.52579,50195,26010,0,-
14:29:55.686,snap,fas,com.tencent.tmgp.sgame,discharging,1,35.1,79.7,100,95,0,14.77,0.08,0.07,47,3.906,1.626,6.351156,51016,26494,0,-
14:29:56.686,snap,fas,com.tencent.tmgp.sgame,discharging,1,35.1,79.7,100,95,0,14.77,0.08,0.07,45,3.91,1.564,6.11524,51016,26494,0,-
14:29:57.686,snap,fas,com.tencent.tmgp.sgame,discharging,1,35.1,79.3,100,95,0,14.81,0.06,0.05,45,3.911,1.514,5.921254,49090,24888,0,-
14:29:58.688,snap,fas,com.tencent.tmgp.sgame,discharging,1,35.1,79.3,100,95,0,14.81,0.06,0.05,39,3.897,1.553,6.052041,49090,24888,0,-
14:29:59.686,snap,fas,com.tencent.tmgp.sgame,discharging,1,35.1,80.1,100,95,0,14.66,0.05,0.04,43,3.902,1.593,6.215886,48257,23927,0,-
14:30:00.687,snap,fas,com.tencent.tmgp.sgame,discharging,1,35.1,80.1,100,95,0,14.66,0.05,0.04,44,3.912,1.622,6.345264,48257,23927,0,-
14:30:01.687,snap,fas,com.tencent.tmgp.sgame,discharging,1,35.1,79.7,100,95,0,14.72,0.04,0.03,41,3.906,1.626,6.351156,51302,27134,0,-
14:30:02.688,snap,fas,com.tencent.tmgp.sgame,discharging,1,35.1,79.7,100,95,0,14.72,0.04,0.03,50,3.912,1.568,6.1340156,51302,27134,0,-
14:30:03.687,snap,fas,com.tencent.tmgp.sgame,discharging,1,35.1,79.7,100,95,0,14.77,0.03,0.03,51,3.904,1.648,6.433792,50193,26789,0,-
14:30:04.688,snap,fas,com.tencent.tmgp.sgame,discharging,1,35.1,81.3,100,95,0,14.77,0.03,0.03,46,3.908,1.607,6.280156,50193,26789,0,-
14:30:05.687,snap,fas,com.tencent.tmgp.sgame,discharging,1,35.1,80.5,100,95,0,14.81,0.02,0.02,46,3.909,1.604,6.2700357,49491,25934,0,-
14:30:06.687,snap,fas,com.tencent.tmgp.sgame,discharging,1,35.1,80.5,100,95,0,14.81,0.02,0.02,47,3.91,1.619,6.33029,49491,25934,0,-
14:30:07.688,snap,fas,com.tencent.tmgp.sgame,discharging,1,35.1,80.5,100,95,0,14.66,0.02,0.02,48,3.907,1.698,6.634086,52026,26943,0,-
14:30:08.687,snap,fas,com.tencent.tmgp.sgame,discharging,1,35.1,80.5,100,95,0,14.66,0.02,0.02,46,3.908,1.694,6.620152,52026,26943,0,-
14:30:09.688,snap,fas,com.tencent.tmgp.sgame,discharging,1,35.1,80.5,100,95,0,14.72,0.01,0.01,43,3.904,1.582,6.176128,44887,22365,0,-
14:30:10.687,snap,fas,com.tencent.tmgp.sgame,discharging,1,35.1,80.5,100,95,0,14.72,0.01,0.01,42,3.909,1.452,5.675868,44887,22365,0,-
14:30:11.688,snap,fas,com.tencent.tmgp.sgame,discharging,1,35.1,81.3,100,95,0,14.41,0.01,0.01,47,3.91,1.648,6.4436803,52197,28734,0,-
14:30:12.688,snap,fas,com.tencent.tmgp.sgame,discharging,1,35.1,81.3,100,95,0,14.41,0.01,0.01,48,3.908,1.737,6.788196,52197,28734,0,-
14:30:13.689,snap,fas,com.tencent.tmgp.sgame,discharging,1,35.1,82.4,100,95,0,14.88,0.37,0.01,50,3.901,1.918,7.482118,52197,28734,0,-
14:30:14.688,snap,fas,com.tencent.tmgp.sgame,discharging,1,35.1,82.4,100,95,0,14.88,0.37,0.01,57,3.898,1.803,7.028094,51687,27507,0,-
14:30:15.688,snap,fas,com.tencent.tmgp.sgame,discharging,1,35.1,82.4,100,95,0,14.54,0.3,0,57,3.892,1.853,7.211876,51687,27507,0,-
14:30:16.688,snap,fas,com.tencent.tmgp.sgame,discharging,1,35.1,82.8,100,95,0,14.54,0.3,0,64,3.9,1.756,6.8484,47711,24129,0,-
14:30:17.689,snap,fas,com.tencent.tmgp.sgame,discharging,1,35.1,81.3,100,95,0,14.26,0.25,0,57,3.905,1.597,6.2362847,47711,24129,0,-
14:30:18.688,snap,fas,com.tencent.tmgp.sgame,discharging,1,35.1,81.3,100,95,0,14.26,0.25,0,52,3.906,1.582,6.1792917,45983,22631,0,-
14:30:19.689,snap,fas,com.tencent.tmgp.sgame,discharging,1,35.1,81.3,100,95,0,14.21,0.2,0,48,3.906,1.518,5.929308,45983,22631,0,-
14:30:20.689,snap,fas,com.tencent.tmgp.sgame,discharging,1,35.1,81.3,100,95,0,14.21,0.2,0,45,3.908,1.557,6.0847564,46214,23282,0,-
14:30:21.689,snap,fas,com.tencent.tmgp.sgame,discharging,1,35.1,78.9,100,95,0,14.17,0.16,0,43,3.901,1.481,5.777381,46214,23282,0,-
14:30:22.689,snap,fas,com.tencent.tmgp.sgame,discharging,1,35.1,78.9,100,95,0,14.17,0.16,0,42,3.911,1.543,6.0346727,44442,21956,0,-
14:30:23.689,snap,fas,com.tencent.tmgp.sgame,discharging,1,35.1,78.5,100,95,0,13.96,0.13,0,41,3.909,1.445,5.648505,44442,21956,0,-
14:30:24.690,snap,fas,com.tencent.tmgp.sgame,discharging,1,35.1,76.5,100,95,0,13.96,0.13,0,39,3.919,1.369,5.365111,38686,16490,0,-
14:30:25.689,snap,fas,com.tencent.tmgp.sgame,discharging,1,35.1,75.3,100,95,0,13.42,0.11,0,39,3.919,1.362,5.337678,38686,16490,0,-
14:30:26.690,snap,fas,com.tencent.tmgp.sgame,discharging,1,35.1,74.9,100,95,0,13.42,0.11,0,37,3.919,1.272,4.9849677,32767,11911,0,-
14:30:27.689,snap,fas,com.tencent.tmgp.sgame,discharging,1,35.1,75.3,100,95,0,12.8,0.09,0,37,3.918,1.297,5.081646,32767,11911,0,-
14:30:28.690,snap,fas,com.tencent.tmgp.sgame,discharging,1,35.1,75.7,100,95,0,12.8,0.09,0,41,3.919,1.406,5.5101137,36969,14737,0,-
14:30:29.690,snap,fas,com.tencent.tmgp.sgame,discharging,1,35.1,76.5,100,95,0,12.47,0.07,0,42,3.917,1.452,5.6874843,36969,14737,0,-
14:30:30.690,snap,fas,com.tencent.tmgp.sgame,discharging,1,35.1,76.5,100,95,0,12.47,0.07,0,42,3.915,1.406,5.50449,42824,19351,0,-
14:30:31.690,snap,fas,com.tencent.tmgp.sgame,discharging,1,35.1,76.5,100,95,0,12.75,0.06,0,42,3.909,1.503,5.875227,42824,19351,0,-
14:30:32.690,snap,fas,com.tencent.tmgp.sgame,discharging,1,35.1,77.3,100,95,0,12.75,0.06,0,44,3.91,1.55,6.0605,50951,27369,0,-
14:30:33.690,snap,fas,com.tencent.tmgp.sgame,discharging,1,35.1,77.7,100,95,0,13.16,0.04,0,46,3.909,1.507,5.890863,50951,27369,0,-
14:30:34.691,snap,fas,com.tencent.tmgp.sgame,discharging,1,35.1,77.7,100,95,0,13.16,0.04,0,46,3.909,1.564,6.113676,51564,27746,0,-
14:30:35.691,snap,fas,com.tencent.tmgp.sgame,discharging,1,35.1,77.7,100,95,0,13.67,0.04,0,46,3.908,1.575,6.1551003,51564,27746,0,-
14:30:36.692,snap,fas,com.tencent.tmgp.sgame,discharging,1,35.1,77.7,100,95,0,13.67,0.04,0,56,3.907,1.575,6.1535254,47894,24289,0,-
14:30:37.691,snap,fas,com.tencent.tmgp.sgame,discharging,1,35.1,79.3,100,95,0,13.91,0.03,0,61,3.907,1.572,6.141804,47894,24289,0,-
14:30:38.691,snap,fas,com.tencent.tmgp.sgame,discharging,1,35.1,79.7,100,95,0,13.91,0.03,0,61,3.903,1.68,6.55704,50224,26758,0,-
14:30:39.691,snap,fas,com.tencent.tmgp.sgame,discharging,1,35.1,81.3,100,95,0,14.11,0.02,0,65,3.904,1.655,6.46112,50224,26758,0,-
14:30:40.691,snap,fas,com.tencent.tmgp.sgame,discharging,1,35.1,81.7,100,95,0,14.11,0.02,0,51,3.909,1.64,6.41076,50224,26758,0,-
14:30:41.691,snap,fas,com.tencent.tmgp.sgame,discharging,1,35.1,83.2,100,95,0,14.09,0.02,0,56,3.904,1.814,7.0818563,49255,24568,0,-
14:30:42.691,snap,fas,com.tencent.tmgp.sgame,discharging,1,35.1,83.6,100,95,0,14.09,0.02,0,71,3.89,1.803,7.01367,49255,24568,0,-
14:30:43.691,snap,fas,com.tencent.tmgp.sgame,discharging,1,35.1,84,100,95,0,14.07,0.01,0,60,3.898,1.849,7.2074018,50365,25594,0,-
14:30:44.692,snap,fas,com.tencent.tmgp.sgame,discharging,1,35.1,84,100,95,0,14.07,0.01,0,63,3.897,1.954,7.614738,50365,25594,0,-
14:30:45.692,snap,fas,com.tencent.tmgp.sgame,discharging,1,35,84.8,100,95,0,14.06,0.01,0,69,3.894,1.868,7.273992,50647,27422,0,-
14:30:46.692,snap,fas,com.tencent.tmgp.sgame,discharging,1,35,84,100,95,0,14.06,0.01,0,65,3.896,1.818,7.0829277,50647,27422,0,-
14:30:47.692,snap,fas,com.tencent.tmgp.sgame,discharging,1,35,81,100,95,0,14.23,0.01,0,51,3.901,1.665,6.495165,50797,26920,0,-
14:30:48.692,snap,fas,com.tencent.tmgp.sgame,discharging,1,35,80.1,100,95,0,14.23,0.01,0,40,3.907,1.658,6.477806,50797,26920,0,-
14:30:49.692,snap,fas,com.tencent.tmgp.sgame,discharging,1,35,80.1,100,95,0,14,0,0,43,3.903,1.586,6.190158,45914,22096,0,-
14:30:50.693,snap,fas,com.tencent.tmgp.sgame,discharging,1,35,83.1,100,95,0,14,0,0,47,3.909,1.719,6.7195706,45914,22096,0,-
14:30:51.693,snap,fas,com.tencent.tmgp.sgame,discharging,1,35,84,100,95,0,14,0,0,63,3.89,1.936,7.53104,50087,27183,0,-
14:30:52.692,snap,fas,com.tencent.tmgp.sgame,discharging,1,35,84.8,100,95,0,14,0,0,74,3.89,1.951,7.5893903,50087,27183,0,-
14:30:53.693,snap,fas,com.tencent.tmgp.sgame,discharging,1,35,84.8,100,95,0,14.18,0,0.18,68,3.892,1.958,7.620536,51604,27716,0,-
14:30:54.693,snap,fas,com.tencent.tmgp.sgame,discharging,1,35,84,100,95,0,14.18,0,0.18,72,3.896,1.903,7.414088,51604,27716,0,-
14:30:55.693,snap,fas,com.tencent.tmgp.sgame,discharging,1,35.1,82.8,100,95,0,14.33,0,0.14,64,3.899,1.756,6.846644,50987,27080,0,-
14:30:56.693,snap,fas,com.tencent.tmgp.sgame,discharging,1,35.1,82.8,100,95,0,14.33,0,0.14,58,3.901,1.712,6.678512,50987,27080,0,-
14:30:57.693,snap,fas,com.tencent.tmgp.sgame,discharging,1,35.1,82.4,100,95,0,14.45,0,0.12,55,3.9,1.706,6.6534,51149,26446,0,-
14:30:58.693,snap,fas,com.tencent.tmgp.sgame,discharging,1,35.1,80.9,100,95,0,14.45,0,0.12,56,3.901,1.694,6.608294,51149,26446,0,-
14:30:59.694,snap,fas,com.tencent.tmgp.sgame,discharging,1,35.1,80.9,100,95,0,14.37,0,0.09,49,3.904,1.619,6.3205757,50105,25616,0,-
14:31:00.694,snap,fas,com.tencent.tmgp.sgame,discharging,1,35.1,80.9,100,95,0,14.37,0,0.09,45,3.903,1.615,6.303345,50105,25616,0,-
14:31:01.694,snap,fas,com.tencent.tmgp.sgame,discharging,1,35.1,80.9,100,95,0,14.48,0,0.08,42,3.907,1.597,6.239479,48910,24995,0,-
14:31:02.694,snap,fas,com.tencent.tmgp.sgame,discharging,1,35.1,80.1,100,95,0,14.48,0,0.08,40,3.911,1.521,5.9486313,48910,24995,0,-
14:31:03.694,snap,fas,com.tencent.tmgp.sgame,discharging,1,35.1,78.9,100,95,0,14.57,0,0.06,42,3.907,1.575,6.1535254,47349,24312,0,-
14:31:04.694,snap,fas,com.tencent.tmgp.sgame,discharging,1,35.1,77.7,100,95,0,14.57,0,0.06,39,3.905,1.493,5.830165,47349,24312,0,-
14:31:05.694,snap,fas,com.tencent.tmgp.sgame,discharging,1,35.1,77.7,100,95,0,14.29,0,0.05,33,3.906,1.427,5.573862,47349,24312,0,-
14:31:06.695,snap,fas,com.tencent.tmgp.sgame,discharging,1,35.1,78.1,100,95,0,14.29,0,0.05,35,3.906,1.518,5.929308,45514,22989,0,-
14:31:07.695,snap,fas,com.tencent.tmgp.sgame,discharging,1,35.1,78.5,100,95,0,14.6,0,0.04,37,3.905,1.593,6.220665,45514,22989,0,-
14:31:08.695,snap,fas,com.tencent.tmgp.sgame,discharging,1,35.1,80.5,100,95,0,14.6,0,0.04,37,3.895,1.687,6.570865,52285,27796,0,-
14:31:09.695,snap,fas,com.tencent.tmgp.sgame,discharging,1,35.1,83.5,100,95,0,14.67,0,0.03,46,3.9,1.781,6.9459004,52285,27796,0,-
14:31:10.695,snap,fas,com.tencent.tmgp.sgame,discharging,1,35.1,83.6,100,95,0,14.67,0,0.03,59,3.893,1.918,7.4667735,50959,27360,0,-
14:31:11.695,snap,fas,com.tencent.tmgp.sgame,discharging,1,35.1,83.6,100,95,0,14.55,0,0.02,57,3.894,1.886,7.3440843,50959,27360,0,-
14:31:12.695,snap,fas,com.tencent.tmgp.sgame,discharging,1,35.1,84,100,95,0,14.55,0,0.02,59,3.896,1.799,7.008904,49839,26491,0,-
14:31:13.695,snap,fas,com.tencent.tmgp.sgame,discharging,1,35.1,84,100,95,0,14.27,0,0.02,60,3.898,1.861,7.2541776,49839,26491,0,-
14:31:14.695,snap,fas,com.tencent.tmgp.sgame,discharging,1,35.1,84,100,95,0,14.27,0,0.02,61,3.888,1.849,7.188912,49009,25520,0,-
14:31:15.695,snap,fas,com.tencent.tmgp.sgame,discharging,1,35.1,83.2,100,95,0,14.22,0,0.01,52,3.893,1.774,6.906182,49009,25520,0,-
14:31:16.695,snap,fas,com.tencent.tmgp.sgame,discharging,1,35.1,83.2,100,95,0,14.22,0,0.01,50,3.899,1.756,6.846644,50229,26009,0,-
14:31:17.695,snap,fas,com.tencent.tmgp.sgame,discharging,1,35.1,83.2,100,95,0,14,0,0.01,52,3.894,1.818,7.079292,50229,26009,0,-
14:31:18.696,snap,fas,com.tencent.tmgp.sgame,discharging,1,35.1,82.4,100,95,0,14,0,0.01,54,3.895,1.766,6.87857,43801,20063,0,-
14:31:19.696,snap,fas,com.tencent.tmgp.sgame,discharging,1,35.1,82.1,100,95,0,13.09,0,0.01,62,3.899,1.694,6.604906,43801,20063,0,-
14:31:20.696,snap,fas,com.tencent.tmgp.sgame,discharging,1,35.1,81.7,100,95,0,13.09,0,0.01,64,3.896,1.756,6.841376,35434,12720,0,-
14:31:21.696,snap,fas,com.tencent.tmgp.sgame,discharging,1,35.1,80.5,100,95,0,12.35,0,0,57,3.9,1.669,6.5091004,35434,12720,0,-
14:31:22.696,snap,fas,com.tencent.tmgp.sgame,discharging,1,35.1,80.5,100,95,0,12.35,0,0,53,3.905,1.626,6.34953,33982,11985,0,-
14:31:23.697,snap,fas,com.tencent.tmgp.sgame,discharging,1,35.1,81.3,100,95,0,11.56,0,0,54,3.908,1.615,6.31142,33982,11985,0,-
14:31:24.697,snap,fas,com.tencent.tmgp.sgame,discharging,1,35.1,82.4,100,95,0,11.56,0,0,56,3.905,1.655,6.4627748,44189,21876,0,-
14:31:25.697,snap,fas,com.tencent.tmgp.sgame,discharging,1,35.1,84.4,100,95,0,12,0,0,51,3.895,1.82,7.0889,44189,21876,0,-
14:31:26.697,snap,fas,com.tencent.tmgp.sgame,discharging,1,35.1,87.4,100,95,0,12,0,0,60,3.879,2.128,8.254512,56332,29249,0,-
14:31:27.697,snap,fas,com.tencent.tmgp.sgame,discharging,1,35.1,88.4,100,95,0,16.17,0.18,1.45,63,3.887,2.153,8.368711,56332,29249,0,-
14:31:28.697,snap,fas,com.tencent.tmgp.sgame,discharging,1,35.1,87.6,100,95,0,16.17,0.18,1.45,75,3.883,2.056,7.9834476,52924,28426,0,-
14:31:29.697,snap,fas,com.tencent.tmgp.sgame,discharging,1,35.1,86,100,95,0,16.32,0.14,1.19,58,3.892,1.832,7.130144,52924,28426,0,-
14:31:30.698,snap,fas,com.tencent.tmgp.sgame,discharging,1,35.1,86,100,95,0,16.32,0.14,1.19,44,3.893,1.756,6.8361077,51171,27968,0,-
14:31:31.697,snap,fas,com.tencent.tmgp.sgame,discharging,1,35.1,85.2,100,95,0,16.08,0.12,0.97,39,3.886,1.756,6.823816,51171,27968,0,-
14:31:32.698,snap,fas,com.tencent.tmgp.sgame,discharging,1,35.1,87.2,100,95,0,16.08,0.12,0.97,63,3.894,1.872,7.289568,51171,27968,0,-
14:31:33.697,snap,fas,com.tencent.tmgp.sgame,discharging,1,35.1,87.2,100,95,0,15.52,0.09,0.79,72,3.896,1.976,7.698496,48095,25402,0,-
14:31:34.698,snap,fas,com.tencent.tmgp.sgame,discharging,1,35.1,88,100,95,0,15.52,0.09,0.79,71,3.884,2.07,8.03988,48095,25402,0,-
14:31:35.699,snap,fas,com.tencent.tmgp.sgame,discharging,1,35.1,89.6,100,95,0,15.42,0.08,0.65,74,3.88,2.073,8.04324,49700,27428,0,-
14:31:36.698,snap,fas,com.tencent.tmgp.sgame,discharging,1,35.1,89.6,100,95,0,15.42,0.08,0.65,80,3.878,2.117,8.209726,49700,27428,0,-
14:31:37.698,snap,fas,com.tencent.tmgp.sgame,discharging,1,35.1,89.6,100,95,0,15.71,0.06,0.53,72,3.879,2.174,8.432946,49017,26630,0,-
14:31:38.698,snap,fas,com.tencent.tmgp.sgame,discharging,1,35.1,89.6,100,95,0,15.71,0.06,0.53,71,3.88,2.207,8.56316,49017,26630,0,-
14:31:39.699,snap,fas,com.tencent.tmgp.sgame,discharging,1,35.2,89.2,100,95,0,16.12,0.05,0.43,66,3.879,2.135,8.281665,47092,25167,0,-
14:31:40.699,snap,fas,com.tencent.tmgp.sgame,discharging,1,35.2,88.8,100,95,0,16.12,0.05,0.43,66,3.877,2.106,8.164962,47092,25167,0,-
14:31:41.699,snap,fas,com.tencent.tmgp.sgame,discharging,1,35.2,88.8,100,95,0,15.92,0.04,0.35,66,3.882,2.091,8.117262,44349,21819,0,-
14:31:42.699,snap,fas,com.tencent.tmgp.sgame,discharging,1,35.2,88.4,100,95,0,15.92,0.04,0.35,66,3.884,2.012,7.8146086,44349,21819,0,-
14:31:43.699,snap,fas,com.tencent.tmgp.sgame,discharging,1,35.2,89.6,100,95,0,15.75,0.03,0.29,64,3.879,2.041,7.9170384,50528,27248,0,-
14:31:44.699,snap,fas,com.tencent.tmgp.sgame,discharging,1,35.2,89.2,100,95,0,15.75,0.03,0.29,71,3.884,2.002,7.7757683,50528,27248,0,-
14:31:45.699,snap,fas,com.tencent.tmgp.sgame,discharging,1,35.2,89.2,100,95,0,15.8,0.02,0.23,70,3.881,2.081,8.076362,51171,27775,0,-
14:31:46.699,snap,fas,com.tencent.tmgp.sgame,discharging,1,35.2,88.8,100,95,0,15.8,0.02,0.23,80,3.878,2.031,7.876218,51171,27775,0,-
14:31:47.700,snap,fas,com.tencent.tmgp.sgame,discharging,1,35.2,88.8,100,95,0,15.65,0.02,0.19,77,3.88,2.073,8.04324,48561,25461,0,-
14:31:48.702,snap,fas,com.tencent.tmgp.sgame,discharging,1,35.2,89.2,100,95,0,15.65,0.02,0.19,70,3.884,2.088,8.109793,48561,25461,0,-
14:31:49.700,snap,fas,com.tencent.tmgp.sgame,discharging,1,35.2,90.3,100,95,0,15.53,0.01,0.16,67,3.881,1.99,7.7231903,50199,26668,0,-
14:31:50.700,snap,fas,com.tencent.tmgp.sgame,discharging,1,35.2,90.3,100,95,0,15.53,0.01,0.16,71,3.883,1.973,7.661159,50199,26668,0,-
14:31:51.700,snap,fas,com.tencent.tmgp.sgame,discharging,1,35.2,88.8,100,95,0,15.25,0.01,0.13,77,3.885,2.052,7.97202,50471,27480,0,-
14:31:52.701,snap,fas,com.tencent.tmgp.sgame,discharging,1,35.2,88,100,95,0,15.25,0.01,0.13,79,3.879,2.041,7.9170384,50471,27480,0,-
14:31:53.701,snap,fas,com.tencent.tmgp.sgame,discharging,1,35.2,87.6,100,95,0,15.02,0.01,0.1,64,3.881,1.911,7.416591,49647,25239,0,-
14:31:54.700,snap,fas,com.tencent.tmgp.sgame,discharging,1,35.2,86.4,100,95,0,15.02,0.01,0.1,49,3.888,1.806,7.021728,49647,25239,0,-
14:31:55.700,snap,fas,com.tencent.tmgp.sgame,discharging,1,35.3,84.8,100,95,0,15.02,0,0.08,47,3.891,1.748,6.8014684,51530,27423,0,-
14:31:56.701,snap,fas,com.tencent.tmgp.sgame,discharging,1,35.3,84.8,100,95,0,15.02,0,0.08,47,3.886,1.716,6.6683755,51530,27423,0,-
14:31:57.701,snap,fas,com.tencent.tmgp.sgame,discharging,1,35.3,84.8,100,95,0,15.01,0,0.07,49,3.884,1.734,6.734856,50645,26035,0,-
14:31:58.701,snap,fas,com.tencent.tmgp.sgame,discharging,1,35.3,84.4,100,95,0,15.01,0,0.07,51,3.893,1.719,6.6920667,50645,26035,0,-
14:31:59.701,snap,fas,com.tencent.tmgp.sgame,discharging,1,35.3,84.4,100,95,0,14.83,0,0.05,51,3.893,1.752,6.8205357,50645,26035,0,-
14:32:00.701,snap,fas,com.tencent.tmgp.sgame,discharging,1,35.3,84.4,100,95,0,14.83,0,0.05,47,3.894,1.723,6.7093625,51169,26817,0,-
14:32:01.701,snap,fas,com.tencent.tmgp.sgame,discharging,1,35.3,84.4,100,95,0,14.86,0,0.04,49,3.891,1.791,6.968781,51169,26817,0,-
14:32:02.702,snap,fas,com.tencent.tmgp.sgame,discharging,1,35.3,84.8,100,95,0,14.86,0,0.04,51,3.885,1.789,6.950265,50492,26776,0,-
14:32:03.701,snap,fas,com.tencent.tmgp.sgame,discharging,1,35.3,83.6,100,95,0,14.7,0,0.03,54,3.896,1.785,6.9543595,50492,26776,0,-
14:32:04.701,snap,fas,com.tencent.tmgp.sgame,discharging,1,35.3,83.6,100,95,0,14.7,0,0.03,52,3.893,1.748,6.804964,49623,26046,0,-
14:32:05.702,snap,fas,com.tencent.tmgp.sgame,discharging,1,35.3,83.2,100,95,0,14.39,0,0.03,60,3.888,1.789,6.955632,49623,26046,0,-
14:32:06.702,snap,fas,com.tencent.tmgp.sgame,discharging,1,35.3,83.2,100,95,0,14.39,0,0.03,57,3.89,1.687,6.5624304,49884,26538,0,-
14:32:07.702,snap,fas,com.tencent.tmgp.sgame,discharging,1,35.3,82.8,100,95,0,14.5,0,0.02,42,3.893,1.575,6.131475,49884,26538,0,-
14:32:08.702,snap,fas,com.tencent.tmgp.sgame,discharging,1,35.3,81.7,100,95,0,14.5,0,0.02,44,3.902,1.564,6.102728,47685,25333,0,-
14:32:09.702,snap,fas,com.tencent.tmgp.sgame,discharging,1,35.3,81.3,100,95,0,14.59,0,0.02,43,3.899,1.597,6.2267027,47685,25333,0,-
14:32:10.702,snap,fas,com.tencent.tmgp.sgame,discharging,1,35.3,80.9,100,95,0,14.59,0,0.02,44,3.901,1.593,6.2142935,46909,24018,0,-
14:32:11.702,snap,fas,com.tencent.tmgp.sgame,discharging,1,35.3,80.5,100,95,0,14.3,0,0.01,50,3.898,1.593,6.209514,46909,24018,0,-
14:32:12.703,snap,fas,com.tencent.tmgp.sgame,discharging,1,35.3,80.5,100,95,0,14.3,0,0.01,48,3.897,1.607,6.2624793,44234,22416,0,-
14:32:13.703,snap,fas,com.tencent.tmgp.sgame,discharging,1,35.3,80.5,100,95,0,14.25,0,0.01,38,3.89,1.536,5.9750404,44234,22416,0,-
14:32:14.702,snap,fas,com.tencent.tmgp.sgame,discharging,1,35.3,80.9,100,95,0,14.25,0,0.01,38,3.905,1.564,6.10742,45237,22967,0,-
14:32:15.702,snap,fas,com.tencent.tmgp.sgame,discharging,1,35.4,80.9,100,95,0,14.2,0,0.01,41,3.901,1.64,6.3976398,45237,22967,0,-
14:32:16.703,snap,fas,com.tencent.tmgp.sgame,discharging,1,35.4,80.9,100,95,0,14.2,0,0.01,44,3.9,1.648,6.4272003,46731,24845,0,-
14:32:17.704,snap,fas,com.tencent.tmgp.sgame,discharging,1,35.4,80.5,100,95,0,13.98,0,0,40,3.902,1.561,6.091022,46731,24845,0,-
14:32:18.703,snap,fas,com.tencent.tmgp.sgame,discharging,1,35.4,79.7,100,95,0,13.98,0,0,40,3.9,1.553,6.0567,45343,23612,0,-
14:32:19.703,snap,fas,com.tencent.tmgp.sgame,discharging,1,35.4,79.3,100,95,0,14.17,0,0,39,3.897,1.532,5.970204,45343,23612,0,-
14:32:20.703,snap,fas,com.tencent.tmgp.sgame,discharging,1,35.4,78.5,100,95,0,14.17,0,0,38,3.897,1.564,6.094908,45208,23362,0,-
14:32:21.703,snap,fas,com.tencent.tmgp.sgame,discharging,1,35.4,78.5,100,95,0,14.13,0,0,39,3.901,1.51,5.89051,45208,23362,0,-
14:32:22.703,snap,fas,com.tencent.tmgp.sgame,discharging,1,35.4,79.3,100,95,0,14.13,0,0,40,3.902,1.578,6.157356,47768,25587,0,-
14:32:23.704,snap,fas,com.tencent.tmgp.sgame,discharging,1,35.4,80.1,100,95,0,14.11,0,0,40,3.897,1.575,6.1377754,47768,25587,0,-
14:32:24.703,snap,fas,com.tencent.tmgp.sgame,discharging,1,35.4,80.1,100,95,0,14.11,0,0,35,3.902,1.474,5.751548,47768,25587,0,-
14:32:25.704,snap,fas,com.tencent.tmgp.sgame,discharging,1,35.3,77.3,100,95,0,14.27,0,0,38,3.889,1.445,5.619605,46238,24701,0,-
14:32:26.705,snap,fas,com.tencent.tmgp.sgame,discharging,1,35.3,77.3,100,95,0,14.27,0,0,38,3.901,1.481,5.777381,46238,24701,0,-
14:32:27.704,snap,fas,com.tencent.tmgp.sgame,discharging,1,35.3,78.5,100,95,0,14.4,0,0,42,3.904,1.503,5.867712,47723,25769,0,-
14:32:28.705,snap,fas,com.tencent.tmgp.sgame,discharging,1,35.3,79.3,100,95,0,14.4,0,0,64,3.902,1.683,6.5670657,47723,25769,0,-
14:32:29.705,snap,fas,com.tencent.tmgp.sgame,discharging,1,35.3,80.9,100,95,0,14.51,0,0,58,3.889,1.781,6.926309,47924,25755,0,-
14:32:30.704,snap,fas,com.tencent.tmgp.sgame,discharging,1,35.3,80.9,100,95,0,14.51,0,0,56,3.89,1.76,6.8464003,47924,25755,0,-
14:32:31.705,snap,fas,com.tencent.tmgp.sgame,discharging,1,35.3,80.9,100,95,0,14.42,0,0,53,3.884,1.748,6.7892323,47659,24466,0,-
14:32:32.705,snap,fas,com.tencent.tmgp.sgame,discharging,1,35.3,80.9,100,95,0,14.42,0,0,54,3.887,1.76,6.8411202,47659,24466,0,-
14:32:33.705,snap,fas,com.tencent.tmgp.sgame,discharging,1,35.3,81.7,100,95,0,14.34,0,0,45,3.888,1.694,6.5862722,48798,25162,0,-
14:32:34.705,snap,fas,com.tencent.tmgp.sgame,discharging,1,35.3,82.4,100,95,0,14.34,0,0,49,3.889,1.662,6.4635177,48798,25162,0,-
14:32:35.705,snap,fas,com.tencent.tmgp.sgame,discharging,1,35.3,81.7,100,95,0,14.46,0,0,51,3.887,1.687,6.557369,50428,26399,0,-
14:32:36.705,snap,fas,com.tencent.tmgp.sgame,discharging,1,35.3,82.4,100,95,0,14.46,0,0,46,3.883,1.706,6.6243978,50428,26399,0,-
14:32:37.705,snap,fas,com.tencent.tmgp.sgame,discharging,1,35.3,81.3,100,95,0,14.37,0,0,46,3.888,1.651,6.419088,50962,26392,0,-
14:32:38.705,snap,fas,com.tencent.tmgp.sgame,discharging,1,35.3,78.5,100,95,0,14.37,0,0,44,3.893,1.564,6.0886517,50962,26392,0,-
14:32:39.706,snap,fas,com.tencent.tmgp.sgame,discharging,1,35.3,78.5,100,95,0,13.76,0,0,44,3.901,1.423,5.551123,38418,15938,0,-
14:32:40.706,snap,fas,com.tencent.tmgp.sgame,discharging,1,35.3,78.5,100,95,0,13.76,0,0,54,3.902,1.507,5.880314,38418,15938,0,-
14:32:41.706,snap,fas,com.tencent.tmgp.sgame,discharging,1,35.3,78.5,100,95,0,13.44,0,0,46,3.898,1.398,5.4494042,35109,13663,0,-
14:32:42.706,snap,fas,com.tencent.tmgp.sgame,discharging,1,35.3,78.1,100,95,0,13.44,0,0,39,3.905,1.47,5.7403502,35109,13663,0,-
14:32:43.706,snap,fas,com.tencent.tmgp.sgame,discharging,1,35.3,76.5,100,95,0,12.82,0,0,40,3.905,1.394,5.44357,33027,11736,0,-
14:32:44.707,snap,fas,com.tencent.tmgp.sgame,discharging,1,35.3,76.1,100,95,0,12.82,0,0,42,3.904,1.373,5.3601923,33027,11736,0,-
14:32:45.707,snap,fas,com.tencent.tmgp.sgame,discharging,1,35.3,76.1,100,95,0,12.31,0,0,43,3.907,1.352,5.282264,37424,15694,0,-
14:32:46.708,snap,fas,com.tencent.tmgp.sgame,discharging,1,35.3,77.3,100,95,0,12.31,0,0,42,3.914,1.481,5.7966337,37424,15694,0,-
14:32:47.706,snap,fas,com.tencent.tmgp.sgame,discharging,1,35.3,78.9,100,95,0,12.97,0.36,0.18,42,3.899,1.536,5.988864,49568,25589,0,-
14:32:48.707,snap,fas,com.tencent.tmgp.sgame,discharging,1,35.3,78.1,100,95,0,12.97,0.36,0.18,37,3.921,1.47,5.7638702,49568,25589,0,-
14:32:49.707,snap,fas,com.tencent.tmgp.sgame,discharging,1,35.3,79.3,100,95,0,13.7,0.29,0.14,36,3.9,1.578,6.1542,50936,27312,0,-
14:32:50.707,snap,fas,com.tencent.tmgp.sgame,discharging,1,35.3,78.1,100,95,0,13.7,0.29,0.14,33,3.897,1.582,6.1650543,50936,27312,0,-
14:32:51.707,snap,fas,com.tencent.tmgp.sgame,discharging,1,35.3,79.3,100,95,0,13.76,0.24,0.12,31,3.892,1.478,5.752376,50936,27312,0,-
14:32:52.707,snap,fas,com.tencent.tmgp.sgame,discharging,1,35.3,79.3,100,95,0,13.76,0.24,0.12,30,3.904,1.456,5.684224,43440,20634,0,-
14:32:53.708,snap,fas,com.tencent.tmgp.sgame,discharging,1,35.3,79.3,100,95,0,13.98,0.19,0.09,37,3.901,1.611,6.2845106,43440,20634,0,-
14:32:54.708,snap,fas,com.tencent.tmgp.sgame,discharging,1,35.3,79.3,100,95,0,13.98,0.19,0.09,39,3.893,1.55,6.0341496,47788,24053,0,-
14:32:55.708,snap,fas,com.tencent.tmgp.sgame,discharging,1,35.2,80.1,100,95,0,13.98,0.16,0.08,44,3.893,1.677,6.528561,47788,24053,0,-
14:32:56.708,snap,fas,com.tencent.tmgp.sgame,discharging,1,35.2,80.5,100,95,0,13.98,0.16,0.08,44,3.885,1.712,6.65112,48998,25041,0,-
14:32:57.708,snap,fas,com.tencent.tmgp.sgame,discharging,1,35.2,80.5,100,95,0,13.8,0.13,0.06,32,3.888,1.55,6.0263996,48998,25041,0,-
14:32:58.708,snap,fas,com.tencent.tmgp.sgame,discharging,1,35.2,81.3,100,95,0,13.8,0.13,0.06,41,3.894,1.706,6.643164,49538,25985,0,-
14:32:59.708,snap,fas,com.tencent.tmgp.sgame,discharging,1,35.2,82.1,100,95,0,14.02,0.1,0.05,42,3.893,1.702,6.625886,49538,25985,0,-
14:33:00.708,snap,fas,com.tencent.tmgp.sgame,discharging,1,35.2,82.1,100,95,0,14.02,0.1,0.05,41,3.894,1.712,6.666528,48451,24864,0,-
14:33:01.708,snap,fas,com.tencent.tmgp.sgame,discharging,1,35.2,82.4,100,95,0,14.02,0.08,0.04,41,3.892,1.748,6.803216,48451,24864,0,-
14:33:02.709,snap,fas,com.tencent.tmgp.sgame,discharging,1,35.2,82.4,100,95,0,14.02,0.08,0.04,45,3.892,1.709,6.6514277,50856,26982,0,-
14:33:03.709,snap,fas,com.tencent.tmgp.sgame,discharging,1,35.2,83.2,100,95,0,14.01,0.07,0.03,41,3.891,1.763,6.8598332,50856,26982,0,-
14:33:04.709,snap,fas,com.tencent.tmgp.sgame,discharging,1,35.2,83.2,100,95,0,14.01,0.07,0.03,47,3.892,1.781,6.931652,50387,26561,0,-
14:33:05.709,snap,fas,com.tencent.tmgp.sgame,discharging,1,35.2,83.2,100,95,0,14.19,0.05,0.02,50,3.881,1.803,6.997443,50387,26561,0,-
14:33:06.710,snap,fas,com.tencent.tmgp.sgame,discharging,1,35.2,84.4,100,95,0,14.19,0.05,0.02,58,3.886,1.872,7.274592,49489,26391,0,-
14:33:07.709,snap,fas,com.tencent.tmgp.sgame,discharging,1,35.2,85.2,100,95,0,14.15,0.04,0.02,67,3.884,2.012,7.8146086,49489,26391,0,-
14:33:08.709,snap,fas,com.tencent.tmgp.sgame,discharging,1,35.2,85.2,100,95,0,14.15,0.04,0.02,72,3.88,1.929,7.4845204,48313,25516,0,-
14:33:09.709,snap,fas,com.tencent.tmgp.sgame,discharging,1,35.2,85.2,100,95,0,14.12,0.03,0.01,68,3.885,1.907,7.4086947,48313,25516,0,-
14:33:10.710,snap,fas,com.tencent.tmgp.sgame,discharging,1,35.2,86,100,95,0,14.12,0.03,0.01,65,3.885,2.102,8.16627,52984,28942,0,-
14:33:11.710,snap,fas,com.tencent.tmgp.sgame,discharging,1,35.2,88,100,95,0,15.01,0.03,0.01,75,3.879,2.099,8.142021,52984,28942,0,-
14:33:12.710,snap,fas,com.tencent.tmgp.sgame,discharging,1,35.2,88,100,95,0,15.01,0.03,0.01,73,3.877,2.088,8.095177,50274,27126,0,-
14:33:13.710,snap,fas,com.tencent.tmgp.sgame,discharging,1,35.2,89.2,100,95,0,15.37,0.02,0.01,67,3.875,2.197,8.513375,50274,27126,0,-
14:33:14.710,snap,fas,com.tencent.tmgp.sgame,discharging,1,35.2,90.3,100,95,0,15.37,0.02,0.01,72,3.871,2.203,8.527813,48299,26110,0,-
14:33:15.711,snap,fas,com.tencent.tmgp.sgame,discharging,1,35.2,90.3,100,95,0,16.02,0.02,0,66,3.867,2.143,8.286981,48299,26110,0,-
14:33:16.711,snap,fas,com.tencent.tmgp.sgame,discharging,1,35.2,89.2,100,95,0,16.02,0.02,0,64,3.874,2.124,8.228376,48299,26110,0,-
14:33:17.711,snap,fas,com.tencent.tmgp.sgame,discharging,1,35.2,89.2,100,95,0,16.2,0.01,0,63,3.873,2.095,8.1139345,48439,25903,0,-
14:33:18.711,snap,fas,com.tencent.tmgp.sgame,discharging,1,35.2,90.3,100,95,0,16.2,0.01,0,75,3.872,2.186,8.464192,48439,25903,0,-
14:33:19.711,snap,fas,com.tencent.tmgp.sgame,discharging,1,35.2,91.1,100,95,0,16.16,0.01,0,75,3.875,2.117,8.203376,44452,22266,0,-
14:33:20.713,snap,fas,com.tencent.tmgp.sgame,discharging,1,35.2,91.1,100,95,0,16.16,0.01,0,73,3.868,2.186,8.455448,44452,22266,0,-
14:33:21.711,snap,fas,com.tencent.tmgp.sgame,discharging,1,35.2,91.1,100,95,0,15.77,0.01,0,74,3.873,2.222,8.605805,41892,19927,0,-
14:33:22.711,snap,fas,com.tencent.tmgp.sgame,discharging,1,35.2,90.7,100,95,0,15.77,0.01,0,68,3.869,2.106,8.148113,41892,19927,0,-
14:33:23.711,snap,fas,com.tencent.tmgp.sgame,discharging,1,35.2,88.8,100,95,0,15.81,0,0,79,3.874,2.005,7.7673707,50959,27524,0,-
14:33:24.711,snap,fas,com.tencent.tmgp.sgame,discharging,1,35.2,87.2,100,95,0,15.81,0,0,67,3.869,1.857,7.184733,50959,27524,0,-
14:33:25.712,snap,fas,com.tencent.tmgp.sgame,discharging,1,35.3,87.2,100,95,0,15.48,0,0,50,3.884,1.799,6.987316,49319,25433,0,-
14:33:26.712,snap,fas,com.tencent.tmgp.sgame,discharging,1,35.3,87.6,100,95,0,15.48,0,0,53,3.887,1.868,7.260916,49319,25433,0,-
14:33:27.712,snap,fas,com.tencent.tmgp.sgame,discharging,1,35.3,87.6,100,95,0,15.39,0,0,54,3.883,1.799,6.985517,51014,27126,0,-
14:33:28.712,snap,fas,com.tencent.tmgp.sgame,discharging,1,35.3,84.6,100,95,0,15.39,0,0,51,3.882,1.748,6.785736,51014,27126,0,-
14:33:29.712,snap,fas,com.tencent.tmgp.sgame,discharging,1,35.3,84.4,100,95,0,15.14,0,0,49,3.887,1.723,6.6973014,49275,25625,0,-
14:33:30.712,snap,fas,com.tencent.tmgp.sgame,discharging,1,35.3,84.4,100,95,0,15.14,0,0,46,3.888,1.774,6.897312,49275,25625,0,-
14:33:31.713,snap,fas,com.tencent.tmgp.sgame,discharging,1,35.3,84,100,95,0,15.11,0,0,41,3.888,1.694,6.5862722,50312,25980,0,-
14:33:32.712,snap,fas,com.tencent.tmgp.sgame,discharging,1,35.3,83.2,100,95,0,15.11,0,0,40,3.893,1.636,6.368948,50312,25980,0,-
14:33:33.721,snap,fas,com.tencent.tmgp.sgame,discharging,1,35.3,82.8,100,95,0,15.09,0,0,51,3.883,1.662,6.4535456,49572,26217,0,-
14:33:34.721,snap,fas,com.tencent.tmgp.sgame,discharging,1,35.3,82.8,100,95,0,15.09,0,0,51,3.888,1.68,6.53184,49572,26217,0,-
14:33:35.721,snap,fas,com.tencent.tmgp.sgame,discharging,1,35.4,81.7,100,95,0,15.07,0,0,48,3.885,1.662,6.4568696,50060,26629,0,-
14:33:36.721,snap,fas,com.tencent.tmgp.sgame,discharging,1,35.4,80.9,100,95,0,15.07,0,0,42,3.895,1.604,6.24758,50060,26629,0,-
14:33:37.721,snap,fas,com.tencent.tmgp.sgame,discharging,1,35.4,80.9,100,95,0,14.88,0,0,39,3.892,1.601,6.231092,49579,25824,0,-
14:33:38.722,snap,fas,com.tencent.tmgp.sgame,discharging,1,35.4,80.9,100,95,0,14.88,0,0,44,3.888,1.64,6.37632,49579,25824,0,-
14:33:39.721,snap,fas,com.tencent.tmgp.sgame,discharging,1,35.4,81.7,100,95,0,14.72,0,0,44,3.889,1.629,6.3351808,49313,25226,0,-
14:33:40.721,snap,fas,com.tencent.tmgp.sgame,discharging,1,35.4,81.3,100,95,0,14.72,0,0,43,3.89,1.607,6.2512302,49313,25226,0,-
14:33:41.722,snap,fas,com.tencent.tmgp.sgame,discharging,1,35.4,81.7,100,95,0,14.41,0,0,55,3.891,1.648,6.4123683,42592,20001,0,-
14:33:42.722,snap,fas,com.tencent.tmgp.sgame,discharging,1,35.4,81.3,100,95,0,14.41,0,0,61,3.887,1.644,6.3902283,42592,20001,0,-
14:33:43.722,snap,fas,com.tencent.tmgp.sgame,discharging,1,35.4,81.7,100,95,0,13.97,0,0,55,3.89,1.64,6.3796,42592,20001,0,-
14:33:44.722,snap,fas,com.tencent.tmgp.sgame,discharging,1,35.4,80.5,100,95,0,13.97,0,0,65,3.887,1.669,6.4874034,44560,22636,0,-
14:33:45.723,snap,fas,com.tencent.tmgp.sgame,discharging,1,35.4,79.7,100,95,0,13.79,0,0,62,3.888,1.622,6.306336,44560,22636,0,-
14:33:46.723,snap,fas,com.tencent.tmgp.sgame,discharging,1,35.4,79.3,100,95,0,13.79,0,0,46,3.898,1.536,5.987328,44070,22163,0,-
14:33:47.723,snap,fas,com.tencent.tmgp.sgame,discharging,1,35.4,79.3,100,95,0,14.01,0,0,34,3.894,1.412,5.4983277,44070,22163,0,-
14:33:48.724,snap,fas,com.tencent.tmgp.sgame,discharging,1,35.4,79.3,100,95,0,14.01,0,0,33,3.895,1.514,5.8970304,45630,24246,0,-
14:33:49.723,snap,fas,com.tencent.tmgp.sgame,discharging,1,35.4,78.1,100,95,0,14.01,0,0,34,3.893,1.449,5.640957,45630,24246,0,-
14:33:50.724,snap,fas,com.tencent.tmgp.sgame,discharging,1,35.4,78.1,100,95,0,14.01,0,0,35,3.896,1.518,5.914128,44940,22990,0,-
14:33:51.724,snap,fas,com.tencent.tmgp.sgame,discharging,1,35.4,78.9,100,95,0,14,0,0,41,3.896,1.528,5.953088,44940,22990,0,-
14:33:52.724,snap,fas,com.tencent.tmgp.sgame,discharging,1,35.4,81.3,100,95,0,14,0,0,52,3.89,1.77,6.8853,47808,25802,0,-
14:33:53.724,snap,fas,com.tencent.tmgp.sgame,discharging,1,35.4,81.3,100,95,0,14.18,0,0,44,3.88,1.662,6.4485598,47808,25802,0,-
14:33:54.725,snap,fas,com.tencent.tmgp.sgame,discharging,1,35.4,80.9,100,95,0,14.18,0,0,41,3.895,1.578,6.14631,47609,25884,0,-
14:33:55.725,snap,fas,com.tencent.tmgp.sgame,discharging,1,35.4,79.3,100,95,0,14.33,0,0,40,3.89,1.626,6.3251405,47609,25884,0,-
14:33:56.725,snap,fas,com.tencent.tmgp.sgame,discharging,1,35.4,78.1,100,95,0,14.33,0,0,43,3.894,1.607,6.257658,45704,24009,0,-
14:33:57.725,snap,fas,com.tencent.tmgp.sgame,discharging,1,35.4,78.1,100,95,0,14.27,0,0,32,3.905,1.464,5.71692,45704,24009,0,-
14:33:58.725,snap,fas,com.tencent.tmgp.sgame,discharging,1,35.4,78.1,100,95,0,14.27,0,0,33,3.899,1.427,5.5638733,44302,22526,0,-
14:33:59.726,snap,fas,com.tencent.tmgp.sgame,discharging,1,35.4,78.5,100,95,0,14.22,0,0,38,3.893,1.51,5.87843,44302,22526,0,-
14:34:00.725,snap,fas,com.tencent.tmgp.sgame,discharging,1,35.4,79.7,100,95,0,14.22,0,0,43,3.892,1.607,6.254444,49946,27019,0,-
14:34:01.725,snap,fas,com.tencent.tmgp.sgame,discharging,1,35.4,79.7,100,95,0,14.54,0,0,44,3.89,1.694,6.58966,49946,27019,0,-
14:34:02.726,snap,fas,com.tencent.tmgp.sgame,discharging,1,35.4,80.1,100,95,0,14.54,0,0,36,3.89,1.543,6.00227,50233,26458,0,-
14:34:03.725,snap,fas,com.tencent.tmgp.sgame,discharging,1,35.4,79.7,100,95,0,14.44,0,0,35,3.891,1.485,5.7781353,50233,26458,0,-
14:34:04.726,snap,fas,com.tencent.tmgp.sgame,discharging,1,35.4,78.5,100,95,0,14.44,0,0,38,3.895,1.478,5.75681,48309,24812,0,-
14:34:05.726,snap,fas,com.tencent.tmgp.sgame,discharging,1,35.3,78.5,100,95,0,14.54,0,0,44,3.882,1.575,6.11415,48309,24812,0,-
14:34:06.726,snap,fas,com.tencent.tmgp.sgame,discharging,1,35.3,79.3,100,95,0,14.54,0,0,35,3.898,1.493,5.819714,46927,23503,0,-
14:34:07.726,snap,fas,com.tencent.tmgp.sgame,discharging,1,35.3,80.1,100,95,0,14.44,0,0,37,3.894,1.593,6.203142,46927,23503,0,-
14:34:08.727,snap,fas,com.tencent.tmgp.sgame,discharging,1,35.3,80.1,100,95,0,14.44,0,0,37,3.894,1.593,6.203142,46927,23503,0,-
14:34:09.726,snap,fas,com.tencent.tmgp.sgame,discharging,1,35.3,80.1,100,95,0,14.44,0,0,37,3.891,1.828,7.1127477,54264,28815,0,-
14:34:10.727,snap,fas,com.tencent.tmgp.sgame,discharging,1,35.3,80.1,100,95,0,15.63,0.36,0,34,3.888,1.59,6.18192,54264,28815,0,-
14:34:11.726,snap,fas,com.tencent.tmgp.sgame,discharging,1,35.3,81.7,100,95,0,15.63,0.36,0,35,3.882,1.586,6.156852,50987,26678,0,-
14:34:12.726,snap,fas,com.tencent.tmgp.sgame,discharging,1,35.3,83.2,100,95,0,15.52,0.29,0,39,3.886,1.734,6.7383237,50987,26678,0,-
14:34:13.726,snap,fas,com.tencent.tmgp.sgame,discharging,1,35.3,83.2,100,95,0,15.52,0.29,0,68,3.885,1.889,7.338765,50780,27156,0,-
14:34:14.727,snap,fas,com.tencent.tmgp.sgame,discharging,1,35.3,83.2,100,95,0,15.06,0.24,0,67,3.88,1.875,7.275,50780,27156,0,-
14:34:15.727,snap,fas,com.tencent.tmgp.sgame,discharging,1,35.3,82.8,100,95,0,15.06,0.24,0,58,3.881,1.824,7.078944,49612,26015,0,-
14:34:16.727,snap,fas,com.tencent.tmgp.sgame,discharging,1,35.3,82.8,100,95,0,14.87,0.19,0,54,3.89,1.748,6.7997203,49612,26015,0,-
14:34:17.727,snap,fas,com.tencent.tmgp.sgame,discharging,1,35.3,84.8,100,95,0,14.87,0.19,0,54,3.87,1.839,7.1169295,50865,26864,0,-
14:34:18.727,snap,fas,com.tencent.tmgp.sgame,discharging,1,35.3,86.8,100,95,0,14.71,0.16,0,57,3.881,1.843,7.1526833,50865,26864,0,-
14:34:19.728,snap,fas,com.tencent.tmgp.sgame,discharging,1,35.3,87.2,100,95,0,14.71,0.16,0,71,3.877,1.976,7.660952,48585,26097,0,-
14:34:20.727,snap,fas,com.tencent.tmgp.sgame,discharging,1,35.3,88,100,95,0,14.58,0.13,0,66,3.864,2.128,8.222592,48585,26097,0,-
14:34:21.728,snap,fas,com.tencent.tmgp.sgame,discharging,1,35.3,89.2,100,95,0,14.58,0.13,0,66,3.87,2.153,8.33211,50154,26488,0,-
14:34:22.727,snap,fas,com.tencent.tmgp.sgame,discharging,1,35.3,89.2,100,95,0,15.02,0.1,0,71,3.861,2.172,8.386092,50154,26488,0,-
14:34:23.729,snap,fas,com.tencent.tmgp.sgame,discharging,1,35.3,89.2,100,95,0,15.02,0.1,0,71,3.87,2.099,8.12313,50704,27148,0,-
14:34:24.728,snap,fas,com.tencent.tmgp.sgame,discharging,1,35.3,88.8,100,95,0,15.19,0.08,0,65,3.872,2.031,7.864032,50704,27148,0,-
14:34:25.729,snap,fas,com.tencent.tmgp.sgame,discharging,1,35.3,88.4,100,95,0,15.19,0.08,0,62,3.875,2.012,7.7965,49511,26726,0,-
14:34:26.728,snap,fas,com.tencent.tmgp.sgame,discharging,1,35.3,87.2,100,95,0,14.8,0.07,0,69,3.877,1.98,7.6764603,49511,26726,0,-
14:34:27.729,snap,fas,com.tencent.tmgp.sgame,discharging,1,35.3,88,100,95,0,14.8,0.07,0,62,3.871,1.976,7.649096,50652,27694,0,-
14:34:28.729,snap,fas,com.tencent.tmgp.sgame,discharging,1,35.3,87.2,100,95,0,14.65,0.05,0,57,3.88,1.897,7.36036,50652,27694,0,-
14:34:29.729,snap,fas,com.tencent.tmgp.sgame,discharging,1,35.3,87.2,100,95,0,14.65,0.05,0,66,3.881,1.969,7.641689,49580,26249,0,-
14:34:30.730,snap,fas,com.tencent.tmgp.sgame,discharging,1,35.3,86.4,100,95,0,14.53,0.04,0,64,3.873,1.958,7.5833335,49580,26249,0,-
14:34:31.729,snap,fas,com.tencent.tmgp.sgame,discharging,1,35.3,85.6,100,95,0,14.53,0.04,0,52,3.875,1.857,7.195875,49887,26789,0,-
14:34:32.730,snap,fas,com.tencent.tmgp.sgame,discharging,1,35.3,85.6,100,95,0,14.43,0.03,0,49,3.878,1.763,6.836914,49887,26789,0,-
14:34:33.730,snap,fas,com.tencent.tmgp.sgame,discharging,1,35.3,86.8,100,95,0,14.43,0.03,0,64,3.88,1.864,7.23232,48301,23601,0,-
14:34:34.730,snap,fas,com.tencent.tmgp.sgame,discharging,1,35.3,87.2,100,95,0,13.99,0.03,0,69,3.875,1.932,7.4865003,48301,23601,0,-
14:34:35.730,snap,fas,com.tencent.tmgp.sgame,discharging,1,35.4,87.2,100,95,0,13.99,0.03,0,69,3.875,2.005,7.7693753,48301,23601,0,-
14:34:36.730,snap,fas,com.tencent.tmgp.sgame,discharging,1,35.4,87.2,100,95,0,14.17,0.02,0,68,3.878,2.002,7.7637563,51570,26917,0,-
14:34:37.734,snap,fas,com.tencent.tmgp.sgame,discharging,1,35.4,86.4,100,95,0,14.17,0.02,0,68,3.876,1.864,7.2248635,51570,26917,0,-
14:34:38.734,snap,fas,com.tencent.tmgp.sgame,discharging,1,35.4,86.4,100,95,0,13.78,1.1,0.54,66,3.889,1.532,5.9579477,43146,20420,0,-
14:34:39.738,snap,fas,com.tencent.tmgp.sgame,discharging,1,35.4,88.4,100,95,0,13.78,1.1,0.54,64,3.895,2.102,8.18729,43146,20420,0,-
14:34:40.755,snap,fas,com.tencent.tmgp.sgame,discharging,1,35.4,91.4,100,95,0,17.08,2.17,1.89,62,3.862,2.251,8.693361,59310,29358,0,-
14:34:41.753,snap,fas,com.tencent.mobileqq,discharging,1,35.4,92.7,100,95,0,17.08,2.17,1.89,4,3.849,2.236,8.606364,59310,29358,0,-
14:34:42.751,snap,fas,com.tencent.mobileqq,discharging,1,35.4,90.7,100,95,0,26.85,3.95,4.81,17,3.864,2.139,8.265096,63083,19180,0,-
14:34:43.750,snap,fas,com.tencent.mobileqq,discharging,1,35.4,90.7,100,95,0,26.85,3.95,4.81,21,3.861,2.315,8.938215,63083,19180,0,-
14:34:44.751,snap,fas,com.tencent.mobileqq,discharging,1,35.4,90.3,100,95,0,33.94,4.86,6.83,38,3.866,2.474,9.564484,53930,21515,0,-
14:34:45.751,snap,fas,com.tencent.mobileqq,discharging,1,35.4,89.2,100,95,0,33.94,4.86,6.83,51,3.836,2.453,9.409708,53930,21515,0,-
14:34:46.753,snap,fas,com.tencent.mobileqq,discharging,1,35.4,89.2,100,95,0,33.22,5.07,7.23,24,3.865,2.145,8.290425,47985,23146,0,-
14:34:47.751,snap,fas,com.tencent.mobileqq,discharging,1,35.4,88.4,100,95,0,33.22,5.07,7.23,32,3.845,2.168,8.33596,47985,23146,0,-
14:34:48.752,snap,fas,com.tencent.mobileqq,discharging,1,35.4,88,100,95,0,35.9,4.87,10.08,3,3.876,1.835,7.11246,44258,16268,0,-
14:34:49.751,snap,fas,com.tencent.mobileqq,discharging,1,35.4,86.8,100,95,0,35.9,4.87,10.08,6,3.874,1.875,7.26375,44258,16268,0,-
14:34:50.751,snap,fas,com.tencent.mobileqq,discharging,1,35.4,84.4,100,95,0,36.1,5.98,10.79,28,3.868,1.791,6.927588,41961,20066,0,-
14:34:51.752,snap,fas,com.tencent.mobileqq,discharging,1,35.4,84.4,100,95,0,36.1,5.98,10.79,38,3.885,1.597,6.204345,41961,20066,0,-
14:34:52.751,snap,fas,com.tencent.mobileqq,discharging,1,35.4,86,100,95,0,34.99,9.25,12.46,23,3.898,1.633,6.365434,55586,18929,0,-
14:34:53.752,snap,fas,com.tencent.mobileqq,discharging,1,35.5,86.8,100,95,0,34.99,9.25,12.46,18,3.874,2.149,8.325226,55586,18929,0,-
14:34:54.752,snap,fas,com.tencent.mobileqq,discharging,1,35.5,86,100,95,0,34.81,8.66,11.83,6,3.877,1.828,7.087156,67842,28280,0,-
14:34:55.752,snap,fas,com.tencent.tmgp.sgame,discharging,1,35.5,84,100,95,0,34.81,8.66,11.83,6,3.861,2.211,8.536671,67842,28280,0,-
14:34:56.752,snap,fas,com.tencent.tmgp.sgame,discharging,1,35.5,81,100,95,0,34.85,9.62,10.41,0,3.858,1.861,7.179738,46298,15127,0,-
14:34:57.752,snap,fas,com.tencent.tmgp.sgame,discharging,1,35.5,80.5,100,95,0,34.85,9.62,10.41,0,3.89,1.427,5.55103,46298,15127,0,-
14:34:58.752,snap,fas,com.tencent.tmgp.sgame,discharging,1,35.5,79.7,100,95,0,31.61,9.69,9.07,0,3.89,1.344,5.22816,32546,9243,0,-
14:34:59.753,snap,fas,com.tencent.tmgp.sgame,discharging,1,35.5,79.7,100,95,0,31.61,9.69,9.07,33,3.899,1.521,5.930379,32546,9243,0,-
14:35:00.753,snap,fas,com.tencent.tmgp.sgame,discharging,1,35.5,76.7,100,95,0,27.33,8.66,8.15,54,3.906,1.474,5.757444,31429,10846,0,-
14:35:01.755,snap,fas,com.tencent.tmgp.sgame,discharging,1,35.5,75.7,100,95,0,27.33,8.66,8.15,68,3.884,1.304,5.0647364,31429,10846,0,-
14:35:02.754,snap,fas,com.tencent.tmgp.sgame,discharging,1,35.5,72.7,100,95,0,24.01,7.45,6.67,68,3.878,1.373,5.3244944,31429,10846,0,-
14:35:03.754,snap,fas,com.tencent.tmgp.sgame,discharging,1,35.5,70.6,100,95,0,24.01,7.45,6.67,58,3.901,0.994,3.877594,25786,8977,0,-
14:35:04.754,snap,fas,com.tencent.tmgp.sgame,discharging,1,35.5,70.6,100,95,0,20.93,6.83,5.46,13,3.913,0.928,3.631264,25786,8977,0,-
14:35:05.754,snap,fas,com.tencent.tmgp.sgame,discharging,1,35.5,70.2,100,95,0,20.93,6.83,5.46,13,3.901,0.969,3.7800689,26379,8892,0,-
14:35:06.754,snap,fas,com.tencent.tmgp.sgame,discharging,1,35.5,67.8,100,95,0,18.58,5.77,4.47,0,3.911,0.896,3.504256,26379,8892,0,-
14:35:07.754,snap,fas,com.tencent.tmgp.sgame,discharging,1,35.5,67.4,100,95,0,18.58,5.77,4.47,14,3.914,0.918,3.593052,21888,6579,0,-
14:35:08.756,snap,fas,com.tencent.tmgp.sgame,discharging,1,35.5,67.1,100,95,0,16.49,5.09,3.66,13,3.916,0.777,3.042732,21888,6579,0,-
14:35:09.756,snap,fas,com.tencent.tmgp.sgame,discharging,1,35.5,65.9,100,95,0,16.49,5.09,3.66,12,3.92,0.654,2.56368,20263,6801,0,-
14:35:10.756,snap,fas,com.tencent.tmgp.sgame,discharging,1,35.5,65.1,100,95,0,14.95,4.16,3,14,3.918,0.679,2.660322,20263,6801,0,-
14:35:11.755,snap,fas,com.tencent.tmgp.sgame,discharging,1,35.5,64.7,100,95,0,14.95,4.16,3,12,3.92,0.762,2.98704,20757,7072,0,-
14:35:12.756,snap,fas,com.tencent.tmgp.sgame,discharging,1,35.5,63.9,100,95,0,13.87,3.41,2.45,12,3.922,0.665,2.60813,20757,7072,0,-
14:35:13.758,snap,fas,com.tencent.tmgp.sgame,discharging,1,35.5,63.9,100,95,0,13.87,3.41,2.45,12,3.917,0.679,2.6596432,21464,7188,0,-
14:35:14.757,snap,fas,com.tencent.tmgp.sgame,discharging,1,35.5,63.5,100,95,0,12.99,2.79,2.01,12,3.92,0.673,2.63816,21464,7188,0,-
14:35:15.757,snap,fas,com.tencent.tmgp.sgame,discharging,1,35.5,63.5,100,95,0,12.99,2.79,2.01,14,3.914,0.698,2.731972,20812,6529,0,-
14:35:16.757,snap,fas,com.tencent.tmgp.sgame,discharging,1,35.5,66.3,100,95,0,11.9,2.46,1.82,0,3.906,0.849,3.3161938,20812,6529,0,-
14:35:17.757,snap,fas,com.tencent.tmgp.sgame,discharging,1,35.5,66.7,100,95,0,11.9,2.46,1.82,0,3.918,1.066,4.176588,21374,5162,0,-
14:35:18.758,snap,fas,com.tencent.tmgp.sgame,discharging,1,35.5,66.7,100,95,0,10.47,2.56,1.49,0,3.906,1.008,3.937248,21374,5162,0,-
14:35:19.757,snap,fas,com.tencent.tmgp.sgame,discharging,1,35.5,66.7,100,95,0,10.47,2.56,1.49,18,3.904,1.044,4.075776,27083,7289,0,-
14:35:20.759,snap,fas,com.tencent.tmgp.sgame,discharging,1,35.5,66.3,100,95,0,9.66,2.46,1.4,33,3.914,0.998,3.906172,27083,7289,0,-
14:35:21.760,snap,fas,com.tencent.tmgp.sgame,discharging,1,35.5,64.3,100,95,0,9.66,2.46,1.4,15,3.911,0.918,3.590298,21043,6524,0,-
14:35:22.759,snap,fas,com.tencent.tmgp.sgame,discharging,1,35.5,64.3,100,95,0,9.36,2.01,1.15,10,3.917,0.661,2.589137,21043,6524,0,-
14:35:23.759,snap,fas,com.tencent.tmgp.sgame,discharging,1,35.5,63.5,100,95,0,9.36,2.01,1.15,10,3.915,0.687,2.689605,24060,8872,0,-
14:35:24.759,snap,fas,com.tencent.tmgp.sgame,discharging,1,35.5,63.9,100,95,0,9.29,1.65,0.94,10,3.925,0.715,2.8063748,24060,8872,0,-
14:35:25.759,snap,fas,com.tencent.tmgp.sgame,discharging,1,35.3,63.5,100,95,0,9.29,1.65,0.94,10,3.92,0.81,3.1752,26547,10422,0,-
14:35:26.761,snap,fas,com.tencent.tmgp.sgame,discharging,1,35.3,62.3,100,95,0,9.42,1.35,0.77,10,3.911,0.816,3.191376,26547,10422,0,-
14:35:27.761,snap,fas,com.tencent.tmgp.sgame,discharging,1,35.3,61.5,100,95,0,9.42,1.35,0.77,10,3.922,0.756,2.9650319,26547,10422,0,-
14:35:28.759,snap,fas,com.tencent.tmgp.sgame,discharging,1,35.3,61.5,100,95,0,8.98,1.65,0.63,9,3.907,0.669,2.6137831,19883,6321,0,-
14:35:29.761,snap,fas,com.tencent.tmgp.sgame,discharging,1,35.3,61.5,100,95,0,8.98,1.65,0.63,10,3.922,0.647,2.537534,19883,6321,0,-
14:35:30.760,snap,fas,com.tencent.tmgp.sgame,discharging,1,35.3,63.1,100,95,0,8.98,1.35,0.51,14,3.923,0.874,3.428702,23674,8309,0,-
14:35:31.760,snap,fas,com.tencent.tmgp.sgame,discharging,1,35.3,65.9,100,95,0,8.98,1.35,0.51,0,3.911,0.842,3.293062,23674,8309,0,-
14:35:32.781,snap,fas,com.tencent.tmgp.sgame,discharging,1,35.3,68.2,100,95,0,8.62,2.37,0.78,0,3.92,1.294,5.07248,34315,10353,0,-
14:35:33.761,snap,fas,com.tencent.tmgp.sgame,discharging,1,35.3,71.2,100,95,0,8.62,2.37,0.78,24,3.909,1.001,3.912909,34315,10353,0,-
14:35:34.774,snap,fas,com.tencent.tmgp.sgame,discharging,1,35.2,74.2,100,95,0,13.58,2.85,2.81,32,3.913,1.669,6.5307975,54557,20569,0,-
14:35:35.764,snap,fas,com.tencent.tmgp.sgame,discharging,1,35.1,73.8,100,95,0,13.58,2.85,2.81,15,3.864,1.76,6.80064,54557,20569,0,-
14:35:36.765,snap,fas,com.tencent.tmgp.sgame,discharging,1,35.1,71.8,100,95,0,20.54,3.78,5.38,22,3.867,1.763,6.817521,56087,20676,0,-
14:35:37.765,snap,fas,com.tencent.mobileqq,discharging,1,35.1,68.8,100,95,0,20.54,3.78,5.38,5,3.914,1.199,4.692886,56087,20676,0,-
14:35:38.765,snap,fas,com.tencent.mobileqq,discharging,1,35.1,65.8,100,95,0,21.89,3.82,4.77,15,3.918,0.524,2.053032,26266,11876,0,-
14:35:39.765,snap,fas,com.tencent.mobileqq,discharging,1,35.1,63.5,100,95,0,21.89,3.82,4.77,0,3.923,0.402,1.577046,26266,11876,0,-
14:35:40.765,snap,fas,com.tencent.mobileqq,discharging,1,35.1,61.5,100,95,0,19.19,3.49,3.9,0,3.92,0.785,3.0772002,21999,9136,0,-
14:35:41.767,snap,fas,com.tencent.mobileqq,discharging,1,35.1,61.5,100,95,0,19.19,3.49,3.9,14,3.927,0.673,2.642871,21999,9136,0,-
14:35:42.772,snap,fas,com.tencent.mobileqq,discharging,1,35,61.5,100,95,0,18.61,3.22,3.38,14,3.932,0.503,1.9777961,25979,12387,0,-
14:35:43.768,snap,fas,com.tencent.mobileqq,discharging,1,35,61.5,100,95,0,18.61,3.22,3.38,9,3.901,1.34,5.22734,25979,12387,0,-
14:35:44.768,snap,fas,com.tencent.mobileqq,discharging,1,35,61.5,100,95,0,21.04,3.18,3.49,14,3.9,0.756,2.9484,31395,14480,0,-
14:35:45.767,snap,fas,com.tencent.mobileqq,discharging,1,35,61.5,100,95,0,21.04,3.18,3.49,12,3.921,0.719,2.8191988,31395,14480,0,-
14:35:46.767,snap,fas,com.tencent.mobileqq,discharging,1,35,64.5,100,95,0,21.21,2.96,3.04,8,3.895,1.297,5.051815,40213,18395,0,-
14:35:47.768,snap,fas,com.tencent.mobileqq,discharging,1,35,65.5,100,95,0,21.21,2.96,3.04,5,3.903,1.135,4.429905,40213,18395,0,-
14:35:48.767,snap,fas,com.tencent.mobileqq,discharging,1,34.9,67.1,100,95,0,25.34,3.33,3.93,18,3.896,1.485,5.78556,45613,21592,0,-
14:35:49.767,snap,fas,com.tencent.mobileqq,discharging,1,34.9,70.1,100,95,0,25.34,3.33,3.93,21,3.871,1.394,5.3961744,45613,21592,0,-
14:35:50.774,snap,fas,com.coolapk.market,discharging,1,34.9,70.6,100,95,0,28.36,4,6.48,0,3.896,1.193,4.6479278,24031,6651,0,-
14:35:51.770,snap,fas,com.coolapk.market,discharging,1,34.9,70.6,100,95,0,28.36,4,6.48,0,3.902,1.156,4.510712,24031,6651,0,-
14:35:52.773,snap,fas,com.coolapk.market,discharging,1,34.9,69.8,100,95,0,32.46,4.72,12.19,4,3.898,1.232,4.8023357,38956,16355,0,-
14:35:53.774,snap,default,com.coolapk.market,discharging,1,34.9,68.6,100,95,1,32.46,4.72,12.19,4,3.898,1.001,3.9018981,38956,16355,0,-
14:35:54.773,snap,default,com.coolapk.market,discharging,1,34.9,68.6,100,95,1,32.92,5.86,12.52,5,3.911,1.16,4.53676,38956,16355,0,-
14:35:55.775,snap,default,com.coolapk.market,discharging,1,34.9,68.6,100,95,1,32.92,5.86,12.52,11,3.896,1.272,4.955712,32253,14806,0,-
14:35:56.773,snap,default,com.coolapk.market,discharging,1,34.9,65.9,100,95,1,33.47,5.7,13.69,11,3.901,0.871,3.397771,32253,14806,0,-
14:35:57.775,snap,default,com.coolapk.market,discharging,1,34.9,65.5,100,95,1,33.47,5.7,13.69,10,3.896,0.874,3.405104,26995,14617,0,-
14:35:58.774,snap,default,com.coolapk.market,discharging,1,34.9,65.5,100,95,1,32.12,5.39,12.3,16,3.896,1.095,4.26612,26995,14617,0,-
14:35:59.774,snap,default,com.coolapk.market,discharging,1,34.9,63.9,100,95,1,32.12,5.39,12.3,31,3.903,0.777,3.0326312,26482,15329,0,-
14:36:00.775,snap,default,com.coolapk.market,discharging,1,34.9,63.1,100,95,1,30.29,4.78,10.43,29,3.925,0.922,3.61885,26482,15329,0,-
14:36:01.776,snap,default,com.coolapk.market,discharging,1,34.9,62.3,100,95,1,30.29,4.78,10.43,27,3.909,0.82,3.20538,26620,14745,0,-
14:36:02.777,snap,default,com.coolapk.market,discharging,1,34.9,60.3,100,95,1,28.78,4.09,8.72,27,3.907,0.611,2.387177,26620,14745,0,-
14:36:03.776,snap,default,com.coolapk.market,discharging,1,34.9,60.3,100,95,1,28.78,4.09,8.72,20,3.924,0.56,2.19744,15493,8534,0,-
14:36:04.777,snap,default,com.coolapk.market,discharging,1,34.9,61.1,100,95,1,26.47,3.35,7.14,42,3.913,0.882,3.4512663,15493,8534,0,-
14:36:05.776,snap,default,com.coolapk.market,discharging,1,34.8,61.5,100,95,1,26.47,3.35,7.14,32,3.923,0.983,3.856309,26441,14520,0,-
14:36:06.778,snap,default,com.coolapk.market,discharging,1,34.8,61.5,100,95,1,25.29,3.1,6.75,29,3.908,0.893,3.489844,26441,14520,0,-
14:36:07.784,snap,default,com.coolapk.market,discharging,1,34.8,61.5,100,95,1,25.29,3.1,6.75,27,3.908,0.756,2.954448,22315,13180,0,-
14:36:08.776,snap,default,com.coolapk.market,discharging,1,34.8,61.1,100,95,1,24.15,2.72,5.53,67,3.906,1.282,5.0074916,22315,13180,0,-
14:36:09.778,snap,default,com.coolapk.market,discharging,1,34.8,61.1,100,95,1,24.15,2.72,5.53,15,3.903,0.611,2.384733,20996,12522,0,-
14:36:10.778,snap,default,com.coolapk.market,discharging,1,34.8,58.8,100,95,1,23.94,2.59,4.71,5,3.918,0.445,1.74351,20996,12522,0,-
14:36:11.781,snap,default,com.coolapk.market,discharging,1,34.8,56.4,100,95,1,23.94,2.59,4.71,1,3.933,0.307,1.2074311,9277,4981,0,-
14:36:12.779,snap,default,com.coolapk.market,discharging,1,34.8,56,100,95,1,22.14,2.12,3.85,1,3.933,0.261,1.0265131,9277,4981,0,-
14:36:13.777,snap,default,com.coolapk.market,discharging,1,34.8,56,100,95,1,22.14,2.12,3.85,12,3.934,0.574,2.258116,15041,8504,0,-
14:36:14.778,snap,default,com.coolapk.market,discharging,1,34.8,58.4,100,95,1,21.39,1.73,3.15,37,3.912,0.889,3.477768,15041,8504,0,-
14:36:15.778,snap,default,com.coolapk.market,discharging,1,34.7,58.4,100,95,1,21.14,1.6,2.58,37,3.929,0.545,2.141305,17137,9751,0,-
14:36:16.780,snap,default,com.coolapk.market,discharging,1,34.7,56.8,100,95,1,21.14,1.6,2.58,19,3.929,0.419,1.646251,17137,9751,0,-
14:36:17.782,snap,default,com.coolapk.market,discharging,1,34.7,56.4,100,95,1,20.2,1.31,2.11,12,3.932,0.6,2.3592,12596,6781,0,-
14:36:18.780,snap,default,com.coolapk.market,discharging,1,34.7,56.4,100,95,1,20.2,1.31,2.11,12,3.933,0.47,1.84851,12596,6781,0,-
14:36:19.784,snap,default,com.coolapk.market,discharging,1,34.7,58,100,95,1,20.17,1.61,2.09,35,3.922,1.189,4.663258,12596,6781,0,-
14:36:20.781,snap,default,com.coolapk.market,discharging,1,34.7,58,100,95,1,20.17,1.61,2.09,35,3.929,0.268,1.052972,19359,11249,0,-
14:36:21.784,snap,default,com.coolapk.market,discharging,1,34.7,55,100,95,1,18.14,1.32,1.71,0,3.933,0.249,0.979317,19359,11249,0,-
14:36:22.782,snap,default,com.coolapk.market,discharging,1,34.7,54.8,100,95,1,18.14,1.32,1.71,41,3.935,0.416,1.63696,6218,2632,0,-
14:36:23.783,snap,default,com.coolapk.market,discharging,1,34.7,57.8,100,95,1,19.02,1.08,1.4,45,3.903,0.864,3.3721921,6218,2632,0,-
14:36:24.785,snap,default,com.coolapk.market,discharging,1,34.7,58.8,100,95,1,19.02,1.08,1.4,45,3.921,0.568,2.227128,24350,15197,0,-
14:36:25.784,snap,default,com.coolapk.market,discharging,1,34.5,55.8,100,95,1,17.75,0.88,1.14,0,3.936,0.354,1.393344,24350,15197,0,-
14:36:26.786,snap,default,com.coolapk.market,discharging,1,34.5,55.6,100,95,1,17.75,0.88,1.14,0,3.935,0.253,0.9955549,7617,2743,0,-
14:36:27.784,snap,default,com.coolapk.market,discharging,1,34.5,54.4,100,95,1,16.89,0.72,0.94,29,3.938,0.499,1.965062,7617,2743,0,-
14:36:28.783,snap,default,com.coolapk.market,discharging,1,34.5,56.4,100,95,1,16.89,0.72,0.94,15,3.936,0.431,1.696416,11854,6714,0,-
14:36:29.788,snap,default,com.coolapk.market,discharging,1,34.5,54.4,100,95,1,16.91,1.32,1.13,27,3.927,0.698,2.7410462,11854,6714,0,-
14:36:30.784,snap,default,com.coolapk.market,discharging,1,34.4,54.4,100,95,1,16.91,1.32,1.13,2,3.93,0.344,1.3519201,12844,6958,0,-
14:36:31.786,snap,default,com.coolapk.market,discharging,1,34.4,54,100,95,1,16.2,1.08,0.92,2,3.933,0.348,1.3686839,12844,6958,0,-
14:36:32.786,snap,default,com.coolapk.market,discharging,1,34.4,53.2,100,95,1,16.2,1.08,0.92,9,3.931,0.387,1.521297,8340,4041,0,-
14:36:33.786,snap,default,com.coolapk.market,discharging,1,34.4,53.2,100,95,1,15.62,0.88,0.75,9,3.935,0.402,1.58187,8340,4041,0,-
14:36:34.785,snap,default,com.coolapk.market,discharging,1,34.4,56.2,100,95,1,15.62,0.88,0.75,31,3.924,0.683,2.680092,14696,8147,0,-
14:36:35.788,snap,default,com.coolapk.market,discharging,1,34.3,56.4,100,95,1,16.05,0.72,0.8,0,3.914,0.593,2.321002,14696,8147,0,-
14:36:36.788,snap,default,com.coolapk.market,discharging,1,34.3,56.4,100,95,1,16.05,0.72,0.8,23,3.929,0.665,2.612785,18106,10341,0,-
14:36:37.786,snap,default,com.coolapk.market,discharging,1,34.3,56.4,100,95,1,16.4,0.59,0.65,30,3.936,0.708,2.786688,18106,10341,0,-
14:36:38.790,snap,default,com.coolapk.market,discharging,1,34.3,56.8,100,95,1,16.4,0.59,0.65,38,3.919,0.593,2.323967,18689,11055,0,-
14:36:39.788,snap,default,com.coolapk.market,discharging,1,34.3,56.8,100,95,1,17.42,0.48,0.53,48,3.918,0.947,3.710346,18689,11055,0,-
14:36:40.788,snap,default,com.coolapk.market,discharging,1,34.3,59.8,100,95,1,17.42,0.48,0.53,48,3.908,0.514,2.008712,25107,13776,0,-
14:36:41.793,snap,default,com.coolapk.market,discharging,1,34.3,61.1,100,95,1,20.42,2.2,1.89,35,3.917,1.221,4.7826567,25107,13776,0,-
14:36:42.801,snap,default,com.coolapk.market,discharging,1,34.2,64.1,100,95,1,20.42,2.2,1.89,26,3.879,1.662,6.4468975,43811,17310,0,-
14:36:43.795,snap,default,com.tencent.mobileqq,discharging,1,34.2,65.1,100,95,1,25.78,9.59,10.42,26,3.91,1.12,4.3792,43811,17310,0,-
14:36:44.801,snap,default,com.tencent.mobileqq,discharging,1,34.2,65.1,100,95,1,25.78,9.59,10.42,10,3.905,1.236,4.8265796,41991,18662,0,-
14:36:45.797,snap,default,com.tencent.mobileqq,discharging,1,34.1,65.1,100,95,1,29.44,9.3,9.44,14,3.893,1.232,4.796176,41991,18662,0,-
14:36:46.798,snap,default,com.tencent.mobileqq,discharging,1,34.1,63.9,100,95,1,29.44,9.3,9.44,17,3.907,0.965,3.7702549,41991,18662,0,-
14:36:47.797,snap,default,com.tencent.mobileqq,discharging,1,34.1,63.1,100,95,1,28.45,8.16,8.27,17,3.918,0.899,3.522282,36022,16792,0,-
14:36:48.797,snap,default,com.tencent.mobileqq,discharging,1,34.1,62.3,100,95,1,28.45,8.16,8.27,22,3.925,0.759,2.979075,36022,16792,0,-
14:36:49.801,snap,default,com.tencent.mobileqq,discharging,1,34.1,60.3,100,95,1,27.83,7.22,6.95,16,3.92,0.878,3.44176,26530,14707,0,-
14:36:50.800,snap,default,com.tencent.mobileqq,discharging,1,34.1,58,100,95,1,27.83,7.22,6.95,7,3.917,0.543,2.126931,26530,14707,0,-
14:36:51.800,snap,default,com.tencent.mobileqq,discharging,1,34.1,56,100,95,1,25.86,5.91,5.69,7,3.932,0.485,1.90702,17890,9811,0,-
14:36:52.802,snap,default,com.tencent.mobileqq,discharging,1,34.1,56,100,95,1,25.86,5.91,5.69,9,3.93,0.437,1.7174101,17890,9811,0,-
14:36:53.799,snap,default,com.tencent.mobileqq,discharging,1,34.1,55.6,100,95,1,24.44,5.2,4.66,10,3.934,0.6,2.3604002,17405,9943,0,-
14:36:54.799,snap,default,com.tencent.mobileqq,discharging,1,34.1,55.6,100,95,1,24.44,5.2,4.66,10,3.933,0.517,2.0333612,17405,9943,0,-
14:36:55.799,snap,default,com.tencent.mobileqq,discharging,1,34,54.8,100,95,1,22.91,4.8,4,8,3.93,0.462,1.8156601,16561,8650,0,-
14:36:56.800,snap,default,com.tencent.mobileqq,discharging,1,34,54.8,100,95,1,22.91,4.8,4,2,3.923,0.56,2.19688,16561,8650,0,-
14:36:57.801,snap,default,com.tencent.mobileqq,discharging,1,34,55.2,100,95,1,22.74,4.66,3.27,11,3.927,0.644,2.5289881,20626,10228,0,-
14:36:58.800,snap,default,com.tencent.mobileqq,discharging,1,34,55.2,100,95,1,22.74,4.66,3.27,11,3.919,0.647,2.535593,20626,10228,0,-
14:36:59.800,snap,default,com.tencent.mobileqq,discharging,1,34,55.2,100,95,1,23.51,3.81,2.68,11,3.924,0.644,2.527056,22572,13221,0,-
14:37:00.801,snap,default,com.tencent.mobileqq,discharging,1,34,54.4,100,95,1,23.51,3.81,2.68,11,3.926,0.603,2.367378,22572,13221,0,-
14:37:01.801,snap,default,com.tencent.mobileqq,discharging,1,33.9,55.6,100,95,1,23.6,3.3,2.19,7,3.933,0.578,2.2732742,22040,12134,0,-
14:37:02.803,snap,default,com.tencent.mobileqq,discharging,1,33.9,56,100,95,1,23.6,3.3,2.19,11,3.929,0.622,2.443838,22040,12134,0,-
14:37:03.804,snap,default,com.tencent.mobileqq,discharging,1,33.9,58.4,100,95,1,23.85,2.88,1.79,12,3.935,0.868,3.4155798,27627,15685,0,-
14:37:04.803,snap,default,com.tencent.mobileqq,discharging,1,33.9,58.4,100,95,1,23.85,2.88,1.79,12,3.935,0.868,3.4155798,27627,15685,0,-
14:37:05.805,snap,default,com.tencent.mobileqq,discharging,1,33.9,56.8,100,95,1,23.85,2.88,1.79,21,3.906,0.698,2.726388,23545,13008,0,-
14:37:06.806,snap,default,com.tencent.mobileqq,discharging,1,33.9,56.4,100,95,1,23.52,2.54,1.47,21,3.908,0.669,2.6144521,23545,13008,0,-
14:37:07.806,snap,default,com.tencent.mobileqq,discharging,1,33.9,56.4,100,95,1,23.52,2.54,1.47,13,3.932,0.611,2.402452,24520,14191,0,-
14:37:08.808,snap,default,com.tencent.mobileqq,discharging,1,33.8,55.6,100,95,1,23.97,2.08,1.2,10,3.925,0.676,2.6533,24520,14191,0,-
14:37:09.807,snap,default,com.tencent.mobileqq,discharging,1,33.8,54.4,100,95,1,23.97,2.08,1.2,10,3.926,0.517,2.0297422,16232,7823,0,-
14:37:10.807,snap,default,com.tencent.mobileqq,discharging,1,33.8,54.4,100,95,1,23.25,1.7,0.98,10,3.931,0.412,1.619572,16232,7823,0,-
14:37:11.807,snap,default,com.tencent.mobileqq,discharging,1,33.8,55.2,100,95,1,23.25,1.7,0.98,2,3.937,0.506,1.9921219,25440,14042,0,-
14:37:12.807,snap,default,com.tencent.mobileqq,discharging,1,33.8,56,100,95,1,23.2,1.57,0.8,14,3.921,0.629,2.466309,25440,14042,0,-
14:37:13.807,snap,default,com.tencent.mobileqq,discharging,1,33.8,56,100,95,1,23.2,1.57,0.8,14,3.907,0.752,2.9380639,25440,14042,0,-
14:37:14.809,snap,default,com.tencent.mobileqq,discharging,1,33.8,54.8,100,95,1,21.89,2.92,0.66,14,3.925,0.816,3.2027998,23483,9750,0,-
14:37:15.808,snap,default,com.tencent.mobileqq,discharging,1,33.7,54.8,100,95,1,21.89,2.92,0.66,20,3.924,0.474,1.859976,23483,9750,0,-
14:37:16.811,snap,default,com.tencent.mobileqq,discharging,1,33.7,54,100,95,1,20.46,2.39,0.54,20,3.928,0.344,1.351232,14784,8100,0,-
14:37:17.810,snap,default,com.tencent.mobileqq,discharging,1,33.7,54.4,100,95,1,20.46,2.39,0.54,22,3.935,0.535,2.105225,14784,8100,0,-
14:37:18.809,snap,default,com.tencent.mobileqq,discharging,1,33.7,54,100,95,1,20.38,2.14,0.44,18,3.926,0.6,2.3556,19221,10642,0,-
14:37:19.810,snap,default,com.tencent.mobileqq,discharging,1,33.7,54,100,95,1,20.38,2.14,0.44,8,3.929,0.611,2.400619,19221,10642,0,-
14:37:20.812,snap,default,com.tencent.mobileqq,discharging,1,33.7,53.6,100,95,1,20.49,1.75,0.36,5,3.927,0.524,2.057748,15024,8956,0,-
14:37:21.810,snap,default,com.tencent.mobileqq,discharging,1,33.7,52.4,100,95,1,20.49,1.75,0.36,3,3.923,0.448,1.7575041,15024,8956,0,-
14:37:22.810,snap,default,com.tencent.mobileqq,discharging,1,33.7,52.4,100,95,1,20.04,1.43,0.29,2,3.929,0.383,1.5048069,13532,8308,0,-
14:37:23.817,snap,default,com.tencent.mobileqq,discharging,1,33.7,54,100,95,1,20.04,1.43,0.29,10,3.935,0.539,2.1209648,13532,8308,0,-
14:37:24.819,snap,default,com.tencent.mobileqq,discharging,1,33.7,54,100,95,1,19.85,1.17,0.24,21,3.925,0.69,2.70825,20209,10745,0,-
14:37:25.818,snap,default,com.tencent.mobileqq,discharging,1,33.6,54.8,100,95,1,19.85,1.17,0.24,21,3.925,0.586,2.30005,20209,10745,0,-
14:37:26.818,snap,default,com.tencent.mobileqq,discharging,1,33.6,54.8,100,95,1,21.69,1.14,0.19,7,3.933,0.702,2.760966,28927,16032,0,-
14:37:27.821,snap,default,com.tencent.mobileqq,discharging,1,33.6,54.8,100,95,1,21.69,1.14,0.19,7,3.912,0.857,3.352584,28927,16032,0,-
14:37:28.820,snap,default,com.tencent.mobileqq,discharging,1,33.6,54.8,100,95,1,21.92,0.93,0.16,16,3.902,0.499,1.947098,18805,10276,0,-
14:37:29.821,snap,default,com.tencent.mobileqq,discharging,1,33.6,55.2,100,95,1,21.92,0.93,0.16,16,3.936,0.564,2.2199042,18805,10276,0,-
14:37:30.822,snap,default,com.tencent.mobileqq,discharging,1,33.6,55.2,100,95,1,21.58,0.76,0.13,21,3.922,0.535,2.0982702,22621,12990,0,-
14:37:31.821,snap,default,com.tencent.mobileqq,discharging,1,33.6,56.8,100,95,1,21.58,0.76,0.13,18,3.934,0.651,2.5610342,22621,12990,0,-
14:37:32.823,snap,default,com.tencent.mobileqq,discharging,1,33.6,56.8,100,95,1,22.01,1.53,0.1,18,3.922,0.979,3.8396378,26701,14655,0,-
14:37:33.824,snap,default,com.tencent.mobileqq,discharging,1,33.6,54.4,100,95,1,22.01,1.53,0.1,25,3.917,0.759,2.9730031,26701,14655,0,-
14:37:34.823,snap,default,com.tencent.mobileqq,discharging,1,33.6,54.4,100,95,1,21.29,1.25,0.08,18,3.931,0.535,2.103085,19010,10689,0,-
14:37:35.823,snap,default,com.tencent.mobileqq,discharging,1,33.4,55.6,100,95,1,21.29,1.25,0.08,13,3.918,0.568,2.225424,19010,10689,0,-
14:37:36.824,snap,default,com.tencent.mobileqq,discharging,1,33.4,55.6,100,95,1,20.69,1.02,0.07,15,3.925,0.593,2.327525,22821,12605,0,-
14:37:37.823,snap,default,com.tencent.mobileqq,discharging,1,33.4,56,100,95,1,20.69,1.02,0.07,13,3.926,0.712,2.7953122,22821,12605,0,-
14:37:38.823,snap,default,com.tencent.mobileqq,discharging,1,33.4,56,100,95,1,21.47,0.84,0.05,11,3.923,0.741,2.906943,28447,17252,0,-
14:37:39.825,snap,default,com.tencent.mobileqq,discharging,1,33.4,56.4,100,95,1,21.47,0.84,0.05,12,3.921,0.727,2.850567,28447,17252,0,-
14:37:40.827,snap,default,com.tencent.mobileqq,discharging,1,33.4,59.4,100,95,1,23.01,0.68,0.04,30,3.904,0.77,3.00608,28447,17252,0,-
14:37:41.825,snap,default,com.tencent.mobileqq,discharging,1,33.4,61.5,100,95,1,23.01,0.68,0.04,28,3.903,1.224,4.777272,37452,20986,0,-
14:37:42.826,snap,default,com.tencent.mobileqq,discharging,1,33.4,62.7,100,95,1,25.73,3.46,1.48,17,3.88,1.799,6.98012,37452,20986,0,-
14:37:43.826,snap,default,com.coolapk.market,discharging,1,33.4,61.5,100,95,1,25.73,3.46,1.48,29,3.878,0.99,3.83922,30411,16913,0,-
14:37:44.830,snap,default,com.coolapk.market,discharging,1,33.4,62.7,100,95,1,25.41,3.01,1.21,8,3.905,0.969,3.7839448,30411,16913,0,-
14:37:45.840,snap,default,com.coolapk.market,discharging,1,33.3,63.5,100,95,1,25.41,3.01,1.21,14,3.916,0.719,2.8156037,30138,14273,0,-
14:37:46.837,snap,default,com.coolapk.market,discharging,1,33.3,63.5,100,95,1,26.06,2.46,1.54,31,3.893,1.355,5.275015,30138,14273,0,-
14:37:47.837,snap,default,com.tencent.mobileqq,discharging,1,33.3,62.7,100,95,1,26.06,2.46,1.54,31,3.905,1.319,5.150695,36188,20641,0,-
14:37:48.837,snap,default,com.tencent.mobileqq,discharging,1,33.3,59.7,100,95,1,27.32,2.2,1.26,16,3.914,0.683,2.6732621,36188,20641,0,-
14:37:49.838,snap,default,com.tencent.mobileqq,discharging,1,33.3,56.8,100,95,1,27.32,2.2,1.26,0,3.917,0.405,1.586385,17156,9488,0,-
14:37:50.837,snap,default,com.tencent.mobileqq,discharging,1,33.3,56.8,100,95,1,25.45,1.8,1.03,14,3.928,0.532,2.089696,17156,9488,0,-
14:37:51.838,snap,default,com.tencent.mobileqq,discharging,1,33.3,55.2,100,95,1,25.45,1.8,1.03,9,3.93,0.878,3.45054,30306,17417,0,-
14:37:52.839,snap,default,com.tencent.mobileqq,discharging,1,33.3,55.2,100,95,1,25.91,1.47,0.84,10,3.885,0.702,2.7272701,30306,17417,0,-
14:37:53.840,snap,default,com.tencent.mobileqq,discharging,1,33.2,55.2,100,95,1,25.91,1.47,0.84,16,3.932,0.477,1.875564,21492,12174,0,-
14:37:54.840,snap,default,com.tencent.mobileqq,discharging,1,33.2,55.2,100,95,1,24.84,1.2,0.69,15,3.926,0.683,2.6814582,21492,12174,0,-
14:37:55.840,snap,default,com.tencent.mobileqq,discharging,1,33.2,54.8,100,95,1,24.84,1.2,0.69,18,3.915,0.658,2.5760698,24036,14153,0,-
14:37:56.842,snap,default,com.tencent.mobileqq,discharging,1,33.2,54.8,100,95,1,24.32,0.98,0.56,18,3.922,0.615,2.41203,24036,14153,0,-
14:37:57.841,snap,default,com.tencent.mobileqq,discharging,1,33.2,54.4,100,95,1,24.32,0.98,0.56,19,3.912,0.528,2.065536,18120,10711,0,-
14:37:58.844,snap,default,com.tencent.mobileqq,discharging,1,33.2,53.6,100,95,1,23.54,0.81,0.46,16,3.921,0.452,1.772292,18120,10711,0,-
14:37:59.844,snap,default,com.tencent.mobileqq,discharging,1,33.2,53.6,100,95,1,23.54,0.81,0.46,17,3.921,0.549,2.1526291,21254,12175,0,-
14:38:00.843,snap,default,com.tencent.mobileqq,discharging,1,33.2,53.6,100,95,1,22.9,0.66,0.37,15,3.927,0.539,2.116653,21254,12175,0,-
14:38:01.844,snap,default,com.tencent.mobileqq,discharging,1,33.2,53.2,100,95,1,22.9,0.66,0.37,18,3.926,0.564,2.2142642,19910,11989,0,-
14:38:02.844,snap,default,com.tencent.mobileqq,discharging,1,33.2,53.2,100,95,1,22.19,0.54,0.31,12,3.916,0.543,2.1263878,19910,11989,0,-
14:38:03.845,snap,default,com.tencent.mobileqq,discharging,1,33.2,53.2,100,95,1,22.19,0.54,0.31,12,3.923,0.524,2.055652,19857,10650,0,-
14:38:04.845,snap,default,com.tencent.mobileqq,discharging,1,33.2,56,100,95,1,21.43,0.44,0.25,8,3.934,0.39,1.5342599,19857,10650,0,-
14:38:05.844,snap,default,com.tencent.mobileqq,discharging,1,33.1,58,100,95,1,21.43,0.44,0.25,10,3.922,1.174,4.604428,19857,10650,0,-
14:38:06.848,snap,default,com.tencent.mobileqq,discharging,1,33.1,56,100,95,1,24.25,0.54,0.2,7,3.907,0.835,3.262345,32912,18836,0,-
14:38:07.847,snap,default,com.tencent.mobileqq,discharging,1,33.1,54.8,100,95,1,24.25,0.54,0.2,7,3.927,0.878,3.447906,32912,18836,0,-
14:38:08.853,snap,default,com.tencent.mobileqq,discharging,1,33.1,54.8,100,95,1,23.66,0.8,0.16,0,3.916,0.362,1.4175919,20603,10300,0,-
14:38:09.847,snap,default,com.tencent.mobileqq,discharging,1,33.1,54.8,100,95,1,23.66,0.8,0.16,9,3.922,0.589,2.3100579,20603,10300,0,-
14:38:10.848,snap,default,com.tencent.mobileqq,discharging,1,33.1,54.8,100,95,1,23,1.02,0.13,9,3.931,0.82,3.22342,19156,10041,0,-
14:38:11.849,snap,default,com.tencent.mobileqq,discharging,1,33.1,52.4,100,95,1,23,1.02,0.13,0,3.92,0.491,1.92472,19156,10041,0,-
14:38:12.848,snap,default,com.tencent.mobileqq,discharging,1,33.1,52.4,100,95,1,21.55,1.02,0.11,21,3.934,0.419,1.648346,11693,5738,0,-
14:38:13.848,snap,default,com.tencent.mobileqq,discharging,1,33.1,52.4,100,95,1,21.55,1.02,0.11,0,3.929,0.445,1.748405,11693,5738,0,-
14:38:14.853,snap,default,com.tencent.mobileqq,discharging,1,33.1,52.8,100,95,1,20.36,0.83,0.09,0,3.933,0.394,1.549602,10825,5030,0,-
14:38:15.850,snap,default,com.tencent.mobileqq,discharging,1,33.1,55.6,100,95,1,20.36,0.83,0.09,16,3.923,0.539,2.114497,10825,5030,0,-
14:38:16.850,snap,default,com.tencent.mobileqq,discharging,1,33,57.6,100,95,1,22.65,4.66,1.7,22,3.922,1.073,4.208306,34961,17160,0,-
14:38:17.852,snap,default,com.coolapk.market,discharging,1,33,59.6,100,95,1,22.65,4.66,1.7,23,3.908,1.11,4.33788,34961,17160,0,-
14:38:18.850,snap,default,com.coolapk.market,discharging,1,33,59.9,100,95,1,25.61,3.82,1.39,29,3.879,1.156,4.484124,34384,18106,0,-
14:38:19.851,snap,default,com.coolapk.market,discharging,1,33,59.9,100,95,1,25.61,3.82,1.39,52,3.905,1.12,4.3736,34384,18106,0,-
14:38:20.851,snap,default,com.coolapk.market,discharging,1,33,59.9,100,95,1,24.95,3.31,1.32,52,3.906,1.196,4.671576,25883,14409,0,-
14:38:21.851,snap,default,com.coolapk.market,discharging,1,33,60.3,100,95,1,24.95,3.31,1.32,21,3.897,0.835,3.253995,25883,14409,0,-
14:38:22.852,snap,default,com.coolapk.market,discharging,1,33,60.3,100,95,1,24.78,2.71,1.08,29,3.913,1.03,4.03039,29813,18045,0,-
14:38:23.852,snap,default,com.coolapk.market,discharging,1,33,59.6,100,95,1,24.78,2.71,1.08,46,3.896,0.893,3.479128,29813,18045,0,-
14:38:24.854,snap,default,com.coolapk.market,discharging,1,33,58,100,95,1,24.09,2.22,0.88,45,3.932,0.756,2.9725919,18949,12271,0,-
14:38:25.862,snap,default,com.coolapk.market,discharging,1,33,55.6,100,95,1,24.09,2.22,0.88,34,3.915,0.795,3.112425,18949,12271,0,-
14:38:26.853,snap,default,com.coolapk.market,discharging,1,32.9,55.6,100,95,1,22.99,1.81,0.72,34,3.913,0.553,2.163889,14197,8085,0,-
14:38:27.855,snap,default,com.coolapk.market,discharging,1,32.9,56.4,100,95,1,22.99,1.81,0.72,46,3.931,0.423,1.6628131,14197,8085,0,-
14:38:28.854,snap,default,com.coolapk.market,discharging,1,32.9,56.4,100,95,1,22.08,1.48,0.59,46,3.914,0.766,2.998124,20135,11648,0,-
14:38:29.861,snap,default,com.coolapk.market,discharging,1,32.9,56.4,100,95,1,22.08,1.48,0.59,28,3.918,0.644,2.523192,20135,11648,0,-
14:38:30.857,snap,default,com.coolapk.market,discharging,1,32.9,56.8,100,95,1,22.07,1.58,0.66,21,3.906,0.629,2.456874,17097,10323,0,-
14:38:31.859,snap,default,com.coolapk.market,discharging,1,32.9,57.2,100,95,1,22.07,1.58,0.66,11,3.924,0.787,3.088188,17097,10323,0,-
14:38:32.871,snap,default,com.coolapk.market,discharging,1,32.9,57.6,100,95,1,21.87,1.29,0.54,21,3.914,0.676,2.645864,17097,10323,0,-
14:38:33.864,snap,default,com.coolapk.market,discharging,1,32.9,57.6,100,95,1,21.87,1.29,0.54,20,3.923,0.578,2.2674942,22626,13889,0,-
14:38:34.863,snap,default,com.coolapk.market,discharging,1,32.9,57.6,100,95,1,21.17,1.05,0.44,32,3.928,0.903,3.546984,22626,13889,0,-
14:38:35.868,snap,default,com.coolapk.market,discharging,1,32.9,57.6,100,95,1,21.17,1.05,0.44,14,3.932,0.82,3.2242398,19696,11972,0,-
14:38:36.867,snap,default,com.coolapk.market,discharging,1,32.9,58,100,95,1,20.96,0.86,0.36,14,3.919,0.535,2.0966651,19696,11972,0,-
14:38:37.865,snap,default,com.coolapk.market,discharging,1,32.9,55.6,100,95,1,20.96,0.86,0.36,32,3.932,0.806,3.1691918,21655,13072,0,-
14:38:38.865,snap,default,com.coolapk.market,discharging,1,32.9,55.6,100,95,1,20.78,0.7,0.29,28,3.909,0.868,3.3930118,21655,13072,0,-
14:38:39.865,snap,default,com.coolapk.market,discharging,1,32.9,55.6,100,95,1,20.78,0.7,0.29,28,3.922,0.52,2.03944,23488,14735,0,-
14:38:40.871,snap,default,com.coolapk.market,discharging,1,32.9,55.2,100,95,1,20.64,0.58,0.24,31,3.935,0.762,2.99847,23488,14735,0,-
14:38:41.868,snap,default,com.coolapk.market,discharging,1,32.9,56.8,100,95,1,20.64,0.58,0.24,31,3.904,0.354,1.3820161,15159,9226,0,-
14:38:42.868,snap,default,com.coolapk.market,discharging,1,32.9,56,100,95,1,20.34,0.47,0.2,35,3.923,0.756,2.965788,15159,9226,0,-
14:38:43.869,snap,default,com.coolapk.market,discharging,1,32.9,56,100,95,1,20.34,0.47,0.2,26,3.9,0.727,2.8353,22372,13193,0,-
14:38:44.870,snap,default,com.coolapk.market,discharging,1,32.9,54,100,95,1,20.1,0.38,0.16,26,3.925,0.282,1.10685,22372,13193,0,-
14:38:45.870,snap,default,com.coolapk.market,discharging,1,32.9,52.1,100,95,1,20.1,0.38,0.16,0,3.93,0.333,1.3086901,8420,4256,0,-
14:38:46.871,snap,default,com.coolapk.market,discharging,1,32.8,51.3,100,95,1,18.45,0.31,0.13,0,3.935,0.249,0.979815,8420,4256,0,-
14:38:47.870,snap,default,com.coolapk.market,discharging,1,32.8,51.3,100,95,1,18.45,0.31,0.13,0,3.935,0.21,0.82635,4255,1392,0,-
14:38:48.872,snap,default,com.coolapk.market,discharging,1,32.8,50.9,100,95,1,16.92,0.26,0.1,0,3.937,0.462,1.818894,4255,1392,0,-
14:38:49.872,snap,default,com.coolapk.market,discharging,1,32.8,50.9,100,95,1,16.92,0.26,0.1,18,3.935,0.398,1.56613,13572,7761,0,-
14:38:50.873,snap,default,com.coolapk.market,discharging,1,32.8,50.1,100,95,1,16.75,0.21,0.08,0,3.936,0.214,0.84230405,13572,7761,0,-
14:38:51.874,snap,default,com.coolapk.market,discharging,1,32.8,50.1,100,95,1,16.75,0.21,0.08,0,3.934,0.456,1.7939041,9573,5466,0,-
14:38:52.873,snap,default,com.coolapk.market,discharging,1,32.8,49.7,100,95,1,16.25,0.17,0.07,0,3.925,0.336,1.3188,9573,5466,0,-
14:38:53.872,snap,default,com.coolapk.market,discharging,1,32.8,51.3,100,95,1,16.25,0.17,0.07,0,3.935,0.199,0.783065,6378,2646,0,-
14:38:54.876,snap,default,com.coolapk.market,discharging,1,32.8,50.5,100,95,1,15.12,0.14,0.05,0,3.936,0.615,2.42064,6378,2646,0,-
14:38:55.875,snap,default,com.coolapk.market,discharging,1,32.8,50.5,100,95,1,15.12,0.14,0.05,0,3.934,0.261,1.026774,12230,6484,0,-
14:38:56.873,snap,default,com.coolapk.market,discharging,1,32.7,50.5,100,95,1,15.28,0.11,0.04,24,3.939,0.351,1.382589,12230,6484,0,-
14:38:57.873,snap,default,com.coolapk.market,discharging,1,32.7,53.5,100,95,1,15.28,0.11,0.04,22,3.897,1.391,5.4207273,32156,16650,0,-
14:38:58.873,snap,default,com.coolapk.market,discharging,1,32.7,56.5,100,95,1,19.39,0.45,0.22,22,3.875,1.268,4.9135,32156,16650,0,-
14:38:59.875,snap,default,com.coolapk.market,discharging,1,32.7,56.8,100,95,1,19.39,0.45,0.22,36,3.927,0.785,3.0826952,32156,16650,0,-
14:39:00.873,snap,default,com.coolapk.market,discharging,1,32.7,56.4,100,95,1,21.31,0.55,0.18,21,3.913,0.911,3.564743,32368,16649,0,-
14:39:01.873,snap,default,com.android.quicksearchbox,discharging,1,32.7,56.4,100,95,1,21.31,0.55,0.18,16,3.921,0.705,2.7643049,32368,16649,0,-
14:39:02.874,snap,default,com.android.quicksearchbox,discharging,1,32.7,56.4,100,95,1,21.8,0.63,0.14,0,3.919,0.961,3.766159,23608,11571,0,-
14:39:03.874,snap,default,com.android.quicksearchbox,discharging,1,32.7,57.6,100,95,1,21.8,0.63,0.14,0,3.899,0.795,3.099705,23608,11571,0,-
14:39:04.875,snap,default,bin.mt.plus.canary,discharging,1,32.7,57.6,100,95,1,21.47,1.97,0.84,26,3.898,0.64,2.49472,28053,11951,0,-
14:39:05.876,snap,default,bin.mt.plus.canary,discharging,1,32.7,54.6,100,95,1,19.21,1.61,0.69,26,3.934,0.235,0.92449,28053,11951,0,-
14:39:06.880,snap,default,bin.mt.plus.canary,discharging,1,32.6,52.8,100,95,1,19.21,1.61,0.69,0,3.932,0.416,1.635712,8487,3873,0,-
14:39:07.881,snap,default,bin.mt.plus.canary,discharging,1,32.6,52.8,100,95,1,17.9,1.86,0.56,0,3.913,0.344,1.3460721,8487,3873,0,-
14:39:08.881,snap,default,bin.mt.plus.canary,discharging,1,32.6,52.8,100,95,1,17.9,1.86,0.56,5,3.936,0.333,1.310688,9926,5231,0,-
14:39:09.877,snap,default,bin.mt.plus.canary,discharging,1,32.6,55.2,100,95,1,19.55,2.25,0.64,17,3.926,1.027,4.032002,9926,5231,0,-
14:39:10.883,snap,default,com.android.quicksearchbox,discharging,1,32.6,55.2,100,95,1,19.55,2.25,0.64,18,3.899,0.853,3.325847,32479,18891,0,-
14:39:11.885,snap,default,com.android.quicksearchbox,discharging,1,32.6,53.2,100,95,1,19.09,1.84,0.52,18,3.918,0.373,1.461414,32479,18891,0,-
14:39:12.883,snap,default,com.android.quicksearchbox,discharging,1,32.6,52.4,100,95,1,19.09,1.84,0.52,34,3.911,0.752,2.941072,15280,8669,0,-
14:39:13.882,snap,default,com.android.quicksearchbox,discharging,1,32.6,52.4,100,95,1,19.25,1.5,0.43,34,3.92,0.488,1.91296,15280,8669,0,-
14:39:14.886,snap,default,com.android.quicksearchbox,discharging,1,32.6,52.1,100,95,1,19.25,1.5,0.43,25,3.922,0.673,2.6395059,17831,10387,0,-
14:39:15.884,snap,default,com.android.quicksearchbox,discharging,1,32.6,52.1,100,95,1,19.39,1.23,0.35,25,3.915,0.506,1.9809899,17831,10387,0,-
14:39:16.884,snap,default,com.android.quicksearchbox,discharging,1,32.5,52.1,100,95,1,19.39,1.23,0.35,32,3.931,0.618,2.4293578,16895,9583,0,-
14:39:17.884,snap,default,com.android.quicksearchbox,discharging,1,32.5,52.1,100,95,1,22.21,1.73,0.65,32,3.898,1.33,5.18434,16895,9583,0,-
14:39:18.884,snap,default,com.android.quicksearchbox,discharging,1,32.5,52.1,100,95,1,22.21,1.73,0.65,17,3.884,1.81,7.03004,43692,20962,0,-
14:39:19.888,snap,default,com.android.quicksearchbox,discharging,1,32.5,52.1,100,95,1,27.25,2.87,1.62,19,3.882,1.626,6.3121324,43692,20962,0,-
14:39:20.891,snap,default,com.android.quicksearchbox,discharging,1,32.5,55.1,100,95,1,27.25,2.87,1.62,28,3.883,1.478,5.739074,42405,19259,0,-
14:39:21.886,snap,default,com.android.quicksearchbox,discharging,1,32.5,58.1,100,95,1,27.25,2.87,1.62,28,3.883,1.478,5.739074,42405,19259,0,-
14:39:22.887,snap,default,com.android.quicksearchbox,discharging,1,32.5,61.1,100,95,1,28.11,2.71,1.68,20,3.915,1.012,3.9619799,31303,15634,0,-
14:39:23.888,snap,default,com.android.quicksearchbox,discharging,1,32.5,63.9,100,95,1,28.11,2.71,1.68,28,3.894,0.972,3.7849681,31303,15634,0,-
14:39:24.888,snap,default,com.resukisu.resukisu,discharging,1,32.5,60.9,100,95,1,27.18,3.12,1.56,12,3.916,1.087,4.256692,31303,15634,0,-
14:39:25.888,snap,default,com.resukisu.resukisu,discharging,1,32.4,58.4,100,95,1,27.18,3.12,1.56,12,3.9,0.896,3.4944003,27181,14806,0,-
14:39:26.889,snap,default,com.resukisu.resukisu,discharging,1,32.4,58.4,100,95,1,26.06,2.74,1.28,13,3.91,0.6,2.3460002,27181,14806,0,-
14:39:27.890,snap,default,com.resukisu.resukisu,discharging,1,32.4,55.4,100,95,1,26.06,2.74,1.28,11,3.917,0.669,2.6204731,20397,12160,0,-
14:39:28.888,snap,default,com.resukisu.resukisu,discharging,1,32.4,54.8,100,95,1,24.96,2.24,1.04,15,3.916,0.578,2.263448,20397,12160,0,-
14:39:29.889,snap,default,com.resukisu.resukisu,discharging,1,32.4,57.8,100,95,1,24.96,2.24,1.04,14,3.917,0.868,3.399956,30009,17624,0,-
