timestamp,type,mode,package,charge,screen_on,batt_temp,cpu_temp,thermal_cap_pct,thermal_free_pct,clg_active,psi_cpu_some,psi_io_some,psi_mem_some,gpu_busy_pct,batt_voltage_v,batt_current_ma,batt_power_w,wakeups,migrations,freq_trans,fps
19:15:27.659,snap,default,,discharging,1,37.9,62.3,100,95,1,11.13,0.32,0.05,21,3.723,1.102,4.102746,0,0,0,-
19:15:28.694,snap,default,com.tencent.mobileqq,discharging,1,37.9,62.3,100,95,1,14.54,0.45,0.59,35,3.739,1.242,4.643838,0,0,0,-
19:15:29.694,snap,default,com.tencent.mobileqq,discharging,1,37.9,59.3,100,95,1,14.54,0.45,0.59,34,3.685,1.578,5.8149295,22976,12089,0,-
19:15:30.694,snap,default,com.tencent.mobileqq,discharging,1,37.9,56.3,100,95,1,18.25,0.55,1.02,44,3.741,1.134,4.242294,22976,12089,0,-
19:15:31.695,snap,default,com.tencent.mobileqq,discharging,1,37.9,53.3,100,95,1,18.25,0.55,1.02,43,3.755,0.836,3.1391802,17884,9876,0,-
19:15:32.695,snap,default,com.tencent.mobileqq,discharging,1,38,50.3,100,95,1,16.93,0.45,0.84,38,3.765,0.674,2.53761,17884,9876,0,-
19:15:33.695,snap,default,com.tencent.mobileqq,discharging,1,38,49.7,100,95,1,16.93,0.45,0.84,24,3.762,0.67,2.5205402,12749,7482,0,-
19:15:34.695,snap,default,com.tencent.mobileqq,discharging,1,38,48.5,100,95,1,16.04,0.36,0.68,24,3.767,0.588,2.2149959,12749,7482,0,-
19:15:35.696,snap,default,com.tencent.mobileqq,discharging,1,38,48.5,100,95,1,16.04,0.36,0.68,23,3.765,0.624,2.3493602,11970,6294,0,-
19:15:36.696,snap,default,com.tencent.mobileqq,discharging,1,38,48.5,100,95,1,15.13,0.3,0.56,24,3.769,0.582,2.193558,11970,6294,0,-
19:15:37.696,snap,default,com.tencent.mobileqq,discharging,1,38,48.5,100,95,1,15.13,0.3,0.56,24,3.775,0.632,2.3858001,10385,5467,0,-
19:15:38.696,snap,default,com.tencent.mobileqq,discharging,1,38,48.5,100,95,1,14.2,0.24,0.46,23,3.766,0.646,2.432836,10385,5467,0,-
19:15:39.696,snap,default,com.tencent.mobileqq,discharging,1,38,48.9,100,95,1,13.62,0.2,0.37,23,3.763,0.736,2.769568,12217,5254,0,-
19:15:40.696,snap,default,com.tencent.mobileqq,discharging,1,38,48.9,100,95,1,13.62,0.2,0.37,23,3.753,0.888,3.332664,12217,5254,0,-
19:15:41.697,snap,default,com.tencent.mobileqq,discharging,1,38,48.9,100,95,1,12.78,0.52,0.3,24,3.761,0.734,2.760574,13052,5652,0,-
19:15:42.697,snap,default,com.tencent.mobileqq,discharging,1,38,48.5,100,95,1,12.78,0.52,0.3,23,3.768,0.614,2.313552,13052,5652,0,-
19:15:43.697,snap,default,com.tencent.mobileqq,discharging,1,38,48.1,100,95,1,12.27,0.43,0.25,24,3.766,0.588,2.214408,10430,5373,0,-
19:15:44.697,snap,default,com.tencent.mobileqq,discharging,1,38,48.1,100,95,1,12.27,0.43,0.25,24,3.773,0.598,2.256254,10430,5373,0,-
19:15:45.697,snap,default,com.tencent.mobileqq,discharging,1,38,48.1,100,95,1,11.86,0.35,0.2,24,3.772,0.568,2.142496,10289,5285,0,-
19:15:46.698,snap,default,com.tencent.mobileqq,discharging,1,38,47.7,100,95,1,11.86,0.35,0.2,25,3.767,0.592,2.230064,10289,5285,0,-
19:15:47.698,snap,default,com.tencent.mobileqq,discharging,1,38,47.7,100,95,1,11.7,0.28,0.16,24,3.769,0.592,2.2312481,10274,5450,0,-
19:15:48.698,snap,default,com.tencent.mobileqq,discharging,1,38,47.7,100,95,1,11.7,0.28,0.16,24,3.765,0.616,2.31924,10274,5450,0,-
19:15:49.698,snap,default,com.tencent.mobileqq,discharging,1,38,49.3,100,95,1,11.94,0.23,0.13,24,3.716,1.044,3.8795042,10274,5450,0,-
19:15:50.698,snap,default,com.tencent.mobileqq,discharging,1,38,49.7,100,95,1,11.94,0.23,0.13,23,3.77,0.582,2.19414,12832,6781,0,-
19:15:51.698,snap,default,com.tencent.mobileqq,discharging,1,38,49.7,100,95,1,11.4,0.19,0.11,24,3.762,0.756,2.844072,12832,6781,0,-
19:15:52.698,snap,default,com.tencent.mobileqq,discharging,1,38,49.7,100,95,1,11.4,0.19,0.11,24,3.708,1.474,5.465592,10884,5570,0,-
19:15:53.699,snap,default,com.tencent.mobileqq,discharging,1,38,52.7,100,95,1,10.24,0.15,0.09,23,3.703,1.596,5.909988,10884,5570,0,-
19:15:54.699,snap,default,com.tencent.mobileqq,discharging,1,38,55.7,100,95,1,10.24,0.15,0.09,23,3.765,0.616,2.31924,9977,4596,0,-
19:15:55.699,snap,default,com.tencent.mobileqq,discharging,1,38,53.2,100,95,1,10.02,0.12,0.07,24,3.772,0.636,2.398992,9977,4596,0,-
19:15:56.699,snap,default,com.tencent.mobileqq,discharging,1,38,52.4,100,95,1,10.02,0.12,0.07,24,3.756,0.716,2.689296,11528,5947,0,-
19:15:57.699,snap,default,com.tencent.mobileqq,discharging,1,38,52.1,100,95,1,9.65,0.1,0.06,24,3.747,0.796,2.982612,11528,5947,0,-
19:15:58.699,snap,default,com.tencent.mobileqq,discharging,1,38,51.7,100,95,1,9.65,0.1,0.06,24,3.747,0.796,2.982612,11438,4866,0,-
19:15:59.700,snap,default,com.tencent.mobileqq,discharging,1,38,51.7,100,95,1,9.65,0.1,0.06,24,3.755,0.754,2.8312702,11438,4866,0,-
19:16:00.701,snap,default,com.tencent.mobileqq,discharging,1,38,49.7,100,95,1,8.99,0.08,0.05,24,3.767,0.59,2.22253,10586,5301,0,-
19:16:01.702,snap,default,com.tencent.mobileqq,discharging,1,38,49.3,100,95,1,8.99,0.08,0.05,24,3.771,0.614,2.315394,10586,5301,0,-
19:16:02.702,snap,default,com.tencent.mobileqq,discharging,1,38,49.3,100,95,1,9.17,0.07,0.04,24,3.774,0.552,2.083248,9733,5186,0,-
19:16:03.703,snap,default,com.tencent.mobileqq,discharging,1,38,49.3,100,95,1,9.17,0.07,0.04,24,3.773,0.596,2.248708,9733,5186,0,-
19:16:04.704,snap,default,com.tencent.mobileqq,discharging,1,38,49.3,100,95,1,9.5,0.05,0.03,24,3.767,0.67,2.52389,12086,6349,0,-
19:16:05.704,snap,default,com.tencent.mobileqq,discharging,1,38,48.9,100,95,1,9.5,0.05,0.03,23,3.772,0.618,2.331096,12086,6349,0,-
19:16:06.704,snap,default,com.tencent.mobileqq,discharging,1,38,48.9,100,95,1,10.13,0.04,0.02,24,3.77,0.576,2.17152,10015,5308,0,-
19:16:07.704,snap,default,com.tencent.mobileqq,discharging,1,38,48.9,100,95,1,10.13,0.04,0.02,24,3.769,0.628,2.3669322,10015,5308,0,-
19:16:08.705,snap,default,com.tencent.mobileqq,discharging,1,38,48.9,100,95,1,10.11,0.03,0.02,24,3.765,0.588,2.21382,9764,5275,0,-
19:16:09.705,snap,default,com.tencent.mobileqq,discharging,1,38,48.5,100,95,1,10.11,0.03,0.02,23,3.773,0.596,2.248708,9764,5275,0,-
19:16:10.705,snap,default,com.tencent.mobileqq,discharging,1,38,48.5,100,95,1,10.09,0.03,0.01,24,3.771,0.616,2.3229358,9905,5345,0,-
19:16:11.706,snap,default,com.tencent.mobileqq,discharging,1,38,48.1,100,95,1,10.25,0.02,0.01,24,3.772,0.59,2.2254798,9905,5345,0,-
19:16:12.706,snap,default,com.tencent.mobileqq,discharging,1,38,48.1,100,95,1,10.25,0.02,0.01,24,3.777,0.542,2.047134,9063,4682,0,-
19:16:13.706,snap,default,com.tencent.mobileqq,discharging,1,38,48.1,100,95,1,10.21,0.02,0.01,24,3.769,0.586,2.2086341,9063,4682,0,-
19:16:14.707,snap,default,com.tencent.mobileqq,discharging,1,38,48.1,100,95,1,10.21,0.02,0.01,24,3.767,0.61,2.29787,10075,5348,0,-
19:16:15.707,snap,default,com.tencent.mobileqq,discharging,1,38,48.5,100,95,1,10.17,0.01,0,24,3.777,0.54,2.03958,10075,5348,0,-
19:16:16.707,snap,default,com.tencent.mobileqq,discharging,1,38,48.5,100,95,1,10.17,0.01,0,24,3.77,0.69,2.6013,10075,5348,0,-
19:16:17.707,snap,default,com.tencent.mobileqq,discharging,1,38,48.5,100,95,1,10.32,0.01,0,24,3.775,0.586,2.21215,10615,5489,0,-
19:16:18.707,snap,default,com.tencent.mobileqq,discharging,1,38,48.5,100,95,1,10.32,0.01,0,24,3.772,0.592,2.2330241,10615,5489,0,-
19:16:19.708,snap,default,com.tencent.mobileqq,discharging,1,38.1,49.3,100,95,1,11.16,0.01,0,23,3.75,0.968,3.6299999,13877,6635,0,-
19:16:20.708,snap,default,com.tencent.mobileqq,discharging,1,38.1,49.3,100,95,1,11.16,0.01,0,24,3.765,0.668,2.51502,13877,6635,0,-
19:16:21.708,snap,default,com.tencent.mobileqq,discharging,1,38.1,49.3,100,95,1,11.32,0,0,23,3.746,0.77,2.88442,10870,5530,0,-
19:16:22.708,snap,default,com.tencent.mobileqq,discharging,1,38.1,52.1,100,95,1,11.32,0,0,24,3.725,1.166,4.34335,10870,5530,0,-
19:16:23.709,snap,default,com.tencent.mobileqq,discharging,1,38.1,52.8,100,95,1,10.71,1.27,0,23,3.734,1.034,3.8609562,24729,7313,0,-
19:16:24.709,snap,default,com.tencent.mobileqq,discharging,1,38.1,55.2,100,95,1,10.71,1.27,0,23,3.695,1.416,5.23212,24729,7313,0,-
19:16:25.709,snap,default,com.tencent.mobileqq,discharging,1,38.1,56.8,100,95,1,10.4,1.76,0,23,3.711,1.466,5.4403257,13148,4911,0,-
19:16:26.709,snap,default,com.tencent.mobileqq,discharging,1,38.1,56.8,100,95,1,10.4,1.76,0,23,3.757,0.822,3.088254,13148,4911,0,-
19:16:27.709,snap,default,com.tencent.mobileqq,discharging,1,38.1,53.8,100,95,1,10.33,1.44,0,24,3.765,0.58,2.1837,11059,4810,0,-
19:16:28.709,snap,default,com.tencent.mobileqq,discharging,1,38.1,50.9,100,95,1,10.33,1.44,0,23,3.758,0.652,2.450216,11059,4810,0,-
19:16:29.710,snap,default,com.tencent.mobileqq,discharging,1,38.1,50.1,100,95,1,10.09,1.18,0,24,3.758,0.652,2.450216,10344,5269,0,-
19:16:30.710,snap,default,com.tencent.mobileqq,discharging,1,38.1,50.1,100,95,1,10.09,1.18,0,24,3.765,0.594,2.23641,10344,5269,0,-
19:16:31.711,snap,default,com.tencent.mobileqq,discharging,1,38.1,48.9,100,95,1,10.09,1.18,0,24,3.771,0.54,2.03634,9111,4648,0,-
19:16:32.711,snap,default,com.tencent.mobileqq,discharging,1,38.1,48.9,100,95,1,10.07,0.97,0,24,3.764,0.598,2.250872,9111,4648,0,-
19:16:33.711,snap,default,com.tencent.mobileqq,discharging,1,38.1,48.9,100,95,1,10.07,0.97,0,24,3.76,0.632,2.3763201,10603,5636,0,-
19:16:34.711,snap,default,com.tencent.mobileqq,discharging,1,38.1,49.7,100,95,1,10.24,0.79,0,23,3.765,0.658,2.47737,10603,5636,0,-
19:16:35.712,snap,default,com.tencent.mobileqq,discharging,1,38.1,48.9,100,95,1,10.24,0.79,0,24,3.766,0.638,2.402708,10729,5752,0,-
19:16:36.711,snap,default,com.tencent.mobileqq,discharging,1,38.1,48.9,100,95,1,10.56,0.65,0,24,3.769,0.582,2.193558,10729,5752,0,-
19:16:37.711,snap,default,com.tencent.mobileqq,discharging,1,38.1,48.9,100,95,1,10.56,0.65,0,25,3.772,0.656,2.4744322,9626,5193,0,-
19:16:38.712,snap,default,com.tencent.mobileqq,discharging,1,38.1,48.9,100,95,1,10.45,0.53,0,24,3.762,0.578,2.174436,9626,5193,0,-
19:16:39.712,snap,default,com.tencent.mobileqq,discharging,1,38.2,49.7,100,95,1,10.45,0.53,0,24,3.769,0.624,2.351856,10211,5489,0,-
19:16:40.712,snap,default,com.tencent.mobileqq,discharging,1,38.2,49.7,100,95,1,10.55,0.43,0,24,3.771,0.606,2.2852259,10211,5489,0,-
19:16:41.713,snap,default,com.tencent.mobileqq,discharging,1,38.2,49.7,100,95,1,10.55,0.43,0,24,3.767,0.706,2.6595018,10211,5489,0,-
19:16:42.713,snap,default,com.tencent.mobileqq,discharging,1,38.2,49.7,100,95,1,10.45,0.35,0,24,3.769,0.594,2.238786,10160,5224,0,-
19:16:43.713,snap,default,com.tencent.mobileqq,discharging,1,38.2,48.5,100,95,1,10.45,0.35,0,24,3.764,0.59,2.2207599,10160,5224,0,-
19:16:44.714,snap,default,com.tencent.mobileqq,discharging,1,38.2,48.1,100,95,1,10.37,0.29,0,24,3.769,0.594,2.238786,10002,5383,0,-
19:16:45.714,snap,default,com.tencent.mobileqq,discharging,1,38.2,48.5,100,95,1,10.48,0.23,0,24,3.763,0.602,2.265326,10002,5383,0,-
19:16:46.714,snap,default,com.tencent.mobileqq,discharging,1,38.2,48.1,100,95,1,10.48,0.23,0,24,3.762,0.622,2.339964,10456,5489,0,-
19:16:47.714,snap,default,com.tencent.mobileqq,discharging,1,38.2,48.5,100,95,1,10.58,0.19,0,23,3.77,0.602,2.26954,10456,5489,0,-
19:16:48.715,snap,default,com.tencent.mobileqq,discharging,1,38.2,48.5,100,95,1,10.58,0.19,0,24,3.775,0.558,2.10645,9719,5197,0,-
19:16:49.715,snap,default,com.tencent.mobileqq,discharging,1,38.2,48.9,100,95,1,10.83,0.15,0,24,3.767,0.676,2.5464919,9719,5197,0,-
19:16:50.716,snap,default,com.tencent.mobileqq,discharging,1,38.2,49.3,100,95,1,10.83,0.15,0,24,3.768,0.618,2.3286238,10796,5716,0,-
19:16:51.715,snap,default,com.tencent.mobileqq,discharging,1,38.2,49.3,100,95,1,11.41,0.12,0,23,3.75,0.786,2.9475,10796,5716,0,-
19:16:52.716,snap,default,com.tencent.mobileqq,discharging,1,38.2,50.1,100,95,1,11.41,0.12,0,23,3.765,0.83,3.12495,14000,6892,0,-
19:16:53.717,snap,default,com.tencent.mobileqq,discharging,1,38.2,50.1,100,95,1,11.69,0.1,0,24,3.768,0.546,2.057328,14000,6892,0,-
19:16:54.718,snap,default,com.tencent.mobileqq,discharging,1,38.2,50.1,100,95,1,11.69,0.1,0,23,3.767,0.604,2.2752678,9855,5315,0,-
19:16:55.717,snap,default,com.tencent.mobileqq,discharging,1,38.2,49.7,100,95,1,11.57,0.08,0,24,3.769,0.622,2.344318,9855,5315,0,-
19:16:56.717,snap,default,com.tencent.mobileqq,discharging,1,38.2,50.1,100,95,1,11.57,0.08,0,24,3.761,0.686,2.580046,10489,5526,0,-
19:16:57.718,snap,default,com.tencent.mobileqq,discharging,1,38.2,51.3,100,95,1,11.64,0.07,0,23,3.756,0.822,3.0874321,10489,5526,0,-
19:16:58.718,snap,default,com.tencent.mobileqq,discharging,1,38.2,51.3,100,95,1,11.64,0.07,0,23,3.762,0.752,2.829024,12545,6533,0,-
19:16:59.718,snap,default,com.tencent.mobileqq,discharging,1,38.1,51.7,100,95,1,11.35,0.05,0,23,3.766,0.644,2.425304,12545,6533,0,-
19:17:00.718,snap,default,com.tencent.mobileqq,discharging,1,38.1,51.3,100,95,1,11.35,0.05,0,24,3.766,0.644,2.425304,11183,6000,0,-
19:17:01.718,snap,default,com.tencent.mobileqq,discharging,1,38.1,50.5,100,95,1,11.35,0.05,0,24,3.762,0.616,2.317392,11183,6000,0,-
19:17:02.718,snap,default,com.tencent.mobileqq,discharging,1,38.1,49.3,100,95,1,11.28,0.04,0,24,3.755,0.708,2.65854,10954,5691,0,-
19:17:03.719,snap,default,com.tencent.mobileqq,discharging,1,38.1,49.3,100,95,1,11.28,0.04,0,24,3.767,0.576,2.169792,10954,5691,0,-
19:17:04.724,snap,default,com.tencent.mobileqq,discharging,1,38.1,49.3,100,95,1,11.23,0.03,0,23,3.762,0.622,2.339964,10643,5844,0,-
19:17:05.720,snap,default,com.tencent.mobileqq,discharging,1,38.1,49.3,100,95,1,11.23,0.03,0,24,3.77,0.648,2.44296,10643,5844,0,-
19:17:06.720,snap,default,com.tencent.mobileqq,discharging,1,38.1,51.3,100,95,1,11.19,0.03,0,24,3.773,0.594,2.2411618,10480,5644,0,-
19:17:07.720,snap,default,com.tencent.mobileqq,discharging,1,38.1,51.3,100,95,1,11.19,0.03,0,23,3.758,0.664,2.4953117,10480,5644,0,-
19:17:08.720,snap,default,com.tencent.mobileqq,discharging,1,38.1,51.3,100,95,1,11.15,0.02,0,24,3.765,0.604,2.27406,10480,5644,0,-
19:17:09.720,snap,default,com.tencent.mobileqq,discharging,1,38.1,50.1,100,95,1,11.15,0.02,0,24,3.772,0.582,2.1953042,10215,5331,0,-
19:17:10.721,snap,default,com.tencent.mobileqq,discharging,1,38.1,50.1,100,95,1,11.12,0.02,0,24,3.769,0.624,2.351856,10215,5331,0,-
19:17:11.721,snap,default,com.tencent.mobileqq,discharging,1,38.1,50.1,100,95,1,11.12,0.02,0,24,3.755,0.83,3.11665,14240,7862,0,-
19:17:12.722,snap,default,com.tencent.mobileqq,discharging,1,38.1,50.9,100,95,1,12.01,0.01,0,24,3.75,0.864,3.24,14240,7862,0,-
19:17:13.722,snap,default,com.tencent.mobileqq,discharging,1,38.1,50.9,100,95,1,12.01,0.01,0,23,3.748,0.85,3.1858,16822,8889,0,-
19:17:14.722,snap,default,com.tencent.mobileqq,discharging,1,38.1,50.9,100,95,1,12.37,0.01,0,24,3.748,0.802,3.0058959,16822,8889,0,-
19:17:15.723,snap,default,com.tencent.mobileqq,discharging,1,38.1,50.5,100,95,1,12.37,0.01,0,25,3.757,0.778,2.922946,14914,8120,0,-
19:17:16.725,snap,default,com.tencent.mobileqq,discharging,1,38.1,50.5,100,95,1,12.66,0.01,0,24,3.757,0.81,3.04317,14914,8120,0,-
19:17:17.725,snap,default,com.tencent.mobileqq,discharging,1,38.1,51.3,100,95,1,12.66,0.01,0,24,3.747,0.842,3.154974,14978,8547,0,-
19:17:18.725,snap,default,com.tencent.mobileqq,discharging,1,38.1,52.1,100,95,1,13.08,0,0.18,24,3.752,0.936,3.511872,14978,8547,0,-
19:17:19.725,snap,default,com.tencent.mobileqq,discharging,1,38,54,100,95,1,15.6,0.18,0.14,24,3.711,1.118,4.148898,22157,11208,0,-
19:17:20.726,snap,default,com.tencent.mobileqq,discharging,1,38,53.6,100,95,1,15.6,0.18,0.14,19,3.726,1.206,4.493556,22157,11208,0,-
19:17:21.764,snap,playback,tv.danmaku.bili,discharging,1,38,53.6,100,95,0,24.73,0.33,0.3,19,3.771,0.738,2.7829978,22157,11208,0,-
19:17:22.765,snap,playback,tv.danmaku.bili,discharging,1,38,50.6,100,95,0,24.73,0.33,0.3,0,3.771,0.558,2.104218,27897,9096,0,-
19:17:23.765,snap,playback,tv.danmaku.bili,discharging,1,38,48.9,100,95,0,30.22,0.27,0.24,0,3.781,0.418,1.580458,8239,2137,0,-
19:17:24.765,snap,playback,tv.danmaku.bili,discharging,1,38,47.7,100,95,0,30.22,0.27,0.24,13,3.781,0.372,1.406532,8239,2137,0,-
19:17:25.766,snap,playback,tv.danmaku.bili,discharging,1,38,47.3,100,95,0,27.46,0.4,0.2,0,3.773,0.52,1.96196,9073,3819,0,-
19:17:26.766,snap,playback,tv.danmaku.bili,discharging,1,38,46.9,100,95,0,27.46,0.4,0.2,0,3.793,0.306,1.160658,9073,3819,0,-
19:17:27.766,snap,playback,tv.danmaku.bili,discharging,1,38,46.5,100,95,0,24.48,0.69,0.16,0,3.797,0.212,0.80496395,5825,2129,0,-
19:17:28.767,snap,playback,tv.danmaku.bili,discharging,1,38,45.7,100,95,0,24.48,0.69,0.16,0,3.791,0.26,0.98565996,5825,2129,0,-
19:17:30.172,snap,playback,tv.danmaku.bili,discharging,1,38,45.3,100,95,0,22.21,0.93,0.13,0,3.788,0.246,0.93184805,9849,3568,0,-
19:17:31.173,snap,playback,tv.danmaku.bili,discharging,1,38,45.3,100,95,0,22.21,0.93,0.13,0,3.797,0.25,0.94925,9849,3568,0,-
19:17:32.173,snap,playback,tv.danmaku.bili,discharging,1,38,45.3,100,95,0,20.91,1.12,0.11,0,3.794,0.258,0.9788519,5863,2006,0,-
19:17:33.173,snap,playback,tv.danmaku.bili,discharging,1,38,45.3,100,95,0,20.91,1.12,0.11,0,3.8,0.228,0.8664,5863,2006,0,-
19:17:34.173,snap,playback,tv.danmaku.bili,discharging,1,38,44.9,100,95,0,18.93,1.28,0.09,0,3.8,0.228,0.8664,4485,1434,0,-
19:17:35.174,snap,playback,tv.danmaku.bili,discharging,1,38,44.9,100,95,0,18.93,1.28,0.09,0,3.797,0.238,0.903686,4485,1434,0,-
19:17:36.175,snap,playback,tv.danmaku.bili,discharging,1,38,44.6,100,95,0,18.93,1.28,0.09,0,3.792,0.306,1.160352,9531,3120,0,-
19:17:37.175,snap,playback,tv.danmaku.bili,discharging,1,38,44.2,100,95,0,17.49,1.41,0.07,0,3.799,0.218,0.828182,9531,3120,0,-
19:17:38.176,snap,playback,tv.danmaku.bili,discharging,1,38,44.2,100,95,0,17.49,1.41,0.07,0,3.795,0.252,0.95634,3958,1195,0,-
19:17:39.176,snap,playback,tv.danmaku.bili,discharging,1,38,44.2,100,95,0,15.77,1.7,0.06,0,3.794,0.242,0.918148,3958,1195,0,-
19:17:40.176,snap,playback,tv.danmaku.bili,discharging,1,38,44.2,100,95,0,15.77,1.7,0.06,0,3.797,0.184,0.698648,6636,2251,0,-
19:17:41.176,snap,playback,tv.danmaku.bili,discharging,1,37.9,43.8,100,95,0,14.72,1.93,0.04,0,3.795,0.294,1.11573,6636,2251,0,-
19:17:42.176,snap,playback,tv.danmaku.bili,discharging,1,37.9,43.8,100,95,0,14.72,1.93,0.04,0,3.797,0.234,0.88849795,4141,1339,0,-
19:17:43.176,snap,playback,tv.danmaku.bili,discharging,1,37.9,44.2,100,95,0,13.69,2.13,0.03,0,3.79,0.284,1.07636,4141,1339,0,-
19:17:44.177,snap,playback,tv.danmaku.bili,discharging,1,37.9,44.2,100,95,0,13.69,2.13,0.03,0,3.797,0.228,0.865716,4272,1257,0,-
19:17:45.177,snap,playback,tv.danmaku.bili,discharging,1,37.9,44.2,100,95,0,12.66,2.1,0.03,0,3.795,0.23,0.87285006,4272,1257,0,-
19:17:46.177,snap,playback,tv.danmaku.bili,discharging,1,37.9,44.2,100,95,0,12.66,2.1,0.03,0,3.798,0.256,0.9722881,7154,2595,0,-
19:17:47.177,snap,playback,tv.danmaku.bili,discharging,1,37.9,44.2,100,95,0,12.17,2.26,0.02,0,3.795,0.22,0.8349,7154,2595,0,-
19:17:48.177,snap,playback,tv.danmaku.bili,discharging,1,37.9,44.6,100,95,0,12.17,2.26,0.02,19,3.772,0.494,1.863368,10940,4219,0,-
19:17:49.178,snap,playback,tv.danmaku.bili,discharging,1,37.9,47.6,100,95,0,13.41,2.21,0.02,0,3.746,1.02,3.82092,10940,4219,0,-
19:17:50.180,snap,playback,tv.danmaku.bili,discharging,1,37.9,50.6,100,95,0,25.83,2.36,0.38,23,3.718,1.398,5.197764,35649,14202,0,-
19:17:51.182,snap,playback,tv.danmaku.bili,discharging,1,37.8,53.6,100,95,0,25.83,2.36,0.38,22,3.733,1.242,4.636386,35649,14202,0,-
19:17:52.188,snap,default,com.tencent.mobileqq,discharging,1,37.8,56.6,100,95,1,36.37,2.11,0.67,19,3.693,1.686,6.226398,40812,15468,0,-
19:17:53.182,snap,default,com.tencent.mobileqq,discharging,1,37.8,56.6,100,95,1,36.37,2.11,0.67,27,3.648,2.258,8.237184,40812,15468,0,-
19:17:54.184,snap,default,com.tencent.mobileqq,discharging,1,37.8,59.6,100,95,1,40.83,1.91,0.91,22,3.718,1.786,6.640348,35051,15675,0,-
19:17:55.189,snap,default,com.tencent.mobileqq,discharging,1,37.8,60.3,100,95,1,40.83,1.91,0.91,17,3.748,0.904,3.388192,35051,15675,0,-
19:17:56.189,snap,default,com.tencent.mobileqq,discharging,1,37.8,60.3,100,95,1,39.77,1.56,1.11,12,3.677,1.5,5.5155,29306,10969,0,-
19:17:57.190,snap,default,com.tencent.mobileqq,discharging,1,37.8,58,100,95,1,39.77,1.56,1.11,20,3.747,1.142,4.2790737,29306,10969,0,-
19:17:58.424,snap,playback,tv.danmaku.bili,discharging,1,37.8,55,100,95,0,44.34,1.28,1.27,0,3.77,0.542,2.04334,29306,10969,0,-
19:17:59.426,snap,playback,tv.danmaku.bili,discharging,1,37.8,52.8,100,95,0,44.34,1.28,1.27,0,3.786,0.372,1.4083921,12082,4564,0,-
19:18:00.426,snap,playback,tv.danmaku.bili,discharging,1,37.8,49.8,100,95,0,37.94,1.04,1.04,0,3.784,0.342,1.2941281,6600,2468,0,-
19:18:01.427,snap,playback,tv.danmaku.bili,discharging,1,37.8,48.5,100,95,0,37.94,1.04,1.04,0,3.769,0.49,1.8468101,6600,2468,0,-
19:18:02.428,snap,playback,tv.danmaku.bili,discharging,1,37.8,47.7,100,95,0,35.05,1.04,0.85,14,3.776,0.448,1.691648,11174,5193,0,-
19:18:03.428,snap,playback,tv.danmaku.bili,discharging,1,37.8,47.7,100,95,0,35.05,1.04,0.85,0,3.791,0.208,0.78852797,11174,5193,0,-
19:18:04.428,snap,playback,tv.danmaku.bili,discharging,1,37.8,46.1,100,95,0,30.69,0.85,0.69,0,3.798,0.18,0.68364006,3671,1130,0,-
19:18:05.428,snap,playback,tv.danmaku.bili,discharging,1,37.8,46.1,100,95,0,30.69,0.85,0.69,0,3.801,0.154,0.58535403,3671,1130,0,-
19:18:06.429,snap,playback,tv.danmaku.bili,discharging,1,37.8,45.3,100,95,0,26.76,0.69,0.57,0,3.801,0.154,0.58535403,9147,3827,0,-
19:18:09.139,snap,playback,tv.danmaku.bili,discharging,1,37.8,45.3,100,95,0,26.76,0.69,0.57,0,3.796,0.28,1.06288,9147,3827,0,-
19:18:10.139,snap,playback,tv.danmaku.bili,discharging,1,37.8,44.2,100,95,0,26.76,0.69,0.57,0,3.806,0.03,0.11418,6656,2080,0,-
19:18:11.140,snap,playback,tv.danmaku.bili,discharging,1,37.8,44.2,100,95,0,25.9,0.93,0.46,0,3.792,0.266,1.008672,6656,2080,0,-
19:18:12.140,snap,playback,tv.danmaku.bili,discharging,1,37.8,44.2,100,95,0,25.9,0.93,0.46,0,3.793,0.244,0.925492,4720,1652,0,-
19:18:13.141,snap,playback,tv.danmaku.bili,discharging,1,37.8,44.2,100,95,0,24.47,0.94,0.38,0,3.787,0.288,1.0906559,4720,1652,0,-
19:18:14.141,snap,playback,tv.danmaku.bili,discharging,1,37.8,44.6,100,95,0,24.47,0.94,0.38,0,3.795,0.24,0.9108,4365,1447,0,-
19:18:15.142,snap,playback,tv.danmaku.bili,discharging,1,37.8,44.2,100,95,0,21.48,1.13,0.31,0,3.799,0.238,0.90416205,4365,1447,0,-
19:18:16.142,snap,playback,tv.danmaku.bili,discharging,1,37.8,43.8,100,95,0,21.48,1.13,0.31,0,3.792,0.272,1.031424,6568,2157,0,-
19:18:17.143,snap,playback,tv.danmaku.bili,discharging,1,37.8,43.8,100,95,0,19.4,1.29,0.25,0,3.795,0.224,0.8500801,6568,2157,0,-
19:18:18.143,snap,playback,tv.danmaku.bili,discharging,1,37.8,43.8,100,95,0,16.97,1.42,0.2,0,3.801,0.174,0.661374,3209,837,0,-
19:18:19.143,snap,playback,tv.danmaku.bili,discharging,1,37.7,43.8,100,95,0,16.97,1.42,0.2,0,3.795,0.222,0.84249,3209,837,0,-
19:18:20.143,snap,playback,tv.danmaku.bili,discharging,1,37.7,43.8,100,95,0,15.89,1.52,0.17,0,3.796,0.242,0.918632,6033,2058,0,-
19:18:21.144,snap,playback,tv.danmaku.bili,discharging,1,37.7,44.2,100,95,0,15.89,1.52,0.17,0,3.795,0.214,0.81213003,6033,2058,0,-
19:18:22.144,snap,playback,tv.danmaku.bili,discharging,1,37.7,44.2,100,95,0,14.46,1.61,0.14,0,3.794,0.24,0.91055995,4783,1782,0,-
19:18:23.144,snap,playback,tv.danmaku.bili,discharging,1,37.7,43.8,100,95,0,14.46,1.61,0.14,0,3.799,0.19,0.72181,4783,1782,0,-
19:18:24.145,snap,playback,tv.danmaku.bili,discharging,1,37.7,43.8,100,95,0,13.29,1.68,0.11,0,3.797,0.228,0.865716,3849,1239,0,-
19:18:25.857,snap,playback,tv.danmaku.bili,discharging,1,37.7,43.4,100,95,0,13.29,1.68,0.11,0,3.81,0.114,0.43434,3849,1239,0,-
19:18:26.857,snap,playback,tv.danmaku.bili,discharging,1,37.7,43.4,100,95,0,13.23,1.55,0.09,0,3.797,0.258,0.97962594,3849,1239,0,-
19:18:27.857,snap,playback,tv.danmaku.bili,discharging,1,37.7,43.4,100,95,0,13.23,1.55,0.09,0,3.801,0.188,0.714588,9112,3184,0,-
19:18:28.857,snap,playback,tv.danmaku.bili,discharging,1,37.7,43.4,100,95,0,12.29,1.63,0.07,0,3.798,0.21,0.79758,9112,3184,0,-
19:18:29.857,snap,playback,tv.danmaku.bili,discharging,1,37.6,43,100,95,0,12.29,1.63,0.07,0,3.796,0.222,0.842712,3290,990,0,-
19:18:34.684,snap,playback,tv.danmaku.bili,discharging,1,37.6,43,100,95,0,11.69,1.88,0.06,0,3.8,0.13,0.494,3290,990,0,-
19:18:51.245,snap,playback,tv.danmaku.bili,discharging,1,37.6,42.2,100,95,0,11.69,1.88,0.06,0,3.8,0.13,0.494,8912,3507,0,-
19:18:52.246,snap,playback,tv.danmaku.bili,discharging,1,37.6,41.4,100,95,0,11.69,1.88,0.06,0,3.811,0.05,0.19055001,11264,3971,0,-
19:18:53.246,snap,playback,tv.danmaku.bili,discharging,1,37.6,41.4,100,95,0,13.19,1.72,0.05,0,3.8,0.236,0.8968,11264,3971,0,-
19:18:54.247,snap,playback,tv.danmaku.bili,discharging,1,37.6,41.4,100,95,0,12.07,1.77,0.04,0,3.802,0.19,0.72238,3347,918,0,-
19:18:55.247,snap,playback,tv.danmaku.bili,discharging,1,37.6,41.8,100,95,0,12.07,1.77,0.04,0,3.8,0.216,0.8208,3347,918,0,-
19:18:56.247,snap,playback,tv.danmaku.bili,discharging,1,37.6,41.8,100,95,0,11.33,1.81,0.03,0,3.799,0.224,0.85097605,3079,876,0,-
19:18:58.212,snap,playback,tv.danmaku.bili,discharging,1,37.6,41.8,100,95,0,11.33,1.81,0.03,0,3.813,0.094,0.35842198,3079,876,0,-
19:18:59.214,snap,playback,tv.danmaku.bili,discharging,1,37.4,41.8,100,95,0,12,1.48,0.02,0,3.794,0.334,1.2671959,11633,4207,0,-
19:19:00.216,snap,playback,tv.danmaku.bili,discharging,1,37.4,42.2,100,95,0,12,1.48,0.02,0,3.801,0.216,0.8210161,11633,4207,0,-
19:19:01.216,snap,playback,tv.danmaku.bili,discharging,1,37.4,41.8,100,95,0,11.27,1.58,0.02,0,3.803,0.214,0.813842,11633,4207,0,-
19:19:02.217,snap,playback,tv.danmaku.bili,discharging,1,37.4,41.8,100,95,0,11.27,1.58,0.02,0,3.805,0.16,0.6088,3810,1097,0,-
19:19:03.217,snap,playback,tv.danmaku.bili,discharging,1,37.4,41.4,100,95,0,10.86,1.29,0.01,0,3.804,0.158,0.601032,3810,1097,0,-
19:19:04.217,snap,playback,tv.danmaku.bili,discharging,1,37.4,41.8,100,95,0,10.86,1.29,0.01,0,3.8,0.168,0.63839996,2967,823,0,-
19:19:05.218,snap,playback,tv.danmaku.bili,discharging,1,37.4,41.8,100,95,0,10.52,1.05,0.01,0,3.804,0.168,0.639072,2967,823,0,-
19:19:06.218,snap,playback,tv.danmaku.bili,discharging,1,37.4,41.8,100,95,0,10.52,1.05,0.01,0,3.8,0.212,0.8056,5377,1048,0,-
19:19:07.219,snap,playback,tv.danmaku.bili,discharging,1,37.4,41.4,100,95,0,10.06,0.86,0.01,0,3.8,0.194,0.7372,5377,1048,0,-
19:19:08.220,snap,playback,tv.danmaku.bili,discharging,1,37.4,41.4,100,95,0,10.06,0.86,0.01,0,3.797,0.212,0.80496395,3615,1002,0,-
19:19:17.248,snap,playback,tv.danmaku.bili,discharging,1,37.4,41.4,100,95,0,9.87,1.25,0,0,3.797,0.212,0.80496395,3615,1002,0,-
19:19:18.249,snap,playback,tv.danmaku.bili,discharging,1,37.4,41.4,100,95,0,9.87,1.25,0,0,3.813,0.03,0.11438999,9050,3292,0,-
19:19:20.575,snap,playback,tv.danmaku.bili,discharging,1,37.4,41,100,95,0,10.62,1.02,0,0,3.804,0.228,0.86731195,9050,3292,0,-
19:19:21.576,snap,playback,tv.danmaku.bili,discharging,1,37.4,41.4,100,95,0,10.62,1.02,0,0,3.804,0.2,0.7608,7941,2631,0,-
19:19:22.577,snap,playback,tv.danmaku.bili,discharging,1,37.4,41.4,100,95,0,10.87,1.02,0,0,3.798,0.236,0.89632803,7941,2631,0,-
19:19:23.579,snap,playback,tv.danmaku.bili,discharging,1,37.4,41.4,100,95,0,10.87,1.02,0,0,3.802,0.182,0.691964,3553,1062,0,-
19:19:24.579,snap,playback,tv.danmaku.bili,discharging,1,37.4,41.4,100,95,0,10.16,1.38,0,0,3.803,0.204,0.775812,3553,1062,0,-
19:19:29.516,snap,playback,tv.danmaku.bili,discharging,1,37.4,41,100,95,0,10.16,1.38,0,0,3.806,0.14,0.53284,3454,869,0,-
19:19:36.124,snap,playback,tv.danmaku.bili,discharging,1,37.4,41,100,95,0,10.13,1.67,0,0,3.814,0.032,0.122048005,9983,3285,0,-
19:19:37.125,snap,playback,tv.danmaku.bili,discharging,1,37.4,41,100,95,0,10.13,1.67,0,0,3.813,0.038,0.14489399,9983,3285,0,-
19:19:38.125,snap,playback,tv.danmaku.bili,discharging,1,37.2,41.8,100,95,0,10.65,1.55,0,0,3.8,0.238,0.9044,8737,3454,0,-
19:19:39.126,snap,playback,tv.danmaku.bili,discharging,1,37.2,41.8,100,95,0,10.65,1.55,0,0,3.787,0.34,1.28758,8737,3454,0,-
19:19:40.126,snap,playback,tv.danmaku.bili,discharging,1,37.2,41.4,100,95,0,9.99,1.27,0,0,3.803,0.218,0.829054,2879,641,0,-
19:19:47.544,snap,playback,tv.danmaku.bili,discharging,1,37.2,41.4,100,95,0,9.99,1.27,0,0,3.803,0.144,0.547632,2879,641,0,-
19:19:54.026,snap,playback,tv.danmaku.bili,discharging,1,37.2,41.4,100,95,0,9.81,1.04,0,0,3.806,0.112,0.426272,12601,5063,0,-
19:19:55.026,snap,playback,tv.danmaku.bili,discharging,1,37.2,40.6,100,95,0,9.81,1.04,0,0,3.802,0.19,0.72238,12601,5063,0,-
19:19:59.355,snap,playback,tv.danmaku.bili,discharging,1,37.2,40.6,100,95,0,10.75,1.21,0,0,3.803,0.184,0.699752,12601,5063,0,-
19:20:00.357,snap,playback,tv.danmaku.bili,discharging,1,37.2,41,100,95,0,10.75,1.21,0,0,3.814,0.098,0.37377197,8958,2834,0,-
19:20:01.357,snap,playback,tv.danmaku.bili,discharging,1,37.2,41,100,95,0,11.52,1.53,0,0,3.807,0.214,0.814698,8958,2834,0,-
19:20:02.359,snap,playback,tv.danmaku.bili,discharging,1,37.1,41,100,95,0,11.52,1.53,0,0,3.805,0.13,0.49464998,4052,1026,0,-
19:20:03.360,snap,playback,tv.danmaku.bili,discharging,1,37.1,40.6,100,95,0,10.52,1.25,0,0,3.808,0.15,0.5712,4052,1026,0,-
19:20:04.361,snap,playback,tv.danmaku.bili,discharging,1,37.1,40.6,100,95,0,9.7,1.03,0,0,3.808,0.142,0.540736,2784,808,0,-
19:20:07.657,snap,playback,tv.danmaku.bili,discharging,1,37.1,40.2,100,95,0,9.7,1.03,0,0,3.799,0.204,0.774996,2784,808,0,-
19:20:08.657,snap,playback,tv.danmaku.bili,discharging,1,37.1,40.6,100,95,0,10.48,1.02,0,0,3.797,0.164,0.622708,9131,3540,0,-
19:20:09.657,snap,playback,tv.danmaku.bili,discharging,1,37.1,40.6,100,95,0,10.48,1.02,0,0,3.797,0.244,0.926468,9131,3540,0,-
19:20:10.657,snap,playback,tv.danmaku.bili,discharging,1,37.1,40.6,100,95,0,10.39,1.2,0,0,3.793,0.188,0.713084,3772,1117,0,-
19:20:11.658,snap,playback,tv.danmaku.bili,discharging,1,37.1,40.6,100,95,0,10.39,1.2,0,0,3.802,0.178,0.676756,3772,1117,0,-
19:20:14.737,snap,playback,tv.danmaku.bili,discharging,1,37.1,40.6,100,95,0,9.96,1.34,0,0,3.799,0.182,0.691418,3092,768,0,-
19:20:16.407,snap,playback,tv.danmaku.bili,discharging,1,37.1,40.6,100,95,0,9.96,1.34,0,0,3.813,0.104,0.396552,9752,3731,0,-
19:20:17.407,snap,playback,tv.danmaku.bili,discharging,1,37,40.6,100,95,0,11.05,1.28,0,0,3.802,0.262,0.99612397,9752,3731,0,-
19:20:18.408,snap,playback,tv.danmaku.bili,discharging,1,37,40.6,100,95,0,11.05,1.28,0,0,3.808,0.142,0.540736,3336,959,0,-
19:20:19.408,snap,playback,tv.danmaku.bili,discharging,1,37,40.6,100,95,0,10.31,1.23,0,0,3.806,0.112,0.426272,3336,959,0,-
19:20:20.408,snap,playback,tv.danmaku.bili,discharging,1,37,40.2,100,95,0,10.31,1.23,0,0,3.81,0.114,0.43434,2523,480,0,-
19:20:23.420,snap,playback,tv.danmaku.bili,discharging,1,37,40.2,100,95,0,9.53,1,0,0,3.81,0.114,0.43434,2523,480,0,-
19:20:33.313,snap,playback,tv.danmaku.bili,discharging,1,37,40.2,100,95,0,9.53,1,0,0,3.813,0.062,0.236406,9879,4726,0,-
19:20:34.313,snap,playback,tv.danmaku.bili,discharging,1,37,40.6,100,95,0,10.7,1,0,0,3.814,0.032,0.122048005,9879,4726,0,-
19:20:35.314,snap,playback,tv.danmaku.bili,discharging,1,37,40.2,100,95,0,10.7,1,0,0,3.804,0.21,0.7988399,5434,1485,0,-
19:20:36.314,snap,playback,tv.danmaku.bili,discharging,1,37,40.6,100,95,0,10.21,1.36,0,0,3.803,0.2,0.76060003,5434,1485,0,-
19:20:37.314,snap,playback,tv.danmaku.bili,discharging,1,37,40.6,100,95,0,10.21,1.36,0,0,3.801,0.2,0.7602,3903,991,0,-
19:20:38.314,snap,playback,tv.danmaku.bili,discharging,1,36.9,40.6,100,95,0,9.63,1.66,0,0,3.802,0.242,0.920084,3903,991,0,-
19:20:39.314,snap,playback,tv.danmaku.bili,discharging,1,36.9,41,100,95,0,9.63,1.66,0,0,3.8,0.23,0.874,6018,1851,0,-
19:20:40.314,snap,playback,tv.danmaku.bili,discharging,1,36.9,41,100,95,0,9.33,1.72,0,0,3.799,0.224,0.85097605,6018,1851,0,-
19:20:41.315,snap,playback,tv.danmaku.bili,discharging,1,36.9,40.6,100,95,0,9.33,1.72,0,0,3.803,0.198,0.752994,3283,823,0,-
19:20:42.315,snap,playback,tv.danmaku.bili,discharging,1,36.9,40.6,100,95,0,8.91,1.95,0,0,3.802,0.184,0.69956803,3283,823,0,-
19:20:44.263,snap,playback,tv.danmaku.bili,discharging,1,36.9,40.6,100,95,0,8.91,1.95,0,0,3.803,0.188,0.714964,5862,1849,0,-
19:20:45.263,snap,playback,tv.danmaku.bili,discharging,1,36.9,40.6,100,95,0,9.29,1.96,0,0,3.791,0.232,0.87951195,5862,1849,0,-
19:20:46.264,snap,playback,tv.danmaku.bili,discharging,1,36.9,41,100,95,0,9.29,1.96,0,0,3.799,0.202,0.76739806,5428,1397,0,-
19:20:47.264,snap,playback,tv.danmaku.bili,discharging,1,36.9,40.2,100,95,0,9.78,2.15,0,0,3.803,0.19,0.72257,5428,1397,0,-
19:20:48.266,snap,playback,tv.danmaku.bili,discharging,1,36.9,41,100,95,0,9.78,2.15,0,0,3.803,0.192,0.730176,5428,1397,0,-
19:20:50.335,snap,playback,tv.danmaku.bili,discharging,1,36.9,40.6,100,95,0,9.64,2.3,0,0,3.801,0.222,0.84382206,2988,843,0,-
19:20:51.335,snap,playback,tv.danmaku.bili,discharging,1,36.8,40.6,100,95,0,9.64,2.3,0,0,3.814,0.122,0.46530798,8452,2516,0,-
19:20:52.336,snap,playback,tv.danmaku.bili,discharging,1,36.8,40.6,100,95,0,10.06,2.25,0,0,3.803,0.24,0.91271996,8452,2516,0,-
19:20:53.336,snap,playback,tv.danmaku.bili,discharging,1,36.8,40.6,100,95,0,10.06,2.25,0,0,3.802,0.182,0.691964,3113,783,0,-
19:20:54.336,snap,playback,tv.danmaku.bili,discharging,1,36.8,40.6,100,95,0,9.51,2.2,0,0,3.803,0.188,0.714964,3113,783,0,-
19:20:55.337,snap,playback,tv.danmaku.bili,discharging,1,36.8,40.2,100,95,0,9.51,2.2,0,0,3.804,0.142,0.540168,3470,910,0,-
19:20:59.506,snap,playback,tv.danmaku.bili,discharging,1,36.8,40.2,100,95,0,9.23,2.34,0,0,3.813,0.036,0.13726799,3470,910,0,-
19:21:00.506,snap,playback,tv.danmaku.bili,discharging,1,36.8,40.2,100,95,0,9.23,2.34,0,0,3.8,0.264,1.0031999,8488,2498,0,-
19:21:01.507,snap,playback,tv.danmaku.bili,discharging,1,36.8,40.2,100,95,0,9.73,2.1,0,0,3.799,0.21,0.79779,8488,2498,0,-
19:21:02.507,snap,playback,tv.danmaku.bili,discharging,1,36.8,39.8,100,95,0,9.73,2.1,0,0,3.802,0.182,0.691964,3210,868,0,-
19:21:03.508,snap,playback,tv.danmaku.bili,discharging,1,36.8,39.8,100,95,0,9.42,2.26,0,0,3.8,0.214,0.8132,3210,868,0,-
19:21:08.332,snap,playback,tv.danmaku.bili,discharging,1,36.8,40.2,100,95,0,9.52,2.21,0,0,3.814,0.028,0.106792,7221,2332,0,-
19:21:09.333,snap,playback,tv.danmaku.bili,discharging,1,36.8,40.2,100,95,0,9.52,2.21,0,0,3.802,0.24,0.91248,7221,2332,0,-
19:21:10.333,snap,playback,tv.danmaku.bili,discharging,1,36.8,40.6,100,95,0,9.43,2.17,0,0,3.802,0.24,0.91248,4530,1442,0,-
19:21:11.333,snap,playback,tv.danmaku.bili,discharging,1,36.8,40.2,100,95,0,9.43,2.17,0,0,3.802,0.218,0.82883596,4530,1442,0,-
19:21:12.333,snap,playback,tv.danmaku.bili,discharging,1,36.8,40.6,100,95,0,9.43,2.17,0,0,3.799,0.19,0.72181,3692,1061,0,-
19:21:13.333,snap,playback,tv.danmaku.bili,discharging,1,36.8,40.6,100,95,0,8.99,2.32,0,0,3.803,0.198,0.752994,3692,1061,0,-
19:21:23.259,snap,playback,tv.danmaku.bili,discharging,1,36.8,40.6,100,95,0,8.99,2.32,0,0,3.814,0.042,0.16018799,10237,3456,0,-
19:21:24.260,snap,playback,tv.danmaku.bili,discharging,1,36.8,40.6,100,95,0,10.26,2.08,0,0,3.784,0.486,1.839024,10237,3456,0,-
19:21:25.290,snap,playback,tv.danmaku.bili,discharging,1,36.8,41.4,100,95,0,10.26,2.08,0,0,3.808,0.144,0.548352,6185,1369,0,-
19:21:26.291,snap,playback,tv.danmaku.bili,discharging,1,36.8,40.2,100,95,0,13.29,1.7,0.18,0,3.799,0.184,0.69901603,6185,1369,0,-
19:21:27.291,snap,playback,tv.danmaku.bili,discharging,1,36.8,40.2,100,95,0,13.29,1.7,0.18,0,3.807,0.142,0.540594,3277,844,0,-
19:21:28.291,snap,playback,tv.danmaku.bili,discharging,1,36.7,40.2,100,95,0,12.33,1.39,0.14,0,3.805,0.158,0.60119003,3277,844,0,-
19:21:29.292,snap,playback,tv.danmaku.bili,discharging,1,36.7,40.2,100,95,0,12.33,1.39,0.14,0,3.791,0.256,0.970496,7113,2967,0,-
19:21:30.292,snap,playback,tv.danmaku.bili,discharging,1,36.7,40.6,100,95,0,12.09,1.14,0.12,0,3.79,0.304,1.1521599,7113,2967,0,-
19:21:39.714,snap,playback,tv.danmaku.bili,discharging,1,36.7,40.6,100,95,0,11.35,1.3,0.09,0,3.814,0.04,0.15256,7113,2967,0,-
19:21:45.662,snap,playback,tv.danmaku.bili,discharging,1,36.7,40.6,100,95,0,11.35,1.3,0.09,0,3.807,0.164,0.624348,6832,2412,0,-
19:21:46.663,snap,playback,tv.danmaku.bili,discharging,1,36.7,40.2,100,95,0,12.37,1.24,0.08,0,3.795,0.344,1.3054801,6832,2412,0,-
19:21:47.663,snap,playback,tv.danmaku.bili,discharging,1,36.7,40.2,100,95,0,12.37,1.24,0.08,0,3.799,0.274,1.040926,10992,3574,0,-
19:21:48.663,snap,playback,tv.danmaku.bili,discharging,1,36.7,40.2,100,95,0,11.94,1.56,0.06,0,3.8,0.244,0.9272,10992,3574,0,-
19:21:49.663,snap,playback,tv.danmaku.bili,discharging,1,36.7,40.2,100,95,0,11.94,1.56,0.06,0,3.796,0.274,1.0401039,2759,560,0,-
19:21:50.664,snap,playback,tv.danmaku.bili,discharging,1,36.7,40.2,100,95,0,10.86,1.82,0.05,0,3.792,0.238,0.90249604,2759,560,0,-
19:21:51.665,snap,playback,tv.danmaku.bili,discharging,1,36.7,40.6,100,95,0,10.86,1.82,0.05,0,3.792,0.238,0.90249604,5782,1707,0,-
19:21:52.666,snap,playback,tv.danmaku.bili,discharging,1,36.6,40.6,100,95,0,10.86,1.82,0.05,0,3.798,0.288,1.093824,5782,1707,0,-
19:21:53.666,snap,playback,tv.danmaku.bili,discharging,1,36.6,40.6,100,95,0,10.89,2.03,0.04,0,3.796,0.23,0.87308,2912,665,0,-
19:21:54.666,snap,playback,tv.danmaku.bili,discharging,1,36.6,40.6,100,95,0,10.89,2.03,0.04,0,3.789,0.31,1.17459,2912,665,0,-
19:21:55.666,snap,playback,tv.danmaku.bili,discharging,1,36.6,41,100,95,0,10.72,2.03,0.03,0,3.796,0.284,1.0780641,4010,1191,0,-
19:21:56.667,snap,playback,tv.danmaku.bili,discharging,1,36.6,41,100,95,0,10.72,2.03,0.03,0,3.756,0.552,2.073312,4010,1191,0,-
19:21:57.668,snap,playback,tv.danmaku.bili,discharging,1,36.6,41,100,95,0,10.95,2.02,0.02,0,3.798,0.206,0.78238803,9540,2627,0,-
19:21:58.668,snap,playback,tv.danmaku.bili,discharging,1,36.6,40.6,100,95,0,10.95,2.02,0.02,0,3.798,0.228,0.865944,9540,2627,0,-
19:21:59.671,snap,playback,tv.danmaku.bili,discharging,1,36.6,40.2,100,95,0,10.6,1.65,0.02,0,3.803,0.218,0.829054,4297,1034,0,-
19:22:00.671,snap,playback,tv.danmaku.bili,discharging,1,36.6,40.2,100,95,0,10.6,1.65,0.02,0,3.802,0.232,0.882064,4297,1034,0,-
19:22:01.671,snap,playback,tv.danmaku.bili,discharging,1,36.6,40.2,100,95,0,10.13,1.35,0.01,0,3.797,0.254,0.964438,3304,997,0,-
19:22:02.672,snap,playback,tv.danmaku.bili,discharging,1,36.5,40.6,100,95,0,10.13,1.35,0.01,0,3.796,0.252,0.956592,3304,997,0,-
19:22:03.672,snap,playback,tv.danmaku.bili,discharging,1,36.5,40.6,100,95,0,9.56,1.83,0.01,0,3.796,0.23,0.87308,4110,1424,0,-
19:22:04.673,snap,playback,tv.danmaku.bili,discharging,1,36.5,40.6,100,95,0,9.56,1.83,0.01,0,3.797,0.26,0.9872199,4110,1424,0,-
19:22:05.674,snap,playback,tv.danmaku.bili,discharging,1,36.5,40.6,100,95,0,9.46,2.4,0.01,0,3.794,0.256,0.971264,2561,522,0,-
19:22:06.674,snap,playback,tv.danmaku.bili,discharging,1,36.5,40.6,100,95,0,9.46,2.4,0.01,0,3.786,0.316,1.1963761,2561,522,0,-
19:22:07.674,snap,playback,tv.danmaku.bili,discharging,1,36.5,40.6,100,95,0,9.74,2.51,0,0,3.792,0.234,0.887328,6821,2199,0,-
19:22:08.675,snap,playback,tv.danmaku.bili,discharging,1,36.5,40.2,100,95,0,10.87,2.06,0,0,3.801,0.206,0.783006,6821,2199,0,-
19:22:09.677,snap,playback,tv.danmaku.bili,discharging,1,36.5,40.2,100,95,0,10.87,2.06,0,0,3.798,0.214,0.81277204,3007,801,0,-
19:22:10.677,snap,playback,tv.danmaku.bili,discharging,1,36.5,40.2,100,95,0,10.17,1.68,0,0,3.807,0.148,0.563436,3007,801,0,-
19:22:11.678,snap,playback,tv.danmaku.bili,discharging,1,36.5,40.2,100,95,0,10.17,1.68,0,0,3.805,0.12,0.4566,2297,377,0,-
19:22:31.723,snap,playback,tv.danmaku.bili,discharging,1,36.5,40.2,100,95,0,10.86,1.56,0,0,3.812,0.028,0.106736004,2297,377,0,-
19:22:39.680,snap,playback,tv.danmaku.bili,discharging,1,36.5,39.8,100,95,0,10.86,1.56,0,0,3.812,0.028,0.106736004,12120,5013,0,-
19:22:52.029,snap,playback,tv.danmaku.bili,discharging,1,36.5,39,100,95,0,11.25,1.46,0,0,3.814,0.032,0.122048005,12120,5013,0,-
19:22:55.964,snap,playback,tv.danmaku.bili,discharging,1,36.5,39,100,95,0,11.25,1.46,0,0,3.815,0.05,0.19075,14286,5692,0,-
19:22:56.964,snap,playback,tv.danmaku.bili,discharging,1,36.5,39,100,95,0,11.93,1.55,0,0,3.799,0.19,0.72181,14286,5692,0,-
19:23:02.969,snap,playback,tv.danmaku.bili,discharging,1,36.5,39,100,95,0,11.4,2,0,0,3.805,0.174,0.66207,6241,2420,0,-
19:23:03.970,snap,playback,tv.danmaku.bili,discharging,1,36.5,39,100,95,0,11.4,2,0,0,3.814,0.09,0.34326,7980,2854,0,-
19:23:04.970,snap,playback,tv.danmaku.bili,discharging,1,36.5,39,100,95,0,11.4,2,0,0,3.797,0.274,1.040378,7980,2854,0,-
19:23:05.970,snap,playback,tv.danmaku.bili,discharging,1,36.5,39,100,95,0,11.32,2,0,0,3.805,0.154,0.58597,3298,790,0,-
19:23:06.970,snap,playback,tv.danmaku.bili,discharging,1,36.5,39,100,95,0,11.32,2,0,0,3.801,0.178,0.67657804,3298,790,0,-
19:23:07.971,snap,playback,tv.danmaku.bili,discharging,1,36.5,39,100,95,0,10.72,2.36,0,0,3.802,0.194,0.73758805,3519,886,0,-
19:23:16.453,snap,playback,tv.danmaku.bili,discharging,1,36.3,39,100,95,0,10.72,2.36,0,0,3.815,0.026,0.099190004,3519,886,0,-
19:23:17.453,snap,playback,tv.danmaku.bili,discharging,1,36.3,39,100,95,0,10.77,2.47,0,0,3.794,0.202,0.766388,10442,3943,0,-
19:23:18.454,snap,playback,tv.danmaku.bili,discharging,1,36.3,39,100,95,0,10.77,2.47,0,0,3.8,0.172,0.65360004,10442,3943,0,-
19:23:19.454,snap,playback,tv.danmaku.bili,discharging,1,36.3,38.6,100,95,0,11.17,2.57,0,0,3.802,0.19,0.72238,3043,725,0,-
19:23:20.455,snap,playback,tv.danmaku.bili,discharging,1,36.3,38.6,100,95,0,11.17,2.57,0,0,3.802,0.186,0.70717204,3043,725,0,-
19:23:21.455,snap,playback,tv.danmaku.bili,discharging,1,36.3,38.6,100,95,0,10.6,2.83,0,0,3.808,0.14,0.53312004,2972,700,0,-
19:23:23.801,snap,playback,tv.danmaku.bili,discharging,1,36.3,38.6,100,95,0,10.67,2.5,0,0,3.814,0.048,0.183072,2972,700,0,-
19:23:24.801,snap,playback,tv.danmaku.bili,discharging,1,36.3,39.4,100,95,0,10.67,2.5,0,0,3.801,0.216,0.8210161,9753,3357,0,-
19:23:25.803,snap,playback,tv.danmaku.bili,discharging,1,36.3,39,100,95,0,10.18,2.59,0,0,3.801,0.204,0.77540404,9753,3357,0,-
19:23:26.803,snap,playback,tv.danmaku.bili,discharging,1,36.3,39,100,95,0,10.18,2.59,0,0,3.804,0.188,0.71515197,3399,977,0,-
19:23:27.804,snap,playback,tv.danmaku.bili,discharging,1,36.3,39,100,95,0,9.61,2.84,0,0,3.802,0.208,0.790816,3399,977,0,-
19:23:28.804,snap,playback,tv.danmaku.bili,discharging,1,36.2,39.4,100,95,0,9.61,2.84,0,0,3.804,0.206,0.783624,5633,987,0,-
19:23:29.805,snap,playback,tv.danmaku.bili,discharging,1,36.2,39.4,100,95,0,10.04,2.69,0,0,3.8,0.214,0.8132,5633,987,0,-
19:23:30.806,snap,playback,tv.danmaku.bili,discharging,1,36.2,39.4,100,95,0,10.04,2.69,0,0,3.805,0.17,0.64685,3623,1078,0,-
19:23:35.973,snap,playback,tv.danmaku.bili,discharging,1,36.2,39.4,100,95,0,10.94,2.56,0,0,3.805,0.17,0.64685,3623,1078,0,-
19:23:36.973,snap,playback,tv.danmaku.bili,discharging,1,36.2,40.2,100,95,0,10.94,2.56,0,0,3.786,0.284,1.075224,10967,4738,0,-
19:23:37.973,snap,playback,tv.danmaku.bili,discharging,1,36.2,40.2,100,95,0,10.94,2.56,0,0,3.79,0.442,1.67518,10967,4738,0,-
19:23:39.283,snap,playback,tv.danmaku.bili,discharging,1,36.2,43.2,100,95,0,13.3,2.1,0,0,3.761,0.62,2.33182,10967,4738,0,-
19:23:40.283,snap,playback,tv.danmaku.bili,discharging,1,36.2,46.2,100,95,0,13.3,2.1,0,0,3.73,1.016,3.7896802,24444,10358,0,-
19:23:41.293,snap,playback,tv.danmaku.bili,discharging,1,36.2,49.2,100,95,0,22.12,1.9,0,0,3.713,1.296,4.812048,33357,9814,0,-
19:23:42.293,snap,default,com.tencent.mobileqq,discharging,1,36.1,50.9,100,95,1,22.12,1.9,0,11,3.72,1.32,4.9104004,33357,9814,0,-
19:23:43.300,snap,default,com.tencent.mobileqq,discharging,1,36.1,50.9,100,95,1,32.97,1.73,0.18,7,3.718,1.218,4.528524,28456,8547,0,-
19:23:44.300,snap,default,com.tencent.mobileqq,discharging,1,36.1,50.9,100,95,1,32.97,1.73,0.18,12,3.637,1.932,7.0266843,28456,8547,0,-
19:23:45.301,snap,default,com.tencent.mobileqq,discharging,1,36.1,52.1,100,95,1,40.58,1.6,0.32,12,3.654,2.438,8.908452,23527,8685,0,-
19:23:46.301,snap,default,com.tencent.mobileqq,discharging,1,36.1,55.1,100,95,1,40.58,1.6,0.32,20,3.745,1.268,4.74866,23527,8685,0,-
19:23:47.301,snap,default,com.tencent.mobileqq,discharging,1,36.1,55.6,100,95,1,36.49,1.31,0.26,19,3.732,1.032,3.851424,17420,8203,0,-
19:23:48.301,snap,default,com.tencent.mobileqq,discharging,1,36.1,52.6,100,95,1,36.49,1.31,0.26,14,3.772,0.62,2.33864,17420,8203,0,-
19:23:49.302,snap,default,com.tencent.mobileqq,discharging,1,36.1,49.6,100,95,1,32.05,1.07,0.22,14,3.77,0.502,1.8925399,11135,6144,0,-
19:23:50.302,snap,default,com.tencent.mobileqq,discharging,1,36.1,48.5,100,95,1,28.06,0.88,0.18,11,3.768,0.538,2.027184,11135,6144,0,-
19:23:51.302,snap,default,com.tencent.mobileqq,discharging,1,36.1,47.3,100,95,1,28.06,0.88,0.18,8,3.757,0.586,2.201602,12550,6425,0,-
19:23:52.302,snap,default,com.tencent.mobileqq,discharging,1,36.1,47.3,100,95,1,26.05,0.72,0.14,9,3.749,0.784,2.939216,12550,6425,0,-
19:23:53.303,snap,default,com.tencent.mobileqq,discharging,1,36.1,47.3,100,95,1,26.05,0.72,0.14,11,3.673,1.622,5.9576063,12550,6425,0,-
19:23:54.303,snap,default,com.tencent.mobileqq,discharging,1,36.1,47.3,100,95,1,32.02,1.31,0.84,5,3.633,2.312,8.399496,35236,11729,0,-
19:23:55.303,snap,default,com.tencent.mobileqq,discharging,1,36.1,47.3,100,95,1,32.02,1.31,0.84,4,3.612,2.772,10.012465,35236,11729,0,-
19:23:56.303,snap,default,com.tencent.mobileqq,discharging,1,36.1,47.3,100,95,1,33.47,2.52,1.77,3,3.597,2.768,9.956495,48194,13336,0,-
19:23:57.304,snap,default,com.tencent.mobileqq,discharging,1,36.1,48.9,100,95,1,33.47,2.52,1.77,5,3.746,1.114,4.1730437,48194,13336,0,-
19:23:58.304,snap,default,com.tencent.mobileqq,discharging,1,36.1,51.7,100,95,1,29.58,2.06,1.45,2,3.766,0.492,1.852872,22329,9593,0,-
19:23:59.304,snap,default,com.tencent.mobileqq,discharging,1,36.1,51.7,100,95,1,29.58,2.06,1.45,2,3.759,0.502,1.887018,22329,9593,0,-
19:24:00.305,snap,default,com.tencent.mobileqq,discharging,1,36.1,50.5,100,95,1,26.03,1.69,1.19,2,3.761,0.558,2.098638,11107,5435,0,-
19:24:01.304,snap,default,com.tencent.mobileqq,discharging,1,36.1,48.1,100,95,1,26.03,1.69,1.19,2,3.764,0.532,2.002448,11107,5435,0,-
19:24:02.305,snap,default,com.tencent.mobileqq,discharging,1,36.1,47.7,100,95,1,23.49,1.38,0.97,2,3.762,0.554,2.0841482,10730,5302,0,-
19:24:03.305,snap,default,com.tencent.mobileqq,discharging,1,36.1,47.7,100,95,1,23.49,1.38,0.97,4,3.765,0.478,1.79967,10730,5302,0,-
19:24:04.306,snap,default,com.tencent.mobileqq,discharging,1,36.1,46.9,100,95,1,21.22,1.13,0.79,3,3.771,0.598,2.2550578,10323,5083,0,-
19:24:05.306,snap,default,com.tencent.mobileqq,discharging,1,36.1,45.7,100,95,1,21.22,1.13,0.79,2,3.772,0.48,1.81056,10323,5083,0,-
19:24:06.306,snap,default,com.tencent.mobileqq,discharging,1,36.1,45.7,100,95,1,19.55,0.92,0.65,3,3.771,0.532,2.006172,10159,5289,0,-
19:24:07.306,snap,default,com.tencent.mobileqq,discharging,1,36.1,45.7,100,95,1,19.55,0.92,0.65,3,3.771,0.532,2.006172,10159,5289,0,-
19:24:08.306,snap,default,com.tencent.mobileqq,discharging,1,36.1,45.3,100,95,1,19.55,0.92,0.65,3,3.77,0.55,2.0735,9891,5013,0,-
19:24:09.307,snap,default,com.tencent.mobileqq,discharging,1,36.1,45.3,100,95,1,18.18,0.76,0.53,4,3.765,0.562,2.11593,9891,5013,0,-
19:24:10.307,snap,default,com.tencent.mobileqq,discharging,1,36.1,44.6,100,95,1,18.18,0.76,0.53,4,3.774,0.51,1.92474,9326,4535,0,-
19:24:11.309,snap,default,com.tencent.mobileqq,discharging,1,36.1,44.6,100,95,1,16.88,0.62,0.43,2,3.769,0.558,2.1031022,9326,4535,0,-
19:24:12.309,snap,default,com.tencent.mobileqq,discharging,1,36.1,45.3,100,95,1,16.88,0.62,0.43,3,3.744,0.706,2.6432638,9977,5071,0,-
19:24:13.309,snap,default,com.tencent.mobileqq,discharging,1,36.1,45.3,100,95,1,15.81,0.5,0.35,2,3.752,0.726,2.723952,9977,5071,0,-
19:24:14.311,snap,default,com.tencent.mobileqq,discharging,1,36.1,45.3,100,95,1,15.81,0.5,0.35,2,3.744,0.734,2.748096,8439,3761,0,-
19:24:15.311,snap,default,com.tencent.mobileqq,discharging,1,36.1,45.3,100,95,1,14.76,0.41,0.29,2,3.756,0.698,2.6216881,8439,3761,0,-
19:24:16.311,snap,default,com.tencent.mobileqq,discharging,1,36.1,46.5,100,95,1,14.76,0.41,0.29,5,3.758,0.758,2.848564,10332,4812,0,-
19:24:17.311,snap,default,com.tencent.mobileqq,discharging,1,36.1,46.5,100,95,1,14.08,0.34,0.24,4,3.722,0.83,3.0892599,10332,4812,0,-
19:24:18.312,snap,default,com.tencent.mobileqq,discharging,1,36.1,44.9,100,95,1,14.08,0.34,0.24,3,3.782,0.376,1.422032,8182,3667,0,-
19:24:19.312,snap,default,com.tencent.mobileqq,discharging,1,36.1,44.9,100,95,1,13.16,0.27,0.19,1,3.774,0.448,1.690752,8182,3667,0,-
19:24:20.312,snap,default,com.tencent.mobileqq,discharging,1,36.1,44.6,100,95,1,13.16,0.27,0.19,4,3.773,0.448,1.690304,8182,3667,0,-
19:24:21.313,snap,default,com.tencent.mobileqq,discharging,1,36.1,44.6,100,95,1,12.4,0.22,0.16,2,3.768,0.452,1.703136,7926,3932,0,-
19:24:22.313,snap,default,com.tencent.mobileqq,discharging,1,36.1,44.2,100,95,1,11.97,0.18,0.13,3,3.771,0.454,1.712034,7926,3932,0,-
19:24:23.313,snap,default,com.tencent.mobileqq,discharging,1,36.1,44.2,100,95,1,11.97,0.18,0.13,2,3.783,0.366,1.384578,8418,4128,0,-
19:24:24.314,snap,default,com.tencent.mobileqq,discharging,1,36.1,43.4,100,95,1,11.61,0.15,0.1,2,3.77,0.472,1.77944,8418,4128,0,-
19:24:25.314,snap,default,com.tencent.mobileqq,discharging,1,36,44.6,100,95,1,11.61,0.15,0.1,3,3.778,0.366,1.382748,8281,3894,0,-
19:24:26.315,snap,default,com.tencent.mobileqq,discharging,1,36,43.8,100,95,1,11.32,0.12,0.08,2,3.771,0.48,1.8100799,8281,3894,0,-
19:24:27.315,snap,default,com.tencent.mobileqq,discharging,1,36,44.2,100,95,1,11.32,0.12,0.08,3,3.769,0.518,1.952342,8599,4188,0,-
19:24:28.315,snap,default,com.tencent.mobileqq,discharging,1,36,44.2,100,95,1,11.08,0.1,0.07,2,3.78,0.376,1.4212799,8599,4188,0,-
19:24:29.316,snap,default,com.tencent.mobileqq,discharging,1,36,44.2,100,95,1,11.08,0.1,0.07,2,3.763,0.532,2.001916,7952,3885,0,-
19:24:30.317,snap,default,com.tencent.mobileqq,discharging,1,36,44.9,100,95,1,10.88,0.08,0.05,4,3.76,0.548,2.0604799,7952,3885,0,-
19:24:31.318,snap,default,com.tencent.mobileqq,discharging,1,36,45.7,100,95,1,10.88,0.08,0.05,3,3.765,0.608,2.28912,12996,6165,0,-
19:24:32.319,snap,default,com.tencent.mobileqq,discharging,1,36,45.7,100,95,1,11.44,0.06,0.04,2,3.765,0.608,2.28912,12996,6165,0,-
19:24:33.318,snap,default,com.tencent.mobileqq,discharging,1,36,46.1,100,95,1,11.44,0.06,0.04,1,3.753,0.696,2.612088,14188,7858,0,-
19:24:34.319,snap,default,com.tencent.mobileqq,discharging,1,36,46.5,100,95,1,12.27,0.05,0.03,3,3.759,0.782,2.939538,14188,7858,0,-
19:24:35.320,snap,default,com.tencent.mobileqq,discharging,1,36,47.3,100,95,1,12.27,0.05,0.03,2,3.755,0.728,2.73364,14345,7614,0,-
19:24:36.321,snap,default,com.tencent.mobileqq,discharging,1,36,46.5,100,95,1,12.4,0.04,0.03,3,3.767,0.626,2.358142,14345,7614,0,-
19:24:37.321,snap,default,com.tencent.mobileqq,discharging,1,36,46.1,100,95,1,12.4,0.04,0.03,3,3.767,0.626,2.358142,12531,6642,0,-
19:24:38.321,snap,default,com.tencent.mobileqq,discharging,1,36,45.3,100,95,1,12.4,0.04,0.03,3,3.764,0.572,2.153008,12531,6642,0,-
19:24:39.322,snap,default,com.tencent.mobileqq,discharging,1,36,46.1,100,95,1,12.33,0.03,0.02,1,3.76,0.678,2.54928,12876,6847,0,-
19:24:40.323,snap,default,com.tencent.mobileqq,discharging,1,36,48.5,100,95,1,12.33,0.03,0.02,2,3.762,0.662,2.490444,12876,6847,0,-
19:24:41.323,snap,default,com.tencent.mobileqq,discharging,1,36,48.5,100,95,1,15.71,0.21,0.02,7,3.718,1.218,4.528524,31193,10919,0,-
19:24:42.643,snap,playback,tv.danmaku.bili,discharging,1,36,46.5,100,95,0,20.83,0.35,1.28,0,3.772,0.478,1.803016,31193,10919,0,-
19:24:43.644,snap,playback,tv.danmaku.bili,discharging,1,36,45.3,100,95,0,20.83,0.35,1.28,0,3.777,0.414,1.563678,6513,2270,0,-
19:24:44.645,snap,playback,tv.danmaku.bili,discharging,1,36,44.2,100,95,0,18.51,0.65,1.05,0,3.778,0.378,1.428084,6513,2270,0,-
19:24:45.645,snap,playback,tv.danmaku.bili,discharging,1,36,44.2,100,95,0,18.51,0.65,1.05,0,3.76,0.514,1.93264,7036,2992,0,-
19:24:46.645,snap,playback,tv.danmaku.bili,discharging,1,36,44.2,100,95,0,18.05,0.71,0.86,0,3.779,0.436,1.6476439,7036,2992,0,-
19:24:47.645,snap,playback,tv.danmaku.bili,discharging,1,36,44.2,100,95,0,18.05,0.71,0.86,0,3.779,0.436,1.6476439,8226,3585,0,-
19:24:48.647,snap,playback,tv.danmaku.bili,discharging,1,36,43.4,100,95,0,18.05,0.71,0.86,0,3.789,0.286,1.083654,8226,3585,0,-
19:24:49.648,snap,playback,tv.danmaku.bili,discharging,1,36,43,100,95,0,16.59,0.94,0.7,0,3.793,0.296,1.122728,5272,1966,0,-
19:24:50.649,snap,playback,tv.danmaku.bili,discharging,1,36,42.6,100,95,0,16.59,0.94,0.7,0,3.777,0.336,1.2690719,5272,1966,0,-
19:24:51.650,snap,playback,tv.danmaku.bili,discharging,1,36,42.6,100,95,0,15.76,1.13,0.57,0,3.794,0.25,0.9485,7520,2627,0,-
19:24:52.651,snap,playback,tv.danmaku.bili,discharging,1,36,42.6,100,95,0,15.76,1.13,0.57,0,3.78,0.334,1.26252,7520,2627,0,-
19:24:53.652,snap,playback,tv.danmaku.bili,discharging,1,36,42.6,100,95,0,14.71,1.29,0.47,0,3.789,0.226,0.856314,5432,1702,0,-
19:24:54.651,snap,playback,tv.danmaku.bili,discharging,1,36,42.6,100,95,0,14.04,1.06,0.38,0,3.777,0.346,1.306842,5432,1702,0,-
19:24:55.653,snap,playback,tv.danmaku.bili,discharging,1,36,43,100,95,0,14.04,1.06,0.38,0,3.786,0.274,1.037364,7761,2979,0,-
19:24:56.653,snap,playback,tv.danmaku.bili,discharging,1,36,42.6,100,95,0,14.03,1.04,0.31,0,3.778,0.356,1.3449681,7761,2979,0,-
19:24:57.653,snap,playback,tv.danmaku.bili,discharging,1,36,42.6,100,95,0,14.03,1.04,0.31,0,3.781,0.398,1.504838,4444,1240,0,-
19:24:58.653,snap,playback,tv.danmaku.bili,discharging,1,36,42.6,100,95,0,12.76,0.85,0.25,0,3.78,0.4,1.512,4444,1240,0,-
19:24:59.653,snap,playback,tv.danmaku.bili,discharging,1,36,43,100,95,0,12.76,0.85,0.25,0,3.776,0.396,1.495296,4986,1441,0,-
19:25:00.654,snap,playback,tv.danmaku.bili,discharging,1,36,43,100,95,0,14.79,0.7,0.21,0,3.774,0.436,1.645464,4986,1441,0,-
19:25:01.654,snap,playback,tv.danmaku.bili,discharging,1,36,43,100,95,0,14.79,0.7,0.21,0,3.794,0.25,0.9485,7985,2400,0,-
19:25:02.654,snap,playback,tv.danmaku.bili,discharging,1,36,42.6,100,95,0,16.46,0.57,0.17,0,3.77,0.362,1.3647399,7985,2400,0,-
19:25:03.655,snap,playback,tv.danmaku.bili,discharging,1,36,42.6,100,95,0,16.46,0.57,0.17,0,3.783,0.31,1.17273,5249,1760,0,-
19:25:05.730,snap,playback,tv.danmaku.bili,discharging,1,36,42.6,100,95,0,16.01,0.65,0.14,0,3.79,0.348,1.3189199,5249,1760,0,-
19:25:06.731,snap,playback,tv.danmaku.bili,discharging,1,36,42.6,100,95,0,16.01,0.65,0.14,0,3.788,0.142,0.53789604,9184,3432,0,-
19:25:07.732,snap,playback,tv.danmaku.bili,discharging,1,36,42.2,100,95,0,17.46,0.71,0.11,0,3.777,0.366,1.3823819,9184,3432,0,-
19:25:08.733,snap,playback,tv.danmaku.bili,discharging,1,36,42.2,100,95,0,17.46,0.71,0.11,0,3.787,0.296,1.120952,4993,1783,0,-
19:25:09.733,snap,playback,tv.danmaku.bili,discharging,1,35.9,41.8,100,95,0,15.75,0.76,0.09,0,3.789,0.248,0.939672,4993,1783,0,-
19:25:10.734,snap,playback,tv.danmaku.bili,discharging,1,35.9,42.2,100,95,0,15.75,0.76,0.09,0,3.787,0.284,1.075508,4223,1434,0,-
19:25:11.734,snap,playback,tv.danmaku.bili,discharging,1,35.9,41.8,100,95,0,14.7,0.99,0.07,0,3.781,0.358,1.353598,4223,1434,0,-
19:25:12.735,snap,playback,tv.danmaku.bili,discharging,1,35.9,41.8,100,95,0,14.7,0.99,0.07,0,3.79,0.254,0.96266,6688,2412,0,-
19:25:13.735,snap,playback,tv.danmaku.bili,discharging,1,35.9,41.8,100,95,0,13.85,1.17,0.06,0,3.799,0.192,0.729408,6688,2412,0,-
19:25:14.736,snap,playback,tv.danmaku.bili,discharging,1,35.9,41.8,100,95,0,13.85,1.17,0.06,0,3.797,0.188,0.71383595,3908,1083,0,-
19:25:15.737,snap,playback,tv.danmaku.bili,discharging,1,35.9,41.4,100,95,0,12.97,1.5,0.05,0,3.796,0.212,0.804752,3908,1083,0,-
19:25:16.738,snap,playback,tv.danmaku.bili,discharging,1,35.9,41.4,100,95,0,12.97,1.5,0.05,0,3.788,0.264,1.0000321,5389,1597,0,-
19:25:17.739,snap,playback,tv.danmaku.bili,discharging,1,35.9,41.4,100,95,0,12.43,1.41,0.04,0,3.787,0.252,0.954324,5389,1597,0,-
19:25:18.740,snap,playback,tv.danmaku.bili,discharging,1,35.9,41.4,100,95,0,12.43,1.41,0.04,0,3.789,0.236,0.894204,3834,1274,0,-
19:25:19.741,snap,playback,tv.danmaku.bili,discharging,1,35.9,41.4,100,95,0,11.63,1.33,0.03,0,3.793,0.228,0.86480397,3834,1274,0,-
19:25:20.742,snap,playback,tv.danmaku.bili,discharging,1,35.9,41.4,100,95,0,11.63,1.33,0.03,0,3.799,0.2,0.7598,3159,934,0,-
19:25:23.047,snap,playback,tv.danmaku.bili,discharging,1,35.9,41.4,100,95,0,11.15,1.09,0.02,0,3.795,0.21,0.79695,3159,934,0,-
19:25:24.047,snap,playback,tv.danmaku.bili,discharging,1,35.9,41,100,95,0,11.15,1.09,0.02,0,3.791,0.184,0.697544,10018,3916,0,-
19:25:25.048,snap,playback,tv.danmaku.bili,discharging,1,35.9,41,100,95,0,11.67,1.07,0.02,0,3.798,0.246,0.93430805,10018,3916,0,-
19:25:26.048,snap,playback,tv.danmaku.bili,discharging,1,35.9,41,100,95,0,11.67,1.07,0.02,0,3.79,0.258,0.9778199,3790,1159,0,-
19:25:27.049,snap,playback,tv.danmaku.bili,discharging,1,35.9,41,100,95,0,11.36,1.24,0.01,0,3.795,0.192,0.72864,3790,1159,0,-
19:25:28.050,snap,playback,tv.danmaku.bili,discharging,1,35.9,41,100,95,0,10.57,1.38,0.01,0,3.795,0.242,0.91839004,3296,959,0,-
19:25:37.337,snap,playback,tv.danmaku.bili,discharging,1,35.9,41,100,95,0,10.57,1.38,0.01,0,3.799,0.124,0.47107598,3296,959,0,-
19:25:38.338,snap,playback,tv.danmaku.bili,discharging,1,35.9,41,100,95,0,13,1.31,0.01,0,3.788,0.27,1.02276,10746,4508,0,-
19:25:39.338,snap,playback,tv.danmaku.bili,discharging,1,35.8,41,100,95,0,13,1.31,0.01,0,3.785,0.354,1.33989,10746,4508,0,-
19:25:40.339,snap,playback,tv.danmaku.bili,discharging,1,35.8,40.6,100,95,0,11.91,1.43,0,0,3.79,0.264,1.0005599,5748,1343,0,-
19:25:41.340,snap,playback,tv.danmaku.bili,discharging,1,35.8,40.6,100,95,0,11.91,1.43,0,0,3.797,0.226,0.858122,5748,1343,0,-
19:25:42.341,snap,playback,tv.danmaku.bili,discharging,1,35.8,40.6,100,95,0,11.2,1.53,0,0,3.789,0.246,0.93209404,3396,905,0,-
19:25:43.341,snap,playback,tv.danmaku.bili,discharging,1,35.8,40.6,100,95,0,11.2,1.53,0,0,3.79,0.262,0.99297994,3396,905,0,-
19:25:44.341,snap,playback,tv.danmaku.bili,discharging,1,35.8,40.6,100,95,0,10.99,1.62,0,0,3.795,0.254,0.9639301,6442,2062,0,-
19:25:45.342,snap,playback,tv.danmaku.bili,discharging,1,35.8,40.6,100,95,0,10.99,1.62,0,0,3.799,0.186,0.706614,6442,2062,0,-
19:25:46.342,snap,playback,tv.danmaku.bili,discharging,1,35.8,40.6,100,95,0,10.81,2.05,0,0,3.798,0.232,0.881136,3081,884,0,-
19:25:47.484,snap,playback,tv.danmaku.bili,discharging,1,35.8,40.6,100,95,0,10.81,2.05,0,0,3.794,0.226,0.857444,3081,884,0,-
19:25:52.699,snap,playback,tv.danmaku.bili,discharging,1,35.8,40.6,100,95,0,11.2,1.86,0,0,3.795,0.212,0.80454,7550,3558,0,-
19:25:53.699,snap,playback,tv.danmaku.bili,discharging,1,35.8,40.6,100,95,0,11.2,1.86,0,0,3.795,0.212,0.80454,7550,3558,0,-
19:25:54.700,snap,playback,tv.danmaku.bili,discharging,1,35.7,40.6,100,95,0,11.2,1.86,0,0,3.795,0.266,1.00947,8618,2576,0,-
19:25:55.700,snap,playback,tv.danmaku.bili,discharging,1,35.7,40.6,100,95,0,11.35,2.06,0,0,3.794,0.242,0.918148,8618,2576,0,-
19:25:56.701,snap,playback,tv.danmaku.bili,discharging,1,35.7,41,100,95,0,11.35,2.06,0,0,3.775,0.406,1.53265,6820,2175,0,-
19:25:57.701,snap,playback,tv.danmaku.bili,discharging,1,35.7,41.4,100,95,0,10.74,1.87,0,0,3.796,0.32,1.21472,6820,2175,0,-
19:26:04.206,snap,playback,tv.danmaku.bili,discharging,1,35.7,41,100,95,0,10.74,1.87,0,0,3.788,0.26,0.98488,6407,2464,0,-
19:26:16.675,snap,playback,tv.danmaku.bili,discharging,1,35.7,39.4,100,95,0,10.79,1.89,0,0,3.809,0.042,0.159978,6407,2464,0,-
19:26:21.626,snap,playback,tv.danmaku.bili,discharging,1,35.7,39.4,100,95,0,10.79,1.89,0,0,3.811,0.044,0.167684,17106,6352,0,-
19:26:26.197,snap,playback,tv.danmaku.bili,discharging,1,35.7,40.6,100,95,0,12.64,1.73,0,0,3.795,0.176,0.66792,17106,6352,0,-
19:26:27.199,snap,playback,tv.danmaku.bili,discharging,1,35.7,40.6,100,95,0,12.64,1.73,0,0,3.812,0.03,0.11436,17109,6154,0,-
19:26:34.107,snap,playback,tv.danmaku.bili,discharging,1,35.7,39.8,100,95,0,17.77,1.6,0.36,0,3.785,0.448,1.6956801,11661,5121,0,-
19:26:38.297,snap,playback,tv.danmaku.bili,discharging,1,35.6,39,100,95,0,17.99,1.31,0.29,0,3.804,0.088,0.334752,11661,5121,0,-
19:26:39.298,snap,playback,tv.danmaku.bili,discharging,1,35.6,39,100,95,0,17.99,1.31,0.29,0,3.812,0.084,0.320208,12213,4262,0,-
19:26:40.298,snap,playback,tv.danmaku.bili,discharging,1,35.6,39.4,100,95,0,17.63,1.43,0.24,0,3.785,0.322,1.21877,12213,4262,0,-
19:26:41.298,snap,playback,tv.danmaku.bili,discharging,1,35.6,39.4,100,95,0,17.63,1.43,0.24,0,3.779,0.3,1.1337,6594,2080,0,-
19:26:42.299,snap,playback,tv.danmaku.bili,discharging,1,35.6,39,100,95,0,16.07,1.35,0.19,0,3.794,0.214,0.811916,6594,2080,0,-
19:26:43.299,snap,playback,tv.danmaku.bili,discharging,1,35.6,39,100,95,0,16.07,1.35,0.19,0,3.8,0.218,0.82839996,3119,872,0,-
19:26:57.130,snap,playback,tv.danmaku.bili,discharging,1,35.6,39,100,95,0,14.6,1.11,0.16,0,3.812,0.082,0.312584,3119,872,0,-
19:26:58.131,snap,playback,tv.danmaku.bili,discharging,1,35.6,39.4,100,95,0,14.6,1.11,0.16,0,3.812,0.042,0.160104,14253,5171,0,-
19:26:59.132,snap,playback,tv.danmaku.bili,discharging,1,35.6,39.4,100,95,0,16.31,1.09,0.13,0,3.775,0.452,1.7063,14253,5171,0,-
19:27:00.131,snap,playback,tv.danmaku.bili,discharging,1,35.6,39.4,100,95,0,16.31,1.09,0.13,0,3.795,0.248,0.94116,6147,1921,0,-
19:27:01.133,snap,playback,tv.danmaku.bili,discharging,1,35.4,39.4,100,95,0,16.07,1.07,0.1,0,3.794,0.218,0.82709193,6147,1921,0,-
19:27:02.134,snap,playback,tv.danmaku.bili,discharging,1,35.4,39,100,95,0,16.07,1.07,0.1,0,3.802,0.222,0.844044,3718,1122,0,-
19:27:03.135,snap,playback,tv.danmaku.bili,discharging,1,35.4,39,100,95,0,14.42,0.87,0.08,0,3.795,0.214,0.81213003,3718,1122,0,-
19:27:04.135,snap,playback,tv.danmaku.bili,discharging,1,35.4,39,100,95,0,14.42,0.87,0.08,0,3.787,0.308,1.166396,8423,2757,0,-
19:27:05.137,snap,playback,tv.danmaku.bili,discharging,1,35.4,39.4,100,95,0,14.16,0.9,0.07,0,3.795,0.244,0.92598003,8423,2757,0,-
19:27:06.137,snap,playback,tv.danmaku.bili,discharging,1,35.4,39.4,100,95,0,14.16,0.9,0.07,0,3.797,0.206,0.782182,3139,737,0,-
19:27:07.137,snap,playback,tv.danmaku.bili,discharging,1,35.4,39,100,95,0,12.68,1.1,0.05,0,3.791,0.282,1.069062,3139,737,0,-
19:27:08.852,snap,playback,tv.danmaku.bili,discharging,1,35.4,39,100,95,0,12.2,1.26,0.04,0,3.808,0.128,0.48742405,7085,2462,0,-
19:27:09.852,snap,playback,tv.danmaku.bili,discharging,1,35.4,39,100,95,0,12.2,1.26,0.04,0,3.796,0.282,1.070472,7085,2462,0,-
19:27:10.854,snap,playback,tv.danmaku.bili,discharging,1,35.4,39.4,100,95,0,11.8,1.39,0.03,0,3.799,0.19,0.72181,4662,1177,0,-
19:27:11.854,snap,playback,tv.danmaku.bili,discharging,1,35.4,39,100,95,0,11.8,1.39,0.03,0,3.798,0.214,0.81277204,4662,1177,0,-
19:27:12.855,snap,playback,tv.danmaku.bili,discharging,1,35.4,39.4,100,95,0,10.93,1.68,0.03,0,3.798,0.214,0.81277204,3397,902,0,-
19:27:16.358,snap,playback,tv.danmaku.bili,discharging,1,35.4,39,100,95,0,10.93,1.68,0.03,0,3.793,0.25,0.94825,3397,902,0,-
19:27:21.265,snap,playback,tv.danmaku.bili,discharging,1,35.4,39,100,95,0,10.93,1.68,0.03,0,3.81,0.076,0.28956,3397,902,0,-
19:27:22.266,snap,playback,tv.danmaku.bili,discharging,1,35.4,39,100,95,0,11.3,1.92,0.02,0,3.809,0.062,0.236158,12648,4641,0,-
19:27:23.266,snap,playback,tv.danmaku.bili,discharging,1,35.4,39,100,95,0,11.3,1.92,0.02,0,3.794,0.254,0.96367604,12648,4641,0,-
19:27:24.267,snap,playback,tv.danmaku.bili,discharging,1,35.4,39,100,95,0,11.43,1.93,0.02,0,3.795,0.26,0.9867,3965,1292,0,-
19:27:25.267,snap,playback,tv.danmaku.bili,discharging,1,35.4,39,100,95,0,11.43,1.93,0.02,0,3.794,0.228,0.86503196,3965,1292,0,-
19:27:26.268,snap,playback,tv.danmaku.bili,discharging,1,35.4,39,100,95,0,10.81,1.95,0.01,0,3.791,0.262,0.99324197,4230,1258,0,-
19:27:27.268,snap,playback,tv.danmaku.bili,discharging,1,35.4,39,100,95,0,10.81,1.95,0.01,0,3.798,0.228,0.865944,4230,1258,0,-
19:27:28.269,snap,playback,tv.danmaku.bili,discharging,1,35.4,39,100,95,0,10.48,1.95,0.01,0,3.792,0.24,0.91008,4915,1290,0,-
19:27:29.269,snap,playback,tv.danmaku.bili,discharging,1,35.3,39,100,95,0,10.48,1.95,0.01,0,3.795,0.224,0.8500801,4915,1290,0,-
19:27:30.269,snap,playback,tv.danmaku.bili,discharging,1,35.3,39,100,95,0,10.03,1.96,0.01,0,3.787,0.254,0.961898,3582,948,0,-
19:27:34.570,snap,playback,tv.danmaku.bili,discharging,1,35.3,39,100,95,0,9.84,1.97,0,0,3.811,0.038,0.144818,3582,948,0,-
19:27:35.571,snap,playback,tv.danmaku.bili,discharging,1,35.3,39,100,95,0,9.84,1.97,0,0,3.794,0.282,1.069908,8123,2934,0,-
19:27:36.572,snap,playback,tv.danmaku.bili,discharging,1,35.3,39,100,95,0,10.05,2.15,0,0,3.796,0.218,0.827528,8123,2934,0,-
19:27:37.573,snap,playback,tv.danmaku.bili,discharging,1,35.3,39,100,95,0,10.05,2.15,0,0,3.796,0.272,1.0325121,3402,1076,0,-
19:27:38.573,snap,playback,tv.danmaku.bili,discharging,1,35.3,39,100,95,0,9.5,2.13,0,0,3.798,0.202,0.76719606,3402,1076,0,-
19:27:39.574,snap,playback,tv.danmaku.bili,discharging,1,35.3,39.4,100,95,0,9.5,2.13,0,0,3.798,0.26,0.98748,3542,848,0,-
19:27:40.574,snap,playback,tv.danmaku.bili,discharging,1,35.3,39.8,100,95,0,9.22,2.1,0,0,3.799,0.292,1.109308,3542,848,0,-
19:27:41.637,snap,playback,tv.danmaku.bili,discharging,1,35.3,40.2,100,95,0,9.22,2.1,0,0,3.799,0.292,1.109308,10493,3701,0,-
19:27:42.658,snap,playback,tv.danmaku.bili,discharging,1,35.3,43.2,100,95,0,9.22,2.1,0,16,3.705,1.2,4.446,10493,3701,0,-
19:27:43.657,snap,playback,tv.danmaku.bili,discharging,1,35.3,46.2,100,95,0,19.33,1.9,1.09,51,3.705,1.468,5.43894,37443,17859,0,-
19:27:44.657,snap,playback,tv.danmaku.bili,discharging,1,35.3,49.2,100,95,0,19.33,1.9,1.09,20,3.697,1.454,5.375438,37443,17859,0,-
19:27:45.658,snap,default,com.tencent.mobileqq,discharging,1,35.3,52.1,100,95,1,29.59,1.74,1.25,9,3.665,1.73,6.34045,33788,12143,0,-
19:27:46.659,snap,default,com.tencent.mobileqq,discharging,1,35.3,49.3,100,95,1,29.59,1.74,1.25,12,3.758,0.744,2.795952,33788,12143,0,-
19:27:47.661,snap,default,com.tencent.mobileqq,discharging,1,35.3,46.3,100,95,1,28.4,1.6,1.02,5,3.765,0.55,2.07075,11427,5765,0,-
19:27:48.661,snap,default,com.tencent.mobileqq,discharging,1,35.3,44.9,100,95,1,28.4,1.6,1.02,6,3.76,0.57,2.1432,11427,5765,0,-
19:27:49.661,snap,default,com.tencent.mobileqq,discharging,1,35.3,44.6,100,95,1,25.06,1.31,0.84,6,3.753,0.666,2.4994981,11627,6341,0,-
19:27:50.661,snap,default,com.tencent.mobileqq,discharging,1,35.3,44.2,100,95,1,22.7,1.07,0.68,6,3.769,0.568,2.1407921,11627,6341,0,-
19:27:51.662,snap,default,com.tencent.mobileqq,discharging,1,35.3,43.8,100,95,1,22.7,1.07,0.68,5,3.776,0.458,1.729408,10389,5590,0,-
19:27:52.663,snap,default,com.tencent.mobileqq,discharging,1,35.3,43,100,95,1,20.58,0.88,0.56,5,3.766,0.478,1.800148,10389,5590,0,-
19:27:53.663,snap,default,com.tencent.mobileqq,discharging,1,35.3,43,100,95,1,20.58,0.88,0.56,4,3.779,0.462,1.745898,9450,4801,0,-
19:27:54.663,snap,default,com.tencent.mobileqq,discharging,1,35.3,42.6,100,95,1,18.48,0.72,0.46,2,3.782,0.38,1.43716,9450,4801,0,-
19:27:55.664,snap,default,com.tencent.mobileqq,discharging,1,35.3,42.6,100,95,1,18.48,0.72,0.46,3,3.777,0.478,1.805406,7394,3580,0,-
19:27:56.664,snap,default,com.tencent.mobileqq,discharging,1,35.3,42.6,100,95,1,16.76,0.59,0.37,4,3.772,0.544,2.051968,7394,3580,0,-
19:27:57.665,snap,default,com.tencent.mobileqq,discharging,1,35.3,42.6,100,95,1,16.76,0.59,0.37,4,3.772,0.492,1.8558241,9078,4412,0,-
19:27:58.684,snap,default,com.tencent.mobileqq,discharging,1,35.3,43,100,95,1,15.35,0.48,0.3,3,3.774,0.566,2.1360838,9078,4412,0,-
19:27:59.683,snap,default,com.tencent.mobileqq,discharging,1,35.3,46,100,95,1,15.35,0.48,0.3,14,3.72,1.438,5.34936,24438,11490,0,-
19:28:00.684,snap,default,com.tencent.mobileqq,discharging,1,35.3,47.3,100,95,1,20.36,0.75,0.25,14,3.753,0.762,2.859786,24438,11490,0,-
19:28:02.502,snap,playback,tv.danmaku.bili,discharging,1,35.3,44.6,100,95,0,19.03,0.62,0.2,5,3.762,0.578,2.174436,13230,6905,0,-
19:28:03.503,snap,playback,tv.danmaku.bili,discharging,1,35.3,43.4,100,95,0,19.03,0.62,0.2,0,3.778,0.426,1.609428,8879,3909,0,-
19:28:04.505,snap,playback,tv.danmaku.bili,discharging,1,35.3,42.6,100,95,0,17.39,0.5,0.16,0,3.775,0.406,1.53265,8879,3909,0,-
19:28:05.505,snap,playback,tv.danmaku.bili,discharging,1,35.3,42.2,100,95,0,17.39,0.5,0.16,0,3.775,0.406,1.53265,6676,2713,0,-
19:28:06.505,snap,playback,tv.danmaku.bili,discharging,1,35.3,42.2,100,95,0,17.39,0.5,0.16,0,3.773,0.364,1.373372,6676,2713,0,-
19:28:07.505,snap,playback,tv.danmaku.bili,discharging,1,35.3,42.2,100,95,0,16.05,0.41,0.13,0,3.766,0.464,1.747424,6893,2712,0,-
19:28:08.505,snap,playback,tv.danmaku.bili,discharging,1,35.3,41.4,100,95,0,16.05,0.41,0.13,0,3.778,0.342,1.2920761,6893,2712,0,-
19:28:09.506,snap,playback,tv.danmaku.bili,discharging,1,35.3,41.4,100,95,0,14.77,0.33,0.11,0,3.775,0.392,1.4798,6792,2984,0,-
19:28:10.506,snap,playback,tv.danmaku.bili,discharging,1,35.3,41.4,100,95,0,14.77,0.33,0.11,0,3.781,0.316,1.194796,6792,2984,0,-
19:28:11.506,snap,playback,tv.danmaku.bili,discharging,1,35.3,41.4,100,95,0,14.27,0.27,0.09,0,3.765,0.506,1.90509,7135,2293,0,-
19:28:12.506,snap,playback,tv.danmaku.bili,discharging,1,35.3,41.4,100,95,0,14.27,0.27,0.09,0,3.778,0.352,1.329856,7135,2293,0,-
19:28:13.506,snap,playback,tv.danmaku.bili,discharging,1,35.3,41.4,100,95,0,13.13,0.22,0.07,0,3.776,0.398,1.502848,5800,1800,0,-
19:28:14.507,snap,playback,tv.danmaku.bili,discharging,1,35.3,41.4,100,95,0,13.13,0.22,0.07,0,3.771,0.398,1.500858,5800,1800,0,-
19:28:15.507,snap,playback,tv.danmaku.bili,discharging,1,35.3,41.4,100,95,0,12.02,0.18,0.06,0,3.776,0.396,1.495296,7058,2366,0,-
19:28:16.507,snap,playback,tv.danmaku.bili,discharging,1,35.3,41,100,95,0,12.02,0.18,0.06,0,3.781,0.316,1.194796,7058,2366,0,-
19:28:17.507,snap,playback,tv.danmaku.bili,discharging,1,35.3,41,100,95,0,11.65,0.15,0.05,0,3.769,0.404,1.5226761,7058,2366,0,-
19:28:18.507,snap,playback,tv.danmaku.bili,discharging,1,35.3,41,100,95,0,11.65,0.15,0.05,0,3.78,0.334,1.26252,5236,1927,0,-
19:28:19.507,snap,playback,tv.danmaku.bili,discharging,1,35.3,41,100,95,0,10.99,0.12,0.04,0,3.776,0.45,1.6991999,5236,1927,0,-
19:28:20.507,snap,playback,tv.danmaku.bili,discharging,1,35.3,41.4,100,95,0,11.17,0.1,0.03,0,3.777,0.37,1.39749,6453,2545,0,-
19:28:21.508,snap,playback,tv.danmaku.bili,discharging,1,35.3,41.4,100,95,0,11.17,0.1,0.03,0,3.781,0.446,1.686326,6453,2545,0,-
19:28:22.508,snap,playback,tv.danmaku.bili,discharging,1,35.3,41.4,100,95,0,10.78,0.08,0.02,0,3.777,0.376,1.420152,8991,3340,0,-
19:28:23.508,snap,playback,tv.danmaku.bili,discharging,1,35.3,41.4,100,95,0,10.78,0.08,0.02,0,3.773,0.464,1.750672,8991,3340,0,-
19:28:24.509,snap,playback,tv.danmaku.bili,discharging,1,35.3,41.4,100,95,0,11.36,0.06,0.02,0,3.776,0.474,1.789824,8488,3238,0,-
19:28:25.509,snap,playback,tv.danmaku.bili,discharging,1,35.3,41,100,95,0,11.36,0.06,0.02,0,3.778,0.422,1.594316,8488,3238,0,-
19:28:26.509,snap,playback,tv.danmaku.bili,discharging,1,35.3,41,100,95,0,11.29,0.05,0.01,0,3.774,0.432,1.630368,9567,3559,0,-
19:28:27.510,snap,playback,tv.danmaku.bili,discharging,1,35.3,41,100,95,0,11.29,0.05,0.01,0,3.776,0.43,1.62368,9567,3559,0,-
19:28:28.511,snap,playback,tv.danmaku.bili,discharging,1,35.3,41,100,95,0,10.88,0.04,0.01,0,3.777,0.404,1.525908,5839,2207,0,-
19:28:29.511,snap,playback,tv.danmaku.bili,discharging,1,35.3,40.6,100,95,0,10.88,0.04,0.01,0,3.785,0.388,1.4685801,5839,2207,0,-
19:28:30.511,snap,playback,tv.danmaku.bili,discharging,1,35.3,40.6,100,95,0,10.72,0.03,0.01,0,3.776,0.4,1.5104,5801,2104,0,-
19:28:31.512,snap,playback,tv.danmaku.bili,discharging,1,35.3,40.6,100,95,0,10.72,0.03,0.01,0,3.79,0.318,1.20522,5801,2104,0,-
19:28:32.512,snap,playback,tv.danmaku.bili,discharging,1,35.3,40.6,100,95,0,10.22,0.02,0,0,3.79,0.318,1.20522,6916,2336,0,-
19:28:33.512,snap,playback,tv.danmaku.bili,discharging,1,35.3,40.6,100,95,0,10.22,0.02,0,0,3.782,0.37,1.39934,6916,2336,0,-
19:28:34.513,snap,playback,tv.danmaku.bili,discharging,1,35.3,40.6,100,95,0,10.22,0.02,0,0,3.788,0.31,1.17428,4819,1580,0,-
19:28:35.514,snap,playback,tv.danmaku.bili,discharging,1,35.3,40.6,100,95,0,9.64,0.02,0,0,3.778,0.366,1.382748,4819,1580,0,-
19:28:36.514,snap,playback,tv.danmaku.bili,discharging,1,35.3,40.6,100,95,0,9.64,0.02,0,0,3.791,0.274,1.038734,6578,2503,0,-
19:28:37.514,snap,playback,tv.danmaku.bili,discharging,1,35.3,40.6,100,95,0,9.7,0.01,0,0,3.775,0.414,1.56285,6578,2503,0,-
19:28:38.514,snap,playback,tv.danmaku.bili,discharging,1,35.3,40.6,100,95,0,9.7,0.01,0,0,3.785,0.23,0.87055004,3824,1324,0,-
19:28:39.515,snap,playback,tv.danmaku.bili,discharging,1,35.3,40.2,100,95,0,9.21,0.01,0,0,3.766,0.348,1.310568,3824,1324,0,-
19:28:40.515,snap,playback,tv.danmaku.bili,discharging,1,35.3,40.6,100,95,0,9.21,0.01,0,0,3.78,0.344,1.30032,4675,1517,0,-
19:28:41.516,snap,playback,tv.danmaku.bili,discharging,1,35.3,40.6,100,95,0,8.81,0.01,0,0,3.775,0.34,1.2835001,4675,1517,0,-
19:28:42.516,snap,playback,tv.danmaku.bili,discharging,1,35.3,40.6,100,95,0,8.81,0.01,0,4,3.78,0.308,1.16424,3921,1334,0,-
19:28:43.517,snap,playback,tv.danmaku.bili,discharging,1,35.3,40.2,100,95,0,8.48,0.01,0,0,3.781,0.34,1.28554,3921,1334,0,-
19:28:44.520,snap,playback,tv.danmaku.bili,discharging,1,35.3,40.2,100,95,0,8.48,0.01,0,0,3.783,0.334,1.2635219,3821,1253,0,-
19:28:45.565,snap,playback,tv.danmaku.bili,discharging,1,35.3,40.2,100,95,0,8.21,0,0,0,3.698,1.042,3.853316,3821,1253,0,-
19:28:46.566,snap,playback,tv.danmaku.bili,discharging,1,35.3,40.2,100,95,0,14.33,0.36,0.36,49,3.647,1.776,6.4770722,24467,11370,0,-
19:28:47.566,snap,playback,tv.danmaku.bili,discharging,1,35.3,40.2,100,95,0,14.33,0.36,0.36,54,3.666,1.862,6.826092,24467,11370,0,-
19:28:48.566,snap,default,com.android.settings,discharging,1,35.3,40.2,100,95,1,18.26,1.75,2.1,0,3.688,1.426,5.259088,34931,9761,0,-
19:28:49.566,snap,default,com.android.settings,discharging,1,35.3,40.2,100,95,1,18.26,1.75,2.1,11,3.736,0.97,3.6239202,34931,9761,0,-
19:28:50.566,snap,default,com.android.settings,discharging,1,35.3,40.2,100,95,1,19.48,1.97,2.63,11,3.683,1.39,5.11937,27824,12827,0,-
19:28:51.632,snap,default,com.android.settings,discharging,1,35.3,40.2,100,95,1,19.48,1.97,2.63,0,3.728,1.188,4.428864,27824,12827,0,-
19:28:52.629,snap,default,com.android.settings,discharging,1,35.3,43.2,100,95,1,20.12,1.98,3.24,0,3.673,1.464,5.377272,27417,8926,0,-
19:28:53.630,snap,default,com.android.settings,discharging,1,35.3,46.2,100,95,1,20.12,1.98,3.24,15,3.704,0.996,3.689184,27417,8926,0,-
19:28:54.631,snap,default,com.android.settings,discharging,1,35.3,49.2,100,95,1,20.82,1.8,2.65,13,3.709,1.174,4.3543663,26789,14718,0,-
19:28:55.631,snap,default,com.android.settings,discharging,1,35.3,52.2,100,95,1,20.82,1.8,2.65,13,3.74,0.824,3.08176,26789,14718,0,-
19:28:56.634,snap,playback,tv.danmaku.bili,discharging,1,35.3,55.2,100,95,0,18.68,1.83,2.89,11,3.652,1.552,5.667904,18880,6837,0,-
19:28:57.635,snap,playback,tv.danmaku.bili,discharging,1,35.3,58.2,100,95,0,18.68,1.83,2.89,0,3.643,2.066,7.5264378,18880,6837,0,-
19:28:58.635,snap,playback,tv.danmaku.bili,discharging,1,35.3,61.1,100,95,0,24.17,1.68,3.46,16,3.724,1.138,4.237912,31649,12321,0,-
19:28:59.635,snap,default,com.coolapk.market,discharging,1,35.3,64.1,100,95,1,24.17,1.68,3.46,8,3.728,1.062,3.959136,31649,12321,0,-
19:29:00.635,snap,default,com.coolapk.market,discharging,1,35.3,61.1,100,95,1,26.49,1.74,3.55,0,3.633,2.274,8.261441,33522,17360,0,-
19:29:01.635,snap,default,com.coolapk.market,discharging,1,35.3,61.1,100,95,1,26.49,1.74,3.55,22,3.633,2.274,8.261441,33522,17360,0,-
19:29:02.635,snap,default,com.coolapk.market,discharging,1,35.3,58.8,100,95,1,26.49,1.74,3.55,22,3.695,1.36,5.0252,28189,13587,0,-
19:29:03.636,snap,default,com.coolapk.market,discharging,1,35.3,58,100,95,1,26.04,1.79,3.45,12,3.68,1.528,5.62304,28189,13587,0,-
19:29:04.636,snap,default,com.coolapk.market,discharging,1,35.4,56,100,95,1,26.04,1.79,3.45,0,3.707,0.952,3.5290642,26986,12472,0,-
19:29:05.636,snap,default,com.coolapk.market,discharging,1,35.4,54.8,100,95,1,23.86,2,3.19,6,3.675,1.404,5.1597,26986,12472,0,-
19:29:06.637,snap,default,com.coolapk.market,discharging,1,35.4,56,100,95,1,23.86,2,3.19,6,3.741,0.936,3.501576,26569,12558,0,-
19:29:07.637,snap,default,com.coolapk.market,discharging,1,35.4,54.8,100,95,1,22.8,2.18,2.79,38,3.696,1.11,4.10256,26569,12558,0,-
19:29:08.640,snap,default,com.coolapk.market,discharging,1,35.4,57.6,100,95,1,22.8,2.18,2.79,0,3.711,1.034,3.8371742,26569,12558,0,-
19:29:09.639,snap,default,com.coolapk.market,discharging,1,35.4,54.8,100,95,1,22.65,1.79,2.28,35,3.705,1.028,3.80874,24188,14962,0,-
19:29:10.638,snap,default,com.coolapk.market,discharging,1,35.4,51.8,100,95,1,22.65,1.79,2.28,0,3.769,0.456,1.718664,24188,14962,0,-
19:29:11.638,snap,default,com.coolapk.market,discharging,1,35.4,49.7,100,95,1,21.08,1.46,1.87,31,3.746,0.58,2.17268,12193,5177,0,-
19:29:12.640,snap,default,com.coolapk.market,discharging,1,35.4,52.7,100,95,1,21.08,1.46,1.87,13,3.664,1.48,5.42272,12193,5177,0,-
19:29:13.640,snap,default,com.coolapk.market,discharging,1,35.4,55.7,100,95,1,23.6,1.38,2.44,13,3.729,1.636,6.100644,31863,15635,0,-
19:29:14.641,snap,default,com.coolapk.market,discharging,1,35.4,56.4,100,95,1,23.6,1.38,2.44,21,3.703,1.244,4.606532,31863,15635,0,-
19:29:15.640,snap,default,com.coolapk.market,discharging,1,35.4,56.4,100,95,1,22.04,1.13,2.36,13,3.71,1.194,4.42974,21572,12355,0,-
19:29:16.641,snap,default,com.coolapk.market,discharging,1,35.4,53.4,100,95,1,22.04,1.13,2.36,13,3.729,1.112,4.146648,21572,12355,0,-
19:29:17.642,snap,default,com.coolapk.market,discharging,1,35.4,51.7,100,95,1,21.49,1.1,2.29,32,3.751,0.95,3.5634499,14707,7465,0,-
19:29:18.641,snap,default,com.coolapk.market,discharging,1,35.4,51.7,100,95,1,19.77,0.9,1.87,0,3.75,0.81,3.0375,14707,7465,0,-
19:29:19.641,snap,default,com.coolapk.market,discharging,1,35.5,51.7,100,95,1,19.77,0.9,1.87,28,3.702,1.034,3.827868,14492,7852,0,-
19:29:20.642,snap,default,com.coolapk.market,discharging,1,35.5,51.7,100,95,1,18.72,0.74,1.53,39,3.718,1.056,3.926208,14492,7852,0,-
19:29:21.643,snap,default,com.coolapk.market,discharging,1,35.5,50.1,100,95,1,18.72,0.74,1.53,24,3.736,0.784,2.929024,13984,6963,0,-
19:29:22.652,snap,default,com.coolapk.market,discharging,1,35.5,48.5,100,95,1,17.32,0.6,1.25,24,3.765,0.522,1.9653301,13984,6963,0,-
19:29:23.648,snap,default,com.coolapk.market,discharging,1,35.5,48.1,100,95,1,17.32,0.6,1.25,24,3.77,0.506,1.90762,8316,3769,0,-
19:29:24.649,snap,default,com.coolapk.market,discharging,1,35.5,46.1,100,95,1,15.81,0.49,1.03,0,3.777,0.346,1.306842,8316,3769,0,-
19:29:25.650,snap,default,com.coolapk.market,discharging,1,35.5,45.7,100,95,1,15.81,0.49,1.03,0,3.771,0.448,1.6894081,6567,2550,0,-
19:29:26.651,snap,default,com.coolapk.market,discharging,1,35.5,45.3,100,95,1,14.76,0.4,0.84,0,3.772,0.34,1.28248,6567,2550,0,-
19:29:27.653,snap,default,com.coolapk.market,discharging,1,35.5,44.9,100,95,1,14.76,0.4,0.84,0,3.763,0.4,1.5052,5408,2145,0,-
19:29:28.653,snap,default,com.coolapk.market,discharging,1,35.5,44.6,100,95,1,13.53,0.33,0.69,0,3.781,0.26,0.98305994,5408,2145,0,-
19:29:29.654,snap,default,com.coolapk.market,discharging,1,35.5,44.6,100,95,1,13.53,0.33,0.69,15,3.771,0.396,1.4933159,6260,2195,0,-
19:29:30.654,snap,default,com.coolapk.market,discharging,1,35.5,44.6,100,95,1,12.53,0.27,0.56,0,3.778,0.302,1.1409559,6260,2195,0,-
19:29:31.655,snap,default,com.coolapk.market,discharging,1,35.5,44.2,100,95,1,12.53,0.27,0.56,0,3.782,0.246,0.93037206,4731,1870,0,-
19:29:32.656,snap,default,com.coolapk.market,discharging,1,35.5,43.8,100,95,1,11.53,0.22,0.46,0,3.782,0.246,0.93037206,4731,1870,0,-
19:29:33.656,snap,default,com.coolapk.market,discharging,1,35.5,43.8,100,95,1,11.53,0.22,0.46,0,3.785,0.252,0.95382005,4731,1870,0,-
19:29:34.656,snap,default,com.coolapk.market,discharging,1,35.5,43.4,100,95,1,11.53,0.22,0.46,0,3.787,0.264,0.99976796,4984,1758,0,-
19:29:35.664,snap,default,com.coolapk.market,discharging,1,35.5,43.4,100,95,1,11.97,0.18,0.37,0,3.766,0.436,1.641976,4984,1758,0,-
19:29:36.662,snap,default,com.coolapk.market,discharging,1,35.5,43.4,100,95,1,11.97,0.18,0.37,0,3.737,0.638,2.384206,12656,4562,0,-
19:29:37.662,snap,default,com.coolapk.market,discharging,1,35.5,43.4,100,95,1,15.6,0.33,1.21,0,3.696,1.414,5.2261443,12656,4562,0,-
19:29:38.672,snap,default,com.coolapk.market,discharging,1,35.5,46.4,100,95,1,15.6,0.33,1.21,14,3.719,1.952,7.259488,30303,8164,0,-
19:29:39.665,snap,default,com.coolapk.market,discharging,1,35.5,49.4,100,95,1,19.3,0.63,2.62,0,3.731,0.492,1.835652,30303,8164,0,-
19:29:40.664,snap,default,com.coolapk.market,discharging,1,35.6,49.4,100,95,1,19.3,0.63,2.62,46,3.617,1.888,6.828896,19789,9488,0,-
19:29:41.665,snap,default,com.coolapk.market,discharging,1,35.6,49.4,100,95,1,21.78,0.7,3.96,75,3.545,3.382,11.98919,19789,9488,0,-
19:29:42.665,snap,default,com.coolapk.market,discharging,1,35.6,49.4,100,95,1,21.78,0.7,3.96,78,3.534,3.324,11.747015,31547,17831,0,-
19:29:43.691,snap,default,com.coolapk.market,discharging,1,35.6,49.4,100,95,1,24.54,0.75,4.69,75,3.551,2.868,10.184268,31547,17831,0,-
19:29:44.693,snap,default,com.coolapk.market,discharging,1,35.6,49.4,100,95,1,24.54,0.75,4.69,72,3.599,2.47,8.88953,29545,16678,0,-
19:29:45.694,snap,default,com.coolapk.market,discharging,1,35.6,52.4,100,95,1,26.79,0.61,3.84,72,3.696,0.96,3.54816,29545,16678,0,-
19:29:46.695,snap,default,com.coolapk.market,discharging,1,35.6,55.4,100,95,1,26.79,0.61,3.84,41,3.692,0.984,3.6329281,17560,8413,0,-
19:29:47.697,snap,default,com.coolapk.market,discharging,1,35.6,56.8,100,95,1,24.66,0.5,3.14,23,3.749,0.626,2.346874,17560,8413,0,-
19:29:48.695,snap,default,com.coolapk.market,discharging,1,35.6,56,100,95,1,22.91,0.41,2.57,17,3.738,0.774,2.8932118,13330,7590,0,-
19:29:49.695,snap,default,com.coolapk.market,discharging,1,35.6,56.8,100,95,1,22.91,0.41,2.57,33,3.712,1.006,3.734272,13330,7590,0,-
19:29:50.697,snap,default,com.coolapk.market,discharging,1,35.6,54.4,100,95,1,21.47,0.33,2.1,33,3.755,0.68,2.5534,14231,7837,0,-
19:29:51.700,snap,default,com.coolapk.market,discharging,1,35.7,54,100,95,1,21.47,0.33,2.1,0,3.759,0.762,2.8643582,14231,7837,0,-
19:29:52.700,snap,default,com.coolapk.market,discharging,1,35.7,51,100,95,1,20.12,0.27,1.72,0,3.735,0.56,2.0916,10627,5612,0,-
19:29:53.701,snap,default,com.coolapk.market,discharging,1,35.7,48.1,100,95,1,20.12,0.27,1.72,0,3.771,0.348,1.312308,10627,5612,0,-
19:29:54.702,snap,default,com.coolapk.market,discharging,1,35.7,48.1,100,95,1,18.46,0.22,1.41,24,3.76,0.51,1.9175999,8578,4191,0,-
19:29:55.702,snap,default,com.coolapk.market,discharging,1,35.7,48.1,100,95,1,18.46,0.22,1.41,22,3.768,0.586,2.208048,8578,4191,0,-
19:29:56.702,snap,default,com.coolapk.market,discharging,1,35.7,48.5,100,95,1,17.47,0.18,1.15,22,3.735,0.81,3.0253499,12398,7085,0,-
19:29:57.703,snap,default,com.coolapk.market,discharging,1,35.7,49.7,100,95,1,17.47,0.18,1.15,25,3.764,0.624,2.348736,12398,7085,0,-
19:29:58.703,snap,default,com.coolapk.market,discharging,1,35.7,49.7,100,95,1,17.75,0.15,0.94,36,3.662,1.574,5.763988,20634,12493,0,-
19:29:59.704,snap,default,com.coolapk.market,discharging,1,35.7,50.5,100,95,1,17.75,0.15,0.94,74,3.664,2.004,7.3426557,20634,12493,0,-
19:30:00.703,snap,default,com.coolapk.market,discharging,1,35.7,53.5,100,95,1,18.34,0.3,0.77,23,3.679,1.018,3.7452219,20634,12493,0,-
19:30:01.705,snap,default,com.coolapk.market,discharging,1,35.7,53.6,100,95,1,18.34,0.3,0.77,25,3.737,0.704,2.630848,21806,11154,0,-
19:30:02.705,snap,default,com.coolapk.market,discharging,1,35.8,50.9,100,95,1,17.37,0.24,0.63,25,3.737,0.704,2.630848,21806,11154,0,-
19:30:03.706,snap,default,com.coolapk.market,discharging,1,35.8,50.5,100,95,1,17.37,0.24,0.63,25,3.731,0.522,1.947582,10235,5228,0,-
19:30:04.706,snap,default,com.coolapk.market,discharging,1,35.8,48.9,100,95,1,17.37,0.24,0.63,26,3.752,0.652,2.446304,10235,5228,0,-
19:30:05.707,snap,default,com.coolapk.market,discharging,1,35.8,48.9,100,95,1,17.3,0.2,0.52,26,3.755,0.532,1.99766,11976,5826,0,-
19:30:06.707,snap,default,com.coolapk.market,discharging,1,35.8,48.9,100,95,1,17.3,0.2,0.52,19,3.729,0.844,3.147276,11976,5826,0,-
19:30:07.708,snap,default,com.coolapk.market,discharging,1,35.8,48.9,100,95,1,18.7,0.16,0.42,23,3.748,0.664,2.4886718,13015,6258,0,-
19:30:08.707,snap,default,com.coolapk.market,discharging,1,35.8,48.9,100,95,1,18.7,0.16,0.42,23,3.758,0.82,3.08156,13015,6258,0,-
19:30:09.708,snap,default,com.coolapk.market,discharging,1,35.8,48.9,100,95,1,17.66,0.13,0.34,27,3.737,0.896,3.3483522,14179,6830,0,-
19:30:10.709,snap,default,com.coolapk.market,discharging,1,35.8,49.3,100,95,1,17.66,0.13,0.34,27,3.753,0.796,2.9873881,14179,6830,0,-
19:30:11.709,snap,default,com.coolapk.market,discharging,1,35.8,49.3,100,95,1,16.45,0.11,0.28,29,3.734,0.724,2.7034159,13529,6834,0,-
19:30:12.710,snap,default,com.coolapk.market,discharging,1,35.8,49.3,100,95,1,16.45,0.11,0.28,28,3.74,0.81,3.0294,13529,6834,0,-
19:30:13.711,snap,default,com.coolapk.market,discharging,1,35.8,49.7,100,95,1,16.01,0.09,0.23,28,3.762,0.784,2.949408,13411,7699,0,-
19:30:14.711,snap,default,com.coolapk.market,discharging,1,35.8,49.3,100,95,1,16.01,0.09,0.23,35,3.751,0.73,2.73823,13411,7699,0,-
19:30:15.712,snap,default,com.coolapk.market,discharging,1,35.8,48.5,100,95,1,15.28,0.07,0.19,30,3.743,0.63,2.35809,11802,5763,0,-
19:30:16.713,snap,default,com.coolapk.market,discharging,1,35.8,48.5,100,95,1,15.28,0.07,0.19,0,3.771,0.406,1.5310259,11802,5763,0,-
19:30:17.713,snap,default,com.coolapk.market,discharging,1,35.9,48.5,100,95,1,13.96,0.06,0.15,0,3.728,0.732,2.728896,10876,4343,0,-
19:30:18.714,snap,default,com.coolapk.market,discharging,1,35.9,50.1,100,95,1,13.96,0.06,0.15,27,3.735,0.886,3.3092098,10876,4343,0,-
19:30:19.714,snap,default,com.coolapk.market,discharging,1,35.9,50.5,100,95,1,13.24,0.04,0.12,25,3.749,0.88,3.29912,13193,5486,0,-
19:30:20.714,snap,default,com.coolapk.market,discharging,1,35.9,50.5,100,95,1,12.65,0.04,0.1,24,3.724,0.934,3.478216,13193,5486,0,-
19:30:21.714,snap,default,com.coolapk.market,discharging,1,35.9,50.5,100,95,1,12.65,0.04,0.1,0,3.728,0.846,3.153888,14110,7393,0,-
19:30:22.715,snap,default,com.coolapk.market,discharging,1,35.9,50.5,100,95,1,12.53,0.03,0.08,32,3.746,0.842,3.1541321,14110,7393,0,-
19:30:23.715,snap,default,com.coolapk.market,discharging,1,35.9,48.5,100,95,1,12.53,0.03,0.08,26,3.747,0.662,2.480514,10848,5720,0,-
19:30:24.715,snap,default,com.coolapk.market,discharging,1,35.9,48.1,100,95,1,12.44,0.02,0.06,24,3.721,0.826,3.073546,10848,5720,0,-
19:30:25.715,snap,default,com.coolapk.market,discharging,1,35.9,48.5,100,95,1,12.44,0.02,0.06,24,3.746,0.718,2.6896281,12794,6982,0,-
19:30:26.716,snap,default,com.coolapk.market,discharging,1,35.9,48.5,100,95,1,14.53,0.2,0.05,25,3.682,1.498,5.515636,12794,6982,0,-
19:30:27.716,snap,default,com.coolapk.market,discharging,1,36.1,48.5,100,95,1,14.53,0.2,0.05,23,3.597,2.406,8.654382,12794,6982,0,-
19:30:28.716,snap,default,com.coolapk.market,discharging,1,36.1,48.5,100,95,1,22.22,1.43,2.94,16,3.574,2.956,10.564744,40431,15033,0,-
19:30:29.719,snap,default,com.coolapk.market,discharging,1,36.1,48.5,100,95,1,22.22,1.43,2.94,29,3.6,2.214,7.9704,40431,15033,0,-
19:30:30.720,snap,default,com.coolapk.market,discharging,1,36.1,48.5,100,95,1,22,1.35,4.22,30,3.659,1.73,6.33007,28833,11839,0,-
19:30:31.729,snap,default,com.coolapk.market,discharging,1,36.1,48.5,100,95,1,22,1.35,4.22,38,3.712,1.172,4.350464,28833,11839,0,-
19:30:32.729,snap,default,com.coolapk.market,discharging,1,36.1,51.5,100,95,1,22.18,1.1,3.63,38,3.724,1.15,4.2826,22538,12192,0,-
19:30:33.730,snap,default,com.coolapk.market,discharging,1,36.1,54,100,95,1,22.18,1.1,3.63,0,3.724,1.15,4.2826,22538,12192,0,-
19:30:34.730,snap,default,com.coolapk.market,discharging,1,36.1,52.4,100,95,1,22.18,1.1,3.63,0,3.759,0.504,1.894536,14820,7336,0,-
19:30:35.731,snap,default,com.coolapk.market,discharging,1,36.1,50.9,100,95,1,21.42,0.9,2.97,0,3.758,0.516,1.9391278,14820,7336,0,-
19:30:36.731,snap,default,com.coolapk.market,discharging,1,36.1,50.9,100,95,1,21.42,0.9,2.97,0,3.76,0.542,2.03792,9425,2555,0,-
19:30:37.731,snap,default,com.coolapk.market,discharging,1,36.2,50.5,100,95,1,18.63,0.92,2.43,0,3.729,0.836,3.1174443,9425,2555,0,-
19:30:38.731,snap,default,com.coolapk.market,discharging,1,36.2,53.2,100,95,1,18.63,0.92,2.43,18,3.748,0.684,2.563632,13292,5173,0,-
19:30:39.738,snap,default,com.coolapk.market,discharging,1,36.2,53.2,100,95,1,16.88,0.75,2.54,18,3.754,0.648,2.432592,13292,5173,0,-
19:30:40.747,snap,default,com.coolapk.market,discharging,1,36.2,53.2,100,95,1,16.88,0.75,2.54,22,3.633,1.778,6.4594736,22824,11065,0,-
19:30:41.743,snap,default,com.coolapk.market,discharging,1,36.2,53.2,100,95,1,19.44,0.62,3.53,77,3.544,3.386,11.999984,22824,11065,0,-
19:30:42.743,snap,default,com.coolapk.market,discharging,1,36.2,53.2,100,95,1,19.44,0.62,3.53,77,3.607,2.84,10.24388,27390,16214,0,-
19:30:43.745,snap,default,com.coolapk.market,discharging,1,36.2,53.2,100,95,1,20.45,0.5,4.15,77,3.625,2.668,9.6715,27390,16214,0,-
19:30:44.747,snap,default,com.coolapk.market,discharging,1,36.2,53.2,100,95,1,20.45,0.5,4.15,76,3.618,2.476,8.958168,27199,16935,0,-
19:30:45.746,snap,default,com.coolapk.market,discharging,1,36.2,53.2,100,95,1,21.27,0.41,3.4,79,3.572,2.938,10.494536,27199,16935,0,-
19:30:46.746,snap,default,com.coolapk.market,discharging,1,36.2,53.2,100,95,1,21.27,0.41,3.4,77,3.617,2.636,9.534412,25320,15590,0,-
19:30:47.747,snap,default,com.coolapk.market,discharging,1,36.3,53.2,100,95,1,22.31,0.33,3.15,79,3.602,2.726,9.819053,25320,15590,0,-
19:30:48.747,snap,default,com.coolapk.market,discharging,1,36.3,53.2,100,95,1,22.31,0.33,3.15,71,3.621,2.156,7.8068757,26116,14773,0,-
19:30:49.748,snap,default,com.coolapk.market,discharging,1,36.3,53.2,100,95,1,22.98,0.27,2.58,49,3.74,0.914,3.41836,26116,14773,0,-
19:30:50.747,snap,default,com.coolapk.market,discharging,1,36.3,53.2,100,95,1,22.98,0.27,2.58,40,3.636,2.144,7.795584,25884,15307,0,-
19:30:51.748,snap,default,com.coolapk.market,discharging,1,36.3,53.2,100,95,1,23.7,0.22,2.11,73,3.625,2.35,8.518749,25884,15307,0,-
19:30:52.748,snap,default,com.coolapk.market,discharging,1,36.3,53.2,100,95,1,24.66,0.18,1.72,76,3.587,2.572,9.225764,30625,18053,0,-
19:30:53.749,snap,default,com.coolapk.market,discharging,1,36.3,56.2,100,95,1,24.66,0.18,1.72,75,3.707,1.528,5.664296,30625,18053,0,-
19:30:54.749,snap,default,com.coolapk.market,discharging,1,36.3,59.2,100,95,1,22.73,0.15,1.41,0,3.757,0.46,1.72822,30625,18053,0,-
19:30:55.750,snap,default,com.coolapk.market,discharging,1,36.3,57.2,100,95,1,22.73,0.15,1.41,0,3.761,0.36,1.35396,10981,4963,0,-
19:30:56.750,snap,default,com.coolapk.market,discharging,1,36.3,57.2,100,95,1,20.42,0.12,1.15,27,3.737,0.422,1.577014,10981,4963,0,-
19:30:57.751,snap,default,com.coolapk.market,discharging,1,36.4,57.2,100,95,1,20.42,0.12,1.15,27,3.623,2.044,7.4054117,12692,6365,0,-
19:30:58.751,snap,default,com.coolapk.market,discharging,1,36.4,57.2,100,95,1,26.69,0.28,0.94,76,3.596,2.912,10.471552,12692,6365,0,-
19:30:59.751,snap,default,com.coolapk.market,discharging,1,36.4,57.2,100,95,1,26.69,0.28,0.94,77,3.605,2.768,9.97864,29938,18092,0,-
19:31:00.752,snap,default,com.coolapk.market,discharging,1,36.4,57.2,100,95,1,26.56,0.23,0.77,77,3.573,2.782,9.940086,29938,18092,0,-
19:31:01.753,snap,default,com.coolapk.market,discharging,1,36.4,57.2,100,95,1,26.56,0.23,0.77,75,3.574,2.712,9.692687,27775,17473,0,-
19:31:02.754,snap,default,com.coolapk.market,discharging,1,36.4,60.2,100,95,1,26.82,0.18,0.63,75,3.697,1.696,6.270112,27775,17473,0,-
19:31:03.754,snap,default,com.coolapk.market,discharging,1,36.4,61.1,100,95,1,26.82,0.18,0.63,0,3.758,0.46,1.72868,23423,11285,0,-
19:31:04.754,snap,default,com.coolapk.market,discharging,1,36.4,59.9,100,95,1,23.77,0.15,0.52,0,3.747,0.452,1.6936439,23423,11285,0,-
19:31:05.754,snap,default,com.coolapk.market,discharging,1,36.4,58,100,95,1,23.77,0.15,0.52,49,3.747,0.452,1.6936439,8906,3964,0,-
19:31:06.755,snap,default,com.coolapk.market,discharging,1,36.4,57.6,100,95,1,23.77,0.15,0.52,49,3.74,0.584,2.18416,8906,3964,0,-
19:31:07.755,snap,default,com.coolapk.market,discharging,1,36.6,54.8,100,95,1,22.36,0.12,0.42,49,3.718,0.808,3.004144,13725,6610,0,-
19:31:08.756,snap,default,com.coolapk.market,discharging,1,36.6,54.8,100,95,1,22.36,0.12,0.42,21,3.746,0.646,2.4199162,13725,6610,0,-
19:31:09.755,snap,default,com.coolapk.market,discharging,1,36.6,54.8,100,95,1,20.49,0.28,0.34,21,3.714,0.932,3.461448,19966,11253,0,-
19:31:10.759,snap,default,com.coolapk.market,discharging,1,36.6,53.2,100,95,1,20.49,0.28,0.34,15,3.748,0.668,2.5036638,19966,11253,0,-
19:31:11.759,snap,default,com.coolapk.market,discharging,1,36.6,53.2,100,95,1,20.03,0.41,0.46,0,3.75,0.59,2.2124999,19434,10324,0,-
19:31:12.759,snap,default,com.coolapk.market,discharging,1,36.6,53.2,100,95,1,20.03,0.41,0.46,46,3.642,2.14,7.7938805,19434,10324,0,-
19:31:13.760,snap,default,com.coolapk.market,discharging,1,36.6,53.2,100,95,1,21.3,0.33,0.56,81,3.594,2.534,9.107196,26586,15803,0,-
19:31:14.759,snap,default,com.coolapk.market,discharging,1,36.6,53.2,100,95,1,21.3,0.33,0.56,78,3.619,2.654,9.604826,26586,15803,0,-
19:31:15.760,snap,default,com.coolapk.market,discharging,1,36.6,53.2,100,95,1,21.78,0.27,1,80,3.598,2.696,9.700209,30671,16846,0,-
19:31:16.760,snap,default,com.coolapk.market,discharging,1,36.6,53.2,100,95,1,21.78,0.27,1,79,3.599,2.696,9.702905,30671,16846,0,-
19:31:17.762,snap,default,com.coolapk.market,discharging,1,36.7,53.2,100,95,1,22.73,0.22,0.82,79,3.559,2.924,10.406516,26984,15897,0,-
19:31:18.761,snap,default,com.coolapk.market,discharging,1,36.7,53.2,100,95,1,22.73,0.22,0.82,77,3.612,2.542,9.1817045,26984,15897,0,-
19:31:19.762,snap,default,com.coolapk.market,discharging,1,36.7,53.2,100,95,1,24.23,0.18,0.67,77,3.582,2.888,10.344816,24140,13071,0,-
19:31:20.763,snap,default,com.coolapk.market,discharging,1,36.7,56.2,100,95,1,24.23,0.18,0.67,65,3.751,0.484,1.8154839,24140,13071,0,-
19:31:21.762,snap,default,com.coolapk.market,discharging,1,36.7,59.2,100,95,1,22.74,0.15,0.55,65,3.756,0.472,1.772832,24140,13071,0,-
19:31:22.763,snap,default,com.coolapk.market,discharging,1,36.8,58.8,100,95,1,22.74,0.15,0.55,65,3.713,0.84,3.1189198,14901,6416,0,-
19:31:23.763,snap,default,com.coolapk.market,discharging,1,36.8,57.2,100,95,1,23.51,0.3,0.45,15,3.754,0.594,2.2298758,14901,6416,0,-
19:31:24.765,snap,default,com.coolapk.market,discharging,1,36.8,56,100,95,1,23.51,0.3,0.45,0,3.763,0.394,1.482622,11069,4924,0,-
19:31:25.763,snap,default,com.coolapk.market,discharging,1,36.8,56,100,95,1,21.06,0.25,0.36,0,3.728,0.64,2.3859198,11069,4924,0,-
19:31:26.765,snap,default,com.coolapk.market,discharging,1,36.8,55.2,100,95,1,19.96,0.2,0.3,19,3.745,0.784,2.9360797,12323,6348,0,-
19:31:27.765,snap,default,com.coolapk.market,discharging,1,36.8,52.8,100,95,1,19.96,0.2,0.3,0,3.753,0.518,1.944054,12323,6348,0,-
19:31:28.765,snap,default,com.coolapk.market,discharging,1,36.8,52.4,100,95,1,18.52,0.16,0.24,21,3.764,0.34,1.27976,8471,3542,0,-
19:31:29.766,snap,default,com.coolapk.market,discharging,1,36.8,51.7,100,95,1,18.52,0.16,0.24,21,3.709,0.924,3.4271162,8471,3542,0,-
19:31:30.767,snap,default,com.coolapk.market,discharging,1,36.8,51.7,100,95,1,18.24,0.13,0.2,25,3.773,0.532,2.007236,13642,6697,0,-
19:31:31.768,snap,default,com.coolapk.market,discharging,1,36.8,51.3,100,95,1,18.24,0.13,0.2,25,3.761,0.472,1.775192,13642,6697,0,-
19:31:32.769,snap,default,com.coolapk.market,discharging,1,36.9,50.1,100,95,1,16.93,0.11,0.16,0,3.77,0.384,1.44768,9721,4664,0,-
19:31:33.768,snap,default,com.coolapk.market,discharging,1,36.9,50.1,100,95,1,16.93,0.11,0.16,0,3.758,0.42,1.57836,9721,4664,0,-
19:31:34.769,snap,default,com.coolapk.market,discharging,1,36.9,50.9,100,95,1,16.4,0.09,0.13,0,3.714,0.73,2.71122,12847,6952,0,-
19:31:35.785,snap,default,com.coolapk.market,discharging,1,36.9,50.9,100,95,1,16.4,0.09,0.13,19,3.763,0.502,1.8890259,12847,6952,0,-
19:31:36.781,snap,default,com.coolapk.market,discharging,1,36.9,50.9,100,95,1,16.14,0.07,0.11,19,3.763,0.502,1.8890259,11427,6059,0,-
19:31:37.782,snap,default,com.coolapk.market,discharging,1,36.9,50.9,100,95,1,16.14,0.07,0.11,19,3.738,0.7,2.6165998,11427,6059,0,-
19:31:38.781,snap,default,com.coolapk.market,discharging,1,36.9,51.3,100,95,1,16.14,0.07,0.11,16,3.761,0.396,1.4893559,10131,4288,0,-
19:31:39.782,snap,default,com.coolapk.market,discharging,1,36.9,51.3,100,95,1,14.85,0.06,0.09,16,3.742,0.602,2.252684,10131,4288,0,-
19:31:40.783,snap,default,com.coolapk.market,discharging,1,36.9,51.3,100,95,1,14.85,0.06,0.09,15,3.756,0.836,3.140016,12359,6666,0,-
19:31:41.783,snap,default,com.coolapk.market,discharging,1,36.9,50.5,100,95,1,14.51,0.04,0.07,15,3.766,0.414,1.559124,12359,6666,0,-
19:31:42.784,snap,default,com.coolapk.market,discharging,1,37,49.3,100,95,1,14.51,0.04,0.07,0,3.744,0.524,1.9618559,9903,5369,0,-
19:31:43.784,snap,default,com.coolapk.market,discharging,1,37,47.7,100,95,1,14.06,0.04,0.06,15,3.763,0.424,1.595512,9903,5369,0,-
19:31:44.785,snap,default,com.coolapk.market,discharging,1,37,47.7,100,95,1,14.06,0.04,0.06,0,3.774,0.414,1.562436,7728,3135,0,-
19:31:45.785,snap,default,com.coolapk.market,discharging,1,37,46.9,100,95,1,13.14,0.03,0.04,0,3.774,0.324,1.2227759,7728,3135,0,-
19:31:46.786,snap,default,com.coolapk.market,discharging,1,37,46.9,100,95,1,13.14,0.03,0.04,0,3.778,0.284,1.072952,7728,3135,0,-
19:31:47.786,snap,default,com.coolapk.market,discharging,1,37,46.9,100,95,1,12.75,0.02,0.03,0,3.774,0.37,1.39638,6693,2203,0,-
19:31:48.786,snap,default,com.coolapk.market,discharging,1,37,46.1,100,95,1,12.75,0.02,0.03,0,3.776,0.314,1.185664,6693,2203,0,-
19:31:49.786,snap,default,com.coolapk.market,discharging,1,37,46.1,100,95,1,11.71,0.02,0.03,0,3.772,0.35,1.3202,5633,2102,0,-
19:31:50.786,snap,default,com.coolapk.market,discharging,1,37,46.1,100,95,1,11.71,0.02,0.03,0,3.772,0.366,1.380552,5633,2102,0,-
19:31:51.786,snap,default,com.coolapk.market,discharging,1,37,49.1,100,95,1,11.76,0.19,0.02,12,3.743,0.784,2.934512,11744,6128,0,-
19:31:52.818,snap,default,com.coolapk.market,discharging,1,37.1,49.7,100,95,1,11.76,0.19,0.02,47,3.743,0.734,2.7473621,11744,6128,0,-
19:31:53.816,snap,default,com.coolapk.market,discharging,1,37.1,52.7,100,95,1,11.98,0.16,0.02,48,3.682,1.402,5.1621637,24484,14296,0,-
19:31:54.816,snap,default,com.coolapk.market,discharging,1,37.1,55.7,100,95,1,11.98,0.16,0.02,25,3.754,1.106,4.1519237,24484,14296,0,-
19:31:55.817,snap,default,com.coolapk.market,discharging,1,37.1,58.7,100,95,1,15.61,0.31,0.01,26,3.748,1.006,3.770488,23644,14189,0,-
19:31:56.818,snap,default,com.coolapk.market,discharging,1,37.1,55.7,100,95,1,16.22,0.25,0.01,26,3.747,0.47,1.76109,23644,14189,0,-
19:31:57.818,snap,default,com.coolapk.market,discharging,1,37.1,52.7,100,95,1,16.22,0.25,0.01,17,3.749,0.518,1.941982,10943,5808,0,-
19:31:58.818,snap,default,com.coolapk.market,discharging,1,37.1,52.7,100,95,1,21.8,0.57,1.82,18,3.683,1.442,5.3108864,10943,5808,0,-
19:31:59.819,snap,default,com.coolapk.market,discharging,1,37.1,55.7,100,95,1,21.8,0.57,1.82,11,3.699,1.59,5.88141,33214,14709,0,-
19:32:00.819,snap,default,com.coolapk.market,discharging,1,37.1,56.8,100,95,1,22.92,0.46,1.67,11,3.724,0.974,3.6271758,33214,14709,0,-
19:32:01.820,snap,default,com.coolapk.market,discharging,1,37.1,54,100,95,1,22.92,0.46,1.67,0,3.761,0.42,1.5796199,18561,9227,0,-
19:32:02.820,snap,default,com.coolapk.market,discharging,1,37.2,51,100,95,1,20.58,0.38,1.37,0,3.765,0.358,1.3478701,18561,9227,0,-
19:32:03.820,snap,default,com.coolapk.market,discharging,1,37.2,49.3,100,95,1,20.58,0.38,1.37,23,3.768,0.348,1.3112639,7840,3362,0,-
19:32:04.822,snap,default,com.coolapk.market,discharging,1,37.2,49.3,100,95,1,19.02,0.31,1.12,23,3.773,0.332,1.252636,7840,3362,0,-
19:32:05.821,snap,default,com.coolapk.market,discharging,1,37.2,49.3,100,95,1,19.02,0.31,1.12,23,3.754,0.67,2.51518,12867,6808,0,-
19:32:06.821,snap,default,com.coolapk.market,discharging,1,37.2,50.9,100,95,1,18.47,0.25,0.91,0,3.754,0.67,2.51518,12867,6808,0,-
19:32:07.823,snap,default,com.coolapk.market,discharging,1,37.2,50.9,100,95,1,18.47,0.25,0.91,0,3.746,0.666,2.494836,9363,3819,0,-
19:32:08.822,snap,default,com.coolapk.market,discharging,1,37.2,51.3,100,95,1,18.47,0.25,0.91,0,3.772,0.448,1.689856,9363,3819,0,-
19:32:09.827,snap,default,com.coolapk.market,discharging,1,37.2,48.5,100,95,1,17.84,0.21,0.75,13,3.724,0.892,3.321808,12089,7482,0,-
19:32:10.824,snap,default,com.coolapk.market,discharging,1,37.2,51.3,100,95,1,17.84,0.21,0.75,28,3.765,0.408,1.53612,12089,7482,0,-
19:32:11.824,snap,default,com.coolapk.market,discharging,1,37.2,51.3,100,95,1,17.87,0.17,0.61,14,3.662,1.416,5.185392,24045,14779,0,-
19:32:12.824,snap,default,com.coolapk.market,discharging,1,37.2,51.3,100,95,1,17.87,0.17,0.61,76,3.609,2.898,10.458882,24045,14779,0,-
19:32:13.824,snap,default,com.coolapk.market,discharging,1,37.2,54.3,100,95,1,19.89,0.14,0.68,76,3.599,2.69,9.68131,24045,14779,0,-
19:32:14.824,snap,default,com.coolapk.market,discharging,1,37.2,57.3,100,95,1,19.89,0.14,0.68,63,3.745,0.588,2.20206,24229,14349,0,-
19:32:15.825,snap,default,com.coolapk.market,discharging,1,37.2,54.8,100,95,1,20.27,0.11,0.56,63,3.745,0.472,1.76764,24229,14349,0,-
19:32:16.825,snap,default,com.coolapk.market,discharging,1,37.2,51.8,100,95,1,20.27,0.11,0.56,0,3.765,0.322,1.21233,7381,3430,0,-
19:32:17.826,snap,default,com.coolapk.market,discharging,1,37.3,50.5,100,95,1,18.23,0.09,0.45,0,3.761,0.41,1.54201,7381,3430,0,-
19:32:18.826,snap,default,com.coolapk.market,discharging,1,37.3,49.3,100,95,1,18.23,0.09,0.45,12,3.772,0.294,1.108968,5466,2069,0,-
19:32:19.826,snap,default,com.coolapk.market,discharging,1,37.3,49.3,100,95,1,16.37,0.07,0.37,0,3.763,0.424,1.595512,5466,2069,0,-
19:32:20.826,snap,default,com.coolapk.market,discharging,1,37.3,49.3,100,95,1,16.37,0.07,0.37,0,3.755,0.656,2.4632802,11508,6593,0,-
19:32:21.826,snap,default,com.coolapk.market,discharging,1,37.3,50.1,100,95,1,15.76,0.06,0.3,15,3.704,0.892,3.303968,11508,6593,0,-
19:32:22.826,snap,default,com.coolapk.market,discharging,1,37.3,50.1,100,95,1,15.76,0.06,0.3,26,3.762,0.654,2.460348,12983,8160,0,-
19:32:23.827,snap,default,com.coolapk.market,discharging,1,37.3,50.1,100,95,1,15.8,0.05,0.25,22,3.757,0.604,2.269228,12983,8160,0,-
19:32:24.827,snap,default,com.coolapk.market,discharging,1,37.3,51.3,100,95,1,15.8,0.05,0.25,22,3.764,0.45,1.6938,8881,4548,0,-
19:32:25.827,snap,default,com.coolapk.market,discharging,1,37.3,52.4,100,95,1,14.93,0.04,0.2,14,3.721,1.052,3.9144921,8881,4548,0,-
19:32:26.828,snap,default,com.coolapk.market,discharging,1,37.3,52.4,100,95,1,14.76,0.03,0.16,27,3.742,0.97,3.6297402,13904,7308,0,-
19:32:27.828,snap,default,com.coolapk.market,discharging,1,37.4,54.4,100,95,1,14.76,0.03,0.16,16,3.706,0.866,3.2093961,13904,7308,0,-
19:32:28.829,snap,default,com.coolapk.market,discharging,1,37.4,53.6,100,95,1,15.17,0.02,0.13,20,3.739,0.832,3.1108482,11855,5882,0,-
19:32:29.830,snap,default,com.coolapk.market,discharging,1,37.4,54.4,100,95,1,15.17,0.02,0.13,0,3.686,1.222,4.504292,11855,5882,0,-
19:32:30.829,snap,default,com.coolapk.market,discharging,1,37.4,54.4,100,95,1,17.85,0.02,0.11,47,3.593,2.924,10.505932,22749,13604,0,-
19:32:31.829,snap,default,com.coolapk.market,discharging,1,37.4,54.4,100,95,1,17.85,0.02,0.11,75,3.579,3.028,10.837213,22749,13604,0,-
19:32:32.832,snap,default,com.coolapk.market,discharging,1,37.4,54.4,100,95,1,19.51,0.01,0.09,79,3.614,2.822,10.198709,29063,18758,0,-
19:32:33.831,snap,default,com.coolapk.market,discharging,1,37.4,54.4,100,95,1,19.51,0.01,0.09,79,3.576,2.948,10.5420475,29063,18758,0,-
19:32:34.835,snap,default,com.coolapk.market,discharging,1,37.4,54.4,100,95,1,20.5,0.01,0.07,77,3.604,2.778,10.011912,28927,17936,0,-
19:32:35.835,snap,default,com.coolapk.market,discharging,1,37.4,54.4,100,95,1,20.5,0.01,0.07,77,3.604,2.778,10.011912,28927,17936,0,-
19:32:36.835,snap,default,com.coolapk.market,discharging,1,37.4,57.4,100,95,1,20.5,0.01,0.07,77,3.682,2.472,9.101903,16396,8573,0,-
19:32:37.844,snap,default,com.coolapk.market,discharging,1,37.4,60.4,100,95,1,21.14,0.01,0.42,77,3.746,0.546,2.045316,16396,8573,0,-
19:32:38.837,snap,default,com.coolapk.market,discharging,1,37.4,60.7,100,95,1,21.14,0.01,0.42,58,3.692,1.054,3.891368,14076,8291,0,-
19:32:39.838,snap,default,com.coolapk.market,discharging,1,37.4,60.7,100,95,1,20.2,0,0.34,33,3.747,0.694,2.600418,14076,8291,0,-
19:32:40.838,snap,default,com.coolapk.market,discharging,1,37.4,57.7,100,95,1,20.2,0,0.34,16,3.754,0.512,1.9220481,14076,8291,0,-
19:32:41.838,snap,default,com.coolapk.market,discharging,1,37.4,54.7,100,95,1,19.08,0,0.28,16,3.712,0.914,3.392768,11194,6096,0,-
19:32:42.839,snap,default,com.coolapk.market,discharging,1,37.5,55.6,100,95,1,19.08,0,0.28,24,3.726,0.744,2.772144,11194,6096,0,-
19:32:43.839,snap,default,com.coolapk.market,discharging,1,37.5,55.6,100,95,1,18.34,0,0.23,30,3.709,0.97,3.5977302,12855,7183,0,-
19:32:44.839,snap,default,com.coolapk.market,discharging,1,37.5,55.6,100,95,1,18.34,0,0.23,23,3.688,1.186,4.373968,12855,7183,0,-
19:32:45.839,snap,default,com.coolapk.market,discharging,1,37.5,52.6,100,95,1,20.63,0,0.18,0,3.758,0.388,1.458104,15312,6659,0,-
19:32:46.839,snap,default,com.coolapk.market,discharging,1,37.5,52.4,100,95,1,20.63,0,0.18,0,3.765,0.302,1.13703,15312,6659,0,-
19:32:47.840,snap,default,com.coolapk.market,discharging,1,37.5,50.9,100,95,1,18.34,0,0.15,0,3.758,0.342,1.285236,4990,1738,0,-
19:32:48.840,snap,default,com.coolapk.market,discharging,1,37.5,49.7,100,95,1,18.34,0,0.15,0,3.766,0.28,1.05448,4990,1738,0,-
19:32:49.842,snap,default,com.coolapk.market,discharging,1,37.5,48.9,100,95,1,16.47,0,0.12,0,3.762,0.388,1.4596561,6241,2583,0,-
19:32:50.841,snap,default,com.coolapk.market,discharging,1,37.5,48.9,100,95,1,16.47,0,0.12,0,3.774,0.298,1.124652,6241,2583,0,-
19:32:51.842,snap,default,com.coolapk.market,discharging,1,37.5,50.1,100,95,1,15.3,0,0.1,21,3.759,0.484,1.819356,7990,3700,0,-
19:32:52.842,snap,default,com.coolapk.market,discharging,1,37.5,50.1,100,95,1,15.3,0,0.1,27,3.759,0.73,2.74407,7990,3700,0,-
19:32:53.842,snap,default,com.coolapk.market,discharging,1,37.5,53.1,100,95,1,15.06,0,0.08,27,3.721,1.134,4.2196136,15940,8384,0,-
19:32:54.844,snap,default,com.coolapk.market,discharging,1,37.5,53.2,100,95,1,15.06,0,0.08,30,3.725,1.096,4.0825996,15940,8384,0,-
19:32:55.845,snap,default,com.coolapk.market,discharging,1,37.5,53.2,100,95,1,15.59,0.18,0.06,41,3.76,0.838,3.15088,18832,10435,0,-
19:32:56.844,snap,default,com.coolapk.market,discharging,1,37.5,52.8,100,95,1,15.59,0.18,0.06,30,3.74,0.71,2.6554,18832,10435,0,-
19:32:57.845,snap,default,com.coolapk.market,discharging,1,37.5,52.4,100,95,1,16.03,0.14,0.05,22,3.739,0.91,3.4024901,20399,9174,0,-
19:32:58.845,snap,default,com.coolapk.market,discharging,1,37.5,52.8,100,95,1,16.2,0.66,0.4,22,3.706,1.224,4.5361443,20399,9174,0,-
19:32:59.845,snap,default,com.coolapk.market,discharging,1,37.5,55.8,100,95,1,16.2,0.66,0.4,37,3.696,1.432,5.292672,24946,12655,0,-
19:33:00.849,snap,default,com.coolapk.market,discharging,1,37.5,57.6,100,95,1,17.8,0.9,0.51,44,3.67,1.44,5.2848005,24946,12655,0,-
19:33:01.850,snap,default,com.coolapk.market,discharging,1,37.5,56.4,100,95,1,17.8,0.9,0.51,46,3.698,1.212,4.481976,29537,16513,0,-
19:33:02.850,snap,default,com.coolapk.market,discharging,1,37.5,54.4,100,95,1,17.65,0.74,0.42,46,3.745,0.5,1.8725,29537,16513,0,-
19:33:03.851,snap,default,com.coolapk.market,discharging,1,37.6,54,100,95,1,17.65,0.74,0.42,29,3.705,0.964,3.57162,14315,7349,0,-
19:33:04.851,snap,default,com.coolapk.market,discharging,1,37.6,54,100,95,1,17.17,0.6,0.34,34,3.74,0.796,2.97704,14315,7349,0,-
19:33:05.851,snap,default,com.coolapk.market,discharging,1,37.6,52.4,100,95,1,17.17,0.6,0.34,34,3.757,0.412,1.547884,11334,6023,0,-
19:33:06.852,snap,default,com.coolapk.market,discharging,1,37.6,52.1,100,95,1,16.23,0.49,0.28,23,3.757,0.412,1.547884,11334,6023,0,-
19:33:07.854,snap,default,com.coolapk.market,discharging,1,37.6,52.1,100,95,1,16.23,0.49,0.28,23,3.743,0.7,2.6201,11334,6023,0,-
19:33:08.854,snap,default,com.coolapk.market,discharging,1,37.6,49.1,100,95,1,16.23,0.49,0.28,17,3.771,0.302,1.1388419,8778,4788,0,-
19:33:09.856,snap,default,com.coolapk.market,discharging,1,37.6,48.5,100,95,1,14.74,0.4,0.23,0,3.766,0.312,1.1749921,8778,4788,0,-
19:33:10.857,snap,default,com.coolapk.market,discharging,1,37.6,48.1,100,95,1,14.74,0.4,0.23,0,3.772,0.3,1.1316,5027,1897,0,-
19:33:11.857,snap,default,com.coolapk.market,discharging,1,37.6,48.1,100,95,1,13.52,0.33,0.18,0,3.769,0.346,1.3040739,5027,1897,0,-
19:33:12.858,snap,default,com.coolapk.market,discharging,1,37.6,51.1,100,95,1,13.52,0.33,0.18,23,3.735,0.94,3.5108998,17559,8374,0,-
19:33:13.859,snap,default,com.coolapk.market,discharging,1,37.6,52.1,100,95,1,18.86,0.27,0.15,46,3.749,1.018,3.816482,17559,8374,0,-
19:33:14.859,snap,default,com.coolapk.market,discharging,1,37.7,51.3,100,95,1,18.86,0.27,0.15,46,3.758,0.594,2.232252,21065,10899,0,-
19:33:15.860,snap,default,com.coolapk.market,discharging,1,37.7,50.5,100,95,1,18.7,0.22,0.12,0,3.757,0.676,2.539732,21065,10899,0,-
19:33:16.861,snap,default,com.coolapk.market,discharging,1,37.7,50.5,100,95,1,18.7,0.22,0.12,24,3.776,0.316,1.1932161,12250,6939,0,-
19:33:17.861,snap,default,com.coolapk.market,discharging,1,37.7,50.5,100,95,1,17.49,0.18,0.1,24,3.748,0.712,2.668576,12250,6939,0,-
19:33:18.861,snap,default,com.coolapk.market,discharging,1,37.7,50.5,100,95,1,17.49,0.18,0.1,22,3.763,0.824,3.100712,16055,9349,0,-
19:33:19.862,snap,default,com.coolapk.market,discharging,1,37.7,50.5,100,95,1,17.22,0.14,0.08,19,3.716,0.954,3.545064,16055,9349,0,-
19:33:20.862,snap,default,com.coolapk.market,discharging,1,37.7,52.1,100,95,1,17.22,0.14,0.08,19,3.758,0.538,2.0218039,16494,9697,0,-
19:33:21.862,snap,default,com.coolapk.market,discharging,1,37.7,51.7,100,95,1,16.81,0.12,0.06,8,3.718,1.118,4.156724,16494,9697,0,-
19:33:22.863,snap,default,com.coolapk.market,discharging,1,37.7,51.7,100,95,1,16.81,0.12,0.06,18,3.756,0.652,2.4489121,17600,10701,0,-
19:33:23.864,snap,default,com.coolapk.market,discharging,1,37.7,50.9,100,95,1,16.85,0.09,0.05,18,3.768,0.44,1.6579199,17600,10701,0,-
19:33:24.864,snap,default,com.coolapk.market,discharging,1,37.7,50.9,100,95,1,16.85,0.09,0.05,24,3.77,0.324,1.22148,6517,2965,0,-
19:33:25.864,snap,default,com.coolapk.market,discharging,1,37.7,49.7,100,95,1,15.24,0.08,0.04,0,3.733,0.582,2.172606,6517,2965,0,-
19:33:26.865,snap,default,com.coolapk.market,discharging,1,37.7,49.7,100,95,1,15.24,0.08,0.04,18,3.734,0.63,2.3524199,15531,9594,0,-
19:33:27.865,snap,default,com.coolapk.market,discharging,1,37.7,49.7,100,95,1,15.38,0.06,0.03,18,3.767,0.496,1.8684319,15531,9594,0,-
19:33:28.866,snap,default,com.coolapk.market,discharging,1,37.7,49.7,100,95,1,15.38,0.06,0.03,8,3.736,0.65,2.4284,10647,5984,0,-
19:33:29.866,snap,default,com.coolapk.market,discharging,1,37.7,49.7,100,95,1,14.58,0.05,0.03,0,3.763,0.466,1.7535579,10647,5984,0,-
19:33:30.866,snap,default,com.coolapk.market,discharging,1,37.7,49.7,100,95,1,14.48,0.04,0.02,16,3.75,0.756,2.835,14207,8744,0,-
19:33:31.870,snap,default,com.coolapk.market,discharging,1,37.7,51.3,100,95,1,14.48,0.04,0.02,20,3.734,1.006,3.7564042,14207,8744,0,-
19:33:32.870,snap,default,com.coolapk.market,discharging,1,37.7,54.3,100,95,1,17.47,0.03,0.01,51,3.669,1.69,6.20061,14207,8744,0,-
19:33:33.870,snap,default,com.coolapk.market,discharging,1,37.7,56,100,95,1,17.47,0.03,0.01,0,3.759,0.69,2.59371,33008,20627,0,-
19:33:34.870,snap,default,com.coolapk.market,discharging,1,37.7,53,100,95,1,17.02,0.02,0.01,30,3.723,0.878,3.268794,33008,20627,0,-
19:33:35.870,snap,default,com.coolapk.market,discharging,1,37.7,52.1,100,95,1,17.02,0.02,0.01,30,3.767,0.478,1.8006259,16023,9146,0,-
19:33:36.872,snap,default,com.coolapk.market,discharging,1,37.7,51.3,100,95,1,16.29,0.02,0.01,46,3.767,0.478,1.8006259,16023,9146,0,-
19:33:37.873,snap,default,com.coolapk.market,discharging,1,37.7,51.3,100,95,1,16.29,0.02,0.01,46,3.749,0.762,2.856738,12692,7545,0,-
19:33:38.873,snap,default,com.coolapk.market,discharging,1,37.7,51.7,100,95,1,16.29,0.02,0.01,48,3.683,1.134,4.176522,12692,7545,0,-
19:33:39.878,snap,default,com.coolapk.market,discharging,1,37.8,51.7,100,95,1,16.96,0.01,0.01,48,3.742,0.864,3.2330883,21421,14153,0,-
19:33:40.875,snap,default,com.coolapk.market,discharging,1,37.8,50.5,100,95,1,16.96,0.01,0.01,45,3.752,0.8,3.0016,21421,14153,0,-
19:33:41.875,snap,default,com.coolapk.market,discharging,1,37.8,50.5,100,95,1,16.42,0.01,0,45,3.764,0.38,1.4303199,10770,6281,0,-
19:33:42.875,snap,default,com.coolapk.market,discharging,1,37.8,52.4,100,95,1,16.42,0.01,0,18,3.744,0.942,3.5268478,10770,6281,0,-
19:33:43.876,snap,default,com.coolapk.market,discharging,1,37.8,52.4,100,95,1,16.53,0.01,0,0,3.719,0.794,2.952886,16385,9590,0,-
19:33:44.878,snap,default,com.coolapk.market,discharging,1,37.8,54.4,100,95,1,16.53,0.01,0,42,3.718,0.95,3.5321,16385,9590,0,-
19:33:45.879,snap,default,com.coolapk.market,discharging,1,37.8,54.4,100,95,1,16.98,0,0,27,3.675,1.506,5.53455,25941,14445,0,-
19:33:46.879,snap,default,com.coolapk.market,discharging,1,37.8,57.4,100,95,1,16.98,0,0,22,3.611,2.418,8.731398,25941,14445,0,-
19:33:47.880,snap,default,com.coolapk.market,discharging,1,37.8,60.4,100,95,1,23.32,0.18,1.09,0,3.665,1.456,5.33624,31777,13748,0,-
19:33:48.885,snap,default,com.coolapk.market,discharging,1,37.8,59.6,100,95,1,23.32,0.18,1.09,28,3.744,0.71,2.6582398,31777,13748,0,-
19:33:49.881,snap,default,com.coolapk.market,discharging,1,37.8,57.6,100,95,1,21.99,0.15,0.89,9,3.7,1.068,3.9515998,22814,10843,0,-
19:33:50.881,snap,default,com.coolapk.market,discharging,1,37.8,56.8,100,95,1,21.99,0.15,0.89,19,3.725,1.09,4.06025,22814,10843,0,-
19:33:51.881,snap,default,com.coolapk.market,discharging,1,37.8,55.2,100,95,1,22.17,0.12,0.73,20,3.732,0.834,3.112488,20352,12307,0,-
19:33:52.881,snap,default,com.coolapk.market,discharging,1,37.8,55.2,100,95,1,22.17,0.12,0.73,23,3.733,0.896,3.344768,20352,12307,0,-
19:33:53.881,snap,default,com.coolapk.market,discharging,1,37.8,55.6,100,95,1,21.05,0.1,0.59,33,3.687,1.124,4.144188,20783,13517,0,-
19:33:54.881,snap,default,com.coolapk.market,discharging,1,37.8,55.6,100,95,1,21.05,0.1,0.59,25,3.715,1.02,3.7892997,20783,13517,0,-
19:33:55.890,snap,default,com.coolapk.market,discharging,1,37.9,58.6,100,95,1,22.86,0.08,0.48,25,3.68,1.58,5.8144,33927,18222,0,-
19:33:56.891,snap,default,com.coolapk.market,discharging,1,37.9,56.8,100,95,1,22.86,0.08,0.48,27,3.682,1.368,5.036976,33927,18222,0,-
19:33:57.891,snap,default,com.coolapk.market,discharging,1,37.9,59.8,100,95,1,24.69,0.06,0.4,47,3.709,1.118,4.146662,31188,19962,0,-
19:33:58.891,snap,default,com.coolapk.market,discharging,1,37.9,59.6,100,95,1,24.69,0.06,0.4,45,3.717,1.048,3.895416,31188,19962,0,-
19:33:59.892,snap,default,com.coolapk.market,discharging,1,37.9,59.6,100,95,1,25.11,0.05,0.32,41,3.706,1.272,4.714032,31188,19962,0,-
19:34:00.891,snap,default,com.coolapk.market,discharging,1,37.9,59.6,100,95,1,23.82,0.04,0.26,45,3.71,1.014,3.7619402,26294,16286,0,-
19:34:01.892,snap,default,com.coolapk.market,discharging,1,37.9,59.2,100,95,1,23.82,0.04,0.26,42,3.703,1.08,3.9992402,26294,16286,0,-
19:34:02.892,snap,default,com.coolapk.market,discharging,1,37.9,56.2,100,95,1,22.22,0.03,0.21,42,3.757,0.62,2.32934,24256,13803,0,-
19:34:03.892,snap,default,com.coolapk.market,discharging,1,37.9,54.4,100,95,1,22.22,0.03,0.21,34,3.715,0.86,3.1949,24256,13803,0,-
19:34:04.893,snap,default,com.coolapk.market,discharging,1,37.9,52.4,100,95,1,21.09,0.03,0.17,34,3.764,0.458,1.723912,12991,7507,0,-
19:34:05.894,snap,default,com.coolapk.market,discharging,1,37.9,51.7,100,95,1,21.09,0.03,0.17,0,3.751,0.542,2.033042,12991,7507,0,-
19:34:06.894,snap,default,com.coolapk.market,discharging,1,37.9,51.7,100,95,1,20.17,0.02,0.14,16,3.751,0.542,2.033042,10317,4388,0,-
19:34:07.894,snap,default,com.coolapk.market,discharging,1,37.9,53.6,100,95,1,20.17,0.02,0.14,16,3.734,0.602,2.247868,10317,4388,0,-
19:34:08.894,snap,default,com.coolapk.market,discharging,1,37.9,53.6,100,95,1,20.17,0.02,0.14,16,3.729,0.864,3.221856,18652,11163,0,-
19:34:09.895,snap,default,com.coolapk.market,discharging,1,37.9,51.7,100,95,1,19.41,0.01,0.12,12,3.737,0.768,2.870016,18652,11163,0,-
19:34:10.895,snap,default,com.coolapk.market,discharging,1,37.9,50.5,100,95,1,19.41,0.01,0.12,0,3.769,0.346,1.3040739,7947,3465,0,-
19:34:11.896,snap,default,com.coolapk.market,discharging,1,37.9,50.5,100,95,1,17.71,0.01,0.09,0,3.736,0.65,2.4284,7947,3465,0,-
19:34:12.896,snap,default,com.coolapk.market,discharging,1,37.9,52.8,100,95,1,17.71,0.01,0.09,37,3.751,0.614,2.303114,16341,10571,0,-
19:34:13.896,snap,default,com.coolapk.market,discharging,1,37.9,52.8,100,95,1,17.4,0.01,0.08,16,3.718,0.92,3.4205601,16341,10571,0,-
19:34:14.896,snap,default,com.coolapk.market,discharging,1,37.9,52.8,100,95,1,17.4,0.01,0.08,6,3.765,0.524,1.97286,13350,7396,0,-
19:34:15.896,snap,default,com.coolapk.market,discharging,1,37.9,51.7,100,95,1,16.96,0.01,0.06,32,3.731,0.814,3.037034,13350,7396,0,-
19:34:16.897,snap,default,com.coolapk.market,discharging,1,37.9,50.5,100,95,1,16.96,0.01,0.06,0,3.771,0.39,1.4706899,8556,4823,0,-
19:34:17.897,snap,default,com.coolapk.market,discharging,1,38,50.5,100,95,1,15.52,0,0.05,0,3.769,0.302,1.138238,8556,4823,0,-
19:34:18.897,snap,default,com.coolapk.market,discharging,1,38,51.3,100,95,1,15.52,0,0.05,0,3.732,0.602,2.246664,9928,4056,0,-
19:34:19.897,snap,default,com.coolapk.market,discharging,1,38,51.3,100,95,1,14.34,0,0.04,0,3.762,0.542,2.039004,9928,4056,0,-
19:34:20.897,snap,default,com.coolapk.market,discharging,1,38,51.3,100,95,1,14.34,0,0.04,38,3.749,0.592,2.219408,11975,7644,0,-
19:34:21.898,snap,default,com.coolapk.market,discharging,1,38,51.3,100,95,1,14.46,0,0.03,19,3.727,0.834,3.1083179,11975,7644,0,-
19:34:22.898,snap,default,com.coolapk.market,discharging,1,38,53.2,100,95,1,14.46,0,0.03,43,3.722,1,3.722,29439,18577,0,-
19:34:23.898,snap,default,com.coolapk.market,discharging,1,38,53.2,100,95,1,15.28,0,0.02,61,3.725,1.04,3.8739998,29439,18577,0,-
19:34:24.898,snap,default,com.coolapk.market,discharging,1,38,54,100,95,1,15.28,0,0.02,62,3.719,0.996,3.704124,27398,17313,0,-
19:34:25.899,snap,default,com.coolapk.market,discharging,1,38,53.2,100,95,1,15.95,0,0.02,66,3.734,1.06,3.9580398,27398,17313,0,-
19:34:26.899,snap,default,com.coolapk.market,discharging,1,38,56,100,95,1,15.95,0,0.02,56,3.727,0.94,3.50338,27398,17313,0,-
19:34:27.900,snap,default,com.coolapk.market,discharging,1,38,53.2,100,95,1,16.14,0,0.01,67,3.709,1.18,4.37662,22895,14996,0,-
19:34:28.901,snap,default,com.coolapk.market,discharging,1,38,53.2,100,95,1,16.14,0,0.01,38,3.742,0.702,2.6268842,22895,14996,0,-
19:34:29.900,snap,default,com.coolapk.market,discharging,1,38,52.4,100,95,1,16.48,0,0.01,16,3.743,0.728,2.724904,18498,12200,0,-
19:34:30.901,snap,default,com.coolapk.market,discharging,1,38,52.1,100,95,1,16.48,0,0.01,15,3.735,0.804,3.00294,18498,12200,0,-
19:34:31.901,snap,default,com.coolapk.market,discharging,1,38,52.1,100,95,1,16.21,0,0.01,15,3.748,0.662,2.481176,18358,11172,0,-
19:34:32.902,snap,default,com.coolapk.market,discharging,1,38,51.3,100,95,1,15.63,0,0,19,3.757,0.642,2.411994,18358,11172,0,-
19:34:33.902,snap,default,com.coolapk.market,discharging,1,38,51.3,100,95,1,15.63,0,0,19,3.73,0.818,3.05114,17172,10030,0,-
19:34:34.902,snap,default,com.coolapk.market,discharging,1,38,51.7,100,95,1,16.24,0,0,24,3.742,0.802,3.001084,17172,10030,0,-
19:34:35.903,snap,default,com.coolapk.market,discharging,1,38,51.7,100,95,1,16.24,0,0,14,3.756,0.638,2.396328,20645,12383,0,-
19:34:36.904,snap,default,com.coolapk.market,discharging,1,38,54.7,100,95,1,16.37,0,0,14,3.756,0.638,2.396328,20645,12383,0,-
19:34:37.904,snap,default,com.coolapk.market,discharging,1,38,52.4,100,95,1,16.37,0,0,14,3.701,1.01,3.73801,16045,9891,0,-
19:34:38.904,snap,default,com.coolapk.market,discharging,1,38,52.4,100,95,1,16.37,0,0,44,3.745,0.9,3.3704998,16045,9891,0,-
19:34:39.906,snap,default,com.coolapk.market,discharging,1,38,52.4,100,95,1,19.39,0,0,41,3.669,1.534,5.628246,32807,19438,0,-
19:34:40.904,snap,default,com.coolapk.market,discharging,1,38,55.4,100,95,1,19.39,0,0,63,3.696,1.46,5.39616,32807,19438,0,-
19:34:41.906,snap,default,com.coolapk.market,discharging,1,38,56.4,100,95,1,22.21,0,0,52,3.674,1.452,5.334648,32244,16951,0,-
19:34:42.904,snap,default,com.coolapk.market,discharging,1,38,57.6,100,95,1,22.21,0,0,8,3.735,0.648,2.42028,32244,16951,0,-
19:34:43.905,snap,default,com.coolapk.market,discharging,1,38,57.6,100,95,1,21.27,0,0,17,3.7,0.964,3.5667999,23670,14713,0,-
19:34:44.905,snap,default,com.coolapk.market,discharging,1,38.1,57.6,100,95,1,21.27,0,0,30,3.683,1.56,5.74548,23670,14713,0,-
19:34:45.907,snap,default,com.coolapk.market,discharging,1,38.1,57.6,100,95,1,24.48,0,0.72,64,3.563,3.258,11.6082535,27333,16885,0,-
19:34:46.907,snap,default,com.coolapk.market,discharging,1,38.1,57.6,100,95,1,24.48,0,0.72,74,3.569,3.338,11.913322,27333,16885,0,-
19:34:47.908,snap,default,com.coolapk.market,discharging,1,38.1,57.6,100,95,1,24.75,0,0.95,75,3.599,3.086,11.106514,27305,17669,0,-
19:34:48.908,snap,default,com.coolapk.market,discharging,1,38.1,57.6,100,95,1,24.75,0,0.95,76,3.567,2.996,10.686732,27305,17669,0,-
19:34:49.908,snap,default,com.coolapk.market,discharging,1,38.1,57.6,100,95,1,24.44,0,0.78,75,3.572,2.88,10.28736,29416,17331,0,-
19:34:50.909,snap,default,com.coolapk.market,discharging,1,38.1,57.6,100,95,1,24.44,0,0.78,74,3.592,2.972,10.675424,29416,17331,0,-
19:34:51.909,snap,default,com.coolapk.market,discharging,1,38.1,60.6,100,95,1,26.17,0,1,74,3.687,1.898,6.997926,29416,17331,0,-
19:34:52.909,snap,default,com.coolapk.market,discharging,1,38.1,63.6,100,95,1,26.17,0,1,37,3.733,0.65,2.42645,19913,11529,0,-
19:34:53.909,snap,default,com.coolapk.market,discharging,1,38.1,65.5,100,95,1,23.78,0,0.82,14,3.68,1.204,4.43072,19913,11529,0,-
19:34:54.909,snap,default,com.coolapk.market,discharging,1,38.1,63.1,100,95,1,23.78,0,0.82,33,3.719,0.94,3.49586,17070,8865,0,-
19:34:55.910,snap,default,com.coolapk.market,discharging,1,38.1,60.7,100,95,1,23.28,0,0.67,25,3.692,1.22,4.50424,17070,8865,0,-
19:34:56.910,snap,default,com.coolapk.market,discharging,1,38.1,59.2,100,95,1,23.28,0,0.67,32,3.736,0.792,2.9589121,15655,8424,0,-
19:34:57.910,snap,default,com.coolapk.market,discharging,1,38.1,59.2,100,95,1,21.59,0,0.55,17,3.736,0.684,2.5554242,15655,8424,0,-
19:34:58.910,snap,default,com.coolapk.market,discharging,1,38.1,59.6,100,95,1,21.59,0,0.55,11,3.733,0.788,2.941604,13009,6569,0,-
19:34:59.912,snap,default,com.coolapk.market,discharging,1,38.1,59.6,100,95,1,20.76,0,0.45,18,3.717,0.962,3.5757542,13009,6569,0,-
19:35:00.912,snap,default,com.coolapk.market,discharging,1,38.1,59.6,100,95,1,20.76,0,0.45,10,3.7,1.02,3.774,22086,13823,0,-
19:35:01.912,snap,default,com.coolapk.market,discharging,1,38.1,58.4,100,95,1,21.89,0,0.36,22,3.716,1.084,4.028144,22086,13823,0,-
19:35:02.912,snap,default,com.coolapk.market,discharging,1,38.1,58.8,100,95,1,21.89,0,0.36,22,3.716,0.964,3.5822241,26852,16135,0,-
19:35:03.912,snap,default,com.coolapk.market,discharging,1,38.1,58.4,100,95,1,21.55,0,0.3,44,3.749,0.818,3.066682,26852,16135,0,-
19:35:04.912,snap,default,com.coolapk.market,discharging,1,38.1,58,100,95,1,20.18,0,0.24,60,3.708,1.054,3.908232,16606,10963,0,-
19:35:05.916,snap,default,com.coolapk.market,discharging,1,38.1,58,100,95,1,20.18,0,0.24,42,3.668,1.52,5.57536,16606,10963,0,-
19:35:06.917,snap,default,com.coolapk.market,discharging,1,38.1,57.2,100,95,1,21.23,0,0.2,27,3.72,1.274,4.73928,25744,15839,0,-
19:35:07.917,snap,default,com.coolapk.market,discharging,1,38.1,56,100,95,1,21.23,0,0.2,27,3.72,1.274,4.73928,25744,15839,0,-
19:35:08.917,snap,default,com.coolapk.market,discharging,1,38.1,55.2,100,95,1,21.23,0,0.2,27,3.722,0.872,3.2455838,15287,8434,0,-
19:35:09.917,snap,default,com.coolapk.market,discharging,1,38.1,54,100,95,1,20.65,0,0.16,22,3.749,0.508,1.9044921,15287,8434,0,-
19:35:10.917,snap,default,com.coolapk.market,discharging,1,38.1,54,100,95,1,20.65,0,0.16,15,3.74,0.646,2.4160402,15863,10334,0,-
19:35:11.917,snap,default,com.coolapk.market,discharging,1,38.1,55.2,100,95,1,19.98,0,0.13,20,3.734,0.702,2.621268,15863,10334,0,-
19:35:12.919,snap,default,com.coolapk.market,discharging,1,38.1,55.2,100,95,1,19.98,0,0.13,20,3.711,0.874,3.243414,21781,14036,0,-
19:35:13.919,snap,default,com.coolapk.market,discharging,1,38.1,57.2,100,95,1,19.26,0,0.11,18,3.73,0.86,3.2078001,21781,14036,0,-
19:35:14.920,snap,default,com.coolapk.market,discharging,1,38.1,60.2,100,95,1,19.26,0,0.11,0,3.692,0.994,3.669848,26716,12999,0,-
19:35:15.922,snap,default,com.coolapk.market,discharging,1,38.1,60.2,100,95,1,21.21,0.18,0.09,5,3.688,1.26,4.64688,26716,12999,0,-
19:35:16.921,snap,default,com.coolapk.market,discharging,1,38.1,60.2,100,95,1,21.21,0.18,0.09,0,3.605,2.552,9.19996,48093,19352,0,-
19:35:17.921,snap,default,com.coolapk.market,discharging,1,38.1,61.1,100,95,1,27.87,0.51,0.79,27,3.667,1.94,7.1139803,48093,19352,0,-
19:35:18.922,snap,default,com.coolapk.market,discharging,1,38.1,61.1,100,95,1,27.87,0.51,0.79,24,3.714,1.118,4.152252,48093,19352,0,-
19:35:19.921,snap,default,com.coolapk.market,discharging,1,38.1,60.3,100,95,1,25.9,0.41,0.65,18,3.701,0.942,3.486342,24524,15037,0,-
19:35:20.922,snap,default,com.coolapk.market,discharging,1,38.1,58,100,95,1,25.9,0.41,0.65,35,3.74,0.774,2.89476,24524,15037,0,-
19:35:21.922,snap,default,com.coolapk.market,discharging,1,38.1,55,100,95,1,23.74,0.34,0.53,0,3.713,0.69,2.56197,17301,9108,0,-
19:35:22.923,snap,default,com.coolapk.market,discharging,1,38.1,54,100,95,1,23.74,0.34,0.53,21,3.756,0.754,2.832024,17301,9108,0,-
19:35:23.923,snap,default,com.coolapk.market,discharging,1,38.1,53.2,100,95,1,22.7,0.27,0.43,24,3.748,0.62,2.32376,15041,9123,0,-
19:35:24.924,snap,default,com.coolapk.market,discharging,1,38.1,52.8,100,95,1,22.7,0.27,0.43,24,3.751,0.51,1.9130099,15041,9123,0,-
19:35:25.926,snap,default,com.coolapk.market,discharging,1,38.1,50.9,100,95,1,20.58,0.22,0.35,0,3.763,0.534,2.0094419,9226,4464,0,-
19:35:26.925,snap,default,com.coolapk.market,discharging,1,38.1,50.9,100,95,1,20.58,0.22,0.35,15,3.762,0.614,2.309868,9226,4464,0,-
19:35:27.926,snap,default,com.coolapk.market,discharging,1,38.1,51.3,100,95,1,19.75,0.18,0.29,24,3.746,0.936,3.506256,15951,7825,0,-
19:35:28.926,snap,default,com.coolapk.market,discharging,1,38.1,51.3,100,95,1,19.75,0.18,0.29,21,3.757,0.488,1.833416,15951,7825,0,-
19:35:29.926,snap,default,com.coolapk.market,discharging,1,38.1,50.5,100,95,1,18.34,0.15,0.24,21,3.758,0.434,1.6309719,9119,4784,0,-
19:35:30.926,snap,default,com.coolapk.market,discharging,1,38.1,49.7,100,95,1,18.34,0.15,0.24,0,3.765,0.308,1.15962,9119,4784,0,-
19:35:31.932,snap,default,com.coolapk.market,discharging,1,38.1,49.7,100,95,1,17.38,0.12,0.19,12,3.738,0.76,2.84088,14180,6704,0,-
19:35:32.931,snap,default,com.coolapk.market,discharging,1,38.1,52.1,100,95,1,17.38,0.12,0.19,37,3.751,0.768,2.880768,14180,6704,0,-
19:35:33.935,snap,default,com.coolapk.market,discharging,1,38.1,52.1,100,95,1,17.31,0.1,0.16,35,3.729,0.916,3.415764,20377,11379,0,-
19:35:34.933,snap,default,com.coolapk.market,discharging,1,38.1,53.2,100,95,1,17.31,0.1,0.16,24,3.744,0.762,2.8529282,20377,11379,0,-
19:35:35.934,snap,default,com.coolapk.market,discharging,1,38.1,51.3,100,95,1,16.71,0.08,0.13,33,3.752,0.638,2.3937762,12545,6723,0,-
19:35:36.934,snap,default,com.coolapk.market,discharging,1,38.1,50.9,100,95,1,15.67,0.06,0.1,0,3.765,0.386,1.4532901,12545,6723,0,-
19:35:37.934,snap,default,com.coolapk.market,discharging,1,38.1,50.9,100,95,1,15.67,0.06,0.1,28,3.765,0.386,1.4532901,13815,8715,0,-
19:35:38.935,snap,default,com.coolapk.market,discharging,1,38.1,50.9,100,95,1,15.67,0.06,0.1,28,3.737,0.774,2.892438,13815,8715,0,-
19:35:39.935,snap,default,com.coolapk.market,discharging,1,38.1,49.3,100,95,1,15.91,0.05,0.08,11,3.741,0.588,2.199708,12706,7711,0,-
19:35:40.935,snap,default,com.coolapk.market,discharging,1,38.1,49.3,100,95,1,15.91,0.05,0.08,0,3.74,0.65,2.431,12706,7711,0,-
19:35:41.935,snap,default,com.coolapk.market,discharging,1,38.1,50.1,100,95,1,15.38,0.04,0.07,25,3.737,0.598,2.234726,11812,6724,0,-
19:35:42.935,snap,default,com.coolapk.market,discharging,1,38.1,50.1,100,95,1,15.38,0.04,0.07,19,3.748,0.756,2.8334877,11812,6724,0,-
19:35:43.937,snap,default,com.coolapk.market,discharging,1,38,50.1,100,95,1,14.95,0.03,0.05,31,3.749,0.69,2.58681,10694,5763,0,-
19:35:44.937,snap,default,com.coolapk.market,discharging,1,38,48.5,100,95,1,14.95,0.03,0.05,19,3.755,0.51,1.91505,10694,5763,0,-
19:35:45.937,snap,default,com.coolapk.market,discharging,1,38,48.5,100,95,1,14.23,0.03,0.04,19,3.765,0.362,1.3629299,10694,5763,0,-
19:35:46.938,snap,default,com.coolapk.market,discharging,1,38,47.7,100,95,1,14.23,0.03,0.04,18,3.75,0.658,2.4675,10386,4773,0,-
19:35:47.938,snap,default,com.coolapk.market,discharging,1,38,48.1,100,95,1,14.55,0.02,0.03,18,3.764,0.424,1.595936,10386,4773,0,-
19:35:48.938,snap,default,com.coolapk.market,discharging,1,38,48.1,100,95,1,14.55,0.02,0.03,19,3.726,0.808,3.0106082,10541,6054,0,-
19:35:49.939,snap,default,com.coolapk.market,discharging,1,38,48.1,100,95,1,14.81,0.01,0.03,33,3.751,0.586,2.198086,10541,6054,0,-
19:35:50.939,snap,default,com.coolapk.market,discharging,1,38,49.3,100,95,1,14.81,0.01,0.03,16,3.754,0.496,1.8619839,12197,5729,0,-
19:35:51.939,snap,default,com.coolapk.market,discharging,1,38,49.7,100,95,1,13.76,0.01,0.02,36,3.73,0.914,3.40922,12197,5729,0,-
19:35:52.940,snap,default,com.coolapk.market,discharging,1,38,49.7,100,95,1,13.76,0.01,0.02,42,3.733,0.728,2.717624,21271,11679,0,-
19:35:53.942,snap,default,com.coolapk.market,discharging,1,38,48.9,100,95,1,12.9,0.01,0.02,42,3.755,0.596,2.2379801,21271,11679,0,-
19:35:54.942,snap,default,com.coolapk.market,discharging,1,38,48.9,100,95,1,12.9,0.01,0.02,42,3.768,0.35,1.3188,8437,3223,0,-
19:35:55.942,snap,default,com.coolapk.market,discharging,1,38,47.7,100,95,1,10.92,0.01,0.01,42,3.754,0.51,1.9145399,8437,3223,0,-
19:35:56.943,snap,default,com.coolapk.market,discharging,1,38,47.3,100,95,1,10.92,0.01,0.01,0,3.758,0.372,1.397976,7703,2320,0,-
19:35:57.943,snap,default,com.coolapk.market,discharging,1,38,47.3,100,95,1,9.67,0,0.01,0,3.762,0.398,1.4972761,7703,2320,0,-
19:35:58.944,snap,default,com.coolapk.market,discharging,1,38,47.3,100,95,1,9.67,0,0.01,0,3.766,0.35,1.3181,5419,1683,0,-
19:35:59.944,snap,default,com.coolapk.market,discharging,1,38,46.9,100,95,1,8.28,0,0.01,0,3.759,0.414,1.556226,5419,1683,0,-
19:36:00.945,snap,default,com.coolapk.market,discharging,1,38,46.9,100,95,1,8.28,0,0.01,0,3.751,0.578,2.168078,7691,2553,0,-
19:36:01.946,snap,default,com.coolapk.market,discharging,1,38,46.5,100,95,1,7.5,0,0,0,3.769,0.492,1.8543481,7691,2553,0,-
19:36:02.946,snap,default,com.coolapk.market,discharging,1,38,47.3,100,95,1,7.5,0,0,7,3.749,0.52,1.9494799,8463,3586,0,-
19:36:03.946,snap,default,com.coolapk.market,discharging,1,38,49.3,100,95,1,8.32,0,0,7,3.727,0.82,3.05614,8463,3586,0,-
19:36:04.947,snap,default,com.coolapk.market,discharging,1,37.9,49.3,100,95,1,8.32,0,0,35,3.757,0.524,1.968668,14355,8516,0,-
19:36:05.947,snap,default,com.coolapk.market,discharging,1,37.9,47.7,100,95,1,9.53,0,0,0,3.758,0.5,1.879,14355,8516,0,-
19:36:06.948,snap,default,com.coolapk.market,discharging,1,37.9,47.7,100,95,1,9.53,0,0,23,3.758,0.5,1.879,12494,7002,0,-
19:36:07.949,snap,default,com.coolapk.market,discharging,1,37.9,46.9,100,95,1,9.53,0,0,23,3.746,0.624,2.3375041,12494,7002,0,-
19:36:08.950,snap,default,com.coolapk.market,discharging,1,37.9,46.9,100,95,1,10.34,0,0,23,3.768,0.328,1.235904,6702,3181,0,-
19:36:09.949,snap,default,com.coolapk.market,discharging,1,37.9,46.9,100,95,1,10.46,0,0,23,3.771,0.422,1.5913619,6702,3181,0,-
19:36:10.951,snap,default,com.coolapk.market,discharging,1,37.9,46.9,100,95,1,10.46,0,0,39,3.633,2.424,8.806392,6702,3181,0,-
19:36:11.950,snap,default,com.coolapk.market,discharging,1,37.9,46.9,100,95,1,14.18,0,0.18,73,3.594,2.708,9.732553,26679,16768,0,-
19:36:12.950,snap,default,com.coolapk.market,discharging,1,37.9,46.9,100,95,1,14.18,0,0.18,76,3.582,2.792,10.000944,26679,16768,0,-
19:36:13.951,snap,default,com.coolapk.market,discharging,1,37.9,46.9,100,95,1,17.04,0,0.15,77,3.6,2.442,8.7912,27487,17090,0,-
19:36:14.954,snap,default,com.coolapk.market,discharging,1,37.9,46.9,100,95,1,17.04,0,0.15,78,3.61,2.556,9.2271595,27487,17090,0,-
19:36:15.954,snap,default,com.coolapk.market,discharging,1,37.9,46.9,100,95,1,18.3,0,0.12,75,3.607,2.61,9.414269,25952,15945,0,-
19:36:16.955,snap,default,com.coolapk.market,discharging,1,37.9,46.9,100,95,1,18.3,0,0.12,70,3.608,2.746,9.907568,25952,15945,0,-
19:36:17.955,snap,default,com.coolapk.market,discharging,1,37.9,46.9,100,95,1,19.52,0,0.1,62,3.717,0.926,3.441942,24717,13178,0,-
19:36:18.955,snap,default,com.coolapk.market,discharging,1,37.9,49.9,100,95,1,19.52,0,0.1,62,3.747,0.56,2.09832,24717,13178,0,-
19:36:19.955,snap,default,com.coolapk.market,discharging,1,37.9,52.9,100,95,1,17.97,0,0.08,0,3.733,0.506,1.8888979,10311,5341,0,-
19:36:20.956,snap,default,com.coolapk.market,discharging,1,37.9,54.4,100,95,1,17.97,0,0.08,15,3.718,0.792,2.944656,10311,5341,0,-
19:36:21.957,snap,default,com.coolapk.market,discharging,1,37.9,52.8,100,95,1,17.25,0,0.06,25,3.75,0.57,2.1375,11080,5832,0,-
19:36:22.958,snap,default,com.coolapk.market,discharging,1,37.9,52.8,100,95,1,17.25,0,0.06,0,3.754,0.418,1.569172,11080,5832,0,-
19:36:23.958,snap,default,com.coolapk.market,discharging,1,37.9,49.8,100,95,1,16.12,0,0.05,0,3.761,0.338,1.271218,8904,4283,0,-
19:36:24.959,snap,default,com.coolapk.market,discharging,1,37.9,48.5,100,95,1,16.12,0,0.05,0,3.749,0.432,1.6195681,8904,4283,0,-
19:36:25.959,snap,default,com.coolapk.market,discharging,1,37.9,48.5,100,95,1,15.37,0,0.04,0,3.761,0.446,1.677406,11906,5804,0,-
19:36:26.960,snap,default,com.coolapk.market,discharging,1,37.9,49.7,100,95,1,15.37,0,0.04,0,3.745,0.622,2.3293898,11906,5804,0,-
19:36:27.960,snap,default,com.coolapk.market,discharging,1,37.9,49.7,100,95,1,15.3,0,0.03,17,3.746,0.652,2.442392,12225,6517,0,-
19:36:28.961,snap,default,com.coolapk.market,discharging,1,37.9,52.1,100,95,1,15.3,0,0.03,17,3.753,0.578,2.169234,12225,6517,0,-
19:36:29.960,snap,default,com.coolapk.market,discharging,1,37.9,51.7,100,95,1,15.07,0,0.02,30,3.713,1.1,4.0843,13843,7189,0,-
19:36:30.961,snap,default,com.coolapk.market,discharging,1,37.9,51.7,100,95,1,15.07,0,0.02,29,3.707,0.934,3.462338,13843,7189,0,-
19:36:31.961,snap,default,com.coolapk.market,discharging,1,37.9,51.7,100,95,1,14.69,0,0.02,29,3.749,0.742,2.781758,14754,8697,0,-
19:36:32.961,snap,default,com.coolapk.market,discharging,1,37.9,52.4,100,95,1,14.69,0,0.02,40,3.715,0.86,3.1949,14754,8697,0,-
19:36:33.962,snap,default,com.coolapk.market,discharging,1,37.9,52.4,100,95,1,15.65,0,0.01,24,3.755,0.644,2.41822,19684,12965,0,-
19:36:34.962,snap,default,com.coolapk.market,discharging,1,37.9,49.7,100,95,1,15.65,0,0.01,24,3.761,0.344,1.293784,19684,12965,0,-
19:36:35.963,snap,default,com.coolapk.market,discharging,1,37.9,49.3,100,95,1,14.63,0,0.01,24,3.761,0.352,1.323872,5736,2202,0,-
19:36:36.964,snap,default,com.coolapk.market,discharging,1,37.9,46.5,100,95,1,14.63,0,0.01,0,3.765,0.278,1.04667,5736,2202,0,-
19:36:37.964,snap,default,com.coolapk.market,discharging,1,37.9,46.5,100,95,1,13.42,0,0.01,0,3.765,0.278,1.04667,5736,2202,0,-
19:36:38.964,snap,default,com.coolapk.market,discharging,1,37.9,46.5,100,95,1,13.42,0,0.01,0,3.765,0.324,1.2198601,5113,2105,0,-
19:36:39.964,snap,default,com.coolapk.market,discharging,1,37.9,49.5,100,95,1,13.17,0,0.01,6,3.764,0.294,1.106616,5113,2105,0,-
19:36:40.965,snap,default,com.coolapk.market,discharging,1,37.9,50.5,100,95,1,13.17,0,0.01,38,3.72,0.964,3.58608,14537,8986,0,-
19:36:41.965,snap,default,com.coolapk.market,discharging,1,37.9,50.1,100,95,1,13.68,0,0,38,3.733,0.89,3.32237,14537,8986,0,-
19:36:42.966,snap,default,com.coolapk.market,discharging,1,37.9,48.9,100,95,1,13.68,0,0,30,3.758,0.372,1.397976,10158,5349,0,-
19:36:43.966,snap,default,com.coolapk.market,discharging,1,37.9,48.9,100,95,1,13.37,0,0,13,3.742,0.546,2.043132,10158,5349,0,-
19:36:44.966,snap,default,com.coolapk.market,discharging,1,37.9,51.7,100,95,1,13.37,0,0,0,3.71,0.886,3.28706,14414,7753,0,-
19:36:45.966,snap,default,com.coolapk.market,discharging,1,37.9,51.7,100,95,1,14.03,0,0,13,3.702,1.004,3.7168076,14414,7753,0,-
19:36:46.968,snap,default,com.coolapk.market,discharging,1,37.9,50.9,100,95,1,14.03,0,0,33,3.753,0.626,2.3493779,14120,7977,0,-
19:36:47.968,snap,default,com.coolapk.market,discharging,1,37.9,50.5,100,95,1,13.48,0,0,33,3.739,0.698,2.609822,14120,7977,0,-
19:36:48.969,snap,default,com.coolapk.market,discharging,1,37.9,47.7,100,95,1,13.48,0,0,0,3.768,0.294,1.107792,6500,2865,0,-
19:36:49.969,snap,default,com.coolapk.market,discharging,1,37.9,47.7,100,95,1,14.12,0,0,26,3.751,0.554,2.078054,6500,2865,0,-
19:36:50.969,snap,default,com.coolapk.market,discharging,1,37.9,49.3,100,95,1,14.12,0,0,0,3.738,0.736,2.751168,12386,4985,0,-
19:36:51.970,snap,default,com.coolapk.market,discharging,1,37.9,49.3,100,95,1,14.09,0,0,28,3.74,0.678,2.5357199,12386,4985,0,-
19:36:52.971,snap,default,com.coolapk.market,discharging,1,37.9,47.7,100,95,1,14.09,0,0,16,3.76,0.402,1.51152,9150,4440,0,-
19:36:53.971,snap,default,com.coolapk.market,discharging,1,37.9,46.9,100,95,1,13.35,0,0,16,3.761,0.382,1.436702,9150,4440,0,-
19:36:54.972,snap,default,com.coolapk.market,discharging,1,37.9,46.1,100,95,1,13.35,0,0,16,3.74,0.458,1.7129201,8478,3729,0,-
19:36:55.972,snap,default,com.coolapk.market,discharging,1,37.9,46.1,100,95,1,12.92,0,0,14,3.752,0.538,2.018576,8478,3729,0,-
19:36:56.972,snap,default,com.coolapk.market,discharging,1,37.9,48.1,100,95,1,12.92,0,0,23,3.76,0.548,2.0604799,9704,5001,0,-
19:36:57.973,snap,default,com.coolapk.market,discharging,1,37.9,50.1,100,95,1,12.94,0,0,23,3.714,1.084,4.025976,9704,5001,0,-
19:36:58.975,snap,default,com.coolapk.market,discharging,1,37.9,50.1,100,95,1,12.94,0,0,21,3.764,0.54,2.03256,14540,7234,0,-
19:36:59.980,snap,default,com.coolapk.market,discharging,1,37.9,50.1,100,95,1,14.04,0,0,20,3.747,0.692,2.5929239,14540,7234,0,-
19:37:00.981,snap,default,com.coolapk.market,discharging,1,37.9,49.7,100,95,1,14.04,0,0,20,3.763,0.366,1.377258,12312,6478,0,-
19:37:01.982,snap,default,com.coolapk.market,discharging,1,37.9,46.9,100,95,1,13.3,0,0,20,3.765,0.356,1.34034,12312,6478,0,-
19:37:02.982,snap,default,com.coolapk.market,discharging,1,37.9,46.9,100,95,1,13.3,0,0,0,3.719,0.654,2.432226,12852,7162,0,-
19:37:03.982,snap,default,com.coolapk.market,discharging,1,37.9,48.5,100,95,1,13.97,0,0,26,3.753,0.666,2.4994981,12852,7162,0,-
19:37:04.982,snap,default,com.coolapk.market,discharging,1,37.9,48.5,100,95,1,13.97,0,0,26,3.762,0.428,1.610136,12852,7162,0,-
19:37:05.982,snap,default,com.coolapk.market,discharging,1,37.9,47.3,100,95,1,13.98,0,0,0,3.772,0.336,1.267392,9632,4633,0,-
19:37:06.983,snap,default,com.coolapk.market,discharging,1,37.9,47.3,100,95,1,13.98,0,0,0,3.767,0.364,1.3711879,9632,4633,0,-
19:37:07.983,snap,default,com.coolapk.market,discharging,1,37.9,47.3,100,95,1,13.44,0,0,15,3.767,0.364,1.3711879,8457,3651,0,-
19:37:08.983,snap,default,com.coolapk.market,discharging,1,38,47.3,100,95,1,13.44,0,0,15,3.659,1.418,5.188462,8457,3651,0,-
19:37:09.983,snap,default,com.coolapk.market,discharging,1,38,47.3,100,95,1,13.44,0,0,76,3.602,2.788,10.0423765,26151,16571,0,-
19:37:10.983,snap,default,com.coolapk.market,discharging,1,38,47.3,100,95,1,16.62,0,0,78,3.628,2.404,8.721712,26151,16571,0,-
19:37:11.987,snap,default,com.coolapk.market,discharging,1,38,47.3,100,95,1,17.95,0,0,75,3.602,2.42,8.716841,27382,17361,0,-
19:37:12.984,snap,default,com.coolapk.market,discharging,1,38,47.3,100,95,1,17.95,0,0,74,3.593,2.672,9.600495,27382,17361,0,-
19:37:13.984,snap,default,com.coolapk.market,discharging,1,38,47.3,100,95,1,20.68,0,0,78,3.577,2.782,9.951214,30747,18416,0,-
19:37:14.985,snap,default,com.coolapk.market,discharging,1,38,47.3,100,95,1,20.68,0,0,75,3.56,3.004,10.69424,30747,18416,0,-
19:37:15.985,snap,default,com.coolapk.market,discharging,1,38,47.3,100,95,1,21.28,0,0.36,41,3.722,0.582,2.166204,17877,9558,0,-
19:37:16.985,snap,default,com.coolapk.market,discharging,1,38,47.3,100,95,1,21.28,0,0.36,0,3.713,0.868,3.222884,17877,9558,0,-
19:37:17.986,snap,default,com.coolapk.market,discharging,1,38,50.3,100,95,1,19.6,0,0.29,25,3.75,0.516,1.935,10276,5198,0,-
19:37:18.987,snap,default,com.coolapk.market,discharging,1,38,53.3,100,95,1,19.6,0,0.29,0,3.739,0.65,2.43035,10276,5198,0,-
19:37:19.987,snap,default,com.coolapk.market,discharging,1,38,52.4,100,95,1,18.76,0,0.24,19,3.737,0.758,2.8326461,14381,7807,0,-
19:37:20.987,snap,default,com.coolapk.market,discharging,1,38,54,100,95,1,18.76,0,0.24,21,3.757,0.582,2.186574,14381,7807,0,-
19:37:21.987,snap,default,com.coolapk.market,discharging,1,38,53.2,100,95,1,17.54,0,0.19,21,3.722,0.99,3.68478,10423,5678,0,-
19:37:22.988,snap,default,com.coolapk.market,discharging,1,38,54.8,100,95,1,17.54,0,0.19,27,3.747,0.558,2.090826,10423,5678,0,-
19:37:23.988,snap,default,com.coolapk.market,discharging,1,38,53.2,100,95,1,16.53,0,0.16,27,3.728,0.82,3.0569599,10143,5253,0,-
19:37:24.988,snap,default,com.coolapk.market,discharging,1,38,54,100,95,1,16.53,0,0.16,22,3.753,0.66,2.4769802,10143,5253,0,-
19:37:25.988,snap,default,com.coolapk.market,discharging,1,38,51.3,100,95,1,15.35,0,0.13,22,3.753,0.61,2.28933,9934,5090,0,-
19:37:26.988,snap,default,com.coolapk.market,discharging,1,38,50.5,100,95,1,15.35,0,0.13,0,3.75,0.584,2.19,9934,5090,0,-
19:37:27.989,snap,default,com.coolapk.market,discharging,1,38,49.7,100,95,1,15.65,0,0.1,0,3.764,0.336,1.264704,7848,2744,0,-
19:37:28.989,snap,default,com.coolapk.market,discharging,1,38,48.5,100,95,1,15.65,0,0.1,0,3.75,0.442,1.6575,7848,2744,0,-
19:37:29.989,snap,default,com.coolapk.market,discharging,1,38.1,47.7,100,95,1,14.62,0,0.08,0,3.764,0.314,1.181896,7848,2744,0,-
19:37:30.990,snap,default,com.coolapk.market,discharging,1,38.1,47.3,100,95,1,14.62,0,0.08,0,3.753,0.412,1.546236,7006,3155,0,-
19:37:31.990,snap,default,com.coolapk.market,discharging,1,38.1,47.3,100,95,1,14.15,0,0.07,14,3.74,0.752,2.81248,7006,3155,0,-
19:37:32.990,snap,default,com.coolapk.market,discharging,1,38.1,47.3,100,95,1,14.15,0,0.07,14,3.762,0.308,1.158696,14734,7716,0,-
19:37:33.991,snap,default,com.coolapk.market,discharging,1,38.1,47.3,100,95,1,13.94,0,0.05,0,3.76,0.366,1.37616,14734,7716,0,-
19:37:34.991,snap,default,com.coolapk.market,discharging,1,38.1,46.9,100,95,1,13.94,0,0.05,0,3.763,0.316,1.189108,5552,1924,0,-
19:37:35.991,snap,default,com.coolapk.market,discharging,1,38.1,46.1,100,95,1,12.68,0,0.04,0,3.762,0.372,1.399464,5552,1924,0,-
19:37:36.991,snap,default,com.coolapk.market,discharging,1,38.1,46.1,100,95,1,12.68,0,0.04,0,3.764,0.318,1.196952,6215,2656,0,-
19:37:37.992,snap,default,com.coolapk.market,discharging,1,38.1,46.1,100,95,1,12.19,0,0.03,0,3.764,0.318,1.196952,6215,2656,0,-
19:37:38.992,snap,default,com.coolapk.market,discharging,1,38.1,46.1,100,95,1,12.19,0,0.03,0,3.767,0.332,1.250644,7099,2601,0,-
19:37:39.992,snap,default,com.coolapk.market,discharging,1,38.1,46.1,100,95,1,12.19,0,0.03,0,3.768,0.3,1.1304001,7099,2601,0,-
19:37:40.993,snap,default,com.coolapk.market,discharging,1,38.1,45.7,100,95,1,11.25,0,0.03,0,3.769,0.358,1.349302,4727,1711,0,-
19:37:41.993,snap,default,com.coolapk.market,discharging,1,38.1,45.3,100,95,1,11.25,0,0.03,0,3.764,0.282,1.061448,4727,1711,0,-
19:37:42.993,snap,default,com.coolapk.market,discharging,1,38.1,45.3,100,95,1,10.48,0,0.02,0,3.763,0.366,1.377258,6609,3003,0,-
19:37:44.007,snap,default,com.coolapk.market,discharging,1,38.1,48.3,100,95,1,11.12,0,0.02,16,3.709,0.772,2.8633482,6609,3003,0,-
19:37:45.007,snap,default,com.coolapk.market,discharging,1,38.1,48.3,100,95,1,11.12,0,0.02,42,3.676,1.194,4.389144,24278,14142,0,-
19:37:46.007,snap,default,com.coolapk.market,discharging,1,38.1,48.3,100,95,1,15.08,0,0.01,75,3.576,2.842,10.162992,24278,14142,0,-
19:37:47.008,snap,default,com.coolapk.market,discharging,1,38.1,51.3,100,95,1,15.08,0,0.01,75,3.617,2.42,8.75314,27173,16020,0,-
19:37:48.016,snap,default,com.coolapk.market,discharging,1,38.1,51.3,100,95,1,16.51,0,0.01,75,3.745,0.808,3.02596,27173,16020,0,-
19:37:49.016,snap,default,com.coolapk.market,discharging,1,38.1,51.3,100,95,1,16.51,0,0.01,48,3.606,2.31,8.32986,28577,15289,0,-
19:37:50.016,snap,default,com.coolapk.market,discharging,1,38.1,51.3,100,95,1,22.22,0.18,0.01,72,3.572,3.21,11.46612,28577,15289,0,-
19:37:51.016,snap,default,com.coolapk.market,discharging,1,38.1,51.3,100,95,1,22.22,0.18,0.01,76,3.569,3.042,10.856898,30792,16902,0,-
19:37:52.018,snap,default,com.coolapk.market,discharging,1,38.2,51.3,100,95,1,24.17,0.14,0.19,77,3.585,3.034,10.87689,30792,16902,0,-
19:37:53.018,snap,default,com.coolapk.market,discharging,1,38.2,51.3,100,95,1,24.17,0.14,0.19,78,3.542,3.538,12.531596,34396,14298,0,-
19:37:54.019,snap,default,com.coolapk.market,discharging,1,38.2,51.3,100,95,1,33.38,0.3,1.78,78,3.545,3.39,12.01755,34396,14298,0,-
19:37:55.019,snap,default,com.coolapk.market,discharging,1,38.2,51.3,100,95,1,33.38,0.3,1.78,75,3.605,2.474,8.91877,28710,12033,0,-
19:37:56.020,snap,default,com.coolapk.market,discharging,1,38.2,54.3,100,95,1,34.4,0.61,2.73,21,3.728,0.588,2.192064,28710,12033,0,-
19:37:57.020,snap,default,com.coolapk.market,discharging,1,38.2,57.3,100,95,1,34.4,0.61,2.73,21,3.744,0.468,1.7521919,28710,12033,0,-
19:37:58.020,snap,default,com.coolapk.market,discharging,1,38.2,58,100,95,1,29.79,0.49,2.23,0,3.752,0.43,1.61336,7680,3691,0,-
19:37:59.021,snap,default,com.coolapk.market,discharging,1,38.2,55,100,95,1,29.79,0.49,2.23,0,3.756,0.358,1.344648,7680,3691,0,-
19:38:00.021,snap,default,com.coolapk.market,discharging,1,38.2,54,100,95,1,26.21,0.4,1.83,0,3.747,0.474,1.776078,6984,2370,0,-
19:38:01.022,snap,default,com.coolapk.market,discharging,1,38.2,52.1,100,95,1,26.21,0.4,1.83,0,3.746,0.478,1.790588,6984,2370,0,-
19:38:02.022,snap,default,com.coolapk.market,discharging,1,38.2,51.7,100,95,1,22.73,0.33,1.49,0,3.75,0.522,1.9575001,8920,3353,0,-
19:38:03.022,snap,default,com.coolapk.market,discharging,1,38.2,50.9,100,95,1,22.73,0.33,1.49,0,3.76,0.346,1.30096,8920,3353,0,-
19:38:04.023,snap,default,com.coolapk.market,discharging,1,38.2,50.1,100,95,1,20.6,0.27,1.22,0,3.752,0.408,1.530816,6818,2415,0,-
19:38:05.023,snap,default,com.coolapk.market,discharging,1,38.2,49.3,100,95,1,20.6,0.27,1.22,0,3.755,0.352,1.32176,6818,2415,0,-
19:38:06.024,snap,default,com.coolapk.market,discharging,1,38.2,49.3,100,95,1,18.68,0.22,1,14,3.753,0.422,1.583766,6442,2216,0,-
19:38:07.024,snap,default,com.coolapk.market,discharging,1,38.3,48.9,100,95,1,18.68,0.22,1,0,3.767,0.286,1.0773621,6442,2216,0,-
19:38:08.025,snap,default,com.coolapk.market,discharging,1,38.3,48.5,100,95,1,16.74,0.18,0.82,0,3.767,0.286,1.0773621,4308,1528,0,-
19:38:09.025,snap,default,com.coolapk.market,discharging,1,38.3,47.7,100,95,1,16.74,0.18,0.82,0,3.768,0.29,1.0927199,4308,1528,0,-
19:38:10.026,snap,default,com.coolapk.market,discharging,1,38.3,47.3,100,95,1,16.74,0.18,0.82,0,3.767,0.308,1.160236,4720,1788,0,-
19:38:11.026,snap,default,com.coolapk.market,discharging,1,38.3,47.3,100,95,1,15.16,0.14,0.67,0,3.752,0.438,1.643376,4720,1788,0,-
19:38:12.026,snap,default,com.coolapk.market,discharging,1,38.3,47.3,100,95,1,15.16,0.14,0.67,0,3.767,0.314,1.1828381,7197,2469,0,-
19:38:13.044,snap,default,com.coolapk.market,discharging,1,38.3,48.9,100,95,1,15.85,0.12,0.55,0,3.747,0.524,1.9634279,7197,2469,0,-
19:38:14.046,snap,default,com.coolapk.market,discharging,1,38.3,48.9,100,95,1,16.97,0.1,0.45,18,3.762,0.722,2.716164,18723,10869,0,-
19:38:15.045,snap,default,com.coolapk.market,discharging,1,38.3,48.9,100,95,1,16.97,0.1,0.45,75,3.643,2.264,8.247751,18723,10869,0,-
19:38:16.046,snap,default,com.coolapk.market,discharging,1,38.3,48.9,100,95,1,18.78,0.08,0.36,79,3.609,2.364,8.531676,26707,17072,0,-
19:38:17.054,snap,default,com.coolapk.market,discharging,1,38.3,48.9,100,95,1,18.78,0.08,0.36,76,3.627,2.246,8.146242,26707,17072,0,-
19:38:18.046,snap,default,com.coolapk.market,discharging,1,38.3,48.9,100,95,1,20.09,0.06,0.3,75,3.58,2.56,9.1648,25149,14361,0,-
19:38:19.047,snap,default,com.coolapk.market,discharging,1,38.3,51.9,100,95,1,20.09,0.06,0.3,49,3.698,0.906,3.350388,25149,14361,0,-
19:38:20.048,snap,default,com.coolapk.market,discharging,1,38.3,54.9,100,95,1,18.99,0.05,0.24,0,3.714,0.702,2.607228,15293,8394,0,-
19:38:21.047,snap,default,com.coolapk.market,discharging,1,38.3,54.9,100,95,1,18.99,0.05,0.24,36,3.653,1.454,5.311462,15293,8394,0,-
19:38:22.049,snap,default,com.coolapk.market,discharging,1,38.3,54.9,100,95,1,19.89,0.04,0.2,83,3.607,2.156,7.776692,24787,16426,0,-
19:38:23.049,snap,default,com.coolapk.market,discharging,1,38.4,54.9,100,95,1,19.89,0.04,0.2,80,3.625,2.384,8.642,24787,16426,0,-
19:38:24.049,snap,default,com.coolapk.market,discharging,1,38.4,54.9,100,95,1,20.46,0.03,0.16,79,3.58,2.468,8.83544,24787,16426,0,-
19:38:25.053,snap,default,com.coolapk.market,discharging,1,38.4,54.9,100,95,1,20.46,0.03,0.16,79,3.599,2.382,8.572818,26316,16644,0,-
19:38:26.058,snap,default,com.coolapk.market,discharging,1,38.4,54.9,100,95,1,21.1,0.02,0.13,80,3.567,2.864,10.215888,26316,16644,0,-
19:38:27.057,snap,default,com.coolapk.market,discharging,1,38.4,57.9,100,95,1,21.1,0.02,0.13,72,3.721,1.416,5.268936,27437,16121,0,-
19:38:28.058,snap,default,com.coolapk.market,discharging,1,38.4,60.9,100,95,1,20.35,0.02,0.11,72,3.726,0.722,2.690172,27437,16121,0,-
19:38:29.058,snap,default,com.coolapk.market,discharging,1,38.4,61.9,100,95,1,20.35,0.02,0.11,35,3.729,0.818,3.050322,11939,6261,0,-
19:38:30.060,snap,default,com.coolapk.market,discharging,1,38.4,58.9,100,95,1,18.66,0.01,0.09,35,3.746,0.44,1.64824,11939,6261,0,-
19:38:31.060,snap,default,com.coolapk.market,discharging,1,38.4,55.9,100,95,1,18.66,0.01,0.09,0,3.73,0.468,1.74564,7458,3304,0,-
19:38:32.061,snap,default,com.coolapk.market,discharging,1,38.4,53.6,100,95,1,17.09,0.01,0.07,17,3.709,0.722,2.6778982,7458,3304,0,-
19:38:33.061,snap,default,com.coolapk.market,discharging,1,38.4,53.6,100,95,1,17.09,0.01,0.07,34,3.718,0.826,3.0710678,11769,6781,0,-
19:38:34.061,snap,default,com.coolapk.market,discharging,1,38.4,53.6,100,95,1,16.17,0.01,0.06,34,3.761,0.366,1.376526,11769,6781,0,-
19:38:35.062,snap,default,com.coolapk.market,discharging,1,38.4,53.6,100,95,1,16.17,0.01,0.06,0,3.744,0.69,2.58336,10690,4792,0,-
19:38:36.063,snap,default,com.coolapk.market,discharging,1,38.4,52.4,100,95,1,17.04,0,0.04,27,3.709,0.762,2.8262582,10690,4792,0,-
19:38:37.063,snap,default,com.coolapk.market,discharging,1,38.4,52.4,100,95,1,17.04,0,0.04,27,3.738,0.682,2.549316,11117,5711,0,-
19:38:38.064,snap,default,com.coolapk.market,discharging,1,38.5,52.4,100,95,1,16.31,0,0.03,0,3.738,0.682,2.549316,11117,5711,0,-
19:38:39.065,snap,default,com.coolapk.market,discharging,1,38.5,51.3,100,95,1,16.31,0,0.03,0,3.759,0.462,1.7366581,9031,4264,0,-
19:38:40.065,snap,default,com.coolapk.market,discharging,1,38.5,50.9,100,95,1,16.31,0,0.03,22,3.749,0.538,2.016962,9031,4264,0,-
19:38:41.066,snap,default,com.coolapk.market,discharging,1,38.5,50.9,100,95,1,15.35,0,0.03,0,3.718,0.764,2.8405519,13078,7825,0,-
19:38:42.066,snap,default,com.coolapk.market,discharging,1,38.5,50.1,100,95,1,15.35,0,0.03,27,3.747,0.424,1.588728,13078,7825,0,-
19:38:43.067,snap,default,com.coolapk.market,discharging,1,38.5,49.3,100,95,1,15.1,0,0.02,27,3.757,0.41,1.54037,7115,2783,0,-
19:38:44.070,snap,default,com.coolapk.market,discharging,1,38.5,48.9,100,95,1,13.81,0,0.02,0,3.752,0.416,1.560832,7115,2783,0,-
19:38:45.070,snap,default,com.coolapk.market,discharging,1,38.5,49.3,100,95,1,13.81,0,0.02,0,3.751,0.514,1.9280139,10840,5911,0,-
19:38:46.071,snap,default,com.coolapk.market,discharging,1,38.5,48.9,100,95,1,13.66,0,0.01,16,3.747,0.672,2.517984,10840,5911,0,-
19:38:47.071,snap,default,com.coolapk.market,discharging,1,38.5,49.7,100,95,1,13.66,0,0.01,0,3.751,0.432,1.620432,7990,3484,0,-
19:38:48.072,snap,default,com.coolapk.market,discharging,1,38.6,49.7,100,95,1,13.18,0,0.01,0,3.732,0.57,2.12724,7990,3484,0,-
19:38:49.073,snap,default,com.coolapk.market,discharging,1,38.6,49.7,100,95,1,13.18,0,0.01,0,3.754,0.51,1.9145399,6844,3258,0,-
19:38:50.073,snap,default,com.coolapk.market,discharging,1,38.6,48.9,100,95,1,12.06,0,0.01,0,3.741,0.46,1.72086,6844,3258,0,-
19:38:51.074,snap,default,com.coolapk.market,discharging,1,38.6,47.7,100,95,1,12.06,0,0.01,0,3.757,0.382,1.435174,6844,3258,0,-
19:38:52.074,snap,default,com.coolapk.market,discharging,1,38.6,47.7,100,95,1,11.14,0,0,4,3.754,0.356,1.336424,4720,1729,0,-
19:38:53.074,snap,default,com.coolapk.market,discharging,1,38.6,47.7,100,95,1,11.14,0,0,0,3.754,0.382,1.434028,4720,1729,0,-
19:38:54.075,snap,default,com.coolapk.market,discharging,1,38.6,46.5,100,95,1,11.84,0,0.18,0,3.753,0.374,1.403622,6378,2599,0,-
19:38:55.076,snap,default,com.coolapk.market,discharging,1,38.6,46.9,100,95,1,11.84,0,0.18,0,3.767,0.292,1.099964,6378,2599,0,-
19:38:56.075,snap,default,com.coolapk.market,discharging,1,38.6,46.5,100,95,1,11.32,0,0.15,0,3.761,0.366,1.376526,6190,1946,0,-
19:38:57.076,snap,default,com.coolapk.market,discharging,1,38.6,46.9,100,95,1,11.32,0,0.15,0,3.761,0.36,1.35396,6190,1946,0,-
19:38:58.076,snap,default,com.coolapk.market,discharging,1,38.6,46.5,100,95,1,10.54,0,0.48,0,3.76,0.392,1.47392,5325,1931,0,-
19:38:59.077,snap,default,com.coolapk.market,discharging,1,38.6,47.3,100,95,1,10.54,0,0.48,0,3.769,0.302,1.138238,5325,1931,0,-
19:39:00.078,snap,default,com.coolapk.market,discharging,1,38.6,46.1,100,95,1,10.08,0,0.39,0,3.762,0.38,1.4295601,6311,2598,0,-
19:39:01.078,snap,default,com.coolapk.market,discharging,1,38.6,46.5,100,95,1,10.08,0,0.39,0,3.753,0.408,1.531224,6311,2598,0,-
19:39:02.079,snap,default,com.coolapk.market,discharging,1,38.6,46.1,100,95,1,10.25,0,0.32,0,3.76,0.396,1.48896,8278,2933,0,-
19:39:03.079,snap,default,com.coolapk.market,discharging,1,38.6,46.5,100,95,1,10.25,0,0.32,0,3.766,0.302,1.137332,8278,2933,0,-
19:39:04.080,snap,default,com.coolapk.market,discharging,1,38.6,46.1,100,95,1,9.84,0,0.26,0,3.769,0.304,1.145776,4923,1914,0,-
19:39:05.080,snap,default,com.coolapk.market,discharging,1,38.6,46.5,100,95,1,9.84,0,0.26,0,3.762,0.36,1.35432,4923,1914,0,-
19:39:06.080,snap,default,com.coolapk.market,discharging,1,38.6,46.5,100,95,1,9.5,0,0.21,2,3.762,0.36,1.35432,6597,2687,0,-
19:39:07.080,snap,default,com.coolapk.market,discharging,1,38.6,46.9,100,95,1,9.5,0,0.21,2,3.761,0.41,1.54201,6597,2687,0,-
19:39:08.081,snap,default,com.coolapk.market,discharging,1,38.7,49.3,100,95,1,9.5,0,0.21,0,3.749,0.514,1.926986,13442,8467,0,-
19:39:09.081,snap,default,com.coolapk.market,discharging,1,38.7,49.3,100,95,1,10.32,0,0.17,11,3.747,0.706,2.645382,13442,8467,0,-
19:39:10.082,snap,default,com.coolapk.market,discharging,1,38.7,47.3,100,95,1,10.32,0,0.17,12,3.749,0.556,2.084444,12246,7719,0,-
19:39:11.083,snap,default,com.coolapk.market,discharging,1,38.7,46.9,100,95,1,11.16,0,0.14,0,3.758,0.394,1.480652,12246,7719,0,-
19:39:12.083,snap,default,com.coolapk.market,discharging,1,38.7,46.5,100,95,1,11.16,0,0.14,0,3.762,0.384,1.4446081,6426,2274,0,-
19:39:13.084,snap,default,com.coolapk.market,discharging,1,38.7,46.9,100,95,1,10.59,0,0.11,0,3.767,0.36,1.35612,6426,2274,0,-
19:39:14.085,snap,default,com.coolapk.market,discharging,1,38.7,46.1,100,95,1,10.85,0,0.09,0,3.76,0.332,1.24832,4821,1775,0,-
19:39:15.085,snap,default,com.coolapk.market,discharging,1,38.7,46.9,100,95,1,10.85,0,0.09,0,3.77,0.28,1.0556,4821,1775,0,-
19:39:16.085,snap,default,com.coolapk.market,discharging,1,38.7,46.9,100,95,1,11.23,0,0.07,0,3.718,0.768,2.855424,12583,7402,0,-
19:39:17.086,snap,default,com.coolapk.market,discharging,1,38.7,48.1,100,95,1,11.23,0,0.07,0,3.755,0.616,2.31308,12583,7402,0,-
19:39:18.086,snap,default,com.coolapk.market,discharging,1,38.7,46.9,100,95,1,11.92,0,0.06,0,3.738,0.674,2.519412,12583,7402,0,-
19:39:19.095,snap,default,com.coolapk.market,discharging,1,38.7,48.1,100,95,1,11.92,0,0.06,22,3.76,0.468,1.75968,11782,6095,0,-
19:39:20.097,snap,default,com.coolapk.market,discharging,1,38.7,48.1,100,95,1,13.92,0,0.05,33,3.66,1.46,5.3436003,11782,6095,0,-
19:39:21.095,snap,default,com.coolapk.market,discharging,1,38.7,48.1,100,95,1,13.92,0,0.05,77,3.6,2.99,10.764,24036,13963,0,-
19:39:22.095,snap,default,com.coolapk.market,discharging,1,38.7,48.1,100,95,1,16.65,0,0.04,76,3.614,2.66,9.61324,24036,13963,0,-
19:39:23.098,snap,default,com.coolapk.market,discharging,1,38.7,48.1,100,95,1,16.65,0,0.04,77,3.601,2.476,8.916077,26476,16807,0,-
19:39:24.099,snap,default,com.coolapk.market,discharging,1,38.7,48.1,100,95,1,19.61,0,0.03,72,3.573,2.538,9.0682745,26476,16807,0,-
19:39:25.098,snap,default,com.coolapk.market,discharging,1,38.7,48.1,100,95,1,19.61,0,0.03,72,3.731,0.556,2.074436,21818,12167,0,-
19:39:26.099,snap,default,com.coolapk.market,discharging,1,38.7,51.1,100,95,1,18.42,0,0.02,19,3.735,0.754,2.81619,21818,12167,0,-
19:39:27.100,snap,default,com.coolapk.market,discharging,1,38.7,53.6,100,95,1,18.42,0,0.02,25,3.762,0.288,1.0834559,10618,5889,0,-
19:39:28.101,snap,default,com.coolapk.market,discharging,1,38.8,52.8,100,95,1,16.53,0,0.02,25,3.757,0.342,1.284894,10618,5889,0,-
19:39:29.101,snap,default,com.coolapk.market,discharging,1,38.8,51.7,100,95,1,16.53,0,0.02,0,3.759,0.31,1.16529,4654,1621,0,-
19:39:30.103,snap,default,com.coolapk.market,discharging,1,38.8,51.3,100,95,1,15.16,0,0.01,0,3.719,0.764,2.841316,4654,1621,0,-
19:39:31.103,snap,default,com.coolapk.market,discharging,1,38.8,51.7,100,95,1,15.16,0,0.01,22,3.748,0.862,3.2307758,11635,6414,0,-
19:39:32.104,snap,default,com.coolapk.market,discharging,1,38.8,51.7,100,95,1,17.13,0,0.01,76,3.642,2.152,7.8375835,11635,6414,0,-
19:39:33.104,snap,default,com.coolapk.market,discharging,1,38.8,51.7,100,95,1,17.13,0,0.01,76,3.628,2.516,9.128048,29603,18159,0,-
19:39:34.105,snap,default,com.coolapk.market,discharging,1,38.8,54.7,100,95,1,19.64,0,0.01,42,3.735,0.868,3.2419798,29603,18159,0,-
19:39:35.105,snap,default,com.coolapk.market,discharging,1,38.8,57.7,100,95,1,19.64,0,0.01,42,3.749,0.468,1.754532,14857,6675,0,-
19:39:36.107,snap,default,com.coolapk.market,discharging,1,38.8,54.7,100,95,1,17.89,0,0,0,3.749,0.468,1.754532,14857,6675,0,-
19:39:37.106,snap,default,com.coolapk.market,discharging,1,38.8,54,100,95,1,17.89,0,0,0,3.749,0.442,1.657058,11552,6317,0,-
19:39:38.106,snap,default,com.coolapk.market,discharging,1,38.8,54.4,100,95,1,17.89,0,0,19,3.743,0.742,2.777306,11552,6317,0,-
19:39:39.106,snap,default,com.coolapk.market,discharging,1,38.8,54.4,100,95,1,17.37,0,0,24,3.707,0.994,3.6847582,14030,8348,0,-
19:39:40.107,snap,default,com.coolapk.market,discharging,1,38.8,52.4,100,95,1,17.37,0,0,24,3.727,0.708,2.638716,14030,8348,0,-
19:39:41.106,snap,default,com.coolapk.market,discharging,1,38.8,51.7,100,95,1,16.39,0,0,19,3.751,0.574,2.153074,9395,4534,0,-
19:39:42.108,snap,default,com.coolapk.market,discharging,1,38.8,52.4,100,95,1,16.39,0,0,19,3.731,0.794,2.962414,9395,4534,0,-
19:39:43.108,snap,default,com.coolapk.market,discharging,1,38.8,52.4,100,95,1,15.6,0,0,18,3.723,0.656,2.4422882,9395,4534,0,-
19:39:44.109,snap,default,com.coolapk.market,discharging,1,38.8,52.4,100,95,1,15.6,0,0,18,3.733,0.636,2.374188,15483,8436,0,-
19:39:45.109,snap,default,com.coolapk.market,discharging,1,38.8,51.7,100,95,1,16.03,0,0,16,3.739,0.624,2.333136,15483,8436,0,-
19:39:46.109,snap,default,com.coolapk.market,discharging,1,38.8,51.7,100,95,1,15.84,0,0,10,3.736,0.58,2.16688,16731,10989,0,-
19:39:47.109,snap,default,com.coolapk.market,discharging,1,38.8,50.5,100,95,1,15.84,0,0,11,3.743,0.552,2.066136,16731,10989,0,-
19:39:48.112,snap,default,com.coolapk.market,discharging,1,38.8,49.3,100,95,1,15.33,0,0,0,3.756,0.36,1.3521601,12842,7694,0,-
19:39:49.131,snap,default,com.coolapk.market,discharging,1,38.9,48.9,100,95,1,15.33,0,0,0,3.765,0.286,1.0767901,12842,7694,0,-
19:39:50.133,snap,default,com.coolapk.market,discharging,1,38.9,47.7,100,95,1,14,0,0,0,3.758,0.354,1.3303319,5175,1970,0,-
19:39:51.133,snap,default,com.coolapk.market,discharging,1,38.9,48.9,100,95,1,14,0,0,0,3.762,0.334,1.256508,5175,1970,0,-
19:39:52.134,snap,default,com.coolapk.market,discharging,1,38.9,47.3,100,95,1,12.73,0,0,0,3.756,0.488,1.8329281,4994,2043,0,-
19:39:53.134,snap,default,com.coolapk.market,discharging,1,38.9,48.1,100,95,1,12.73,0,0,0,3.766,0.29,1.09214,4994,2043,0,-
19:39:54.135,snap,default,com.coolapk.market,discharging,1,38.9,47.3,100,95,1,11.87,0,0,7,3.757,0.31,1.16467,4950,2023,0,-
19:39:55.135,snap,default,com.coolapk.market,discharging,1,38.9,47.7,100,95,1,11.87,0,0,0,3.759,0.362,1.360758,4950,2023,0,-
19:39:56.136,snap,default,com.coolapk.market,discharging,1,38.9,47.3,100,95,1,11.35,0,0,0,3.762,0.37,1.39194,6117,2344,0,-
19:39:57.137,snap,default,com.coolapk.market,discharging,1,38.9,46.5,100,95,1,11.35,0,0,0,3.767,0.276,1.0396919,6117,2344,0,-
19:39:58.137,snap,default,com.coolapk.market,discharging,1,38.9,46.1,100,95,1,10.38,0,0,0,3.744,0.414,1.550016,5883,2177,0,-
19:39:59.137,snap,default,com.coolapk.market,discharging,1,38.9,46.5,100,95,1,10.38,0,0,0,3.74,0.488,1.82512,5883,2177,0,-
19:40:00.138,snap,default,com.coolapk.market,discharging,1,38.9,47.7,100,95,1,10.85,0,0,12,3.751,0.626,2.348126,12651,7136,0,-
19:40:01.138,snap,default,com.coolapk.market,discharging,1,38.9,48.1,100,95,1,10.85,0,0,12,3.763,0.386,1.452518,12651,7136,0,-
19:40:02.140,snap,default,com.coolapk.market,discharging,1,38.9,47.7,100,95,1,10.88,0,0,0,3.766,0.332,1.250312,7553,2994,0,-
19:40:03.139,snap,default,com.coolapk.market,discharging,1,38.9,46.9,100,95,1,10.88,0,0,0,3.768,0.302,1.1379359,7553,2994,0,-
19:40:04.140,snap,default,com.coolapk.market,discharging,1,38.9,46.1,100,95,1,10.9,0,0,0,3.763,0.366,1.377258,6483,2037,0,-
19:40:05.143,snap,default,com.coolapk.market,discharging,1,38.9,46.9,100,95,1,10.9,0,0,0,3.763,0.366,1.377258,6483,2037,0,-
19:40:06.143,snap,default,com.coolapk.market,discharging,1,38.9,46.9,100,95,1,10.9,0,0,0,3.764,0.32,1.2044799,5250,1995,0,-
19:40:07.143,snap,default,com.coolapk.market,discharging,1,38.9,47.3,100,95,1,10.37,0,0,0,3.764,0.32,1.2044799,5250,1995,0,-
19:40:08.144,snap,default,com.coolapk.market,discharging,1,38.9,48.1,100,95,1,10.37,0,0,4,3.754,0.49,1.83946,16415,9575,0,-
19:40:09.144,snap,default,com.coolapk.market,discharging,1,38.9,48.1,100,95,1,11.39,0,0,12,3.753,0.586,2.199258,16415,9575,0,-
19:40:10.145,snap,default,com.coolapk.market,discharging,1,39,47.3,100,95,1,11.39,0,0,12,3.756,0.398,1.4948881,16415,9575,0,-
19:40:11.146,snap,default,com.coolapk.market,discharging,1,39,46.9,100,95,1,12.05,0,0,0,3.767,0.314,1.1828381,8027,4056,0,-
19:40:12.146,snap,default,com.coolapk.market,discharging,1,39,46.1,100,95,1,12.05,0,0,0,3.766,0.328,1.2352481,8027,4056,0,-
19:40:13.146,snap,default,com.coolapk.market,discharging,1,39,46.9,100,95,1,11.13,0,0.18,0,3.771,0.29,1.0935899,5165,1781,0,-
19:40:14.147,snap,default,com.coolapk.market,discharging,1,39,47.3,100,95,1,11.13,0,0.18,0,3.735,0.812,3.0328197,5165,1781,0,-
19:40:15.147,snap,default,com.coolapk.market,discharging,1,39,47.3,100,95,1,11.65,0,0.14,21,3.755,0.562,2.11031,15122,8180,0,-
19:40:16.152,snap,default,com.coolapk.market,discharging,1,39,47.3,100,95,1,11.71,0,0.12,21,3.761,0.378,1.4216579,15122,8180,0,-
19:40:17.148,snap,default,com.coolapk.market,discharging,1,39,47.3,100,95,1,11.71,0,0.12,35,3.633,1.786,6.488538,14510,8266,0,-
19:40:18.149,snap,default,com.coolapk.market,discharging,1,39,47.3,100,95,1,15.39,0,0.09,77,3.616,2.962,10.710591,14510,8266,0,-
19:40:19.149,snap,default,com.coolapk.market,discharging,1,39,47.3,100,95,1,15.39,0,0.09,77,3.636,2.44,8.8718405,26304,16751,0,-
19:40:20.149,snap,default,com.coolapk.market,discharging,1,39,47.3,100,95,1,17.13,0,0.08,78,3.62,2.424,8.774879,26304,16751,0,-
19:40:21.150,snap,default,com.coolapk.market,discharging,1,39,47.3,100,95,1,17.13,0,0.08,75,3.605,2.47,8.90435,26827,16337,0,-
19:40:22.151,snap,default,com.coolapk.market,discharging,1,39,47.3,100,95,1,18.55,0,0.06,75,3.568,2.962,10.568416,26827,16337,0,-
19:40:23.151,snap,default,com.coolapk.market,discharging,1,39,47.3,100,95,1,18.55,0,0.06,76,3.623,2.652,9.608195,26579,16809,0,-
19:40:24.151,snap,default,com.coolapk.market,discharging,1,39,47.3,100,95,1,19.9,0,0.05,78,3.583,2.516,9.014828,26579,16809,0,-
19:40:25.153,snap,default,com.coolapk.market,discharging,1,39,47.3,100,95,1,19.9,0,0.05,74,3.611,2.454,8.861394,25976,16244,0,-
19:40:26.153,snap,default,com.coolapk.market,discharging,1,39,47.3,100,95,1,21.01,0,0.04,77,3.566,2.944,10.498304,25976,16244,0,-
19:40:27.154,snap,default,com.coolapk.market,discharging,1,39,47.3,100,95,1,21.01,0,0.04,74,3.711,1.728,6.412608,24767,13876,0,-
19:40:28.154,snap,default,com.coolapk.market,discharging,1,39,47.3,100,95,1,21,0,0.03,28,3.7,0.878,3.2486,24767,13876,0,-
19:40:29.155,snap,default,com.coolapk.market,discharging,1,39,50.3,100,95,1,21,0,0.03,28,3.712,0.894,3.318528,13677,8371,0,-
19:40:30.154,snap,default,com.coolapk.market,discharging,1,39,53.3,100,95,1,19.55,0,0.02,29,3.744,0.506,1.8944639,13677,8371,0,-
19:40:31.155,snap,default,com.coolapk.market,discharging,1,39.1,56.3,100,95,1,19.55,0,0.02,20,3.723,0.684,2.5465322,11004,6259,0,-
19:40:32.155,snap,default,com.coolapk.market,discharging,1,39.1,56.8,100,95,1,18.18,0,0.02,0,3.739,0.608,2.273312,11004,6259,0,-
19:40:33.155,snap,default,com.coolapk.market,discharging,1,39.1,56.8,100,95,1,18.18,0,0.02,20,3.736,0.638,2.383568,11213,5980,0,-
19:40:34.159,snap,default,com.coolapk.market,discharging,1,39.1,56.8,100,95,1,17.06,0,0.01,20,3.746,0.588,2.202648,11213,5980,0,-
19:40:35.157,snap,default,com.coolapk.market,discharging,1,39.1,56.8,100,95,1,17.06,0,0.01,39,3.746,0.588,2.202648,18628,11619,0,-
19:40:36.156,snap,default,com.coolapk.market,discharging,1,39.1,56.8,100,95,1,17.06,0,0.01,39,3.621,2.13,7.7127304,18628,11619,0,-
19:40:37.156,snap,default,com.coolapk.market,discharging,1,39.1,56.8,100,95,1,18.32,0,0.01,72,3.623,2.36,8.55028,18628,11619,0,-
19:40:38.156,snap,default,com.coolapk.market,discharging,1,39.1,56.8,100,95,1,18.32,0,0.01,75,3.595,2.612,9.39014,26447,17188,0,-
19:40:39.157,snap,default,com.coolapk.market,discharging,1,39.1,56.8,100,95,1,19.71,0,0.01,76,3.579,2.528,9.047712,26447,17188,0,-
19:40:40.157,snap,default,com.coolapk.market,discharging,1,39.1,56.8,100,95,1,19.71,0,0.01,79,3.611,2.448,8.839728,24678,15879,0,-
19:40:41.158,snap,default,com.coolapk.market,discharging,1,39.1,56.8,100,95,1,20.85,0,0,76,3.605,2.516,9.07018,24678,15879,0,-
19:40:42.159,snap,default,com.coolapk.market,discharging,1,39.2,59.8,100,95,1,20.85,0,0,79,3.61,2.604,9.40044,28540,16166,0,-
19:40:43.162,snap,default,com.coolapk.market,discharging,1,39.2,62.8,100,95,1,23.59,0,0,70,3.722,1.362,5.0693636,28540,16166,0,-
19:40:44.163,snap,default,com.coolapk.market,discharging,1,39.2,65.8,100,95,1,23.59,0,0,32,3.705,0.91,3.37155,14447,7897,0,-
19:40:45.165,snap,default,com.coolapk.market,discharging,1,39.2,62.800003,100,95,1,21.85,0,0,0,3.725,0.536,1.9966,14447,7897,0,-
19:40:46.165,snap,default,com.coolapk.market,discharging,1,39.2,59.800003,100,95,1,20.07,0,0,18,3.74,0.492,1.84008,9231,4618,0,-
19:40:47.165,snap,default,com.coolapk.market,discharging,1,39.2,57.2,100,95,1,20.07,0,0,17,3.739,0.576,2.1536639,9231,4618,0,-
19:40:48.165,snap,default,com.coolapk.market,discharging,1,39.2,55.6,100,95,1,19.33,0,0,17,3.727,0.696,2.593992,13701,6861,0,-
19:40:49.166,snap,default,com.coolapk.market,discharging,1,39.2,55.6,100,95,1,19.33,0,0,13,3.71,0.672,2.49312,13701,6861,0,-
19:40:50.166,snap,default,com.coolapk.market,discharging,1,39.2,54.4,100,95,1,17.82,0,0,17,3.746,0.47,1.76062,9448,4917,0,-
19:40:51.166,snap,default,com.coolapk.market,discharging,1,39.2,54.4,100,95,1,17.82,0,0,16,3.731,0.59,2.20129,9448,4917,0,-
19:40:52.167,snap,default,com.coolapk.market,discharging,1,39.2,52.8,100,95,1,16.95,0,0,16,3.741,0.61,2.28201,11693,6582,0,-
19:40:53.166,snap,default,com.coolapk.market,discharging,1,39.2,54,100,95,1,16.95,0,0,16,3.716,0.59,2.19244,11693,6582,0,-
19:40:54.167,snap,default,com.coolapk.market,discharging,1,39.2,52.1,100,95,1,16.05,0,0,28,3.752,0.58,2.17616,11586,6753,0,-
19:40:55.167,snap,default,com.coolapk.market,discharging,1,39.2,52.1,100,95,1,16.05,0,0,17,3.756,0.386,1.449816,11586,6753,0,-
19:40:56.167,snap,default,com.coolapk.market,discharging,1,39.2,51.7,100,95,1,14.95,0,0,0,3.753,0.42,1.57626,6903,2694,0,-
19:40:57.167,snap,default,com.coolapk.market,discharging,1,39.2,51.7,100,95,1,14.95,0,0,0,3.754,0.338,1.268852,6903,2694,0,-
19:40:58.168,snap,default,com.coolapk.market,discharging,1,39.2,50.1,100,95,1,14.42,0,0,20,3.746,0.608,2.2775679,9238,4828,0,-
19:40:59.169,snap,default,com.coolapk.market,discharging,1,39.2,51.3,100,95,1,14.42,0,0,20,3.755,0.356,1.3367801,9238,4828,0,-
19:41:00.169,snap,default,com.coolapk.market,discharging,1,39.2,50.1,100,95,1,13.61,0,0,20,3.764,0.336,1.264704,7032,2807,0,-
19:41:01.169,snap,default,com.coolapk.market,discharging,1,39.2,51.3,100,95,1,13.61,0,0,11,3.71,0.718,2.66378,7032,2807,0,-
19:41:02.178,snap,default,com.coolapk.market,discharging,1,39.2,52.4,100,95,1,13.68,0,0,0,3.746,0.614,2.300044,14146,8112,0,-
19:41:03.178,snap,default,com.coolapk.market,discharging,1,39.2,53.2,100,95,1,13.68,0,0,31,3.721,0.93,3.46053,14146,8112,0,-
19:41:04.181,snap,default,com.coolapk.market,discharging,1,39.2,55.2,100,95,1,14.83,0,0,24,3.721,0.93,3.46053,14146,8112,0,-
19:41:05.180,snap,default,com.coolapk.market,discharging,1,39.2,57.6,100,95,1,14.83,0,0,24,3.739,0.738,2.759382,20550,11982,0,-
19:41:06.181,snap,default,com.coolapk.market,discharging,1,39.2,57.6,100,95,1,14.83,0,0,42,3.743,0.896,3.353728,20550,11982,0,-
19:41:07.182,snap,default,com.coolapk.market,discharging,1,39.3,56.8,100,95,1,16.85,0,0,35,3.711,1.092,4.052412,22470,12864,0,-
19:41:08.182,snap,default,com.coolapk.market,discharging,1,39.3,56.8,100,95,1,16.85,0,0,35,3.739,1.006,3.7614343,22470,12864,0,-
19:41:09.181,snap,default,com.coolapk.market,discharging,1,39.3,56.8,100,95,1,18.33,0.18,0,37,3.709,1.144,4.2430964,22971,12041,0,-
19:41:10.182,snap,default,com.coolapk.market,discharging,1,39.3,55.2,100,95,1,18.33,0.18,0,8,3.716,0.808,3.0025282,22971,12041,0,-
19:41:11.182,snap,default,com.coolapk.market,discharging,1,39.3,55.2,100,95,1,17.54,0.14,0,5,3.732,0.692,2.582544,16991,10381,0,-
19:41:12.182,snap,default,com.coolapk.market,discharging,1,39.3,55.6,100,95,1,17.54,0.14,0,5,3.691,0.91,3.3588102,16991,10381,0,-
19:41:13.182,snap,default,com.coolapk.market,discharging,1,39.3,56,100,95,1,17.62,0.12,0,16,3.705,0.894,3.31227,21985,10724,0,-
19:41:14.183,snap,default,com.coolapk.market,discharging,1,39.3,56,100,95,1,17.62,0.12,0,20,3.709,0.998,3.7015822,21985,10724,0,-
19:41:15.183,snap,default,com.coolapk.market,discharging,1,39.3,57.6,100,95,1,16.79,0.09,0,40,3.695,1.256,4.64092,22102,11361,0,-
19:41:16.184,snap,default,com.coolapk.market,discharging,1,39.3,57.6,100,95,1,16.79,0.09,0,52,3.673,1.302,4.782246,22102,11361,0,-
19:41:17.184,snap,default,com.coolapk.market,discharging,1,39.3,54.6,100,95,1,15.74,0.08,0,0,3.738,0.616,2.302608,15095,6509,0,-
19:41:18.184,snap,default,com.coolapk.market,discharging,1,39.3,54,100,95,1,13.61,0.06,0,0,3.744,0.492,1.842048,15095,6509,0,-
19:41:19.184,snap,default,com.coolapk.market,discharging,1,39.3,53.2,100,95,1,13.61,0.06,0,0,3.736,0.558,2.0846882,6998,2571,0,-
19:41:20.185,snap,default,com.coolapk.market,discharging,1,39.3,52.8,100,95,1,11.87,0.05,0,30,3.731,0.584,2.1789038,6998,2571,0,-
19:41:21.185,snap,default,com.coolapk.market,discharging,1,39.3,52.4,100,95,1,11.87,0.05,0,0,3.754,0.432,1.6217281,6850,2510,0,-
19:41:22.186,snap,default,com.coolapk.market,discharging,1,39.4,50.5,100,95,1,10.44,0.04,0,0,3.729,0.62,2.31198,6850,2510,0,-
19:41:23.186,snap,default,com.coolapk.market,discharging,1,39.4,50.5,100,95,1,10.44,0.04,0,0,3.747,0.396,1.483812,6834,2868,0,-
19:41:24.186,snap,default,com.coolapk.market,discharging,1,39.4,50.5,100,95,1,9.64,0.03,0,0,3.754,0.414,1.554156,6834,2868,0,-
19:41:25.186,snap,default,com.coolapk.market,discharging,1,39.4,53.5,100,95,1,9.64,0.03,0,32,3.714,0.958,3.558012,13816,9136,0,-
19:41:26.187,snap,default,com.coolapk.market,discharging,1,39.4,53.6,100,95,1,10.43,0.02,0,66,3.737,0.842,3.146554,13816,9136,0,-
19:41:27.186,snap,default,com.coolapk.market,discharging,1,39.4,52.8,100,95,1,10.43,0.02,0,0,3.719,0.662,2.461978,12607,6600,0,-
19:41:28.187,snap,default,com.coolapk.market,discharging,1,39.4,51.7,100,95,1,11.43,0.02,0,61,3.726,0.624,2.3250241,12607,6600,0,-
19:41:29.187,snap,default,com.coolapk.market,discharging,1,39.4,52.8,100,95,1,11.43,0.02,0,0,3.754,0.494,1.854476,12607,6600,0,-
19:41:30.187,snap,default,com.coolapk.market,discharging,1,39.4,52.8,100,95,1,12.62,0.2,0,27,3.652,1.606,5.865112,16116,8205,0,-
19:41:31.188,snap,default,com.coolapk.market,discharging,1,39.4,52.8,100,95,1,12.62,0.2,0,51,3.616,2.456,8.880897,16116,8205,0,-
19:41:32.188,snap,default,com.android.settings,discharging,1,39.4,52.8,100,95,1,19.21,0.52,0.18,29,3.647,1.792,6.535424,34556,17314,0,-
19:41:33.189,snap,default,com.android.settings,discharging,1,39.4,52.8,100,95,1,19.21,0.52,0.18,17,3.689,1.758,6.485262,34556,17314,0,-
19:41:34.192,snap,default,com.android.settings,discharging,1,39.4,52.8,100,95,1,21.89,0.97,0.51,4,3.689,1.758,6.485262,39044,17798,0,-
19:41:35.193,snap,default,com.android.settings,discharging,1,39.4,52.8,100,95,1,21.89,0.97,0.51,4,3.613,2.252,8.1364765,39044,17798,0,-
19:41:36.193,snap,default,com.android.settings,discharging,1,39.4,52.8,100,95,1,21.89,0.97,0.51,17,3.591,2.97,10.665271,50309,16468,0,-
19:41:37.194,snap,default,com.android.settings,discharging,1,39.4,52.8,100,95,1,32.05,1.34,3.31,12,3.584,2.91,10.4294405,50309,16468,0,-
19:41:38.194,snap,default,com.android.settings,discharging,1,39.4,52.8,100,95,1,32.05,1.34,3.31,12,3.656,1.684,6.156704,36509,16505,0,-
19:41:39.194,snap,default,com.android.settings,discharging,1,39.4,52.8,100,95,1,33.13,1.46,3.44,21,3.657,1.616,5.9097123,36509,16505,0,-
19:41:40.203,snap,default,com.android.settings,discharging,1,39.4,52.8,100,95,1,33.13,1.46,3.44,15,3.701,1.218,4.507818,31603,17558,0,-
19:41:41.212,snap,default,com.android.settings,discharging,1,39.4,52.8,100,95,1,31.84,1.19,3.36,10,3.609,2.19,7.9037104,31603,17558,0,-
19:41:42.207,snap,default,com.android.settings,discharging,1,39.4,52.8,100,95,1,31.84,1.19,3.36,15,3.665,1.704,6.24516,34633,17361,0,-
19:41:43.207,snap,default,com.android.settings,discharging,1,39.4,54.8,100,95,1,36.21,1.16,4.02,19,3.667,1.396,5.119132,34633,17361,0,-
19:41:44.232,snap,default,com.android.settings,discharging,1,39.5,54.8,100,95,1,36.21,1.16,4.02,17,3.68,1.42,5.2256,24534,10319,0,-
19:41:45.232,snap,default,com.android.settings,discharging,1,39.5,54.8,100,95,1,39.62,1.13,3.47,17,3.681,1.212,4.461372,24534,10319,0,-
19:41:46.232,snap,default,com.android.settings,discharging,1,39.5,57.8,100,95,1,39.62,1.13,3.47,16,3.652,1.626,5.9381523,34122,15361,0,-
19:41:47.232,snap,default,com.android.settings,discharging,1,39.5,60.8,100,95,1,42.4,1.1,3.02,22,3.695,1.396,5.15822,34122,15361,0,-
19:41:48.232,snap,default,com.android.settings,discharging,1,39.5,63.8,100,95,1,43.96,1.26,3.02,20,3.669,1.65,6.0538497,28113,12540,0,-
19:41:49.234,snap,default,com.android.settings,discharging,1,39.5,66.8,100,95,1,43.96,1.26,3.02,24,3.68,1.668,6.13824,28113,12540,0,-
19:41:50.234,snap,default,com.android.settings,discharging,1,39.5,68.2,100,95,1,42.88,1.22,3.19,21,3.66,1.39,5.0874,31322,14944,0,-
19:41:51.236,snap,default,com.android.settings,discharging,1,39.5,65.2,100,95,1,42.88,1.22,3.19,18,3.713,0.972,3.609036,31322,14944,0,-
19:41:52.236,snap,default,com.android.settings,discharging,1,39.5,62.199997,100,95,1,36.92,0.99,2.61,18,3.73,0.714,2.66322,17123,9260,0,-
19:41:53.236,snap,default,com.android.settings,discharging,1,39.5,59.199997,100,95,1,36.92,0.99,2.61,19,3.744,0.536,2.006784,17123,9260,0,-
19:41:54.236,snap,default,com.android.settings,discharging,1,39.5,57.2,100,95,1,34.04,1,2.32,14,3.674,1.184,4.350016,23194,12298,0,-
19:41:55.305,snap,default,com.android.settings,discharging,1,39.5,60.2,100,95,1,34.04,1,2.32,30,3.692,1.354,4.9989676,23194,12298,0,-
19:41:56.273,snap,default,com.android.settings,discharging,1,39.5,63.2,100,95,1,34.93,1,2.8,35,3.6,2.344,8.4384,34572,18150,0,-
19:41:57.273,snap,default,com.coolapk.market,discharging,1,39.5,64.7,100,95,1,34.93,1,2.8,35,3.706,1.152,4.269312,34572,18150,0,-
19:41:58.285,snap,default,com.coolapk.market,discharging,1,39.5,64.7,100,95,1,31.5,0.81,2.3,35,3.698,0.93,3.43914,34572,18150,0,-
19:41:59.288,snap,default,com.coolapk.market,discharging,1,39.5,65.1,100,95,1,31.5,0.81,2.3,0,3.623,1.84,6.66632,22595,12298,0,-
19:42:00.289,snap,default,com.coolapk.market,discharging,1,39.5,65.1,100,95,1,32.68,0.85,2.42,34,3.661,1.412,5.169332,22595,12298,0,-
19:42:01.289,snap,default,com.coolapk.market,discharging,1,39.6,62.1,100,95,1,32.68,0.85,2.42,0,3.742,0.774,2.896308,23738,12295,0,-
19:42:02.290,snap,default,com.coolapk.market,discharging,1,39.6,59.1,100,95,1,30.02,0.69,1.98,12,3.738,0.668,2.4969838,23738,12295,0,-
19:42:03.291,snap,default,com.coolapk.market,discharging,1,39.6,58.4,100,95,1,30.02,0.69,1.98,0,3.71,0.862,3.19802,9922,4172,0,-
19:42:04.291,snap,default,com.coolapk.market,discharging,1,39.6,58.4,100,95,1,30.01,0.57,1.62,0,3.622,1.938,7.019436,9922,4172,0,-
19:42:05.291,snap,default,com.coolapk.market,discharging,1,39.6,61.4,100,95,1,30.01,0.57,1.62,15,3.703,1.626,6.021078,45290,20731,0,-
19:42:06.295,snap,default,com.coolapk.market,discharging,1,39.6,62.7,100,95,1,30.55,0.64,1.51,15,3.717,1.002,3.724434,45290,20731,0,-
19:42:07.293,snap,default,com.coolapk.market,discharging,1,39.6,63.5,100,95,1,30.55,0.64,1.51,7,3.717,1.002,3.724434,26261,12569,0,-
19:42:08.293,snap,default,com.coolapk.market,discharging,1,39.6,63.5,100,95,1,30.55,0.64,1.51,7,3.662,1.8,6.5916,26261,12569,0,-
19:42:09.294,snap,default,com.coolapk.market,discharging,1,39.6,63.1,100,95,1,30.63,0.53,1.6,5,3.712,0.892,3.311104,25680,13471,0,-
19:42:10.294,snap,default,com.coolapk.market,discharging,1,39.6,61.9,100,95,1,30.63,0.53,1.6,8,3.677,1.202,4.419754,25680,13471,0,-
19:42:11.294,snap,default,com.coolapk.market,discharging,1,39.6,63.1,100,95,1,32.33,0.43,2.94,0,3.683,1.222,4.500626,23857,12972,0,-
19:42:12.294,snap,default,com.coolapk.market,discharging,1,39.6,65.9,100,95,1,32.33,0.43,2.94,66,3.694,1.36,5.02384,23857,12972,0,-
19:42:13.295,snap,default,com.coolapk.market,discharging,1,39.6,65.9,100,95,1,31.54,0.35,2.4,0,3.671,1.604,5.8882837,34167,17775,0,-
19:42:14.296,snap,default,com.coolapk.market,discharging,1,39.6,65.5,100,95,1,31.54,0.35,2.4,58,3.665,1.558,5.7100697,34167,17775,0,-
19:42:15.296,snap,default,com.coolapk.market,discharging,1,39.6,65.1,100,95,1,29.27,0.29,1.97,48,3.701,1.096,4.056296,24935,12231,0,-
19:42:16.296,snap,default,com.coolapk.market,discharging,1,39.6,65.1,100,95,1,29.27,0.29,1.97,0,3.67,1.092,4.00764,24935,12231,0,-
19:42:17.296,snap,default,com.coolapk.market,discharging,1,39.6,64.3,100,95,1,28.68,0.23,1.61,51,3.699,0.996,3.6842039,25192,14448,0,-
19:42:18.296,snap,default,com.coolapk.market,discharging,1,39.6,64.3,100,95,1,28.68,0.23,1.61,68,3.689,1.416,5.2236238,25192,14448,0,-
19:42:19.296,snap,default,com.coolapk.market,discharging,1,39.6,64.3,100,95,1,26.92,0.19,1.32,65,3.659,1.562,5.715358,25467,14341,0,-
19:42:20.296,snap,default,com.coolapk.market,discharging,1,39.6,62.3,100,95,1,26.75,0.15,1.08,0,3.719,0.716,2.6628041,25467,14341,0,-
19:42:21.296,snap,default,com.coolapk.market,discharging,1,39.6,59.3,100,95,1,26.75,0.15,1.08,0,3.738,0.474,1.771812,19471,7713,0,-
19:42:22.297,snap,default,com.coolapk.market,discharging,1,39.6,58.8,100,95,1,25.17,0.12,0.88,0,3.712,0.716,2.657792,19471,7713,0,-
19:42:23.297,snap,default,com.coolapk.market,discharging,1,39.7,60.3,100,95,1,25.17,0.12,0.88,39,3.668,1.548,5.678064,29543,15492,0,-
19:42:24.298,snap,default,com.coolapk.market,discharging,1,39.7,60.3,100,95,1,24.95,0.1,0.72,39,3.731,0.682,2.5445418,29543,15492,0,-
19:42:25.298,snap,default,com.coolapk.market,discharging,1,39.7,57.3,100,95,1,24.95,0.1,0.72,0,3.75,0.338,1.2675,29543,15492,0,-
19:42:26.298,snap,default,com.coolapk.market,discharging,1,39.7,54.3,100,95,1,22.24,0.08,0.59,0,3.748,0.42,1.5741599,10626,3771,0,-
19:42:27.299,snap,default,com.coolapk.market,discharging,1,39.7,52.1,100,95,1,22.24,0.08,0.59,0,3.75,0.374,1.4025,10626,3771,0,-
19:42:28.300,snap,default,com.coolapk.market,discharging,1,39.7,51.7,100,95,1,19.84,0.07,0.48,0,3.748,0.336,1.259328,6626,2281,0,-
19:42:29.300,snap,default,com.coolapk.market,discharging,1,39.7,50.1,100,95,1,19.84,0.07,0.48,0,3.753,0.316,1.185948,6626,2281,0,-
19:42:30.300,snap,default,com.coolapk.market,discharging,1,39.7,50.1,100,95,1,17.52,0.05,0.39,0,3.754,0.33,1.2388201,4672,1600,0,-
19:42:31.301,snap,default,com.coolapk.market,discharging,1,39.7,50.1,100,95,1,17.52,0.05,0.39,0,3.757,0.324,1.217268,4672,1600,0,-
19:42:32.302,snap,default,com.coolapk.market,discharging,1,39.7,49.7,100,95,1,15.79,0.04,0.32,0,3.755,0.352,1.32176,5389,1874,0,-
19:42:33.302,snap,default,com.coolapk.market,discharging,1,39.7,50.9,100,95,1,15.79,0.04,0.32,0,3.758,0.31,1.1649799,5389,1874,0,-
19:42:34.303,snap,default,com.coolapk.market,discharging,1,39.7,48.9,100,95,1,14.2,0.03,0.26,0,3.752,0.474,1.7784481,3903,1407,0,-
19:42:35.305,snap,default,com.coolapk.market,discharging,1,39.7,50.1,100,95,1,14.2,0.03,0.26,0,3.76,0.338,1.27088,3903,1407,0,-
19:42:36.305,snap,default,com.coolapk.market,discharging,1,39.7,48.9,100,95,1,13.62,0.03,0.21,0,3.76,0.338,1.27088,6863,2313,0,-
19:42:37.306,snap,default,com.coolapk.market,discharging,1,39.7,49.3,100,95,1,13.62,0.03,0.21,0,3.757,0.388,1.457716,6863,2313,0,-
19:42:38.306,snap,default,com.coolapk.market,discharging,1,39.7,48.9,100,95,1,13.62,0.03,0.21,0,3.758,0.324,1.217592,6414,2645,0,-
19:42:39.307,snap,default,com.coolapk.market,discharging,1,39.7,49.3,100,95,1,13.14,0.02,0.17,0,3.763,0.324,1.219212,6414,2645,0,-
19:42:40.307,snap,default,com.coolapk.market,discharging,1,39.7,48.5,100,95,1,13.14,0.02,0.17,0,3.743,0.49,1.8340701,7927,2866,0,-
19:42:41.308,snap,default,com.coolapk.market,discharging,1,39.7,48.5,100,95,1,12.57,0.2,0.14,0,3.755,0.36,1.3518001,7927,2866,0,-
19:42:42.308,snap,default,com.coolapk.market,discharging,1,39.7,48.5,100,95,1,12.57,0.2,0.14,0,3.755,0.326,1.22413,5567,2110,0,-
19:42:43.309,snap,default,com.coolapk.market,discharging,1,39.7,48.1,100,95,1,11.92,0.16,0.11,0,3.758,0.386,1.450588,5567,2110,0,-
19:42:44.310,snap,default,com.coolapk.market,discharging,1,39.7,47.7,100,95,1,11.92,0.16,0.11,0,3.749,0.362,1.357138,4155,1423,0,-
19:42:45.310,snap,default,com.coolapk.market,discharging,1,39.7,47.7,100,95,1,11.21,0.13,0.09,0,3.759,0.262,0.984858,4155,1423,0,-
19:42:46.310,snap,default,com.coolapk.market,discharging,1,39.7,47.3,100,95,1,11.21,0.13,0.09,0,3.75,0.354,1.3275,4002,1566,0,-
19:42:47.311,snap,default,com.coolapk.market,discharging,1,39.7,47.7,100,95,1,10.45,0.11,0.07,0,3.756,0.284,1.066704,4002,1566,0,-
19:42:48.312,snap,default,com.coolapk.market,discharging,1,39.7,46.5,100,95,1,10.45,0.11,0.07,0,3.751,0.324,1.2153239,5627,1708,0,-
19:42:49.314,snap,default,com.coolapk.market,discharging,1,39.7,47.7,100,95,1,10,0.09,0.06,0,3.752,0.386,1.4482721,5627,1708,0,-
19:42:50.314,snap,default,com.coolapk.market,discharging,1,39.7,46.9,100,95,1,10.18,0.07,0.05,0,3.749,0.362,1.357138,4966,1916,0,-
19:42:51.314,snap,default,com.coolapk.market,discharging,1,39.7,47.3,100,95,1,10.18,0.07,0.05,0,3.761,0.304,1.1433439,4966,1916,0,-
19:42:52.314,snap,default,com.coolapk.market,discharging,1,39.7,46.9,100,95,1,9.61,0.06,0.04,0,3.743,0.418,1.564574,4966,1916,0,-
19:42:53.315,snap,default,com.coolapk.market,discharging,1,39.6,47.3,100,95,1,9.61,0.06,0.04,0,3.759,0.294,1.105146,4747,1645,0,-
19:42:54.315,snap,default,com.coolapk.market,discharging,1,39.6,47.7,100,95,1,9.68,0.04,0.03,0,3.745,0.474,1.7751299,4747,1645,0,-
19:42:55.315,snap,default,com.coolapk.market,discharging,1,39.6,47.7,100,95,1,9.68,0.04,0.03,0,3.758,0.346,1.3002679,7130,2427,0,-
19:42:56.320,snap,default,com.coolapk.market,discharging,1,39.6,48.9,100,95,1,9.73,0.03,0.02,0,3.705,0.862,3.1937099,7130,2427,0,-
19:42:57.322,snap,default,com.coolapk.market,discharging,1,39.6,48.9,100,95,1,9.73,0.03,0.02,0,3.763,0.302,1.136426,7843,2494,0,-
19:42:58.322,snap,default,com.coolapk.market,discharging,1,39.6,47.7,100,95,1,9.24,0.03,0.02,0,3.763,0.34,1.27942,7843,2494,0,-
19:42:59.324,snap,default,com.coolapk.market,discharging,1,39.6,46.9,100,95,1,9.24,0.03,0.02,0,3.76,0.306,1.15056,3929,1357,0,-
19:43:00.324,snap,default,com.coolapk.market,discharging,1,39.6,46.5,100,95,1,8.83,0.02,0.01,0,3.762,0.364,1.369368,3929,1357,0,-
19:43:01.324,snap,default,com.coolapk.market,discharging,1,39.6,46.5,100,95,1,8.83,0.02,0.01,38,3.747,0.408,1.5287759,4885,1966,0,-
19:43:02.325,snap,default,com.coolapk.market,discharging,1,39.6,46.5,100,95,1,9.95,0.02,0.01,0,3.752,0.488,1.830976,4885,1966,0,-
19:43:03.325,snap,default,com.coolapk.market,discharging,1,39.6,46.5,100,95,1,9.95,0.02,0.01,0,3.764,0.362,1.3625679,9272,3299,0,-
19:43:04.331,snap,default,com.coolapk.market,discharging,1,39.6,46.5,100,95,1,10.5,0.01,0.01,0,3.764,0.362,1.3625679,9272,3299,0,-
19:43:05.331,snap,default,com.coolapk.market,discharging,1,39.6,46.5,100,95,1,10.5,0.01,0.01,0,3.721,0.98,3.64658,26779,13868,0,-
19:43:06.332,snap,default,com.coolapk.market,discharging,1,39.6,49.5,100,95,1,10.5,0.01,0.01,29,3.654,1.976,7.220304,26779,13868,0,-
19:43:07.331,snap,playback,tv.danmaku.bili,discharging,1,39.6,52.5,100,95,0,19.29,0.19,2,25,3.69,1.398,5.15862,30553,12256,0,-
19:43:08.332,snap,playback,tv.danmaku.bili,discharging,1,39.6,54.8,100,95,0,19.29,0.19,2,15,3.697,1.114,4.118458,30553,12256,0,-
19:43:09.332,snap,playback,tv.danmaku.bili,discharging,1,39.6,51.8,100,95,0,24.49,0.34,2,15,3.742,0.778,2.911276,15555,6903,0,-
19:43:10.334,snap,playback,tv.danmaku.bili,discharging,1,39.6,51.3,100,95,0,24.49,0.34,2,15,3.747,0.442,1.656174,15555,6903,0,-
19:43:11.334,snap,playback,tv.danmaku.bili,discharging,1,39.6,50.1,100,95,0,22.04,0.27,1.63,0,3.752,0.372,1.3957441,5300,1892,0,-
19:43:12.336,snap,playback,tv.danmaku.bili,discharging,1,39.6,48.5,100,95,0,22.04,0.27,1.63,0,3.749,0.382,1.432118,5300,1892,0,-
19:43:13.352,snap,playback,tv.danmaku.bili,discharging,1,39.5,49.3,100,95,0,19.68,0.22,1.34,0,3.756,0.43,1.61508,6792,2603,0,-
19:43:14.354,snap,playback,tv.danmaku.bili,discharging,1,39.5,47.3,100,95,0,19.68,0.22,1.34,0,3.753,0.344,1.2910321,6792,2603,0,-
19:43:15.354,snap,playback,tv.danmaku.bili,discharging,1,39.5,49.3,100,95,0,17.56,0.18,1.09,0,3.762,0.3,1.1286001,9980,4631,0,-
19:43:16.354,snap,playback,tv.danmaku.bili,discharging,1,39.5,49.3,100,95,0,17.56,0.18,1.09,21,3.687,1.382,5.0954337,9980,4631,0,-
19:43:17.354,snap,default,me.weishu.kernelsu,discharging,1,39.5,52.3,100,95,1,21.81,0.33,0.89,29,3.638,1.974,7.1814117,35771,18378,0,-
19:43:18.355,snap,default,me.weishu.kernelsu,discharging,1,39.5,55.3,100,95,1,27.46,0.81,2.36,46,3.7,1.586,5.8682,35771,18378,0,-
19:43:19.355,snap,default,me.weishu.kernelsu,discharging,1,39.5,55.3,100,95,1,27.46,0.81,2.36,22,3.67,1.822,6.6867404,28649,14531,0,-
19:43:20.355,snap,default,me.weishu.kernelsu,discharging,1,39.5,58.3,100,95,1,25.38,1.93,4.47,24,3.686,1.652,6.089272,28649,14531,0,-
