timestamp,type,mode,package,charge,screen_on,batt_temp,cpu_temp,thermal_cap_pct,thermal_free_pct,clg_active,psi_cpu_some,psi_io_some,psi_mem_some,gpu_busy_pct,batt_voltage_v,batt_current_ma,batt_power_w,wakeups,migrations,freq_trans,fps,screen_prop
00:07:12.188,snap,default,,discharging,1,36.2,57.2,100,95,1,22.24,0,0.33,15,3.926,0.91,3.5726602,0,0,0,-,2
00:07:13.646,snap,playback,tv.danmaku.bili,discharging,1,36.2,57.2,100,95,0,23.1,0,1.35,15,3.927,0.9,3.5342999,0,0,0,-,2
00:07:14.648,snap,playback,tv.danmaku.bili,discharging,1,36.2,54.2,100,95,0,22.54,0,1.29,15,3.932,0.782,3.0748239,27108,16802,0,-,2
00:07:15.646,snap,playback,tv.danmaku.bili,discharging,1,36.2,52.1,100,95,0,22.54,0,1.29,15,3.92,0.868,3.40256,26280,17337,0,-,2
00:07:16.646,snap,playback,tv.danmaku.bili,discharging,1,36.2,51.3,100,95,0,22.44,0,1.05,15,3.933,0.77,3.02841,26280,17337,0,-,2
00:07:17.647,snap,playback,tv.danmaku.bili,discharging,1,36.3,50.5,100,95,0,22.44,0,1.05,15,3.908,0.96,3.75168,25945,17540,0,-,2
00:07:18.651,snap,playback,tv.danmaku.bili,discharging,1,36.3,51.3,100,95,0,22.36,0,0.86,15,3.928,0.812,3.1895359,25945,17540,0,-,2
00:07:19.649,snap,playback,tv.danmaku.bili,discharging,1,36.3,50.5,100,95,0,22.36,0,0.86,15,3.926,0.948,3.7218482,28385,18762,0,-,2
00:07:20.651,snap,playback,tv.danmaku.bili,discharging,1,36.3,52.1,100,95,0,23.02,0,0.7,15,3.928,0.882,3.4644961,28385,18762,0,-,2
00:07:21.649,snap,playback,tv.danmaku.bili,discharging,1,36.3,51.3,100,95,0,23.02,0,0.7,15,3.918,1.016,3.980688,29933,18568,0,-,2
00:07:22.649,snap,playback,tv.danmaku.bili,discharging,1,36.3,52.4,100,95,0,25.37,0,0.58,15,3.929,0.852,3.347508,29933,18568,0,-,2
00:07:23.650,snap,playback,tv.danmaku.bili,discharging,1,36.3,51.3,100,95,0,25.37,0,0.58,15,3.924,0.934,3.6650162,28391,17213,0,-,2
00:07:24.651,snap,playback,tv.danmaku.bili,discharging,1,36.3,52.8,100,95,0,25.12,0,0.47,15,3.913,0.842,3.2947462,28391,17213,0,-,2
00:07:25.651,snap,playback,tv.danmaku.bili,discharging,1,36.3,52.8,100,95,0,25.12,0,0.47,15,3.913,1.016,3.9756083,27950,16946,0,-,2
00:07:26.652,snap,playback,tv.danmaku.bili,discharging,1,36.3,52.8,100,95,0,25.1,0,0.38,15,3.925,0.848,3.3284,27950,16946,0,-,2
00:07:27.652,snap,playback,tv.danmaku.bili,discharging,1,36.3,52.8,100,95,0,25.1,0,0.38,15,3.934,0.802,3.155068,28577,18704,0,-,2
00:07:28.652,snap,playback,tv.danmaku.bili,discharging,1,36.4,52.8,100,95,0,24.9,0,0.31,15,3.934,0.802,3.155068,28577,18704,0,-,2
00:07:29.652,snap,playback,tv.danmaku.bili,discharging,1,36.4,52.8,100,95,0,24.9,0,0.31,15,3.92,0.966,3.78672,28692,18205,0,-,2
00:07:30.652,snap,playback,tv.danmaku.bili,discharging,1,36.4,51.7,100,95,0,24.9,0,0.31,15,3.923,0.892,3.4993162,28692,18205,0,-,2
00:07:31.652,snap,playback,tv.danmaku.bili,discharging,1,36.4,50.9,100,95,0,24.92,0,0.25,15,3.923,0.842,3.3031662,27163,17751,0,-,2
00:07:32.653,snap,playback,tv.danmaku.bili,discharging,1,36.4,51.7,100,95,0,24.92,0,0.25,15,3.928,0.82,3.22096,27163,17751,0,-,2
00:07:33.653,snap,playback,tv.danmaku.bili,discharging,1,36.4,50.9,100,95,0,24.93,0,0.21,15,3.915,0.958,3.75057,28513,17781,0,-,2
00:07:34.655,snap,playback,tv.danmaku.bili,discharging,1,36.4,51.7,100,95,0,24.93,0,0.21,15,3.915,0.97,3.79755,28513,17781,0,-,2
00:07:35.655,snap,playback,tv.danmaku.bili,discharging,1,36.4,51.3,100,95,0,24.04,0,0.17,15,3.919,0.864,3.386016,25897,16104,0,-,2
00:07:36.656,snap,playback,tv.danmaku.bili,discharging,1,36.4,51.3,100,95,0,24.04,0,0.17,14,3.928,0.832,3.268096,25897,16104,0,-,2
00:07:37.656,snap,playback,tv.danmaku.bili,discharging,1,36.4,51.3,100,95,0,23.3,0,0.14,15,3.922,0.854,3.349388,25888,16754,0,-,2
00:07:38.656,snap,playback,tv.danmaku.bili,discharging,1,36.5,50.5,100,95,0,23.3,0,0.14,15,3.922,0.908,3.5611758,25888,16754,0,-,2
00:07:39.656,snap,playback,tv.danmaku.bili,discharging,1,36.5,50.1,100,95,0,22.7,0,0.11,11,3.934,0.744,2.926896,25888,16754,0,-,2
00:07:40.658,snap,playback,tv.danmaku.bili,discharging,1,36.5,49.3,100,95,0,22.7,0,0.11,10,3.939,0.674,2.654886,19214,12977,0,-,2
00:07:41.658,snap,playback,tv.danmaku.bili,discharging,1,36.5,48.9,100,95,0,21.67,0,0.09,11,3.935,0.66,2.5971,19214,12977,0,-,2
00:07:42.658,snap,playback,tv.danmaku.bili,discharging,1,36.5,48.9,100,95,0,21.67,0,0.09,9,3.942,0.58,2.2863598,17329,11575,0,-,2
00:07:43.662,snap,playback,tv.danmaku.bili,discharging,1,36.5,48.9,100,95,0,20.82,0,0.07,9,3.93,0.67,2.6331,17329,11575,0,-,2
00:07:44.663,snap,playback,tv.danmaku.bili,discharging,1,36.5,49.3,100,95,0,20.82,0,0.07,14,3.91,0.928,3.62848,21644,14853,0,-,2
00:07:45.662,snap,playback,tv.danmaku.bili,discharging,1,36.5,50.1,100,95,0,21.04,0,0.06,15,3.92,0.828,3.2457602,21644,14853,0,-,2
00:07:46.663,snap,playback,tv.danmaku.bili,discharging,1,36.5,50.9,100,95,0,21.04,0,0.06,15,3.928,0.896,3.519488,25079,16613,0,-,2
00:07:47.663,snap,playback,tv.danmaku.bili,discharging,1,36.5,50.9,100,95,0,23.2,0,0.77,14,3.92,0.898,3.52016,25079,16613,0,-,2
00:07:48.663,snap,playback,tv.danmaku.bili,discharging,1,36.5,50.9,100,95,0,24.98,0,0.63,15,3.93,0.772,3.03396,26940,17039,0,-,2
00:07:49.665,snap,playback,tv.danmaku.bili,discharging,1,36.6,50.9,100,95,0,24.98,0,0.63,14,3.906,0.926,3.616956,26940,17039,0,-,2
00:07:50.669,snap,playback,tv.danmaku.bili,discharging,1,36.6,50.9,100,95,0,24.98,0,0.52,15,3.925,0.784,3.0772,25387,16074,0,-,2
00:07:51.667,snap,playback,tv.danmaku.bili,discharging,1,36.6,50.9,100,95,0,24.98,0,0.52,15,3.925,0.788,3.0928998,25387,16074,0,-,2
00:07:52.669,snap,playback,tv.danmaku.bili,discharging,1,36.6,50.9,100,95,0,24.62,0,0.42,15,3.93,0.774,3.04182,25956,15343,0,-,2
00:07:53.668,snap,playback,tv.danmaku.bili,discharging,1,36.6,50.9,100,95,0,24.62,0,0.42,15,3.925,0.862,3.38335,25956,15343,0,-,2
00:07:54.668,snap,playback,tv.danmaku.bili,discharging,1,36.6,52.4,100,95,0,24.33,0,0.34,15,3.917,0.962,3.7681541,26383,16736,0,-,2
00:07:55.670,snap,playback,tv.danmaku.bili,discharging,1,36.6,52.4,100,95,0,24.33,0,0.34,14,3.921,0.884,3.466164,26383,16736,0,-,2
00:07:56.670,snap,playback,tv.danmaku.bili,discharging,1,36.6,51.3,100,95,0,24.27,0,0.28,15,3.928,0.762,2.9931362,26581,17954,0,-,2
00:07:57.670,snap,playback,tv.danmaku.bili,discharging,1,36.6,51.3,100,95,0,24.27,0,0.28,15,3.929,0.758,2.978182,26581,17954,0,-,2
00:07:58.672,snap,playback,tv.danmaku.bili,discharging,1,36.6,51.3,100,95,0,23.85,0,0.23,14,3.923,0.8,3.1384,25833,17379,0,-,2
00:07:59.671,snap,playback,tv.danmaku.bili,discharging,1,36.6,50.5,100,95,0,23.85,0,0.23,15,3.926,0.808,3.1722083,25833,17379,0,-,2
00:08:00.671,snap,playback,tv.danmaku.bili,discharging,1,36.7,51.3,100,95,0,23.52,0,0.19,15,3.921,0.762,2.987802,25109,17298,0,-,2
00:08:01.672,snap,playback,tv.danmaku.bili,discharging,1,36.7,50.5,100,95,0,23.52,0,0.19,15,3.928,0.792,3.110976,25109,17298,0,-,2
00:08:02.672,snap,playback,tv.danmaku.bili,discharging,1,36.7,50.9,100,95,0,23.06,0,0.15,15,3.929,0.772,3.0331879,26800,17169,0,-,2
00:08:03.673,snap,playback,tv.danmaku.bili,discharging,1,36.7,50.9,100,95,0,23.06,0,0.15,15,3.907,0.894,3.492858,26800,17169,0,-,2
00:08:04.673,snap,playback,tv.danmaku.bili,discharging,1,36.7,50.9,100,95,0,23.05,0,0.12,13,3.923,0.782,3.067786,27910,17300,0,-,2
00:08:05.673,snap,playback,tv.danmaku.bili,discharging,1,36.7,50.9,100,95,0,23.05,0,0.12,10,3.923,0.782,3.067786,27910,17300,0,-,2
00:08:06.673,snap,playback,tv.danmaku.bili,discharging,1,36.7,50.5,100,95,0,23.05,0,0.12,10,3.931,0.758,2.979698,20813,12179,0,-,2
00:08:07.673,snap,playback,tv.danmaku.bili,discharging,1,36.7,49.3,100,95,0,22.13,0,0.1,9,3.925,0.678,2.66115,20813,12179,0,-,2
00:08:08.674,snap,playback,tv.danmaku.bili,discharging,1,36.7,49.7,100,95,0,22.13,0,0.1,10,3.942,0.634,2.499228,20360,11974,0,-,2
00:08:09.674,snap,playback,tv.danmaku.bili,discharging,1,36.7,49.3,100,95,0,21.2,0,0.08,10,3.937,0.692,2.7244039,20360,11974,0,-,2
00:08:10.674,snap,playback,tv.danmaku.bili,discharging,1,36.8,48.9,100,95,0,21.2,0,0.08,9,3.935,0.636,2.5026598,18737,10963,0,-,2
00:08:11.680,snap,playback,tv.danmaku.bili,discharging,1,36.8,48.9,100,95,0,20.44,0,0.25,12,3.935,0.67,2.63645,18737,10963,0,-,2
00:08:12.676,snap,playback,tv.danmaku.bili,discharging,1,36.8,50.1,100,95,0,20.44,0,0.25,15,3.921,0.812,3.183852,24678,16623,0,-,2
00:08:13.676,snap,playback,tv.danmaku.bili,discharging,1,36.8,50.1,100,95,0,20.72,0,0.2,15,3.921,0.76,2.97996,24678,16623,0,-,2
00:08:14.681,snap,playback,tv.danmaku.bili,discharging,1,36.8,50.5,100,95,0,20.72,0,0.2,15,3.927,0.812,3.188724,26856,18819,0,-,2
00:08:15.679,snap,playback,tv.danmaku.bili,discharging,1,36.8,49.7,100,95,0,21.31,0,0.16,14,3.931,0.742,2.916802,26856,18819,0,-,2
00:08:16.679,snap,playback,tv.danmaku.bili,discharging,1,36.8,49.7,100,95,0,21.31,0,0.16,14,3.927,0.74,2.90598,24036,16563,0,-,2
00:08:17.680,snap,playback,tv.danmaku.bili,discharging,1,36.8,49.7,100,95,0,21.26,0,0.13,15,3.919,0.814,3.1900659,24036,16563,0,-,2
00:08:18.680,snap,playback,tv.danmaku.bili,discharging,1,36.8,49.7,100,95,0,21.26,0,0.13,15,3.927,0.7,2.7489,26201,17447,0,-,2
00:08:19.680,snap,playback,tv.danmaku.bili,discharging,1,36.8,49.7,100,95,0,21.75,0,0.11,15,3.918,0.764,2.993352,26201,17447,0,-,2
00:08:20.682,snap,playback,tv.danmaku.bili,discharging,1,36.8,50.1,100,95,0,21.75,0,0.11,15,3.925,0.778,3.05365,26508,17554,0,-,2
00:08:21.682,snap,playback,tv.danmaku.bili,discharging,1,36.9,50.1,100,95,0,22.16,0,0.09,15,3.92,0.808,3.16736,26508,17554,0,-,2
00:08:22.682,snap,playback,tv.danmaku.bili,discharging,1,36.9,50.5,100,95,0,22.16,0,0.09,15,3.927,0.766,3.008082,27051,17343,0,-,2
00:08:23.683,snap,playback,tv.danmaku.bili,discharging,1,36.9,50.5,100,95,0,22.13,0,0.07,14,3.919,0.758,2.970602,27051,17343,0,-,2
00:08:24.684,snap,playback,tv.danmaku.bili,discharging,1,36.9,50.5,100,95,0,22.13,0,0.07,15,3.918,0.818,3.204924,27583,17955,0,-,2
00:08:25.683,snap,playback,tv.danmaku.bili,discharging,1,36.9,51.3,100,95,0,22.83,0,0.06,15,3.916,0.892,3.493072,27583,17955,0,-,2
00:08:26.683,snap,playback,tv.danmaku.bili,discharging,1,36.9,51.3,100,95,0,22.83,0,0.06,15,3.93,0.794,3.1204202,25462,17625,0,-,2
00:08:27.683,snap,playback,tv.danmaku.bili,discharging,1,36.9,50.9,100,95,0,22.5,0,0.04,14,3.921,0.774,3.034854,25462,17625,0,-,2
00:08:28.683,snap,playback,tv.danmaku.bili,discharging,1,36.9,50.5,100,95,0,22.59,0,0.04,15,3.931,0.712,2.798872,27498,17929,0,-,2
00:08:29.684,snap,playback,tv.danmaku.bili,discharging,1,36.9,50.1,100,95,0,22.59,0,0.04,15,3.92,0.802,3.14384,27498,17929,0,-,2
00:08:30.687,snap,playback,tv.danmaku.bili,discharging,1,36.9,50.5,100,95,0,22.84,0,0.03,14,3.919,0.792,3.103848,25794,17222,0,-,2
00:08:31.684,snap,playback,tv.danmaku.bili,discharging,1,36.9,49.7,100,95,0,22.84,0,0.03,15,3.928,0.752,2.953856,25794,17222,0,-,2
00:08:32.684,snap,playback,tv.danmaku.bili,discharging,1,37,50.9,100,95,0,22.87,0,0.02,15,3.93,0.71,2.7903,26422,18040,0,-,2
00:08:33.685,snap,playback,tv.danmaku.bili,discharging,1,37,50.1,100,95,0,22.87,0,0.02,15,3.93,0.782,3.07326,26422,18040,0,-,2
00:08:34.684,snap,playback,tv.danmaku.bili,discharging,1,37,50.5,100,95,0,22.71,0,0.02,14,3.929,0.774,3.041046,25532,17406,0,-,2
00:08:35.686,snap,playback,tv.danmaku.bili,discharging,1,37,50.1,100,95,0,22.71,0,0.02,15,3.926,0.838,3.289988,25532,17406,0,-,2
00:08:36.686,snap,playback,tv.danmaku.bili,discharging,1,37,50.5,100,95,0,23.49,0,0.01,15,3.917,0.85,3.3294501,31748,21023,0,-,2
00:08:37.686,snap,playback,tv.danmaku.bili,discharging,1,37,50.5,100,95,0,23.49,0,0.01,14,3.92,0.836,3.27712,31748,21023,0,-,2
00:08:38.686,snap,playback,tv.danmaku.bili,discharging,1,37,50.5,100,95,0,22.86,0,0.01,15,3.931,0.716,2.8145962,24529,16871,0,-,2
00:08:39.690,snap,playback,tv.danmaku.bili,discharging,1,37,50.5,100,95,0,22.86,0,0.01,15,3.923,0.77,3.02071,24529,16871,0,-,2
00:08:40.693,snap,playback,tv.danmaku.bili,discharging,1,37,50.9,100,95,0,23.42,0,0.01,15,3.924,0.834,3.272616,26787,17645,0,-,2
00:08:41.691,snap,playback,tv.danmaku.bili,discharging,1,37,50.9,100,95,0,23.42,0,0.01,15,3.922,0.768,3.012096,26787,17645,0,-,2
00:08:42.691,snap,playback,tv.danmaku.bili,discharging,1,37.1,50.5,100,95,0,23.35,0,0,15,3.922,0.768,3.012096,24798,17070,0,-,2
00:08:43.693,snap,playback,tv.danmaku.bili,discharging,1,37.1,50.1,100,95,0,23.35,0,0,15,3.932,0.696,2.736672,24798,17070,0,-,2
00:08:44.695,snap,playback,tv.danmaku.bili,discharging,1,37.1,50.1,100,95,0,23.35,0,0,15,3.919,0.784,3.072496,24549,16308,0,-,2
00:08:45.692,snap,playback,tv.danmaku.bili,discharging,1,37.1,49.7,100,95,0,23.1,0,0,12,3.927,0.686,2.693922,24549,16308,0,-,2
00:08:46.692,snap,playback,tv.danmaku.bili,discharging,1,37.1,50.1,100,95,0,23.1,0,0,14,3.929,0.742,2.9153178,25003,16788,0,-,2
00:08:47.693,snap,playback,tv.danmaku.bili,discharging,1,37.1,49.7,100,95,0,22.72,0,0,15,3.919,0.798,3.1273618,25003,16788,0,-,2
00:08:48.692,snap,playback,tv.danmaku.bili,discharging,1,37.1,49.7,100,95,0,22.72,0,0,15,3.926,0.75,2.9445,22783,13702,0,-,2
00:08:49.693,snap,playback,tv.danmaku.bili,discharging,1,37.1,49.3,100,95,0,22.04,0,0,13,3.94,0.614,2.4191601,22783,13702,0,-,2
00:08:50.693,snap,playback,tv.danmaku.bili,discharging,1,37.1,48.5,100,95,0,22.04,0,0,11,3.936,0.618,2.432448,18191,11076,0,-,2
00:08:51.694,snap,playback,tv.danmaku.bili,discharging,1,37.1,48.1,100,95,0,20.77,0,0,10,3.938,0.62,2.44156,18191,11076,0,-,2
00:08:52.693,snap,playback,tv.danmaku.bili,discharging,1,37.1,48.5,100,95,0,20.77,0,0,8,3.937,0.694,2.732278,18191,11076,0,-,2
00:08:53.694,snap,playback,tv.danmaku.bili,discharging,1,37.1,48.1,100,95,0,20.26,0,0,11,3.926,0.648,2.544048,20213,12369,0,-,2
00:08:54.694,snap,playback,tv.danmaku.bili,discharging,1,37.1,48.9,100,95,0,20.26,0,0,10,3.935,0.652,2.56562,20213,12369,0,-,2
00:08:55.694,snap,playback,tv.danmaku.bili,discharging,1,37.1,48.5,100,95,0,20.03,0,0,9,3.933,0.65,2.55645,19036,11975,0,-,2
00:08:56.694,snap,playback,tv.danmaku.bili,discharging,1,37.1,48.5,100,95,0,20.03,0,0,10,3.937,0.616,2.425192,19036,11975,0,-,2
00:08:57.695,snap,playback,tv.danmaku.bili,discharging,1,37.1,48.5,100,95,0,19.66,0,0,10,3.937,0.598,2.354326,17738,11576,0,-,2
00:08:58.695,snap,playback,tv.danmaku.bili,discharging,1,37.1,48.5,100,95,0,19.66,0,0,10,3.937,0.582,2.2913342,17738,11576,0,-,2
00:08:59.695,snap,playback,tv.danmaku.bili,discharging,1,37.1,47.7,100,95,0,19.18,0,0,10,3.93,0.648,2.5466402,17719,11507,0,-,2
00:09:00.695,snap,playback,tv.danmaku.bili,discharging,1,37.1,48.1,100,95,0,19.18,0,0,10,3.938,0.588,2.315544,17719,11507,0,-,2
00:09:01.696,snap,playback,tv.danmaku.bili,discharging,1,37.1,47.3,100,95,0,18.78,0,0,9,3.935,0.638,2.51053,18353,11732,0,-,2
00:09:02.695,snap,playback,tv.danmaku.bili,discharging,1,37.1,48.1,100,95,0,18.78,0,0,10,3.934,0.576,2.2659838,18353,11732,0,-,2
00:09:03.696,snap,playback,tv.danmaku.bili,discharging,1,37.1,48.5,100,95,0,18.64,0,0,11,3.931,0.68,2.67308,19845,12590,0,-,2
00:09:04.696,snap,playback,tv.danmaku.bili,discharging,1,37.2,48.9,100,95,0,18.64,0,0,8,3.933,0.626,2.462058,19845,12590,0,-,2
00:09:05.697,snap,playback,tv.danmaku.bili,discharging,1,37.2,48.5,100,95,0,18.52,0,0,10,3.93,0.676,2.65668,18486,12074,0,-,2
00:09:06.705,snap,playback,tv.danmaku.bili,discharging,1,37.2,48.5,100,95,0,18.52,0,0,10,3.934,0.616,2.423344,18486,12074,0,-,2
00:09:07.698,snap,playback,tv.danmaku.bili,discharging,1,37.2,48.1,100,95,0,18.61,0,0,10,3.924,0.628,2.464272,19865,12418,0,-,2
00:09:08.698,snap,playback,tv.danmaku.bili,discharging,1,37.2,48.1,100,95,0,18.32,0,0,0,3.946,0.474,1.8704041,19865,12418,0,-,2
00:09:09.699,snap,playback,tv.danmaku.bili,discharging,1,37.2,46.9,100,95,0,18.32,0,0,0,3.937,0.448,1.7637761,11691,5453,0,-,2
00:09:10.699,snap,playback,tv.danmaku.bili,discharging,1,37.2,45.7,100,95,0,17.35,0,0,0,3.953,0.358,1.415174,11691,5453,0,-,2
00:09:11.700,snap,playback,tv.danmaku.bili,discharging,1,37.2,44.9,100,95,0,17.35,0,0,0,3.955,0.342,1.35261,9566,4367,0,-,2
00:09:12.700,snap,playback,tv.danmaku.bili,discharging,1,37.2,44.9,100,95,0,16.38,0,0,0,3.958,0.314,1.242812,9566,4367,0,-,2
00:09:13.701,snap,playback,tv.danmaku.bili,discharging,1,37.2,44.2,100,95,0,16.38,0,0,0,3.961,0.304,1.204144,9212,3525,0,-,2
00:09:14.701,snap,playback,tv.danmaku.bili,discharging,1,37.3,44.6,100,95,0,15.41,0,0,0,3.958,0.334,1.3219719,9212,3525,0,-,2
00:09:15.701,snap,playback,tv.danmaku.bili,discharging,1,37.3,44.6,100,95,0,15.41,0,0,0,3.948,0.406,1.602888,8295,3581,0,-,2
00:09:16.701,snap,playback,tv.danmaku.bili,discharging,1,37.3,44.6,100,95,0,15.33,0,0.36,0,3.948,0.406,1.602888,8295,3581,0,-,2
00:09:17.701,snap,playback,tv.danmaku.bili,discharging,1,37.3,45.3,100,95,0,15.33,0,0.36,0,3.956,0.4,1.5824001,13578,5492,0,-,2
00:09:18.701,snap,playback,tv.danmaku.bili,discharging,1,37.3,45.7,100,95,0,15.33,0,0.36,0,3.946,0.622,2.454412,13578,5492,0,-,2
00:09:19.703,snap,playback,tv.danmaku.bili,discharging,1,37.3,47.3,100,95,0,15.27,0.18,0.65,0,3.943,0.662,2.610266,13811,4707,0,-,2
00:09:20.702,snap,playback,tv.danmaku.bili,discharging,1,37.3,49.3,100,95,0,15.27,0.18,0.65,8,3.927,0.67,2.6310902,13811,4707,0,-,2
00:09:21.702,snap,playback,tv.danmaku.bili,discharging,1,37.3,51.3,100,95,0,16.49,0.32,1.08,9,3.907,1.046,4.086722,25861,13240,0,-,2
00:09:22.706,snap,playback,tv.danmaku.bili,discharging,1,37.3,51.3,100,95,0,16.49,0.32,1.08,10,3.916,0.908,3.555728,25861,13240,0,-,2
00:09:23.706,snap,playback,tv.danmaku.bili,discharging,1,37.3,51.3,100,95,0,17.85,0.26,0.88,9,3.927,0.806,3.165162,21307,13140,0,-,2
00:09:24.705,snap,playback,tv.danmaku.bili,discharging,1,37.3,51.7,100,95,0,17.85,0.26,0.88,10,3.913,0.956,3.740828,21307,13140,0,-,2
00:09:25.706,snap,playback,tv.danmaku.bili,discharging,1,37.3,51.7,100,95,0,18.42,0.22,0.72,10,3.913,1.078,4.218214,26385,15090,0,-,2
00:09:26.707,snap,playback,tv.danmaku.bili,discharging,1,37.3,51.7,100,95,0,18.42,0.22,0.72,9,3.921,0.724,2.838804,26385,15090,0,-,2
00:09:27.707,snap,playback,tv.danmaku.bili,discharging,1,37.3,50.5,100,95,0,18.34,0.18,0.59,10,3.884,1.06,4.1170397,24748,15270,0,-,2
00:09:28.708,snap,playback,tv.danmaku.bili,discharging,1,37.3,51.3,100,95,0,18.34,0.18,0.59,15,3.921,0.788,3.089748,24748,15270,0,-,2
00:09:29.708,snap,playback,tv.danmaku.bili,discharging,1,37.3,50.5,100,95,0,19,0.14,0.48,15,3.91,0.882,3.44862,26523,17423,0,-,2
00:09:30.708,snap,playback,tv.danmaku.bili,discharging,1,37.3,51.3,100,95,0,19,0.14,0.48,15,3.923,0.814,3.1933222,26523,17423,0,-,2
00:09:31.710,snap,playback,tv.danmaku.bili,discharging,1,37.3,50.5,100,95,0,19.55,0.12,0.39,14,3.911,0.844,3.300884,26820,18284,0,-,2
00:09:32.708,snap,playback,tv.danmaku.bili,discharging,1,37.3,50.5,100,95,0,19.55,0.12,0.39,15,3.927,0.736,2.8902721,26820,18284,0,-,2
00:09:33.709,snap,playback,tv.danmaku.bili,discharging,1,37.3,49.3,100,95,0,19.99,0.09,0.32,15,3.917,0.778,3.047426,23401,16063,0,-,2
00:09:34.709,snap,playback,tv.danmaku.bili,discharging,1,37.3,49.7,100,95,0,19.99,0.09,0.32,10,3.932,0.672,2.642304,23401,16063,0,-,2
00:09:35.710,snap,playback,tv.danmaku.bili,discharging,1,37.3,49.7,100,95,0,19.81,0.08,0.26,11,3.92,0.802,3.14384,20692,13901,0,-,2
00:09:36.711,snap,playback,tv.danmaku.bili,discharging,1,37.3,50.1,100,95,0,19.81,0.08,0.26,14,3.924,0.786,3.084264,20692,13901,0,-,2
00:09:37.710,snap,playback,tv.danmaku.bili,discharging,1,37.3,50.1,100,95,0,20.02,0.06,0.21,15,3.924,0.772,3.029328,25110,17524,0,-,2
00:09:38.712,snap,playback,tv.danmaku.bili,discharging,1,37.3,50.1,100,95,0,20.02,0.06,0.21,15,3.91,0.88,3.4408,25110,17524,0,-,2
00:09:39.711,snap,playback,tv.danmaku.bili,discharging,1,37.3,50.5,100,95,0,20.74,0.05,0.17,15,3.913,0.892,3.4903963,26586,17615,0,-,2
00:09:40.711,snap,playback,tv.danmaku.bili,discharging,1,37.3,50.5,100,95,0,20.74,0.05,0.17,14,3.923,0.778,3.052094,26586,17615,0,-,2
00:09:41.711,snap,playback,tv.danmaku.bili,discharging,1,37.3,50.5,100,95,0,20.61,0.04,0.14,15,3.919,0.83,3.25277,25137,17293,0,-,2
00:09:42.712,snap,playback,tv.danmaku.bili,discharging,1,37.3,50.1,100,95,0,20.61,0.03,0.11,15,3.925,0.74,2.9045,25137,17293,0,-,2
00:09:43.712,snap,playback,tv.danmaku.bili,discharging,1,37.3,50.1,100,95,0,20.68,0.03,0.11,15,3.921,0.79,3.09759,24599,16928,0,-,2
00:09:44.714,snap,playback,tv.danmaku.bili,discharging,1,37.3,49.7,100,95,0,20.55,0.02,0.09,15,3.933,0.678,2.666574,24599,16928,0,-,2
00:09:45.713,snap,playback,tv.danmaku.bili,discharging,1,37.3,49.7,100,95,0,20.55,0.02,0.09,15,3.924,0.806,3.162744,24096,16497,0,-,2
00:09:46.724,snap,playback,tv.danmaku.bili,discharging,1,37.3,50.1,100,95,0,21.36,0.02,0.07,15,3.915,0.828,3.24162,24096,16497,0,-,2
00:09:47.725,snap,playback,tv.danmaku.bili,discharging,1,37.3,50.1,100,95,0,21.36,0.02,0.07,15,3.919,0.91,3.5662901,28583,18319,0,-,2
00:09:48.726,snap,playback,tv.danmaku.bili,discharging,1,37.3,50.9,100,95,0,22.02,0.01,0.06,15,3.931,0.702,2.759562,28583,18319,0,-,2
00:09:49.726,snap,playback,tv.danmaku.bili,discharging,1,37.3,50.9,100,95,0,22.02,0.01,0.06,14,3.907,0.964,3.7663481,27343,17980,0,-,2
00:09:50.726,snap,playback,tv.danmaku.bili,discharging,1,37.3,50.9,100,95,0,22.56,0.01,0.05,15,3.922,0.81,3.17682,27343,17980,0,-,2
00:09:51.731,snap,playback,tv.danmaku.bili,discharging,1,37.4,51.3,100,95,0,22.56,0.01,0.05,15,3.919,0.926,3.628994,29357,17996,0,-,2
00:09:52.728,snap,playback,tv.danmaku.bili,discharging,1,37.4,51.3,100,95,0,22.27,0.01,0.04,15,3.921,0.752,2.948592,29357,17996,0,-,2
00:09:53.727,snap,playback,tv.danmaku.bili,discharging,1,37.4,51.3,100,95,0,22.27,0.01,0.04,15,3.921,0.752,2.948592,24702,16229,0,-,2
00:09:54.728,snap,playback,tv.danmaku.bili,discharging,1,37.4,50.9,100,95,0,22.27,0.01,0.04,15,3.923,0.788,3.091324,24702,16229,0,-,2
00:09:55.732,snap,playback,tv.danmaku.bili,discharging,1,37.4,50.1,100,95,0,22.04,0,0.03,14,3.914,0.862,3.373868,28351,17302,0,-,2
00:09:56.732,snap,playback,tv.danmaku.bili,discharging,1,37.4,50.9,100,95,0,22.04,0,0.03,15,3.923,0.82,3.21686,28351,17302,0,-,2
00:09:57.733,snap,playback,tv.danmaku.bili,discharging,1,37.4,50.9,100,95,0,21.85,0,0.02,15,3.915,0.836,3.2729402,25491,16631,0,-,2
00:09:58.732,snap,playback,tv.danmaku.bili,discharging,1,37.4,52.4,100,95,0,21.85,0,0.02,15,3.926,0.824,3.2350242,25491,16631,0,-,2
00:09:59.732,snap,playback,tv.danmaku.bili,discharging,1,37.4,51.7,100,95,0,22.42,0,0.02,15,3.916,0.908,3.555728,28681,17584,0,-,2
00:10:00.732,snap,playback,tv.danmaku.bili,discharging,1,37.4,51.7,100,95,0,22.42,0,0.02,15,3.905,0.974,3.80347,28681,17584,0,-,2
00:10:01.733,snap,playback,tv.danmaku.bili,discharging,1,37.4,50.9,100,95,0,22.16,0,0.01,14,3.923,0.726,2.848098,26430,17797,0,-,2
00:10:02.734,snap,playback,tv.danmaku.bili,discharging,1,37.4,50.9,100,95,0,22.16,0,0.01,15,3.92,0.82,3.2144,26430,17797,0,-,2
00:10:03.734,snap,playback,tv.danmaku.bili,discharging,1,37.4,50.9,100,95,0,22.31,0,0.01,15,3.922,0.798,3.129756,27934,17534,0,-,2
00:10:04.734,snap,playback,tv.danmaku.bili,discharging,1,37.4,51.7,100,95,0,22.31,0,0.01,15,3.914,0.924,3.6165361,27934,17534,0,-,2
00:10:05.734,snap,playback,tv.danmaku.bili,discharging,1,37.4,51.7,100,95,0,23.52,0,0.01,15,3.91,0.934,3.65194,31162,19934,0,-,2
00:10:06.734,snap,playback,tv.danmaku.bili,discharging,1,37.4,51.3,100,95,0,23.52,0,0.01,15,3.915,0.892,3.49218,31162,19934,0,-,2
00:10:07.735,snap,playback,tv.danmaku.bili,discharging,1,37.4,51.3,100,95,0,24.15,0,0,14,3.913,0.898,3.513874,29655,18552,0,-,2
00:10:08.734,snap,playback,tv.danmaku.bili,discharging,1,37.4,51.3,100,95,0,24.15,0,0,15,3.92,0.84,3.2928,29655,18552,0,-,2
00:10:09.735,snap,playback,tv.danmaku.bili,discharging,1,37.4,50.9,100,95,0,25.03,0,0,14,3.9,0.936,3.6504002,28868,18407,0,-,2
00:10:10.735,snap,playback,tv.danmaku.bili,discharging,1,37.4,52.4,100,95,0,25.03,0,0,14,3.919,0.8,3.1352,28868,18407,0,-,2
00:10:11.736,snap,playback,tv.danmaku.bili,discharging,1,37.4,51.3,100,95,0,24.66,0,0,15,3.91,0.936,3.65976,28051,18153,0,-,2
00:10:12.735,snap,playback,tv.danmaku.bili,discharging,1,37.4,53.2,100,95,0,24.66,0,0,14,3.923,0.764,2.997172,28051,18153,0,-,2
00:10:13.736,snap,playback,tv.danmaku.bili,discharging,1,37.4,52.1,100,95,0,24.54,0,0,15,3.908,0.944,3.689152,28600,18356,0,-,2
00:10:14.737,snap,playback,tv.danmaku.bili,discharging,1,37.4,52.1,100,95,0,24.54,0,0,14,3.917,0.862,3.376454,28600,18356,0,-,2
00:10:15.737,snap,playback,tv.danmaku.bili,discharging,1,37.4,51.7,100,95,0,25.17,0,0,15,3.907,0.84,3.28188,27064,18143,0,-,2
00:10:16.736,snap,playback,tv.danmaku.bili,discharging,1,37.4,51.7,100,95,0,25.17,0,0,15,3.914,0.902,3.5304282,27064,18143,0,-,2
00:10:17.739,snap,playback,tv.danmaku.bili,discharging,1,37.4,51.7,100,95,0,25.5,0,0,15,3.9,1.092,4.2588,27586,17920,0,-,2
00:10:18.738,snap,playback,tv.danmaku.bili,discharging,1,37.4,51.7,100,95,0,25.5,0,0,15,3.92,0.792,3.10464,27586,17920,0,-,2
00:10:19.737,snap,playback,tv.danmaku.bili,discharging,1,37.4,51.7,100,95,0,25.04,0,0,15,3.919,0.814,3.1900659,26313,17807,0,-,2
00:10:20.738,snap,playback,tv.danmaku.bili,discharging,1,37.4,51.7,100,95,0,25.04,0,0,15,3.918,0.762,2.985516,26313,17807,0,-,2
00:10:21.738,snap,playback,tv.danmaku.bili,discharging,1,37.5,51.7,100,95,0,24.31,0,0,15,3.917,0.854,3.345118,25318,17366,0,-,2
00:10:22.737,snap,playback,tv.danmaku.bili,discharging,1,37.5,52.1,100,95,0,24.07,0,0,15,3.919,0.816,3.1979039,25318,17366,0,-,2
00:10:23.738,snap,playback,tv.danmaku.bili,discharging,1,37.5,51.7,100,95,0,24.07,0,0,15,3.919,0.812,3.1822278,25311,17154,0,-,2
00:10:24.740,snap,playback,tv.danmaku.bili,discharging,1,37.5,51.7,100,95,0,23.51,0,0,14,3.925,0.72,2.826,25311,17154,0,-,2
00:10:25.740,snap,playback,tv.danmaku.bili,discharging,1,37.5,51.3,100,95,0,23.51,0,0,15,3.909,0.862,3.3695579,25486,16812,0,-,2
00:10:26.741,snap,playback,tv.danmaku.bili,discharging,1,37.5,51.7,100,95,0,24.14,0,0,15,3.921,0.74,2.90154,25486,16812,0,-,2
00:10:27.741,snap,playback,tv.danmaku.bili,discharging,1,37.5,50.9,100,95,0,24.14,0,0,15,3.917,0.804,3.1492682,24072,16498,0,-,2
00:10:28.741,snap,playback,tv.danmaku.bili,discharging,1,37.5,52.1,100,95,0,23.76,0,0,15,3.918,0.828,3.244104,24072,16498,0,-,2
00:10:29.744,snap,playback,tv.danmaku.bili,discharging,1,37.5,51.7,100,95,0,23.76,0,0,15,3.92,0.916,3.5907202,24072,16498,0,-,2
00:10:30.744,snap,playback,tv.danmaku.bili,discharging,1,37.5,52.1,100,95,0,23.62,0,0,15,3.923,0.74,2.9030201,26551,16896,0,-,2
00:10:31.744,snap,playback,tv.danmaku.bili,discharging,1,37.5,51.7,100,95,0,23.62,0,0,14,3.923,0.74,2.9030201,26551,16896,0,-,2
00:10:32.747,snap,playback,tv.danmaku.bili,discharging,1,37.5,52.1,100,95,0,23.62,0,0,14,3.923,0.768,3.012864,24710,17311,0,-,2
00:10:33.746,snap,playback,tv.danmaku.bili,discharging,1,37.5,52.1,100,95,0,23.14,0,0,15,3.921,0.732,2.870172,24710,17311,0,-,2
00:10:34.746,snap,playback,tv.danmaku.bili,discharging,1,37.5,52.1,100,95,0,23.14,0,0,14,3.917,0.844,3.305948,26501,17624,0,-,2
00:10:35.748,snap,playback,tv.danmaku.bili,discharging,1,37.5,51.7,100,95,0,23.12,0,0,14,3.918,0.802,3.142236,26501,17624,0,-,2
00:10:36.748,snap,playback,tv.danmaku.bili,discharging,1,37.5,51.7,100,95,0,23.12,0,0,15,3.918,0.84,3.2911198,24970,17479,0,-,2
00:10:37.748,snap,playback,tv.danmaku.bili,discharging,1,37.5,51.7,100,95,0,22.73,0,0,15,3.919,0.782,3.064658,24970,17479,0,-,2
00:10:38.750,snap,playback,tv.danmaku.bili,discharging,1,37.5,52.1,100,95,0,22.73,0,0,15,3.924,0.756,2.966544,23943,16696,0,-,2
00:10:39.750,snap,playback,tv.danmaku.bili,discharging,1,37.5,51.7,100,95,0,22.42,0,0,15,3.914,0.8,3.1312,23943,16696,0,-,2
00:10:40.750,snap,playback,tv.danmaku.bili,discharging,1,37.5,51.7,100,95,0,22.42,0,0,15,3.917,0.776,3.039592,24578,17256,0,-,2
00:10:41.751,snap,playback,tv.danmaku.bili,discharging,1,37.6,51.7,100,95,0,22.16,0,0,15,3.919,0.772,3.0254679,24578,17256,0,-,2
00:10:42.755,snap,playback,tv.danmaku.bili,discharging,1,37.6,51.3,100,95,0,22.16,0,0,15,3.918,0.79,3.09522,24432,17351,0,-,2
00:10:43.758,snap,playback,tv.danmaku.bili,discharging,1,37.6,50.9,100,95,0,22.13,0,0,15,3.923,0.758,2.9736342,24432,17351,0,-,2
00:10:44.759,snap,playback,tv.danmaku.bili,discharging,1,37.6,50.9,100,95,0,22.13,0,0,15,3.922,0.794,3.114068,25424,17239,0,-,2
00:10:45.759,snap,playback,tv.danmaku.bili,discharging,1,37.6,51.3,100,95,0,22.1,0,0,15,3.922,0.784,3.074848,25424,17239,0,-,2
00:10:46.759,snap,playback,tv.danmaku.bili,discharging,1,37.6,51.3,100,95,0,22.1,0,0,15,3.922,0.832,3.263104,24787,17058,0,-,2
00:10:47.760,snap,playback,tv.danmaku.bili,discharging,1,37.6,51.3,100,95,0,21.72,0,0,15,3.904,0.846,3.3027842,24787,17058,0,-,2
00:10:48.760,snap,playback,tv.danmaku.bili,discharging,1,37.6,51.7,100,95,0,21.72,0,0,14,3.916,0.776,3.038816,27020,17283,0,-,2
00:10:49.767,snap,playback,tv.danmaku.bili,discharging,1,37.6,51.3,100,95,0,22.5,0,0,15,3.913,0.832,3.2556162,27020,17283,0,-,2
00:10:50.767,snap,playback,tv.danmaku.bili,discharging,1,37.6,51.7,100,95,0,22.5,0,0,15,3.924,0.746,2.927304,25260,17074,0,-,2
00:10:51.767,snap,playback,tv.danmaku.bili,discharging,1,37.6,51.3,100,95,0,22.41,0,0,15,3.911,0.776,3.0349362,25260,17074,0,-,2
00:10:52.767,snap,playback,tv.danmaku.bili,discharging,1,37.6,51.3,100,95,0,22.41,0,0,15,3.908,0.798,3.118584,26408,17273,0,-,2
00:10:53.768,snap,playback,tv.danmaku.bili,discharging,1,37.6,50.9,100,95,0,22.51,0,0,11,3.918,0.748,2.930664,26408,17273,0,-,2
00:10:54.768,snap,playback,tv.danmaku.bili,discharging,1,37.6,50.1,100,95,0,22.51,0,0,8,3.926,0.656,2.5754561,18933,12579,0,-,2
00:10:55.769,snap,playback,tv.danmaku.bili,discharging,1,37.6,49.7,100,95,0,21.51,0,0,10,3.921,0.666,2.611386,18933,12579,0,-,2
00:10:56.769,snap,playback,tv.danmaku.bili,discharging,1,37.6,49.7,100,95,0,21.51,0,0,10,3.92,0.648,2.54016,18293,12069,0,-,2
00:10:57.769,snap,playback,tv.danmaku.bili,discharging,1,37.6,49.7,100,95,0,20.69,0,0,8,3.918,0.718,2.813124,18293,12069,0,-,2
00:10:58.770,snap,playback,tv.danmaku.bili,discharging,1,37.6,49.7,100,95,0,20.69,0,0,10,3.927,0.634,2.489718,17922,11699,0,-,2
00:10:59.770,snap,playback,tv.danmaku.bili,discharging,1,37.6,49.7,100,95,0,20.2,0,0,10,3.923,0.744,2.9187121,17922,11699,0,-,2
00:11:00.770,snap,playback,tv.danmaku.bili,discharging,1,37.6,49.7,100,95,0,20.2,0,0,10,3.939,0.65,2.56035,16710,9292,0,-,2
00:11:01.771,snap,playback,tv.danmaku.bili,discharging,1,37.7,49.7,100,95,0,19.62,0,0,7,3.903,0.752,2.935056,16710,9292,0,-,2
00:11:02.771,snap,playback,tv.danmaku.bili,discharging,1,37.7,48.1,100,95,0,18.42,0,0,0,3.938,0.364,1.433432,13461,5904,0,-,2
00:11:03.772,snap,playback,tv.danmaku.bili,discharging,1,37.7,47.3,100,95,0,18.42,0,0,0,3.941,0.394,1.5527539,13461,5904,0,-,2
00:11:04.771,snap,playback,tv.danmaku.bili,discharging,1,37.7,46.5,100,95,0,16.9,0,0,0,3.943,0.358,1.411594,7372,3162,0,-,2
00:11:05.773,snap,playback,tv.danmaku.bili,discharging,1,37.7,46.1,100,95,0,16.9,0,0,0,3.941,0.404,1.592164,7372,3162,0,-,2
00:11:06.772,snap,playback,tv.danmaku.bili,discharging,1,37.7,45.7,100,95,0,16.01,0,0,0,3.941,0.404,1.592164,7671,3272,0,-,2
00:11:07.772,snap,playback,tv.danmaku.bili,discharging,1,37.7,45.7,100,95,0,16.01,0,0,0,3.941,0.36,1.4187601,7671,3272,0,-,2
00:11:08.772,snap,playback,tv.danmaku.bili,discharging,1,37.7,46.9,100,95,0,16.01,0,0,9,3.926,0.57,2.2378201,14167,6863,0,-,2
00:11:09.775,snap,playback,tv.danmaku.bili,discharging,1,37.7,46.9,100,95,0,15.82,0,0,11,3.93,0.524,2.05932,14167,6863,0,-,2
00:11:10.773,snap,playback,tv.danmaku.bili,discharging,1,37.7,48.1,100,95,0,15.82,0,0,11,3.941,0.48,1.89168,10415,5278,0,-,2
00:11:11.775,snap,playback,tv.danmaku.bili,discharging,1,37.7,49.7,100,95,0,15.67,0,0,10,3.924,0.764,2.997936,10415,5278,0,-,2
00:11:12.775,snap,playback,tv.danmaku.bili,discharging,1,37.8,50.1,100,95,0,15.67,0,0,10,3.915,0.736,2.88144,22904,13042,0,-,2
00:11:13.777,snap,playback,tv.danmaku.bili,discharging,1,37.8,51.7,100,95,0,16.09,0,0,31,3.902,0.958,3.738116,22904,13042,0,-,2
00:11:14.777,snap,playback,tv.danmaku.bili,discharging,1,37.8,54.7,100,95,0,16.09,0,0,33,3.857,1.402,5.407514,34411,13039,0,-,3
00:11:15.777,snap,playback,tv.danmaku.bili,discharging,1,37.8,57.7,100,95,0,23.68,0.18,1.81,14,3.864,1.536,5.9351044,34411,13039,0,-,3
00:11:16.778,snap,playback,tv.danmaku.bili,discharging,1,37.8,58,100,95,0,23.68,0.18,1.81,14,3.889,1.244,4.837916,22699,6228,0,-,4
00:11:17.779,snap,playback,tv.danmaku.bili,discharging,1,37.8,55,100,95,0,29.72,0.32,2.75,0,3.922,0.634,2.486548,22699,6228,0,-,3
00:11:18.780,snap,playback,tv.danmaku.bili,discharging,1,37.8,52,100,95,0,29.72,0.32,2.75,0,3.936,0.476,1.8735361,9975,2902,0,-,4
00:11:19.780,snap,playback,tv.danmaku.bili,discharging,1,37.8,49,100,95,0,27.23,0.26,2.25,0,3.937,0.438,1.724406,9975,2902,0,-,4
00:11:20.780,snap,playback,tv.danmaku.bili,discharging,1,37.8,48.1,100,95,0,27.23,0.26,2.25,0,3.94,0.402,1.5838801,9353,4078,0,-,4
00:11:21.781,snap,playback,tv.danmaku.bili,discharging,1,37.8,48.1,100,95,0,23.75,0.4,1.84,0,3.937,0.53,2.0866098,9353,4078,0,-,4
00:11:22.781,snap,playback,tv.danmaku.bili,discharging,1,37.8,48.5,100,95,0,23.75,0.4,1.84,0,3.936,0.59,2.3222399,14183,3789,0,-,3
00:11:23.782,snap,playback,tv.danmaku.bili,discharging,0,37.8,48.5,100,95,0,28.5,0.32,2.05,23,3.932,0.532,2.091824,14183,3789,0,-,1
00:11:24.783,snap,playback,tv.danmaku.bili,discharging,0,37.8,47.7,100,95,0,28.5,0.32,2.05,23,3.944,0.382,1.506608,10438,4003,0,-,1
00:11:25.783,snap,playback,tv.danmaku.bili,discharging,0,37.8,47.3,100,95,0,32.94,0.26,1.68,0,3.949,0.288,1.1373119,10438,4003,0,-,1
00:11:26.783,snap,playback,tv.danmaku.bili,discharging,0,37.8,47.3,100,95,0,32.94,0.26,1.68,0,3.936,0.446,1.7554561,6773,1574,0,-,1
00:11:27.784,snap,playback,tv.danmaku.bili,discharging,0,37.8,47.7,100,95,0,33.13,0.4,2.1,0,3.934,0.55,2.1637,6773,1574,0,-,1
00:11:28.785,snap,playback,tv.danmaku.bili,discharging,0,37.8,47.7,100,95,0,33.13,0.4,2.1,0,3.939,0.452,1.7804279,9072,2176,0,-,1
00:11:29.785,snap,playback,tv.danmaku.bili,discharging,0,37.8,47.7,100,95,0,38.72,1.05,2.44,0,3.936,0.438,1.723968,9072,2176,0,-,1
00:11:30.785,snap,playback,tv.danmaku.bili,discharging,0,37.8,47.7,100,95,0,38.72,1.05,2.44,0,3.936,0.514,2.023104,12107,2870,0,-,1
00:11:31.785,snap,playback,tv.danmaku.bili,discharging,0,37.8,47.7,100,95,0,43.84,1.22,2.72,0,3.935,0.508,1.99898,12107,2870,0,-,1
00:11:32.786,snap,playback,tv.danmaku.bili,discharging,0,37.8,48.1,100,95,0,43.84,1.22,2.72,0,3.932,0.568,2.233376,11023,2590,0,-,1
00:11:34.937,snap,playback,tv.danmaku.bili,discharging,0,37.8,48.1,100,95,0,49.13,1.72,4.77,0,3.964,0.23,0.91172004,11023,2590,0,-,1
00:11:35.972,snap,playback,tv.danmaku.bili,discharging,0,37.8,46.9,100,95,0,47.83,1.59,3.9,0,3.964,0.23,0.91172004,16216,6607,0,-,1
00:11:36.973,snap,playback,tv.danmaku.bili,discharging,0,37.8,46.9,100,95,0,47.83,1.59,3.9,0,3.944,0.408,1.609152,16216,6607,0,-,1
00:11:37.974,snap,playback,tv.danmaku.bili,discharging,0,37.8,46.9,100,95,0,47.83,1.59,3.9,0,3.945,0.42,1.6568999,13061,5981,0,-,1
00:11:38.974,snap,playback,tv.danmaku.bili,discharging,0,37.8,46.9,100,95,0,50.94,1.48,3.37,0,3.938,0.494,1.945372,13061,5981,0,-,1
00:11:39.975,snap,playback,tv.danmaku.bili,discharging,0,37.8,46.9,100,95,0,50.94,1.48,3.37,0,3.94,0.402,1.5838801,9479,3517,0,-,1
00:11:40.976,snap,playback,tv.danmaku.bili,discharging,0,37.8,46.9,100,95,0,54.76,1.39,3.49,0,3.943,0.41,1.6166301,9479,3517,0,-,1
00:11:41.977,snap,playback,tv.danmaku.bili,discharging,0,37.8,46.5,100,95,0,54.76,1.39,3.49,0,3.941,0.366,1.4424059,9968,2122,0,-,1
00:11:42.977,snap,playback,tv.danmaku.bili,discharging,0,37.8,46.1,100,95,0,57.7,1.14,3.22,0,3.95,0.322,1.2719,9968,2122,0,-,1
00:11:43.978,snap,playback,tv.danmaku.bili,discharging,0,37.8,46.1,100,95,0,57.7,1.14,3.22,0,3.951,0.294,1.161594,16516,4724,0,-,1
00:11:44.978,snap,playback,tv.danmaku.bili,discharging,0,37.8,45.7,100,95,0,51.23,0.93,2.63,0,3.947,0.33,1.30251,16516,4724,0,-,1
00:11:45.979,snap,playback,tv.danmaku.bili,discharging,0,37.7,45.3,100,95,0,51.23,0.93,2.63,0,3.948,0.32,1.2633599,5911,1299,0,-,1
00:11:46.979,snap,playback,tv.danmaku.bili,discharging,0,37.7,45.3,100,95,0,42.85,0.94,2.15,0,3.948,0.31,1.22388,5911,1299,0,-,1
00:11:47.980,snap,playback,tv.danmaku.bili,discharging,0,37.7,45.3,100,95,0,42.85,0.94,2.15,0,3.948,0.336,1.326528,5406,1239,0,-,1
00:11:49.659,snap,playback,tv.danmaku.bili,discharging,0,37.7,45.3,100,95,0,35.63,0.95,1.76,0,3.967,0.128,0.507776,5406,1239,0,-,1
00:11:50.660,snap,playback,tv.danmaku.bili,discharging,0,37.7,45.3,100,95,0,35.63,0.95,1.76,0,3.945,0.398,1.57011,15393,5439,0,-,1
00:11:51.660,snap,playback,tv.danmaku.bili,discharging,0,37.7,45.3,100,95,0,32.26,0.96,1.44,0,3.945,0.362,1.42809,15393,5439,0,-,1
00:11:52.660,snap,playback,tv.danmaku.bili,discharging,0,37.7,45.3,100,95,0,32.26,0.96,1.44,0,3.947,0.33,1.30251,7263,2134,0,-,1
00:11:54.815,snap,playback,tv.danmaku.bili,discharging,0,37.7,45.3,100,95,0,28.04,0.97,1.18,0,3.964,0.182,0.721448,7263,2134,0,-,1
00:11:57.217,snap,playback,tv.danmaku.bili,discharging,0,37.7,44.6,100,95,0,28.04,0.97,1.18,0,3.967,0.12,0.47603998,16238,6196,0,-,1
00:11:58.795,snap,playback,tv.danmaku.bili,discharging,0,37.7,44.2,100,95,0,25.68,0.97,0.97,0,3.966,0.25,0.9915,16238,6196,0,-,1
00:11:59.795,snap,playback,tv.danmaku.bili,discharging,0,37.7,44.2,100,95,0,25.68,0.97,0.97,0,3.953,0.292,1.154276,11358,4844,0,-,1
00:12:00.795,snap,playback,tv.danmaku.bili,discharging,0,37.7,44.2,100,95,0,23.02,0.98,0.79,0,3.949,0.32,1.26368,11358,4844,0,-,1
00:12:01.797,snap,playback,tv.danmaku.bili,discharging,0,37.7,44.2,100,95,0,23.02,0.98,0.79,0,3.951,0.29,1.14579,5995,2484,0,-,1
00:12:03.365,snap,playback,tv.danmaku.bili,discharging,0,37.7,44.6,100,95,0,19.75,0.98,0.65,0,3.965,0.192,0.76128,5995,2484,0,-,1
00:12:04.940,snap,playback,tv.danmaku.bili,discharging,0,37.7,44.2,100,95,0,17.99,0.98,0.53,0,3.967,0.182,0.721994,9770,3626,0,-,1
00:12:05.940,snap,playback,tv.danmaku.bili,discharging,0,37.7,44.2,100,95,0,17.99,0.98,0.53,0,3.953,0.27,1.0673101,9770,3626,0,-,1
00:12:06.941,snap,playback,tv.danmaku.bili,discharging,0,37.7,43.8,100,95,0,17.08,0.99,0.43,0,3.951,0.296,1.169496,11573,5559,0,-,1
00:12:09.089,snap,playback,tv.danmaku.bili,discharging,0,37.7,43.8,100,95,0,17.08,0.99,0.43,0,3.951,0.296,1.169496,11573,5559,0,-,1
00:12:10.876,snap,playback,tv.danmaku.bili,discharging,0,37.7,43,100,95,0,17.08,0.99,0.43,0,3.967,0.184,0.729928,11573,5559,0,-,1
00:12:11.877,snap,playback,tv.danmaku.bili,discharging,0,37.7,43,100,95,0,16.16,0.99,0.35,0,3.961,0.208,0.823888,11659,5349,0,-,1
00:12:15.061,snap,playback,tv.danmaku.bili,discharging,0,37.7,43.4,100,95,0,16.16,0.99,0.35,0,3.96,0.23,0.91080004,11659,5349,0,-,1
00:12:16.469,snap,playback,tv.danmaku.bili,discharging,0,37.6,43.8,100,95,0,15.4,0.99,0.29,0,3.964,0.15,0.5946,14631,6177,0,-,1
00:12:17.470,snap,playback,tv.danmaku.bili,discharging,0,37.6,43.4,100,95,0,15.69,0.99,0.23,0,3.955,0.304,1.20232,14631,6177,0,-,1
00:12:18.471,snap,playback,tv.danmaku.bili,discharging,0,37.6,43.8,100,95,0,15.69,0.99,0.23,0,3.953,0.276,1.091028,7427,2256,0,-,1
00:12:19.471,snap,playback,tv.danmaku.bili,discharging,0,37.6,43.8,100,95,0,13.75,0.81,0.19,0,3.951,0.298,1.177398,7427,2256,0,-,1
00:12:20.471,snap,playback,tv.danmaku.bili,discharging,0,37.6,43.8,100,95,0,13.75,0.81,0.19,0,3.954,0.308,1.217832,4040,946,0,-,1
00:12:23.042,snap,playback,tv.danmaku.bili,discharging,0,37.6,43.8,100,95,0,11.81,0.66,0.15,0,3.949,0.28,1.1057199,4040,946,0,-,1
00:12:25.228,snap,playback,tv.danmaku.bili,discharging,0,37.6,43,100,95,0,11.81,0.66,0.15,0,3.966,0.168,0.666288,8484,2960,0,-,1
00:12:27.441,snap,playback,tv.danmaku.bili,discharging,0,37.6,43,100,95,0,12.02,0.54,0.12,0,3.968,0.19,0.75391996,8484,2960,0,-,1
00:12:28.441,snap,playback,tv.danmaku.bili,discharging,0,37.6,43,100,95,0,12.02,0.54,0.12,0,3.951,0.33,1.30383,13944,5822,0,-,1
00:12:29.441,snap,playback,tv.danmaku.bili,discharging,0,37.6,43.8,100,95,0,12.38,0.62,0.1,0,3.94,0.478,1.88332,13944,5822,0,-,1
00:12:30.442,snap,playback,tv.danmaku.bili,discharging,0,37.5,44.2,100,95,0,12.38,0.62,0.1,0,3.94,0.478,1.88332,6997,1843,0,-,1
00:12:31.442,snap,playback,tv.danmaku.bili,discharging,0,37.5,44.2,100,95,0,12.38,0.62,0.1,0,3.953,0.316,1.2491481,6997,1843,0,-,1
00:12:32.579,snap,playback,tv.danmaku.bili,discharging,0,37.5,44.2,100,95,0,10.86,0.51,0.08,0,3.955,0.266,1.05203,3522,767,0,-,1
00:12:34.707,snap,playback,tv.danmaku.bili,discharging,0,37.5,44.2,100,95,0,10.16,0.6,0.08,0,3.949,0.324,1.2794759,3522,767,0,-,1
00:12:37.189,snap,playback,tv.danmaku.bili,discharging,0,37.5,43,100,95,0,10.16,0.6,0.07,0,3.966,0.186,0.737676,12791,5072,0,-,1
00:12:38.597,snap,playback,tv.danmaku.bili,discharging,0,37.5,43,100,95,0,11.22,0.67,0.05,0,3.955,0.152,0.60116,12791,5072,0,-,1
00:12:39.673,snap,playback,tv.danmaku.bili,discharging,0,37.5,43,100,95,0,11.22,0.67,0.05,0,3.954,0.206,0.814524,15025,6883,0,-,1
00:12:41.257,snap,playback,tv.danmaku.bili,discharging,0,37.5,43,100,95,0,12.08,0.73,0.04,0,3.951,0.3,1.1853,15025,6883,0,-,1
00:12:43.042,snap,playback,tv.danmaku.bili,discharging,0,37.5,43,100,95,0,12.08,0.73,0.04,0,3.96,0.234,0.92664,14138,6017,0,-,1
00:12:44.042,snap,playback,tv.danmaku.bili,discharging,0,37.5,43,100,95,0,12.25,0.78,0.03,0,3.95,0.204,0.8058,14138,6017,0,-,1
00:12:45.286,snap,playback,tv.danmaku.bili,discharging,0,37.4,43.4,100,95,0,12.25,0.78,0.03,0,3.952,0.302,1.1935039,11855,5662,0,-,1
00:12:48.149,snap,playback,tv.danmaku.bili,discharging,0,37.4,43.4,100,95,0,11.84,0.82,0.03,0,3.97,0.048,0.19056,11855,5662,0,-,1
00:12:50.542,snap,playback,tv.danmaku.bili,discharging,0,37.4,42.6,100,95,0,11.84,0.82,0.03,0,3.966,0.18,0.71388006,11951,5222,0,-,1
00:12:51.901,snap,playback,tv.danmaku.bili,discharging,0,37.4,42.2,100,95,0,12.41,0.85,0.02,0,3.962,0.118,0.467516,11951,5222,0,-,1
00:12:53.706,snap,playback,tv.danmaku.bili,discharging,0,37.4,42.2,100,95,0,12.41,0.85,0.02,0,3.953,0.192,0.75897604,13709,6008,0,-,1
00:12:56.196,snap,playback,tv.danmaku.bili,discharging,0,37.4,42.2,100,95,0,12.88,0.69,0.02,0,3.968,0.178,0.706304,12076,5002,0,-,1
00:12:58.626,snap,playback,tv.danmaku.bili,discharging,0,37.4,42.2,100,95,0,13.26,0.57,0.01,0,3.97,0.092,0.36524,12076,5002,0,-,1
00:13:00.439,snap,playback,tv.danmaku.bili,discharging,0,37.4,42.2,100,95,0,13.94,0.64,0.01,0,3.969,0.11,0.43659002,12076,5002,0,-,1
00:13:01.440,snap,playback,tv.danmaku.bili,discharging,0,37.4,42.6,100,95,0,13.94,0.64,0.01,0,3.956,0.176,0.69625604,14275,5908,0,-,1
00:13:02.440,snap,playback,tv.danmaku.bili,discharging,0,37.4,42.6,100,95,0,13.94,0.64,0.01,0,3.946,0.374,1.4758041,14275,5908,0,-,1
00:13:03.440,snap,playback,tv.danmaku.bili,discharging,0,37.3,42.6,100,95,0,14.67,0.53,0.01,0,3.96,0.202,0.79992,4764,1162,0,-,1
00:13:04.441,snap,playback,tv.danmaku.bili,discharging,0,37.3,42.2,100,95,0,14.67,0.53,0.01,0,3.954,0.264,1.043856,4764,1162,0,-,1
00:13:05.441,snap,playback,tv.danmaku.bili,discharging,0,37.3,42.2,100,95,0,14.91,0.43,0,0,3.958,0.236,0.934088,4246,1283,0,-,1
00:13:06.441,snap,playback,tv.danmaku.bili,discharging,0,37.3,42.2,100,95,0,14.91,0.43,0,0,3.96,0.184,0.72864,4246,1283,0,-,1
00:13:07.442,snap,playback,tv.danmaku.bili,discharging,0,37.3,42.2,100,95,0,13.48,0.53,0,0,3.957,0.24,0.94968,7700,3504,0,-,1
00:13:09.214,snap,playback,tv.danmaku.bili,discharging,0,37.3,42.2,100,95,0,13.48,0.53,0,0,3.969,0.09,0.35721,7700,3504,0,-,1
00:13:10.215,snap,playback,tv.danmaku.bili,discharging,0,37.3,42.2,100,95,0,13.57,0.98,0,0,3.953,0.288,1.138464,10346,4096,0,-,1
00:13:11.216,snap,playback,tv.danmaku.bili,discharging,0,37.3,41.8,100,95,0,13.57,0.98,0,0,3.961,0.178,0.705058,10346,4096,0,-,1
00:13:12.216,snap,playback,tv.danmaku.bili,discharging,0,37.3,41.8,100,95,0,12.38,0.8,0,0,3.96,0.18,0.7128,2793,699,0,-,1
00:13:13.217,snap,playback,tv.danmaku.bili,discharging,0,37.3,41.8,100,95,0,12.38,0.8,0,0,3.952,0.222,0.877344,2793,699,0,-,1
00:13:14.217,snap,playback,tv.danmaku.bili,discharging,0,37.3,43,100,95,0,11.77,0.65,0.18,0,3.936,0.452,1.779072,5694,1270,0,-,1
00:13:16.487,snap,playback,tv.danmaku.bili,discharging,0,37.2,43,100,95,0,13.62,1.26,0.33,0,3.968,0.12,0.47616,5694,1270,0,-,1
00:13:17.517,snap,playback,tv.danmaku.bili,discharging,0,37.2,43.4,100,95,0,13.62,1.26,0.33,0,3.956,0.322,1.273832,15971,4844,0,-,1
00:13:18.518,snap,playback,tv.danmaku.bili,discharging,0,37.2,43,100,95,0,15.5,1.39,0.63,0,3.938,0.462,1.8193561,15971,4844,0,-,1
00:13:19.518,snap,playback,tv.danmaku.bili,discharging,0,37.2,43,100,95,0,15.5,1.39,0.63,0,3.957,0.222,0.878454,9027,2534,0,-,1
00:13:20.519,snap,playback,tv.danmaku.bili,discharging,0,37.2,42.6,100,95,0,13.23,1.14,0.52,0,3.958,0.178,0.704524,9027,2534,0,-,1
00:13:21.519,snap,playback,tv.danmaku.bili,discharging,0,37.2,42.2,100,95,0,13.23,1.14,0.52,0,3.958,0.178,0.704524,2727,663,0,-,1
00:13:22.519,snap,playback,tv.danmaku.bili,discharging,0,37.2,42.2,100,95,0,13.23,1.14,0.52,0,3.958,0.196,0.775768,2727,663,0,-,1
00:13:23.519,snap,playback,tv.danmaku.bili,discharging,0,37.2,42.6,100,95,0,11.74,0.93,0.42,0,3.962,0.178,0.705236,6858,2158,0,-,1
00:13:24.707,snap,playback,tv.danmaku.bili,discharging,0,37.2,43,100,95,0,11.61,0.76,0.34,0,3.958,0.27,1.06866,6858,2158,0,-,1
00:13:25.707,snap,playback,tv.danmaku.bili,discharging,0,37.2,42.6,100,95,0,11.61,0.76,0.34,0,3.958,0.238,0.942004,7050,3104,0,-,1
00:13:26.708,snap,playback,tv.danmaku.bili,discharging,0,37.2,42.6,100,95,0,11.61,0.76,0.34,0,3.959,0.264,1.045176,7050,3104,0,-,1
00:13:27.708,snap,playback,tv.danmaku.bili,discharging,0,37.2,42.2,100,95,0,12.22,0.62,0.28,0,3.959,0.208,0.823472,6932,2557,0,-,1
00:13:28.708,snap,playback,tv.danmaku.bili,discharging,0,37.2,42.2,100,95,0,12.22,0.62,0.28,0,3.96,0.16,0.6336,6932,2557,0,-,1
00:13:29.708,snap,playback,tv.danmaku.bili,discharging,0,37.2,42.2,100,95,0,12,0.51,0.23,0,3.953,0.262,1.035686,4079,849,0,-,1
00:13:30.709,snap,playback,tv.danmaku.bili,discharging,0,37.2,41.8,100,95,0,12,0.51,0.23,0,3.962,0.15,0.59430003,4079,849,0,-,1
00:13:32.366,snap,playback,tv.danmaku.bili,discharging,0,37.2,41.8,100,95,0,10.55,0.42,0.19,0,3.958,0.168,0.664944,2252,433,0,-,1
00:13:33.561,snap,playback,tv.danmaku.bili,discharging,0,37.2,41.8,100,95,0,10.55,0.42,0.19,0,3.956,0.2,0.79120004,2252,433,0,-,1
00:13:36.289,snap,playback,tv.danmaku.bili,discharging,0,37.2,41.8,100,95,0,10.63,0.34,0.15,0,3.968,0.108,0.428544,12822,5580,0,-,1
00:13:37.290,snap,playback,tv.danmaku.bili,discharging,0,37.2,41.8,100,95,0,10.63,0.34,0.15,0,3.966,0.22,0.87252,12822,5580,0,-,1
00:13:38.290,snap,playback,tv.danmaku.bili,discharging,0,37.2,41.8,100,95,0,11.42,0.28,0.12,0,3.958,0.21,0.83118,8473,2671,0,-,1
00:13:39.291,snap,playback,tv.danmaku.bili,discharging,0,37.2,41.8,100,95,0,11.42,0.28,0.12,0,3.955,0.232,0.91756,8473,2671,0,-,1
00:13:40.291,snap,playback,tv.danmaku.bili,discharging,0,37.1,41.4,100,95,0,10.08,0.23,0.1,0,3.952,0.236,0.93267196,3075,714,0,-,1
00:13:41.291,snap,playback,tv.danmaku.bili,discharging,0,37.1,41.4,100,95,0,9.15,0.18,0.08,0,3.957,0.176,0.696432,3075,714,0,-,1
00:13:42.677,snap,playback,tv.danmaku.bili,discharging,0,37.1,41.8,100,95,0,9.15,0.18,0.08,0,3.953,0.218,0.861754,7885,3009,0,-,1
00:13:45.399,snap,playback,tv.danmaku.bili,discharging,0,37.1,41.8,100,95,0,10.21,0.33,0.06,0,3.969,0.078,0.30958202,7885,3009,0,-,1
00:13:48.785,snap,playback,tv.danmaku.bili,discharging,0,37.1,41.4,100,95,0,10.21,0.33,0.06,0,3.969,0.1,0.39690003,8860,3850,0,-,1
00:13:51.153,snap,playback,tv.danmaku.bili,discharging,0,37.1,41,100,95,0,11.62,0.27,0.05,0,3.97,0.106,0.42082,8860,3850,0,-,1
00:13:53.635,snap,playback,tv.danmaku.bili,discharging,0,37.1,41.4,100,95,0,11.62,0.27,0.05,0,3.97,0.114,0.45258,13853,5701,0,-,1
00:13:54.635,snap,playback,tv.danmaku.bili,discharging,0,37.1,41,100,95,0,12.42,0.22,0.04,0,3.96,0.23,0.91080004,13853,5701,0,-,1
00:13:55.635,snap,playback,tv.danmaku.bili,discharging,0,37.1,41,100,95,0,12.42,0.22,0.04,0,3.96,0.18,0.7128,6844,2287,0,-,1
00:13:56.635,snap,playback,tv.danmaku.bili,discharging,0,37.1,41,100,95,0,10.53,0.18,0.03,0,3.963,0.172,0.68163604,6844,2287,0,-,1
00:13:57.635,snap,playback,tv.danmaku.bili,discharging,0,37,41,100,95,0,10.53,0.18,0.03,0,3.962,0.188,0.74485594,3011,778,0,-,1
00:13:58.636,snap,playback,tv.danmaku.bili,discharging,0,37,41.4,100,95,0,9.53,0.15,0.03,0,3.966,0.166,0.658356,3011,778,0,-,1
00:13:59.755,snap,playback,tv.danmaku.bili,discharging,0,37,41.4,100,95,0,9.53,0.15,0.03,0,3.966,0.166,0.658356,7555,3067,0,-,1
00:14:01.395,snap,playback,tv.danmaku.bili,discharging,0,37,41.4,100,95,0,10.7,0.12,0.02,0,3.958,0.196,0.775768,7555,3067,0,-,1
00:14:02.395,snap,playback,tv.danmaku.bili,discharging,0,37,41.4,100,95,0,10.7,0.12,0.02,0,3.968,0.152,0.60313594,6969,3160,0,-,1
00:14:03.396,snap,playback,tv.danmaku.bili,discharging,0,37,41,100,95,0,10.75,0.1,0.02,0,3.964,0.178,0.70559204,6969,3160,0,-,1
00:14:04.398,snap,playback,tv.danmaku.bili,discharging,0,37,41,100,95,0,10.75,0.1,0.02,0,3.964,0.142,0.562888,3050,900,0,-,1
00:14:05.399,snap,playback,tv.danmaku.bili,discharging,0,37,40.6,100,95,0,10.43,0.08,0.01,0,3.963,0.144,0.570672,3050,900,0,-,1
00:14:06.400,snap,playback,tv.danmaku.bili,discharging,0,37,40.6,100,95,0,10.43,0.08,0.01,0,3.964,0.14,0.55496,2129,576,0,-,1
00:14:07.836,snap,playback,tv.danmaku.bili,discharging,0,37,40.6,100,95,0,10.54,0.06,0.01,0,3.959,0.214,0.847226,2129,576,0,-,1
00:14:08.837,snap,playback,tv.danmaku.bili,discharging,0,37,40.6,100,95,0,10.54,0.06,0.01,0,3.952,0.188,0.74297595,9666,3951,0,-,1
00:14:09.837,snap,playback,tv.danmaku.bili,discharging,0,37,40.6,100,95,0,11.34,0.05,0.01,0,3.96,0.15,0.59400004,9666,3951,0,-,1
00:14:10.838,snap,playback,tv.danmaku.bili,discharging,0,37,40.6,100,95,0,11.34,0.05,0.01,0,3.96,0.158,0.62568,2246,544,0,-,1
00:14:11.839,snap,playback,tv.danmaku.bili,discharging,0,37,40.6,100,95,0,11.1,0.04,0,0,3.962,0.16,0.63391995,2246,544,0,-,1
00:14:12.839,snap,playback,tv.danmaku.bili,discharging,0,37,40.6,100,95,0,11.1,0.04,0,0,3.959,0.158,0.625522,3087,1042,0,-,1
00:14:15.120,snap,playback,tv.danmaku.bili,discharging,0,37,40.6,100,95,0,11.44,0.03,0,0,3.966,0.152,0.602832,3087,1042,0,-,1
00:14:16.951,snap,playback,tv.danmaku.bili,discharging,0,37,41,100,95,0,11.44,0.03,0,0,3.966,0.166,0.658356,9542,4133,0,-,1
00:14:18.008,snap,playback,tv.danmaku.bili,discharging,0,37,41,100,95,0,12.09,0.02,0,0,3.954,0.218,0.861972,13310,6957,0,-,1
00:14:19.008,snap,playback,tv.danmaku.bili,discharging,0,37,41.4,100,95,0,12.09,0.02,0,0,3.957,0.248,0.981336,13310,6957,0,-,1
00:14:20.008,snap,playback,tv.danmaku.bili,discharging,0,37,41.4,100,95,0,12.61,0.02,0,0,3.954,0.216,0.85406405,6817,3230,0,-,1
00:14:21.009,snap,playback,tv.danmaku.bili,discharging,0,37,41,100,95,0,12.61,0.02,0,0,3.957,0.198,0.783486,6817,3230,0,-,1
00:14:22.010,snap,playback,tv.danmaku.bili,discharging,0,36.9,40.6,100,95,0,13.23,0.01,0,0,3.961,0.16,0.63376,5614,2780,0,-,1
00:14:23.010,snap,playback,tv.danmaku.bili,discharging,0,36.9,40.6,100,95,0,13.23,0.01,0,0,3.96,0.186,0.73656005,5614,2780,0,-,1
00:14:24.689,snap,playback,tv.danmaku.bili,discharging,0,36.9,40.2,100,95,0,13,0.01,0,0,3.963,0.136,0.538968,1969,501,0,-,1
00:14:26.914,snap,playback,tv.danmaku.bili,discharging,0,36.9,40.2,100,95,0,13.18,0.01,0,0,3.969,0.098,0.388962,1969,501,0,-,1
00:14:28.893,snap,playback,tv.danmaku.bili,discharging,0,36.9,41,100,95,0,13.18,0.01,0,0,3.97,0.088,0.34936,13366,5999,0,-,1
00:14:30.301,snap,playback,tv.danmaku.bili,discharging,0,36.9,41,100,95,0,13.51,0.01,0,0,3.964,0.186,0.73730403,13366,5999,0,-,1
00:14:31.446,snap,playback,tv.danmaku.bili,discharging,0,36.9,41,100,95,0,13.51,0.01,0,0,3.964,0.186,0.73730403,11846,4923,0,-,1
00:14:33.747,snap,playback,tv.danmaku.bili,discharging,0,36.9,41,100,95,0,13.78,0.01,0,0,3.957,0.222,0.878454,11846,4923,0,-,1
00:14:36.931,snap,playback,tv.danmaku.bili,discharging,0,36.9,41,100,95,0,14.36,0.36,0,0,3.964,0.264,1.046496,16066,6204,0,-,1
00:14:38.655,snap,playback,tv.danmaku.bili,discharging,0,36.9,40.6,100,95,0,14.36,0.36,0,0,3.957,0.162,0.641034,16066,6204,0,-,1
00:14:40.367,snap,playback,tv.danmaku.bili,discharging,0,36.8,40.6,100,95,0,14.36,0.36,0,0,3.967,0.16,0.63471997,13801,5883,0,-,1
00:14:41.367,snap,playback,tv.danmaku.bili,discharging,0,36.8,40.6,100,95,0,15.38,0.3,0,0,3.951,0.254,1.003554,13801,5883,0,-,1
00:14:42.368,snap,playback,tv.danmaku.bili,discharging,0,36.8,40.2,100,95,0,15.38,0.3,0,0,3.963,0.178,0.705414,8252,2615,0,-,1
00:14:43.368,snap,playback,tv.danmaku.bili,discharging,0,36.8,40.2,100,95,0,16.04,0.24,0,0,3.964,0.156,0.618384,8252,2615,0,-,1
00:14:44.368,snap,playback,tv.danmaku.bili,discharging,0,36.8,40.2,100,95,0,16.04,0.24,0,0,3.962,0.144,0.570528,2636,776,0,-,1
00:14:46.165,snap,playback,tv.danmaku.bili,discharging,0,36.8,40.2,100,95,0,14.76,0.2,0,0,3.963,0.128,0.507264,2636,776,0,-,1
00:14:48.822,snap,playback,tv.danmaku.bili,discharging,0,36.8,40.2,100,95,0,14.76,0.2,0,0,3.967,0.14,0.55538,7121,3125,0,-,1
00:14:51.870,snap,playback,tv.danmaku.bili,discharging,0,36.8,40.2,100,95,0,15.17,0.34,0,0,3.97,0.072,0.28583997,7121,3125,0,-,1
00:14:52.871,snap,playback,tv.danmaku.bili,discharging,0,36.8,40.2,100,95,0,15.17,0.34,0,0,3.967,0.216,0.856872,13202,5059,0,-,1
00:14:53.871,snap,playback,tv.danmaku.bili,discharging,0,36.7,40.2,100,95,0,15.5,0.46,0,0,3.963,0.176,0.697488,13202,5059,0,-,1
00:14:54.871,snap,playback,tv.danmaku.bili,discharging,0,36.7,39.8,100,95,0,14.14,0.38,0,0,3.96,0.146,0.57816,2542,771,0,-,1
00:14:55.871,snap,playback,tv.danmaku.bili,discharging,0,36.7,39.8,100,95,0,14.14,0.38,0,0,3.958,0.148,0.585784,2542,771,0,-,1
00:14:56.919,snap,playback,tv.danmaku.bili,discharging,0,36.7,40.2,100,95,0,13.03,0.31,0,0,3.962,0.17,0.67354,2877,864,0,-,1
00:14:58.087,snap,playback,tv.danmaku.bili,discharging,0,36.7,40.6,100,95,0,13.03,0.31,0,0,3.956,0.192,0.759552,2877,864,0,-,1
00:14:59.087,snap,playback,tv.danmaku.bili,discharging,0,36.7,40.6,100,95,0,13.2,0.43,0,0,3.956,0.224,0.88614404,9145,4268,0,-,1
00:15:00.087,snap,playback,tv.danmaku.bili,discharging,0,36.7,40.2,100,95,0,13.2,0.43,0,0,3.963,0.156,0.618228,9145,4268,0,-,1
00:15:01.573,snap,playback,tv.danmaku.bili,discharging,0,36.7,40.2,100,95,0,12.62,0.35,0,0,3.96,0.174,0.68904,3906,1913,0,-,1
00:15:03.364,snap,playback,tv.danmaku.bili,discharging,0,36.7,40.2,100,95,0,12.62,0.35,0,0,3.968,0.144,0.57139194,19553,7516,0,-,2
00:15:04.386,snap,playback,tv.danmaku.bili,discharging,1,36.7,40.2,100,95,0,15.77,0.65,0.18,0,3.85,1.62,6.237,19553,7516,0,-,2
00:15:05.389,snap,playback,tv.danmaku.bili,discharging,1,36.7,40.2,100,95,0,15.77,0.65,0.18,16,3.847,1.884,7.2477474,19553,7516,0,-,2
00:15:06.391,snap,playback,tv.danmaku.bili,discharging,1,36.7,40.2,100,95,0,30.12,1.26,3.4,28,3.836,1.888,7.2423677,57605,19042,0,-,2
00:15:07.393,snap,playback,tv.danmaku.bili,discharging,1,36.7,40.2,100,95,0,30.12,1.26,3.4,15,3.862,1.656,6.395472,57605,19042,0,-,2
00:15:08.393,snap,playback,tv.danmaku.bili,discharging,1,36.7,40.2,100,95,0,40.6,1.39,5.32,15,3.852,1.818,7.002936,46420,15852,0,-,2
00:15:09.395,snap,playback,tv.danmaku.bili,discharging,1,36.7,40.2,100,95,0,40.6,1.39,5.32,20,3.848,1.71,6.58008,46420,15852,0,-,2
00:15:10.395,snap,default,com.deepseek.chat,discharging,1,36.7,40.2,100,95,1,49.19,1.86,8.89,10,3.847,1.752,6.7399435,42878,6950,0,-,2
00:15:11.397,snap,default,com.deepseek.chat,discharging,1,36.7,40.2,100,95,1,49.19,1.86,8.89,18,3.779,2.686,10.150394,42878,6950,0,-,2
00:15:12.406,snap,default,com.deepseek.chat,discharging,1,36.7,40.2,100,95,1,54.59,2.07,10.72,21,3.765,2.864,10.782961,47787,11419,0,-,2
00:15:13.406,snap,default,com.deepseek.chat,discharging,1,36.7,40.2,100,95,1,54.59,2.07,10.72,20,3.774,2.728,10.295471,47787,11419,0,-,2
00:15:14.406,snap,default,com.deepseek.chat,discharging,1,36.7,40.2,100,95,1,53.21,1.87,12.22,15,3.806,2.06,7.8403597,42375,14110,0,-,2
00:15:15.407,snap,default,com.deepseek.chat,discharging,1,36.7,40.2,100,95,1,53.21,1.87,12.22,19,3.824,1.822,6.967328,42375,14110,0,-,2
00:15:16.407,snap,default,com.deepseek.chat,discharging,1,36.7,40.2,100,95,1,47.01,1.53,10,19,3.861,1.484,5.729724,38674,14409,0,-,2
00:15:17.407,snap,default,com.deepseek.chat,discharging,1,36.7,40.2,100,95,1,47.01,1.53,10,12,3.9,0.762,2.9718,38674,14409,0,-,2
00:15:18.407,snap,default,com.deepseek.chat,discharging,1,36.7,40.2,100,95,1,42.3,1.25,8.19,9,3.895,0.854,3.32633,22176,11136,0,-,2
00:15:19.407,snap,default,com.deepseek.chat,discharging,1,36.7,40.2,100,95,1,36.81,1.03,6.71,8,3.882,0.882,3.423924,22176,11136,0,-,2
00:15:20.408,snap,default,com.deepseek.chat,discharging,1,36.7,40.2,100,95,1,36.81,1.03,6.71,9,3.891,0.844,3.284004,13518,7178,0,-,2
00:15:21.409,snap,default,com.deepseek.chat,discharging,1,36.7,43.2,100,95,1,31.77,0.84,5.49,9,3.891,0.844,3.284004,13518,7178,0,-,2
00:15:22.414,snap,default,com.deepseek.chat,discharging,1,36.7,46.2,100,95,1,31.77,0.84,5.49,9,3.934,0.318,1.251012,7422,3489,0,-,2
00:15:23.415,snap,default,com.deepseek.chat,discharging,1,36.7,49.2,100,95,1,31.77,0.84,5.49,14,3.909,0.562,2.196858,7422,3489,0,-,2
00:15:24.416,snap,default,com.deepseek.chat,discharging,1,36.7,49.7,100,95,1,28.73,0.69,4.49,14,3.907,0.798,3.117786,15376,9235,0,-,2
00:15:25.416,snap,default,com.deepseek.chat,discharging,1,36.7,47.3,100,95,1,28.73,0.69,4.49,14,3.936,0.338,1.330368,15376,9235,0,-,2
00:15:26.416,snap,default,com.deepseek.chat,discharging,1,36.7,47.3,100,95,1,25.34,0.56,3.68,17,3.932,0.316,1.242512,8474,4380,0,-,2
00:15:27.417,snap,default,com.deepseek.chat,discharging,1,36.7,50.3,100,95,1,25.34,0.56,3.68,15,3.869,1.14,4.41066,8474,4380,0,-,2
00:15:28.417,snap,default,com.deepseek.chat,discharging,1,36.7,53.3,100,95,1,25.09,0.82,3.01,15,3.919,1.062,4.1619782,26112,11163,0,-,2
00:15:29.417,snap,default,com.deepseek.chat,discharging,1,36.7,51.7,100,95,1,25.09,0.82,3.01,0,3.877,1.014,3.9312782,26112,11163,0,-,2
00:15:30.418,snap,default,com.deepseek.chat,discharging,1,36.7,48.7,100,95,1,23.26,0.85,2.46,0,3.939,0.306,1.205334,7738,3814,0,-,2
00:15:31.419,snap,default,com.deepseek.chat,discharging,1,36.7,46.5,100,95,1,23.26,0.85,2.46,15,3.937,0.354,1.393698,7738,3814,0,-,2
00:15:32.419,snap,default,com.deepseek.chat,discharging,1,36.8,46.5,100,95,1,21.04,0.88,2.02,15,3.941,0.38,1.4975799,10390,5423,0,-,2
00:15:33.420,snap,default,com.deepseek.chat,discharging,1,36.8,46.9,100,95,1,21.04,0.88,2.02,14,3.914,0.72,2.8180802,10390,5423,0,-,2
00:15:34.419,snap,default,com.deepseek.chat,discharging,1,36.8,47.3,100,95,1,19.77,0.72,1.65,0,3.935,0.404,1.58974,11393,5983,0,-,2
00:15:35.420,snap,default,com.deepseek.chat,discharging,1,36.8,46.9,100,95,1,19.77,0.72,1.65,10,3.919,0.508,1.990852,11393,5983,0,-,2
00:15:36.420,snap,default,com.deepseek.chat,discharging,1,36.8,47.3,100,95,1,18.36,0.59,1.35,0,3.915,0.506,1.9809899,11393,5983,0,-,2
00:15:37.420,snap,default,com.deepseek.chat,discharging,1,36.8,48.1,100,95,1,18.36,0.59,1.35,16,3.913,0.664,2.598232,13599,9259,0,-,2
00:15:38.420,snap,default,com.deepseek.chat,discharging,1,36.8,48.9,100,95,1,17.93,0.48,1.1,23,3.908,0.784,3.0638719,13599,9259,0,-,2
00:15:39.421,snap,default,com.deepseek.chat,discharging,1,36.8,49.3,100,95,1,17.93,0.48,1.1,23,3.91,0.814,3.1827402,21423,13880,0,-,2
00:15:40.421,snap,default,com.deepseek.chat,discharging,1,36.8,49.7,100,95,1,17.76,0.39,0.9,24,3.904,0.788,3.076352,21423,13880,0,-,2
00:15:41.421,snap,default,com.deepseek.chat,discharging,1,36.8,49.7,100,95,1,17.76,0.39,0.9,23,3.908,0.78,3.04824,20672,13530,0,-,2
00:15:42.421,snap,default,com.deepseek.chat,discharging,1,36.9,49.7,100,95,1,17.62,0.32,0.74,23,3.898,0.892,3.477016,20672,13530,0,-,2
00:15:43.422,snap,default,com.deepseek.chat,discharging,1,36.9,49.7,100,95,1,17.62,0.32,0.74,21,3.909,0.776,3.033384,19856,11084,0,-,2
00:15:44.422,snap,default,com.deepseek.chat,discharging,1,36.9,49.7,100,95,1,16.6,0.26,0.6,23,3.904,0.764,2.982656,19856,11084,0,-,2
00:15:45.422,snap,default,com.deepseek.chat,discharging,1,36.9,49.3,100,95,1,16.6,0.26,0.6,23,3.909,0.746,2.9161139,18941,12358,0,-,2
00:15:46.422,snap,default,com.deepseek.chat,discharging,1,36.9,49.3,100,95,1,16.31,0.21,0.49,23,3.9,0.802,3.1278,18941,12358,0,-,2
00:15:47.423,snap,default,com.deepseek.chat,discharging,1,36.9,50.5,100,95,1,16.31,0.21,0.49,23,3.905,0.776,3.03028,20254,13229,0,-,2
00:15:48.424,snap,default,com.deepseek.chat,discharging,1,36.9,50.5,100,95,1,16.07,0.17,0.4,24,3.904,0.778,3.037312,20254,13229,0,-,2
00:15:49.424,snap,default,com.deepseek.chat,discharging,1,36.9,49.3,100,95,1,16.07,0.17,0.4,21,3.911,0.662,2.589082,18062,11375,0,-,2
00:15:50.424,snap,default,com.deepseek.chat,discharging,1,36.9,49.3,100,95,1,15.88,0.14,0.33,19,3.905,0.772,3.0146601,18062,11375,0,-,2
00:15:51.424,snap,default,com.deepseek.chat,discharging,1,36.9,49.3,100,95,1,15.54,0.11,0.27,24,3.907,0.8,3.1256,20300,12798,0,-,2
00:15:52.424,snap,default,com.deepseek.chat,discharging,1,37,49.3,100,95,1,15.54,0.11,0.27,20,3.907,0.8,3.1256,20300,12798,0,-,2
00:15:53.424,snap,default,com.deepseek.chat,discharging,1,37,50.5,100,95,1,15.54,0.11,0.27,20,3.903,0.804,3.1380122,20004,11013,0,-,2
00:15:54.425,snap,default,com.deepseek.chat,discharging,1,37,51.3,100,95,1,14.71,0.09,0.22,20,3.898,0.822,3.2041562,20004,11013,0,-,2
00:15:55.425,snap,default,com.deepseek.chat,discharging,1,37,52.8,100,95,1,14.71,0.09,0.22,20,3.892,0.962,3.744104,18054,9310,0,-,2
00:15:56.425,snap,default,com.deepseek.chat,discharging,1,37,52.8,100,95,1,13.68,0.07,0.18,20,3.896,0.972,3.786912,18054,9310,0,-,2
00:15:57.426,snap,default,com.deepseek.chat,discharging,1,37,52.4,100,95,1,13.68,0.07,0.18,13,3.903,0.89,3.47367,14923,7221,0,-,2
00:15:58.426,snap,default,com.deepseek.chat,discharging,1,37,51.7,100,95,1,12.83,0.06,0.14,10,3.903,0.758,2.9584742,14923,7221,0,-,2
00:15:59.426,snap,default,com.deepseek.chat,discharging,1,37,51.3,100,95,1,12.83,0.06,0.14,10,3.897,0.812,3.1643639,13689,7629,0,-,2
00:16:00.427,snap,default,com.deepseek.chat,discharging,1,37,51.3,100,95,1,12.68,0.05,0.12,10,3.909,0.812,3.1741078,13689,7629,0,-,2
00:16:01.427,snap,default,com.deepseek.chat,discharging,1,37,51.3,100,95,1,12.68,0.05,0.12,9,3.91,0.742,2.90122,13689,7629,0,-,2
00:16:02.428,snap,default,com.deepseek.chat,discharging,1,37.1,51.3,100,95,1,12.73,0.04,0.1,16,3.901,0.892,3.479692,15915,9614,0,-,2
00:16:03.428,snap,default,com.deepseek.chat,discharging,1,37.1,49.7,100,95,1,12.73,0.04,0.1,9,3.924,0.548,2.150352,15915,9614,0,-,2
00:16:04.428,snap,default,com.deepseek.chat,discharging,1,37.1,49.7,100,95,1,12.96,0.03,0.08,6,3.918,0.55,2.1549,13230,7743,0,-,2
00:16:05.429,snap,default,com.deepseek.chat,discharging,1,37.1,48.5,100,95,1,12.96,0.03,0.08,16,3.891,0.82,3.19062,13230,7743,0,-,2
00:16:06.429,snap,default,com.deepseek.chat,discharging,1,37.1,48.1,100,95,1,14.24,0.02,0.06,0,3.932,0.488,1.918816,15525,8864,0,-,2
00:16:07.429,snap,default,com.deepseek.chat,discharging,1,37.1,46.5,100,95,1,14.24,0.02,0.06,0,3.94,0.308,1.21352,15525,8864,0,-,2
00:16:08.429,snap,default,com.deepseek.chat,discharging,1,37.1,45.3,100,95,1,13.11,0.02,0.05,0,3.935,0.302,1.1883699,5990,2303,0,-,2
00:16:09.430,snap,default,com.deepseek.chat,discharging,1,37.1,45.3,100,95,1,13.11,0.02,0.05,0,3.938,0.326,1.283788,5990,2303,0,-,2
00:16:10.430,snap,default,com.deepseek.chat,discharging,1,37.1,44.9,100,95,1,12.36,0.01,0.04,0,3.941,0.344,1.3557041,6909,2689,0,-,2
00:16:11.431,snap,default,com.deepseek.chat,discharging,1,37.1,44.6,100,95,1,12.36,0.01,0.04,0,3.943,0.26,1.02518,6909,2689,0,-,2
00:16:12.431,snap,default,com.deepseek.chat,discharging,1,37.2,44.2,100,95,1,11.57,0.01,0.03,0,3.933,0.352,1.384416,5748,1878,0,-,2
00:16:13.431,snap,default,com.deepseek.chat,discharging,1,37.2,44.2,100,95,1,11.57,0.01,0.03,0,3.943,0.3,1.1829001,5748,1878,0,-,2
00:16:14.432,snap,default,com.deepseek.chat,discharging,1,37.2,43.8,100,95,1,12.19,0.01,0.02,0,3.942,0.296,1.166832,5733,1998,0,-,2
00:16:15.432,snap,default,com.deepseek.chat,discharging,1,37.2,43.4,100,95,1,12.19,0.01,0.02,0,3.944,0.278,1.096432,5733,1998,0,-,2
00:16:16.434,snap,default,com.deepseek.chat,discharging,1,37.2,43.4,100,95,1,11.43,0,0.02,0,3.939,0.284,1.118676,5002,1879,0,-,2
00:16:17.434,snap,default,com.deepseek.chat,discharging,1,37.2,43.4,100,95,1,11.43,0,0.02,0,3.943,0.276,1.088268,5002,1879,0,-,2
00:16:18.435,snap,default,com.deepseek.chat,discharging,1,37.2,43.4,100,95,1,10.99,0,0.01,0,3.94,0.324,1.2765601,6827,2359,0,-,2
00:16:19.435,snap,default,com.deepseek.chat,discharging,1,37.2,43,100,95,1,10.99,0,0.01,0,3.946,0.238,0.93914807,6827,2359,0,-,2
00:16:20.435,snap,default,com.deepseek.chat,discharging,1,37.2,43,100,95,1,10.63,0,0.01,0,3.946,0.238,0.93914807,4890,1635,0,-,2
00:16:21.435,snap,default,com.deepseek.chat,discharging,1,37.2,43,100,95,1,10.63,0,0.01,0,3.941,0.282,1.111362,4890,1635,0,-,2
00:16:22.436,snap,default,com.deepseek.chat,discharging,1,37.2,44.6,100,95,1,11.24,0,0.01,0,3.92,0.416,1.63072,11247,4373,0,-,2
00:16:23.436,snap,default,com.deepseek.chat,discharging,1,37.2,44.6,100,95,1,11.24,0,0.01,0,3.926,0.496,1.947296,11247,4373,0,-,2
00:16:24.437,snap,default,com.deepseek.chat,discharging,1,37.2,43.4,100,95,1,10.65,0,0,0,3.942,0.272,1.072224,5519,1719,0,-,2
00:16:25.437,snap,default,com.deepseek.chat,discharging,1,37.2,43.4,100,95,1,10.65,0,0,0,3.936,0.32,1.25952,5519,1719,0,-,2
00:16:26.438,snap,default,com.deepseek.chat,discharging,1,37.2,43.4,100,95,1,10.17,0,0,12,3.941,0.334,1.316294,5281,1994,0,-,2
00:16:27.439,snap,default,com.deepseek.chat,discharging,1,37.2,43.4,100,95,1,10.17,0,0,0,3.938,0.318,1.2522839,5281,1994,0,-,2
00:16:28.439,snap,default,com.deepseek.chat,discharging,1,37.2,43,100,95,1,9.96,0,0,0,3.943,0.26,1.02518,5281,1994,0,-,2
00:16:29.441,snap,default,com.deepseek.chat,discharging,1,37.2,42.6,100,95,1,9.96,0,0,0,3.938,0.284,1.118392,5229,1846,0,-,2
00:16:30.442,snap,default,com.deepseek.chat,discharging,1,37.2,42.6,100,95,1,9.78,0,0,0,3.943,0.242,0.954206,5229,1846,0,-,2
00:16:31.442,snap,default,com.deepseek.chat,discharging,1,37.2,42.6,100,95,1,9.78,0,0,0,3.943,0.268,1.0567241,4710,1628,0,-,2
00:16:32.443,snap,default,com.deepseek.chat,discharging,1,37.2,42.6,100,95,1,9.46,0,0,0,3.944,0.258,1.0175519,4710,1628,0,-,2
00:16:33.443,snap,default,com.deepseek.chat,discharging,1,37.2,42.6,100,95,1,9.46,0,0,0,3.946,0.276,1.089096,4364,1668,0,-,2
00:16:34.443,snap,default,com.deepseek.chat,discharging,1,37.2,42.6,100,95,1,9.37,0,0,0,3.946,0.258,1.018068,4364,1668,0,-,2
00:16:35.444,snap,default,com.deepseek.chat,discharging,1,37.2,42.6,100,95,1,9.37,0,0,0,3.926,0.486,1.9080361,6916,3207,0,-,2
00:16:36.444,snap,default,com.deepseek.chat,discharging,1,37.2,42.6,100,95,1,10.03,0,0,0,3.938,0.336,1.3231679,6916,3207,0,-,2
00:16:37.445,snap,default,com.deepseek.chat,discharging,1,37.2,42.6,100,95,1,10.03,0,0,0,3.939,0.346,1.3628939,6466,2867,0,-,2
00:16:38.447,snap,default,com.deepseek.chat,discharging,1,37.2,42.6,100,95,1,10.02,0,0,0,3.938,0.406,1.598828,6466,2867,0,-,2
00:16:39.447,snap,default,com.deepseek.chat,discharging,1,37.2,45.3,100,95,1,10.02,0,0,15,3.909,0.768,3.002112,11582,7879,0,-,2
00:16:40.446,snap,default,com.deepseek.chat,discharging,1,37.2,45.7,100,95,1,10.92,0,0,15,3.934,0.522,2.053548,11582,7879,0,-,2
00:16:41.447,snap,default,com.deepseek.chat,discharging,1,37.2,47.3,100,95,1,10.92,0,0,17,3.907,0.836,3.266252,13976,9163,0,-,2
00:16:42.447,snap,default,com.deepseek.chat,discharging,1,37.2,47.3,100,95,1,11.3,0,0,19,3.895,0.806,3.13937,13976,9163,0,-,2
00:16:43.447,snap,default,com.deepseek.chat,discharging,1,37.2,47.3,100,95,1,11.3,0,0,19,3.925,0.618,2.42565,16981,11513,0,-,2
00:16:44.448,snap,default,com.deepseek.chat,discharging,1,37.2,44.9,100,95,1,11.61,0,0,0,3.933,0.346,1.360818,16981,11513,0,-,2
00:16:45.448,snap,default,com.deepseek.chat,discharging,1,37.2,44.2,100,95,1,11.61,0,0,0,3.937,0.312,1.2283441,5025,2052,0,-,2
00:16:46.450,snap,default,com.deepseek.chat,discharging,1,37.2,43.4,100,95,1,11.31,0,0,0,3.941,0.274,1.079834,5025,2052,0,-,2
00:16:47.450,snap,default,com.deepseek.chat,discharging,1,37.2,43.4,100,95,1,11.31,0,0,0,3.943,0.26,1.02518,4568,1838,0,-,2
00:16:48.449,snap,default,com.deepseek.chat,discharging,1,37.2,43.4,100,95,1,10.71,0,0,14,3.943,0.26,1.02518,4568,1838,0,-,2
00:16:49.450,snap,default,com.deepseek.chat,discharging,1,37.2,46.4,100,95,1,10.71,0,0,14,3.918,0.492,1.927656,23598,7648,0,-,2
00:16:50.450,snap,default,com.deepseek.chat,discharging,1,37.2,47.7,100,95,1,12.76,0.36,0,0,3.88,1.026,3.9808803,23598,7648,0,-,2
00:16:51.451,snap,default,com.deepseek.chat,discharging,1,37.2,45.3,100,95,1,12.76,0.36,0,0,3.937,0.304,1.1968479,4720,1564,0,-,2
00:16:52.452,snap,default,com.deepseek.chat,discharging,1,37.2,43.8,100,95,1,11.71,0.29,1.44,0,3.939,0.262,1.032018,4720,1564,0,-,2
00:16:53.452,snap,default,com.deepseek.chat,discharging,1,37.1,43.8,100,95,1,11.71,0.29,1.44,0,3.938,0.306,1.2050279,4473,1662,0,-,2
00:16:54.452,snap,default,com.deepseek.chat,discharging,1,37.1,43.8,100,95,1,11.04,0.24,1.18,0,3.941,0.25,0.98525,4473,1662,0,-,2
00:16:55.453,snap,default,com.deepseek.chat,discharging,1,37.1,43,100,95,1,11.04,0.24,1.18,0,3.933,0.332,1.305756,4473,1662,0,-,2
00:16:56.454,snap,default,com.deepseek.chat,discharging,1,37.1,43,100,95,1,10.67,0.19,0.97,0,3.941,0.274,1.079834,5681,2436,0,-,2
00:16:57.454,snap,default,com.deepseek.chat,discharging,1,37.1,43,100,95,1,10.67,0.19,0.97,0,3.94,0.318,1.25292,5681,2436,0,-,2
00:16:58.454,snap,default,com.deepseek.chat,discharging,1,37.1,43,100,95,1,10.55,0.16,0.79,0,3.94,0.286,1.1268401,6977,3247,0,-,2
00:16:59.455,snap,default,com.deepseek.chat,discharging,1,37.1,43,100,95,1,10.55,0.16,0.79,0,3.918,0.468,1.833624,6977,3247,0,-,2
00:17:00.455,snap,default,com.deepseek.chat,discharging,1,37.1,43,100,95,1,10.81,0.13,0.65,0,3.942,0.298,1.174716,10287,4053,0,-,2
00:17:01.456,snap,default,com.deepseek.chat,discharging,1,37.1,42.6,100,95,1,10.81,0.13,0.65,0,3.943,0.296,1.1671281,10287,4053,0,-,2
00:17:02.455,snap,default,com.deepseek.chat,discharging,1,37.1,42.6,100,95,1,10.66,0.1,0.53,0,3.944,0.244,0.962336,5510,2220,0,-,2
00:17:03.456,snap,default,com.deepseek.chat,discharging,1,37.1,44.2,100,95,1,10.66,0.1,0.53,0,3.918,0.522,2.045196,5510,2220,0,-,2
00:17:04.456,snap,default,com.deepseek.chat,discharging,1,37.1,45.3,100,95,1,11.08,0.08,0.43,15,3.92,0.656,2.57152,14370,8778,0,-,2
00:17:05.456,snap,default,com.deepseek.chat,discharging,1,37.1,46.1,100,95,1,11.08,0.08,0.43,18,3.91,0.626,2.44766,14370,8778,0,-,2
00:17:06.457,snap,default,com.deepseek.chat,discharging,1,37.1,45.3,100,95,1,13.06,0.07,0.35,20,3.909,0.736,2.877024,16451,10159,0,-,2
00:17:07.457,snap,default,com.deepseek.chat,discharging,1,37.1,46.5,100,95,1,13.06,0.07,0.35,20,3.934,0.314,1.2352761,16451,10159,0,-,2
00:17:08.457,snap,default,com.deepseek.chat,discharging,1,37.1,46.9,100,95,1,13.41,0.05,0.29,21,3.907,0.808,3.156856,16200,9616,0,-,2
00:17:09.457,snap,default,com.deepseek.chat,discharging,1,37.1,47.7,100,95,1,13.41,0.05,0.29,24,3.902,0.864,3.371328,16200,9616,0,-,2
00:17:10.457,snap,default,com.deepseek.chat,discharging,1,37.1,48.1,100,95,1,14.24,0.04,0.23,23,3.91,0.81,3.1671002,23395,14804,0,-,2
00:17:11.459,snap,default,com.deepseek.chat,discharging,1,37.1,48.1,100,95,1,14.24,0.04,0.23,20,3.885,0.848,3.2944798,23395,14804,0,-,2
00:17:12.459,snap,default,com.deepseek.chat,discharging,1,37.1,51.1,100,95,1,14.56,0.03,0.19,20,3.858,1.362,5.254596,19183,11566,0,-,2
00:17:13.459,snap,default,com.deepseek.chat,discharging,1,37.1,54,100,95,1,14.56,0.03,0.19,21,3.881,1.162,4.5097218,19183,11566,0,-,2
00:17:14.459,snap,default,com.deepseek.chat,discharging,1,37.1,54.4,100,95,1,15,0.03,0.15,20,3.874,1.056,4.0909443,23349,14129,0,-,2
00:17:15.459,snap,default,com.deepseek.chat,discharging,1,37.1,54.4,100,95,1,15,0.03,0.15,25,3.887,1.07,4.1590905,23349,14129,0,-,2
00:17:16.459,snap,default,com.deepseek.chat,discharging,1,37.1,55.2,100,95,1,15.18,0.02,0.13,19,3.888,1.096,4.2612476,20861,13303,0,-,2
00:17:17.460,snap,default,com.deepseek.chat,discharging,1,37.1,55.2,100,95,1,15.18,0.02,0.13,18,3.875,1.112,4.309,20861,13303,0,-,2
00:17:18.460,snap,default,com.deepseek.chat,discharging,1,37.1,55.2,100,95,1,15.51,0.02,0.1,22,3.875,1.112,4.309,23801,14496,0,-,2
00:17:19.460,snap,default,com.deepseek.chat,discharging,1,37.1,52.2,100,95,1,15.51,0.02,0.1,22,3.895,0.932,3.6301398,23801,14496,0,-,2
00:17:20.460,snap,default,com.deepseek.chat,discharging,1,37.1,51.7,100,95,1,15.51,0.02,0.1,24,3.903,0.794,3.098982,23801,14496,0,-,2
00:17:21.463,snap,default,com.deepseek.chat,discharging,1,37.1,52.1,100,95,1,15.6,0.01,0.08,22,3.899,0.828,3.2283719,22148,13843,0,-,2
00:17:22.463,snap,default,com.deepseek.chat,discharging,1,37.1,52.4,100,95,1,15.67,0.01,0.07,19,3.896,0.86,3.35056,22148,13843,0,-,2
00:17:23.464,snap,default,com.deepseek.chat,discharging,1,37.1,52.4,100,95,1,15.67,0.01,0.07,20,3.896,0.982,3.825872,19565,12438,0,-,2
00:17:24.463,snap,default,com.deepseek.chat,discharging,1,37.1,52.8,100,95,1,15.73,0.01,0.05,19,3.892,0.87,3.38604,19565,12438,0,-,2
00:17:25.464,snap,default,com.deepseek.chat,discharging,1,37.1,52.4,100,95,1,15.73,0.01,0.05,19,3.897,0.884,3.4449482,17490,11000,0,-,2
00:17:26.464,snap,default,com.deepseek.chat,discharging,1,37.1,51.7,100,95,1,15.41,0,0.04,10,3.896,0.762,2.968752,17490,11000,0,-,2
00:17:27.464,snap,default,com.deepseek.chat,discharging,1,37.1,50.9,100,95,1,15.41,0,0.04,9,3.905,0.726,2.83503,15653,8025,0,-,2
00:17:28.464,snap,default,com.deepseek.chat,discharging,1,37.1,50.9,100,95,1,15.16,0,0.03,11,3.908,0.742,2.899736,15653,8025,0,-,2
00:17:29.465,snap,default,com.deepseek.chat,discharging,1,37.1,50.5,100,95,1,15.16,0,0.03,7,3.901,0.722,2.8165221,16332,10255,0,-,2
00:17:30.465,snap,default,com.deepseek.chat,discharging,1,37.1,47.5,100,95,1,14.95,0,0.03,7,3.933,0.4,1.5732001,16332,10255,0,-,2
00:17:31.465,snap,default,com.deepseek.chat,discharging,1,37.1,47.3,100,95,1,14.95,0,0.03,0,3.938,0.278,1.094764,7281,3328,0,-,2
00:17:32.465,snap,default,com.deepseek.chat,discharging,1,37.1,48.5,100,95,1,14.59,0,0.02,18,3.908,0.56,2.18848,7281,3328,0,-,2
00:17:33.465,snap,default,com.deepseek.chat,discharging,1,37.1,48.9,100,95,1,14.59,0,0.02,18,3.905,0.764,2.98342,19996,12828,0,-,2
00:17:34.466,snap,default,com.deepseek.chat,discharging,1,37.1,49.7,100,95,1,15.03,0,0.02,24,3.896,0.876,3.412896,19996,12828,0,-,2
00:17:35.466,snap,default,com.deepseek.chat,discharging,1,37.1,49.7,100,95,1,15.03,0,0.02,25,3.903,0.76,2.96628,21645,14361,0,-,2
00:17:36.466,snap,default,com.deepseek.chat,discharging,1,37.1,49.7,100,95,1,15.2,0,0.01,24,3.902,0.752,2.9343038,21645,14361,0,-,2
00:17:37.466,snap,default,com.deepseek.chat,discharging,1,37.1,49.7,100,95,1,15.2,0,0.01,24,3.896,0.814,3.171344,21023,12848,0,-,2
00:17:38.466,snap,default,com.deepseek.chat,discharging,1,37.1,50.1,100,95,1,15.71,0,0.01,24,3.904,0.774,3.021696,21023,12848,0,-,2
00:17:39.466,snap,default,com.deepseek.chat,discharging,1,37.1,49.7,100,95,1,15.71,0,0.01,24,3.902,0.802,3.1294038,20723,13541,0,-,2
00:17:40.467,snap,default,com.deepseek.chat,discharging,1,37.1,50.1,100,95,1,15.94,0,0.01,22,3.892,0.774,3.012408,20723,13541,0,-,2
00:17:41.467,snap,default,com.deepseek.chat,discharging,1,37.1,50.5,100,95,1,15.94,0,0.01,20,3.889,0.878,3.414542,19584,12104,0,-,2
00:17:42.467,snap,default,com.deepseek.chat,discharging,1,37.1,52.4,100,95,1,15.77,0,0,20,3.886,0.942,3.6606119,19584,12104,0,-,2
00:17:43.467,snap,default,com.deepseek.chat,discharging,1,37.1,52.4,100,95,1,15.77,0,0,21,3.882,0.926,3.594732,20336,12505,0,-,2
00:17:44.468,snap,default,com.deepseek.chat,discharging,1,37.1,52.4,100,95,1,15.81,0,0,16,3.895,0.89,3.4665499,20336,12505,0,-,2
00:17:45.468,snap,default,com.deepseek.chat,discharging,1,37.1,52.1,100,95,1,15.81,0,0,10,3.901,0.77,3.0037699,14037,7612,0,-,2
00:17:46.468,snap,default,com.deepseek.chat,discharging,1,37.1,50.1,100,95,1,15.12,0,0,10,3.929,0.416,1.634464,14037,7612,0,-,2
00:17:47.468,snap,default,com.deepseek.chat,discharging,1,37.1,49.3,100,95,1,15.12,0,0,13,3.9,0.754,2.9406002,14037,7612,0,-,2
00:17:48.469,snap,default,com.deepseek.chat,discharging,1,37.1,49.3,100,95,1,15.1,0,0,13,3.904,0.542,2.115968,11945,5201,0,-,2
00:17:49.469,snap,default,com.deepseek.chat,discharging,1,37.1,49.7,100,95,1,15.1,0,0,0,3.904,0.542,2.115968,11945,5201,0,-,2
00:17:50.469,snap,default,com.deepseek.chat,discharging,1,37.1,49.7,100,95,1,15.1,0,0,0,3.918,0.54,2.11572,14855,8697,0,-,2
00:17:51.469,snap,default,com.deepseek.chat,discharging,1,37.1,49.3,100,95,1,14.54,0,0,17,3.903,0.716,2.7945483,14855,8697,0,-,2
00:17:52.469,snap,default,com.deepseek.chat,discharging,1,37.1,49.3,100,95,1,14.54,0,0,18,3.91,0.478,1.8689799,15451,10167,0,-,2
00:17:53.470,snap,default,com.deepseek.chat,discharging,1,37.1,48.9,100,95,1,14.26,0,0,20,3.902,0.754,2.942108,15451,10167,0,-,2
00:17:54.470,snap,default,com.deepseek.chat,discharging,1,37.1,47.3,100,95,1,14.26,0,0,20,3.921,0.558,2.1879182,14459,9225,0,-,2
00:17:55.470,snap,default,com.deepseek.chat,discharging,1,37.1,45.7,100,95,1,13.85,0,0,0,3.935,0.292,1.14902,14459,9225,0,-,2
00:17:56.470,snap,default,com.deepseek.chat,discharging,1,37.1,45.7,100,95,1,12.79,0,0,18,3.929,0.356,1.398724,5353,2269,0,-,2
00:17:57.471,snap,default,com.deepseek.chat,discharging,1,37.1,45.7,100,95,1,12.79,0,0,0,3.916,0.486,1.903176,5353,2269,0,-,2
00:17:58.472,snap,default,com.deepseek.chat,discharging,1,37.1,44.9,100,95,1,11.74,0,0,0,3.935,0.242,0.95227,4724,1763,0,-,2
00:17:59.472,snap,default,com.deepseek.chat,discharging,1,37.1,44.6,100,95,1,11.74,0,0,0,3.934,0.272,1.0700481,4724,1763,0,-,2
00:18:00.472,snap,default,com.deepseek.chat,discharging,1,37.1,43.8,100,95,1,11.06,0,0,0,3.936,0.23,0.90528005,4082,1432,0,-,2
00:18:01.473,snap,default,com.deepseek.chat,discharging,1,37.1,43.4,100,95,1,11.06,0,0,0,3.934,0.314,1.2352761,4082,1432,0,-,2
00:18:02.474,snap,default,com.deepseek.chat,discharging,1,37.1,43.4,100,95,1,10.68,0,0,0,3.937,0.24,0.94488,4508,1690,0,-,2
00:18:03.474,snap,default,com.deepseek.chat,discharging,1,37.1,43.4,100,95,1,10.68,0,0,0,3.935,0.328,1.29068,4508,1690,0,-,2
00:18:04.474,snap,default,com.deepseek.chat,discharging,1,37.1,44.2,100,95,1,14.73,0,0,0,3.93,0.42,1.6506,9388,3063,0,-,2
00:18:05.475,snap,default,com.deepseek.chat,discharging,1,37.1,44.2,100,95,1,14.73,0,0,0,3.932,0.396,1.5570719,9388,3063,0,-,2
00:18:06.476,snap,default,com.deepseek.chat,discharging,1,37.1,43.4,100,95,1,13.69,0,0,0,3.938,0.272,1.071136,4923,1712,0,-,2
00:18:07.476,snap,default,com.deepseek.chat,discharging,1,37.1,43,100,95,1,13.69,0,0,0,3.937,0.294,1.157478,4923,1712,0,-,2
00:18:08.477,snap,default,com.deepseek.chat,discharging,1,37.1,43,100,95,1,12.66,0,0,0,3.939,0.254,1.000506,6278,2438,0,-,2
00:18:09.477,snap,default,com.deepseek.chat,discharging,1,37.1,43,100,95,1,12.66,0,0,0,3.938,0.328,1.291664,6278,2438,0,-,2
00:18:10.478,snap,default,com.deepseek.chat,discharging,1,37.1,43,100,95,1,11.99,0,0,0,3.939,0.296,1.165944,6061,2031,0,-,2
00:18:11.478,snap,default,com.deepseek.chat,discharging,1,37.1,42.6,100,95,1,11.99,0,0,0,3.94,0.284,1.11896,6061,2031,0,-,2
00:18:12.486,snap,default,com.deepseek.chat,discharging,1,37.1,43,100,95,1,11.45,0,0,0,3.936,0.29,1.14144,6061,2031,0,-,2
00:18:13.488,snap,default,com.deepseek.chat,discharging,1,37.1,42.6,100,95,1,11.45,0,0,0,3.937,0.286,1.125982,5413,2093,0,-,2
00:18:14.489,snap,default,com.deepseek.chat,discharging,1,37.1,42.6,100,95,1,11,0,0,0,3.939,0.28,1.1029199,5413,2093,0,-,2
00:18:15.489,snap,default,com.deepseek.chat,discharging,1,37.1,42.6,100,95,1,11,0,0,0,3.916,0.436,1.7073759,5769,2277,0,-,2
00:18:16.490,snap,default,com.deepseek.chat,discharging,1,37.1,45.3,100,95,1,13.9,0,0,0,3.927,0.664,2.607528,5769,2277,0,-,2
00:18:17.490,snap,default,com.deepseek.chat,discharging,1,37.1,45.3,100,95,1,13.9,0,0,0,3.927,0.664,2.607528,14106,5082,0,-,2
00:18:18.491,snap,default,com.deepseek.chat,discharging,1,37.1,43.8,100,95,1,13.9,0,0,0,3.939,0.276,1.0871639,14106,5082,0,-,2
00:18:19.492,snap,default,com.deepseek.chat,discharging,1,37.1,43,100,95,1,12.65,0,0,0,3.934,0.284,1.117256,4216,1502,0,-,2
00:18:20.493,snap,default,com.deepseek.chat,discharging,1,37,43,100,95,1,12.65,0,0,0,3.939,0.244,0.96111596,4216,1502,0,-,2
00:18:21.493,snap,default,com.deepseek.chat,discharging,1,37,43,100,95,1,11.99,0,0,0,3.92,0.39,1.5288,4474,1687,0,-,2
00:18:22.494,snap,default,com.deepseek.chat,discharging,1,37,43,100,95,1,11.99,0,0,0,3.94,0.26,1.0244,4474,1687,0,-,2
00:18:23.494,snap,default,com.deepseek.chat,discharging,1,37,42.2,100,95,1,11.26,0,0,0,3.938,0.294,1.157772,4203,1571,0,-,2
00:18:24.495,snap,default,com.deepseek.chat,discharging,1,37,42.2,100,95,1,10.85,0,0,0,3.943,0.226,0.891118,4203,1571,0,-,2
00:18:25.495,snap,default,com.deepseek.chat,discharging,1,37,42.6,100,95,1,10.85,0,0,0,3.937,0.302,1.1889739,3931,1342,0,-,2
00:18:26.495,snap,default,com.deepseek.chat,discharging,1,37,42.6,100,95,1,10.7,0,0,0,3.937,0.35,1.37795,3931,1342,0,-,2
00:18:27.495,snap,default,com.deepseek.chat,discharging,1,37,42.2,100,95,1,10.7,0,0,0,3.937,0.286,1.125982,7155,2790,0,-,2
00:18:28.496,snap,default,com.deepseek.chat,discharging,1,37,42.2,100,95,1,10.21,0,0,0,3.94,0.242,0.95348,7155,2790,0,-,2
00:18:29.497,snap,default,com.deepseek.chat,discharging,1,37,42.2,100,95,1,10.21,0,0,0,3.937,0.286,1.125982,4430,1484,0,-,2
00:18:30.498,snap,default,com.deepseek.chat,discharging,1,37,42.2,100,95,1,9.99,0,0,0,3.94,0.236,0.92984,4430,1484,0,-,2
00:18:31.498,snap,default,com.deepseek.chat,discharging,1,37,41.8,100,95,1,9.99,0,0,0,3.936,0.29,1.14144,3918,1412,0,-,2
00:18:32.498,snap,default,com.deepseek.chat,discharging,1,37,42.2,100,95,1,9.63,0,0,0,3.937,0.256,1.0078721,3918,1412,0,-,2
00:18:33.499,snap,default,com.deepseek.chat,discharging,1,37,41.4,100,95,1,9.63,0,0,0,3.936,0.272,1.070592,4416,1694,0,-,2
00:18:34.500,snap,default,com.deepseek.chat,discharging,1,37,41.8,100,95,1,9.51,0,0.18,0,3.936,0.236,0.928896,4416,1694,0,-,2
00:18:35.500,snap,default,com.deepseek.chat,discharging,1,37,41.8,100,95,1,9.51,0,0.18,0,3.936,0.266,1.0469761,4050,1453,0,-,2
00:18:36.500,snap,default,com.deepseek.chat,discharging,1,37,41.8,100,95,1,9.6,0,0.14,0,3.931,0.328,1.289368,4050,1453,0,-,2
00:18:37.501,snap,default,com.deepseek.chat,discharging,1,37,41.8,100,95,1,9.6,0,0.14,0,3.936,0.31,1.22016,8975,4641,0,-,2
00:18:38.501,snap,default,com.deepseek.chat,discharging,1,37,42.6,100,95,1,10.4,0,0.12,0,3.925,0.39,1.5307499,8975,4641,0,-,2
00:18:39.503,snap,default,com.deepseek.chat,discharging,1,37,42.6,100,95,1,10.4,0,0.12,0,3.938,0.348,1.3704239,8975,4641,0,-,2
00:18:40.503,snap,default,com.deepseek.chat,discharging,1,37,43,100,95,1,10.32,0,0.09,0,3.935,0.308,1.21198,9758,3930,0,-,2
00:18:41.503,snap,default,com.deepseek.chat,discharging,1,37,44.9,100,95,1,10.32,0,0.09,10,3.906,0.832,3.249792,9758,3930,0,-,2
00:18:42.503,snap,default,com.deepseek.chat,discharging,1,37,45.7,100,95,1,11.89,0,0.08,25,3.902,0.79,3.08258,20617,13259,0,-,2
00:18:43.503,snap,default,com.deepseek.chat,discharging,1,37,46.9,100,95,1,11.89,0,0.08,26,3.903,0.768,2.9975042,20617,13259,0,-,2
00:18:44.503,snap,default,com.deepseek.chat,discharging,1,37,47.3,100,95,1,13,0,0.06,25,3.899,0.76,2.96324,23271,14932,0,-,2
00:18:45.503,snap,default,com.deepseek.chat,discharging,1,37,47.3,100,95,1,13,0,0.06,25,3.899,0.76,2.96324,23271,14932,0,-,2
00:18:46.504,snap,default,com.deepseek.chat,discharging,1,37,47.3,100,95,1,13,0,0.06,25,3.905,0.73,2.85065,19958,12858,0,-,2
00:18:47.504,snap,default,com.deepseek.chat,discharging,1,37,48.1,100,95,1,13.54,0,0.05,25,3.897,0.804,3.1331882,19958,12858,0,-,2
00:18:48.504,snap,default,com.deepseek.chat,discharging,1,37,48.1,100,95,1,13.54,0,0.05,25,3.904,0.734,2.8655362,22334,13971,0,-,2
00:18:49.504,snap,default,com.deepseek.chat,discharging,1,37,48.1,100,95,1,14.17,0,0.04,24,3.897,0.794,3.0942183,22334,13971,0,-,2
00:18:50.504,snap,default,com.deepseek.chat,discharging,1,37,48.9,100,95,1,14.17,0,0.04,19,3.906,0.704,2.7498238,18112,11647,0,-,2
00:18:51.504,snap,default,com.deepseek.chat,discharging,1,37,50.5,100,95,1,14.32,0,0.03,21,3.882,0.934,3.625788,18112,11647,0,-,2
00:18:52.504,snap,default,com.deepseek.chat,discharging,1,37,52.1,100,95,1,14.32,0,0.03,23,3.894,0.95,3.6993,23239,14888,0,-,2
00:18:53.505,snap,default,com.deepseek.chat,discharging,1,37,52.1,100,95,1,15.17,0,0.02,22,3.883,0.884,3.432572,23239,14888,0,-,2
00:18:54.505,snap,default,com.deepseek.chat,discharging,1,37,52.1,100,95,1,15.5,0,0.02,20,3.888,0.92,3.57696,20663,12739,0,-,2
00:18:55.505,snap,default,com.deepseek.chat,discharging,1,37,52.1,100,95,1,15.5,0,0.02,20,3.872,1.062,4.112064,20663,12739,0,-,2
00:18:56.506,snap,default,com.deepseek.chat,discharging,1,37,50.9,100,95,1,15.77,0,0.01,23,3.898,0.814,3.172972,23441,14842,0,-,2
00:18:57.506,snap,default,com.deepseek.chat,discharging,1,37,50.9,100,95,1,15.77,0,0.01,18,3.9,0.906,3.5334,23441,14842,0,-,2
00:18:58.506,snap,default,com.deepseek.chat,discharging,1,37,50.5,100,95,1,15.81,0,0.01,20,3.898,0.852,3.321096,18041,10890,0,-,2
00:18:59.506,snap,default,com.deepseek.chat,discharging,1,37,50.5,100,95,1,15.81,0,0.01,20,3.904,0.71,2.7718399,18041,10890,0,-,2
00:19:00.506,snap,default,com.deepseek.chat,discharging,1,37,49.7,100,95,1,15.48,0,0.01,20,3.875,0.968,3.751,16593,10576,0,-,2
00:19:01.506,snap,default,com.deepseek.chat,discharging,1,37,49.7,100,95,1,15.48,0,0.01,11,3.906,0.662,2.585772,16593,10576,0,-,2
00:19:02.507,snap,default,com.deepseek.chat,discharging,1,37,49.7,100,95,1,14.85,0,0,10,3.89,0.706,2.74634,14736,7692,0,-,2
00:19:03.507,snap,default,com.deepseek.chat,discharging,1,37,49.7,100,95,1,14.85,0,0,9,3.899,0.704,2.744896,14736,7692,0,-,2
00:19:04.507,snap,default,com.deepseek.chat,discharging,1,37,49.7,100,95,1,14.51,0,0,9,3.904,0.74,2.8889601,12978,7524,0,-,2
00:19:05.508,snap,default,com.deepseek.chat,discharging,1,37,47.3,100,95,1,14.51,0,0,9,3.932,0.392,1.5413439,12978,7524,0,-,2
00:19:06.509,snap,default,com.deepseek.chat,discharging,1,37,44.9,100,95,1,13.69,0,0,0,3.936,0.26,1.02336,12978,7524,0,-,2
00:19:07.511,snap,default,com.deepseek.chat,discharging,1,37,44.6,100,95,1,13.69,0,0,0,3.935,0.264,1.0388399,5308,2225,0,-,2
00:19:08.511,snap,default,com.deepseek.chat,discharging,1,37,44.2,100,95,1,12.84,0,0,0,3.934,0.264,1.038576,5308,2225,0,-,2
00:19:09.511,snap,default,com.deepseek.chat,discharging,1,37,44.2,100,95,1,12.84,0,0,0,3.913,0.454,1.776502,5152,2068,0,-,2
00:19:10.512,snap,default,com.deepseek.chat,discharging,1,37,46.5,100,95,1,12.87,0,0,13,3.899,0.752,2.9320478,5152,2068,0,-,2
00:19:11.512,snap,default,com.deepseek.chat,discharging,1,37,46.9,100,95,1,12.87,0,0,18,3.912,0.572,2.237664,15367,10228,0,-,2
00:19:12.512,snap,default,com.deepseek.chat,discharging,1,37,47.3,100,95,1,13.26,0,0,16,3.924,0.59,2.3151598,15367,10228,0,-,2
00:19:13.513,snap,default,com.deepseek.chat,discharging,1,37,47.7,100,95,1,13.26,0,0,18,3.907,0.706,2.758342,15919,10731,0,-,2
00:19:14.512,snap,default,com.deepseek.chat,discharging,1,37,48.9,100,95,1,13.57,0,0,23,3.894,0.854,3.325476,15919,10731,0,-,2
00:19:15.512,snap,default,com.deepseek.chat,discharging,1,37,48.9,100,95,1,13.57,0,0,23,3.892,0.862,3.354904,20962,13141,0,-,2
00:19:16.513,snap,default,com.deepseek.chat,discharging,1,37,49.3,100,95,1,14.74,0,0,24,3.894,0.85,3.3099,20962,13141,0,-,2
00:19:17.513,snap,default,com.deepseek.chat,discharging,1,37,49.3,100,95,1,14.74,0,0,23,3.894,0.85,3.3099,22047,13686,0,-,2
00:19:18.513,snap,default,com.deepseek.chat,discharging,1,37,49.3,100,95,1,14.74,0,0,23,3.896,0.768,2.992128,22047,13686,0,-,2
00:19:19.513,snap,default,com.deepseek.chat,discharging,1,37,49.7,100,95,1,15.14,0,0,23,3.892,0.816,3.1758718,20504,12267,0,-,2
00:19:20.513,snap,default,com.deepseek.chat,discharging,1,37,50.9,100,95,1,15.14,0,0,23,3.889,0.868,3.3756518,20504,12267,0,-,2
00:19:21.513,snap,default,com.deepseek.chat,discharging,1,37,50.9,100,95,1,14.39,0,0,21,3.886,0.888,3.450768,22317,12115,0,-,2
00:19:22.514,snap,default,com.deepseek.chat,discharging,1,37,52.4,100,95,1,14.39,0,0,21,3.87,1.05,4.0635,22317,12115,0,-,2
00:19:23.514,snap,default,com.deepseek.chat,discharging,1,37,52.8,100,95,1,14.68,0,0,20,3.889,0.968,3.7645519,20634,12404,0,-,2
00:19:24.514,snap,default,com.deepseek.chat,discharging,1,37,52.8,100,95,1,14.68,0,0,19,3.884,0.898,3.487832,20634,12404,0,-,2
00:19:25.514,snap,default,com.deepseek.chat,discharging,1,37,52.4,100,95,1,14.38,0,0,10,3.891,0.806,3.136146,13772,5828,0,-,2
00:19:26.514,snap,default,com.deepseek.chat,discharging,1,37,52.1,100,95,1,14.38,0,0,10,3.897,0.798,3.109806,13772,5828,0,-,2
00:19:27.514,snap,default,com.deepseek.chat,discharging,1,37,52.1,100,95,1,12.68,0,0,10,3.89,0.89,3.4621,14023,5882,0,-,2
00:19:28.514,snap,default,com.deepseek.chat,discharging,1,37,52.1,100,95,1,11.29,0,0,10,3.897,0.842,3.281274,14023,5882,0,-,2
00:19:29.514,snap,default,com.deepseek.chat,discharging,1,37,52.4,100,95,1,11.29,0,0,10,3.892,0.924,3.596208,16320,6634,0,-,2
00:19:30.514,snap,default,com.deepseek.chat,discharging,1,37,53.2,100,95,1,10.33,0,0,10,3.879,0.94,3.64626,16320,6634,0,-,2
00:19:31.515,snap,default,com.deepseek.chat,discharging,1,37,54,100,95,1,10.33,0,0,11,3.87,0.966,3.73842,16320,6634,0,-,2
00:19:32.515,snap,default,com.deepseek.chat,discharging,1,37,55.2,100,95,1,9.72,0,0,10,3.877,0.978,3.791706,13802,5993,0,-,2
00:19:33.515,snap,default,com.deepseek.chat,discharging,1,37,55.2,100,95,1,9.72,0,0,10,3.868,1.084,4.192912,13802,5993,0,-,2
00:19:34.515,snap,default,com.deepseek.chat,discharging,1,37,54.8,100,95,1,9.41,0,0,10,3.884,0.87,3.37908,14889,6817,0,-,2
00:19:35.516,snap,default,com.deepseek.chat,discharging,1,37,54.4,100,95,1,9.41,0,0,10,3.896,0.872,3.397312,14889,6817,0,-,2
00:19:36.516,snap,default,com.deepseek.chat,discharging,1,37,53.2,100,95,1,9.7,0,0,9,3.889,0.89,3.4612098,13142,7094,0,-,2
00:19:37.516,snap,default,com.deepseek.chat,discharging,1,37,53.6,100,95,1,9.7,0,0,10,3.89,0.852,3.31428,13142,7094,0,-,2
00:19:38.516,snap,default,com.deepseek.chat,discharging,1,37,52.8,100,95,1,10.11,0,0,9,3.899,0.748,2.916452,14943,7559,0,-,2
00:19:39.517,snap,default,com.deepseek.chat,discharging,1,37,52.4,100,95,1,10.11,0,0,9,3.883,0.874,3.3937418,14943,7559,0,-,2
00:19:40.517,snap,default,com.deepseek.chat,discharging,1,37,51.7,100,95,1,10.45,0,0,15,3.899,0.732,2.854068,13771,8195,0,-,2
00:19:41.517,snap,default,com.deepseek.chat,discharging,1,37,51.7,100,95,1,10.45,0,0,15,3.901,0.754,2.941354,13771,8195,0,-,2
00:19:42.517,snap,default,com.deepseek.chat,discharging,1,37,51.7,100,95,1,11.64,0,0,18,3.897,0.666,2.595402,20179,12853,0,-,2
00:19:43.518,snap,default,com.deepseek.chat,discharging,1,37,49.7,100,95,1,11.64,0,0,0,3.902,0.554,2.161708,20179,12853,0,-,2
00:19:44.518,snap,default,com.deepseek.chat,discharging,1,37,47.7,100,95,1,12.07,0,0,16,3.902,0.546,2.130492,14005,8753,0,-,2
00:19:45.518,snap,default,com.deepseek.chat,discharging,1,37,47.7,100,95,1,12.07,0,0,16,3.896,0.536,2.0882561,14005,8753,0,-,2
00:19:46.519,snap,default,com.deepseek.chat,discharging,1,37,47.7,100,95,1,12.6,0,0,16,3.896,0.676,2.6336958,14477,8689,0,-,2
00:19:47.519,snap,default,com.deepseek.chat,discharging,1,37,47.3,100,95,1,12.6,0,0,15,3.904,0.626,2.443904,14477,8689,0,-,2
00:19:48.519,snap,default,com.deepseek.chat,discharging,1,37,47.3,100,95,1,12.85,0,0,15,3.904,0.626,2.443904,12933,8217,0,-,2
00:19:49.519,snap,default,com.deepseek.chat,discharging,1,37,45.7,100,95,1,12.85,0,0,15,3.925,0.322,1.26385,12933,8217,0,-,2
00:19:50.519,snap,default,com.deepseek.chat,discharging,1,37,45.7,100,95,1,12.85,0,0,0,3.931,0.26,1.0220599,6376,2564,0,-,2
00:19:51.521,snap,default,com.deepseek.chat,discharging,1,37,44.9,100,95,1,12.15,0,0,0,3.923,0.382,1.498586,6376,2564,0,-,2
00:19:52.522,snap,default,com.deepseek.chat,discharging,1,37,43.8,100,95,1,12.15,0,0,0,3.93,0.302,1.18686,5121,1863,0,-,2
00:19:53.523,snap,default,com.deepseek.chat,discharging,1,37,43.8,100,95,1,11.4,0,0,0,3.931,0.294,1.155714,5121,1863,0,-,2
00:19:54.525,snap,default,com.deepseek.chat,discharging,1,37,43.8,100,95,1,11.4,0,0,0,3.928,0.28,1.09984,5473,2210,0,-,2
00:19:55.524,snap,default,com.deepseek.chat,discharging,1,37,43.8,100,95,1,10.96,0,0,0,3.928,0.294,1.154832,5473,2210,0,-,2
00:19:56.524,snap,default,com.deepseek.chat,discharging,1,37,45.7,100,95,1,10.96,0,0,13,3.907,0.49,1.91443,13623,9056,0,-,2
00:19:57.525,snap,default,com.deepseek.chat,discharging,1,37,45.7,100,95,1,10.97,0,0,18,3.898,0.75,2.9235,13623,9056,0,-,2
00:19:58.526,snap,default,com.deepseek.chat,discharging,1,37,44.9,100,95,1,10.97,0,0,18,3.932,0.416,1.635712,13623,9056,0,-,2
00:19:59.526,snap,default,com.deepseek.chat,discharging,1,37,44.9,100,95,1,11.7,0,0,23,3.928,0.346,1.359088,10459,6292,0,-,2
00:20:00.527,snap,default,com.deepseek.chat,discharging,1,37,44.6,100,95,1,11.57,0,0,0,3.933,0.298,1.172034,10459,6292,0,-,2
00:20:01.527,snap,default,com.deepseek.chat,discharging,1,37,44.2,100,95,1,11.57,0,0,0,3.93,0.366,1.43838,7094,2802,0,-,2
00:20:02.529,snap,default,com.deepseek.chat,discharging,1,37,44.2,100,95,1,11.29,0,0,0,3.928,0.342,1.343376,7094,2802,0,-,2
00:20:03.529,snap,default,com.deepseek.chat,discharging,1,37,43.8,100,95,1,11.29,0,0,0,3.934,0.304,1.195936,6143,2055,0,-,2
00:20:04.529,snap,default,com.deepseek.chat,discharging,1,37,43.8,100,95,1,10.69,0,0,0,3.931,0.27,1.06137,6143,2055,0,-,2
00:20:05.530,snap,default,com.deepseek.chat,discharging,1,37.1,43,100,95,1,10.69,0,0,0,3.929,0.326,1.280854,6558,2589,0,-,2
00:20:06.530,snap,default,com.deepseek.chat,discharging,1,37.1,43.8,100,95,1,11.11,0,0,0,3.932,0.296,1.163872,6558,2589,0,-,2
00:20:07.530,snap,default,com.deepseek.chat,discharging,1,37.1,43,100,95,1,11.11,0,0,0,3.926,0.322,1.2641721,8172,3728,0,-,2
00:20:08.531,snap,default,com.deepseek.chat,discharging,1,37.1,43.8,100,95,1,10.91,0,0,0,3.933,0.296,1.164168,8172,3728,0,-,2
00:20:09.532,snap,default,com.deepseek.chat,discharging,1,37.1,43.4,100,95,1,10.91,0,0,0,3.924,0.418,1.6402321,6638,2742,0,-,2
00:20:10.532,snap,default,com.deepseek.chat,discharging,1,37.1,43.4,100,95,1,10.74,0,0,0,3.93,0.328,1.2890401,6638,2742,0,-,2
00:20:11.532,snap,default,com.deepseek.chat,discharging,1,37.1,43,100,95,1,10.74,0,0,0,3.931,0.304,1.195024,7315,2982,0,-,2
00:20:12.532,snap,default,com.deepseek.chat,discharging,1,37.1,43,100,95,1,10.6,0,0,0,3.931,0.302,1.1871619,7315,2982,0,-,2
00:20:13.533,snap,default,com.deepseek.chat,discharging,1,37.1,43,100,95,1,10.6,0,0,0,3.937,0.242,0.952754,6341,2645,0,-,2
00:20:14.534,snap,default,com.deepseek.chat,discharging,1,37.1,43,100,95,1,10.31,0,0,0,3.926,0.318,1.248468,6341,2645,0,-,2
00:20:15.534,snap,default,com.deepseek.chat,discharging,1,37.1,42.6,100,95,1,10.31,0,0,0,3.933,0.256,1.0068481,5563,2072,0,-,2
00:20:16.535,snap,default,com.deepseek.chat,discharging,1,37.1,42.6,100,95,1,10.07,0,0,0,3.933,0.256,1.0068481,5563,2072,0,-,2
00:20:17.534,snap,default,com.deepseek.chat,discharging,1,37.1,42.6,100,95,1,10.07,0,0,0,3.929,0.288,1.131552,4363,1582,0,-,2
00:20:18.535,snap,default,com.deepseek.chat,discharging,1,37.1,43.4,100,95,1,10.07,0,0,0,3.933,0.272,1.069776,4363,1582,0,-,2
00:20:19.535,snap,default,com.deepseek.chat,discharging,1,37.1,43.4,100,95,1,10.06,0,0,15,3.912,0.606,2.370672,10718,5872,0,-,2
00:20:20.536,snap,default,com.deepseek.chat,discharging,1,37.1,42.6,100,95,1,10.06,0,0,15,3.933,0.288,1.132704,10718,5872,0,-,2
00:20:21.536,snap,default,com.deepseek.chat,discharging,1,37.1,42.6,100,95,1,10.23,0,0,0,3.93,0.338,1.32834,5710,2541,0,-,2
00:20:22.537,snap,default,com.deepseek.chat,discharging,1,37.1,42.6,100,95,1,10.23,0,0,0,3.933,0.262,1.030446,5710,2541,0,-,2
00:20:23.537,snap,default,com.deepseek.chat,discharging,1,37.1,42.6,100,95,1,10.01,0,0,0,3.929,0.322,1.2651379,4882,1748,0,-,2
00:20:24.537,snap,default,com.deepseek.chat,discharging,1,37.1,42.6,100,95,1,10.01,0,0,0,3.934,0.258,1.014972,4882,1748,0,-,2
00:20:25.539,snap,default,com.deepseek.chat,discharging,1,37.1,42.6,100,95,1,10,0,0,0,3.929,0.296,1.162984,4882,1748,0,-,2
00:20:26.539,snap,default,com.deepseek.chat,discharging,1,37.1,42.6,100,95,1,10,0,0,0,3.935,0.232,0.91291994,5132,1848,0,-,2
00:20:27.540,snap,default,com.deepseek.chat,discharging,1,37.1,42.2,100,95,1,9.64,0,0,0,3.922,0.364,1.4276079,5132,1848,0,-,2
00:20:28.540,snap,default,com.deepseek.chat,discharging,1,37.1,42.6,100,95,1,9.52,0,0,0,3.936,0.256,1.007616,4447,1692,0,-,2
00:20:29.540,snap,default,com.deepseek.chat,discharging,1,37.1,41.8,100,95,1,9.52,0,0,0,3.931,0.312,1.226472,4447,1692,0,-,2
00:20:30.541,snap,default,com.deepseek.chat,discharging,1,37.1,41.8,100,95,1,9.25,0,0,0,3.932,0.25,0.983,4136,1379,0,-,2
00:20:31.541,snap,default,com.deepseek.chat,discharging,1,37.1,41.8,100,95,1,9.25,0,0,0,3.936,0.284,1.1178241,4136,1379,0,-,2
00:20:32.542,snap,default,com.deepseek.chat,discharging,1,37.1,41.8,100,95,1,9.02,0,0,0,3.935,0.234,0.92078996,3737,1238,0,-,2
00:20:33.543,snap,default,com.deepseek.chat,discharging,1,37.1,41.8,100,95,1,9.02,0,0,0,3.936,0.276,1.086336,3737,1238,0,-,2
00:20:34.543,snap,default,com.deepseek.chat,discharging,1,37.1,41.8,100,95,1,9.01,0,0,0,3.934,0.25,0.9835,4225,1637,0,-,2
00:20:35.545,snap,default,com.deepseek.chat,discharging,1,37.1,41.4,100,95,1,9.01,0,0,0,3.935,0.274,1.07819,4225,1637,0,-,2
00:20:36.545,snap,default,com.deepseek.chat,discharging,1,37.1,41.8,100,95,1,9.55,0,0,0,3.932,0.274,1.0773679,5112,1687,0,-,2
00:20:37.546,snap,default,com.deepseek.chat,discharging,1,37,41.8,100,95,1,9.55,0,0,0,3.932,0.326,1.281832,5112,1687,0,-,2
00:20:38.547,snap,default,com.deepseek.chat,discharging,1,37,42.2,100,95,1,9.63,0,0,0,3.937,0.254,0.99999803,5021,1749,0,-,2
00:20:39.548,snap,default,com.deepseek.chat,discharging,1,37,41.8,100,95,1,9.63,0,0,0,3.933,0.248,0.975384,5021,1749,0,-,2
00:20:40.549,snap,default,com.deepseek.chat,discharging,1,37,41.8,100,95,1,9.34,0,0,0,3.929,0.284,1.115836,4687,1665,0,-,2
00:20:41.549,snap,default,com.deepseek.chat,discharging,1,37,41.8,100,95,1,9.34,0,0,0,3.934,0.278,1.093652,4687,1665,0,-,2
00:20:42.550,snap,default,com.deepseek.chat,discharging,1,37,41.8,100,95,1,9.09,0,0,0,3.929,0.28,1.10012,5545,2424,0,-,2
00:20:43.550,snap,default,com.deepseek.chat,discharging,1,37,41.8,100,95,1,9.09,0,0,0,3.929,0.28,1.10012,5545,2424,0,-,2
00:20:44.551,snap,default,com.deepseek.chat,discharging,1,37,41.8,100,95,1,9.09,0,0,0,3.936,0.232,0.913152,4174,1429,0,-,2
00:20:45.551,snap,default,com.deepseek.chat,discharging,1,37,41.8,100,95,1,8.89,0,0,0,3.931,0.298,1.171438,4174,1429,0,-,2
00:20:46.551,snap,default,com.deepseek.chat,discharging,1,37,41.8,100,95,1,8.89,0,0,0,3.928,0.32,1.2569599,5971,2262,0,-,2
00:20:47.552,snap,default,com.deepseek.chat,discharging,1,37.1,41.8,100,95,1,9.28,0,0,0,3.931,0.294,1.155714,5971,2262,0,-,2
00:20:48.552,snap,default,com.deepseek.chat,discharging,1,37.1,41.8,100,95,1,9.28,0,0,0,3.933,0.256,1.0068481,4649,1679,0,-,2
00:20:49.553,snap,default,com.deepseek.chat,discharging,1,37.1,41.8,100,95,1,9.04,0,0,0,3.933,0.28,1.10124,4649,1679,0,-,2
00:20:50.553,snap,default,com.deepseek.chat,discharging,1,37.1,41.4,100,95,1,9.04,0,0,0,3.933,0.262,1.030446,4649,1679,0,-,2
00:20:51.553,snap,default,com.deepseek.chat,discharging,1,37.1,41,100,95,1,9.03,0,0,0,3.932,0.294,1.156008,5423,2262,0,-,2
00:20:52.554,snap,default,com.deepseek.chat,discharging,1,37.1,41.4,100,95,1,9.03,0,0,0,3.935,0.262,1.03097,5423,2262,0,-,2
00:20:53.554,snap,default,com.deepseek.chat,discharging,1,37.1,41.4,100,95,1,8.85,0,0,0,3.936,0.274,1.078464,3850,1359,0,-,2
00:20:54.555,snap,default,com.deepseek.chat,discharging,1,37.1,41.8,100,95,1,8.85,0,0,0,3.932,0.298,1.171736,3850,1359,0,-,2
00:20:55.555,snap,default,com.deepseek.chat,discharging,1,37.1,41.8,100,95,1,9.05,0,0,0,3.934,0.288,1.1329919,5702,1909,0,-,2
00:20:56.556,snap,default,com.deepseek.chat,discharging,1,37.1,41.8,100,95,1,9.04,0,0,0,3.935,0.284,1.11754,5702,1909,0,-,2
00:20:57.557,snap,default,com.deepseek.chat,discharging,1,37.1,41,100,95,1,9.04,0,0,0,3.934,0.306,1.203804,5403,1999,0,-,2
00:20:58.557,snap,default,com.deepseek.chat,discharging,1,37,41.8,100,95,1,8.85,0,0,0,3.934,0.256,1.007104,5403,1999,0,-,2
00:20:59.557,snap,default,com.deepseek.chat,discharging,1,37,41.4,100,95,1,8.85,0,0,0,3.935,0.274,1.07819,5240,1917,0,-,2
00:21:00.558,snap,default,com.deepseek.chat,discharging,1,37,41.4,100,95,1,8.7,0,0,0,3.937,0.25,0.98425,5240,1917,0,-,2
00:21:01.558,snap,default,com.deepseek.chat,discharging,1,37,41.4,100,95,1,8.7,0,0,0,3.935,0.274,1.07819,4111,1560,0,-,2
00:21:02.558,snap,default,com.deepseek.chat,discharging,1,37,41.4,100,95,1,8.75,0,0,13,3.934,0.256,1.007104,4111,1560,0,-,2
00:21:03.558,snap,default,com.deepseek.chat,discharging,1,37,41.8,100,95,1,8.75,0,0,0,3.932,0.33,1.29756,4217,1445,0,-,2
00:21:04.559,snap,default,com.deepseek.chat,discharging,1,37,41.8,100,95,1,8.8,0,0,0,3.934,0.296,1.164464,4217,1445,0,-,2
00:21:05.559,snap,default,com.deepseek.chat,discharging,1,37,41.8,100,95,1,8.8,0,0,0,3.929,0.346,1.3594339,6495,2465,0,-,2
00:21:06.560,snap,default,com.deepseek.chat,discharging,1,37,41.4,100,95,1,9.56,0,0,0,3.933,0.274,1.077642,6495,2465,0,-,2
00:21:07.560,snap,default,com.deepseek.chat,discharging,1,37,41.4,100,95,1,9.56,0,0,0,3.934,0.26,1.02284,4644,1686,0,-,2
00:21:08.561,snap,default,com.deepseek.chat,discharging,1,37,41.4,100,95,1,9.45,0,0,0,3.928,0.29,1.13912,4644,1686,0,-,2
00:21:09.561,snap,default,com.deepseek.chat,discharging,1,37,41.4,100,95,1,9.45,0,0,0,3.891,0.602,2.342382,11337,4467,0,-,2
00:21:10.561,snap,default,com.deepseek.chat,discharging,1,37,42.6,100,95,1,10.28,0,0,0,3.918,0.47,1.84146,11337,4467,0,-,2
00:21:11.562,snap,default,com.deepseek.chat,discharging,1,37,42.6,100,95,1,10.28,0,0,0,3.918,0.47,1.84146,9450,4113,0,-,2
00:21:12.562,snap,default,com.deepseek.chat,discharging,1,37,42.2,100,95,1,10.28,0,0,0,3.923,0.314,1.231822,9450,4113,0,-,2
00:21:13.564,snap,default,com.deepseek.chat,discharging,1,37,41.8,100,95,1,9.86,0,0,0,3.933,0.276,1.085508,4917,1768,0,-,2
00:21:14.564,snap,default,com.deepseek.chat,discharging,1,37,41.8,100,95,1,9.86,0,0,0,3.931,0.252,0.99061203,4917,1768,0,-,2
00:21:15.565,snap,default,com.deepseek.chat,discharging,1,37,41.4,100,95,1,9.34,0,0,0,3.928,0.304,1.194112,5337,1878,0,-,2
00:21:16.565,snap,default,com.deepseek.chat,discharging,1,37,41.8,100,95,1,9.34,0,0,0,3.933,0.238,0.93605405,5337,1878,0,-,2
00:21:17.565,snap,default,com.deepseek.chat,discharging,1,37,41.8,100,95,1,9.1,0,0,0,3.922,0.404,1.584488,5337,1878,0,-,2
00:21:18.566,snap,default,com.deepseek.chat,discharging,1,37,44.8,100,95,1,9.1,0,0,0,3.835,1.274,4.8857903,21072,7054,0,-,2
00:21:19.566,snap,default,com.deepseek.chat,discharging,1,37,44.9,100,95,1,12.16,0,0,0,3.924,0.288,1.1301119,21072,7054,0,-,2
00:21:20.566,snap,default,com.deepseek.chat,discharging,1,37,43,100,95,1,12.16,0,0,0,3.936,0.24,0.94464,4548,1563,0,-,2
00:21:21.566,snap,default,com.deepseek.chat,discharging,1,37,43,100,95,1,11.41,0,0,0,3.935,0.272,1.07032,4548,1563,0,-,2
00:21:22.567,snap,default,com.deepseek.chat,discharging,1,37,44.2,100,95,1,11.41,0,0,0,3.906,0.616,2.406096,9716,3341,0,-,2
00:21:23.567,snap,default,com.deepseek.chat,discharging,1,37,44.6,100,95,1,16.4,0.36,1.26,0,3.915,0.578,2.26287,9716,3341,0,-,2
00:21:24.567,snap,default,com.deepseek.chat,discharging,1,37,45.3,100,95,1,25.03,1.2,1.76,0,3.898,0.668,2.603864,12023,3544,0,-,2
00:21:25.568,snap,default,com.deepseek.chat,discharging,1,37,45.3,100,95,1,25.03,1.2,1.76,0,3.901,0.754,2.941354,12023,3544,0,-,2
00:21:26.568,snap,default,com.deepseek.chat,discharging,1,37,44.2,100,95,1,31.72,1.52,1.62,0,3.909,0.506,1.9779539,13095,3380,0,-,2
00:21:27.568,snap,default,com.deepseek.chat,discharging,1,37,44.2,100,95,1,31.72,1.52,1.62,0,3.922,0.496,1.9453119,13095,3380,0,-,2
00:21:28.569,snap,default,com.deepseek.chat,discharging,1,37,44.2,100,95,1,36.66,1.43,1.33,0,3.921,0.442,1.733082,11595,2797,0,-,2
00:21:29.569,snap,default,com.deepseek.chat,discharging,1,37,44.6,100,95,1,36.66,1.43,1.33,0,3.9,0.706,2.7533998,11595,2797,0,-,2
00:21:30.569,snap,default,com.deepseek.chat,discharging,1,37,45.7,100,95,1,39.98,1.35,1.08,0,3.912,0.53,2.07336,11226,2793,0,-,2
00:21:31.569,snap,default,com.deepseek.chat,discharging,1,37,45.7,100,95,1,39.98,1.35,1.08,0,3.907,0.576,2.250432,11226,2793,0,-,2
00:21:32.569,snap,default,com.deepseek.chat,discharging,1,37,45.7,100,95,1,35.64,1.28,0.89,0,3.913,0.428,1.674764,9666,2904,0,-,2
00:21:33.570,snap,default,com.deepseek.chat,discharging,1,37,44.9,100,95,1,35.64,1.28,0.89,0,3.907,0.592,2.3129442,9666,2904,0,-,2
00:21:34.570,snap,default,com.deepseek.chat,discharging,1,37,44.9,100,95,1,30.81,1.96,1.09,0,3.908,0.618,2.415144,10196,3170,0,-,2
00:21:35.578,snap,default,com.deepseek.chat,discharging,1,37,44.9,100,95,1,30.81,1.96,1.09,0,3.911,0.658,2.573438,10196,3170,0,-,2
00:21:36.578,snap,default,com.deepseek.chat,discharging,1,37,44.9,100,95,1,26.68,2.51,1.43,0,3.904,0.63,2.45952,9532,2951,0,-,2
00:21:37.579,snap,default,com.deepseek.chat,discharging,1,37,44.9,100,95,1,26.68,2.51,1.43,0,3.904,0.656,2.5610242,9532,2951,0,-,2
00:21:38.579,snap,default,com.deepseek.chat,discharging,1,37,44.9,100,95,1,23.47,2.96,1.72,0,3.905,0.658,2.56949,9771,2822,0,-,2
00:21:39.579,snap,default,com.deepseek.chat,discharging,1,37,46.1,100,95,1,23.47,2.96,1.72,0,3.892,0.824,3.207008,9771,2822,0,-,2
00:21:40.580,snap,default,com.deepseek.chat,discharging,1,37,47.3,100,95,1,25.2,3.33,1.77,0,3.887,0.834,3.241758,16205,4643,0,-,2
00:21:41.580,snap,default,com.deepseek.chat,discharging,1,37,47.7,100,95,1,25.2,3.33,1.77,0,3.887,0.834,3.241758,16205,4643,0,-,2
00:21:42.581,snap,default,com.deepseek.chat,discharging,1,37,47.7,100,95,1,25.2,3.33,1.77,0,3.891,0.822,3.1984022,16503,2940,0,-,2
00:21:43.581,snap,default,com.deepseek.chat,discharging,1,37,47.7,100,95,1,33.68,3.45,2.35,0,3.891,0.76,2.95716,16503,2940,0,-,2
00:21:44.582,snap,default,com.deepseek.chat,discharging,1,37,48.1,100,95,1,33.68,3.45,2.35,0,3.899,0.658,2.565542,16503,2940,0,-,2
00:21:45.582,snap,default,com.deepseek.chat,discharging,1,37,48.1,100,95,1,40.98,3,2.11,0,3.898,0.712,2.775376,12515,2454,0,-,2
00:21:46.582,snap,default,com.deepseek.chat,discharging,1,37,48.1,100,95,1,40.98,3,2.11,0,3.89,0.764,2.97196,12515,2454,0,-,2
00:21:47.583,snap,default,com.deepseek.chat,discharging,1,37,49.3,100,95,1,46.24,2.82,2.09,0,3.87,0.898,3.47526,17234,4110,0,-,2
00:21:48.583,snap,default,com.deepseek.chat,discharging,1,37,49.3,100,95,1,46.24,2.82,2.09,0,3.898,0.734,2.8611321,17234,4110,0,-,2
00:21:49.584,snap,default,com.deepseek.chat,discharging,1,37,49.3,100,95,1,49.82,2.85,2.07,0,3.889,0.802,3.1189778,15818,2910,0,-,2
00:21:50.584,snap,default,com.deepseek.chat,discharging,1,37,48.9,100,95,1,49.82,2.85,2.07,0,3.892,0.79,3.07468,15818,2910,0,-,2
00:21:51.584,snap,default,com.deepseek.chat,discharging,1,37,48.9,100,95,1,52.75,2.88,2.06,0,3.895,0.786,3.06147,12695,3299,0,-,2
00:21:52.585,snap,default,com.deepseek.chat,discharging,1,37,48.9,100,95,1,52.75,2.88,2.06,0,3.9,0.652,2.5428002,12695,3299,0,-,2
00:21:53.585,snap,default,com.deepseek.chat,discharging,1,37,48.9,100,95,1,50.08,2.54,1.68,0,3.889,0.808,3.142312,13774,3338,0,-,2
00:21:54.585,snap,default,com.deepseek.chat,discharging,1,37,48.9,100,95,1,50.08,2.54,1.68,0,3.9,0.674,2.6286001,13774,3338,0,-,2
00:21:55.586,snap,default,com.deepseek.chat,discharging,1,36.9,48.1,100,95,1,53.14,2.26,1.38,0,3.906,0.614,2.398284,8064,2259,0,-,2
00:21:56.586,snap,default,com.deepseek.chat,discharging,1,36.9,46.5,100,95,1,53.14,2.26,1.38,0,3.908,0.506,1.977448,8064,2259,0,-,2
00:21:57.587,snap,default,com.deepseek.chat,discharging,1,36.9,46.1,100,95,1,45.32,1.85,1.13,0,3.909,0.536,2.095224,7289,2048,0,-,2
00:21:58.587,snap,default,com.deepseek.chat,discharging,1,36.9,45.3,100,95,1,45.32,1.85,1.13,0,3.91,0.482,1.8846201,7289,2048,0,-,2
00:21:59.587,snap,default,com.deepseek.chat,discharging,1,36.9,45.3,100,95,1,38.2,1.51,1.1,0,3.897,0.598,2.330406,7696,2100,0,-,2
00:22:00.587,snap,default,com.deepseek.chat,discharging,1,36.9,47.7,100,95,1,33.45,1.6,1.08,0,3.894,0.782,3.045108,7696,2100,0,-,2
00:22:01.588,snap,default,com.deepseek.chat,discharging,1,36.9,48.1,100,95,1,33.45,1.6,1.08,0,3.859,0.926,3.5734339,22674,6233,0,-,2
00:22:02.588,snap,default,com.deepseek.chat,discharging,1,36.9,48.1,100,95,1,29.75,1.49,1.61,0,3.891,0.734,2.8559942,22674,6233,0,-,2
00:22:03.588,snap,default,com.deepseek.chat,discharging,1,36.9,49.3,100,95,1,29.75,1.49,1.61,0,3.855,1.06,4.0863,21122,6887,0,-,2
00:22:04.589,snap,default,com.deepseek.chat,discharging,1,36.9,49.3,100,95,1,28.89,1.76,2.59,0,3.871,1.274,4.9316545,21122,6887,0,-,2
00:22:05.588,snap,default,com.deepseek.chat,discharging,1,36.9,49.3,100,95,1,28.89,1.76,2.59,0,3.879,0.78,3.0256197,21819,7337,0,-,2
00:22:06.589,snap,default,com.deepseek.chat,discharging,1,36.9,49.3,100,95,1,25.46,1.44,2.12,0,3.901,0.676,2.637076,21819,7337,0,-,2
00:22:07.590,snap,default,com.deepseek.chat,discharging,1,36.9,48.9,100,95,1,25.46,1.44,2.12,0,3.908,0.562,2.196296,8681,2484,0,-,2
00:22:08.590,snap,default,com.deepseek.chat,discharging,1,36.9,47.3,100,95,1,21.39,1.18,1.73,0,3.907,0.49,1.91443,8681,2484,0,-,2
00:22:09.590,snap,default,com.deepseek.chat,discharging,1,36.9,47.3,100,95,1,21.39,1.18,1.73,0,3.907,0.556,2.172292,8681,2484,0,-,2
00:22:10.590,snap,default,com.deepseek.chat,discharging,1,36.9,46.9,100,95,1,19.15,1.15,1.42,0,3.892,0.666,2.592072,10989,2919,0,-,2
00:22:11.591,snap,default,com.deepseek.chat,discharging,1,36.9,46.9,100,95,1,19.15,1.15,1.42,0,3.924,0.306,1.200744,10989,2919,0,-,2
00:22:12.590,snap,default,com.deepseek.chat,discharging,1,36.9,45.7,100,95,1,17.67,0.94,1.16,0,3.924,0.304,1.192896,9972,3329,0,-,2
00:22:13.593,snap,default,com.deepseek.chat,discharging,1,36.9,45.7,100,95,1,17.67,0.94,1.16,0,3.913,0.466,1.823458,9972,3329,0,-,2
00:22:14.592,snap,default,com.deepseek.chat,discharging,1,36.9,44.9,100,95,1,16.64,0.77,0.95,0,3.913,0.466,1.823458,9319,3634,0,-,2
00:22:15.593,snap,default,com.deepseek.chat,discharging,1,36.9,44.9,100,95,1,16.64,0.77,0.95,0,3.926,0.304,1.193504,9319,3634,0,-,2
00:22:16.593,snap,default,com.deepseek.chat,discharging,1,36.9,44.9,100,95,1,16.64,0.77,0.95,0,3.924,0.302,1.185048,6592,2475,0,-,2
00:22:17.594,snap,default,com.deepseek.chat,discharging,1,36.9,44.2,100,95,1,15.62,0.63,0.78,0,3.916,0.336,1.315776,6592,2475,0,-,2
00:22:18.594,snap,default,com.deepseek.chat,discharging,1,36.9,44.2,100,95,1,15.62,0.63,0.78,0,3.914,0.384,1.5029761,7850,2493,0,-,2
00:22:19.595,snap,default,com.deepseek.chat,discharging,1,36.9,43.8,100,95,1,14.42,0.51,0.63,0,3.92,0.312,1.2230401,7850,2493,0,-,2
00:22:20.595,snap,default,com.deepseek.chat,discharging,1,36.9,43.4,100,95,1,14.42,0.51,0.63,0,3.923,0.352,1.380896,5822,2086,0,-,2
00:22:21.595,snap,default,com.deepseek.chat,discharging,1,36.9,43.4,100,95,1,13.8,0.42,0.52,0,3.921,0.346,1.356666,5822,2086,0,-,2
00:22:22.595,snap,default,com.deepseek.chat,discharging,1,36.9,43.4,100,95,1,13.8,0.42,0.52,0,3.92,0.318,1.24656,5495,1870,0,-,2
00:22:23.596,snap,default,com.deepseek.chat,discharging,1,36.9,43.4,100,95,1,13.11,0.34,0.42,0,3.915,0.352,1.37808,5495,1870,0,-,2
00:22:24.596,snap,default,com.deepseek.chat,discharging,1,36.9,44.2,100,95,1,13.11,0.34,0.42,0,3.918,0.378,1.481004,8940,2628,0,-,2
00:22:25.597,snap,default,com.deepseek.chat,discharging,1,36.9,44.2,100,95,1,12.36,0.28,0.35,0,3.906,0.47,1.83582,8940,2628,0,-,2
00:22:26.597,snap,default,com.deepseek.chat,discharging,1,36.9,43.8,100,95,1,12.36,0.28,0.35,0,3.922,0.336,1.3177919,6562,2396,0,-,2
00:22:27.597,snap,default,com.deepseek.chat,discharging,1,36.9,43.4,100,95,1,11.75,0.23,0.28,0,3.916,0.382,1.495912,6562,2396,0,-,2
00:22:28.597,snap,default,com.deepseek.chat,discharging,1,36.9,43,100,95,1,11.75,0.23,0.28,0,3.928,0.298,1.170544,4778,1531,0,-,2
00:22:29.598,snap,default,com.deepseek.chat,discharging,1,36.9,43,100,95,1,11.07,0.18,0.23,0,3.911,0.396,1.548756,4778,1531,0,-,2
00:22:30.598,snap,default,com.deepseek.chat,discharging,1,36.9,44.2,100,95,1,10.88,0.15,0.19,0,3.925,0.402,1.57785,9571,4769,0,-,2
00:22:31.598,snap,default,com.deepseek.chat,discharging,1,36.9,44.2,100,95,1,10.88,0.15,0.19,8,3.922,0.478,1.8747159,9571,4769,0,-,2
00:22:32.600,snap,default,com.deepseek.chat,discharging,1,36.9,44.2,100,95,1,11.62,0.12,0.15,0,3.894,0.452,1.760088,8003,2853,0,-,2
00:22:33.609,snap,default,com.deepseek.chat,discharging,1,36.9,44.2,100,95,1,11.62,0.12,0.15,0,3.924,0.37,1.45188,8003,2853,0,-,2
00:22:34.603,snap,default,com.deepseek.chat,discharging,1,36.9,45.7,100,95,1,12.42,0.46,0.12,12,3.893,0.86,3.34798,18144,8295,0,-,2
00:22:35.604,snap,default,com.deepseek.chat,discharging,1,36.9,46.1,100,95,1,12.42,0.46,0.12,19,3.898,0.688,2.6818242,18144,8295,0,-,2
00:22:36.603,snap,default,com.deepseek.chat,discharging,1,36.9,46.5,100,95,1,12.7,0.38,0.1,23,3.892,0.748,2.911216,18144,8295,0,-,2
00:22:37.604,snap,default,com.deepseek.chat,discharging,1,36.9,47.3,100,95,1,12.7,0.38,0.1,21,3.896,0.748,2.914208,20492,11751,0,-,2
00:22:38.604,snap,default,com.deepseek.chat,discharging,1,36.9,47.3,100,95,1,12.76,0.31,0.08,22,3.894,0.738,2.873772,20492,11751,0,-,2
00:22:39.604,snap,default,com.deepseek.chat,discharging,1,36.9,47.3,100,95,1,12.76,0.31,0.08,21,3.898,0.726,2.829948,20759,10753,0,-,2
00:22:40.604,snap,default,com.deepseek.chat,discharging,1,36.9,47.3,100,95,1,12.8,0.25,0.06,17,3.901,0.72,2.80872,20759,10753,0,-,2
00:22:41.604,snap,default,com.deepseek.chat,discharging,1,36.9,48.1,100,95,1,12.8,0.25,0.06,20,3.894,0.764,2.975016,20085,10948,0,-,2
00:22:42.605,snap,default,com.deepseek.chat,discharging,1,36.9,48.9,100,95,1,13.56,0.39,0.05,19,3.873,0.932,3.6096358,20085,10948,0,-,2
00:22:43.606,snap,default,com.deepseek.chat,discharging,1,36.9,48.9,100,95,1,13.56,0.39,0.05,20,3.873,0.932,3.6096358,20194,12575,0,-,2
00:22:44.606,snap,default,com.deepseek.chat,discharging,1,36.9,49.3,100,95,1,13.56,0.39,0.05,20,3.884,0.832,3.2314882,20194,12575,0,-,2
00:22:45.606,snap,default,com.deepseek.chat,discharging,1,36.9,49.7,100,95,1,13.64,0.31,0.04,18,3.879,0.78,3.0256197,18310,11256,0,-,2
00:22:46.606,snap,default,com.deepseek.chat,discharging,1,36.9,49.7,100,95,1,13.64,0.31,0.04,16,3.88,0.882,3.4221601,18310,11256,0,-,2
00:22:47.607,snap,default,com.deepseek.chat,discharging,1,36.9,46.9,100,95,1,13.88,0.26,0.03,0,3.899,0.63,2.4563699,12665,7061,0,-,2
00:22:48.609,snap,default,com.deepseek.chat,discharging,1,36.9,44.9,100,95,1,13.88,0.26,0.03,0,3.925,0.264,1.0361999,12665,7061,0,-,2
00:22:49.608,snap,default,com.deepseek.chat,discharging,1,36.9,44.6,100,95,1,13,0.21,0.03,0,3.926,0.266,1.044316,4335,1491,0,-,2
00:22:50.608,snap,default,com.deepseek.chat,discharging,1,37,44.6,100,95,1,13,0.21,0.03,16,3.928,0.264,1.036992,4335,1491,0,-,2
00:22:51.609,snap,default,com.deepseek.chat,discharging,1,37,44.6,100,95,1,11.91,0.17,0.02,16,3.902,0.482,1.880764,7874,3961,0,-,2
00:22:52.610,snap,default,com.deepseek.chat,discharging,1,37,44.6,100,95,1,11.91,0.17,0.02,16,3.924,0.408,1.600992,7874,3961,0,-,2
00:22:53.610,snap,default,com.deepseek.chat,discharging,1,37,43.4,100,95,1,11.74,0.14,0.02,0,3.926,0.27,1.0600201,5467,2196,0,-,2
00:22:54.610,snap,default,com.deepseek.chat,discharging,1,37,43,100,95,1,11.74,0.14,0.02,0,3.926,0.302,1.185652,5467,2196,0,-,2
00:22:55.611,snap,default,com.deepseek.chat,discharging,1,37,43,100,95,1,11.06,0.11,0.01,0,3.923,0.304,1.192592,4367,1523,0,-,2
00:22:56.612,snap,default,com.deepseek.chat,discharging,1,37,43,100,95,1,11.06,0.11,0.01,0,3.924,0.264,1.035936,4367,1523,0,-,2
00:22:57.612,snap,default,com.deepseek.chat,discharging,1,37,42.6,100,95,1,10.51,0.09,0.01,0,3.926,0.272,1.067872,4717,1852,0,-,2
00:22:58.612,snap,default,com.deepseek.chat,discharging,1,37,43,100,95,1,10.51,0.09,0.01,15,3.902,0.49,1.91198,4717,1852,0,-,2
00:22:59.612,snap,default,com.deepseek.chat,discharging,1,37,46,100,95,1,11.14,0.07,0.01,21,3.896,0.76,2.96096,21095,13403,0,-,2
00:23:00.612,snap,default,com.deepseek.chat,discharging,1,37,46.9,100,95,1,11.14,0.07,0.01,23,3.891,0.82,3.19062,21095,13403,0,-,2
00:23:01.617,snap,default,com.deepseek.chat,discharging,1,37,49.9,100,95,1,12.2,0.06,0,21,3.887,0.98,3.8092601,26638,12818,0,-,2
00:23:02.617,snap,default,com.deepseek.chat,discharging,1,37,52.9,100,95,1,17.06,0.23,0.91,19,3.843,1.424,5.472432,26638,12818,0,-,2
00:23:03.619,snap,default,com.deepseek.chat,discharging,1,37,53.6,100,95,1,17.06,0.23,0.91,19,3.867,1.128,4.361976,26638,12818,0,-,2
00:23:04.619,snap,default,com.deepseek.chat,discharging,1,37,53.2,100,95,1,16.68,0.19,0.74,0,3.913,0.674,2.6373622,26147,13860,0,-,2
00:23:05.619,snap,default,com.deepseek.chat,discharging,1,37,50.9,100,95,1,16.68,0.19,0.74,17,3.909,0.636,2.4861238,26147,13860,0,-,2
00:23:06.619,snap,default,com.deepseek.chat,discharging,1,37,48.5,100,95,1,15.83,0.15,0.61,17,3.907,0.716,2.7974122,11605,6470,0,-,2
00:23:07.620,snap,default,com.deepseek.chat,discharging,1,37,46.9,100,95,1,15.83,0.15,0.61,0,3.928,0.262,1.029136,11605,6470,0,-,2
00:23:08.620,snap,default,com.deepseek.chat,discharging,1,37,45.3,100,95,1,14.78,0.12,0.5,16,3.917,0.322,1.261274,6941,3407,0,-,2
00:23:09.620,snap,default,com.deepseek.chat,discharging,1,37,45.3,100,95,1,14.78,0.12,0.5,0,3.927,0.31,1.21737,6941,3407,0,-,2
00:23:10.621,snap,default,com.deepseek.chat,discharging,1,37,45.7,100,95,1,15.18,0.1,0.41,0,3.904,0.586,2.287744,10985,5857,0,-,2
00:23:11.621,snap,default,com.deepseek.chat,discharging,1,37,45.7,100,95,1,15.18,0.1,0.41,0,3.921,0.332,1.301772,10985,5857,0,-,2
00:23:12.622,snap,default,com.deepseek.chat,discharging,1,37,45.3,100,95,1,14.24,0.08,0.33,20,3.921,0.332,1.301772,7441,3079,0,-,2
00:23:13.623,snap,default,com.deepseek.chat,discharging,1,37,44.6,100,95,1,14.24,0.08,0.33,20,3.918,0.428,1.676904,7441,3079,0,-,2
00:23:14.624,snap,default,com.deepseek.chat,discharging,1,37,43.4,100,95,1,14.24,0.08,0.33,0,3.926,0.286,1.1228361,5420,1704,0,-,2
00:23:15.625,snap,default,com.deepseek.chat,discharging,1,37,43.4,100,95,1,13.11,0.06,0.27,0,3.923,0.284,1.114132,5420,1704,0,-,2
00:23:16.625,snap,default,com.deepseek.chat,discharging,1,37,43.4,100,95,1,13.11,0.06,0.27,0,3.924,0.282,1.106568,5691,2297,0,-,2
00:23:17.625,snap,default,com.deepseek.chat,discharging,1,37,43,100,95,1,12.36,0.05,0.22,0,3.924,0.282,1.106568,5691,2297,0,-,2
00:23:18.625,snap,default,com.deepseek.chat,discharging,1,37,43.8,100,95,1,12.36,0.05,0.22,0,3.926,0.276,1.083576,5514,1811,0,-,2
00:23:19.626,snap,default,com.deepseek.chat,discharging,1,37,42.6,100,95,1,11.93,0.04,0.18,0,3.916,0.364,1.425424,5514,1811,0,-,2
00:23:20.626,snap,default,com.deepseek.chat,discharging,1,37,42.6,100,95,1,11.93,0.04,0.18,0,3.925,0.254,0.99695003,4967,1754,0,-,2
00:23:21.627,snap,default,com.deepseek.chat,discharging,1,37,42.6,100,95,1,11.22,0.03,0.14,0,3.924,0.272,1.0673281,4967,1754,0,-,2
00:23:22.627,snap,default,com.deepseek.chat,discharging,1,37,42.6,100,95,1,11.22,0.03,0.14,0,3.928,0.302,1.1862559,5471,1967,0,-,2
00:23:23.627,snap,default,com.deepseek.chat,discharging,1,37,42.2,100,95,1,10.82,0.03,0.12,0,3.924,0.352,1.381248,5471,1967,0,-,2
00:23:24.627,snap,default,com.deepseek.chat,discharging,1,37,42.2,100,95,1,10.82,0.03,0.12,0,3.928,0.24,0.94272,6582,2321,0,-,2
00:23:25.628,snap,default,com.deepseek.chat,discharging,1,37,42.2,100,95,1,10.49,0.02,0.1,0,3.919,0.332,1.3011079,6582,2321,0,-,2
00:23:26.628,snap,default,com.deepseek.chat,discharging,1,37,42.6,100,95,1,10.49,0.02,0.1,0,3.928,0.248,0.974144,4923,1910,0,-,2
00:23:27.629,snap,default,com.deepseek.chat,discharging,1,37,42.6,100,95,1,10.22,0.02,0.08,0,3.924,0.29,1.13796,4923,1910,0,-,2
00:23:28.629,snap,default,com.deepseek.chat,discharging,1,37,42.6,100,95,1,10.22,0.02,0.08,0,3.921,0.294,1.152774,4923,1910,0,-,2
00:23:29.629,snap,default,com.deepseek.chat,discharging,1,37,42.2,100,95,1,10.18,0.01,0.06,0,3.921,0.296,1.160616,6695,2408,0,-,2
00:23:30.630,snap,default,com.deepseek.chat,discharging,1,37,42.6,100,95,1,10.18,0.01,0.06,0,3.925,0.276,1.0833,6695,2408,0,-,2
00:23:31.630,snap,default,com.deepseek.chat,discharging,1,37,42.2,100,95,1,9.78,0.01,0.05,0,3.919,0.324,1.269756,4851,1765,0,-,2
00:23:32.632,snap,default,com.deepseek.chat,discharging,1,37,42.2,100,95,1,9.64,0.01,0.04,0,3.929,0.244,0.958676,4851,1765,0,-,2
00:23:33.631,snap,default,com.deepseek.chat,discharging,1,37,42.2,100,95,1,9.64,0.01,0.04,0,3.918,0.366,1.433988,5482,1971,0,-,2
00:23:34.632,snap,default,com.deepseek.chat,discharging,1,37,42.2,100,95,1,10.06,0,0.03,0,3.927,0.256,1.0053121,5482,1971,0,-,2
00:23:35.632,snap,default,com.deepseek.chat,discharging,1,37,42.2,100,95,1,10.06,0,0.03,0,3.927,0.28,1.09956,5574,1653,0,-,2
00:23:36.633,snap,default,com.deepseek.chat,discharging,1,37,42.2,100,95,1,9.87,0,0.02,0,3.926,0.276,1.083576,5574,1653,0,-,2
00:23:37.633,snap,default,com.deepseek.chat,discharging,1,37,42.2,100,95,1,9.87,0,0.02,0,3.922,0.334,1.309948,5500,1841,0,-,2
00:23:38.633,snap,default,com.deepseek.chat,discharging,1,37,42.2,100,95,1,9.53,0,0.02,0,3.914,0.334,1.307276,5500,1841,0,-,2
00:23:39.633,snap,default,com.deepseek.chat,discharging,1,37,42.2,100,95,1,9.53,0,0.02,0,3.919,0.45,1.7635499,7240,2732,0,-,2
00:23:40.633,snap,default,com.deepseek.chat,discharging,1,37,42.2,100,95,1,9.98,0.18,0.01,0,3.919,0.45,1.7635499,7240,2732,0,-,2
00:23:41.635,snap,default,com.deepseek.chat,discharging,1,37,42.2,100,95,1,9.98,0.18,0.01,0,3.92,0.324,1.27008,6977,2784,0,-,2
00:23:42.636,snap,default,com.deepseek.chat,discharging,1,37,42.2,100,95,1,9.98,0.18,0.01,0,3.923,0.312,1.223976,6977,2784,0,-,2
00:23:43.637,snap,default,com.deepseek.chat,discharging,1,37,41.8,100,95,1,9.62,0.15,0.01,0,3.924,0.268,1.051632,4551,1574,0,-,2
00:23:44.638,snap,default,com.deepseek.chat,discharging,1,37,41.8,100,95,1,9.62,0.15,0.01,0,3.929,0.28,1.10012,4551,1574,0,-,2
00:23:45.638,snap,default,com.deepseek.chat,discharging,1,37,41.8,100,95,1,9.32,0.12,0.01,0,3.925,0.286,1.12255,4179,1394,0,-,2
00:23:46.638,snap,default,com.deepseek.chat,discharging,1,37,41.8,100,95,1,9.32,0.12,0.01,0,3.925,0.284,1.1147001,4179,1394,0,-,2
00:23:47.639,snap,default,com.deepseek.chat,discharging,1,37,41.8,100,95,1,10.17,0.1,0,0,3.924,0.324,1.271376,6312,2067,0,-,2
00:23:48.639,snap,default,com.deepseek.chat,discharging,1,37,41.8,100,95,1,10.17,0.1,0,0,3.929,0.26,1.0215399,6312,2067,0,-,2
00:23:49.640,snap,default,com.deepseek.chat,discharging,1,37,41.8,100,95,1,9.96,0.08,0,0,3.918,0.366,1.433988,5487,2066,0,-,2
00:23:50.640,snap,default,com.deepseek.chat,discharging,1,37,41.8,100,95,1,9.96,0.08,0,0,3.93,0.242,0.95106,5487,2066,0,-,2
00:23:51.640,snap,default,com.deepseek.chat,discharging,1,37,41.8,100,95,1,9.6,0.06,0,0,3.926,0.308,1.209208,6182,2143,0,-,2
00:23:52.641,snap,default,com.deepseek.chat,discharging,1,37,41.8,100,95,1,9.6,0.06,0,0,3.926,0.316,1.2406161,6182,2143,0,-,2
00:23:53.641,snap,default,com.deepseek.chat,discharging,1,37,41.8,100,95,1,9.67,0.05,0,0,3.923,0.318,1.247514,5982,2232,0,-,2
00:23:54.642,snap,default,com.deepseek.chat,discharging,1,37,41.8,100,95,1,9.67,0.05,0,0,3.929,0.24,0.94295996,5982,2232,0,-,2
00:23:55.642,snap,default,com.deepseek.chat,discharging,1,37,41.4,100,95,1,9.73,0.04,0,0,3.918,0.366,1.433988,5982,2232,0,-,2
00:23:56.643,snap,default,com.deepseek.chat,discharging,1,37,42.6,100,95,1,9.73,0.04,0,0,3.925,0.264,1.0361999,4750,1565,0,-,2
00:23:57.644,snap,default,com.deepseek.chat,discharging,1,37,41.4,100,95,1,9.42,0.03,0,0,3.926,0.286,1.1228361,4750,1565,0,-,2
00:23:58.644,snap,default,com.deepseek.chat,discharging,1,37,41.8,100,95,1,9.42,0.03,0,0,3.929,0.234,0.91938597,5604,2131,0,-,2
00:23:59.645,snap,default,com.deepseek.chat,discharging,1,36.9,41.4,100,95,1,9.34,0.02,0,0,3.926,0.27,1.0600201,5604,2131,0,-,2
00:24:00.644,snap,default,com.deepseek.chat,discharging,1,36.9,41.8,100,95,1,9.64,0.02,0,0,3.92,0.278,1.0897601,3880,1359,0,-,2
00:24:01.645,snap,default,com.deepseek.chat,discharging,1,36.9,42.6,100,95,1,9.64,0.02,0,0,3.9,0.588,2.2932,3880,1359,0,-,2
00:24:02.646,snap,default,com.deepseek.chat,discharging,1,36.9,42.6,100,95,1,10.07,0.01,0,0,3.922,0.334,1.309948,11449,5552,0,-,2
00:24:03.647,snap,default,com.deepseek.chat,discharging,1,36.9,42.2,100,95,1,10.07,0.01,0,0,3.92,0.346,1.35632,11449,5552,0,-,2
00:24:04.647,snap,default,com.deepseek.chat,discharging,1,36.9,41.8,100,95,1,9.69,0.01,0,0,3.926,0.282,1.1071321,4793,1848,0,-,2
00:24:05.648,snap,default,com.deepseek.chat,discharging,1,36.9,41.8,100,95,1,9.69,0.01,0,0,3.931,0.25,0.98275,4793,1848,0,-,2
00:24:06.648,snap,default,com.deepseek.chat,discharging,1,36.9,41.4,100,95,1,9.75,0.01,0,0,3.924,0.296,1.161504,4380,1540,0,-,2
00:24:07.649,snap,default,com.deepseek.chat,discharging,1,36.9,41,100,95,1,9.75,0.01,0,0,3.924,0.296,1.161504,4380,1540,0,-,2
00:24:08.649,snap,default,com.deepseek.chat,discharging,1,36.9,41.4,100,95,1,9.75,0.01,0,0,3.926,0.272,1.067872,4073,1460,0,-,2
00:24:09.650,snap,default,com.deepseek.chat,discharging,1,36.9,41.4,100,95,1,9.43,0.01,0,0,3.926,0.252,0.98935205,4073,1460,0,-,2
00:24:10.651,snap,default,com.deepseek.chat,discharging,1,36.9,41.8,100,95,1,9.43,0.01,0,0,3.92,0.352,1.37984,6697,1932,0,-,2
00:24:11.651,snap,default,com.deepseek.chat,discharging,1,36.9,41.8,100,95,1,13.15,0,0,0,3.921,0.39,1.52919,6697,1932,0,-,2
00:24:12.651,snap,default,com.deepseek.chat,discharging,1,36.9,41.8,100,95,1,13.15,0,0,0,3.925,0.35,1.37375,6457,1756,0,-,2
00:24:13.653,snap,default,com.deepseek.chat,discharging,1,36.9,41.8,100,95,1,13.13,0,0,0,3.915,0.338,1.32327,6457,1756,0,-,2
00:24:14.653,snap,default,com.deepseek.chat,discharging,1,36.9,41.8,100,95,1,13.13,0,0,0,3.922,0.296,1.160912,6057,2280,0,-,2
00:24:15.653,snap,default,com.deepseek.chat,discharging,1,36.9,41.4,100,95,1,12.2,0,0,0,3.924,0.294,1.153656,6057,2280,0,-,2
00:24:16.654,snap,default,com.deepseek.chat,discharging,1,36.9,41.4,100,95,1,12.2,0,0,0,3.929,0.248,0.97439194,4144,1430,0,-,2
00:24:17.654,snap,default,com.deepseek.chat,discharging,1,36.9,41,100,95,1,11.43,0,0,0,3.925,0.244,0.9577,4144,1430,0,-,2
00:24:18.655,snap,default,com.deepseek.chat,discharging,1,36.9,41,100,95,1,11.43,0,0,0,3.925,0.248,0.9734,3918,1199,0,-,2
00:24:19.655,snap,default,com.deepseek.chat,discharging,1,36.9,41,100,95,1,10.99,0,0,0,3.925,0.278,1.0911499,3918,1199,0,-,2
00:24:20.655,snap,default,com.deepseek.chat,discharging,1,36.9,41,100,95,1,10.99,0,0,0,3.929,0.25,0.98225,4109,1421,0,-,2
00:24:21.656,snap,default,com.deepseek.chat,discharging,1,36.9,41.4,100,95,1,10.45,0,0,0,3.927,0.278,1.091706,4109,1421,0,-,2
00:24:22.656,snap,default,com.deepseek.chat,discharging,1,36.9,41.4,100,95,1,10.45,0,0,0,3.909,0.406,1.5870539,4109,1421,0,-,2
00:24:23.657,snap,default,com.deepseek.chat,discharging,1,36.9,41.8,100,95,1,12.72,0.54,1.44,0,3.925,0.344,1.3502,5470,1681,0,-,2
00:24:24.657,snap,default,com.deepseek.chat,discharging,1,36.9,41.8,100,95,1,12.72,0.54,1.44,0,3.928,0.268,1.052704,5470,1681,0,-,2
00:24:25.657,snap,default,com.deepseek.chat,discharging,1,36.9,41.8,100,95,1,11.14,0.44,1.18,0,3.927,0.3,1.1781001,4262,1343,0,-,2
00:24:26.657,snap,default,com.deepseek.chat,discharging,1,36.9,41.8,100,95,1,11.14,0.44,1.18,0,3.923,0.292,1.145516,4262,1343,0,-,2
00:24:27.658,snap,default,com.deepseek.chat,discharging,1,36.9,41.4,100,95,1,10.57,0.36,0.97,0,3.93,0.276,1.08468,4768,1771,0,-,2
00:24:28.658,snap,default,com.deepseek.chat,discharging,1,36.9,41.4,100,95,1,10.1,0.29,0.79,0,3.929,0.242,0.95081794,4768,1771,0,-,2
00:24:29.659,snap,default,com.deepseek.chat,discharging,1,36.9,41,100,95,1,10.1,0.29,0.79,0,3.929,0.272,1.068688,4160,1470,0,-,2
00:24:30.659,snap,default,com.deepseek.chat,discharging,1,36.9,41,100,95,1,9.72,0.24,0.65,0,3.932,0.226,0.88863194,4160,1470,0,-,2
00:24:31.660,snap,default,com.deepseek.chat,discharging,1,36.9,41,100,95,1,9.72,0.24,0.65,0,3.929,0.292,1.1472679,3957,1263,0,-,2
00:24:32.660,snap,default,com.deepseek.chat,discharging,1,36.9,41.8,100,95,1,9.59,0.2,0.53,0,3.924,0.338,1.3263121,3957,1263,0,-,2
00:24:33.661,snap,default,com.deepseek.chat,discharging,1,36.9,41.4,100,95,1,9.59,0.2,0.53,0,3.925,0.328,1.2874,5962,1875,0,-,2
00:24:34.660,snap,default,com.deepseek.chat,discharging,1,36.9,41.4,100,95,1,10.21,0.16,0.43,0,3.925,0.328,1.2874,5962,1875,0,-,2
00:24:35.661,snap,default,com.deepseek.chat,discharging,1,36.9,41.4,100,95,1,10.21,0.16,0.43,0,3.924,0.27,1.0594801,4714,1691,0,-,2
00:24:36.661,snap,default,com.deepseek.chat,discharging,1,36.9,41,100,95,1,10.21,0.16,0.43,0,3.925,0.274,1.07545,4714,1691,0,-,2
00:24:37.663,snap,default,com.deepseek.chat,discharging,1,36.9,41,100,95,1,9.81,0.13,0.35,0,3.924,0.26,1.02024,5096,1822,0,-,2
00:24:38.663,snap,default,com.deepseek.chat,discharging,1,36.9,41.4,100,95,1,9.81,0.13,0.35,0,3.924,0.28,1.09872,5096,1822,0,-,2
00:24:39.664,snap,default,com.deepseek.chat,discharging,1,36.9,41.4,100,95,1,9.66,0.1,0.29,5,3.922,0.298,1.168756,4946,1819,0,-,2
00:24:40.664,snap,default,com.deepseek.chat,discharging,1,36.9,41.4,100,95,1,9.66,0.1,0.29,0,3.93,0.252,0.99036,4946,1819,0,-,2
00:24:41.664,snap,default,com.deepseek.chat,discharging,1,36.9,41.4,100,95,1,9.72,0.08,0.23,0,3.921,0.344,1.348824,5939,1760,0,-,2
00:24:42.665,snap,default,com.deepseek.chat,discharging,1,36.9,42.2,100,95,1,9.72,0.08,0.23,0,3.927,0.328,1.288056,5939,1760,0,-,2
00:24:43.666,snap,default,com.deepseek.chat,discharging,1,36.9,42.2,100,95,1,8.86,0.07,0.19,0,3.92,0.372,1.45824,5529,1770,0,-,2
00:24:44.666,snap,default,com.deepseek.chat,discharging,1,36.9,42.2,100,95,1,8.86,0.07,0.19,0,3.923,0.328,1.2867441,5529,1770,0,-,2
00:24:45.668,snap,default,com.deepseek.chat,discharging,1,36.9,41.8,100,95,1,7.8,0.05,0.15,0,3.925,0.322,1.26385,5653,1910,0,-,2
00:24:46.668,snap,default,com.deepseek.chat,discharging,1,36.9,41.8,100,95,1,7.8,0.05,0.15,0,3.931,0.236,0.927716,5653,1910,0,-,2
00:24:47.668,snap,default,com.deepseek.chat,discharging,1,36.9,41,100,95,1,7.84,0.04,0.13,0,3.927,0.286,1.1231221,5653,1910,0,-,2
00:24:48.668,snap,default,com.deepseek.chat,discharging,1,36.9,41,100,95,1,7.84,0.04,0.13,0,3.927,0.246,0.96604204,4009,1357,0,-,2
00:24:49.669,snap,default,com.deepseek.chat,discharging,1,36.9,41.4,100,95,1,7.87,0.03,0.1,0,3.921,0.35,1.37235,4009,1357,0,-,2
00:24:50.669,snap,default,com.deepseek.chat,discharging,1,36.9,41.8,100,95,1,7.87,0.03,0.1,0,3.923,0.308,1.208284,4683,1607,0,-,2
00:24:51.670,snap,default,com.deepseek.chat,discharging,1,36.9,42.6,100,95,1,7.89,0.03,0.08,0,3.922,0.512,2.008064,4683,1607,0,-,2
00:24:52.670,snap,default,com.deepseek.chat,discharging,1,36.9,43,100,95,1,7.89,0.03,0.08,0,3.922,0.352,1.380544,5854,2423,0,-,2
00:24:53.670,snap,default,com.deepseek.chat,discharging,1,36.9,42.6,100,95,1,8.63,0.02,0.07,0,3.918,0.438,1.716084,5854,2423,0,-,2
00:24:54.671,snap,default,com.deepseek.chat,discharging,1,36.9,43,100,95,1,8.63,0.02,0.07,0,3.92,0.43,1.6856,11032,4915,0,-,2
00:24:55.672,snap,default,com.deepseek.chat,discharging,1,36.9,42.6,100,95,1,9.24,0.02,0.23,0,3.915,0.5,1.9575,11032,4915,0,-,2
00:24:56.673,snap,default,com.deepseek.chat,discharging,1,36.9,42.6,100,95,1,9.24,0.02,0.23,0,3.916,0.428,1.6760479,10779,5310,0,-,2
00:24:57.673,snap,default,com.deepseek.chat,discharging,1,36.9,42.6,100,95,1,9.92,0.01,0.19,0,3.909,0.544,2.126496,10779,5310,0,-,2
00:24:58.673,snap,default,com.deepseek.chat,discharging,1,36.9,42.6,100,95,1,10.48,0.01,0.16,0,3.905,0.504,1.96812,11291,4651,0,-,2
00:24:59.674,snap,default,com.deepseek.chat,discharging,1,36.9,43,100,95,1,10.48,0.01,0.16,0,3.908,0.516,2.016528,11291,4651,0,-,2
00:25:00.674,snap,default,com.deepseek.chat,discharging,1,36.9,43.4,100,95,1,10.21,0.01,0.13,0,3.901,0.516,2.0129158,10337,3908,0,-,2
00:25:02.497,snap,default,com.deepseek.chat,discharging,0,36.9,43.8,100,95,1,10.21,0.01,0.13,0,3.882,0.88,3.4161599,10337,3908,0,-,3
00:25:03.518,snap,default,com.deepseek.chat,discharging,1,36.9,45.3,100,95,1,15.79,0.91,0.65,5,3.872,1.302,5.041344,10337,3908,0,-,3
00:25:04.518,snap,default,com.deepseek.chat,discharging,1,36.9,45.3,100,95,1,15.79,0.91,0.65,5,3.913,0.474,1.8547621,9226,3375,0,-,3
00:25:05.520,snap,default,com.deepseek.chat,discharging,1,36.9,44.2,100,95,1,15.1,0.74,0.53,0,3.921,0.328,1.286088,9226,3375,0,-,4
00:25:06.520,snap,default,com.deepseek.chat,discharging,1,36.9,44.2,100,95,1,15.1,0.74,0.53,0,3.924,0.304,1.192896,4491,1510,0,-,4
00:25:07.521,snap,default,com.deepseek.chat,discharging,1,36.9,44.2,100,95,1,13.81,0.61,0.43,0,3.907,0.426,1.664382,4491,1510,0,-,3
00:25:08.521,snap,default,com.deepseek.chat,discharging,1,36.9,44.2,100,95,1,13.81,0.61,0.43,17,3.901,0.61,2.37961,10157,4167,0,-,1
00:25:09.521,snap,default,com.deepseek.chat,discharging,0,36.9,44.2,100,95,1,13.66,0.68,0.35,0,3.914,0.32,1.25248,10157,4167,0,-,1
00:25:11.390,snap,default,com.deepseek.chat,discharging,0,36.9,42.6,100,95,1,13.66,0.68,0.35,0,3.929,0.238,0.935102,10157,4167,0,-,1
00:25:13.843,snap,default,com.deepseek.chat,discharging,0,36.9,41.8,100,95,1,13.18,1.1,0.29,0,3.94,0.11,0.4334,8371,3508,0,-,1
00:25:15.994,snap,default,com.deepseek.chat,discharging,0,36.9,41.8,100,95,1,13.18,1.1,0.29,0,3.94,0.098,0.38612,8371,3508,0,-,1
00:25:17.450,snap,default,com.deepseek.chat,discharging,0,36.9,41.4,100,95,1,14.42,1.08,0.23,0,3.937,0.188,0.740156,15891,7369,0,-,1
00:25:18.451,snap,default,com.deepseek.chat,discharging,0,36.9,41.4,100,95,1,14.7,1.25,0.19,0,3.929,0.256,1.005824,15891,7369,0,-,1
00:25:19.451,snap,default,com.deepseek.chat,discharging,0,36.9,41,100,95,1,14.7,1.25,0.19,0,3.931,0.218,0.856958,12295,5700,0,-,1
00:25:20.452,snap,default,com.deepseek.chat,discharging,0,36.9,41,100,95,1,14.21,1.38,0.15,0,3.931,0.226,0.888406,12295,5700,0,-,1
00:25:22.535,snap,default,com.deepseek.chat,discharging,0,36.9,41,100,95,1,14.21,1.38,0.15,0,3.936,0.238,0.93676805,5288,2401,0,-,1
00:25:23.918,snap,default,com.deepseek.chat,discharging,0,36.8,41,100,95,1,13.99,1.67,0.13,0,3.941,0.156,0.614796,5288,2401,0,-,1
00:25:26.371,snap,default,com.deepseek.chat,discharging,0,36.8,41,100,95,1,13.99,1.67,0.13,0,3.944,0.094,0.37073597,13990,6338,0,-,1
00:25:27.732,snap,default,com.deepseek.chat,discharging,0,36.8,41.4,100,95,1,14.72,1.55,0.1,0,3.922,0.214,0.83930796,13990,6338,0,-,1
00:25:28.732,snap,default,com.deepseek.chat,discharging,0,36.8,41,100,95,1,14.72,1.55,0.1,0,3.93,0.27,1.0611,10133,4502,0,-,1
00:25:29.733,snap,default,com.deepseek.chat,discharging,0,36.8,41.4,100,95,1,15.67,1.27,0.08,0,3.93,0.27,1.0611,10133,4502,0,-,1
00:25:30.733,snap,default,com.deepseek.chat,discharging,0,36.8,41,100,95,1,15.67,1.27,0.08,0,3.932,0.164,0.644848,3115,794,0,-,1
00:25:31.733,snap,default,com.deepseek.chat,discharging,0,36.8,41,100,95,1,15.67,1.27,0.08,0,3.933,0.176,0.692208,3115,794,0,-,1
00:25:32.991,snap,default,com.deepseek.chat,discharging,0,36.8,41,100,95,1,13.74,1.04,0.07,0,3.933,0.178,0.700074,6338,2339,0,-,1
00:25:34.630,snap,default,com.deepseek.chat,discharging,0,36.8,41,100,95,1,13.24,0.85,0.05,0,3.943,0.116,0.45738798,6338,2339,0,-,1
00:25:36.293,snap,default,com.deepseek.chat,discharging,0,36.8,41,100,95,1,13.24,0.85,0.05,0,3.924,0.284,1.114416,6338,2339,0,-,1
00:25:37.329,snap,default,com.deepseek.chat,discharging,0,36.7,41,100,95,1,13.92,1.06,0.04,0,3.922,0.182,0.71380395,13164,5909,0,-,1
00:25:39.258,snap,default,com.deepseek.chat,discharging,0,36.7,41,100,95,1,13.92,1.06,0.04,0,3.928,0.258,1.0134239,13164,5909,0,-,1
00:25:40.704,snap,default,com.deepseek.chat,discharging,0,36.7,40.6,100,95,1,14.84,1.05,0.03,0,3.929,0.202,0.793658,11917,5191,0,-,1
00:25:42.418,snap,default,com.deepseek.chat,discharging,0,36.7,40.6,100,95,1,14.84,1.05,0.03,0,3.93,0.188,0.73884,11917,5191,0,-,1
00:25:43.419,snap,default,com.deepseek.chat,discharging,0,36.7,41,100,95,1,15.59,1.04,0.03,0,3.92,0.214,0.83888,14188,6085,0,-,1
00:25:44.419,snap,default,com.deepseek.chat,discharging,0,36.7,41,100,95,1,15.59,1.04,0.03,0,3.93,0.264,1.03752,14188,6085,0,-,1
00:25:45.419,snap,default,com.deepseek.chat,discharging,0,36.7,41,100,95,1,15.12,0.85,0.2,0,3.933,0.188,0.73940396,3046,598,0,-,1
00:25:46.420,snap,default,com.deepseek.chat,discharging,0,36.7,41,100,95,1,15.12,0.85,0.2,0,3.932,0.162,0.636984,3046,598,0,-,1
00:25:47.420,snap,default,com.deepseek.chat,discharging,0,36.7,41,100,95,1,13.29,0.69,0.16,0,3.932,0.172,0.676304,3293,943,0,-,1
00:25:48.859,snap,default,com.deepseek.chat,discharging,0,36.6,41,100,95,1,13.29,0.69,0.16,0,3.94,0.196,0.77224,3293,943,0,-,1
00:25:50.695,snap,default,com.deepseek.chat,discharging,0,36.6,41,100,95,1,13.6,0.75,0.13,0,3.939,0.16,0.63023996,12862,5900,0,-,1
00:25:52.856,snap,default,com.deepseek.chat,discharging,0,36.6,41,100,95,1,13.6,0.75,0.13,0,3.942,0.112,0.441504,12862,5900,0,-,1
00:25:54.235,snap,default,com.deepseek.chat,discharging,0,36.6,41,100,95,1,14.21,0.79,0.11,0,3.941,0.232,0.91431195,13277,6242,0,-,1
00:25:56.281,snap,default,com.deepseek.chat,discharging,0,36.6,41,100,95,1,14.21,0.79,0.11,0,3.944,0.03,0.118319996,13277,6242,0,-,1
00:25:57.281,snap,default,com.deepseek.chat,discharging,0,36.6,41,100,95,1,15.26,0.83,0.45,0,3.922,0.322,1.262884,12882,4688,0,-,1
00:25:58.281,snap,default,com.deepseek.chat,discharging,0,36.6,41,100,95,1,16.3,1.4,1.64,0,3.915,0.45,1.76175,12882,4688,0,-,1
00:25:59.281,snap,default,com.deepseek.chat,discharging,0,36.6,41,100,95,1,16.3,1.4,1.64,0,3.931,0.276,1.0849559,5800,1092,0,-,1
00:26:00.281,snap,default,com.deepseek.chat,discharging,0,36.6,41.4,100,95,1,14.43,1.33,1.34,0,3.931,0.192,0.754752,5800,1092,0,-,1
00:26:01.281,snap,default,com.deepseek.chat,discharging,0,36.6,41.4,100,95,1,14.43,1.33,1.34,0,3.921,0.316,1.2390361,4919,1309,0,-,1
00:26:02.297,snap,default,com.deepseek.chat,discharging,0,36.5,41.4,100,95,1,14.17,1.45,1.28,0,3.922,0.264,1.035408,4919,1309,0,-,1
00:26:04.003,snap,default,com.deepseek.chat,discharging,0,36.5,41.4,100,95,1,14.17,1.45,1.28,0,3.929,0.238,0.935102,9697,4241,0,-,1
00:26:05.423,snap,default,com.deepseek.chat,discharging,0,36.5,41,100,95,1,14.32,1.55,1.04,0,3.941,0.186,0.733026,9697,4241,0,-,1
00:26:07.446,snap,default,com.deepseek.chat,discharging,0,36.5,40.6,100,95,1,14.32,1.55,1.04,0,3.939,0.182,0.71689796,12878,5602,0,-,1
00:26:09.704,snap,default,com.deepseek.chat,discharging,1,36.5,41,100,95,1,16.62,1.81,0.85,14,3.866,1.046,4.043836,12878,5602,0,-,2
00:26:10.707,snap,default,com.deepseek.chat,discharging,1,36.5,41,100,95,1,29.55,2.39,3.42,32,3.863,1.218,4.705134,23676,10446,0,-,2
00:26:11.708,snap,default,com.deepseek.chat,discharging,1,36.5,41,100,95,1,29.55,2.39,3.42,0,3.775,2.158,8.14645,37100,12628,0,-,2
00:26:12.712,snap,default,com.deepseek.chat,discharging,1,36.5,41,100,95,1,41.22,3.95,6.6,23,3.748,2.812,10.539376,37100,12628,0,-,2
00:26:13.710,snap,default,com.deepseek.chat,discharging,1,36.5,41,100,95,1,41.22,3.95,6.6,49,3.709,3.39,12.573511,45906,9455,0,-,2
00:26:14.724,snap,default,com.deepseek.chat,discharging,1,36.4,41,100,95,1,49.33,3.96,8.48,79,3.711,3.436,12.750997,45906,9455,0,-,2
00:26:15.737,snap,default,com.deepseek.chat,discharging,1,36.4,41,100,95,1,49.33,3.96,8.48,77,3.71,3.454,12.814341,38689,14764,0,-,2
00:26:16.736,snap,default,com.deepseek.chat,discharging,1,36.4,41,100,95,1,56.16,3.6,9.3,75,3.713,3.362,12.483107,38689,14764,0,-,2
00:26:17.736,snap,default,com.deepseek.chat,discharging,1,36.4,41,100,95,1,56.16,3.6,9.3,74,3.71,3.318,12.30978,41147,13842,0,-,2
00:26:18.736,snap,default,com.deepseek.chat,discharging,1,36.4,41,100,95,1,62.47,3.49,9.61,55,3.751,2.656,9.962655,41147,13842,0,-,2
00:26:19.736,snap,default,com.deepseek.chat,discharging,1,36.5,41,100,95,1,62.47,3.49,9.61,20,3.751,2.656,9.962655,37812,11463,0,-,2
00:26:20.740,snap,default,com.deepseek.chat,discharging,1,36.5,41,100,95,1,62.47,3.49,9.61,20,3.82,2.102,8.02964,37812,11463,0,-,2
00:26:21.739,snap,default,com.deepseek.chat,discharging,1,36.5,41,100,95,1,61.66,3.22,10.04,20,3.841,1.106,4.248146,28824,12921,0,-,2
00:26:22.738,snap,default,com.deepseek.chat,discharging,1,36.5,41,100,95,1,57.01,3.18,10.03,19,3.801,1.64,6.23364,28824,12921,0,-,2
00:26:23.738,snap,default,com.deepseek.chat,discharging,1,36.5,41,100,95,1,57.01,3.18,10.03,19,3.838,1.472,5.649536,24032,11128,0,-,2
00:26:24.738,snap,default,com.deepseek.chat,discharging,1,36.5,41,100,95,1,50.12,2.78,8.58,14,3.856,1,3.856,24032,11128,0,-,2
00:26:25.738,snap,default,com.deepseek.chat,discharging,1,36.5,41,100,95,1,50.12,2.78,8.58,10,3.833,1.422,5.450526,24032,11128,0,-,2
00:26:26.738,snap,default,com.deepseek.chat,discharging,1,36.5,41,100,95,1,44.12,2.28,7.02,12,3.865,0.938,3.62537,21329,10659,0,-,2
00:26:27.739,snap,default,com.deepseek.chat,discharging,1,36.5,41,100,95,1,44.12,2.28,7.02,9,3.869,0.94,3.63686,21329,10659,0,-,2
00:26:28.739,snap,default,com.deepseek.chat,discharging,1,36.5,41,100,95,1,38.66,1.86,5.75,9,3.87,0.916,3.54492,17461,8981,0,-,2
00:26:29.740,snap,default,com.deepseek.chat,discharging,1,36.5,44,100,95,1,38.66,1.86,5.75,9,3.876,0.792,3.069792,17461,8981,0,-,2
00:26:30.740,snap,default,com.deepseek.chat,discharging,1,36.5,47,100,95,1,34.19,1.52,4.71,9,3.903,0.626,2.443278,13661,7411,0,-,2
00:26:31.740,snap,default,com.deepseek.chat,discharging,1,36.5,50,100,95,1,34.19,1.52,4.71,9,3.911,0.46,1.79906,13661,7411,0,-,2
00:26:32.741,snap,default,com.deepseek.chat,discharging,1,36.5,50.9,100,95,1,30.9,1.25,3.85,12,3.868,0.73,2.82364,14426,8589,0,-,2
00:26:33.741,snap,default,com.deepseek.chat,discharging,1,36.5,50.9,100,95,1,30.9,1.25,3.85,17,3.888,0.6,2.3328001,14426,8589,0,-,2
00:26:34.741,snap,default,com.deepseek.chat,discharging,1,36.5,50.9,100,95,1,27.84,1.02,3.15,17,3.912,0.294,1.150128,10439,6094,0,-,2
00:26:35.741,snap,default,com.deepseek.chat,discharging,1,36.5,50.1,100,95,1,27.84,1.02,3.15,17,3.876,0.726,2.813976,10439,6094,0,-,2
00:26:36.743,snap,default,com.deepseek.chat,discharging,1,36.5,50.5,100,95,1,25.15,0.83,2.58,18,3.888,0.586,2.278368,14720,9399,0,-,2
00:26:37.742,snap,default,com.deepseek.chat,discharging,1,36.5,50.1,100,95,1,25.15,0.83,2.58,18,3.878,0.636,2.466408,14720,9399,0,-,2
00:26:38.742,snap,default,com.deepseek.chat,discharging,1,36.5,50.5,100,95,1,23.31,0.68,2.11,0,3.889,0.592,2.302288,15447,9366,0,-,2
00:26:39.743,snap,default,com.deepseek.chat,discharging,1,36.6,50.5,100,95,1,23.31,0.68,2.11,18,3.868,0.988,3.821584,15447,9366,0,-,2
00:26:40.743,snap,default,com.deepseek.chat,discharging,1,36.6,50.5,100,95,1,21.98,0.56,1.73,11,3.893,0.634,2.468162,20720,11110,0,-,2
00:26:41.743,snap,default,com.deepseek.chat,discharging,1,36.6,50.1,100,95,1,21.98,0.56,1.73,15,3.898,0.596,2.323208,20720,11110,0,-,2
00:26:42.743,snap,default,com.deepseek.chat,discharging,1,36.6,50.1,100,95,1,20.9,0.46,1.41,9,3.881,0.664,2.576984,16577,11087,0,-,2
00:26:43.744,snap,default,com.deepseek.chat,discharging,1,36.6,49.7,100,95,1,20.9,0.46,1.41,17,3.884,0.714,2.773176,16577,11087,0,-,2
00:26:44.746,snap,default,com.deepseek.chat,discharging,1,36.6,48.5,100,95,1,20.19,0.37,1.16,17,3.903,0.396,1.545588,13418,7379,0,-,2
00:26:45.746,snap,default,com.deepseek.chat,discharging,1,36.6,46.5,100,95,1,20.19,0.37,1.16,17,3.91,0.294,1.1495401,13418,7379,0,-,2
00:26:46.747,snap,default,com.deepseek.chat,discharging,1,36.6,46.5,100,95,1,18.52,0.3,0.95,10,3.914,0.314,1.228996,6114,2537,0,-,2
00:26:47.748,snap,default,com.deepseek.chat,discharging,1,36.6,45.3,100,95,1,18.52,0.3,0.95,0,3.913,0.328,1.2834641,6114,2537,0,-,2
00:26:48.747,snap,default,com.deepseek.chat,discharging,1,36.6,45.3,100,95,1,16.98,0.25,0.77,0,3.914,0.274,1.072436,5793,2296,0,-,2
00:26:49.748,snap,default,com.deepseek.chat,discharging,1,36.6,45.3,100,95,1,16.98,0.25,0.77,14,3.914,0.274,1.072436,5793,2296,0,-,2
00:26:50.748,snap,default,com.android.launcher,discharging,1,36.6,45.3,100,95,1,16.98,0.25,0.77,14,3.825,1.5,5.7375,35681,15330,0,-,2
00:26:51.748,snap,default,com.android.launcher,discharging,1,36.6,45.3,100,95,1,22.05,0.56,1.18,18,3.827,1.754,6.712558,35681,15330,0,-,2
00:26:52.749,snap,default,com.android.launcher,discharging,1,36.6,45.7,100,95,1,22.05,0.56,1.18,29,3.777,2.158,8.150765,35681,15330,0,-,2
00:26:53.750,snap,default,bin.mt.plus.canary,discharging,1,36.6,48.7,100,95,1,31.1,1,1.14,29,3.873,1.384,5.360232,30974,12518,0,-,2
00:26:54.750,snap,default,bin.mt.plus.canary,discharging,1,36.6,48.7,100,95,1,35.79,1.18,0.93,13,3.878,0.894,3.466932,30974,12518,0,-,2
00:26:55.750,snap,default,bin.mt.plus.canary,discharging,1,36.6,48.7,100,95,1,35.79,1.18,0.93,0,3.789,1.804,6.835356,31584,9599,0,-,2
00:26:56.751,snap,default,bin.mt.plus.canary,discharging,1,36.6,48.7,100,95,1,38.37,1.87,3.84,6,3.774,1.93,7.2838197,31584,9599,0,-,2
00:26:57.751,snap,default,bin.mt.plus.canary,discharging,1,36.6,51.7,100,95,1,38.37,1.87,3.84,0,3.863,1.398,5.400474,26552,8587,0,-,2
00:26:58.752,snap,default,bin.mt.plus.canary,discharging,1,36.6,54.7,100,95,1,33.77,2.08,3.69,5,3.887,0.544,2.1145282,26552,8587,0,-,2
00:26:59.751,snap,default,bin.mt.plus.canary,discharging,1,36.7,54.8,100,95,1,33.77,2.08,3.69,5,3.894,0.458,1.783452,12320,7026,0,-,2
00:27:00.752,snap,default,bin.mt.plus.canary,discharging,1,36.7,52.4,100,95,1,30.91,1.88,3.38,8,3.853,0.874,3.367522,12320,7026,0,-,2
00:27:01.752,snap,default,bin.mt.plus.canary,discharging,1,36.7,53.2,100,95,1,30.91,1.88,3.38,8,3.9,0.698,2.7222002,19668,9163,0,-,2
00:27:02.754,snap,default,bin.mt.plus.canary,discharging,1,36.7,50.9,100,95,1,29.48,1.72,3.31,25,3.877,1.074,4.163898,19668,9163,0,-,2
00:27:03.755,snap,default,bin.mt.plus.canary,discharging,1,36.7,49.3,100,95,1,29.48,1.72,3.31,25,3.879,0.448,1.737792,12661,6208,0,-,2
00:27:04.757,snap,default,bin.mt.plus.canary,discharging,1,36.7,48.5,100,95,1,25.95,1.41,2.71,19,3.907,0.416,1.6253121,12661,6208,0,-,2
00:27:05.757,snap,default,bin.mt.plus.canary,discharging,1,36.7,48.5,100,95,1,25.95,1.41,2.71,0,3.905,0.5,1.9525,11846,6336,0,-,2
00:27:06.757,snap,default,bin.mt.plus.canary,discharging,1,36.7,49.7,100,95,1,24.14,1.15,2.22,37,3.889,0.696,2.706744,11846,6336,0,-,2
00:27:07.770,snap,default,bin.mt.plus.canary,discharging,1,36.7,50.5,100,95,1,24.14,1.15,2.22,34,3.846,1.142,4.392132,24908,12649,0,-,2
00:27:08.792,snap,default,bin.mt.plus.canary,discharging,1,36.7,50.5,100,95,1,27.56,1.3,2.54,31,3.832,1.828,7.0048957,24908,12649,0,-,2
00:27:09.789,snap,default,bin.mt.plus.canary,discharging,1,36.8,50.5,100,95,1,27.56,1.3,2.54,35,3.787,2.192,8.301104,40263,15560,0,-,2
00:27:10.789,snap,default,me.weishu.kernelsu,discharging,1,36.8,50.5,100,95,1,33.25,1.43,4.98,35,3.788,1.674,6.341112,40263,15560,0,-,2
00:27:11.789,snap,default,me.weishu.kernelsu,discharging,1,36.8,53.5,100,95,1,33.25,1.43,4.98,25,3.825,1.678,6.4183497,34363,16049,0,-,2
00:27:12.790,snap,default,me.weishu.kernelsu,discharging,1,36.8,56.5,100,95,1,31.76,1.35,5.16,39,3.898,0.606,2.362188,34363,16049,0,-,2
00:27:13.790,snap,default,com.android.launcher,discharging,1,36.8,53.5,100,95,1,31.76,1.35,5.16,0,3.894,0.366,1.425204,7279,3048,0,-,2
00:27:14.791,snap,default,com.android.launcher,discharging,1,36.9,50.5,100,95,1,27.63,1.1,4.23,0,3.9,0.388,1.5132,7279,3048,0,-,2
00:27:15.791,snap,default,com.android.launcher,discharging,1,36.9,50.5,100,95,1,27.63,1.1,4.23,0,3.902,0.562,2.1929238,6004,2271,0,-,2
00:27:16.791,snap,default,com.android.launcher,discharging,1,36.9,48.9,100,95,1,24.08,0.9,3.46,0,3.902,0.562,2.1929238,6004,2271,0,-,2
00:27:17.792,snap,default,com.android.launcher,discharging,1,36.9,47.7,100,95,1,24.08,0.9,3.46,0,3.901,0.28,1.09228,5368,2244,0,-,2
00:27:18.792,snap,default,com.android.launcher,discharging,1,36.9,47.3,100,95,1,24.08,0.9,3.46,0,3.91,0.358,1.39978,5368,2244,0,-,2
00:27:19.795,snap,default,com.android.launcher,discharging,1,36.9,46.9,100,95,1,21.34,0.74,2.83,0,3.912,0.28,1.09536,5368,2244,0,-,2
00:27:20.795,snap,default,com.android.launcher,discharging,1,36.9,46.1,100,95,1,21.34,0.74,2.83,0,3.908,0.412,1.610096,6053,2460,0,-,2
00:27:21.797,snap,default,com.android.launcher,discharging,1,36.9,45.3,100,95,1,19.47,0.6,2.32,0,3.915,0.278,1.08837,6053,2460,0,-,2
00:27:22.797,snap,default,com.android.launcher,discharging,1,36.9,45.3,100,95,1,17.57,0.49,1.9,0,3.917,0.28,1.09676,5195,2106,0,-,2
00:27:23.799,snap,default,com.android.launcher,discharging,1,36.9,45.3,100,95,1,17.57,0.49,1.9,0,3.914,0.31,1.21334,5195,2106,0,-,2
00:27:24.799,snap,default,com.android.launcher,discharging,1,36.9,45.3,100,95,1,16.2,0.4,1.55,0,3.913,0.414,1.619982,5055,1837,0,-,2
00:27:25.801,snap,default,com.android.launcher,discharging,1,36.9,44.6,100,95,1,16.2,0.4,1.55,0,3.916,0.3,1.1748,5055,1837,0,-,2
00:27:26.803,snap,default,com.android.launcher,discharging,1,36.9,44.2,100,95,1,14.71,0.33,1.27,0,3.916,0.296,1.1591359,4715,1721,0,-,2
00:27:27.803,snap,default,com.android.launcher,discharging,1,36.9,44.2,100,95,1,14.71,0.33,1.27,0,3.911,0.286,1.118546,4715,1721,0,-,2
00:27:28.803,snap,default,com.android.launcher,discharging,1,36.9,44.6,100,95,1,14.22,0.27,1.04,0,3.861,0.678,2.617758,9678,4448,0,-,2
00:27:29.805,snap,default,bin.mt.plus.canary,discharging,1,36.9,47.6,100,95,1,14.22,0.27,1.04,24,3.87,1.144,4.42728,9678,4448,0,-,2
00:27:30.806,snap,default,bin.mt.plus.canary,discharging,1,36.9,48.9,100,95,1,16.53,0.22,0.85,22,3.867,0.716,2.7687721,19510,11168,0,-,2
00:27:31.805,snap,default,bin.mt.plus.canary,discharging,1,36.9,48.9,100,95,1,16.53,0.22,0.85,22,3.892,0.652,2.537584,19510,11168,0,-,2
00:27:32.806,snap,default,bin.mt.plus.canary,discharging,1,36.9,49.3,100,95,1,16.26,0.18,0.69,24,3.875,0.912,3.534,16584,8899,0,-,2
00:27:33.806,snap,default,bin.mt.plus.canary,discharging,1,36.9,49.3,100,95,1,16.26,0.18,0.69,43,3.889,0.728,2.831192,16584,8899,0,-,2
00:27:34.806,snap,default,bin.mt.plus.canary,discharging,1,36.9,49.3,100,95,1,15.66,0.14,0.57,25,3.909,0.586,2.290674,13193,7342,0,-,2
00:27:35.807,snap,default,bin.mt.plus.canary,discharging,1,36.9,49.3,100,95,1,15.66,0.14,0.57,35,3.828,1.292,4.9457765,13193,7342,0,-,2
00:27:36.806,snap,default,bin.mt.plus.canary,discharging,1,37,49.3,100,95,1,20.25,0.12,0.83,47,3.764,2.344,8.822816,36229,19165,0,-,2
00:27:37.807,snap,default,me.weishu.kernelsu,discharging,1,37,49.7,100,95,1,20.25,0.12,0.83,15,3.851,1.36,5.23736,36229,19165,0,-,2
00:27:38.806,snap,default,me.weishu.kernelsu,discharging,1,37,52.7,100,95,1,21.84,0.1,1.22,15,3.893,0.796,3.0988278,20083,10139,0,-,2
00:27:39.807,snap,default,me.weishu.kernelsu,discharging,1,37,54.8,100,95,1,21.84,0.1,1.22,15,3.899,0.584,2.277016,20083,10139,0,-,2
00:27:40.808,snap,default,me.weishu.kernelsu,discharging,1,37,51.8,100,95,1,19.87,0.08,1,0,3.905,0.332,1.2964599,8656,3170,0,-,2
00:27:41.808,snap,default,me.weishu.kernelsu,discharging,1,37,48.8,100,95,1,19.87,0.08,1,0,3.898,0.358,1.3954841,8656,3170,0,-,2
00:27:42.808,snap,default,me.weishu.kernelsu,discharging,1,37,48.1,100,95,1,17.72,0.06,0.82,0,3.909,0.37,1.44633,7984,3080,0,-,2
00:27:43.809,snap,default,me.weishu.kernelsu,discharging,1,37,47.3,100,95,1,17.72,0.06,0.82,0,3.904,0.416,1.6240641,7984,3080,0,-,2
00:27:44.810,snap,default,me.weishu.kernelsu,discharging,1,37,46.1,100,95,1,17.41,0.23,0.85,0,3.91,0.32,1.2512,9229,3259,0,-,2
00:27:45.811,snap,default,me.weishu.kernelsu,discharging,1,37,45.3,100,95,1,17.41,0.23,0.85,0,3.91,0.32,1.2512,9229,3259,0,-,2
00:27:46.811,snap,default,me.weishu.kernelsu,discharging,1,37,45.3,100,95,1,17.41,0.23,0.85,0,3.902,0.326,1.272052,9229,3259,0,-,2
00:27:47.811,snap,default,me.weishu.kernelsu,discharging,1,37,44.9,100,95,1,15.7,0.19,0.69,0,3.909,0.292,1.141428,5182,1886,0,-,2
00:27:48.811,snap,default,me.weishu.kernelsu,discharging,1,37,44.2,100,95,1,15.7,0.19,0.69,0,3.91,0.302,1.18082,5182,1886,0,-,2
00:27:49.812,snap,default,me.weishu.kernelsu,discharging,1,37,44.2,100,95,1,14.49,0.15,0.57,0,3.918,0.262,1.026516,5701,2337,0,-,2
00:27:50.813,snap,default,me.weishu.kernelsu,discharging,1,37,44.2,100,95,1,13.49,0.12,0.46,0,3.916,0.292,1.143472,5701,2337,0,-,2
00:27:51.813,snap,default,me.weishu.kernelsu,discharging,1,37,44.6,100,95,1,13.49,0.12,0.46,0,3.918,0.268,1.050024,5266,1960,0,-,2
00:27:52.813,snap,default,me.weishu.kernelsu,discharging,1,37,44.6,100,95,1,14.85,0.1,0.38,10,3.848,0.89,3.42472,5266,1960,0,-,2
00:27:53.818,snap,default,me.weishu.kernelsu,discharging,1,37,44.6,100,95,1,14.85,0.1,0.38,34,3.829,1.662,6.3637977,32670,18912,0,-,2
00:27:54.818,snap,default,me.weishu.kernelsu,discharging,1,37,44.6,100,95,1,19.77,0.26,0.31,39,3.814,1.676,6.392264,32670,18912,0,-,2
00:27:55.818,snap,default,me.weishu.kernelsu,discharging,1,37,44.6,100,95,1,19.77,0.26,0.31,33,3.834,1.776,6.809184,31713,14553,0,-,2
00:27:56.819,snap,default,com.deepseek.chat,discharging,1,37,47.6,100,95,1,20.35,0.21,0.25,10,3.869,0.842,3.257698,31713,14553,0,-,2
00:27:57.819,snap,default,com.deepseek.chat,discharging,1,37,50.6,100,95,1,20.35,0.21,0.25,12,3.879,0.758,2.940282,18439,10108,0,-,2
00:27:58.819,snap,default,com.deepseek.chat,discharging,1,37.1,53.2,100,95,1,18.66,0.17,0.2,11,3.877,0.76,2.94652,18439,10108,0,-,2
00:27:59.819,snap,default,com.deepseek.chat,discharging,1,37.1,50.9,100,95,1,18.66,0.17,0.2,11,3.908,0.36,1.40688,15018,7655,0,-,2
00:28:00.819,snap,default,com.deepseek.chat,discharging,1,37.1,50.1,100,95,1,17.45,0.14,0.17,10,3.872,0.836,3.2369921,15018,7655,0,-,2
00:28:01.819,snap,default,com.deepseek.chat,discharging,1,37.1,50.1,100,95,1,17.45,0.14,0.17,15,3.877,0.786,3.047322,20617,13510,0,-,2
00:28:02.820,snap,default,com.deepseek.chat,discharging,1,37.1,49.7,100,95,1,16.64,0.11,0.14,0,3.897,0.462,1.8004141,20617,13510,0,-,2
00:28:03.820,snap,default,com.deepseek.chat,discharging,1,37.1,47.3,100,95,1,16.64,0.11,0.14,0,3.905,0.338,1.31989,7663,3112,0,-,2
00:28:04.820,snap,default,com.deepseek.chat,discharging,1,37.1,46.9,100,95,1,15.44,0.09,0.11,0,3.915,0.314,1.22931,7663,3112,0,-,2
00:28:05.822,snap,default,com.deepseek.chat,discharging,1,37.1,46.1,100,95,1,15.44,0.09,0.11,0,3.904,0.334,1.303936,6728,2733,0,-,2
00:28:06.822,snap,default,com.deepseek.chat,discharging,1,37.1,45.3,100,95,1,13.91,0.07,0.09,0,3.91,0.338,1.32158,6728,2733,0,-,2
00:28:07.823,snap,default,com.deepseek.chat,discharging,1,37.1,44.9,100,95,1,13.91,0.07,0.09,0,3.911,0.284,1.1107241,5477,1818,0,-,2
00:28:08.823,snap,default,com.deepseek.chat,discharging,1,37.1,44.9,100,95,1,12.66,0.06,0.07,0,3.912,0.28,1.09536,5477,1818,0,-,2
00:28:09.824,snap,default,com.deepseek.chat,discharging,1,37.1,44.6,100,95,1,12.66,0.06,0.07,0,3.912,0.284,1.111008,4722,1677,0,-,2
00:28:10.823,snap,default,com.deepseek.chat,discharging,1,37.1,44.6,100,95,1,11.63,0.05,0.06,0,3.899,0.454,1.770146,4722,1677,0,-,2
00:28:11.824,snap,default,com.deepseek.chat,discharging,1,37.1,47.6,100,95,1,11.63,0.05,0.06,5,3.873,0.694,2.687862,4722,1677,0,-,2
00:28:12.824,snap,default,com.deepseek.chat,discharging,1,37.1,48.1,100,95,1,12.24,0.04,0.05,18,3.882,0.716,2.7795122,16078,7755,0,-,2
00:28:13.824,snap,default,com.deepseek.chat,discharging,1,37.1,48.1,100,95,1,12.24,0.04,0.05,23,3.882,0.716,2.7795122,16078,7755,0,-,2
00:28:14.824,snap,default,com.deepseek.chat,discharging,1,37.1,48.9,100,95,1,12.24,0.04,0.05,23,3.875,0.782,3.03025,19788,11314,0,-,2
00:28:15.825,snap,default,com.deepseek.chat,discharging,1,37.1,49.7,100,95,1,12.38,0.03,0.04,20,3.88,0.796,3.08848,19788,11314,0,-,2
00:28:16.825,snap,default,com.deepseek.chat,discharging,1,37.1,49.7,100,95,1,12.38,0.03,0.04,19,3.863,0.87,3.36081,22065,13052,0,-,2
00:28:17.825,snap,default,com.deepseek.chat,discharging,1,37.1,49.7,100,95,1,13.21,0.02,0.03,18,3.88,0.716,2.7780802,22065,13052,0,-,2
00:28:18.825,snap,default,com.deepseek.chat,discharging,1,37.1,48.9,100,95,1,13.21,0.02,0.03,20,3.882,0.746,2.895972,20718,13545,0,-,2
00:28:19.826,snap,default,com.deepseek.chat,discharging,1,37.2,48.9,100,95,1,14.26,0.02,0.02,18,3.871,0.72,2.78712,20718,13545,0,-,2
00:28:20.826,snap,default,com.deepseek.chat,discharging,1,37.2,49.7,100,95,1,14.26,0.02,0.02,18,3.875,0.796,3.0845,21258,13586,0,-,2
00:28:21.826,snap,default,com.deepseek.chat,discharging,1,37.2,49.7,100,95,1,14.94,0.01,0.02,19,3.884,0.762,2.959608,21258,13586,0,-,2
00:28:22.826,snap,default,com.deepseek.chat,discharging,1,37.2,49.3,100,95,1,15.67,0.01,0.01,19,3.884,0.75,2.913,20962,12235,0,-,2
00:28:23.827,snap,default,com.deepseek.chat,discharging,1,37.2,47.7,100,95,1,15.67,0.01,0.01,0,3.9,0.522,2.0358002,20962,12235,0,-,2
00:28:24.828,snap,default,com.deepseek.chat,discharging,1,37.2,46.5,100,95,1,14.64,0.01,0.01,0,3.905,0.404,1.57762,7028,3008,0,-,2
00:28:25.829,snap,default,com.deepseek.chat,discharging,1,37.2,45.7,100,95,1,14.64,0.01,0.01,0,3.91,0.378,1.47798,7028,3008,0,-,2
00:28:26.829,snap,default,com.deepseek.chat,discharging,1,37.2,45.3,100,95,1,13.44,0,0.01,0,3.912,0.32,1.25184,7091,2709,0,-,2
00:28:27.829,snap,default,com.deepseek.chat,discharging,1,37.2,44.9,100,95,1,13.44,0,0.01,0,3.914,0.294,1.1507161,7091,2709,0,-,2
00:28:28.831,snap,default,com.deepseek.chat,discharging,1,37.2,44.6,100,95,1,12.45,0,0,0,3.913,0.338,1.322594,4874,1595,0,-,2
00:28:29.832,snap,default,com.deepseek.chat,discharging,1,37.2,44.2,100,95,1,12.45,0,0,0,3.912,0.268,1.048416,4874,1595,0,-,2
00:28:30.833,snap,default,com.deepseek.chat,discharging,1,37.2,44.2,100,95,1,11.65,0,0,0,3.915,0.28,1.0962,4767,1643,0,-,2
00:28:31.833,snap,default,com.deepseek.chat,discharging,1,37.2,43.8,100,95,1,11.65,0,0,0,3.907,0.314,1.226798,4767,1643,0,-,2
00:28:32.833,snap,default,com.deepseek.chat,discharging,1,37.2,43.8,100,95,1,10.8,0,0,0,3.917,0.248,0.971416,6696,2419,0,-,2
00:28:33.835,snap,default,com.deepseek.chat,discharging,1,37.2,43.8,100,95,1,10.8,0,0,18,3.914,0.318,1.2446519,6696,2419,0,-,2
00:28:34.835,snap,default,com.deepseek.chat,discharging,1,37.2,44.2,100,95,1,10.84,0,0,0,3.89,0.472,1.8360801,9646,5131,0,-,2
00:28:35.835,snap,default,com.deepseek.chat,discharging,1,37.2,44.9,100,95,1,10.84,0,0,0,3.903,0.478,1.865634,9646,5131,0,-,2
00:28:36.836,snap,default,com.deepseek.chat,discharging,1,37.2,44.9,100,95,1,10.87,0,0,0,3.914,0.268,1.048952,6249,2631,0,-,2
00:28:37.835,snap,default,com.deepseek.chat,discharging,1,37.2,43.8,100,95,1,10.87,0,0,14,3.906,0.342,1.335852,6249,2631,0,-,2
00:28:38.836,snap,default,com.deepseek.chat,discharging,1,37.2,43.4,100,95,1,10.53,0,0,0,3.915,0.26,1.0179,6249,2631,0,-,2
00:28:39.836,snap,default,com.deepseek.chat,discharging,1,37.2,43.4,100,95,1,10.53,0,0,0,3.913,0.272,1.0643361,6081,2775,0,-,2
00:28:40.837,snap,default,com.deepseek.chat,discharging,1,37.2,43.4,100,95,1,10.07,0,0,0,3.919,0.244,0.956236,6081,2775,0,-,2
00:28:41.839,snap,default,com.deepseek.chat,discharging,1,37.2,43.4,100,95,1,10.07,0,0,0,3.911,0.302,1.181122,4280,1582,0,-,2
00:28:42.839,snap,default,com.deepseek.chat,discharging,1,37.2,43.4,100,95,1,9.69,0,0,0,3.911,0.302,1.181122,4280,1582,0,-,2
00:28:43.839,snap,default,com.deepseek.chat,discharging,1,37.2,43.4,100,95,1,9.69,0,0,0,3.915,0.25,0.97875,4153,1486,0,-,2
00:28:44.839,snap,default,com.deepseek.chat,discharging,1,37.2,43.4,100,95,1,9.69,0,0,0,3.911,0.298,1.165478,4153,1486,0,-,2
00:28:45.839,snap,default,com.deepseek.chat,discharging,1,37.2,44.6,100,95,1,9.57,0,0,12,3.892,0.612,2.381904,11097,6748,0,-,2
00:28:46.840,snap,default,com.deepseek.chat,discharging,1,37.2,45.3,100,95,1,9.57,0,0,15,3.879,0.79,3.06441,11097,6748,0,-,2
00:28:47.840,snap,default,com.deepseek.chat,discharging,1,37.2,46.9,100,95,1,10.91,0,0,15,3.911,0.368,1.439248,11909,6611,0,-,2
00:28:48.841,snap,default,com.deepseek.chat,discharging,1,37.2,45.3,100,95,1,10.91,0,0,17,3.883,0.592,2.2987359,11909,6611,0,-,2
00:28:49.842,snap,default,com.deepseek.chat,discharging,1,37.2,44.9,100,95,1,11.11,0,0,17,3.896,0.422,1.6441119,11721,6804,0,-,2
00:28:50.842,snap,default,com.deepseek.chat,discharging,1,37.2,44.9,100,95,1,11.09,0,0,0,3.912,0.306,1.1970719,11721,6804,0,-,2
00:28:51.842,snap,default,com.deepseek.chat,discharging,1,37.2,45.7,100,95,1,11.09,0,0,16,3.885,0.722,2.80497,14848,9298,0,-,2
00:28:52.842,snap,default,com.deepseek.chat,discharging,1,37.2,46.9,100,95,1,11.61,0,0,16,3.893,0.52,2.02436,14848,9298,0,-,2
00:28:53.842,snap,default,com.deepseek.chat,discharging,1,37.2,46.9,100,95,1,11.61,0,0,16,3.898,0.58,2.26084,13994,8980,0,-,2
00:28:54.843,snap,default,com.deepseek.chat,discharging,1,37.2,46.9,100,95,1,11.86,0,0,15,3.886,0.624,2.424864,13994,8980,0,-,2
00:28:55.843,snap,default,com.deepseek.chat,discharging,1,37.2,46.9,100,95,1,11.86,0,0,16,3.902,0.616,2.403632,13808,7855,0,-,2
00:28:56.843,snap,default,com.deepseek.chat,discharging,1,37.2,46.9,100,95,1,12.25,0,0,16,3.913,0.316,1.2365081,13808,7855,0,-,2
00:28:57.843,snap,default,com.deepseek.chat,discharging,1,37.2,47.7,100,95,1,12.25,0,0,16,3.882,0.764,2.965848,14952,9584,0,-,2
00:28:58.843,snap,default,com.deepseek.chat,discharging,1,37.2,48.1,100,95,1,12.75,0,0,16,3.889,0.648,2.520072,14952,9584,0,-,2
00:28:59.843,snap,default,com.deepseek.chat,discharging,1,37.2,48.1,100,95,1,12.75,0,0,16,3.879,0.696,2.6997838,17346,11060,0,-,2
00:29:00.844,snap,default,com.deepseek.chat,discharging,1,37.2,48.1,100,95,1,13.34,0,0,16,3.886,0.676,2.626936,17346,11060,0,-,2
00:29:01.843,snap,default,com.deepseek.chat,discharging,1,37.2,48.5,100,95,1,13.34,0,0,13,3.877,0.642,2.4890342,19221,12112,0,-,2
00:29:02.844,snap,default,com.deepseek.chat,discharging,1,37.3,48.5,100,95,1,13.82,0,0,19,3.882,0.708,2.748456,19221,12112,0,-,2
00:29:03.844,snap,default,com.deepseek.chat,discharging,1,37.3,49.3,100,95,1,13.82,0,0,23,3.852,0.906,3.489912,22112,14161,0,-,2
00:29:04.845,snap,default,com.deepseek.chat,discharging,1,37.3,49.3,100,95,1,14.58,0,0,22,3.881,0.728,2.825368,22112,14161,0,-,2
00:29:05.845,snap,default,com.deepseek.chat,discharging,1,37.3,48.9,100,95,1,14.58,0,0,18,3.881,0.694,2.693414,22112,14161,0,-,2
00:29:06.845,snap,default,com.deepseek.chat,discharging,1,37.3,48.9,100,95,1,14.65,0,0,19,3.877,0.77,2.98529,18769,11435,0,-,2
00:29:07.846,snap,default,com.deepseek.chat,discharging,1,37.3,49.7,100,95,1,14.65,0,0,22,3.884,0.804,3.1227362,18769,11435,0,-,2
00:29:08.845,snap,default,com.deepseek.chat,discharging,1,37.3,50.1,100,95,1,14.53,0,0,18,3.877,0.818,3.1713862,20561,11269,0,-,2
00:29:09.845,snap,default,com.deepseek.chat,discharging,1,37.3,50.9,100,95,1,14.53,0,0,20,3.871,0.9,3.4839,20561,11269,0,-,2
00:29:10.846,snap,default,com.deepseek.chat,discharging,1,37.3,51.3,100,95,1,14.62,0,0,20,3.87,0.878,3.39786,19036,11640,0,-,2
00:29:11.845,snap,default,com.deepseek.chat,discharging,1,37.3,51.7,100,95,1,14.62,0,0,20,3.869,0.91,3.52079,19036,11640,0,-,2
00:29:12.846,snap,default,com.deepseek.chat,discharging,1,37.3,51.3,100,95,1,14.69,0,0,12,3.883,0.682,2.6482058,19277,11288,0,-,2
00:29:13.846,snap,default,com.deepseek.chat,discharging,1,37.3,50.5,100,95,1,14.69,0,0,10,3.883,0.682,2.6482058,19277,11288,0,-,2
00:29:14.846,snap,default,com.deepseek.chat,discharging,1,37.3,50.1,100,95,1,14.69,0,0,10,3.881,0.738,2.864178,13562,7394,0,-,2
00:29:15.846,snap,default,com.deepseek.chat,discharging,1,37.3,50.1,100,95,1,14.56,0,0,10,3.883,0.692,2.6870358,13562,7394,0,-,2
00:29:16.846,snap,default,com.deepseek.chat,discharging,1,37.3,50.1,100,95,1,14.56,0,0,11,3.835,1.354,5.1925898,20685,11701,0,-,2
00:29:17.846,snap,default,com.deepseek.chat,discharging,1,37.3,50.1,100,95,1,14.82,0,0,18,3.803,1.734,6.594402,20685,11701,0,-,2
00:29:18.846,snap,default,com.deepseek.chat,discharging,1,37.3,50.1,100,95,1,14.82,0,0,21,3.809,1.92,7.3132796,20371,11278,0,-,2
00:29:19.846,snap,default,com.deepseek.chat,discharging,1,37.3,50.1,100,95,1,13.76,0,0.36,20,3.806,1.784,6.789904,20371,11278,0,-,2
00:29:20.847,snap,default,com.deepseek.chat,discharging,1,37.3,50.1,100,95,1,13.76,0,0.36,18,3.812,1.806,6.884472,21259,13134,0,-,2
00:29:21.847,snap,default,com.deepseek.chat,discharging,1,37.3,53.1,100,95,1,13.81,0,0.29,19,3.839,1.48,5.6817203,21259,13134,0,-,2
00:29:22.847,snap,default,com.deepseek.chat,discharging,1,37.3,55.2,100,95,1,13.81,0,0.29,15,3.866,0.962,3.719092,15000,8107,0,-,2
00:29:23.851,snap,default,com.deepseek.chat,charging,1,37.4,54,100,95,1,13.48,0,0.42,0,3.901,0.51,1.9895099,15000,8107,0,-,2
00:29:24.851,snap,default,com.deepseek.chat,charging,1,37.4,54,100,95,1,16.83,1.81,2.34,4,3.925,0.028,0.109900005,29569,6557,0,-,2
00:29:25.851,snap,default,com.deepseek.chat,charging,1,37.4,57,100,95,1,16.83,1.81,2.34,4,3.919,0.196,0.768124,29569,6557,0,-,2
00:29:26.852,snap,default,com.deepseek.chat,charging,1,37.4,59.6,100,95,1,24.83,2.57,4.81,5,3.935,-0.254,0.99949,25603,8809,0,-,2
00:29:27.852,snap,default,com.deepseek.chat,charging,1,37.4,58,100,95,1,24.83,2.57,4.81,20,3.978,-0.602,2.3947558,25603,8809,0,-,2
00:29:28.852,snap,default,com.deepseek.chat,charging,1,37.4,55,100,95,1,32.11,2.64,3.94,10,4.14,-3.214,13.30596,17404,6366,0,-,2
00:29:29.852,snap,default,com.deepseek.chat,charging,1,37.4,54,100,95,1,32.11,2.64,3.94,0,4.274,-6.312,26.977488,17404,6366,0,-,2
00:29:30.852,snap,default,com.deepseek.chat,charging,1,37.4,52.8,100,95,1,38.25,2.71,3.95,5,4.368,-8.574,37.451233,17404,6366,0,-,2
00:29:31.853,snap,default,com.deepseek.chat,charging,1,37.4,52.8,100,95,1,38.25,2.71,3.95,5,4.373,-8.86,38.74478,23994,5770,0,-,2
00:29:32.853,snap,default,com.deepseek.chat,charging,1,37.4,52.8,100,95,1,43.82,2.76,3.59,0,4.378,-8.846,38.727783,23994,5770,0,-,2
00:29:33.853,snap,default,com.deepseek.chat,charging,1,37.4,55.8,100,95,1,43.82,2.76,3.59,0,4.359,-8.34,36.35406,21996,7150,0,-,2
00:29:34.854,snap,default,com.deepseek.chat,charging,1,37.5,58,100,95,1,45.84,2.8,3.85,16,4.388,-8.66,38.00008,21996,7150,0,-,2
00:29:35.853,snap,default,com.deepseek.chat,charging,1,37.5,57.2,100,95,1,45.84,2.8,3.85,0,4.389,-8.89,39.01821,24431,6829,0,-,2
00:29:36.854,snap,default,com.deepseek.chat,charging,1,37.5,55.2,100,95,1,45.87,2.84,3.33,0,4.388,-8.65,37.9562,24431,6829,0,-,2
00:29:37.854,snap,default,com.deepseek.chat,charging,1,37.5,53.2,100,95,1,45.87,2.84,3.33,0,4.401,-8.956,39.41536,18613,5648,0,-,2
00:29:38.854,snap,default,com.deepseek.chat,charging,1,37.5,53.2,100,95,1,41.73,3.23,3.09,13,4.411,-8.994,39.672535,18613,5648,0,-,2
00:29:39.854,snap,default,com.deepseek.chat,charging,1,37.5,53.2,100,95,1,41.73,3.23,3.09,14,4.401,-8.728,38.411926,17197,7478,0,-,2
00:29:40.855,snap,default,com.deepseek.chat,charging,1,37.5,52.4,100,95,1,36.34,2.64,2.53,14,4.418,-9.12,40.29216,17197,7478,0,-,2
00:29:41.855,snap,default,com.deepseek.chat,charging,1,37.5,50.9,100,95,1,36.34,2.64,2.53,0,4.419,-9.074,40.098007,10595,4560,0,-,2
00:29:42.855,snap,default,com.deepseek.chat,charging,1,37.5,50.5,100,95,1,31.2,2.34,2.25,0,4.424,-9.09,40.214157,10595,4560,0,-,2
00:29:43.855,snap,default,com.deepseek.chat,charging,1,37.5,50.9,100,95,1,31.2,2.34,2.25,13,4.422,-9.046,40.001408,9449,3246,0,-,2
00:29:44.855,snap,default,com.deepseek.chat,charging,1,37.5,52.1,100,95,1,27.54,2.1,1.84,17,4.422,-9.046,40.001408,9449,3246,0,-,2
00:29:45.856,snap,default,com.deepseek.chat,charging,1,37.6,53.6,100,95,1,27.54,2.1,1.84,17,4.415,-8.816,38.922638,21003,10890,0,-,2
00:29:46.856,snap,default,com.deepseek.chat,charging,1,37.6,53.6,100,95,1,27.54,2.1,1.84,13,4.422,-8.896,39.33811,21003,10890,0,-,2
00:29:47.856,snap,default,com.deepseek.chat,charging,1,37.6,53.6,100,95,1,25.09,1.72,1.69,13,4.42,-8.922,39.43524,18569,10141,0,-,2
00:29:48.856,snap,default,com.deepseek.chat,charging,1,37.6,52.8,100,95,1,25.09,1.72,1.69,15,4.424,-8.888,39.320507,18569,10141,0,-,2
00:29:49.857,snap,default,com.deepseek.chat,charging,1,37.6,52.8,100,95,1,22.54,1.59,1.38,16,4.433,-9.19,40.73927,17390,9104,0,-,2
00:29:50.857,snap,default,com.deepseek.chat,charging,1,37.6,52.8,100,95,1,22.54,1.59,1.38,17,4.431,-8.908,39.47135,17390,9104,0,-,2
00:29:51.857,snap,default,com.deepseek.chat,charging,1,37.8,52.4,100,95,1,20.45,1.3,1.13,14,4.441,-9.03,40.10223,16448,9750,0,-,2
00:29:52.857,snap,default,com.deepseek.chat,charging,1,37.8,50.9,100,95,1,20.45,1.3,1.13,14,4.445,-9.134,40.60063,16448,9750,0,-,2
00:29:53.857,snap,default,com.deepseek.chat,charging,1,37.8,50.1,100,95,1,18.37,1.06,0.92,14,4.449,-9.334,41.526962,7608,2824,0,-,2
00:29:54.859,snap,default,com.deepseek.chat,charging,1,37.8,48.9,100,95,1,18.37,1.06,0.92,0,4.445,-9.222,40.99179,7608,2824,0,-,2
00:29:55.859,snap,default,com.deepseek.chat,charging,1,37.9,47.7,100,95,1,16.49,0.87,0.76,0,4.453,-9.412,41.911636,6028,2288,0,-,2
00:29:56.859,snap,default,com.deepseek.chat,charging,1,37.9,47.7,100,95,1,16.49,0.87,0.76,0,4.455,-9.422,41.97501,6028,2288,0,-,2
00:29:57.860,snap,default,com.deepseek.chat,charging,1,37.9,47.3,100,95,1,15.13,0.71,0.62,13,4.439,-9.228,40.963093,6028,2288,0,-,2
00:29:58.860,snap,default,com.deepseek.chat,charging,1,37.9,47.3,100,95,1,14.38,0.58,0.5,13,4.456,-9.366,41.734894,10252,5201,0,-,2
00:29:59.861,snap,default,com.deepseek.chat,charging,1,37.9,46.5,100,95,1,14.38,0.58,0.5,0,4.457,-9.428,42.020596,10252,5201,0,-,2
00:30:00.860,snap,default,com.deepseek.chat,charging,1,37.9,46.5,100,95,1,13.95,0.47,0.41,0,4.459,-9.318,41.54896,6777,3073,0,-,2
00:30:01.862,snap,default,com.deepseek.chat,charging,1,38,47.7,100,95,1,13.95,0.47,0.41,0,4.455,-9.224,41.09292,6777,3073,0,-,2
00:30:02.863,snap,default,com.deepseek.chat,charging,1,38,47.7,100,95,1,12.87,0.57,0.34,0,4.46,-9.362,41.754524,10576,3262,0,-,2
00:30:03.864,snap,default,com.deepseek.chat,charging,1,38,46.5,100,95,1,12.87,0.57,0.34,0,4.462,-9.388,41.88925,10576,3262,0,-,2
00:30:04.864,snap,default,com.deepseek.chat,charging,1,38,46.1,100,95,1,11.81,0.46,0.27,0,4.464,-9.428,42.086597,5398,1743,0,-,2
00:30:05.864,snap,default,com.deepseek.chat,charging,1,38,46.1,100,95,1,11.81,0.46,0.27,0,4.464,-9.432,42.10445,5398,1743,0,-,2
00:30:06.865,snap,default,com.deepseek.chat,charging,1,38.2,45.7,100,95,1,11.12,0.38,0.41,0,4.465,-9.434,42.12281,5868,2294,0,-,2
00:30:07.866,snap,default,com.deepseek.chat,charging,1,38.2,46.1,100,95,1,11.12,0.38,0.41,9,4.448,-9.244,41.117313,5868,2294,0,-,2
00:30:08.866,snap,default,com.deepseek.chat,charging,1,38.2,48.5,100,95,1,11.64,0.31,0.33,16,4.459,-9.168,40.880116,12847,8055,0,-,2
00:30:09.866,snap,default,com.deepseek.chat,charging,1,38.2,48.5,100,95,1,11.64,0.31,0.33,17,4.443,-8.868,39.400524,12847,8055,0,-,2
00:30:10.866,snap,default,com.deepseek.chat,charging,1,38.2,49.7,100,95,1,11.7,0.25,0.27,17,4.453,-9.164,40.80729,14632,9034,0,-,2
00:30:11.867,snap,default,com.deepseek.chat,charging,1,38.2,48.5,100,95,1,11.7,0.25,0.27,22,4.456,-9.086,40.487217,14632,9034,0,-,2
00:30:12.868,snap,default,com.deepseek.chat,charging,1,38.3,48.1,100,95,1,12.12,0.2,0.22,0,4.464,-9.358,41.774113,13729,8850,0,-,2
00:30:13.869,snap,default,com.deepseek.chat,charging,1,38.3,47.3,100,95,1,12.12,0.2,0.22,0,4.465,-9.346,41.72989,13729,8850,0,-,2
00:30:14.870,snap,default,com.deepseek.chat,charging,1,38.3,47.3,100,95,1,11.55,0.17,0.18,0,4.467,-9.362,41.820057,7207,2545,0,-,2
00:30:15.870,snap,default,com.deepseek.chat,charging,1,38.3,47.3,100,95,1,11.55,0.17,0.18,21,4.468,-9.276,41.445168,7207,2545,0,-,2
00:30:16.870,snap,default,com.deepseek.chat,charging,1,38.3,49.3,100,95,1,12.36,0.14,0.14,15,4.468,-9.276,41.445168,16011,8447,0,-,2
00:30:17.870,snap,default,com.deepseek.chat,charging,1,38.5,50.1,100,95,1,12.36,0.14,0.14,15,4.457,-8.994,40.086258,16011,8447,0,-,2
00:30:18.870,snap,default,com.deepseek.chat,charging,1,38.5,50.9,100,95,1,12.36,0.14,0.14,22,4.455,-8.908,39.68514,24253,14291,0,-,2
00:30:19.870,snap,default,com.deepseek.chat,charging,1,38.5,52.1,100,95,1,13.56,0.11,0.12,21,4.454,-8.898,39.63169,24253,14291,0,-,2
00:30:20.870,snap,default,com.deepseek.chat,charging,1,38.5,52.8,100,95,1,13.56,0.11,0.12,19,4.454,-8.902,39.64951,19110,11660,0,-,2
00:30:21.871,snap,default,com.deepseek.chat,charging,1,38.5,53.2,100,95,1,13.82,0.09,0.1,20,4.453,-8.858,39.444675,19110,11660,0,-,2
00:30:22.871,snap,default,com.deepseek.chat,charging,1,38.5,54,100,95,1,13.82,0.09,0.1,20,4.455,-8.864,39.48912,19118,10982,0,-,2
00:30:23.872,snap,default,com.deepseek.chat,charging,1,38.6,54.8,100,95,1,14.21,0.07,0.08,15,4.451,-8.848,39.382446,19118,10982,0,-,2
00:30:24.871,snap,default,com.deepseek.chat,charging,1,38.6,55.2,100,95,1,14.21,0.07,0.08,9,4.453,-8.776,39.07953,19118,10982,0,-,2
00:30:25.872,snap,default,com.deepseek.chat,charging,1,38.6,55.2,100,95,1,14.54,0.06,0.06,10,4.459,-8.936,39.845623,17472,9075,0,-,2
00:30:26.873,snap,default,com.deepseek.chat,charging,1,38.6,54,100,95,1,14.54,0.06,0.06,10,4.456,-8.95,39.8812,17472,9075,0,-,2
00:30:27.874,snap,default,com.deepseek.chat,charging,1,38.7,54,100,95,1,14.26,0.05,0.05,10,4.453,-8.918,39.711857,16123,8352,0,-,2
00:30:28.874,snap,default,com.deepseek.chat,charging,1,38.7,51.7,100,95,1,14.26,0.05,0.05,9,4.466,-9.086,40.57808,16123,8352,0,-,2
00:30:29.875,snap,default,com.deepseek.chat,charging,1,38.7,49.3,100,95,1,13.85,0.04,0.04,9,4.471,-9.28,41.49088,8869,4224,0,-,2
00:30:30.876,snap,default,com.deepseek.chat,charging,1,38.7,48.1,100,95,1,12.79,0.03,0.03,0,4.472,-9.298,41.580658,8869,4224,0,-,2
00:30:31.876,snap,default,com.deepseek.chat,charging,1,38.7,48.1,100,95,1,12.79,0.03,0.03,0,4.471,-9.242,41.320984,5411,1823,0,-,2
00:30:32.876,snap,default,com.deepseek.chat,charging,1,38.7,49.7,100,95,1,12.46,0.02,0.02,12,4.468,-9.142,40.846455,5411,1823,0,-,2
00:30:33.876,snap,default,com.deepseek.chat,charging,1,38.9,51.3,100,95,1,12.46,0.02,0.02,18,4.466,-9.008,40.22973,17438,11737,0,-,2
00:30:34.876,snap,default,com.deepseek.chat,charging,1,38.9,51.3,100,95,1,13.46,0.02,0.02,18,4.47,-9.062,40.50714,17438,11737,0,-,2
00:30:35.877,snap,default,com.deepseek.chat,charging,1,38.9,48.9,100,95,1,13.46,0.02,0.02,0,4.479,-9.316,41.726364,12727,6292,0,-,2
00:30:36.877,snap,default,com.deepseek.chat,charging,1,38.9,46.9,100,95,1,12.65,0.01,0.01,0,4.473,-9.332,41.742035,12727,6292,0,-,2
00:30:37.878,snap,default,com.deepseek.chat,charging,1,38.9,46.9,100,95,1,12.65,0.01,0.01,0,4.456,-8.826,39.328655,6315,2646,0,-,2
00:30:38.878,snap,default,com.deepseek.chat,charging,1,39,46.5,100,95,1,11.81,0.01,0.01,0,4.453,-8.676,38.634228,6315,2646,0,-,2
00:30:39.879,snap,default,com.deepseek.chat,charging,1,39,46.5,100,95,1,11.81,0.01,0.01,0,4.457,-8.686,38.7135,5466,2013,0,-,2
00:30:40.879,snap,default,com.deepseek.chat,charging,1,39,45.7,100,95,1,11.12,0.01,0.01,0,4.456,-8.69,38.722637,5466,2013,0,-,2
00:30:41.880,snap,default,com.deepseek.chat,charging,1,39,45.7,100,95,1,11.12,0.01,0.01,0,4.456,-8.69,38.722637,4303,1471,0,-,2
00:30:42.880,snap,default,com.deepseek.chat,charging,1,39,45.7,100,95,1,10.91,0,0,0,4.454,-8.654,38.544918,4303,1471,0,-,2
00:30:43.880,snap,default,com.deepseek.chat,charging,1,39,46.1,100,95,1,10.91,0,0,0,4.457,-8.556,38.13409,8155,3200,0,-,2
00:30:44.881,snap,default,com.deepseek.chat,charging,1,39.1,46.5,100,95,1,10.57,0,0,0,4.451,-8.474,37.717777,8155,3200,0,-,2
00:30:45.881,snap,default,com.deepseek.chat,charging,1,39.1,46.9,100,95,1,10.57,0,0,0,4.457,-8.646,38.53522,5506,1778,0,-,2
00:30:46.882,snap,default,com.deepseek.chat,charging,1,39.1,46.9,100,95,1,10.1,0,0,0,4.457,-8.658,38.588703,5506,1778,0,-,2
00:30:47.884,snap,default,com.deepseek.chat,charging,1,39.1,46.1,100,95,1,10.1,0,0,0,4.457,-8.658,38.588703,5621,1985,0,-,2
00:30:48.884,snap,default,com.deepseek.chat,charging,1,39.1,46.1,100,95,1,10.1,0,0,0,4.457,-8.652,38.561962,5621,1985,0,-,2
00:30:49.884,snap,default,com.deepseek.chat,charging,1,39.3,45.3,100,95,1,9.72,0,0,0,4.456,-8.628,38.44637,5621,1985,0,-,2
00:30:50.885,snap,default,com.deepseek.chat,charging,1,39.3,45.3,100,95,1,9.72,0,0,0,4.459,-8.656,38.597107,4604,1542,0,-,2
00:30:51.886,snap,default,com.deepseek.chat,charging,1,39.3,45.3,100,95,1,9.22,0,0,0,4.458,-8.636,38.499287,4604,1542,0,-,2
00:30:52.886,snap,default,com.deepseek.chat,charging,1,39.3,45.3,100,95,1,9.22,0,0,0,4.459,-8.64,38.52576,4478,1489,0,-,2
00:30:53.887,snap,default,com.deepseek.chat,charging,1,39.3,45.3,100,95,1,9,0,0,0,4.457,-8.614,38.392597,4478,1489,0,-,2
00:30:54.887,snap,default,com.deepseek.chat,charging,1,39.3,45.3,100,95,1,9,0,0,0,4.459,-8.596,38.329563,6042,1988,0,-,2
00:30:55.887,snap,default,com.deepseek.chat,charging,1,39.4,45.3,100,95,1,9.18,0,0,0,4.458,-8.586,38.27639,6042,1988,0,-,2
00:30:56.888,snap,default,com.deepseek.chat,charging,1,39.4,45.3,100,95,1,9.18,0,0,0,4.46,-8.608,38.391678,6116,2289,0,-,2
00:30:57.889,snap,default,com.deepseek.chat,charging,1,39.4,45.7,100,95,1,9.33,0,0,0,4.457,-8.488,37.831013,6116,2289,0,-,2
00:30:58.889,snap,default,com.deepseek.chat,charging,1,39.4,45.7,100,95,1,9.33,0,0,0,4.459,-8.574,38.23147,7378,2669,0,-,2
00:30:59.890,snap,default,com.deepseek.chat,charging,1,39.4,45.7,100,95,1,8.54,0,0,0,4.454,-8.556,38.10842,7378,2669,0,-,2
00:31:00.891,snap,default,com.deepseek.chat,charging,1,39.4,45.7,100,95,1,8.54,0,0,0,4.459,-8.56,38.169044,7491,2965,0,-,2
00:31:01.891,snap,default,com.deepseek.chat,charging,1,39.4,45.3,100,95,1,8.63,0,0,0,4.461,-8.564,38.204002,7491,2965,0,-,2
00:31:02.892,snap,default,com.deepseek.chat,charging,1,39.4,45.3,100,95,1,8.33,0,0,0,4.461,-8.584,38.29322,4782,1588,0,-,2
00:31:03.892,snap,default,com.deepseek.chat,charging,1,39.4,45.3,100,95,1,8.33,0,0,0,4.462,-8.566,38.221493,4782,1588,0,-,2
00:31:04.894,snap,default,com.deepseek.chat,charging,1,39.4,45.3,100,95,1,8.63,0,0,0,4.458,-8.54,38.07132,6335,1983,0,-,2
00:31:05.894,snap,default,com.deepseek.chat,charging,1,39.6,45.7,100,95,1,8.63,0,0,0,4.459,-8.504,37.919334,6335,1983,0,-,2
00:31:06.894,snap,default,com.deepseek.chat,charging,1,39.6,46.5,100,95,1,7.61,0,0,0,4.459,-8.506,37.928253,5920,1843,0,-,2
00:31:07.895,snap,default,com.deepseek.chat,charging,1,39.6,46.5,100,95,1,7.61,0,0,0,4.46,-8.44,37.6424,5920,1843,0,-,2
00:31:08.895,snap,default,com.deepseek.chat,charging,1,39.6,46.1,100,95,1,6.77,0,0,0,4.462,-8.518,38.007313,6784,2207,0,-,2
00:31:09.895,snap,default,com.deepseek.chat,charging,1,39.6,45.7,100,95,1,6.77,0,0,0,4.463,-8.534,38.087242,6784,2207,0,-,2
00:31:10.896,snap,default,com.deepseek.chat,charging,1,39.6,45.7,100,95,1,7,0,0,0,4.462,-8.514,37.989468,5286,1854,0,-,2
00:31:11.896,snap,default,com.deepseek.chat,charging,1,39.6,45.7,100,95,1,7,0,0,0,4.463,-8.51,37.98013,5286,1854,0,-,2
00:31:12.896,snap,default,com.deepseek.chat,charging,1,39.6,45.7,100,95,1,7.36,0,0,0,4.459,-8.382,37.37534,6904,2822,0,-,2
00:31:13.897,snap,default,com.deepseek.chat,charging,1,39.6,45.3,100,95,1,7.36,0,0,0,4.464,-8.478,37.84579,6904,2822,0,-,2
00:31:14.897,snap,default,com.deepseek.chat,charging,1,39.6,45.3,100,95,1,7.47,0,0,0,4.468,-8.74,39.05032,4642,1470,0,-,2
00:31:15.899,snap,default,com.deepseek.chat,charging,1,39.6,45.3,100,95,1,7.47,0,0,0,4.468,-8.74,39.05032,4642,1470,0,-,2
00:31:16.900,snap,default,com.deepseek.chat,charging,1,39.7,45.7,100,95,1,7.47,0,0,0,4.465,-8.482,37.87213,4642,1470,0,-,2
00:31:17.900,snap,default,com.deepseek.chat,charging,1,39.7,45.7,100,95,1,7.93,0,0,0,4.468,-8.614,38.487354,6543,2509,0,-,2
00:31:18.900,snap,default,com.deepseek.chat,charging,1,39.7,45.3,100,95,1,7.93,0,0,0,4.467,-8.658,38.675285,6543,2509,0,-,2
00:31:19.900,snap,default,com.deepseek.chat,charging,1,39.7,45.3,100,95,1,7.94,0,0,0,4.47,-8.632,38.585037,4455,1597,0,-,2
00:31:20.901,snap,default,com.deepseek.chat,charging,1,39.7,44.9,100,95,1,7.94,0,0,0,4.484,-8.72,39.100483,4455,1597,0,-,2
00:31:21.902,snap,default,com.deepseek.chat,charging,1,39.8,44.9,100,95,1,8.13,0,0,0,4.472,-8.652,38.691746,5736,2153,0,-,2
00:31:22.902,snap,default,com.deepseek.chat,charging,1,39.8,45.3,100,95,1,8.13,0,0,0,4.463,-8.572,38.256832,5736,2153,0,-,2
00:31:23.902,snap,default,com.deepseek.chat,charging,1,39.8,46.1,100,95,1,8.65,0.18,0,0,4.482,-8.702,39.00236,7592,2788,0,-,2
00:31:24.903,snap,default,com.deepseek.chat,charging,1,39.8,46.1,100,95,1,8.65,0.18,0,0,4.476,-8.794,39.361942,7592,2788,0,-,2
00:31:25.902,snap,default,com.deepseek.chat,charging,1,39.8,47.3,100,95,1,8.9,0.14,0,0,4.474,-8.558,38.28849,11606,4548,0,-,2
00:31:26.903,snap,default,com.deepseek.chat,charging,1,39.8,48.5,100,95,1,8.9,0.14,0,0,4.48,-8.442,37.820164,11606,4548,0,-,2
00:31:27.903,snap,default,com.deepseek.chat,charging,1,39.9,48.5,100,95,1,10,0.3,0.36,0,4.464,-8.49,37.89936,14459,6253,0,-,2
00:31:28.903,snap,default,com.deepseek.chat,charging,1,39.9,48.1,100,95,1,10,0.3,0.36,0,4.473,-8.4,37.5732,14459,6253,0,-,2
00:31:29.904,snap,default,com.deepseek.chat,charging,1,39.9,48.1,100,95,1,11.09,0.24,0.29,0,4.465,-8.254,36.85411,12338,4981,0,-,2
00:31:30.904,snap,default,com.deepseek.chat,charging,1,39.9,48.1,100,95,1,11.09,0.24,0.29,0,4.472,-8.73,39.040558,12338,4981,0,-,2
00:31:31.905,snap,default,com.deepseek.chat,charging,1,39.9,47.7,100,95,1,10.16,0.2,0.24,5,4.484,-8.658,38.822475,6823,2204,0,-,2
00:31:32.905,snap,default,com.deepseek.chat,charging,1,40.1,47.7,100,95,1,9.41,0.16,0.19,0,4.482,-8.668,38.849976,6823,2204,0,-,2
00:31:33.905,snap,default,com.deepseek.chat,charging,1,40.1,47.3,100,95,1,9.41,0.16,0.19,0,4.468,-8.31,37.12908,6973,2529,0,-,2
00:31:34.906,snap,default,com.deepseek.chat,charging,1,40.1,47.3,100,95,1,8.79,0.13,0.16,0,4.488,-8.764,39.332832,6973,2529,0,-,2
00:31:35.906,snap,default,com.deepseek.chat,charging,1,40.1,46.9,100,95,1,8.79,0.13,0.16,0,4.478,-8.718,39.039207,4729,1618,0,-,2
00:31:36.908,snap,default,com.deepseek.chat,charging,1,40.1,46.1,100,95,1,8.46,0.11,0.13,0,4.492,-8.764,39.36789,4729,1618,0,-,2
00:31:37.909,snap,default,com.deepseek.chat,charging,1,40.1,46.1,100,95,1,8.46,0.11,0.13,0,4.476,-8.772,39.263474,4753,1828,0,-,2
00:31:38.909,snap,default,com.deepseek.chat,charging,1,40.1,46.1,100,95,1,8.38,0.09,0.1,0,4.489,-8.784,39.431377,4753,1828,0,-,2
00:31:39.909,snap,default,com.deepseek.chat,charging,1,40.1,46.5,100,95,1,8.38,0.09,0.1,0,4.492,-8.704,39.09837,6975,2097,0,-,2
00:31:40.910,snap,default,com.deepseek.chat,charging,1,40.1,46.9,100,95,1,8.31,0.07,0.08,0,4.478,-8.76,39.227283,6975,2097,0,-,2
00:31:41.909,snap,default,com.deepseek.chat,charging,1,40.1,46.9,100,95,1,8.31,0.07,0.08,0,4.48,-8.774,39.30752,5470,1602,0,-,2
00:31:42.910,snap,default,com.deepseek.chat,charging,1,40.1,47.3,100,95,1,7.53,0.06,0.07,0,4.491,-8.662,38.901043,5470,1602,0,-,2
00:31:43.911,snap,default,com.deepseek.chat,charging,1,40.3,47.3,100,95,1,7.53,0.06,0.07,0,4.486,-8.774,39.360165,5470,1602,0,-,2
00:31:44.911,snap,default,com.deepseek.chat,charging,1,40.3,46.5,100,95,1,7.61,0.04,0.05,0,4.494,-8.754,39.340473,6492,2537,0,-,2
00:31:45.911,snap,default,com.deepseek.chat,charging,1,40.3,46.5,100,95,1,7.61,0.04,0.05,0,4.481,-8.768,39.289406,6492,2537,0,-,2
00:31:46.911,snap,default,com.deepseek.chat,charging,1,40.3,46.1,100,95,1,7.86,0.03,0.04,0,4.481,-8.768,39.289406,5304,1747,0,-,2
00:31:47.912,snap,default,com.deepseek.chat,charging,1,40.3,45.7,100,95,1,7.86,0.03,0.04,0,4.495,-8.674,38.989628,5304,1747,0,-,2
00:31:48.913,snap,default,com.deepseek.chat,charging,1,40.3,45.7,100,95,1,7.86,0.03,0.04,0,4.489,-8.792,39.467285,4746,1525,0,-,2
00:31:49.913,snap,default,com.deepseek.chat,charging,1,40.3,45.7,100,95,1,8.07,0.03,0.03,0,4.496,-8.668,38.97133,4746,1525,0,-,2
00:31:50.913,snap,default,com.deepseek.chat,charging,1,40.3,45.7,100,95,1,8.07,0.03,0.03,0,4.495,-8.724,39.21438,5757,2208,0,-,2
00:31:51.913,snap,default,com.deepseek.chat,charging,1,40.3,45.7,100,95,1,8.05,0.02,0.03,0,4.497,-8.724,39.23183,5757,2208,0,-,2
00:31:52.914,snap,default,com.deepseek.chat,charging,1,40.3,45.7,100,95,1,8.05,0.02,0.03,0,4.481,-8.554,38.330475,4484,1628,0,-,2
00:31:53.914,snap,default,com.deepseek.chat,charging,1,40.3,45.7,100,95,1,8.04,0.02,0.02,0,4.442,-7.49,33.270576,4484,1628,0,-,2
00:31:54.915,snap,default,com.deepseek.chat,charging,1,40.4,45.7,100,95,1,8.04,0.02,0.02,0,4.44,-7.218,32.04792,4331,1458,0,-,2
00:31:55.915,snap,default,com.deepseek.chat,charging,1,40.4,45.7,100,95,1,8.03,0.01,0.02,0,4.439,-7.22,32.04958,4331,1458,0,-,2
00:31:56.917,snap,default,com.deepseek.chat,charging,1,40.4,45.3,100,95,1,8.03,0.01,0.02,0,4.44,-7.226,32.08344,5048,1805,0,-,2
00:31:57.917,snap,default,com.deepseek.chat,charging,1,40.4,45.3,100,95,1,8.03,0.01,0.01,0,4.439,-7.208,31.996313,5048,1805,0,-,2
00:31:58.917,snap,default,com.deepseek.chat,charging,1,40.4,45.3,100,95,1,8.03,0.01,0.01,0,4.441,-7.236,32.135075,4441,1432,0,-,2
00:31:59.918,snap,default,com.deepseek.chat,charging,1,40.4,45.3,100,95,1,8.02,0.01,0.01,0,4.439,-7.232,32.102848,4441,1432,0,-,2
00:32:00.918,snap,default,com.deepseek.chat,charging,1,40.5,45.3,100,95,1,8.02,0.01,0.01,0,4.437,-7.226,32.06176,5498,2132,0,-,2
00:32:01.928,snap,default,com.deepseek.chat,charging,1,40.5,46.1,100,95,1,8.2,0,0.01,0,4.439,-7.184,31.889776,5498,2132,0,-,2
00:32:02.928,snap,default,com.deepseek.chat,charging,1,40.5,46.1,100,95,1,8.2,0,0.01,0,4.438,-7.212,32.00686,5350,1793,0,-,2
00:32:03.929,snap,default,com.deepseek.chat,charging,1,40.5,46.1,100,95,1,8.16,0,0,0,4.441,-7.214,32.037376,5350,1793,0,-,2
00:32:04.929,snap,default,com.deepseek.chat,charging,1,40.5,46.9,100,95,1,11.21,0,0,0,4.439,-7.142,31.70334,8458,2286,0,-,2
00:32:05.929,snap,default,com.deepseek.chat,charging,1,40.5,47.7,100,95,1,11.21,0,0,0,4.429,-6.982,30.923277,8458,2286,0,-,2
00:32:06.943,snap,default,com.deepseek.chat,charging,1,40.5,47.7,100,95,1,18.6,0.36,0.36,14,4.382,-5.89,25.809978,41837,15151,0,-,2
00:32:07.933,snap,default,com.deepseek.chat,charging,1,40.5,47.7,100,95,1,18.6,0.36,0.36,17,4.354,-5.218,22.719172,41837,15151,0,-,2
00:32:08.933,snap,default,com.deepseek.chat,charging,1,40.5,47.7,100,95,1,27.91,1.38,2.11,27,4.351,-4.898,21.311195,41837,15151,0,-,2
00:32:09.933,snap,default,bin.mt.plus.canary,charging,1,40.5,47.7,100,95,1,27.91,1.38,2.11,7,4.356,-5.07,22.08492,49818,14556,0,-,2
00:32:10.935,snap,default,bin.mt.plus.canary,charging,1,40.5,47.7,100,95,1,33.72,2.04,2.81,7,4.373,-5.336,23.334328,49818,14556,0,-,2
00:32:11.936,snap,default,bin.mt.plus.canary,charging,1,40.6,47.7,100,95,1,33.72,2.04,2.81,6,4.368,-5.41,23.63088,45155,14642,0,-,2
00:32:12.937,snap,default,bin.mt.plus.canary,charging,1,40.6,47.7,100,95,1,35.58,2.39,3.57,6,4.38,-5.688,24.91344,45155,14642,0,-,2
00:32:13.938,snap,default,bin.mt.plus.canary,charging,1,40.6,50.7,100,95,1,35.58,2.39,3.57,6,4.409,-6.216,27.406343,36180,11439,0,-,2
00:32:14.937,snap,default,bin.mt.plus.canary,charging,1,40.6,53.7,100,95,1,32.76,1.96,2.92,0,4.411,-6.544,28.865583,36180,11439,0,-,2
00:32:15.937,snap,default,bin.mt.plus.canary,charging,1,40.6,55.6,100,95,1,32.76,1.96,2.92,7,4.413,-6.574,29.011063,18460,7548,0,-,2
00:32:16.938,snap,default,bin.mt.plus.canary,charging,1,40.7,54,100,95,1,29.9,1.6,2.39,7,4.413,-6.502,28.693327,18460,7548,0,-,2
00:32:17.940,snap,default,bin.mt.plus.canary,charging,1,40.7,53.2,100,95,1,29.9,1.6,2.39,0,4.418,-6.636,29.31785,14179,8189,0,-,2
00:32:18.941,snap,default,bin.mt.plus.canary,charging,1,40.7,50.9,100,95,1,26.12,1.31,1.96,0,4.418,-6.636,29.31785,14179,8189,0,-,2
00:32:19.941,snap,default,bin.mt.plus.canary,charging,1,40.7,50.9,100,95,1,26.12,1.31,1.96,0,4.415,-6.618,29.21847,5479,2223,0,-,2
00:32:20.943,snap,default,bin.mt.plus.canary,charging,1,40.7,50.1,100,95,1,26.12,1.31,1.96,0,4.418,-6.632,29.300177,5479,2223,0,-,2
00:32:21.942,snap,default,bin.mt.plus.canary,charging,1,40.7,50.1,100,95,1,23.01,1.07,1.6,0,4.419,-6.646,29.368675,6508,2480,0,-,2
00:32:22.943,snap,default,bin.mt.plus.canary,charging,1,40.7,51.7,100,95,1,23.01,1.07,1.6,0,4.417,-6.472,28.586823,6508,2480,0,-,2
00:32:23.945,snap,default,bin.mt.plus.canary,charging,1,40.7,51.7,100,95,1,21.2,0.88,1.31,6,4.414,-6.436,28.408504,14787,8694,0,-,2
00:32:24.946,snap,default,bin.mt.plus.canary,charging,1,40.7,50.5,100,95,1,21.2,0.88,1.31,3,4.42,-6.594,29.14548,14787,8694,0,-,2
00:32:25.946,snap,default,bin.mt.plus.canary,charging,1,40.7,49.7,100,95,1,20.07,0.72,1.07,3,4.417,-6.538,28.878345,12282,6352,0,-,2
00:32:26.948,snap,default,bin.mt.plus.canary,charging,1,40.7,50.5,100,95,1,20.07,0.72,1.07,6,4.421,-6.534,28.886814,12282,6352,0,-,2
00:32:27.949,snap,default,bin.mt.plus.canary,charging,1,40.8,53.5,100,95,1,21.69,0.77,0.88,17,4.406,-6.074,26.762045,34541,17809,0,-,2
00:32:28.949,snap,default,me.weishu.kernelsu,charging,1,40.8,56.5,100,95,1,21.69,0.77,0.88,31,4.413,-6.052,26.707478,34541,17809,0,-,2
00:32:29.950,snap,default,me.weishu.kernelsu,charging,1,40.8,56.8,100,95,1,23.56,0.81,0.72,31,4.421,-6.38,28.20598,22702,12217,0,-,2
00:32:30.950,snap,default,me.weishu.kernelsu,charging,1,40.8,59.8,100,95,1,23.56,0.81,0.72,22,4.409,-6.06,26.71854,22702,12217,0,-,2
00:32:31.950,snap,default,me.weishu.kernelsu,charging,1,40.8,61.1,100,95,1,24.91,0.84,1.49,14,4.405,-6.068,26.72954,29383,16626,0,-,2
